machine,core,Kernel                      ,Kernel                      ,Basic_DAXPY                 ,Basic_DAXPY_ATOMIC          ,Basic_IF_QUAD               ,Basic_INDEXLIST             ,Basic_INDEXLIST_3LOOP       ,Basic_INIT3                 ,Basic_INIT_VIEW1D           ,Basic_INIT_VIEW1D_OFFSET    ,Basic_MAT_MAT_SHARED        ,Basic_MULADDSUB             ,Basic_NESTED_INIT           ,Basic_PI_ATOMIC             ,Basic_PI_REDUCE             ,Basic_REDUCE3_INT           ,Basic_REDUCE_STRUCT         ,Basic_TRAP_INT              ,Lcals_DIFF_PREDICT          ,Lcals_EOS                   ,Lcals_FIRST_DIFF            ,Lcals_FIRST_MIN             ,Lcals_FIRST_SUM             ,Lcals_GEN_LIN_RECUR         ,Lcals_HYDRO_1D              ,Lcals_HYDRO_2D              ,Lcals_INT_PREDICT           ,Lcals_PLANCKIAN             ,Lcals_TRIDIAG_ELIM          ,Polybench_2MM               ,Polybench_3MM               ,Polybench_ADI               ,Polybench_ATAX              ,Polybench_FDTD_2D           ,Polybench_FLOYD_WARSHALL    ,Polybench_GEMM              ,Polybench_GEMVER            ,Polybench_GESUMMV           ,Polybench_HEAT_3D           ,Polybench_JACOBI_1D         ,Polybench_JACOBI_2D         ,Polybench_MVT               ,Stream_ADD                  ,Stream_COPY                 ,Stream_DOT                  ,Stream_MUL                  ,Stream_TRIAD                ,Apps_CONVECTION3DPA         ,Apps_DEL_DOT_VEC_2D         ,Apps_DIFFUSION3DPA          ,Apps_ENERGY                 ,Apps_FIR                    ,Apps_HALOEXCHANGE           ,Apps_HALOEXCHANGE_FUSED     ,Apps_LTIMES                 ,Apps_LTIMES_NOVIEW          ,Apps_MASS3DPA               ,Apps_NODAL_ACCUMULATION_3D  ,Apps_PRESSURE               ,Apps_VOL3D                  ,Algorithm_SCAN              ,Algorithm_SORT              ,Algorithm_SORTPAIRS         ,Algorithm_REDUCE_SUM        ,Algorithm_MEMSET            ,Algorithm_MEMCPY            
boraxo,72, Base_OpenMP , default     ,    0.007175 ,    0.039634 ,    0.006112 ,    0.004188 ,    0.005139 ,    0.010045 ,    0.036020 ,    0.033851 ,    0.012363 ,    0.007191 ,    0.014518 ,    2.817070 ,    0.001533 ,    0.002824 ,    0.002960 ,    0.001899 ,    0.012549 ,    0.008829 ,    0.028109 ,    0.006323 ,    0.028151 ,    0.095916 ,    0.015169 ,    0.011426 ,    0.016673 ,    0.001478 ,    0.014828 ,    0.112057 ,    0.209474 ,    0.004364 ,    0.012664 ,    0.019670 ,    0.078086 ,    0.216793 ,    0.004376 ,    0.004693 ,    0.017914 ,    0.047488 ,    0.065643 ,    0.002200 ,    0.014568 ,    0.024713 ,    0.036763 ,    0.024750 ,    0.014325 ,    0.001844 ,    0.008775 ,    0.005213 ,    0.014877 ,    0.006266 ,    0.085102 ,    0.221291 ,    0.008715 ,    0.009808 ,    0.001958 ,    0.051213 ,    0.012950 ,    0.012495 ,    0.002362 ,     Not run ,     Not run ,    0.001046 ,    0.001464 ,    0.001540 
boraxo,36, Base_OpenMP , default     ,    0.006009 ,    0.070551 ,    0.009131 ,    0.006325 ,    0.004837 ,    0.014096 ,    0.028787 ,    0.025190 ,    0.014202 ,    0.009797 ,    0.011149 ,    2.223407 ,    0.001295 ,    0.001320 ,    0.001512 ,    0.002151 ,    0.019563 ,    0.010373 ,    0.022872 ,    0.003844 ,    0.023057 ,    0.090196 ,    0.013838 ,    0.022208 ,    0.026598 ,    0.002125 ,    0.017024 ,    0.218940 ,    0.412652 ,    0.006500 ,    0.009376 ,    0.016867 ,    0.064307 ,    0.426454 ,    0.004205 ,    0.001450 ,    0.022653 ,    0.041691 ,    0.068420 ,    0.002525 ,    0.012790 ,    0.019074 ,    0.024148 ,    0.019176 ,    0.012714 ,    0.002782 ,    0.015489 ,    0.009354 ,    0.027715 ,    0.009852 ,    0.057459 ,    0.079057 ,    0.014610 ,    0.016360 ,    0.002672 ,    0.100587 ,    0.017606 ,    0.023006 ,    0.002604 ,     Not run ,     Not run ,    0.000731 ,    0.001099 ,    0.001225 
boraxo,32, Base_OpenMP , default     ,    0.005814 ,    0.078304 ,    0.009808 ,    0.006868 ,    0.004755 ,    0.015347 ,    0.026502 ,    0.022666 ,    0.014593 ,    0.010815 ,    0.010202 ,    2.259672 ,    0.001493 ,    0.000971 ,    0.001212 ,    0.002540 ,    0.022284 ,    0.010807 ,    0.021663 ,    0.003478 ,    0.021896 ,    0.059557 ,    0.013913 ,    0.023770 ,    0.029448 ,    0.002250 ,    0.017849 ,    0.248661 ,    0.462987 ,    0.007110 ,    0.011303 ,    0.016797 ,    0.061069 ,    0.482294 ,    0.004672 ,    0.004972 ,    0.022051 ,    0.040134 ,    0.068689 ,    0.002644 ,    0.012425 ,    0.017469 ,    0.022610 ,    0.017641 ,    0.012479 ,    0.002943 ,    0.017174 ,    0.010280 ,    0.032089 ,    0.010726 ,    0.045674 ,    0.072053 ,    0.016604 ,    0.018365 ,    0.002821 ,    0.112779 ,    0.019438 ,    0.025618 ,    0.002579 ,     Not run ,     Not run ,    0.000648 ,    0.001018 ,    0.001119 
boraxo,18, Base_OpenMP , default     ,    0.004665 ,    0.066376 ,    0.008812 ,    0.009133 ,    0.004326 ,    0.016412 ,    0.021237 ,    0.018184 ,    0.012497 ,    0.010878 ,    0.008263 ,    1.126569 ,    0.001350 ,    0.000672 ,    0.000973 ,    0.002033 ,    0.020784 ,    0.009224 ,    0.018405 ,    0.003700 ,    0.018248 ,    0.089938 ,    0.011667 ,    0.020372 ,    0.026229 ,    0.002320 ,    0.013904 ,    0.053318 ,    0.088704 ,    0.009790 ,    0.017530 ,    0.012726 ,    0.052658 ,    0.068548 ,    0.005067 ,    0.005669 ,    0.018087 ,    0.033750 ,    0.057063 ,    0.002371 ,    0.010461 ,    0.014461 ,    0.021924 ,    0.014987 ,    0.010615 ,    0.002732 ,    0.016413 ,    0.009533 ,    0.027901 ,    0.009477 ,    0.033600 ,    0.038954 ,    0.021421 ,    0.021443 ,    0.002597 ,    0.088440 ,    0.017272 ,    0.024244 ,    0.003419 ,     Not run ,     Not run ,    0.000582 ,    0.000798 ,    0.000965 
boraxo,16, Base_OpenMP , default     ,    0.004873 ,    0.074321 ,    0.009760 ,    0.010149 ,    0.004534 ,    0.019122 ,    0.021624 ,    0.018344 ,    0.012644 ,    0.012770 ,    0.008117 ,    1.147366 ,    0.001044 ,    0.000580 ,    0.000905 ,    0.002423 ,    0.023485 ,    0.010749 ,    0.019540 ,    0.003823 ,    0.019493 ,    0.084274 ,    0.012961 ,    0.025340 ,    0.029579 ,    0.002585 ,    0.015861 ,    0.060212 ,    0.099403 ,    0.011030 ,    0.011382 ,    0.013947 ,    0.055370 ,    0.077132 ,    0.005631 ,    0.006465 ,    0.018890 ,    0.036842 ,    0.061523 ,    0.002657 ,    0.011917 ,    0.014484 ,    0.021604 ,    0.014803 ,    0.011752 ,    0.003029 ,    0.019323 ,    0.010983 ,    0.033004 ,    0.010500 ,    0.027631 ,    0.030388 ,    0.024639 ,    0.025089 ,    0.002876 ,    0.099347 ,    0.019756 ,    0.029952 ,    0.003649 ,     Not run ,     Not run ,    0.000591 ,    0.000868 ,    0.000956 
boraxo,8, Base_OpenMP , default     ,    0.007481 ,    0.146290 ,    0.018094 ,    0.019820 ,    0.007286 ,    0.032019 ,    0.030922 ,    0.022564 ,    0.020153 ,    0.022335 ,    0.011174 ,    0.929316 ,    0.001563 ,    0.000439 ,    0.000894 ,    0.003631 ,    0.053119 ,    0.024124 ,    0.032013 ,    0.005839 ,    0.033386 ,    0.053235 ,    0.031659 ,    0.048107 ,    0.069798 ,    0.004548 ,    0.048483 ,    0.118493 ,    0.197089 ,    0.017868 ,    0.004722 ,    0.023901 ,    0.088882 ,    0.152033 ,    0.002205 ,    0.001992 ,    0.027879 ,    0.060822 ,    0.104590 ,    0.004275 ,    0.030792 ,    0.024967 ,    0.032278 ,    0.025504 ,    0.030831 ,    0.005343 ,    0.036558 ,    0.021025 ,    0.080647 ,    0.020060 ,    0.014981 ,    0.005782 ,    0.047158 ,    0.047237 ,    0.005129 ,    0.197675 ,    0.048369 ,    0.053703 ,    0.006512 ,     Not run ,     Not run ,    0.000813 ,    0.000853 ,    0.001525 
boraxo,4, Base_OpenMP , default     ,    0.022518 ,    0.289654 ,    0.035386 ,    0.041172 ,    0.016322 ,    0.061017 ,    0.056573 ,    0.044958 ,    0.039002 ,    0.042712 ,    0.022200 ,    0.955425 ,    0.002925 ,    0.000651 ,    0.002310 ,    0.007053 ,    0.094475 ,    0.045783 ,    0.092337 ,    0.011247 ,    0.092448 ,    0.102054 ,    0.068757 ,    0.102043 ,    0.129735 ,    0.009022 ,    0.091923 ,    0.236128 ,    0.392331 ,    0.035314 ,    0.009521 ,    0.052584 ,    0.223437 ,    0.303497 ,    0.003031 ,    0.005521 ,    0.058426 ,    0.147818 ,    0.210294 ,    0.008904 ,    0.068584 ,    0.081935 ,    0.090969 ,    0.082244 ,    0.068670 ,    0.010453 ,    0.072422 ,    0.042481 ,    0.151134 ,    0.039837 ,    0.017437 ,    0.006761 ,    0.092376 ,    0.092509 ,    0.010132 ,    0.394824 ,    0.098024 ,    0.112705 ,    0.013351 ,     Not run ,     Not run ,    0.001483 ,    0.001847 ,    0.004576 
boraxo,72, Base_OpenMP , default     ,    0.006649 ,    0.039299 ,    0.006008 ,    0.004151 ,    0.004998 ,    0.009871 ,    0.034019 ,    0.032642 ,    0.012173 ,    0.006968 ,    0.013681 ,    2.889601 ,    0.001598 ,    0.002823 ,    0.003005 ,    0.002089 ,    0.011476 ,    0.008677 ,    0.026362 ,    0.006419 ,    0.026640 ,    0.096289 ,    0.014597 ,    0.011416 ,    0.016770 ,    0.001687 ,    0.014477 ,    0.111300 ,    0.207371 ,    0.004317 ,    0.013980 ,    0.020065 ,    0.075861 ,    0.215551 ,    0.004196 ,    0.004073 ,    0.019313 ,    0.045323 ,    0.063755 ,    0.002126 ,    0.013889 ,    0.023271 ,    0.034956 ,    0.023166 ,    0.013588 ,    0.002337 ,    0.008864 ,    0.005550 ,    0.014929 ,    0.006193 ,    0.084351 ,    0.210322 ,    0.008840 ,    0.009600 ,    0.002366 ,    0.051193 ,    0.012974 ,    0.012399 ,    0.002356 ,     Not run ,     Not run ,    0.001000 ,    0.001419 ,    0.001489 
boraxo,36, Base_OpenMP , default     ,    0.006042 ,    0.070526 ,    0.009211 ,    0.006313 ,    0.004871 ,    0.014164 ,    0.028785 ,    0.025297 ,    0.014645 ,    0.010145 ,    0.011072 ,    2.420001 ,    0.001469 ,    0.001275 ,    0.001525 ,    0.002325 ,    0.019759 ,    0.010597 ,    0.022966 ,    0.003812 ,    0.023251 ,    0.090349 ,    0.014134 ,    0.022249 ,    0.026623 ,    0.002130 ,    0.015813 ,    0.219699 ,    0.409990 ,    0.006485 ,    0.011517 ,    0.017497 ,    0.065577 ,    0.427242 ,    0.004091 ,    0.005156 ,    0.022794 ,    0.041882 ,    0.069204 ,    0.002637 ,    0.013198 ,    0.019077 ,    0.024630 ,    0.019297 ,    0.013249 ,    0.002766 ,    0.015564 ,    0.009344 ,    0.027708 ,    0.009883 ,    0.058028 ,    0.079065 ,    0.014605 ,    0.016134 ,    0.002742 ,    0.100614 ,    0.017934 ,    0.022998 ,    0.002594 ,     Not run ,     Not run ,    0.000715 ,    0.001113 ,    0.001234 
boraxo,32, Base_OpenMP , default     ,    0.005799 ,    0.078223 ,    0.009803 ,    0.006840 ,    0.004748 ,    0.015631 ,    0.026506 ,    0.022611 ,    0.014517 ,    0.010665 ,    0.010041 ,    2.344386 ,    0.001589 ,    0.000940 ,    0.001133 ,    0.002464 ,    0.021725 ,    0.010657 ,    0.021065 ,    0.003365 ,    0.021618 ,    0.059420 ,    0.013388 ,    0.023401 ,    0.029421 ,    0.002238 ,    0.017902 ,    0.248626 ,    0.464282 ,    0.007148 ,    0.011916 ,    0.016895 ,    0.061408 ,    0.482367 ,    0.004675 ,    0.003811 ,    0.022073 ,    0.039867 ,    0.068505 ,    0.002637 ,    0.012763 ,    0.017414 ,    0.022561 ,    0.017450 ,    0.012821 ,    0.002875 ,    0.017198 ,    0.010285 ,    0.031742 ,    0.010744 ,    0.044063 ,    0.067498 ,    0.016627 ,    0.018368 ,    0.002889 ,    0.112828 ,    0.019487 ,    0.025584 ,    0.002553 ,     Not run ,     Not run ,    0.000630 ,    0.001127 ,    0.001129 
boraxo,18, Base_OpenMP , default     ,    0.004587 ,    0.066329 ,    0.008478 ,    0.009119 ,    0.004239 ,    0.016202 ,    0.020200 ,    0.018041 ,    0.012637 ,    0.010687 ,    0.007970 ,    1.132921 ,    0.001300 ,    0.000674 ,    0.000958 ,    0.002492 ,    0.020707 ,    0.009150 ,    0.017569 ,    0.003712 ,    0.017690 ,    0.089692 ,    0.010867 ,    0.020129 ,    0.025611 ,    0.002293 ,    0.012804 ,    0.053285 ,    0.088768 ,    0.009810 ,    0.023875 ,    0.012429 ,    0.050862 ,    0.068226 ,    0.005617 ,    0.002313 ,    0.017597 ,    0.033027 ,    0.055337 ,    0.002482 ,    0.010072 ,    0.013669 ,    0.021959 ,    0.013722 ,    0.010111 ,    0.002716 ,    0.016405 ,    0.009528 ,    0.027645 ,    0.009420 ,    0.028974 ,    0.037700 ,    0.021502 ,    0.021427 ,    0.002562 ,    0.088424 ,    0.016628 ,    0.024195 ,    0.003421 ,     Not run ,     Not run ,    0.000603 ,    0.000798 ,    0.000941 
boraxo,16, Base_OpenMP , default     ,    0.004824 ,    0.074253 ,    0.009422 ,    0.010116 ,    0.004433 ,    0.018517 ,    0.021509 ,    0.018248 ,    0.012198 ,    0.012400 ,    0.008112 ,    1.124256 ,    0.001459 ,    0.000600 ,    0.000869 ,    0.002258 ,    0.023454 ,    0.010719 ,    0.019038 ,    0.003720 ,    0.019190 ,    0.083859 ,    0.011891 ,    0.025133 ,    0.029457 ,    0.002504 ,    0.015036 ,    0.059769 ,    0.099297 ,    0.011053 ,    0.012553 ,    0.013857 ,    0.053942 ,    0.076603 ,    0.004775 ,    0.006712 ,    0.018487 ,    0.035664 ,    0.060824 ,    0.002669 ,    0.010621 ,    0.014684 ,    0.021411 ,    0.014927 ,    0.010595 ,    0.002933 ,    0.018369 ,    0.010430 ,    0.032183 ,    0.010457 ,    0.027211 ,    0.029995 ,    0.024372 ,    0.024386 ,    0.002773 ,    0.099292 ,    0.019084 ,    0.027218 ,    0.003620 ,     Not run ,     Not run ,    0.000606 ,    0.000803 ,    0.000955 
boraxo,8, Base_OpenMP , default     ,    0.007559 ,    0.146261 ,    0.017891 ,    0.019723 ,    0.007299 ,    0.031690 ,    0.030536 ,    0.022388 ,    0.020294 ,    0.022189 ,    0.011194 ,    0.921776 ,    0.001572 ,    0.000441 ,    0.000899 ,    0.003638 ,    0.053456 ,    0.024265 ,    0.030200 ,    0.005832 ,    0.032172 ,    0.053197 ,    0.032167 ,    0.048246 ,    0.070161 ,    0.004501 ,    0.048408 ,    0.118496 ,    0.197101 ,    0.017879 ,    0.005845 ,    0.023928 ,    0.087032 ,    0.152102 ,    0.002385 ,    0.002034 ,    0.028416 ,    0.062132 ,    0.104712 ,    0.004260 ,    0.030631 ,    0.027550 ,    0.033089 ,    0.028208 ,    0.030716 ,    0.005389 ,    0.036639 ,    0.021150 ,    0.080687 ,    0.020091 ,    0.014872 ,    0.005753 ,    0.047177 ,    0.047083 ,    0.005104 ,    0.197746 ,    0.047316 ,    0.053735 ,    0.006522 ,     Not run ,     Not run ,    0.000816 ,    0.000841 ,    0.001506 
boraxo,4, Base_OpenMP , default     ,    0.022862 ,    0.289276 ,    0.035602 ,    0.041158 ,    0.016368 ,    0.061894 ,    0.056581 ,    0.044696 ,    0.039151 ,    0.043349 ,    0.022231 ,    0.947320 ,    0.002916 ,    0.000649 ,    0.002330 ,    0.007009 ,    0.093907 ,    0.046079 ,    0.091536 ,    0.011234 ,    0.091612 ,    0.102269 ,    0.069029 ,    0.094212 ,    0.128986 ,    0.008964 ,    0.092265 ,    0.236750 ,    0.392362 ,    0.035329 ,    0.009560 ,    0.052561 ,    0.222286 ,    0.304413 ,    0.003165 ,    0.005473 ,    0.058365 ,    0.147887 ,    0.209693 ,    0.008918 ,    0.068542 ,    0.082905 ,    0.091992 ,    0.082958 ,    0.068734 ,    0.010519 ,    0.072607 ,    0.042904 ,    0.150448 ,    0.039867 ,    0.016779 ,    0.006755 ,    0.092362 ,    0.092408 ,    0.010124 ,    0.394788 ,    0.097551 ,    0.113036 ,    0.013395 ,     Not run ,     Not run ,    0.001496 ,    0.001822 ,    0.004614 
boraxo,72, Base_OpenMP , default     ,    0.006774 ,    0.039433 ,    0.006063 ,    0.004147 ,    0.005071 ,    0.010084 ,    0.034425 ,    0.032914 ,    0.012689 ,    0.006993 ,    0.013697 ,    2.648716 ,    0.001520 ,    0.002685 ,    0.002987 ,    0.002082 ,    0.011577 ,    0.008691 ,    0.026926 ,    0.006306 ,    0.026918 ,    0.097665 ,    0.014824 ,    0.011438 ,    0.016692 ,    0.001509 ,    0.014704 ,    0.111558 ,    0.208396 ,    0.004332 ,    0.014489 ,    0.019934 ,    0.077734 ,    0.215538 ,    0.004309 ,    0.003260 ,    0.018154 ,    0.046051 ,    0.064739 ,    0.002145 ,    0.014069 ,    0.024006 ,    0.035499 ,    0.023857 ,    0.013940 ,    0.002194 ,    0.008871 ,    0.005420 ,    0.014926 ,    0.006232 ,    0.084110 ,    0.220190 ,    0.008736 ,    0.009668 ,    0.002192 ,    0.051239 ,    0.013140 ,    0.012594 ,    0.002330 ,     Not run ,     Not run ,    0.000991 ,    0.001391 ,    0.001503 
boraxo,36, Base_OpenMP , default     ,    0.006046 ,    0.070563 ,    0.009523 ,    0.006328 ,    0.004860 ,    0.014604 ,    0.028654 ,    0.025020 ,    0.015587 ,    0.009964 ,    0.011219 ,    2.306987 ,    0.001467 ,    0.001294 ,    0.001518 ,    0.002297 ,    0.019506 ,    0.010481 ,    0.022951 ,    0.003784 ,    0.023329 ,    0.090689 ,    0.013878 ,    0.022334 ,    0.026487 ,    0.002689 ,    0.015560 ,    0.218622 ,    0.410868 ,    0.006446 ,    0.012115 ,    0.017418 ,    0.065667 ,    0.427284 ,    0.004069 ,    0.005032 ,    0.022859 ,    0.041629 ,    0.068985 ,    0.002547 ,    0.013006 ,    0.018900 ,    0.026290 ,    0.019547 ,    0.012925 ,    0.002723 ,    0.015570 ,    0.009345 ,    0.027586 ,    0.009880 ,    0.057727 ,    0.079352 ,    0.014631 ,    0.016144 ,    0.002625 ,    0.100614 ,    0.017996 ,    0.023008 ,    0.002592 ,     Not run ,     Not run ,    0.000737 ,    0.001139 ,    0.001246 
boraxo,32, Base_OpenMP , default     ,    0.005788 ,    0.078273 ,    0.010185 ,    0.006863 ,    0.004759 ,    0.015404 ,    0.026581 ,    0.022682 ,    0.014612 ,    0.010936 ,    0.010067 ,    2.077633 ,    0.001228 ,    0.000936 ,    0.001160 ,    0.002517 ,    0.021737 ,    0.010597 ,    0.021214 ,    0.003460 ,    0.021549 ,    0.059405 ,    0.013334 ,    0.023664 ,    0.029515 ,    0.002266 ,    0.017642 ,    0.249166 ,    0.464775 ,    0.007162 ,    0.010166 ,    0.016877 ,    0.061078 ,    0.481224 ,    0.004718 ,    0.003709 ,    0.022324 ,    0.039673 ,    0.068245 ,    0.002622 ,    0.013060 ,    0.017311 ,    0.023435 ,    0.017397 ,    0.013188 ,    0.002895 ,    0.017175 ,    0.010235 ,    0.031854 ,    0.010746 ,    0.044614 ,    0.068227 ,    0.016694 ,    0.018402 ,    0.002850 ,    0.112808 ,    0.019298 ,    0.025609 ,    0.002561 ,     Not run ,     Not run ,    0.000657 ,    0.001001 ,    0.001111 
boraxo,18, Base_OpenMP , default     ,    0.004609 ,    0.066307 ,    0.008959 ,    0.009128 ,    0.004275 ,    0.015947 ,    0.020213 ,    0.017646 ,    0.012499 ,    0.010764 ,    0.008164 ,    1.228867 ,    0.001362 ,    0.000677 ,    0.000943 ,    0.002090 ,    0.020708 ,    0.009073 ,    0.017791 ,    0.003667 ,    0.017683 ,    0.089575 ,    0.010969 ,    0.021867 ,    0.025576 ,    0.002393 ,    0.012188 ,    0.053853 ,    0.088537 ,    0.009816 ,    0.025354 ,    0.012504 ,    0.051186 ,    0.068883 ,    0.005304 ,    0.001806 ,    0.017480 ,    0.032736 ,    0.055800 ,    0.002368 ,    0.009880 ,    0.013710 ,    0.022113 ,    0.014220 ,    0.009868 ,    0.002724 ,    0.016431 ,    0.009593 ,    0.027532 ,    0.009452 ,    0.029648 ,    0.037529 ,    0.022186 ,    0.021444 ,    0.002582 ,    0.088404 ,    0.016406 ,    0.026010 ,    0.003412 ,     Not run ,     Not run ,    0.000647 ,    0.000777 ,    0.000932 
boraxo,16, Base_OpenMP , default     ,    0.004778 ,    0.074248 ,    0.009819 ,    0.010133 ,    0.004418 ,    0.018731 ,    0.021392 ,    0.018509 ,    0.012084 ,    0.012301 ,    0.008074 ,    1.110752 ,    0.001054 ,    0.000613 ,    0.000918 ,    0.002499 ,    0.023479 ,    0.010246 ,    0.019175 ,    0.003826 ,    0.018930 ,    0.083754 ,    0.011750 ,    0.022962 ,    0.029076 ,    0.002591 ,    0.014450 ,    0.059970 ,    0.099298 ,    0.011076 ,    0.015018 ,    0.013630 ,    0.053936 ,    0.077058 ,    0.005134 ,    0.008816 ,    0.018395 ,    0.035889 ,    0.060455 ,    0.002555 ,    0.010670 ,    0.014093 ,    0.021268 ,    0.014410 ,    0.010736 ,    0.002924 ,    0.018389 ,    0.010448 ,    0.031973 ,    0.010512 ,    0.027438 ,    0.030659 ,    0.024416 ,    0.024430 ,    0.002803 ,    0.099346 ,    0.018919 ,    0.029099 ,    0.003615 ,     Not run ,     Not run ,    0.000730 ,    0.000791 ,    0.000943 
boraxo,8, Base_OpenMP , default     ,    0.007307 ,    0.146190 ,    0.017859 ,    0.019770 ,    0.007352 ,    0.031526 ,    0.030677 ,    0.022508 ,    0.020199 ,    0.021868 ,    0.011223 ,    0.944997 ,    0.001549 ,    0.000439 ,    0.000915 ,    0.003598 ,    0.052998 ,    0.024364 ,    0.029769 ,    0.005846 ,    0.032431 ,    0.052788 ,    0.031503 ,    0.050089 ,    0.069641 ,    0.004501 ,    0.047746 ,    0.118497 ,    0.196983 ,    0.017888 ,    0.005622 ,    0.024030 ,    0.089596 ,    0.152141 ,    0.002357 ,    0.002016 ,    0.028067 ,    0.060839 ,    0.104175 ,    0.004218 ,    0.031693 ,    0.025367 ,    0.032118 ,    0.024752 ,    0.031664 ,    0.005341 ,    0.036686 ,    0.021078 ,    0.080691 ,    0.020111 ,    0.015479 ,    0.005781 ,    0.046946 ,    0.047124 ,    0.005091 ,    0.197728 ,    0.048044 ,    0.053751 ,    0.006536 ,     Not run ,     Not run ,    0.000818 ,    0.000839 ,    0.001543 
boraxo,4, Base_OpenMP , default     ,    0.022967 ,    0.289584 ,    0.035693 ,    0.041072 ,    0.016133 ,    0.061675 ,    0.056692 ,    0.044593 ,    0.039136 ,    0.042926 ,    0.022150 ,    0.975772 ,    0.002919 ,    0.000648 ,    0.002311 ,    0.006995 ,    0.093933 ,    0.045933 ,    0.091957 ,    0.011253 ,    0.092143 ,    0.101879 ,    0.068933 ,    0.094086 ,    0.129160 ,    0.008903 ,    0.091889 ,    0.236194 ,    0.392278 ,    0.035301 ,    0.009554 ,    0.052463 ,    0.222059 ,    0.303763 ,    0.003001 ,    0.005486 ,    0.058244 ,    0.148738 ,    0.210238 ,    0.008917 ,    0.068631 ,    0.083216 ,    0.092607 ,    0.083285 ,    0.068717 ,    0.010526 ,    0.072637 ,    0.043685 ,    0.150062 ,    0.039895 ,    0.017893 ,    0.006755 ,    0.092303 ,    0.092426 ,    0.010101 ,    0.394819 ,    0.097369 ,    0.107146 ,    0.013380 ,     Not run ,     Not run ,    0.001483 ,    0.001853 ,    0.004599 
catalyst,48, Base_OpenMP , default     ,    0.008033 ,    0.049010 ,    0.014955 ,    0.005031 ,    0.008098 ,    0.018229 ,    0.040492 ,    0.040428 ,    0.025613 ,    0.012989 ,    0.018115 ,    1.211304 ,    0.003344 ,    0.001484 ,    0.001778 ,    0.005931 ,    0.017949 ,    0.014056 ,    0.031564 ,    0.004073 ,    0.031762 ,    0.125123 ,    0.020057 ,    0.023261 ,    0.019441 ,    0.009868 ,    0.022810 ,    0.347613 ,    0.560866 ,    0.007188 ,    0.015167 ,    0.022232 ,    0.089194 ,    0.458395 ,    0.009834 ,    0.004153 ,    0.033418 ,    0.052509 ,    0.085632 ,    0.010653 ,    0.019593 ,    0.027086 ,    0.032749 ,    0.027074 ,    0.019569 ,    0.003634 ,    0.015929 ,    0.009914 ,    0.027597 ,    0.011090 ,    0.066482 ,    0.071314 ,    0.012861 ,    0.012935 ,    0.003526 ,    0.069915 ,    0.022700 ,    0.022063 ,    0.002374 ,     Not run ,     Not run ,    0.000725 ,    0.001254 ,    0.001642 
catalyst,24, Base_OpenMP , default     ,    0.010722 ,    0.090922 ,    0.027138 ,    0.008488 ,    0.012205 ,    0.029371 ,    0.051099 ,    0.051143 ,    0.022779 ,    0.020844 ,    0.024063 ,    1.038827 ,    0.005709 ,    0.000864 ,    0.001293 ,    0.010980 ,    0.029270 ,    0.021759 ,    0.042031 ,    0.003588 ,    0.041870 ,    0.107394 ,    0.026511 ,    0.043128 ,    0.032057 ,    0.018785 ,    0.031788 ,    0.703514 ,    1.118740 ,    0.012647 ,    0.022790 ,    0.027033 ,    0.118644 ,    0.913465 ,    0.006606 ,    0.003307 ,    0.035935 ,    0.068869 ,    0.121641 ,    0.020063 ,    0.025781 ,    0.036181 ,    0.035473 ,    0.036422 ,    0.025889 ,    0.005669 ,    0.029782 ,    0.018210 ,    0.049685 ,    0.019970 ,    0.034495 ,    0.031102 ,    0.023363 ,    0.023416 ,    0.005659 ,    0.137218 ,    0.035769 ,    0.040956 ,    0.003410 ,     Not run ,     Not run ,    0.000683 ,    0.001325 ,    0.002174 
catalyst,16, Base_OpenMP , default     ,    0.013861 ,    0.133667 ,    0.039194 ,    0.012058 ,    0.016891 ,    0.039135 ,    0.065778 ,    0.065861 ,    0.029151 ,    0.028633 ,    0.028426 ,    1.274263 ,    0.008273 ,    0.000634 ,    0.001289 ,    0.016165 ,    0.044376 ,    0.029170 ,    0.054864 ,    0.003983 ,    0.055129 ,    0.062716 ,    0.035646 ,    0.063533 ,    0.053262 ,    0.027962 ,    0.043634 ,    1.032451 ,    1.664474 ,    0.017449 ,    0.031608 ,    0.034776 ,    0.154506 ,    1.357415 ,    0.008794 ,    0.003382 ,    0.043557 ,    0.091337 ,    0.162512 ,    0.029784 ,    0.034738 ,    0.047372 ,    0.043950 ,    0.047598 ,    0.034774 ,    0.008054 ,    0.044070 ,    0.026378 ,    0.078316 ,    0.029128 ,    0.027590 ,    0.023505 ,    0.033906 ,    0.033975 ,    0.008139 ,    0.209968 ,    0.048029 ,    0.060849 ,    0.004573 ,     Not run ,     Not run ,    0.000767 ,    0.001783 ,    0.002706 
catalyst,12, Base_OpenMP , default     ,    0.010195 ,    0.084499 ,    0.027898 ,    0.012497 ,    0.016457 ,    0.036604 ,    0.046204 ,    0.046139 ,    0.023045 ,    0.026520 ,    0.021414 ,    0.773708 ,    0.005541 ,    0.000546 ,    0.001126 ,    0.010777 ,    0.032681 ,    0.023906 ,    0.040224 ,    0.003632 ,    0.040307 ,    0.108381 ,    0.026108 ,    0.043658 ,    0.034085 ,    0.025786 ,    0.030902 ,    0.702857 ,    1.120954 ,    0.016920 ,    0.021762 ,    0.024766 ,    0.109092 ,    0.928762 ,    0.007527 ,    0.002617 ,    0.031995 ,    0.069547 ,    0.101557 ,    0.020311 ,    0.024603 ,    0.033700 ,    0.034187 ,    0.033780 ,    0.024706 ,    0.005677 ,    0.033643 ,    0.018961 ,    0.050424 ,    0.021375 ,    0.023213 ,    0.013403 ,    0.029712 ,    0.029796 ,    0.005836 ,    0.125451 ,    0.040820 ,    0.042137 ,    0.003837 ,     Not run ,     Not run ,    0.000618 ,    0.001366 ,    0.002041 
catalyst,8, Base_OpenMP , default     ,    0.014144 ,    0.125399 ,    0.040901 ,    0.019130 ,    0.023916 ,    0.043038 ,    0.063068 ,    0.063554 ,    0.033783 ,    0.029628 ,    0.028645 ,    0.946047 ,    0.008620 ,    0.000629 ,    0.001419 ,    0.016975 ,    0.058807 ,    0.031470 ,    0.054616 ,    0.004615 ,    0.054609 ,    0.094295 ,    0.036541 ,    0.067244 ,    0.075974 ,    0.038461 ,    0.043614 ,    1.051593 ,    1.679484 ,    0.025344 ,    0.031450 ,    0.034244 ,    0.152316 ,    1.390827 ,    0.008524 ,    0.003338 ,    0.044465 ,    0.095493 ,    0.143509 ,    0.030935 ,    0.034264 ,    0.046400 ,    0.046153 ,    0.046238 ,    0.034206 ,    0.008548 ,    0.050145 ,    0.028454 ,    0.098471 ,    0.031732 ,    0.016749 ,    0.007312 ,    0.044858 ,    0.044705 ,    0.008842 ,    0.188070 ,    0.048387 ,    0.063239 ,    0.005834 ,     Not run ,     Not run ,    0.000766 ,    0.001867 ,    0.002929 
catalyst,4, Base_OpenMP , default     ,    0.025577 ,    0.243642 ,    0.078961 ,    0.034867 ,    0.044642 ,    0.082481 ,    0.114251 ,    0.114135 ,    0.060724 ,    0.057183 ,    0.051633 ,    0.678170 ,    0.015425 ,    0.000875 ,    0.002315 ,    0.030926 ,    0.183625 ,    0.059950 ,    0.101255 ,    0.008572 ,    0.103181 ,    0.132367 ,    0.069191 ,    0.132810 ,    0.206314 ,    0.075074 ,    0.082488 ,    2.077724 ,    3.349291 ,    0.041030 ,    0.059987 ,    0.062182 ,    0.279901 ,    2.741957 ,    0.013669 ,    0.005957 ,    0.083902 ,    0.178179 ,    0.264802 ,    0.058883 ,    0.064233 ,    0.086103 ,    0.082404 ,    0.085567 ,    0.064410 ,    0.015694 ,    0.098298 ,    0.056483 ,    0.207368 ,    0.062864 ,    0.011129 ,    0.005597 ,    0.085659 ,    0.084673 ,    0.016158 ,    0.366537 ,    0.093668 ,    0.122690 ,    0.010187 ,     Not run ,     Not run ,    0.001137 ,    0.002939 ,    0.004790 
catalyst,48, Base_OpenMP , default     ,    0.008074 ,    0.049219 ,    0.014958 ,    0.005034 ,    0.008007 ,    0.018299 ,    0.040479 ,    0.040151 ,    0.025896 ,    0.013056 ,    0.018125 ,    1.400967 ,    0.003346 ,    0.001510 ,    0.001691 ,    0.005924 ,    0.017736 ,    0.014148 ,    0.031828 ,    0.003934 ,    0.031950 ,    0.124544 ,    0.019594 ,    0.023236 ,    0.019494 ,    0.009885 ,    0.022803 ,    0.346842 ,    0.559404 ,    0.007164 ,    0.015231 ,    0.021850 ,    0.087670 ,    0.476496 ,    0.005760 ,    0.004245 ,    0.033460 ,    0.051803 ,    0.085412 ,    0.010738 ,    0.019450 ,    0.026364 ,    0.032884 ,    0.026601 ,    0.019480 ,    0.003639 ,    0.015932 ,    0.009875 ,    0.035655 ,    0.011015 ,    0.065839 ,    0.072593 ,    0.012862 ,    0.012948 ,    0.003552 ,    0.069612 ,    0.022704 ,    0.021340 ,    0.002390 ,     Not run ,     Not run ,    0.000772 ,    0.001256 ,    0.001616 
catalyst,24, Base_OpenMP , default     ,    0.010777 ,    0.090935 ,    0.027137 ,    0.008470 ,    0.012310 ,    0.029261 ,    0.051420 ,    0.051634 ,    0.022706 ,    0.020783 ,    0.024233 ,    0.986554 ,    0.005699 ,    0.000859 ,    0.001314 ,    0.010974 ,    0.029386 ,    0.021744 ,    0.042180 ,    0.003625 ,    0.042099 ,    0.107766 ,    0.026709 ,    0.043079 ,    0.032182 ,    0.018775 ,    0.031800 ,    0.690286 ,    1.118506 ,    0.012609 ,    0.022846 ,    0.027239 ,    0.119282 ,    0.913211 ,    0.006617 ,    0.003311 ,    0.035837 ,    0.069337 ,    0.122108 ,    0.020069 ,    0.026084 ,    0.036573 ,    0.035569 ,    0.036786 ,    0.026086 ,    0.005714 ,    0.029900 ,    0.017898 ,    0.049969 ,    0.020003 ,    0.035635 ,    0.033045 ,    0.023348 ,    0.023411 ,    0.005660 ,    0.137180 ,    0.035825 ,    0.040942 ,    0.003451 ,     Not run ,     Not run ,    0.000673 ,    0.001348 ,    0.002180 
catalyst,16, Base_OpenMP , default     ,    0.013805 ,    0.133659 ,    0.039140 ,    0.012054 ,    0.016873 ,    0.038966 ,    0.065850 ,    0.065832 ,    0.029449 ,    0.028479 ,    0.028406 ,    0.954081 ,    0.008263 ,    0.000628 ,    0.001282 ,    0.016162 ,    0.044855 ,    0.029214 ,    0.054791 ,    0.003994 ,    0.054968 ,    0.062710 ,    0.035544 ,    0.063283 ,    0.054059 ,    0.027920 ,    0.043673 ,    1.033645 ,    1.663884 ,    0.017376 ,    0.031574 ,    0.034669 ,    0.154364 ,    1.359393 ,    0.008993 ,    0.003367 ,    0.043286 ,    0.089831 ,    0.162489 ,    0.029960 ,    0.034443 ,    0.047149 ,    0.043410 ,    0.047282 ,    0.034472 ,    0.008122 ,    0.044055 ,    0.026295 ,    0.078025 ,    0.029218 ,    0.028441 ,    0.024424 ,    0.033915 ,    0.033980 ,    0.008145 ,    0.209627 ,    0.047758 ,    0.060778 ,    0.004546 ,     Not run ,     Not run ,    0.000746 ,    0.001778 ,    0.002709 
catalyst,12, Base_OpenMP , default     ,    0.010195 ,    0.084460 ,    0.028372 ,    0.012467 ,    0.016116 ,    0.036618 ,    0.046110 ,    0.046177 ,    0.022767 ,    0.026506 ,    0.021185 ,    0.835361 ,    0.005523 ,    0.000567 ,    0.001155 ,    0.010718 ,    0.032445 ,    0.021895 ,    0.040194 ,    0.003636 ,    0.039903 ,    0.108313 ,    0.025826 ,    0.044038 ,    0.033552 ,    0.025762 ,    0.030594 ,    0.701961 ,    1.120336 ,    0.016897 ,    0.021775 ,    0.024534 ,    0.108407 ,    0.927797 ,    0.008189 ,    0.002720 ,    0.031857 ,    0.069453 ,    0.102067 ,    0.020316 ,    0.024566 ,    0.033611 ,    0.033904 ,    0.033525 ,    0.024576 ,    0.005611 ,    0.033929 ,    0.018927 ,    0.051323 ,    0.021147 ,    0.023808 ,    0.012336 ,    0.029713 ,    0.029792 ,    0.005792 ,    0.125465 ,    0.040663 ,    0.042001 ,    0.003856 ,     Not run ,     Not run ,    0.000612 ,    0.001153 ,    0.002015 
catalyst,8, Base_OpenMP , default     ,    0.013915 ,    0.125273 ,    0.039024 ,    0.018730 ,    0.024428 ,    0.042018 ,    0.063101 ,    0.062950 ,    0.033710 ,    0.029424 ,    0.028609 ,    0.850246 ,    0.008718 ,    0.000611 ,    0.001422 ,    0.016922 ,    0.058391 ,    0.031474 ,    0.053956 ,    0.004696 ,    0.054286 ,    0.092900 ,    0.036290 ,    0.067701 ,    0.075354 ,    0.038471 ,    0.042962 ,    1.055768 ,    1.680813 ,    0.025529 ,    0.031539 ,    0.034118 ,    0.150782 ,    1.391363 ,    0.008434 ,    0.003204 ,    0.044443 ,    0.094921 ,    0.142496 ,    0.030962 ,    0.034250 ,    0.046066 ,    0.045421 ,    0.045764 ,    0.034081 ,    0.009245 ,    0.050170 ,    0.028571 ,    0.097805 ,    0.031403 ,    0.016575 ,    0.007364 ,    0.045082 ,    0.044663 ,    0.009006 ,    0.188007 ,    0.047719 ,    0.063253 ,    0.005870 ,     Not run ,     Not run ,    0.000767 ,    0.001865 ,    0.002931 
catalyst,4, Base_OpenMP , default     ,    0.025021 ,    0.243666 ,    0.079088 ,    0.035036 ,    0.044586 ,    0.081174 ,    0.114542 ,    0.116160 ,    0.060228 ,    0.058236 ,    0.052445 ,    0.926488 ,    0.015820 ,    0.000856 ,    0.002320 ,    0.031516 ,    0.183902 ,    0.059728 ,    0.101694 ,    0.008814 ,    0.101234 ,    0.129390 ,    0.067955 ,    0.133049 ,    0.208052 ,    0.074977 ,    0.082028 ,    2.092933 ,    3.326079 ,    0.042042 ,    0.060754 ,    0.063049 ,    0.283377 ,    2.747654 ,    0.013671 ,    0.005830 ,    0.082343 ,    0.177744 ,    0.271251 ,    0.059900 ,    0.065185 ,    0.084490 ,    0.082320 ,    0.084336 ,    0.064086 ,    0.015976 ,    0.097934 ,    0.056467 ,    0.206697 ,    0.061009 ,    0.011145 ,    0.005545 ,    0.085726 ,    0.086375 ,    0.016492 ,    0.366748 ,    0.093504 ,    0.125447 ,    0.010356 ,     Not run ,     Not run ,    0.001179 ,    0.002908 ,    0.004701 
catalyst,48, Base_OpenMP , default     ,    0.008247 ,    0.049029 ,    0.015478 ,    0.005052 ,    0.008090 ,    0.018342 ,    0.040617 ,    0.040348 ,    0.025727 ,    0.013411 ,    0.018041 ,    1.105413 ,    0.003328 ,    0.001461 ,    0.001771 ,    0.005945 ,    0.017767 ,    0.014559 ,    0.032030 ,    0.003985 ,    0.032315 ,    0.125761 ,    0.020387 ,    0.024215 ,    0.020490 ,    0.009869 ,    0.023551 ,    0.351747 ,    0.559781 ,    0.007174 ,    0.015610 ,    0.022462 ,    0.093506 ,    0.469747 ,    0.005895 ,    0.004214 ,    0.034174 ,    0.053652 ,    0.087173 ,    0.011292 ,    0.020131 ,    0.027118 ,    0.033461 ,    0.027930 ,    0.020057 ,    0.003719 ,    0.015983 ,    0.010148 ,    0.028327 ,    0.011385 ,    0.066332 ,    0.063609 ,    0.012894 ,    0.013027 ,    0.003582 ,    0.069610 ,    0.023613 ,    0.021326 ,    0.002401 ,     Not run ,     Not run ,    0.000755 ,    0.001261 ,    0.001658 
catalyst,24, Base_OpenMP , default     ,    0.010826 ,    0.090951 ,    0.027147 ,    0.008478 ,    0.012283 ,    0.029402 ,    0.051121 ,    0.051151 ,    0.022790 ,    0.020863 ,    0.024139 ,    1.204300 ,    0.005704 ,    0.000895 ,    0.001327 ,    0.010975 ,    0.029396 ,    0.022038 ,    0.042277 ,    0.003636 ,    0.042266 ,    0.107630 ,    0.026855 ,    0.043186 ,    0.032229 ,    0.018810 ,    0.032028 ,    0.692692 ,    1.116481 ,    0.012591 ,    0.022907 ,    0.027196 ,    0.119437 ,    0.913678 ,    0.006559 ,    0.003347 ,    0.035886 ,    0.069264 ,    0.122469 ,    0.020025 ,    0.032734 ,    0.036885 ,    0.036329 ,    0.037069 ,    0.026346 ,    0.005645 ,    0.029854 ,    0.018005 ,    0.049988 ,    0.019989 ,    0.035544 ,    0.031570 ,    0.023360 ,    0.023448 ,    0.005704 ,    0.137240 ,    0.036097 ,    0.040977 ,    0.003485 ,     Not run ,     Not run ,    0.000691 ,    0.001319 ,    0.002193 
catalyst,16, Base_OpenMP , default     ,    0.013875 ,    0.133774 ,    0.039153 ,    0.011999 ,    0.016755 ,    0.039114 ,    0.065831 ,    0.066017 ,    0.029555 ,    0.028593 ,    0.028404 ,    1.246775 ,    0.008286 ,    0.000626 ,    0.001287 ,    0.016178 ,    0.044634 ,    0.029130 ,    0.054927 ,    0.003997 ,    0.055236 ,    0.062853 ,    0.035814 ,    0.063442 ,    0.053721 ,    0.027905 ,    0.043643 ,    1.024033 ,    1.661278 ,    0.017359 ,    0.031646 ,    0.034774 ,    0.154758 ,    1.364731 ,    0.008797 ,    0.003352 ,    0.043291 ,    0.090428 ,    0.162708 ,    0.029929 ,    0.034723 ,    0.047377 ,    0.043935 ,    0.047674 ,    0.034815 ,    0.008095 ,    0.044069 ,    0.026537 ,    0.078891 ,    0.029253 ,    0.028296 ,    0.024212 ,    0.033935 ,    0.034007 ,    0.008153 ,    0.209619 ,    0.047975 ,    0.060840 ,    0.004560 ,     Not run ,     Not run ,    0.000741 ,    0.001767 ,    0.002700 
catalyst,12, Base_OpenMP , default     ,    0.010227 ,    0.084464 ,    0.027865 ,    0.012483 ,    0.016087 ,    0.036565 ,    0.045945 ,    0.045891 ,    0.023066 ,    0.026490 ,    0.021050 ,    0.829064 ,    0.005547 ,    0.000634 ,    0.001187 ,    0.010772 ,    0.032680 ,    0.022046 ,    0.040154 ,    0.003624 ,    0.040080 ,    0.108711 ,    0.026066 ,    0.043787 ,    0.035134 ,    0.025776 ,    0.030947 ,    0.705973 ,    1.120365 ,    0.016945 ,    0.021685 ,    0.024530 ,    0.109017 ,    0.927922 ,    0.007491 ,    0.002735 ,    0.031914 ,    0.069601 ,    0.100885 ,    0.020347 ,    0.024611 ,    0.033613 ,    0.034514 ,    0.033653 ,    0.024695 ,    0.005640 ,    0.033661 ,    0.018943 ,    0.052343 ,    0.021144 ,    0.023120 ,    0.014048 ,    0.029702 ,    0.029785 ,    0.005802 ,    0.125474 ,    0.040978 ,    0.042003 ,    0.003845 ,     Not run ,     Not run ,    0.000629 ,    0.001183 ,    0.002011 
catalyst,8, Base_OpenMP , default     ,    0.014065 ,    0.125495 ,    0.040844 ,    0.019123 ,    0.024102 ,    0.042423 ,    0.063425 ,    0.062992 ,    0.033660 ,    0.029535 ,    0.028713 ,    0.726509 ,    0.008659 ,    0.000641 ,    0.001439 ,    0.016745 ,    0.058570 ,    0.031444 ,    0.054356 ,    0.004629 ,    0.054646 ,    0.091289 ,    0.036656 ,    0.067393 ,    0.076198 ,    0.038467 ,    0.043333 ,    1.054397 ,    1.679543 ,    0.026332 ,    0.031547 ,    0.034212 ,    0.151704 ,    1.401687 ,    0.008373 ,    0.003340 ,    0.044513 ,    0.095234 ,    0.143152 ,    0.030762 ,    0.034329 ,    0.046626 ,    0.045951 ,    0.046297 ,    0.034345 ,    0.008638 ,    0.050314 ,    0.028805 ,    0.097664 ,    0.031379 ,    0.016519 ,    0.007379 ,    0.044723 ,    0.044550 ,    0.008809 ,    0.187968 ,    0.047976 ,    0.062728 ,    0.006196 ,     Not run ,     Not run ,    0.000776 ,    0.001834 ,    0.002958 
catalyst,4, Base_OpenMP , default     ,    0.025609 ,    0.244929 ,    0.079181 ,    0.034756 ,    0.044946 ,    0.081542 ,    0.115392 ,    0.114516 ,    0.060368 ,    0.057814 ,    0.051573 ,    0.916426 ,    0.015634 ,    0.000888 ,    0.002326 ,    0.030821 ,    0.182911 ,    0.060169 ,    0.101892 ,    0.008591 ,    0.101420 ,    0.129322 ,    0.067900 ,    0.134983 ,    0.206294 ,    0.074995 ,    0.082524 ,    2.090053 ,    3.335498 ,    0.040992 ,    0.059326 ,    0.063350 ,    0.280561 ,    2.762506 ,    0.013346 ,    0.005870 ,    0.082008 ,    0.177208 ,    0.266960 ,    0.058822 ,    0.064970 ,    0.085540 ,    0.082126 ,    0.086341 ,    0.064509 ,    0.015701 ,    0.097870 ,    0.057793 ,    0.209748 ,    0.060860 ,    0.011442 ,    0.005635 ,    0.085025 ,    0.084849 ,    0.016336 ,    0.372185 ,    0.094764 ,    0.124210 ,    0.010204 ,     Not run ,     Not run ,    0.001159 ,    0.002926 ,    0.004768 
quartz,72, Base_OpenMP , default     ,    0.009533 ,    0.037006 ,    0.010539 ,    0.004688 ,    0.008139 ,    0.018012 ,    0.044756 ,    0.044216 ,    0.009775 ,    0.013162 ,    0.020949 ,    1.166726 ,    0.001631 ,    0.002580 ,    0.003028 ,    0.002791 ,    0.015824 ,    0.013975 ,    0.035560 ,    0.006216 ,    0.035148 ,    0.108400 ,    0.023996 ,    0.012379 ,    0.020403 ,    0.002937 ,    0.030800 ,    0.054965 ,    0.101152 ,    0.004549 ,    0.006468 ,    0.022241 ,    0.099196 ,    0.094739 ,    0.004132 ,    0.003509 ,    0.025110 ,    0.054313 ,    0.074976 ,    0.002326 ,    0.028104 ,    0.030469 ,    0.036537 ,    0.031377 ,    0.027701 ,    0.003058 ,    0.009683 ,    0.006548 ,    0.019889 ,    0.006246 ,    0.097873 ,    0.104886 ,    0.010324 ,    0.010345 ,    0.002753 ,    0.047211 ,    0.023297 ,    0.013038 ,    0.002682 ,     Not run ,     Not run ,    0.001033 ,    0.001734 ,    0.002034 
quartz,36, Base_OpenMP , default     ,    0.013060 ,    0.063571 ,    0.017088 ,    0.007231 ,    0.010751 ,    0.023465 ,    0.040413 ,    0.040386 ,    0.013780 ,    0.016778 ,    0.018991 ,    1.044252 ,    0.001747 ,    0.001236 ,    0.001427 ,    0.003921 ,    0.019249 ,    0.014404 ,    0.046773 ,    0.003601 ,    0.046901 ,    0.103583 ,    0.022771 ,    0.020630 ,    0.024283 ,    0.003403 ,    0.032303 ,    0.104672 ,    0.181891 ,    0.006645 ,    0.006880 ,    0.029708 ,    0.115693 ,    0.202042 ,    0.003777 ,    0.002283 ,    0.038099 ,    0.063385 ,    0.090491 ,    0.003654 ,    0.031168 ,    0.041924 ,    0.039278 ,    0.042620 ,    0.031167 ,    0.003775 ,    0.016736 ,    0.010870 ,    0.027899 ,    0.008840 ,    0.056257 ,    0.046795 ,    0.017200 ,    0.017178 ,    0.003325 ,    0.091831 ,    0.028785 ,    0.023502 ,    0.003799 ,     Not run ,     Not run ,    0.000803 ,    0.001438 ,    0.002778 
quartz,32, Base_OpenMP , default     ,    0.012940 ,    0.069917 ,    0.018697 ,    0.007697 ,    0.011460 ,    0.024027 ,    0.040959 ,    0.039612 ,    0.014067 ,    0.017313 ,    0.018635 ,    1.268608 ,    0.001997 ,    0.001097 ,    0.001423 ,    0.004386 ,    0.022265 ,    0.015001 ,    0.046449 ,    0.002918 ,    0.046609 ,    0.067443 ,    0.031478 ,    0.021862 ,    0.028674 ,    0.004387 ,    0.028026 ,    0.099421 ,    0.207912 ,    0.007204 ,    0.007106 ,    0.026652 ,    0.117597 ,    0.232131 ,    0.003841 ,    0.002667 ,    0.044274 ,    0.065166 ,    0.093388 ,    0.003861 ,    0.031456 ,    0.041912 ,    0.039043 ,    0.042601 ,    0.031522 ,    0.003705 ,    0.018434 ,    0.011802 ,    0.030018 ,    0.009521 ,    0.050595 ,    0.046281 ,    0.019669 ,    0.019812 ,    0.003602 ,    0.102976 ,    0.039837 ,    0.026010 ,    0.003931 ,     Not run ,     Not run ,    0.000700 ,    0.001387 ,    0.002729 
quartz,18, Base_OpenMP , default     ,    0.011501 ,    0.055084 ,    0.016720 ,    0.009708 ,    0.012924 ,    0.030880 ,    0.034779 ,    0.036421 ,    0.011600 ,    0.022115 ,    0.016861 ,    0.662481 ,    0.001543 ,    0.000742 ,    0.001416 ,    0.003873 ,    0.024636 ,    0.017635 ,    0.043083 ,    0.003461 ,    0.042965 ,    0.103818 ,    0.020881 ,    0.021926 ,    0.034549 ,    0.004518 ,    0.024809 ,    0.068876 ,    0.110479 ,    0.010091 ,    0.008130 ,    0.026177 ,    0.105145 ,    0.090354 ,    0.003667 ,    0.002456 ,    0.028857 ,    0.057661 ,    0.075820 ,    0.003433 ,    0.028717 ,    0.038490 ,    0.034529 ,    0.038790 ,    0.028869 ,    0.004071 ,    0.016869 ,    0.012794 ,    0.031376 ,    0.010121 ,    0.034154 ,    0.036139 ,    0.025587 ,    0.026588 ,    0.003325 ,    0.083130 ,    0.040315 ,    0.024398 ,    0.003998 ,     Not run ,     Not run ,    0.000673 ,    0.001208 ,    0.002569 
quartz,16, Base_OpenMP , default     ,    0.012658 ,    0.061823 ,    0.018521 ,    0.010454 ,    0.014047 ,    0.032901 ,    0.038245 ,    0.039587 ,    0.015286 ,    0.025708 ,    0.016837 ,    0.608712 ,    0.001708 ,    0.000719 ,    0.001472 ,    0.004048 ,    0.026554 ,    0.015300 ,    0.045857 ,    0.003116 ,    0.045766 ,    0.093273 ,    0.022178 ,    0.023705 ,    0.024997 ,    0.004789 ,    0.026911 ,    0.075475 ,    0.122172 ,    0.011255 ,    0.004359 ,    0.020714 ,    0.111594 ,    0.101140 ,    0.003760 ,    0.001803 ,    0.030715 ,    0.060681 ,    0.081547 ,    0.003571 ,    0.031020 ,    0.040680 ,    0.037416 ,    0.041903 ,    0.030717 ,    0.004418 ,    0.018551 ,    0.013821 ,    0.033646 ,    0.010864 ,    0.032433 ,    0.027859 ,    0.029780 ,    0.029066 ,    0.003568 ,    0.092682 ,    0.043305 ,    0.027316 ,    0.004307 ,     Not run ,     Not run ,    0.000648 ,    0.001311 ,    0.002673 
quartz,8, Base_OpenMP , default     ,    0.013113 ,    0.119194 ,    0.034473 ,    0.017914 ,    0.022638 ,    0.035395 ,    0.056881 ,    0.060931 ,    0.019701 ,    0.024517 ,    0.026897 ,    0.786026 ,    0.002874 ,    0.000505 ,    0.001207 ,    0.007526 ,    0.059522 ,    0.022903 ,    0.053000 ,    0.004780 ,    0.053034 ,    0.059934 ,    0.034602 ,    0.045962 ,    0.056174 ,    0.006664 ,    0.042466 ,    0.149747 ,    0.242605 ,    0.017740 ,    0.006135 ,    0.029199 ,    0.150042 ,    0.197825 ,    0.002087 ,    0.002338 ,    0.036668 ,    0.085728 ,    0.120600 ,    0.005749 ,    0.034254 ,    0.045043 ,    0.037054 ,    0.047433 ,    0.034198 ,    0.006375 ,    0.035401 ,    0.023902 ,    0.084003 ,    0.020123 ,    0.012579 ,    0.005020 ,    0.055764 ,    0.055953 ,    0.005859 ,    0.184398 ,    0.046978 ,    0.053613 ,    0.005765 ,     Not run ,     Not run ,    0.000614 ,    0.001734 ,    0.002512 
quartz,4, Base_OpenMP , default     ,    0.023966 ,    0.226775 ,    0.063749 ,    0.034231 ,    0.043010 ,    0.066562 ,    0.104802 ,    0.111045 ,    0.037898 ,    0.045857 ,    0.049193 ,    0.793625 ,    0.005310 ,    0.000699 ,    0.002112 ,    0.014338 ,    0.115670 ,    0.041841 ,    0.096732 ,    0.008941 ,    0.097732 ,    0.108925 ,    0.064033 ,    0.085690 ,    0.109214 ,    0.012399 ,    0.078762 ,    0.281926 ,    0.456964 ,    0.033787 ,    0.011078 ,    0.052457 ,    0.273740 ,    0.376056 ,    0.003426 ,    0.004208 ,    0.067954 ,    0.157075 ,    0.220957 ,    0.010574 ,    0.063226 ,    0.084606 ,    0.066763 ,    0.086649 ,    0.063457 ,    0.011816 ,    0.067560 ,    0.045294 ,    0.149267 ,    0.037749 ,    0.011794 ,    0.005686 ,    0.104749 ,    0.105436 ,    0.010775 ,    0.352828 ,    0.088457 ,    0.102467 ,    0.010698 ,     Not run ,     Not run ,    0.001024 ,    0.003222 ,    0.004939 
quartz,72, Base_OpenMP , default     ,    0.009238 ,    0.036844 ,    0.010483 ,    0.004431 ,    0.008050 ,    0.018095 ,    0.044797 ,    0.044350 ,    0.009614 ,    0.013195 ,    0.020899 ,    1.392176 ,    0.001404 ,    0.002640 ,    0.003081 ,    0.002813 ,    0.015641 ,    0.019358 ,    0.036459 ,    0.006307 ,    0.037328 ,    0.107971 ,    0.024526 ,    0.012755 ,    0.020459 ,    0.003079 ,    0.025864 ,    0.054360 ,    0.097518 ,    0.004503 ,    0.006484 ,    0.022071 ,    0.095821 ,    0.101921 ,    0.004269 ,    0.003604 ,    0.028110 ,    0.052005 ,    0.074612 ,    0.002322 ,    0.027483 ,    0.033783 ,    0.035918 ,    0.030442 ,    0.028310 ,    0.002952 ,    0.009700 ,    0.006635 ,    0.019831 ,    0.006168 ,    0.094484 ,    0.105188 ,    0.010320 ,    0.010804 ,    0.002697 ,    0.047200 ,    0.033381 ,    0.012884 ,    0.002721 ,     Not run ,     Not run ,    0.001028 ,    0.001720 ,    0.001957 
quartz,36, Base_OpenMP , default     ,    0.013419 ,    0.063784 ,    0.017194 ,    0.007238 ,    0.010878 ,    0.023578 ,    0.041376 ,    0.040545 ,    0.013215 ,    0.016742 ,    0.019156 ,    0.963300 ,    0.001720 ,    0.001217 ,    0.001623 ,    0.004092 ,    0.019320 ,    0.017709 ,    0.047756 ,    0.003292 ,    0.047830 ,    0.103741 ,    0.023161 ,    0.020455 ,    0.024425 ,    0.003629 ,    0.027360 ,    0.104589 ,    0.192276 ,    0.006441 ,    0.007589 ,    0.023231 ,    0.118372 ,    0.206101 ,    0.004028 ,    0.003326 ,    0.038481 ,    0.065235 ,    0.092050 ,    0.003688 ,    0.031446 ,    0.042904 ,    0.040728 ,    0.043225 ,    0.031540 ,    0.003732 ,    0.016779 ,    0.010675 ,    0.028013 ,    0.008960 ,    0.059419 ,    0.046234 ,    0.017268 ,    0.017221 ,    0.003159 ,    0.091903 ,    0.029171 ,    0.023527 ,    0.003778 ,     Not run ,     Not run ,    0.000797 ,    0.001388 ,    0.002838 
quartz,32, Base_OpenMP , default     ,    0.012984 ,    0.070005 ,    0.018677 ,    0.007730 ,    0.011369 ,    0.023824 ,    0.041239 ,    0.039794 ,    0.014101 ,    0.017245 ,    0.018727 ,    1.314660 ,    0.001856 ,    0.001061 ,    0.001400 ,    0.004220 ,    0.021122 ,    0.018069 ,    0.047265 ,    0.002925 ,    0.047331 ,    0.067651 ,    0.027796 ,    0.021788 ,    0.025059 ,    0.004487 ,    0.028324 ,    0.104637 ,    0.191650 ,    0.007207 ,    0.007874 ,    0.023352 ,    0.118178 ,    0.231249 ,    0.004184 ,    0.002457 ,    0.044843 ,    0.065884 ,    0.094280 ,    0.003917 ,    0.031529 ,    0.042183 ,    0.038886 ,    0.042673 ,    0.031898 ,    0.003844 ,    0.018436 ,    0.011819 ,    0.030449 ,    0.009549 ,    0.049810 ,    0.042781 ,    0.019621 ,    0.019614 ,    0.003567 ,    0.103118 ,    0.029681 ,    0.025948 ,    0.003905 ,     Not run ,     Not run ,    0.000693 ,    0.001458 ,    0.002733 
quartz,18, Base_OpenMP , default     ,    0.011888 ,    0.055087 ,    0.016778 ,    0.009820 ,    0.012680 ,    0.030478 ,    0.034818 ,    0.036355 ,    0.011498 ,    0.021996 ,    0.017366 ,    0.650591 ,    0.001546 ,    0.000666 ,    0.001359 ,    0.003648 ,    0.023755 ,    0.014625 ,    0.042969 ,    0.003327 ,    0.042705 ,    0.104302 ,    0.020784 ,    0.021612 ,    0.023332 ,    0.004364 ,    0.030388 ,    0.068214 ,    0.110343 ,    0.010025 ,    0.008703 ,    0.026043 ,    0.104890 ,    0.091262 ,    0.004321 ,    0.001615 ,    0.028406 ,    0.057841 ,    0.074867 ,    0.003453 ,    0.028644 ,    0.038530 ,    0.034154 ,    0.038943 ,    0.028752 ,    0.004056 ,    0.016893 ,    0.012785 ,    0.031191 ,    0.010208 ,    0.036549 ,    0.036645 ,    0.025638 ,    0.025706 ,    0.003302 ,    0.083134 ,    0.030232 ,    0.024907 ,    0.004019 ,     Not run ,     Not run ,    0.000670 ,    0.001074 ,    0.002553 
quartz,16, Base_OpenMP , default     ,    0.012672 ,    0.062219 ,    0.018636 ,    0.010594 ,    0.014107 ,    0.033160 ,    0.037696 ,    0.039480 ,    0.014034 ,    0.024183 ,    0.016956 ,    0.660473 ,    0.001610 ,    0.000695 ,    0.001518 ,    0.004052 ,    0.026961 ,    0.015613 ,    0.046221 ,    0.003434 ,    0.046113 ,    0.094603 ,    0.027235 ,    0.024078 ,    0.025309 ,    0.004854 ,    0.027381 ,    0.075750 ,    0.123127 ,    0.011576 ,    0.005245 ,    0.020502 ,    0.113766 ,    0.100886 ,    0.004027 ,    0.003421 ,    0.031285 ,    0.062664 ,    0.089206 ,    0.003637 ,    0.031046 ,    0.040980 ,    0.037906 ,    0.041698 ,    0.030941 ,    0.004401 ,    0.018683 ,    0.012812 ,    0.034296 ,    0.011077 ,    0.032218 ,    0.033657 ,    0.028968 ,    0.029374 ,    0.003754 ,    0.093208 ,    0.043419 ,    0.027377 ,    0.004471 ,     Not run ,     Not run ,    0.000627 ,    0.001146 ,    0.002657 
quartz,8, Base_OpenMP , default     ,    0.013117 ,    0.119126 ,    0.034360 ,    0.017934 ,    0.022591 ,    0.035598 ,    0.056781 ,    0.060593 ,    0.019684 ,    0.024821 ,    0.026576 ,    0.797306 ,    0.002863 ,    0.000495 ,    0.001208 ,    0.007515 ,    0.058024 ,    0.022919 ,    0.053108 ,    0.004787 ,    0.053140 ,    0.059949 ,    0.034629 ,    0.045599 ,    0.053422 ,    0.006662 ,    0.042555 ,    0.149553 ,    0.242331 ,    0.017802 ,    0.006265 ,    0.028998 ,    0.149601 ,    0.198672 ,    0.002115 ,    0.002391 ,    0.036963 ,    0.085692 ,    0.120264 ,    0.005657 ,    0.034156 ,    0.045153 ,    0.037039 ,    0.047490 ,    0.034286 ,    0.006370 ,    0.035367 ,    0.024069 ,    0.081986 ,    0.020150 ,    0.012271 ,    0.005081 ,    0.055715 ,    0.055911 ,    0.005812 ,    0.184360 ,    0.047016 ,    0.053581 ,    0.005788 ,     Not run ,     Not run ,    0.000613 ,    0.001739 ,    0.002520 
quartz,4, Base_OpenMP , default     ,    0.024179 ,    0.227244 ,    0.063643 ,    0.034262 ,    0.043013 ,    0.067032 ,    0.103976 ,    0.111185 ,    0.037921 ,    0.046217 ,    0.048895 ,    0.684029 ,    0.005179 ,    0.000704 ,    0.002149 ,    0.014218 ,    0.111034 ,    0.042938 ,    0.097594 ,    0.008917 ,    0.096593 ,    0.110303 ,    0.064066 ,    0.085328 ,    0.101460 ,    0.012391 ,    0.078635 ,    0.283181 ,    0.457772 ,    0.033807 ,    0.011441 ,    0.052051 ,    0.274776 ,    0.374944 ,    0.003557 ,    0.004138 ,    0.068094 ,    0.157527 ,    0.223084 ,    0.010372 ,    0.062937 ,    0.085352 ,    0.066580 ,    0.086207 ,    0.062797 ,    0.012043 ,    0.067400 ,    0.044815 ,    0.153951 ,    0.037569 ,    0.011620 ,    0.005632 ,    0.104639 ,    0.104986 ,    0.010894 ,    0.353014 ,    0.087606 ,    0.101845 ,    0.010896 ,     Not run ,     Not run ,    0.001026 ,    0.003160 ,    0.004820 
quartz,72, Base_OpenMP , default     ,    0.009150 ,    0.037146 ,    0.010522 ,    0.004548 ,    0.008131 ,    0.022580 ,    0.045075 ,    0.045566 ,    0.009678 ,    0.013135 ,    0.020471 ,    1.276963 ,    0.001572 ,    0.002770 ,    0.003196 ,    0.002763 ,    0.015663 ,    0.013863 ,    0.036914 ,    0.006435 ,    0.036933 ,    0.108709 ,    0.024694 ,    0.012351 ,    0.020767 ,    0.002549 ,    0.031240 ,    0.055933 ,    0.101041 ,    0.004824 ,    0.006426 ,    0.022166 ,    0.095588 ,    0.102175 ,    0.004071 ,    0.003495 ,    0.024941 ,    0.051967 ,    0.074078 ,    0.002157 ,    0.025992 ,    0.030944 ,    0.036123 ,    0.031519 ,    0.029084 ,    0.002963 ,    0.009697 ,    0.006577 ,    0.019864 ,    0.006537 ,    0.096424 ,    0.106485 ,    0.010502 ,    0.010347 ,    0.002698 ,    0.047138 ,    0.023407 ,    0.012913 ,    0.002776 ,     Not run ,     Not run ,    0.001038 ,    0.001734 ,    0.002710 
quartz,36, Base_OpenMP , default     ,    0.013443 ,    0.063561 ,    0.017098 ,    0.007266 ,    0.010816 ,    0.023315 ,    0.040991 ,    0.040931 ,    0.014054 ,    0.016956 ,    0.019193 ,    1.054740 ,    0.001951 ,    0.001248 ,    0.001500 ,    0.004053 ,    0.020512 ,    0.014541 ,    0.047750 ,    0.003545 ,    0.047503 ,    0.103726 ,    0.027341 ,    0.020616 ,    0.024420 ,    0.003416 ,    0.027318 ,    0.103403 ,    0.188067 ,    0.006487 ,    0.006478 ,    0.022977 ,    0.117718 ,    0.196943 ,    0.003498 ,    0.001966 ,    0.038323 ,    0.064584 ,    0.091324 ,    0.003689 ,    0.031527 ,    0.042551 ,    0.040029 ,    0.043146 ,    0.031360 ,    0.003572 ,    0.016641 ,    0.010862 ,    0.028231 ,    0.008921 ,    0.057950 ,    0.048751 ,    0.017190 ,    0.017237 ,    0.003352 ,    0.091821 ,    0.039032 ,    0.023395 ,    0.003803 ,     Not run ,     Not run ,    0.000804 ,    0.001413 ,    0.002831 
quartz,32, Base_OpenMP , default     ,    0.013038 ,    0.070039 ,    0.018677 ,    0.007728 ,    0.011357 ,    0.027036 ,    0.041469 ,    0.040122 ,    0.013902 ,    0.017280 ,    0.018681 ,    1.234813 ,    0.001890 ,    0.001117 ,    0.001386 ,    0.004175 ,    0.022238 ,    0.015123 ,    0.047501 ,    0.002873 ,    0.047495 ,    0.067977 ,    0.023963 ,    0.022027 ,    0.025255 ,    0.003763 ,    0.028332 ,    0.098878 ,    0.195093 ,    0.007168 ,    0.006404 ,    0.023616 ,    0.118711 ,    0.230219 ,    0.003826 ,    0.004397 ,    0.044682 ,    0.072251 ,    0.094272 ,    0.003889 ,    0.031536 ,    0.041496 ,    0.039282 ,    0.043005 ,    0.031904 ,    0.003711 ,    0.018453 ,    0.011680 ,    0.030400 ,    0.009542 ,    0.049834 ,    0.044282 ,    0.019616 ,    0.019600 ,    0.003600 ,    0.103083 ,    0.029850 ,    0.026023 ,    0.003898 ,     Not run ,     Not run ,    0.000698 ,    0.001352 ,    0.002752 
quartz,18, Base_OpenMP , default     ,    0.011886 ,    0.055053 ,    0.016753 ,    0.009828 ,    0.012737 ,    0.032310 ,    0.034489 ,    0.036105 ,    0.011387 ,    0.022199 ,    0.017342 ,    0.655040 ,    0.001729 ,    0.000768 ,    0.001430 ,    0.003717 ,    0.024873 ,    0.014586 ,    0.043011 ,    0.003407 ,    0.042294 ,    0.103948 ,    0.020869 ,    0.021763 ,    0.023169 ,    0.004513 ,    0.024806 ,    0.068167 ,    0.110147 ,    0.010017 ,    0.008345 ,    0.026111 ,    0.104814 ,    0.090090 ,    0.004169 ,    0.001679 ,    0.028474 ,    0.057605 ,    0.074812 ,    0.003283 ,    0.028657 ,    0.038544 ,    0.033845 ,    0.039069 ,    0.028705 ,    0.004176 ,    0.016711 ,    0.011840 ,    0.031428 ,    0.010169 ,    0.036547 ,    0.036252 ,    0.026658 ,    0.025804 ,    0.003363 ,    0.083120 ,    0.039895 ,    0.024494 ,    0.004056 ,     Not run ,     Not run ,    0.000689 ,    0.001061 ,    0.002569 
quartz,16, Base_OpenMP , default     ,    0.012647 ,    0.061507 ,    0.018561 ,    0.010507 ,    0.014029 ,    0.035219 ,    0.037110 ,    0.039177 ,    0.013763 ,    0.025273 ,    0.017403 ,    0.651158 ,    0.001670 ,    0.000659 ,    0.001466 ,    0.004056 ,    0.029601 ,    0.018370 ,    0.045355 ,    0.003329 ,    0.045669 ,    0.093314 ,    0.022878 ,    0.023643 ,    0.025475 ,    0.004882 ,    0.036954 ,    0.075643 ,    0.122299 ,    0.011104 ,    0.008337 ,    0.027230 ,    0.111253 ,    0.100542 ,    0.003727 ,    0.002054 ,    0.030483 ,    0.067720 ,    0.088263 ,    0.003324 ,    0.030708 ,    0.040344 ,    0.037502 ,    0.041356 ,    0.030735 ,    0.004309 ,    0.018516 ,    0.012609 ,    0.033958 ,    0.011260 ,    0.031928 ,    0.028267 ,    0.028947 ,    0.029075 ,    0.003520 ,    0.093564 ,    0.033018 ,    0.027551 ,    0.004573 ,     Not run ,     Not run ,    0.000656 ,    0.001121 ,    0.002782 
quartz,8, Base_OpenMP , default     ,    0.013175 ,    0.119193 ,    0.034410 ,    0.017907 ,    0.022548 ,    0.035715 ,    0.056759 ,    0.060762 ,    0.019642 ,    0.024701 ,    0.026798 ,    0.826796 ,    0.002869 ,    0.000515 ,    0.001211 ,    0.007539 ,    0.056876 ,    0.022911 ,    0.053169 ,    0.004815 ,    0.053166 ,    0.060022 ,    0.034584 ,    0.045615 ,    0.052829 ,    0.006652 ,    0.042580 ,    0.149838 ,    0.244551 ,    0.017777 ,    0.006148 ,    0.029069 ,    0.149697 ,    0.197774 ,    0.002108 ,    0.002351 ,    0.036708 ,    0.085678 ,    0.121135 ,    0.005625 ,    0.034167 ,    0.045179 ,    0.037023 ,    0.047471 ,    0.034285 ,    0.006346 ,    0.035453 ,    0.023834 ,    0.083876 ,    0.020157 ,    0.012143 ,    0.004983 ,    0.055709 ,    0.055867 ,    0.005816 ,    0.184314 ,    0.047083 ,    0.053663 ,    0.005792 ,     Not run ,     Not run ,    0.000620 ,    0.001713 ,    0.002517 
quartz,4, Base_OpenMP , default     ,    0.024017 ,    0.225451 ,    0.064610 ,    0.034633 ,    0.043068 ,    0.066349 ,    0.104886 ,    0.111065 ,    0.037285 ,    0.045448 ,    0.049519 ,    0.688976 ,    0.005220 ,    0.000670 ,    0.002178 ,    0.014120 ,    0.113309 ,    0.042668 ,    0.097532 ,    0.008969 ,    0.096549 ,    0.110029 ,    0.063208 ,    0.085668 ,    0.108716 ,    0.012509 ,    0.079067 ,    0.282258 ,    0.456446 ,    0.033924 ,    0.011008 ,    0.051822 ,    0.274489 ,    0.377159 ,    0.003554 ,    0.004219 ,    0.067406 ,    0.157654 ,    0.220724 ,    0.010316 ,    0.062997 ,    0.084751 ,    0.066186 ,    0.087720 ,    0.063054 ,    0.012030 ,    0.067871 ,    0.044809 ,    0.153337 ,    0.037732 ,    0.011922 ,    0.006257 ,    0.104786 ,    0.104920 ,    0.010858 ,    0.352254 ,    0.087966 ,    0.101434 ,    0.010764 ,     Not run ,     Not run ,    0.001011 ,    0.003222 ,    0.004883 
ruby,112, Base_OpenMP , default     ,    0.009132 ,    0.025780 ,    0.005864 ,    0.004317 ,    0.007818 ,    0.010197 ,    0.045218 ,    0.045160 ,    0.011071 ,    0.007633 ,    0.018481 ,    1.521951 ,    0.001545 ,    0.005483 ,    0.005383 ,    0.001896 ,    0.012992 ,    0.009854 ,    0.034989 ,    0.011083 ,    0.034992 ,    0.112312 ,    0.018264 ,    0.009403 ,    0.010220 ,    0.004159 ,    0.017943 ,    0.056711 ,    0.101334 ,    0.004753 ,    0.016010 ,    0.025542 ,    0.100013 ,    0.107097 ,    0.004869 ,    0.006090 ,    0.026570 ,    0.057905 ,    0.081375 ,    0.002320 ,    0.017609 ,    0.029637 ,    0.046948 ,    0.031504 ,    0.017631 ,    0.003089 ,    0.005572 ,    0.005110 ,    0.009436 ,    0.005464 ,    0.115572 ,    0.367199 ,    0.005531 ,    0.005875 ,    0.002989 ,    0.027095 ,    0.013942 ,    0.007288 ,    0.002855 ,     Not run ,     Not run ,    0.001344 ,    0.001815 ,    0.001841 
ruby,56, Base_OpenMP , default     ,    0.006016 ,    0.032285 ,    0.005909 ,    0.004228 ,    0.006536 ,    0.010128 ,    0.028631 ,    0.028519 ,    0.009326 ,    0.006754 ,    0.012430 ,    0.948528 ,    0.001233 ,    0.002159 ,    0.002182 ,    0.001568 ,    0.011321 ,    0.008114 ,    0.023025 ,    0.004700 ,    0.023494 ,    0.094084 ,    0.012450 ,    0.011444 ,    0.020138 ,    0.005630 ,    0.013130 ,    0.088790 ,    0.164707 ,    0.004152 ,    0.016045 ,    0.016454 ,    0.067544 ,    0.186223 ,    0.003835 ,    0.004830 ,    0.021959 ,    0.039223 ,    0.057929 ,    0.001935 ,    0.012101 ,    0.019191 ,    0.027992 ,    0.021001 ,    0.012133 ,    0.001920 ,    0.007296 ,    0.005214 ,    0.017603 ,    0.005989 ,    0.070240 ,    0.102522 ,    0.006851 ,    0.007387 ,    0.001683 ,    0.041658 ,    0.011562 ,    0.011702 ,    0.002256 ,     Not run ,     Not run ,    0.000791 ,    0.001193 ,    0.001300 
ruby,32, Base_OpenMP , default     ,    0.004473 ,    0.049022 ,    0.007437 ,    0.005432 ,    0.007056 ,    0.011861 ,    0.016443 ,    0.016530 ,    0.010672 ,    0.008368 ,    0.008433 ,    0.761635 ,    0.000902 ,    0.001065 ,    0.001134 ,    0.001890 ,    0.015006 ,    0.008592 ,    0.017777 ,    0.002714 ,    0.017729 ,    0.057791 ,    0.010030 ,    0.017489 ,    0.026686 ,    0.008896 ,    0.013298 ,    0.154528 ,    0.285522 ,    0.005004 ,    0.025549 ,    0.012288 ,    0.042519 ,    0.298950 ,    0.006553 ,    0.005817 ,    0.016699 ,    0.030615 ,    0.051957 ,    0.002070 ,    0.009607 ,    0.012225 ,    0.016465 ,    0.013720 ,    0.009727 ,    0.002069 ,    0.011174 ,    0.007656 ,    0.029421 ,    0.008499 ,    0.036847 ,    0.065748 ,    0.010455 ,    0.011360 ,    0.002273 ,    0.070769 ,    0.014947 ,    0.015982 ,    0.001953 ,     Not run ,     Not run ,    0.000498 ,    0.000723 ,    0.000836 
ruby,28, Base_OpenMP , default     ,    0.004288 ,    0.028804 ,    0.005095 ,    0.005190 ,    0.006735 ,    0.008882 ,    0.018026 ,    0.017436 ,    0.008007 ,    0.006183 ,    0.007251 ,    0.723242 ,    0.000824 ,    0.001030 ,    0.001177 ,    0.001254 ,    0.010172 ,    0.006227 ,    0.015787 ,    0.002909 ,    0.016393 ,    0.090088 ,    0.009074 ,    0.009841 ,    0.018660 ,    0.006404 ,    0.008533 ,    0.026821 ,    0.042133 ,    0.004875 ,    0.027775 ,    0.010695 ,    0.044462 ,    0.035542 ,    0.006958 ,    0.005798 ,    0.013953 ,    0.027692 ,    0.041113 ,    0.001911 ,    0.008732 ,    0.013743 ,    0.018925 ,    0.014488 ,    0.008786 ,    0.001621 ,    0.007150 ,    0.005144 ,    0.017953 ,    0.005057 ,    0.045237 ,    0.075189 ,    0.008837 ,    0.008813 ,    0.001628 ,    0.037169 ,    0.009699 ,    0.010099 ,    0.002163 ,     Not run ,     Not run ,    0.000541 ,    0.000767 ,    0.000904 
ruby,16, Base_OpenMP , default     ,    0.003616 ,    0.046366 ,    0.007013 ,    0.007490 ,    0.009850 ,    0.015537 ,    0.015072 ,    0.014939 ,    0.011132 ,    0.010327 ,    0.007244 ,    0.662322 ,    0.000897 ,    0.000570 ,    0.000601 ,    0.001684 ,    0.016885 ,    0.007377 ,    0.014731 ,    0.002265 ,    0.014449 ,    0.061852 ,    0.008751 ,    0.017225 ,    0.033228 ,    0.010860 ,    0.012640 ,    0.047448 ,    0.074665 ,    0.007854 ,    0.015798 ,    0.010331 ,    0.033353 ,    0.062568 ,    0.003583 ,    0.002732 ,    0.015673 ,    0.025760 ,    0.043404 ,    0.002509 ,    0.008172 ,    0.009974 ,    0.013801 ,    0.012296 ,    0.008155 ,    0.002160 ,    0.011667 ,    0.007757 ,    0.035262 ,    0.007519 ,    0.019477 ,    0.018987 ,    0.015323 ,    0.015265 ,    0.002179 ,    0.063732 ,    0.017726 ,    0.016796 ,    0.002632 ,     Not run ,     Not run ,    0.000436 ,    0.000598 ,    0.000652 
ruby,8, Base_OpenMP , default     ,    0.005601 ,    0.090708 ,    0.011976 ,    0.013209 ,    0.015546 ,    0.026430 ,    0.015561 ,    0.014336 ,    0.014940 ,    0.018517 ,    0.008971 ,    0.589152 ,    0.001119 ,    0.000385 ,    0.000730 ,    0.002439 ,    0.031512 ,    0.020939 ,    0.023381 ,    0.003693 ,    0.024170 ,    0.044888 ,    0.026766 ,    0.032853 ,    0.052894 ,    0.021430 ,    0.041412 ,    0.084308 ,    0.134837 ,    0.011171 ,    0.004217 ,    0.019221 ,    0.061213 ,    0.111255 ,    0.001811 ,    0.001683 ,    0.019582 ,    0.041956 ,    0.066435 ,    0.004270 ,    0.025911 ,    0.017964 ,    0.021919 ,    0.018274 ,    0.026111 ,    0.003911 ,    0.022465 ,    0.013678 ,    0.065897 ,    0.013206 ,    0.009018 ,    0.004559 ,    0.029291 ,    0.029219 ,    0.003791 ,    0.126523 ,    0.040503 ,    0.033277 ,    0.004243 ,     Not run ,     Not run ,    0.000528 ,    0.000530 ,    0.001075 
ruby,4, Base_OpenMP , default     ,    0.019401 ,    0.178274 ,    0.022880 ,    0.027519 ,    0.032956 ,    0.049752 ,    0.034159 ,    0.032526 ,    0.028570 ,    0.034819 ,    0.016438 ,    0.626452 ,    0.001950 ,    0.000460 ,    0.001989 ,    0.004653 ,    0.059708 ,    0.039219 ,    0.077745 ,    0.006877 ,    0.077702 ,    0.083101 ,    0.058672 ,    0.064042 ,    0.101872 ,    0.042233 ,    0.078194 ,    0.167662 ,    0.267667 ,    0.021949 ,    0.006630 ,    0.044168 ,    0.199954 ,    0.221920 ,    0.002362 ,    0.004781 ,    0.039827 ,    0.127599 ,    0.161422 ,    0.008740 ,    0.058800 ,    0.069600 ,    0.076902 ,    0.069731 ,    0.058707 ,    0.007918 ,    0.044234 ,    0.028183 ,    0.129741 ,    0.025803 ,    0.006955 ,    0.005061 ,    0.056989 ,    0.056891 ,    0.007250 ,    0.252520 ,    0.081761 ,    0.066375 ,    0.009073 ,     Not run ,     Not run ,    0.000976 ,    0.001286 ,    0.003895 
ruby,112, Base_OpenMP , default     ,    0.011650 ,    0.028719 ,    0.006642 ,    0.005107 ,    0.009741 ,    0.013139 ,    0.059133 ,    0.058862 ,    0.006443 ,    0.009476 ,    0.023736 ,    1.511481 ,    0.001901 ,    0.006225 ,    0.006165 ,    0.002401 ,    0.009195 ,    0.012809 ,    0.045609 ,    0.012262 ,    0.045944 ,    0.109050 ,    0.023665 ,    0.009105 ,    0.012108 ,    0.003586 ,    0.023417 ,    0.057122 ,    0.099432 ,    0.004289 ,    0.011363 ,    0.032845 ,    0.130494 ,    0.106902 ,    0.004830 ,    0.002803 ,    0.025145 ,    0.074693 ,    0.098293 ,    0.002840 ,    0.023787 ,    0.039499 ,    0.060630 ,    0.040979 ,    0.023346 ,    0.002649 ,    0.006177 ,    0.004436 ,    0.009730 ,    0.006286 ,    0.163611 ,    0.339010 ,    0.005894 ,    0.006267 ,    0.002655 ,    0.027438 ,    0.018184 ,    0.007923 ,    0.003665 ,     Not run ,     Not run ,    0.001536 ,    0.002395 ,    0.002409 
ruby,56, Base_OpenMP , default     ,    0.005662 ,    0.031668 ,    0.005853 ,    0.004082 ,    0.006458 ,    0.008534 ,    0.026112 ,    0.025582 ,    0.009303 ,    0.006088 ,    0.011387 ,    0.900866 ,    0.001116 ,    0.002095 ,    0.002043 ,    0.001626 ,    0.011171 ,    0.007517 ,    0.022061 ,    0.004475 ,    0.022057 ,    0.090765 ,    0.012140 ,    0.010933 ,    0.020304 ,    0.004563 ,    0.012311 ,    0.088837 ,    0.161299 ,    0.003676 ,    0.012457 ,    0.015775 ,    0.063896 ,    0.170728 ,    0.003542 ,    0.004530 ,    0.020740 ,    0.037525 ,    0.056301 ,    0.001927 ,    0.011635 ,    0.018480 ,    0.028165 ,    0.019488 ,    0.011566 ,    0.001632 ,    0.007768 ,    0.005129 ,    0.017455 ,    0.005907 ,    0.068011 ,    0.091482 ,    0.007344 ,    0.007762 ,    0.001753 ,    0.041459 ,    0.011033 ,    0.011013 ,    0.002075 ,     Not run ,     Not run ,    0.000782 ,    0.001092 ,    0.001193 
ruby,32, Base_OpenMP , default     ,    0.004934 ,    0.049638 ,    0.007587 ,    0.005486 ,    0.007222 ,    0.012403 ,    0.018351 ,    0.018089 ,    0.010874 ,    0.008436 ,    0.009243 ,    0.727119 ,    0.001010 ,    0.001155 ,    0.001211 ,    0.001762 ,    0.014587 ,    0.008261 ,    0.018985 ,    0.002952 ,    0.018754 ,    0.057963 ,    0.010504 ,    0.017309 ,    0.026869 ,    0.006731 ,    0.015570 ,    0.156515 ,    0.273297 ,    0.004869 ,    0.022698 ,    0.013733 ,    0.049674 ,    0.300272 ,    0.006447 ,    0.006963 ,    0.014706 ,    0.032297 ,    0.053777 ,    0.002121 ,    0.010021 ,    0.013682 ,    0.018725 ,    0.014291 ,    0.010130 ,    0.002115 ,    0.011229 ,    0.007750 ,    0.029587 ,    0.008649 ,    0.043918 ,    0.047005 ,    0.010452 ,    0.011705 ,    0.002319 ,    0.070702 ,    0.015728 ,    0.016040 ,    0.002012 ,     Not run ,     Not run ,    0.000546 ,    0.000757 ,    0.000906 
ruby,28, Base_OpenMP , default     ,    0.003472 ,    0.027892 ,    0.004864 ,    0.005007 ,    0.006188 ,    0.008123 ,    0.014379 ,    0.014037 ,    0.007834 ,    0.005505 ,    0.006474 ,    0.698404 ,    0.000719 ,    0.000945 ,    0.001127 ,    0.001213 ,    0.010353 ,    0.005476 ,    0.013108 ,    0.002800 ,    0.013244 ,    0.087065 ,    0.007723 ,    0.009598 ,    0.018866 ,    0.004772 ,    0.007613 ,    0.027239 ,    0.042450 ,    0.005002 ,    0.029314 ,    0.009413 ,    0.037755 ,    0.036055 ,    0.006662 ,    0.007285 ,    0.013411 ,    0.022932 ,    0.035977 ,    0.001843 ,    0.007043 ,    0.010269 ,    0.014780 ,    0.010979 ,    0.007101 ,    0.001456 ,    0.007180 ,    0.004660 ,    0.017232 ,    0.004772 ,    0.031197 ,    0.047956 ,    0.008765 ,    0.009063 ,    0.001638 ,    0.036928 ,    0.008810 ,    0.010016 ,    0.001990 ,     Not run ,     Not run ,    0.000443 ,    0.000600 ,    0.000729 
ruby,16, Base_OpenMP , default     ,    0.003614 ,    0.046325 ,    0.007059 ,    0.007659 ,    0.009050 ,    0.015403 ,    0.014118 ,    0.014015 ,    0.010556 ,    0.010224 ,    0.006652 ,    0.625023 ,    0.000922 ,    0.000524 ,    0.000581 ,    0.001638 ,    0.017290 ,    0.007682 ,    0.014389 ,    0.002242 ,    0.014669 ,    0.061339 ,    0.008677 ,    0.018702 ,    0.033398 ,    0.007821 ,    0.012584 ,    0.048597 ,    0.076989 ,    0.007957 ,    0.016288 ,    0.009355 ,    0.038909 ,    0.063219 ,    0.003782 ,    0.002930 ,    0.015552 ,    0.025529 ,    0.042402 ,    0.002525 ,    0.007639 ,    0.009749 ,    0.014268 ,    0.011043 ,    0.007713 ,    0.002075 ,    0.012079 ,    0.007614 ,    0.035445 ,    0.007471 ,    0.019087 ,    0.015890 ,    0.015270 ,    0.015504 ,    0.002195 ,    0.063876 ,    0.017840 ,    0.018444 ,    0.002602 ,     Not run ,     Not run ,    0.000405 ,    0.000547 ,    0.000641 
ruby,8, Base_OpenMP , default     ,    0.006305 ,    0.090727 ,    0.011991 ,    0.013105 ,    0.015188 ,    0.026595 ,    0.015082 ,    0.013895 ,    0.014848 ,    0.018587 ,    0.008827 ,    0.601216 ,    0.001136 ,    0.000416 ,    0.000772 ,    0.002483 ,    0.031547 ,    0.021273 ,    0.020207 ,    0.003643 ,    0.021330 ,    0.046076 ,    0.028110 ,    0.032752 ,    0.053015 ,    0.014272 ,    0.041364 ,    0.084310 ,    0.134604 ,    0.011176 ,    0.003797 ,    0.019332 ,    0.060729 ,    0.111228 ,    0.001733 ,    0.001596 ,    0.018449 ,    0.040130 ,    0.065474 ,    0.004284 ,    0.028162 ,    0.026027 ,    0.028467 ,    0.026586 ,    0.028369 ,    0.003869 ,    0.022472 ,    0.013955 ,    0.066595 ,    0.013133 ,    0.008259 ,    0.004597 ,    0.029272 ,    0.029212 ,    0.003758 ,    0.126306 ,    0.041264 ,    0.033288 ,    0.004271 ,     Not run ,     Not run ,    0.000527 ,    0.000537 ,    0.001354 
ruby,4, Base_OpenMP , default     ,    0.019704 ,    0.179435 ,    0.023172 ,    0.027759 ,    0.032302 ,    0.048955 ,    0.036362 ,    0.035613 ,    0.028759 ,    0.034275 ,    0.016572 ,    0.633125 ,    0.002003 ,    0.000441 ,    0.001994 ,    0.004642 ,    0.058632 ,    0.039026 ,    0.078713 ,    0.006958 ,    0.078804 ,    0.083990 ,    0.058642 ,    0.064380 ,    0.099757 ,    0.028407 ,    0.077598 ,    0.168147 ,    0.268395 ,    0.021881 ,    0.006742 ,    0.044622 ,    0.203665 ,    0.221905 ,    0.002439 ,    0.004739 ,    0.040147 ,    0.127889 ,    0.161649 ,    0.008774 ,    0.058879 ,    0.071139 ,    0.078560 ,    0.071144 ,    0.058562 ,    0.007907 ,    0.046498 ,    0.028207 ,    0.129597 ,    0.026071 ,    0.007075 ,    0.005330 ,    0.057407 ,    0.057277 ,    0.007470 ,    0.252402 ,    0.081950 ,    0.066428 ,    0.009192 ,     Not run ,     Not run ,    0.001003 ,    0.001138 ,    0.003966 
ruby,112, Base_OpenMP , default     ,    0.011648 ,    0.028469 ,    0.006510 ,    0.004924 ,    0.009445 ,    0.012966 ,    0.059391 ,    0.058688 ,    0.006410 ,    0.009272 ,    0.023684 ,    1.382509 ,    0.001911 ,    0.005996 ,    0.005850 ,    0.002271 ,    0.009300 ,    0.012687 ,    0.045593 ,    0.012236 ,    0.045630 ,    0.109650 ,    0.023616 ,    0.009082 ,    0.012364 ,    0.003519 ,    0.023329 ,    0.057125 ,    0.094512 ,    0.004282 ,    0.015809 ,    0.032646 ,    0.129669 ,    0.106796 ,    0.005305 ,    0.004864 ,    0.025017 ,    0.074329 ,    0.097107 ,    0.002777 ,    0.023293 ,    0.039324 ,    0.059286 ,    0.040888 ,    0.023208 ,    0.002643 ,    0.006121 ,    0.004435 ,    0.009641 ,    0.006295 ,    0.162483 ,    0.351497 ,    0.005868 ,    0.006207 ,    0.002545 ,    0.027378 ,    0.017954 ,    0.008038 ,    0.003687 ,     Not run ,     Not run ,    0.001578 ,    0.002361 ,    0.002417 
ruby,56, Base_OpenMP , default     ,    0.005647 ,    0.031600 ,    0.005781 ,    0.004039 ,    0.006218 ,    0.008647 ,    0.025542 ,    0.025497 ,    0.010106 ,    0.006069 ,    0.011416 ,    0.905034 ,    0.001131 ,    0.002032 ,    0.002078 ,    0.001462 ,    0.011262 ,    0.007503 ,    0.021991 ,    0.004517 ,    0.022100 ,    0.090349 ,    0.012284 ,    0.010893 ,    0.020245 ,    0.004267 ,    0.012068 ,    0.088254 ,    0.166344 ,    0.003896 ,    0.012947 ,    0.016101 ,    0.062386 ,    0.170293 ,    0.003564 ,    0.002900 ,    0.020094 ,    0.037242 ,    0.056155 ,    0.001924 ,    0.011649 ,    0.018381 ,    0.025965 ,    0.019346 ,    0.011479 ,    0.001589 ,    0.007278 ,    0.005069 ,    0.017070 ,    0.005890 ,    0.068242 ,    0.088918 ,    0.007074 ,    0.007323 ,    0.001918 ,    0.041452 ,    0.010989 ,    0.010992 ,    0.002081 ,     Not run ,     Not run ,    0.000737 ,    0.001073 ,    0.001185 
ruby,32, Base_OpenMP , default     ,    0.004950 ,    0.049206 ,    0.007600 ,    0.005267 ,    0.007141 ,    0.011838 ,    0.018113 ,    0.017592 ,    0.010643 ,    0.008486 ,    0.009138 ,    0.728275 ,    0.000979 ,    0.001167 ,    0.001196 ,    0.001774 ,    0.014095 ,    0.008299 ,    0.018703 ,    0.002977 ,    0.019197 ,    0.057639 ,    0.010885 ,    0.017463 ,    0.026868 ,    0.006719 ,    0.013656 ,    0.155239 ,    0.276873 ,    0.004881 ,    0.015407 ,    0.013548 ,    0.049597 ,    0.296357 ,    0.006102 ,    0.008034 ,    0.014673 ,    0.032185 ,    0.053289 ,    0.002089 ,    0.010480 ,    0.013527 ,    0.016733 ,    0.014331 ,    0.010222 ,    0.002134 ,    0.011214 ,    0.007584 ,    0.029443 ,    0.008615 ,    0.044660 ,    0.046815 ,    0.010446 ,    0.011372 ,    0.002277 ,    0.070735 ,    0.015614 ,    0.016030 ,    0.002047 ,     Not run ,     Not run ,    0.000529 ,    0.000737 ,    0.000893 
ruby,28, Base_OpenMP , default     ,    0.003453 ,    0.027861 ,    0.004852 ,    0.004939 ,    0.005999 ,    0.008017 ,    0.014378 ,    0.014101 ,    0.007376 ,    0.005588 ,    0.006484 ,    0.694282 ,    0.000806 ,    0.000978 ,    0.001064 ,    0.001308 ,    0.009897 ,    0.005386 ,    0.013293 ,    0.002761 ,    0.013472 ,    0.086728 ,    0.007769 ,    0.010538 ,    0.018643 ,    0.004364 ,    0.007632 ,    0.026100 ,    0.040811 ,    0.004979 ,    0.017688 ,    0.009538 ,    0.037369 ,    0.034665 ,    0.007303 ,    0.005112 ,    0.013269 ,    0.023097 ,    0.035868 ,    0.001774 ,    0.007095 ,    0.010340 ,    0.014661 ,    0.011082 ,    0.007093 ,    0.001617 ,    0.007624 ,    0.004914 ,    0.017060 ,    0.004808 ,    0.031531 ,    0.044520 ,    0.008770 ,    0.008757 ,    0.001478 ,    0.036910 ,    0.008908 ,    0.010056 ,    0.001992 ,     Not run ,     Not run ,    0.000460 ,    0.000616 ,    0.000730 
ruby,16, Base_OpenMP , default     ,    0.003763 ,    0.046314 ,    0.007016 ,    0.007441 ,    0.008965 ,    0.014756 ,    0.013969 ,    0.013791 ,    0.010307 ,    0.010531 ,    0.006575 ,    0.637727 ,    0.000915 ,    0.000560 ,    0.000572 ,    0.001524 ,    0.017075 ,    0.008515 ,    0.015504 ,    0.002269 ,    0.014405 ,    0.061693 ,    0.008451 ,    0.019115 ,    0.033307 ,    0.007269 ,    0.011948 ,    0.046105 ,    0.073332 ,    0.007962 ,    0.012166 ,    0.009275 ,    0.037993 ,    0.061005 ,    0.003384 ,    0.004065 ,    0.015232 ,    0.025219 ,    0.043814 ,    0.002665 ,    0.007623 ,    0.009862 ,    0.013880 ,    0.011029 ,    0.007521 ,    0.002071 ,    0.013255 ,    0.007947 ,    0.035386 ,    0.007549 ,    0.018419 ,    0.018465 ,    0.015693 ,    0.015732 ,    0.002232 ,    0.063778 ,    0.016802 ,    0.018521 ,    0.002585 ,     Not run ,     Not run ,    0.000389 ,    0.000587 ,    0.000650 
ruby,8, Base_OpenMP , default     ,    0.004443 ,    0.090682 ,    0.012087 ,    0.013318 ,    0.015304 ,    0.026689 ,    0.015176 ,    0.013824 ,    0.014860 ,    0.018684 ,    0.008829 ,    0.580331 ,    0.001088 ,    0.000308 ,    0.000641 ,    0.002437 ,    0.031975 ,    0.021164 ,    0.026251 ,    0.003628 ,    0.026659 ,    0.046802 ,    0.027940 ,    0.032982 ,    0.053448 ,    0.014299 ,    0.041768 ,    0.084330 ,    0.134564 ,    0.011239 ,    0.003128 ,    0.019721 ,    0.064741 ,    0.111233 ,    0.001872 ,    0.001451 ,    0.018480 ,    0.041482 ,    0.067618 ,    0.004562 ,    0.028064 ,    0.018900 ,    0.022812 ,    0.019627 ,    0.028279 ,    0.003856 ,    0.022528 ,    0.014069 ,    0.066288 ,    0.013143 ,    0.008150 ,    0.004719 ,    0.029448 ,    0.029312 ,    0.003712 ,    0.126299 ,    0.041067 ,    0.033273 ,    0.004186 ,     Not run ,     Not run ,    0.000524 ,    0.000533 ,    0.001030 
ruby,4, Base_OpenMP , default     ,    0.019706 ,    0.179795 ,    0.023218 ,    0.027823 ,    0.032316 ,    0.049141 ,    0.033900 ,    0.031839 ,    0.028757 ,    0.034451 ,    0.017270 ,    0.630615 ,    0.001956 ,    0.000470 ,    0.001992 ,    0.004709 ,    0.059615 ,    0.039102 ,    0.078444 ,    0.006961 ,    0.078452 ,    0.084040 ,    0.058640 ,    0.064540 ,    0.100034 ,    0.028462 ,    0.077807 ,    0.168225 ,    0.268520 ,    0.021942 ,    0.006670 ,    0.044599 ,    0.203759 ,    0.221869 ,    0.002428 ,    0.004725 ,    0.040101 ,    0.127549 ,    0.161931 ,    0.008807 ,    0.058723 ,    0.070750 ,    0.078325 ,    0.070669 ,    0.058704 ,    0.007918 ,    0.044871 ,    0.028351 ,    0.127548 ,    0.026041 ,    0.007238 ,    0.005331 ,    0.057374 ,    0.057329 ,    0.007463 ,    0.252401 ,    0.082047 ,    0.066376 ,    0.009187 ,     Not run ,     Not run ,    0.000979 ,    0.001257 ,    0.003961 
mammoth,256, Base_OpenMP , default     ,    0.028732 ,    0.030506 ,    0.012109 ,    0.007323 ,    0.018900 ,    0.030541 ,    0.119617 ,    0.126984 ,    0.011052 ,    0.022329 ,    0.046112 ,    0.840275 ,    0.003029 ,    0.005819 ,    0.006712 ,    0.003353 ,    0.012778 ,    0.031057 ,    0.112233 ,    0.012731 ,    0.109792 ,    0.104065 ,    0.060281 ,    0.009949 ,    0.023685 ,    0.004219 ,    0.061351 ,    0.017322 ,    0.023516 ,    0.005914 ,    0.012675 ,    0.073702 ,    0.341548 ,    0.024507 ,    0.006362 ,    0.007790 ,    0.076952 ,    0.181291 ,    0.275440 ,    0.006078 ,    0.058229 ,    0.100542 ,    0.125450 ,    0.135853 ,    0.058200 ,    0.008275 ,    0.008906 ,    0.008617 ,    0.011092 ,    0.010839 ,    0.303847 ,    0.216146 ,    0.005412 ,    0.005379 ,    0.005667 ,    0.014765 ,    0.043132 ,    0.011646 ,    0.007076 ,     Not run ,     Not run ,    0.003159 ,    0.005413 ,    0.006052 
mammoth,128, Base_OpenMP , default     ,    0.016501 ,    0.020973 ,    0.007968 ,    0.004989 ,    0.011505 ,    0.018127 ,    0.073454 ,    0.072795 ,    0.009584 ,    0.013688 ,    0.028050 ,    0.768520 ,    0.001920 ,    0.003108 ,    0.003762 ,    0.002775 ,    0.010039 ,    0.018838 ,    0.063714 ,    0.006814 ,    0.063091 ,    0.083217 ,    0.033072 ,    0.009302 ,    0.015890 ,    0.003370 ,    0.034436 ,    0.022838 ,    0.033936 ,    0.005737 ,    0.007701 ,    0.043334 ,    0.186108 ,    0.037081 ,    0.004394 ,    0.004585 ,    0.049809 ,    0.099752 ,    0.162730 ,    0.003648 ,    0.031988 ,    0.055828 ,    0.069470 ,    0.056542 ,    0.032197 ,    0.005489 ,    0.007571 ,    0.005962 ,    0.010141 ,    0.008280 ,    0.177428 ,    0.098270 ,    0.005129 ,    0.005397 ,    0.002850 ,    0.013395 ,    0.024751 ,    0.011178 ,    0.004549 ,     Not run ,     Not run ,    0.001938 ,    0.003026 ,    0.003561 
mammoth,64, Base_OpenMP , default     ,    0.006530 ,    0.016666 ,    0.004461 ,    0.003200 ,    0.005874 ,    0.008126 ,    0.033247 ,    0.030785 ,    0.009745 ,    0.006702 ,    0.012119 ,    0.551675 ,    0.001157 ,    0.001440 ,    0.001903 ,    0.001891 ,    0.007184 ,    0.009217 ,    0.024998 ,    0.003374 ,    0.024494 ,    0.068021 ,    0.013451 ,    0.006853 ,    0.009119 ,    0.002265 ,    0.014799 ,    0.020733 ,    0.021719 ,    0.004281 ,    0.003497 ,    0.018883 ,    0.077487 ,    0.023241 ,    0.004399 ,    0.001684 ,    0.027639 ,    0.039423 ,    0.073265 ,    0.002107 ,    0.013502 ,    0.023491 ,    0.028747 ,    0.023280 ,    0.013427 ,    0.002553 ,    0.004885 ,    0.004087 ,    0.007909 ,    0.004151 ,    0.084351 ,    0.038273 ,    0.004579 ,    0.004532 ,    0.001791 ,    0.019306 ,    0.011205 ,    0.007320 ,    0.002427 ,     Not run ,     Not run ,    0.000962 ,    0.001442 ,    0.001747 
mammoth,32, Base_OpenMP , default     ,    0.004136 ,    0.023826 ,    0.004322 ,    0.004663 ,    0.006194 ,    0.007102 ,    0.023215 ,    0.017296 ,    0.006642 ,    0.005593 ,    0.006998 ,    0.565519 ,    0.001207 ,    0.000824 ,    0.001380 ,    0.002001 ,    0.008169 ,    0.006934 ,    0.013609 ,    0.002152 ,    0.013599 ,    0.049653 ,    0.009371 ,    0.009028 ,    0.010217 ,    0.001956 ,    0.010447 ,    0.023421 ,    0.036485 ,    0.005079 ,    0.002392 ,    0.011488 ,    0.042043 ,    0.029487 ,    0.002434 ,    0.001337 ,    0.023555 ,    0.024121 ,    0.043095 ,    0.001670 ,    0.008220 ,    0.011674 ,    0.015724 ,    0.011787 ,    0.008236 ,    0.002634 ,    0.006750 ,    0.005874 ,    0.011523 ,    0.004404 ,    0.035063 ,    0.015742 ,    0.007781 ,    0.007852 ,    0.002348 ,    0.034112 ,    0.013786 ,    0.010239 ,    0.001967 ,     Not run ,     Not run ,    0.000550 ,    0.000767 ,    0.001060 
mammoth,16, Base_OpenMP , default     ,    0.004181 ,    0.044256 ,    0.006263 ,    0.008308 ,    0.010096 ,    0.008167 ,    0.031334 ,    0.019304 ,    0.008488 ,    0.006627 ,    0.007918 ,    0.492385 ,    0.001412 ,    0.000565 ,    0.001338 ,    0.003600 ,    0.013890 ,    0.009548 ,    0.013922 ,    0.002028 ,    0.014065 ,    0.053635 ,    0.010468 ,    0.014666 ,    0.011653 ,    0.002645 ,    0.011935 ,    0.042926 ,    0.067858 ,    0.007875 ,    0.002722 ,    0.010879 ,    0.040847 ,    0.054792 ,    0.002756 ,    0.001688 ,    0.016015 ,    0.025313 ,    0.041486 ,    0.002519 ,    0.009424 ,    0.011437 ,    0.015393 ,    0.011525 ,    0.009662 ,    0.003586 ,    0.011767 ,    0.008865 ,    0.015545 ,    0.006087 ,    0.019868 ,    0.009530 ,    0.015117 ,    0.015103 ,    0.002995 ,    0.067074 ,    0.016028 ,    0.017997 ,    0.002552 ,     Not run ,     Not run ,    0.000679 ,    0.000739 ,    0.001204 
mammoth,8, Base_OpenMP , default     ,    0.005700 ,    0.086208 ,    0.010708 ,    0.016073 ,    0.019302 ,    0.011213 ,    0.054055 ,    0.030090 ,    0.012177 ,    0.008814 ,    0.012816 ,    0.485124 ,    0.002751 ,    0.000608 ,    0.003148 ,    0.006951 ,    0.026697 ,    0.011276 ,    0.019537 ,    0.003077 ,    0.019791 ,    0.090847 ,    0.013546 ,    0.026276 ,    0.019987 ,    0.004087 ,    0.016914 ,    0.083136 ,    0.133630 ,    0.014475 ,    0.004123 ,    0.013994 ,    0.059473 ,    0.108525 ,    0.003399 ,    0.002445 ,    0.021048 ,    0.034452 ,    0.063299 ,    0.004105 ,    0.012920 ,    0.016942 ,    0.020957 ,    0.017124 ,    0.016416 ,    0.005056 ,    0.022287 ,    0.015976 ,    0.033772 ,    0.010574 ,    0.014493 ,    0.007118 ,    0.029287 ,    0.029051 ,    0.004609 ,    0.133939 ,    0.017275 ,    0.033811 ,    0.004208 ,     Not run ,     Not run ,    0.000621 ,    0.000848 ,    0.001999 
mammoth,4, Base_OpenMP , default     ,    0.008832 ,    0.170298 ,    0.019962 ,    0.031902 ,    0.038042 ,    0.018894 ,    0.101182 ,    0.053843 ,    0.020386 ,    0.014556 ,    0.023113 ,    0.475297 ,    0.005448 ,    0.000547 ,    0.001936 ,    0.013437 ,    0.125661 ,    0.020711 ,    0.032584 ,    0.004755 ,    0.031623 ,    0.181369 ,    0.022539 ,    0.059644 ,    0.168354 ,    0.007030 ,    0.030112 ,    0.164169 ,    0.263611 ,    0.028342 ,    0.007143 ,    0.022772 ,    0.099230 ,    0.215010 ,    0.004278 ,    0.003814 ,    0.035017 ,    0.058732 ,    0.113438 ,    0.007600 ,    0.020801 ,    0.028368 ,    0.034508 ,    0.027859 ,    0.020880 ,    0.008639 ,    0.043150 ,    0.034647 ,    0.160431 ,    0.019940 ,    0.010958 ,    0.007391 ,    0.057478 ,    0.057396 ,    0.008341 ,    0.267722 ,    0.034164 ,    0.066629 ,    0.007607 ,     Not run ,     Not run ,    0.000996 ,    0.001702 ,    0.002735 
mammoth,256, Base_OpenMP , default     ,    0.028592 ,    0.030665 ,    0.012093 ,    0.009962 ,    0.018906 ,    0.030455 ,    0.124403 ,    0.129077 ,    0.011035 ,    0.022475 ,    0.046609 ,    0.874670 ,    0.003107 ,    0.005863 ,    0.006772 ,    0.003453 ,    0.012532 ,    0.031179 ,    0.112986 ,    0.012851 ,    0.110905 ,    0.104177 ,    0.058560 ,    0.010384 ,    0.023721 ,    0.004268 ,    0.061224 ,    0.017821 ,    0.023343 ,    0.006635 ,    0.012695 ,    0.076252 ,    0.344011 ,    0.025270 ,    0.006310 ,    0.007874 ,    0.079274 ,    0.176583 ,    0.263605 ,    0.006116 ,    0.058013 ,    0.099768 ,    0.125656 ,    0.100427 ,    0.059737 ,    0.008674 ,    0.008945 ,    0.009943 ,    0.011124 ,    0.010841 ,    0.323642 ,    0.171140 ,    0.005409 ,    0.005491 ,    0.008749 ,    0.015194 ,    0.042728 ,    0.012200 ,    0.007118 ,     Not run ,     Not run ,    0.003240 ,    0.005524 ,    0.006084 
mammoth,128, Base_OpenMP , default     ,    0.016594 ,    0.021127 ,    0.008023 ,    0.005039 ,    0.011850 ,    0.018172 ,    0.073919 ,    0.073484 ,    0.010527 ,    0.013758 ,    0.027836 ,    0.737528 ,    0.001975 ,    0.003189 ,    0.003953 ,    0.002651 ,    0.010181 ,    0.018800 ,    0.063792 ,    0.007060 ,    0.061816 ,    0.082597 ,    0.032922 ,    0.009067 ,    0.016132 ,    0.003402 ,    0.034808 ,    0.024533 ,    0.034955 ,    0.005841 ,    0.007690 ,    0.042847 ,    0.186362 ,    0.038817 ,    0.004410 ,    0.004568 ,    0.050776 ,    0.099664 ,    0.168875 ,    0.003832 ,    0.032095 ,    0.055540 ,    0.070131 ,    0.056969 ,    0.032635 ,    0.005756 ,    0.007550 ,    0.006031 ,    0.010214 ,    0.008112 ,    0.178290 ,    0.098697 ,    0.005154 ,    0.005539 ,    0.002860 ,    0.013206 ,    0.026148 ,    0.011453 ,    0.004602 ,     Not run ,     Not run ,    0.001875 ,    0.003174 ,    0.003582 
mammoth,64, Base_OpenMP , default     ,    0.006418 ,    0.016615 ,    0.004328 ,    0.003219 ,    0.005886 ,    0.008252 ,    0.033406 ,    0.030762 ,    0.009641 ,    0.006435 ,    0.011918 ,    0.548012 ,    0.001082 ,    0.001466 ,    0.001963 ,    0.001836 ,    0.006959 ,    0.009133 ,    0.024777 ,    0.003432 ,    0.024673 ,    0.072144 ,    0.013694 ,    0.006270 ,    0.009362 ,    0.002161 ,    0.014574 ,    0.022585 ,    0.022748 ,    0.004034 ,    0.003590 ,    0.018764 ,    0.077901 ,    0.024384 ,    0.004050 ,    0.001670 ,    0.027488 ,    0.039295 ,    0.066339 ,    0.001959 ,    0.013363 ,    0.022979 ,    0.028295 ,    0.023504 ,    0.013987 ,    0.003205 ,    0.004997 ,    0.004733 ,    0.009393 ,    0.004019 ,    0.084134 ,    0.053129 ,    0.004595 ,    0.004546 ,    0.001839 ,    0.019057 ,    0.010743 ,    0.007898 ,    0.002511 ,     Not run ,     Not run ,    0.000973 ,    0.001404 ,    0.001718 
mammoth,32, Base_OpenMP , default     ,    0.004094 ,    0.023846 ,    0.004282 ,    0.004616 ,    0.006233 ,    0.008337 ,    0.023495 ,    0.017642 ,    0.007144 ,    0.005540 ,    0.007455 ,    0.546648 ,    0.001428 ,    0.000885 ,    0.001405 ,    0.002151 ,    0.008192 ,    0.007266 ,    0.014326 ,    0.002186 ,    0.014409 ,    0.049460 ,    0.009026 ,    0.009680 ,    0.010153 ,    0.002001 ,    0.010818 ,    0.023729 ,    0.036689 ,    0.005090 ,    0.002254 ,    0.011489 ,    0.041752 ,    0.029532 ,    0.002361 ,    0.001335 ,    0.023364 ,    0.024527 ,    0.042198 ,    0.001690 ,    0.008299 ,    0.012339 ,    0.016667 ,    0.012443 ,    0.008653 ,    0.002419 ,    0.006984 ,    0.005554 ,    0.011543 ,    0.004568 ,    0.036111 ,    0.021242 ,    0.007777 ,    0.007757 ,    0.002137 ,    0.034097 ,    0.012103 ,    0.010307 ,    0.001988 ,     Not run ,     Not run ,    0.000619 ,    0.000793 ,    0.001074 
mammoth,16, Base_OpenMP , default     ,    0.004229 ,    0.044030 ,    0.006294 ,    0.008169 ,    0.010147 ,    0.008914 ,    0.030853 ,    0.019126 ,    0.008355 ,    0.006453 ,    0.008030 ,    0.519827 ,    0.001392 ,    0.000555 ,    0.001320 ,    0.003532 ,    0.013915 ,    0.008733 ,    0.013636 ,    0.002063 ,    0.014000 ,    0.066685 ,    0.010476 ,    0.014743 ,    0.011854 ,    0.002516 ,    0.013319 ,    0.042365 ,    0.066956 ,    0.007921 ,    0.003183 ,    0.011146 ,    0.040082 ,    0.054235 ,    0.003058 ,    0.001507 ,    0.015846 ,    0.024309 ,    0.042433 ,    0.002493 ,    0.010205 ,    0.011724 ,    0.015494 ,    0.016684 ,    0.015996 ,    0.003391 ,    0.011684 ,    0.008466 ,    0.016000 ,    0.006053 ,    0.021984 ,    0.009351 ,    0.015130 ,    0.014983 ,    0.002926 ,    0.066903 ,    0.016460 ,    0.017358 ,    0.002564 ,     Not run ,     Not run ,    0.000548 ,    0.000713 ,    0.001197 
mammoth,8, Base_OpenMP , default     ,    0.005823 ,    0.085155 ,    0.010725 ,    0.016011 ,    0.019244 ,    0.011311 ,    0.053300 ,    0.029896 ,    0.012034 ,    0.008757 ,    0.013012 ,    0.504170 ,    0.002985 ,    0.000571 ,    0.003198 ,    0.006748 ,    0.025587 ,    0.011567 ,    0.019488 ,    0.002767 ,    0.019626 ,    0.091287 ,    0.013302 ,    0.026554 ,    0.019596 ,    0.003937 ,    0.016923 ,    0.082317 ,    0.132178 ,    0.014293 ,    0.004161 ,    0.014090 ,    0.058963 ,    0.106914 ,    0.003453 ,    0.002497 ,    0.020744 ,    0.033854 ,    0.062162 ,    0.004118 ,    0.012989 ,    0.017774 ,    0.020393 ,    0.017285 ,    0.012642 ,    0.005045 ,    0.021916 ,    0.015850 ,    0.033170 ,    0.010487 ,    0.014299 ,    0.006880 ,    0.028901 ,    0.028805 ,    0.004845 ,    0.132710 ,    0.018563 ,    0.033588 ,    0.004230 ,     Not run ,     Not run ,    0.000612 ,    0.000766 ,    0.002096 
mammoth,4, Base_OpenMP , default     ,    0.008732 ,    0.170504 ,    0.020477 ,    0.031587 ,    0.038164 ,    0.022929 ,    0.101438 ,    0.054499 ,    0.020744 ,    0.015577 ,    0.023023 ,    0.499984 ,    0.005694 ,    0.000583 ,    0.001796 ,    0.013898 ,    0.122681 ,    0.020088 ,    0.033372 ,    0.004728 ,    0.031858 ,    0.183794 ,    0.023065 ,    0.059222 ,    0.166820 ,    0.006954 ,    0.029237 ,    0.163929 ,    0.264273 ,    0.028384 ,    0.007056 ,    0.022635 ,    0.099208 ,    0.214668 ,    0.004296 ,    0.003480 ,    0.035261 ,    0.059989 ,    0.113353 ,    0.007693 ,    0.021144 ,    0.027912 ,    0.034390 ,    0.027491 ,    0.022693 ,    0.008840 ,    0.043151 ,    0.034893 ,    0.160270 ,    0.019660 ,    0.010895 ,    0.007351 ,    0.057480 ,    0.057268 ,    0.008410 ,    0.267566 ,    0.037847 ,    0.067032 ,    0.007782 ,     Not run ,     Not run ,    0.001042 ,    0.001840 ,    0.002791 
mammoth,256, Base_OpenMP , default     ,    0.028034 ,    0.030463 ,    0.012099 ,    0.007321 ,    0.019091 ,    0.030557 ,    0.123255 ,    0.124695 ,    0.011071 ,    0.022132 ,    0.046509 ,    0.864199 ,    0.003061 ,    0.005921 ,    0.006781 ,    0.003431 ,    0.012562 ,    0.031149 ,    0.113061 ,    0.012774 ,    0.141436 ,    0.104925 ,    0.060512 ,    0.010222 ,    0.024024 ,    0.004336 ,    0.061183 ,    0.017661 ,    0.023926 ,    0.006186 ,    0.012762 ,    0.072936 ,    0.339932 ,    0.024644 ,    0.007766 ,    0.007500 ,    0.077024 ,    0.174956 ,    0.268355 ,    0.006131 ,    0.057882 ,    0.098749 ,    0.131639 ,    0.100236 ,    0.059494 ,    0.008670 ,    0.008902 ,    0.010288 ,    0.011248 ,    0.010894 ,    0.347041 ,    0.200875 ,    0.005599 ,    0.005556 ,    0.008026 ,    0.013941 ,    0.043991 ,    0.011593 ,    0.007152 ,     Not run ,     Not run ,    0.003271 ,    0.005466 ,    0.006084 
mammoth,128, Base_OpenMP , default     ,    0.016493 ,    0.021052 ,    0.008157 ,    0.004977 ,    0.011886 ,    0.018069 ,    0.071680 ,    0.070079 ,    0.010969 ,    0.013793 ,    0.027541 ,    0.742174 ,    0.002001 ,    0.003153 ,    0.003980 ,    0.002379 ,    0.010156 ,    0.018918 ,    0.062842 ,    0.006849 ,    0.062236 ,    0.080739 ,    0.032838 ,    0.009865 ,    0.016282 ,    0.003397 ,    0.034817 ,    0.024741 ,    0.032193 ,    0.005429 ,    0.007672 ,    0.043428 ,    0.189172 ,    0.038546 ,    0.004451 ,    0.004511 ,    0.050070 ,    0.099662 ,    0.158943 ,    0.003811 ,    0.032405 ,    0.055440 ,    0.068286 ,    0.055816 ,    0.034215 ,    0.005116 ,    0.007616 ,    0.006452 ,    0.010916 ,    0.008079 ,    0.168882 ,    0.091548 ,    0.005302 ,    0.005598 ,    0.002944 ,    0.013716 ,    0.026140 ,    0.011437 ,    0.004637 ,     Not run ,     Not run ,    0.001867 ,    0.003097 ,    0.003606 
mammoth,64, Base_OpenMP , default     ,    0.006464 ,    0.016634 ,    0.004283 ,    0.003203 ,    0.005847 ,    0.008214 ,    0.033105 ,    0.030428 ,    0.008552 ,    0.006376 ,    0.011915 ,    0.546334 ,    0.001054 ,    0.001464 ,    0.001942 ,    0.001883 ,    0.006798 ,    0.009157 ,    0.025065 ,    0.003503 ,    0.024367 ,    0.070646 ,    0.013597 ,    0.007211 ,    0.009417 ,    0.002381 ,    0.014131 ,    0.021340 ,    0.021645 ,    0.004447 ,    0.003507 ,    0.019110 ,    0.077941 ,    0.021057 ,    0.004115 ,    0.001681 ,    0.025913 ,    0.039434 ,    0.065081 ,    0.001890 ,    0.013579 ,    0.022774 ,    0.027492 ,    0.022670 ,    0.013886 ,    0.003110 ,    0.004866 ,    0.004303 ,    0.009634 ,    0.004227 ,    0.083989 ,    0.048343 ,    0.004532 ,    0.004511 ,    0.001912 ,    0.020387 ,    0.010779 ,    0.007450 ,    0.002476 ,     Not run ,     Not run ,    0.000994 ,    0.001428 ,    0.001742 
mammoth,32, Base_OpenMP , default     ,    0.004028 ,    0.023760 ,    0.004324 ,    0.004650 ,    0.006246 ,    0.006804 ,    0.023134 ,    0.017087 ,    0.006424 ,    0.005473 ,    0.007023 ,    0.546513 ,    0.001056 ,    0.000941 ,    0.001359 ,    0.001997 ,    0.007936 ,    0.007540 ,    0.014170 ,    0.002182 ,    0.014137 ,    0.052883 ,    0.009171 ,    0.009211 ,    0.010047 ,    0.002063 ,    0.010400 ,    0.023339 ,    0.036661 ,    0.005109 ,    0.002350 ,    0.011400 ,    0.041269 ,    0.029383 ,    0.002462 ,    0.001350 ,    0.023571 ,    0.024238 ,    0.041791 ,    0.001699 ,    0.008098 ,    0.011712 ,    0.015306 ,    0.011738 ,    0.008131 ,    0.002365 ,    0.006979 ,    0.005573 ,    0.011705 ,    0.004627 ,    0.034883 ,    0.015564 ,    0.007827 ,    0.007780 ,    0.001913 ,    0.034086 ,    0.014083 ,    0.010294 ,    0.001965 ,     Not run ,     Not run ,    0.000553 ,    0.000768 ,    0.001069 
mammoth,16, Base_OpenMP , default     ,    0.004267 ,    0.044027 ,    0.006286 ,    0.008190 ,    0.010219 ,    0.008948 ,    0.030930 ,    0.019298 ,    0.008767 ,    0.006943 ,    0.008041 ,    0.512846 ,    0.001672 ,    0.000559 ,    0.001318 ,    0.003525 ,    0.013947 ,    0.009022 ,    0.013812 ,    0.002060 ,    0.013677 ,    0.059779 ,    0.010219 ,    0.014358 ,    0.011423 ,    0.002593 ,    0.012661 ,    0.042099 ,    0.066974 ,    0.007896 ,    0.002946 ,    0.011091 ,    0.040695 ,    0.054347 ,    0.003012 ,    0.001568 ,    0.015716 ,    0.023983 ,    0.041525 ,    0.002494 ,    0.010305 ,    0.011380 ,    0.015228 ,    0.012129 ,    0.011956 ,    0.003543 ,    0.011726 ,    0.008499 ,    0.015572 ,    0.006345 ,    0.021429 ,    0.011913 ,    0.015031 ,    0.015160 ,    0.003269 ,    0.066856 ,    0.016441 ,    0.017546 ,    0.002565 ,     Not run ,     Not run ,    0.000523 ,    0.000710 ,    0.001068 
mammoth,8, Base_OpenMP , default     ,    0.005838 ,    0.085228 ,    0.010684 ,    0.016157 ,    0.019293 ,    0.011443 ,    0.053439 ,    0.029852 ,    0.012184 ,    0.008571 ,    0.012523 ,    0.515361 ,    0.002735 ,    0.000597 ,    0.003205 ,    0.006840 ,    0.026142 ,    0.011650 ,    0.019601 ,    0.002749 ,    0.019765 ,    0.090772 ,    0.013580 ,    0.026078 ,    0.019081 ,    0.003971 ,    0.016955 ,    0.082190 ,    0.131673 ,    0.014279 ,    0.004191 ,    0.013781 ,    0.058939 ,    0.107042 ,    0.003484 ,    0.002450 ,    0.020727 ,    0.033419 ,    0.062327 ,    0.004039 ,    0.013113 ,    0.016737 ,    0.020362 ,    0.016441 ,    0.012995 ,    0.004868 ,    0.021875 ,    0.015861 ,    0.033782 ,    0.010707 ,    0.013446 ,    0.006964 ,    0.028930 ,    0.029020 ,    0.004461 ,    0.132766 ,    0.018486 ,    0.033275 ,    0.004160 ,     Not run ,     Not run ,    0.000932 ,    0.000777 ,    0.001940 
mammoth,4, Base_OpenMP , default     ,    0.008405 ,    0.170538 ,    0.020241 ,    0.031528 ,    0.038253 ,    0.019694 ,    0.101314 ,    0.054693 ,    0.020857 ,    0.013930 ,    0.024034 ,    0.486947 ,    0.005023 ,    0.000544 ,    0.001896 ,    0.013455 ,    0.125699 ,    0.020096 ,    0.033346 ,    0.005093 ,    0.031373 ,    0.178200 ,    0.022990 ,    0.059488 ,    0.169695 ,    0.007007 ,    0.029347 ,    0.164837 ,    0.264686 ,    0.028262 ,    0.007022 ,    0.023223 ,    0.099373 ,    0.215661 ,    0.003995 ,    0.003638 ,    0.035371 ,    0.059631 ,    0.113205 ,    0.007611 ,    0.022381 ,    0.027941 ,    0.033962 ,    0.027433 ,    0.021202 ,    0.008990 ,    0.043364 ,    0.034880 ,    0.162051 ,    0.020080 ,    0.010562 ,    0.007459 ,    0.057744 ,    0.057768 ,    0.008464 ,    0.268204 ,    0.033431 ,    0.067057 ,    0.007679 ,     Not run ,     Not run ,    0.001004 ,    0.001942 ,    0.002943 
poodle,224, Base_OpenMP , default     ,    0.010913 ,    0.018301 ,    0.006835 ,    0.003381 ,    0.009082 ,    0.011402 ,    0.051909 ,    0.052101 ,    0.002829 ,    0.007930 ,    0.021373 ,    8.273522 ,    0.002715 ,    0.011994 ,    0.011780 ,    0.003197 ,    0.006869 ,    0.011022 ,    0.042749 ,    0.026280 ,    0.042727 ,    0.053654 ,    0.021345 ,    0.003938 ,    0.011221 ,    0.001385 ,    0.021297 ,    0.012692 ,    0.025447 ,    0.002963 ,    0.005493 ,    0.034410 ,    0.123823 ,    0.031589 ,    0.004262 ,    0.002626 ,    0.028703 ,    0.083717 ,    0.106209 ,    0.002579 ,    0.021318 ,    0.038825 ,    0.095887 ,    0.038893 ,    0.021239 ,    0.001683 ,    0.004024 ,    0.002788 ,    0.004831 ,    0.005002 ,    0.162896 ,    1.307569 ,    0.003604 ,    0.003712 ,    0.003390 ,    0.015263 ,    0.015647 ,    0.004423 ,    0.003048 ,     Not run ,     Not run ,    0.002513 ,    0.002168 ,    0.002283 
poodle,112, Base_OpenMP , default     ,    0.004806 ,    0.020454 ,    0.004184 ,    0.002253 ,    0.004121 ,    0.005345 ,    0.024906 ,    0.024778 ,    0.002722 ,    0.003796 ,    0.009706 ,    3.244904 ,    0.001001 ,    0.004263 ,    0.004178 ,    0.001221 ,    0.006208 ,    0.005568 ,    0.018617 ,    0.009429 ,    0.018635 ,    0.043076 ,    0.009652 ,    0.004225 ,    0.005565 ,    0.000895 ,    0.009639 ,    0.024833 ,    0.048705 ,    0.002285 ,    0.002681 ,    0.015921 ,    0.056527 ,    0.058597 ,    0.003324 ,    0.001217 ,    0.019099 ,    0.037178 ,    0.056230 ,    0.001572 ,    0.009325 ,    0.016546 ,    0.026248 ,    0.017075 ,    0.009450 ,    0.001215 ,    0.003767 ,    0.002893 ,    0.004868 ,    0.003410 ,    0.066671 ,    0.305876 ,    0.004217 ,    0.003988 ,    0.001679 ,    0.027353 ,    0.008255 ,    0.004983 ,    0.001650 ,     Not run ,     Not run ,    0.000831 ,    0.001078 ,    0.001059 
poodle,56, Base_OpenMP , default     ,    0.003281 ,    0.017153 ,    0.003300 ,    0.002334 ,    0.002704 ,    0.005326 ,    0.016435 ,    0.016067 ,    0.002333 ,    0.004448 ,    0.006443 ,    0.967787 ,    0.000536 ,    0.002186 ,    0.002221 ,    0.000781 ,    0.005263 ,    0.004082 ,    0.013108 ,    0.005246 ,    0.013064 ,    0.034788 ,    0.006989 ,    0.003956 ,    0.004154 ,    0.000727 ,    0.007078 ,    0.014486 ,    0.022834 ,    0.002977 ,    0.001884 ,    0.009863 ,    0.036426 ,    0.018997 ,    0.003090 ,    0.000925 ,    0.018852 ,    0.021889 ,    0.032712 ,    0.001070 ,    0.006652 ,    0.011949 ,    0.014086 ,    0.011652 ,    0.006829 ,    0.001355 ,    0.003274 ,    0.003057 ,    0.004448 ,    0.002631 ,    0.044961 ,    0.105930 ,    0.004315 ,    0.004312 ,    0.001235 ,    0.023303 ,    0.006708 ,    0.004617 ,    0.001259 ,     Not run ,     Not run ,    0.000471 ,    0.000716 ,    0.000766 
poodle,32, Base_OpenMP , default     ,    0.002396 ,    0.026679 ,    0.004083 ,    0.003852 ,    0.001982 ,    0.006701 ,    0.011423 ,    0.011068 ,    0.003072 ,    0.006028 ,    0.004581 ,    0.800551 ,    0.000473 ,    0.000752 ,    0.000762 ,    0.000866 ,    0.008302 ,    0.004072 ,    0.009433 ,    0.002521 ,    0.009540 ,    0.030400 ,    0.005603 ,    0.006226 ,    0.004907 ,    0.000802 ,    0.005616 ,    0.025091 ,    0.040624 ,    0.005248 ,    0.001452 ,    0.007854 ,    0.027696 ,    0.033373 ,    0.001864 ,    0.000643 ,    0.020979 ,    0.015906 ,    0.029611 ,    0.001047 ,    0.004911 ,    0.008570 ,    0.009679 ,    0.008344 ,    0.005045 ,    0.001674 ,    0.004688 ,    0.004171 ,    0.007468 ,    0.003422 ,    0.024776 ,    0.047566 ,    0.006687 ,    0.006687 ,    0.001337 ,    0.040042 ,    0.008059 ,    0.007211 ,    0.001168 ,     Not run ,     Not run ,    0.000314 ,    0.000515 ,    0.000556 
poodle,16, Base_OpenMP , default     ,    0.002549 ,    0.051104 ,    0.006910 ,    0.007769 ,    0.002335 ,    0.012400 ,    0.011912 ,    0.011554 ,    0.004232 ,    0.011635 ,    0.004770 ,    0.692190 ,    0.000626 ,    0.000307 ,    0.000518 ,    0.001408 ,    0.015980 ,    0.005761 ,    0.009971 ,    0.002558 ,    0.010206 ,    0.028450 ,    0.007164 ,    0.011920 ,    0.033852 ,    0.001231 ,    0.007028 ,    0.052135 ,    0.084312 ,    0.007408 ,    0.001563 ,    0.007260 ,    0.029231 ,    0.070175 ,    0.001222 ,    0.000636 ,    0.011844 ,    0.017181 ,    0.034158 ,    0.001384 ,    0.005414 ,    0.009152 ,    0.009724 ,    0.008826 ,    0.005634 ,    0.002808 ,    0.008949 ,    0.007719 ,    0.021361 ,    0.006155 ,    0.011281 ,    0.014412 ,    0.013131 ,    0.013123 ,    0.002042 ,    0.079392 ,    0.013913 ,    0.013970 ,    0.001586 ,     Not run ,     Not run ,    0.000268 ,    0.000494 ,    0.000574 
poodle,8, Base_OpenMP , default     ,    0.004131 ,    0.101236 ,    0.013484 ,    0.015085 ,    0.004582 ,    0.029221 ,    0.019862 ,    0.018480 ,    0.007700 ,    0.025349 ,    0.007776 ,    0.639593 ,    0.001117 ,    0.000306 ,    0.000738 ,    0.002689 ,    0.033913 ,    0.011939 ,    0.017127 ,    0.004408 ,    0.017576 ,    0.051777 ,    0.014284 ,    0.028526 ,    0.042723 ,    0.002301 ,    0.020204 ,    0.089430 ,    0.145549 ,    0.013225 ,    0.002619 ,    0.011856 ,    0.048723 ,    0.120983 ,    0.001385 ,    0.000963 ,    0.021347 ,    0.030487 ,    0.056899 ,    0.002486 ,    0.010950 ,    0.015365 ,    0.015827 ,    0.014745 ,    0.011046 ,    0.005401 ,    0.017842 ,    0.014249 ,    0.060741 ,    0.011770 ,    0.007884 ,    0.003783 ,    0.025346 ,    0.025347 ,    0.003733 ,    0.158477 ,    0.036031 ,    0.027872 ,    0.003130 ,     Not run ,     Not run ,    0.000345 ,    0.000742 ,    0.000968 
poodle,4, Base_OpenMP , default     ,    0.010894 ,    0.202974 ,    0.026682 ,    0.030554 ,    0.009487 ,    0.043423 ,    0.028619 ,    0.028617 ,    0.014600 ,    0.030389 ,    0.014381 ,    0.700012 ,    0.002160 ,    0.000400 ,    0.001117 ,    0.005287 ,    0.084839 ,    0.033751 ,    0.042586 ,    0.008511 ,    0.044676 ,    0.081723 ,    0.046874 ,    0.063056 ,    0.098145 ,    0.004533 ,    0.067560 ,    0.170609 ,    0.277695 ,    0.026233 ,    0.004986 ,    0.036794 ,    0.119281 ,    0.230700 ,    0.002475 ,    0.002219 ,    0.037644 ,    0.068880 ,    0.116307 ,    0.004774 ,    0.045207 ,    0.036494 ,    0.030849 ,    0.035584 ,    0.045163 ,    0.010683 ,    0.035372 ,    0.029564 ,    0.114893 ,    0.021232 ,    0.006758 ,    0.004792 ,    0.049825 ,    0.049828 ,    0.007420 ,    0.317172 ,    0.066564 ,    0.054819 ,    0.006064 ,     Not run ,     Not run ,    0.000537 ,    0.001170 ,    0.002121 
poodle,224, Base_OpenMP , default     ,    0.010339 ,    0.017828 ,    0.007137 ,    0.003310 ,    0.008415 ,    0.010818 ,    0.049115 ,    0.049139 ,    0.002876 ,    0.007799 ,    0.020201 ,    9.623992 ,    0.002710 ,    0.012914 ,    0.012908 ,    0.003558 ,    0.006590 ,    0.010617 ,    0.040930 ,    0.028939 ,    0.040724 ,    0.053144 ,    0.020455 ,    0.003859 ,    0.009299 ,    0.001323 ,    0.020286 ,    0.015149 ,    0.025900 ,    0.002893 ,    0.005329 ,    0.032722 ,    0.119496 ,    0.031540 ,    0.004146 ,    0.002558 ,    0.025957 ,    0.080546 ,    0.102242 ,    0.002483 ,    0.020404 ,    0.037168 ,    0.113864 ,    0.037180 ,    0.020230 ,    0.001522 ,    0.003833 ,    0.004023 ,    0.004720 ,    0.004822 ,    0.155297 ,    1.156540 ,    0.003258 ,    0.003532 ,    0.003324 ,    0.015186 ,    0.014945 ,    0.004447 ,    0.003039 ,     Not run ,     Not run ,    0.003053 ,    0.002082 ,    0.002219 
poodle,112, Base_OpenMP , default     ,    0.004724 ,    0.020385 ,    0.003976 ,    0.002251 ,    0.004044 ,    0.005270 ,    0.024472 ,    0.024232 ,    0.002691 ,    0.003738 ,    0.009479 ,    3.061714 ,    0.001047 ,    0.003178 ,    0.003203 ,    0.001232 ,    0.006178 ,    0.005374 ,    0.018247 ,    0.007037 ,    0.018191 ,    0.042878 ,    0.009443 ,    0.004290 ,    0.005881 ,    0.000883 ,    0.009407 ,    0.024800 ,    0.049031 ,    0.002252 ,    0.002630 ,    0.015656 ,    0.055193 ,    0.059199 ,    0.003248 ,    0.001183 ,    0.019489 ,    0.036271 ,    0.055856 ,    0.001563 ,    0.009106 ,    0.016227 ,    0.028108 ,    0.016669 ,    0.009243 ,    0.001777 ,    0.003740 ,    0.003298 ,    0.004820 ,    0.003381 ,    0.064968 ,    0.334341 ,    0.004314 ,    0.004338 ,    0.001689 ,    0.027380 ,    0.007989 ,    0.004990 ,    0.001608 ,     Not run ,     Not run ,    0.000846 ,    0.001062 ,    0.001040 
poodle,56, Base_OpenMP , default     ,    0.003267 ,    0.017045 ,    0.003344 ,    0.002377 ,    0.002650 ,    0.005308 ,    0.016305 ,    0.016291 ,    0.002340 ,    0.004467 ,    0.006269 ,    0.959210 ,    0.000543 ,    0.001968 ,    0.002053 ,    0.000755 ,    0.005326 ,    0.004054 ,    0.013033 ,    0.004964 ,    0.012980 ,    0.034877 ,    0.006900 ,    0.003969 ,    0.004246 ,    0.001037 ,    0.006998 ,    0.014537 ,    0.022866 ,    0.002971 ,    0.001819 ,    0.009739 ,    0.036684 ,    0.019000 ,    0.003074 ,    0.000903 ,    0.019232 ,    0.022057 ,    0.033049 ,    0.001062 ,    0.006631 ,    0.011777 ,    0.013830 ,    0.011589 ,    0.006785 ,    0.001193 ,    0.003252 ,    0.003026 ,    0.004470 ,    0.002629 ,    0.045563 ,    0.167090 ,    0.004313 ,    0.004322 ,    0.001153 ,    0.023276 ,    0.006647 ,    0.004659 ,    0.001264 ,     Not run ,     Not run ,    0.000484 ,    0.000728 ,    0.000761 
poodle,32, Base_OpenMP , default     ,    0.002353 ,    0.026637 ,    0.004001 ,    0.003865 ,    0.001998 ,    0.006709 ,    0.011378 ,    0.011021 ,    0.003075 ,    0.006020 ,    0.004494 ,    0.844251 ,    0.000475 ,    0.000908 ,    0.000875 ,    0.000863 ,    0.008248 ,    0.004039 ,    0.009220 ,    0.002729 ,    0.009295 ,    0.030290 ,    0.005496 ,    0.006405 ,    0.004921 ,    0.000801 ,    0.005585 ,    0.025103 ,    0.040541 ,    0.005265 ,    0.001446 ,    0.007812 ,    0.027381 ,    0.033348 ,    0.001863 ,    0.000626 ,    0.014627 ,    0.015587 ,    0.029579 ,    0.001047 ,    0.004842 ,    0.008439 ,    0.009603 ,    0.008243 ,    0.004951 ,    0.001693 ,    0.004692 ,    0.004096 ,    0.007655 ,    0.003377 ,    0.024695 ,    0.052799 ,    0.006690 ,    0.006685 ,    0.001325 ,    0.040156 ,    0.008005 ,    0.007195 ,    0.001165 ,     Not run ,     Not run ,    0.000317 ,    0.000511 ,    0.000546 
poodle,16, Base_OpenMP , default     ,    0.002564 ,    0.051086 ,    0.006950 ,    0.007527 ,    0.002336 ,    0.012646 ,    0.011871 ,    0.011285 ,    0.004181 ,    0.011657 ,    0.004810 ,    0.701193 ,    0.000630 ,    0.000320 ,    0.000516 ,    0.001409 ,    0.015806 ,    0.005821 ,    0.009800 ,    0.002551 ,    0.010071 ,    0.028724 ,    0.007103 ,    0.012444 ,    0.035236 ,    0.001301 ,    0.007020 ,    0.052337 ,    0.084300 ,    0.007422 ,    0.001580 ,    0.007291 ,    0.029379 ,    0.070174 ,    0.001238 ,    0.000643 ,    0.011888 ,    0.017021 ,    0.034385 ,    0.001382 ,    0.005473 ,    0.009163 ,    0.009534 ,    0.008880 ,    0.005591 ,    0.002795 ,    0.008959 ,    0.007729 ,    0.021089 ,    0.006022 ,    0.011055 ,    0.014567 ,    0.013141 ,    0.013140 ,    0.001993 ,    0.079395 ,    0.014413 ,    0.013980 ,    0.001577 ,     Not run ,     Not run ,    0.000265 ,    0.000484 ,    0.000570 
poodle,8, Base_OpenMP , default     ,    0.004143 ,    0.101250 ,    0.013690 ,    0.015144 ,    0.004611 ,    0.029446 ,    0.019925 ,    0.017503 ,    0.007711 ,    0.025170 ,    0.007784 ,    0.677807 ,    0.001115 ,    0.000294 ,    0.000746 ,    0.002702 ,    0.033078 ,    0.012456 ,    0.017881 ,    0.004401 ,    0.017836 ,    0.053102 ,    0.013696 ,    0.028763 ,    0.042876 ,    0.002623 ,    0.019539 ,    0.089862 ,    0.146200 ,    0.013234 ,    0.002621 ,    0.011916 ,    0.048618 ,    0.121365 ,    0.001423 ,    0.000965 ,    0.021490 ,    0.029943 ,    0.057207 ,    0.002467 ,    0.010655 ,    0.015351 ,    0.015825 ,    0.014745 ,    0.011104 ,    0.005390 ,    0.017738 ,    0.015297 ,    0.060676 ,    0.011163 ,    0.007536 ,    0.003706 ,    0.025356 ,    0.025356 ,    0.003720 ,    0.158485 ,    0.036094 ,    0.027483 ,    0.003119 ,     Not run ,     Not run ,    0.000343 ,    0.000736 ,    0.000925 
poodle,4, Base_OpenMP , default     ,    0.011163 ,    0.202877 ,    0.026959 ,    0.030645 ,    0.009231 ,    0.044456 ,    0.027879 ,    0.027880 ,    0.014716 ,    0.031134 ,    0.014352 ,    0.583381 ,    0.002152 ,    0.000399 ,    0.001130 ,    0.005293 ,    0.084739 ,    0.033931 ,    0.041924 ,    0.008502 ,    0.043810 ,    0.073410 ,    0.045955 ,    0.063738 ,    0.099217 ,    0.005176 ,    0.067526 ,    0.170850 ,    0.278479 ,    0.026213 ,    0.004975 ,    0.036313 ,    0.123630 ,    0.231742 ,    0.002477 ,    0.002193 ,    0.037367 ,    0.065457 ,    0.114988 ,    0.004814 ,    0.045132 ,    0.037140 ,    0.031747 ,    0.036489 ,    0.045276 ,    0.010654 ,    0.035300 ,    0.031298 ,    0.115811 ,    0.021504 ,    0.006969 ,    0.004748 ,    0.049855 ,    0.049836 ,    0.007411 ,    0.317194 ,    0.065984 ,    0.054785 ,    0.006075 ,     Not run ,     Not run ,    0.000545 ,    0.001173 ,    0.002167 
poodle,224, Base_OpenMP , default     ,    0.009519 ,    0.016963 ,    0.004644 ,    0.003116 ,    0.007793 ,    0.009949 ,    0.044866 ,    0.044859 ,    0.002814 ,    0.006970 ,    0.018484 ,    9.413881 ,    0.002813 ,    0.014847 ,    0.014710 ,    0.003553 ,    0.006377 ,    0.009645 ,    0.037316 ,    0.030855 ,    0.041555 ,    0.051981 ,    0.018680 ,    0.003655 ,    0.008279 ,    0.001246 ,    0.018681 ,    0.014148 ,    0.025590 ,    0.002846 ,    0.004968 ,    0.031319 ,    0.109797 ,    0.031449 ,    0.004032 ,    0.002339 ,    0.024566 ,    0.074130 ,    0.095137 ,    0.002330 ,    0.018690 ,    0.034046 ,    0.119355 ,    0.033889 ,    0.018584 ,    0.003173 ,    0.003693 ,    0.002679 ,    0.004353 ,    0.004493 ,    0.143591 ,    1.268458 ,    0.003598 ,    0.003626 ,    0.001317 ,    0.015009 ,    0.013957 ,    0.004184 ,    0.002793 ,     Not run ,     Not run ,    0.003086 ,    0.001899 ,    0.002019 
poodle,112, Base_OpenMP , default     ,    0.004840 ,    0.020393 ,    0.004018 ,    0.002269 ,    0.004098 ,    0.005354 ,    0.025023 ,    0.024846 ,    0.002703 ,    0.003808 ,    0.009685 ,    2.640763 ,    0.001150 ,    0.003213 ,    0.003153 ,    0.001333 ,    0.006228 ,    0.005488 ,    0.018631 ,    0.007022 ,    0.018667 ,    0.042729 ,    0.009608 ,    0.004277 ,    0.005373 ,    0.000893 ,    0.009597 ,    0.024736 ,    0.048959 ,    0.002298 ,    0.002662 ,    0.015895 ,    0.055877 ,    0.058666 ,    0.003342 ,    0.001211 ,    0.019370 ,    0.036925 ,    0.055625 ,    0.001545 ,    0.009323 ,    0.016558 ,    0.028877 ,    0.017055 ,    0.009433 ,    0.001780 ,    0.003729 ,    0.003230 ,    0.004807 ,    0.003434 ,    0.066177 ,    0.375028 ,    0.004241 ,    0.004302 ,    0.001111 ,    0.027274 ,    0.008105 ,    0.005011 ,    0.001627 ,     Not run ,     Not run ,    0.000907 ,    0.001086 ,    0.001055 
poodle,56, Base_OpenMP , default     ,    0.003247 ,    0.017036 ,    0.003308 ,    0.002429 ,    0.002618 ,    0.005429 ,    0.016183 ,    0.016086 ,    0.002316 ,    0.004466 ,    0.006289 ,    0.922725 ,    0.000541 ,    0.001713 ,    0.001837 ,    0.000787 ,    0.005330 ,    0.004042 ,    0.013103 ,    0.004309 ,    0.013613 ,    0.034636 ,    0.006965 ,    0.003993 ,    0.004164 ,    0.000736 ,    0.007050 ,    0.014472 ,    0.022885 ,    0.002935 ,    0.001905 ,    0.009645 ,    0.036442 ,    0.018994 ,    0.003053 ,    0.000900 ,    0.018460 ,    0.021697 ,    0.033176 ,    0.001068 ,    0.006586 ,    0.011777 ,    0.014076 ,    0.011600 ,    0.006779 ,    0.001188 ,    0.003265 ,    0.003036 ,    0.004474 ,    0.002680 ,    0.046260 ,    0.164812 ,    0.004340 ,    0.004322 ,    0.001190 ,    0.023312 ,    0.006594 ,    0.004651 ,    0.001286 ,     Not run ,     Not run ,    0.000463 ,    0.000709 ,    0.000743 
poodle,32, Base_OpenMP , default     ,    0.002450 ,    0.026753 ,    0.004042 ,    0.003845 ,    0.002014 ,    0.006847 ,    0.011701 ,    0.011303 ,    0.003090 ,    0.006026 ,    0.004544 ,    0.852516 ,    0.000477 ,    0.000708 ,    0.000745 ,    0.000863 ,    0.008141 ,    0.004077 ,    0.009495 ,    0.002489 ,    0.009607 ,    0.030361 ,    0.005609 ,    0.006366 ,    0.004909 ,    0.000801 ,    0.005678 ,    0.025119 ,    0.040550 ,    0.005185 ,    0.001475 ,    0.007726 ,    0.027888 ,    0.033367 ,    0.001937 ,    0.000642 ,    0.014765 ,    0.015889 ,    0.029608 ,    0.001057 ,    0.005058 ,    0.008649 ,    0.009833 ,    0.008650 ,    0.005076 ,    0.001668 ,    0.004695 ,    0.004105 ,    0.007823 ,    0.003390 ,    0.025087 ,    0.048608 ,    0.006697 ,    0.006681 ,    0.001344 ,    0.040023 ,    0.008106 ,    0.007220 ,    0.001170 ,     Not run ,     Not run ,    0.000316 ,    0.000516 ,    0.000564 
poodle,16, Base_OpenMP , default     ,    0.002531 ,    0.051060 ,    0.006943 ,    0.007511 ,    0.002356 ,    0.012447 ,    0.012004 ,    0.011075 ,    0.004202 ,    0.011871 ,    0.004784 ,    0.666740 ,    0.000616 ,    0.000342 ,    0.000507 ,    0.001413 ,    0.015910 ,    0.006356 ,    0.009907 ,    0.002577 ,    0.010108 ,    0.028927 ,    0.007062 ,    0.011929 ,    0.034447 ,    0.001292 ,    0.007091 ,    0.052364 ,    0.084428 ,    0.007448 ,    0.001579 ,    0.007286 ,    0.029312 ,    0.070195 ,    0.001227 ,    0.000713 ,    0.011938 ,    0.017074 ,    0.034492 ,    0.001378 ,    0.005406 ,    0.009170 ,    0.009764 ,    0.008879 ,    0.005625 ,    0.002797 ,    0.008955 ,    0.007742 ,    0.021190 ,    0.006226 ,    0.011219 ,    0.014414 ,    0.013138 ,    0.013149 ,    0.001993 ,    0.079412 ,    0.013668 ,    0.013973 ,    0.001583 ,     Not run ,     Not run ,    0.000265 ,    0.000492 ,    0.000571 
poodle,8, Base_OpenMP , default     ,    0.004109 ,    0.101215 ,    0.013703 ,    0.015212 ,    0.004553 ,    0.029683 ,    0.020047 ,    0.017576 ,    0.007767 ,    0.025405 ,    0.007751 ,    0.666888 ,    0.001112 ,    0.000302 ,    0.000717 ,    0.002687 ,    0.033274 ,    0.012178 ,    0.017464 ,    0.004413 ,    0.017713 ,    0.053112 ,    0.014152 ,    0.028849 ,    0.042808 ,    0.002620 ,    0.019765 ,    0.090126 ,    0.146401 ,    0.013224 ,    0.002636 ,    0.011796 ,    0.048678 ,    0.121516 ,    0.001399 ,    0.000961 ,    0.021315 ,    0.029379 ,    0.056978 ,    0.002464 ,    0.010946 ,    0.015680 ,    0.016018 ,    0.015597 ,    0.010938 ,    0.005550 ,    0.017815 ,    0.015285 ,    0.060707 ,    0.011478 ,    0.007751 ,    0.003787 ,    0.025356 ,    0.025358 ,    0.003770 ,    0.158494 ,    0.035830 ,    0.027839 ,    0.003128 ,     Not run ,     Not run ,    0.000345 ,    0.000737 ,    0.000908 
poodle,4, Base_OpenMP , default     ,    0.010778 ,    0.202843 ,    0.026942 ,    0.030553 ,    0.009355 ,    0.043822 ,    0.028001 ,    0.028119 ,    0.014819 ,    0.031075 ,    0.014299 ,    0.603422 ,    0.002145 ,    0.000401 ,    0.001179 ,    0.005289 ,    0.084885 ,    0.033965 ,    0.040439 ,    0.008502 ,    0.042719 ,    0.073694 ,    0.047827 ,    0.064204 ,    0.099460 ,    0.005167 ,    0.067470 ,    0.171434 ,    0.278592 ,    0.026217 ,    0.005011 ,    0.036304 ,    0.123570 ,    0.231672 ,    0.002426 ,    0.002180 ,    0.037599 ,    0.069095 ,    0.118832 ,    0.004823 ,    0.044661 ,    0.037555 ,    0.032443 ,    0.036867 ,    0.044575 ,    0.010675 ,    0.035444 ,    0.029707 ,    0.115741 ,    0.021466 ,    0.006933 ,    0.004774 ,    0.049827 ,    0.052486 ,    0.007445 ,    0.317199 ,    0.066177 ,    0.055589 ,    0.005980 ,     Not run ,     Not run ,    0.000544 ,    0.001175 ,    0.002094 
ec2-c5n,72, Base_OpenMP , default     ,    0.006354 ,    0.027719 ,    0.005247 ,    0.003646 ,    0.006049 ,    0.008153 ,    0.040638 ,    0.033902 ,    0.012674 ,    0.005863 ,    0.017159 ,    1.015320 ,    0.001488 ,    0.002554 ,    0.002729 ,    0.002050 ,    0.009333 ,    0.009831 ,    0.024915 ,    0.005570 ,    0.024670 ,    0.069249 ,    0.014658 ,    0.007213 ,    0.015837 ,    0.001758 ,    0.012952 ,    0.074602 ,    0.139114 ,    0.003311 ,    0.012706 ,    0.016676 ,    0.066890 ,    0.143576 ,    0.003878 ,    0.003748 ,    0.016066 ,    0.039552 ,    0.057442 ,    0.001783 ,    0.012298 ,    0.021847 ,    0.029102 ,    0.021501 ,    0.012316 ,    0.002372 ,    0.006470 ,    0.005528 ,    0.006171 ,    0.006951 ,    0.073539 ,    0.167832 ,    0.006134 ,    0.006143 ,    0.002131 ,    0.034296 ,    0.011833 ,    0.010462 ,    0.001844 ,     Not run ,     Not run ,    0.000793 ,    0.001260 ,    0.001273 
ec2-c5n,36, Base_OpenMP , default     ,    0.005382 ,    0.047551 ,    0.008224 ,    0.005839 ,    0.007576 ,    0.011564 ,    0.045740 ,    0.033151 ,    0.020850 ,    0.008177 ,    0.015205 ,    0.958267 ,    0.001580 ,    0.001311 ,    0.001419 ,    0.002778 ,    0.013968 ,    0.012482 ,    0.020673 ,    0.003077 ,    0.020456 ,    0.063399 ,    0.015696 ,    0.013775 ,    0.024413 ,    0.003758 ,    0.013209 ,    0.146920 ,    0.276234 ,    0.005087 ,    0.010446 ,    0.015759 ,    0.058155 ,    0.285541 ,    0.003141 ,    0.001355 ,    0.019759 ,    0.035274 ,    0.061370 ,    0.001992 ,    0.011174 ,    0.018179 ,    0.022996 ,    0.017812 ,    0.011216 ,    0.003829 ,    0.011475 ,    0.010046 ,    0.013414 ,    0.011643 ,    0.045923 ,    0.059563 ,    0.010198 ,    0.010198 ,    0.003484 ,    0.067020 ,    0.015396 ,    0.019395 ,    0.001998 ,     Not run ,     Not run ,    0.000641 ,    0.000955 ,    0.001056 
ec2-c5n,32, Base_OpenMP , default     ,    0.005588 ,    0.052929 ,    0.009014 ,    0.006404 ,    0.008091 ,    0.012951 ,    0.049288 ,    0.034156 ,    0.019808 ,    0.009029 ,    0.015654 ,    0.863436 ,    0.001986 ,    0.001098 ,    0.001191 ,    0.003194 ,    0.015860 ,    0.013421 ,    0.021605 ,    0.003012 ,    0.021065 ,    0.049194 ,    0.016610 ,    0.015263 ,    0.027009 ,    0.003024 ,    0.016417 ,    0.167049 ,    0.311033 ,    0.005563 ,    0.013410 ,    0.016390 ,    0.060006 ,    0.321766 ,    0.003842 ,    0.003766 ,    0.019981 ,    0.036925 ,    0.064166 ,    0.002172 ,    0.011411 ,    0.018590 ,    0.023181 ,    0.018095 ,    0.011810 ,    0.004246 ,    0.012822 ,    0.011308 ,    0.015693 ,    0.012912 ,    0.044943 ,    0.052008 ,    0.011573 ,    0.011640 ,    0.003856 ,    0.075156 ,    0.016992 ,    0.021661 ,    0.002118 ,     Not run ,     Not run ,    0.000666 ,    0.001086 ,    0.001039 
ec2-c5n,18, Base_OpenMP , default     ,    0.004249 ,    0.044415 ,    0.008234 ,    0.007970 ,    0.008738 ,    0.011928 ,    0.038496 ,    0.028739 ,    0.018088 ,    0.007986 ,    0.013128 ,    0.692019 ,    0.001533 ,    0.000727 ,    0.000964 ,    0.002752 ,    0.014306 ,    0.011411 ,    0.016069 ,    0.002759 ,    0.016383 ,    0.061680 ,    0.012793 ,    0.013244 ,    0.024200 ,    0.002997 ,    0.011066 ,    0.040849 ,    0.065197 ,    0.007560 ,    0.018321 ,    0.012241 ,    0.048274 ,    0.053589 ,    0.004175 ,    0.004643 ,    0.016728 ,    0.030298 ,    0.047443 ,    0.002079 ,    0.008781 ,    0.013316 ,    0.024864 ,    0.012964 ,    0.008605 ,    0.003658 ,    0.012392 ,    0.009850 ,    0.013410 ,    0.010332 ,    0.027768 ,    0.029660 ,    0.015125 ,    0.015150 ,    0.003159 ,    0.060153 ,    0.013499 ,    0.019124 ,    0.002496 ,     Not run ,     Not run ,    0.000652 ,    0.000701 ,    0.000783 
ec2-c5n,16, Base_OpenMP , default     ,    0.004214 ,    0.049605 ,    0.008632 ,    0.008875 ,    0.009624 ,    0.012496 ,    0.042123 ,    0.031034 ,    0.017938 ,    0.008579 ,    0.013913 ,    0.693613 ,    0.001531 ,    0.000723 ,    0.000978 ,    0.003216 ,    0.016423 ,    0.012535 ,    0.017190 ,    0.003071 ,    0.017418 ,    0.058783 ,    0.013669 ,    0.015358 ,    0.028104 ,    0.003276 ,    0.013503 ,    0.045849 ,    0.073151 ,    0.008496 ,    0.018679 ,    0.013367 ,    0.051098 ,    0.059977 ,    0.004247 ,    0.005969 ,    0.017793 ,    0.032388 ,    0.051043 ,    0.002334 ,    0.008711 ,    0.013895 ,    0.026505 ,    0.013799 ,    0.008680 ,    0.004148 ,    0.013906 ,    0.011120 ,    0.015444 ,    0.011541 ,    0.024705 ,    0.023921 ,    0.017269 ,    0.017559 ,    0.003517 ,    0.067549 ,    0.015301 ,    0.021433 ,    0.002658 ,     Not run ,     Not run ,    0.000712 ,    0.000665 ,    0.000808 
ec2-c5n,8, Base_OpenMP , default     ,    0.007452 ,    0.096437 ,    0.016439 ,    0.017022 ,    0.017539 ,    0.027930 ,    0.072259 ,    0.049836 ,    0.031222 ,    0.019487 ,    0.022415 ,    0.563633 ,    0.002305 ,    0.000691 ,    0.001038 ,    0.004764 ,    0.048329 ,    0.023468 ,    0.026445 ,    0.003925 ,    0.027463 ,    0.042044 ,    0.030632 ,    0.033777 ,    0.065820 ,    0.006253 ,    0.043736 ,    0.090156 ,    0.144018 ,    0.013058 ,    0.004786 ,    0.022207 ,    0.089908 ,    0.118431 ,    0.002135 ,    0.002412 ,    0.027306 ,    0.051979 ,    0.083328 ,    0.003745 ,    0.028440 ,    0.021794 ,    0.039577 ,    0.022358 ,    0.028661 ,    0.008022 ,    0.027764 ,    0.022925 ,    0.038961 ,    0.022343 ,    0.009567 ,    0.004299 ,    0.033247 ,    0.033248 ,    0.006847 ,    0.134142 ,    0.043806 ,    0.042495 ,    0.004496 ,     Not run ,     Not run ,    0.000996 ,    0.000761 ,    0.001115 
ec2-c5n,4, Base_OpenMP , default     ,    0.020245 ,    0.192555 ,    0.032865 ,    0.034490 ,    0.035169 ,    0.052735 ,    0.140489 ,    0.095923 ,    0.062325 ,    0.036936 ,    0.043186 ,    0.611312 ,    0.004457 ,    0.001206 ,    0.002041 ,    0.009375 ,    0.077824 ,    0.046448 ,    0.081542 ,    0.007514 ,    0.081571 ,    0.079417 ,    0.060770 ,    0.064943 ,    0.122972 ,    0.012553 ,    0.081838 ,    0.176280 ,    0.282530 ,    0.025970 ,    0.008364 ,    0.046705 ,    0.195213 ,    0.231786 ,    0.002767 ,    0.005046 ,    0.054242 ,    0.130195 ,    0.169208 ,    0.007965 ,    0.060617 ,    0.073028 ,    0.080968 ,    0.072854 ,    0.060637 ,    0.016251 ,    0.055188 ,    0.046702 ,    0.077897 ,    0.044348 ,    0.008433 ,    0.005297 ,    0.065415 ,    0.065415 ,    0.013606 ,    0.267854 ,    0.088854 ,    0.084799 ,    0.009331 ,     Not run ,     Not run ,    0.001899 ,    0.001466 ,    0.004066 
ec2-c5n,72, Base_OpenMP , default     ,    0.006375 ,    0.027821 ,    0.005221 ,    0.003725 ,    0.006101 ,    0.008293 ,    0.040543 ,    0.034808 ,    0.013277 ,    0.005814 ,    0.017010 ,    1.012105 ,    0.001546 ,    0.002643 ,    0.002773 ,    0.002351 ,    0.009121 ,    0.009622 ,    0.024033 ,    0.005750 ,    0.024538 ,    0.067909 ,    0.014931 ,    0.007205 ,    0.015707 ,    0.002746 ,    0.013182 ,    0.075133 ,    0.139088 ,    0.003296 ,    0.014103 ,    0.016789 ,    0.067314 ,    0.143511 ,    0.003917 ,    0.003612 ,    0.016114 ,    0.040965 ,    0.057591 ,    0.001749 ,    0.012322 ,    0.021411 ,    0.029557 ,    0.021410 ,    0.012279 ,    0.002348 ,    0.006485 ,    0.005568 ,    0.006116 ,    0.006968 ,    0.073851 ,    0.166228 ,    0.006133 ,    0.006141 ,    0.002176 ,    0.034320 ,    0.011853 ,    0.010484 ,    0.001897 ,     Not run ,     Not run ,    0.000817 ,    0.001258 ,    0.001300 
ec2-c5n,36, Base_OpenMP , default     ,    0.005388 ,    0.047574 ,    0.008267 ,    0.005834 ,    0.007596 ,    0.011559 ,    0.046096 ,    0.033321 ,    0.020732 ,    0.008311 ,    0.015561 ,    0.947064 ,    0.002061 ,    0.001329 ,    0.001431 ,    0.002788 ,    0.013943 ,    0.012685 ,    0.021085 ,    0.003123 ,    0.020863 ,    0.063326 ,    0.016044 ,    0.013785 ,    0.023415 ,    0.002796 ,    0.013656 ,    0.146467 ,    0.275789 ,    0.005081 ,    0.011682 ,    0.016095 ,    0.059202 ,    0.284728 ,    0.003277 ,    0.005171 ,    0.019874 ,    0.036248 ,    0.061940 ,    0.001987 ,    0.011164 ,    0.018303 ,    0.023378 ,    0.017931 ,    0.011269 ,    0.003881 ,    0.011504 ,    0.010075 ,    0.013423 ,    0.011605 ,    0.046725 ,    0.060288 ,    0.010190 ,    0.010201 ,    0.003472 ,    0.067036 ,    0.015709 ,    0.019438 ,    0.002011 ,     Not run ,     Not run ,    0.000666 ,    0.001002 ,    0.001073 
ec2-c5n,32, Base_OpenMP , default     ,    0.005594 ,    0.052878 ,    0.009022 ,    0.006385 ,    0.008090 ,    0.013132 ,    0.048867 ,    0.034245 ,    0.019824 ,    0.009060 ,    0.015709 ,    0.915709 ,    0.001854 ,    0.001076 ,    0.001208 ,    0.002960 ,    0.015614 ,    0.013468 ,    0.021455 ,    0.003007 ,    0.021233 ,    0.049296 ,    0.016511 ,    0.015054 ,    0.026088 ,    0.003040 ,    0.014347 ,    0.166304 ,    0.311212 ,    0.005566 ,    0.016025 ,    0.016456 ,    0.059372 ,    0.321226 ,    0.003751 ,    0.004532 ,    0.019857 ,    0.036215 ,    0.063729 ,    0.002152 ,    0.011439 ,    0.018315 ,    0.022986 ,    0.018236 ,    0.011605 ,    0.004257 ,    0.012742 ,    0.011270 ,    0.015042 ,    0.012912 ,    0.044663 ,    0.051809 ,    0.011573 ,    0.011571 ,    0.003840 ,    0.075136 ,    0.017162 ,    0.021653 ,    0.002113 ,     Not run ,     Not run ,    0.000757 ,    0.000940 ,    0.001020 
ec2-c5n,18, Base_OpenMP , default     ,    0.004298 ,    0.044369 ,    0.008180 ,    0.007963 ,    0.008784 ,    0.012103 ,    0.038831 ,    0.029212 ,    0.018227 ,    0.008345 ,    0.013700 ,    0.690235 ,    0.001771 ,    0.000767 ,    0.000957 ,    0.002541 ,    0.014332 ,    0.011300 ,    0.016172 ,    0.003028 ,    0.016416 ,    0.061863 ,    0.012866 ,    0.013384 ,    0.023106 ,    0.002987 ,    0.010962 ,    0.041055 ,    0.065127 ,    0.007564 ,    0.020861 ,    0.012398 ,    0.048334 ,    0.053860 ,    0.003977 ,    0.001624 ,    0.016662 ,    0.030453 ,    0.047335 ,    0.002275 ,    0.008779 ,    0.013590 ,    0.025256 ,    0.013237 ,    0.008815 ,    0.003643 ,    0.012427 ,    0.009863 ,    0.013185 ,    0.010450 ,    0.028223 ,    0.027667 ,    0.015154 ,    0.015140 ,    0.003162 ,    0.060132 ,    0.014146 ,    0.019153 ,    0.002518 ,     Not run ,     Not run ,    0.000667 ,    0.001016 ,    0.000792 
ec2-c5n,16, Base_OpenMP , default     ,    0.004177 ,    0.049411 ,    0.008684 ,    0.008871 ,    0.009601 ,    0.011868 ,    0.041891 ,    0.031276 ,    0.018198 ,    0.008495 ,    0.015038 ,    0.726179 ,    0.001492 ,    0.000727 ,    0.000970 ,    0.002990 ,    0.016514 ,    0.012479 ,    0.016759 ,    0.002928 ,    0.017400 ,    0.058836 ,    0.013954 ,    0.015608 ,    0.026442 ,    0.003271 ,    0.013701 ,    0.045702 ,    0.072904 ,    0.008565 ,    0.015477 ,    0.013395 ,    0.050480 ,    0.060061 ,    0.004140 ,    0.006245 ,    0.017644 ,    0.032213 ,    0.050643 ,    0.002373 ,    0.008594 ,    0.014110 ,    0.026750 ,    0.013762 ,    0.008436 ,    0.004132 ,    0.013879 ,    0.011069 ,    0.015050 ,    0.011545 ,    0.024761 ,    0.026443 ,    0.017475 ,    0.017380 ,    0.003521 ,    0.067569 ,    0.015259 ,    0.021448 ,    0.002669 ,     Not run ,     Not run ,    0.000742 ,    0.000669 ,    0.000820 
ec2-c5n,8, Base_OpenMP , default     ,    0.006038 ,    0.096180 ,    0.016235 ,    0.016967 ,    0.017546 ,    0.026396 ,    0.072075 ,    0.049894 ,    0.031255 ,    0.018430 ,    0.022431 ,    0.572332 ,    0.002309 ,    0.000692 ,    0.001037 ,    0.004784 ,    0.048254 ,    0.023451 ,    0.025039 ,    0.003933 ,    0.026490 ,    0.041661 ,    0.029606 ,    0.034239 ,    0.067026 ,    0.006231 ,    0.041383 ,    0.089673 ,    0.143618 ,    0.013056 ,    0.004030 ,    0.022282 ,    0.078862 ,    0.118480 ,    0.001785 ,    0.002386 ,    0.027153 ,    0.051078 ,    0.082757 ,    0.003757 ,    0.028307 ,    0.020031 ,    0.039573 ,    0.019176 ,    0.028581 ,    0.007999 ,    0.027626 ,    0.023015 ,    0.038811 ,    0.022295 ,    0.009742 ,    0.004352 ,    0.033271 ,    0.033275 ,    0.006797 ,    0.134149 ,    0.041437 ,    0.042442 ,    0.004490 ,     Not run ,     Not run ,    0.001005 ,    0.000757 ,    0.001038 
ec2-c5n,4, Base_OpenMP , default     ,    0.019858 ,    0.192701 ,    0.032843 ,    0.034307 ,    0.035171 ,    0.054550 ,    0.140437 ,    0.096164 ,    0.062548 ,    0.037413 ,    0.043245 ,    0.625405 ,    0.004447 ,    0.001207 ,    0.002020 ,    0.009337 ,    0.077866 ,    0.046314 ,    0.079582 ,    0.007510 ,    0.079678 ,    0.079646 ,    0.059529 ,    0.065188 ,    0.123361 ,    0.012496 ,    0.082340 ,    0.176048 ,    0.282282 ,    0.025987 ,    0.008407 ,    0.045608 ,    0.194498 ,    0.232843 ,    0.002791 ,    0.004992 ,    0.053961 ,    0.127855 ,    0.168701 ,    0.008011 ,    0.059836 ,    0.071669 ,    0.079034 ,    0.071262 ,    0.059712 ,    0.016367 ,    0.054897 ,    0.046694 ,    0.076916 ,    0.044354 ,    0.008685 ,    0.005482 ,    0.065406 ,    0.065408 ,    0.013587 ,    0.267850 ,    0.087755 ,    0.084801 ,    0.009318 ,     Not run ,     Not run ,    0.001896 ,    0.001396 ,    0.003985 
ec2-c5n,72, Base_OpenMP , default     ,    0.006504 ,    0.027993 ,    0.005302 ,    0.003734 ,    0.006433 ,    0.008456 ,    0.041310 ,    0.035161 ,    0.013290 ,    0.006509 ,    0.017686 ,    1.023535 ,    0.001697 ,    0.002661 ,    0.002783 ,    0.002192 ,    0.009337 ,    0.009785 ,    0.025234 ,    0.005812 ,    0.025559 ,    0.067307 ,    0.015012 ,    0.007228 ,    0.016059 ,    0.001785 ,    0.013452 ,    0.075309 ,    0.139595 ,    0.003305 ,    0.012067 ,    0.016822 ,    0.067308 ,    0.144022 ,    0.003834 ,    0.002747 ,    0.016008 ,    0.041988 ,    0.057235 ,    0.001722 ,    0.012648 ,    0.022769 ,    0.030324 ,    0.022250 ,    0.012822 ,    0.002356 ,    0.006438 ,    0.005520 ,    0.006108 ,    0.006929 ,    0.076398 ,    0.173489 ,    0.006129 ,    0.006157 ,    0.002115 ,    0.034376 ,    0.012026 ,    0.010468 ,    0.001908 ,     Not run ,     Not run ,    0.000948 ,    0.001216 ,    0.001295 
ec2-c5n,36, Base_OpenMP , default     ,    0.005391 ,    0.047782 ,    0.008326 ,    0.005805 ,    0.007590 ,    0.011702 ,    0.045777 ,    0.033156 ,    0.020625 ,    0.008334 ,    0.015396 ,    0.984022 ,    0.001457 ,    0.001363 ,    0.001437 ,    0.003281 ,    0.013909 ,    0.012663 ,    0.021270 ,    0.003106 ,    0.021002 ,    0.063374 ,    0.016014 ,    0.013902 ,    0.023462 ,    0.002787 ,    0.014142 ,    0.146505 ,    0.276312 ,    0.005089 ,    0.011542 ,    0.015855 ,    0.058598 ,    0.284983 ,    0.003633 ,    0.004899 ,    0.019640 ,    0.035765 ,    0.061683 ,    0.001986 ,    0.011326 ,    0.018168 ,    0.022898 ,    0.018013 ,    0.011308 ,    0.003835 ,    0.011524 ,    0.010111 ,    0.013401 ,    0.011596 ,    0.047039 ,    0.061365 ,    0.010227 ,    0.010219 ,    0.003465 ,    0.067041 ,    0.015493 ,    0.019426 ,    0.001999 ,     Not run ,     Not run ,    0.000758 ,    0.000966 ,    0.001092 
ec2-c5n,32, Base_OpenMP , default     ,    0.005605 ,    0.053026 ,    0.009050 ,    0.006397 ,    0.008107 ,    0.012944 ,    0.049076 ,    0.033783 ,    0.019760 ,    0.009136 ,    0.015412 ,    0.951297 ,    0.002017 ,    0.001095 ,    0.001165 ,    0.002945 ,    0.015509 ,    0.013533 ,    0.021765 ,    0.002901 ,    0.021108 ,    0.049366 ,    0.016656 ,    0.015057 ,    0.026017 ,    0.003042 ,    0.014616 ,    0.167214 ,    0.311747 ,    0.005575 ,    0.013343 ,    0.016324 ,    0.059144 ,    0.320928 ,    0.003636 ,    0.004531 ,    0.020076 ,    0.036830 ,    0.064076 ,    0.002114 ,    0.011519 ,    0.018260 ,    0.023308 ,    0.018501 ,    0.011847 ,    0.004262 ,    0.012820 ,    0.011313 ,    0.015059 ,    0.012876 ,    0.044844 ,    0.051521 ,    0.011556 ,    0.011579 ,    0.003820 ,    0.075155 ,    0.016910 ,    0.021656 ,    0.002115 ,     Not run ,     Not run ,    0.000644 ,    0.001269 ,    0.001036 
ec2-c5n,18, Base_OpenMP , default     ,    0.004183 ,    0.044337 ,    0.008163 ,    0.007932 ,    0.008751 ,    0.012035 ,    0.038893 ,    0.029134 ,    0.018114 ,    0.008065 ,    0.013153 ,    0.708002 ,    0.001350 ,    0.000763 ,    0.000967 ,    0.003105 ,    0.014327 ,    0.011390 ,    0.016208 ,    0.002931 ,    0.016466 ,    0.061747 ,    0.013139 ,    0.013169 ,    0.022935 ,    0.002988 ,    0.011328 ,    0.041135 ,    0.065217 ,    0.007613 ,    0.018582 ,    0.012367 ,    0.048039 ,    0.053497 ,    0.004303 ,    0.006060 ,    0.016675 ,    0.030297 ,    0.047069 ,    0.002093 ,    0.008706 ,    0.013493 ,    0.025178 ,    0.013064 ,    0.008683 ,    0.003652 ,    0.012423 ,    0.009869 ,    0.013249 ,    0.010373 ,    0.028125 ,    0.027147 ,    0.015160 ,    0.015466 ,    0.003167 ,    0.060135 ,    0.013563 ,    0.019137 ,    0.002524 ,     Not run ,     Not run ,    0.000675 ,    0.000681 ,    0.000796 
ec2-c5n,16, Base_OpenMP , default     ,    0.004211 ,    0.049439 ,    0.008663 ,    0.008843 ,    0.009627 ,    0.012116 ,    0.042186 ,    0.031044 ,    0.018229 ,    0.008565 ,    0.013550 ,    0.688515 ,    0.001658 ,    0.000702 ,    0.000941 ,    0.002908 ,    0.016252 ,    0.012556 ,    0.016722 ,    0.002828 ,    0.017703 ,    0.058920 ,    0.013488 ,    0.015152 ,    0.026677 ,    0.003279 ,    0.013889 ,    0.045647 ,    0.072981 ,    0.008600 ,    0.016620 ,    0.013527 ,    0.050156 ,    0.060472 ,    0.004278 ,    0.001504 ,    0.017826 ,    0.032523 ,    0.050882 ,    0.002259 ,    0.008681 ,    0.013862 ,    0.026322 ,    0.013605 ,    0.008708 ,    0.004134 ,    0.013918 ,    0.011102 ,    0.015177 ,    0.011530 ,    0.024848 ,    0.024584 ,    0.017364 ,    0.017266 ,    0.003529 ,    0.067547 ,    0.015085 ,    0.021452 ,    0.002642 ,     Not run ,     Not run ,    0.000757 ,    0.000883 ,    0.000772 
ec2-c5n,8, Base_OpenMP , default     ,    0.005913 ,    0.096164 ,    0.016409 ,    0.017001 ,    0.017555 ,    0.026925 ,    0.072140 ,    0.050014 ,    0.031301 ,    0.018722 ,    0.022361 ,    0.568967 ,    0.002300 ,    0.000688 ,    0.001045 ,    0.004816 ,    0.049333 ,    0.023499 ,    0.024449 ,    0.003921 ,    0.025773 ,    0.041983 ,    0.029596 ,    0.034080 ,    0.066889 ,    0.006263 ,    0.041745 ,    0.089781 ,    0.143633 ,    0.013086 ,    0.004839 ,    0.021762 ,    0.083858 ,    0.118045 ,    0.002076 ,    0.002425 ,    0.027220 ,    0.052095 ,    0.082386 ,    0.003744 ,    0.027919 ,    0.020138 ,    0.039675 ,    0.020446 ,    0.028007 ,    0.008059 ,    0.027761 ,    0.023209 ,    0.039259 ,    0.022285 ,    0.009683 ,    0.004418 ,    0.033307 ,    0.033281 ,    0.006799 ,    0.134175 ,    0.041995 ,    0.042537 ,    0.004487 ,     Not run ,     Not run ,    0.000996 ,    0.000746 ,    0.001040 
ec2-c5n,4, Base_OpenMP , default     ,    0.019886 ,    0.192713 ,    0.032629 ,    0.034128 ,    0.035156 ,    0.053220 ,    0.140553 ,    0.096095 ,    0.062704 ,    0.037117 ,    0.043263 ,    0.580665 ,    0.004451 ,    0.001205 ,    0.002018 ,    0.009313 ,    0.076932 ,    0.046116 ,    0.079665 ,    0.007514 ,    0.079703 ,    0.080515 ,    0.059560 ,    0.065154 ,    0.125608 ,    0.012445 ,    0.081089 ,    0.176250 ,    0.282125 ,    0.025925 ,    0.008349 ,    0.045599 ,    0.194612 ,    0.232772 ,    0.002771 ,    0.005019 ,    0.054273 ,    0.127935 ,    0.168606 ,    0.007985 ,    0.059551 ,    0.071731 ,    0.079278 ,    0.071650 ,    0.059552 ,    0.016366 ,    0.055136 ,    0.046844 ,    0.079516 ,    0.044331 ,    0.008402 ,    0.005414 ,    0.065419 ,    0.065411 ,    0.013590 ,    0.267846 ,    0.089883 ,    0.084875 ,    0.009294 ,     Not run ,     Not run ,    0.001900 ,    0.001458 ,    0.003987 
ec2-c6a,192, Base_OpenMP , default     ,    0.009323 ,    0.010626 ,    0.004748 ,    0.003057 ,    0.006444 ,    0.010091 ,    0.045956 ,    0.044380 ,    0.007840 ,    0.007340 ,    0.018094 ,    4.240145 ,    0.002148 ,    0.007205 ,    0.007417 ,    0.002463 ,    0.007377 ,    0.010500 ,    0.035971 ,    0.015274 ,    0.035287 ,    0.067319 ,    0.018823 ,    0.005335 ,    0.012248 ,    0.002336 ,    0.018820 ,    0.017342 ,    0.025231 ,    0.003829 ,    0.004788 ,    0.024782 ,    0.118369 ,    0.025027 ,    0.005093 ,    0.002497 ,    0.020519 ,    0.056705 ,    0.086642 ,    0.002436 ,    0.018049 ,    0.032013 ,    0.057248 ,    0.031699 ,    0.018459 ,    0.002148 ,    0.004346 ,    0.003362 ,    0.005021 ,    0.004492 ,    0.133106 ,    0.475447 ,    0.003398 ,    0.003487 ,    0.001534 ,    0.005341 ,    0.014662 ,    0.005099 ,    0.002498 ,     Not run ,     Not run ,    0.001687 ,    0.001985 ,    0.002084 
ec2-c6a,96, Base_OpenMP , default     ,    0.005715 ,    0.008840 ,    0.004783 ,    0.002867 ,    0.004915 ,    0.007481 ,    0.030810 ,    0.028344 ,    0.006467 ,    0.005693 ,    0.011464 ,    2.749808 ,    0.001563 ,    0.002613 ,    0.002815 ,    0.002359 ,    0.009175 ,    0.008127 ,    0.026180 ,    0.005766 ,    0.026203 ,    0.058902 ,    0.016146 ,    0.011452 ,    0.016318 ,    0.001796 ,    0.013402 ,    0.019992 ,    0.032176 ,    0.005194 ,    0.003124 ,    0.020652 ,    0.076652 ,    0.031103 ,    0.004689 ,    0.001606 ,    0.042541 ,    0.035557 ,    0.060787 ,    0.001923 ,    0.011437 ,    0.019828 ,    0.028507 ,    0.019209 ,    0.012018 ,    0.002028 ,    0.004543 ,    0.003863 ,    0.007541 ,    0.004188 ,    0.073063 ,    0.092474 ,    0.003555 ,    0.003857 ,    0.001539 ,    0.008610 ,    0.011620 ,    0.006779 ,    0.001770 ,     Not run ,     Not run ,    0.000938 ,    0.001254 ,    0.001362 
ec2-c6a,48, Base_OpenMP , default     ,    0.003460 ,    0.009195 ,    0.004045 ,    0.001952 ,    0.003198 ,    0.005417 ,    0.019232 ,    0.017470 ,    0.004237 ,    0.004392 ,    0.007382 ,    0.747297 ,    0.001419 ,    0.000989 ,    0.001239 ,    0.001878 ,    0.008197 ,    0.006643 ,    0.014040 ,    0.002750 ,    0.014400 ,    0.055310 ,    0.008266 ,    0.010109 ,    0.013833 ,    0.001668 ,    0.008273 ,    0.013652 ,    0.021338 ,    0.004618 ,    0.002041 ,    0.011504 ,    0.052409 ,    0.018436 ,    0.004112 ,    0.001168 ,    0.026266 ,    0.024510 ,    0.036219 ,    0.001595 ,    0.007651 ,    0.012033 ,    0.017836 ,    0.012432 ,    0.007651 ,    0.001764 ,    0.004797 ,    0.003651 ,    0.006458 ,    0.003505 ,    0.037780 ,    0.026412 ,    0.004352 ,    0.004349 ,    0.001329 ,    0.010957 ,    0.007632 ,    0.006633 ,    0.001484 ,     Not run ,     Not run ,    0.000686 ,    0.000821 ,    0.000928 
ec2-c6a,32, Base_OpenMP , default     ,    0.003106 ,    0.011416 ,    0.005401 ,    0.002552 ,    0.003188 ,    0.009058 ,    0.018879 ,    0.016627 ,    0.007621 ,    0.007119 ,    0.007057 ,    0.731771 ,    0.001417 ,    0.000756 ,    0.001049 ,    0.002217 ,    0.011732 ,    0.006436 ,    0.011639 ,    0.001974 ,    0.011502 ,    0.062661 ,    0.007295 ,    0.008756 ,    0.017603 ,    0.001873 ,    0.011722 ,    0.020239 ,    0.031559 ,    0.004915 ,    0.002108 ,    0.008815 ,    0.045848 ,    0.027695 ,    0.003261 ,    0.001191 ,    0.017550 ,    0.020933 ,    0.033905 ,    0.001840 ,    0.006443 ,    0.010364 ,    0.015664 ,    0.010034 ,    0.006689 ,    0.002021 ,    0.006416 ,    0.004596 ,    0.012028 ,    0.004597 ,    0.024150 ,    0.020243 ,    0.005960 ,    0.005614 ,    0.001619 ,    0.015428 ,    0.011509 ,    0.008961 ,    0.001524 ,     Not run ,     Not run ,    0.000704 ,    0.000745 ,    0.000823 
ec2-c6a,16, Base_OpenMP , default     ,    0.004117 ,    0.020623 ,    0.008877 ,    0.006360 ,    0.007145 ,    0.014423 ,    0.026152 ,    0.021219 ,    0.011072 ,    0.011292 ,    0.008594 ,    0.671476 ,    0.001746 ,    0.000526 ,    0.001178 ,    0.003655 ,    0.015269 ,    0.015013 ,    0.017237 ,    0.001773 ,    0.017231 ,    0.058847 ,    0.018545 ,    0.015046 ,    0.021842 ,    0.003055 ,    0.020748 ,    0.039261 ,    0.062323 ,    0.007160 ,    0.002327 ,    0.014572 ,    0.047466 ,    0.052978 ,    0.002312 ,    0.001318 ,    0.017611 ,    0.026032 ,    0.042389 ,    0.001885 ,    0.016106 ,    0.013176 ,    0.017256 ,    0.013203 ,    0.021155 ,    0.003233 ,    0.011428 ,    0.008045 ,    0.018403 ,    0.008263 ,    0.012239 ,    0.009631 ,    0.010895 ,    0.010906 ,    0.002664 ,    0.029306 ,    0.021642 ,    0.016626 ,    0.002050 ,     Not run ,     Not run ,    0.000556 ,    0.000573 ,    0.000970 
ec2-c6a,8, Base_OpenMP , default     ,    0.007852 ,    0.037822 ,    0.015897 ,    0.013936 ,    0.015722 ,    0.013908 ,    0.045191 ,    0.035553 ,    0.021272 ,    0.010988 ,    0.014329 ,    0.643508 ,    0.002536 ,    0.000512 ,    0.001654 ,    0.006379 ,    0.024743 ,    0.018721 ,    0.023567 ,    0.002062 ,    0.021986 ,    0.088525 ,    0.017788 ,    0.023788 ,    0.021810 ,    0.004927 ,    0.019565 ,    0.074027 ,    0.114945 ,    0.012768 ,    0.004165 ,    0.016195 ,    0.065825 ,    0.098527 ,    0.002344 ,    0.003142 ,    0.024223 ,    0.040504 ,    0.069780 ,    0.003535 ,    0.015560 ,    0.025461 ,    0.029624 ,    0.020472 ,    0.013542 ,    0.005370 ,    0.021282 ,    0.014160 ,    0.022693 ,    0.015659 ,    0.007847 ,    0.004737 ,    0.020719 ,    0.020700 ,    0.004879 ,    0.056457 ,    0.025679 ,    0.031453 ,    0.003974 ,     Not run ,     Not run ,    0.000747 ,    0.001169 ,    0.002789 
ec2-c6a,4, Base_OpenMP , default     ,    0.008868 ,    0.073850 ,    0.030785 ,    0.028540 ,    0.030857 ,    0.018243 ,    0.085450 ,    0.066210 ,    0.042201 ,    0.014314 ,    0.027173 ,    0.516271 ,    0.004054 ,    0.000827 ,    0.002424 ,    0.011707 ,    0.056036 ,    0.033069 ,    0.037382 ,    0.003657 ,    0.032029 ,    0.031749 ,    0.023091 ,    0.043718 ,    0.072912 ,    0.008967 ,    0.026808 ,    0.145548 ,    0.235358 ,    0.024597 ,    0.006783 ,    0.023976 ,    0.105348 ,    0.197088 ,    0.002304 ,    0.004150 ,    0.039146 ,    0.065096 ,    0.124197 ,    0.006184 ,    0.020358 ,    0.035622 ,    0.052622 ,    0.024500 ,    0.020671 ,    0.010470 ,    0.042228 ,    0.029690 ,    0.038519 ,    0.030294 ,    0.004469 ,    0.003293 ,    0.039941 ,    0.039986 ,    0.009615 ,    0.111432 ,    0.034428 ,    0.062593 ,    0.006641 ,     Not run ,     Not run ,    0.001594 ,    0.002271 ,    0.003641 
ec2-c6a,192, Base_OpenMP , default     ,    0.009339 ,    0.010679 ,    0.004994 ,    0.002904 ,    0.006359 ,    0.010194 ,    0.045825 ,    0.044251 ,    0.007545 ,    0.007384 ,    0.018121 ,    2.819544 ,    0.002287 ,    0.007247 ,    0.007554 ,    0.002567 ,    0.007746 ,    0.010307 ,    0.035904 ,    0.015282 ,    0.035519 ,    0.067440 ,    0.018765 ,    0.005322 ,    0.012513 ,    0.002207 ,    0.018766 ,    0.016936 ,    0.025689 ,    0.003793 ,    0.004611 ,    0.024785 ,    0.118457 ,    0.023814 ,    0.005088 ,    0.002477 ,    0.020626 ,    0.056709 ,    0.086747 ,    0.002378 ,    0.018171 ,    0.031949 ,    0.056335 ,    0.031519 ,    0.018458 ,    0.002113 ,    0.004525 ,    0.003350 ,    0.004634 ,    0.004439 ,    0.131949 ,    0.464567 ,    0.003487 ,    0.003584 ,    0.001542 ,    0.005306 ,    0.014712 ,    0.005076 ,    0.002466 ,     Not run ,     Not run ,    0.001813 ,    0.001923 ,    0.002082 
ec2-c6a,96, Base_OpenMP , default     ,    0.005643 ,    0.008806 ,    0.005270 ,    0.002603 ,    0.004625 ,    0.007493 ,    0.030696 ,    0.028285 ,    0.006099 ,    0.005896 ,    0.011372 ,    2.270055 ,    0.001640 ,    0.002625 ,    0.002800 ,    0.002455 ,    0.009055 ,    0.010732 ,    0.022855 ,    0.006045 ,    0.022873 ,    0.058622 ,    0.012659 ,    0.007040 ,    0.015933 ,    0.002029 ,    0.013253 ,    0.019380 ,    0.030765 ,    0.005194 ,    0.003137 ,    0.020980 ,    0.076601 ,    0.029792 ,    0.004616 ,    0.001650 ,    0.044111 ,    0.036429 ,    0.060991 ,    0.001875 ,    0.011582 ,    0.019837 ,    0.027861 ,    0.019169 ,    0.011880 ,    0.002000 ,    0.005094 ,    0.003818 ,    0.007443 ,    0.004152 ,    0.073225 ,    0.097224 ,    0.003586 ,    0.003775 ,    0.001535 ,    0.008204 ,    0.011507 ,    0.006769 ,    0.001772 ,     Not run ,     Not run ,    0.000901 ,    0.001220 ,    0.001369 
ec2-c6a,48, Base_OpenMP , default     ,    0.003443 ,    0.009036 ,    0.004026 ,    0.001921 ,    0.003117 ,    0.005523 ,    0.018913 ,    0.017165 ,    0.004020 ,    0.004168 ,    0.007145 ,    0.773616 ,    0.001452 ,    0.001031 ,    0.001243 ,    0.001912 ,    0.008460 ,    0.005790 ,    0.013788 ,    0.002831 ,    0.014114 ,    0.054406 ,    0.007911 ,    0.009861 ,    0.013695 ,    0.001909 ,    0.008322 ,    0.013680 ,    0.021208 ,    0.004668 ,    0.002118 ,    0.011566 ,    0.051881 ,    0.018488 ,    0.004116 ,    0.001148 ,    0.025412 ,    0.021631 ,    0.035971 ,    0.001406 ,    0.007922 ,    0.011919 ,    0.018058 ,    0.012223 ,    0.007723 ,    0.001743 ,    0.004776 ,    0.003640 ,    0.006453 ,    0.003500 ,    0.037463 ,    0.026962 ,    0.004339 ,    0.004367 ,    0.001352 ,    0.010985 ,    0.007550 ,    0.006638 ,    0.001488 ,     Not run ,     Not run ,    0.000653 ,    0.000816 ,    0.000918 
ec2-c6a,32, Base_OpenMP , default     ,    0.003197 ,    0.011554 ,    0.005038 ,    0.003374 ,    0.003216 ,    0.009264 ,    0.018759 ,    0.016248 ,    0.007539 ,    0.006766 ,    0.006990 ,    0.700794 ,    0.001319 ,    0.000779 ,    0.001093 ,    0.002605 ,    0.010795 ,    0.006312 ,    0.011879 ,    0.002082 ,    0.012007 ,    0.061858 ,    0.007257 ,    0.008718 ,    0.017583 ,    0.002001 ,    0.010755 ,    0.020402 ,    0.031734 ,    0.005012 ,    0.002045 ,    0.009000 ,    0.048037 ,    0.027778 ,    0.003230 ,    0.001220 ,    0.018060 ,    0.019581 ,    0.034538 ,    0.001398 ,    0.006950 ,    0.010386 ,    0.015590 ,    0.010286 ,    0.006985 ,    0.002056 ,    0.006159 ,    0.004701 ,    0.011893 ,    0.005973 ,    0.024626 ,    0.019040 ,    0.005780 ,    0.005603 ,    0.001676 ,    0.015552 ,    0.012668 ,    0.008942 ,    0.001540 ,     Not run ,     Not run ,    0.000570 ,    0.000774 ,    0.000865 
ec2-c6a,16, Base_OpenMP , default     ,    0.003831 ,    0.020463 ,    0.008845 ,    0.006351 ,    0.007130 ,    0.013415 ,    0.026040 ,    0.020819 ,    0.011119 ,    0.010941 ,    0.008656 ,    0.668468 ,    0.001680 ,    0.000526 ,    0.001237 ,    0.003420 ,    0.015115 ,    0.018147 ,    0.020564 ,    0.001619 ,    0.016482 ,    0.058229 ,    0.017073 ,    0.015183 ,    0.021148 ,    0.003040 ,    0.020677 ,    0.039838 ,    0.061357 ,    0.007133 ,    0.002308 ,    0.014356 ,    0.048875 ,    0.053178 ,    0.002427 ,    0.001269 ,    0.016270 ,    0.026047 ,    0.043240 ,    0.002276 ,    0.016618 ,    0.013702 ,    0.017934 ,    0.014186 ,    0.016008 ,    0.003200 ,    0.012025 ,    0.008060 ,    0.018090 ,    0.008315 ,    0.012490 ,    0.010340 ,    0.010909 ,    0.010932 ,    0.002863 ,    0.029533 ,    0.021377 ,    0.016719 ,    0.002104 ,     Not run ,     Not run ,    0.000760 ,    0.000655 ,    0.001312 
ec2-c6a,8, Base_OpenMP , default     ,    0.007882 ,    0.037968 ,    0.015855 ,    0.013943 ,    0.016125 ,    0.013421 ,    0.045310 ,    0.035554 ,    0.021346 ,    0.010976 ,    0.014324 ,    0.644868 ,    0.002492 ,    0.000507 ,    0.001703 ,    0.006445 ,    0.021027 ,    0.018453 ,    0.023093 ,    0.002384 ,    0.021713 ,    0.088570 ,    0.017384 ,    0.023596 ,    0.021234 ,    0.004795 ,    0.020268 ,    0.073578 ,    0.116185 ,    0.012778 ,    0.003733 ,    0.016400 ,    0.066022 ,    0.102899 ,    0.002309 ,    0.003074 ,    0.023432 ,    0.038686 ,    0.068134 ,    0.003544 ,    0.015594 ,    0.020128 ,    0.029300 ,    0.019088 ,    0.014516 ,    0.005362 ,    0.021181 ,    0.014187 ,    0.022681 ,    0.015827 ,    0.008036 ,    0.004920 ,    0.020507 ,    0.020459 ,    0.004965 ,    0.056560 ,    0.021873 ,    0.031664 ,    0.004237 ,     Not run ,     Not run ,    0.000852 ,    0.000765 ,    0.002989 
ec2-c6a,4, Base_OpenMP , default     ,    0.008977 ,    0.073789 ,    0.030858 ,    0.028489 ,    0.030812 ,    0.018400 ,    0.085520 ,    0.066146 ,    0.042066 ,    0.014018 ,    0.026994 ,    0.513380 ,    0.004014 ,    0.000827 ,    0.002504 ,    0.011699 ,    0.061932 ,    0.034669 ,    0.037022 ,    0.003522 ,    0.032105 ,    0.031452 ,    0.022856 ,    0.044111 ,    0.075165 ,    0.008956 ,    0.026436 ,    0.144917 ,    0.228011 ,    0.024615 ,    0.006772 ,    0.024037 ,    0.105846 ,    0.194413 ,    0.002178 ,    0.004461 ,    0.039070 ,    0.065210 ,    0.127031 ,    0.006330 ,    0.021833 ,    0.033179 ,    0.052404 ,    0.024253 ,    0.020612 ,    0.010391 ,    0.042163 ,    0.029415 ,    0.039045 ,    0.030394 ,    0.004207 ,    0.003137 ,    0.039891 ,    0.040059 ,    0.009488 ,    0.111456 ,    0.033797 ,    0.062712 ,    0.006779 ,     Not run ,     Not run ,    0.001502 ,    0.002437 ,    0.003175 
ec2-c6a,192, Base_OpenMP , default     ,    0.009255 ,    0.010535 ,    0.004731 ,    0.002897 ,    0.006361 ,    0.010036 ,    0.045447 ,    0.043928 ,    0.007396 ,    0.007342 ,    0.017960 ,    4.558955 ,    0.002277 ,    0.006963 ,    0.007448 ,    0.002599 ,    0.006178 ,    0.010262 ,    0.035628 ,    0.015858 ,    0.035099 ,    0.067838 ,    0.018675 ,    0.005339 ,    0.012612 ,    0.001963 ,    0.018655 ,    0.017959 ,    0.025338 ,    0.004000 ,    0.004684 ,    0.024554 ,    0.116223 ,    0.024936 ,    0.005034 ,    0.002484 ,    0.020636 ,    0.056480 ,    0.084656 ,    0.002387 ,    0.018024 ,    0.031770 ,    0.057314 ,    0.031399 ,    0.018292 ,    0.002166 ,    0.004306 ,    0.003332 ,    0.004957 ,    0.004467 ,    0.131203 ,    0.478339 ,    0.003562 ,    0.003607 ,    0.001573 ,    0.005289 ,    0.014543 ,    0.005007 ,    0.002465 ,     Not run ,     Not run ,    0.001677 ,    0.001969 ,    0.002094 
ec2-c6a,96, Base_OpenMP , default     ,    0.005663 ,    0.008943 ,    0.005165 ,    0.002631 ,    0.004624 ,    0.007693 ,    0.030848 ,    0.028272 ,    0.005643 ,    0.005746 ,    0.011549 ,    2.125883 ,    0.001573 ,    0.002492 ,    0.002798 ,    0.002376 ,    0.013927 ,    0.010243 ,    0.022561 ,    0.005855 ,    0.022999 ,    0.059603 ,    0.012644 ,    0.007643 ,    0.016778 ,    0.001685 ,    0.013093 ,    0.018541 ,    0.031211 ,    0.005267 ,    0.003064 ,    0.021025 ,    0.077065 ,    0.028222 ,    0.004684 ,    0.001618 ,    0.042963 ,    0.035660 ,    0.061124 ,    0.001762 ,    0.011604 ,    0.019791 ,    0.029122 ,    0.019352 ,    0.011908 ,    0.002037 ,    0.005048 ,    0.003834 ,    0.007716 ,    0.004174 ,    0.072920 ,    0.098268 ,    0.003645 ,    0.003737 ,    0.001531 ,    0.008029 ,    0.011574 ,    0.006778 ,    0.001773 ,     Not run ,     Not run ,    0.000970 ,    0.001257 ,    0.001355 
ec2-c6a,48, Base_OpenMP , default     ,    0.003542 ,    0.009143 ,    0.004010 ,    0.001935 ,    0.003121 ,    0.005367 ,    0.018952 ,    0.017922 ,    0.003989 ,    0.004265 ,    0.007123 ,    0.822183 ,    0.001510 ,    0.000993 ,    0.001309 ,    0.001894 ,    0.007986 ,    0.006843 ,    0.013911 ,    0.002689 ,    0.014477 ,    0.054312 ,    0.008310 ,    0.009842 ,    0.013581 ,    0.001888 ,    0.008781 ,    0.013738 ,    0.021354 ,    0.004690 ,    0.002100 ,    0.011527 ,    0.052395 ,    0.018847 ,    0.004074 ,    0.001172 ,    0.025495 ,    0.021393 ,    0.037004 ,    0.001480 ,    0.007734 ,    0.011928 ,    0.018082 ,    0.012553 ,    0.007547 ,    0.001745 ,    0.004466 ,    0.003599 ,    0.006633 ,    0.003492 ,    0.037686 ,    0.026400 ,    0.004350 ,    0.004511 ,    0.001321 ,    0.011358 ,    0.007552 ,    0.006661 ,    0.001493 ,     Not run ,     Not run ,    0.000653 ,    0.000838 ,    0.000932 
ec2-c6a,32, Base_OpenMP , default     ,    0.003115 ,    0.011327 ,    0.005340 ,    0.002736 ,    0.003174 ,    0.009064 ,    0.019358 ,    0.016793 ,    0.007484 ,    0.006781 ,    0.007081 ,    0.748243 ,    0.001453 ,    0.000791 ,    0.001069 ,    0.002241 ,    0.010701 ,    0.006322 ,    0.011855 ,    0.002126 ,    0.011290 ,    0.062197 ,    0.007035 ,    0.008667 ,    0.017304 ,    0.002157 ,    0.011012 ,    0.020148 ,    0.031638 ,    0.004926 ,    0.001950 ,    0.009457 ,    0.047334 ,    0.027300 ,    0.003294 ,    0.001236 ,    0.018275 ,    0.019746 ,    0.033278 ,    0.001463 ,    0.006657 ,    0.010248 ,    0.015747 ,    0.009961 ,    0.006751 ,    0.002019 ,    0.006103 ,    0.004733 ,    0.011999 ,    0.004568 ,    0.025593 ,    0.018900 ,    0.005765 ,    0.005802 ,    0.001603 ,    0.015536 ,    0.011451 ,    0.008892 ,    0.001544 ,     Not run ,     Not run ,    0.000688 ,    0.000642 ,    0.000816 
ec2-c6a,16, Base_OpenMP , default     ,    0.004433 ,    0.020490 ,    0.008809 ,    0.006351 ,    0.007119 ,    0.013649 ,    0.026254 ,    0.020844 ,    0.011085 ,    0.011018 ,    0.008550 ,    0.723182 ,    0.001493 ,    0.000535 ,    0.001301 ,    0.003478 ,    0.015578 ,    0.014815 ,    0.017273 ,    0.001853 ,    0.017294 ,    0.058061 ,    0.022815 ,    0.015163 ,    0.020933 ,    0.003098 ,    0.020339 ,    0.038807 ,    0.060848 ,    0.007135 ,    0.002398 ,    0.014079 ,    0.045764 ,    0.052468 ,    0.002421 ,    0.001265 ,    0.015767 ,    0.025694 ,    0.042833 ,    0.002091 ,    0.018749 ,    0.013242 ,    0.017653 ,    0.013784 ,    0.016327 ,    0.003173 ,    0.011459 ,    0.007993 ,    0.018133 ,    0.008212 ,    0.012052 ,    0.009663 ,    0.011006 ,    0.010912 ,    0.002747 ,    0.029372 ,    0.020995 ,    0.016686 ,    0.002074 ,     Not run ,     Not run ,    0.000611 ,    0.000732 ,    0.001051 
ec2-c6a,8, Base_OpenMP , default     ,    0.007802 ,    0.037813 ,    0.015985 ,    0.013913 ,    0.015767 ,    0.013286 ,    0.045393 ,    0.035313 ,    0.021337 ,    0.011729 ,    0.014259 ,    0.628140 ,    0.002630 ,    0.000516 ,    0.001725 ,    0.006114 ,    0.030076 ,    0.018018 ,    0.023211 ,    0.002108 ,    0.021462 ,    0.088653 ,    0.017547 ,    0.023621 ,    0.021280 ,    0.004777 ,    0.019360 ,    0.075165 ,    0.115204 ,    0.012786 ,    0.003959 ,    0.015746 ,    0.067264 ,    0.096853 ,    0.002235 ,    0.003097 ,    0.023187 ,    0.038251 ,    0.069406 ,    0.003422 ,    0.015235 ,    0.020712 ,    0.042998 ,    0.021815 ,    0.011850 ,    0.005399 ,    0.021235 ,    0.014150 ,    0.022724 ,    0.015341 ,    0.008118 ,    0.004776 ,    0.020599 ,    0.020367 ,    0.004918 ,    0.056341 ,    0.024581 ,    0.031453 ,    0.003924 ,     Not run ,     Not run ,    0.000773 ,    0.000960 ,    0.002872 
ec2-c6a,4, Base_OpenMP , default     ,    0.009741 ,    0.073802 ,    0.030876 ,    0.028521 ,    0.030648 ,    0.018286 ,    0.085522 ,    0.065939 ,    0.042821 ,    0.014843 ,    0.026983 ,    0.514352 ,    0.003992 ,    0.000832 ,    0.002342 ,    0.011642 ,    0.056426 ,    0.032903 ,    0.037364 ,    0.003621 ,    0.031258 ,    0.031298 ,    0.024105 ,    0.044200 ,    0.073678 ,    0.008966 ,    0.050917 ,    0.145036 ,    0.229452 ,    0.024617 ,    0.006860 ,    0.024338 ,    0.105304 ,    0.193625 ,    0.002213 ,    0.004316 ,    0.039065 ,    0.065113 ,    0.123578 ,    0.006231 ,    0.020172 ,    0.032966 ,    0.052553 ,    0.024046 ,    0.020428 ,    0.010573 ,    0.042188 ,    0.029703 ,    0.039319 ,    0.030494 ,    0.004212 ,    0.003277 ,    0.040064 ,    0.040079 ,    0.009353 ,    0.112303 ,    0.033728 ,    0.062677 ,    0.006759 ,     Not run ,     Not run ,    0.001639 ,    0.002229 ,    0.003410 
ec2-c6i,128, Base_OpenMP , default     ,    0.006425 ,    0.018703 ,    0.003871 ,    0.003219 ,    0.005126 ,    0.007885 ,    0.034329 ,    0.034380 ,    0.008489 ,    0.005510 ,    0.015076 ,    0.717323 ,    0.001767 ,    0.003250 ,    0.002784 ,    0.002109 ,    0.005458 ,    0.008445 ,    0.024921 ,    0.005732 ,    0.024847 ,    0.058313 ,    0.013117 ,    0.004526 ,    0.006961 ,    0.001339 ,    0.013242 ,    0.013803 ,    0.023865 ,    0.002375 ,    0.003905 ,    0.016824 ,    0.071022 ,    0.021516 ,    0.002272 ,    0.001684 ,    0.016674 ,    0.041355 ,    0.056266 ,    0.001714 ,    0.012567 ,    0.022446 ,    0.031187 ,    0.022538 ,    0.012655 ,    0.001514 ,    0.004285 ,    0.003026 ,    0.004258 ,    0.004387 ,    0.099988 ,    0.114623 ,    0.003594 ,    0.003827 ,    0.001390 ,    0.020522 ,    0.011164 ,    0.005921 ,    0.001806 ,     Not run ,     Not run ,    0.000822 ,    0.001388 ,    0.001283 
ec2-c6i,64, Base_OpenMP , default     ,    0.004385 ,    0.028122 ,    0.004470 ,    0.003664 ,    0.005397 ,    0.007326 ,    0.026794 ,    0.026503 ,    0.008463 ,    0.005204 ,    0.011771 ,    0.703813 ,    0.001570 ,    0.001515 ,    0.001366 ,    0.002367 ,    0.007647 ,    0.007981 ,    0.017045 ,    0.002772 ,    0.017080 ,    0.054307 ,    0.009819 ,    0.006758 ,    0.011510 ,    0.001614 ,    0.009567 ,    0.024837 ,    0.043115 ,    0.002987 ,    0.002674 ,    0.012663 ,    0.048157 ,    0.041906 ,    0.001700 ,    0.001212 ,    0.018408 ,    0.030611 ,    0.047541 ,    0.001335 ,    0.008809 ,    0.015274 ,    0.019658 ,    0.015349 ,    0.008782 ,    0.002086 ,    0.006602 ,    0.005012 ,    0.006193 ,    0.005991 ,    0.054754 ,    0.061667 ,    0.006310 ,    0.006402 ,    0.001884 ,    0.038781 ,    0.009379 ,    0.010016 ,    0.001513 ,     Not run ,     Not run ,    0.000599 ,    0.000852 ,    0.000849 
ec2-c6i,32, Base_OpenMP , default     ,    0.003017 ,    0.024181 ,    0.004069 ,    0.004677 ,    0.005355 ,    0.007320 ,    0.020400 ,    0.020501 ,    0.008454 ,    0.005074 ,    0.008061 ,    0.591655 ,    0.001313 ,    0.000938 ,    0.000859 ,    0.001983 ,    0.007967 ,    0.006642 ,    0.011796 ,    0.002014 ,    0.011803 ,    0.050761 ,    0.007138 ,    0.007003 ,    0.010552 ,    0.001560 ,    0.007319 ,    0.021152 ,    0.033999 ,    0.004253 ,    0.002012 ,    0.009633 ,    0.035570 ,    0.028192 ,    0.001473 ,    0.001014 ,    0.011844 ,    0.021189 ,    0.035506 ,    0.001261 ,    0.006256 ,    0.010675 ,    0.017024 ,    0.010062 ,    0.006157 ,    0.001868 ,    0.006396 ,    0.004324 ,    0.005380 ,    0.004405 ,    0.035276 ,    0.021954 ,    0.007245 ,    0.007242 ,    0.001541 ,    0.034692 ,    0.007959 ,    0.009807 ,    0.001580 ,     Not run ,     Not run ,    0.000873 ,    0.000738 ,    0.000591 
ec2-c6i,16, Base_OpenMP , default     ,    0.002885 ,    0.045344 ,    0.006360 ,    0.007868 ,    0.008363 ,    0.009363 ,    0.025559 ,    0.025159 ,    0.012608 ,    0.006760 ,    0.009745 ,    0.548752 ,    0.001156 ,    0.000415 ,    0.000633 ,    0.002479 ,    0.022148 ,    0.009895 ,    0.011568 ,    0.002148 ,    0.011453 ,    0.027228 ,    0.007977 ,    0.014568 ,    0.037925 ,    0.002394 ,    0.008394 ,    0.042178 ,    0.067699 ,    0.006534 ,    0.002065 ,    0.009392 ,    0.036387 ,    0.056289 ,    0.000947 ,    0.001208 ,    0.011751 ,    0.023308 ,    0.039634 ,    0.001817 ,    0.006015 ,    0.010400 ,    0.020691 ,    0.009049 ,    0.006036 ,    0.003260 ,    0.011720 ,    0.008313 ,    0.020473 ,    0.007870 ,    0.012369 ,    0.011748 ,    0.014187 ,    0.014184 ,    0.002714 ,    0.068714 ,    0.011475 ,    0.018863 ,    0.002329 ,     Not run ,     Not run ,    0.000540 ,    0.000403 ,    0.000433 
ec2-c6i,8, Base_OpenMP , default     ,    0.005187 ,    0.089897 ,    0.012398 ,    0.015463 ,    0.016404 ,    0.040506 ,    0.046674 ,    0.046477 ,    0.025080 ,    0.028348 ,    0.017751 ,    0.586617 ,    0.002035 ,    0.000574 ,    0.000980 ,    0.004640 ,    0.028663 ,    0.029722 ,    0.020946 ,    0.003752 ,    0.021299 ,    0.051227 ,    0.026131 ,    0.029141 ,    0.070366 ,    0.004704 ,    0.056914 ,    0.084067 ,    0.134991 ,    0.012452 ,    0.003631 ,    0.016119 ,    0.065195 ,    0.112347 ,    0.001361 ,    0.002180 ,    0.021333 ,    0.042179 ,    0.069825 ,    0.003456 ,    0.027792 ,    0.018925 ,    0.037404 ,    0.017050 ,    0.027592 ,    0.006631 ,    0.023287 ,    0.016717 ,    0.046760 ,    0.015337 ,    0.007951 ,    0.003963 ,    0.027451 ,    0.027438 ,    0.005362 ,    0.137347 ,    0.054611 ,    0.037571 ,    0.004421 ,     Not run ,     Not run ,    0.000943 ,    0.000595 ,    0.000749 
ec2-c6i,4, Base_OpenMP , default     ,    0.015159 ,    0.180300 ,    0.024573 ,    0.031049 ,    0.032948 ,    0.044033 ,    0.090574 ,    0.090466 ,    0.050017 ,    0.030823 ,    0.034358 ,    0.586883 ,    0.003875 ,    0.001055 ,    0.001859 ,    0.009124 ,    0.054565 ,    0.037477 ,    0.064228 ,    0.007244 ,    0.065030 ,    0.073563 ,    0.049933 ,    0.050643 ,    0.083637 ,    0.009345 ,    0.066163 ,    0.159130 ,    0.257198 ,    0.024774 ,    0.007403 ,    0.038213 ,    0.181591 ,    0.215773 ,    0.002370 ,    0.004393 ,    0.041858 ,    0.106359 ,    0.145949 ,    0.007188 ,    0.049736 ,    0.056768 ,    0.072778 ,    0.056734 ,    0.049798 ,    0.013262 ,    0.046502 ,    0.033180 ,    0.055230 ,    0.030528 ,    0.005358 ,    0.004481 ,    0.053927 ,    0.053925 ,    0.010762 ,    0.274681 ,    0.069644 ,    0.075035 ,    0.008744 ,     Not run ,     Not run ,    0.001819 ,    0.001037 ,    0.003293 
ec2-c6i,128, Base_OpenMP , default     ,    0.006393 ,    0.018764 ,    0.003852 ,    0.003197 ,    0.005794 ,    0.007763 ,    0.034194 ,    0.034804 ,    0.008512 ,    0.005457 ,    0.014978 ,    0.721476 ,    0.001642 ,    0.003011 ,    0.002737 ,    0.002101 ,    0.005498 ,    0.008373 ,    0.024898 ,    0.005880 ,    0.024997 ,    0.058084 ,    0.013183 ,    0.004523 ,    0.006983 ,    0.001332 ,    0.013177 ,    0.014038 ,    0.023537 ,    0.002275 ,    0.003828 ,    0.017120 ,    0.071224 ,    0.022580 ,    0.002008 ,    0.001713 ,    0.016680 ,    0.041472 ,    0.058342 ,    0.001573 ,    0.012599 ,    0.022409 ,    0.030166 ,    0.022773 ,    0.012654 ,    0.001521 ,    0.004336 ,    0.003030 ,    0.004272 ,    0.004391 ,    0.099653 ,    0.105743 ,    0.003722 ,    0.003707 ,    0.001399 ,    0.020290 ,    0.011025 ,    0.005933 ,    0.001933 ,     Not run ,     Not run ,    0.000953 ,    0.001367 ,    0.001289 
ec2-c6i,64, Base_OpenMP , default     ,    0.004362 ,    0.028141 ,    0.004484 ,    0.003335 ,    0.005402 ,    0.007308 ,    0.026730 ,    0.026520 ,    0.008466 ,    0.005175 ,    0.011480 ,    0.638399 ,    0.001496 ,    0.001582 ,    0.001401 ,    0.002333 ,    0.007785 ,    0.007986 ,    0.017077 ,    0.003208 ,    0.017064 ,    0.054195 ,    0.009723 ,    0.006746 ,    0.011849 ,    0.001628 ,    0.009483 ,    0.025112 ,    0.042425 ,    0.002988 ,    0.002826 ,    0.012577 ,    0.048006 ,    0.042286 ,    0.001626 ,    0.001218 ,    0.018209 ,    0.030591 ,    0.047001 ,    0.001373 ,    0.008826 ,    0.015266 ,    0.019902 ,    0.015304 ,    0.008961 ,    0.002087 ,    0.006623 ,    0.005022 ,    0.006174 ,    0.005995 ,    0.054187 ,    0.062444 ,    0.006310 ,    0.006808 ,    0.001970 ,    0.038779 ,    0.009394 ,    0.010029 ,    0.001608 ,     Not run ,     Not run ,    0.000547 ,    0.001094 ,    0.000840 
ec2-c6i,32, Base_OpenMP , default     ,    0.003072 ,    0.024218 ,    0.004104 ,    0.005259 ,    0.005782 ,    0.007364 ,    0.020302 ,    0.020481 ,    0.008435 ,    0.005065 ,    0.008351 ,    0.580038 ,    0.001590 ,    0.000760 ,    0.000884 ,    0.001607 ,    0.007678 ,    0.006660 ,    0.011867 ,    0.002126 ,    0.011774 ,    0.050771 ,    0.007178 ,    0.007568 ,    0.010539 ,    0.003440 ,    0.007309 ,    0.021165 ,    0.034000 ,    0.004270 ,    0.002117 ,    0.009624 ,    0.035856 ,    0.028197 ,    0.001443 ,    0.001021 ,    0.011946 ,    0.021237 ,    0.035702 ,    0.001266 ,    0.006257 ,    0.010666 ,    0.017135 ,    0.009945 ,    0.006256 ,    0.001865 ,    0.006376 ,    0.004317 ,    0.005443 ,    0.004413 ,    0.035405 ,    0.032907 ,    0.007252 ,    0.007256 ,    0.001543 ,    0.034712 ,    0.008051 ,    0.009801 ,    0.001607 ,     Not run ,     Not run ,    0.000865 ,    0.000560 ,    0.000583 
ec2-c6i,16, Base_OpenMP , default     ,    0.002846 ,    0.045299 ,    0.006349 ,    0.007823 ,    0.008643 ,    0.009029 ,    0.025462 ,    0.025161 ,    0.012611 ,    0.006347 ,    0.009704 ,    0.564715 ,    0.001161 ,    0.000419 ,    0.000634 ,    0.002444 ,    0.022212 ,    0.009869 ,    0.011454 ,    0.002155 ,    0.011349 ,    0.028218 ,    0.007912 ,    0.014557 ,    0.037657 ,    0.002388 ,    0.008142 ,    0.042120 ,    0.067629 ,    0.006549 ,    0.002092 ,    0.009324 ,    0.036145 ,    0.056232 ,    0.000977 ,    0.001198 ,    0.011745 ,    0.023130 ,    0.039152 ,    0.001824 ,    0.005982 ,    0.010277 ,    0.020593 ,    0.008947 ,    0.005996 ,    0.003290 ,    0.011720 ,    0.008332 ,    0.021280 ,    0.007795 ,    0.011868 ,    0.011419 ,    0.014202 ,    0.014195 ,    0.002719 ,    0.068721 ,    0.010474 ,    0.018854 ,    0.002326 ,     Not run ,     Not run ,    0.000552 ,    0.000402 ,    0.000428 
ec2-c6i,8, Base_OpenMP , default     ,    0.004855 ,    0.089742 ,    0.012392 ,    0.015415 ,    0.016407 ,    0.040487 ,    0.046691 ,    0.046445 ,    0.025095 ,    0.028418 ,    0.017736 ,    0.533928 ,    0.002031 ,    0.000584 ,    0.000991 ,    0.004645 ,    0.028720 ,    0.030696 ,    0.019576 ,    0.003764 ,    0.019369 ,    0.051321 ,    0.027205 ,    0.029161 ,    0.070266 ,    0.004799 ,    0.061291 ,    0.084026 ,    0.134798 ,    0.012439 ,    0.003587 ,    0.016193 ,    0.064253 ,    0.112272 ,    0.001373 ,    0.002173 ,    0.021337 ,    0.041424 ,    0.069343 ,    0.003438 ,    0.026085 ,    0.017576 ,    0.037426 ,    0.014864 ,    0.026333 ,    0.006719 ,    0.023288 ,    0.016627 ,    0.046655 ,    0.015498 ,    0.007886 ,    0.004033 ,    0.027404 ,    0.027400 ,    0.005357 ,    0.137350 ,    0.054664 ,    0.037574 ,    0.004418 ,     Not run ,     Not run ,    0.000944 ,    0.000592 ,    0.000802 
ec2-c6i,4, Base_OpenMP , default     ,    0.016560 ,    0.180401 ,    0.024561 ,    0.031067 ,    0.033073 ,    0.043985 ,    0.090546 ,    0.090325 ,    0.050047 ,    0.030807 ,    0.034368 ,    0.596354 ,    0.003875 ,    0.001045 ,    0.001854 ,    0.009086 ,    0.054300 ,    0.037355 ,    0.066604 ,    0.007236 ,    0.067197 ,    0.073777 ,    0.049908 ,    0.050062 ,    0.081992 ,    0.009343 ,    0.066206 ,    0.158807 ,    0.256946 ,    0.024778 ,    0.007423 ,    0.038394 ,    0.185452 ,    0.215578 ,    0.002396 ,    0.004402 ,    0.041837 ,    0.108338 ,    0.146348 ,    0.007214 ,    0.049916 ,    0.059566 ,    0.072782 ,    0.059501 ,    0.049944 ,    0.013294 ,    0.046485 ,    0.033046 ,    0.054767 ,    0.030481 ,    0.005494 ,    0.004585 ,    0.053878 ,    0.053880 ,    0.010754 ,    0.274661 ,    0.069612 ,    0.075036 ,    0.008754 ,     Not run ,     Not run ,    0.001819 ,    0.001037 ,    0.003314 
ec2-c6i,128, Base_OpenMP , default     ,    0.006475 ,    0.019069 ,    0.003856 ,    0.003106 ,    0.005579 ,    0.007775 ,    0.034491 ,    0.033896 ,    0.008500 ,    0.005583 ,    0.014743 ,    0.832697 ,    0.002154 ,    0.003142 ,    0.003005 ,    0.001634 ,    0.005562 ,    0.008423 ,    0.025064 ,    0.006189 ,    0.027064 ,    0.061813 ,    0.013396 ,    0.004480 ,    0.007020 ,    0.001351 ,    0.013311 ,    0.014423 ,    0.023707 ,    0.002340 ,    0.003828 ,    0.017218 ,    0.071601 ,    0.022688 ,    0.002039 ,    0.001783 ,    0.016669 ,    0.041696 ,    0.057803 ,    0.001858 ,    0.012752 ,    0.022573 ,    0.031518 ,    0.022604 ,    0.012782 ,    0.001516 ,    0.004317 ,    0.003054 ,    0.004274 ,    0.004641 ,    0.099740 ,    0.110708 ,    0.003707 ,    0.003744 ,    0.001392 ,    0.020316 ,    0.011335 ,    0.005939 ,    0.001816 ,     Not run ,     Not run ,    0.001495 ,    0.001379 ,    0.001328 
ec2-c6i,64, Base_OpenMP , default     ,    0.004330 ,    0.028120 ,    0.004462 ,    0.003716 ,    0.005377 ,    0.007307 ,    0.027134 ,    0.026309 ,    0.008467 ,    0.005170 ,    0.011502 ,    0.665431 ,    0.001990 ,    0.001632 ,    0.001529 ,    0.002250 ,    0.008148 ,    0.007955 ,    0.016861 ,    0.003158 ,    0.016965 ,    0.054090 ,    0.009747 ,    0.006763 ,    0.011258 ,    0.001638 ,    0.009447 ,    0.024742 ,    0.041777 ,    0.002978 ,    0.002417 ,    0.012513 ,    0.047816 ,    0.041534 ,    0.001788 ,    0.001210 ,    0.018261 ,    0.030442 ,    0.047054 ,    0.001712 ,    0.008784 ,    0.015082 ,    0.019747 ,    0.015145 ,    0.008866 ,    0.002069 ,    0.006620 ,    0.005017 ,    0.006142 ,    0.005987 ,    0.053330 ,    0.070482 ,    0.006372 ,    0.006603 ,    0.001895 ,    0.038774 ,    0.009366 ,    0.010015 ,    0.001563 ,     Not run ,     Not run ,    0.000631 ,    0.000861 ,    0.000827 
ec2-c6i,32, Base_OpenMP , default     ,    0.003100 ,    0.024269 ,    0.004075 ,    0.004341 ,    0.005325 ,    0.007387 ,    0.020514 ,    0.020250 ,    0.008475 ,    0.005089 ,    0.008469 ,    0.593084 ,    0.000868 ,    0.000967 ,    0.000877 ,    0.002554 ,    0.007741 ,    0.006681 ,    0.012076 ,    0.002141 ,    0.011856 ,    0.050879 ,    0.007248 ,    0.006831 ,    0.010955 ,    0.001576 ,    0.007478 ,    0.021171 ,    0.034028 ,    0.004275 ,    0.001911 ,    0.009761 ,    0.036056 ,    0.028196 ,    0.001432 ,    0.001034 ,    0.011872 ,    0.021581 ,    0.036069 ,    0.001264 ,    0.006336 ,    0.010965 ,    0.017244 ,    0.010387 ,    0.006276 ,    0.001883 ,    0.006392 ,    0.004305 ,    0.005435 ,    0.004504 ,    0.036371 ,    0.023880 ,    0.007247 ,    0.007252 ,    0.001543 ,    0.034688 ,    0.008034 ,    0.009816 ,    0.001612 ,     Not run ,     Not run ,    0.000462 ,    0.000895 ,    0.000587 
ec2-c6i,16, Base_OpenMP , default     ,    0.002869 ,    0.045328 ,    0.006351 ,    0.007907 ,    0.008385 ,    0.009633 ,    0.025682 ,    0.025248 ,    0.012619 ,    0.006544 ,    0.009763 ,    0.541002 ,    0.001147 ,    0.000422 ,    0.000640 ,    0.002449 ,    0.022012 ,    0.009889 ,    0.011616 ,    0.002154 ,    0.011567 ,    0.027718 ,    0.007972 ,    0.014699 ,    0.037804 ,    0.002395 ,    0.009256 ,    0.042140 ,    0.067689 ,    0.006564 ,    0.002069 ,    0.009454 ,    0.036814 ,    0.056284 ,    0.000951 ,    0.001211 ,    0.011786 ,    0.023539 ,    0.040229 ,    0.001821 ,    0.006047 ,    0.010534 ,    0.020688 ,    0.009054 ,    0.006045 ,    0.003247 ,    0.011723 ,    0.008322 ,    0.021057 ,    0.007798 ,    0.012639 ,    0.011401 ,    0.014174 ,    0.014176 ,    0.002715 ,    0.068707 ,    0.011414 ,    0.018865 ,    0.002319 ,     Not run ,     Not run ,    0.000540 ,    0.000403 ,    0.000438 
ec2-c6i,8, Base_OpenMP , default     ,    0.004870 ,    0.089737 ,    0.012391 ,    0.015512 ,    0.016414 ,    0.040527 ,    0.046674 ,    0.046571 ,    0.025077 ,    0.028338 ,    0.017732 ,    0.530800 ,    0.002028 ,    0.000591 ,    0.000985 ,    0.004680 ,    0.028849 ,    0.027292 ,    0.019665 ,    0.003761 ,    0.019797 ,    0.051013 ,    0.026694 ,    0.029248 ,    0.070564 ,    0.004704 ,    0.061186 ,    0.084089 ,    0.134904 ,    0.012444 ,    0.003607 ,    0.016202 ,    0.062704 ,    0.112315 ,    0.001366 ,    0.002180 ,    0.021397 ,    0.042333 ,    0.069476 ,    0.003438 ,    0.027443 ,    0.019051 ,    0.037415 ,    0.017720 ,    0.027378 ,    0.006673 ,    0.023321 ,    0.016589 ,    0.046585 ,    0.015332 ,    0.007917 ,    0.004014 ,    0.027390 ,    0.027403 ,    0.005353 ,    0.137344 ,    0.055601 ,    0.037579 ,    0.004397 ,     Not run ,     Not run ,    0.000945 ,    0.000593 ,    0.000775 
ec2-c6i,4, Base_OpenMP , default     ,    0.015792 ,    0.180310 ,    0.024565 ,    0.031087 ,    0.032897 ,    0.044048 ,    0.090576 ,    0.090246 ,    0.049956 ,    0.030829 ,    0.034375 ,    0.605443 ,    0.003836 ,    0.001053 ,    0.001854 ,    0.009105 ,    0.054566 ,    0.037400 ,    0.065865 ,    0.007245 ,    0.066503 ,    0.073667 ,    0.049963 ,    0.050705 ,    0.082107 ,    0.009336 ,    0.066139 ,    0.159064 ,    0.257138 ,    0.024765 ,    0.007401 ,    0.038204 ,    0.178943 ,    0.215787 ,    0.002410 ,    0.004368 ,    0.041805 ,    0.107303 ,    0.145338 ,    0.007191 ,    0.049840 ,    0.055536 ,    0.072808 ,    0.055488 ,    0.049863 ,    0.013259 ,    0.046484 ,    0.033266 ,    0.054764 ,    0.030513 ,    0.005331 ,    0.004646 ,    0.053884 ,    0.053881 ,    0.010763 ,    0.274684 ,    0.069610 ,    0.075032 ,    0.008750 ,     Not run ,     Not run ,    0.001819 ,    0.001037 ,    0.003301 
AVERAGE
boraxo,72,,,0.006866,0.039455,0.006061,0.004162,0.005069,0.010000,0.034821,0.033136,0.012408,0.007051,0.013965,2.785129,0.001550,0.002777,0.002984,0.002023,0.011867,0.008732,0.027132,0.006349,0.027236,0.096623,0.014863,0.011427,0.016712,0.001558,0.014670,0.111638,0.208414,0.004338,0.013711,0.019890,0.077227,0.215961,0.004294,0.004009,0.018460,0.046287,0.064712,0.002157,0.014175,0.023997,0.035739,0.023924,0.013951,0.002125,0.008837,0.005394,0.014911,0.006230,0.084521,0.217268,0.008764,0.009692,0.002172,0.051215,0.013021,0.012496,0.002349,,,0.001012,0.001425,0.001511
boraxo,36,,,0.006032,0.070547,0.009288,0.006322,0.004856,0.014288,0.028742,0.025169,0.014811,0.009969,0.011147,2.316798,0.001410,0.001296,0.001518,0.002258,0.019609,0.010484,0.022930,0.003813,0.023212,0.090411,0.013950,0.022264,0.026569,0.002315,0.016132,0.219087,0.411170,0.006477,0.011003,0.017261,0.065184,0.426993,0.004122,0.003879,0.022769,0.041734,0.068870,0.002570,0.012998,0.019017,0.025023,0.019340,0.012963,0.002757,0.015541,0.009348,0.027670,0.009872,0.057738,0.079158,0.014615,0.016213,0.002680,0.100605,0.017845,0.023004,0.002597,,,0.000728,0.001117,0.001235
boraxo,32,,,0.005800,0.078267,0.009932,0.006857,0.004754,0.015461,0.026530,0.022653,0.014574,0.010805,0.010103,2.227230,0.001437,0.000949,0.001168,0.002507,0.021915,0.010687,0.021314,0.003434,0.021688,0.059461,0.013545,0.023612,0.029461,0.002251,0.017798,0.248818,0.464015,0.007140,0.011128,0.016856,0.061185,0.481962,0.004688,0.004164,0.022149,0.039891,0.068480,0.002634,0.012749,0.017398,0.022869,0.017496,0.012829,0.002904,0.017182,0.010267,0.031895,0.010739,0.044784,0.069259,0.016642,0.018378,0.002853,0.112805,0.019408,0.025604,0.002564,,,0.000645,0.001049,0.001120
boraxo,18,,,0.004620,0.066337,0.008750,0.009127,0.004280,0.016187,0.020550,0.017957,0.012544,0.010776,0.008132,1.162786,0.001337,0.000674,0.000958,0.002205,0.020733,0.009149,0.017922,0.003693,0.017874,0.089735,0.011168,0.020789,0.025805,0.002335,0.012965,0.053485,0.088670,0.009805,0.022253,0.012553,0.051569,0.068552,0.005329,0.003263,0.017721,0.033171,0.056067,0.002407,0.010138,0.013947,0.021999,0.014310,0.010198,0.002724,0.016416,0.009551,0.027693,0.009450,0.030741,0.038061,0.021703,0.021438,0.002580,0.088423,0.016769,0.024816,0.003417,,,0.000611,0.000791,0.000946
boraxo,16,,,0.004825,0.074274,0.009667,0.010133,0.004462,0.018790,0.021508,0.018367,0.012309,0.012490,0.008101,1.127458,0.001186,0.000598,0.000897,0.002393,0.023473,0.010571,0.019251,0.003790,0.019204,0.083962,0.012201,0.024478,0.029371,0.002560,0.015116,0.059984,0.099333,0.011053,0.012984,0.013811,0.054416,0.076931,0.005180,0.007331,0.018591,0.036132,0.060934,0.002627,0.011069,0.014420,0.021428,0.014713,0.011028,0.002962,0.018694,0.010620,0.032387,0.010490,0.027427,0.030347,0.024476,0.024635,0.002817,0.099328,0.019253,0.028756,0.003628,,,0.000642,0.000821,0.000951
boraxo,8,,,0.007449,0.146247,0.017948,0.019771,0.007312,0.031745,0.030712,0.022487,0.020215,0.022131,0.011197,0.932030,0.001561,0.000440,0.000903,0.003622,0.053191,0.024251,0.030661,0.005839,0.032663,0.053073,0.031776,0.048814,0.069867,0.004517,0.048212,0.118495,0.197058,0.017878,0.005396,0.023953,0.088503,0.152092,0.002316,0.002014,0.028121,0.061264,0.104492,0.004251,0.031039,0.025961,0.032495,0.026155,0.031070,0.005358,0.036628,0.021084,0.080675,0.020087,0.015111,0.005772,0.047094,0.047148,0.005108,0.197716,0.047910,0.053730,0.006523,,,0.000816,0.000844,0.001525
boraxo,4,,,0.022782,0.289505,0.035560,0.041134,0.016274,0.061529,0.056615,0.044749,0.039096,0.042996,0.022194,0.959506,0.002920,0.000649,0.002317,0.007019,0.094105,0.045932,0.091943,0.011245,0.092068,0.102067,0.068906,0.096780,0.129294,0.008963,0.092026,0.236357,0.392324,0.035315,0.009545,0.052536,0.222594,0.303891,0.003066,0.005493,0.058345,0.148148,0.210075,0.008913,0.068586,0.082685,0.091856,0.082829,0.068707,0.010499,0.072555,0.043023,0.150548,0.039866,0.017370,0.006757,0.092347,0.092448,0.010119,0.394810,0.097648,0.110962,0.013375,,,0.001487,0.001841,0.004596
catalyst,48,,,0.008118,0.049086,0.015130,0.005039,0.008065,0.018290,0.040529,0.040309,0.025745,0.013152,0.018094,1.239228,0.003339,0.001485,0.001747,0.005933,0.017817,0.014254,0.031807,0.003997,0.032009,0.125143,0.020013,0.023571,0.019808,0.009874,0.023055,0.348734,0.560017,0.007175,0.015336,0.022181,0.090123,0.468213,0.007163,0.004204,0.033684,0.052655,0.086072,0.010894,0.019725,0.026856,0.033031,0.027202,0.019702,0.003664,0.015948,0.009979,0.030526,0.011163,0.066218,0.069172,0.012872,0.012970,0.003553,0.069712,0.023006,0.021576,0.002388,,,0.000751,0.001257,0.001639
catalyst,24,,,0.010775,0.090936,0.027141,0.008479,0.012266,0.029345,0.051213,0.051309,0.022758,0.020830,0.024145,1.076560,0.005704,0.000873,0.001311,0.010976,0.029351,0.021847,0.042163,0.003616,0.042078,0.107597,0.026692,0.043131,0.032156,0.018790,0.031872,0.695497,1.117909,0.012616,0.022848,0.027156,0.119121,0.913451,0.006594,0.003322,0.035886,0.069157,0.122073,0.020052,0.028200,0.036546,0.035790,0.036759,0.026107,0.005676,0.029845,0.018038,0.049881,0.019987,0.035225,0.031906,0.023357,0.023425,0.005674,0.137213,0.035897,0.040958,0.003449,,,0.000682,0.001331,0.002182
catalyst,16,,,0.013847,0.133700,0.039162,0.012037,0.016840,0.039072,0.065820,0.065903,0.029385,0.028568,0.028412,1.158373,0.008274,0.000629,0.001286,0.016168,0.044622,0.029171,0.054861,0.003991,0.055111,0.062760,0.035668,0.063419,0.053681,0.027929,0.043650,1.030043,1.663212,0.017395,0.031609,0.034740,0.154543,1.360513,0.008861,0.003367,0.043378,0.090532,0.162570,0.029891,0.034635,0.047299,0.043765,0.047518,0.034687,0.008090,0.044065,0.026403,0.078411,0.029200,0.028109,0.024047,0.033919,0.033987,0.008146,0.209738,0.047921,0.060822,0.004560,,,0.000751,0.001776,0.002705
catalyst,12,,,0.010206,0.084474,0.028045,0.012482,0.016220,0.036596,0.046086,0.046069,0.022959,0.026505,0.021216,0.812711,0.005537,0.000582,0.001156,0.010756,0.032602,0.022616,0.040191,0.003631,0.040097,0.108468,0.026000,0.043828,0.034257,0.025775,0.030814,0.703597,1.120552,0.016921,0.021741,0.024610,0.108839,0.928160,0.007736,0.002691,0.031922,0.069534,0.101503,0.020325,0.024593,0.033641,0.034202,0.033653,0.024659,0.005643,0.033744,0.018944,0.051363,0.021222,0.023380,0.013262,0.029709,0.029791,0.005810,0.125463,0.040820,0.042047,0.003846,,,0.000620,0.001234,0.002022
catalyst,8,,,0.014041,0.125389,0.040256,0.018994,0.024149,0.042493,0.063198,0.063165,0.033718,0.029529,0.028656,0.840934,0.008666,0.000627,0.001427,0.016881,0.058589,0.031463,0.054309,0.004647,0.054514,0.092828,0.036496,0.067446,0.075842,0.038466,0.043303,1.053919,1.679947,0.025735,0.031512,0.034191,0.151601,1.394626,0.008444,0.003294,0.044474,0.095216,0.143052,0.030886,0.034281,0.046364,0.045842,0.046100,0.034211,0.008810,0.050210,0.028610,0.097980,0.031505,0.016614,0.007352,0.044888,0.044639,0.008886,0.188015,0.048027,0.063073,0.005967,,,0.000770,0.001855,0.002939
catalyst,4,,,0.025402,0.244079,0.079077,0.034886,0.044725,0.081732,0.114728,0.114937,0.060440,0.057744,0.051884,0.840361,0.015626,0.000873,0.002320,0.031088,0.183479,0.059949,0.101614,0.008659,0.101945,0.130360,0.068349,0.133614,0.206887,0.075015,0.082347,2.086903,3.336956,0.041355,0.060022,0.062860,0.281280,2.750706,0.013562,0.005886,0.082751,0.177710,0.267671,0.059202,0.064796,0.085378,0.082283,0.085415,0.064335,0.015790,0.098034,0.056914,0.207938,0.061578,0.011239,0.005592,0.085470,0.085299,0.016329,0.368490,0.093979,0.124116,0.010249,,,0.001158,0.002924,0.004753
quartz,72,,,0.009307,0.036999,0.010515,0.004556,0.008107,0.019562,0.044876,0.044711,0.009689,0.013164,0.020773,1.278622,0.001536,0.002663,0.003102,0.002789,0.015709,0.015732,0.036311,0.006319,0.036470,0.108360,0.024405,0.012495,0.020543,0.002855,0.029301,0.055086,0.099904,0.004625,0.006459,0.022159,0.096868,0.099612,0.004157,0.003536,0.026054,0.052762,0.074555,0.002268,0.027193,0.031732,0.036193,0.031113,0.028365,0.002991,0.009693,0.006587,0.019861,0.006317,0.096260,0.105520,0.010382,0.010499,0.002716,0.047183,0.026695,0.012945,0.002726,,,0.001033,0.001729,0.002234
quartz,36,,,0.013307,0.063639,0.017127,0.007245,0.010815,0.023453,0.040927,0.040621,0.013683,0.016825,0.019113,1.020764,0.001806,0.001234,0.001517,0.004022,0.019694,0.015551,0.047426,0.003479,0.047411,0.103683,0.024424,0.020567,0.024376,0.003483,0.028994,0.104221,0.187411,0.006524,0.006982,0.025305,0.117261,0.201695,0.003768,0.002525,0.038301,0.064401,0.091288,0.003677,0.031380,0.042460,0.040012,0.042997,0.031356,0.003693,0.016719,0.010802,0.028048,0.008907,0.057875,0.047260,0.017219,0.017212,0.003279,0.091852,0.032329,0.023475,0.003793,,,0.000801,0.001413,0.002816
quartz,32,,,0.012987,0.069987,0.018684,0.007718,0.011395,0.024962,0.041222,0.039843,0.014023,0.017279,0.018681,1.272694,0.001914,0.001092,0.001403,0.004260,0.021875,0.016064,0.047072,0.002905,0.047145,0.067690,0.027746,0.021892,0.026329,0.004212,0.028227,0.100979,0.198218,0.007193,0.007128,0.024540,0.118162,0.231200,0.003950,0.003174,0.044600,0.067767,0.093980,0.003889,0.031507,0.041864,0.039070,0.042760,0.031775,0.003753,0.018441,0.011767,0.030289,0.009537,0.050080,0.044448,0.019635,0.019675,0.003590,0.103059,0.033123,0.025994,0.003911,,,0.000697,0.001399,0.002738
quartz,18,,,0.011758,0.055075,0.016750,0.009785,0.012780,0.031223,0.034695,0.036294,0.011495,0.022103,0.017190,0.656037,0.001606,0.000725,0.001402,0.003746,0.024421,0.015615,0.043021,0.003398,0.042655,0.104023,0.020845,0.021767,0.027017,0.004465,0.026668,0.068419,0.110323,0.010044,0.008393,0.026110,0.104950,0.090569,0.004052,0.001917,0.028579,0.057702,0.075166,0.003390,0.028673,0.038521,0.034176,0.038934,0.028775,0.004101,0.016824,0.012473,0.031332,0.010166,0.035750,0.036345,0.025961,0.026033,0.003330,0.083128,0.036814,0.024600,0.004024,,,0.000677,0.001114,0.002564
quartz,16,,,0.012659,0.061850,0.018573,0.010518,0.014061,0.033760,0.037684,0.039415,0.014361,0.025055,0.017065,0.640114,0.001663,0.000691,0.001485,0.004052,0.027705,0.016428,0.045811,0.003293,0.045849,0.093730,0.024097,0.023809,0.025260,0.004842,0.030415,0.075623,0.122533,0.011312,0.005980,0.022815,0.112204,0.100856,0.003838,0.002426,0.030828,0.063688,0.086339,0.003511,0.030925,0.040668,0.037608,0.041652,0.030798,0.004376,0.018583,0.013081,0.033967,0.011067,0.032193,0.029928,0.029232,0.029172,0.003614,0.093151,0.039914,0.027415,0.004450,,,0.000644,0.001193,0.002704
quartz,8,,,0.013135,0.119171,0.034414,0.017918,0.022592,0.035569,0.056807,0.060762,0.019676,0.024680,0.026757,0.803376,0.002869,0.000505,0.001209,0.007527,0.058141,0.022911,0.053092,0.004794,0.053113,0.059968,0.034605,0.045725,0.054142,0.006659,0.042534,0.149713,0.243162,0.017773,0.006183,0.029089,0.149780,0.198090,0.002103,0.002360,0.036780,0.085699,0.120666,0.005677,0.034192,0.045125,0.037039,0.047465,0.034256,0.006364,0.035407,0.023935,0.083288,0.020143,0.012331,0.005028,0.055729,0.055910,0.005829,0.184357,0.047026,0.053619,0.005782,,,0.000616,0.001729,0.002516
quartz,4,,,0.024054,0.226490,0.064001,0.034375,0.043030,0.066648,0.104555,0.111098,0.037701,0.045841,0.049202,0.722210,0.005236,0.000691,0.002146,0.014225,0.113338,0.042482,0.097286,0.008942,0.096958,0.109752,0.063769,0.085562,0.106463,0.012433,0.078821,0.282455,0.457061,0.033839,0.011176,0.052110,0.274335,0.376053,0.003512,0.004188,0.067818,0.157419,0.221588,0.010421,0.063053,0.084903,0.066510,0.086859,0.063103,0.011963,0.067610,0.044973,0.152185,0.037683,0.011779,0.005858,0.104725,0.105114,0.010842,0.352699,0.088010,0.101915,0.010786,,,0.001020,0.003201,0.004881
ruby,112,,,0.010810,0.027656,0.006339,0.004783,0.009001,0.012101,0.054581,0.054237,0.007975,0.008794,0.021967,1.471980,0.001786,0.005901,0.005799,0.002189,0.010496,0.011783,0.042064,0.011860,0.042189,0.110337,0.021848,0.009197,0.011564,0.003755,0.021563,0.056986,0.098426,0.004441,0.014394,0.030344,0.120059,0.106932,0.005001,0.004586,0.025577,0.068976,0.092258,0.002646,0.021563,0.036153,0.055621,0.037790,0.021395,0.002794,0.005957,0.004660,0.009602,0.006015,0.147222,0.352569,0.005764,0.006116,0.002730,0.027304,0.016693,0.007750,0.003402,,,0.001486,0.002190,0.002222
ruby,56,,,0.005775,0.031851,0.005848,0.004116,0.006404,0.009103,0.026762,0.026533,0.009578,0.006304,0.011744,0.918143,0.001160,0.002095,0.002101,0.001552,0.011251,0.007711,0.022359,0.004564,0.022550,0.091733,0.012291,0.011090,0.020229,0.004820,0.012503,0.088627,0.164117,0.003908,0.013816,0.016110,0.064609,0.175748,0.003647,0.004087,0.020931,0.037997,0.056795,0.001929,0.011795,0.018684,0.027374,0.019945,0.011726,0.001714,0.007447,0.005137,0.017376,0.005929,0.068831,0.094307,0.007090,0.007491,0.001785,0.041523,0.011195,0.011236,0.002137,,,0.000770,0.001119,0.001226
ruby,32,,,0.004786,0.049289,0.007541,0.005395,0.007140,0.012034,0.017636,0.017404,0.010730,0.008430,0.008938,0.739010,0.000964,0.001129,0.001180,0.001809,0.014563,0.008384,0.018488,0.002881,0.018560,0.057798,0.010473,0.017420,0.026808,0.007449,0.014175,0.155427,0.278564,0.004918,0.021218,0.013190,0.047263,0.298526,0.006367,0.006938,0.015359,0.031699,0.053008,0.002093,0.010036,0.013145,0.017308,0.014114,0.010026,0.002106,0.011206,0.007663,0.029484,0.008588,0.041808,0.053189,0.010451,0.011479,0.002290,0.070735,0.015430,0.016017,0.002004,,,0.000524,0.000739,0.000878
ruby,28,,,0.003738,0.028186,0.004937,0.005045,0.006307,0.008341,0.015594,0.015191,0.007739,0.005759,0.006736,0.705309,0.000783,0.000984,0.001123,0.001258,0.010141,0.005696,0.014063,0.002823,0.014370,0.087960,0.008189,0.009992,0.018723,0.005180,0.007926,0.026720,0.041798,0.004952,0.024926,0.009882,0.039862,0.035421,0.006974,0.006065,0.013544,0.024574,0.037653,0.001843,0.007623,0.011451,0.016122,0.012183,0.007660,0.001565,0.007318,0.004906,0.017415,0.004879,0.035988,0.055888,0.008791,0.008878,0.001581,0.037002,0.009139,0.010057,0.002048,,,0.000481,0.000661,0.000788
ruby,16,,,0.003664,0.046335,0.007029,0.007530,0.009288,0.015232,0.014386,0.014248,0.010665,0.010361,0.006824,0.641691,0.000911,0.000551,0.000585,0.001615,0.017083,0.007858,0.014875,0.002259,0.014508,0.061628,0.008626,0.018347,0.033311,0.008650,0.012391,0.047383,0.074995,0.007924,0.014751,0.009654,0.036752,0.062264,0.003583,0.003242,0.015486,0.025503,0.043207,0.002566,0.007811,0.009862,0.013983,0.011456,0.007796,0.002102,0.012334,0.007773,0.035364,0.007513,0.018994,0.017781,0.015429,0.015500,0.002202,0.063795,0.017456,0.017920,0.002606,,,0.000410,0.000577,0.000648
ruby,8,,,0.005450,0.090706,0.012018,0.013211,0.015346,0.026571,0.015273,0.014018,0.014883,0.018596,0.008876,0.590233,0.001114,0.000370,0.000714,0.002453,0.031678,0.021125,0.023280,0.003655,0.024053,0.045922,0.027605,0.032862,0.053119,0.016667,0.041515,0.084316,0.134668,0.011195,0.003714,0.019425,0.062228,0.111239,0.001805,0.001577,0.018837,0.041189,0.066509,0.004372,0.027379,0.020964,0.024399,0.021496,0.027586,0.003879,0.022488,0.013901,0.066260,0.013161,0.008476,0.004625,0.029337,0.029248,0.003754,0.126376,0.040945,0.033279,0.004233,,,0.000526,0.000533,0.001153
ruby,4,,,0.019604,0.179168,0.023090,0.027700,0.032525,0.049283,0.034807,0.033326,0.028695,0.034515,0.016760,0.630064,0.001970,0.000457,0.001992,0.004668,0.059318,0.039116,0.078301,0.006932,0.078319,0.083710,0.058651,0.064321,0.100554,0.033034,0.077866,0.168011,0.268194,0.021924,0.006681,0.044463,0.202459,0.221898,0.002410,0.004748,0.040025,0.127679,0.161667,0.008774,0.058801,0.070496,0.077929,0.070515,0.058658,0.007914,0.045201,0.028247,0.128962,0.025972,0.007089,0.005241,0.057257,0.057166,0.007394,0.252441,0.081919,0.066393,0.009151,,,0.000986,0.001227,0.003941
mammoth,256,,,0.028453,0.030545,0.012100,0.008202,0.018966,0.030518,0.122425,0.126919,0.011053,0.022312,0.046410,0.859715,0.003066,0.005868,0.006755,0.003412,0.012624,0.031128,0.112760,0.012785,0.120711,0.104389,0.059784,0.010185,0.023810,0.004274,0.061253,0.017601,0.023595,0.006245,0.012711,0.074297,0.341830,0.024807,0.006813,0.007721,0.077750,0.177610,0.269133,0.006108,0.058041,0.099686,0.127582,0.112172,0.059144,0.008540,0.008918,0.009616,0.011155,0.010858,0.324843,0.196054,0.005473,0.005475,0.007481,0.014633,0.043284,0.011813,0.007115,,,0.003223,0.005468,0.006073
mammoth,128,,,0.016529,0.021051,0.008049,0.005002,0.011747,0.018123,0.073018,0.072119,0.010360,0.013746,0.027809,0.749407,0.001965,0.003150,0.003898,0.002602,0.010125,0.018852,0.063449,0.006908,0.062381,0.082184,0.032944,0.009411,0.016101,0.003390,0.034687,0.024037,0.033695,0.005669,0.007688,0.043203,0.187214,0.038148,0.004418,0.004555,0.050218,0.099693,0.163516,0.003764,0.032163,0.055603,0.069296,0.056442,0.033016,0.005454,0.007579,0.006148,0.010424,0.008157,0.174867,0.096172,0.005195,0.005511,0.002885,0.013439,0.025680,0.011356,0.004596,,,0.001893,0.003099,0.003583
mammoth,64,,,0.006471,0.016638,0.004357,0.003207,0.005869,0.008197,0.033253,0.030658,0.009313,0.006504,0.011984,0.548674,0.001098,0.001457,0.001936,0.001870,0.006980,0.009169,0.024947,0.003436,0.024511,0.070270,0.013581,0.006778,0.009299,0.002269,0.014501,0.021553,0.022037,0.004254,0.003531,0.018919,0.077776,0.022894,0.004188,0.001678,0.027013,0.039384,0.068228,0.001985,0.013481,0.023081,0.028178,0.023151,0.013767,0.002956,0.004916,0.004374,0.008979,0.004132,0.084158,0.046582,0.004569,0.004530,0.001847,0.019583,0.010909,0.007556,0.002471,,,0.000976,0.001425,0.001736
mammoth,32,,,0.004086,0.023811,0.004309,0.004643,0.006224,0.007414,0.023281,0.017342,0.006737,0.005535,0.007159,0.552893,0.001230,0.000883,0.001381,0.002050,0.008099,0.007247,0.014035,0.002173,0.014048,0.050665,0.009189,0.009306,0.010139,0.002007,0.010555,0.023496,0.036612,0.005093,0.002332,0.011459,0.041688,0.029467,0.002419,0.001341,0.023497,0.024295,0.042361,0.001686,0.008206,0.011908,0.015899,0.011989,0.008340,0.002473,0.006904,0.005667,0.011590,0.004533,0.035352,0.017516,0.007795,0.007796,0.002133,0.034098,0.013324,0.010280,0.001973,,,0.000574,0.000776,0.001068
mammoth,16,,,0.004226,0.044104,0.006281,0.008222,0.010154,0.008676,0.031039,0.019243,0.008537,0.006674,0.007996,0.508353,0.001492,0.000560,0.001325,0.003552,0.013917,0.009101,0.013790,0.002050,0.013914,0.060033,0.010388,0.014589,0.011643,0.002585,0.012638,0.042463,0.067263,0.007897,0.002950,0.011039,0.040541,0.054458,0.002942,0.001588,0.015859,0.024535,0.041815,0.002502,0.009978,0.011514,0.015372,0.013446,0.012538,0.003507,0.011726,0.008610,0.015706,0.006162,0.021094,0.010265,0.015093,0.015082,0.003063,0.066944,0.016310,0.017634,0.002560,,,0.000583,0.000721,0.001156
mammoth,8,,,0.005787,0.085530,0.010706,0.016080,0.019280,0.011322,0.053598,0.029946,0.012132,0.008714,0.012784,0.501552,0.002824,0.000592,0.003184,0.006846,0.026142,0.011498,0.019542,0.002864,0.019727,0.090969,0.013476,0.026303,0.019555,0.003998,0.016931,0.082548,0.132494,0.014349,0.004158,0.013955,0.059125,0.107494,0.003445,0.002464,0.020840,0.033908,0.062596,0.004087,0.013007,0.017151,0.020571,0.016950,0.014018,0.004990,0.022026,0.015896,0.033575,0.010589,0.014079,0.006987,0.029039,0.028959,0.004638,0.133138,0.018108,0.033558,0.004199,,,0.000722,0.000797,0.002012
mammoth,4,,,0.008656,0.170447,0.020227,0.031672,0.038153,0.020506,0.101311,0.054345,0.020662,0.014688,0.023390,0.487409,0.005388,0.000558,0.001876,0.013597,0.124680,0.020298,0.033101,0.004859,0.031618,0.181121,0.022865,0.059451,0.168290,0.006997,0.029565,0.164312,0.264190,0.028329,0.007074,0.022877,0.099270,0.215113,0.004190,0.003644,0.035216,0.059451,0.113332,0.007635,0.021442,0.028074,0.034287,0.027594,0.021592,0.008823,0.043222,0.034807,0.160917,0.019893,0.010805,0.007400,0.057567,0.057477,0.008405,0.267831,0.035147,0.066906,0.007689,,,0.001014,0.001828,0.002823
poodle,224,,,0.010257,0.017697,0.006205,0.003269,0.008430,0.010723,0.048630,0.048700,0.002840,0.007566,0.020019,9.103798,0.002746,0.013252,0.013133,0.003436,0.006612,0.010428,0.040332,0.028691,0.041669,0.052926,0.020160,0.003817,0.009600,0.001318,0.020088,0.013996,0.025646,0.002901,0.005263,0.032817,0.117705,0.031526,0.004147,0.002508,0.026409,0.079464,0.101196,0.002464,0.020137,0.036680,0.109702,0.036654,0.020018,0.002126,0.003850,0.003163,0.004635,0.004772,0.153928,1.244189,0.003487,0.003623,0.002677,0.015153,0.014850,0.004351,0.002960,,,0.002884,0.002050,0.002174
poodle,112,,,0.004790,0.020411,0.004059,0.002258,0.004088,0.005323,0.024800,0.024619,0.002705,0.003781,0.009623,2.982460,0.001066,0.003551,0.003511,0.001262,0.006205,0.005477,0.018498,0.007829,0.018498,0.042894,0.009568,0.004264,0.005606,0.000890,0.009548,0.024790,0.048898,0.002278,0.002658,0.015824,0.055866,0.058821,0.003305,0.001204,0.019319,0.036791,0.055904,0.001560,0.009251,0.016444,0.027744,0.016933,0.009375,0.001591,0.003745,0.003140,0.004832,0.003408,0.065939,0.338415,0.004257,0.004209,0.001493,0.027336,0.008116,0.004995,0.001628,,,0.000861,0.001075,0.001051
poodle,56,,,0.003265,0.017078,0.003317,0.002380,0.002657,0.005354,0.016308,0.016148,0.002330,0.004460,0.006334,0.949907,0.000540,0.001956,0.002037,0.000774,0.005306,0.004059,0.013081,0.004840,0.013219,0.034767,0.006951,0.003973,0.004188,0.000833,0.007042,0.014498,0.022862,0.002961,0.001869,0.009749,0.036517,0.018997,0.003072,0.000909,0.018848,0.021881,0.032979,0.001067,0.006623,0.011834,0.013997,0.011614,0.006798,0.001245,0.003264,0.003040,0.004464,0.002647,0.045595,0.145944,0.004323,0.004319,0.001193,0.023297,0.006650,0.004642,0.001270,,,0.000473,0.000718,0.000757
poodle,32,,,0.002400,0.026690,0.004042,0.003854,0.001998,0.006752,0.011501,0.011131,0.003079,0.006025,0.004540,0.832439,0.000475,0.000789,0.000794,0.000864,0.008230,0.004063,0.009383,0.002580,0.009481,0.030350,0.005569,0.006332,0.004912,0.000801,0.005626,0.025104,0.040572,0.005233,0.001458,0.007797,0.027655,0.033363,0.001888,0.000637,0.016790,0.015794,0.029599,0.001050,0.004937,0.008553,0.009705,0.008412,0.005024,0.001678,0.004692,0.004124,0.007649,0.003396,0.024853,0.049658,0.006691,0.006684,0.001335,0.040074,0.008057,0.007209,0.001168,,,0.000316,0.000514,0.000555
poodle,16,,,0.002548,0.051083,0.006934,0.007602,0.002342,0.012498,0.011929,0.011305,0.004205,0.011721,0.004788,0.686708,0.000624,0.000323,0.000514,0.001410,0.015899,0.005979,0.009893,0.002562,0.010128,0.028700,0.007110,0.012098,0.034512,0.001275,0.007046,0.052279,0.084347,0.007426,0.001574,0.007279,0.029307,0.070181,0.001229,0.000664,0.011890,0.017092,0.034345,0.001381,0.005431,0.009162,0.009674,0.008862,0.005617,0.002800,0.008954,0.007730,0.021213,0.006134,0.011185,0.014464,0.013137,0.013137,0.002009,0.079400,0.013998,0.013974,0.001582,,,0.000266,0.000490,0.000572
poodle,8,,,0.004128,0.101234,0.013626,0.015147,0.004582,0.029450,0.019945,0.017853,0.007726,0.025308,0.007770,0.661429,0.001115,0.000301,0.000734,0.002693,0.033422,0.012191,0.017491,0.004407,0.017708,0.052664,0.014044,0.028713,0.042802,0.002515,0.019836,0.089806,0.146050,0.013228,0.002625,0.011856,0.048673,0.121288,0.001402,0.000963,0.021384,0.029936,0.057028,0.002472,0.010850,0.015465,0.015890,0.015029,0.011029,0.005447,0.017798,0.014944,0.060708,0.011470,0.007724,0.003759,0.025353,0.025354,0.003741,0.158485,0.035985,0.027731,0.003126,,,0.000344,0.000738,0.000934
poodle,4,,,0.010945,0.202898,0.026861,0.030584,0.009358,0.043900,0.028166,0.028205,0.014712,0.030866,0.014344,0.628938,0.002152,0.000400,0.001142,0.005290,0.084821,0.033882,0.041650,0.008505,0.043735,0.076276,0.046885,0.063666,0.098941,0.004959,0.067519,0.170964,0.278255,0.026221,0.004991,0.036470,0.122160,0.231371,0.002459,0.002197,0.037537,0.067811,0.116709,0.004804,0.045000,0.037063,0.031680,0.036313,0.045005,0.010671,0.035372,0.030190,0.115482,0.021401,0.006887,0.004771,0.049836,0.050717,0.007425,0.317188,0.066242,0.055064,0.006040,,,0.000542,0.001173,0.002127
ec2-c5n,72,,,0.006411,0.027844,0.005257,0.003702,0.006194,0.008301,0.040830,0.034624,0.013080,0.006062,0.017285,1.016987,0.001577,0.002619,0.002762,0.002198,0.009264,0.009746,0.024727,0.005711,0.024922,0.068155,0.014867,0.007215,0.015868,0.002096,0.013195,0.075015,0.139266,0.003304,0.012959,0.016762,0.067171,0.143703,0.003876,0.003369,0.016063,0.040835,0.057423,0.001751,0.012423,0.022009,0.029661,0.021720,0.012472,0.002359,0.006464,0.005539,0.006132,0.006949,0.074596,0.169183,0.006132,0.006147,0.002141,0.034331,0.011904,0.010471,0.001883,,,0.000853,0.001245,0.001289
ec2-c5n,36,,,0.005387,0.047636,0.008272,0.005826,0.007587,0.011608,0.045871,0.033209,0.020736,0.008274,0.015387,0.963118,0.001699,0.001334,0.001429,0.002949,0.013940,0.012610,0.021009,0.003102,0.020774,0.063366,0.015918,0.013821,0.023763,0.003114,0.013669,0.146631,0.276112,0.005086,0.011223,0.015903,0.058652,0.285084,0.003350,0.003808,0.019758,0.035762,0.061664,0.001988,0.011221,0.018217,0.023091,0.017919,0.011264,0.003848,0.011501,0.010077,0.013413,0.011615,0.046562,0.060405,0.010205,0.010206,0.003474,0.067032,0.015533,0.019420,0.002003,,,0.000688,0.000974,0.001074
ec2-c5n,32,,,0.005596,0.052944,0.009029,0.006395,0.008096,0.013009,0.049077,0.034061,0.019797,0.009075,0.015592,0.910147,0.001952,0.001090,0.001188,0.003033,0.015661,0.013474,0.021608,0.002973,0.021135,0.049285,0.016592,0.015125,0.026371,0.003035,0.015127,0.166856,0.311331,0.005568,0.014259,0.016390,0.059507,0.321307,0.003743,0.004276,0.019971,0.036657,0.063990,0.002146,0.011456,0.018388,0.023158,0.018277,0.011754,0.004255,0.012795,0.011297,0.015265,0.012900,0.044817,0.051779,0.011567,0.011597,0.003839,0.075149,0.017021,0.021657,0.002115,,,0.000689,0.001098,0.001032
ec2-c5n,18,,,0.004243,0.044374,0.008192,0.007955,0.008758,0.012022,0.038740,0.029028,0.018143,0.008132,0.013327,0.696752,0.001551,0.000752,0.000963,0.002799,0.014322,0.011367,0.016150,0.002906,0.016422,0.061763,0.012933,0.013266,0.023414,0.002991,0.011119,0.041013,0.065180,0.007579,0.019255,0.012335,0.048216,0.053649,0.004152,0.004109,0.016688,0.030349,0.047282,0.002149,0.008755,0.013466,0.025099,0.013088,0.008701,0.003651,0.012414,0.009861,0.013281,0.010385,0.028039,0.028158,0.015146,0.015252,0.003163,0.060140,0.013736,0.019138,0.002513,,,0.000665,0.000799,0.000790
ec2-c5n,16,,,0.004201,0.049485,0.008660,0.008863,0.009617,0.012160,0.042067,0.031118,0.018122,0.008546,0.014167,0.702769,0.001560,0.000717,0.000963,0.003038,0.016396,0.012523,0.016890,0.002942,0.017507,0.058846,0.013704,0.015373,0.027074,0.003275,0.013698,0.045733,0.073012,0.008554,0.016925,0.013430,0.050578,0.060170,0.004222,0.004573,0.017754,0.032375,0.050856,0.002322,0.008662,0.013956,0.026526,0.013722,0.008608,0.004138,0.013901,0.011097,0.015224,0.011539,0.024771,0.024983,0.017369,0.017402,0.003522,0.067555,0.015215,0.021444,0.002656,,,0.000737,0.000739,0.000800
ec2-c5n,8,,,0.006468,0.096260,0.016361,0.016997,0.017547,0.027084,0.072158,0.049915,0.031259,0.018880,0.022402,0.568311,0.002305,0.000690,0.001040,0.004788,0.048639,0.023473,0.025311,0.003926,0.026575,0.041896,0.029945,0.034032,0.066578,0.006249,0.042288,0.089870,0.143756,0.013067,0.004552,0.022084,0.084209,0.118319,0.001999,0.002408,0.027226,0.051717,0.082824,0.003749,0.028222,0.020654,0.039608,0.020660,0.028416,0.008027,0.027717,0.023050,0.039010,0.022308,0.009664,0.004356,0.033275,0.033268,0.006814,0.134155,0.042413,0.042491,0.004491,,,0.000999,0.000755,0.001064
ec2-c5n,4,,,0.019996,0.192656,0.032779,0.034308,0.035165,0.053502,0.140493,0.096061,0.062526,0.037155,0.043231,0.605794,0.004452,0.001206,0.002026,0.009342,0.077541,0.046293,0.080263,0.007513,0.080317,0.079859,0.059953,0.065095,0.123980,0.012498,0.081756,0.176193,0.282312,0.025961,0.008373,0.045971,0.194774,0.232467,0.002776,0.005019,0.054159,0.128662,0.168838,0.007987,0.060001,0.072143,0.079760,0.071922,0.059967,0.016328,0.055074,0.046747,0.078110,0.044344,0.008507,0.005398,0.065413,0.065411,0.013594,0.267850,0.088831,0.084825,0.009314,,,0.001898,0.001440,0.004013
ec2-c6a,192,,,0.009306,0.010613,0.004824,0.002953,0.006388,0.010107,0.045743,0.044186,0.007594,0.007355,0.018058,3.872881,0.002237,0.007138,0.007473,0.002543,0.007100,0.010356,0.035834,0.015471,0.035302,0.067532,0.018754,0.005332,0.012458,0.002169,0.018747,0.017412,0.025419,0.003874,0.004694,0.024707,0.117683,0.024592,0.005072,0.002486,0.020594,0.056631,0.086015,0.002400,0.018081,0.031911,0.056966,0.031539,0.018403,0.002142,0.004392,0.003348,0.004871,0.004466,0.132086,0.472784,0.003482,0.003559,0.001550,0.005312,0.014639,0.005061,0.002476,,,0.001726,0.001959,0.002087
ec2-c6a,96,,,0.005674,0.008863,0.005073,0.002700,0.004721,0.007556,0.030785,0.028300,0.006070,0.005778,0.011462,2.381915,0.001592,0.002577,0.002804,0.002397,0.010719,0.009701,0.023865,0.005889,0.024025,0.059042,0.013816,0.008712,0.016343,0.001837,0.013249,0.019304,0.031384,0.005218,0.003108,0.020886,0.076773,0.029706,0.004663,0.001625,0.043205,0.035882,0.060967,0.001853,0.011541,0.019819,0.028497,0.019243,0.011935,0.002022,0.004895,0.003838,0.007567,0.004171,0.073069,0.095989,0.003595,0.003790,0.001535,0.008281,0.011567,0.006775,0.001772,,,0.000936,0.001244,0.001362
ec2-c6a,48,,,0.003482,0.009125,0.004027,0.001936,0.003145,0.005436,0.019032,0.017519,0.004082,0.004275,0.007217,0.781032,0.001460,0.001004,0.001264,0.001895,0.008214,0.006425,0.013913,0.002757,0.014330,0.054676,0.008162,0.009937,0.013703,0.001822,0.008459,0.013690,0.021300,0.004659,0.002086,0.011532,0.052228,0.018590,0.004101,0.001163,0.025724,0.022511,0.036398,0.001494,0.007769,0.011960,0.017992,0.012403,0.007640,0.001751,0.004680,0.003630,0.006515,0.003499,0.037643,0.026591,0.004347,0.004409,0.001334,0.011100,0.007578,0.006644,0.001488,,,0.000664,0.000825,0.000926
ec2-c6a,32,,,0.003139,0.011432,0.005260,0.002887,0.003193,0.009129,0.018999,0.016556,0.007548,0.006889,0.007043,0.726936,0.001396,0.000775,0.001070,0.002354,0.011076,0.006357,0.011791,0.002061,0.011600,0.062239,0.007196,0.008714,0.017497,0.002010,0.011163,0.020263,0.031644,0.004951,0.002034,0.009091,0.047073,0.027591,0.003262,0.001216,0.017962,0.020087,0.033907,0.001567,0.006683,0.010333,0.015667,0.010094,0.006808,0.002032,0.006226,0.004677,0.011973,0.005046,0.024790,0.019394,0.005835,0.005673,0.001633,0.015505,0.011876,0.008932,0.001536,,,0.000654,0.000720,0.000835
ec2-c6a,16,,,0.004127,0.020525,0.008844,0.006354,0.007131,0.013829,0.026149,0.020961,0.011092,0.011084,0.008600,0.687709,0.001640,0.000529,0.001239,0.003518,0.015321,0.015992,0.018358,0.001748,0.017002,0.058379,0.019478,0.015131,0.021308,0.003064,0.020588,0.039302,0.061509,0.007143,0.002344,0.014336,0.047368,0.052875,0.002387,0.001284,0.016549,0.025924,0.042821,0.002084,0.017158,0.013373,0.017614,0.013724,0.017830,0.003202,0.011637,0.008033,0.018209,0.008263,0.012260,0.009878,0.010937,0.010917,0.002758,0.029404,0.021338,0.016677,0.002076,,,0.000642,0.000653,0.001111
ec2-c6a,8,,,0.007845,0.037868,0.015912,0.013931,0.015871,0.013538,0.045298,0.035473,0.021318,0.011231,0.014304,0.638839,0.002553,0.000512,0.001694,0.006313,0.025282,0.018397,0.023290,0.002185,0.021720,0.088583,0.017573,0.023668,0.021441,0.004833,0.019731,0.074257,0.115445,0.012777,0.003952,0.016114,0.066370,0.099426,0.002296,0.003104,0.023614,0.039147,0.069107,0.003500,0.015463,0.022100,0.033974,0.020458,0.013303,0.005377,0.021233,0.014166,0.022699,0.015609,0.008000,0.004811,0.020608,0.020509,0.004921,0.056453,0.024044,0.031523,0.004045,,,0.000791,0.000965,0.002883
ec2-c6a,4,,,0.009195,0.073814,0.030840,0.028517,0.030772,0.018310,0.085497,0.066098,0.042363,0.014392,0.027050,0.514668,0.004020,0.000829,0.002423,0.011683,0.058131,0.033547,0.037256,0.003600,0.031797,0.031500,0.023351,0.044010,0.073918,0.008963,0.034720,0.145167,0.230940,0.024610,0.006805,0.024117,0.105499,0.195042,0.002232,0.004309,0.039094,0.065140,0.124935,0.006248,0.020788,0.033922,0.052526,0.024266,0.020570,0.010478,0.042193,0.029603,0.038961,0.030394,0.004296,0.003236,0.039965,0.040041,0.009485,0.111730,0.033984,0.062661,0.006726,,,0.001578,0.002312,0.003409
ec2-c6i,128,,,0.006431,0.018845,0.003860,0.003174,0.005500,0.007808,0.034338,0.034360,0.008500,0.005517,0.014932,0.757165,0.001854,0.003134,0.002842,0.001948,0.005506,0.008414,0.024961,0.005934,0.025636,0.059403,0.013232,0.004510,0.006988,0.001341,0.013243,0.014088,0.023703,0.002330,0.003854,0.017054,0.071282,0.022261,0.002106,0.001727,0.016674,0.041508,0.057470,0.001715,0.012639,0.022476,0.030957,0.022638,0.012697,0.001517,0.004313,0.003037,0.004268,0.004473,0.099794,0.110358,0.003674,0.003759,0.001394,0.020376,0.011175,0.005931,0.001852,,,0.001090,0.001378,0.001300
ec2-c6i,64,,,0.004359,0.028128,0.004472,0.003572,0.005392,0.007314,0.026886,0.026444,0.008465,0.005183,0.011584,0.669214,0.001685,0.001576,0.001432,0.002317,0.007860,0.007974,0.016994,0.003046,0.017036,0.054197,0.009763,0.006756,0.011539,0.001627,0.009499,0.024897,0.042439,0.002984,0.002639,0.012584,0.047993,0.041909,0.001705,0.001213,0.018293,0.030548,0.047199,0.001473,0.008806,0.015207,0.019769,0.015266,0.008870,0.002081,0.006615,0.005017,0.006170,0.005991,0.054090,0.064864,0.006331,0.006604,0.001916,0.038778,0.009380,0.010020,0.001561,,,0.000592,0.000936,0.000839
ec2-c6i,32,,,0.003063,0.024223,0.004083,0.004759,0.005487,0.007357,0.020405,0.020411,0.008455,0.005076,0.008294,0.588259,0.001257,0.000888,0.000873,0.002048,0.007795,0.006661,0.011913,0.002094,0.011811,0.050804,0.007188,0.007134,0.010682,0.002192,0.007369,0.021163,0.034009,0.004266,0.002013,0.009673,0.035827,0.028195,0.001449,0.001023,0.011887,0.021336,0.035759,0.001264,0.006283,0.010769,0.017134,0.010131,0.006230,0.001872,0.006388,0.004315,0.005419,0.004441,0.035684,0.026247,0.007248,0.007250,0.001542,0.034697,0.008015,0.009808,0.001600,,,0.000733,0.000731,0.000587
ec2-c6i,16,,,0.002867,0.045324,0.006353,0.007866,0.008464,0.009342,0.025568,0.025189,0.012613,0.006550,0.009737,0.551490,0.001155,0.000419,0.000636,0.002457,0.022124,0.009884,0.011546,0.002152,0.011456,0.027721,0.007954,0.014608,0.037795,0.002392,0.008597,0.042146,0.067672,0.006549,0.002075,0.009390,0.036449,0.056268,0.000958,0.001206,0.011761,0.023326,0.039672,0.001821,0.006015,0.010404,0.020657,0.009017,0.006026,0.003266,0.011721,0.008322,0.020937,0.007821,0.012292,0.011523,0.014188,0.014185,0.002716,0.068714,0.011121,0.018861,0.002325,,,0.000544,0.000403,0.000433
ec2-c6i,8,,,0.004971,0.089792,0.012394,0.015463,0.016408,0.040507,0.046680,0.046498,0.025084,0.028368,0.017740,0.550448,0.002031,0.000583,0.000985,0.004655,0.028744,0.029237,0.020062,0.003759,0.020155,0.051187,0.026677,0.029183,0.070399,0.004736,0.059797,0.084061,0.134898,0.012445,0.003608,0.016171,0.064051,0.112311,0.001367,0.002178,0.021356,0.041979,0.069548,0.003444,0.027107,0.018517,0.037415,0.016545,0.027101,0.006674,0.023299,0.016644,0.046667,0.015389,0.007918,0.004003,0.027415,0.027414,0.005357,0.137347,0.054959,0.037575,0.004412,,,0.000944,0.000593,0.000775
ec2-c6i,4,,,0.015837,0.180337,0.024566,0.031068,0.032973,0.044022,0.090565,0.090346,0.050007,0.030820,0.034367,0.596227,0.003862,0.001051,0.001856,0.009105,0.054477,0.037411,0.065566,0.007242,0.066243,0.073669,0.049935,0.050470,0.082579,0.009341,0.066169,0.159000,0.257094,0.024772,0.007409,0.038270,0.181995,0.215713,0.002392,0.004388,0.041833,0.107333,0.145878,0.007198,0.049831,0.057290,0.072789,0.057241,0.049868,0.013272,0.046490,0.033164,0.054920,0.030507,0.005394,0.004571,0.053896,0.053895,0.010760,0.274675,0.069622,0.075034,0.008749,,,0.001819,0.001037,0.003303
Avg_Min
boraxo,min,,,0.004620,0.039455,0.006061,0.004162,0.004280,0.010000,0.020550,0.017957,0.012309,0.007051,0.008101,0.932030,0.001186,0.000440,0.000897,0.002023,0.011867,0.008732,0.017922,0.003434,0.017874,0.053073,0.011168,0.011427,0.016712,0.001558,0.012965,0.053485,0.088670,0.004338,0.005396,0.012553,0.051569,0.068552,0.002316,0.002014,0.017721,0.033171,0.056067,0.002157,0.010138,0.013947,0.021428,0.014310,0.010198,0.002125,0.008837,0.005394,0.014911,0.006230,0.015111,0.005772,0.008764,0.009692,0.002172,0.051215,0.013021,0.012496,0.002349,,,0.000611,0.000791,0.000946
catalyst,min,,,0.008118,0.049086,0.015130,0.005039,0.008065,0.018290,0.040529,0.040309,0.022758,0.013152,0.018094,0.812711,0.003339,0.000582,0.001156,0.005933,0.017817,0.014254,0.031807,0.003616,0.032009,0.062760,0.020013,0.023571,0.019808,0.009874,0.023055,0.348734,0.560017,0.007175,0.015336,0.022181,0.090123,0.468213,0.006594,0.002691,0.031922,0.052655,0.086072,0.010894,0.019725,0.026856,0.033031,0.027202,0.019702,0.003664,0.015948,0.009979,0.030526,0.011163,0.011239,0.005592,0.012872,0.012970,0.003553,0.069712,0.023006,0.021576,0.002388,,,0.000620,0.001234,0.001639
quartz,min,,,0.009307,0.036999,0.010515,0.004556,0.008107,0.019562,0.034695,0.036294,0.009689,0.013164,0.017065,0.640114,0.001536,0.000505,0.001209,0.002789,0.015709,0.015551,0.036311,0.002905,0.036470,0.059968,0.020845,0.012495,0.020543,0.002855,0.026668,0.055086,0.099904,0.004625,0.005980,0.022159,0.096868,0.090569,0.002103,0.001917,0.026054,0.052762,0.074555,0.002268,0.027193,0.031732,0.034176,0.031113,0.028365,0.002991,0.009693,0.006587,0.019861,0.006317,0.011779,0.005028,0.010382,0.010499,0.002716,0.047183,0.026695,0.012945,0.002726,,,0.000616,0.001114,0.002234
ruby,min,,,0.003664,0.027656,0.004937,0.004116,0.006307,0.008341,0.014386,0.014018,0.007739,0.005759,0.006736,0.590233,0.000783,0.000370,0.000585,0.001258,0.010141,0.005696,0.014063,0.002259,0.014370,0.045922,0.008189,0.009197,0.011564,0.003755,0.007926,0.026720,0.041798,0.003908,0.003714,0.009654,0.036752,0.035421,0.001805,0.001577,0.013544,0.024574,0.037653,0.001843,0.007623,0.009862,0.013983,0.011456,0.007660,0.001565,0.005957,0.004660,0.009602,0.004879,0.007089,0.004625,0.005764,0.006116,0.001581,0.027304,0.009139,0.007750,0.002004,,,0.000410,0.000533,0.000648
mammoth,min,,,0.004086,0.016638,0.004309,0.003207,0.005869,0.007414,0.023281,0.017342,0.006737,0.005535,0.007159,0.487409,0.001098,0.000558,0.001325,0.001870,0.006980,0.007247,0.013790,0.002050,0.013914,0.050665,0.009189,0.006778,0.009299,0.002007,0.010555,0.017601,0.022037,0.004254,0.002332,0.011039,0.040541,0.022894,0.002419,0.001341,0.015859,0.024295,0.041815,0.001686,0.008206,0.011514,0.015372,0.011989,0.008340,0.002473,0.004916,0.004374,0.008979,0.004132,0.010805,0.006987,0.004569,0.004530,0.001847,0.013439,0.010909,0.007556,0.001973,,,0.000574,0.000721,0.001068
poodle,min,,,0.002400,0.017078,0.003317,0.002258,0.001998,0.005323,0.011501,0.011131,0.002330,0.003781,0.004540,0.628938,0.000475,0.000301,0.000514,0.000774,0.005306,0.004059,0.009383,0.002562,0.009481,0.028700,0.005569,0.003817,0.004188,0.000801,0.005626,0.013996,0.022862,0.002278,0.001458,0.007279,0.027655,0.018997,0.001229,0.000637,0.011890,0.015794,0.029599,0.001050,0.004937,0.008553,0.009674,0.008412,0.005024,0.001245,0.003264,0.003040,0.004464,0.002647,0.006887,0.003759,0.003487,0.003623,0.001193,0.015153,0.006650,0.004351,0.001168,,,0.000266,0.000490,0.000555
ec2-c5n,min,,,0.004201,0.027844,0.005257,0.003702,0.006194,0.008301,0.038740,0.029028,0.013080,0.006062,0.013327,0.568311,0.001551,0.000690,0.000963,0.002198,0.009264,0.009746,0.016150,0.002906,0.016422,0.041896,0.012933,0.007215,0.015868,0.002096,0.011119,0.041013,0.065180,0.003304,0.004552,0.012335,0.048216,0.053649,0.001999,0.002408,0.016063,0.030349,0.047282,0.001751,0.008662,0.013466,0.023091,0.013088,0.008608,0.002359,0.006464,0.005539,0.006132,0.006949,0.008507,0.004356,0.006132,0.006147,0.002141,0.034331,0.011904,0.010471,0.001883,,,0.000665,0.000739,0.000790
ec2-c6a,min,,,0.003139,0.008863,0.004027,0.001936,0.003145,0.005436,0.018999,0.016556,0.004082,0.004275,0.007043,0.514668,0.001396,0.000512,0.001070,0.001895,0.007100,0.006357,0.011791,0.001748,0.011600,0.031500,0.007196,0.005332,0.012458,0.001822,0.008459,0.013690,0.021300,0.003874,0.002034,0.009091,0.047073,0.018590,0.002232,0.001163,0.016549,0.020087,0.033907,0.001494,0.006683,0.010333,0.015667,0.010094,0.006808,0.001751,0.004392,0.003348,0.004871,0.003499,0.004296,0.003236,0.003482,0.003559,0.001334,0.005312,0.007578,0.005061,0.001488,,,0.000642,0.000653,0.000835
ec2-c6i,min,,,0.002867,0.018845,0.003860,0.003174,0.005392,0.007314,0.020405,0.020411,0.008455,0.005076,0.008294,0.550448,0.001155,0.000419,0.000636,0.001948,0.005506,0.006661,0.011546,0.002094,0.011456,0.027721,0.007188,0.004510,0.006988,0.001341,0.007369,0.014088,0.023703,0.002330,0.002013,0.009390,0.035827,0.022261,0.000958,0.001023,0.011761,0.021336,0.035759,0.001264,0.006015,0.010404,0.017134,0.009017,0.006026,0.001517,0.004313,0.003037,0.004268,0.004441,0.005394,0.004003,0.003674,0.003759,0.001394,0.020376,0.008015,0.005931,0.001561,,,0.000544,0.000403,0.000433
Avg_Max
boraxo,max,,,0.022782,0.289505,0.035560,0.041134,0.016274,0.061529,0.056615,0.044749,0.039096,0.042996,0.022194,2.785129,0.002920,0.002777,0.002984,0.007019,0.094105,0.045932,0.091943,0.011245,0.092068,0.102067,0.068906,0.096780,0.129294,0.008963,0.092026,0.248818,0.464015,0.035315,0.022253,0.052536,0.222594,0.481962,0.005329,0.007331,0.058345,0.148148,0.210075,0.008913,0.068586,0.082685,0.091856,0.082829,0.068707,0.010499,0.072555,0.043023,0.150548,0.039866,0.084521,0.217268,0.092347,0.092448,0.010119,0.394810,0.097648,0.110962,0.013375,,,0.001487,0.001841,0.004596
catalyst,max,,,0.025402,0.244079,0.079077,0.034886,0.044725,0.081732,0.114728,0.114937,0.060440,0.057744,0.051884,1.239228,0.015626,0.001485,0.002320,0.031088,0.183479,0.059949,0.101614,0.008659,0.101945,0.130360,0.068349,0.133614,0.206887,0.075015,0.082347,2.086903,3.336956,0.041355,0.060022,0.062860,0.281280,2.750706,0.013562,0.005886,0.082751,0.177710,0.267671,0.059202,0.064796,0.085378,0.082283,0.085415,0.064335,0.015790,0.098034,0.056914,0.207938,0.061578,0.066218,0.069172,0.085470,0.085299,0.016329,0.368490,0.093979,0.124116,0.010249,,,0.001158,0.002924,0.004753
quartz,max,,,0.024054,0.226490,0.064001,0.034375,0.043030,0.066648,0.104555,0.111098,0.037701,0.045841,0.049202,1.278622,0.005236,0.002663,0.003102,0.014225,0.113338,0.042482,0.097286,0.008942,0.096958,0.109752,0.063769,0.085562,0.106463,0.012433,0.078821,0.282455,0.457061,0.033839,0.011176,0.052110,0.274335,0.376053,0.004157,0.004188,0.067818,0.157419,0.221588,0.010421,0.063053,0.084903,0.066510,0.086859,0.063103,0.011963,0.067610,0.044973,0.152185,0.037683,0.096260,0.105520,0.104725,0.105114,0.010842,0.352699,0.088010,0.101915,0.010786,,,0.001033,0.003201,0.004881
ruby,max,,,0.019604,0.179168,0.023090,0.027700,0.032525,0.049283,0.054581,0.054237,0.028695,0.034515,0.021967,1.471980,0.001970,0.005901,0.005799,0.004668,0.059318,0.039116,0.078301,0.011860,0.078319,0.110337,0.058651,0.064321,0.100554,0.033034,0.077866,0.168011,0.278564,0.021924,0.024926,0.044463,0.202459,0.298526,0.006974,0.006938,0.040025,0.127679,0.161667,0.008774,0.058801,0.070496,0.077929,0.070515,0.058658,0.007914,0.045201,0.028247,0.128962,0.025972,0.147222,0.352569,0.057257,0.057166,0.007394,0.252441,0.081919,0.066393,0.009151,,,0.001486,0.002190,0.003941
mammoth,max,,,0.028453,0.170447,0.020227,0.031672,0.038153,0.030518,0.122425,0.126919,0.020662,0.022312,0.046410,0.859715,0.005388,0.005868,0.006755,0.013597,0.124680,0.031128,0.112760,0.012785,0.120711,0.181121,0.059784,0.059451,0.168290,0.006997,0.061253,0.164312,0.264190,0.028329,0.012711,0.074297,0.341830,0.215113,0.006813,0.007721,0.077750,0.177610,0.269133,0.007635,0.058041,0.099686,0.127582,0.112172,0.059144,0.008823,0.043222,0.034807,0.160917,0.019893,0.324843,0.196054,0.057567,0.057477,0.008405,0.267831,0.043284,0.066906,0.007689,,,0.003223,0.005468,0.006073
poodle,max,,,0.010945,0.202898,0.026861,0.030584,0.009358,0.043900,0.048630,0.048700,0.014712,0.030866,0.020019,9.103798,0.002746,0.013252,0.013133,0.005290,0.084821,0.033882,0.041650,0.028691,0.043735,0.076276,0.046885,0.063666,0.098941,0.004959,0.067519,0.170964,0.278255,0.026221,0.005263,0.036470,0.122160,0.231371,0.004147,0.002508,0.037537,0.079464,0.116709,0.004804,0.045000,0.037063,0.109702,0.036654,0.045005,0.010671,0.035372,0.030190,0.115482,0.021401,0.153928,1.244189,0.049836,0.050717,0.007425,0.317188,0.066242,0.055064,0.006040,,,0.002884,0.002050,0.002174
ec2-c5n,max,,,0.019996,0.192656,0.032779,0.034308,0.035165,0.053502,0.140493,0.096061,0.062526,0.037155,0.043231,1.016987,0.004452,0.002619,0.002762,0.009342,0.077541,0.046293,0.080263,0.007513,0.080317,0.079859,0.059953,0.065095,0.123980,0.012498,0.081756,0.176193,0.311331,0.025961,0.019255,0.045971,0.194774,0.321307,0.004222,0.005019,0.054159,0.128662,0.168838,0.007987,0.060001,0.072143,0.079760,0.071922,0.059967,0.016328,0.055074,0.046747,0.078110,0.044344,0.074596,0.169183,0.065413,0.065411,0.013594,0.267850,0.088831,0.084825,0.009314,,,0.001898,0.001440,0.004013
ec2-c6a,max,,,0.009306,0.073814,0.030840,0.028517,0.030772,0.018310,0.085497,0.066098,0.042363,0.014392,0.027050,3.872881,0.004020,0.007138,0.007473,0.011683,0.058131,0.033547,0.037256,0.015471,0.035302,0.088583,0.023351,0.044010,0.073918,0.008963,0.034720,0.145167,0.230940,0.024610,0.006805,0.024707,0.117683,0.195042,0.005072,0.004309,0.043205,0.065140,0.124935,0.006248,0.020788,0.033922,0.056966,0.031539,0.020570,0.010478,0.042193,0.029603,0.038961,0.030394,0.132086,0.472784,0.039965,0.040041,0.009485,0.111730,0.033984,0.062661,0.006726,,,0.001726,0.002312,0.003409
ec2-c6i,max,,,0.015837,0.180337,0.024566,0.031068,0.032973,0.044022,0.090565,0.090346,0.050007,0.030820,0.034367,0.757165,0.003862,0.003134,0.002842,0.009105,0.054477,0.037411,0.065566,0.007242,0.066243,0.073669,0.049935,0.050470,0.082579,0.009341,0.066169,0.159000,0.257094,0.024772,0.007409,0.038270,0.181995,0.215713,0.002392,0.004388,0.041833,0.107333,0.145878,0.007198,0.049831,0.057290,0.072789,0.057241,0.049868,0.013272,0.046490,0.033164,0.054920,0.030507,0.099794,0.110358,0.053896,0.053895,0.010760,0.274675,0.069622,0.075034,0.008749,,,0.001819,0.001378,0.003303
Avg_FullThreads
boraxo,full,,,0.006866,0.039455,0.006061,0.004162,0.005069,0.010000,0.034821,0.033136,0.012408,0.007051,0.013965,2.785129,0.001550,0.002777,0.002984,0.002023,0.011867,0.008732,0.027132,0.006349,0.027236,0.096623,0.014863,0.011427,0.016712,0.001558,0.014670,0.111638,0.208414,0.004338,0.013711,0.019890,0.077227,0.215961,0.004294,0.004009,0.018460,0.046287,0.064712,0.002157,0.014175,0.023997,0.035739,0.023924,0.013951,0.002125,0.008837,0.005394,0.014911,0.006230,0.084521,0.217268,0.008764,0.009692,0.002172,0.051215,0.013021,0.012496,0.002349,0.000000,0.000000,0.001012,0.001425,0.001511
catalyst,full,,,0.008118,0.049086,0.015130,0.005039,0.008065,0.018290,0.040529,0.040309,0.025745,0.013152,0.018094,1.239228,0.003339,0.001485,0.001747,0.005933,0.017817,0.014254,0.031807,0.003997,0.032009,0.125143,0.020013,0.023571,0.019808,0.009874,0.023055,0.348734,0.560017,0.007175,0.015336,0.022181,0.090123,0.468213,0.007163,0.004204,0.033684,0.052655,0.086072,0.010894,0.019725,0.026856,0.033031,0.027202,0.019702,0.003664,0.015948,0.009979,0.030526,0.011163,0.066218,0.069172,0.012872,0.012970,0.003553,0.069712,0.023006,0.021576,0.002388,0.000000,0.000000,0.000751,0.001257,0.001639
quartz,full,,,0.009307,0.036999,0.010515,0.004556,0.008107,0.019562,0.044876,0.044711,0.009689,0.013164,0.020773,1.278622,0.001536,0.002663,0.003102,0.002789,0.015709,0.015732,0.036311,0.006319,0.036470,0.108360,0.024405,0.012495,0.020543,0.002855,0.029301,0.055086,0.099904,0.004625,0.006459,0.022159,0.096868,0.099612,0.004157,0.003536,0.026054,0.052762,0.074555,0.002268,0.027193,0.031732,0.036193,0.031113,0.028365,0.002991,0.009693,0.006587,0.019861,0.006317,0.096260,0.105520,0.010382,0.010499,0.002716,0.047183,0.026695,0.012945,0.002726,0.000000,0.000000,0.001033,0.001729,0.002234
ruby,full,,,0.010810,0.027656,0.006339,0.004783,0.009001,0.012101,0.054581,0.054237,0.007975,0.008794,0.021967,1.471980,0.001786,0.005901,0.005799,0.002189,0.010496,0.011783,0.042064,0.011860,0.042189,0.110337,0.021848,0.009197,0.011564,0.003755,0.021563,0.056986,0.098426,0.004441,0.014394,0.030344,0.120059,0.106932,0.005001,0.004586,0.025577,0.068976,0.092258,0.002646,0.021563,0.036153,0.055621,0.037790,0.021395,0.002794,0.005957,0.004660,0.009602,0.006015,0.147222,0.352569,0.005764,0.006116,0.002730,0.027304,0.016693,0.007750,0.003402,0.000000,0.000000,0.001486,0.002190,0.002222
mammoth,full,,,0.028453,0.030545,0.012100,0.008202,0.018966,0.030518,0.122425,0.126919,0.011053,0.022312,0.046410,0.859715,0.003066,0.005868,0.006755,0.003412,0.012624,0.031128,0.112760,0.012785,0.120711,0.104389,0.059784,0.010185,0.023810,0.004274,0.061253,0.017601,0.023595,0.006245,0.012711,0.074297,0.341830,0.024807,0.006813,0.007721,0.077750,0.177610,0.269133,0.006108,0.058041,0.099686,0.127582,0.112172,0.059144,0.008540,0.008918,0.009616,0.011155,0.010858,0.324843,0.196054,0.005473,0.005475,0.007481,0.014633,0.043284,0.011813,0.007115,0.000000,0.000000,0.003223,0.005468,0.006073
poodle,full,,,0.010257,0.017697,0.006205,0.003269,0.008430,0.010723,0.048630,0.048700,0.002840,0.007566,0.020019,9.103798,0.002746,0.013252,0.013133,0.003436,0.006612,0.010428,0.040332,0.028691,0.041669,0.052926,0.020160,0.003817,0.009600,0.001318,0.020088,0.013996,0.025646,0.002901,0.005263,0.032817,0.117705,0.031526,0.004147,0.002508,0.026409,0.079464,0.101196,0.002464,0.020137,0.036680,0.109702,0.036654,0.020018,0.002126,0.003850,0.003163,0.004635,0.004772,0.153928,1.244189,0.003487,0.003623,0.002677,0.015153,0.014850,0.004351,0.002960,0.000000,0.000000,0.002884,0.002050,0.002174
ec2-c5n,full,,,0.006411,0.027844,0.005257,0.003702,0.006194,0.008301,0.040830,0.034624,0.013080,0.006062,0.017285,1.016987,0.001577,0.002619,0.002762,0.002198,0.009264,0.009746,0.024727,0.005711,0.024922,0.068155,0.014867,0.007215,0.015868,0.002096,0.013195,0.075015,0.139266,0.003304,0.012959,0.016762,0.067171,0.143703,0.003876,0.003369,0.016063,0.040835,0.057423,0.001751,0.012423,0.022009,0.029661,0.021720,0.012472,0.002359,0.006464,0.005539,0.006132,0.006949,0.074596,0.169183,0.006132,0.006147,0.002141,0.034331,0.011904,0.010471,0.001883,0.000000,0.000000,0.000853,0.001245,0.001289
ec2-c6a,full,,,0.009306,0.010613,0.004824,0.002953,0.006388,0.010107,0.045743,0.044186,0.007594,0.007355,0.018058,3.872881,0.002237,0.007138,0.007473,0.002543,0.007100,0.010356,0.035834,0.015471,0.035302,0.067532,0.018754,0.005332,0.012458,0.002169,0.018747,0.017412,0.025419,0.003874,0.004694,0.024707,0.117683,0.024592,0.005072,0.002486,0.020594,0.056631,0.086015,0.002400,0.018081,0.031911,0.056966,0.031539,0.018403,0.002142,0.004392,0.003348,0.004871,0.004466,0.132086,0.472784,0.003482,0.003559,0.001550,0.005312,0.014639,0.005061,0.002476,0.000000,0.000000,0.001726,0.001959,0.002087
ec2-c6i,full,,,0.006431,0.018845,0.003860,0.003174,0.005500,0.007808,0.034338,0.034360,0.008500,0.005517,0.014932,0.757165,0.001854,0.003134,0.002842,0.001948,0.005506,0.008414,0.024961,0.005934,0.025636,0.059403,0.013232,0.004510,0.006988,0.001341,0.013243,0.014088,0.023703,0.002330,0.003854,0.017054,0.071282,0.022261,0.002106,0.001727,0.016674,0.041508,0.057470,0.001715,0.012639,0.022476,0.030957,0.022638,0.012697,0.001517,0.004313,0.003037,0.004268,0.004473,0.099794,0.110358,0.003674,0.003759,0.001394,0.020376,0.011175,0.005931,0.001852,0.000000,0.000000,0.001090,0.001378,0.001300
Avg_HalfThreads
boraxo,half,,,0.006032,0.070547,0.009288,0.006322,0.004856,0.014288,0.028742,0.025169,0.014811,0.009969,0.011147,2.316798,0.001410,0.001296,0.001518,0.002258,0.019609,0.010484,0.022930,0.003813,0.023212,0.090411,0.013950,0.022264,0.026569,0.002315,0.016132,0.219087,0.411170,0.006477,0.011003,0.017261,0.065184,0.426993,0.004122,0.003879,0.022769,0.041734,0.068870,0.002570,0.012998,0.019017,0.025023,0.019340,0.012963,0.002757,0.015541,0.009348,0.027670,0.009872,0.057738,0.079158,0.014615,0.016213,0.002680,0.100605,0.017845,0.023004,0.002597,0.000000,0.000000,0.000728,0.001117,0.001235
catalyst,half,,,0.010775,0.090936,0.027141,0.008479,0.012266,0.029345,0.051213,0.051309,0.022758,0.020830,0.024145,1.076560,0.005704,0.000873,0.001311,0.010976,0.029351,0.021847,0.042163,0.003616,0.042078,0.107597,0.026692,0.043131,0.032156,0.018790,0.031872,0.695497,1.117909,0.012616,0.022848,0.027156,0.119121,0.913451,0.006594,0.003322,0.035886,0.069157,0.122073,0.020052,0.028200,0.036546,0.035790,0.036759,0.026107,0.005676,0.029845,0.018038,0.049881,0.019987,0.035225,0.031906,0.023357,0.023425,0.005674,0.137213,0.035897,0.040958,0.003449,0.000000,0.000000,0.000682,0.001331,0.002182
quartz,half,,,0.013307,0.063639,0.017127,0.007245,0.010815,0.023453,0.040927,0.040621,0.013683,0.016825,0.019113,1.020764,0.001806,0.001234,0.001517,0.004022,0.019694,0.015551,0.047426,0.003479,0.047411,0.103683,0.024424,0.020567,0.024376,0.003483,0.028994,0.104221,0.187411,0.006524,0.006982,0.025305,0.117261,0.201695,0.003768,0.002525,0.038301,0.064401,0.091288,0.003677,0.031380,0.042460,0.040012,0.042997,0.031356,0.003693,0.016719,0.010802,0.028048,0.008907,0.057875,0.047260,0.017219,0.017212,0.003279,0.091852,0.032329,0.023475,0.003793,0.000000,0.000000,0.000801,0.001413,0.002816
ruby,half,,,0.005775,0.031851,0.005848,0.004116,0.006404,0.009103,0.026762,0.026533,0.009578,0.006304,0.011744,0.918143,0.001160,0.002095,0.002101,0.001552,0.011251,0.007711,0.022359,0.004564,0.022550,0.091733,0.012291,0.011090,0.020229,0.004820,0.012503,0.088627,0.164117,0.003908,0.013816,0.016110,0.064609,0.175748,0.003647,0.004087,0.020931,0.037997,0.056795,0.001929,0.011795,0.018684,0.027374,0.019945,0.011726,0.001714,0.007447,0.005137,0.017376,0.005929,0.068831,0.094307,0.007090,0.007491,0.001785,0.041523,0.011195,0.011236,0.002137,0.000000,0.000000,0.000770,0.001119,0.001226
mammoth,half,,,0.016529,0.021051,0.008049,0.005002,0.011747,0.018123,0.073018,0.072119,0.010360,0.013746,0.027809,0.749407,0.001965,0.003150,0.003898,0.002602,0.010125,0.018852,0.063449,0.006908,0.062381,0.082184,0.032944,0.009411,0.016101,0.003390,0.034687,0.024037,0.033695,0.005669,0.007688,0.043203,0.187214,0.038148,0.004418,0.004555,0.050218,0.099693,0.163516,0.003764,0.032163,0.055603,0.069296,0.056442,0.033016,0.005454,0.007579,0.006148,0.010424,0.008157,0.174867,0.096172,0.005195,0.005511,0.002885,0.013439,0.025680,0.011356,0.004596,0.000000,0.000000,0.001893,0.003099,0.003583
poodle,half,,,0.004790,0.020411,0.004059,0.002258,0.004088,0.005323,0.024800,0.024619,0.002705,0.003781,0.009623,2.982460,0.001066,0.003551,0.003511,0.001262,0.006205,0.005477,0.018498,0.007829,0.018498,0.042894,0.009568,0.004264,0.005606,0.000890,0.009548,0.024790,0.048898,0.002278,0.002658,0.015824,0.055866,0.058821,0.003305,0.001204,0.019319,0.036791,0.055904,0.001560,0.009251,0.016444,0.027744,0.016933,0.009375,0.001591,0.003745,0.003140,0.004832,0.003408,0.065939,0.338415,0.004257,0.004209,0.001493,0.027336,0.008116,0.004995,0.001628,0.000000,0.000000,0.000861,0.001075,0.001051
ec2-c5n,half,,,0.005387,0.047636,0.008272,0.005826,0.007587,0.011608,0.045871,0.033209,0.020736,0.008274,0.015387,0.963118,0.001699,0.001334,0.001429,0.002949,0.013940,0.012610,0.021009,0.003102,0.020774,0.063366,0.015918,0.013821,0.023763,0.003114,0.013669,0.146631,0.276112,0.005086,0.011223,0.015903,0.058652,0.285084,0.003350,0.003808,0.019758,0.035762,0.061664,0.001988,0.011221,0.018217,0.023091,0.017919,0.011264,0.003848,0.011501,0.010077,0.013413,0.011615,0.046562,0.060405,0.010205,0.010206,0.003474,0.067032,0.015533,0.019420,0.002003,0.000000,0.000000,0.000688,0.000974,0.001074
ec2-c6a,half,,,0.005674,0.008863,0.005073,0.002700,0.004721,0.007556,0.030785,0.028300,0.006070,0.005778,0.011462,2.381915,0.001592,0.002577,0.002804,0.002397,0.010719,0.009701,0.023865,0.005889,0.024025,0.059042,0.013816,0.008712,0.016343,0.001837,0.013249,0.019304,0.031384,0.005218,0.003108,0.020886,0.076773,0.029706,0.004663,0.001625,0.043205,0.035882,0.060967,0.001853,0.011541,0.019819,0.028497,0.019243,0.011935,0.002022,0.004895,0.003838,0.007567,0.004171,0.073069,0.095989,0.003595,0.003790,0.001535,0.008281,0.011567,0.006775,0.001772,0.000000,0.000000,0.000936,0.001244,0.001362
ec2-c6i,half,,,0.004359,0.028128,0.004472,0.003572,0.005392,0.007314,0.026886,0.026444,0.008465,0.005183,0.011584,0.669214,0.001685,0.001576,0.001432,0.002317,0.007860,0.007974,0.016994,0.003046,0.017036,0.054197,0.009763,0.006756,0.011539,0.001627,0.009499,0.024897,0.042439,0.002984,0.002639,0.012584,0.047993,0.041909,0.001705,0.001213,0.018293,0.030548,0.047199,0.001473,0.008806,0.015207,0.019769,0.015266,0.008870,0.002081,0.006615,0.005017,0.006170,0.005991,0.054090,0.064864,0.006331,0.006604,0.001916,0.038778,0.009380,0.010020,0.001561,0.000000,0.000000,0.000592,0.000936,0.000839
Avg_QtrThreads
boraxo,quarter,,,0.004620,0.066337,0.008750,0.009127,0.004280,0.016187,0.020550,0.017957,0.012544,0.010776,0.008132,1.162786,0.001337,0.000674,0.000958,0.002205,0.020733,0.009149,0.017922,0.003693,0.017874,0.089735,0.011168,0.020789,0.025805,0.002335,0.012965,0.053485,0.088670,0.009805,0.022253,0.012553,0.051569,0.068552,0.005329,0.003263,0.017721,0.033171,0.056067,0.002407,0.010138,0.013947,0.021999,0.014310,0.010198,0.002724,0.016416,0.009551,0.027693,0.009450,0.030741,0.038061,0.021703,0.021438,0.002580,0.088423,0.016769,0.024816,0.003417,0.000000,0.000000,0.000611,0.000791,0.000946
catalyst,quarter,,,0.010206,0.084474,0.028045,0.012482,0.016220,0.036596,0.046086,0.046069,0.022959,0.026505,0.021216,0.812711,0.005537,0.000582,0.001156,0.010756,0.032602,0.022616,0.040191,0.003631,0.040097,0.108468,0.026000,0.043828,0.034257,0.025775,0.030814,0.703597,1.120552,0.016921,0.021741,0.024610,0.108839,0.928160,0.007736,0.002691,0.031922,0.069534,0.101503,0.020325,0.024593,0.033641,0.034202,0.033653,0.024659,0.005643,0.033744,0.018944,0.051363,0.021222,0.023380,0.013262,0.029709,0.029791,0.005810,0.125463,0.040820,0.042047,0.003846,0.000000,0.000000,0.000620,0.001234,0.002022
quartz,quarter,,,0.011758,0.055075,0.016750,0.009785,0.012780,0.031223,0.034695,0.036294,0.011495,0.022103,0.017190,0.656037,0.001606,0.000725,0.001402,0.003746,0.024421,0.015615,0.043021,0.003398,0.042655,0.104023,0.020845,0.021767,0.027017,0.004465,0.026668,0.068419,0.110323,0.010044,0.008393,0.026110,0.104950,0.090569,0.004052,0.001917,0.028579,0.057702,0.075166,0.003390,0.028673,0.038521,0.034176,0.038934,0.028775,0.004101,0.016824,0.012473,0.031332,0.010166,0.035750,0.036345,0.025961,0.026033,0.003330,0.083128,0.036814,0.024600,0.004024,0.000000,0.000000,0.000677,0.001114,0.002564
ruby,quarter,,,0.003738,0.028186,0.004937,0.005045,0.006307,0.008341,0.015594,0.015191,0.007739,0.005759,0.006736,0.705309,0.000783,0.000984,0.001123,0.001258,0.010141,0.005696,0.014063,0.002823,0.014370,0.087960,0.008189,0.009992,0.018723,0.005180,0.007926,0.026720,0.041798,0.004952,0.024926,0.009882,0.039862,0.035421,0.006974,0.006065,0.013544,0.024574,0.037653,0.001843,0.007623,0.011451,0.016122,0.012183,0.007660,0.001565,0.007318,0.004906,0.017415,0.004879,0.035988,0.055888,0.008791,0.008878,0.001581,0.037002,0.009139,0.010057,0.002048,0.000000,0.000000,0.000481,0.000661,0.000788
mammoth,quarter,,,0.006471,0.016638,0.004357,0.003207,0.005869,0.008197,0.033253,0.030658,0.009313,0.006504,0.011984,0.548674,0.001098,0.001457,0.001936,0.001870,0.006980,0.009169,0.024947,0.003436,0.024511,0.070270,0.013581,0.006778,0.009299,0.002269,0.014501,0.021553,0.022037,0.004254,0.003531,0.018919,0.077776,0.022894,0.004188,0.001678,0.027013,0.039384,0.068228,0.001985,0.013481,0.023081,0.028178,0.023151,0.013767,0.002956,0.004916,0.004374,0.008979,0.004132,0.084158,0.046582,0.004569,0.004530,0.001847,0.019583,0.010909,0.007556,0.002471,0.000000,0.000000,0.000976,0.001425,0.001736
poodle,quarter,,,0.003265,0.017078,0.003317,0.002380,0.002657,0.005354,0.016308,0.016148,0.002330,0.004460,0.006334,0.949907,0.000540,0.001956,0.002037,0.000774,0.005306,0.004059,0.013081,0.004840,0.013219,0.034767,0.006951,0.003973,0.004188,0.000833,0.007042,0.014498,0.022862,0.002961,0.001869,0.009749,0.036517,0.018997,0.003072,0.000909,0.018848,0.021881,0.032979,0.001067,0.006623,0.011834,0.013997,0.011614,0.006798,0.001245,0.003264,0.003040,0.004464,0.002647,0.045595,0.145944,0.004323,0.004319,0.001193,0.023297,0.006650,0.004642,0.001270,0.000000,0.000000,0.000473,0.000718,0.000757
ec2-c5n,quarter,,,0.004243,0.044374,0.008192,0.007955,0.008758,0.012022,0.038740,0.029028,0.018143,0.008132,0.013327,0.696752,0.001551,0.000752,0.000963,0.002799,0.014322,0.011367,0.016150,0.002906,0.016422,0.061763,0.012933,0.013266,0.023414,0.002991,0.011119,0.041013,0.065180,0.007579,0.019255,0.012335,0.048216,0.053649,0.004152,0.004109,0.016688,0.030349,0.047282,0.002149,0.008755,0.013466,0.025099,0.013088,0.008701,0.003651,0.012414,0.009861,0.013281,0.010385,0.028039,0.028158,0.015146,0.015252,0.003163,0.060140,0.013736,0.019138,0.002513,0.000000,0.000000,0.000665,0.000799,0.000790
ec2-c6a,quarter,,,0.003482,0.009125,0.004027,0.001936,0.003145,0.005436,0.019032,0.017519,0.004082,0.004275,0.007217,0.781032,0.001460,0.001004,0.001264,0.001895,0.008214,0.006425,0.013913,0.002757,0.014330,0.054676,0.008162,0.009937,0.013703,0.001822,0.008459,0.013690,0.021300,0.004659,0.002086,0.011532,0.052228,0.018590,0.004101,0.001163,0.025724,0.022511,0.036398,0.001494,0.007769,0.011960,0.017992,0.012403,0.007640,0.001751,0.004680,0.003630,0.006515,0.003499,0.037643,0.026591,0.004347,0.004409,0.001334,0.011100,0.007578,0.006644,0.001488,0.000000,0.000000,0.000664,0.000825,0.000926
ec2-c6i,quarter,,,0.003063,0.024223,0.004083,0.004759,0.005487,0.007357,0.020405,0.020411,0.008455,0.005076,0.008294,0.588259,0.001257,0.000888,0.000873,0.002048,0.007795,0.006661,0.011913,0.002094,0.011811,0.050804,0.007188,0.007134,0.010682,0.002192,0.007369,0.021163,0.034009,0.004266,0.002013,0.009673,0.035827,0.028195,0.001449,0.001023,0.011887,0.021336,0.035759,0.001264,0.006283,0.010769,0.017134,0.010131,0.006230,0.001872,0.006388,0.004315,0.005419,0.004441,0.035684,0.026247,0.007248,0.007250,0.001542,0.034697,0.008015,0.009808,0.001600,0.000000,0.000000,0.000733,0.000731,0.000587
