machine,core,Kernel                      ,Kernel                      ,Basic_DAXPY                 ,Basic_DAXPY_ATOMIC          ,Basic_IF_QUAD               ,Basic_INDEXLIST             ,Basic_INDEXLIST_3LOOP       ,Basic_INIT3                 ,Basic_INIT_VIEW1D           ,Basic_INIT_VIEW1D_OFFSET    ,Basic_MAT_MAT_SHARED        ,Basic_MULADDSUB             ,Basic_NESTED_INIT           ,Basic_PI_ATOMIC             ,Basic_PI_REDUCE             ,Basic_REDUCE3_INT           ,Basic_REDUCE_STRUCT         ,Basic_TRAP_INT              ,Lcals_DIFF_PREDICT          ,Lcals_EOS                   ,Lcals_FIRST_DIFF            ,Lcals_FIRST_MIN             ,Lcals_FIRST_SUM             ,Lcals_GEN_LIN_RECUR         ,Lcals_HYDRO_1D              ,Lcals_HYDRO_2D              ,Lcals_INT_PREDICT           ,Lcals_PLANCKIAN             ,Lcals_TRIDIAG_ELIM          ,Polybench_2MM               ,Polybench_3MM               ,Polybench_ADI               ,Polybench_ATAX              ,Polybench_FDTD_2D           ,Polybench_FLOYD_WARSHALL    ,Polybench_GEMM              ,Polybench_GEMVER            ,Polybench_GESUMMV           ,Polybench_HEAT_3D           ,Polybench_JACOBI_1D         ,Polybench_JACOBI_2D         ,Polybench_MVT               ,Stream_ADD                  ,Stream_COPY                 ,Stream_DOT                  ,Stream_MUL                  ,Stream_TRIAD                ,Apps_CONVECTION3DPA         ,Apps_DEL_DOT_VEC_2D         ,Apps_DIFFUSION3DPA          ,Apps_ENERGY                 ,Apps_FIR                    ,Apps_HALOEXCHANGE           ,Apps_HALOEXCHANGE_FUSED     ,Apps_LTIMES                 ,Apps_LTIMES_NOVIEW          ,Apps_MASS3DPA               ,Apps_NODAL_ACCUMULATION_3D  ,Apps_PRESSURE               ,Apps_VOL3D                  ,Algorithm_SCAN              ,Algorithm_SORT              ,Algorithm_SORTPAIRS         ,Algorithm_REDUCE_SUM        ,Algorithm_MEMSET            ,Algorithm_MEMCPY            
boraxo,72, Base_OpenMP , default     ,    0.012474 ,    0.140366 ,    0.023587 ,    0.013061 ,    0.009812 ,    0.069620 ,    0.051652 ,    0.045259 ,    0.062669 ,    0.049211 ,    0.018974 ,   10.381516 ,    0.002586 ,    0.003245 ,    0.003602 ,    0.004350 ,    0.273027 ,    0.038801 ,    0.047539 ,    0.008235 ,    0.048442 ,    0.372166 ,    0.048812 ,    0.135274 ,    0.255758 ,    0.006759 ,    0.076172 ,    0.922213 ,    1.311224 ,    0.013956 ,    0.027945 ,    0.040505 ,    0.271788 ,    0.874111 ,    0.010251 ,    0.006150 ,    0.039782 ,    0.087559 ,    0.129554 ,    0.021413 ,    0.048136 ,    0.042077 ,    0.048386 ,    0.041765 ,    0.047296 ,    0.006142 ,    0.032869 ,    0.020855 ,    0.158872 ,    0.019716 ,    0.084654 ,    0.203683 ,    0.029203 ,    0.032234 ,    0.005382 ,    0.198743 ,    0.088186 ,    0.044992 ,    0.005197 ,     Not run ,     Not run ,    0.001451 ,    0.002114 ,    0.002949 
boraxo,36, Base_OpenMP , default     ,    0.022882 ,    0.271859 ,    0.035405 ,    0.025542 ,    0.015436 ,    0.086382 ,    0.064788 ,    0.052618 ,    0.091090 ,    0.061297 ,    0.021987 ,    9.453748 ,    0.003224 ,    0.001879 ,    0.003222 ,    0.006823 ,    0.256520 ,    0.054095 ,    0.092655 ,    0.007587 ,    0.092326 ,    0.395464 ,    0.072696 ,    0.135746 ,    0.244443 ,    0.008933 ,    0.107949 ,    1.854383 ,    2.641088 ,    0.023819 ,    0.045209 ,    0.060300 ,    0.451863 ,    1.751319 ,    0.012504 ,    0.006121 ,    0.075054 ,    0.147391 ,    0.220673 ,    0.040992 ,    0.073561 ,    0.081131 ,    0.089936 ,    0.080753 ,    0.073029 ,    0.010324 ,    0.060825 ,    0.038007 ,    0.178133 ,    0.036217 ,    0.057900 ,    0.077073 ,    0.057464 ,    0.063423 ,    0.008988 ,    0.395039 ,    0.118999 ,    0.101468 ,    0.008138 ,     Not run ,     Not run ,    0.001415 ,    0.002449 ,    0.005037 
boraxo,32, Base_OpenMP , default     ,    0.026069 ,    0.304214 ,    0.039646 ,    0.028170 ,    0.017156 ,    0.106351 ,    0.066608 ,    0.055022 ,    0.086681 ,    0.075065 ,    0.023207 ,    8.409180 ,    0.003297 ,    0.001564 ,    0.003120 ,    0.007468 ,    0.249560 ,    0.061197 ,    0.104885 ,    0.007507 ,    0.105048 ,    0.294258 ,    0.082150 ,    0.135711 ,    0.271248 ,    0.009980 ,    0.121264 ,    2.052712 ,    2.913755 ,    0.026979 ,    0.052330 ,    0.067677 ,    0.516075 ,    1.951674 ,    0.013750 ,    0.007952 ,    0.083384 ,    0.169172 ,    0.240455 ,    0.045814 ,    0.081037 ,    0.091204 ,    0.100935 ,    0.091395 ,    0.080849 ,    0.011744 ,    0.068055 ,    0.042577 ,    0.204042 ,    0.040416 ,    0.045422 ,    0.068000 ,    0.063625 ,    0.070262 ,    0.009788 ,    0.443633 ,    0.139233 ,    0.105251 ,    0.008765 ,     Not run ,     Not run ,    0.001391 ,    0.002451 ,    0.005560 
boraxo,18, Base_OpenMP , default     ,    0.021807 ,    0.260131 ,    0.034541 ,    0.037796 ,    0.015955 ,    0.099220 ,    0.056860 ,    0.055312 ,    0.088261 ,    0.064055 ,    0.021306 ,    4.479817 ,    0.003084 ,    0.001239 ,    0.002766 ,    0.007028 ,    0.282208 ,    0.054859 ,    0.086966 ,    0.011021 ,    0.087054 ,    0.399337 ,    0.073417 ,    0.136890 ,    0.258445 ,    0.009994 ,    0.104794 ,    0.516561 ,    0.682214 ,    0.038308 ,    0.021929 ,    0.060931 ,    0.442676 ,    0.333625 ,    0.010045 ,    0.005838 ,    0.063014 ,    0.142403 ,    0.210066 ,    0.016514 ,    0.072586 ,    0.078644 ,    0.084346 ,    0.077591 ,    0.072035 ,    0.011905 ,    0.065516 ,    0.042262 ,    0.180367 ,    0.036070 ,    0.029298 ,    0.029045 ,    0.083867 ,    0.083853 ,    0.009546 ,    0.349130 ,    0.122772 ,    0.097709 ,    0.012557 ,     Not run ,     Not run ,    0.001704 ,    0.002460 ,    0.004849 
boraxo,16, Base_OpenMP , default     ,    0.024879 ,    0.291773 ,    0.039498 ,    0.042410 ,    0.017798 ,    0.110532 ,    0.060545 ,    0.049864 ,    0.113205 ,    0.078184 ,    0.025216 ,    4.635863 ,    0.003215 ,    0.001329 ,    0.003003 ,    0.007648 ,    0.258398 ,    0.062226 ,    0.100215 ,    0.011981 ,    0.100580 ,    0.394468 ,    0.082365 ,    0.138644 ,    0.268152 ,    0.011046 ,    0.119029 ,    0.550186 ,    0.746011 ,    0.043022 ,    0.024525 ,    0.066682 ,    0.511491 ,    0.359558 ,    0.009849 ,    0.009008 ,    0.070399 ,    0.163018 ,    0.242372 ,    0.017328 ,    0.080868 ,    0.091356 ,    0.099180 ,    0.089992 ,    0.079366 ,    0.013718 ,    0.076057 ,    0.047490 ,    0.205335 ,    0.040342 ,    0.027027 ,    0.023596 ,    0.092831 ,    0.093041 ,    0.010545 ,    0.392460 ,    0.139972 ,    0.103152 ,    0.013951 ,     Not run ,     Not run ,    0.001782 ,    0.002244 ,    0.005445 
boraxo,8, Base_OpenMP , default     ,    0.067724 ,    0.566382 ,    0.085800 ,    0.085780 ,    0.038278 ,    0.300121 ,    0.137787 ,    0.133408 ,    0.184762 ,    0.206461 ,    0.054989 ,    3.649234 ,    0.005667 ,    0.001311 ,    0.006733 ,    0.013999 ,    0.338622 ,    0.169844 ,    0.293865 ,    0.022530 ,    0.297775 ,    0.387870 ,    0.234327 ,    0.233053 ,    0.415432 ,    0.025417 ,    0.327891 ,    1.169576 ,    1.555572 ,    0.079682 ,    0.035839 ,    0.183940 ,    1.683703 ,    0.766278 ,    0.008911 ,    0.015951 ,    0.131607 ,    0.428568 ,    0.612679 ,    0.032596 ,    0.228183 ,    0.262276 ,    0.246311 ,    0.258560 ,    0.229574 ,    0.029996 ,    0.151835 ,    0.096298 ,    0.435222 ,    0.080581 ,    0.017028 ,    0.009371 ,    0.184936 ,    0.185036 ,    0.020875 ,    0.783529 ,    0.364512 ,    0.205937 ,    0.029056 ,     Not run ,     Not run ,    0.003038 ,    0.005431 ,    0.014454 
boraxo,4, Base_OpenMP , default     ,    0.122150 ,    1.125150 ,    0.145300 ,    0.170537 ,    0.076434 ,    0.447266 ,    0.301713 ,    0.301873 ,    0.353502 ,    0.302824 ,    0.111368 ,    3.911458 ,    0.011155 ,    0.002442 ,    0.013169 ,    0.027934 ,    0.464311 ,    0.281394 ,    0.534198 ,    0.044618 ,    0.544462 ,    0.632416 ,    0.390702 ,    0.408357 ,    0.673221 ,    0.041137 ,    0.537255 ,    2.367797 ,    3.140501 ,    0.158563 ,    0.075050 ,    0.307770 ,    3.088506 ,    1.557532 ,    0.017087 ,    0.030708 ,    0.251039 ,    0.833986 ,    1.184638 ,    0.068241 ,    0.391415 ,    0.489025 ,    0.472236 ,    0.473119 ,    0.387006 ,    0.057707 ,    0.288665 ,    0.191786 ,    0.739829 ,    0.159780 ,    0.022986 ,    0.012807 ,    0.369746 ,    0.373449 ,    0.041256 ,    1.565226 ,    0.601100 ,    0.418178 ,    0.057152 ,     Not run ,     Not run ,    0.006100 ,    0.012040 ,    0.027186 
boraxo,72, Base_OpenMP , default     ,    0.011825 ,    0.140411 ,    0.020589 ,    0.013069 ,    0.009471 ,    0.055231 ,    0.051548 ,    0.044448 ,    0.061786 ,    0.039030 ,    0.018866 ,   10.338054 ,    0.002359 ,    0.003200 ,    0.003617 ,    0.004323 ,    0.273237 ,    0.039234 ,    0.045355 ,    0.008322 ,    0.046367 ,    0.369110 ,    0.048056 ,    0.135343 ,    0.256071 ,    0.005984 ,    0.075527 ,    0.921649 ,    1.309136 ,    0.014003 ,    0.027657 ,    0.038825 ,    0.267083 ,    0.873062 ,    0.010041 ,    0.006003 ,    0.038756 ,    0.079441 ,    0.124284 ,    0.021385 ,    0.047369 ,    0.041212 ,    0.047955 ,    0.040770 ,    0.046905 ,    0.005522 ,    0.032715 ,    0.020953 ,    0.155679 ,    0.019689 ,    0.084583 ,    0.203300 ,    0.029202 ,    0.032231 ,    0.005517 ,    0.198714 ,    0.078351 ,    0.044605 ,    0.005142 ,     Not run ,     Not run ,    0.001503 ,    0.002090 ,    0.002777 
boraxo,36, Base_OpenMP , default     ,    0.023683 ,    0.272592 ,    0.035569 ,    0.025241 ,    0.015446 ,    0.084152 ,    0.064911 ,    0.052034 ,    0.089076 ,    0.059626 ,    0.021823 ,    9.871520 ,    0.003154 ,    0.001947 ,    0.003439 ,    0.006775 ,    0.259238 ,    0.051468 ,    0.095068 ,    0.007711 ,    0.094637 ,    0.396184 ,    0.072345 ,    0.135490 ,    0.244000 ,    0.008802 ,    0.100534 ,    1.857327 ,    2.634572 ,    0.023889 ,    0.050249 ,    0.060324 ,    0.455546 ,    1.751541 ,    0.013661 ,    0.008370 ,    0.074135 ,    0.149906 ,    0.221017 ,    0.040576 ,    0.071659 ,    0.083780 ,    0.092908 ,    0.083802 ,    0.071959 ,    0.010323 ,    0.060827 ,    0.037867 ,    0.175487 ,    0.036379 ,    0.058750 ,    0.076685 ,    0.057450 ,    0.063451 ,    0.009013 ,    0.395028 ,    0.115743 ,    0.101492 ,    0.008160 ,     Not run ,     Not run ,    0.001416 ,    0.002374 ,    0.005255 
boraxo,32, Base_OpenMP , default     ,    0.026309 ,    0.305108 ,    0.039766 ,    0.028131 ,    0.016597 ,    0.106786 ,    0.066613 ,    0.050931 ,    0.086058 ,    0.074669 ,    0.022429 ,    8.625726 ,    0.003672 ,    0.001618 ,    0.003256 ,    0.007400 ,    0.251050 ,    0.060000 ,    0.104667 ,    0.007511 ,    0.104590 ,    0.293653 ,    0.080207 ,    0.136807 ,    0.271027 ,    0.010036 ,    0.119013 ,    2.056548 ,    2.916140 ,    0.027044 ,    0.052409 ,    0.066659 ,    0.499607 ,    1.950785 ,    0.013659 ,    0.007782 ,    0.081885 ,    0.168652 ,    0.239206 ,    0.045111 ,    0.079444 ,    0.094331 ,    0.104705 ,    0.094071 ,    0.080586 ,    0.011752 ,    0.068237 ,    0.042652 ,    0.201320 ,    0.040446 ,    0.045950 ,    0.063760 ,    0.063648 ,    0.070241 ,    0.009882 ,    0.443707 ,    0.137960 ,    0.105337 ,    0.008724 ,     Not run ,     Not run ,    0.001348 ,    0.002333 ,    0.005573 
boraxo,18, Base_OpenMP , default     ,    0.021998 ,    0.260469 ,    0.035014 ,    0.037417 ,    0.015852 ,    0.097562 ,    0.056125 ,    0.054628 ,    0.084250 ,    0.061587 ,    0.020716 ,    4.946939 ,    0.003164 ,    0.001444 ,    0.002835 ,    0.006958 ,    0.279509 ,    0.051685 ,    0.088211 ,    0.011036 ,    0.087858 ,    0.402262 ,    0.069330 ,    0.137222 ,    0.257094 ,    0.009959 ,    0.099010 ,    0.515009 ,    0.674769 ,    0.038295 ,    0.021586 ,    0.057478 ,    0.436744 ,    0.316599 ,    0.010046 ,    0.008451 ,    0.063333 ,    0.140971 ,    0.212662 ,    0.016481 ,    0.068630 ,    0.079321 ,    0.086192 ,    0.078592 ,    0.068391 ,    0.011708 ,    0.068641 ,    0.043792 ,    0.175948 ,    0.035960 ,    0.029677 ,    0.029051 ,    0.083854 ,    0.083761 ,    0.009520 ,    0.349032 ,    0.119403 ,    0.091675 ,    0.012551 ,     Not run ,     Not run ,    0.001717 ,    0.002453 ,    0.004952 
boraxo,16, Base_OpenMP , default     ,    0.025697 ,    0.292201 ,    0.039594 ,    0.042058 ,    0.017537 ,    0.112076 ,    0.060412 ,    0.049806 ,    0.098491 ,    0.078307 ,    0.023807 ,    4.660404 ,    0.003280 ,    0.001227 ,    0.003003 ,    0.007225 ,    0.257634 ,    0.061296 ,    0.099105 ,    0.011955 ,    0.099171 ,    0.392851 ,    0.079906 ,    0.138507 ,    0.269649 ,    0.010890 ,    0.118146 ,    0.554602 ,    0.742970 ,    0.043480 ,    0.024933 ,    0.064948 ,    0.504812 ,    0.380355 ,    0.009651 ,    0.008669 ,    0.070256 ,    0.161014 ,    0.236869 ,    0.017329 ,    0.078114 ,    0.091067 ,    0.100397 ,    0.090738 ,    0.078719 ,    0.013702 ,    0.073688 ,    0.047812 ,    0.202567 ,    0.040251 ,    0.027105 ,    0.023561 ,    0.093110 ,    0.092975 ,    0.010523 ,    0.392406 ,    0.139864 ,    0.113408 ,    0.013924 ,     Not run ,     Not run ,    0.001791 ,    0.002147 ,    0.005500 
boraxo,8, Base_OpenMP , default     ,    0.058587 ,    0.566426 ,    0.085990 ,    0.085365 ,    0.037611 ,    0.298120 ,    0.127251 ,    0.127231 ,    0.178968 ,    0.206395 ,    0.053848 ,    3.801562 ,    0.005653 ,    0.001305 ,    0.006168 ,    0.013843 ,    0.339169 ,    0.172454 ,    0.255756 ,    0.022321 ,    0.259904 ,    0.383690 ,    0.227791 ,    0.220805 ,    0.412226 ,    0.025471 ,    0.330333 ,    1.065516 ,    1.433895 ,    0.079609 ,    0.034621 ,    0.182117 ,    1.488753 ,    0.704826 ,    0.008602 ,    0.014493 ,    0.129276 ,    0.397967 ,    0.578330 ,    0.031514 ,    0.224073 ,    0.228246 ,    0.226655 ,    0.223828 ,    0.225237 ,    0.030436 ,    0.145327 ,    0.096738 ,    0.428561 ,    0.081051 ,    0.018154 ,    0.009444 ,    0.184816 ,    0.184997 ,    0.021179 ,    0.783551 ,    0.355694 ,    0.205070 ,    0.028455 ,     Not run ,     Not run ,    0.002889 ,    0.005124 ,    0.012599 
boraxo,4, Base_OpenMP , default     ,    0.113503 ,    1.124324 ,    0.145285 ,    0.169913 ,    0.074900 ,    0.452026 ,    0.256826 ,    0.256399 ,    0.341081 ,    0.306317 ,    0.106024 ,    3.862919 ,    0.011112 ,    0.002453 ,    0.012167 ,    0.027493 ,    0.464364 ,    0.278372 ,    0.505865 ,    0.044285 ,    0.514738 ,    0.638928 ,    0.386054 ,    0.394921 ,    0.671263 ,    0.041211 ,    0.537784 ,    2.184831 ,    2.874857 ,    0.158498 ,    0.072855 ,    0.306365 ,    2.933279 ,    1.381007 ,    0.016438 ,    0.028501 ,    0.248906 ,    0.784771 ,    1.133901 ,    0.066177 ,    0.385767 ,    0.459599 ,    0.438023 ,    0.447457 ,    0.383982 ,    0.057105 ,    0.288612 ,    0.194438 ,    0.733176 ,    0.159920 ,    0.022456 ,    0.012924 ,    0.369824 ,    0.370032 ,    0.041202 ,    1.565079 ,    0.596213 ,    0.407662 ,    0.056201 ,     Not run ,     Not run ,    0.005723 ,    0.010258 ,    0.025403 
boraxo,72, Base_OpenMP , default     ,    0.011776 ,    0.141303 ,    0.021167 ,    0.013023 ,    0.009636 ,    0.057603 ,    0.051595 ,    0.044931 ,    0.061793 ,    0.038721 ,    0.019053 ,   11.543504 ,    0.002361 ,    0.003230 ,    0.003761 ,    0.004502 ,    0.273614 ,    0.038411 ,    0.044609 ,    0.008300 ,    0.046182 ,    0.371212 ,    0.048597 ,    0.134625 ,    0.255507 ,    0.005857 ,    0.075335 ,    0.922583 ,    1.312878 ,    0.014070 ,    0.026175 ,    0.039235 ,    0.274790 ,    0.875857 ,    0.010874 ,    0.004516 ,    0.039811 ,    0.078986 ,    0.125075 ,    0.021418 ,    0.047301 ,    0.038622 ,    0.047714 ,    0.038554 ,    0.047961 ,    0.005348 ,    0.033224 ,    0.020789 ,    0.156828 ,    0.019741 ,    0.084119 ,    0.211004 ,    0.029301 ,    0.032297 ,    0.005531 ,    0.198704 ,    0.078012 ,    0.045151 ,    0.005171 ,     Not run ,     Not run ,    0.001478 ,    0.002083 ,    0.002701 
boraxo,36, Base_OpenMP , default     ,    0.023857 ,    0.272926 ,    0.035676 ,    0.025239 ,    0.015428 ,    0.084920 ,    0.064717 ,    0.051524 ,    0.087008 ,    0.059046 ,    0.021942 ,    9.334111 ,    0.003425 ,    0.001974 ,    0.003435 ,    0.007192 ,    0.258196 ,    0.051093 ,    0.093570 ,    0.007552 ,    0.093802 ,    0.397191 ,    0.071700 ,    0.135337 ,    0.244497 ,    0.008827 ,    0.099297 ,    1.856041 ,    2.638164 ,    0.023803 ,    0.045647 ,    0.059958 ,    0.452161 ,    1.753372 ,    0.012510 ,    0.006331 ,    0.073872 ,    0.152238 ,    0.222096 ,    0.041950 ,    0.071255 ,    0.083637 ,    0.093280 ,    0.083483 ,    0.071265 ,    0.010441 ,    0.060765 ,    0.037896 ,    0.176196 ,    0.036437 ,    0.058478 ,    0.078657 ,    0.057493 ,    0.063440 ,    0.009035 ,    0.395035 ,    0.114891 ,    0.101419 ,    0.008163 ,     Not run ,     Not run ,    0.001455 ,    0.002354 ,    0.005115 
boraxo,32, Base_OpenMP , default     ,    0.026512 ,    0.305123 ,    0.039643 ,    0.028352 ,    0.016801 ,    0.106139 ,    0.066845 ,    0.051037 ,    0.085887 ,    0.075002 ,    0.022386 ,    9.250451 ,    0.003721 ,    0.001549 ,    0.003218 ,    0.007543 ,    0.250748 ,    0.060452 ,    0.105371 ,    0.007453 ,    0.105477 ,    0.296070 ,    0.080276 ,    0.137048 ,    0.271191 ,    0.012279 ,    0.119719 ,    2.061246 ,    2.921854 ,    0.027134 ,    0.052876 ,    0.066705 ,    0.497413 ,    1.951464 ,    0.013776 ,    0.007958 ,    0.081490 ,    0.169261 ,    0.240326 ,    0.045935 ,    0.079936 ,    0.094643 ,    0.105093 ,    0.094523 ,    0.079813 ,    0.011741 ,    0.068097 ,    0.042586 ,    0.201534 ,    0.040450 ,    0.045869 ,    0.065419 ,    0.063560 ,    0.070215 ,    0.010050 ,    0.443717 ,    0.138325 ,    0.105223 ,    0.008705 ,     Not run ,     Not run ,    0.001390 ,    0.002286 ,    0.005631 
boraxo,18, Base_OpenMP , default     ,    0.022233 ,    0.261036 ,    0.035832 ,    0.037387 ,    0.015760 ,    0.097334 ,    0.055664 ,    0.052167 ,    0.083375 ,    0.062025 ,    0.020257 ,    4.555833 ,    0.003321 ,    0.001221 ,    0.002861 ,    0.007234 ,    0.283390 ,    0.051321 ,    0.087247 ,    0.011027 ,    0.087139 ,    0.402776 ,    0.068310 ,    0.136399 ,    0.256455 ,    0.010126 ,    0.098474 ,    0.505184 ,    0.655758 ,    0.038391 ,    0.024613 ,    0.056265 ,    0.431731 ,    0.309173 ,    0.010193 ,    0.009579 ,    0.063263 ,    0.141571 ,    0.212764 ,    0.016711 ,    0.067695 ,    0.079541 ,    0.087789 ,    0.079774 ,    0.067786 ,    0.011741 ,    0.068790 ,    0.043578 ,    0.177016 ,    0.035967 ,    0.029121 ,    0.029156 ,    0.084757 ,    0.084503 ,    0.009575 ,    0.349027 ,    0.118224 ,    0.101117 ,    0.012549 ,     Not run ,     Not run ,    0.001710 ,    0.002336 ,    0.004895 
boraxo,16, Base_OpenMP , default     ,    0.024849 ,    0.291880 ,    0.039735 ,    0.042113 ,    0.017466 ,    0.111013 ,    0.060515 ,    0.048057 ,    0.099215 ,    0.078574 ,    0.023725 ,    4.560749 ,    0.003186 ,    0.001334 ,    0.002966 ,    0.007675 ,    0.256557 ,    0.061653 ,    0.100072 ,    0.011972 ,    0.100022 ,    0.395172 ,    0.079896 ,    0.138713 ,    0.271115 ,    0.011014 ,    0.118395 ,    0.545103 ,    0.720761 ,    0.043544 ,    0.020451 ,    0.065650 ,    0.493274 ,    0.359541 ,    0.009944 ,    0.007626 ,    0.070299 ,    0.161458 ,    0.237068 ,    0.017314 ,    0.077777 ,    0.089476 ,    0.098884 ,    0.089312 ,    0.077972 ,    0.013948 ,    0.073675 ,    0.048041 ,    0.202228 ,    0.040245 ,    0.027630 ,    0.023239 ,    0.092709 ,    0.093515 ,    0.010410 ,    0.392496 ,    0.138894 ,    0.103246 ,    0.013887 ,     Not run ,     Not run ,    0.001785 ,    0.002145 ,    0.005448 
boraxo,8, Base_OpenMP , default     ,    0.057558 ,    0.566065 ,    0.085682 ,    0.085431 ,    0.037840 ,    0.298458 ,    0.128203 ,    0.128117 ,    0.178671 ,    0.205892 ,    0.054214 ,    3.766969 ,    0.005649 ,    0.001312 ,    0.006085 ,    0.013878 ,    0.338298 ,    0.171815 ,    0.254180 ,    0.022340 ,    0.257859 ,    0.381608 ,    0.226535 ,    0.223387 ,    0.412323 ,    0.025302 ,    0.329594 ,    1.056913 ,    1.428840 ,    0.079628 ,    0.034556 ,    0.181143 ,    1.468970 ,    0.718280 ,    0.008574 ,    0.014213 ,    0.129203 ,    0.393231 ,    0.579592 ,    0.031481 ,    0.222623 ,    0.226802 ,    0.223719 ,    0.225104 ,    0.224980 ,    0.029821 ,    0.145307 ,    0.095795 ,    0.428758 ,    0.080991 ,    0.019524 ,    0.009460 ,    0.186151 ,    0.186464 ,    0.021298 ,    0.783400 ,    0.352189 ,    0.204854 ,    0.028322 ,     Not run ,     Not run ,    0.002884 ,    0.005119 ,    0.012537 
boraxo,4, Base_OpenMP , default     ,    0.112743 ,    1.123941 ,    0.145358 ,    0.169804 ,    0.075080 ,    0.451416 ,    0.254336 ,    0.254477 ,    0.343010 ,    0.306020 ,    0.104983 ,    3.933016 ,    0.011133 ,    0.002453 ,    0.011869 ,    0.027500 ,    0.467202 ,    0.277903 ,    0.500627 ,    0.044278 ,    0.508020 ,    0.639798 ,    0.384835 ,    0.395320 ,    0.671457 ,    0.041320 ,    0.536257 ,    2.113917 ,    2.822703 ,    0.158365 ,    0.073115 ,    0.306062 ,    2.924827 ,    1.392720 ,    0.016274 ,    0.028206 ,    0.248800 ,    0.773332 ,    1.117972 ,    0.066159 ,    0.386180 ,    0.456058 ,    0.431129 ,    0.442183 ,    0.383890 ,    0.056939 ,    0.288803 ,    0.191543 ,    0.733245 ,    0.159838 ,    0.022843 ,    0.012925 ,    0.369669 ,    0.369995 ,    0.041142 ,    1.565040 ,    0.596076 ,    0.407496 ,    0.055874 ,     Not run ,     Not run ,    0.005715 ,    0.010133 ,    0.025414 
catalyst,48, Base_OpenMP , default     ,    0.022054 ,    0.181007 ,    0.086086 ,    0.017543 ,    0.025129 ,    0.308282 ,    0.098505 ,    0.098390 ,    0.091075 ,    0.221862 ,    0.044636 ,    6.090888 ,    0.011291 ,    0.001962 ,    0.003482 ,    0.021905 ,    0.533062 ,    0.094563 ,    0.084511 ,    0.007786 ,    0.084608 ,    0.703414 ,    0.069484 ,    0.216969 ,    0.479510 ,    0.039685 ,    0.159379 ,    2.151961 ,    3.089417 ,    0.030375 ,    0.052976 ,    0.069087 ,    0.499976 ,    1.986290 ,    0.016669 ,    0.007497 ,    0.079023 ,    0.136912 ,    0.238415 ,    0.046255 ,    0.068443 ,    0.073974 ,    0.071653 ,    0.075475 ,    0.068555 ,    0.012997 ,    0.062251 ,    0.046098 ,    0.491571 ,    0.040170 ,    0.064179 ,    0.071400 ,    0.045183 ,    0.045236 ,    0.011723 ,    0.273880 ,    0.266186 ,    0.086541 ,    0.007330 ,     Not run ,     Not run ,    0.001672 ,    0.003192 ,    0.004729 
catalyst,24, Base_OpenMP , default     ,    0.036539 ,    0.348527 ,    0.108068 ,    0.032286 ,    0.044814 ,    0.324410 ,    0.164424 ,    0.164543 ,    0.165962 ,    0.230444 ,    0.075396 ,    3.600970 ,    0.021756 ,    0.001558 ,    0.003988 ,    0.042776 ,    0.552201 ,    0.107213 ,    0.139368 ,    0.010673 ,    0.140866 ,    0.724224 ,    0.120259 ,    0.233807 ,    0.484287 ,    0.076110 ,    0.186034 ,    4.292761 ,    6.170085 ,    0.052724 ,    0.094521 ,    0.098048 ,    0.830398 ,    3.985399 ,    0.024031 ,    0.009639 ,    0.119177 ,    0.228407 ,    0.403232 ,    0.088764 ,    0.110472 ,    0.121993 ,    0.116499 ,    0.122849 ,    0.111052 ,    0.023154 ,    0.118681 ,    0.078464 ,    0.468918 ,    0.077651 ,    0.037449 ,    0.031519 ,    0.088596 ,    0.088603 ,    0.021443 ,    0.543346 ,    0.269200 ,    0.164388 ,    0.013096 ,     Not run ,     Not run ,    0.002107 ,    0.004495 ,    0.007389 
catalyst,16, Base_OpenMP , default     ,    0.051702 ,    0.528848 ,    0.157436 ,    0.047582 ,    0.065291 ,    0.445400 ,    0.237195 ,    0.237252 ,    0.224742 ,    0.311332 ,    0.099988 ,    4.892810 ,    0.032215 ,    0.001586 ,    0.004768 ,    0.063751 ,    0.461639 ,    0.190928 ,    0.204338 ,    0.014441 ,    0.204529 ,    0.404436 ,    0.182644 ,    0.303637 ,    0.595784 ,    0.115090 ,    0.406211 ,    6.416917 ,    9.166485 ,    0.081111 ,    0.133532 ,    0.153767 ,    1.238602 ,    5.906828 ,    0.031947 ,    0.012334 ,    0.162415 ,    0.342290 ,    0.590878 ,    0.129240 ,    0.186138 ,    0.181705 ,    0.161427 ,    0.181189 ,    0.186230 ,    0.035324 ,    0.177711 ,    0.113448 ,    0.605384 ,    0.115610 ,    0.032978 ,    0.017030 ,    0.131862 ,    0.132047 ,    0.032413 ,    0.808575 ,    0.460722 ,    0.235932 ,    0.017383 ,     Not run ,     Not run ,    0.002560 ,    0.006110 ,    0.010296 
catalyst,12, Base_OpenMP , default     ,    0.037876 ,    0.332587 ,    0.115056 ,    0.048789 ,    0.062551 ,    0.321113 ,    0.158516 ,    0.158618 ,    0.177416 ,    0.221127 ,    0.070586 ,    2.861023 ,    0.021265 ,    0.001501 ,    0.004077 ,    0.042225 ,    0.642143 ,    0.112515 ,    0.142725 ,    0.012289 ,    0.142261 ,    0.663619 ,    0.122009 ,    0.230984 ,    0.519700 ,    0.105506 ,    0.209705 ,    4.241322 ,    6.081351 ,    0.067560 ,    0.090634 ,    0.106322 ,    0.845978 ,    3.981137 ,    0.024319 ,    0.010118 ,    0.123141 ,    0.249170 ,    0.428224 ,    0.087678 ,    0.121836 ,    0.121227 ,    0.116718 ,    0.122119 ,    0.125060 ,    0.025467 ,    0.135737 ,    0.090839 ,    0.498324 ,    0.083267 ,    0.025467 ,    0.015110 ,    0.117280 ,    0.116868 ,    0.022321 ,    0.496091 ,    0.301049 ,    0.161285 ,    0.014546 ,     Not run ,     Not run ,    0.002100 ,    0.004340 ,    0.007330 
catalyst,8, Base_OpenMP , default     ,    0.059884 ,    0.498200 ,    0.172139 ,    0.081711 ,    0.094338 ,    0.530824 ,    0.235732 ,    0.233153 ,    0.271506 ,    0.371495 ,    0.101177 ,    4.275218 ,    0.032274 ,    0.002002 ,    0.005777 ,    0.063676 ,    0.515915 ,    0.275398 ,    0.235084 ,    0.017452 ,    0.235677 ,    0.570998 ,    0.285421 ,    0.339899 ,    0.600591 ,    0.157880 ,    0.547353 ,    6.369293 ,    9.144643 ,    0.099103 ,    0.135362 ,    0.238434 ,    1.450820 ,    6.016796 ,    0.033591 ,    0.014072 ,    0.188421 ,    0.404712 ,    0.669431 ,    0.130653 ,    0.281735 ,    0.203262 ,    0.189817 ,    0.205071 ,    0.280457 ,    0.041902 ,    0.201949 ,    0.131330 ,    0.681684 ,    0.124544 ,    0.019233 ,    0.014410 ,    0.175253 ,    0.174088 ,    0.033526 ,    0.744351 ,    0.595541 ,    0.243545 ,    0.021716 ,     Not run ,     Not run ,    0.002697 ,    0.006500 ,    0.011721 
catalyst,4, Base_OpenMP , default     ,    0.149112 ,    0.994132 ,    0.323245 ,    0.150116 ,    0.190939 ,    0.770684 ,    0.451783 ,    0.449858 ,    0.480205 ,    0.539528 ,    0.193483 ,    3.363918 ,    0.061437 ,    0.003109 ,    0.012539 ,    0.122699 ,    0.821710 ,    0.442313 ,    0.601950 ,    0.033655 ,    0.599354 ,    0.856730 ,    0.661225 ,    0.597596 ,    0.984984 ,    0.307180 ,    0.939391 ,   12.489974 ,   18.212765 ,    0.177982 ,    0.260465 ,    0.518685 ,    3.701309 ,   11.751427 ,    0.058401 ,    0.030055 ,    0.385060 ,    1.017450 ,    1.485236 ,    0.253864 ,    0.663320 ,    0.535909 ,    0.455555 ,    0.538974 ,    0.672164 ,    0.083682 ,    0.399002 ,    0.252833 ,    1.080378 ,    0.246169 ,    0.015793 ,    0.010785 ,    0.343477 ,    0.346956 ,    0.067005 ,    1.486421 ,    1.001433 ,    0.484409 ,    0.045571 ,     Not run ,     Not run ,    0.004596 ,    0.011740 ,    0.029415 
catalyst,48, Base_OpenMP , default     ,    0.021815 ,    0.184699 ,    0.085751 ,    0.017724 ,    0.025373 ,    0.307263 ,    0.098555 ,    0.098393 ,    0.090711 ,    0.218172 ,    0.044650 ,    6.040696 ,    0.011303 ,    0.001958 ,    0.003542 ,    0.021898 ,    0.533778 ,    0.092984 ,    0.083664 ,    0.007739 ,    0.083931 ,    0.704757 ,    0.067276 ,    0.217056 ,    0.478858 ,    0.039344 ,    0.156782 ,    2.135547 ,    3.071107 ,    0.030815 ,    0.053170 ,    0.065961 ,    0.500117 ,    1.990481 ,    0.016653 ,    0.007481 ,    0.079350 ,    0.134997 ,    0.233826 ,    0.046031 ,    0.065193 ,    0.073415 ,    0.071404 ,    0.074066 ,    0.065888 ,    0.012834 ,    0.062713 ,    0.045925 ,    0.490675 ,    0.039921 ,    0.065627 ,    0.070955 ,    0.045205 ,    0.045266 ,    0.011630 ,    0.273706 ,    0.266169 ,    0.085206 ,    0.007258 ,     Not run ,     Not run ,    0.001658 ,    0.003138 ,    0.004688 
catalyst,24, Base_OpenMP , default     ,    0.036199 ,    0.348628 ,    0.108352 ,    0.032209 ,    0.044748 ,    0.324698 ,    0.164695 ,    0.164797 ,    0.165897 ,    0.233574 ,    0.075523 ,    4.691045 ,    0.021742 ,    0.001561 ,    0.003913 ,    0.042828 ,    0.534423 ,    0.106190 ,    0.137939 ,    0.010693 ,    0.139535 ,    0.683995 ,    0.111167 ,    0.229225 ,    0.485326 ,    0.076155 ,    0.196718 ,    4.270888 ,    6.133535 ,    0.052588 ,    0.093489 ,    0.098260 ,    0.824528 ,    3.960156 ,    0.023724 ,    0.009689 ,    0.118800 ,    0.227590 ,    0.401688 ,    0.088715 ,    0.120412 ,    0.134984 ,    0.114198 ,    0.125236 ,    0.100641 ,    0.023272 ,    0.118828 ,    0.078466 ,    0.683732 ,    0.077592 ,    0.037346 ,    0.031554 ,    0.088700 ,    0.088601 ,    0.021444 ,    0.543337 ,    0.262822 ,    0.164641 ,    0.012933 ,     Not run ,     Not run ,    0.002166 ,    0.004468 ,    0.007320 
catalyst,16, Base_OpenMP , default     ,    0.051015 ,    0.529150 ,    0.164799 ,    0.047473 ,    0.065091 ,    0.450917 ,    0.237205 ,    0.237790 ,    0.224473 ,    0.305687 ,    0.100054 ,    4.212331 ,    0.032271 ,    0.001634 ,    0.004695 ,    0.063728 ,    0.461774 ,    0.192436 ,    0.201168 ,    0.014443 ,    0.201436 ,    0.395815 ,    0.186028 ,    0.306292 ,    0.596253 ,    0.115244 ,    0.404149 ,    6.410696 ,    9.146955 ,    0.081355 ,    0.131404 ,    0.151694 ,    1.213617 ,    5.932292 ,    0.031650 ,    0.012196 ,    0.161710 ,    0.335551 ,    0.587279 ,    0.129958 ,    0.182484 ,    0.175058 ,    0.154129 ,    0.175859 ,    0.183530 ,    0.035349 ,    0.176989 ,    0.113279 ,    0.622111 ,    0.115499 ,    0.032962 ,    0.018015 ,    0.132070 ,    0.132107 ,    0.031780 ,    0.808822 ,    0.467527 ,    0.235239 ,    0.017107 ,     Not run ,     Not run ,    0.002526 ,    0.006073 ,    0.010015 
catalyst,12, Base_OpenMP , default     ,    0.037463 ,    0.332719 ,    0.113200 ,    0.048653 ,    0.062363 ,    0.321761 ,    0.158928 ,    0.158905 ,    0.178447 ,    0.223799 ,    0.070790 ,    3.988205 ,    0.021255 ,    0.001465 ,    0.004004 ,    0.042227 ,    0.546777 ,    0.108389 ,    0.141561 ,    0.012269 ,    0.141506 ,    0.665108 ,    0.121630 ,    0.231364 ,    0.520507 ,    0.105494 ,    0.204435 ,    4.259174 ,    6.091137 ,    0.067687 ,    0.090554 ,    0.104419 ,    0.834399 ,    3.982655 ,    0.024127 ,    0.010397 ,    0.122738 ,    0.247078 ,    0.426314 ,    0.087678 ,    0.118614 ,    0.122035 ,    0.117093 ,    0.123321 ,    0.121476 ,    0.025427 ,    0.134940 ,    0.090607 ,    0.497519 ,    0.083424 ,    0.025252 ,    0.015525 ,    0.117280 ,    0.116859 ,    0.022348 ,    0.496252 ,    0.300426 ,    0.161339 ,    0.014488 ,     Not run ,     Not run ,    0.002091 ,    0.004330 ,    0.007271 
catalyst,8, Base_OpenMP , default     ,    0.058631 ,    0.498231 ,    0.171594 ,    0.074188 ,    0.094544 ,    0.531836 ,    0.233856 ,    0.233047 ,    0.263027 ,    0.376259 ,    0.100672 ,    3.796569 ,    0.032263 ,    0.001981 ,    0.005574 ,    0.063637 ,    0.515375 ,    0.274466 ,    0.234396 ,    0.017480 ,    0.234285 ,    0.570387 ,    0.291673 ,    0.341207 ,    0.601898 ,    0.157921 ,    0.550133 ,    6.366108 ,    9.112450 ,    0.099491 ,    0.135297 ,    0.235670 ,    1.463239 ,    6.016037 ,    0.033715 ,    0.014906 ,    0.185065 ,    0.392393 ,    0.656152 ,    0.131490 ,    0.283041 ,    0.203215 ,    0.189612 ,    0.205892 ,    0.283292 ,    0.041979 ,    0.202660 ,    0.130921 ,    0.685070 ,    0.124971 ,    0.019504 ,    0.014309 ,    0.175525 ,    0.174093 ,    0.033484 ,    0.744392 ,    0.597731 ,    0.243614 ,    0.021935 ,     Not run ,     Not run ,    0.002837 ,    0.006362 ,    0.011660 
catalyst,4, Base_OpenMP , default     ,    0.149391 ,    0.995392 ,    0.323007 ,    0.149176 ,    0.190828 ,    0.773979 ,    0.458371 ,    0.449501 ,    0.485469 ,    0.534604 ,    0.196528 ,    3.362390 ,    0.061743 ,    0.003009 ,    0.012290 ,    0.123765 ,    0.814200 ,    0.449876 ,    0.592640 ,    0.034129 ,    0.595723 ,    0.858601 ,    0.668582 ,    0.586408 ,    0.983952 ,    0.308790 ,    0.940575 ,   12.647597 ,   18.142694 ,    0.180517 ,    0.263736 ,    0.522362 ,    3.788170 ,   11.879449 ,    0.059225 ,    0.031881 ,    0.393721 ,    1.015356 ,    1.508063 ,    0.259984 ,    0.669714 ,    0.533701 ,    0.456793 ,    0.536992 ,    0.672673 ,    0.082791 ,    0.397302 ,    0.258168 ,    1.077285 ,    0.246066 ,    0.016762 ,    0.010889 ,    0.348575 ,    0.341996 ,    0.065527 ,    1.464619 ,    1.005300 ,    0.476840 ,    0.045426 ,     Not run ,     Not run ,    0.004650 ,    0.011418 ,    0.030004 
catalyst,48, Base_OpenMP , default     ,    0.022644 ,    0.181038 ,    0.086667 ,    0.017529 ,    0.025166 ,    0.307618 ,    0.098766 ,    0.098820 ,    0.093633 ,    0.222065 ,    0.044852 ,    6.100070 ,    0.011335 ,    0.001977 ,    0.003507 ,    0.021908 ,    0.534730 ,    0.094742 ,    0.086446 ,    0.007774 ,    0.087534 ,    0.702884 ,    0.069701 ,    0.218927 ,    0.479722 ,    0.039552 ,    0.159222 ,    2.212193 ,    3.067871 ,    0.030610 ,    0.054516 ,    0.066900 ,    0.511756 ,    2.040760 ,    0.016688 ,    0.007714 ,    0.080238 ,    0.140984 ,    0.240125 ,    0.048618 ,    0.066690 ,    0.075063 ,    0.073344 ,    0.076294 ,    0.067199 ,    0.013310 ,    0.062611 ,    0.046292 ,    0.494679 ,    0.041394 ,    0.064964 ,    0.063950 ,    0.045274 ,    0.045418 ,    0.012218 ,    0.273403 ,    0.267097 ,    0.086452 ,    0.007476 ,     Not run ,     Not run ,    0.001678 ,    0.003198 ,    0.004761 
catalyst,24, Base_OpenMP , default     ,    0.036585 ,    0.348653 ,    0.107953 ,    0.032337 ,    0.044937 ,    0.323644 ,    0.164829 ,    0.165003 ,    0.165717 ,    0.229765 ,    0.075574 ,    4.155362 ,    0.021756 ,    0.001587 ,    0.003914 ,    0.042778 ,    0.563814 ,    0.113939 ,    0.139661 ,    0.010666 ,    0.140408 ,    0.681533 ,    0.113733 ,    0.229221 ,    0.485795 ,    0.076279 ,    0.200710 ,    4.263243 ,    6.152544 ,    0.052888 ,    0.093477 ,    0.100126 ,    0.833304 ,    3.980211 ,    0.040556 ,    0.009507 ,    0.123908 ,    0.228326 ,    0.407733 ,    0.088388 ,    0.110105 ,    0.122364 ,    0.116969 ,    0.123020 ,    0.111633 ,    0.023330 ,    0.118790 ,    0.078566 ,    0.504583 ,    0.077708 ,    0.037050 ,    0.032940 ,    0.088703 ,    0.088630 ,    0.021463 ,    0.543203 ,    0.294207 ,    0.164347 ,    0.013157 ,     Not run ,     Not run ,    0.002075 ,    0.004500 ,    0.007310 
catalyst,16, Base_OpenMP , default     ,    0.051318 ,    0.529030 ,    0.164778 ,    0.047410 ,    0.065148 ,    0.447185 ,    0.237342 ,    0.237455 ,    0.223010 ,    0.304079 ,    0.099998 ,    4.672013 ,    0.032318 ,    0.001640 ,    0.004793 ,    0.063762 ,    0.462457 ,    0.192029 ,    0.203973 ,    0.014449 ,    0.203998 ,    0.394802 ,    0.184000 ,    0.311770 ,    0.630243 ,    0.115025 ,    0.407898 ,    6.439867 ,    9.198235 ,    0.081161 ,    0.132540 ,    0.151970 ,    1.221554 ,    5.958475 ,    0.032200 ,    0.012351 ,    0.162345 ,    0.335264 ,    0.588865 ,    0.129128 ,    0.183239 ,    0.177584 ,    0.159441 ,    0.178420 ,    0.183802 ,    0.035299 ,    0.177646 ,    0.113377 ,    0.623170 ,    0.115592 ,    0.033468 ,    0.023816 ,    0.132071 ,    0.132118 ,    0.031790 ,    0.813371 ,    0.466173 ,    0.235905 ,    0.017298 ,     Not run ,     Not run ,    0.002524 ,    0.006111 ,    0.010265 
catalyst,12, Base_OpenMP , default     ,    0.037967 ,    0.332766 ,    0.117432 ,    0.048672 ,    0.062392 ,    0.321144 ,    0.159027 ,    0.158950 ,    0.176845 ,    0.224964 ,    0.070781 ,    3.446533 ,    0.021269 ,    0.001444 ,    0.004084 ,    0.042236 ,    0.621904 ,    0.111101 ,    0.143883 ,    0.012263 ,    0.142248 ,    0.706327 ,    0.128601 ,    0.223660 ,    0.519815 ,    0.105328 ,    0.194059 ,    4.305212 ,    6.111572 ,    0.067665 ,    0.091182 ,    0.106589 ,    0.834759 ,    4.003468 ,    0.024165 ,    0.010401 ,    0.127895 ,    0.248519 ,    0.428041 ,    0.087759 ,    0.119555 ,    0.121891 ,    0.116963 ,    0.122348 ,    0.122261 ,    0.025537 ,    0.135182 ,    0.093596 ,    0.499529 ,    0.083237 ,    0.025413 ,    0.015654 ,    0.117258 ,    0.116891 ,    0.022369 ,    0.496120 ,    0.301042 ,    0.161425 ,    0.014543 ,     Not run ,     Not run ,    0.002080 ,    0.004389 ,    0.007319 
catalyst,8, Base_OpenMP , default     ,    0.059522 ,    0.498446 ,    0.164990 ,    0.074177 ,    0.094524 ,    0.535351 ,    0.235161 ,    0.233352 ,    0.260251 ,    0.370910 ,    0.100984 ,    3.536987 ,    0.032179 ,    0.001959 ,    0.005700 ,    0.064307 ,    0.516687 ,    0.272923 ,    0.234720 ,    0.017536 ,    0.234614 ,    0.566888 ,    0.287352 ,    0.341598 ,    0.600611 ,    0.157960 ,    0.548899 ,    6.347448 ,    9.115333 ,    0.099329 ,    0.133794 ,    0.235919 ,    1.446468 ,    5.968441 ,    0.033587 ,    0.014821 ,    0.188845 ,    0.403943 ,    0.669365 ,    0.130615 ,    0.283314 ,    0.203694 ,    0.190238 ,    0.207292 ,    0.287686 ,    0.041962 ,    0.202112 ,    0.131210 ,    0.683039 ,    0.124514 ,    0.019232 ,    0.013982 ,    0.175199 ,    0.174162 ,    0.033575 ,    0.743995 ,    0.596885 ,    0.243304 ,    0.021864 ,     Not run ,     Not run ,    0.002749 ,    0.006442 ,    0.011707 
catalyst,4, Base_OpenMP , default     ,    0.150373 ,    0.997477 ,    0.328752 ,    0.152206 ,    0.191004 ,    0.774032 ,    0.459303 ,    0.451780 ,    0.481912 ,    0.534561 ,    0.194571 ,    2.717969 ,    0.061517 ,    0.003044 ,    0.012586 ,    0.123817 ,    0.812432 ,    0.449510 ,    0.596596 ,    0.034606 ,    0.595191 ,    0.867730 ,    0.656457 ,    0.587222 ,    0.995488 ,    0.307916 ,    0.953656 ,   12.621514 ,   18.092545 ,    0.178451 ,    0.260061 ,    0.519498 ,    3.754028 ,   11.869174 ,    0.057486 ,    0.030283 ,    0.389160 ,    1.021354 ,    1.493928 ,    0.256940 ,    0.676296 ,    0.541019 ,    0.460662 ,    0.549173 ,    0.668088 ,    0.084003 ,    0.397641 ,    0.256055 ,    1.082463 ,    0.248944 ,    0.016363 ,    0.011002 ,    0.344804 ,    0.343995 ,    0.065750 ,    1.469662 ,    1.010795 ,    0.475631 ,    0.045567 ,     Not run ,     Not run ,    0.004640 ,    0.011705 ,    0.029880 
quartz,72, Base_OpenMP , default     ,    0.024056 ,    0.124985 ,    0.035477 ,    0.014420 ,    0.027630 ,    0.054415 ,    0.104495 ,    0.104022 ,    0.056694 ,    0.039448 ,    0.034876 ,    4.427183 ,    0.003610 ,    0.003144 ,    0.003976 ,    0.007760 ,    0.507089 ,    0.035725 ,    0.081503 ,    0.008299 ,    0.081577 ,    0.464612 ,    0.055024 ,    0.252923 ,    0.399159 ,    0.007114 ,    0.064658 ,    0.649621 ,    0.881029 ,    0.016342 ,    0.020853 ,    0.050264 ,    0.425312 ,    0.586050 ,    0.011900 ,    0.005729 ,    0.056146 ,    0.129420 ,    0.165303 ,    0.018477 ,    0.054129 ,    0.074414 ,    0.066409 ,    0.074055 ,    0.054596 ,    0.006960 ,    0.034422 ,    0.024239 ,    0.264281 ,    0.018124 ,    0.090903 ,    0.104979 ,    0.034915 ,    0.034672 ,    0.007023 ,    0.181433 ,    0.071988 ,    0.045018 ,    0.008832 ,     Not run ,     Not run ,    0.002496 ,    0.005986 ,    0.005968 
quartz,36, Base_OpenMP , default     ,    0.029019 ,    0.240301 ,    0.063698 ,    0.023553 ,    0.033249 ,    0.086141 ,    0.104545 ,    0.103811 ,    0.078885 ,    0.062189 ,    0.046766 ,    4.010655 ,    0.005675 ,    0.001611 ,    0.004062 ,    0.013901 ,    0.504399 ,    0.046017 ,    0.104000 ,    0.007448 ,    0.125109 ,    0.455858 ,    0.069725 ,    0.248337 ,    0.375725 ,    0.011614 ,    0.085116 ,    1.286948 ,    1.770873 ,    0.026825 ,    0.037095 ,    0.062969 ,    0.582707 ,    1.184175 ,    0.013638 ,    0.007004 ,    0.089055 ,    0.174239 ,    0.259578 ,    0.037385 ,    0.070303 ,    0.091291 ,    0.077289 ,    0.094416 ,    0.070008 ,    0.011187 ,    0.063499 ,    0.042542 ,    0.280096 ,    0.032056 ,    0.059359 ,    0.050050 ,    0.067203 ,    0.067242 ,    0.011067 ,    0.360489 ,    0.106197 ,    0.090466 ,    0.010577 ,     Not run ,     Not run ,    0.002497 ,    0.004608 ,    0.009381 
quartz,32, Base_OpenMP , default     ,    0.039790 ,    0.268688 ,    0.071400 ,    0.028216 ,    0.040775 ,    0.084535 ,    0.121293 ,    0.118330 ,    0.082660 ,    0.060955 ,    0.047600 ,    4.897112 ,    0.005964 ,    0.001529 ,    0.003775 ,    0.015402 ,    0.490998 ,    0.048348 ,    0.129795 ,    0.007068 ,    0.111599 ,    0.288315 ,    0.074390 ,    0.237324 ,    0.406276 ,    0.012681 ,    0.092108 ,    1.382570 ,    1.867398 ,    0.029959 ,    0.040553 ,    0.067315 ,    0.654348 ,    1.234372 ,    0.014224 ,    0.007182 ,    0.103179 ,    0.186512 ,    0.280732 ,    0.040502 ,    0.074037 ,    0.097011 ,    0.099690 ,    0.119000 ,    0.074410 ,    0.012056 ,    0.070922 ,    0.048640 ,    0.335288 ,    0.034886 ,    0.049911 ,    0.039527 ,    0.074608 ,    0.074532 ,    0.012240 ,    0.408218 ,    0.130102 ,    0.099964 ,    0.010841 ,     Not run ,     Not run ,    0.002421 ,    0.006171 ,    0.006921 
quartz,18, Base_OpenMP , default     ,    0.037994 ,    0.212802 ,    0.065088 ,    0.034048 ,    0.048472 ,    0.114310 ,    0.111774 ,    0.116022 ,    0.085914 ,    0.083283 ,    0.049557 ,    2.376633 ,    0.005243 ,    0.001607 ,    0.004418 ,    0.013550 ,    0.523034 ,    0.052644 ,    0.101765 ,    0.009821 ,    0.101532 ,    0.453895 ,    0.068906 ,    0.242383 ,    0.396589 ,    0.016213 ,    0.086539 ,    0.634502 ,    0.956482 ,    0.040874 ,    0.023583 ,    0.059621 ,    0.571632 ,    0.730583 ,    0.011661 ,    0.007443 ,    0.079580 ,    0.159937 ,    0.248121 ,    0.021691 ,    0.069299 ,    0.089249 ,    0.077671 ,    0.091543 ,    0.068626 ,    0.013309 ,    0.066592 ,    0.058658 ,    0.279492 ,    0.037466 ,    0.034691 ,    0.021833 ,    0.098865 ,    0.099209 ,    0.011334 ,    0.326020 ,    0.114862 ,    0.091065 ,    0.012235 ,     Not run ,     Not run ,    0.002416 ,    0.006030 ,    0.006507 
quartz,16, Base_OpenMP , default     ,    0.030422 ,    0.239029 ,    0.071733 ,    0.038821 ,    0.052747 ,    0.089363 ,    0.121749 ,    0.126529 ,    0.090521 ,    0.061209 ,    0.053593 ,    2.496847 ,    0.005988 ,    0.001585 ,    0.003886 ,    0.015143 ,    0.469847 ,    0.051987 ,    0.131135 ,    0.010640 ,    0.131442 ,    0.412936 ,    0.074658 ,    0.232357 ,    0.400485 ,    0.015050 ,    0.093053 ,    0.544383 ,    0.771739 ,    0.046614 ,    0.032862 ,    0.064291 ,    0.640963 ,    0.510293 ,    0.012244 ,    0.009339 ,    0.097252 ,    0.177336 ,    0.281447 ,    0.023396 ,    0.075360 ,    0.097754 ,    0.102488 ,    0.120008 ,    0.075051 ,    0.014519 ,    0.075268 ,    0.068198 ,    0.337428 ,    0.041221 ,    0.031875 ,    0.017515 ,    0.110433 ,    0.110378 ,    0.012391 ,    0.366459 ,    0.119911 ,    0.102446 ,    0.013262 ,     Not run ,     Not run ,    0.002477 ,    0.006254 ,    0.009641 
quartz,8, Base_OpenMP , default     ,    0.050357 ,    0.472720 ,    0.176462 ,    0.072082 ,    0.089477 ,    0.566248 ,    0.212909 ,    0.227818 ,    0.162875 ,    0.394554 ,    0.098211 ,    3.316037 ,    0.011040 ,    0.001267 ,    0.004596 ,    0.029787 ,    0.600148 ,    0.245254 ,    0.202812 ,    0.018362 ,    0.203359 ,    0.445244 ,    0.188657 ,    0.343262 ,    0.640705 ,    0.047765 ,    0.496137 ,    1.099546 ,    1.546446 ,    0.076357 ,    0.042356 ,    0.154923 ,    1.221913 ,    0.987170 ,    0.011316 ,    0.009599 ,    0.146687 ,    0.332390 ,    0.526214 ,    0.040085 ,    0.219181 ,    0.176330 ,    0.144452 ,    0.183446 ,    0.216842 ,    0.038850 ,    0.156892 ,    0.143330 ,    0.745336 ,    0.079303 ,    0.014620 ,    0.007668 ,    0.218612 ,    0.219359 ,    0.022618 ,    0.734273 ,    0.567493 ,    0.208108 ,    0.022492 ,     Not run ,     Not run ,    0.002168 ,    0.006372 ,    0.009631 
quartz,4, Base_OpenMP , default     ,    0.094171 ,    0.902196 ,    0.289751 ,    0.138964 ,    0.171780 ,    0.747488 ,    0.402227 ,    0.430804 ,    0.300311 ,    0.515840 ,    0.186209 ,    2.710323 ,    0.021055 ,    0.002274 ,    0.008809 ,    0.057187 ,    0.760312 ,    0.384535 ,    0.394751 ,    0.035008 ,    0.395744 ,    0.711993 ,    0.410913 ,    0.529288 ,    0.886892 ,    0.071900 ,    0.783592 ,    2.071887 ,    2.894398 ,    0.146658 ,    0.081050 ,    0.293740 ,    2.259989 ,    1.931841 ,    0.021554 ,    0.017096 ,    0.272086 ,    0.612980 ,    1.005394 ,    0.075775 ,    0.344799 ,    0.333875 ,    0.259708 ,    0.336454 ,    0.344680 ,    0.071696 ,    0.300158 ,    0.266325 ,    1.077692 ,    0.148366 ,    0.015985 ,    0.011471 ,    0.418821 ,    0.408432 ,    0.041572 ,    1.405697 ,    0.843904 ,    0.400636 ,    0.043101 ,     Not run ,     Not run ,    0.003891 ,    0.012210 ,    0.018526 
quartz,72, Base_OpenMP , default     ,    0.034675 ,    0.125947 ,    0.036454 ,    0.014370 ,    0.022060 ,    0.056353 ,    0.105516 ,    0.079286 ,    0.052373 ,    0.041293 ,    0.034992 ,    4.239073 ,    0.003598 ,    0.003289 ,    0.004149 ,    0.007809 ,    0.502300 ,    0.036485 ,    0.082212 ,    0.008486 ,    0.081886 ,    0.464383 ,    0.054544 ,    0.248598 ,    0.398512 ,    0.007073 ,    0.064820 ,    0.646735 ,    0.896570 ,    0.016043 ,    0.022681 ,    0.051894 ,    0.423010 ,    0.587360 ,    0.012686 ,    0.008711 ,    0.055957 ,    0.126008 ,    0.165554 ,    0.018297 ,    0.054556 ,    0.074960 ,    0.088346 ,    0.098856 ,    0.054817 ,    0.007178 ,    0.034307 ,    0.023751 ,    0.264484 ,    0.018141 ,    0.090846 ,    0.101479 ,    0.034435 ,    0.034393 ,    0.006984 ,    0.181757 ,    0.072528 ,    0.045282 ,    0.008586 ,     Not run ,     Not run ,    0.002456 ,    0.006031 ,    0.005711 
quartz,36, Base_OpenMP , default     ,    0.029019 ,    0.240339 ,    0.064056 ,    0.023560 ,    0.038262 ,    0.086426 ,    0.113144 ,    0.103977 ,    0.075217 ,    0.063157 ,    0.047115 ,    4.470520 ,    0.005689 ,    0.001651 ,    0.004842 ,    0.013905 ,    0.495710 ,    0.046419 ,    0.104678 ,    0.007546 ,    0.104378 ,    0.455948 ,    0.070155 ,    0.244913 ,    0.373414 ,    0.011621 ,    0.085831 ,    1.295342 ,    1.757987 ,    0.026438 ,    0.037326 ,    0.063297 ,    0.582563 ,    1.175963 ,    0.013501 ,    0.007164 ,    0.089152 ,    0.164134 ,    0.259680 ,    0.033611 ,    0.069818 ,    0.091215 ,    0.077753 ,    0.114499 ,    0.070243 ,    0.011345 ,    0.063618 ,    0.042559 ,    0.269150 ,    0.031478 ,    0.060322 ,    0.046309 ,    0.067225 ,    0.067267 ,    0.011197 ,    0.360686 ,    0.105636 ,    0.090571 ,    0.010635 ,     Not run ,     Not run ,    0.002467 ,    0.006137 ,    0.006885 
quartz,32, Base_OpenMP , default     ,    0.030411 ,    0.268952 ,    0.070987 ,    0.025890 ,    0.036346 ,    0.095433 ,    0.115837 ,    0.118449 ,    0.083355 ,    0.066821 ,    0.051327 ,    5.064426 ,    0.005981 ,    0.001542 ,    0.004620 ,    0.015414 ,    0.486817 ,    0.049219 ,    0.111859 ,    0.007075 ,    0.111840 ,    0.290348 ,    0.074376 ,    0.235412 ,    0.405324 ,    0.012443 ,    0.097074 ,    1.376307 ,    1.866273 ,    0.029950 ,    0.040865 ,    0.067343 ,    0.637195 ,    1.209180 ,    0.013958 ,    0.007205 ,    0.096258 ,    0.186064 ,    0.275686 ,    0.040228 ,    0.074082 ,    0.116551 ,    0.100191 ,    0.100878 ,    0.074489 ,    0.012257 ,    0.070979 ,    0.047968 ,    0.337537 ,    0.034785 ,    0.051144 ,    0.042561 ,    0.074592 ,    0.074566 ,    0.012294 ,    0.408135 ,    0.121126 ,    0.100084 ,    0.010900 ,     Not run ,     Not run ,    0.002407 ,    0.006191 ,    0.006826 
quartz,18, Base_OpenMP , default     ,    0.028408 ,    0.212941 ,    0.065375 ,    0.034080 ,    0.048423 ,    0.115614 ,    0.111881 ,    0.116064 ,    0.085934 ,    0.082927 ,    0.049512 ,    2.434064 ,    0.005304 ,    0.001608 ,    0.004438 ,    0.013543 ,    0.516875 ,    0.050353 ,    0.101755 ,    0.009772 ,    0.101597 ,    0.451824 ,    0.068826 ,    0.241316 ,    0.392216 ,    0.016109 ,    0.085163 ,    0.637862 ,    0.960481 ,    0.040878 ,    0.025046 ,    0.059500 ,    0.572064 ,    0.732322 ,    0.011361 ,    0.008916 ,    0.087087 ,    0.159708 ,    0.253583 ,    0.021634 ,    0.069075 ,    0.089542 ,    0.077354 ,    0.091615 ,    0.069014 ,    0.013362 ,    0.066584 ,    0.058629 ,    0.284176 ,    0.036821 ,    0.038228 ,    0.025544 ,    0.099209 ,    0.099449 ,    0.011408 ,    0.326097 ,    0.117412 ,    0.091347 ,    0.012238 ,     Not run ,     Not run ,    0.002425 ,    0.006004 ,    0.006757 
quartz,16, Base_OpenMP , default     ,    0.030815 ,    0.239180 ,    0.071599 ,    0.040015 ,    0.047739 ,    0.088681 ,    0.121590 ,    0.126994 ,    0.089620 ,    0.062043 ,    0.053828 ,    2.609909 ,    0.005846 ,    0.001649 ,    0.003907 ,    0.015516 ,    0.463577 ,    0.051727 ,    0.131876 ,    0.010556 ,    0.112359 ,    0.411823 ,    0.075165 ,    0.231576 ,    0.401772 ,    0.014974 ,    0.094198 ,    0.546810 ,    0.776931 ,    0.046253 ,    0.026316 ,    0.064768 ,    0.641827 ,    0.507478 ,    0.012377 ,    0.009596 ,    0.089423 ,    0.178633 ,    0.282500 ,    0.024000 ,    0.074621 ,    0.098091 ,    0.081626 ,    0.100882 ,    0.074939 ,    0.014446 ,    0.074589 ,    0.065666 ,    0.335495 ,    0.041078 ,    0.034235 ,    0.017643 ,    0.110073 ,    0.110463 ,    0.012571 ,    0.366144 ,    0.119300 ,    0.102557 ,    0.013428 ,     Not run ,     Not run ,    0.002504 ,    0.006344 ,    0.007100 
quartz,8, Base_OpenMP , default     ,    0.050163 ,    0.472291 ,    0.168232 ,    0.072002 ,    0.089316 ,    0.527551 ,    0.212552 ,    0.227464 ,    0.162952 ,    0.369332 ,    0.097926 ,    3.049633 ,    0.011036 ,    0.001275 ,    0.004726 ,    0.029746 ,    0.592539 ,    0.238753 ,    0.202399 ,    0.018346 ,    0.202985 ,    0.422113 ,    0.191423 ,    0.324495 ,    0.606226 ,    0.045314 ,    0.464587 ,    1.110440 ,    1.547520 ,    0.076265 ,    0.042357 ,    0.154431 ,    1.308122 ,    0.999089 ,    0.011263 ,    0.010408 ,    0.147005 ,    0.363263 ,    0.578038 ,    0.039647 ,    0.193756 ,    0.174088 ,    0.140177 ,    0.182781 ,    0.194894 ,    0.037109 ,    0.155903 ,    0.138367 ,    0.706858 ,    0.079222 ,    0.014677 ,    0.007696 ,    0.218309 ,    0.216186 ,    0.022794 ,    0.733977 ,    0.534457 ,    0.207853 ,    0.022683 ,     Not run ,     Not run ,    0.002164 ,    0.006298 ,    0.009816 
quartz,4, Base_OpenMP , default     ,    0.100183 ,    0.902350 ,    0.289844 ,    0.137287 ,    0.171154 ,    0.719120 ,    0.401416 ,    0.429237 ,    0.301614 ,    0.496586 ,    0.184292 ,    2.970951 ,    0.020661 ,    0.002213 ,    0.008908 ,    0.057150 ,    0.749320 ,    0.366483 ,    0.385921 ,    0.034888 ,    0.387937 ,    0.686991 ,    0.357966 ,    0.526001 ,    0.874669 ,    0.070198 ,    0.743742 ,    2.062198 ,    2.940158 ,    0.144335 ,    0.081718 ,    0.295824 ,    2.315370 ,    1.958957 ,    0.021417 ,    0.018087 ,    0.271510 ,    0.672927 ,    1.049037 ,    0.076893 ,    0.361919 ,    0.339548 ,    0.262616 ,    0.343603 ,    0.361880 ,    0.070376 ,    0.297359 ,    0.259528 ,    1.019494 ,    0.150071 ,    0.016013 ,    0.011819 ,    0.417213 ,    0.404949 ,    0.042575 ,    1.402907 ,    0.806777 ,    0.398051 ,    0.044296 ,     Not run ,     Not run ,    0.003920 ,    0.012172 ,    0.019231 
quartz,72, Base_OpenMP , default     ,    0.035023 ,    0.124880 ,    0.035451 ,    0.016898 ,    0.021789 ,    0.056410 ,    0.104760 ,    0.105003 ,    0.055720 ,    0.041993 ,    0.034902 ,    4.419144 ,    0.003561 ,    0.003269 ,    0.004144 ,    0.007667 ,    0.517526 ,    0.035690 ,    0.081488 ,    0.008593 ,    0.081895 ,    0.464641 ,    0.054889 ,    0.249871 ,    0.396838 ,    0.007428 ,    0.066288 ,    0.646159 ,    0.893639 ,    0.016019 ,    0.022008 ,    0.049420 ,    0.421726 ,    0.585950 ,    0.012169 ,    0.006389 ,    0.056201 ,    0.125277 ,    0.165229 ,    0.018228 ,    0.054079 ,    0.074255 ,    0.088315 ,    0.074096 ,    0.055209 ,    0.006997 ,    0.034068 ,    0.023557 ,    0.262071 ,    0.017878 ,    0.092186 ,    0.106427 ,    0.034551 ,    0.034661 ,    0.007051 ,    0.181267 ,    0.073643 ,    0.045051 ,    0.008888 ,     Not run ,     Not run ,    0.002460 ,    0.004184 ,    0.006001 
quartz,36, Base_OpenMP , default     ,    0.028922 ,    0.240085 ,    0.064351 ,    0.023631 ,    0.033316 ,    0.087786 ,    0.112953 ,    0.112517 ,    0.083573 ,    0.063774 ,    0.045787 ,    4.521175 ,    0.005698 ,    0.001620 ,    0.004794 ,    0.014074 ,    0.498900 ,    0.047388 ,    0.104343 ,    0.007470 ,    0.124886 ,    0.461030 ,    0.069852 ,    0.248301 ,    0.376090 ,    0.011603 ,    0.085919 ,    1.295962 ,    1.779641 ,    0.026828 ,    0.035607 ,    0.062522 ,    0.583009 ,    1.189173 ,    0.013928 ,    0.006643 ,    0.089106 ,    0.175718 ,    0.259815 ,    0.033275 ,    0.069913 ,    0.091568 ,    0.077486 ,    0.094706 ,    0.070033 ,    0.011288 ,    0.063609 ,    0.042624 ,    0.275929 ,    0.031521 ,    0.057959 ,    0.047391 ,    0.067178 ,    0.067263 ,    0.011317 ,    0.360632 ,    0.105571 ,    0.090531 ,    0.010520 ,     Not run ,     Not run ,    0.002478 ,    0.004613 ,    0.006750 
quartz,32, Base_OpenMP , default     ,    0.039926 ,    0.268880 ,    0.071695 ,    0.026970 ,    0.036113 ,    0.087851 ,    0.121293 ,    0.118356 ,    0.082605 ,    0.060539 ,    0.047756 ,    5.215260 ,    0.006187 ,    0.001543 ,    0.003859 ,    0.015422 ,    0.490559 ,    0.048248 ,    0.129886 ,    0.007042 ,    0.111750 ,    0.289173 ,    0.074330 ,    0.237705 ,    0.407239 ,    0.012456 ,    0.092451 ,    1.393731 ,    1.884875 ,    0.030189 ,    0.040536 ,    0.067281 ,    0.636357 ,    1.255613 ,    0.014449 ,    0.007006 ,    0.103199 ,    0.186552 ,    0.274583 ,    0.037348 ,    0.073882 ,    0.116171 ,    0.100143 ,    0.100745 ,    0.074137 ,    0.012253 ,    0.071389 ,    0.048298 ,    0.352180 ,    0.034675 ,    0.051405 ,    0.040228 ,    0.074492 ,    0.074494 ,    0.012196 ,    0.407990 ,    0.121942 ,    0.100005 ,    0.010905 ,     Not run ,     Not run ,    0.002407 ,    0.006150 ,    0.006883 
quartz,18, Base_OpenMP , default     ,    0.038031 ,    0.212599 ,    0.065494 ,    0.034077 ,    0.043160 ,    0.115577 ,    0.111830 ,    0.116270 ,    0.086232 ,    0.083821 ,    0.047424 ,    2.445288 ,    0.005477 ,    0.001604 ,    0.004497 ,    0.013798 ,    0.520792 ,    0.050684 ,    0.101637 ,    0.009834 ,    0.101554 ,    0.451895 ,    0.068744 ,    0.243189 ,    0.394258 ,    0.016177 ,    0.085940 ,    0.640725 ,    0.957107 ,    0.040701 ,    0.024932 ,    0.060166 ,    0.592960 ,    0.732134 ,    0.011614 ,    0.008775 ,    0.087351 ,    0.160362 ,    0.254134 ,    0.021490 ,    0.069343 ,    0.089446 ,    0.095707 ,    0.091512 ,    0.068907 ,    0.013587 ,    0.066512 ,    0.058729 ,    0.282182 ,    0.036912 ,    0.035717 ,    0.020154 ,    0.099224 ,    0.099299 ,    0.011358 ,    0.326096 ,    0.117677 ,    0.091041 ,    0.012280 ,     Not run ,     Not run ,    0.002421 ,    0.004439 ,    0.006879 
quartz,16, Base_OpenMP , default     ,    0.040360 ,    0.238291 ,    0.071030 ,    0.037789 ,    0.052704 ,    0.084202 ,    0.120526 ,    0.126092 ,    0.089813 ,    0.060630 ,    0.053941 ,    2.659801 ,    0.005917 ,    0.001600 ,    0.005063 ,    0.015248 ,    0.469233 ,    0.051555 ,    0.131323 ,    0.010655 ,    0.130302 ,    0.408828 ,    0.074485 ,    0.234730 ,    0.401498 ,    0.014787 ,    0.095849 ,    0.544672 ,    0.771721 ,    0.047228 ,    0.025582 ,    0.063713 ,    0.637105 ,    0.509547 ,    0.012435 ,    0.009948 ,    0.089247 ,    0.189732 ,    0.281171 ,    0.030543 ,    0.075178 ,    0.097508 ,    0.080579 ,    0.118992 ,    0.074276 ,    0.014377 ,    0.074312 ,    0.066388 ,    0.337394 ,    0.040816 ,    0.031848 ,    0.017356 ,    0.110075 ,    0.110498 ,    0.012254 ,    0.366178 ,    0.114675 ,    0.102243 ,    0.013412 ,     Not run ,     Not run ,    0.002475 ,    0.006174 ,    0.006989 
quartz,8, Base_OpenMP , default     ,    0.060519 ,    0.479002 ,    0.173457 ,    0.071931 ,    0.089039 ,    0.553124 ,    0.213100 ,    0.227681 ,    0.163090 ,    0.389875 ,    0.098237 ,    3.241997 ,    0.011017 ,    0.001301 ,    0.005070 ,    0.029761 ,    0.601389 ,    0.242798 ,    0.224582 ,    0.018372 ,    0.223992 ,    0.423712 ,    0.220771 ,    0.342840 ,    0.633354 ,    0.047071 ,    0.498074 ,    1.112910 ,    1.551188 ,    0.076305 ,    0.042369 ,    0.159111 ,    1.516339 ,    0.990773 ,    0.011298 ,    0.012445 ,    0.146728 ,    0.330300 ,    0.526118 ,    0.039920 ,    0.216225 ,    0.207897 ,    0.179071 ,    0.216165 ,    0.221451 ,    0.038509 ,    0.157136 ,    0.143741 ,    0.738030 ,    0.080210 ,    0.014449 ,    0.007696 ,    0.218453 ,    0.219166 ,    0.022747 ,    0.734493 ,    0.579326 ,    0.208031 ,    0.023834 ,     Not run ,     Not run ,    0.002186 ,    0.006368 ,    0.011392 
quartz,4, Base_OpenMP , default     ,    0.098446 ,    0.910035 ,    0.290121 ,    0.138846 ,    0.172305 ,    0.734792 ,    0.404387 ,    0.433590 ,    0.302690 ,    0.509972 ,    0.187238 ,    2.814378 ,    0.021080 ,    0.002305 ,    0.008670 ,    0.057644 ,    0.765636 ,    0.387124 ,    0.385176 ,    0.035034 ,    0.385063 ,    0.714259 ,    0.373328 ,    0.532749 ,    0.897667 ,    0.072299 ,    0.774928 ,    2.063314 ,    2.942291 ,    0.148230 ,    0.081851 ,    0.300410 ,    2.326580 ,    1.978870 ,    0.021442 ,    0.018068 ,    0.272900 ,    0.626030 ,    1.022274 ,    0.077138 ,    0.367338 ,    0.349919 ,    0.277105 ,    0.355379 ,    0.359806 ,    0.071500 ,    0.300958 ,    0.267988 ,    1.075478 ,    0.150397 ,    0.016128 ,    0.011708 ,    0.422468 ,    0.419498 ,    0.043252 ,    1.415208 ,    0.837793 ,    0.403211 ,    0.044437 ,     Not run ,     Not run ,    0.003961 ,    0.012517 ,    0.019248 
ruby,112, Base_OpenMP , default     ,    0.014232 ,    0.076750 ,    0.014657 ,    0.010147 ,    0.015762 ,    0.036165 ,    0.065979 ,    0.066157 ,    0.035248 ,    0.025150 ,    0.029023 ,    5.491189 ,    0.002453 ,    0.005993 ,    0.006872 ,    0.003346 ,    0.186806 ,    0.024750 ,    0.054469 ,    0.013227 ,    0.054443 ,    0.356591 ,    0.031215 ,    0.078267 ,    0.185365 ,    0.012035 ,    0.046315 ,    0.455156 ,    0.646208 ,    0.011562 ,    0.020100 ,    0.039044 ,    0.315973 ,    0.431412 ,    0.010590 ,    0.006301 ,    0.040670 ,    0.091197 ,    0.129794 ,    0.013416 ,    0.031877 ,    0.045659 ,    0.062766 ,    0.047040 ,    0.031199 ,    0.004652 ,    0.019971 ,    0.013540 ,    0.109383 ,    0.014772 ,    0.163045 ,    0.330553 ,    0.016290 ,    0.017882 ,    0.004770 ,    0.100727 ,    0.046417 ,    0.024831 ,    0.005389 ,     Not run ,     Not run ,    0.002021 ,    0.002839 ,    0.003167 
ruby,56, Base_OpenMP , default     ,    0.012314 ,    0.112004 ,    0.017033 ,    0.012642 ,    0.016709 ,    0.046299 ,    0.035283 ,    0.034822 ,    0.051192 ,    0.032399 ,    0.017786 ,    3.463504 ,    0.001893 ,    0.002186 ,    0.003040 ,    0.003594 ,    0.186608 ,    0.037676 ,    0.047722 ,    0.006119 ,    0.047829 ,    0.330514 ,    0.055291 ,    0.066929 ,    0.194569 ,    0.016468 ,    0.074078 ,    0.745083 ,    1.055781 ,    0.011911 ,    0.026861 ,    0.043562 ,    0.275409 ,    0.708320 ,    0.010518 ,    0.006383 ,    0.055861 ,    0.082281 ,    0.123345 ,    0.019642 ,    0.055408 ,    0.039742 ,    0.047922 ,    0.040982 ,    0.055809 ,    0.004716 ,    0.028418 ,    0.018733 ,    0.119672 ,    0.019709 ,    0.063727 ,    0.092031 ,    0.024136 ,    0.026041 ,    0.005406 ,    0.160057 ,    0.074033 ,    0.040645 ,    0.004883 ,     Not run ,     Not run ,    0.001136 ,    0.001625 ,    0.002761 
ruby,32, Base_OpenMP , default     ,    0.022939 ,    0.185858 ,    0.027172 ,    0.021085 ,    0.026517 ,    0.062902 ,    0.037381 ,    0.038055 ,    0.057537 ,    0.044670 ,    0.020707 ,    2.842360 ,    0.002436 ,    0.001250 ,    0.002702 ,    0.005283 ,    0.193844 ,    0.049318 ,    0.090263 ,    0.005585 ,    0.090308 ,    0.219565 ,    0.072725 ,    0.091613 ,    0.256854 ,    0.026634 ,    0.097670 ,    1.278591 ,    1.808597 ,    0.017582 ,    0.040400 ,    0.057632 ,    0.445880 ,    1.214700 ,    0.012001 ,    0.006242 ,    0.052382 ,    0.146771 ,    0.193267 ,    0.032364 ,    0.073547 ,    0.078663 ,    0.086723 ,    0.081275 ,    0.073430 ,    0.007641 ,    0.044352 ,    0.031975 ,    0.192551 ,    0.031960 ,    0.041485 ,    0.046928 ,    0.039651 ,    0.043867 ,    0.007935 ,    0.277293 ,    0.102919 ,    0.058875 ,    0.006959 ,     Not run ,     Not run ,    0.001063 ,    0.001689 ,    0.004776 
ruby,28, Base_OpenMP , default     ,    0.010187 ,    0.105900 ,    0.016593 ,    0.017899 ,    0.020978 ,    0.045546 ,    0.028114 ,    0.027765 ,    0.050767 ,    0.031876 ,    0.013577 ,    2.753116 ,    0.001785 ,    0.001102 ,    0.002072 ,    0.003354 ,    0.193976 ,    0.036505 ,    0.039638 ,    0.005738 ,    0.039521 ,    0.328121 ,    0.052563 ,    0.080580 ,    0.204733 ,    0.016982 ,    0.071752 ,    0.204213 ,    0.257326 ,    0.018273 ,    0.008779 ,    0.038835 ,    0.232984 ,    0.144800 ,    0.009092 ,    0.007297 ,    0.041588 ,    0.072294 ,    0.108855 ,    0.007309 ,    0.051788 ,    0.034204 ,    0.037378 ,    0.035404 ,    0.052299 ,    0.005435 ,    0.027504 ,    0.021024 ,    0.119186 ,    0.017346 ,    0.031972 ,    0.042325 ,    0.033897 ,    0.033604 ,    0.005328 ,    0.144243 ,    0.073185 ,    0.036579 ,    0.006278 ,     Not run ,     Not run ,    0.001052 ,    0.001287 ,    0.002466 
ruby,16, Base_OpenMP , default     ,    0.030616 ,    0.182687 ,    0.040893 ,    0.032605 ,    0.039203 ,    0.133780 ,    0.037889 ,    0.035461 ,    0.072482 ,    0.095235 ,    0.019617 ,    2.415942 ,    0.002281 ,    0.000812 ,    0.003209 ,    0.005465 ,    0.205474 ,    0.062536 ,    0.123371 ,    0.007341 ,    0.123266 ,    0.274548 ,    0.092257 ,    0.124192 ,    0.230874 ,    0.030547 ,    0.122918 ,    0.327521 ,    0.417871 ,    0.029441 ,    0.011291 ,    0.071030 ,    0.565368 ,    0.250673 ,    0.007432 ,    0.007527 ,    0.059993 ,    0.194164 ,    0.247699 ,    0.010956 ,    0.091734 ,    0.111433 ,    0.124944 ,    0.111578 ,    0.091790 ,    0.011643 ,    0.049017 ,    0.039993 ,    0.244387 ,    0.028810 ,    0.020042 ,    0.020822 ,    0.057740 ,    0.057630 ,    0.008252 ,    0.251344 ,    0.159348 ,    0.064102 ,    0.010877 ,     Not run ,     Not run ,    0.001152 ,    0.001389 ,    0.006406 
ruby,8, Base_OpenMP , default     ,    0.042387 ,    0.359440 ,    0.064408 ,    0.057259 ,    0.067619 ,    0.223481 ,    0.108831 ,    0.108855 ,    0.117456 ,    0.155947 ,    0.043557 ,    2.412300 ,    0.003775 ,    0.000880 ,    0.004473 ,    0.009396 ,    0.313217 ,    0.121400 ,    0.184389 ,    0.013871 ,    0.184771 ,    0.270483 ,    0.157425 ,    0.175148 ,    0.362116 ,    0.058426 ,    0.232603 ,    0.614420 ,    0.813017 ,    0.050952 ,    0.021349 ,    0.121611 ,    0.919925 ,    0.468005 ,    0.006155 ,    0.010710 ,    0.084396 ,    0.283165 ,    0.373261 ,    0.020674 ,    0.156489 ,    0.156370 ,    0.170605 ,    0.157489 ,    0.156278 ,    0.022488 ,    0.089708 ,    0.074230 ,    0.375243 ,    0.052636 ,    0.009927 ,    0.007658 ,    0.115009 ,    0.114549 ,    0.014997 ,    0.500749 ,    0.271473 ,    0.126689 ,    0.019039 ,     Not run ,     Not run ,    0.002105 ,    0.004319 ,    0.008794 
ruby,4, Base_OpenMP , default     ,    0.085609 ,    0.708069 ,    0.114738 ,    0.111323 ,    0.131024 ,    0.369289 ,    0.205813 ,    0.205580 ,    0.223916 ,    0.246886 ,    0.082115 ,    2.517983 ,    0.007304 ,    0.002160 ,    0.008958 ,    0.018407 ,    0.409241 ,    0.229148 ,    0.379922 ,    0.027341 ,    0.382802 ,    0.503129 ,    0.303086 ,    0.300502 ,    0.628448 ,    0.115786 ,    0.437910 ,    1.222601 ,    1.808345 ,    0.101346 ,    0.039531 ,    0.233728 ,    1.897009 ,    0.956751 ,    0.010847 ,    0.020899 ,    0.164995 ,    0.547594 ,    0.738268 ,    0.040483 ,    0.297645 ,    0.318746 ,    0.331362 ,    0.316992 ,    0.299029 ,    0.043512 ,    0.179051 ,    0.143712 ,    0.672289 ,    0.104243 ,    0.012512 ,    0.010562 ,    0.229453 ,    0.228800 ,    0.030171 ,    1.000632 ,    0.503714 ,    0.252287 ,    0.037668 ,     Not run ,     Not run ,    0.003904 ,    0.008117 ,    0.017398 
ruby,112, Base_OpenMP , default     ,    0.014313 ,    0.076875 ,    0.014976 ,    0.010012 ,    0.015887 ,    0.036253 ,    0.066035 ,    0.066378 ,    0.035231 ,    0.025479 ,    0.029256 ,    5.518602 ,    0.002438 ,    0.006021 ,    0.006586 ,    0.003350 ,    0.181393 ,    0.025135 ,    0.054940 ,    0.013367 ,    0.054742 ,    0.357627 ,    0.032720 ,    0.077454 ,    0.185039 ,    0.012128 ,    0.047304 ,    0.457314 ,    0.645053 ,    0.011624 ,    0.022350 ,    0.039615 ,    0.317877 ,    0.432350 ,    0.010608 ,    0.007211 ,    0.040668 ,    0.091665 ,    0.129870 ,    0.013317 ,    0.031355 ,    0.046301 ,    0.062872 ,    0.047754 ,    0.032082 ,    0.004673 ,    0.020566 ,    0.013991 ,    0.109635 ,    0.014858 ,    0.162207 ,    0.327502 ,    0.017178 ,    0.018969 ,    0.004787 ,    0.100675 ,    0.046281 ,    0.025502 ,    0.005451 ,     Not run ,     Not run ,    0.002014 ,    0.002855 ,    0.003209 
ruby,56, Base_OpenMP , default     ,    0.012871 ,    0.112150 ,    0.017416 ,    0.012642 ,    0.016671 ,    0.046067 ,    0.035341 ,    0.035325 ,    0.049252 ,    0.032419 ,    0.017760 ,    3.457211 ,    0.002029 ,    0.002204 ,    0.003064 ,    0.003756 ,    0.183567 ,    0.037601 ,    0.047530 ,    0.006082 ,    0.047538 ,    0.332169 ,    0.054826 ,    0.068180 ,    0.196821 ,    0.017100 ,    0.074453 ,    0.743396 ,    1.052854 ,    0.012113 ,    0.027541 ,    0.043383 ,    0.278311 ,    0.707853 ,    0.010098 ,    0.006514 ,    0.056171 ,    0.079999 ,    0.124251 ,    0.019567 ,    0.055552 ,    0.039471 ,    0.047536 ,    0.040993 ,    0.055487 ,    0.004782 ,    0.028638 ,    0.019007 ,    0.119456 ,    0.019680 ,    0.064375 ,    0.091372 ,    0.025246 ,    0.027393 ,    0.005384 ,    0.159985 ,    0.073791 ,    0.042355 ,    0.004868 ,     Not run ,     Not run ,    0.001148 ,    0.001636 ,    0.002933 
ruby,32, Base_OpenMP , default     ,    0.022905 ,    0.185705 ,    0.027363 ,    0.021153 ,    0.026540 ,    0.062382 ,    0.037485 ,    0.037455 ,    0.051850 ,    0.044033 ,    0.020363 ,    2.794601 ,    0.002389 ,    0.001307 ,    0.002725 ,    0.005299 ,    0.192194 ,    0.049499 ,    0.090520 ,    0.005670 ,    0.090561 ,    0.222351 ,    0.073599 ,    0.094747 ,    0.256278 ,    0.027492 ,    0.097988 ,    1.281338 ,    1.814061 ,    0.017529 ,    0.040219 ,    0.057829 ,    0.446204 ,    1.218966 ,    0.011904 ,    0.008601 ,    0.051236 ,    0.146387 ,    0.193037 ,    0.032233 ,    0.073343 ,    0.078883 ,    0.086730 ,    0.081463 ,    0.073484 ,    0.007545 ,    0.046668 ,    0.032027 ,    0.191384 ,    0.031915 ,    0.041512 ,    0.046761 ,    0.040070 ,    0.043864 ,    0.007989 ,    0.277377 ,    0.102399 ,    0.060636 ,    0.006954 ,     Not run ,     Not run ,    0.001069 ,    0.001702 ,    0.004802 
ruby,28, Base_OpenMP , default     ,    0.010504 ,    0.106078 ,    0.016662 ,    0.017827 ,    0.020929 ,    0.045609 ,    0.028283 ,    0.027710 ,    0.050725 ,    0.031990 ,    0.013709 ,    2.842926 ,    0.001714 ,    0.001177 ,    0.002048 ,    0.003463 ,    0.189809 ,    0.036549 ,    0.039967 ,    0.005731 ,    0.039712 ,    0.328937 ,    0.053005 ,    0.080632 ,    0.205403 ,    0.018076 ,    0.071652 ,    0.205666 ,    0.261601 ,    0.018202 ,    0.016430 ,    0.039443 ,    0.235834 ,    0.159818 ,    0.009818 ,    0.005490 ,    0.041620 ,    0.074226 ,    0.111975 ,    0.007320 ,    0.052510 ,    0.035276 ,    0.037909 ,    0.034916 ,    0.053079 ,    0.005480 ,    0.028970 ,    0.021495 ,    0.118529 ,    0.017451 ,    0.032226 ,    0.040608 ,    0.033738 ,    0.033215 ,    0.005390 ,    0.144452 ,    0.073632 ,    0.037911 ,    0.006265 ,     Not run ,     Not run ,    0.001043 ,    0.001292 ,    0.002488 
ruby,16, Base_OpenMP , default     ,    0.030894 ,    0.182624 ,    0.040094 ,    0.032645 ,    0.039457 ,    0.134856 ,    0.036466 ,    0.034355 ,    0.072199 ,    0.095969 ,    0.020489 ,    2.494726 ,    0.002497 ,    0.000764 ,    0.003253 ,    0.005486 ,    0.201992 ,    0.062291 ,    0.124368 ,    0.007354 ,    0.124209 ,    0.273079 ,    0.090470 ,    0.124971 ,    0.229855 ,    0.031660 ,    0.121758 ,    0.347847 ,    0.431743 ,    0.029497 ,    0.013995 ,    0.070593 ,    0.598045 ,    0.279233 ,    0.007674 ,    0.007535 ,    0.059886 ,    0.197744 ,    0.248785 ,    0.010811 ,    0.090355 ,    0.112264 ,    0.124916 ,    0.111320 ,    0.090678 ,    0.011541 ,    0.052743 ,    0.039624 ,    0.241745 ,    0.028848 ,    0.019713 ,    0.020646 ,    0.058128 ,    0.057446 ,    0.008384 ,    0.251030 ,    0.156086 ,    0.066940 ,    0.010878 ,     Not run ,     Not run ,    0.001151 ,    0.001437 ,    0.006388 
ruby,8, Base_OpenMP , default     ,    0.044901 ,    0.359374 ,    0.063782 ,    0.057600 ,    0.067718 ,    0.219545 ,    0.108778 ,    0.108773 ,    0.117688 ,    0.150809 ,    0.043884 ,    2.273061 ,    0.003770 ,    0.000790 ,    0.004551 ,    0.009453 ,    0.306723 ,    0.121810 ,    0.188021 ,    0.013865 ,    0.188982 ,    0.267323 ,    0.157062 ,    0.173736 ,    0.358880 ,    0.058446 ,    0.233621 ,    0.633508 ,    0.813473 ,    0.050892 ,    0.021219 ,    0.121446 ,    1.002084 ,    0.466055 ,    0.006140 ,    0.010984 ,    0.084127 ,    0.288174 ,    0.374220 ,    0.020652 ,    0.156352 ,    0.164336 ,    0.177083 ,    0.166785 ,    0.154246 ,    0.022333 ,    0.090262 ,    0.072920 ,    0.373377 ,    0.052597 ,    0.009903 ,    0.007665 ,    0.115045 ,    0.114580 ,    0.015000 ,    0.500295 ,    0.265570 ,    0.126859 ,    0.019261 ,     Not run ,     Not run ,    0.002103 ,    0.004311 ,    0.009217 
ruby,4, Base_OpenMP , default     ,    0.083027 ,    0.708135 ,    0.113795 ,    0.111053 ,    0.130725 ,    0.367413 ,    0.205650 ,    0.205670 ,    0.224417 ,    0.246075 ,    0.082248 ,    2.559090 ,    0.007322 ,    0.002222 ,    0.008828 ,    0.018375 ,    0.403711 ,    0.227413 ,    0.347212 ,    0.027333 ,    0.349009 ,    0.501108 ,    0.298316 ,    0.300828 ,    0.624774 ,    0.115642 ,    0.433331 ,    1.222648 ,    1.780163 ,    0.101263 ,    0.040035 ,    0.235484 ,    1.887376 ,    0.958146 ,    0.010858 ,    0.020862 ,    0.166914 ,    0.563245 ,    0.739571 ,    0.039946 ,    0.296152 ,    0.316541 ,    0.330158 ,    0.315285 ,    0.290420 ,    0.042503 ,    0.178012 ,    0.140164 ,    0.668801 ,    0.104285 ,    0.012514 ,    0.010443 ,    0.229501 ,    0.228789 ,    0.030315 ,    1.000700 ,    0.506953 ,    0.251117 ,    0.037899 ,     Not run ,     Not run ,    0.003905 ,    0.008104 ,    0.017852 
ruby,112, Base_OpenMP , default     ,    0.014177 ,    0.076638 ,    0.015199 ,    0.009996 ,    0.015722 ,    0.036961 ,    0.066308 ,    0.066174 ,    0.039168 ,    0.025475 ,    0.029077 ,    5.575004 ,    0.002511 ,    0.006470 ,    0.006939 ,    0.003378 ,    0.185789 ,    0.024823 ,    0.053575 ,    0.013888 ,    0.054202 ,    0.358038 ,    0.031680 ,    0.077728 ,    0.185701 ,    0.011977 ,    0.046569 ,    0.454969 ,    0.646644 ,    0.011501 ,    0.022313 ,    0.039332 ,    0.316209 ,    0.431519 ,    0.010609 ,    0.006978 ,    0.040045 ,    0.091032 ,    0.130837 ,    0.013369 ,    0.031243 ,    0.045308 ,    0.063253 ,    0.046852 ,    0.031641 ,    0.004624 ,    0.019335 ,    0.013540 ,    0.109739 ,    0.014778 ,    0.162381 ,    0.331258 ,    0.016399 ,    0.018192 ,    0.004713 ,    0.100745 ,    0.047409 ,    0.024495 ,    0.005427 ,     Not run ,     Not run ,    0.001989 ,    0.002843 ,    0.003178 
ruby,56, Base_OpenMP , default     ,    0.012670 ,    0.112052 ,    0.017421 ,    0.012578 ,    0.016647 ,    0.046749 ,    0.035366 ,    0.035007 ,    0.051016 ,    0.032661 ,    0.017705 ,    3.540721 ,    0.002106 ,    0.002232 ,    0.003133 ,    0.003579 ,    0.185106 ,    0.037723 ,    0.047741 ,    0.006022 ,    0.047698 ,    0.332248 ,    0.054633 ,    0.066429 ,    0.195575 ,    0.016214 ,    0.074437 ,    0.738319 ,    1.049057 ,    0.011905 ,    0.025266 ,    0.043303 ,    0.274827 ,    0.700949 ,    0.009835 ,    0.004362 ,    0.055927 ,    0.081495 ,    0.124631 ,    0.019699 ,    0.055243 ,    0.039467 ,    0.047828 ,    0.041093 ,    0.055723 ,    0.004770 ,    0.027487 ,    0.018670 ,    0.118387 ,    0.019960 ,    0.064639 ,    0.094436 ,    0.023644 ,    0.025676 ,    0.005412 ,    0.159915 ,    0.073950 ,    0.040406 ,    0.004866 ,     Not run ,     Not run ,    0.001182 ,    0.001627 ,    0.002803 
ruby,32, Base_OpenMP , default     ,    0.022911 ,    0.186298 ,    0.027393 ,    0.021117 ,    0.026485 ,    0.062383 ,    0.039635 ,    0.039014 ,    0.056959 ,    0.044089 ,    0.020509 ,    2.912796 ,    0.002400 ,    0.001310 ,    0.002706 ,    0.005280 ,    0.195298 ,    0.049425 ,    0.090238 ,    0.005627 ,    0.090370 ,    0.220627 ,    0.073673 ,    0.091164 ,    0.255726 ,    0.026214 ,    0.097990 ,    1.278232 ,    1.806641 ,    0.017642 ,    0.041778 ,    0.058000 ,    0.446053 ,    1.212557 ,    0.013127 ,    0.008674 ,    0.052190 ,    0.148201 ,    0.193334 ,    0.032361 ,    0.073434 ,    0.078593 ,    0.086539 ,    0.081335 ,    0.073156 ,    0.007573 ,    0.044145 ,    0.032019 ,    0.189933 ,    0.031775 ,    0.041332 ,    0.042453 ,    0.039881 ,    0.043580 ,    0.008028 ,    0.277355 ,    0.102140 ,    0.058966 ,    0.006941 ,     Not run ,     Not run ,    0.001062 ,    0.001759 ,    0.004772 
ruby,28, Base_OpenMP , default     ,    0.010200 ,    0.105884 ,    0.016597 ,    0.017825 ,    0.020937 ,    0.045200 ,    0.028308 ,    0.027775 ,    0.050931 ,    0.031598 ,    0.013587 ,    2.702781 ,    0.001571 ,    0.001198 ,    0.002066 ,    0.003478 ,    0.193060 ,    0.036575 ,    0.039359 ,    0.005745 ,    0.039544 ,    0.329218 ,    0.052015 ,    0.080069 ,    0.204626 ,    0.016737 ,    0.072006 ,    0.204162 ,    0.257029 ,    0.018119 ,    0.016593 ,    0.038920 ,    0.233229 ,    0.158520 ,    0.009744 ,    0.009607 ,    0.040577 ,    0.071455 ,    0.111373 ,    0.007331 ,    0.052553 ,    0.034937 ,    0.036774 ,    0.034857 ,    0.053637 ,    0.005491 ,    0.028609 ,    0.021187 ,    0.118265 ,    0.017403 ,    0.032331 ,    0.041163 ,    0.033953 ,    0.033677 ,    0.005422 ,    0.144326 ,    0.073078 ,    0.040239 ,    0.006276 ,     Not run ,     Not run ,    0.001050 ,    0.001326 ,    0.002495 
ruby,16, Base_OpenMP , default     ,    0.030978 ,    0.182675 ,    0.040634 ,    0.032478 ,    0.039157 ,    0.135681 ,    0.036915 ,    0.034093 ,    0.072204 ,    0.093866 ,    0.018729 ,    2.364397 ,    0.002278 ,    0.000718 ,    0.003223 ,    0.005246 ,    0.202171 ,    0.062011 ,    0.123818 ,    0.007557 ,    0.123384 ,    0.273248 ,    0.092375 ,    0.122653 ,    0.229053 ,    0.030655 ,    0.121775 ,    0.326117 ,    0.417550 ,    0.030171 ,    0.011825 ,    0.071006 ,    0.564660 ,    0.271368 ,    0.007605 ,    0.007529 ,    0.059833 ,    0.198995 ,    0.247423 ,    0.010884 ,    0.090783 ,    0.112844 ,    0.124935 ,    0.111578 ,    0.090818 ,    0.011522 ,    0.051742 ,    0.040444 ,    0.239284 ,    0.028944 ,    0.019714 ,    0.020912 ,    0.058189 ,    0.058206 ,    0.008535 ,    0.251248 ,    0.152351 ,    0.070446 ,    0.010869 ,     Not run ,     Not run ,    0.001159 ,    0.001517 ,    0.006375 
ruby,8, Base_OpenMP , default     ,    0.044756 ,    0.360533 ,    0.063532 ,    0.057469 ,    0.067802 ,    0.221305 ,    0.108871 ,    0.108857 ,    0.119877 ,    0.153335 ,    0.044079 ,    2.355898 ,    0.003777 ,    0.000897 ,    0.004524 ,    0.009345 ,    0.304742 ,    0.120292 ,    0.177988 ,    0.013870 ,    0.178201 ,    0.264656 ,    0.155938 ,    0.176852 ,    0.357611 ,    0.058453 ,    0.231054 ,    0.636758 ,    0.813222 ,    0.050981 ,    0.021334 ,    0.120224 ,    0.937743 ,    0.512210 ,    0.006148 ,    0.010938 ,    0.087110 ,    0.291829 ,    0.376915 ,    0.020676 ,    0.155345 ,    0.165273 ,    0.175520 ,    0.162933 ,    0.153975 ,    0.022458 ,    0.096762 ,    0.073078 ,    0.368716 ,    0.052647 ,    0.010076 ,    0.007693 ,    0.115957 ,    0.115666 ,    0.015296 ,    0.500515 ,    0.264306 ,    0.139798 ,    0.019192 ,     Not run ,     Not run ,    0.002107 ,    0.004323 ,    0.008975 
ruby,4, Base_OpenMP , default     ,    0.085087 ,    0.708454 ,    0.114265 ,    0.110679 ,    0.130499 ,    0.366038 ,    0.206323 ,    0.206065 ,    0.227399 ,    0.245293 ,    0.082805 ,    2.375244 ,    0.007320 ,    0.002143 ,    0.008704 ,    0.018329 ,    0.410994 ,    0.224165 ,    0.351499 ,    0.027346 ,    0.354680 ,    0.494961 ,    0.291172 ,    0.311789 ,    0.619048 ,    0.116057 ,    0.431423 ,    1.265479 ,    1.776572 ,    0.101190 ,    0.039814 ,    0.229457 ,    1.901983 ,    1.044722 ,    0.010959 ,    0.020750 ,    0.168051 ,    0.556368 ,    0.755565 ,    0.039977 ,    0.290493 ,    0.318756 ,    0.329910 ,    0.311627 ,    0.292511 ,    0.041746 ,    0.192076 ,    0.143243 ,    0.660460 ,    0.104567 ,    0.012686 ,    0.010488 ,    0.231438 ,    0.231103 ,    0.030816 ,    1.000814 ,    0.492271 ,    0.277823 ,    0.037815 ,     Not run ,     Not run ,    0.003906 ,    0.008112 ,    0.018101 
mammoth,256, Base_OpenMP , default     ,    0.029873 ,    0.038775 ,    0.013287 ,    0.009943 ,    0.022240 ,    0.032485 ,    0.129768 ,    0.127397 ,    0.038993 ,    0.023503 ,    0.051388 ,    3.187987 ,    0.003381 ,    0.006349 ,    0.007024 ,    0.004926 ,    0.021040 ,    0.032561 ,    0.117880 ,    0.013715 ,    0.114801 ,    0.250149 ,    0.055512 ,    0.021524 ,    0.037031 ,    0.005090 ,    0.059361 ,    0.104695 ,    0.138541 ,    0.015431 ,    0.017075 ,    0.082400 ,    0.742885 ,    0.085543 ,    0.014780 ,    0.007857 ,    0.109189 ,    0.223418 ,    0.309988 ,    0.009455 ,    0.056077 ,    0.097667 ,    0.112133 ,    0.099054 ,    0.056179 ,    0.009674 ,    0.015451 ,    0.016725 ,    0.023742 ,    0.016613 ,    0.295918 ,    0.181837 ,    0.012557 ,    0.013371 ,    0.009366 ,    0.040021 ,    0.044808 ,    0.022431 ,    0.008516 ,     Not run ,     Not run ,    0.004188 ,    0.006362 ,    0.007007 
mammoth,128, Base_OpenMP , default     ,    0.019143 ,    0.037908 ,    0.012137 ,    0.009251 ,    0.017517 ,    0.023414 ,    0.102882 ,    0.084165 ,    0.030923 ,    0.017732 ,    0.034827 ,    3.042841 ,    0.002989 ,    0.003886 ,    0.004582 ,    0.005052 ,    0.021939 ,    0.024757 ,    0.071007 ,    0.008946 ,    0.070872 ,    0.227543 ,    0.037615 ,    0.021646 ,    0.027335 ,    0.004870 ,    0.042907 ,    0.156183 ,    0.214511 ,    0.010246 ,    0.013556 ,    0.056226 ,    0.438669 ,    0.129496 ,    0.012572 ,    0.005710 ,    0.101825 ,    0.112818 ,    0.178247 ,    0.009353 ,    0.037853 ,    0.061551 ,    0.067765 ,    0.062420 ,    0.038568 ,    0.007897 ,    0.015908 ,    0.014620 ,    0.025922 ,    0.015164 ,    0.160396 ,    0.074098 ,    0.014322 ,    0.014278 ,    0.007826 ,    0.065452 ,    0.032746 ,    0.025307 ,    0.006538 ,     Not run ,     Not run ,    0.003101 ,    0.004839 ,    0.005214 
mammoth,64, Base_OpenMP , default     ,    0.009603 ,    0.048772 ,    0.007874 ,    0.010391 ,    0.014217 ,    0.014084 ,    0.052328 ,    0.040773 ,    0.038005 ,    0.011276 ,    0.017814 ,    2.294141 ,    0.002270 ,    0.001867 ,    0.003924 ,    0.003961 ,    0.017673 ,    0.015350 ,    0.033303 ,    0.004975 ,    0.034249 ,    0.231451 ,    0.021338 ,    0.017125 ,    0.019076 ,    0.003722 ,    0.024577 ,    0.124453 ,    0.167514 ,    0.010695 ,    0.007077 ,    0.032518 ,    0.213061 ,    0.102575 ,    0.010629 ,    0.003352 ,    0.047540 ,    0.051331 ,    0.083543 ,    0.004641 ,    0.022653 ,    0.029070 ,    0.034693 ,    0.030528 ,    0.022645 ,    0.004905 ,    0.012384 ,    0.010103 ,    0.020297 ,    0.010023 ,    0.076212 ,    0.043917 ,    0.016084 ,    0.015774 ,    0.004926 ,    0.067836 ,    0.020265 ,    0.019359 ,    0.005219 ,     Not run ,     Not run ,    0.001840 ,    0.002843 ,    0.003289 
mammoth,32, Base_OpenMP , default     ,    0.010748 ,    0.087686 ,    0.011584 ,    0.017005 ,    0.021040 ,    0.015551 ,    0.060911 ,    0.037947 ,    0.045449 ,    0.013065 ,    0.018781 ,    2.190953 ,    0.002743 ,    0.001360 ,    0.003789 ,    0.006948 ,    0.029677 ,    0.019531 ,    0.037301 ,    0.004620 ,    0.037644 ,    0.189157 ,    0.023049 ,    0.030853 ,    0.025226 ,    0.004752 ,    0.026059 ,    0.203257 ,    0.302317 ,    0.017842 ,    0.006451 ,    0.035737 ,    0.180030 ,    0.144668 ,    0.007326 ,    0.003385 ,    0.042973 ,    0.055495 ,    0.091104 ,    0.005729 ,    0.021928 ,    0.044073 ,    0.036999 ,    0.038589 ,    0.021593 ,    0.006619 ,    0.022575 ,    0.017784 ,    0.041182 ,    0.012790 ,    0.036746 ,    0.020092 ,    0.029761 ,    0.029062 ,    0.006237 ,    0.132466 ,    0.027622 ,    0.034604 ,    0.005570 ,     Not run ,     Not run ,    0.001671 ,    0.001800 ,    0.003436 
mammoth,16, Base_OpenMP , default     ,    0.011132 ,    0.169981 ,    0.020620 ,    0.032547 ,    0.038864 ,    0.021612 ,    0.104580 ,    0.058317 ,    0.072827 ,    0.016615 ,    0.029721 ,    2.170767 ,    0.005092 ,    0.001407 ,    0.003489 ,    0.013519 ,    0.184781 ,    0.023703 ,    0.045478 ,    0.005862 ,    0.039190 ,    0.206035 ,    0.028175 ,    0.079445 ,    0.225729 ,    0.008122 ,    0.032911 ,    0.366104 ,    0.495088 ,    0.029742 ,    0.008539 ,    0.027583 ,    0.221657 ,    0.279463 ,    0.008962 ,    0.004756 ,    0.042726 ,    0.066913 ,    0.122690 ,    0.008974 ,    0.024817 ,    0.050174 ,    0.039538 ,    0.034231 ,    0.024979 ,    0.009047 ,    0.042976 ,    0.033111 ,    0.203161 ,    0.020266 ,    0.023039 ,    0.009421 ,    0.056901 ,    0.056605 ,    0.009138 ,    0.263287 ,    0.035087 ,    0.063186 ,    0.008756 ,     Not run ,     Not run ,    0.001861 ,    0.002765 ,    0.003996 
mammoth,8, Base_OpenMP , default     ,    0.017077 ,    0.336454 ,    0.069653 ,    0.063546 ,    0.076287 ,    0.209690 ,    0.198470 ,    0.104485 ,    0.135320 ,    0.148113 ,    0.052938 ,    2.138141 ,    0.010043 ,    0.003342 ,    0.004278 ,    0.027223 ,    0.361906 ,    0.065928 ,    0.064900 ,    0.009735 ,    0.061596 ,    0.627430 ,    0.051729 ,    0.219654 ,    0.503486 ,    0.020498 ,    0.119482 ,    0.755612 ,    1.012442 ,    0.057362 ,    0.013989 ,    0.048727 ,    0.383686 ,    0.537749 ,    0.012115 ,    0.007436 ,    0.069497 ,    0.118075 ,    0.218865 ,    0.016583 ,    0.052964 ,    0.055585 ,    0.066184 ,    0.055820 ,    0.056183 ,    0.020437 ,    0.087722 ,    0.091258 ,    0.541082 ,    0.038676 ,    0.016158 ,    0.012133 ,    0.113431 ,    0.113047 ,    0.016563 ,    0.524897 ,    0.220896 ,    0.126721 ,    0.015573 ,     Not run ,     Not run ,    0.002418 ,    0.003520 ,    0.005253 
mammoth,4, Base_OpenMP , default     ,    0.059043 ,    0.681189 ,    0.212701 ,    0.129364 ,    0.155731 ,    0.642841 ,    0.391887 ,    0.205387 ,    0.267142 ,    0.449055 ,    0.102097 ,    2.051271 ,    0.019961 ,    0.002025 ,    0.008564 ,    0.053178 ,    0.691072 ,    0.437779 ,    0.243332 ,    0.018274 ,    0.241962 ,    1.351982 ,    0.564790 ,    0.412813 ,    0.925938 ,    0.059289 ,    0.869744 ,    1.070847 ,    1.523004 ,    0.115499 ,    0.029570 ,    0.379920 ,    1.554715 ,    0.993346 ,    0.016058 ,    0.015845 ,    0.143390 ,    0.320690 ,    0.568077 ,    0.037490 ,    0.550594 ,    0.382491 ,    0.388355 ,    0.362924 ,    0.562525 ,    0.056453 ,    0.176489 ,    0.183009 ,    1.048181 ,    0.077362 ,    0.014548 ,    0.014564 ,    0.229054 ,    0.227911 ,    0.033318 ,    1.062121 ,    0.878661 ,    0.255503 ,    0.032230 ,     Not run ,     Not run ,    0.003551 ,    0.004470 ,    0.012056 
mammoth,256, Base_OpenMP , default     ,    0.029344 ,    0.037429 ,    0.013396 ,    0.010026 ,    0.022548 ,    0.041015 ,    0.135935 ,    0.131112 ,    0.035757 ,    0.023671 ,    0.061154 ,    3.201130 ,    0.003531 ,    0.006556 ,    0.007267 ,    0.004987 ,    0.021008 ,    0.032115 ,    0.112736 ,    0.013551 ,    0.111637 ,    0.232166 ,    0.055595 ,    0.021861 ,    0.037370 ,    0.005079 ,    0.058904 ,    0.106282 ,    0.140605 ,    0.014335 ,    0.017062 ,    0.082231 ,    0.740373 ,    0.085518 ,    0.014838 ,    0.007841 ,    0.108747 ,    0.189691 ,    0.270722 ,    0.009385 ,    0.055617 ,    0.098525 ,    0.113231 ,    0.099981 ,    0.055962 ,    0.010105 ,    0.015240 ,    0.016192 ,    0.023586 ,    0.016960 ,    0.308490 ,    0.179788 ,    0.012752 ,    0.013347 ,    0.009305 ,    0.039859 ,    0.044773 ,    0.022873 ,    0.008514 ,     Not run ,     Not run ,    0.004152 ,    0.006298 ,    0.007105 
mammoth,128, Base_OpenMP , default     ,    0.019162 ,    0.037840 ,    0.011632 ,    0.009304 ,    0.017738 ,    0.023438 ,    0.104040 ,    0.084346 ,    0.030984 ,    0.017697 ,    0.034586 ,    2.974047 ,    0.003277 ,    0.003778 ,    0.005281 ,    0.005331 ,    0.021528 ,    0.024641 ,    0.070064 ,    0.008955 ,    0.070494 ,    0.229879 ,    0.037581 ,    0.021620 ,    0.027124 ,    0.004826 ,    0.042339 ,    0.163481 ,    0.217375 ,    0.010091 ,    0.013677 ,    0.058932 ,    0.436388 ,    0.132355 ,    0.012721 ,    0.005773 ,    0.101253 ,    0.112432 ,    0.174648 ,    0.009033 ,    0.038039 ,    0.061547 ,    0.067691 ,    0.063381 ,    0.038811 ,    0.007886 ,    0.014886 ,    0.014123 ,    0.025801 ,    0.015915 ,    0.165235 ,    0.072184 ,    0.014321 ,    0.014739 ,    0.007639 ,    0.066511 ,    0.032882 ,    0.025766 ,    0.006488 ,     Not run ,     Not run ,    0.003286 ,    0.005070 ,    0.005243 
mammoth,64, Base_OpenMP , default     ,    0.009685 ,    0.048742 ,    0.007851 ,    0.010333 ,    0.014046 ,    0.014133 ,    0.051565 ,    0.040171 ,    0.037981 ,    0.011004 ,    0.017689 ,    2.182206 ,    0.002027 ,    0.001896 ,    0.003236 ,    0.004236 ,    0.017734 ,    0.015400 ,    0.033860 ,    0.005374 ,    0.033453 ,    0.221284 ,    0.022252 ,    0.017212 ,    0.018986 ,    0.003742 ,    0.024168 ,    0.119543 ,    0.165964 ,    0.010619 ,    0.007228 ,    0.032404 ,    0.201657 ,    0.097998 ,    0.011099 ,    0.003412 ,    0.051867 ,    0.052121 ,    0.086145 ,    0.004554 ,    0.020647 ,    0.031445 ,    0.034622 ,    0.030155 ,    0.022124 ,    0.005156 ,    0.012241 ,    0.009934 ,    0.020190 ,    0.009548 ,    0.074693 ,    0.041053 ,    0.016220 ,    0.015920 ,    0.005051 ,    0.067583 ,    0.020468 ,    0.019750 ,    0.005216 ,     Not run ,     Not run ,    0.001834 ,    0.002819 ,    0.002709 
mammoth,32, Base_OpenMP , default     ,    0.011018 ,    0.087770 ,    0.011641 ,    0.017043 ,    0.020596 ,    0.015788 ,    0.061102 ,    0.037963 ,    0.044236 ,    0.013144 ,    0.019105 ,    2.123053 ,    0.002781 ,    0.001363 ,    0.003626 ,    0.007399 ,    0.029813 ,    0.019410 ,    0.037393 ,    0.004615 ,    0.037787 ,    0.199337 ,    0.023123 ,    0.030972 ,    0.025231 ,    0.004607 ,    0.026101 ,    0.194819 ,    0.291383 ,    0.017114 ,    0.006626 ,    0.027297 ,    0.181294 ,    0.163952 ,    0.007409 ,    0.003514 ,    0.043751 ,    0.053379 ,    0.091567 ,    0.005450 ,    0.021111 ,    0.041138 ,    0.037604 ,    0.043487 ,    0.021362 ,    0.006404 ,    0.022595 ,    0.017282 ,    0.040424 ,    0.012999 ,    0.036967 ,    0.020344 ,    0.029710 ,    0.029045 ,    0.006328 ,    0.132480 ,    0.027723 ,    0.034553 ,    0.005359 ,     Not run ,     Not run ,    0.001487 ,    0.001627 ,    0.003654 
mammoth,16, Base_OpenMP , default     ,    0.012957 ,    0.170044 ,    0.020694 ,    0.032566 ,    0.039276 ,    0.021680 ,    0.105083 ,    0.058306 ,    0.075314 ,    0.016499 ,    0.030653 ,    2.072910 ,    0.005132 ,    0.001442 ,    0.003755 ,    0.013618 ,    0.183584 ,    0.023093 ,    0.038814 ,    0.005874 ,    0.039390 ,    0.205938 ,    0.026876 ,    0.079586 ,    0.226002 ,    0.008040 ,    0.032358 ,    0.374857 ,    0.568049 ,    0.029887 ,    0.008550 ,    0.027911 ,    0.221803 ,    0.340405 ,    0.009007 ,    0.004928 ,    0.042168 ,    0.067051 ,    0.123060 ,    0.009165 ,    0.024696 ,    0.038382 ,    0.039521 ,    0.034380 ,    0.024983 ,    0.009108 ,    0.043044 ,    0.033613 ,    0.203123 ,    0.020492 ,    0.023233 ,    0.009435 ,    0.056916 ,    0.056659 ,    0.009311 ,    0.263256 ,    0.035811 ,    0.062954 ,    0.008697 ,     Not run ,     Not run ,    0.001831 ,    0.002731 ,    0.003849 
mammoth,8, Base_OpenMP , default     ,    0.017820 ,    0.336518 ,    0.070744 ,    0.063328 ,    0.076242 ,    0.204496 ,    0.198093 ,    0.105114 ,    0.149015 ,    0.147224 ,    0.054412 ,    1.961601 ,    0.010461 ,    0.003202 ,    0.004333 ,    0.027162 ,    0.362535 ,    0.063189 ,    0.064462 ,    0.009713 ,    0.061358 ,    0.628737 ,    0.049751 ,    0.220316 ,    0.505311 ,    0.020426 ,    0.127799 ,    0.799032 ,    1.062338 ,    0.057305 ,    0.014335 ,    0.050534 ,    0.381008 ,    0.670142 ,    0.012252 ,    0.007500 ,    0.068933 ,    0.117018 ,    0.219025 ,    0.016626 ,    0.059004 ,    0.055562 ,    0.066399 ,    0.056008 ,    0.055450 ,    0.020762 ,    0.087946 ,    0.091410 ,    0.542234 ,    0.038458 ,    0.015757 ,    0.012069 ,    0.113461 ,    0.112882 ,    0.016669 ,    0.525212 ,    0.226688 ,    0.126882 ,    0.015544 ,     Not run ,     Not run ,    0.002356 ,    0.002821 ,    0.005223 
mammoth,4, Base_OpenMP , default     ,    0.067018 ,    0.682512 ,    0.212202 ,    0.129712 ,    0.156755 ,    0.641306 ,    0.395002 ,    0.206106 ,    0.281552 ,    0.448637 ,    0.104069 ,    2.035107 ,    0.019997 ,    0.002029 ,    0.008863 ,    0.053184 ,    0.691210 ,    0.432597 ,    0.295712 ,    0.018452 ,    0.294814 ,    1.336943 ,    0.540010 ,    0.413641 ,    0.925571 ,    0.059230 ,    0.862471 ,    1.522510 ,    2.129680 ,    0.115272 ,    0.030906 ,    0.372721 ,    1.956634 ,    1.317519 ,    0.015872 ,    0.018600 ,    0.141979 ,    0.433778 ,    0.566120 ,    0.042755 ,    0.549475 ,    0.308278 ,    0.308862 ,    0.305359 ,    0.537773 ,    0.056974 ,    0.175788 ,    0.182889 ,    1.047997 ,    0.078850 ,    0.014840 ,    0.013862 ,    0.228990 ,    0.228041 ,    0.033140 ,    1.064266 ,    0.877809 ,    0.256301 ,    0.034046 ,     Not run ,     Not run ,    0.003681 ,    0.004560 ,    0.015825 
mammoth,256, Base_OpenMP , default     ,    0.029358 ,    0.038506 ,    0.013275 ,    0.009764 ,    0.022531 ,    0.032912 ,    0.131906 ,    0.128977 ,    0.035565 ,    0.023346 ,    0.052823 ,    3.221274 ,    0.003395 ,    0.006436 ,    0.007070 ,    0.004992 ,    0.021004 ,    0.032838 ,    0.113567 ,    0.013523 ,    0.113445 ,    0.235740 ,    0.055864 ,    0.020981 ,    0.037393 ,    0.005129 ,    0.058969 ,    0.105875 ,    0.139938 ,    0.014579 ,    0.016901 ,    0.107314 ,    0.739015 ,    0.086856 ,    0.014810 ,    0.007983 ,    0.109499 ,    0.186558 ,    0.271308 ,    0.010001 ,    0.055024 ,    0.098378 ,    0.113323 ,    0.099363 ,    0.055333 ,    0.010117 ,    0.015725 ,    0.016244 ,    0.029695 ,    0.016912 ,    0.300063 ,    0.180800 ,    0.012728 ,    0.013332 ,    0.009241 ,    0.039655 ,    0.044761 ,    0.022784 ,    0.008565 ,     Not run ,     Not run ,    0.004221 ,    0.006826 ,    0.007263 
mammoth,128, Base_OpenMP , default     ,    0.018990 ,    0.038425 ,    0.011747 ,    0.009086 ,    0.017542 ,    0.023276 ,    0.094073 ,    0.082833 ,    0.030904 ,    0.017899 ,    0.034858 ,    2.979868 ,    0.003281 ,    0.003787 ,    0.005311 ,    0.005072 ,    0.021713 ,    0.024846 ,    0.070158 ,    0.008960 ,    0.070426 ,    0.223393 ,    0.039302 ,    0.021055 ,    0.027141 ,    0.004925 ,    0.042723 ,    0.156071 ,    0.215579 ,    0.010295 ,    0.013794 ,    0.052657 ,    0.440923 ,    0.127160 ,    0.012703 ,    0.005732 ,    0.101172 ,    0.109050 ,    0.176342 ,    0.009412 ,    0.037934 ,    0.061217 ,    0.067355 ,    0.062657 ,    0.038737 ,    0.007787 ,    0.015889 ,    0.015460 ,    0.025739 ,    0.015050 ,    0.162385 ,    0.081191 ,    0.014261 ,    0.015223 ,    0.007418 ,    0.066015 ,    0.033119 ,    0.024631 ,    0.006550 ,     Not run ,     Not run ,    0.002889 ,    0.004727 ,    0.004983 
mammoth,64, Base_OpenMP , default     ,    0.009385 ,    0.049121 ,    0.007885 ,    0.010398 ,    0.014382 ,    0.014456 ,    0.052171 ,    0.040136 ,    0.037756 ,    0.011176 ,    0.017649 ,    2.278618 ,    0.002049 ,    0.001944 ,    0.003279 ,    0.004061 ,    0.017683 ,    0.015487 ,    0.033614 ,    0.005069 ,    0.033370 ,    0.222152 ,    0.021426 ,    0.017025 ,    0.019217 ,    0.003850 ,    0.024532 ,    0.118684 ,    0.153590 ,    0.010740 ,    0.007176 ,    0.032166 ,    0.223255 ,    0.073932 ,    0.010469 ,    0.003513 ,    0.050023 ,    0.052575 ,    0.083995 ,    0.004370 ,    0.020977 ,    0.029211 ,    0.034937 ,    0.030783 ,    0.022839 ,    0.005176 ,    0.012401 ,    0.009978 ,    0.020482 ,    0.010212 ,    0.075976 ,    0.042138 ,    0.016273 ,    0.015932 ,    0.004811 ,    0.067630 ,    0.020370 ,    0.019494 ,    0.005139 ,     Not run ,     Not run ,    0.001886 ,    0.002924 ,    0.003337 
mammoth,32, Base_OpenMP , default     ,    0.013153 ,    0.087711 ,    0.011526 ,    0.017153 ,    0.020844 ,    0.015438 ,    0.061211 ,    0.038101 ,    0.042373 ,    0.013253 ,    0.018499 ,    2.119782 ,    0.002742 ,    0.001363 ,    0.002775 ,    0.006898 ,    0.029814 ,    0.019641 ,    0.032517 ,    0.004577 ,    0.037182 ,    0.177004 ,    0.023368 ,    0.031029 ,    0.025434 ,    0.004738 ,    0.026144 ,    0.223411 ,    0.207564 ,    0.017260 ,    0.006484 ,    0.029118 ,    0.177742 ,    0.138058 ,    0.007332 ,    0.003600 ,    0.043447 ,    0.053833 ,    0.092306 ,    0.005426 ,    0.021527 ,    0.043881 ,    0.037176 ,    0.043055 ,    0.021986 ,    0.006743 ,    0.022577 ,    0.017492 ,    0.041155 ,    0.013336 ,    0.036581 ,    0.021292 ,    0.029687 ,    0.029111 ,    0.006325 ,    0.132365 ,    0.027696 ,    0.034702 ,    0.005362 ,     Not run ,     Not run ,    0.001527 ,    0.001658 ,    0.003708 
mammoth,16, Base_OpenMP , default     ,    0.011487 ,    0.170128 ,    0.021016 ,    0.032313 ,    0.039266 ,    0.021390 ,    0.105059 ,    0.060502 ,    0.078064 ,    0.016190 ,    0.030459 ,    2.104079 ,    0.005076 ,    0.001433 ,    0.003782 ,    0.013601 ,    0.183907 ,    0.023199 ,    0.039086 ,    0.005902 ,    0.039842 ,    0.205427 ,    0.031600 ,    0.079809 ,    0.226756 ,    0.008071 ,    0.032708 ,    0.388377 ,    0.421564 ,    0.029995 ,    0.008434 ,    0.027580 ,    0.223192 ,    0.337004 ,    0.008770 ,    0.004818 ,    0.042664 ,    0.066720 ,    0.123186 ,    0.009055 ,    0.024520 ,    0.041905 ,    0.045060 ,    0.034716 ,    0.025070 ,    0.009044 ,    0.043116 ,    0.033452 ,    0.202739 ,    0.020130 ,    0.023651 ,    0.009568 ,    0.056921 ,    0.056601 ,    0.009430 ,    0.263329 ,    0.037691 ,    0.063262 ,    0.008792 ,     Not run ,     Not run ,    0.001932 ,    0.002665 ,    0.004081 
mammoth,8, Base_OpenMP , default     ,    0.017101 ,    0.336293 ,    0.070143 ,    0.063633 ,    0.076241 ,    0.210754 ,    0.198406 ,    0.105644 ,    0.129659 ,    0.145392 ,    0.054633 ,    2.113668 ,    0.010172 ,    0.003279 ,    0.003920 ,    0.026691 ,    0.362427 ,    0.068725 ,    0.064663 ,    0.009731 ,    0.061682 ,    0.627221 ,    0.052165 ,    0.219668 ,    0.504941 ,    0.020203 ,    0.123698 ,    0.578973 ,    0.958473 ,    0.057344 ,    0.014190 ,    0.052483 ,    0.383283 ,    0.690709 ,    0.012365 ,    0.007469 ,    0.069269 ,    0.118167 ,    0.218315 ,    0.016776 ,    0.053737 ,    0.055631 ,    0.066395 ,    0.055763 ,    0.052207 ,    0.020396 ,    0.087771 ,    0.091349 ,    0.539744 ,    0.038505 ,    0.015830 ,    0.011877 ,    0.113305 ,    0.112895 ,    0.016648 ,    0.525566 ,    0.233655 ,    0.126778 ,    0.015483 ,     Not run ,     Not run ,    0.002538 ,    0.003490 ,    0.005385 
mammoth,4, Base_OpenMP , default     ,    0.051919 ,    0.681637 ,    0.212420 ,    0.128821 ,    0.155769 ,    0.641451 ,    0.392293 ,    0.203725 ,    0.268913 ,    0.448748 ,    0.103680 ,    2.058088 ,    0.020011 ,    0.002008 ,    0.006850 ,    0.053718 ,    0.691121 ,    0.436276 ,    0.192732 ,    0.018257 ,    0.195243 ,    1.376332 ,    0.577118 ,    0.412863 ,    0.925661 ,    0.059237 ,    0.862027 ,    1.041495 ,    1.479357 ,    0.115532 ,    0.027421 ,    0.375015 ,    2.280312 ,    0.979443 ,    0.015908 ,    0.021648 ,    0.146328 ,    0.395629 ,    0.522582 ,    0.033476 ,    0.562268 ,    0.205934 ,    0.216580 ,    0.208117 ,    0.579544 ,    0.056462 ,    0.176172 ,    0.183446 ,    1.048731 ,    0.078649 ,    0.014051 ,    0.013945 ,    0.228856 ,    0.228084 ,    0.033370 ,    1.064794 ,    0.888468 ,    0.255736 ,    0.033802 ,     Not run ,     Not run ,    0.003801 ,    0.004597 ,    0.016671 
poodle,224, Base_OpenMP , default     ,    0.011987 ,    0.048332 ,    0.009787 ,    0.005585 ,    0.009640 ,    0.013123 ,    0.058891 ,    0.058467 ,    0.010767 ,    0.009529 ,    0.021078 ,   44.198669 ,    0.003671 ,    0.012552 ,    0.013235 ,    0.003813 ,    0.014301 ,    0.013171 ,    0.045811 ,    0.026762 ,    0.045968 ,    0.148170 ,    0.023867 ,    0.011159 ,    0.015608 ,    0.002151 ,    0.023576 ,    0.151652 ,    0.199146 ,    0.008845 ,    0.009912 ,    0.040650 ,    0.274237 ,    0.142409 ,    0.012470 ,    0.003254 ,    0.053465 ,    0.087640 ,    0.120646 ,    0.006908 ,    0.023258 ,    0.041680 ,    0.089106 ,    0.041927 ,    0.023287 ,    0.004472 ,    0.008200 ,    0.006542 ,    0.012193 ,    0.007723 ,    0.163369 ,    1.553203 ,    0.008160 ,    0.008168 ,    0.003862 ,    0.054645 ,    0.019233 ,    0.009972 ,    0.004098 ,     Not run ,     Not run ,    0.002834 ,    0.002562 ,    0.002798 
poodle,112, Base_OpenMP , default     ,    0.006619 ,    0.071253 ,    0.010405 ,    0.006956 ,    0.005870 ,    0.014149 ,    0.030520 ,    0.030515 ,    0.012984 ,    0.010691 ,    0.012099 ,   11.826614 ,    0.001463 ,    0.003532 ,    0.003914 ,    0.002324 ,    0.020646 ,    0.010180 ,    0.023909 ,    0.008806 ,    0.023924 ,    0.125358 ,    0.014346 ,    0.016256 ,    0.039429 ,    0.002080 ,    0.014393 ,    0.302968 ,    0.399063 ,    0.007027 ,    0.011122 ,    0.022289 ,    0.157578 ,    0.292731 ,    0.012530 ,    0.001950 ,    0.044121 ,    0.046243 ,    0.096790 ,    0.010024 ,    0.012845 ,    0.021920 ,    0.030158 ,    0.022452 ,    0.012871 ,    0.003658 ,    0.011875 ,    0.009336 ,    0.028996 ,    0.008907 ,    0.066838 ,    0.360713 ,    0.013438 ,    0.013456 ,    0.003278 ,    0.104260 ,    0.018547 ,    0.016098 ,    0.003729 ,     Not run ,     Not run ,    0.000996 ,    0.001418 ,    0.001684 
poodle,56, Base_OpenMP , default     ,    0.005229 ,    0.060854 ,    0.008936 ,    0.009437 ,    0.004337 ,    0.016737 ,    0.022457 ,    0.021954 ,    0.014651 ,    0.015105 ,    0.008752 ,    3.925458 ,    0.000988 ,    0.002109 ,    0.002441 ,    0.001908 ,    0.020873 ,    0.008592 ,    0.018807 ,    0.006467 ,    0.018733 ,    0.112943 ,    0.011192 ,    0.017272 ,    0.040848 ,    0.001799 ,    0.011072 ,    0.077893 ,    0.103193 ,    0.010864 ,    0.004275 ,    0.015569 ,    0.113215 ,    0.078448 ,    0.011160 ,    0.001627 ,    0.032522 ,    0.031227 ,    0.058522 ,    0.002603 ,    0.010287 ,    0.017674 ,    0.019612 ,    0.017221 ,    0.009974 ,    0.003810 ,    0.011277 ,    0.009158 ,    0.028130 ,    0.008051 ,    0.044408 ,    0.120883 ,    0.014955 ,    0.014957 ,    0.002854 ,    0.090743 ,    0.019180 ,    0.015933 ,    0.002793 ,     Not run ,     Not run ,    0.000707 ,    0.001041 ,    0.001391 
poodle,32, Base_OpenMP , default     ,    0.005194 ,    0.102531 ,    0.014176 ,    0.015548 ,    0.005323 ,    0.029770 ,    0.023617 ,    0.022061 ,    0.018493 ,    0.026308 ,    0.009177 ,    3.287075 ,    0.001257 ,    0.000848 ,    0.001180 ,    0.002829 ,    0.061490 ,    0.013580 ,    0.019644 ,    0.005619 ,    0.020262 ,    0.124384 ,    0.015666 ,    0.052623 ,    0.068571 ,    0.002579 ,    0.021149 ,    0.134842 ,    0.179958 ,    0.019386 ,    0.004112 ,    0.015764 ,    0.127912 ,    0.135966 ,    0.005657 ,    0.001423 ,    0.029375 ,    0.035015 ,    0.073398 ,    0.003101 ,    0.012691 ,    0.018274 ,    0.019413 ,    0.018410 ,    0.013008 ,    0.005731 ,    0.018029 ,    0.015838 ,    0.061790 ,    0.012498 ,    0.024032 ,    0.048762 ,    0.025495 ,    0.025505 ,    0.004052 ,    0.157542 ,    0.038549 ,    0.026671 ,    0.003442 ,     Not run ,     Not run ,    0.000482 ,    0.000904 ,    0.001153 
poodle,16, Base_OpenMP , default     ,    0.012302 ,    0.203431 ,    0.027362 ,    0.031456 ,    0.009919 ,    0.063887 ,    0.029649 ,    0.029544 ,    0.031502 ,    0.044605 ,    0.015113 ,    2.750588 ,    0.002202 ,    0.000507 ,    0.001533 ,    0.005338 ,    0.304752 ,    0.037823 ,    0.048495 ,    0.008834 ,    0.050625 ,    0.122380 ,    0.049960 ,    0.139716 ,    0.227814 ,    0.006110 ,    0.074546 ,    0.282791 ,    0.372235 ,    0.026922 ,    0.006747 ,    0.035343 ,    0.299577 ,    0.293392 ,    0.004589 ,    0.003306 ,    0.036798 ,    0.076341 ,    0.114529 ,    0.006224 ,    0.048688 ,    0.043801 ,    0.047995 ,    0.043141 ,    0.048317 ,    0.011009 ,    0.035936 ,    0.037456 ,    0.203443 ,    0.022275 ,    0.011568 ,    0.007984 ,    0.049924 ,    0.049937 ,    0.007672 ,    0.314544 ,    0.084212 ,    0.052828 ,    0.006260 ,     Not run ,     Not run ,    0.000587 ,    0.001251 ,    0.002711 
poodle,8, Base_OpenMP , default     ,    0.039850 ,    0.407582 ,    0.113800 ,    0.065877 ,    0.023064 ,    0.391260 ,    0.065956 ,    0.065862 ,    0.060292 ,    0.275098 ,    0.032004 ,    2.549372 ,    0.004281 ,    0.000585 ,    0.003797 ,    0.010530 ,    0.491995 ,    0.182362 ,    0.172995 ,    0.017010 ,    0.171334 ,    0.436952 ,    0.179880 ,    0.296152 ,    0.528491 ,    0.032253 ,    0.358144 ,    0.499401 ,    0.679684 ,    0.054685 ,    0.013204 ,    0.137919 ,    0.944948 ,    0.493268 ,    0.005771 ,    0.008917 ,    0.074377 ,    0.259134 ,    0.332376 ,    0.011930 ,    0.182377 ,    0.154361 ,    0.143460 ,    0.155854 ,    0.184639 ,    0.025545 ,    0.074719 ,    0.082670 ,    0.505108 ,    0.046729 ,    0.008601 ,    0.006869 ,    0.099657 ,    0.099668 ,    0.015085 ,    0.628743 ,    0.401518 ,    0.105559 ,    0.013144 ,     Not run ,     Not run ,    0.001053 ,    0.002687 ,    0.008749 
poodle,4, Base_OpenMP , default     ,    0.074798 ,    0.814354 ,    0.162557 ,    0.132166 ,    0.047614 ,    0.581099 ,    0.179070 ,    0.178728 ,    0.120116 ,    0.408019 ,    0.079351 ,    2.767293 ,    0.008450 ,    0.001192 ,    0.008044 ,    0.020965 ,    0.676933 ,    0.293487 ,    0.354340 ,    0.033755 ,    0.364250 ,    0.673840 ,    0.387596 ,    0.416894 ,    0.677226 ,    0.048135 ,    0.573918 ,    0.991740 ,    1.364984 ,    0.109475 ,    0.026056 ,    0.293429 ,    2.085820 ,    0.945362 ,    0.009190 ,    0.016951 ,    0.155773 ,    0.616980 ,    0.730001 ,    0.023399 ,    0.395802 ,    0.310965 ,    0.267039 ,    0.314437 ,    0.396894 ,    0.049679 ,    0.141825 ,    0.159996 ,    0.682188 ,    0.090742 ,    0.009365 ,    0.009182 ,    0.199034 ,    0.199222 ,    0.031212 ,    1.256800 ,    0.610153 ,    0.210394 ,    0.028367 ,     Not run ,     Not run ,    0.003101 ,    0.007185 ,    0.017480 
poodle,224, Base_OpenMP , default     ,    0.010635 ,    0.042651 ,    0.007608 ,    0.005360 ,    0.008756 ,    0.012100 ,    0.052421 ,    0.052482 ,    0.010924 ,    0.008883 ,    0.019168 ,   28.070457 ,    0.002953 ,    0.015112 ,    0.015711 ,    0.003569 ,    0.013961 ,    0.011858 ,    0.041120 ,    0.033169 ,    0.041606 ,    0.148134 ,    0.021236 ,    0.010866 ,    0.014420 ,    0.001918 ,    0.020919 ,    0.150452 ,    0.199420 ,    0.008777 ,    0.009389 ,    0.032317 ,    0.244836 ,    0.142365 ,    0.012320 ,    0.002897 ,    0.051925 ,    0.078457 ,    0.108561 ,    0.006837 ,    0.020826 ,    0.037035 ,    0.080203 ,    0.037460 ,    0.020815 ,    0.002456 ,    0.007910 ,    0.005611 ,    0.011625 ,    0.007233 ,    0.143712 ,    1.252307 ,    0.008079 ,    0.008142 ,    0.003702 ,    0.054598 ,    0.017148 ,    0.009636 ,    0.003945 ,     Not run ,     Not run ,    0.002518 ,    0.002297 ,    0.002578 
poodle,112, Base_OpenMP , default     ,    0.006614 ,    0.071299 ,    0.010442 ,    0.006982 ,    0.005885 ,    0.014056 ,    0.030841 ,    0.030738 ,    0.012932 ,    0.010839 ,    0.012166 ,   11.087007 ,    0.001459 ,    0.003728 ,    0.004114 ,    0.002359 ,    0.020794 ,    0.010267 ,    0.024250 ,    0.008826 ,    0.024182 ,    0.126014 ,    0.014435 ,    0.016552 ,    0.040800 ,    0.002305 ,    0.014455 ,    0.303676 ,    0.398047 ,    0.006985 ,    0.011467 ,    0.022907 ,    0.158754 ,    0.291679 ,    0.012530 ,    0.001968 ,    0.043705 ,    0.046117 ,    0.095015 ,    0.010157 ,    0.012968 ,    0.022179 ,    0.030358 ,    0.022566 ,    0.013002 ,    0.003119 ,    0.011881 ,    0.009489 ,    0.029055 ,    0.008863 ,    0.068297 ,    0.346494 ,    0.013523 ,    0.013576 ,    0.003226 ,    0.104274 ,    0.018799 ,    0.016138 ,    0.003587 ,     Not run ,     Not run ,    0.000998 ,    0.001439 ,    0.001705 
poodle,56, Base_OpenMP , default     ,    0.005112 ,    0.060552 ,    0.009123 ,    0.009269 ,    0.004328 ,    0.016212 ,    0.022625 ,    0.021788 ,    0.014420 ,    0.014049 ,    0.008818 ,    3.767582 ,    0.000983 ,    0.001682 ,    0.002127 ,    0.001909 ,    0.021112 ,    0.008254 ,    0.018822 ,    0.005828 ,    0.018804 ,    0.114209 ,    0.011304 ,    0.016918 ,    0.040754 ,    0.003421 ,    0.010898 ,    0.077666 ,    0.103056 ,    0.010900 ,    0.004255 ,    0.015437 ,    0.112080 ,    0.077689 ,    0.011138 ,    0.001639 ,    0.032735 ,    0.031430 ,    0.058393 ,    0.002608 ,    0.009656 ,    0.017158 ,    0.019534 ,    0.016977 ,    0.010234 ,    0.003590 ,    0.011285 ,    0.009142 ,    0.028125 ,    0.008060 ,    0.045925 ,    0.119341 ,    0.014982 ,    0.014985 ,    0.002910 ,    0.090793 ,    0.019263 ,    0.015723 ,    0.002810 ,     Not run ,     Not run ,    0.000690 ,    0.001041 ,    0.001402 
poodle,32, Base_OpenMP , default     ,    0.005197 ,    0.102435 ,    0.014166 ,    0.015501 ,    0.005317 ,    0.029879 ,    0.023794 ,    0.021476 ,    0.018372 ,    0.025617 ,    0.009106 ,    3.364384 ,    0.001258 ,    0.000826 ,    0.001187 ,    0.002828 ,    0.061251 ,    0.013514 ,    0.019912 ,    0.005827 ,    0.020976 ,    0.123815 ,    0.015491 ,    0.052581 ,    0.068495 ,    0.002577 ,    0.021814 ,    0.133955 ,    0.179988 ,    0.019257 ,    0.004068 ,    0.015874 ,    0.125016 ,    0.134799 ,    0.005513 ,    0.001427 ,    0.029396 ,    0.035228 ,    0.073552 ,    0.003125 ,    0.012845 ,    0.017677 ,    0.019383 ,    0.017840 ,    0.012926 ,    0.005776 ,    0.017951 ,    0.015779 ,    0.061363 ,    0.011943 ,    0.024524 ,    0.050744 ,    0.025500 ,    0.025518 ,    0.004034 ,    0.157552 ,    0.037932 ,    0.026257 ,    0.003450 ,     Not run ,     Not run ,    0.000473 ,    0.000912 ,    0.001262 
poodle,16, Base_OpenMP , default     ,    0.012693 ,    0.203502 ,    0.027679 ,    0.031447 ,    0.009884 ,    0.062772 ,    0.029621 ,    0.029757 ,    0.031661 ,    0.044993 ,    0.014459 ,    2.801682 ,    0.002199 ,    0.000486 ,    0.001422 ,    0.005341 ,    0.306168 ,    0.037471 ,    0.057143 ,    0.008813 ,    0.058326 ,    0.122559 ,    0.049996 ,    0.139101 ,    0.227571 ,    0.006176 ,    0.074257 ,    0.281363 ,    0.371546 ,    0.026924 ,    0.006840 ,    0.034967 ,    0.305443 ,    0.291162 ,    0.004503 ,    0.003356 ,    0.036246 ,    0.075239 ,    0.114779 ,    0.006289 ,    0.048417 ,    0.052774 ,    0.053876 ,    0.052204 ,    0.048371 ,    0.011041 ,    0.035769 ,    0.037332 ,    0.202618 ,    0.022216 ,    0.011431 ,    0.008042 ,    0.049934 ,    0.049914 ,    0.007952 ,    0.314568 ,    0.083559 ,    0.052042 ,    0.006253 ,     Not run ,     Not run ,    0.000602 ,    0.001261 ,    0.002861 
poodle,8, Base_OpenMP , default     ,    0.039621 ,    0.407730 ,    0.113924 ,    0.066056 ,    0.023108 ,    0.390924 ,    0.069775 ,    0.069802 ,    0.061930 ,    0.274101 ,    0.032099 ,    2.549401 ,    0.004295 ,    0.000589 ,    0.003813 ,    0.010529 ,    0.492495 ,    0.182464 ,    0.172126 ,    0.016996 ,    0.170527 ,    0.438767 ,    0.182116 ,    0.295764 ,    0.527937 ,    0.032795 ,    0.359286 ,    0.499531 ,    0.680160 ,    0.054745 ,    0.013205 ,    0.139044 ,    0.930027 ,    0.494078 ,    0.005749 ,    0.008940 ,    0.074592 ,    0.258950 ,    0.330092 ,    0.011941 ,    0.183740 ,    0.156346 ,    0.143794 ,    0.155153 ,    0.185772 ,    0.025702 ,    0.075280 ,    0.083001 ,    0.503714 ,    0.044944 ,    0.008497 ,    0.006743 ,    0.099638 ,    0.099719 ,    0.015186 ,    0.628912 ,    0.401746 ,    0.105574 ,    0.013736 ,     Not run ,     Not run ,    0.001130 ,    0.002767 ,    0.008690 
poodle,4, Base_OpenMP , default     ,    0.081778 ,    0.815132 ,    0.164550 ,    0.132304 ,    0.047706 ,    0.578826 ,    0.178857 ,    0.178721 ,    0.117696 ,    0.405977 ,    0.079457 ,    2.462066 ,    0.008459 ,    0.001189 ,    0.007993 ,    0.020966 ,    0.676566 ,    0.292736 ,    0.356338 ,    0.033720 ,    0.367030 ,    0.671238 ,    0.389760 ,    0.415316 ,    0.674661 ,    0.048263 ,    0.573150 ,    0.984034 ,    1.353698 ,    0.109618 ,    0.026022 ,    0.293360 ,    2.053781 ,    0.940358 ,    0.009162 ,    0.016943 ,    0.157191 ,    0.604340 ,    0.727475 ,    0.023392 ,    0.396963 ,    0.313596 ,    0.268853 ,    0.314388 ,    0.397513 ,    0.049837 ,    0.141594 ,    0.159676 ,    0.682664 ,    0.089203 ,    0.009685 ,    0.009131 ,    0.199280 ,    0.199254 ,    0.031252 ,    1.257116 ,    0.607848 ,    0.210491 ,    0.028191 ,     Not run ,     Not run ,    0.003091 ,    0.007162 ,    0.017307 
poodle,224, Base_OpenMP , default     ,    0.011530 ,    0.043027 ,    0.010069 ,    0.005590 ,    0.009557 ,    0.012516 ,    0.056502 ,    0.056443 ,    0.010851 ,    0.009275 ,    0.020110 ,   28.141408 ,    0.003489 ,    0.014934 ,    0.015624 ,    0.004042 ,    0.014277 ,    0.012655 ,    0.044432 ,    0.031958 ,    0.044133 ,    0.146012 ,    0.022864 ,    0.010939 ,    0.014874 ,    0.002014 ,    0.022454 ,    0.150356 ,    0.198984 ,    0.008920 ,    0.009823 ,    0.035086 ,    0.265145 ,    0.128703 ,    0.012336 ,    0.003090 ,    0.052389 ,    0.089993 ,    0.118192 ,    0.006855 ,    0.022410 ,    0.039989 ,    0.088312 ,    0.040347 ,    0.022526 ,    0.002566 ,    0.008138 ,    0.005598 ,    0.011848 ,    0.007342 ,    0.156640 ,    1.247022 ,    0.008153 ,    0.008098 ,    0.004182 ,    0.054475 ,    0.018274 ,    0.009786 ,    0.004052 ,     Not run ,     Not run ,    0.003137 ,    0.002498 ,    0.002699 
poodle,112, Base_OpenMP , default     ,    0.006636 ,    0.071164 ,    0.009809 ,    0.006967 ,    0.005823 ,    0.014042 ,    0.030798 ,    0.030657 ,    0.013023 ,    0.010937 ,    0.012104 ,   13.987107 ,    0.001464 ,    0.004151 ,    0.004548 ,    0.002432 ,    0.020627 ,    0.010213 ,    0.024068 ,    0.010037 ,    0.024112 ,    0.125745 ,    0.014444 ,    0.016003 ,    0.040815 ,    0.002082 ,    0.014330 ,    0.302896 ,    0.398497 ,    0.007004 ,    0.011004 ,    0.021775 ,    0.156868 ,    0.291849 ,    0.012401 ,    0.001965 ,    0.043712 ,    0.045976 ,    0.095891 ,    0.009877 ,    0.012874 ,    0.022163 ,    0.030220 ,    0.022581 ,    0.012993 ,    0.003148 ,    0.011875 ,    0.009423 ,    0.028947 ,    0.008620 ,    0.067622 ,    0.283770 ,    0.013668 ,    0.013563 ,    0.003296 ,    0.104218 ,    0.018394 ,    0.016131 ,    0.003463 ,     Not run ,     Not run ,    0.000987 ,    0.001427 ,    0.001692 
poodle,56, Base_OpenMP , default     ,    0.005201 ,    0.060653 ,    0.009238 ,    0.009241 ,    0.004281 ,    0.016106 ,    0.022187 ,    0.021609 ,    0.014589 ,    0.014283 ,    0.008739 ,    3.721480 ,    0.001013 ,    0.001476 ,    0.001868 ,    0.001962 ,    0.020860 ,    0.008256 ,    0.018841 ,    0.005259 ,    0.018984 ,    0.113638 ,    0.011531 ,    0.017114 ,    0.040179 ,    0.001823 ,    0.011104 ,    0.077617 ,    0.103096 ,    0.010844 ,    0.004191 ,    0.015355 ,    0.112865 ,    0.078320 ,    0.011124 ,    0.001621 ,    0.033014 ,    0.031020 ,    0.058807 ,    0.002701 ,    0.010088 ,    0.016925 ,    0.019712 ,    0.017024 ,    0.010181 ,    0.003859 ,    0.011331 ,    0.009485 ,    0.028101 ,    0.007878 ,    0.043734 ,    0.102304 ,    0.015163 ,    0.014973 ,    0.002900 ,    0.090778 ,    0.019123 ,    0.015939 ,    0.002786 ,     Not run ,     Not run ,    0.000712 ,    0.001056 ,    0.001391 
poodle,32, Base_OpenMP , default     ,    0.005116 ,    0.102396 ,    0.014096 ,    0.015579 ,    0.005321 ,    0.029836 ,    0.023547 ,    0.022167 ,    0.018405 ,    0.025427 ,    0.009095 ,    3.432902 ,    0.001258 ,    0.000777 ,    0.001197 ,    0.002840 ,    0.061695 ,    0.013261 ,    0.021029 ,    0.005672 ,    0.020962 ,    0.124792 ,    0.015733 ,    0.052058 ,    0.067868 ,    0.002561 ,    0.022207 ,    0.134884 ,    0.179843 ,    0.019225 ,    0.004106 ,    0.015623 ,    0.120709 ,    0.135847 ,    0.005493 ,    0.001416 ,    0.029290 ,    0.034798 ,    0.073349 ,    0.003100 ,    0.012533 ,    0.019232 ,    0.019423 ,    0.018071 ,    0.012825 ,    0.005777 ,    0.018001 ,    0.015876 ,    0.062465 ,    0.011960 ,    0.024033 ,    0.045409 ,    0.025504 ,    0.025507 ,    0.004070 ,    0.157568 ,    0.037456 ,    0.026590 ,    0.003411 ,     Not run ,     Not run ,    0.000480 ,    0.000909 ,    0.001173 
poodle,16, Base_OpenMP , default     ,    0.012545 ,    0.203497 ,    0.027742 ,    0.031365 ,    0.009934 ,    0.064158 ,    0.029738 ,    0.029699 ,    0.032006 ,    0.045056 ,    0.014568 ,    2.708365 ,    0.002211 ,    0.000492 ,    0.001540 ,    0.005346 ,    0.306321 ,    0.037388 ,    0.053633 ,    0.008841 ,    0.055476 ,    0.122407 ,    0.050379 ,    0.139311 ,    0.227198 ,    0.006097 ,    0.074401 ,    0.282127 ,    0.371410 ,    0.026974 ,    0.006890 ,    0.034937 ,    0.294431 ,    0.293228 ,    0.004597 ,    0.003273 ,    0.036717 ,    0.072367 ,    0.113518 ,    0.006243 ,    0.049372 ,    0.048124 ,    0.053915 ,    0.048018 ,    0.049303 ,    0.011112 ,    0.035922 ,    0.037353 ,    0.202597 ,    0.022934 ,    0.011362 ,    0.008083 ,    0.049889 ,    0.049918 ,    0.007654 ,    0.314510 ,    0.083680 ,    0.052812 ,    0.006248 ,     Not run ,     Not run ,    0.000604 ,    0.001297 ,    0.003114 
poodle,8, Base_OpenMP , default     ,    0.040148 ,    0.407741 ,    0.113698 ,    0.065866 ,    0.023001 ,    0.392288 ,    0.066427 ,    0.066411 ,    0.061175 ,    0.274716 ,    0.031524 ,    2.705824 ,    0.004284 ,    0.000585 ,    0.003769 ,    0.010525 ,    0.492755 ,    0.182521 ,    0.172423 ,    0.017008 ,    0.170949 ,    0.438272 ,    0.180238 ,    0.297097 ,    0.528272 ,    0.032696 ,    0.359179 ,    0.500865 ,    0.681753 ,    0.054722 ,    0.013176 ,    0.137397 ,    0.918371 ,    0.497621 ,    0.005754 ,    0.008857 ,    0.074410 ,    0.261642 ,    0.330241 ,    0.011846 ,    0.183823 ,    0.153435 ,    0.143090 ,    0.153940 ,    0.185782 ,    0.025632 ,    0.074916 ,    0.082289 ,    0.504281 ,    0.045070 ,    0.008433 ,    0.006719 ,    0.099672 ,    0.099691 ,    0.015042 ,    0.628877 ,    0.400291 ,    0.105418 ,    0.013678 ,     Not run ,     Not run ,    0.001084 ,    0.002713 ,    0.008737 
poodle,4, Base_OpenMP , default     ,    0.081912 ,    0.815004 ,    0.163628 ,    0.132152 ,    0.047633 ,    0.579299 ,    0.179475 ,    0.179344 ,    0.119278 ,    0.405147 ,    0.078601 ,    2.769445 ,    0.008457 ,    0.001207 ,    0.008124 ,    0.020969 ,    0.676144 ,    0.291566 ,    0.352741 ,    0.033724 ,    0.377510 ,    0.669767 ,    0.387544 ,    0.415525 ,    0.673286 ,    0.047964 ,    0.573719 ,    0.981075 ,    1.353175 ,    0.109520 ,    0.025998 ,    0.294880 ,    2.063030 ,    0.939296 ,    0.009151 ,    0.016864 ,    0.155685 ,    0.607244 ,    0.722571 ,    0.023267 ,    0.393786 ,    0.313362 ,    0.267711 ,    0.312592 ,    0.394678 ,    0.049844 ,    0.141080 ,    0.159556 ,    0.681829 ,    0.088571 ,    0.009550 ,    0.009066 ,    0.199245 ,    0.199317 ,    0.031130 ,    1.257257 ,    0.608462 ,    0.207497 ,    0.028055 ,     Not run ,     Not run ,    0.003096 ,    0.007169 ,    0.017227 
ec2-c5n,72, Base_OpenMP , default     ,    0.010250 ,    0.093867 ,    0.019302 ,    0.011717 ,    0.015023 ,    0.051738 ,    0.087183 ,    0.063038 ,    0.093567 ,    0.037198 ,    0.027504 ,    4.098409 ,    0.002814 ,    0.003324 ,    0.003396 ,    0.005132 ,    0.277040 ,    0.038993 ,    0.039531 ,    0.007160 ,    0.040454 ,    0.266553 ,    0.047056 ,    0.137974 ,    0.197413 ,    0.006329 ,    0.074991 ,    0.617087 ,    0.879819 ,    0.012956 ,    0.020660 ,    0.036418 ,    0.232856 ,    0.587709 ,    0.007993 ,    0.005598 ,    0.036183 ,    0.069601 ,    0.114519 ,    0.014654 ,    0.045896 ,    0.033782 ,    0.044258 ,    0.033760 ,    0.045988 ,    0.007661 ,    0.024251 ,    0.021436 ,    0.085527 ,    0.023287 ,    0.073821 ,    0.166210 ,    0.020326 ,    0.020357 ,    0.006922 ,    0.132088 ,    0.075095 ,    0.037492 ,    0.004014 ,     Not run ,     Not run ,    0.001276 ,    0.001829 ,    0.002241 
ec2-c5n,36, Base_OpenMP , default     ,    0.021952 ,    0.181815 ,    0.031335 ,    0.022106 ,    0.025413 ,    0.079759 ,    0.138311 ,    0.091027 ,    0.126003 ,    0.057401 ,    0.037438 ,    3.678977 ,    0.004684 ,    0.002565 ,    0.003044 ,    0.009297 ,    0.261586 ,    0.047657 ,    0.086446 ,    0.005657 ,    0.085960 ,    0.301136 ,    0.064016 ,    0.093343 ,    0.212096 ,    0.010866 ,    0.093727 ,    1.240379 ,    1.765559 ,    0.017969 ,    0.034198 ,    0.054628 ,    0.428094 ,    1.181037 ,    0.009868 ,    0.007112 ,    0.067082 ,    0.138944 ,    0.193421 ,    0.028003 ,    0.064357 ,    0.077610 ,    0.088124 ,    0.077253 ,    0.064761 ,    0.015276 ,    0.044945 ,    0.041236 ,    0.102801 ,    0.044037 ,    0.046901 ,    0.058406 ,    0.039931 ,    0.039987 ,    0.012977 ,    0.262432 ,    0.107384 ,    0.076938 ,    0.006361 ,     Not run ,     Not run ,    0.001440 ,    0.002016 ,    0.004655 
ec2-c5n,32, Base_OpenMP , default     ,    0.023890 ,    0.203486 ,    0.035492 ,    0.024287 ,    0.028182 ,    0.105103 ,    0.152341 ,    0.098454 ,    0.137409 ,    0.074083 ,    0.040478 ,    3.678984 ,    0.004933 ,    0.002486 ,    0.002881 ,    0.010535 ,    0.257379 ,    0.055987 ,    0.093497 ,    0.005706 ,    0.093336 ,    0.244270 ,    0.072433 ,    0.120478 ,    0.228890 ,    0.012061 ,    0.111056 ,    1.382457 ,    1.954190 ,    0.020526 ,    0.038660 ,    0.061003 ,    0.458495 ,    1.302758 ,    0.010643 ,    0.008305 ,    0.073424 ,    0.151739 ,    0.209867 ,    0.030593 ,    0.072593 ,    0.085076 ,    0.094331 ,    0.084304 ,    0.072923 ,    0.017117 ,    0.050385 ,    0.046319 ,    0.121121 ,    0.049076 ,    0.044722 ,    0.049971 ,    0.044135 ,    0.044113 ,    0.014507 ,    0.294577 ,    0.132198 ,    0.084618 ,    0.006831 ,     Not run ,     Not run ,    0.001480 ,    0.002055 ,    0.004983 
ec2-c5n,18, Base_OpenMP , default     ,    0.020391 ,    0.172581 ,    0.034053 ,    0.031597 ,    0.032574 ,    0.087207 ,    0.131393 ,    0.092025 ,    0.112637 ,    0.060654 ,    0.040045 ,    2.756800 ,    0.004535 ,    0.001771 ,    0.002593 ,    0.008946 ,    0.280554 ,    0.052918 ,    0.080389 ,    0.007747 ,    0.080838 ,    0.298635 ,    0.063443 ,    0.134095 ,    0.212311 ,    0.013781 ,    0.096780 ,    0.323387 ,    0.455182 ,    0.028999 ,    0.016560 ,    0.052696 ,    0.409426 ,    0.279953 ,    0.008404 ,    0.007488 ,    0.059574 ,    0.129253 ,    0.189341 ,    0.010368 ,    0.067795 ,    0.072777 ,    0.081375 ,    0.072759 ,    0.068894 ,    0.016448 ,    0.049724 ,    0.045394 ,    0.106276 ,    0.039868 ,    0.027690 ,    0.023562 ,    0.059153 ,    0.059394 ,    0.012366 ,    0.236387 ,    0.112888 ,    0.072617 ,    0.009052 ,     Not run ,     Not run ,    0.002029 ,    0.002025 ,    0.004380 
ec2-c5n,16, Base_OpenMP , default     ,    0.023099 ,    0.193948 ,    0.038560 ,    0.035857 ,    0.036986 ,    0.108443 ,    0.145901 ,    0.101485 ,    0.138983 ,    0.074074 ,    0.044864 ,    2.756644 ,    0.004652 ,    0.001769 ,    0.002697 ,    0.009634 ,    0.256052 ,    0.060270 ,    0.091602 ,    0.008361 ,    0.091549 ,    0.297672 ,    0.073599 ,    0.121511 ,    0.231289 ,    0.013589 ,    0.112765 ,    0.404710 ,    0.555320 ,    0.032904 ,    0.014997 ,    0.058863 ,    0.467950 ,    0.336949 ,    0.008776 ,    0.007455 ,    0.066382 ,    0.147485 ,    0.211789 ,    0.012373 ,    0.076495 ,    0.082852 ,    0.091601 ,    0.082515 ,    0.076646 ,    0.019107 ,    0.056055 ,    0.050888 ,    0.125391 ,    0.044755 ,    0.025184 ,    0.022031 ,    0.066907 ,    0.065563 ,    0.013791 ,    0.265719 ,    0.132085 ,    0.082104 ,    0.010060 ,     Not run ,     Not run ,    0.002155 ,    0.001892 ,    0.004786 
ec2-c5n,8, Base_OpenMP , default     ,    0.057320 ,    0.388104 ,    0.088463 ,    0.073814 ,    0.076027 ,    0.290721 ,    0.279247 ,    0.190661 ,    0.257311 ,    0.207081 ,    0.084553 ,    2.349023 ,    0.008784 ,    0.002484 ,    0.006196 ,    0.018632 ,    0.342139 ,    0.171357 ,    0.231101 ,    0.014979 ,    0.232723 ,    0.362638 ,    0.223637 ,    0.199191 ,    0.414749 ,    0.028179 ,    0.327609 ,    0.732100 ,    1.008782 ,    0.058178 ,    0.023836 ,    0.182526 ,    1.423693 ,    0.521994 ,    0.006823 ,    0.015370 ,    0.122396 ,    0.376103 ,    0.526044 ,    0.021951 ,    0.216532 ,    0.216596 ,    0.241178 ,    0.213295 ,    0.219720 ,    0.041693 ,    0.110434 ,    0.104266 ,    0.296630 ,    0.090072 ,    0.011254 ,    0.007699 ,    0.130739 ,    0.130731 ,    0.028002 ,    0.530205 ,    0.349163 ,    0.163595 ,    0.022118 ,     Not run ,     Not run ,    0.003795 ,    0.004437 ,    0.011961 
ec2-c5n,4, Base_OpenMP , default     ,    0.112095 ,    0.769875 ,    0.146510 ,    0.146847 ,    0.152544 ,    0.400290 ,    0.556479 ,    0.381098 ,    0.481845 ,    0.275685 ,    0.168671 ,    2.520045 ,    0.017410 ,    0.004726 ,    0.012765 ,    0.037299 ,    0.440291 ,    0.283386 ,    0.452013 ,    0.029595 ,    0.456609 ,    0.567979 ,    0.383158 ,    0.305997 ,    0.669151 ,    0.053167 ,    0.535017 ,    1.680435 ,    2.133416 ,    0.115298 ,    0.050170 ,    0.305263 ,    2.782153 ,    1.552871 ,    0.012891 ,    0.029718 ,    0.250022 ,    0.738485 ,    1.072882 ,    0.048537 ,    0.383349 ,    0.418025 ,    0.458235 ,    0.411581 ,    0.378934 ,    0.081030 ,    0.217053 ,    0.204127 ,    0.473104 ,    0.178793 ,    0.013873 ,    0.010719 ,    0.261501 ,    0.261545 ,    0.056822 ,    1.059807 ,    0.579075 ,    0.324012 ,    0.043101 ,     Not run ,     Not run ,    0.007534 ,    0.008704 ,    0.022940 
ec2-c5n,72, Base_OpenMP , default     ,    0.010373 ,    0.093796 ,    0.018945 ,    0.011964 ,    0.015146 ,    0.051402 ,    0.087176 ,    0.063018 ,    0.093844 ,    0.036461 ,    0.027447 ,    4.038521 ,    0.003164 ,    0.003090 ,    0.003441 ,    0.005412 ,    0.278077 ,    0.039021 ,    0.038848 ,    0.006904 ,    0.039632 ,    0.264791 ,    0.046392 ,    0.137691 ,    0.197579 ,    0.006383 ,    0.074558 ,    0.621172 ,    0.878614 ,    0.010496 ,    0.020568 ,    0.036136 ,    0.228273 ,    0.584871 ,    0.008057 ,    0.005573 ,    0.035324 ,    0.069160 ,    0.112678 ,    0.014583 ,    0.045708 ,    0.033506 ,    0.043708 ,    0.033479 ,    0.045353 ,    0.007701 ,    0.023754 ,    0.021473 ,    0.082661 ,    0.023239 ,    0.072682 ,    0.157888 ,    0.020562 ,    0.020329 ,    0.006923 ,    0.132095 ,    0.075310 ,    0.037319 ,    0.003988 ,     Not run ,     Not run ,    0.001315 ,    0.001808 ,    0.002172 
ec2-c5n,36, Base_OpenMP , default     ,    0.021815 ,    0.181774 ,    0.031225 ,    0.021963 ,    0.025058 ,    0.080713 ,    0.138268 ,    0.091829 ,    0.124350 ,    0.055886 ,    0.037661 ,    3.801160 ,    0.004512 ,    0.002660 ,    0.003006 ,    0.009392 ,    0.257848 ,    0.046915 ,    0.085407 ,    0.005654 ,    0.085818 ,    0.295808 ,    0.064506 ,    0.093034 ,    0.212011 ,    0.010744 ,    0.093026 ,    1.247003 ,    1.765686 ,    0.017902 ,    0.032188 ,    0.052769 ,    0.422220 ,    1.181044 ,    0.009764 ,    0.006342 ,    0.065802 ,    0.137031 ,    0.192926 ,    0.027960 ,    0.063491 ,    0.077333 ,    0.086927 ,    0.076853 ,    0.063158 ,    0.015173 ,    0.045003 ,    0.041217 ,    0.101545 ,    0.044088 ,    0.046636 ,    0.060032 ,    0.039933 ,    0.039949 ,    0.012986 ,    0.262437 ,    0.106986 ,    0.076946 ,    0.006347 ,     Not run ,     Not run ,    0.001433 ,    0.001989 ,    0.004623 
ec2-c5n,32, Base_OpenMP , default     ,    0.023310 ,    0.203550 ,    0.035323 ,    0.024281 ,    0.028158 ,    0.105704 ,    0.152455 ,    0.099327 ,    0.135147 ,    0.072835 ,    0.040382 ,    3.613031 ,    0.004969 ,    0.002648 ,    0.003007 ,    0.010191 ,    0.252970 ,    0.055794 ,    0.092699 ,    0.005692 ,    0.092478 ,    0.240077 ,    0.072470 ,    0.119400 ,    0.228605 ,    0.011859 ,    0.110015 ,    1.383806 ,    1.954980 ,    0.020363 ,    0.039239 ,    0.059196 ,    0.438252 ,    1.301056 ,    0.010715 ,    0.007951 ,    0.072664 ,    0.148961 ,    0.208486 ,    0.030557 ,    0.070738 ,    0.083332 ,    0.092709 ,    0.083414 ,    0.070758 ,    0.017185 ,    0.050457 ,    0.046252 ,    0.121118 ,    0.049267 ,    0.044527 ,    0.049159 ,    0.044198 ,    0.044238 ,    0.014509 ,    0.294596 ,    0.131872 ,    0.084697 ,    0.006785 ,     Not run ,     Not run ,    0.001463 ,    0.002017 ,    0.004904 
ec2-c5n,18, Base_OpenMP , default     ,    0.020409 ,    0.172703 ,    0.033922 ,    0.031702 ,    0.032801 ,    0.087106 ,    0.131337 ,    0.091811 ,    0.117255 ,    0.059185 ,    0.040068 ,    2.800336 ,    0.004820 ,    0.001970 ,    0.002602 ,    0.008723 ,    0.280689 ,    0.051052 ,    0.079968 ,    0.007827 ,    0.079966 ,    0.294649 ,    0.063947 ,    0.133129 ,    0.210602 ,    0.012332 ,    0.096258 ,    0.374854 ,    0.480606 ,    0.029256 ,    0.018046 ,    0.050379 ,    0.404289 ,    0.304858 ,    0.008762 ,    0.007778 ,    0.059447 ,    0.128213 ,    0.187301 ,    0.012129 ,    0.064577 ,    0.072314 ,    0.080858 ,    0.072861 ,    0.064072 ,    0.016742 ,    0.049920 ,    0.045374 ,    0.104772 ,    0.039878 ,    0.028742 ,    0.023882 ,    0.059131 ,    0.059118 ,    0.012326 ,    0.236356 ,    0.111174 ,    0.073027 ,    0.009083 ,     Not run ,     Not run ,    0.002033 ,    0.002014 ,    0.004352 
ec2-c5n,16, Base_OpenMP , default     ,    0.022065 ,    0.193914 ,    0.038521 ,    0.035445 ,    0.036555 ,    0.111884 ,    0.145969 ,    0.101331 ,    0.133913 ,    0.079038 ,    0.044662 ,    2.648402 ,    0.005028 ,    0.002209 ,    0.002742 ,    0.010323 ,    0.252395 ,    0.063342 ,    0.087134 ,    0.008374 ,    0.087076 ,    0.297335 ,    0.073670 ,    0.121359 ,    0.232672 ,    0.013616 ,    0.112186 ,    0.385912 ,    0.505515 ,    0.032988 ,    0.016529 ,    0.058780 ,    0.437676 ,    0.278554 ,    0.008840 ,    0.008414 ,    0.067326 ,    0.145412 ,    0.206524 ,    0.013299 ,    0.072719 ,    0.078326 ,    0.087216 ,    0.078700 ,    0.069745 ,    0.019305 ,    0.055869 ,    0.051158 ,    0.127856 ,    0.044718 ,    0.025166 ,    0.022372 ,    0.065587 ,    0.065548 ,    0.013750 ,    0.265924 ,    0.135639 ,    0.082076 ,    0.010000 ,     Not run ,     Not run ,    0.002186 ,    0.001739 ,    0.004695 
ec2-c5n,8, Base_OpenMP , default     ,    0.059942 ,    0.387663 ,    0.089523 ,    0.073628 ,    0.076265 ,    0.299724 ,    0.279662 ,    0.191054 ,    0.250748 ,    0.205593 ,    0.084129 ,    2.356759 ,    0.008793 ,    0.002491 ,    0.006306 ,    0.018685 ,    0.342450 ,    0.172034 ,    0.235866 ,    0.014980 ,    0.239173 ,    0.366682 ,    0.232721 ,    0.196306 ,    0.407943 ,    0.028709 ,    0.347450 ,    0.743462 ,    0.961082 ,    0.058181 ,    0.028171 ,    0.176406 ,    1.420106 ,    0.568039 ,    0.007597 ,    0.015301 ,    0.123611 ,    0.400763 ,    0.532356 ,    0.026397 ,    0.224463 ,    0.209654 ,    0.229309 ,    0.205395 ,    0.230779 ,    0.041781 ,    0.110531 ,    0.103902 ,    0.297756 ,    0.090136 ,    0.011167 ,    0.007711 ,    0.128157 ,    0.130906 ,    0.028621 ,    0.528823 ,    0.344188 ,    0.163862 ,    0.022839 ,     Not run ,     Not run ,    0.003794 ,    0.004319 ,    0.011655 
ec2-c5n,4, Base_OpenMP , default     ,    0.113905 ,    0.769258 ,    0.146826 ,    0.145879 ,    0.152766 ,    0.393212 ,    0.560334 ,    0.386746 ,    0.502579 ,    0.274685 ,    0.165225 ,    2.379791 ,    0.017345 ,    0.004739 ,    0.012278 ,    0.037068 ,    0.450100 ,    0.277490 ,    0.462552 ,    0.029680 ,    0.467669 ,    0.557782 ,    0.374642 ,    0.302952 ,    0.659796 ,    0.053214 ,    0.521064 ,    1.329551 ,    1.733579 ,    0.115562 ,    0.047851 ,    0.292169 ,    2.754169 ,    1.035084 ,    0.012466 ,    0.029444 ,    0.247696 ,    0.738518 ,    1.054917 ,    0.044109 ,    0.375254 ,    0.409186 ,    0.447513 ,    0.401265 ,    0.371760 ,    0.081252 ,    0.219028 ,    0.203170 ,    0.463764 ,    0.178687 ,    0.013426 ,    0.010792 ,    0.261423 ,    0.257832 ,    0.056899 ,    1.059572 ,    0.569221 ,    0.324648 ,    0.042562 ,     Not run ,     Not run ,    0.007524 ,    0.008434 ,    0.022619 
ec2-c5n,72, Base_OpenMP , default     ,    0.009873 ,    0.093787 ,    0.020073 ,    0.011801 ,    0.014729 ,    0.051594 ,    0.087176 ,    0.062943 ,    0.093926 ,    0.036545 ,    0.027610 ,    4.352938 ,    0.003090 ,    0.003228 ,    0.003476 ,    0.005196 ,    0.278646 ,    0.037788 ,    0.039236 ,    0.007214 ,    0.039938 ,    0.263906 ,    0.046919 ,    0.137837 ,    0.197736 ,    0.006366 ,    0.074499 ,    0.621797 ,    0.881475 ,    0.010511 ,    0.020225 ,    0.036022 ,    0.227909 ,    0.584522 ,    0.008038 ,    0.005573 ,    0.035721 ,    0.068554 ,    0.112904 ,    0.014709 ,    0.045937 ,    0.034153 ,    0.043673 ,    0.033370 ,    0.045245 ,    0.007646 ,    0.023724 ,    0.021408 ,    0.081639 ,    0.023227 ,    0.074362 ,    0.154567 ,    0.020752 ,    0.020325 ,    0.006928 ,    0.132066 ,    0.077756 ,    0.037207 ,    0.003977 ,     Not run ,     Not run ,    0.001299 ,    0.001853 ,    0.002126 
ec2-c5n,36, Base_OpenMP , default     ,    0.021827 ,    0.181810 ,    0.031285 ,    0.021569 ,    0.025489 ,    0.078860 ,    0.137937 ,    0.091192 ,    0.122152 ,    0.056424 ,    0.037692 ,    3.736672 ,    0.004598 ,    0.002644 ,    0.002986 ,    0.009060 ,    0.267638 ,    0.047585 ,    0.085407 ,    0.005749 ,    0.085298 ,    0.295072 ,    0.064319 ,    0.093509 ,    0.214939 ,    0.010766 ,    0.092443 ,    1.247703 ,    1.773203 ,    0.017922 ,    0.034430 ,    0.053431 ,    0.419631 ,    1.184777 ,    0.009771 ,    0.008035 ,    0.066416 ,    0.136991 ,    0.192607 ,    0.027734 ,    0.063563 ,    0.076675 ,    0.086466 ,    0.076809 ,    0.063852 ,    0.015238 ,    0.045003 ,    0.041194 ,    0.100772 ,    0.044120 ,    0.046417 ,    0.057868 ,    0.039938 ,    0.039942 ,    0.012965 ,    0.262341 ,    0.106780 ,    0.077078 ,    0.006298 ,     Not run ,     Not run ,    0.001402 ,    0.002000 ,    0.004619 
ec2-c5n,32, Base_OpenMP , default     ,    0.023422 ,    0.203733 ,    0.034695 ,    0.024390 ,    0.028274 ,    0.102858 ,    0.152975 ,    0.097535 ,    0.135036 ,    0.072634 ,    0.040647 ,    3.651859 ,    0.005180 ,    0.002437 ,    0.003011 ,    0.010117 ,    0.258270 ,    0.056462 ,    0.093076 ,    0.005692 ,    0.093162 ,    0.239676 ,    0.073627 ,    0.119719 ,    0.228854 ,    0.012055 ,    0.112767 ,    1.379062 ,    1.941141 ,    0.020430 ,    0.038501 ,    0.060098 ,    0.438380 ,    1.308472 ,    0.010557 ,    0.008248 ,    0.072328 ,    0.149934 ,    0.209152 ,    0.030928 ,    0.070875 ,    0.083328 ,    0.092878 ,    0.083203 ,    0.071701 ,    0.017219 ,    0.050410 ,    0.046346 ,    0.121477 ,    0.049415 ,    0.045955 ,    0.048309 ,    0.044134 ,    0.044116 ,    0.014509 ,    0.294688 ,    0.130939 ,    0.084635 ,    0.006826 ,     Not run ,     Not run ,    0.001493 ,    0.002019 ,    0.004940 
ec2-c5n,18, Base_OpenMP , default     ,    0.020305 ,    0.172689 ,    0.034043 ,    0.031617 ,    0.032598 ,    0.085294 ,    0.131243 ,    0.091983 ,    0.115090 ,    0.059467 ,    0.040119 ,    2.784880 ,    0.004531 ,    0.001941 ,    0.002687 ,    0.009162 ,    0.282561 ,    0.052852 ,    0.079750 ,    0.007769 ,    0.079665 ,    0.297231 ,    0.063030 ,    0.133970 ,    0.209040 ,    0.012262 ,    0.096904 ,    0.398052 ,    0.482362 ,    0.029074 ,    0.016552 ,    0.050938 ,    0.402705 ,    0.275934 ,    0.009017 ,    0.009275 ,    0.059429 ,    0.128388 ,    0.187670 ,    0.012319 ,    0.063483 ,    0.071878 ,    0.080177 ,    0.071644 ,    0.064489 ,    0.016551 ,    0.049875 ,    0.045676 ,    0.106054 ,    0.039862 ,    0.028055 ,    0.024538 ,    0.059120 ,    0.059107 ,    0.012362 ,    0.236358 ,    0.111065 ,    0.072971 ,    0.009089 ,     Not run ,     Not run ,    0.002004 ,    0.002039 ,    0.004386 
ec2-c5n,16, Base_OpenMP , default     ,    0.022457 ,    0.193972 ,    0.037849 ,    0.035633 ,    0.036556 ,    0.109638 ,    0.145858 ,    0.101355 ,    0.137633 ,    0.078697 ,    0.044880 ,    2.730073 ,    0.004906 ,    0.001739 ,    0.002791 ,    0.009611 ,    0.254579 ,    0.062246 ,    0.087662 ,    0.008385 ,    0.087610 ,    0.294401 ,    0.073460 ,    0.122046 ,    0.232591 ,    0.013575 ,    0.114381 ,    0.400604 ,    0.518743 ,    0.033055 ,    0.018014 ,    0.060698 ,    0.440802 ,    0.260315 ,    0.008818 ,    0.009784 ,    0.064962 ,    0.140986 ,    0.206938 ,    0.013835 ,    0.074209 ,    0.078854 ,    0.087818 ,    0.078886 ,    0.072601 ,    0.019204 ,    0.055958 ,    0.051001 ,    0.124409 ,    0.044708 ,    0.025789 ,    0.022139 ,    0.065592 ,    0.065579 ,    0.013825 ,    0.265799 ,    0.132655 ,    0.082095 ,    0.009994 ,     Not run ,     Not run ,    0.002157 ,    0.001816 ,    0.004650 
ec2-c5n,8, Base_OpenMP , default     ,    0.057813 ,    0.387253 ,    0.088341 ,    0.073597 ,    0.075949 ,    0.289573 ,    0.279396 ,    0.190851 ,    0.250254 ,    0.204427 ,    0.084680 ,    2.307472 ,    0.008775 ,    0.002476 ,    0.006462 ,    0.018689 ,    0.343621 ,    0.173834 ,    0.237484 ,    0.014978 ,    0.240314 ,    0.362610 ,    0.225571 ,    0.199026 ,    0.415916 ,    0.028346 ,    0.330503 ,    0.776132 ,    0.990002 ,    0.058345 ,    0.028887 ,    0.176965 ,    1.377020 ,    0.508813 ,    0.007741 ,    0.015166 ,    0.129126 ,    0.369565 ,    0.540570 ,    0.027393 ,    0.219842 ,    0.215335 ,    0.239585 ,    0.210817 ,    0.220726 ,    0.041678 ,    0.105715 ,    0.103495 ,    0.296073 ,    0.089972 ,    0.011368 ,    0.007668 ,    0.130876 ,    0.130847 ,    0.028305 ,    0.531047 ,    0.345511 ,    0.163249 ,    0.021760 ,     Not run ,     Not run ,    0.003767 ,    0.004228 ,    0.011516 
ec2-c5n,4, Base_OpenMP , default     ,    0.120053 ,    0.768553 ,    0.147627 ,    0.146281 ,    0.150213 ,    0.383713 ,    0.556675 ,    0.383835 ,    0.477433 ,    0.267930 ,    0.167169 ,    2.329204 ,    0.017405 ,    0.004746 ,    0.012879 ,    0.037095 ,    0.442797 ,    0.281026 ,    0.457392 ,    0.029973 ,    0.461582 ,    0.553937 ,    0.378006 ,    0.302654 ,    0.670075 ,    0.053094 ,    0.530199 ,    1.429468 ,    2.048203 ,    0.116002 ,    0.050749 ,    0.301975 ,    2.735298 ,    1.307957 ,    0.013049 ,    0.029600 ,    0.249892 ,    0.760762 ,    1.087948 ,    0.047469 ,    0.375155 ,    0.410791 ,    0.463722 ,    0.407685 ,    0.379352 ,    0.080687 ,    0.218991 ,    0.201795 ,    0.465841 ,    0.178794 ,    0.013531 ,    0.010819 ,    0.261569 ,    0.261527 ,    0.057218 ,    1.060916 ,    0.577551 ,    0.324617 ,    0.043043 ,     Not run ,     Not run ,    0.007534 ,    0.008512 ,    0.023813 
ec2-c6a,192, Base_OpenMP , default     ,    0.011627 ,    0.017437 ,    0.013710 ,    0.006160 ,    0.010003 ,    0.030742 ,    0.059488 ,    0.054028 ,    0.033052 ,    0.023651 ,    0.023953 ,   27.234316 ,    0.003313 ,    0.008077 ,    0.009036 ,    0.004526 ,    0.025795 ,    0.025456 ,    0.044375 ,    0.015997 ,    0.043133 ,    0.206453 ,    0.030039 ,    0.026099 ,    0.041373 ,    0.004926 ,    0.044313 ,    0.100202 ,    0.137381 ,    0.011436 ,    0.008126 ,    0.050719 ,    0.300925 ,    0.087540 ,    0.016442 ,    0.004190 ,    0.038428 ,    0.072839 ,    0.112029 ,    0.004685 ,    0.031850 ,    0.038970 ,    0.065664 ,    0.037692 ,    0.031301 ,    0.004145 ,    0.010276 ,    0.008381 ,    0.028412 ,    0.010083 ,    0.132593 ,    0.415460 ,    0.009068 ,    0.008902 ,    0.003582 ,    0.014020 ,    0.039574 ,    0.013467 ,    0.004012 ,     Not run ,     Not run ,    0.002310 ,    0.002549 ,    0.003471 
ec2-c6a,96, Base_OpenMP , default     ,    0.014288 ,    0.023675 ,    0.013608 ,    0.008691 ,    0.011688 ,    0.027428 ,    0.059135 ,    0.048345 ,    0.030160 ,    0.021796 ,    0.020542 ,    8.502215 ,    0.003050 ,    0.003751 ,    0.004686 ,    0.005559 ,    0.027011 ,    0.027142 ,    0.047988 ,    0.007112 ,    0.049426 ,    0.200003 ,    0.036398 ,    0.027075 ,    0.039955 ,    0.004777 ,    0.041284 ,    0.176193 ,    0.223327 ,    0.017410 ,    0.008134 ,    0.041047 ,    0.244457 ,    0.095082 ,    0.015861 ,    0.004717 ,    0.093104 ,    0.069067 ,    0.100765 ,    0.007622 ,    0.034414 ,    0.042775 ,    0.052128 ,    0.046579 ,    0.035067 ,    0.005130 ,    0.015176 ,    0.011661 ,    0.031159 ,    0.012690 ,    0.075233 ,    0.088132 ,    0.011567 ,    0.011258 ,    0.004708 ,    0.023549 ,    0.039735 ,    0.021576 ,    0.004055 ,     Not run ,     Not run ,    0.001545 ,    0.002114 ,    0.003843 
ec2-c6a,48, Base_OpenMP , default     ,    0.012663 ,    0.029823 ,    0.012963 ,    0.010688 ,    0.012413 ,    0.026049 ,    0.041913 ,    0.034705 ,    0.031469 ,    0.019646 ,    0.015662 ,    3.304415 ,    0.003104 ,    0.002217 ,    0.003405 ,    0.005371 ,    0.041118 ,    0.024410 ,    0.038064 ,    0.003833 ,    0.040698 ,    0.193813 ,    0.030874 ,    0.024507 ,    0.037174 ,    0.004900 ,    0.034779 ,    0.080256 ,    0.114397 ,    0.017168 ,    0.004704 ,    0.032414 ,    0.175565 ,    0.074418 ,    0.015184 ,    0.004234 ,    0.053903 ,    0.053516 ,    0.077225 ,    0.003737 ,    0.028878 ,    0.033972 ,    0.039410 ,    0.037184 ,    0.029833 ,    0.005048 ,    0.016600 ,    0.012292 ,    0.029256 ,    0.012226 ,    0.038196 ,    0.025411 ,    0.014876 ,    0.014890 ,    0.004564 ,    0.040754 ,    0.035945 ,    0.022546 ,    0.004159 ,     Not run ,     Not run ,    0.001433 ,    0.001542 ,    0.003569 
ec2-c6a,32, Base_OpenMP , default     ,    0.017679 ,    0.041620 ,    0.017860 ,    0.015934 ,    0.018213 ,    0.031186 ,    0.052894 ,    0.042721 ,    0.045632 ,    0.024688 ,    0.018261 ,    2.969971 ,    0.003473 ,    0.001813 ,    0.003251 ,    0.007145 ,    0.034567 ,    0.031318 ,    0.047166 ,    0.003473 ,    0.047062 ,    0.232944 ,    0.037659 ,    0.031223 ,    0.045511 ,    0.006143 ,    0.042397 ,    0.116401 ,    0.164670 ,    0.018496 ,    0.005553 ,    0.036991 ,    0.199702 ,    0.108333 ,    0.011714 ,    0.005600 ,    0.088024 ,    0.066520 ,    0.097506 ,    0.004602 ,    0.034207 ,    0.042185 ,    0.046429 ,    0.049409 ,    0.035587 ,    0.006685 ,    0.023025 ,    0.016541 ,    0.037580 ,    0.017189 ,    0.026072 ,    0.020031 ,    0.021153 ,    0.021184 ,    0.006050 ,    0.058850 ,    0.044452 ,    0.032065 ,    0.006107 ,     Not run ,     Not run ,    0.001466 ,    0.001624 ,    0.004699 
ec2-c6a,16, Base_OpenMP , default     ,    0.020442 ,    0.077854 ,    0.033104 ,    0.030918 ,    0.036589 ,    0.037754 ,    0.092564 ,    0.073996 ,    0.087116 ,    0.029578 ,    0.032534 ,    2.698715 ,    0.004913 ,    0.001930 ,    0.004409 ,    0.012806 ,    0.117376 ,    0.043826 ,    0.055484 ,    0.004431 ,    0.054535 ,    0.223175 ,    0.045874 ,    0.070074 ,    0.143171 ,    0.010404 ,    0.050214 ,    0.229209 ,    0.317550 ,    0.027637 ,    0.008584 ,    0.041325 ,    0.318443 ,    0.216243 ,    0.008487 ,    0.007922 ,    0.055389 ,    0.090077 ,    0.146816 ,    0.007340 ,    0.040977 ,    0.049541 ,    0.063263 ,    0.048383 ,    0.041931 ,    0.011702 ,    0.044382 ,    0.031582 ,    0.054589 ,    0.032226 ,    0.013420 ,    0.010312 ,    0.041381 ,    0.041464 ,    0.010364 ,    0.115101 ,    0.054795 ,    0.061614 ,    0.010119 ,     Not run ,     Not run ,    0.002188 ,    0.003651 ,    0.006067 
ec2-c6a,8, Base_OpenMP , default     ,    0.020013 ,    0.149278 ,    0.063712 ,    0.057654 ,    0.064141 ,    0.121810 ,    0.172172 ,    0.132894 ,    0.170944 ,    0.088460 ,    0.056663 ,    2.594021 ,    0.008057 ,    0.002459 ,    0.004803 ,    0.023387 ,    0.362852 ,    0.068707 ,    0.075855 ,    0.007298 ,    0.066243 ,    0.547850 ,    0.050251 ,    0.184811 ,    0.426110 ,    0.019803 ,    0.072457 ,    0.437153 ,    0.615975 ,    0.051043 ,    0.015620 ,    0.047470 ,    0.435733 ,    0.416257 ,    0.009115 ,    0.008483 ,    0.084571 ,    0.135867 ,    0.244337 ,    0.013322 ,    0.043185 ,    0.067334 ,    0.105716 ,    0.053369 ,    0.045179 ,    0.024446 ,    0.084589 ,    0.080875 ,    0.222377 ,    0.061041 ,    0.010806 ,    0.009268 ,    0.079850 ,    0.079961 ,    0.019266 ,    0.224810 ,    0.155136 ,    0.118542 ,    0.014864 ,     Not run ,     Not run ,    0.003135 ,    0.004162 ,    0.006385 
ec2-c6a,4, Base_OpenMP , default     ,    0.043730 ,    0.294437 ,    0.143397 ,    0.105397 ,    0.117542 ,    0.442158 ,    0.338391 ,    0.261839 ,    0.320650 ,    0.309408 ,    0.109601 ,    2.059508 ,    0.015322 ,    0.003380 ,    0.011050 ,    0.045858 ,    0.586959 ,    0.247822 ,    0.152865 ,    0.013615 ,    0.151871 ,    0.592476 ,    0.269178 ,    0.342206 ,    0.789826 ,    0.041687 ,    0.492866 ,    0.861106 ,    1.233155 ,    0.100735 ,    0.027316 ,    0.217671 ,    1.181299 ,    0.818641 ,    0.007454 ,    0.015342 ,    0.161026 ,    0.324552 ,    0.482146 ,    0.025800 ,    0.270963 ,    0.142143 ,    0.212798 ,    0.120401 ,    0.267881 ,    0.060181 ,    0.169357 ,    0.170511 ,    0.496994 ,    0.121402 ,    0.006035 ,    0.004766 ,    0.159708 ,    0.159998 ,    0.037277 ,    0.445144 ,    0.566256 ,    0.237502 ,    0.025517 ,     Not run ,     Not run ,    0.005413 ,    0.004847 ,    0.015840 
ec2-c6a,192, Base_OpenMP , default     ,    0.011887 ,    0.017412 ,    0.013715 ,    0.006228 ,    0.010149 ,    0.030856 ,    0.059413 ,    0.057874 ,    0.033174 ,    0.023762 ,    0.023955 ,   27.079527 ,    0.003291 ,    0.007900 ,    0.008739 ,    0.004655 ,    0.026000 ,    0.025639 ,    0.044899 ,    0.015947 ,    0.043485 ,    0.206650 ,    0.030315 ,    0.025664 ,    0.041209 ,    0.004717 ,    0.043963 ,    0.101678 ,    0.137325 ,    0.011433 ,    0.007482 ,    0.050829 ,    0.300985 ,    0.087652 ,    0.016213 ,    0.004138 ,    0.054927 ,    0.073171 ,    0.111198 ,    0.005837 ,    0.031533 ,    0.039215 ,    0.061177 ,    0.037964 ,    0.031537 ,    0.004041 ,    0.010317 ,    0.008190 ,    0.028828 ,    0.009832 ,    0.134017 ,    0.464504 ,    0.009299 ,    0.008995 ,    0.003595 ,    0.013946 ,    0.040204 ,    0.013318 ,    0.004037 ,     Not run ,     Not run ,    0.002223 ,    0.002562 ,    0.003206 
ec2-c6a,96, Base_OpenMP , default     ,    0.014716 ,    0.022632 ,    0.013647 ,    0.008172 ,    0.011807 ,    0.026924 ,    0.059404 ,    0.046366 ,    0.030046 ,    0.021496 ,    0.020293 ,    8.976834 ,    0.003069 ,    0.003724 ,    0.004616 ,    0.005730 ,    0.036802 ,    0.026859 ,    0.047931 ,    0.007197 ,    0.051204 ,    0.198318 ,    0.036182 ,    0.027172 ,    0.039460 ,    0.004843 ,    0.040578 ,    0.181053 ,    0.243599 ,    0.017778 ,    0.006989 ,    0.050354 ,    0.247646 ,    0.183335 ,    0.015611 ,    0.004914 ,    0.098326 ,    0.068940 ,    0.099298 ,    0.007606 ,    0.034616 ,    0.043794 ,    0.052502 ,    0.047874 ,    0.035345 ,    0.005115 ,    0.015076 ,    0.011713 ,    0.030725 ,    0.012324 ,    0.074310 ,    0.094945 ,    0.011334 ,    0.011346 ,    0.004719 ,    0.023502 ,    0.039643 ,    0.021635 ,    0.003998 ,     Not run ,     Not run ,    0.001551 ,    0.002006 ,    0.003992 
ec2-c6a,48, Base_OpenMP , default     ,    0.012745 ,    0.029939 ,    0.012977 ,    0.010646 ,    0.012659 ,    0.024573 ,    0.041629 ,    0.034763 ,    0.032997 ,    0.019940 ,    0.015440 ,    3.442721 ,    0.003065 ,    0.002057 ,    0.003141 ,    0.005206 ,    0.025471 ,    0.024344 ,    0.037782 ,    0.003759 ,    0.038665 ,    0.192722 ,    0.030821 ,    0.025332 ,    0.037125 ,    0.004916 ,    0.034738 ,    0.079911 ,    0.114954 ,    0.016843 ,    0.004708 ,    0.033239 ,    0.175731 ,    0.074536 ,    0.015050 ,    0.004335 ,    0.052316 ,    0.054097 ,    0.078138 ,    0.003746 ,    0.028721 ,    0.034151 ,    0.039960 ,    0.036443 ,    0.030001 ,    0.005707 ,    0.016215 ,    0.012048 ,    0.029518 ,    0.012163 ,    0.039517 ,    0.026835 ,    0.014874 ,    0.014893 ,    0.004591 ,    0.040021 ,    0.035809 ,    0.022523 ,    0.004147 ,     Not run ,     Not run ,    0.001407 ,    0.001512 ,    0.003516 
ec2-c6a,32, Base_OpenMP , default     ,    0.016992 ,    0.041093 ,    0.017896 ,    0.015939 ,    0.018103 ,    0.030317 ,    0.052644 ,    0.042403 ,    0.045260 ,    0.024690 ,    0.018122 ,    2.777076 ,    0.003619 ,    0.002055 ,    0.003712 ,    0.006941 ,    0.036193 ,    0.031446 ,    0.046495 ,    0.003582 ,    0.046519 ,    0.231510 ,    0.037493 ,    0.031570 ,    0.045409 ,    0.006159 ,    0.042026 ,    0.116542 ,    0.165555 ,    0.018045 ,    0.005584 ,    0.039299 ,    0.195832 ,    0.108256 ,    0.011730 ,    0.005800 ,    0.050987 ,    0.066342 ,    0.097500 ,    0.004555 ,    0.033754 ,    0.042450 ,    0.054065 ,    0.050966 ,    0.035396 ,    0.006623 ,    0.022998 ,    0.016444 ,    0.037622 ,    0.016990 ,    0.025682 ,    0.020083 ,    0.021164 ,    0.021177 ,    0.005863 ,    0.058302 ,    0.044231 ,    0.031760 ,    0.006065 ,     Not run ,     Not run ,    0.001481 ,    0.001575 ,    0.004886 
ec2-c6a,16, Base_OpenMP , default     ,    0.020764 ,    0.077909 ,    0.033076 ,    0.030488 ,    0.036680 ,    0.035452 ,    0.092170 ,    0.079447 ,    0.087515 ,    0.029662 ,    0.032116 ,    2.697675 ,    0.004685 ,    0.001975 ,    0.004318 ,    0.012782 ,    0.117467 ,    0.052236 ,    0.055740 ,    0.004499 ,    0.053503 ,    0.225739 ,    0.046220 ,    0.069223 ,    0.142482 ,    0.010293 ,    0.050849 ,    0.225674 ,    0.319172 ,    0.027657 ,    0.008648 ,    0.040451 ,    0.272772 ,    0.215235 ,    0.008506 ,    0.007954 ,    0.052846 ,    0.091397 ,    0.145427 ,    0.007330 ,    0.040030 ,    0.049249 ,    0.064355 ,    0.049983 ,    0.042485 ,    0.011636 ,    0.043982 ,    0.031902 ,    0.053705 ,    0.032062 ,    0.013629 ,    0.010443 ,    0.041395 ,    0.041471 ,    0.010381 ,    0.115273 ,    0.054519 ,    0.061656 ,    0.009927 ,     Not run ,     Not run ,    0.002229 ,    0.003599 ,    0.006159 
ec2-c6a,8, Base_OpenMP , default     ,    0.019851 ,    0.147635 ,    0.063495 ,    0.057761 ,    0.064463 ,    0.118535 ,    0.171997 ,    0.132638 ,    0.167981 ,    0.085843 ,    0.056495 ,    2.962053 ,    0.008088 ,    0.002197 ,    0.004865 ,    0.023632 ,    0.364699 ,    0.067397 ,    0.076197 ,    0.007180 ,    0.065487 ,    0.546791 ,    0.050454 ,    0.184289 ,    0.425731 ,    0.019798 ,    0.097317 ,    0.429642 ,    0.595458 ,    0.050974 ,    0.014221 ,    0.049291 ,    0.434714 ,    0.399277 ,    0.009112 ,    0.008212 ,    0.083368 ,    0.135450 ,    0.243023 ,    0.013244 ,    0.043073 ,    0.067307 ,    0.106685 ,    0.056400 ,    0.045001 ,    0.023721 ,    0.084393 ,    0.080187 ,    0.224451 ,    0.060736 ,    0.011072 ,    0.009362 ,    0.080316 ,    0.080027 ,    0.018578 ,    0.221605 ,    0.154538 ,    0.119529 ,    0.014831 ,     Not run ,     Not run ,    0.003084 ,    0.004331 ,    0.006680 
ec2-c6a,4, Base_OpenMP , default     ,    0.049543 ,    0.293749 ,    0.145041 ,    0.106992 ,    0.118013 ,    0.441250 ,    0.338269 ,    0.260992 ,    0.320736 ,    0.309529 ,    0.109545 ,    2.639531 ,    0.015468 ,    0.003519 ,    0.006421 ,    0.045920 ,    0.589402 ,    0.246705 ,    0.196051 ,    0.013542 ,    0.204516 ,    0.640851 ,    0.266087 ,    0.343884 ,    0.790312 ,    0.041967 ,    0.495156 ,    0.877407 ,    1.211627 ,    0.100172 ,    0.026282 ,    0.217275 ,    1.142372 ,    0.861607 ,    0.007353 ,    0.015083 ,    0.158444 ,    0.334009 ,    0.509763 ,    0.025759 ,    0.266306 ,    0.172485 ,    0.228824 ,    0.160552 ,    0.266426 ,    0.059203 ,    0.168515 ,    0.171284 ,    0.496049 ,    0.121288 ,    0.005828 ,    0.004402 ,    0.159509 ,    0.159711 ,    0.037344 ,    0.442564 ,    0.560280 ,    0.237545 ,    0.025619 ,     Not run ,     Not run ,    0.005314 ,    0.004848 ,    0.009481 
ec2-c6a,192, Base_OpenMP , default     ,    0.011801 ,    0.017413 ,    0.013819 ,    0.006357 ,    0.010176 ,    0.031038 ,    0.059708 ,    0.054010 ,    0.033970 ,    0.023889 ,    0.023906 ,   27.074247 ,    0.003066 ,    0.008118 ,    0.008924 ,    0.004440 ,    0.026216 ,    0.025645 ,    0.044578 ,    0.016120 ,    0.043209 ,    0.207404 ,    0.032407 ,    0.025162 ,    0.040847 ,    0.004923 ,    0.043874 ,    0.102345 ,    0.137291 ,    0.011402 ,    0.008436 ,    0.043705 ,    0.299872 ,    0.089208 ,    0.016353 ,    0.004140 ,    0.039676 ,    0.073010 ,    0.114108 ,    0.005718 ,    0.030600 ,    0.039051 ,    0.060301 ,    0.037579 ,    0.031209 ,    0.004088 ,    0.010269 ,    0.008449 ,    0.028562 ,    0.009836 ,    0.133813 ,    0.487032 ,    0.009230 ,    0.009097 ,    0.003591 ,    0.013808 ,    0.039835 ,    0.013572 ,    0.004002 ,     Not run ,     Not run ,    0.002195 ,    0.002571 ,    0.003244 
ec2-c6a,96, Base_OpenMP , default     ,    0.014328 ,    0.022035 ,    0.013636 ,    0.008723 ,    0.011646 ,    0.026964 ,    0.057126 ,    0.045906 ,    0.028994 ,    0.021464 ,    0.020291 ,    8.961892 ,    0.003228 ,    0.003589 ,    0.004542 ,    0.005539 ,    0.027587 ,    0.026831 ,    0.055843 ,    0.006402 ,    0.056741 ,    0.198496 ,    0.036224 ,    0.025715 ,    0.039565 ,    0.004766 ,    0.040692 ,    0.181493 ,    0.243119 ,    0.017571 ,    0.008999 ,    0.040699 ,    0.245831 ,    0.178740 ,    0.015784 ,    0.004649 ,    0.091907 ,    0.068640 ,    0.102900 ,    0.007592 ,    0.034073 ,    0.043303 ,    0.052790 ,    0.047275 ,    0.034706 ,    0.005077 ,    0.015135 ,    0.011600 ,    0.031004 ,    0.012629 ,    0.074497 ,    0.092570 ,    0.011157 ,    0.011402 ,    0.004719 ,    0.023534 ,    0.039366 ,    0.021548 ,    0.003949 ,     Not run ,     Not run ,    0.001548 ,    0.002005 ,    0.004049 
ec2-c6a,48, Base_OpenMP , default     ,    0.012664 ,    0.029602 ,    0.012946 ,    0.010292 ,    0.012453 ,    0.027044 ,    0.041957 ,    0.035278 ,    0.033398 ,    0.019698 ,    0.015615 ,    3.107341 ,    0.002899 ,    0.002096 ,    0.003242 ,    0.005366 ,    0.025598 ,    0.024242 ,    0.038249 ,    0.003839 ,    0.040597 ,    0.193743 ,    0.030809 ,    0.029425 ,    0.036957 ,    0.004833 ,    0.034581 ,    0.079782 ,    0.115306 ,    0.017325 ,    0.004747 ,    0.038804 ,    0.175470 ,    0.074441 ,    0.015088 ,    0.004268 ,    0.053600 ,    0.053477 ,    0.077324 ,    0.003748 ,    0.028800 ,    0.034255 ,    0.040238 ,    0.036525 ,    0.029741 ,    0.005126 ,    0.016371 ,    0.012048 ,    0.029189 ,    0.012197 ,    0.039268 ,    0.027588 ,    0.014865 ,    0.015117 ,    0.004525 ,    0.040073 ,    0.035782 ,    0.022397 ,    0.004140 ,     Not run ,     Not run ,    0.001428 ,    0.001538 ,    0.003473 
ec2-c6a,32, Base_OpenMP , default     ,    0.017427 ,    0.041581 ,    0.017904 ,    0.015442 ,    0.018045 ,    0.030377 ,    0.052601 ,    0.042612 ,    0.045409 ,    0.024517 ,    0.018218 ,    2.908130 ,    0.003228 ,    0.002084 ,    0.003493 ,    0.006999 ,    0.035950 ,    0.031166 ,    0.047226 ,    0.003564 ,    0.047310 ,    0.233030 ,    0.037342 ,    0.031070 ,    0.045286 ,    0.006158 ,    0.042257 ,    0.115970 ,    0.165196 ,    0.018248 ,    0.005609 ,    0.035667 ,    0.201972 ,    0.108640 ,    0.011888 ,    0.005953 ,    0.045061 ,    0.066271 ,    0.097389 ,    0.004671 ,    0.033828 ,    0.042363 ,    0.046081 ,    0.075209 ,    0.035364 ,    0.006634 ,    0.023004 ,    0.016498 ,    0.037592 ,    0.017154 ,    0.026173 ,    0.020666 ,    0.021187 ,    0.021211 ,    0.005839 ,    0.058826 ,    0.044269 ,    0.031883 ,    0.006085 ,     Not run ,     Not run ,    0.001478 ,    0.001534 ,    0.004861 
ec2-c6a,16, Base_OpenMP , default     ,    0.020287 ,    0.077894 ,    0.032981 ,    0.030668 ,    0.036946 ,    0.034939 ,    0.092316 ,    0.073583 ,    0.086931 ,    0.028232 ,    0.031873 ,    2.630379 ,    0.005116 ,    0.001878 ,    0.004067 ,    0.012802 ,    0.122354 ,    0.042732 ,    0.055398 ,    0.004444 ,    0.053036 ,    0.255026 ,    0.045663 ,    0.069082 ,    0.142592 ,    0.010195 ,    0.049749 ,    0.225812 ,    0.316665 ,    0.027590 ,    0.008467 ,    0.041186 ,    0.270435 ,    0.214212 ,    0.008566 ,    0.008034 ,    0.052541 ,    0.089705 ,    0.144737 ,    0.007329 ,    0.040079 ,    0.049503 ,    0.062666 ,    0.049678 ,    0.041607 ,    0.011717 ,    0.044027 ,    0.033807 ,    0.058633 ,    0.032395 ,    0.013462 ,    0.010073 ,    0.041375 ,    0.041426 ,    0.010254 ,    0.115118 ,    0.055344 ,    0.061597 ,    0.010101 ,     Not run ,     Not run ,    0.002190 ,    0.003659 ,    0.006021 
ec2-c6a,8, Base_OpenMP , default     ,    0.019769 ,    0.147768 ,    0.063392 ,    0.057850 ,    0.065940 ,    0.119446 ,    0.172104 ,    0.133588 ,    0.166455 ,    0.088074 ,    0.056645 ,    2.964173 ,    0.008322 ,    0.002145 ,    0.004711 ,    0.023385 ,    0.365316 ,    0.067324 ,    0.075979 ,    0.007188 ,    0.064794 ,    0.561696 ,    0.050716 ,    0.184647 ,    0.427846 ,    0.019938 ,    0.068329 ,    0.440161 ,    0.615397 ,    0.051108 ,    0.014267 ,    0.056885 ,    0.434884 ,    0.417851 ,    0.009303 ,    0.007972 ,    0.086998 ,    0.136192 ,    0.239967 ,    0.013304 ,    0.045735 ,    0.067364 ,    0.105651 ,    0.053128 ,    0.044696 ,    0.023728 ,    0.084392 ,    0.081890 ,    0.221303 ,    0.060520 ,    0.010642 ,    0.008997 ,    0.079924 ,    0.079978 ,    0.018822 ,    0.222104 ,    0.147478 ,    0.118728 ,    0.014992 ,     Not run ,     Not run ,    0.003114 ,    0.004003 ,    0.006191 
ec2-c6a,4, Base_OpenMP , default     ,    0.059101 ,    0.295005 ,    0.143980 ,    0.106065 ,    0.118236 ,    0.441483 ,    0.338491 ,    0.261021 ,    0.319081 ,    0.311766 ,    0.109555 ,    2.057142 ,    0.015385 ,    0.003470 ,    0.006514 ,    0.045982 ,    0.594029 ,    0.245739 ,    0.199051 ,    0.013677 ,    0.206321 ,    0.588995 ,    0.268290 ,    0.343527 ,    0.793440 ,    0.041654 ,    0.491546 ,    0.865838 ,    1.206100 ,    0.100246 ,    0.027115 ,    0.217200 ,    1.228738 ,    0.818860 ,    0.007643 ,    0.015170 ,    0.170860 ,    0.353735 ,    0.531904 ,    0.025717 ,    0.268344 ,    0.186203 ,    0.229921 ,    0.194728 ,    0.259120 ,    0.059225 ,    0.168644 ,    0.170489 ,    0.495503 ,    0.122142 ,    0.006053 ,    0.004863 ,    0.159429 ,    0.159631 ,    0.037190 ,    0.441417 ,    0.564293 ,    0.237114 ,    0.024966 ,     Not run ,     Not run ,    0.006544 ,    0.009812 ,    0.010101 
ec2-c6i,128, Base_OpenMP , default     ,    0.008292 ,    0.055743 ,    0.008845 ,    0.006520 ,    0.010295 ,    0.014911 ,    0.050850 ,    0.050344 ,    0.035694 ,    0.011372 ,    0.020440 ,    3.148564 ,    0.002269 ,    0.003898 ,    0.003640 ,    0.003912 ,    0.038773 ,    0.015609 ,    0.031981 ,    0.007471 ,    0.031839 ,    0.236059 ,    0.018444 ,    0.022763 ,    0.058854 ,    0.003334 ,    0.018760 ,    0.206528 ,    0.250193 ,    0.008565 ,    0.009537 ,    0.023727 ,    0.182384 ,    0.107020 ,    0.005570 ,    0.002456 ,    0.032035 ,    0.057632 ,    0.083315 ,    0.007783 ,    0.016740 ,    0.028693 ,    0.036957 ,    0.028466 ,    0.016875 ,    0.004422 ,    0.013460 ,    0.010475 ,    0.028859 ,    0.012031 ,    0.098948 ,    0.113897 ,    0.012563 ,    0.012551 ,    0.003845 ,    0.201015 ,    0.021587 ,    0.019771 ,    0.002973 ,     Not run ,     Not run ,    0.001082 ,    0.001594 ,    0.001708 
ec2-c6i,64, Base_OpenMP , default     ,    0.007739 ,    0.101974 ,    0.018556 ,    0.011034 ,    0.015096 ,    0.046830 ,    0.059755 ,    0.059455 ,    0.057179 ,    0.032881 ,    0.024103 ,    2.626847 ,    0.002834 ,    0.002529 ,    0.002223 ,    0.005242 ,    0.082342 ,    0.036647 ,    0.030187 ,    0.004640 ,    0.030189 ,    0.191068 ,    0.031347 ,    0.041727 ,    0.087132 ,    0.005148 ,    0.066301 ,    0.420903 ,    0.496251 ,    0.010218 ,    0.014308 ,    0.024928 ,    0.177441 ,    0.205719 ,    0.005386 ,    0.002622 ,    0.046558 ,    0.062416 ,    0.103297 ,    0.013296 ,    0.030848 ,    0.027093 ,    0.032948 ,    0.026799 ,    0.029264 ,    0.007441 ,    0.024306 ,    0.019281 ,    0.053324 ,    0.021035 ,    0.052323 ,    0.039376 ,    0.023996 ,    0.023983 ,    0.006544 ,    0.151796 ,    0.063421 ,    0.037243 ,    0.003685 ,     Not run ,     Not run ,    0.000957 ,    0.001183 ,    0.001462 
ec2-c6i,32, Base_OpenMP , default     ,    0.006349 ,    0.091076 ,    0.016182 ,    0.016174 ,    0.018571 ,    0.046836 ,    0.053489 ,    0.052920 ,    0.053579 ,    0.032954 ,    0.020668 ,    2.422605 ,    0.002768 ,    0.001560 ,    0.001701 ,    0.005335 ,    0.082528 ,    0.036055 ,    0.024995 ,    0.004771 ,    0.024825 ,    0.188791 ,    0.030865 ,    0.042420 ,    0.091900 ,    0.005244 ,    0.065321 ,    0.112244 ,    0.158769 ,    0.015595 ,    0.004923 ,    0.020747 ,    0.151715 ,    0.105416 ,    0.004400 ,    0.002768 ,    0.029708 ,    0.050643 ,    0.084186 ,    0.004108 ,    0.028217 ,    0.022505 ,    0.043443 ,    0.019938 ,    0.026232 ,    0.007253 ,    0.024114 ,    0.017996 ,    0.052878 ,    0.015885 ,    0.033442 ,    0.033759 ,    0.027516 ,    0.027515 ,    0.005582 ,    0.136238 ,    0.063224 ,    0.036099 ,    0.004979 ,     Not run ,     Not run ,    0.001201 ,    0.000950 ,    0.001200 
ec2-c6i,16, Base_OpenMP , default     ,    0.035239 ,    0.180646 ,    0.031505 ,    0.033085 ,    0.034508 ,    0.090112 ,    0.092603 ,    0.092069 ,    0.098867 ,    0.062213 ,    0.035565 ,    2.157181 ,    0.003944 ,    0.001283 ,    0.003553 ,    0.009169 ,    0.195921 ,    0.072552 ,    0.103678 ,    0.007501 ,    0.105553 ,    0.133697 ,    0.094063 ,    0.104161 ,    0.220720 ,    0.010663 ,    0.136417 ,    0.221227 ,    0.313523 ,    0.025923 ,    0.008480 ,    0.082423 ,    0.510405 ,    0.206143 ,    0.003232 ,    0.008680 ,    0.053643 ,    0.186777 ,    0.254032 ,    0.007815 ,    0.091407 ,    0.083136 ,    0.145682 ,    0.084153 ,    0.092033 ,    0.014499 ,    0.046910 ,    0.041735 ,    0.131974 ,    0.030658 ,    0.012502 ,    0.005296 ,    0.053953 ,    0.053954 ,    0.010830 ,    0.271890 ,    0.131872 ,    0.071750 ,    0.009532 ,     Not run ,     Not run ,    0.001858 ,    0.001247 ,    0.004834 
ec2-c6i,8, Base_OpenMP , default     ,    0.061279 ,    0.360740 ,    0.059585 ,    0.066816 ,    0.072980 ,    0.162464 ,    0.180750 ,    0.180432 ,    0.196183 ,    0.114974 ,    0.069455 ,    2.131720 ,    0.007637 ,    0.002194 ,    0.005627 ,    0.018176 ,    0.245085 ,    0.108010 ,    0.249939 ,    0.014485 ,    0.249508 ,    0.225502 ,    0.189259 ,    0.146206 ,    0.313359 ,    0.020834 ,    0.209946 ,    0.446415 ,    0.628763 ,    0.051486 ,    0.017096 ,    0.135559 ,    1.174513 ,    0.414257 ,    0.004865 ,    0.013919 ,    0.086595 ,    0.391149 ,    0.477571 ,    0.015862 ,    0.190132 ,    0.225631 ,    0.246425 ,    0.225396 ,    0.193151 ,    0.029487 ,    0.093279 ,    0.081396 ,    0.215568 ,    0.061071 ,    0.008806 ,    0.005760 ,    0.107793 ,    0.107761 ,    0.021439 ,    0.543657 ,    0.245199 ,    0.143217 ,    0.019962 ,     Not run ,     Not run ,    0.003621 ,    0.006279 ,    0.012490 
ec2-c6i,4, Base_OpenMP , default     ,    0.067588 ,    0.721055 ,    0.109977 ,    0.125535 ,    0.133450 ,    0.274539 ,    0.358875 ,    0.355383 ,    0.375900 ,    0.193620 ,    0.137779 ,    2.251433 ,    0.015086 ,    0.004143 ,    0.007528 ,    0.036013 ,    0.299724 ,    0.189509 ,    0.274498 ,    0.028691 ,    0.275772 ,    0.384645 ,    0.225727 ,    0.252828 ,    0.510920 ,    0.040258 ,    0.358631 ,    0.896531 ,    1.259600 ,    0.102610 ,    0.032667 ,    0.178765 ,    1.476342 ,    0.830678 ,    0.008506 ,    0.017344 ,    0.164342 ,    0.446971 ,    0.600544 ,    0.030427 ,    0.219794 ,    0.250607 ,    0.294539 ,    0.250703 ,    0.225240 ,    0.058783 ,    0.186120 ,    0.158540 ,    0.363816 ,    0.122056 ,    0.009009 ,    0.007672 ,    0.215046 ,    0.214951 ,    0.043058 ,    1.087168 ,    0.431706 ,    0.285545 ,    0.035412 ,     Not run ,     Not run ,    0.007188 ,    0.007124 ,    0.013758 
ec2-c6i,128, Base_OpenMP , default     ,    0.008086 ,    0.055478 ,    0.008834 ,    0.006988 ,    0.009754 ,    0.015471 ,    0.049388 ,    0.049124 ,    0.035678 ,    0.012394 ,    0.019838 ,    2.924159 ,    0.002366 ,    0.003460 ,    0.003241 ,    0.003927 ,    0.038090 ,    0.015343 ,    0.031238 ,    0.006632 ,    0.031100 ,    0.241186 ,    0.018040 ,    0.023157 ,    0.059137 ,    0.003316 ,    0.017856 ,    0.206574 ,    0.250758 ,    0.008552 ,    0.008952 ,    0.022737 ,    0.177629 ,    0.111988 ,    0.005457 ,    0.002401 ,    0.031774 ,    0.055877 ,    0.081696 ,    0.007797 ,    0.016304 ,    0.027801 ,    0.037241 ,    0.027866 ,    0.016339 ,    0.004405 ,    0.013473 ,    0.010446 ,    0.028694 ,    0.011917 ,    0.115375 ,    0.138041 ,    0.012518 ,    0.012520 ,    0.003821 ,    0.192768 ,    0.021330 ,    0.019746 ,    0.002900 ,     Not run ,     Not run ,    0.001086 ,    0.001510 ,    0.001657 
ec2-c6i,64, Base_OpenMP , default     ,    0.007823 ,    0.102152 ,    0.018557 ,    0.011014 ,    0.014518 ,    0.046944 ,    0.060596 ,    0.059827 ,    0.057588 ,    0.032958 ,    0.024107 ,    2.691505 ,    0.003281 ,    0.002113 ,    0.002098 ,    0.005769 ,    0.080993 ,    0.036680 ,    0.030426 ,    0.004334 ,    0.031527 ,    0.191114 ,    0.030656 ,    0.041768 ,    0.088200 ,    0.005164 ,    0.066105 ,    0.417882 ,    0.500086 ,    0.010227 ,    0.014244 ,    0.024748 ,    0.179773 ,    0.204901 ,    0.005413 ,    0.002678 ,    0.046629 ,    0.063018 ,    0.103016 ,    0.013235 ,    0.029944 ,    0.028445 ,    0.033190 ,    0.027005 ,    0.030255 ,    0.007443 ,    0.024315 ,    0.019412 ,    0.053205 ,    0.021040 ,    0.052620 ,    0.062524 ,    0.024000 ,    0.023975 ,    0.006545 ,    0.151826 ,    0.063852 ,    0.037261 ,    0.003671 ,     Not run ,     Not run ,    0.000960 ,    0.001219 ,    0.001480 
ec2-c6i,32, Base_OpenMP , default     ,    0.006503 ,    0.091205 ,    0.016142 ,    0.017036 ,    0.017988 ,    0.046997 ,    0.054136 ,    0.053444 ,    0.053633 ,    0.033042 ,    0.020945 ,    2.353389 ,    0.002813 ,    0.001695 ,    0.001764 ,    0.005287 ,    0.084977 ,    0.036361 ,    0.025536 ,    0.004873 ,    0.025335 ,    0.188415 ,    0.031227 ,    0.042258 ,    0.091196 ,    0.005245 ,    0.065991 ,    0.112648 ,    0.158526 ,    0.015561 ,    0.004783 ,    0.021023 ,    0.154495 ,    0.105632 ,    0.004410 ,    0.002810 ,    0.029862 ,    0.050759 ,    0.084667 ,    0.004132 ,    0.029105 ,    0.022963 ,    0.044310 ,    0.020268 ,    0.026413 ,    0.007273 ,    0.024120 ,    0.018350 ,    0.052669 ,    0.015883 ,    0.034499 ,    0.021690 ,    0.027536 ,    0.027541 ,    0.005602 ,    0.136247 ,    0.063752 ,    0.036086 ,    0.004999 ,     Not run ,     Not run ,    0.001232 ,    0.000986 ,    0.001314 
ec2-c6i,16, Base_OpenMP , default     ,    0.034778 ,    0.180661 ,    0.032820 ,    0.033063 ,    0.034494 ,    0.101469 ,    0.092462 ,    0.091958 ,    0.098834 ,    0.068344 ,    0.035494 ,    2.153527 ,    0.003949 ,    0.001271 ,    0.003476 ,    0.009211 ,    0.193819 ,    0.069643 ,    0.100331 ,    0.007510 ,    0.102541 ,    0.130846 ,    0.094226 ,    0.104056 ,    0.220923 ,    0.010760 ,    0.135760 ,    0.222078 ,    0.314678 ,    0.026090 ,    0.008546 ,    0.081576 ,    0.503535 ,    0.206667 ,    0.003219 ,    0.008615 ,    0.055223 ,    0.187073 ,    0.253279 ,    0.007935 ,    0.092154 ,    0.085845 ,    0.146800 ,    0.086085 ,    0.091763 ,    0.014576 ,    0.046883 ,    0.042188 ,    0.133649 ,    0.030635 ,    0.012460 ,    0.005214 ,    0.053907 ,    0.053925 ,    0.010828 ,    0.271931 ,    0.137024 ,    0.071777 ,    0.009548 ,     Not run ,     Not run ,    0.001857 ,    0.001145 ,    0.004758 
ec2-c6i,8, Base_OpenMP , default     ,    0.061143 ,    0.360732 ,    0.060039 ,    0.066762 ,    0.072952 ,    0.164738 ,    0.180927 ,    0.180401 ,    0.196277 ,    0.113982 ,    0.069453 ,    2.294705 ,    0.007626 ,    0.002206 ,    0.005651 ,    0.018140 ,    0.231987 ,    0.109313 ,    0.249707 ,    0.014493 ,    0.249146 ,    0.224757 ,    0.184400 ,    0.146505 ,    0.315565 ,    0.020760 ,    0.216020 ,    0.443296 ,    0.625483 ,    0.051524 ,    0.017031 ,    0.130122 ,    1.115871 ,    0.414396 ,    0.004867 ,    0.013842 ,    0.086806 ,    0.389296 ,    0.478139 ,    0.015804 ,    0.188038 ,    0.225691 ,    0.246434 ,    0.225158 ,    0.191424 ,    0.029667 ,    0.093291 ,    0.082032 ,    0.218976 ,    0.061079 ,    0.009190 ,    0.005703 ,    0.107576 ,    0.107536 ,    0.021390 ,    0.543595 ,    0.248246 ,    0.143206 ,    0.019948 ,     Not run ,     Not run ,    0.003628 ,    0.006266 ,    0.012491 
ec2-c6i,4, Base_OpenMP , default     ,    0.067057 ,    0.720951 ,    0.110627 ,    0.125513 ,    0.133792 ,    0.279369 ,    0.358922 ,    0.355348 ,    0.376450 ,    0.195832 ,    0.138151 ,    2.254140 ,    0.015055 ,    0.004164 ,    0.007506 ,    0.036016 ,    0.304551 ,    0.193677 ,    0.268026 ,    0.028710 ,    0.268758 ,    0.397823 ,    0.238284 ,    0.253539 ,    0.513479 ,    0.040489 ,    0.362498 ,    0.898053 ,    1.260712 ,    0.102800 ,    0.032874 ,    0.186458 ,    1.497609 ,    0.832349 ,    0.008566 ,    0.017563 ,    0.162891 ,    0.443422 ,    0.593047 ,    0.030671 ,    0.239089 ,    0.246172 ,    0.290470 ,    0.245133 ,    0.233761 ,    0.059269 ,    0.186104 ,    0.159060 ,    0.364777 ,    0.122213 ,    0.009144 ,    0.007589 ,    0.215395 ,    0.215290 ,    0.043133 ,    1.087055 ,    0.434921 ,    0.285647 ,    0.035489 ,     Not run ,     Not run ,    0.007186 ,    0.007132 ,    0.013666 
ec2-c6i,128, Base_OpenMP , default     ,    0.008356 ,    0.055885 ,    0.008915 ,    0.007033 ,    0.010183 ,    0.014969 ,    0.053965 ,    0.051153 ,    0.034959 ,    0.010818 ,    0.020725 ,    2.840031 ,    0.002582 ,    0.003446 ,    0.003232 ,    0.004301 ,    0.038163 ,    0.015590 ,    0.034008 ,    0.006351 ,    0.032574 ,    0.236423 ,    0.018502 ,    0.022538 ,    0.059526 ,    0.003350 ,    0.018674 ,    0.207775 ,    0.252917 ,    0.008479 ,    0.009576 ,    0.023560 ,    0.182878 ,    0.108697 ,    0.005522 ,    0.002535 ,    0.031820 ,    0.059479 ,    0.085317 ,    0.007899 ,    0.017210 ,    0.030374 ,    0.037953 ,    0.029920 ,    0.017119 ,    0.004422 ,    0.013516 ,    0.010461 ,    0.028564 ,    0.012056 ,    0.102630 ,    0.121708 ,    0.012560 ,    0.012512 ,    0.003853 ,    0.199967 ,    0.019568 ,    0.019755 ,    0.002996 ,     Not run ,     Not run ,    0.001103 ,    0.001598 ,    0.001728 
ec2-c6i,64, Base_OpenMP , default     ,    0.007772 ,    0.101997 ,    0.018550 ,    0.010998 ,    0.014683 ,    0.046867 ,    0.059645 ,    0.059612 ,    0.056904 ,    0.032910 ,    0.024010 ,    2.887230 ,    0.002888 ,    0.002175 ,    0.002245 ,    0.005721 ,    0.079848 ,    0.036777 ,    0.030001 ,    0.004641 ,    0.030060 ,    0.191152 ,    0.031353 ,    0.041277 ,    0.088849 ,    0.005157 ,    0.066803 ,    0.411610 ,    0.497256 ,    0.010211 ,    0.014603 ,    0.024639 ,    0.177111 ,    0.208958 ,    0.005402 ,    0.002625 ,    0.046388 ,    0.062364 ,    0.102697 ,    0.013389 ,    0.029668 ,    0.027061 ,    0.032876 ,    0.026920 ,    0.028613 ,    0.007456 ,    0.024297 ,    0.019348 ,    0.053511 ,    0.020986 ,    0.051751 ,    0.041641 ,    0.023964 ,    0.023972 ,    0.006535 ,    0.151803 ,    0.064013 ,    0.037227 ,    0.003681 ,     Not run ,     Not run ,    0.000941 ,    0.001204 ,    0.001435 
ec2-c6i,32, Base_OpenMP , default     ,    0.006530 ,    0.091198 ,    0.016095 ,    0.016892 ,    0.017601 ,    0.047167 ,    0.053827 ,    0.053107 ,    0.053595 ,    0.033153 ,    0.020907 ,    2.427074 ,    0.002737 ,    0.001571 ,    0.001755 ,    0.005312 ,    0.083156 ,    0.036026 ,    0.025713 ,    0.004789 ,    0.025369 ,    0.188772 ,    0.031696 ,    0.042082 ,    0.091972 ,    0.005222 ,    0.065559 ,    0.112929 ,    0.159446 ,    0.015572 ,    0.004903 ,    0.020964 ,    0.154315 ,    0.105409 ,    0.004346 ,    0.002814 ,    0.029725 ,    0.050533 ,    0.084054 ,    0.004131 ,    0.026854 ,    0.023115 ,    0.044155 ,    0.020331 ,    0.025845 ,    0.007292 ,    0.024117 ,    0.018113 ,    0.052656 ,    0.015851 ,    0.034664 ,    0.022561 ,    0.027492 ,    0.027552 ,    0.005647 ,    0.136336 ,    0.063405 ,    0.036100 ,    0.005012 ,     Not run ,     Not run ,    0.001208 ,    0.000995 ,    0.001309 
ec2-c6i,16, Base_OpenMP , default     ,    0.034629 ,    0.180672 ,    0.031693 ,    0.032947 ,    0.034646 ,    0.091684 ,    0.092606 ,    0.091911 ,    0.098856 ,    0.063268 ,    0.035577 ,    2.219801 ,    0.003951 ,    0.001279 ,    0.003534 ,    0.009196 ,    0.197118 ,    0.070880 ,    0.097951 ,    0.007520 ,    0.099696 ,    0.130274 ,    0.094428 ,    0.103915 ,    0.220000 ,    0.010792 ,    0.136873 ,    0.221712 ,    0.314187 ,    0.025912 ,    0.008562 ,    0.082002 ,    0.504183 ,    0.207322 ,    0.003252 ,    0.008605 ,    0.052926 ,    0.186623 ,    0.252001 ,    0.007878 ,    0.092403 ,    0.086293 ,    0.147001 ,    0.086763 ,    0.091861 ,    0.014617 ,    0.046906 ,    0.041897 ,    0.130405 ,    0.030662 ,    0.012643 ,    0.005304 ,    0.053919 ,    0.053913 ,    0.010843 ,    0.271899 ,    0.133246 ,    0.071711 ,    0.009580 ,     Not run ,     Not run ,    0.001875 ,    0.001135 ,    0.004892 
ec2-c6i,8, Base_OpenMP , default     ,    0.061275 ,    0.360807 ,    0.060601 ,    0.067165 ,    0.073064 ,    0.162797 ,    0.180998 ,    0.180398 ,    0.196076 ,    0.115046 ,    0.069443 ,    2.215875 ,    0.007641 ,    0.002200 ,    0.005638 ,    0.018154 ,    0.232107 ,    0.106977 ,    0.250001 ,    0.014494 ,    0.249555 ,    0.229594 ,    0.189010 ,    0.146292 ,    0.312517 ,    0.020894 ,    0.219492 ,    0.446601 ,    0.629845 ,    0.051425 ,    0.017314 ,    0.133003 ,    1.117049 ,    0.416186 ,    0.004916 ,    0.013851 ,    0.086408 ,    0.389525 ,    0.478065 ,    0.016048 ,    0.191572 ,    0.225700 ,    0.246441 ,    0.225347 ,    0.191006 ,    0.029438 ,    0.093312 ,    0.081447 ,    0.218703 ,    0.061071 ,    0.009210 ,    0.005696 ,    0.107673 ,    0.107625 ,    0.021572 ,    0.543684 ,    0.243133 ,    0.143189 ,    0.019945 ,     Not run ,     Not run ,    0.003635 ,    0.006232 ,    0.012535 
ec2-c6i,4, Base_OpenMP , default     ,    0.068041 ,    0.721018 ,    0.109956 ,    0.126181 ,    0.133504 ,    0.280180 ,    0.358931 ,    0.354766 ,    0.376016 ,    0.195794 ,    0.137781 ,    2.320177 ,    0.015087 ,    0.004198 ,    0.007601 ,    0.036034 ,    0.306699 ,    0.194091 ,    0.273933 ,    0.028696 ,    0.275207 ,    0.394201 ,    0.232356 ,    0.253349 ,    0.511047 ,    0.040340 ,    0.359624 ,    0.896607 ,    1.259406 ,    0.102319 ,    0.032881 ,    0.178096 ,    1.482557 ,    0.833738 ,    0.008548 ,    0.017448 ,    0.164614 ,    0.446910 ,    0.592358 ,    0.030692 ,    0.236837 ,    0.249048 ,    0.293056 ,    0.247611 ,    0.241027 ,    0.058981 ,    0.186158 ,    0.158920 ,    0.363549 ,    0.121962 ,    0.008747 ,    0.007542 ,    0.215523 ,    0.215395 ,    0.042947 ,    1.087123 ,    0.436670 ,    0.285561 ,    0.035312 ,     Not run ,     Not run ,    0.007179 ,    0.007127 ,    0.013490 
AVERAGE
boraxo,72,,,0.012025,0.140693,0.021781,0.013051,0.009640,0.060818,0.051598,0.044879,0.062083,0.042321,0.018964,10.754358,0.002435,0.003225,0.003660,0.004392,0.273293,0.038815,0.045834,0.008286,0.046997,0.370829,0.048488,0.135081,0.255779,0.006200,0.075678,0.922148,1.311079,0.014010,0.027259,0.039522,0.271220,0.874343,0.010389,0.005556,0.039450,0.081995,0.126304,0.021405,0.047602,0.040637,0.048018,0.040363,0.047387,0.005671,0.032936,0.020866,0.157126,0.019715,0.084452,0.205996,0.029235,0.032254,0.005477,0.198720,0.081516,0.044916,0.005170,,,0.001477,0.002096,0.002809
boraxo,36,,,0.023474,0.272459,0.035550,0.025341,0.015437,0.085151,0.064805,0.052059,0.089058,0.059990,0.021917,9.553126,0.003268,0.001933,0.003365,0.006930,0.257985,0.052219,0.093764,0.007617,0.093588,0.396280,0.072247,0.135524,0.244313,0.008854,0.102593,1.855917,2.637941,0.023837,0.047035,0.060194,0.453190,1.752077,0.012892,0.006941,0.074354,0.149845,0.221262,0.041173,0.072158,0.082849,0.092041,0.082679,0.072084,0.010363,0.060806,0.037923,0.176605,0.036344,0.058376,0.077472,0.057469,0.063438,0.009012,0.395034,0.116544,0.101460,0.008154,,,0.001429,0.002392,0.005136
boraxo,32,,,0.026297,0.304815,0.039685,0.028218,0.016851,0.106425,0.066689,0.052330,0.086209,0.074912,0.022674,8.761786,0.003563,0.001577,0.003198,0.007470,0.250453,0.060550,0.104974,0.007490,0.105038,0.294660,0.080878,0.136522,0.271155,0.010765,0.119999,2.056835,2.917250,0.027052,0.052538,0.067014,0.504365,1.951308,0.013728,0.007897,0.082253,0.169028,0.239996,0.045620,0.080139,0.093393,0.103578,0.093330,0.080416,0.011746,0.068130,0.042605,0.202299,0.040437,0.045747,0.065726,0.063611,0.070239,0.009907,0.443686,0.138506,0.105270,0.008731,,,0.001376,0.002357,0.005588
boraxo,18,,,0.022013,0.260545,0.035129,0.037533,0.015856,0.098039,0.056216,0.054036,0.085295,0.062556,0.020760,4.660863,0.003190,0.001301,0.002821,0.007073,0.281702,0.052622,0.087475,0.011028,0.087350,0.401458,0.070352,0.136837,0.257331,0.010026,0.100759,0.512251,0.670914,0.038331,0.022709,0.058225,0.437050,0.319799,0.010095,0.007956,0.063203,0.141648,0.211831,0.016569,0.069637,0.079169,0.086109,0.078652,0.069404,0.011785,0.067649,0.043211,0.177777,0.035999,0.029365,0.029084,0.084159,0.084039,0.009547,0.349063,0.120133,0.096834,0.012552,,,0.001710,0.002416,0.004899
boraxo,16,,,0.025142,0.291951,0.039609,0.042194,0.017600,0.111207,0.060491,0.049242,0.103637,0.078355,0.024249,4.619005,0.003227,0.001297,0.002991,0.007516,0.257530,0.061725,0.099797,0.011969,0.099924,0.394164,0.080722,0.138621,0.269639,0.010983,0.118523,0.549964,0.736581,0.043349,0.023303,0.065760,0.503192,0.366485,0.009815,0.008434,0.070318,0.161830,0.238770,0.017324,0.078920,0.090633,0.099487,0.090014,0.078686,0.013789,0.074473,0.047781,0.203377,0.040279,0.027254,0.023465,0.092883,0.093177,0.010493,0.392454,0.139577,0.106602,0.013921,,,0.001786,0.002179,0.005464
boraxo,8,,,0.061290,0.566291,0.085824,0.085525,0.037910,0.298900,0.131080,0.129585,0.180800,0.206249,0.054350,3.739255,0.005656,0.001309,0.006329,0.013907,0.338696,0.171371,0.267934,0.022397,0.271846,0.384389,0.229551,0.225748,0.413327,0.025397,0.329273,1.097335,1.472769,0.079640,0.035005,0.182400,1.547142,0.729795,0.008696,0.014886,0.130029,0.406589,0.590200,0.031864,0.224960,0.239108,0.232228,0.235831,0.226597,0.030084,0.147490,0.096277,0.430847,0.080874,0.018235,0.009425,0.185301,0.185499,0.021117,0.783493,0.357465,0.205287,0.028611,,,0.002937,0.005225,0.013197
boraxo,4,,,0.116132,1.124472,0.145314,0.170085,0.075471,0.450236,0.270958,0.270916,0.345864,0.305054,0.107458,3.902464,0.011133,0.002449,0.012402,0.027642,0.465292,0.279223,0.513563,0.044394,0.522407,0.637047,0.387197,0.399533,0.671980,0.041223,0.537099,2.222182,2.946020,0.158475,0.073673,0.306732,2.982204,1.443753,0.016600,0.029138,0.249582,0.797363,1.145504,0.066859,0.387787,0.468227,0.447129,0.454253,0.384959,0.057250,0.288693,0.192589,0.735417,0.159846,0.022762,0.012885,0.369746,0.371159,0.041200,1.565115,0.597796,0.411112,0.056409,,,0.005846,0.010810,0.026001
catalyst,48,,,0.022171,0.182248,0.086168,0.017599,0.025223,0.307721,0.098609,0.098534,0.091806,0.220700,0.044713,6.077218,0.011310,0.001966,0.003510,0.021904,0.533857,0.094096,0.084874,0.007766,0.085358,0.703685,0.068820,0.217651,0.479363,0.039527,0.158461,2.166567,3.076132,0.030600,0.053554,0.067316,0.503950,2.005844,0.016670,0.007564,0.079537,0.137631,0.237455,0.046968,0.066775,0.074151,0.072134,0.075278,0.067214,0.013047,0.062525,0.046105,0.492308,0.040495,0.064923,0.068768,0.045221,0.045307,0.011857,0.273663,0.266484,0.086066,0.007355,,,0.001669,0.003176,0.004726
catalyst,24,,,0.036441,0.348603,0.108124,0.032277,0.044833,0.324251,0.164649,0.164781,0.165859,0.231261,0.075498,4.149126,0.021751,0.001569,0.003938,0.042794,0.550146,0.109114,0.138989,0.010677,0.140270,0.696584,0.115053,0.230751,0.485136,0.076181,0.194487,4.275631,6.152055,0.052733,0.093829,0.098811,0.829410,3.975255,0.029437,0.009612,0.120628,0.228108,0.404218,0.088622,0.113663,0.126447,0.115889,0.123702,0.107775,0.023252,0.118766,0.078499,0.552411,0.077650,0.037282,0.032004,0.088666,0.088611,0.021450,0.543295,0.275410,0.164459,0.013062,,,0.002116,0.004488,0.007340
catalyst,16,,,0.051345,0.529009,0.162338,0.047488,0.065177,0.447834,0.237247,0.237499,0.224075,0.307033,0.100013,4.592385,0.032268,0.001620,0.004752,0.063747,0.461957,0.191798,0.203160,0.014444,0.203321,0.398351,0.184224,0.307233,0.607427,0.115120,0.406086,6.422493,9.170558,0.081209,0.132492,0.152477,1.224591,5.932532,0.031932,0.012294,0.162157,0.337702,0.589007,0.129442,0.183954,0.178116,0.158332,0.178489,0.184521,0.035324,0.177449,0.113368,0.616888,0.115567,0.033136,0.019620,0.132001,0.132091,0.031994,0.810256,0.464807,0.235692,0.017263,,,0.002537,0.006098,0.010192
catalyst,12,,,0.037769,0.332691,0.115229,0.048705,0.062435,0.321339,0.158824,0.158824,0.177569,0.223297,0.070719,3.431920,0.021263,0.001470,0.004055,0.042229,0.603608,0.110668,0.142723,0.012274,0.142005,0.678351,0.124080,0.228669,0.520007,0.105443,0.202733,4.268569,6.094687,0.067637,0.090790,0.105777,0.838379,3.989087,0.024204,0.010305,0.124591,0.248256,0.427526,0.087705,0.120002,0.121718,0.116925,0.122596,0.122932,0.025477,0.135286,0.091681,0.498457,0.083309,0.025377,0.015430,0.117273,0.116873,0.022346,0.496154,0.300839,0.161350,0.014526,,,0.002090,0.004353,0.007307
catalyst,8,,,0.059346,0.498292,0.169574,0.076692,0.094469,0.532670,0.234916,0.233184,0.264928,0.372888,0.100944,3.869591,0.032239,0.001981,0.005684,0.063873,0.515992,0.274262,0.234733,0.017489,0.234859,0.569424,0.288149,0.340901,0.601033,0.157920,0.548795,6.360950,9.124142,0.099308,0.134818,0.236674,1.453509,6.000425,0.033631,0.014600,0.187444,0.400349,0.664983,0.130919,0.282697,0.203390,0.189889,0.206085,0.283812,0.041948,0.202240,0.131154,0.683264,0.124676,0.019323,0.014234,0.175326,0.174114,0.033528,0.744246,0.596719,0.243488,0.021838,,,0.002761,0.006435,0.011696
catalyst,4,,,0.149625,0.995667,0.325001,0.150499,0.190924,0.772898,0.456486,0.450380,0.482529,0.536231,0.194861,3.148092,0.061566,0.003054,0.012472,0.123427,0.816114,0.447233,0.597062,0.034130,0.596756,0.861020,0.662088,0.590409,0.988141,0.307962,0.944541,12.586362,18.149335,0.178983,0.261421,0.520182,3.747836,11.833350,0.058371,0.030740,0.389314,1.018053,1.495742,0.256929,0.669777,0.536876,0.457670,0.541713,0.670975,0.083492,0.397982,0.255685,1.080042,0.247060,0.016306,0.010892,0.345619,0.344316,0.066094,1.473567,1.005843,0.478960,0.045521,,,0.004629,0.011621,0.029766
quartz,72,,,0.031251,0.125271,0.035794,0.015229,0.023826,0.055726,0.104924,0.096104,0.054929,0.040911,0.034923,4.361800,0.003590,0.003234,0.004090,0.007745,0.508972,0.035967,0.081734,0.008459,0.081786,0.464545,0.054819,0.250464,0.398170,0.007205,0.065255,0.647505,0.890413,0.016135,0.021847,0.050526,0.423349,0.586453,0.012252,0.006943,0.056101,0.126902,0.165362,0.018334,0.054255,0.074543,0.081023,0.082336,0.054874,0.007045,0.034266,0.023849,0.263612,0.018048,0.091312,0.104295,0.034634,0.034575,0.007019,0.181486,0.072720,0.045117,0.008769,,,0.002471,0.005400,0.005893
quartz,36,,,0.028987,0.240242,0.064035,0.023581,0.034942,0.086784,0.110214,0.106768,0.079225,0.063040,0.046556,4.334117,0.005687,0.001627,0.004566,0.013960,0.499670,0.046608,0.104340,0.007488,0.118124,0.457612,0.069911,0.247184,0.375076,0.011613,0.085622,1.292751,1.769500,0.026697,0.036676,0.062929,0.582760,1.183104,0.013689,0.006937,0.089104,0.171364,0.259691,0.034757,0.070011,0.091358,0.077509,0.101207,0.070095,0.011273,0.063575,0.042575,0.275058,0.031685,0.059213,0.047917,0.067202,0.067257,0.011194,0.360602,0.105801,0.090523,0.010577,,,0.002481,0.005119,0.007672
quartz,32,,,0.036709,0.268840,0.071361,0.027025,0.037745,0.089273,0.119474,0.118378,0.082873,0.062772,0.048894,5.058933,0.006044,0.001538,0.004085,0.015413,0.489458,0.048605,0.123847,0.007062,0.111730,0.289279,0.074365,0.236814,0.406280,0.012527,0.093878,1.384203,1.872849,0.030033,0.040651,0.067313,0.642633,1.233055,0.014210,0.007131,0.100879,0.186376,0.277000,0.039359,0.074000,0.109911,0.100008,0.106874,0.074345,0.012189,0.071097,0.048302,0.341668,0.034782,0.050820,0.040772,0.074564,0.074531,0.012243,0.408114,0.124390,0.100018,0.010882,,,0.002412,0.006171,0.006877
quartz,18,,,0.034811,0.212781,0.065319,0.034068,0.046685,0.115167,0.111828,0.116119,0.086027,0.083344,0.048831,2.418662,0.005341,0.001606,0.004451,0.013630,0.520234,0.051227,0.101719,0.009809,0.101561,0.452538,0.068825,0.242296,0.394354,0.016166,0.085881,0.637696,0.958023,0.040818,0.024520,0.059762,0.578885,0.731680,0.011545,0.008378,0.084673,0.160002,0.251946,0.021605,0.069239,0.089412,0.083577,0.091557,0.068849,0.013419,0.066563,0.058672,0.281950,0.037066,0.036212,0.022510,0.099099,0.099319,0.011367,0.326071,0.116650,0.091151,0.012251,,,0.002421,0.005491,0.006714
quartz,16,,,0.033866,0.238833,0.071454,0.038875,0.051063,0.087415,0.121288,0.126538,0.089985,0.061294,0.053787,2.588852,0.005917,0.001611,0.004285,0.015302,0.467552,0.051756,0.131445,0.010617,0.124701,0.411196,0.074769,0.232888,0.401252,0.014937,0.094367,0.545288,0.773464,0.046698,0.028253,0.064257,0.639965,0.509106,0.012352,0.009628,0.091974,0.181900,0.281706,0.025980,0.075053,0.097784,0.088231,0.113294,0.074755,0.014447,0.074723,0.066751,0.336772,0.041038,0.032653,0.017505,0.110194,0.110446,0.012405,0.366260,0.117962,0.102415,0.013367,,,0.002485,0.006257,0.007910
quartz,8,,,0.053680,0.474671,0.172717,0.072005,0.089277,0.548974,0.212854,0.227654,0.162972,0.384587,0.098125,3.202556,0.011031,0.001281,0.004797,0.029765,0.598025,0.242268,0.209931,0.018360,0.210112,0.430356,0.200284,0.336866,0.626762,0.046717,0.486266,1.107632,1.548385,0.076309,0.042361,0.156155,1.348791,0.992344,0.011292,0.010817,0.146807,0.341984,0.543457,0.039884,0.209721,0.186105,0.154567,0.194131,0.211062,0.038156,0.156644,0.141813,0.730075,0.079578,0.014582,0.007687,0.218458,0.218237,0.022720,0.734248,0.560425,0.207997,0.023003,,,0.002173,0.006346,0.010280
quartz,4,,,0.097600,0.904860,0.289905,0.138366,0.171746,0.733800,0.402677,0.431210,0.301538,0.507466,0.185913,2.831884,0.020932,0.002264,0.008796,0.057327,0.758423,0.379381,0.388616,0.034977,0.389581,0.704414,0.380736,0.529346,0.886409,0.071466,0.767421,2.065800,2.925616,0.146408,0.081540,0.296658,2.300646,1.956556,0.021471,0.017750,0.272165,0.637312,1.025568,0.076602,0.358019,0.341114,0.266476,0.345145,0.355455,0.071191,0.299492,0.264614,1.057555,0.149611,0.016042,0.011666,0.419501,0.410960,0.042466,1.407937,0.829491,0.400633,0.043945,,,0.003924,0.012300,0.019002
ruby,112,,,0.014241,0.076754,0.014944,0.010052,0.015790,0.036460,0.066107,0.066236,0.036549,0.025368,0.029119,5.528265,0.002467,0.006161,0.006799,0.003358,0.184663,0.024903,0.054328,0.013494,0.054462,0.357419,0.031872,0.077816,0.185368,0.012047,0.046729,0.455813,0.645968,0.011562,0.021588,0.039330,0.316686,0.431760,0.010602,0.006830,0.040461,0.091298,0.130167,0.013367,0.031492,0.045756,0.062964,0.047215,0.031641,0.004650,0.019957,0.013690,0.109586,0.014803,0.162544,0.329771,0.016622,0.018348,0.004757,0.100716,0.046702,0.024943,0.005422,,,0.002008,0.002846,0.003185
ruby,56,,,0.012618,0.112069,0.017290,0.012621,0.016676,0.046372,0.035330,0.035051,0.050487,0.032493,0.017750,3.487145,0.002009,0.002207,0.003079,0.003643,0.185094,0.037667,0.047664,0.006074,0.047688,0.331644,0.054917,0.067179,0.195655,0.016594,0.074323,0.742266,1.052564,0.011976,0.026556,0.043416,0.276182,0.705707,0.010150,0.005753,0.055986,0.081258,0.124076,0.019636,0.055401,0.039560,0.047762,0.041023,0.055673,0.004756,0.028181,0.018803,0.119172,0.019783,0.064247,0.092613,0.024342,0.026370,0.005401,0.159986,0.073925,0.041135,0.004872,,,0.001155,0.001629,0.002832
ruby,32,,,0.022918,0.185954,0.027309,0.021118,0.026514,0.062556,0.038167,0.038175,0.055449,0.044264,0.020526,2.849919,0.002408,0.001289,0.002711,0.005287,0.193779,0.049414,0.090340,0.005627,0.090413,0.220848,0.073332,0.092508,0.256286,0.026780,0.097883,1.279387,1.809766,0.017584,0.040799,0.057820,0.446046,1.215408,0.012344,0.007839,0.051936,0.147120,0.193213,0.032319,0.073441,0.078713,0.086664,0.081358,0.073357,0.007586,0.045055,0.032007,0.191289,0.031883,0.041443,0.045381,0.039867,0.043770,0.007984,0.277342,0.102486,0.059492,0.006951,,,0.001065,0.001717,0.004783
ruby,28,,,0.010297,0.105954,0.016617,0.017850,0.020948,0.045452,0.028235,0.027750,0.050808,0.031821,0.013624,2.766274,0.001690,0.001159,0.002062,0.003432,0.192282,0.036543,0.039655,0.005738,0.039592,0.328759,0.052528,0.080427,0.204921,0.017265,0.071803,0.204680,0.258652,0.018198,0.013934,0.039066,0.234016,0.154379,0.009551,0.007465,0.041262,0.072658,0.110734,0.007320,0.052284,0.034806,0.037354,0.035059,0.053005,0.005469,0.028361,0.021235,0.118660,0.017400,0.032176,0.041365,0.033863,0.033499,0.005380,0.144340,0.073298,0.038243,0.006273,,,0.001048,0.001302,0.002483
ruby,16,,,0.030829,0.182662,0.040540,0.032576,0.039272,0.134772,0.037090,0.034636,0.072295,0.095023,0.019612,2.425022,0.002352,0.000765,0.003228,0.005399,0.203212,0.062279,0.123852,0.007417,0.123620,0.273625,0.091701,0.123939,0.229927,0.030954,0.122150,0.333828,0.422388,0.029703,0.012370,0.070876,0.576024,0.267091,0.007570,0.007530,0.059904,0.196968,0.247969,0.010884,0.090957,0.112180,0.124932,0.111492,0.091095,0.011569,0.051167,0.040020,0.241805,0.028867,0.019823,0.020793,0.058019,0.057761,0.008390,0.251207,0.155928,0.067163,0.010875,,,0.001154,0.001448,0.006390
ruby,8,,,0.044015,0.359782,0.063907,0.057443,0.067713,0.221444,0.108827,0.108828,0.118340,0.153364,0.043840,2.347086,0.003774,0.000856,0.004516,0.009398,0.308227,0.121167,0.183466,0.013869,0.183985,0.267487,0.156808,0.175245,0.359536,0.058442,0.232426,0.628229,0.813237,0.050942,0.021301,0.121094,0.953251,0.482090,0.006148,0.010877,0.085211,0.287723,0.374799,0.020667,0.156062,0.161993,0.174403,0.162402,0.154833,0.022426,0.092244,0.073409,0.372445,0.052627,0.009969,0.007672,0.115337,0.114932,0.015098,0.500520,0.267116,0.131115,0.019164,,,0.002105,0.004318,0.008995
ruby,4,,,0.084574,0.708219,0.114266,0.111018,0.130749,0.367580,0.205929,0.205772,0.225244,0.246085,0.082389,2.484106,0.007315,0.002175,0.008830,0.018370,0.407982,0.226909,0.359544,0.027340,0.362164,0.499733,0.297525,0.304373,0.624090,0.115828,0.434221,1.236909,1.788360,0.101266,0.039793,0.232890,1.895456,0.986540,0.010888,0.020837,0.166653,0.555736,0.744468,0.040135,0.294763,0.318014,0.330477,0.314635,0.293987,0.042587,0.183046,0.142373,0.667183,0.104365,0.012571,0.010498,0.230131,0.229564,0.030434,1.000715,0.500979,0.260409,0.037794,,,0.003905,0.008111,0.017784
mammoth,256,,,0.029525,0.038237,0.013319,0.009911,0.022440,0.035471,0.132536,0.129162,0.036772,0.023507,0.055122,3.203464,0.003436,0.006447,0.007120,0.004968,0.021017,0.032505,0.114728,0.013596,0.113294,0.239352,0.055657,0.021455,0.037265,0.005099,0.059078,0.105617,0.139695,0.014782,0.017013,0.090648,0.740758,0.085972,0.014809,0.007894,0.109145,0.199889,0.284006,0.009614,0.055573,0.098190,0.112896,0.099466,0.055825,0.009965,0.015472,0.016387,0.025674,0.016828,0.301490,0.180808,0.012679,0.013350,0.009304,0.039845,0.044781,0.022696,0.008532,,,0.004187,0.006495,0.007125
mammoth,128,,,0.019098,0.038058,0.011839,0.009214,0.017599,0.023376,0.100332,0.083781,0.030937,0.017776,0.034757,2.998919,0.003182,0.003817,0.005058,0.005152,0.021727,0.024748,0.070410,0.008954,0.070597,0.226938,0.038166,0.021440,0.027200,0.004874,0.042656,0.158578,0.215822,0.010211,0.013676,0.055938,0.438660,0.129670,0.012665,0.005738,0.101417,0.111433,0.176412,0.009266,0.037942,0.061438,0.067604,0.062819,0.038705,0.007857,0.015561,0.014734,0.025821,0.015376,0.162672,0.075824,0.014301,0.014747,0.007628,0.065993,0.032916,0.025235,0.006525,,,0.003092,0.004879,0.005147
mammoth,64,,,0.009558,0.048878,0.007870,0.010374,0.014215,0.014224,0.052021,0.040360,0.037914,0.011152,0.017717,2.251655,0.002115,0.001902,0.003480,0.004086,0.017697,0.015412,0.033592,0.005139,0.033691,0.224962,0.021672,0.017121,0.019093,0.003771,0.024426,0.120893,0.162356,0.010685,0.007160,0.032363,0.212658,0.091502,0.010732,0.003426,0.049810,0.052009,0.084561,0.004522,0.021426,0.029909,0.034751,0.030489,0.022536,0.005079,0.012342,0.010005,0.020323,0.009928,0.075627,0.042369,0.016192,0.015875,0.004929,0.067683,0.020368,0.019534,0.005191,,,0.001853,0.002862,0.003112
mammoth,32,,,0.011640,0.087722,0.011584,0.017067,0.020827,0.015592,0.061075,0.038004,0.044019,0.013154,0.018795,2.144596,0.002755,0.001362,0.003397,0.007082,0.029768,0.019527,0.035737,0.004604,0.037538,0.188499,0.023180,0.030951,0.025297,0.004699,0.026101,0.207162,0.267088,0.017405,0.006520,0.030717,0.179689,0.148893,0.007356,0.003500,0.043390,0.054236,0.091659,0.005535,0.021522,0.043031,0.037260,0.041710,0.021647,0.006589,0.022582,0.017519,0.040920,0.013042,0.036765,0.020576,0.029719,0.029073,0.006297,0.132437,0.027680,0.034620,0.005430,,,0.001562,0.001695,0.003599
mammoth,16,,,0.011859,0.170051,0.020777,0.032475,0.039135,0.021561,0.104907,0.059042,0.075402,0.016435,0.030278,2.115919,0.005100,0.001427,0.003675,0.013579,0.184091,0.023332,0.041126,0.005879,0.039474,0.205800,0.028884,0.079613,0.226162,0.008078,0.032659,0.376446,0.494900,0.029875,0.008508,0.027691,0.222217,0.318957,0.008913,0.004834,0.042519,0.066895,0.122979,0.009065,0.024678,0.043487,0.041373,0.034442,0.025011,0.009066,0.043045,0.033392,0.203008,0.020296,0.023308,0.009475,0.056913,0.056622,0.009293,0.263291,0.036196,0.063134,0.008748,,,0.001875,0.002720,0.003975
mammoth,8,,,0.017333,0.336422,0.070180,0.063502,0.076257,0.208313,0.198323,0.105081,0.137998,0.146910,0.053994,2.071137,0.010225,0.003274,0.004177,0.027025,0.362289,0.065947,0.064675,0.009726,0.061545,0.627796,0.051215,0.219879,0.504579,0.020376,0.123660,0.711206,1.011084,0.057337,0.014171,0.050581,0.382659,0.632867,0.012244,0.007468,0.069233,0.117753,0.218735,0.016662,0.055235,0.055593,0.066326,0.055864,0.054613,0.020532,0.087813,0.091339,0.541020,0.038546,0.015915,0.012026,0.113399,0.112941,0.016627,0.525225,0.227080,0.126794,0.015533,,,0.002437,0.003277,0.005287
mammoth,4,,,0.059327,0.681779,0.212441,0.129299,0.156085,0.641866,0.393061,0.205073,0.272536,0.448813,0.103282,2.048155,0.019990,0.002021,0.008092,0.053360,0.691134,0.435551,0.243925,0.018328,0.244006,1.355086,0.560639,0.413106,0.925723,0.059252,0.864747,1.211617,1.710680,0.115434,0.029299,0.375885,1.930554,1.096769,0.015946,0.018698,0.143899,0.383366,0.552260,0.037907,0.554112,0.298901,0.304599,0.292133,0.559947,0.056630,0.176150,0.183115,1.048303,0.078287,0.014480,0.014124,0.228967,0.228012,0.033276,1.063727,0.881646,0.255847,0.033359,,,0.003678,0.004542,0.014851
poodle,224,,,0.011384,0.044670,0.009155,0.005512,0.009318,0.012580,0.055938,0.055797,0.010847,0.009229,0.020119,33.470178,0.003371,0.014199,0.014857,0.003808,0.014180,0.012561,0.043788,0.030630,0.043902,0.147439,0.022656,0.010988,0.014967,0.002028,0.022316,0.150820,0.199183,0.008847,0.009708,0.036018,0.261406,0.137826,0.012375,0.003080,0.052593,0.085363,0.115800,0.006867,0.022165,0.039568,0.085874,0.039911,0.022209,0.003165,0.008083,0.005917,0.011889,0.007433,0.154574,1.350844,0.008131,0.008136,0.003915,0.054573,0.018218,0.009798,0.004032,,,0.002830,0.002452,0.002692
poodle,112,,,0.006623,0.071239,0.010219,0.006968,0.005859,0.014082,0.030720,0.030637,0.012980,0.010822,0.012123,12.300243,0.001462,0.003804,0.004192,0.002372,0.020689,0.010220,0.024076,0.009223,0.024073,0.125706,0.014408,0.016270,0.040348,0.002156,0.014393,0.303180,0.398536,0.007005,0.011198,0.022324,0.157733,0.292086,0.012487,0.001961,0.043846,0.046112,0.095899,0.010019,0.012896,0.022087,0.030245,0.022533,0.012955,0.003308,0.011877,0.009416,0.028999,0.008797,0.067586,0.330326,0.013543,0.013532,0.003267,0.104251,0.018580,0.016122,0.003593,,,0.000994,0.001428,0.001694
poodle,56,,,0.005181,0.060686,0.009099,0.009316,0.004315,0.016352,0.022423,0.021784,0.014553,0.014479,0.008770,3.804840,0.000995,0.001756,0.002145,0.001926,0.020948,0.008367,0.018823,0.005851,0.018840,0.113597,0.011342,0.017101,0.040594,0.002348,0.011025,0.077725,0.103115,0.010869,0.004240,0.015454,0.112720,0.078152,0.011141,0.001629,0.032757,0.031226,0.058574,0.002637,0.010010,0.017252,0.019619,0.017074,0.010130,0.003753,0.011298,0.009262,0.028119,0.007996,0.044689,0.114176,0.015033,0.014972,0.002888,0.090771,0.019189,0.015865,0.002796,,,0.000703,0.001046,0.001395
poodle,32,,,0.005169,0.102454,0.014146,0.015543,0.005320,0.029828,0.023653,0.021901,0.018423,0.025784,0.009126,3.361454,0.001258,0.000817,0.001188,0.002832,0.061479,0.013452,0.020195,0.005706,0.020733,0.124330,0.015630,0.052421,0.068311,0.002572,0.021723,0.134560,0.179930,0.019289,0.004095,0.015754,0.124546,0.135537,0.005554,0.001422,0.029354,0.035014,0.073433,0.003109,0.012690,0.018394,0.019406,0.018107,0.012920,0.005761,0.017994,0.015831,0.061873,0.012134,0.024196,0.048305,0.025500,0.025510,0.004052,0.157554,0.037979,0.026506,0.003434,,,0.000478,0.000908,0.001196
poodle,16,,,0.012513,0.203477,0.027594,0.031423,0.009912,0.063606,0.029669,0.029667,0.031723,0.044885,0.014713,2.753545,0.002204,0.000495,0.001498,0.005342,0.305747,0.037561,0.053090,0.008829,0.054809,0.122449,0.050112,0.139376,0.227528,0.006128,0.074401,0.282094,0.371730,0.026940,0.006826,0.035082,0.299817,0.292594,0.004563,0.003312,0.036587,0.074649,0.114275,0.006252,0.048826,0.048233,0.051929,0.047788,0.048664,0.011054,0.035876,0.037380,0.202886,0.022475,0.011454,0.008036,0.049916,0.049923,0.007759,0.314541,0.083817,0.052561,0.006254,,,0.000598,0.001270,0.002895
poodle,8,,,0.039873,0.407684,0.113807,0.065933,0.023058,0.391491,0.067386,0.067358,0.061132,0.274638,0.031876,2.601532,0.004287,0.000586,0.003793,0.010528,0.492415,0.182449,0.172515,0.017005,0.170937,0.437997,0.180745,0.296338,0.528233,0.032581,0.358870,0.499932,0.680532,0.054717,0.013195,0.138120,0.931115,0.494989,0.005758,0.008905,0.074460,0.259909,0.330903,0.011906,0.183313,0.154714,0.143448,0.154982,0.185398,0.025626,0.074972,0.082653,0.504368,0.045581,0.008510,0.006777,0.099656,0.099693,0.015104,0.628844,0.401185,0.105517,0.013519,,,0.001089,0.002722,0.008725
poodle,4,,,0.079496,0.814830,0.163578,0.132207,0.047651,0.579741,0.179134,0.178931,0.119030,0.406381,0.079136,2.666268,0.008455,0.001196,0.008054,0.020967,0.676548,0.292596,0.354473,0.033733,0.369597,0.671615,0.388300,0.415912,0.675058,0.048121,0.573596,0.985616,1.357286,0.109538,0.026025,0.293890,2.067544,0.941672,0.009168,0.016919,0.156216,0.609521,0.726682,0.023353,0.395517,0.312641,0.267868,0.313806,0.396362,0.049787,0.141500,0.159743,0.682227,0.089505,0.009533,0.009126,0.199186,0.199264,0.031198,1.257058,0.608821,0.209461,0.028204,,,0.003096,0.007172,0.017338
ec2-c5n,72,,,0.010165,0.093817,0.019440,0.011827,0.014966,0.051578,0.087178,0.063000,0.093779,0.036735,0.027520,4.163289,0.003023,0.003214,0.003438,0.005247,0.277921,0.038601,0.039205,0.007093,0.040008,0.265083,0.046789,0.137834,0.197576,0.006359,0.074683,0.620019,0.879969,0.011321,0.020484,0.036192,0.229679,0.585701,0.008029,0.005581,0.035743,0.069105,0.113367,0.014649,0.045847,0.033814,0.043880,0.033536,0.045529,0.007669,0.023910,0.021439,0.083276,0.023251,0.073622,0.159555,0.020547,0.020337,0.006924,0.132083,0.076054,0.037339,0.003993,,,0.001297,0.001830,0.002180
ec2-c5n,36,,,0.021865,0.181800,0.031282,0.021879,0.025320,0.079777,0.138172,0.091349,0.124168,0.056570,0.037597,3.738936,0.004598,0.002623,0.003012,0.009250,0.262357,0.047386,0.085753,0.005687,0.085692,0.297339,0.064280,0.093295,0.213015,0.010792,0.093065,1.245028,1.768149,0.017931,0.033605,0.053609,0.423315,1.182286,0.009801,0.007163,0.066433,0.137655,0.192985,0.027899,0.063804,0.077206,0.087172,0.076972,0.063924,0.015229,0.044984,0.041216,0.101706,0.044082,0.046651,0.058769,0.039934,0.039959,0.012976,0.262403,0.107050,0.076987,0.006335,,,0.001425,0.002002,0.004632
ec2-c5n,32,,,0.023541,0.203590,0.035170,0.024319,0.028205,0.104555,0.152590,0.098439,0.135864,0.073184,0.040502,3.647958,0.005027,0.002524,0.002966,0.010281,0.256206,0.056081,0.093091,0.005697,0.092992,0.241341,0.072843,0.119866,0.228783,0.011992,0.111279,1.381775,1.950104,0.020440,0.038800,0.060099,0.445042,1.304095,0.010638,0.008168,0.072805,0.150211,0.209168,0.030693,0.071402,0.083912,0.093306,0.083640,0.071794,0.017174,0.050417,0.046306,0.121239,0.049253,0.045068,0.049146,0.044156,0.044156,0.014508,0.294620,0.131670,0.084650,0.006814,,,0.001479,0.002030,0.004942
ec2-c5n,18,,,0.020368,0.172658,0.034006,0.031639,0.032658,0.086536,0.131324,0.091940,0.114994,0.059769,0.040077,2.780672,0.004629,0.001894,0.002627,0.008944,0.281268,0.052274,0.080036,0.007781,0.080156,0.296838,0.063473,0.133731,0.210651,0.012792,0.096647,0.365431,0.472717,0.029110,0.017053,0.051338,0.405473,0.286915,0.008728,0.008180,0.059483,0.128618,0.188104,0.011605,0.065285,0.072323,0.080803,0.072421,0.065818,0.016580,0.049840,0.045481,0.105701,0.039869,0.028162,0.023994,0.059135,0.059206,0.012351,0.236367,0.111709,0.072872,0.009075,,,0.002022,0.002026,0.004373
ec2-c5n,16,,,0.022540,0.193945,0.038310,0.035645,0.036699,0.109988,0.145909,0.101390,0.136843,0.077270,0.044802,2.711706,0.004862,0.001906,0.002743,0.009856,0.254342,0.061953,0.088799,0.008373,0.088745,0.296469,0.073576,0.121639,0.232184,0.013593,0.113111,0.397075,0.526526,0.032982,0.016513,0.059447,0.448809,0.291939,0.008811,0.008551,0.066223,0.144628,0.208417,0.013169,0.074474,0.080011,0.088878,0.080034,0.072997,0.019205,0.055961,0.051016,0.125885,0.044727,0.025380,0.022181,0.066029,0.065563,0.013789,0.265814,0.133460,0.082092,0.010018,,,0.002166,0.001816,0.004710
ec2-c5n,8,,,0.058358,0.387673,0.088776,0.073680,0.076080,0.293339,0.279435,0.190855,0.252771,0.205700,0.084454,2.337751,0.008784,0.002484,0.006321,0.018669,0.342737,0.172408,0.234817,0.014979,0.237403,0.363977,0.227310,0.198174,0.412869,0.028411,0.335187,0.750565,0.986622,0.058235,0.026965,0.178632,1.406940,0.532949,0.007387,0.015279,0.125044,0.382144,0.532990,0.025247,0.220279,0.213862,0.236691,0.209836,0.223742,0.041717,0.108893,0.103888,0.296820,0.090060,0.011263,0.007693,0.129924,0.130828,0.028309,0.530025,0.346287,0.163569,0.022239,,,0.003785,0.004328,0.011711
ec2-c5n,4,,,0.115351,0.769229,0.146988,0.146336,0.151841,0.392405,0.557829,0.383893,0.487286,0.272767,0.167022,2.409680,0.017387,0.004737,0.012641,0.037154,0.444396,0.280634,0.457319,0.029749,0.461953,0.559899,0.378602,0.303868,0.666341,0.053158,0.528760,1.479818,1.971733,0.115621,0.049590,0.299802,2.757207,1.298637,0.012802,0.029587,0.249203,0.745922,1.071916,0.046705,0.377919,0.412667,0.456490,0.406844,0.376682,0.080990,0.218357,0.203031,0.467570,0.178758,0.013610,0.010777,0.261498,0.260301,0.056980,1.060098,0.575282,0.324426,0.042902,,,0.007531,0.008550,0.023124
ec2-c6a,192,,,0.011772,0.017421,0.013748,0.006248,0.010109,0.030879,0.059536,0.055304,0.033399,0.023767,0.023938,27.129363,0.003223,0.008032,0.008900,0.004540,0.026004,0.025580,0.044617,0.016021,0.043276,0.206836,0.030920,0.025642,0.041143,0.004855,0.044050,0.101408,0.137332,0.011424,0.008015,0.048418,0.300594,0.088133,0.016336,0.004156,0.044344,0.073007,0.112445,0.005413,0.031328,0.039079,0.062381,0.037745,0.031349,0.004091,0.010287,0.008340,0.028601,0.009917,0.133474,0.455665,0.009199,0.008998,0.003589,0.013925,0.039871,0.013452,0.004017,,,0.002243,0.002561,0.003307
ec2-c6a,96,,,0.014444,0.022781,0.013630,0.008529,0.011714,0.027105,0.058555,0.046872,0.029733,0.021585,0.020375,8.813647,0.003116,0.003688,0.004615,0.005609,0.030467,0.026944,0.050587,0.006904,0.052457,0.198939,0.036268,0.026654,0.039660,0.004795,0.040851,0.179580,0.236682,0.017586,0.008041,0.044033,0.245978,0.152386,0.015752,0.004760,0.094446,0.068882,0.100988,0.007607,0.034368,0.043291,0.052473,0.047243,0.035039,0.005107,0.015129,0.011658,0.030963,0.012548,0.074680,0.091882,0.011353,0.011335,0.004715,0.023528,0.039581,0.021586,0.004001,,,0.001548,0.002042,0.003961
ec2-c6a,48,,,0.012691,0.029788,0.012962,0.010542,0.012508,0.025889,0.041833,0.034915,0.032621,0.019761,0.015572,3.284826,0.003023,0.002123,0.003263,0.005314,0.030729,0.024332,0.038032,0.003810,0.039987,0.193426,0.030835,0.026421,0.037085,0.004883,0.034699,0.079983,0.114886,0.017112,0.004720,0.034819,0.175589,0.074465,0.015107,0.004279,0.053273,0.053697,0.077562,0.003744,0.028800,0.034126,0.039869,0.036717,0.029858,0.005294,0.016395,0.012129,0.029321,0.012195,0.038994,0.026611,0.014872,0.014967,0.004560,0.040283,0.035845,0.022489,0.004149,,,0.001423,0.001531,0.003519
ec2-c6a,32,,,0.017366,0.041431,0.017887,0.015772,0.018120,0.030627,0.052713,0.042579,0.045434,0.024632,0.018200,2.885059,0.003440,0.001984,0.003485,0.007028,0.035570,0.031310,0.046962,0.003540,0.046964,0.232495,0.037498,0.031288,0.045402,0.006153,0.042227,0.116304,0.165140,0.018263,0.005582,0.037319,0.199169,0.108410,0.011777,0.005784,0.061357,0.066378,0.097465,0.004609,0.033930,0.042333,0.048858,0.058528,0.035449,0.006647,0.023009,0.016494,0.037598,0.017111,0.025976,0.020260,0.021168,0.021191,0.005917,0.058659,0.044317,0.031903,0.006086,,,0.001475,0.001578,0.004815
ec2-c6a,16,,,0.020498,0.077886,0.033054,0.030691,0.036738,0.036048,0.092350,0.075675,0.087187,0.029157,0.032174,2.675590,0.004905,0.001928,0.004265,0.012797,0.119066,0.046265,0.055541,0.004458,0.053691,0.234647,0.045919,0.069460,0.142748,0.010297,0.050271,0.226898,0.317796,0.027628,0.008566,0.040987,0.287217,0.215230,0.008520,0.007970,0.053592,0.090393,0.145660,0.007333,0.040362,0.049431,0.063428,0.049348,0.042008,0.011685,0.044130,0.032430,0.055642,0.032228,0.013504,0.010276,0.041384,0.041454,0.010333,0.115164,0.054886,0.061622,0.010049,,,0.002202,0.003636,0.006082
ec2-c6a,8,,,0.019878,0.148227,0.063533,0.057755,0.064848,0.119930,0.172091,0.133040,0.168460,0.087459,0.056601,2.840082,0.008156,0.002267,0.004793,0.023468,0.364289,0.067809,0.076010,0.007222,0.065508,0.552112,0.050474,0.184582,0.426562,0.019846,0.079368,0.435652,0.608943,0.051042,0.014703,0.051215,0.435110,0.411128,0.009177,0.008222,0.084979,0.135836,0.242442,0.013290,0.043998,0.067335,0.106017,0.054299,0.044959,0.023965,0.084458,0.080984,0.222710,0.060766,0.010840,0.009209,0.080030,0.079989,0.018889,0.222840,0.152384,0.118933,0.014896,,,0.003111,0.004165,0.006419
ec2-c6a,4,,,0.050791,0.294397,0.144139,0.106151,0.117930,0.441630,0.338384,0.261284,0.320156,0.310234,0.109567,2.252060,0.015392,0.003456,0.007995,0.045920,0.590130,0.246755,0.182656,0.013611,0.187569,0.607441,0.267852,0.343206,0.791193,0.041769,0.493189,0.868117,1.216961,0.100384,0.026904,0.217382,1.184136,0.833036,0.007483,0.015198,0.163443,0.337432,0.507938,0.025759,0.268538,0.166944,0.223848,0.158560,0.264476,0.059536,0.168839,0.170761,0.496182,0.121611,0.005972,0.004677,0.159549,0.159780,0.037270,0.443042,0.563610,0.237387,0.025367,,,0.005757,0.006502,0.011807
ec2-c6i,128,,,0.008245,0.055702,0.008865,0.006847,0.010077,0.015117,0.051401,0.050207,0.035444,0.011528,0.020334,2.970918,0.002406,0.003601,0.003371,0.004047,0.038342,0.015514,0.032409,0.006818,0.031838,0.237889,0.018329,0.022819,0.059172,0.003333,0.018430,0.206959,0.251289,0.008532,0.009355,0.023341,0.180964,0.109235,0.005516,0.002464,0.031876,0.057663,0.083443,0.007826,0.016751,0.028956,0.037384,0.028751,0.016778,0.004416,0.013483,0.010461,0.028706,0.012001,0.105651,0.124549,0.012547,0.012528,0.003840,0.197917,0.020828,0.019757,0.002956,,,0.001090,0.001567,0.001698
ec2-c6i,64,,,0.007778,0.102041,0.018554,0.011015,0.014766,0.046880,0.059999,0.059631,0.057224,0.032916,0.024073,2.735194,0.003001,0.002272,0.002189,0.005577,0.081061,0.036701,0.030205,0.004538,0.030592,0.191111,0.031119,0.041591,0.088060,0.005156,0.066403,0.416798,0.497864,0.010219,0.014385,0.024772,0.178108,0.206526,0.005400,0.002642,0.046525,0.062599,0.103003,0.013307,0.030153,0.027533,0.033005,0.026908,0.029377,0.007447,0.024306,0.019347,0.053347,0.021020,0.052231,0.047847,0.023987,0.023977,0.006541,0.151808,0.063762,0.037244,0.003679,,,0.000953,0.001202,0.001459
ec2-c6i,32,,,0.006461,0.091160,0.016140,0.016701,0.018053,0.047000,0.053817,0.053157,0.053602,0.033050,0.020840,2.401023,0.002773,0.001609,0.001740,0.005311,0.083554,0.036147,0.025415,0.004811,0.025176,0.188659,0.031263,0.042253,0.091689,0.005237,0.065624,0.112607,0.158914,0.015576,0.004870,0.020911,0.153508,0.105486,0.004385,0.002797,0.029765,0.050645,0.084302,0.004124,0.028059,0.022861,0.043969,0.020179,0.026163,0.007273,0.024117,0.018153,0.052734,0.015873,0.034202,0.026003,0.027515,0.027536,0.005610,0.136274,0.063460,0.036095,0.004997,,,0.001214,0.000977,0.001274
ec2-c6i,16,,,0.034882,0.180660,0.032006,0.033032,0.034549,0.094422,0.092557,0.091979,0.098852,0.064608,0.035545,2.176836,0.003948,0.001278,0.003521,0.009192,0.195619,0.071025,0.100653,0.007510,0.102597,0.131606,0.094239,0.104044,0.220548,0.010738,0.136350,0.221672,0.314129,0.025975,0.008529,0.082000,0.506041,0.206711,0.003234,0.008633,0.053931,0.186824,0.253104,0.007876,0.091988,0.085091,0.146494,0.085667,0.091886,0.014564,0.046900,0.041940,0.132009,0.030652,0.012535,0.005271,0.053926,0.053931,0.010834,0.271907,0.134047,0.071746,0.009553,,,0.001863,0.001176,0.004828
ec2-c6i,8,,,0.061232,0.360760,0.060075,0.066914,0.072999,0.163333,0.180892,0.180410,0.196179,0.114667,0.069450,2.214100,0.007635,0.002200,0.005639,0.018157,0.236393,0.108100,0.249882,0.014491,0.249403,0.226618,0.187556,0.146334,0.313814,0.020829,0.215153,0.445437,0.628030,0.051478,0.017147,0.132895,1.135811,0.414946,0.004883,0.013871,0.086603,0.389990,0.477925,0.015905,0.189914,0.225674,0.246433,0.225300,0.191860,0.029531,0.093294,0.081625,0.217749,0.061074,0.009069,0.005720,0.107681,0.107641,0.021467,0.543645,0.245526,0.143204,0.019952,,,0.003628,0.006259,0.012505
ec2-c6i,4,,,0.067562,0.721008,0.110187,0.125743,0.133582,0.278029,0.358909,0.355166,0.376122,0.195082,0.137904,2.275250,0.015076,0.004168,0.007545,0.036021,0.303658,0.192426,0.272152,0.028699,0.273246,0.392223,0.232122,0.253239,0.511815,0.040362,0.360251,0.897064,1.259906,0.102576,0.032807,0.181106,1.485503,0.832255,0.008540,0.017452,0.163949,0.445768,0.595316,0.030597,0.231907,0.248609,0.292688,0.247816,0.233343,0.059011,0.186127,0.158840,0.364047,0.122077,0.008967,0.007601,0.215321,0.215212,0.043046,1.087115,0.434432,0.285584,0.035404,,,0.007184,0.007128,0.013638
Avg_Min
boraxo,min,,,0.012025,0.140693,0.021781,0.013051,0.009640,0.060818,0.051598,0.044879,0.062083,0.042321,0.018964,3.739255,0.002435,0.001297,0.002821,0.004392,0.250453,0.038815,0.045834,0.007490,0.046997,0.294660,0.048488,0.135081,0.244313,0.006200,0.075678,0.512251,0.670914,0.014010,0.022709,0.039522,0.271220,0.319799,0.008696,0.005556,0.039450,0.081995,0.126304,0.016569,0.047602,0.040637,0.048018,0.040363,0.047387,0.005671,0.032936,0.020866,0.157126,0.019715,0.018235,0.009425,0.029235,0.032254,0.005477,0.198720,0.081516,0.044916,0.005170,,,0.001376,0.002096,0.002809
catalyst,min,,,0.022171,0.182248,0.086168,0.017599,0.025223,0.307721,0.098609,0.098534,0.091806,0.220700,0.044713,3.148092,0.011310,0.001470,0.003510,0.021904,0.461957,0.094096,0.084874,0.007766,0.085358,0.398351,0.068820,0.217651,0.479363,0.039527,0.158461,2.166567,3.076132,0.030600,0.053554,0.067316,0.503950,2.005844,0.016670,0.007564,0.079537,0.137631,0.237455,0.046968,0.066775,0.074151,0.072134,0.075278,0.067214,0.013047,0.062525,0.046105,0.492308,0.040495,0.016306,0.010892,0.045221,0.045307,0.011857,0.273663,0.266484,0.086066,0.007355,,,0.001669,0.003176,0.004726
quartz,min,,,0.028987,0.125271,0.035794,0.015229,0.023826,0.055726,0.104924,0.096104,0.054929,0.040911,0.034923,2.418662,0.003590,0.001281,0.004085,0.007745,0.467552,0.035967,0.081734,0.007062,0.081786,0.289279,0.054819,0.232888,0.375076,0.007205,0.065255,0.545288,0.773464,0.016135,0.021847,0.050526,0.423349,0.509106,0.011292,0.006937,0.056101,0.126902,0.165362,0.018334,0.054255,0.074543,0.077509,0.082336,0.054874,0.007045,0.034266,0.023849,0.263612,0.018048,0.014582,0.007687,0.034634,0.034575,0.007019,0.181486,0.072720,0.045117,0.008769,,,0.002173,0.005119,0.005893
ruby,min,,,0.010297,0.076754,0.014944,0.010052,0.015790,0.036460,0.028235,0.027750,0.036549,0.025368,0.013624,2.347086,0.001690,0.000765,0.002062,0.003358,0.184663,0.024903,0.039655,0.005627,0.039592,0.220848,0.031872,0.067179,0.185368,0.012047,0.046729,0.204680,0.258652,0.011562,0.012370,0.039066,0.234016,0.154379,0.006148,0.005753,0.040461,0.072658,0.110734,0.007320,0.031492,0.034806,0.037354,0.035059,0.031641,0.004650,0.019957,0.013690,0.109586,0.014803,0.009969,0.007672,0.016622,0.018348,0.004757,0.100716,0.046702,0.024943,0.004872,,,0.001048,0.001302,0.002483
mammoth,min,,,0.009558,0.038058,0.007870,0.009214,0.014215,0.014224,0.052021,0.038004,0.030937,0.011152,0.017717,2.048155,0.002115,0.001362,0.003397,0.004086,0.017697,0.015412,0.033592,0.004604,0.033691,0.188499,0.021672,0.017121,0.019093,0.003771,0.024426,0.105617,0.139695,0.010211,0.006520,0.027691,0.179689,0.085972,0.007356,0.003426,0.042519,0.052009,0.084561,0.004522,0.021426,0.029909,0.034751,0.030489,0.021647,0.005079,0.012342,0.010005,0.020323,0.009928,0.014480,0.009475,0.012679,0.013350,0.004929,0.039845,0.020368,0.019534,0.005191,,,0.001562,0.001695,0.003112
poodle,min,,,0.005169,0.044670,0.009099,0.005512,0.004315,0.012580,0.022423,0.021784,0.010847,0.009229,0.008770,2.601532,0.000995,0.000495,0.001188,0.001926,0.014180,0.008367,0.018823,0.005706,0.018840,0.113597,0.011342,0.010988,0.014967,0.002028,0.011025,0.077725,0.103115,0.007005,0.004095,0.015454,0.112720,0.078152,0.004563,0.001422,0.029354,0.031226,0.058574,0.002637,0.010010,0.017252,0.019406,0.017074,0.010130,0.003165,0.008083,0.005917,0.011889,0.007433,0.008510,0.006777,0.008131,0.008136,0.002888,0.054573,0.018218,0.009798,0.002796,,,0.000478,0.000908,0.001196
ec2-c5n,min,,,0.010165,0.093817,0.019440,0.011827,0.014966,0.051578,0.087178,0.063000,0.093779,0.036735,0.027520,2.337751,0.003023,0.001894,0.002627,0.005247,0.254342,0.038601,0.039205,0.005687,0.040008,0.241341,0.046789,0.093295,0.197576,0.006359,0.074683,0.365431,0.472717,0.011321,0.016513,0.036192,0.229679,0.286915,0.007387,0.005581,0.035743,0.069105,0.113367,0.011605,0.045847,0.033814,0.043880,0.033536,0.045529,0.007669,0.023910,0.021439,0.083276,0.023251,0.011263,0.007693,0.020547,0.020337,0.006924,0.132083,0.076054,0.037339,0.003993,,,0.001297,0.001816,0.002180
ec2-c6a,min,,,0.011772,0.017421,0.012962,0.006248,0.010109,0.025889,0.041833,0.034915,0.029733,0.019761,0.015572,2.252060,0.003023,0.001928,0.003263,0.004540,0.026004,0.024332,0.038032,0.003540,0.039987,0.193426,0.030835,0.025642,0.037085,0.004795,0.034699,0.079983,0.114886,0.011424,0.004720,0.034819,0.175589,0.074465,0.007483,0.004156,0.044344,0.053697,0.077562,0.003744,0.028800,0.034126,0.039869,0.036717,0.029858,0.004091,0.010287,0.008340,0.028601,0.009917,0.005972,0.004677,0.009199,0.008998,0.003589,0.013925,0.035845,0.013452,0.004001,,,0.001423,0.001531,0.003307
ec2-c6i,min,,,0.006461,0.055702,0.008865,0.006847,0.010077,0.015117,0.051401,0.050207,0.035444,0.011528,0.020334,2.176836,0.002406,0.001278,0.001740,0.004047,0.038342,0.015514,0.025415,0.004538,0.025176,0.131606,0.018329,0.022819,0.059172,0.003333,0.018430,0.112607,0.158914,0.008532,0.004870,0.020911,0.153508,0.105486,0.003234,0.002464,0.029765,0.050645,0.083443,0.004124,0.016751,0.022861,0.033005,0.020179,0.016778,0.004416,0.013483,0.010461,0.028706,0.012001,0.008967,0.005271,0.012547,0.012528,0.003840,0.136274,0.020828,0.019757,0.002956,,,0.000953,0.000977,0.001274
Avg_Max
boraxo,max,,,0.116132,1.124472,0.145314,0.170085,0.075471,0.450236,0.270958,0.270916,0.345864,0.305054,0.107458,10.754358,0.011133,0.003225,0.012402,0.027642,0.465292,0.279223,0.513563,0.044394,0.522407,0.637047,0.387197,0.399533,0.671980,0.041223,0.537099,2.222182,2.946020,0.158475,0.073673,0.306732,2.982204,1.951308,0.016600,0.029138,0.249582,0.797363,1.145504,0.066859,0.387787,0.468227,0.447129,0.454253,0.384959,0.057250,0.288693,0.192589,0.735417,0.159846,0.084452,0.205996,0.369746,0.371159,0.041200,1.565115,0.597796,0.411112,0.056409,,,0.005846,0.010810,0.026001
catalyst,max,,,0.149625,0.995667,0.325001,0.150499,0.190924,0.772898,0.456486,0.450380,0.482529,0.536231,0.194861,6.077218,0.061566,0.003054,0.012472,0.123427,0.816114,0.447233,0.597062,0.034130,0.596756,0.861020,0.662088,0.590409,0.988141,0.307962,0.944541,12.586362,18.149335,0.178983,0.261421,0.520182,3.747836,11.833350,0.058371,0.030740,0.389314,1.018053,1.495742,0.256929,0.669777,0.536876,0.457670,0.541713,0.670975,0.083492,0.397982,0.255685,1.080042,0.247060,0.064923,0.068768,0.345619,0.344316,0.066094,1.473567,1.005843,0.478960,0.045521,,,0.004629,0.011621,0.029766
quartz,max,,,0.097600,0.904860,0.289905,0.138366,0.171746,0.733800,0.402677,0.431210,0.301538,0.507466,0.185913,5.058933,0.020932,0.003234,0.008796,0.057327,0.758423,0.379381,0.388616,0.034977,0.389581,0.704414,0.380736,0.529346,0.886409,0.071466,0.767421,2.065800,2.925616,0.146408,0.081540,0.296658,2.300646,1.956556,0.021471,0.017750,0.272165,0.637312,1.025568,0.076602,0.358019,0.341114,0.266476,0.345145,0.355455,0.071191,0.299492,0.264614,1.057555,0.149611,0.091312,0.104295,0.419501,0.410960,0.042466,1.407937,0.829491,0.400633,0.043945,,,0.003924,0.012300,0.019002
ruby,max,,,0.084574,0.708219,0.114266,0.111018,0.130749,0.367580,0.205929,0.205772,0.225244,0.246085,0.082389,5.528265,0.007315,0.006161,0.008830,0.018370,0.407982,0.226909,0.359544,0.027340,0.362164,0.499733,0.297525,0.304373,0.624090,0.115828,0.434221,1.279387,1.809766,0.101266,0.040799,0.232890,1.895456,1.215408,0.012344,0.020837,0.166653,0.555736,0.744468,0.040135,0.294763,0.318014,0.330477,0.314635,0.293987,0.042587,0.183046,0.142373,0.667183,0.104365,0.162544,0.329771,0.230131,0.229564,0.030434,1.000715,0.500979,0.260409,0.037794,,,0.003905,0.008111,0.017784
mammoth,max,,,0.059327,0.681779,0.212441,0.129299,0.156085,0.641866,0.393061,0.205073,0.272536,0.448813,0.103282,3.203464,0.019990,0.006447,0.008092,0.053360,0.691134,0.435551,0.243925,0.018328,0.244006,1.355086,0.560639,0.413106,0.925723,0.059252,0.864747,1.211617,1.710680,0.115434,0.029299,0.375885,1.930554,1.096769,0.015946,0.018698,0.143899,0.383366,0.552260,0.037907,0.554112,0.298901,0.304599,0.292133,0.559947,0.056630,0.176150,0.183115,1.048303,0.078287,0.301490,0.180808,0.228967,0.228012,0.033276,1.063727,0.881646,0.255847,0.033359,,,0.004187,0.006495,0.014851
poodle,max,,,0.079496,0.814830,0.163578,0.132207,0.047651,0.579741,0.179134,0.178931,0.119030,0.406381,0.079136,33.470178,0.008455,0.014199,0.014857,0.020967,0.676548,0.292596,0.354473,0.033733,0.369597,0.671615,0.388300,0.415912,0.675058,0.048121,0.573596,0.985616,1.357286,0.109538,0.026025,0.293890,2.067544,0.941672,0.012487,0.016919,0.156216,0.609521,0.726682,0.023353,0.395517,0.312641,0.267868,0.313806,0.396362,0.049787,0.141500,0.159743,0.682227,0.089505,0.154574,1.350844,0.199186,0.199264,0.031198,1.257058,0.608821,0.209461,0.028204,,,0.003096,0.007172,0.017338
ec2-c5n,max,,,0.115351,0.769229,0.146988,0.146336,0.151841,0.392405,0.557829,0.383893,0.487286,0.272767,0.167022,4.163289,0.017387,0.004737,0.012641,0.037154,0.444396,0.280634,0.457319,0.029749,0.461953,0.559899,0.378602,0.303868,0.666341,0.053158,0.528760,1.479818,1.971733,0.115621,0.049590,0.299802,2.757207,1.304095,0.012802,0.029587,0.249203,0.745922,1.071916,0.046705,0.377919,0.412667,0.456490,0.406844,0.376682,0.080990,0.218357,0.203031,0.467570,0.178758,0.073622,0.159555,0.261498,0.260301,0.056980,1.060098,0.575282,0.324426,0.042902,,,0.007531,0.008550,0.023124
ec2-c6a,max,,,0.050791,0.294397,0.144139,0.106151,0.117930,0.441630,0.338384,0.261284,0.320156,0.310234,0.109567,27.129363,0.015392,0.008032,0.008900,0.045920,0.590130,0.246755,0.182656,0.016021,0.187569,0.607441,0.267852,0.343206,0.791193,0.041769,0.493189,0.868117,1.216961,0.100384,0.026904,0.217382,1.184136,0.833036,0.016336,0.015198,0.163443,0.337432,0.507938,0.025759,0.268538,0.166944,0.223848,0.158560,0.264476,0.059536,0.168839,0.170761,0.496182,0.121611,0.133474,0.455665,0.159549,0.159780,0.037270,0.443042,0.563610,0.237387,0.025367,,,0.005757,0.006502,0.011807
ec2-c6i,max,,,0.067562,0.721008,0.110187,0.125743,0.133582,0.278029,0.358909,0.355166,0.376122,0.195082,0.137904,2.970918,0.015076,0.004168,0.007545,0.036021,0.303658,0.192426,0.272152,0.028699,0.273246,0.392223,0.232122,0.253239,0.511815,0.040362,0.360251,0.897064,1.259906,0.102576,0.032807,0.181106,1.485503,0.832255,0.008540,0.017452,0.163949,0.445768,0.595316,0.030597,0.231907,0.248609,0.292688,0.247816,0.233343,0.059011,0.186127,0.158840,0.364047,0.122077,0.105651,0.124549,0.215321,0.215212,0.043046,1.087115,0.434432,0.285584,0.035404,,,0.007184,0.007128,0.013638
Avg_FullThreads
boraxo,full,,,0.012025,0.140693,0.021781,0.013051,0.009640,0.060818,0.051598,0.044879,0.062083,0.042321,0.018964,10.754358,0.002435,0.003225,0.003660,0.004392,0.273293,0.038815,0.045834,0.008286,0.046997,0.370829,0.048488,0.135081,0.255779,0.006200,0.075678,0.922148,1.311079,0.014010,0.027259,0.039522,0.271220,0.874343,0.010389,0.005556,0.039450,0.081995,0.126304,0.021405,0.047602,0.040637,0.048018,0.040363,0.047387,0.005671,0.032936,0.020866,0.157126,0.019715,0.084452,0.205996,0.029235,0.032254,0.005477,0.198720,0.081516,0.044916,0.005170,0.000000,0.000000,0.001477,0.002096,0.002809
catalyst,full,,,0.022171,0.182248,0.086168,0.017599,0.025223,0.307721,0.098609,0.098534,0.091806,0.220700,0.044713,6.077218,0.011310,0.001966,0.003510,0.021904,0.533857,0.094096,0.084874,0.007766,0.085358,0.703685,0.068820,0.217651,0.479363,0.039527,0.158461,2.166567,3.076132,0.030600,0.053554,0.067316,0.503950,2.005844,0.016670,0.007564,0.079537,0.137631,0.237455,0.046968,0.066775,0.074151,0.072134,0.075278,0.067214,0.013047,0.062525,0.046105,0.492308,0.040495,0.064923,0.068768,0.045221,0.045307,0.011857,0.273663,0.266484,0.086066,0.007355,0.000000,0.000000,0.001669,0.003176,0.004726
quartz,full,,,0.031251,0.125271,0.035794,0.015229,0.023826,0.055726,0.104924,0.096104,0.054929,0.040911,0.034923,4.361800,0.003590,0.003234,0.004090,0.007745,0.508972,0.035967,0.081734,0.008459,0.081786,0.464545,0.054819,0.250464,0.398170,0.007205,0.065255,0.647505,0.890413,0.016135,0.021847,0.050526,0.423349,0.586453,0.012252,0.006943,0.056101,0.126902,0.165362,0.018334,0.054255,0.074543,0.081023,0.082336,0.054874,0.007045,0.034266,0.023849,0.263612,0.018048,0.091312,0.104295,0.034634,0.034575,0.007019,0.181486,0.072720,0.045117,0.008769,0.000000,0.000000,0.002471,0.005400,0.005893
ruby,full,,,0.014241,0.076754,0.014944,0.010052,0.015790,0.036460,0.066107,0.066236,0.036549,0.025368,0.029119,5.528265,0.002467,0.006161,0.006799,0.003358,0.184663,0.024903,0.054328,0.013494,0.054462,0.357419,0.031872,0.077816,0.185368,0.012047,0.046729,0.455813,0.645968,0.011562,0.021588,0.039330,0.316686,0.431760,0.010602,0.006830,0.040461,0.091298,0.130167,0.013367,0.031492,0.045756,0.062964,0.047215,0.031641,0.004650,0.019957,0.013690,0.109586,0.014803,0.162544,0.329771,0.016622,0.018348,0.004757,0.100716,0.046702,0.024943,0.005422,0.000000,0.000000,0.002008,0.002846,0.003185
mammoth,full,,,0.029525,0.038237,0.013319,0.009911,0.022440,0.035471,0.132536,0.129162,0.036772,0.023507,0.055122,3.203464,0.003436,0.006447,0.007120,0.004968,0.021017,0.032505,0.114728,0.013596,0.113294,0.239352,0.055657,0.021455,0.037265,0.005099,0.059078,0.105617,0.139695,0.014782,0.017013,0.090648,0.740758,0.085972,0.014809,0.007894,0.109145,0.199889,0.284006,0.009614,0.055573,0.098190,0.112896,0.099466,0.055825,0.009965,0.015472,0.016387,0.025674,0.016828,0.301490,0.180808,0.012679,0.013350,0.009304,0.039845,0.044781,0.022696,0.008532,0.000000,0.000000,0.004187,0.006495,0.007125
poodle,full,,,0.011384,0.044670,0.009155,0.005512,0.009318,0.012580,0.055938,0.055797,0.010847,0.009229,0.020119,33.470178,0.003371,0.014199,0.014857,0.003808,0.014180,0.012561,0.043788,0.030630,0.043902,0.147439,0.022656,0.010988,0.014967,0.002028,0.022316,0.150820,0.199183,0.008847,0.009708,0.036018,0.261406,0.137826,0.012375,0.003080,0.052593,0.085363,0.115800,0.006867,0.022165,0.039568,0.085874,0.039911,0.022209,0.003165,0.008083,0.005917,0.011889,0.007433,0.154574,1.350844,0.008131,0.008136,0.003915,0.054573,0.018218,0.009798,0.004032,0.000000,0.000000,0.002830,0.002452,0.002692
ec2-c5n,full,,,0.010165,0.093817,0.019440,0.011827,0.014966,0.051578,0.087178,0.063000,0.093779,0.036735,0.027520,4.163289,0.003023,0.003214,0.003438,0.005247,0.277921,0.038601,0.039205,0.007093,0.040008,0.265083,0.046789,0.137834,0.197576,0.006359,0.074683,0.620019,0.879969,0.011321,0.020484,0.036192,0.229679,0.585701,0.008029,0.005581,0.035743,0.069105,0.113367,0.014649,0.045847,0.033814,0.043880,0.033536,0.045529,0.007669,0.023910,0.021439,0.083276,0.023251,0.073622,0.159555,0.020547,0.020337,0.006924,0.132083,0.076054,0.037339,0.003993,0.000000,0.000000,0.001297,0.001830,0.002180
ec2-c6a,full,,,0.011772,0.017421,0.013748,0.006248,0.010109,0.030879,0.059536,0.055304,0.033399,0.023767,0.023938,27.129363,0.003223,0.008032,0.008900,0.004540,0.026004,0.025580,0.044617,0.016021,0.043276,0.206836,0.030920,0.025642,0.041143,0.004855,0.044050,0.101408,0.137332,0.011424,0.008015,0.048418,0.300594,0.088133,0.016336,0.004156,0.044344,0.073007,0.112445,0.005413,0.031328,0.039079,0.062381,0.037745,0.031349,0.004091,0.010287,0.008340,0.028601,0.009917,0.133474,0.455665,0.009199,0.008998,0.003589,0.013925,0.039871,0.013452,0.004017,0.000000,0.000000,0.002243,0.002561,0.003307
ec2-c6i,full,,,0.008245,0.055702,0.008865,0.006847,0.010077,0.015117,0.051401,0.050207,0.035444,0.011528,0.020334,2.970918,0.002406,0.003601,0.003371,0.004047,0.038342,0.015514,0.032409,0.006818,0.031838,0.237889,0.018329,0.022819,0.059172,0.003333,0.018430,0.206959,0.251289,0.008532,0.009355,0.023341,0.180964,0.109235,0.005516,0.002464,0.031876,0.057663,0.083443,0.007826,0.016751,0.028956,0.037384,0.028751,0.016778,0.004416,0.013483,0.010461,0.028706,0.012001,0.105651,0.124549,0.012547,0.012528,0.003840,0.197917,0.020828,0.019757,0.002956,0.000000,0.000000,0.001090,0.001567,0.001698
Avg_HalfThreads
boraxo,half,,,0.023474,0.272459,0.035550,0.025341,0.015437,0.085151,0.064805,0.052059,0.089058,0.059990,0.021917,9.553126,0.003268,0.001933,0.003365,0.006930,0.257985,0.052219,0.093764,0.007617,0.093588,0.396280,0.072247,0.135524,0.244313,0.008854,0.102593,1.855917,2.637941,0.023837,0.047035,0.060194,0.453190,1.752077,0.012892,0.006941,0.074354,0.149845,0.221262,0.041173,0.072158,0.082849,0.092041,0.082679,0.072084,0.010363,0.060806,0.037923,0.176605,0.036344,0.058376,0.077472,0.057469,0.063438,0.009012,0.395034,0.116544,0.101460,0.008154,0.000000,0.000000,0.001429,0.002392,0.005136
catalyst,half,,,0.036441,0.348603,0.108124,0.032277,0.044833,0.324251,0.164649,0.164781,0.165859,0.231261,0.075498,4.149126,0.021751,0.001569,0.003938,0.042794,0.550146,0.109114,0.138989,0.010677,0.140270,0.696584,0.115053,0.230751,0.485136,0.076181,0.194487,4.275631,6.152055,0.052733,0.093829,0.098811,0.829410,3.975255,0.029437,0.009612,0.120628,0.228108,0.404218,0.088622,0.113663,0.126447,0.115889,0.123702,0.107775,0.023252,0.118766,0.078499,0.552411,0.077650,0.037282,0.032004,0.088666,0.088611,0.021450,0.543295,0.275410,0.164459,0.013062,0.000000,0.000000,0.002116,0.004488,0.007340
quartz,half,,,0.028987,0.240242,0.064035,0.023581,0.034942,0.086784,0.110214,0.106768,0.079225,0.063040,0.046556,4.334117,0.005687,0.001627,0.004566,0.013960,0.499670,0.046608,0.104340,0.007488,0.118124,0.457612,0.069911,0.247184,0.375076,0.011613,0.085622,1.292751,1.769500,0.026697,0.036676,0.062929,0.582760,1.183104,0.013689,0.006937,0.089104,0.171364,0.259691,0.034757,0.070011,0.091358,0.077509,0.101207,0.070095,0.011273,0.063575,0.042575,0.275058,0.031685,0.059213,0.047917,0.067202,0.067257,0.011194,0.360602,0.105801,0.090523,0.010577,0.000000,0.000000,0.002481,0.005119,0.007672
ruby,half,,,0.012618,0.112069,0.017290,0.012621,0.016676,0.046372,0.035330,0.035051,0.050487,0.032493,0.017750,3.487145,0.002009,0.002207,0.003079,0.003643,0.185094,0.037667,0.047664,0.006074,0.047688,0.331644,0.054917,0.067179,0.195655,0.016594,0.074323,0.742266,1.052564,0.011976,0.026556,0.043416,0.276182,0.705707,0.010150,0.005753,0.055986,0.081258,0.124076,0.019636,0.055401,0.039560,0.047762,0.041023,0.055673,0.004756,0.028181,0.018803,0.119172,0.019783,0.064247,0.092613,0.024342,0.026370,0.005401,0.159986,0.073925,0.041135,0.004872,0.000000,0.000000,0.001155,0.001629,0.002832
mammoth,half,,,0.019098,0.038058,0.011839,0.009214,0.017599,0.023376,0.100332,0.083781,0.030937,0.017776,0.034757,2.998919,0.003182,0.003817,0.005058,0.005152,0.021727,0.024748,0.070410,0.008954,0.070597,0.226938,0.038166,0.021440,0.027200,0.004874,0.042656,0.158578,0.215822,0.010211,0.013676,0.055938,0.438660,0.129670,0.012665,0.005738,0.101417,0.111433,0.176412,0.009266,0.037942,0.061438,0.067604,0.062819,0.038705,0.007857,0.015561,0.014734,0.025821,0.015376,0.162672,0.075824,0.014301,0.014747,0.007628,0.065993,0.032916,0.025235,0.006525,0.000000,0.000000,0.003092,0.004879,0.005147
poodle,half,,,0.006623,0.071239,0.010219,0.006968,0.005859,0.014082,0.030720,0.030637,0.012980,0.010822,0.012123,12.300243,0.001462,0.003804,0.004192,0.002372,0.020689,0.010220,0.024076,0.009223,0.024073,0.125706,0.014408,0.016270,0.040348,0.002156,0.014393,0.303180,0.398536,0.007005,0.011198,0.022324,0.157733,0.292086,0.012487,0.001961,0.043846,0.046112,0.095899,0.010019,0.012896,0.022087,0.030245,0.022533,0.012955,0.003308,0.011877,0.009416,0.028999,0.008797,0.067586,0.330326,0.013543,0.013532,0.003267,0.104251,0.018580,0.016122,0.003593,0.000000,0.000000,0.000994,0.001428,0.001694
ec2-c5n,half,,,0.021865,0.181800,0.031282,0.021879,0.025320,0.079777,0.138172,0.091349,0.124168,0.056570,0.037597,3.738936,0.004598,0.002623,0.003012,0.009250,0.262357,0.047386,0.085753,0.005687,0.085692,0.297339,0.064280,0.093295,0.213015,0.010792,0.093065,1.245028,1.768149,0.017931,0.033605,0.053609,0.423315,1.182286,0.009801,0.007163,0.066433,0.137655,0.192985,0.027899,0.063804,0.077206,0.087172,0.076972,0.063924,0.015229,0.044984,0.041216,0.101706,0.044082,0.046651,0.058769,0.039934,0.039959,0.012976,0.262403,0.107050,0.076987,0.006335,0.000000,0.000000,0.001425,0.002002,0.004632
ec2-c6a,half,,,0.014444,0.022781,0.013630,0.008529,0.011714,0.027105,0.058555,0.046872,0.029733,0.021585,0.020375,8.813647,0.003116,0.003688,0.004615,0.005609,0.030467,0.026944,0.050587,0.006904,0.052457,0.198939,0.036268,0.026654,0.039660,0.004795,0.040851,0.179580,0.236682,0.017586,0.008041,0.044033,0.245978,0.152386,0.015752,0.004760,0.094446,0.068882,0.100988,0.007607,0.034368,0.043291,0.052473,0.047243,0.035039,0.005107,0.015129,0.011658,0.030963,0.012548,0.074680,0.091882,0.011353,0.011335,0.004715,0.023528,0.039581,0.021586,0.004001,0.000000,0.000000,0.001548,0.002042,0.003961
ec2-c6i,half,,,0.007778,0.102041,0.018554,0.011015,0.014766,0.046880,0.059999,0.059631,0.057224,0.032916,0.024073,2.735194,0.003001,0.002272,0.002189,0.005577,0.081061,0.036701,0.030205,0.004538,0.030592,0.191111,0.031119,0.041591,0.088060,0.005156,0.066403,0.416798,0.497864,0.010219,0.014385,0.024772,0.178108,0.206526,0.005400,0.002642,0.046525,0.062599,0.103003,0.013307,0.030153,0.027533,0.033005,0.026908,0.029377,0.007447,0.024306,0.019347,0.053347,0.021020,0.052231,0.047847,0.023987,0.023977,0.006541,0.151808,0.063762,0.037244,0.003679,0.000000,0.000000,0.000953,0.001202,0.001459
Avg_QtrThreads
boraxo,quarter,,,0.022013,0.260545,0.035129,0.037533,0.015856,0.098039,0.056216,0.054036,0.085295,0.062556,0.020760,4.660863,0.003190,0.001301,0.002821,0.007073,0.281702,0.052622,0.087475,0.011028,0.087350,0.401458,0.070352,0.136837,0.257331,0.010026,0.100759,0.512251,0.670914,0.038331,0.022709,0.058225,0.437050,0.319799,0.010095,0.007956,0.063203,0.141648,0.211831,0.016569,0.069637,0.079169,0.086109,0.078652,0.069404,0.011785,0.067649,0.043211,0.177777,0.035999,0.029365,0.029084,0.084159,0.084039,0.009547,0.349063,0.120133,0.096834,0.012552,0.000000,0.000000,0.001710,0.002416,0.004899
catalyst,quarter,,,0.037769,0.332691,0.115229,0.048705,0.062435,0.321339,0.158824,0.158824,0.177569,0.223297,0.070719,3.431920,0.021263,0.001470,0.004055,0.042229,0.603608,0.110668,0.142723,0.012274,0.142005,0.678351,0.124080,0.228669,0.520007,0.105443,0.202733,4.268569,6.094687,0.067637,0.090790,0.105777,0.838379,3.989087,0.024204,0.010305,0.124591,0.248256,0.427526,0.087705,0.120002,0.121718,0.116925,0.122596,0.122932,0.025477,0.135286,0.091681,0.498457,0.083309,0.025377,0.015430,0.117273,0.116873,0.022346,0.496154,0.300839,0.161350,0.014526,0.000000,0.000000,0.002090,0.004353,0.007307
quartz,quarter,,,0.034811,0.212781,0.065319,0.034068,0.046685,0.115167,0.111828,0.116119,0.086027,0.083344,0.048831,2.418662,0.005341,0.001606,0.004451,0.013630,0.520234,0.051227,0.101719,0.009809,0.101561,0.452538,0.068825,0.242296,0.394354,0.016166,0.085881,0.637696,0.958023,0.040818,0.024520,0.059762,0.578885,0.731680,0.011545,0.008378,0.084673,0.160002,0.251946,0.021605,0.069239,0.089412,0.083577,0.091557,0.068849,0.013419,0.066563,0.058672,0.281950,0.037066,0.036212,0.022510,0.099099,0.099319,0.011367,0.326071,0.116650,0.091151,0.012251,0.000000,0.000000,0.002421,0.005491,0.006714
ruby,quarter,,,0.010297,0.105954,0.016617,0.017850,0.020948,0.045452,0.028235,0.027750,0.050808,0.031821,0.013624,2.766274,0.001690,0.001159,0.002062,0.003432,0.192282,0.036543,0.039655,0.005738,0.039592,0.328759,0.052528,0.080427,0.204921,0.017265,0.071803,0.204680,0.258652,0.018198,0.013934,0.039066,0.234016,0.154379,0.009551,0.007465,0.041262,0.072658,0.110734,0.007320,0.052284,0.034806,0.037354,0.035059,0.053005,0.005469,0.028361,0.021235,0.118660,0.017400,0.032176,0.041365,0.033863,0.033499,0.005380,0.144340,0.073298,0.038243,0.006273,0.000000,0.000000,0.001048,0.001302,0.002483
mammoth,quarter,,,0.009558,0.048878,0.007870,0.010374,0.014215,0.014224,0.052021,0.040360,0.037914,0.011152,0.017717,2.251655,0.002115,0.001902,0.003480,0.004086,0.017697,0.015412,0.033592,0.005139,0.033691,0.224962,0.021672,0.017121,0.019093,0.003771,0.024426,0.120893,0.162356,0.010685,0.007160,0.032363,0.212658,0.091502,0.010732,0.003426,0.049810,0.052009,0.084561,0.004522,0.021426,0.029909,0.034751,0.030489,0.022536,0.005079,0.012342,0.010005,0.020323,0.009928,0.075627,0.042369,0.016192,0.015875,0.004929,0.067683,0.020368,0.019534,0.005191,0.000000,0.000000,0.001853,0.002862,0.003112
poodle,quarter,,,0.005181,0.060686,0.009099,0.009316,0.004315,0.016352,0.022423,0.021784,0.014553,0.014479,0.008770,3.804840,0.000995,0.001756,0.002145,0.001926,0.020948,0.008367,0.018823,0.005851,0.018840,0.113597,0.011342,0.017101,0.040594,0.002348,0.011025,0.077725,0.103115,0.010869,0.004240,0.015454,0.112720,0.078152,0.011141,0.001629,0.032757,0.031226,0.058574,0.002637,0.010010,0.017252,0.019619,0.017074,0.010130,0.003753,0.011298,0.009262,0.028119,0.007996,0.044689,0.114176,0.015033,0.014972,0.002888,0.090771,0.019189,0.015865,0.002796,0.000000,0.000000,0.000703,0.001046,0.001395
ec2-c5n,quarter,,,0.020368,0.172658,0.034006,0.031639,0.032658,0.086536,0.131324,0.091940,0.114994,0.059769,0.040077,2.780672,0.004629,0.001894,0.002627,0.008944,0.281268,0.052274,0.080036,0.007781,0.080156,0.296838,0.063473,0.133731,0.210651,0.012792,0.096647,0.365431,0.472717,0.029110,0.017053,0.051338,0.405473,0.286915,0.008728,0.008180,0.059483,0.128618,0.188104,0.011605,0.065285,0.072323,0.080803,0.072421,0.065818,0.016580,0.049840,0.045481,0.105701,0.039869,0.028162,0.023994,0.059135,0.059206,0.012351,0.236367,0.111709,0.072872,0.009075,0.000000,0.000000,0.002022,0.002026,0.004373
ec2-c6a,quarter,,,0.012691,0.029788,0.012962,0.010542,0.012508,0.025889,0.041833,0.034915,0.032621,0.019761,0.015572,3.284826,0.003023,0.002123,0.003263,0.005314,0.030729,0.024332,0.038032,0.003810,0.039987,0.193426,0.030835,0.026421,0.037085,0.004883,0.034699,0.079983,0.114886,0.017112,0.004720,0.034819,0.175589,0.074465,0.015107,0.004279,0.053273,0.053697,0.077562,0.003744,0.028800,0.034126,0.039869,0.036717,0.029858,0.005294,0.016395,0.012129,0.029321,0.012195,0.038994,0.026611,0.014872,0.014967,0.004560,0.040283,0.035845,0.022489,0.004149,0.000000,0.000000,0.001423,0.001531,0.003519
ec2-c6i,quarter,,,0.006461,0.091160,0.016140,0.016701,0.018053,0.047000,0.053817,0.053157,0.053602,0.033050,0.020840,2.401023,0.002773,0.001609,0.001740,0.005311,0.083554,0.036147,0.025415,0.004811,0.025176,0.188659,0.031263,0.042253,0.091689,0.005237,0.065624,0.112607,0.158914,0.015576,0.004870,0.020911,0.153508,0.105486,0.004385,0.002797,0.029765,0.050645,0.084302,0.004124,0.028059,0.022861,0.043969,0.020179,0.026163,0.007273,0.024117,0.018153,0.052734,0.015873,0.034202,0.026003,0.027515,0.027536,0.005610,0.136274,0.063460,0.036095,0.004997,0.000000,0.000000,0.001214,0.000977,0.001274
