machine,core,Kernel,Kernel,Basic_DAXPY,Basic_DAXPY_ATOMIC,Basic_IF_QUAD,Basic_INDEXLIST,Basic_INDEXLIST_3LOOP,Basic_INIT3,Basic_INIT_VIEW1D,Basic_INIT_VIEW1D_OFFSET,Basic_MAT_MAT_SHARED,Basic_MULADDSUB,Basic_NESTED_INIT,Basic_PI_ATOMIC,Basic_PI_REDUCE,Basic_REDUCE3_INT,Basic_REDUCE_STRUCT,Basic_TRAP_INT,Lcals_DIFF_PREDICT,Lcals_EOS,Lcals_FIRST_DIFF,Lcals_FIRST_MIN,Lcals_FIRST_SUM,Lcals_GEN_LIN_RECUR,Lcals_HYDRO_1D,Lcals_HYDRO_2D,Lcals_INT_PREDICT,Lcals_PLANCKIAN,Lcals_TRIDIAG_ELIM,Polybench_2MM,Polybench_3MM,Polybench_ADI,Polybench_ATAX,Polybench_FDTD_2D,Polybench_FLOYD_WARSHALL,Polybench_GEMM,Polybench_GEMVER,Polybench_GESUMMV,Polybench_HEAT_3D,Polybench_JACOBI_1D,Polybench_JACOBI_2D,Polybench_MVT,Stream_ADD,Stream_COPY,Stream_DOT,Stream_MUL,Stream_TRIAD,Apps_CONVECTION3DPA,Apps_DEL_DOT_VEC_2D,Apps_DIFFUSION3DPA,Apps_ENERGY,Apps_FIR,Apps_HALOEXCHANGE,Apps_HALOEXCHANGE_FUSED,Apps_LTIMES,Apps_LTIMES_NOVIEW,Apps_MASS3DPA,Apps_NODAL_ACCUMULATION_3D,Apps_PRESSURE,Apps_VOL3D,Algorithm_SCAN,Algorithm_SORT,Algorithm_SORTPAIRS,Algorithm_REDUCE_SUM,Algorithm_MEMSET,Algorithm_MEMCPY
boraxo,72,Base_OpenMP,default,0.008424,0.078684,0.010177,0.007422,0.006755,0.018862,0.041442,0.037790,0.014514,0.013203,0.015973,5.674702,0.002076,0.003189,0.003260,0.002652,0.052693,0.013016,0.032451,0.007271,0.032439,0.180510,0.018195,0.025284,0.059357,0.002439,0.024315,0.332966,0.511444,0.007780,0.015785,0.021597,0.140036,0.409869,0.006707,0.004970,0.024887,0.055501,0.084318,0.009535,0.017577,0.029329,0.040009,0.027694,0.017183,0.003368,0.016109,0.010054,0.055151,0.010778,0.085655,0.214899,0.014904,0.016420,0.003210,0.102436,0.025730,0.023563,0.003241,Not run,Not run,0.001223,0.001670,0.001904
boraxo,36,Base_OpenMP,default,0.009393,0.137359,0.017043,0.012664,0.007816,0.030534,0.039934,0.031974,0.025667,0.021561,0.014146,4.851896,0.001924,0.001552,0.001807,0.003806,0.075825,0.023372,0.036183,0.005060,0.036309,0.173214,0.030399,0.045999,0.080513,0.003958,0.046141,0.639380,0.982957,0.012429,0.018870,0.026820,0.154378,0.786417,0.006842,0.003116,0.036283,0.064906,0.114013,0.016799,0.029918,0.031036,0.035511,0.029067,0.029914,0.005185,0.030663,0.018480,0.074037,0.018758,0.057217,0.078824,0.028923,0.031936,0.004850,0.202907,0.045486,0.045446,0.004316,Not run,Not run,0.000946,0.001442,0.002024
boraxo,32,Base_OpenMP,default,0.011145,0.153531,0.020101,0.013985,0.008372,0.036455,0.039923,0.031261,0.024853,0.025546,0.014604,4.169421,0.002177,0.001198,0.001629,0.004172,0.073319,0.025374,0.045871,0.004787,0.045898,0.120030,0.034658,0.052999,0.092183,0.004479,0.050283,0.719177,1.134793,0.013952,0.025671,0.029574,0.175032,0.903047,0.007789,0.006485,0.040195,0.076532,0.127313,0.018706,0.033897,0.039863,0.043457,0.038957,0.034838,0.005620,0.035035,0.021058,0.084732,0.020708,0.047086,0.070334,0.033080,0.036303,0.005198,0.227748,0.053123,0.050947,0.004571,Not run,Not run,0.000897,0.001399,0.002537
boraxo,18,Base_OpenMP,default,0.008114,0.131148,0.016572,0.018429,0.007795,0.032799,0.032363,0.027589,0.027362,0.023502,0.011742,2.306155,0.001677,0.001063,0.001358,0.003727,0.081788,0.022872,0.031798,0.006139,0.031708,0.173637,0.027907,0.043883,0.081928,0.004556,0.044877,0.322985,0.498353,0.019350,0.012947,0.022507,0.143047,0.427789,0.006405,0.005388,0.032268,0.060707,0.102075,0.009860,0.027294,0.026864,0.034788,0.026031,0.027348,0.005383,0.032788,0.019140,0.074273,0.018303,0.030366,0.035653,0.042814,0.042625,0.004849,0.178709,0.044098,0.047546,0.006366,Not run,Not run,0.000981,0.001241,0.001785
boraxo,16,Base_OpenMP,default,0.008329,0.147349,0.018554,0.020230,0.008642,0.033410,0.034591,0.026232,0.026999,0.023678,0.012848,2.215623,0.002022,0.001023,0.001395,0.004487,0.077336,0.025536,0.034515,0.006479,0.035918,0.159920,0.033283,0.050127,0.094367,0.004840,0.050031,0.383523,0.536534,0.021928,0.016522,0.025974,0.162092,0.456824,0.007379,0.005889,0.035302,0.067330,0.114432,0.010799,0.034871,0.028658,0.036529,0.028331,0.034840,0.006033,0.036924,0.021794,0.086587,0.020476,0.027575,0.023343,0.047155,0.047714,0.005382,0.200940,0.050518,0.053421,0.006850,Not run,Not run,0.000995,0.001088,0.001897
boraxo,8,Base_OpenMP,default,0.021923,0.286322,0.037575,0.041488,0.016692,0.098445,0.060278,0.056489,0.047776,0.069195,0.023704,1.887415,0.002944,0.000792,0.002398,0.007012,0.151698,0.062864,0.100786,0.011331,0.102307,0.140722,0.083876,0.110750,0.184601,0.010327,0.117472,0.751494,1.137020,0.039011,0.020591,0.065685,0.368298,1.049322,0.005481,0.005783,0.060525,0.161744,0.246815,0.019904,0.081992,0.080866,0.088280,0.081335,0.081094,0.013307,0.076921,0.049009,0.194389,0.040494,0.016948,0.006803,0.093197,0.093333,0.010384,0.400782,0.131759,0.118066,0.013657,Not run,Not run,0.001512,0.002373,0.005013
boraxo,4,Base_OpenMP,default,0.047141,0.567196,0.071925,0.082807,0.033778,0.177740,0.118557,0.118096,0.095045,0.120574,0.047283,1.947314,0.005652,0.001303,0.004792,0.013831,0.220568,0.117775,0.195020,0.022284,0.196038,0.255891,0.154897,0.193696,0.308265,0.019447,0.217006,1.533691,2.144860,0.077921,0.040535,0.122607,0.715616,1.823415,0.009769,0.011513,0.112645,0.327956,0.480679,0.040028,0.152478,0.171566,0.187568,0.170871,0.151434,0.025673,0.145141,0.091543,0.340873,0.079731,0.019172,0.009548,0.184716,0.184905,0.020113,0.800444,0.245463,0.212403,0.027219,Not run,Not run,0.002889,0.004728,0.010049
boraxo,72,Base_OpenMP,default,0.008246,0.072668,0.010154,0.007395,0.006831,0.018091,0.040113,0.036964,0.017011,0.012877,0.015486,5.395836,0.001947,0.003119,0.003300,0.002692,0.053684,0.012735,0.031731,0.007119,0.031832,0.180202,0.018429,0.025046,0.058852,0.002443,0.021073,0.331585,0.501876,0.007854,0.015115,0.022089,0.137393,0.409377,0.006396,0.002401,0.030732,0.055069,0.084504,0.009633,0.017108,0.028527,0.038374,0.027193,0.017248,0.003390,0.016101,0.009794,0.055576,0.010784,0.086671,0.223071,0.014925,0.016451,0.003263,0.107817,0.024674,0.023596,0.003250,Not run,Not run,0.001183,0.001611,0.001894
boraxo,36,Base_OpenMP,default,0.009699,0.137601,0.016994,0.012232,0.008180,0.030785,0.040303,0.032698,0.025495,0.021563,0.014288,4.869089,0.002262,0.001440,0.001820,0.004020,0.075962,0.023977,0.036982,0.005077,0.037178,0.173097,0.030996,0.046102,0.081451,0.003897,0.046827,0.639033,0.993948,0.012364,0.024486,0.027514,0.158577,0.788986,0.007463,0.006481,0.036388,0.065584,0.114562,0.016926,0.030526,0.031677,0.036472,0.029787,0.030209,0.005126,0.030452,0.018418,0.073993,0.018800,0.059004,0.076767,0.028938,0.031954,0.004837,0.202943,0.045680,0.045468,0.004349,Not run,Not run,0.000950,0.001460,0.002070
boraxo,32,Base_OpenMP,default,0.010066,0.153262,0.019016,0.013548,0.008550,0.033488,0.039664,0.030566,0.025011,0.023338,0.014534,4.515595,0.002014,0.001180,0.001470,0.004493,0.076422,0.025973,0.039493,0.004727,0.039394,0.115430,0.035022,0.052505,0.093371,0.004238,0.052171,0.719792,1.138302,0.013950,0.025193,0.029081,0.162025,0.903141,0.007122,0.005997,0.038709,0.068897,0.123401,0.018667,0.035544,0.033296,0.037279,0.031599,0.035590,0.005432,0.034826,0.020710,0.086054,0.020712,0.045496,0.067926,0.032932,0.036482,0.005152,0.227804,0.051899,0.050267,0.004493,Not run,Not run,0.000866,0.001367,0.002133
boraxo,18,Base_OpenMP,default,0.008067,0.131109,0.016427,0.018295,0.007833,0.032435,0.031791,0.026981,0.027481,0.023198,0.011492,2.484379,0.002194,0.000971,0.001406,0.003991,0.081303,0.022710,0.032119,0.006099,0.031373,0.172029,0.028165,0.047185,0.082133,0.004424,0.043824,0.323013,0.498297,0.019390,0.017384,0.021899,0.142860,0.426972,0.006664,0.009632,0.033638,0.060264,0.100017,0.009463,0.026589,0.026019,0.034939,0.025510,0.027990,0.005410,0.032831,0.019858,0.074510,0.018277,0.028723,0.033904,0.042565,0.043055,0.004845,0.178745,0.044109,0.047354,0.006374,Not run,Not run,0.000967,0.001234,0.001755
boraxo,16,Base_OpenMP,default,0.008014,0.147300,0.018443,0.020193,0.008442,0.033353,0.033909,0.025355,0.027398,0.023410,0.012453,2.247641,0.002175,0.000888,0.001381,0.004269,0.077627,0.025098,0.032890,0.006435,0.034564,0.159651,0.033747,0.052523,0.095124,0.004850,0.049813,0.383734,0.536071,0.021942,0.019817,0.025880,0.159360,0.457130,0.006921,0.010573,0.035312,0.068540,0.112756,0.010843,0.032784,0.027793,0.036547,0.027356,0.032439,0.005945,0.036958,0.021828,0.086703,0.020374,0.026816,0.024314,0.047062,0.047507,0.005337,0.200910,0.051014,0.053474,0.006838,Not run,Not run,0.000992,0.001053,0.001786
boraxo,8,Base_OpenMP,default,0.023936,0.289263,0.038225,0.041448,0.016627,0.093339,0.056820,0.046231,0.047509,0.065249,0.021282,1.812802,0.002936,0.000761,0.002404,0.007058,0.157173,0.057325,0.095042,0.011337,0.095127,0.128747,0.075588,0.104680,0.184702,0.010138,0.109444,0.751375,1.134168,0.038963,0.019890,0.059066,0.346991,1.049242,0.005624,0.005702,0.057437,0.157159,0.234253,0.019881,0.074443,0.086746,0.096094,0.086614,0.075041,0.012876,0.073387,0.046600,0.189788,0.040022,0.015459,0.006790,0.092349,0.092469,0.010138,0.400755,0.126936,0.106546,0.013431,Not run,Not run,0.001487,0.001865,0.004740
boraxo,4,Base_OpenMP,default,0.046022,0.570273,0.072246,0.082616,0.033963,0.175115,0.122628,0.122689,0.094453,0.120130,0.049759,1.961673,0.005691,0.001260,0.004666,0.013834,0.225472,0.110662,0.185806,0.022262,0.186313,0.243527,0.149026,0.208055,0.308494,0.019578,0.211866,1.531510,2.141505,0.077851,0.039842,0.117425,0.673622,1.818011,0.009668,0.011207,0.111008,0.304667,0.455194,0.039659,0.146678,0.166785,0.184574,0.166813,0.145732,0.025410,0.144845,0.092463,0.338322,0.079423,0.017968,0.009468,0.184614,0.184689,0.020011,0.800363,0.240387,0.211827,0.026968,Not run,Not run,0.002881,0.004874,0.009247
boraxo,72,Base_OpenMP,default,0.008193,0.072822,0.010387,0.007605,0.006652,0.019223,0.039790,0.037048,0.016863,0.012923,0.015301,5.126405,0.001688,0.003104,0.003185,0.002803,0.054053,0.012731,0.031453,0.006941,0.031411,0.181776,0.018288,0.025089,0.059557,0.002953,0.020253,0.334302,0.513193,0.007874,0.014985,0.022015,0.137842,0.408505,0.006861,0.002409,0.024777,0.054379,0.083907,0.009628,0.016875,0.028315,0.038419,0.027003,0.016901,0.003377,0.016112,0.010076,0.055563,0.010664,0.085525,0.210110,0.014861,0.016408,0.003209,0.102382,0.023624,0.023562,0.003237,Not run,Not run,0.001198,0.001632,0.001904
boraxo,36,Base_OpenMP,default,0.009491,0.137362,0.017329,0.012330,0.007898,0.031711,0.040403,0.032172,0.025508,0.021446,0.014225,4.682093,0.002252,0.001472,0.001820,0.004120,0.075890,0.023875,0.037175,0.004974,0.037411,0.172192,0.030774,0.047347,0.080461,0.003948,0.046454,0.640313,0.988235,0.012357,0.023914,0.027303,0.157163,0.788553,0.007632,0.006426,0.036427,0.065717,0.114357,0.016920,0.030472,0.031455,0.037481,0.029709,0.030364,0.005131,0.030595,0.018365,0.073957,0.018784,0.058920,0.082465,0.028937,0.031949,0.004846,0.202942,0.045312,0.045462,0.004348,Not run,Not run,0.000947,0.001448,0.002024
boraxo,32,Base_OpenMP,default,0.009874,0.153287,0.019155,0.013886,0.008280,0.033777,0.039380,0.030393,0.024900,0.023663,0.014645,4.360257,0.002070,0.001270,0.001536,0.004289,0.076313,0.026309,0.038366,0.004904,0.038398,0.115281,0.034889,0.053078,0.093646,0.005494,0.052211,0.719037,1.137978,0.013903,0.025978,0.029607,0.161043,0.902745,0.007852,0.005873,0.038984,0.067704,0.121599,0.018645,0.034563,0.032299,0.037795,0.030541,0.035650,0.005429,0.034803,0.020632,0.086197,0.020764,0.045368,0.063994,0.033003,0.036359,0.005143,0.227834,0.051640,0.050379,0.004457,Not run,Not run,0.000899,0.001350,0.002060
boraxo,18,Base_OpenMP,default,0.008003,0.130986,0.016817,0.018024,0.007841,0.033364,0.032147,0.027032,0.027350,0.023095,0.011546,2.317946,0.001812,0.001002,0.001411,0.003569,0.081797,0.022858,0.031921,0.006091,0.031121,0.171386,0.027242,0.047702,0.081927,0.004553,0.044482,0.324069,0.498443,0.019392,0.011168,0.022381,0.142835,0.430446,0.006748,0.003760,0.032026,0.059200,0.100761,0.009497,0.027726,0.027259,0.034639,0.026485,0.026599,0.005440,0.032768,0.019118,0.074344,0.018297,0.029776,0.034680,0.042533,0.043079,0.004823,0.178677,0.043283,0.047570,0.006359,Not run,Not run,0.000977,0.001238,0.001739
boraxo,16,Base_OpenMP,default,0.007883,0.147363,0.018675,0.020343,0.008366,0.033959,0.034252,0.026008,0.027233,0.023702,0.012387,2.280135,0.002245,0.000983,0.001390,0.004441,0.078708,0.025332,0.031345,0.006463,0.033221,0.158982,0.034533,0.054107,0.094453,0.004848,0.050492,0.385231,0.536134,0.021933,0.011902,0.026161,0.158887,0.458604,0.006737,0.003160,0.035281,0.067545,0.113669,0.010897,0.033396,0.027878,0.036031,0.027586,0.033129,0.006035,0.038843,0.022687,0.087005,0.020370,0.027780,0.023310,0.048030,0.048008,0.005475,0.200872,0.050397,0.058945,0.006832,Not run,Not run,0.000989,0.001087,0.001781
boraxo,8,Base_OpenMP,default,0.024099,0.290586,0.038113,0.041443,0.016562,0.092101,0.056761,0.044829,0.047647,0.065154,0.020420,1.872015,0.002925,0.000785,0.002457,0.007011,0.156363,0.057348,0.096788,0.011340,0.096743,0.128943,0.075065,0.110688,0.184658,0.010147,0.108511,0.750420,1.134034,0.038998,0.020318,0.058625,0.346635,1.048375,0.005557,0.005836,0.060371,0.157342,0.234759,0.019989,0.074521,0.086675,0.096124,0.086518,0.074080,0.013015,0.077066,0.048525,0.189829,0.039923,0.016183,0.006682,0.093114,0.093261,0.010343,0.400569,0.127132,0.117982,0.013432,Not run,Not run,0.001483,0.001871,0.004765
boraxo,4,Base_OpenMP,default,0.045943,0.568293,0.072664,0.082494,0.033878,0.174046,0.122454,0.122316,0.093602,0.119126,0.049969,2.010699,0.005651,0.001279,0.004631,0.013828,0.225260,0.111238,0.183998,0.022252,0.184352,0.242326,0.146998,0.209118,0.309954,0.019459,0.209694,1.530045,2.144051,0.077823,0.040287,0.115431,0.678582,1.821928,0.009626,0.011292,0.116633,0.305218,0.459322,0.039666,0.146039,0.165815,0.183859,0.165654,0.146053,0.025555,0.152224,0.096204,0.337319,0.079410,0.018521,0.009521,0.186377,0.186720,0.020256,0.800388,0.240830,0.234740,0.026962,Not run,Not run,0.002875,0.004892,0.009195
catalyst,48,Base_OpenMP,default,0.012999,0.092752,0.028263,0.009163,0.013648,0.033071,0.060189,0.060030,0.039059,0.023595,0.030751,3.394362,0.005972,0.001671,0.002353,0.011236,0.231363,0.023967,0.050062,0.005276,0.050282,0.236628,0.031128,0.074207,0.193763,0.019575,0.037406,0.843179,1.291152,0.013662,0.026270,0.032853,0.206050,0.952718,0.009275,0.004729,0.051564,0.082039,0.138298,0.021218,0.030457,0.044168,0.045854,0.045203,0.030441,0.006523,0.031307,0.019316,0.139097,0.020884,0.062813,0.067739,0.023632,0.023717,0.006188,0.139879,0.040940,0.043295,0.004062,Not run,Not run,0.001036,0.001747,0.002750
catalyst,24,Base_OpenMP,default,0.019204,0.179017,0.053250,0.016344,0.022999,0.058208,0.089472,0.089518,0.061023,0.042599,0.042999,2.332342,0.011055,0.001155,0.002175,0.021567,0.234337,0.041673,0.074540,0.006003,0.074570,0.217101,0.048620,0.095658,0.201342,0.037503,0.059432,1.684749,2.572046,0.024620,0.044981,0.048241,0.311374,1.900962,0.012181,0.006062,0.063420,0.122440,0.215938,0.042053,0.047764,0.065154,0.062103,0.065559,0.047630,0.011209,0.059318,0.036107,0.166211,0.039087,0.037217,0.033447,0.044763,0.044800,0.010951,0.277416,0.070125,0.081372,0.006351,Not run,Not run,0.001140,0.002533,0.003893
catalyst,16,Base_OpenMP,default,0.025900,0.265514,0.078018,0.023650,0.032598,0.074966,0.123399,0.123452,0.076566,0.052960,0.061425,1.879462,0.016294,0.000946,0.008132,0.032023,0.196635,0.059324,0.102411,0.007456,0.107731,0.114253,0.067831,0.136517,0.281149,0.055977,0.086846,2.484143,3.803438,0.035376,0.062816,0.065049,0.427724,2.796794,0.015991,0.007071,0.081542,0.168398,0.301540,0.060884,0.066135,0.088968,0.080643,0.089101,0.066354,0.016058,0.089674,0.054430,0.252758,0.057804,0.030436,0.020785,0.065950,0.066014,0.016004,0.418825,0.101308,0.120976,0.008719,Not run,Not run,0.001400,0.003208,0.005103
catalyst,12,Base_OpenMP,default,0.018915,0.167181,0.056825,0.024775,0.031985,0.070681,0.083943,0.083831,0.063056,0.051745,0.039435,1.660284,0.010780,0.000917,0.002083,0.021265,0.236311,0.042996,0.073053,0.006500,0.073269,0.220199,0.049481,0.097173,0.203421,0.051398,0.059170,1.692887,2.565724,0.033346,0.045860,0.045536,0.296484,1.920129,0.012612,0.006548,0.061780,0.130493,0.200456,0.042645,0.046473,0.061596,0.061240,0.061681,0.046574,0.011463,0.067855,0.039562,0.165883,0.042262,0.023202,0.013186,0.058872,0.058666,0.011319,0.253829,0.082819,0.083593,0.007443,Not run,Not run,0.001196,0.002357,0.003723
catalyst,8,Base_OpenMP,default,0.026400,0.249869,0.081789,0.036520,0.046635,0.104617,0.119495,0.119411,0.083282,0.071934,0.054682,1.899270,0.016526,0.001128,0.002578,0.032177,0.210163,0.063627,0.105189,0.008898,0.105485,0.187541,0.074837,0.160131,0.272876,0.077432,0.097481,2.535667,3.846555,0.049402,0.065750,0.065280,0.428418,2.882017,0.016632,0.007468,0.089810,0.189177,0.291923,0.063182,0.068223,0.089415,0.086899,0.089212,0.068551,0.017444,0.101946,0.063796,0.297400,0.063282,0.017787,0.009698,0.087447,0.087077,0.017026,0.380378,0.125871,0.125948,0.011041,Not run,Not run,0.001471,0.003537,0.005462
catalyst,4,Base_OpenMP,default,0.051185,0.486348,0.160733,0.070806,0.089161,0.293120,0.225644,0.227521,0.154603,0.206178,0.099966,1.534586,0.031197,0.001615,0.004584,0.062964,0.412390,0.139011,0.209332,0.016912,0.210644,0.299472,0.152547,0.299299,0.494636,0.153089,0.249182,5.023738,7.615825,0.085784,0.123606,0.128049,0.807026,5.643092,0.027924,0.012033,0.173645,0.358417,0.581425,0.124037,0.147244,0.169370,0.165062,0.170314,0.147001,0.035275,0.199970,0.126798,0.521374,0.123335,0.014309,0.007679,0.171355,0.171457,0.032064,0.750073,0.322064,0.250678,0.020670,Not run,Not run,0.002306,0.005725,0.009404
catalyst,48,Base_OpenMP,default,0.012846,0.092737,0.029206,0.009169,0.013612,0.033198,0.060309,0.060075,0.043222,0.023658,0.030637,2.475544,0.005975,0.001649,0.002371,0.011223,0.231811,0.024090,0.049608,0.005268,0.049828,0.237799,0.030849,0.073393,0.193144,0.019284,0.036578,0.845342,1.288830,0.013463,0.025631,0.032551,0.205069,0.958661,0.009450,0.004718,0.051827,0.081226,0.136567,0.021167,0.030190,0.044715,0.045433,0.044150,0.030279,0.006464,0.031356,0.019068,0.139402,0.020597,0.062870,0.072122,0.023605,0.023669,0.006209,0.139806,0.040838,0.041882,0.004067,Not run,Not run,0.001055,0.001799,0.002736
catalyst,24,Base_OpenMP,default,0.019269,0.178984,0.053323,0.016266,0.022972,0.058686,0.089628,0.089682,0.060993,0.042996,0.042895,2.162668,0.011050,0.001125,0.002224,0.021603,0.234460,0.041672,0.074431,0.006065,0.074361,0.218639,0.048303,0.095874,0.197848,0.037443,0.059685,1.685705,2.576447,0.024589,0.044838,0.048052,0.309405,1.903578,0.012068,0.005991,0.063184,0.122157,0.215742,0.042003,0.047744,0.065035,0.061302,0.065609,0.047533,0.011170,0.059390,0.036176,0.165869,0.039167,0.037811,0.030965,0.044739,0.044785,0.010995,0.277402,0.070331,0.081344,0.006305,Not run,Not run,0.001145,0.002514,0.003882
catalyst,16,Base_OpenMP,default,0.025922,0.265466,0.077977,0.023580,0.032626,0.074760,0.123337,0.123349,0.076180,0.052593,0.057146,1.899574,0.016297,0.000983,0.002440,0.032033,0.198059,0.056612,0.102562,0.007440,0.102982,0.112064,0.067754,0.136762,0.263481,0.055938,0.085046,2.497664,3.802827,0.035408,0.063382,0.064830,0.427731,2.821693,0.015789,0.007073,0.081470,0.168454,0.301514,0.061204,0.065784,0.088238,0.079358,0.088776,0.065910,0.016069,0.089758,0.054504,0.253108,0.057961,0.031236,0.020046,0.065947,0.065979,0.016003,0.418783,0.100864,0.121051,0.008626,Not run,Not run,0.001347,0.003219,0.005088
catalyst,12,Base_OpenMP,default,0.018996,0.167156,0.054986,0.024695,0.031661,0.070751,0.083636,0.083657,0.063525,0.051866,0.039276,1.690476,0.010786,0.000926,0.002060,0.021254,0.238452,0.044904,0.072919,0.006508,0.072927,0.221950,0.049160,0.097071,0.202957,0.051359,0.059416,1.693190,2.568662,0.033345,0.045973,0.045156,0.294186,1.920672,0.012646,0.006624,0.061836,0.129931,0.201737,0.042615,0.046367,0.061482,0.060736,0.061772,0.046243,0.011401,0.067752,0.039348,0.166006,0.041878,0.024044,0.012205,0.058829,0.058636,0.011260,0.253771,0.084424,0.083659,0.007405,Not run,Not run,0.001137,0.002365,0.003681
catalyst,8,Base_OpenMP,default,0.026361,0.249359,0.081856,0.036584,0.046670,0.104191,0.119452,0.120261,0.083354,0.073671,0.054679,1.431998,0.016482,0.001120,0.002627,0.032287,0.211428,0.064002,0.104141,0.008905,0.104589,0.187148,0.071925,0.160535,0.272457,0.077503,0.098074,2.536582,3.852162,0.048125,0.065712,0.064760,0.428060,2.861003,0.016622,0.007457,0.089626,0.187534,0.289957,0.063143,0.067481,0.087849,0.085060,0.087988,0.067907,0.017150,0.101444,0.064210,0.297034,0.062363,0.018374,0.010380,0.087921,0.087138,0.017089,0.380384,0.124624,0.126393,0.011030,Not run,Not run,0.001524,0.003531,0.005695
catalyst,4,Base_OpenMP,default,0.051043,0.489251,0.159652,0.069646,0.088931,0.297436,0.226814,0.230731,0.158522,0.208582,0.099734,1.559404,0.030870,0.001573,0.004376,0.061909,0.415658,0.142086,0.210617,0.017354,0.211809,0.298918,0.151511,0.300203,0.497004,0.154983,0.252659,5.018969,7.642600,0.085949,0.123883,0.129474,0.806820,5.679768,0.028231,0.012200,0.174853,0.361107,0.572637,0.121722,0.148096,0.171847,0.167548,0.171763,0.145469,0.035730,0.197716,0.127730,0.519340,0.121787,0.014293,0.007627,0.171311,0.170983,0.032090,0.751643,0.322604,0.246543,0.020628,Not run,Not run,0.002358,0.005853,0.009586
catalyst,48,Base_OpenMP,default,0.013277,0.092791,0.029289,0.009197,0.013684,0.034374,0.060329,0.060090,0.040637,0.024197,0.030630,2.778485,0.005959,0.001587,0.002332,0.011227,0.230811,0.024596,0.051243,0.005258,0.051466,0.238334,0.031914,0.075413,0.197200,0.019358,0.038494,0.853638,1.291178,0.013602,0.026092,0.033507,0.211796,0.969882,0.009496,0.004864,0.053022,0.084056,0.140881,0.021948,0.031253,0.044166,0.046031,0.045333,0.031209,0.006753,0.031585,0.019572,0.140823,0.022700,0.061834,0.072572,0.023680,0.023742,0.006417,0.139825,0.041495,0.041908,0.004145,Not run,Not run,0.001058,0.001813,0.002744
catalyst,24,Base_OpenMP,default,0.019266,0.179069,0.053317,0.016309,0.023015,0.058346,0.089414,0.089655,0.060920,0.042693,0.042843,2.291684,0.011062,0.001118,0.002233,0.021631,0.235464,0.041664,0.074766,0.006015,0.074731,0.218011,0.048705,0.095713,0.198702,0.037389,0.059446,1.687609,2.570466,0.024605,0.044708,0.048373,0.311162,1.893224,0.012217,0.006058,0.063348,0.122637,0.216581,0.041934,0.048143,0.065355,0.062099,0.065899,0.047829,0.011120,0.059476,0.036202,0.166505,0.039191,0.037264,0.033801,0.044757,0.044820,0.010910,0.277362,0.070955,0.081393,0.006375,Not run,Not run,0.001169,0.002546,0.003905
catalyst,16,Base_OpenMP,default,0.025946,0.265537,0.077940,0.023600,0.032673,0.073673,0.123340,0.123663,0.076677,0.051969,0.057159,2.453749,0.016297,0.000988,0.002458,0.031969,0.197766,0.056667,0.102741,0.007458,0.103112,0.113295,0.067836,0.136171,0.278977,0.055850,0.085501,2.491316,3.810183,0.035553,0.063187,0.065016,0.428835,2.817130,0.015845,0.007098,0.081658,0.168652,0.301482,0.060876,0.066247,0.088794,0.080670,0.089232,0.066317,0.016067,0.089826,0.054579,0.252628,0.057988,0.031073,0.020591,0.065981,0.066030,0.015993,0.417319,0.101387,0.121043,0.008697,Not run,Not run,0.001393,0.003200,0.005108
catalyst,12,Base_OpenMP,default,0.019167,0.167203,0.054986,0.024765,0.031716,0.070783,0.083696,0.083646,0.063309,0.051935,0.039245,1.625387,0.010790,0.000940,0.002126,0.021278,0.238069,0.042970,0.073134,0.006491,0.073068,0.221491,0.049554,0.097348,0.203063,0.051377,0.059597,1.693214,2.564742,0.033263,0.046024,0.045471,0.295032,1.914977,0.012519,0.006555,0.061840,0.130808,0.201086,0.042465,0.046633,0.061868,0.061165,0.062172,0.046561,0.011406,0.067298,0.039185,0.166453,0.042013,0.024245,0.012829,0.058891,0.058664,0.011287,0.253760,0.083724,0.083698,0.007447,Not run,Not run,0.001145,0.002478,0.003701
catalyst,8,Base_OpenMP,default,0.026970,0.249744,0.081895,0.036517,0.046779,0.103581,0.119740,0.119856,0.083311,0.072867,0.054670,1.432125,0.016460,0.001126,0.002591,0.032552,0.210988,0.063868,0.105793,0.008886,0.105968,0.188144,0.072618,0.159871,0.272023,0.077490,0.096851,2.545329,3.848719,0.049526,0.065734,0.065020,0.430143,2.884498,0.016821,0.007483,0.089516,0.189300,0.291114,0.063146,0.067741,0.089154,0.086537,0.088995,0.067619,0.017243,0.100923,0.063858,0.296310,0.062424,0.017926,0.010218,0.087405,0.088241,0.017022,0.380216,0.125631,0.125877,0.011070,Not run,Not run,0.001525,0.003556,0.005382
catalyst,4,Base_OpenMP,default,0.051374,0.492663,0.161380,0.070340,0.091328,0.293922,0.226640,0.227236,0.154851,0.207360,0.099917,1.640116,0.031572,0.001602,0.004658,0.062250,0.419182,0.142919,0.208685,0.016902,0.210235,0.301169,0.155060,0.301391,0.498063,0.154372,0.253495,5.041246,7.648447,0.085431,0.124571,0.127694,0.823965,5.687599,0.028190,0.011996,0.171311,0.362055,0.579883,0.124211,0.147753,0.170495,0.165490,0.172374,0.147076,0.035098,0.200284,0.127395,0.518623,0.121143,0.013380,0.007713,0.170599,0.171144,0.032005,0.746530,0.322762,0.251772,0.020714,Not run,Not run,0.002308,0.005812,0.009434
ec2-c5n,72,Base_OpenMP,default,0.007820,0.049463,0.009074,0.006889,0.009155,0.016271,0.056720,0.044338,0.026071,0.012251,0.020577,1.989794,0.001786,0.002713,0.002903,0.003125,0.055227,0.014864,0.030143,0.006081,0.029780,0.124990,0.019683,0.019045,0.056103,0.003087,0.017555,0.230678,0.346302,0.006111,0.017318,0.020149,0.122096,0.274477,0.005783,0.004264,0.023191,0.049553,0.079711,0.006648,0.015017,0.026093,0.034433,0.025953,0.015374,0.004231,0.012327,0.010338,0.023024,0.012461,0.074087,0.163939,0.010839,0.010421,0.003753,0.068226,0.020416,0.019804,0.002565,Not run,Not run,0.000968,0.001464,0.001580
ec2-c5n,36,Base_OpenMP,default,0.007992,0.092013,0.015286,0.011096,0.013641,0.027948,0.077293,0.052867,0.047219,0.019528,0.022867,1.806399,0.002369,0.001785,0.001845,0.005092,0.079430,0.022662,0.030832,0.003902,0.031968,0.119468,0.029266,0.030765,0.074928,0.005224,0.044062,0.420691,0.650592,0.009635,0.013602,0.025650,0.130480,0.515433,0.005651,0.003134,0.032097,0.056414,0.104560,0.011802,0.027457,0.026753,0.032607,0.026693,0.026534,0.007453,0.022747,0.020109,0.032565,0.022474,0.046734,0.060186,0.020125,0.020124,0.006644,0.134914,0.041109,0.038024,0.003370,Not run,Not run,0.000904,0.001296,0.001586
ec2-c5n,32,Base_OpenMP,default,0.008050,0.102563,0.016349,0.012946,0.015048,0.030749,0.083304,0.055783,0.046288,0.021526,0.025519,1.737094,0.003040,0.001562,0.001630,0.005462,0.078206,0.024769,0.032426,0.003857,0.033910,0.093732,0.034457,0.036294,0.085104,0.005748,0.048955,0.530332,0.756146,0.010944,0.017907,0.028943,0.138349,0.598254,0.006666,0.004896,0.034436,0.065127,0.114183,0.013927,0.034263,0.027135,0.033432,0.027271,0.033162,0.008258,0.026536,0.022779,0.038177,0.025023,0.045591,0.050161,0.022849,0.022861,0.007425,0.151440,0.047758,0.042347,0.003430,Not run,Not run,0.000910,0.001258,0.001594
ec2-c5n,18,Base_OpenMP,default,0.007432,0.086589,0.015864,0.015731,0.016635,0.027367,0.069693,0.050232,0.047743,0.018621,0.023514,1.468850,0.002751,0.001420,0.001493,0.004999,0.083274,0.022131,0.025990,0.004536,0.026769,0.118538,0.026958,0.031879,0.076401,0.005800,0.041423,0.226364,0.349013,0.015180,0.011167,0.021572,0.117997,0.302306,0.005986,0.006183,0.030159,0.052502,0.086849,0.007016,0.024491,0.023789,0.041893,0.020613,0.024708,0.007525,0.024838,0.020526,0.035424,0.020193,0.027497,0.025161,0.030145,0.030137,0.006166,0.121283,0.040244,0.037570,0.004575,Not run,Not run,0.001122,0.001142,0.001505
ec2-c5n,16,Base_OpenMP,default,0.007129,0.097067,0.016730,0.017917,0.018632,0.029551,0.076614,0.054461,0.047414,0.020694,0.026024,1.334324,0.002792,0.001448,0.001489,0.005655,0.077741,0.024600,0.028327,0.004665,0.029710,0.112460,0.033308,0.037837,0.087114,0.006409,0.046535,0.224653,0.383019,0.017347,0.011369,0.025189,0.131211,0.333382,0.006014,0.006319,0.032936,0.059710,0.097611,0.007507,0.032150,0.027514,0.045468,0.026785,0.032095,0.008397,0.027881,0.023585,0.041748,0.022628,0.025973,0.017628,0.033324,0.033334,0.006912,0.136326,0.046683,0.042192,0.004920,Not run,Not run,0.001185,0.001075,0.001478
ec2-c5n,8,Base_OpenMP,default,0.021993,0.192832,0.035192,0.034745,0.035553,0.089011,0.141187,0.096827,0.082384,0.061570,0.045423,1.158221,0.004477,0.001318,0.002230,0.009437,0.154656,0.056098,0.087882,0.007603,0.087955,0.108931,0.070030,0.087494,0.182246,0.013226,0.102595,0.504659,0.748165,0.027800,0.015529,0.053720,0.322581,0.660465,0.004258,0.005480,0.054152,0.141839,0.197067,0.015312,0.068955,0.078854,0.087646,0.078834,0.070303,0.018452,0.055762,0.050076,0.109989,0.044380,0.010162,0.005310,0.065458,0.065452,0.013500,0.270798,0.119638,0.084821,0.009453,Not run,Not run,0.001909,0.001560,0.004378
ec2-c5n,4,Base_OpenMP,default,0.040798,0.384018,0.068906,0.069216,0.070958,0.153884,0.278590,0.190068,0.165351,0.107249,0.086313,1.189282,0.008766,0.002434,0.004244,0.018582,0.213569,0.112180,0.164143,0.014873,0.164088,0.212353,0.142482,0.143106,0.304954,0.026003,0.203897,1.023539,1.498594,0.055669,0.029979,0.110769,0.595245,1.276764,0.007551,0.010344,0.104202,0.268575,0.405005,0.029526,0.140167,0.149933,0.167458,0.150111,0.139644,0.038289,0.110389,0.098986,0.205460,0.088675,0.010693,0.007803,0.128073,0.128057,0.027268,0.541270,0.235973,0.168727,0.019165,Not run,Not run,0.003733,0.004091,0.008596
ec2-c5n,72,Base_OpenMP,default,0.007762,0.049332,0.009128,0.006687,0.009115,0.016494,0.056413,0.044412,0.026242,0.012612,0.021196,1.956623,0.002153,0.002886,0.003017,0.003255,0.054151,0.014782,0.030197,0.006055,0.029153,0.124998,0.019587,0.019483,0.055635,0.003104,0.017775,0.220021,0.341293,0.006141,0.016501,0.020890,0.118510,0.268555,0.005745,0.004075,0.022134,0.049968,0.077869,0.006773,0.014989,0.026331,0.033666,0.025048,0.015134,0.004248,0.012324,0.010283,0.022143,0.012349,0.073587,0.155364,0.010443,0.010435,0.003726,0.068199,0.021297,0.019769,0.002545,Not run,Not run,0.000988,0.001454,0.001631
ec2-c5n,36,Base_OpenMP,default,0.007916,0.091916,0.015230,0.011059,0.013924,0.027007,0.076885,0.052090,0.046868,0.018957,0.022763,1.984657,0.002377,0.001919,0.001826,0.005110,0.077717,0.022355,0.030904,0.003981,0.031919,0.119553,0.028775,0.030680,0.075753,0.005246,0.043077,0.423807,0.647055,0.009684,0.012828,0.025569,0.128352,0.515222,0.006151,0.002115,0.031644,0.056109,0.104993,0.011844,0.025932,0.026380,0.032490,0.026406,0.026753,0.007496,0.022722,0.020118,0.032551,0.022413,0.046230,0.056974,0.020127,0.020147,0.006620,0.134910,0.040901,0.038047,0.003333,Not run,Not run,0.000918,0.001294,0.001545
ec2-c5n,32,Base_OpenMP,default,0.008103,0.102608,0.016573,0.012506,0.014584,0.029646,0.083450,0.055516,0.046068,0.020536,0.025500,1.750224,0.002669,0.001858,0.001641,0.005640,0.077721,0.024057,0.032357,0.003899,0.034028,0.094262,0.033490,0.036849,0.085451,0.005739,0.046451,0.490854,0.772514,0.010939,0.018612,0.028490,0.137331,0.610925,0.006520,0.006566,0.034728,0.060106,0.110068,0.013032,0.032707,0.027312,0.033383,0.027286,0.032871,0.008295,0.025819,0.022826,0.039019,0.025036,0.044782,0.050894,0.022872,0.022877,0.007416,0.151466,0.045379,0.042460,0.003414,Not run,Not run,0.000926,0.001263,0.001559
ec2-c5n,18,Base_OpenMP,default,0.007377,0.086661,0.015823,0.015924,0.016708,0.027619,0.069789,0.050114,0.047390,0.018569,0.023638,1.446210,0.002565,0.001287,0.001477,0.004519,0.084723,0.022020,0.026262,0.004508,0.026671,0.118386,0.026032,0.031711,0.076620,0.005844,0.040096,0.221882,0.350031,0.015231,0.011453,0.021730,0.118329,0.296494,0.005736,0.008175,0.029704,0.052946,0.089439,0.007410,0.024364,0.022733,0.042428,0.020842,0.024316,0.007517,0.024690,0.020379,0.036062,0.020173,0.028256,0.024455,0.030134,0.030125,0.006162,0.121305,0.038931,0.037510,0.004625,Not run,Not run,0.001139,0.001102,0.001468
ec2-c5n,16,Base_OpenMP,default,0.007727,0.097131,0.017083,0.017528,0.018570,0.028260,0.076459,0.054481,0.047427,0.019945,0.026258,1.408676,0.002791,0.001552,0.001496,0.005144,0.079168,0.024273,0.029386,0.004669,0.030519,0.112286,0.031508,0.037741,0.087952,0.006413,0.043883,0.253215,0.383972,0.017454,0.011934,0.024826,0.140097,0.321538,0.006000,0.006224,0.032748,0.057561,0.100419,0.007966,0.030388,0.024198,0.045408,0.023429,0.030603,0.008377,0.027944,0.023607,0.042380,0.022618,0.024979,0.018473,0.033327,0.033320,0.006900,0.136371,0.045284,0.042341,0.004909,Not run,Not run,0.001289,0.001013,0.001638
ec2-c5n,8,Base_OpenMP,default,0.020821,0.192964,0.035632,0.034651,0.035497,0.087028,0.141326,0.096574,0.082946,0.062468,0.045570,1.133030,0.004466,0.001335,0.002188,0.009448,0.151656,0.057041,0.083221,0.007615,0.083258,0.107619,0.070576,0.088968,0.182272,0.013133,0.105722,0.447025,0.764312,0.027936,0.014457,0.052902,0.319433,0.663605,0.004219,0.005289,0.053430,0.134654,0.194497,0.014262,0.068272,0.074499,0.082905,0.074575,0.067234,0.018573,0.055624,0.050666,0.110804,0.044406,0.010098,0.005127,0.065452,0.065456,0.013523,0.271644,0.122925,0.084993,0.009371,Not run,Not run,0.001906,0.001449,0.004150
ec2-c5n,4,Base_OpenMP,default,0.040987,0.384272,0.068742,0.068666,0.070621,0.153116,0.278665,0.190282,0.164526,0.106319,0.086068,1.174185,0.008745,0.002422,0.004270,0.018651,0.215877,0.112496,0.160837,0.014874,0.160857,0.213992,0.137850,0.143278,0.301633,0.026307,0.198703,1.010544,1.440182,0.055747,0.033862,0.107350,0.570908,1.314046,0.008487,0.010308,0.104917,0.272976,0.378144,0.033836,0.136370,0.145245,0.161572,0.145999,0.137928,0.038565,0.109982,0.098995,0.204568,0.088679,0.010658,0.007891,0.127922,0.130691,0.027079,0.543206,0.234472,0.168355,0.018880,Not run,Not run,0.003744,0.004057,0.008194
ec2-c5n,72,Base_OpenMP,default,0.007605,0.049406,0.009092,0.006745,0.009236,0.016709,0.056454,0.043289,0.026164,0.011720,0.020864,2.051381,0.001730,0.002682,0.002905,0.003255,0.055040,0.014792,0.029834,0.005937,0.029947,0.125002,0.019477,0.019317,0.055711,0.003086,0.017135,0.227243,0.356318,0.006151,0.017042,0.020030,0.118996,0.279132,0.005832,0.004326,0.022282,0.049939,0.076899,0.007622,0.014895,0.026512,0.033547,0.025032,0.015100,0.004183,0.012331,0.010289,0.022009,0.012380,0.073726,0.164953,0.010388,0.010417,0.003724,0.068220,0.020245,0.019779,0.002543,Not run,Not run,0.000967,0.001427,0.001584
ec2-c5n,36,Base_OpenMP,default,0.007970,0.091965,0.015207,0.011529,0.013596,0.027031,0.076903,0.051621,0.047214,0.019179,0.022853,1.831483,0.002689,0.002009,0.001829,0.005071,0.078293,0.022442,0.030920,0.003973,0.032127,0.119243,0.028276,0.031120,0.075870,0.005196,0.042759,0.442444,0.677651,0.009656,0.014479,0.025317,0.129558,0.541114,0.005459,0.002149,0.032368,0.056662,0.101826,0.011906,0.026046,0.026583,0.032651,0.026283,0.027115,0.007440,0.022678,0.020125,0.032680,0.022445,0.046217,0.061258,0.020086,0.020079,0.006623,0.134929,0.039603,0.037997,0.003328,Not run,Not run,0.000906,0.001306,0.001583
ec2-c5n,32,Base_OpenMP,default,0.008053,0.102622,0.016838,0.012616,0.014997,0.029842,0.082826,0.055002,0.046068,0.021230,0.025537,1.746081,0.002854,0.001682,0.001681,0.005442,0.077922,0.024294,0.032430,0.003866,0.033900,0.096409,0.032653,0.036929,0.085401,0.005855,0.046938,0.494476,0.770471,0.010942,0.017175,0.028200,0.137816,0.587498,0.006433,0.005231,0.034456,0.060916,0.110670,0.013117,0.032597,0.027581,0.033501,0.027466,0.031373,0.008233,0.025772,0.022725,0.038824,0.025073,0.044757,0.052508,0.022853,0.022865,0.007382,0.151424,0.045534,0.042441,0.003435,Not run,Not run,0.000923,0.001265,0.001590
ec2-c5n,18,Base_OpenMP,default,0.007416,0.086661,0.015816,0.015869,0.016627,0.027475,0.069642,0.050177,0.047391,0.018600,0.023511,1.469094,0.002801,0.001634,0.001505,0.004887,0.079989,0.021996,0.026967,0.004461,0.027537,0.118722,0.026128,0.031972,0.077152,0.005860,0.039771,0.222707,0.330183,0.015227,0.011404,0.021828,0.122887,0.291951,0.005744,0.007120,0.029622,0.052660,0.085638,0.005808,0.025495,0.025354,0.042468,0.023952,0.024035,0.007544,0.025162,0.020429,0.035822,0.020225,0.027725,0.026120,0.030145,0.030145,0.006244,0.121343,0.042570,0.037613,0.004635,Not run,Not run,0.001135,0.001115,0.001507
ec2-c5n,16,Base_OpenMP,default,0.007132,0.097045,0.017036,0.017548,0.018681,0.028437,0.076670,0.054610,0.047616,0.020724,0.026308,1.346390,0.002863,0.001349,0.001502,0.005202,0.078028,0.024383,0.028525,0.004677,0.029868,0.111968,0.031621,0.037792,0.087745,0.006407,0.043986,0.238441,0.345559,0.017472,0.015320,0.024922,0.136816,0.327366,0.006413,0.006045,0.032741,0.058837,0.097230,0.011632,0.030718,0.023204,0.045386,0.022957,0.030721,0.008372,0.027982,0.023645,0.042516,0.022636,0.025199,0.017160,0.033312,0.033309,0.006924,0.136347,0.045025,0.042226,0.004914,Not run,Not run,0.001193,0.001114,0.001503
ec2-c5n,8,Base_OpenMP,default,0.020825,0.192907,0.035620,0.034653,0.035499,0.088941,0.141265,0.096498,0.082449,0.061949,0.045588,1.187743,0.004465,0.001328,0.002172,0.009394,0.152628,0.056504,0.083096,0.007603,0.083113,0.108035,0.064529,0.088457,0.184365,0.013296,0.105114,0.517500,0.744342,0.027972,0.014983,0.051633,0.319434,0.663797,0.004251,0.005313,0.054186,0.134714,0.204268,0.014733,0.066803,0.074532,0.082986,0.074597,0.066418,0.018474,0.055835,0.050447,0.110491,0.044418,0.010185,0.005194,0.065442,0.064040,0.013618,0.271787,0.120256,0.084999,0.009379,Not run,Not run,0.001910,0.001448,0.004140
ec2-c5n,4,Base_OpenMP,default,0.039842,0.384085,0.069060,0.068742,0.070682,0.152374,0.278763,0.190072,0.164664,0.108046,0.086308,1.228871,0.008763,0.002411,0.004527,0.018613,0.208466,0.112366,0.168449,0.014881,0.168877,0.218421,0.141647,0.144103,0.306497,0.025962,0.205232,0.857322,1.529803,0.055632,0.028458,0.113654,0.597476,1.354292,0.007426,0.010412,0.104765,0.264275,0.411545,0.028285,0.140466,0.145621,0.162116,0.145702,0.141224,0.038670,0.110326,0.098377,0.208067,0.088579,0.010372,0.007741,0.130819,0.128040,0.027104,0.542374,0.236973,0.168650,0.018836,Not run,Not run,0.003753,0.004053,0.008130
ec2-c6a,192,Base_OpenMP,default,0.009884,0.012753,0.006525,0.003761,0.007504,0.012999,0.050396,0.047651,0.014524,0.009299,0.020644,8.701031,0.002465,0.007833,0.007769,0.003561,0.016389,0.012550,0.038309,0.015478,0.038235,0.115482,0.020763,0.013347,0.030553,0.002396,0.021771,0.036344,0.052975,0.006489,0.005706,0.027695,0.188696,0.046121,0.008940,0.003086,0.027062,0.068524,0.101898,0.003083,0.019456,0.034276,0.059057,0.033563,0.020413,0.003046,0.006386,0.004755,0.012074,0.006285,0.133799,0.474510,0.005189,0.005517,0.002250,0.020383,0.018746,0.008299,0.002987,Not run,Not run,0.001848,0.002148,0.002480
ec2-c6a,96,Base_OpenMP,default,0.006988,0.013437,0.007777,0.004896,0.006904,0.018551,0.039074,0.034036,0.013988,0.013142,0.015058,4.512156,0.002127,0.003073,0.003174,0.003572,0.016063,0.014091,0.027359,0.006303,0.027721,0.106231,0.017356,0.013283,0.026628,0.002646,0.025747,0.048206,0.075887,0.009719,0.004203,0.019925,0.133288,0.071841,0.008442,0.002324,0.057167,0.047011,0.076673,0.002430,0.016954,0.023838,0.032932,0.023555,0.017876,0.003596,0.008918,0.006161,0.018074,0.006968,0.072649,0.094390,0.006354,0.006367,0.002611,0.048246,0.026147,0.012460,0.002490,Not run,Not run,0.001117,0.001415,0.001842
ec2-c6a,48,Base_OpenMP,default,0.004697,0.015925,0.007020,0.005205,0.006260,0.015410,0.026097,0.022840,0.014692,0.011490,0.010800,1.385951,0.002006,0.001667,0.001729,0.003325,0.015854,0.011706,0.017599,0.003022,0.018241,0.102135,0.012546,0.012438,0.023428,0.002808,0.020476,0.032471,0.047896,0.009040,0.002845,0.012654,0.095099,0.036814,0.007920,0.001780,0.039749,0.028586,0.049304,0.002034,0.012413,0.015273,0.022611,0.015658,0.012894,0.003240,0.009044,0.006305,0.016964,0.006603,0.037754,0.026602,0.007897,0.007912,0.002419,0.021198,0.021134,0.012422,0.002391,Not run,Not run,0.000866,0.001009,0.001400
ec2-c6a,32,Base_OpenMP,default,0.005028,0.021777,0.009326,0.007645,0.008626,0.018749,0.029906,0.025042,0.014736,0.014855,0.012521,1.488908,0.001943,0.001284,0.001678,0.004138,0.020808,0.023403,0.029030,0.002493,0.020105,0.120515,0.022601,0.017207,0.028910,0.003262,0.027678,0.046486,0.069804,0.011086,0.002995,0.018391,0.090238,0.053562,0.006116,0.001787,0.026116,0.033508,0.051415,0.002476,0.020522,0.015629,0.021938,0.015709,0.021873,0.003889,0.012007,0.008498,0.023110,0.008818,0.025210,0.018950,0.010995,0.010990,0.003060,0.030906,0.033349,0.017349,0.002692,Not run,Not run,0.000893,0.000998,0.001414
ec2-c6a,16,Base_OpenMP,default,0.012870,0.039746,0.016784,0.014983,0.017101,0.022322,0.048112,0.037836,0.028871,0.018578,0.018341,1.394049,0.002544,0.001008,0.003447,0.006714,0.031656,0.025437,0.035558,0.002633,0.034825,0.111473,0.029437,0.027970,0.035049,0.005256,0.031461,0.090188,0.134119,0.014826,0.004607,0.025971,0.115663,0.104171,0.004494,0.004528,0.029303,0.054027,0.083912,0.003687,0.026445,0.031384,0.035568,0.032346,0.022502,0.006255,0.022389,0.014987,0.030981,0.016257,0.012804,0.008838,0.021051,0.021099,0.005275,0.059076,0.034345,0.032737,0.005176,Not run,Not run,0.000995,0.000936,0.003641
ec2-c6a,8,Base_OpenMP,default,0.012729,0.074442,0.031229,0.029596,0.033991,0.033227,0.087964,0.069119,0.055278,0.017904,0.031427,1.481226,0.004240,0.001610,0.003521,0.012041,0.087445,0.035964,0.041128,0.003699,0.038264,0.176384,0.029624,0.051987,0.099221,0.009263,0.032617,0.173907,0.257116,0.026293,0.007286,0.026508,0.167538,0.201025,0.004234,0.005684,0.045660,0.071489,0.136563,0.006417,0.029708,0.037253,0.054898,0.031559,0.026913,0.010884,0.042249,0.029742,0.044673,0.030386,0.008951,0.006930,0.040146,0.040104,0.009454,0.113545,0.038216,0.062470,0.007803,Not run,Not run,0.001653,0.003186,0.004435
ec2-c6a,4,Base_OpenMP,default,0.016545,0.146907,0.061761,0.056301,0.060927,0.082677,0.169878,0.131094,0.109814,0.060393,0.059363,1.036754,0.007801,0.001923,0.003785,0.023116,0.238840,0.066376,0.072674,0.006958,0.061795,0.084067,0.044833,0.134957,0.316440,0.018027,0.070129,0.344527,0.511310,0.050045,0.013433,0.050962,0.297065,0.401342,0.003946,0.007543,0.081495,0.126335,0.249191,0.012390,0.039933,0.063453,0.103324,0.045712,0.040412,0.023050,0.084299,0.079519,0.166788,0.060524,0.005295,0.004040,0.079874,0.079970,0.018747,0.225584,0.115241,0.124381,0.012811,Not run,Not run,0.002867,0.003148,0.004655
ec2-c6a,192,Base_OpenMP,default,0.009908,0.012737,0.006471,0.003878,0.007479,0.012610,0.050154,0.047415,0.014787,0.009386,0.020596,6.077953,0.002211,0.007795,0.007740,0.003548,0.016362,0.012523,0.038370,0.015666,0.038347,0.114142,0.024650,0.013141,0.029649,0.002382,0.022725,0.035361,0.050983,0.006280,0.005669,0.027584,0.185839,0.044045,0.008936,0.003153,0.026950,0.072194,0.102509,0.003285,0.019430,0.034162,0.058935,0.033537,0.020198,0.003087,0.006296,0.004651,0.012664,0.006327,0.132518,0.467015,0.005418,0.005450,0.002249,0.023575,0.018463,0.008251,0.002994,Not run,Not run,0.001881,0.002138,0.002501
ec2-c6a,96,Base_OpenMP,default,0.007017,0.013517,0.007813,0.004882,0.007131,0.017981,0.039332,0.033725,0.014318,0.013041,0.015114,4.959553,0.001987,0.003094,0.003325,0.003911,0.016051,0.013956,0.026601,0.006236,0.036421,0.106922,0.024226,0.013334,0.025901,0.002662,0.025264,0.045887,0.071728,0.010243,0.004284,0.020234,0.133451,0.077484,0.008413,0.002293,0.057169,0.046391,0.077371,0.002862,0.016716,0.023737,0.032488,0.023728,0.018116,0.003392,0.008547,0.006121,0.017932,0.006894,0.072252,0.088062,0.006407,0.006498,0.002614,0.047756,0.025425,0.012498,0.002519,Not run,Not run,0.001115,0.001433,0.001864
ec2-c6a,48,Base_OpenMP,default,0.004801,0.016276,0.007007,0.005042,0.006193,0.015719,0.026252,0.023141,0.014952,0.011323,0.010853,1.623593,0.001908,0.001651,0.001760,0.003293,0.016459,0.011787,0.018311,0.003060,0.018694,0.122824,0.012106,0.012486,0.023372,0.002655,0.020336,0.032483,0.047458,0.009169,0.002857,0.012723,0.092033,0.036518,0.007915,0.001766,0.039310,0.029196,0.049322,0.002045,0.012215,0.015311,0.022735,0.015691,0.013370,0.003202,0.008879,0.006309,0.017083,0.006460,0.038212,0.025218,0.007863,0.007868,0.002422,0.021193,0.025342,0.012362,0.002368,Not run,Not run,0.000865,0.001018,0.001380
ec2-c6a,32,Base_OpenMP,default,0.005182,0.021883,0.009389,0.007225,0.008904,0.018751,0.029806,0.024669,0.014659,0.014389,0.012226,1.373607,0.002142,0.001182,0.001644,0.004025,0.020318,0.018800,0.020737,0.002471,0.021096,0.118292,0.022306,0.017185,0.029480,0.003261,0.027359,0.046199,0.068392,0.010990,0.002975,0.018389,0.087820,0.053936,0.006200,0.001855,0.025691,0.032755,0.050753,0.002489,0.021083,0.016081,0.023079,0.016433,0.022923,0.003913,0.012087,0.008373,0.022931,0.008810,0.025794,0.019078,0.010976,0.010993,0.003090,0.030421,0.028339,0.017309,0.002710,Not run,Not run,0.000849,0.000881,0.001466
ec2-c6a,16,Base_OpenMP,default,0.012684,0.039672,0.016883,0.014962,0.017202,0.021835,0.048485,0.038178,0.028730,0.018034,0.018565,1.312223,0.002481,0.000934,0.002298,0.006840,0.047065,0.024986,0.035011,0.002600,0.034543,0.110655,0.029016,0.027780,0.034013,0.005284,0.031590,0.089816,0.133422,0.014494,0.004537,0.025600,0.114780,0.104070,0.004483,0.004362,0.029038,0.053146,0.082269,0.003758,0.024924,0.031203,0.035045,0.031576,0.022096,0.006274,0.022297,0.014936,0.030625,0.016290,0.013107,0.009012,0.021074,0.021092,0.005236,0.059397,0.034450,0.032671,0.005318,Not run,Not run,0.000997,0.001086,0.003581
ec2-c6a,8,Base_OpenMP,default,0.013204,0.074518,0.031203,0.029356,0.034393,0.021688,0.087811,0.068107,0.055222,0.019374,0.031606,1.255453,0.004168,0.001504,0.002860,0.012181,0.090245,0.049698,0.043821,0.003863,0.035495,0.190145,0.029906,0.052722,0.102122,0.009402,0.031774,0.172154,0.255996,0.026257,0.007249,0.026503,0.167937,0.200827,0.004206,0.005132,0.044282,0.072610,0.134587,0.006633,0.026123,0.036143,0.054830,0.030765,0.026068,0.010793,0.042250,0.031462,0.050973,0.030644,0.009213,0.006894,0.040187,0.040171,0.009375,0.114117,0.038737,0.062315,0.007963,Not run,Not run,0.001739,0.002733,0.004368
ec2-c6a,4,Base_OpenMP,default,0.015527,0.146887,0.061708,0.055874,0.060449,0.084701,0.169775,0.131154,0.111449,0.060253,0.061655,1.044098,0.007774,0.001779,0.006543,0.023056,0.237329,0.065922,0.071732,0.006968,0.059626,0.083592,0.044600,0.133819,0.317512,0.018008,0.070812,0.345221,0.516287,0.050043,0.015306,0.047941,0.298050,0.400642,0.003932,0.007714,0.078959,0.146333,0.249462,0.012533,0.040897,0.063120,0.103241,0.045412,0.041524,0.024234,0.084228,0.078374,0.166727,0.060592,0.005208,0.003938,0.079766,0.079881,0.018731,0.225760,0.112443,0.124417,0.013225,Not run,Not run,0.002769,0.004007,0.004544
ec2-c6a,192,Base_OpenMP,default,0.009948,0.012716,0.006484,0.003838,0.007438,0.013072,0.050285,0.047377,0.014758,0.009512,0.020517,8.477125,0.002355,0.007836,0.007897,0.003454,0.016338,0.012439,0.038290,0.015681,0.038237,0.114411,0.020450,0.013442,0.029541,0.002385,0.021736,0.036715,0.051121,0.006513,0.005726,0.027513,0.189110,0.044821,0.008994,0.003135,0.027243,0.067439,0.101573,0.003307,0.019422,0.034273,0.057581,0.033599,0.020257,0.003048,0.006260,0.004705,0.012436,0.006221,0.132619,0.478035,0.005386,0.005401,0.002251,0.019614,0.018581,0.008305,0.002995,Not run,Not run,0.001869,0.002131,0.002483
ec2-c6a,96,Base_OpenMP,default,0.007119,0.014559,0.007784,0.004668,0.007070,0.017763,0.039372,0.033890,0.013861,0.013150,0.015137,5.525836,0.001948,0.003266,0.003213,0.003720,0.025080,0.014038,0.026912,0.006239,0.027937,0.106861,0.017267,0.013301,0.025920,0.002643,0.025409,0.043796,0.069509,0.009824,0.004157,0.019852,0.131889,0.069202,0.008460,0.002276,0.058566,0.047173,0.077083,0.002832,0.018048,0.023962,0.032098,0.023699,0.017769,0.003404,0.008897,0.006217,0.017844,0.006916,0.073719,0.097289,0.006374,0.006438,0.002628,0.048347,0.028369,0.012461,0.002487,Not run,Not run,0.001107,0.001440,0.001855
ec2-c6a,48,Base_OpenMP,default,0.004793,0.015801,0.007009,0.005169,0.006213,0.016313,0.026504,0.023060,0.014813,0.011394,0.010862,1.699106,0.001943,0.001495,0.001768,0.003243,0.014716,0.011934,0.017829,0.003046,0.018087,0.101146,0.020891,0.012609,0.024490,0.002598,0.020184,0.032331,0.046636,0.009236,0.002848,0.012617,0.090727,0.037190,0.007923,0.001794,0.039244,0.028989,0.052149,0.002047,0.012933,0.015135,0.022499,0.015819,0.011972,0.003217,0.008928,0.006126,0.016953,0.006379,0.037896,0.027533,0.007897,0.007895,0.002424,0.021280,0.023769,0.012564,0.002376,Not run,Not run,0.000880,0.001016,0.001371
ec2-c6a,32,Base_OpenMP,default,0.004828,0.021767,0.009363,0.007100,0.008655,0.018544,0.029771,0.025060,0.014819,0.014581,0.012287,1.400896,0.001875,0.001361,0.001631,0.004024,0.018987,0.018134,0.017802,0.002480,0.018339,0.118176,0.022587,0.017176,0.028810,0.003252,0.040296,0.046252,0.068498,0.010900,0.002998,0.018300,0.088610,0.054049,0.006193,0.001794,0.025688,0.032458,0.051776,0.002516,0.023166,0.015931,0.022068,0.016129,0.021528,0.003882,0.012078,0.008346,0.022961,0.008748,0.024979,0.019248,0.011016,0.011035,0.003070,0.030593,0.028679,0.017288,0.002723,Not run,Not run,0.000849,0.000896,0.001508
ec2-c6a,16,Base_OpenMP,default,0.012696,0.040101,0.016847,0.014880,0.016883,0.022056,0.048062,0.037914,0.028391,0.020617,0.018728,1.346668,0.002495,0.001099,0.002671,0.006794,0.026566,0.025065,0.035511,0.002535,0.034889,0.111178,0.029247,0.027680,0.033829,0.005271,0.031707,0.089870,0.133664,0.014442,0.004539,0.025543,0.116548,0.105320,0.004511,0.004343,0.029107,0.052983,0.081418,0.003727,0.024639,0.031403,0.035004,0.032155,0.023589,0.006328,0.022329,0.014899,0.031167,0.016206,0.012420,0.008331,0.021083,0.021099,0.005205,0.059105,0.034131,0.032698,0.005153,Not run,Not run,0.001023,0.000972,0.003635
ec2-c6a,8,Base_OpenMP,default,0.012052,0.074498,0.031380,0.029294,0.033347,0.023888,0.087900,0.068182,0.055014,0.017389,0.031441,1.256202,0.004433,0.001395,0.002919,0.012139,0.091084,0.034246,0.040633,0.003710,0.036467,0.175843,0.029053,0.052054,0.103252,0.009249,0.031872,0.173257,0.256533,0.026347,0.007286,0.026084,0.169390,0.203046,0.004223,0.005318,0.050207,0.071232,0.133638,0.006698,0.029252,0.036124,0.055391,0.030404,0.028919,0.010713,0.042305,0.030740,0.045581,0.030765,0.009175,0.006845,0.040041,0.040012,0.009441,0.114237,0.039021,0.062301,0.007845,Not run,Not run,0.001832,0.002992,0.004546
ec2-c6a,4,Base_OpenMP,default,0.015357,0.147198,0.061737,0.055973,0.060379,0.080769,0.169741,0.132086,0.109787,0.062629,0.058557,1.040970,0.007877,0.001805,0.004343,0.023111,0.238780,0.066173,0.071404,0.006947,0.057715,0.085341,0.042803,0.133928,0.316605,0.017992,0.064196,0.344745,0.513913,0.049970,0.013396,0.045939,0.298462,0.400406,0.003927,0.007367,0.079589,0.127752,0.242288,0.012386,0.038278,0.063507,0.103026,0.045594,0.038418,0.023743,0.084170,0.079199,0.167116,0.061134,0.005211,0.003944,0.079766,0.079934,0.018795,0.226226,0.126783,0.124321,0.012783,Not run,Not run,0.002897,0.003357,0.004787
ec2-c6i,128,Base_OpenMP,default,0.006924,0.030828,0.005499,0.004339,0.007003,0.009448,0.039286,0.039132,0.017040,0.006755,0.016988,1.530047,0.001537,0.003619,0.003209,0.002279,0.009531,0.010630,0.026782,0.006325,0.026878,0.105270,0.014680,0.007774,0.016420,0.001966,0.014626,0.081744,0.125101,0.004260,0.005217,0.018919,0.108495,0.112959,0.003265,0.001915,0.021482,0.045860,0.065066,0.003345,0.013907,0.024066,0.031837,0.023958,0.013985,0.002450,0.007654,0.005532,0.006935,0.006872,0.097080,0.163829,0.006572,0.006552,0.002189,0.039860,0.013277,0.010582,0.002289,Not run,Not run,0.000887,0.001317,0.001397
ec2-c6i,64,Base_OpenMP,default,0.005499,0.052812,0.007718,0.006338,0.008569,0.013291,0.039097,0.037733,0.017505,0.009548,0.016900,1.448287,0.002363,0.002010,0.001792,0.003491,0.023531,0.012747,0.022037,0.003702,0.021251,0.099106,0.013107,0.015944,0.040531,0.002809,0.013053,0.160999,0.230025,0.005739,0.006354,0.016254,0.088179,0.222158,0.002847,0.001704,0.028429,0.041722,0.066560,0.005250,0.011886,0.019402,0.023748,0.019022,0.011704,0.003838,0.012349,0.009820,0.022784,0.011008,0.053867,0.076851,0.012264,0.012264,0.003426,0.078029,0.015683,0.019236,0.002475,Not run,Not run,0.000661,0.000960,0.001057
ec2-c6i,32,Base_OpenMP,default,0.004128,0.046479,0.007253,0.008285,0.009771,0.011073,0.031397,0.031040,0.018509,0.007964,0.013703,1.110157,0.001875,0.001358,0.001180,0.002729,0.023154,0.011386,0.016342,0.003017,0.016348,0.096979,0.010582,0.015928,0.039614,0.002773,0.011050,0.048510,0.076844,0.008230,0.002940,0.012542,0.074631,0.074247,0.002553,0.001622,0.017788,0.031188,0.056034,0.002182,0.008733,0.014739,0.025947,0.013532,0.008663,0.003567,0.012166,0.008791,0.020927,0.008211,0.034374,0.033677,0.014279,0.014293,0.002895,0.069947,0.012721,0.018993,0.002706,Not run,Not run,0.000710,0.000679,0.000795
ec2-c6i,16,Base_OpenMP,default,0.005338,0.090125,0.014911,0.015584,0.016580,0.045583,0.047806,0.047405,0.033081,0.031938,0.020150,1.108154,0.002052,0.000779,0.001077,0.004705,0.052666,0.034513,0.020868,0.003941,0.021249,0.072686,0.028965,0.033909,0.070378,0.004737,0.062653,0.097473,0.146201,0.012719,0.003973,0.017337,0.106364,0.120454,0.001742,0.002258,0.022411,0.043144,0.079612,0.003615,0.028098,0.019223,0.038500,0.017443,0.026525,0.006748,0.023357,0.017384,0.053379,0.015425,0.012002,0.008522,0.027432,0.027433,0.005386,0.139316,0.062572,0.037198,0.004474,Not run,Not run,0.000969,0.000637,0.000788
ec2-c6i,8,Base_OpenMP,default,0.030111,0.180452,0.024908,0.032218,0.033429,0.081313,0.091304,0.091125,0.065719,0.056895,0.036192,1.107400,0.003899,0.001154,0.002672,0.009112,0.075066,0.064553,0.122633,0.007319,0.122641,0.114722,0.093120,0.062090,0.130794,0.009426,0.126740,0.196804,0.321190,0.025045,0.008160,0.067900,0.380809,0.258809,0.002874,0.006820,0.045236,0.191326,0.231274,0.007480,0.094982,0.110533,0.121031,0.110110,0.094731,0.013312,0.046591,0.035828,0.084670,0.030586,0.007957,0.004721,0.053925,0.053915,0.010757,0.278565,0.132733,0.074265,0.009130,Not run,Not run,0.001837,0.001068,0.006118
ec2-c6i,4,Base_OpenMP,default,0.033623,0.360543,0.049774,0.061842,0.065953,0.091804,0.180191,0.178905,0.130965,0.064337,0.068889,1.101548,0.007612,0.002085,0.003729,0.018062,0.123430,0.075480,0.133920,0.014401,0.134134,0.145331,0.099752,0.117395,0.222453,0.018865,0.137636,0.406282,0.638044,0.050049,0.017226,0.076856,0.536362,0.517977,0.004655,0.008778,0.083744,0.224189,0.312309,0.016031,0.099750,0.121040,0.144307,0.120336,0.099697,0.026681,0.093041,0.071034,0.142980,0.060936,0.006534,0.005915,0.107703,0.107655,0.021451,0.557013,0.148678,0.148378,0.017647,Not run,Not run,0.003619,0.003527,0.006724
ec2-c6i,128,Base_OpenMP,default,0.006993,0.030955,0.005518,0.003987,0.007105,0.009520,0.039352,0.039137,0.017126,0.006833,0.017100,1.602243,0.002357,0.003680,0.003199,0.002645,0.009599,0.010663,0.027065,0.006532,0.027071,0.105177,0.014830,0.007622,0.017067,0.001969,0.014679,0.075354,0.111896,0.004277,0.004663,0.018492,0.108506,0.111000,0.003158,0.001893,0.021418,0.046248,0.065131,0.003163,0.014016,0.024288,0.033016,0.024280,0.014042,0.002471,0.007603,0.005557,0.006947,0.006886,0.098994,0.123279,0.006558,0.006581,0.002195,0.039891,0.013460,0.010580,0.002184,Not run,Not run,0.000927,0.001353,0.001391
ec2-c6i,64,Base_OpenMP,default,0.005549,0.052800,0.007726,0.006166,0.008557,0.013238,0.037561,0.037624,0.017544,0.009545,0.016780,1.267829,0.002213,0.001583,0.001592,0.003439,0.023580,0.012723,0.021197,0.003310,0.021209,0.099030,0.013081,0.015962,0.040476,0.002810,0.012752,0.168943,0.243149,0.005783,0.005762,0.016198,0.088273,0.214328,0.002867,0.001699,0.028353,0.040921,0.078504,0.004857,0.011345,0.019175,0.024259,0.019044,0.011361,0.003839,0.012386,0.009821,0.022610,0.010990,0.052732,0.045904,0.012265,0.012266,0.003428,0.078015,0.015371,0.019222,0.002224,Not run,Not run,0.000678,0.000938,0.001052
ec2-c6i,32,Base_OpenMP,default,0.004185,0.046548,0.007251,0.008277,0.009958,0.025973,0.031644,0.031146,0.018567,0.007719,0.013788,1.183217,0.001341,0.001231,0.001191,0.003245,0.021424,0.011397,0.016559,0.003041,0.016624,0.096712,0.010582,0.016116,0.039463,0.002785,0.011003,0.048167,0.074372,0.008213,0.003094,0.012779,0.075663,0.225662,0.003639,0.006292,0.017796,0.031391,0.058808,0.002203,0.008719,0.014957,0.025987,0.013486,0.008739,0.003539,0.017723,0.021038,0.021602,0.008237,0.035686,0.029528,0.014280,0.014282,0.002906,0.069944,0.012590,0.018989,0.002714,Not run,Not run,0.000707,0.000770,0.000804
ec2-c6i,16,Base_OpenMP,default,0.005372,0.090065,0.015288,0.015612,0.016599,0.045589,0.048000,0.047075,0.033048,0.031933,0.020147,1.130316,0.002076,0.000774,0.001068,0.004700,0.054732,0.034862,0.020621,0.003933,0.020733,0.073711,0.028990,0.034237,0.072189,0.004727,0.063117,0.096328,0.154648,0.012711,0.004075,0.017427,0.102007,0.124730,0.001737,0.002250,0.022227,0.043084,0.096001,0.003617,0.026790,0.018463,0.038631,0.015735,0.023647,0.006759,0.023346,0.017640,0.052453,0.015389,0.012613,0.008076,0.027411,0.027412,0.005505,0.139326,0.061984,0.037201,0.004479,Not run,Not run,0.000979,0.000642,0.000779
ec2-c6i,8,Base_OpenMP,default,0.030061,0.180478,0.024972,0.032114,0.033734,0.081504,0.091357,0.091111,0.065789,0.057041,0.036237,1.141796,0.003902,0.001187,0.002705,0.009141,0.076157,0.064446,0.122812,0.007322,0.122789,0.113869,0.093204,0.062013,0.133546,0.009420,0.126446,0.192727,0.291475,0.025046,0.008121,0.067943,0.380425,0.240975,0.002888,0.006819,0.045679,0.191121,0.225374,0.007433,0.094890,0.109213,0.120106,0.109072,0.094775,0.013385,0.046570,0.035776,0.084867,0.038028,0.008202,0.004707,0.053936,0.053940,0.010741,0.278582,0.129859,0.074235,0.009104,Not run,Not run,0.001837,0.001144,0.006030
ec2-c6i,4,Base_OpenMP,default,0.033609,0.360609,0.050199,0.062185,0.065959,0.093590,0.180262,0.179661,0.131051,0.065747,0.068920,1.075305,0.007613,0.002164,0.003725,0.018071,0.124067,0.076424,0.133892,0.014410,0.134167,0.146578,0.100768,0.118105,0.222828,0.018890,0.136432,0.407174,0.640510,0.050025,0.017169,0.076677,0.533678,1.174662,0.004636,0.008752,0.083728,0.223858,0.312193,0.016065,0.099730,0.120971,0.144317,0.120433,0.099611,0.026648,0.093024,0.072494,0.146472,0.060978,0.006743,0.005826,0.107568,0.107522,0.021515,0.556933,0.147500,0.148377,0.017660,Not run,Not run,0.003615,0.003497,0.006729
ec2-c6i,128,Base_OpenMP,default,0.007058,0.031168,0.005571,0.004385,0.006840,0.009513,0.040238,0.039201,0.017205,0.006819,0.017095,1.588947,0.001907,0.003181,0.002714,0.002227,0.009458,0.010792,0.027300,0.005620,0.027297,0.108532,0.015159,0.007665,0.016040,0.001984,0.014931,0.079098,0.119973,0.004299,0.004660,0.018858,0.110442,0.095791,0.003148,0.001924,0.021361,0.047081,0.064460,0.003120,0.014253,0.024547,0.033380,0.024445,0.014238,0.002483,0.007279,0.005572,0.006940,0.006927,0.102116,0.123002,0.006581,0.006583,0.002221,0.039925,0.013658,0.010609,0.002171,Not run,Not run,0.000912,0.001352,0.001427
ec2-c6i,64,Base_OpenMP,default,0.005516,0.052804,0.007676,0.006274,0.008104,0.013151,0.037851,0.037516,0.017509,0.009438,0.016932,1.509329,0.001969,0.001929,0.001630,0.003385,0.023541,0.012741,0.021305,0.003414,0.021351,0.099146,0.013007,0.015995,0.040564,0.002817,0.012865,0.156578,0.244133,0.005774,0.005981,0.016270,0.088608,0.221136,0.002904,0.001703,0.028365,0.041056,0.075063,0.004843,0.011440,0.019242,0.023877,0.019066,0.011419,0.003838,0.012367,0.009806,0.022842,0.011030,0.053593,0.044276,0.012254,0.012257,0.003426,0.078020,0.015509,0.019211,0.002235,Not run,Not run,0.000677,0.000948,0.001073
ec2-c6i,32,Base_OpenMP,default,0.004146,0.046513,0.007234,0.009260,0.009755,0.010760,0.031690,0.031074,0.018525,0.007602,0.013726,1.200967,0.001847,0.001370,0.001109,0.003118,0.023012,0.011388,0.016390,0.002952,0.016519,0.096656,0.010623,0.015969,0.039393,0.002780,0.010832,0.048327,0.076163,0.008208,0.002911,0.012636,0.074976,0.071627,0.002498,0.001623,0.017761,0.031350,0.057314,0.002204,0.008696,0.014893,0.026116,0.013468,0.008746,0.003542,0.012166,0.008784,0.021309,0.008233,0.034814,0.025740,0.014273,0.014286,0.002900,0.069916,0.012282,0.018989,0.002706,Not run,Not run,0.000829,0.000668,0.000791
ec2-c6i,16,Base_OpenMP,default,0.005048,0.090003,0.015202,0.015581,0.016576,0.045673,0.047926,0.047390,0.034204,0.031917,0.020156,1.064506,0.002107,0.000798,0.001077,0.004685,0.052698,0.034840,0.020567,0.003955,0.020935,0.073263,0.027949,0.033522,0.071081,0.004734,0.063218,0.097095,0.154718,0.012704,0.004019,0.016415,0.101600,0.146333,0.001777,0.002255,0.022387,0.042586,0.079735,0.003619,0.026607,0.018434,0.038525,0.015722,0.023927,0.006784,0.023358,0.017720,0.052803,0.015426,0.012410,0.007604,0.027427,0.027426,0.005375,0.139305,0.061929,0.037199,0.004477,Not run,Not run,0.000970,0.000641,0.000766
ec2-c6i,8,Base_OpenMP,default,0.029623,0.180468,0.024949,0.032471,0.033663,0.081842,0.091447,0.091155,0.065721,0.056805,0.036214,1.061662,0.003898,0.001198,0.002686,0.009128,0.075618,0.064542,0.122010,0.007329,0.122093,0.114766,0.093318,0.061225,0.131399,0.009378,0.126600,0.199147,0.291643,0.025048,0.008104,0.068085,0.380288,0.238118,0.002885,0.006868,0.045599,0.193160,0.225203,0.007463,0.094820,0.109816,0.120984,0.109465,0.094744,0.013352,0.046555,0.036030,0.085419,0.030641,0.008200,0.004737,0.053859,0.053864,0.010742,0.278575,0.130223,0.074275,0.009273,Not run,Not run,0.001845,0.001068,0.006115
ec2-c6i,4,Base_OpenMP,default,0.033630,0.360557,0.049916,0.062122,0.066086,0.093256,0.180290,0.178917,0.131004,0.063990,0.068946,1.247666,0.007600,0.002128,0.003738,0.018055,0.123519,0.076437,0.133863,0.014398,0.134115,0.146971,0.100627,0.117532,0.223639,0.018810,0.134991,0.421544,0.614787,0.050058,0.017158,0.076721,0.538813,0.495873,0.004635,0.008783,0.083740,0.224100,0.312583,0.016032,0.099725,0.121039,0.144369,0.120418,0.099609,0.026768,0.092993,0.070939,0.144162,0.060954,0.006992,0.005900,0.107797,0.107791,0.021522,0.556906,0.147203,0.148398,0.017648,Not run,Not run,0.003613,0.003508,0.006728
mammoth,256,Base_OpenMP,default,0.029650,0.033299,0.012211,0.008235,0.020211,0.030872,0.128811,0.127654,0.020166,0.021283,0.049101,1.595772,0.003152,0.006287,0.007637,0.004026,0.015671,0.032143,0.113672,0.013418,0.110648,0.151438,0.058321,0.013571,0.028143,0.004539,0.059684,0.030361,0.046318,0.009018,0.013940,0.074222,0.487650,0.042980,0.010967,0.008102,0.084342,0.170370,0.253311,0.007021,0.058078,0.098079,0.125780,0.098715,0.058303,0.009497,0.010429,0.011230,0.016142,0.013198,0.312181,0.184418,0.008881,0.008711,0.008736,0.015624,0.043367,0.017053,0.008120,Not run,Not run,0.003721,0.008582,0.006984
mammoth,128,Base_OpenMP,default,0.017462,0.027074,0.008921,0.006586,0.013785,0.019445,0.081336,0.076920,0.013597,0.013781,0.031094,1.484832,0.002413,0.003367,0.004157,0.003684,0.014240,0.020038,0.066058,0.007394,0.064777,0.165841,0.033882,0.013636,0.020498,0.004028,0.037195,0.039463,0.064556,0.006956,0.008969,0.046819,0.281320,0.057220,0.008772,0.005148,0.064574,0.103144,0.164328,0.005025,0.034177,0.053420,0.067198,0.058861,0.035540,0.006415,0.010347,0.009104,0.015968,0.010884,0.182012,0.092669,0.008516,0.009054,0.004706,0.022217,0.030174,0.016932,0.005550,Not run,Not run,0.002249,0.003434,0.004096
mammoth,64,Base_OpenMP,default,0.008350,0.027804,0.005665,0.006146,0.008904,0.010955,0.039497,0.033795,0.010799,0.007974,0.013965,1.155994,0.001320,0.001632,0.002512,0.002701,0.009959,0.010440,0.028387,0.003976,0.028596,0.165642,0.015192,0.010098,0.013048,0.003006,0.018836,0.031086,0.046305,0.006784,0.004500,0.020882,0.124226,0.033500,0.006830,0.002927,0.035717,0.042809,0.074096,0.002899,0.015825,0.025601,0.032181,0.025564,0.016206,0.004174,0.007231,0.006697,0.012606,0.006546,0.084490,0.048728,0.008420,0.008392,0.003837,0.035439,0.018361,0.011805,0.003705,Not run,Not run,0.001278,0.001797,0.002397
mammoth,32,Base_OpenMP,default,0.006136,0.045394,0.006804,0.009002,0.011471,0.010546,0.035716,0.023981,0.013008,0.008735,0.012561,1.062059,0.001582,0.001025,0.002009,0.003699,0.014690,0.012077,0.019885,0.002956,0.019654,0.107129,0.015006,0.016527,0.015527,0.003000,0.017500,0.054032,0.084068,0.009260,0.003636,0.015698,0.079936,0.065309,0.004491,0.002398,0.030652,0.033613,0.057243,0.003027,0.013558,0.016830,0.022513,0.029399,0.016547,0.004244,0.011959,0.009518,0.020023,0.007330,0.035586,0.018249,0.015179,0.015076,0.003787,0.068073,0.018787,0.019180,0.003450,Not run,Not run,0.000865,0.001142,0.001579
mammoth,16,Base_OpenMP,default,0.007282,0.086491,0.010949,0.016558,0.019944,0.014991,0.056145,0.032629,0.018329,0.010576,0.017998,1.048849,0.002835,0.000888,0.003402,0.007207,0.026344,0.014108,0.025682,0.003388,0.032593,0.116442,0.016802,0.028315,0.020530,0.004200,0.018870,0.098097,0.150883,0.015422,0.004954,0.016367,0.097903,0.111116,0.005316,0.003300,0.042938,0.038098,0.071330,0.004663,0.015870,0.022533,0.031905,0.028506,0.016700,0.005526,0.022340,0.016117,0.034872,0.011391,0.022383,0.007796,0.029030,0.029239,0.005313,0.135472,0.021511,0.033822,0.004825,Not run,Not run,0.000879,0.001130,0.002567
mammoth,8,Base_OpenMP,default,0.009681,0.168660,0.020579,0.031761,0.038426,0.021720,0.101618,0.055130,0.028465,0.014703,0.030202,1.024263,0.005271,0.001373,0.006380,0.013864,0.130863,0.020549,0.033798,0.005100,0.033695,0.182513,0.024039,0.063401,0.179343,0.007491,0.030293,0.191387,0.293923,0.028891,0.007328,0.022137,0.150515,0.222926,0.006869,0.004514,0.037584,0.059892,0.115199,0.008358,0.021954,0.029719,0.035653,0.029565,0.022610,0.008705,0.042935,0.033870,0.171338,0.019998,0.013769,0.009639,0.056731,0.056498,0.008803,0.268695,0.035249,0.065273,0.008177,Not run,Not run,0.001271,0.002190,0.003551
mammoth,4,Base_OpenMP,default,0.015979,0.339815,0.063013,0.063116,0.075942,0.185962,0.198223,0.105219,0.055237,0.127288,0.056542,0.963303,0.010211,0.001190,0.003195,0.027045,0.346656,0.060355,0.062733,0.009241,0.060368,0.593749,0.053304,0.197030,0.464722,0.017435,0.103152,0.384922,0.585536,0.057209,0.013304,0.042692,0.278221,0.436419,0.007563,0.006771,0.067082,0.114438,0.216596,0.015746,0.053942,0.054682,0.064283,0.054733,0.056768,0.019995,0.088519,0.091201,0.497729,0.038409,0.012139,0.009622,0.115354,0.114517,0.016301,0.543299,0.206830,0.133826,0.014981,Not run,Not run,0.001948,0.002966,0.003931
mammoth,256,Base_OpenMP,default,0.029284,0.033601,0.012203,0.008256,0.020353,0.031105,0.129353,0.129800,0.020148,0.021464,0.049478,1.596620,0.003273,0.006258,0.007900,0.004045,0.015470,0.031975,0.113936,0.013334,0.111169,0.151892,0.059816,0.013659,0.027919,0.004630,0.059823,0.029531,0.046868,0.008918,0.013918,0.073556,0.492692,0.042168,0.011017,0.008290,0.084739,0.176035,0.248556,0.007068,0.058250,0.098432,0.123530,0.098891,0.057688,0.012519,0.010654,0.011235,0.015821,0.013268,0.315826,0.180617,0.008754,0.008831,0.008017,0.015577,0.043764,0.017515,0.008113,Not run,Not run,0.003619,0.005955,0.007024
mammoth,128,Base_OpenMP,default,0.017641,0.026238,0.008951,0.006845,0.014016,0.020768,0.080363,0.075405,0.015005,0.013778,0.030035,1.489019,0.002371,0.003428,0.004107,0.003476,0.014238,0.021444,0.065327,0.007290,0.063997,0.134208,0.035990,0.013245,0.020506,0.003966,0.036497,0.039829,0.066351,0.006980,0.008851,0.046382,0.288414,0.058161,0.008801,0.005342,0.065098,0.100352,0.163908,0.005055,0.034240,0.056125,0.065973,0.056536,0.033006,0.006384,0.010504,0.010125,0.016087,0.010845,0.173189,0.090319,0.008508,0.009046,0.006109,0.022230,0.029660,0.017228,0.005653,Not run,Not run,0.002183,0.003439,0.004550
mammoth,64,Base_OpenMP,default,0.008334,0.027745,0.005736,0.006097,0.009014,0.010932,0.039553,0.034087,0.011769,0.007899,0.013720,1.141200,0.001300,0.001719,0.002486,0.002360,0.010025,0.011419,0.027336,0.004032,0.027124,0.165498,0.015537,0.010275,0.012870,0.002930,0.018413,0.032382,0.047980,0.006786,0.004466,0.018491,0.126446,0.038787,0.006547,0.002627,0.037193,0.042168,0.069686,0.002728,0.016008,0.025763,0.032515,0.025067,0.016253,0.004214,0.007372,0.006304,0.012586,0.006657,0.085739,0.042721,0.008625,0.008380,0.003275,0.036091,0.020973,0.012598,0.003787,Not run,Not run,0.001310,0.001807,0.002553
mammoth,32,Base_OpenMP,default,0.006121,0.045420,0.006831,0.008800,0.011340,0.010734,0.035816,0.024135,0.012363,0.008844,0.012251,1.095037,0.001647,0.000997,0.001988,0.003627,0.014748,0.011991,0.019056,0.003001,0.019703,0.110509,0.014959,0.016601,0.015258,0.002994,0.017516,0.053544,0.083361,0.009278,0.003836,0.015677,0.078478,0.059006,0.004321,0.002563,0.053349,0.033230,0.058925,0.003034,0.013908,0.015955,0.021522,0.026396,0.015089,0.004291,0.011943,0.009432,0.020383,0.007908,0.035886,0.021016,0.015255,0.015284,0.003523,0.068090,0.018448,0.018937,0.003412,Not run,Not run,0.000848,0.001190,0.001626
mammoth,16,Base_OpenMP,default,0.007586,0.085976,0.011003,0.016513,0.019962,0.012822,0.055133,0.031628,0.017103,0.011556,0.018800,1.023559,0.002781,0.000848,0.003253,0.006859,0.025961,0.013855,0.025095,0.003317,0.046604,0.103180,0.016209,0.027663,0.020184,0.004426,0.018799,0.098447,0.149574,0.015328,0.004758,0.015985,0.093767,0.109691,0.004794,0.003033,0.032484,0.037689,0.069732,0.004556,0.015129,0.028484,0.031209,0.023024,0.015101,0.005468,0.022170,0.016043,0.033995,0.010906,0.020443,0.007467,0.028986,0.028870,0.005164,0.134993,0.031240,0.033346,0.004883,Not run,Not run,0.000875,0.001040,0.002622
mammoth,8,Base_OpenMP,default,0.009765,0.168749,0.020643,0.031920,0.038435,0.020323,0.101734,0.055337,0.028746,0.015610,0.030780,1.075357,0.005045,0.001240,0.006159,0.013917,0.131170,0.021416,0.034340,0.005097,0.033765,0.188146,0.024946,0.062781,0.181068,0.007467,0.030832,0.191963,0.292991,0.028947,0.007347,0.021957,0.150306,0.217875,0.006861,0.004368,0.037743,0.060502,0.115039,0.008418,0.022333,0.030166,0.036051,0.031803,0.022545,0.008832,0.043177,0.033663,0.170865,0.019986,0.014640,0.009586,0.056817,0.056474,0.008928,0.269013,0.034977,0.065672,0.008249,Not run,Not run,0.001269,0.002169,0.003284
mammoth,4,Base_OpenMP,default,0.015904,0.339312,0.060066,0.063088,0.076157,0.179428,0.198371,0.105819,0.054559,0.122401,0.057358,0.992088,0.010123,0.001125,0.003464,0.026581,0.346706,0.059036,0.063153,0.009126,0.059693,0.592456,0.056050,0.197350,0.464937,0.017275,0.102048,0.385068,0.587381,0.057066,0.013556,0.042164,0.275426,0.435937,0.009002,0.006837,0.067205,0.115890,0.216098,0.015788,0.054495,0.055414,0.064429,0.055334,0.050623,0.020911,0.088343,0.091208,0.498591,0.038483,0.012362,0.010026,0.115142,0.113734,0.016835,0.544130,0.208774,0.133550,0.015107,Not run,Not run,0.001911,0.002527,0.004652
mammoth,256,Base_OpenMP,default,0.029461,0.033344,0.012180,0.008324,0.020388,0.030951,0.128171,0.128716,0.019860,0.021650,0.049406,1.579994,0.003172,0.005994,0.007635,0.004070,0.015440,0.029763,0.113595,0.013089,0.110172,0.155377,0.057222,0.013624,0.028055,0.004638,0.059731,0.029931,0.046788,0.009182,0.013827,0.073783,0.490510,0.041874,0.010779,0.008150,0.084750,0.168054,0.252095,0.007166,0.051836,0.099575,0.122345,0.103332,0.058485,0.010508,0.010696,0.011061,0.015696,0.013146,0.317896,0.156846,0.008695,0.008568,0.007758,0.015763,0.043572,0.017251,0.008054,Not run,Not run,0.003618,0.005993,0.006381
mammoth,128,Base_OpenMP,default,0.017038,0.026332,0.008970,0.006729,0.014064,0.020294,0.079314,0.075845,0.014920,0.014061,0.030416,1.479929,0.002421,0.003403,0.004197,0.003334,0.014174,0.021400,0.064777,0.007423,0.065009,0.162661,0.035090,0.013744,0.020300,0.003799,0.036011,0.040808,0.063689,0.006911,0.009005,0.046468,0.282213,0.057225,0.008803,0.005176,0.065310,0.102969,0.165201,0.004881,0.034363,0.053509,0.068074,0.051980,0.031318,0.005825,0.010519,0.009281,0.015742,0.010803,0.174469,0.097602,0.008206,0.008319,0.004713,0.021675,0.030567,0.016084,0.005462,Not run,Not run,0.002170,0.003507,0.004604
mammoth,64,Base_OpenMP,default,0.008017,0.027699,0.005727,0.006140,0.008998,0.010996,0.039709,0.034274,0.012739,0.007914,0.013663,1.084201,0.001567,0.001589,0.002442,0.002858,0.010091,0.010643,0.028600,0.003962,0.028840,0.164537,0.016426,0.010217,0.012786,0.002745,0.017780,0.030777,0.048793,0.006834,0.004521,0.020838,0.129048,0.033687,0.006503,0.002784,0.035944,0.042872,0.075360,0.002725,0.014608,0.025944,0.032261,0.026566,0.014720,0.004369,0.007502,0.006842,0.012629,0.006534,0.085862,0.048499,0.008397,0.008336,0.003229,0.035742,0.023015,0.013027,0.003679,Not run,Not run,0.001320,0.001839,0.002384
mammoth,32,Base_OpenMP,default,0.006030,0.045453,0.006822,0.009169,0.011334,0.010653,0.035851,0.024042,0.012598,0.008759,0.012404,1.127762,0.001661,0.001010,0.002010,0.003636,0.014714,0.012010,0.019986,0.003072,0.022683,0.143357,0.015367,0.016793,0.015653,0.003016,0.019096,0.053184,0.083079,0.009230,0.003683,0.015569,0.079774,0.059711,0.004407,0.002417,0.055342,0.033525,0.058620,0.003006,0.013767,0.017762,0.021892,0.023210,0.018147,0.004122,0.011941,0.009391,0.019840,0.007637,0.035654,0.017879,0.015185,0.015090,0.003968,0.068134,0.018958,0.019179,0.003437,Not run,Not run,0.000849,0.001105,0.001519
mammoth,16,Base_OpenMP,default,0.007145,0.086209,0.010933,0.016439,0.020081,0.015084,0.055852,0.032613,0.017630,0.011440,0.018095,0.979310,0.002625,0.000844,0.003425,0.006871,0.026148,0.013763,0.024617,0.003392,0.025941,0.104131,0.016629,0.027946,0.020957,0.004547,0.019595,0.097531,0.149551,0.015355,0.004668,0.016566,0.099133,0.109379,0.004808,0.003241,0.032258,0.038219,0.070806,0.004639,0.015594,0.029063,0.031948,0.029098,0.018513,0.005229,0.022183,0.015979,0.034431,0.011070,0.022742,0.008055,0.029036,0.028875,0.005451,0.135118,0.024266,0.033581,0.004806,Not run,Not run,0.000888,0.001069,0.002549
mammoth,8,Base_OpenMP,default,0.009636,0.168872,0.020400,0.031830,0.038359,0.020541,0.101516,0.055129,0.031182,0.014804,0.030786,1.026698,0.005018,0.001182,0.006399,0.013891,0.130332,0.020554,0.034197,0.005078,0.033718,0.185003,0.023510,0.062757,0.179737,0.007445,0.030497,0.191395,0.292603,0.028930,0.007717,0.022188,0.151578,0.219656,0.006884,0.004226,0.037369,0.059829,0.115231,0.008304,0.023280,0.030399,0.035745,0.031855,0.022155,0.008431,0.043059,0.033368,0.171967,0.019701,0.013570,0.009632,0.056776,0.056527,0.008883,0.269147,0.034461,0.065817,0.008211,Not run,Not run,0.001323,0.002159,0.003404
mammoth,4,Base_OpenMP,default,0.015921,0.338681,0.062088,0.063159,0.076429,0.199588,0.198675,0.105709,0.054562,0.128799,0.058007,1.000135,0.010030,0.001083,0.003269,0.026817,0.346782,0.055506,0.063888,0.009219,0.060440,0.585451,0.049966,0.195779,0.465360,0.018391,0.104230,0.385886,0.586981,0.056661,0.013753,0.042787,0.276070,0.436550,0.009040,0.006865,0.066842,0.116587,0.219138,0.015765,0.049009,0.055330,0.064442,0.055189,0.051870,0.020838,0.088178,0.090655,0.499370,0.038186,0.012117,0.010040,0.114808,0.113743,0.016623,0.541965,0.185512,0.133986,0.015087,Not run,Not run,0.001969,0.002859,0.004563
poodle,224,Base_OpenMP,default,0.011362,0.026952,0.008068,0.004092,0.009124,0.012088,0.057561,0.057391,0.005272,0.008621,0.021428,18.911452,0.003566,0.013011,0.013229,0.003498,0.008966,0.011975,0.044421,0.030085,0.044153,0.084194,0.022624,0.005453,0.011121,0.001670,0.022504,0.051057,0.075582,0.004838,0.006620,0.033844,0.185143,0.072289,0.006678,0.002796,0.039212,0.084637,0.109851,0.003646,0.022362,0.040228,0.099012,0.040402,0.022349,0.002478,0.005389,0.003773,0.006700,0.010570,0.164796,1.148696,0.005189,0.005120,0.003618,0.029011,0.017504,0.006670,0.003471,Not run,Not run,0.003287,0.002402,0.002412
poodle,112,Base_OpenMP,default,0.005447,0.037446,0.006214,0.003756,0.004640,0.007807,0.027069,0.026827,0.005705,0.005667,0.010078,5.740545,0.001148,0.003271,0.003351,0.001603,0.010895,0.006889,0.020773,0.007761,0.020705,0.073554,0.011213,0.007747,0.009129,0.001384,0.011154,0.101661,0.145651,0.003715,0.005199,0.016888,0.089865,0.140525,0.006002,0.001491,0.030346,0.040764,0.069845,0.004042,0.010655,0.018932,0.026497,0.019142,0.010768,0.002542,0.006441,0.004828,0.009927,0.005216,0.067896,0.310780,0.007266,0.007312,0.001951,0.054202,0.010692,0.009120,0.002142,Not run,Not run,0.000864,0.001185,0.001258
poodle,56,Base_OpenMP,default,0.003868,0.031543,0.005367,0.004818,0.003242,0.008693,0.018334,0.018133,0.006186,0.006526,0.007171,1.967246,0.000693,0.001857,0.001941,0.001161,0.010137,0.005524,0.015087,0.004766,0.015384,0.062242,0.008339,0.007490,0.007040,0.001087,0.008536,0.031405,0.049504,0.005138,0.002851,0.010710,0.060980,0.038761,0.005509,0.001125,0.025701,0.025104,0.042634,0.001615,0.007694,0.013458,0.015486,0.013282,0.007898,0.002387,0.005914,0.005084,0.009690,0.004191,0.044524,0.118016,0.007632,0.007649,0.001845,0.046689,0.011294,0.008720,0.001732,Not run,Not run,0.000546,0.000803,0.000938
poodle,32,Base_OpenMP,default,0.003316,0.051901,0.007318,0.007784,0.002930,0.013436,0.015537,0.014274,0.006469,0.009836,0.005936,1.644720,0.000723,0.000675,0.000825,0.001515,0.016727,0.006546,0.012865,0.003489,0.013065,0.058751,0.008284,0.013033,0.028191,0.001344,0.008462,0.054651,0.086037,0.008600,0.002605,0.010252,0.054953,0.068045,0.003860,0.000887,0.017965,0.022200,0.045745,0.001730,0.006852,0.011486,0.012911,0.011377,0.007115,0.003049,0.009143,0.007961,0.021972,0.006261,0.024233,0.050580,0.013207,0.013196,0.002270,0.080835,0.015355,0.014117,0.001846,Not run,Not run,0.000367,0.000646,0.000705
poodle,16,Base_OpenMP,default,0.004316,0.101557,0.013621,0.015675,0.004840,0.028795,0.020743,0.019764,0.010494,0.022326,0.007848,1.426184,0.001139,0.000391,0.000798,0.002721,0.065751,0.012649,0.017186,0.004646,0.017083,0.061884,0.014817,0.029749,0.082200,0.002431,0.022266,0.111289,0.174033,0.013516,0.003112,0.011924,0.077431,0.139868,0.002014,0.001159,0.020563,0.031765,0.062763,0.002704,0.012426,0.014857,0.016548,0.015295,0.011889,0.005546,0.017883,0.015386,0.062124,0.011853,0.011373,0.009303,0.025374,0.025400,0.003853,0.160860,0.046781,0.027657,0.003155,Not run,Not run,0.000370,0.000781,0.000938
poodle,8,Base_OpenMP,default,0.011268,0.202954,0.027043,0.030808,0.009636,0.063276,0.028675,0.028628,0.018136,0.044307,0.013140,1.205439,0.002166,0.000443,0.001191,0.005303,0.195240,0.037214,0.042057,0.008604,0.045068,0.095243,0.049822,0.110410,0.211095,0.005934,0.074575,0.200810,0.329746,0.026529,0.005732,0.034053,0.179610,0.255397,0.002814,0.002511,0.038619,0.072206,0.122031,0.005270,0.048872,0.037600,0.032735,0.037464,0.048749,0.010834,0.035650,0.035609,0.202040,0.021557,0.008019,0.004638,0.049860,0.050365,0.007470,0.321756,0.096884,0.054321,0.006037,Not run,Not run,0.000561,0.001203,0.002143
poodle,4,Base_OpenMP,default,0.038893,0.407359,0.053834,0.064334,0.021645,0.168042,0.063800,0.063848,0.035284,0.117803,0.029108,1.265812,0.004250,0.000561,0.003265,0.010511,0.310996,0.077039,0.134931,0.016928,0.143067,0.180145,0.103770,0.167864,0.293029,0.013531,0.151361,0.402437,0.611448,0.052820,0.012472,0.078993,0.521789,0.487325,0.004929,0.007792,0.078187,0.227049,0.303896,0.011329,0.102507,0.121817,0.125452,0.121341,0.102758,0.022320,0.071107,0.074720,0.290822,0.042073,0.007758,0.006584,0.099556,0.099613,0.014939,0.643229,0.190259,0.109943,0.012577,Not run,Not run,0.001054,0.002675,0.006753
poodle,224,Base_OpenMP,default,0.010671,0.026413,0.007539,0.003851,0.008785,0.011418,0.054062,0.053839,0.005184,0.008210,0.020511,21.455638,0.003249,0.015026,0.018757,0.003229,0.008774,0.011263,0.041348,0.031993,0.041367,0.082867,0.020961,0.005297,0.010270,0.001568,0.020887,0.053098,0.075189,0.004778,0.006433,0.032776,0.174457,0.071983,0.006620,0.002738,0.037521,0.080442,0.107431,0.003542,0.020704,0.037552,0.092408,0.037688,0.020960,0.003374,0.005328,0.003738,0.006471,0.005906,0.156861,1.187968,0.005124,0.005180,0.002360,0.028960,0.016487,0.006548,0.003322,Not run,Not run,0.002921,0.002246,0.002312
poodle,112,Base_OpenMP,default,0.005403,0.037455,0.005555,0.003775,0.004683,0.007798,0.026915,0.026722,0.005629,0.005687,0.010196,5.097647,0.001145,0.004706,0.004650,0.001593,0.010867,0.006788,0.020721,0.010236,0.020708,0.074276,0.011138,0.007669,0.009067,0.001360,0.011086,0.101014,0.146120,0.003787,0.005255,0.017852,0.089857,0.140417,0.006110,0.001448,0.030413,0.041257,0.070233,0.004028,0.010566,0.018756,0.027069,0.019001,0.010704,0.002521,0.006422,0.004774,0.010073,0.005143,0.067602,0.373843,0.007257,0.007298,0.001815,0.054153,0.010666,0.009136,0.002127,Not run,Not run,0.000895,0.001174,0.001241
poodle,56,Base_OpenMP,default,0.003860,0.031464,0.005186,0.004867,0.003152,0.008728,0.018279,0.017663,0.005942,0.006400,0.007038,1.979383,0.000708,0.001554,0.001593,0.001199,0.010106,0.005511,0.014821,0.004281,0.014949,0.062291,0.008406,0.007835,0.006882,0.001085,0.008507,0.031130,0.049391,0.005133,0.002849,0.010545,0.059869,0.038623,0.005580,0.001103,0.025126,0.024713,0.041770,0.001621,0.007652,0.013519,0.015510,0.013557,0.007792,0.002394,0.005878,0.005116,0.009552,0.004355,0.044678,0.113522,0.007644,0.007631,0.001781,0.046680,0.010943,0.008734,0.001709,Not run,Not run,0.000542,0.000896,0.000929
poodle,32,Base_OpenMP,default,0.003244,0.051912,0.007314,0.007793,0.002897,0.013491,0.015282,0.014201,0.006408,0.009478,0.005858,1.702184,0.000747,0.000766,0.000827,0.001518,0.016754,0.006526,0.012661,0.003429,0.013055,0.057442,0.008294,0.013442,0.028519,0.001363,0.008408,0.053723,0.085652,0.008660,0.002554,0.010289,0.055013,0.066894,0.003678,0.000880,0.018103,0.021894,0.045709,0.001764,0.006885,0.011201,0.012947,0.011285,0.007059,0.003087,0.009111,0.007927,0.021791,0.006404,0.024148,0.051803,0.013200,0.013214,0.002236,0.080845,0.015372,0.013929,0.001843,Not run,Not run,0.000358,0.000644,0.000720
poodle,16,Base_OpenMP,default,0.004350,0.101609,0.013567,0.015677,0.004797,0.028940,0.020920,0.018391,0.010438,0.023047,0.007834,1.324962,0.001154,0.000398,0.000788,0.002726,0.066978,0.012383,0.017169,0.004656,0.017080,0.061957,0.014128,0.028893,0.082596,0.002422,0.020088,0.110069,0.173977,0.013539,0.003078,0.011802,0.072338,0.137129,0.002028,0.001156,0.020370,0.031516,0.061647,0.002709,0.011717,0.014874,0.016542,0.015294,0.011805,0.005525,0.017801,0.015504,0.060859,0.011623,0.011590,0.009244,0.025401,0.025389,0.003840,0.160881,0.046255,0.027251,0.003157,Not run,Not run,0.000370,0.000781,0.000887
poodle,8,Base_OpenMP,default,0.011360,0.202933,0.027495,0.030645,0.009565,0.064745,0.028447,0.028422,0.018870,0.045177,0.013667,1.270257,0.002166,0.000447,0.001164,0.005312,0.195652,0.037475,0.041979,0.008598,0.044139,0.093047,0.049903,0.110663,0.210864,0.006359,0.074426,0.201415,0.329233,0.026514,0.005772,0.035179,0.178962,0.254869,0.002809,0.002472,0.038679,0.071841,0.122925,0.005268,0.047945,0.037908,0.032965,0.037857,0.047974,0.010851,0.035649,0.035964,0.202696,0.022371,0.007860,0.004649,0.049847,0.049853,0.007466,0.321752,0.097225,0.054303,0.006053,Not run,Not run,0.000559,0.001258,0.002159
poodle,4,Base_OpenMP,default,0.038534,0.407496,0.053736,0.064365,0.021674,0.168428,0.065405,0.065351,0.036384,0.117745,0.029484,1.306620,0.004250,0.000564,0.003244,0.010513,0.291180,0.077236,0.134676,0.016920,0.142474,0.180091,0.104084,0.168363,0.294891,0.013775,0.150851,0.401357,0.611983,0.052887,0.012450,0.079091,0.519437,0.484399,0.004843,0.007760,0.078289,0.226751,0.304732,0.011296,0.102405,0.121642,0.125018,0.120972,0.102341,0.022407,0.070701,0.074728,0.291420,0.042345,0.007851,0.006549,0.099706,0.099662,0.014905,0.643308,0.191238,0.108399,0.013086,Not run,Not run,0.001037,0.002603,0.006740
poodle,224,Base_OpenMP,default,0.010368,0.026103,0.006478,0.003785,0.008482,0.011138,0.052693,0.052612,0.005200,0.007917,0.019972,13.269177,0.003226,0.012951,0.013028,0.003125,0.008644,0.010961,0.040320,0.028812,0.040395,0.083385,0.020520,0.005244,0.010089,0.001554,0.020448,0.051107,0.075188,0.004723,0.006238,0.031135,0.169394,0.072013,0.006567,0.002578,0.037225,0.078466,0.102263,0.003456,0.020391,0.037002,0.085249,0.036837,0.020353,0.003148,0.005225,0.005453,0.006382,0.005675,0.150100,1.282059,0.005162,0.005062,0.001729,0.028841,0.016102,0.006482,0.003296,Not run,Not run,0.002531,0.002929,0.002258
poodle,112,Base_OpenMP,default,0.005667,0.037485,0.005642,0.003838,0.004794,0.007902,0.027969,0.027757,0.005630,0.005705,0.010433,6.579321,0.001186,0.003329,0.003684,0.001654,0.010926,0.007012,0.021558,0.008101,0.021460,0.073742,0.011594,0.007666,0.008974,0.001330,0.011507,0.100655,0.146047,0.003756,0.005460,0.018109,0.093253,0.140523,0.006066,0.001496,0.030466,0.042167,0.069808,0.003850,0.011038,0.019504,0.029133,0.019753,0.011189,0.002561,0.006450,0.004803,0.010036,0.005175,0.070632,0.346064,0.007277,0.007275,0.002209,0.054285,0.010850,0.009199,0.002193,Not run,Not run,0.000921,0.001214,0.001287
poodle,56,Base_OpenMP,default,0.003907,0.031511,0.005242,0.004839,0.003198,0.008766,0.018510,0.018020,0.006092,0.006550,0.007121,2.005793,0.000694,0.001509,0.001604,0.001168,0.010131,0.005595,0.015072,0.004253,0.015088,0.062455,0.008441,0.007944,0.006810,0.001071,0.008564,0.031341,0.049546,0.005141,0.002928,0.010658,0.060974,0.039236,0.005559,0.001174,0.025632,0.025154,0.042020,0.001598,0.007778,0.013741,0.015985,0.013712,0.007902,0.002361,0.005841,0.004836,0.009038,0.004217,0.045831,0.119074,0.007618,0.007639,0.001842,0.046703,0.010867,0.008767,0.001714,Not run,Not run,0.000531,0.000818,0.000926
poodle,32,Base_OpenMP,default,0.003229,0.051924,0.007323,0.007817,0.002902,0.013324,0.015186,0.014523,0.006444,0.010137,0.006020,1.705241,0.000729,0.000797,0.000896,0.001515,0.016761,0.006520,0.012874,0.003527,0.013094,0.058246,0.008281,0.013159,0.028495,0.001366,0.008511,0.054573,0.086046,0.008599,0.002517,0.010190,0.055306,0.068417,0.003655,0.000882,0.017806,0.022206,0.046332,0.001769,0.006858,0.011191,0.012890,0.011360,0.007064,0.003132,0.009124,0.007910,0.021579,0.006345,0.024568,0.052814,0.013224,0.013213,0.002236,0.080840,0.015346,0.014071,0.001835,Not run,Not run,0.000379,0.000651,0.000717
poodle,16,Base_OpenMP,default,0.004349,0.101589,0.013613,0.015486,0.004816,0.028592,0.020769,0.019342,0.010443,0.022771,0.007743,1.364950,0.001149,0.000394,0.000798,0.002733,0.066373,0.012376,0.018415,0.004656,0.018195,0.062064,0.014163,0.029710,0.082630,0.005341,0.020036,0.111297,0.174516,0.013536,0.003084,0.011656,0.072333,0.139085,0.002025,0.001173,0.020346,0.031785,0.061767,0.002716,0.011642,0.015482,0.016671,0.015952,0.012700,0.005522,0.017976,0.015476,0.060870,0.012268,0.011500,0.008906,0.025415,0.025397,0.003825,0.160881,0.045740,0.027640,0.003151,Not run,Not run,0.000383,0.000773,0.000945
poodle,8,Base_OpenMP,default,0.011259,0.202965,0.027578,0.030672,0.009588,0.063659,0.029503,0.029456,0.018572,0.043990,0.013197,1.289489,0.002169,0.000443,0.001193,0.005312,0.195460,0.036880,0.040972,0.008603,0.043896,0.091874,0.049694,0.111249,0.210585,0.006214,0.074092,0.202023,0.330073,0.026501,0.005830,0.033913,0.179005,0.255643,0.002841,0.002498,0.038535,0.072152,0.123003,0.005271,0.047498,0.035446,0.030450,0.035100,0.047557,0.010844,0.035726,0.035868,0.202803,0.022652,0.008011,0.004739,0.049894,0.049872,0.007474,0.321772,0.095910,0.055062,0.006054,Not run,Not run,0.000567,0.001292,0.002203
poodle,4,Base_OpenMP,default,0.037440,0.407499,0.053821,0.064331,0.021787,0.167975,0.065673,0.065584,0.036451,0.117402,0.029283,1.170463,0.004248,0.000561,0.003255,0.010513,0.290823,0.077794,0.134254,0.016929,0.141109,0.180064,0.104210,0.168370,0.294322,0.013739,0.151899,0.402529,0.611886,0.052897,0.012464,0.079392,0.513784,0.486677,0.004913,0.007744,0.078100,0.225974,0.303072,0.011382,0.102591,0.121913,0.125551,0.121351,0.102887,0.022332,0.070912,0.074780,0.291596,0.042624,0.007886,0.006598,0.099628,0.099685,0.014944,0.643337,0.190764,0.109876,0.013193,Not run,Not run,0.001035,0.002651,0.006777
quartz,72,Base_OpenMP,default,0.014763,0.066319,0.018594,0.009815,0.014019,0.030527,0.055736,0.054033,0.016383,0.022000,0.025520,2.799377,0.002355,0.003039,0.003084,0.004379,0.067896,0.021377,0.070970,0.007131,0.070666,0.203925,0.033672,0.023513,0.047195,0.005084,0.039347,0.107680,0.184514,0.008413,0.009013,0.033136,0.216101,0.153878,0.006706,0.004333,0.036283,0.092487,0.115946,0.005285,0.033939,0.064160,0.060726,0.064821,0.033950,0.004066,0.017779,0.011832,0.060094,0.010136,0.097418,0.098604,0.017533,0.017489,0.004074,0.093878,0.039652,0.024349,0.004368,Not run,Not run,0.001280,0.002282,0.004639
quartz,36,Base_OpenMP,default,0.022249,0.122339,0.032633,0.012272,0.017760,0.039946,0.066828,0.066626,0.029741,0.028610,0.029322,2.391339,0.003259,0.001660,0.002615,0.007416,0.075305,0.025366,0.059023,0.005236,0.075050,0.198656,0.038914,0.039667,0.059473,0.006573,0.046869,0.204425,0.337726,0.012936,0.010870,0.036192,0.249353,0.274124,0.006016,0.004706,0.060260,0.101182,0.147177,0.007691,0.039084,0.068017,0.061270,0.068688,0.038985,0.006275,0.032355,0.020406,0.076039,0.016394,0.056010,0.046398,0.033917,0.033867,0.005869,0.185164,0.050890,0.045706,0.007806,Not run,Not run,0.001324,0.003250,0.004990
quartz,32,Base_OpenMP,default,0.022812,0.136328,0.036111,0.014644,0.021716,0.042904,0.069281,0.068251,0.029778,0.031155,0.032193,2.615983,0.003316,0.001121,0.002594,0.007978,0.090078,0.026630,0.077970,0.004387,0.078040,0.127736,0.041222,0.045009,0.080046,0.006954,0.049330,0.229205,0.370490,0.014363,0.009824,0.038374,0.264722,0.319970,0.006064,0.005180,0.061101,0.107480,0.157653,0.008237,0.041293,0.070043,0.061727,0.071080,0.041203,0.006755,0.035953,0.022876,0.094396,0.017900,0.050175,0.047444,0.038630,0.038520,0.006557,0.211255,0.053627,0.050811,0.007938,Not run,Not run,0.001301,0.003296,0.005028
quartz,18,Base_OpenMP,default,0.021043,0.107549,0.032628,0.018827,0.025503,0.057008,0.063423,0.064797,0.028026,0.040540,0.028868,1.233019,0.002820,0.000976,0.002854,0.007005,0.067496,0.026957,0.055844,0.005326,0.055850,0.199029,0.037417,0.044145,0.060804,0.008316,0.045314,0.154285,0.234280,0.019633,0.007313,0.032303,0.215082,0.173663,0.005561,0.004651,0.048522,0.098105,0.135289,0.006818,0.037410,0.065026,0.057356,0.065826,0.037281,0.007013,0.032394,0.023125,0.083462,0.018800,0.034630,0.032411,0.050111,0.049962,0.005924,0.167034,0.058583,0.047911,0.008397,Not run,Not run,0.001223,0.003063,0.004781
quartz,16,Base_OpenMP,default,0.022443,0.121425,0.035884,0.019922,0.027931,0.041373,0.068376,0.070381,0.032866,0.030152,0.032785,1.305386,0.003183,0.000927,0.002824,0.007897,0.083938,0.027947,0.077458,0.005809,0.077590,0.179104,0.040973,0.050565,0.085304,0.007702,0.049772,0.171180,0.261254,0.021611,0.010507,0.045848,0.259201,0.193851,0.006175,0.004271,0.051919,0.107379,0.147963,0.006459,0.040779,0.068790,0.062950,0.070156,0.040270,0.007452,0.036315,0.025419,0.099082,0.021231,0.034422,0.015027,0.057218,0.056037,0.006807,0.188743,0.054014,0.054322,0.008827,Not run,Not run,0.001307,0.003358,0.004936
quartz,8,Base_OpenMP,default,0.025394,0.236773,0.069910,0.035811,0.044782,0.078786,0.108902,0.116654,0.049633,0.054918,0.053455,1.537556,0.005580,0.000739,0.002425,0.014919,0.295000,0.047214,0.102389,0.009315,0.102514,0.123932,0.067551,0.145165,0.294681,0.013884,0.086657,0.338241,0.527977,0.035146,0.012032,0.055425,0.414799,0.381998,0.003880,0.004651,0.071969,0.167900,0.244471,0.010896,0.067428,0.087241,0.071969,0.091429,0.067264,0.012841,0.072948,0.061784,0.282506,0.039744,0.013195,0.006137,0.109354,0.111081,0.011437,0.373494,0.108524,0.106139,0.011323,Not run,Not run,0.001102,0.003215,0.004869
quartz,4,Base_OpenMP,default,0.047935,0.452133,0.131219,0.068702,0.085232,0.156446,0.204112,0.217686,0.093247,0.106428,0.096144,1.355946,0.010652,0.001220,0.004590,0.028614,0.382843,0.089722,0.189192,0.017749,0.190384,0.234298,0.125866,0.235551,0.429113,0.026069,0.163239,0.643631,0.982356,0.067486,0.022038,0.102490,0.773579,0.723959,0.006777,0.008646,0.134772,0.310975,0.453957,0.020215,0.126603,0.167239,0.133102,0.169092,0.125682,0.024159,0.138688,0.115651,0.464315,0.075305,0.014164,0.008819,0.208550,0.208467,0.021232,0.714028,0.199101,0.202309,0.021229,Not run,Not run,0.001954,0.006379,0.009418
quartz,72,Base_OpenMP,default,0.021850,0.066553,0.018700,0.008627,0.014263,0.031131,0.056294,0.055347,0.017392,0.022400,0.025869,2.643803,0.002292,0.002978,0.003286,0.004398,0.065896,0.021446,0.073083,0.007117,0.074372,0.205145,0.034925,0.023669,0.044845,0.004387,0.039800,0.105103,0.176677,0.008376,0.006798,0.033947,0.228725,0.156807,0.006763,0.004509,0.036703,0.096507,0.118937,0.005316,0.035049,0.066695,0.061727,0.049599,0.034427,0.004099,0.017758,0.011617,0.061503,0.010185,0.096676,0.103807,0.017512,0.017572,0.004141,0.094153,0.043067,0.024339,0.004564,Not run,Not run,0.001299,0.002161,0.004848
quartz,36,Base_OpenMP,default,0.022380,0.122516,0.032687,0.013020,0.020642,0.040176,0.067646,0.067678,0.029380,0.028730,0.029788,2.036576,0.003086,0.001570,0.002648,0.007249,0.073402,0.025624,0.075710,0.005031,0.060019,0.199032,0.039077,0.039779,0.057866,0.006458,0.047113,0.205408,0.361885,0.013365,0.012177,0.036644,0.250915,0.295253,0.006355,0.005747,0.059738,0.103714,0.142721,0.007660,0.039289,0.068343,0.061684,0.054096,0.039109,0.006172,0.032499,0.020660,0.076245,0.016625,0.058819,0.046552,0.033956,0.033962,0.005773,0.185242,0.050754,0.045722,0.007899,Not run,Not run,0.001366,0.003372,0.003716
quartz,32,Base_OpenMP,default,0.022647,0.136438,0.036130,0.014694,0.021775,0.043009,0.069129,0.067925,0.030223,0.030900,0.032313,2.437080,0.003400,0.001198,0.002581,0.007897,0.088136,0.026424,0.077827,0.004385,0.078036,0.127876,0.041235,0.045260,0.075858,0.006987,0.049463,0.237796,0.376885,0.014283,0.013152,0.038465,0.263854,0.302523,0.006168,0.006193,0.068221,0.107430,0.157070,0.008218,0.040946,0.070044,0.061988,0.070858,0.041053,0.006548,0.035921,0.022884,0.094326,0.017965,0.049983,0.047179,0.038601,0.038543,0.006550,0.211213,0.053893,0.050772,0.007956,Not run,Not run,0.001309,0.003257,0.005031
quartz,18,Base_OpenMP,default,0.021006,0.107491,0.032661,0.018789,0.025426,0.057061,0.063059,0.064622,0.027758,0.040447,0.029037,1.199734,0.002841,0.000993,0.002880,0.007057,0.067626,0.026969,0.071622,0.005304,0.071675,0.198530,0.037171,0.043814,0.058627,0.008350,0.045008,0.154397,0.234242,0.020107,0.007833,0.032412,0.234244,0.173962,0.005409,0.004353,0.054706,0.097696,0.132162,0.006804,0.037557,0.064474,0.057241,0.065277,0.037105,0.007021,0.032432,0.023077,0.084100,0.019240,0.035703,0.035805,0.050442,0.050642,0.006293,0.167229,0.058584,0.047882,0.006473,Not run,Not run,0.001253,0.003137,0.004764
quartz,16,Base_OpenMP,default,0.022521,0.121401,0.035943,0.020567,0.028175,0.041947,0.068782,0.070023,0.032886,0.029817,0.032604,1.269442,0.003071,0.001021,0.002864,0.007921,0.080491,0.028392,0.077191,0.005904,0.077650,0.178028,0.040753,0.049485,0.084881,0.007810,0.049535,0.171557,0.263305,0.022455,0.007961,0.035160,0.257853,0.194378,0.005863,0.004826,0.052020,0.107572,0.147119,0.007358,0.041509,0.069333,0.062483,0.070618,0.040809,0.007635,0.036366,0.025364,0.099176,0.021310,0.033015,0.016544,0.055962,0.056079,0.006777,0.187739,0.054280,0.053566,0.009024,Not run,Not run,0.001308,0.003261,0.003749
quartz,8,Base_OpenMP,default,0.025407,0.236975,0.069750,0.035746,0.044640,0.082249,0.108935,0.116312,0.054814,0.057668,0.053060,1.655372,0.005575,0.000731,0.002410,0.014896,0.291417,0.047205,0.102438,0.009302,0.102642,0.122342,0.067292,0.147635,0.297432,0.013619,0.084484,0.338264,0.515411,0.035213,0.011859,0.055033,0.414754,0.382812,0.003983,0.004700,0.072416,0.168041,0.244620,0.010904,0.067233,0.087297,0.071965,0.091455,0.066823,0.012783,0.072617,0.061664,0.281471,0.039821,0.013091,0.005999,0.109422,0.109752,0.011441,0.373342,0.104345,0.106040,0.011353,Not run,Not run,0.001104,0.003299,0.004877
quartz,4,Base_OpenMP,default,0.046804,0.450878,0.132099,0.069049,0.084959,0.152157,0.203807,0.216738,0.094005,0.106185,0.095423,1.466661,0.010724,0.001288,0.004328,0.028157,0.379198,0.091187,0.190771,0.017808,0.191444,0.235581,0.125751,0.236314,0.438773,0.026288,0.162454,0.642871,0.976317,0.067094,0.022266,0.101869,0.773759,0.719606,0.006758,0.008821,0.136512,0.311715,0.455923,0.020008,0.125857,0.165934,0.131979,0.169495,0.123770,0.024313,0.140263,0.115674,0.446239,0.074898,0.012699,0.008713,0.208711,0.204498,0.021327,0.712538,0.200190,0.202821,0.021636,Not run,Not run,0.001977,0.006109,0.009277
quartz,72,Base_OpenMP,default,0.021566,0.066026,0.018539,0.009099,0.014115,0.030512,0.053981,0.053766,0.016584,0.021819,0.025582,2.157620,0.002249,0.003104,0.003282,0.004282,0.066070,0.021365,0.071916,0.006498,0.071855,0.204528,0.034755,0.023143,0.051734,0.004268,0.039435,0.105559,0.179879,0.008734,0.006666,0.044697,0.223668,0.153682,0.006714,0.004434,0.031490,0.095174,0.116604,0.005268,0.033760,0.062608,0.047451,0.048720,0.033856,0.004092,0.017774,0.011864,0.058944,0.009809,0.092175,0.108070,0.017765,0.017535,0.003854,0.096637,0.040034,0.024329,0.006123,Not run,Not run,0.001288,0.002092,0.004791
quartz,36,Base_OpenMP,default,0.022294,0.122368,0.032633,0.013648,0.017825,0.040236,0.067776,0.067573,0.028940,0.028903,0.030012,2.192019,0.003016,0.001589,0.002652,0.007273,0.071986,0.025327,0.075926,0.005047,0.075732,0.198742,0.039597,0.039755,0.061584,0.006489,0.046973,0.205239,0.336953,0.013086,0.012103,0.036676,0.250735,0.285860,0.006307,0.004942,0.058594,0.093176,0.148321,0.009246,0.039324,0.068228,0.061656,0.069414,0.039313,0.006096,0.032331,0.020437,0.075691,0.016455,0.057990,0.051286,0.033946,0.033924,0.005955,0.185168,0.051018,0.045791,0.007901,Not run,Not run,0.001370,0.003380,0.005009
quartz,32,Base_OpenMP,default,0.022650,0.136394,0.036143,0.014798,0.021795,0.042997,0.069278,0.068388,0.029858,0.031102,0.032049,2.540890,0.003215,0.001213,0.002576,0.008061,0.085045,0.026625,0.078098,0.004397,0.078073,0.127877,0.041262,0.045362,0.078109,0.006922,0.049501,0.231822,0.373641,0.014247,0.012412,0.038442,0.264800,0.309833,0.006051,0.005804,0.068397,0.107690,0.157722,0.008199,0.041250,0.070158,0.061898,0.071128,0.041243,0.006618,0.035918,0.022630,0.095904,0.017922,0.049331,0.043581,0.038614,0.038537,0.006586,0.211263,0.053828,0.050744,0.007953,Not run,Not run,0.001304,0.003269,0.005043
quartz,18,Base_OpenMP,default,0.015138,0.107528,0.032629,0.018793,0.025509,0.057266,0.063079,0.064541,0.027847,0.040731,0.028971,1.203795,0.003004,0.000945,0.002856,0.007156,0.066804,0.026998,0.055692,0.005345,0.071959,0.198719,0.037582,0.044384,0.058527,0.008323,0.045200,0.154225,0.234289,0.019753,0.008624,0.032355,0.234533,0.174698,0.005423,0.004782,0.048657,0.098060,0.132443,0.005994,0.037489,0.064922,0.057265,0.065215,0.037408,0.006928,0.032343,0.023076,0.083732,0.019224,0.035511,0.029648,0.050986,0.050594,0.006264,0.167209,0.058616,0.047737,0.008469,Not run,Not run,0.001247,0.003129,0.003567
quartz,16,Base_OpenMP,default,0.022318,0.121710,0.036137,0.020115,0.028371,0.041561,0.067807,0.070341,0.032018,0.029959,0.032742,1.273259,0.003143,0.000920,0.002850,0.007728,0.081871,0.028029,0.076714,0.005798,0.076858,0.177700,0.040195,0.050808,0.077618,0.007689,0.049205,0.171465,0.263076,0.022302,0.008495,0.035158,0.258091,0.195211,0.005995,0.004415,0.052077,0.107678,0.145282,0.007376,0.041162,0.069759,0.062030,0.069916,0.040274,0.007385,0.036245,0.025722,0.102000,0.021135,0.032230,0.015433,0.055798,0.055984,0.006683,0.187550,0.054413,0.053445,0.009216,Not run,Not run,0.001297,0.003252,0.005000
quartz,8,Base_OpenMP,default,0.025430,0.237029,0.069557,0.035728,0.044689,0.075703,0.109080,0.116583,0.049720,0.053290,0.053287,1.658766,0.005587,0.000741,0.002398,0.014947,0.298371,0.045992,0.102501,0.009324,0.102731,0.122307,0.067413,0.151720,0.313425,0.013620,0.084867,0.338766,0.517743,0.035181,0.011902,0.054990,0.415069,0.381374,0.003908,0.004684,0.072289,0.168465,0.259585,0.010889,0.067248,0.087369,0.071997,0.091490,0.066871,0.012822,0.072939,0.061582,0.292039,0.039880,0.012863,0.006058,0.109423,0.111190,0.011478,0.373665,0.104140,0.106121,0.011356,Not run,Not run,0.001122,0.003291,0.004854
quartz,4,Base_OpenMP,default,0.047313,0.452117,0.131132,0.068809,0.085806,0.151047,0.204260,0.217744,0.093614,0.106195,0.095802,1.469733,0.010426,0.001225,0.004375,0.028640,0.382803,0.089310,0.189595,0.017847,0.189496,0.231411,0.125202,0.238445,0.431694,0.025819,0.158996,0.639858,0.978941,0.066891,0.022010,0.101970,0.772332,0.718779,0.006870,0.008501,0.135756,0.311820,0.454918,0.020451,0.125195,0.166429,0.132085,0.169453,0.124208,0.024181,0.140514,0.116774,0.477144,0.074544,0.013591,0.008769,0.209606,0.206811,0.021109,0.716063,0.198390,0.202274,0.021538,Not run,Not run,0.001957,0.006205,0.009335
ruby,112,Base_OpenMP,default,0.009814,0.042105,0.008467,0.006101,0.009935,0.013670,0.046309,0.046196,0.014283,0.009685,0.019531,2.907500,0.001732,0.005451,0.005742,0.002484,0.017989,0.011621,0.037751,0.011573,0.037872,0.189729,0.020027,0.014953,0.029688,0.007592,0.019554,0.217978,0.254550,0.007791,0.022830,0.026465,0.158023,0.243886,0.008303,0.006489,0.038447,0.062166,0.090504,0.006281,0.019339,0.030741,0.046192,0.033363,0.019033,0.002450,0.010405,0.007447,0.027422,0.008224,0.113669,0.348917,0.009250,0.009694,0.003623,0.052905,0.017984,0.013953,0.003326,Not run,Not run,0.001324,0.001916,0.001996
ruby,56,Base_OpenMP,default,0.007274,0.058335,0.009606,0.006818,0.009678,0.022653,0.030140,0.030999,0.022328,0.015758,0.014391,2.027297,0.001399,0.002175,0.002393,0.002416,0.022565,0.013988,0.027228,0.005374,0.028081,0.177872,0.017113,0.023860,0.049436,0.011396,0.025792,0.251318,0.426615,0.007265,0.011211,0.018546,0.125082,0.309952,0.006042,0.003007,0.030268,0.046692,0.079341,0.009011,0.017067,0.022128,0.032111,0.023447,0.016497,0.003020,0.014296,0.009244,0.041122,0.010426,0.066423,0.099280,0.012081,0.013219,0.003139,0.083093,0.029192,0.020700,0.003144,Not run,Not run,0.000924,0.001282,0.001494
ruby,32,Base_OpenMP,default,0.007808,0.092771,0.013611,0.010040,0.013069,0.028873,0.024497,0.025621,0.018969,0.021199,0.014854,1.496440,0.001391,0.001133,0.001428,0.002817,0.033282,0.022721,0.030113,0.003734,0.030036,0.113725,0.031716,0.038835,0.060162,0.019067,0.045896,0.475502,0.692371,0.009247,0.021321,0.024304,0.126383,0.542668,0.008681,0.006361,0.027218,0.054087,0.100038,0.015017,0.031862,0.026126,0.028857,0.025497,0.030650,0.004154,0.021896,0.014775,0.069781,0.016435,0.041454,0.063630,0.020704,0.022630,0.004275,0.142881,0.047524,0.033833,0.003717,Not run,Not run,0.000689,0.001041,0.001542
ruby,28,Base_OpenMP,default,0.005804,0.054395,0.008523,0.009108,0.011220,0.021134,0.022569,0.023086,0.018231,0.016253,0.009496,1.392792,0.001084,0.001088,0.001494,0.001981,0.022274,0.015015,0.020132,0.004002,0.020555,0.174484,0.013620,0.020715,0.040313,0.012559,0.021433,0.135320,0.205164,0.010138,0.013870,0.013796,0.089988,0.179216,0.007982,0.009377,0.019858,0.035745,0.057757,0.004336,0.013547,0.016668,0.024367,0.018380,0.012851,0.003130,0.013887,0.009041,0.041386,0.009166,0.041627,0.070536,0.017437,0.017396,0.002859,0.074451,0.026156,0.023229,0.003813,Not run,Not run,0.000797,0.000948,0.001195
ruby,16,Base_OpenMP,default,0.006471,0.091725,0.013653,0.014780,0.017488,0.038844,0.019759,0.018663,0.022405,0.027026,0.011046,1.276717,0.001288,0.000596,0.000925,0.002736,0.065748,0.030773,0.026297,0.003964,0.027151,0.122383,0.039613,0.045931,0.085013,0.023447,0.060248,0.237576,0.359471,0.016349,0.012059,0.026273,0.120581,0.340409,0.005441,0.006261,0.030097,0.053744,0.081700,0.006609,0.038201,0.022888,0.025966,0.024152,0.038350,0.004386,0.024740,0.016862,0.096989,0.014623,0.020444,0.015417,0.029964,0.029616,0.004162,0.128718,0.059546,0.033235,0.004869,Not run,Not run,0.000717,0.000729,0.001389
ruby,8,Base_OpenMP,default,0.020804,0.181242,0.025017,0.028188,0.032920,0.060851,0.033467,0.031352,0.033506,0.042645,0.016275,1.162222,0.001987,0.000526,0.002114,0.004792,0.123408,0.044189,0.083557,0.007061,0.083561,0.092669,0.062811,0.077369,0.146225,0.043020,0.087340,0.469295,0.712002,0.024218,0.013317,0.048013,0.306179,0.622218,0.003894,0.004986,0.041420,0.136410,0.178856,0.012335,0.062740,0.073449,0.081344,0.074227,0.062583,0.008025,0.045398,0.033145,0.163761,0.026109,0.009361,0.005315,0.057532,0.057358,0.007423,0.256251,0.097785,0.065843,0.009181,Not run,Not run,0.000976,0.001252,0.004170
ruby,4,Base_OpenMP,default,0.039240,0.355140,0.048474,0.055419,0.065462,0.119279,0.100471,0.100286,0.065268,0.082714,0.040272,1.260469,0.003728,0.000827,0.003954,0.009363,0.196189,0.085198,0.157177,0.013683,0.157386,0.174799,0.118911,0.139232,0.270739,0.085823,0.167877,0.928451,1.412631,0.047933,0.024290,0.091120,0.574813,1.230132,0.006560,0.009386,0.078104,0.254613,0.336290,0.023706,0.119727,0.140503,0.155745,0.141049,0.119681,0.015992,0.088722,0.063417,0.304173,0.051953,0.008856,0.007574,0.114955,0.113349,0.014566,0.506197,0.190051,0.130178,0.018567,Not run,Not run,0.001953,0.003964,0.007765
ruby,112,Base_OpenMP,default,0.012755,0.045304,0.008931,0.006856,0.011821,0.016280,0.062859,0.062476,0.016390,0.011672,0.025835,2.741275,0.002142,0.006036,0.006323,0.002738,0.019469,0.014863,0.049961,0.012391,0.049199,0.191809,0.026005,0.015683,0.032675,0.006151,0.026007,0.170170,0.241584,0.007437,0.019433,0.033967,0.206510,0.193285,0.007512,0.005733,0.031346,0.080655,0.109563,0.006925,0.025311,0.042527,0.059381,0.043981,0.025071,0.003307,0.010749,0.007039,0.028018,0.009260,0.166045,0.369970,0.009709,0.010574,0.003384,0.052984,0.022068,0.014369,0.004279,Not run,Not run,0.001694,0.002572,0.002714
ruby,56,Base_OpenMP,default,0.007173,0.057765,0.009426,0.006733,0.009498,0.022599,0.029918,0.029564,0.020142,0.015975,0.013669,1.801642,0.001547,0.002138,0.002314,0.002352,0.023161,0.013764,0.027385,0.005033,0.028232,0.171903,0.016349,0.022336,0.040486,0.008958,0.023541,0.265818,0.400232,0.006890,0.012814,0.018231,0.114875,0.309432,0.005753,0.001935,0.030708,0.045305,0.072915,0.008896,0.015712,0.022591,0.031939,0.023067,0.016150,0.003082,0.014440,0.009044,0.040908,0.010386,0.066574,0.087798,0.012856,0.014057,0.003036,0.082739,0.028845,0.020171,0.002984,Not run,Not run,0.000933,0.001337,0.001540
ruby,32,Base_OpenMP,default,0.007411,0.092882,0.013605,0.010038,0.012942,0.028826,0.024603,0.024374,0.018708,0.020808,0.013443,1.445071,0.001385,0.001130,0.001434,0.002845,0.033793,0.022516,0.029764,0.003748,0.029674,0.110162,0.029843,0.035836,0.060878,0.013100,0.044509,0.471189,0.720202,0.009049,0.027538,0.024389,0.124573,0.556299,0.008588,0.007095,0.025801,0.055579,0.091929,0.014757,0.031614,0.022164,0.027645,0.022486,0.030051,0.004216,0.021570,0.014614,0.069921,0.016344,0.041224,0.046713,0.020998,0.022558,0.004119,0.142546,0.046846,0.031130,0.003432,Not run,Not run,0.000697,0.001082,0.001567
ruby,28,Base_OpenMP,default,0.004910,0.053688,0.008438,0.008958,0.010765,0.021769,0.018792,0.018602,0.017796,0.015096,0.008755,1.515211,0.001200,0.001084,0.001345,0.001827,0.023594,0.011269,0.018822,0.003692,0.018839,0.168918,0.012825,0.020593,0.040375,0.009023,0.022024,0.112431,0.205536,0.009944,0.021609,0.012437,0.082264,0.177456,0.007535,0.006058,0.021837,0.033614,0.055996,0.004103,0.012727,0.013482,0.019794,0.014414,0.012471,0.003058,0.014377,0.009164,0.041958,0.008976,0.031653,0.043165,0.017889,0.017211,0.002792,0.074267,0.027041,0.019499,0.003370,Not run,Not run,0.000631,0.000813,0.001056
ruby,16,Base_OpenMP,default,0.005259,0.091639,0.014425,0.014591,0.017123,0.038690,0.019401,0.017975,0.022529,0.026929,0.010790,1.196892,0.001346,0.000674,0.000855,0.003108,0.066652,0.030616,0.023418,0.003948,0.024840,0.115613,0.040444,0.046075,0.085326,0.015725,0.060250,0.215859,0.337310,0.015998,0.011917,0.026648,0.112603,0.314640,0.004990,0.007856,0.029061,0.051496,0.083813,0.006182,0.038201,0.018970,0.023947,0.020288,0.040192,0.004418,0.024827,0.016985,0.097872,0.014593,0.018609,0.015123,0.029416,0.029508,0.004208,0.128580,0.060333,0.034037,0.004807,Not run,Not run,0.000666,0.000731,0.001177
ruby,8,Base_OpenMP,default,0.021144,0.181461,0.024986,0.028179,0.032728,0.062084,0.029068,0.026272,0.033608,0.043177,0.015819,1.155542,0.001985,0.000496,0.002152,0.004690,0.126771,0.045057,0.084670,0.007056,0.084784,0.094113,0.063358,0.077021,0.147571,0.028787,0.088595,0.426797,0.667297,0.024046,0.012232,0.048736,0.311763,0.624300,0.003890,0.005090,0.039748,0.137923,0.181417,0.011786,0.063295,0.075553,0.083702,0.075952,0.063024,0.008133,0.046591,0.033222,0.164954,0.026127,0.008238,0.005441,0.057965,0.057652,0.007378,0.255992,0.098840,0.065842,0.009262,Not run,Not run,0.000976,0.001099,0.004206
ruby,4,Base_OpenMP,default,0.039091,0.356380,0.048954,0.056041,0.066114,0.121808,0.104226,0.104353,0.066225,0.084783,0.041838,1.267780,0.003765,0.000782,0.003939,0.009282,0.191369,0.085038,0.157276,0.013757,0.157269,0.176327,0.120124,0.139205,0.270763,0.063782,0.168019,0.852049,1.334871,0.047813,0.023625,0.090959,0.575252,1.245497,0.006390,0.009437,0.079964,0.255666,0.338822,0.023147,0.119475,0.140224,0.155493,0.140743,0.118984,0.017294,0.089824,0.063885,0.304084,0.051906,0.008890,0.007741,0.115498,0.114475,0.014876,0.510839,0.188849,0.144521,0.018533,Not run,Not run,0.001993,0.004115,0.007782
ruby,112,Base_OpenMP,default,0.012605,0.044506,0.008847,0.006613,0.011505,0.015769,0.060279,0.059879,0.016356,0.011608,0.025087,2.834197,0.002157,0.006131,0.006545,0.002541,0.019050,0.014951,0.047699,0.012517,0.047315,0.190748,0.025035,0.014941,0.032337,0.005880,0.024815,0.169677,0.242197,0.007343,0.016661,0.033094,0.196496,0.193260,0.007900,0.003966,0.030885,0.077752,0.107086,0.006870,0.024383,0.040757,0.058202,0.042037,0.024156,0.003162,0.009820,0.006916,0.027728,0.009099,0.158262,0.346562,0.009283,0.010125,0.003287,0.052760,0.021331,0.013279,0.004152,Not run,Not run,0.001687,0.002474,0.002599
ruby,56,Base_OpenMP,default,0.007322,0.058252,0.009528,0.006629,0.009504,0.022994,0.030554,0.029849,0.020414,0.015502,0.013419,1.805577,0.001318,0.002177,0.002360,0.002366,0.022637,0.012964,0.027382,0.005079,0.027507,0.172067,0.015849,0.022432,0.040011,0.008150,0.025216,0.266799,0.395825,0.006846,0.010505,0.018177,0.113824,0.308759,0.005843,0.001970,0.030719,0.046312,0.073612,0.008878,0.015327,0.023295,0.029208,0.023198,0.015664,0.002919,0.013501,0.008765,0.040919,0.010342,0.066399,0.090879,0.011917,0.013088,0.002767,0.082981,0.029055,0.019026,0.002947,Not run,Not run,0.000925,0.001335,0.001512
ruby,32,Base_OpenMP,default,0.007604,0.092964,0.013637,0.009869,0.012960,0.029007,0.024980,0.024717,0.018495,0.020975,0.013488,1.454714,0.001485,0.001253,0.001475,0.002993,0.033286,0.022772,0.030680,0.003850,0.030522,0.110218,0.030643,0.035955,0.060094,0.013162,0.044552,0.470324,0.721282,0.009210,0.021855,0.024233,0.124062,0.556702,0.008400,0.002788,0.025927,0.053525,0.091641,0.014785,0.031464,0.023640,0.028640,0.023734,0.030172,0.004113,0.021537,0.014614,0.069469,0.016296,0.042850,0.047049,0.020604,0.022805,0.004267,0.142602,0.046812,0.031173,0.003427,Not run,Not run,0.000716,0.001063,0.001667
ruby,28,Base_OpenMP,default,0.004933,0.053608,0.008495,0.008922,0.010792,0.022059,0.018675,0.018508,0.017147,0.014889,0.008796,1.431254,0.001103,0.000979,0.001309,0.002062,0.022264,0.011894,0.018915,0.003695,0.018957,0.168923,0.012526,0.020676,0.040184,0.008410,0.020653,0.112443,0.205514,0.009943,0.018074,0.012041,0.082752,0.177402,0.007063,0.009368,0.021419,0.033444,0.057467,0.004154,0.012193,0.013722,0.019579,0.014414,0.013301,0.002920,0.013416,0.009108,0.041503,0.009095,0.032235,0.043580,0.017397,0.017213,0.002841,0.074146,0.026116,0.019463,0.003364,Not run,Not run,0.000637,0.000821,0.001101
ruby,16,Base_OpenMP,default,0.005431,0.091551,0.013755,0.014715,0.017245,0.038833,0.019274,0.018054,0.022347,0.027143,0.010773,1.238355,0.001249,0.000575,0.000843,0.003043,0.065981,0.030537,0.022805,0.003959,0.024123,0.115611,0.039809,0.047609,0.085558,0.014428,0.060321,0.215684,0.337375,0.016003,0.008243,0.026402,0.115707,0.314629,0.005143,0.001817,0.029054,0.048770,0.084865,0.006155,0.039034,0.018620,0.023532,0.019993,0.039219,0.004416,0.025164,0.017263,0.096844,0.014648,0.018956,0.014799,0.029661,0.029596,0.004328,0.128585,0.060929,0.036503,0.004841,Not run,Not run,0.000659,0.000721,0.001261
ruby,8,Base_OpenMP,default,0.021152,0.181466,0.025307,0.028181,0.032767,0.061345,0.029401,0.026405,0.033905,0.043908,0.016181,1.208328,0.001992,0.000500,0.002164,0.004743,0.123882,0.044575,0.084690,0.007054,0.084677,0.094523,0.064023,0.079935,0.146501,0.028784,0.087596,0.427236,0.667441,0.024014,0.012532,0.048583,0.312683,0.625399,0.004117,0.005090,0.039771,0.137621,0.182026,0.011884,0.062799,0.075564,0.083836,0.076138,0.062939,0.007885,0.048763,0.033564,0.162916,0.026094,0.008456,0.005486,0.058049,0.057925,0.007497,0.255822,0.099930,0.072443,0.009252,Not run,Not run,0.000984,0.001121,0.004200
ruby,4,Base_OpenMP,default,0.039084,0.356632,0.048652,0.055983,0.065946,0.121250,0.104323,0.104219,0.066979,0.085167,0.041872,1.278187,0.003767,0.000849,0.003945,0.009369,0.189357,0.085277,0.156655,0.013785,0.156695,0.175681,0.121056,0.146875,0.267680,0.057340,0.168162,0.853263,1.334870,0.047773,0.023830,0.091676,0.575917,1.249894,0.006383,0.009403,0.079627,0.255622,0.339929,0.023171,0.120893,0.140441,0.155815,0.141042,0.121092,0.017189,0.096349,0.065599,0.301305,0.051907,0.009102,0.007681,0.115822,0.115662,0.014987,0.511528,0.187195,0.144354,0.018607,Not run,Not run,0.001990,0.004115,0.007785
AVERAGE
boraxo,72,,,0.008288,0.074725,0.010239,0.007474,0.006746,0.018725,0.040448,0.037267,0.016129,0.013001,0.015587,5.398981,0.001904,0.003137,0.003248,0.002716,0.053477,0.012827,0.031878,0.007110,0.031894,0.180829,0.018304,0.025140,0.059255,0.002612,0.021880,0.332951,0.508838,0.007836,0.015295,0.021900,0.138424,0.409250,0.006655,0.003260,0.026799,0.054983,0.084243,0.009599,0.017187,0.028724,0.038934,0.027297,0.017111,0.003378,0.016107,0.009975,0.055430,0.010742,0.085950,0.216027,0.014897,0.016426,0.003227,0.104212,0.024676,0.023574,0.003243,,,0.001201,0.001638,0.001901
boraxo,36,,,0.009528,0.137441,0.017122,0.012409,0.007965,0.031010,0.040213,0.032281,0.025557,0.021523,0.014220,4.801026,0.002146,0.001488,0.001816,0.003982,0.075892,0.023741,0.036780,0.005037,0.036966,0.172834,0.030723,0.046483,0.080808,0.003934,0.046474,0.639575,0.988380,0.012383,0.022423,0.027212,0.156706,0.787985,0.007312,0.005341,0.036366,0.065402,0.114311,0.016882,0.030305,0.031389,0.036488,0.029521,0.030162,0.005147,0.030570,0.018421,0.073996,0.018781,0.058380,0.079352,0.028933,0.031946,0.004844,0.202931,0.045493,0.045459,0.004338,,,0.000948,0.001450,0.002039
boraxo,32,,,0.010362,0.153360,0.019424,0.013806,0.008401,0.034573,0.039656,0.030740,0.024921,0.024182,0.014594,4.348424,0.002087,0.001216,0.001545,0.004318,0.075351,0.025885,0.041243,0.004806,0.041230,0.116914,0.034856,0.052861,0.093067,0.004737,0.051555,0.719335,1.137024,0.013935,0.025614,0.029421,0.166033,0.902978,0.007588,0.006118,0.039296,0.071044,0.124104,0.018673,0.034668,0.035153,0.039510,0.033699,0.035359,0.005494,0.034888,0.020800,0.085661,0.020728,0.045983,0.067418,0.033005,0.036381,0.005164,0.227795,0.052221,0.050531,0.004507,,,0.000887,0.001372,0.002243
boraxo,18,,,0.008061,0.131081,0.016605,0.018249,0.007823,0.032866,0.032100,0.027201,0.027398,0.023265,0.011593,2.369493,0.001894,0.001012,0.001392,0.003762,0.081629,0.022813,0.031946,0.006110,0.031401,0.172351,0.027771,0.046257,0.081996,0.004511,0.044394,0.323356,0.498364,0.019377,0.013833,0.022262,0.142914,0.428402,0.006606,0.006260,0.032644,0.060057,0.100951,0.009607,0.027203,0.026714,0.034789,0.026009,0.027312,0.005411,0.032796,0.019372,0.074376,0.018292,0.029622,0.034746,0.042637,0.042920,0.004839,0.178710,0.043830,0.047490,0.006366,,,0.000975,0.001238,0.001760
boraxo,16,,,0.008075,0.147337,0.018557,0.020255,0.008483,0.033574,0.034251,0.025865,0.027210,0.023597,0.012563,2.247800,0.002147,0.000965,0.001389,0.004399,0.077890,0.025322,0.032917,0.006459,0.034568,0.159518,0.033854,0.052252,0.094648,0.004846,0.050112,0.384163,0.536246,0.021934,0.016080,0.026005,0.160113,0.457519,0.007012,0.006541,0.035298,0.067805,0.113619,0.010846,0.033684,0.028110,0.036369,0.027758,0.033469,0.006004,0.037575,0.022103,0.086765,0.020407,0.027390,0.023656,0.047416,0.047743,0.005398,0.200907,0.050643,0.055280,0.006840,,,0.000992,0.001076,0.001821
boraxo,8,,,0.023319,0.288724,0.037971,0.041460,0.016627,0.094628,0.057953,0.049183,0.047644,0.066533,0.021802,1.857411,0.002935,0.000779,0.002420,0.007027,0.155078,0.059179,0.097539,0.011336,0.098059,0.132804,0.078176,0.108706,0.184654,0.010204,0.111809,0.751096,1.135074,0.038991,0.020266,0.061125,0.353975,1.048980,0.005554,0.005774,0.059444,0.158748,0.238609,0.019925,0.076985,0.084762,0.093499,0.084822,0.076738,0.013066,0.075791,0.048045,0.191335,0.040146,0.016197,0.006758,0.092887,0.093021,0.010288,0.400702,0.128609,0.114198,0.013507,,,0.001494,0.002036,0.004839
boraxo,4,,,0.046369,0.568587,0.072278,0.082639,0.033873,0.175634,0.121213,0.121034,0.094367,0.119943,0.049004,1.973229,0.005665,0.001281,0.004696,0.013831,0.223767,0.113225,0.188275,0.022266,0.188901,0.247248,0.150307,0.203623,0.308904,0.019495,0.212855,1.531749,2.143472,0.077865,0.040221,0.118488,0.689273,1.821118,0.009688,0.011337,0.113429,0.312614,0.465065,0.039784,0.148398,0.168055,0.185334,0.167779,0.147740,0.025546,0.147403,0.093403,0.338838,0.079521,0.018554,0.009512,0.185236,0.185438,0.020127,0.800398,0.242227,0.219657,0.027050,,,0.002882,0.004831,0.009497
catalyst,48,,,0.013041,0.092760,0.028919,0.009176,0.013648,0.033548,0.060276,0.060065,0.040973,0.023817,0.030673,2.882797,0.005969,0.001636,0.002352,0.011229,0.231328,0.024218,0.050304,0.005267,0.050525,0.237587,0.031297,0.074338,0.194702,0.019406,0.037493,0.847386,1.290387,0.013576,0.025998,0.032970,0.207638,0.960420,0.009407,0.004770,0.052138,0.082440,0.138582,0.021444,0.030633,0.044350,0.045773,0.044895,0.030643,0.006580,0.031416,0.019319,0.139774,0.021394,0.062506,0.070811,0.023639,0.023709,0.006271,0.139837,0.041091,0.042362,0.004091,,,0.001050,0.001786,0.002743
catalyst,24,,,0.019246,0.179023,0.053297,0.016306,0.022995,0.058413,0.089505,0.089618,0.060979,0.042763,0.042912,2.262231,0.011056,0.001133,0.002211,0.021600,0.234754,0.041670,0.074579,0.006028,0.074554,0.217917,0.048543,0.095748,0.199297,0.037445,0.059521,1.686021,2.572986,0.024605,0.044842,0.048222,0.310647,1.899255,0.012155,0.006037,0.063317,0.122411,0.216087,0.041997,0.047884,0.065181,0.061835,0.065689,0.047664,0.011166,0.059395,0.036162,0.166195,0.039148,0.037431,0.032738,0.044753,0.044802,0.010952,0.277393,0.070470,0.081370,0.006344,,,0.001151,0.002531,0.003893
catalyst,16,,,0.025923,0.265506,0.077978,0.023610,0.032632,0.074466,0.123359,0.123488,0.076474,0.052507,0.058577,2.077595,0.016296,0.000972,0.004343,0.032008,0.197487,0.057534,0.102571,0.007451,0.104608,0.113204,0.067807,0.136483,0.274536,0.055922,0.085798,2.491041,3.805483,0.035446,0.063128,0.064965,0.428097,2.811872,0.015875,0.007081,0.081557,0.168501,0.301512,0.060988,0.066055,0.088667,0.080224,0.089036,0.066194,0.016065,0.089753,0.054504,0.252831,0.057918,0.030915,0.020474,0.065959,0.066008,0.016000,0.418309,0.101186,0.121023,0.008681,,,0.001380,0.003209,0.005100
catalyst,12,,,0.019026,0.167180,0.055599,0.024745,0.031787,0.070738,0.083758,0.083711,0.063297,0.051849,0.039319,1.658716,0.010785,0.000928,0.002090,0.021266,0.237611,0.043623,0.073035,0.006500,0.073088,0.221213,0.049398,0.097197,0.203147,0.051378,0.059394,1.693097,2.566376,0.033318,0.045952,0.045388,0.295234,1.918593,0.012592,0.006576,0.061819,0.130411,0.201093,0.042575,0.046491,0.061649,0.061047,0.061875,0.046459,0.011423,0.067635,0.039365,0.166114,0.042051,0.023830,0.012740,0.058864,0.058655,0.011289,0.253787,0.083656,0.083650,0.007432,,,0.001159,0.002400,0.003702
catalyst,8,,,0.026577,0.249657,0.081847,0.036540,0.046695,0.104130,0.119562,0.119843,0.083316,0.072824,0.054677,1.587798,0.016489,0.001125,0.002599,0.032339,0.210860,0.063832,0.105041,0.008896,0.105347,0.187611,0.073127,0.160179,0.272452,0.077475,0.097469,2.539193,3.849145,0.049018,0.065732,0.065020,0.428874,2.875839,0.016692,0.007469,0.089651,0.188670,0.290998,0.063157,0.067815,0.088806,0.086165,0.088732,0.068026,0.017279,0.101438,0.063955,0.296915,0.062690,0.018029,0.010099,0.087591,0.087485,0.017046,0.380326,0.125375,0.126073,0.011047,,,0.001507,0.003541,0.005513
catalyst,4,,,0.051201,0.489421,0.160588,0.070264,0.089807,0.294826,0.226366,0.228496,0.155992,0.207373,0.099872,1.578035,0.031213,0.001597,0.004539,0.062374,0.415743,0.141339,0.209545,0.017056,0.210896,0.299853,0.153039,0.300298,0.496568,0.154148,0.251779,5.027984,7.635624,0.085721,0.124020,0.128406,0.812604,5.670153,0.028115,0.012076,0.173270,0.360526,0.577982,0.123323,0.147698,0.170571,0.166033,0.171484,0.146515,0.035368,0.199323,0.127308,0.519779,0.122088,0.013994,0.007673,0.171088,0.171195,0.032053,0.749415,0.322477,0.249664,0.020671,,,0.002324,0.005797,0.009475
ec2-c5n,72,,,0.007729,0.049400,0.009098,0.006774,0.009169,0.016491,0.056529,0.044013,0.026159,0.012194,0.020879,1.999266,0.001890,0.002760,0.002942,0.003212,0.054806,0.014813,0.030058,0.006024,0.029627,0.124997,0.019582,0.019282,0.055816,0.003092,0.017488,0.225981,0.347971,0.006134,0.016954,0.020356,0.119867,0.274055,0.005787,0.004222,0.022536,0.049820,0.078160,0.007014,0.014967,0.026312,0.033882,0.025344,0.015203,0.004221,0.012327,0.010303,0.022392,0.012397,0.073800,0.161419,0.010557,0.010424,0.003734,0.068215,0.020653,0.019784,0.002551,,,0.000974,0.001448,0.001598
ec2-c5n,36,,,0.007959,0.091965,0.015241,0.011228,0.013720,0.027329,0.077027,0.052193,0.047100,0.019221,0.022828,1.874180,0.002478,0.001904,0.001833,0.005091,0.078480,0.022486,0.030885,0.003952,0.032005,0.119421,0.028772,0.030855,0.075517,0.005222,0.043299,0.428981,0.658433,0.009658,0.013636,0.025512,0.129463,0.523923,0.005754,0.002466,0.032036,0.056395,0.103793,0.011851,0.026478,0.026572,0.032583,0.026461,0.026801,0.007463,0.022716,0.020117,0.032599,0.022444,0.046394,0.059473,0.020113,0.020117,0.006629,0.134918,0.040538,0.038023,0.003344,,,0.000909,0.001299,0.001571
ec2-c5n,32,,,0.008069,0.102598,0.016587,0.012689,0.014876,0.030079,0.083193,0.055434,0.046141,0.021097,0.025519,1.744466,0.002854,0.001701,0.001651,0.005515,0.077950,0.024373,0.032404,0.003874,0.033946,0.094801,0.033533,0.036691,0.085319,0.005781,0.047448,0.505221,0.766377,0.010942,0.017898,0.028544,0.137832,0.598892,0.006540,0.005564,0.034540,0.062050,0.111640,0.013359,0.033189,0.027343,0.033439,0.027341,0.032469,0.008262,0.026042,0.022777,0.038673,0.025044,0.045043,0.051188,0.022858,0.022868,0.007408,0.151443,0.046224,0.042416,0.003426,,,0.000920,0.001262,0.001581
ec2-c5n,18,,,0.007408,0.086637,0.015834,0.015841,0.016657,0.027487,0.069708,0.050174,0.047508,0.018597,0.023554,1.461385,0.002706,0.001447,0.001492,0.004802,0.082662,0.022049,0.026406,0.004502,0.026992,0.118549,0.026373,0.031854,0.076724,0.005835,0.040430,0.223651,0.343076,0.015213,0.011341,0.021710,0.119738,0.296917,0.005822,0.007159,0.029828,0.052703,0.087309,0.006745,0.024783,0.023959,0.042263,0.021802,0.024353,0.007529,0.024897,0.020445,0.035769,0.020197,0.027826,0.025245,0.030141,0.030136,0.006191,0.121310,0.040582,0.037564,0.004612,,,0.001132,0.001120,0.001493
ec2-c5n,16,,,0.007329,0.097081,0.016950,0.017664,0.018628,0.028749,0.076581,0.054517,0.047486,0.020454,0.026197,1.363130,0.002815,0.001450,0.001496,0.005334,0.078312,0.024419,0.028746,0.004670,0.030032,0.112238,0.032146,0.037790,0.087604,0.006410,0.044801,0.238770,0.370850,0.017424,0.012874,0.024979,0.136041,0.327429,0.006142,0.006196,0.032808,0.058703,0.098420,0.009035,0.031085,0.024972,0.045421,0.024390,0.031140,0.008382,0.027936,0.023612,0.042215,0.022627,0.025384,0.017754,0.033321,0.033321,0.006912,0.136348,0.045664,0.042253,0.004914,,,0.001222,0.001067,0.001540
ec2-c5n,8,,,0.021213,0.192901,0.035481,0.034683,0.035516,0.088327,0.141259,0.096633,0.082593,0.061996,0.045527,1.159665,0.004469,0.001327,0.002197,0.009426,0.152980,0.056548,0.084733,0.007607,0.084775,0.108195,0.068378,0.088306,0.182961,0.013218,0.104477,0.489728,0.752273,0.027903,0.014990,0.052752,0.320483,0.662622,0.004243,0.005361,0.053923,0.137069,0.198611,0.014769,0.068010,0.075962,0.084512,0.076002,0.067985,0.018500,0.055740,0.050396,0.110428,0.044401,0.010148,0.005210,0.065451,0.064983,0.013547,0.271410,0.120940,0.084938,0.009401,,,0.001908,0.001486,0.004223
ec2-c5n,4,,,0.040542,0.384125,0.068903,0.068875,0.070754,0.153125,0.278673,0.190141,0.164847,0.107205,0.086230,1.197446,0.008758,0.002422,0.004347,0.018615,0.212637,0.112347,0.164476,0.014876,0.164607,0.214922,0.140660,0.143496,0.304361,0.026091,0.202611,0.963802,1.489526,0.055683,0.030766,0.110591,0.587876,1.315034,0.007821,0.010355,0.104628,0.268609,0.398231,0.030549,0.139001,0.146933,0.163715,0.147271,0.139599,0.038508,0.110232,0.098786,0.206032,0.088644,0.010574,0.007812,0.128938,0.128929,0.027150,0.542283,0.235806,0.168577,0.018960,,,0.003743,0.004067,0.008307
ec2-c6a,192,,,0.009913,0.012735,0.006493,0.003826,0.007474,0.012894,0.050278,0.047481,0.014690,0.009399,0.020586,7.752036,0.002344,0.007821,0.007802,0.003521,0.016363,0.012504,0.038323,0.015608,0.038273,0.114678,0.021954,0.013310,0.029914,0.002388,0.022077,0.036140,0.051693,0.006427,0.005700,0.027597,0.187882,0.044996,0.008957,0.003125,0.027085,0.069386,0.101993,0.003225,0.019436,0.034237,0.058524,0.033566,0.020289,0.003060,0.006314,0.004704,0.012391,0.006278,0.132979,0.473187,0.005331,0.005456,0.002250,0.021191,0.018597,0.008285,0.002992,,,0.001866,0.002139,0.002488
ec2-c6a,96,,,0.007041,0.013838,0.007791,0.004815,0.007035,0.018098,0.039259,0.033884,0.014056,0.013111,0.015103,4.999182,0.002021,0.003144,0.003237,0.003734,0.019065,0.014028,0.026957,0.006259,0.030693,0.106671,0.019616,0.013306,0.026150,0.002650,0.025473,0.045963,0.072375,0.009929,0.004215,0.020004,0.132876,0.072842,0.008438,0.002298,0.057634,0.046858,0.077042,0.002708,0.017239,0.023846,0.032506,0.023661,0.017920,0.003464,0.008787,0.006166,0.017950,0.006926,0.072873,0.093247,0.006378,0.006434,0.002618,0.048116,0.026647,0.012473,0.002499,,,0.001113,0.001429,0.001854
ec2-c6a,48,,,0.004764,0.016001,0.007012,0.005139,0.006222,0.015814,0.026284,0.023014,0.014819,0.011402,0.010838,1.569550,0.001952,0.001604,0.001752,0.003287,0.015676,0.011809,0.017913,0.003043,0.018341,0.108702,0.015181,0.012511,0.023763,0.002687,0.020332,0.032428,0.047330,0.009148,0.002850,0.012665,0.092620,0.036841,0.007919,0.001780,0.039434,0.028924,0.050258,0.002042,0.012520,0.015240,0.022615,0.015723,0.012745,0.003220,0.008950,0.006247,0.017000,0.006481,0.037954,0.026451,0.007886,0.007892,0.002422,0.021224,0.023415,0.012449,0.002378,,,0.000870,0.001014,0.001384
ec2-c6a,32,,,0.005013,0.021809,0.009359,0.007323,0.008728,0.018681,0.029828,0.024924,0.014738,0.014608,0.012345,1.421137,0.001987,0.001276,0.001651,0.004062,0.020038,0.020112,0.022523,0.002481,0.019847,0.118994,0.022498,0.017189,0.029067,0.003258,0.031778,0.046312,0.068898,0.010992,0.002989,0.018360,0.088889,0.053849,0.006170,0.001812,0.025832,0.032907,0.051315,0.002494,0.021590,0.015880,0.022362,0.016090,0.022108,0.003895,0.012057,0.008406,0.023001,0.008792,0.025328,0.019092,0.010996,0.011006,0.003073,0.030640,0.030122,0.017315,0.002708,,,0.000864,0.000925,0.001463
ec2-c6a,16,,,0.012750,0.039840,0.016838,0.014942,0.017062,0.022071,0.048220,0.037976,0.028664,0.019076,0.018545,1.350980,0.002507,0.001014,0.002805,0.006783,0.035096,0.025163,0.035360,0.002589,0.034752,0.111102,0.029233,0.027810,0.034297,0.005270,0.031586,0.089958,0.133735,0.014587,0.004561,0.025705,0.115664,0.104520,0.004496,0.004411,0.029149,0.053385,0.082533,0.003724,0.025336,0.031330,0.035206,0.032026,0.022729,0.006286,0.022338,0.014941,0.030924,0.016251,0.012777,0.008727,0.021069,0.021097,0.005239,0.059193,0.034309,0.032702,0.005216,,,0.001005,0.000998,0.003619
ec2-c6a,8,,,0.012662,0.074486,0.031271,0.029415,0.033910,0.026268,0.087892,0.068469,0.055171,0.018222,0.031491,1.330960,0.004280,0.001503,0.003100,0.012120,0.089591,0.039969,0.041861,0.003757,0.036742,0.180791,0.029528,0.052254,0.101532,0.009305,0.032088,0.173106,0.256548,0.026299,0.007274,0.026365,0.168288,0.201633,0.004221,0.005378,0.046716,0.071777,0.134929,0.006583,0.028361,0.036507,0.055040,0.030909,0.027300,0.010797,0.042268,0.030648,0.047076,0.030598,0.009113,0.006890,0.040125,0.040096,0.009423,0.113966,0.038658,0.062362,0.007870,,,0.001741,0.002970,0.004450
ec2-c6a,4,,,0.015810,0.146997,0.061735,0.056049,0.060585,0.082716,0.169798,0.131445,0.110350,0.061092,0.059858,1.040607,0.007817,0.001836,0.004890,0.023094,0.238316,0.066157,0.071937,0.006958,0.059712,0.084333,0.044079,0.134235,0.316852,0.018009,0.068379,0.344831,0.513837,0.050019,0.014045,0.048281,0.297859,0.400797,0.003935,0.007541,0.080014,0.133473,0.246980,0.012436,0.039703,0.063360,0.103197,0.045573,0.040118,0.023676,0.084232,0.079031,0.166877,0.060750,0.005238,0.003974,0.079802,0.079928,0.018758,0.225857,0.118156,0.124373,0.012940,,,0.002844,0.003504,0.004662
ec2-c6i,128,,,0.006992,0.030984,0.005529,0.004237,0.006983,0.009494,0.039625,0.039157,0.017124,0.006802,0.017061,1.573746,0.001934,0.003493,0.003041,0.002384,0.009529,0.010695,0.027049,0.006159,0.027082,0.106326,0.014890,0.007687,0.016509,0.001973,0.014745,0.078732,0.118990,0.004279,0.004847,0.018756,0.109148,0.106583,0.003190,0.001911,0.021420,0.046396,0.064886,0.003209,0.014059,0.024300,0.032744,0.024228,0.014088,0.002468,0.007512,0.005554,0.006941,0.006895,0.099397,0.136703,0.006570,0.006572,0.002202,0.039892,0.013465,0.010590,0.002215,,,0.000909,0.001341,0.001405
ec2-c6i,64,,,0.005521,0.052805,0.007707,0.006259,0.008410,0.013227,0.038170,0.037624,0.017519,0.009510,0.016871,1.408482,0.002182,0.001841,0.001671,0.003438,0.023551,0.012737,0.021513,0.003475,0.021270,0.099094,0.013065,0.015967,0.040524,0.002812,0.012890,0.162173,0.239102,0.005765,0.006032,0.016241,0.088353,0.219207,0.002873,0.001702,0.028382,0.041233,0.073376,0.004983,0.011557,0.019273,0.023961,0.019044,0.011495,0.003838,0.012367,0.009816,0.022745,0.011009,0.053397,0.055677,0.012261,0.012262,0.003427,0.078021,0.015521,0.019223,0.002311,,,0.000672,0.000949,0.001061
ec2-c6i,32,,,0.004153,0.046513,0.007246,0.008607,0.009828,0.015935,0.031577,0.031087,0.018534,0.007762,0.013739,1.164780,0.001688,0.001320,0.001160,0.003031,0.022530,0.011390,0.016430,0.003003,0.016497,0.096782,0.010596,0.016004,0.039490,0.002779,0.010962,0.048335,0.075793,0.008217,0.002982,0.012652,0.075090,0.123845,0.002897,0.003179,0.017782,0.031310,0.057385,0.002196,0.008716,0.014863,0.026017,0.013495,0.008716,0.003549,0.014018,0.012871,0.021279,0.008227,0.034958,0.029648,0.014277,0.014287,0.002900,0.069936,0.012531,0.018990,0.002709,,,0.000749,0.000706,0.000797
ec2-c6i,16,,,0.005253,0.090064,0.015134,0.015592,0.016585,0.045615,0.047911,0.047290,0.033444,0.031929,0.020151,1.100992,0.002078,0.000784,0.001074,0.004697,0.053365,0.034738,0.020685,0.003943,0.020972,0.073220,0.028635,0.033889,0.071216,0.004733,0.062996,0.096965,0.151856,0.012711,0.004022,0.017060,0.103324,0.130506,0.001752,0.002254,0.022342,0.042938,0.085116,0.003617,0.027165,0.018707,0.038552,0.016300,0.024700,0.006764,0.023354,0.017581,0.052878,0.015413,0.012342,0.008067,0.027423,0.027424,0.005422,0.139316,0.062162,0.037199,0.004477,,,0.000973,0.000640,0.000778
ec2-c6i,8,,,0.029932,0.180466,0.024943,0.032268,0.033609,0.081553,0.091369,0.091130,0.065743,0.056914,0.036214,1.103619,0.003900,0.001180,0.002688,0.009127,0.075614,0.064514,0.122485,0.007323,0.122508,0.114452,0.093214,0.061776,0.131913,0.009408,0.126595,0.196226,0.301436,0.025046,0.008128,0.067976,0.380507,0.245967,0.002882,0.006836,0.045505,0.191869,0.227284,0.007459,0.094897,0.109854,0.120707,0.109549,0.094750,0.013350,0.046572,0.035878,0.084985,0.033085,0.008120,0.004722,0.053907,0.053906,0.010747,0.278574,0.130938,0.074258,0.009169,,,0.001840,0.001093,0.006088
ec2-c6i,4,,,0.033621,0.360570,0.049963,0.062050,0.065999,0.092883,0.180248,0.179161,0.131007,0.064691,0.068918,1.141506,0.007608,0.002126,0.003731,0.018063,0.123672,0.076114,0.133892,0.014403,0.134139,0.146293,0.100382,0.117677,0.222973,0.018855,0.136353,0.411667,0.631114,0.050044,0.017184,0.076751,0.536284,0.729504,0.004642,0.008771,0.083737,0.224049,0.312362,0.016043,0.099735,0.121017,0.144331,0.120396,0.099639,0.026699,0.093019,0.071489,0.144538,0.060956,0.006756,0.005880,0.107689,0.107656,0.021496,0.556951,0.147794,0.148384,0.017652,,,0.003616,0.003511,0.006727
mammoth,256,,,0.029465,0.033415,0.012198,0.008272,0.020317,0.030976,0.128778,0.128723,0.020058,0.021466,0.049328,1.590795,0.003199,0.006180,0.007724,0.004047,0.015527,0.031294,0.113734,0.013280,0.110663,0.152902,0.058453,0.013618,0.028039,0.004602,0.059746,0.029941,0.046658,0.009039,0.013895,0.073854,0.490284,0.042341,0.010921,0.008181,0.084610,0.171486,0.251321,0.007085,0.056055,0.098695,0.123885,0.100313,0.058159,0.010841,0.010593,0.011175,0.015886,0.013204,0.315301,0.173960,0.008777,0.008703,0.008170,0.015655,0.043568,0.017273,0.008096,,,0.003653,0.006843,0.006796
mammoth,128,,,0.017380,0.026548,0.008947,0.006720,0.013955,0.020169,0.080338,0.076057,0.014507,0.013873,0.030515,1.484593,0.002402,0.003399,0.004154,0.003498,0.014217,0.020961,0.065387,0.007369,0.064594,0.154237,0.034987,0.013542,0.020435,0.003931,0.036568,0.040033,0.064865,0.006949,0.008942,0.046556,0.283982,0.057535,0.008792,0.005222,0.064994,0.102155,0.164479,0.004987,0.034260,0.054351,0.067082,0.055792,0.033288,0.006208,0.010457,0.009503,0.015932,0.010844,0.176557,0.093530,0.008410,0.008806,0.005176,0.022041,0.030134,0.016748,0.005555,,,0.002201,0.003460,0.004417
mammoth,64,,,0.008234,0.027749,0.005709,0.006128,0.008972,0.010961,0.039586,0.034052,0.011769,0.007929,0.013783,1.127132,0.001396,0.001647,0.002480,0.002640,0.010025,0.010834,0.028108,0.003990,0.028187,0.165226,0.015718,0.010197,0.012901,0.002894,0.018343,0.031415,0.047693,0.006801,0.004496,0.020070,0.126573,0.035325,0.006627,0.002779,0.036285,0.042616,0.073047,0.002784,0.015480,0.025769,0.032319,0.025732,0.015726,0.004252,0.007368,0.006614,0.012607,0.006579,0.085364,0.046649,0.008481,0.008369,0.003447,0.035757,0.020783,0.012477,0.003724,,,0.001303,0.001814,0.002445
mammoth,32,,,0.006096,0.045422,0.006819,0.008990,0.011382,0.010644,0.035794,0.024053,0.012656,0.008779,0.012405,1.094953,0.001630,0.001011,0.002002,0.003654,0.014717,0.012026,0.019642,0.003010,0.020680,0.120332,0.015111,0.016640,0.015479,0.003003,0.018037,0.053587,0.083503,0.009256,0.003718,0.015648,0.079396,0.061342,0.004406,0.002459,0.046448,0.033456,0.058263,0.003022,0.013744,0.016849,0.021976,0.026335,0.016594,0.004219,0.011948,0.009447,0.020082,0.007625,0.035709,0.019048,0.015206,0.015150,0.003759,0.068099,0.018731,0.019099,0.003433,,,0.000854,0.001146,0.001575
mammoth,16,,,0.007338,0.086225,0.010962,0.016503,0.019996,0.014299,0.055710,0.032290,0.017687,0.011191,0.018298,1.017239,0.002747,0.000860,0.003360,0.006979,0.026151,0.013909,0.025131,0.003366,0.035046,0.107918,0.016547,0.027975,0.020557,0.004391,0.019088,0.098025,0.150003,0.015368,0.004793,0.016306,0.096934,0.110062,0.004973,0.003191,0.035893,0.038002,0.070623,0.004619,0.015531,0.026693,0.031687,0.026876,0.016771,0.005408,0.022231,0.016046,0.034433,0.011122,0.021856,0.007773,0.029017,0.028995,0.005309,0.135194,0.025672,0.033583,0.004838,,,0.000881,0.001080,0.002579
mammoth,8,,,0.009694,0.168760,0.020541,0.031837,0.038407,0.020861,0.101623,0.055199,0.029464,0.015039,0.030589,1.042106,0.005111,0.001265,0.006313,0.013891,0.130788,0.020840,0.034112,0.005092,0.033726,0.185221,0.024165,0.062980,0.180049,0.007468,0.030541,0.191582,0.293172,0.028923,0.007464,0.022094,0.150800,0.220152,0.006871,0.004369,0.037565,0.060074,0.115156,0.008360,0.022522,0.030095,0.035816,0.031074,0.022437,0.008656,0.043057,0.033634,0.171390,0.019895,0.013993,0.009619,0.056775,0.056500,0.008871,0.268952,0.034896,0.065587,0.008212,,,0.001288,0.002173,0.003413
mammoth,4,,,0.015935,0.339269,0.061722,0.063121,0.076176,0.188326,0.198423,0.105582,0.054786,0.126163,0.057302,0.985175,0.010121,0.001133,0.003309,0.026814,0.346715,0.058299,0.063258,0.009195,0.060167,0.590552,0.053107,0.196720,0.465006,0.017700,0.103143,0.385292,0.586633,0.056979,0.013538,0.042548,0.276572,0.436302,0.008535,0.006824,0.067043,0.115638,0.217277,0.015766,0.052482,0.055142,0.064385,0.055085,0.053087,0.020581,0.088347,0.091021,0.498563,0.038359,0.012206,0.009896,0.115101,0.113998,0.016586,0.543131,0.200372,0.133787,0.015058,,,0.001943,0.002784,0.004382
poodle,224,,,0.010800,0.026489,0.007362,0.003909,0.008797,0.011548,0.054772,0.054614,0.005219,0.008249,0.020637,17.878756,0.003347,0.013663,0.015005,0.003284,0.008795,0.011400,0.042030,0.030297,0.041972,0.083482,0.021368,0.005331,0.010493,0.001597,0.021280,0.051754,0.075320,0.004780,0.006430,0.032585,0.176331,0.072095,0.006622,0.002704,0.037986,0.081182,0.106515,0.003548,0.021152,0.038261,0.092223,0.038309,0.021221,0.003000,0.005314,0.004321,0.006518,0.007384,0.157252,1.206241,0.005158,0.005121,0.002569,0.028937,0.016698,0.006567,0.003363,,,0.002913,0.002526,0.002327
poodle,112,,,0.005506,0.037462,0.005804,0.003790,0.004706,0.007836,0.027318,0.027102,0.005655,0.005686,0.010236,5.805838,0.001160,0.003769,0.003895,0.001617,0.010896,0.006896,0.021017,0.008699,0.020958,0.073857,0.011315,0.007694,0.009057,0.001358,0.011249,0.101110,0.145939,0.003753,0.005305,0.017616,0.090992,0.140488,0.006059,0.001478,0.030408,0.041396,0.069962,0.003973,0.010753,0.019064,0.027566,0.019299,0.010887,0.002541,0.006438,0.004802,0.010012,0.005178,0.068710,0.343562,0.007267,0.007295,0.001992,0.054213,0.010736,0.009152,0.002154,,,0.000893,0.001191,0.001262
poodle,56,,,0.003878,0.031506,0.005265,0.004841,0.003197,0.008729,0.018374,0.017939,0.006073,0.006492,0.007110,1.984141,0.000698,0.001640,0.001713,0.001176,0.010125,0.005543,0.014993,0.004433,0.015140,0.062329,0.008395,0.007756,0.006911,0.001081,0.008536,0.031292,0.049480,0.005137,0.002876,0.010638,0.060608,0.038873,0.005549,0.001134,0.025486,0.024990,0.042141,0.001611,0.007708,0.013573,0.015660,0.013517,0.007864,0.002381,0.005878,0.005012,0.009427,0.004254,0.045011,0.116871,0.007631,0.007640,0.001823,0.046691,0.011035,0.008740,0.001718,,,0.000540,0.000839,0.000931
poodle,32,,,0.003263,0.051912,0.007318,0.007798,0.002910,0.013417,0.015335,0.014333,0.006440,0.009817,0.005938,1.684048,0.000733,0.000746,0.000849,0.001516,0.016747,0.006531,0.012800,0.003482,0.013071,0.058146,0.008286,0.013211,0.028402,0.001358,0.008460,0.054316,0.085912,0.008620,0.002559,0.010244,0.055091,0.067785,0.003731,0.000883,0.017958,0.022100,0.045929,0.001754,0.006865,0.011293,0.012916,0.011341,0.007079,0.003089,0.009126,0.007933,0.021781,0.006337,0.024316,0.051732,0.013210,0.013208,0.002247,0.080840,0.015358,0.014039,0.001841,,,0.000368,0.000647,0.000714
poodle,16,,,0.004338,0.101585,0.013600,0.015613,0.004818,0.028776,0.020811,0.019166,0.010458,0.022715,0.007808,1.372032,0.001147,0.000394,0.000795,0.002727,0.066367,0.012469,0.017590,0.004653,0.017453,0.061968,0.014369,0.029451,0.082475,0.003398,0.020797,0.110885,0.174175,0.013530,0.003091,0.011794,0.074034,0.138694,0.002022,0.001163,0.020426,0.031689,0.062059,0.002710,0.011928,0.015071,0.016587,0.015514,0.012131,0.005531,0.017887,0.015455,0.061284,0.011915,0.011488,0.009151,0.025397,0.025395,0.003839,0.160874,0.046259,0.027516,0.003154,,,0.000374,0.000778,0.000923
poodle,8,,,0.011296,0.202951,0.027372,0.030708,0.009596,0.063893,0.028875,0.028835,0.018526,0.044491,0.013335,1.255062,0.002167,0.000444,0.001183,0.005309,0.195451,0.037190,0.041669,0.008602,0.044368,0.093388,0.049806,0.110774,0.210848,0.006169,0.074364,0.201416,0.329684,0.026515,0.005778,0.034382,0.179192,0.255303,0.002821,0.002494,0.038611,0.072066,0.122653,0.005270,0.048105,0.036985,0.032050,0.036807,0.048093,0.010843,0.035675,0.035814,0.202513,0.022193,0.007963,0.004675,0.049867,0.050030,0.007470,0.321760,0.096673,0.054562,0.006048,,,0.000562,0.001251,0.002168
poodle,4,,,0.038289,0.407451,0.053797,0.064343,0.021702,0.168148,0.064959,0.064928,0.036040,0.117650,0.029292,1.247632,0.004249,0.000562,0.003255,0.010512,0.297666,0.077356,0.134620,0.016926,0.142217,0.180100,0.104021,0.168199,0.294081,0.013682,0.151370,0.402108,0.611772,0.052868,0.012462,0.079159,0.518337,0.486134,0.004895,0.007765,0.078192,0.226591,0.303900,0.011336,0.102501,0.121791,0.125340,0.121221,0.102662,0.022353,0.070907,0.074743,0.291279,0.042347,0.007832,0.006577,0.099630,0.099653,0.014929,0.643291,0.190754,0.109406,0.012952,,,0.001042,0.002643,0.006757
quartz,72,,,0.019393,0.066299,0.018611,0.009180,0.014132,0.030723,0.055337,0.054382,0.016786,0.022073,0.025657,2.533600,0.002299,0.003040,0.003217,0.004353,0.066621,0.021396,0.071990,0.006915,0.072298,0.204533,0.034451,0.023442,0.047925,0.004580,0.039527,0.106114,0.180357,0.008508,0.007492,0.037260,0.222831,0.154789,0.006728,0.004425,0.034825,0.094723,0.117162,0.005290,0.034249,0.064488,0.056635,0.054380,0.034078,0.004086,0.017770,0.011771,0.060180,0.010043,0.095423,0.103494,0.017603,0.017532,0.004023,0.094889,0.040918,0.024339,0.005018,,,0.001289,0.002178,0.004759
quartz,36,,,0.022308,0.122408,0.032651,0.012980,0.018742,0.040119,0.067417,0.067292,0.029354,0.028748,0.029707,2.206645,0.003120,0.001606,0.002638,0.007313,0.073564,0.025439,0.070220,0.005105,0.070267,0.198810,0.039196,0.039734,0.059641,0.006507,0.046985,0.205024,0.345521,0.013129,0.011717,0.036504,0.250334,0.285079,0.006226,0.005132,0.059531,0.099357,0.146073,0.008199,0.039232,0.068196,0.061537,0.064066,0.039136,0.006181,0.032395,0.020501,0.075992,0.016491,0.057606,0.048079,0.033940,0.033918,0.005866,0.185191,0.050887,0.045740,0.007869,,,0.001353,0.003334,0.004572
quartz,32,,,0.022703,0.136387,0.036128,0.014712,0.021762,0.042970,0.069229,0.068188,0.029953,0.031052,0.032185,2.531318,0.003310,0.001177,0.002584,0.007979,0.087753,0.026560,0.077965,0.004390,0.078050,0.127830,0.041240,0.045210,0.078004,0.006954,0.049431,0.232941,0.373672,0.014298,0.011796,0.038427,0.264459,0.310775,0.006094,0.005726,0.065906,0.107533,0.157482,0.008218,0.041163,0.070082,0.061871,0.071022,0.041166,0.006640,0.035931,0.022797,0.094875,0.017929,0.049830,0.046068,0.038615,0.038533,0.006564,0.211244,0.053783,0.050776,0.007949,,,0.001305,0.003274,0.005034
quartz,18,,,0.019062,0.107523,0.032639,0.018803,0.025479,0.057112,0.063187,0.064653,0.027877,0.040573,0.028959,1.212183,0.002888,0.000971,0.002863,0.007073,0.067309,0.026975,0.061053,0.005325,0.066495,0.198759,0.037390,0.044114,0.059319,0.008330,0.045174,0.154302,0.234270,0.019831,0.007923,0.032357,0.227953,0.174108,0.005464,0.004595,0.050628,0.097954,0.133298,0.006539,0.037485,0.064807,0.057287,0.065439,0.037265,0.006987,0.032390,0.023093,0.083765,0.019088,0.035281,0.032621,0.050513,0.050399,0.006160,0.167157,0.058594,0.047843,0.007780,,,0.001241,0.003110,0.004371
quartz,16,,,0.022427,0.121512,0.035988,0.020201,0.028159,0.041627,0.068322,0.070248,0.032590,0.029976,0.032710,1.282696,0.003132,0.000956,0.002846,0.007849,0.082100,0.028123,0.077121,0.005837,0.077366,0.178277,0.040640,0.050286,0.082601,0.007734,0.049504,0.171401,0.262545,0.022123,0.008988,0.038722,0.258382,0.194480,0.006011,0.004504,0.052005,0.107543,0.146788,0.007064,0.041150,0.069294,0.062488,0.070230,0.040451,0.007491,0.036309,0.025502,0.100086,0.021225,0.033222,0.015668,0.056326,0.056033,0.006756,0.188011,0.054236,0.053778,0.009022,,,0.001304,0.003290,0.004562
quartz,8,,,0.025410,0.236926,0.069739,0.035762,0.044704,0.078913,0.108972,0.116516,0.051389,0.055292,0.053267,1.617231,0.005581,0.000737,0.002411,0.014921,0.294929,0.046804,0.102443,0.009314,0.102629,0.122860,0.067419,0.148173,0.301846,0.013708,0.085336,0.338424,0.520377,0.035180,0.011931,0.055149,0.414874,0.382061,0.003924,0.004678,0.072225,0.168135,0.249559,0.010896,0.067303,0.087302,0.071977,0.091458,0.066986,0.012815,0.072835,0.061677,0.285339,0.039815,0.013050,0.006065,0.109400,0.110674,0.011452,0.373500,0.105670,0.106100,0.011344,,,0.001109,0.003268,0.004867
quartz,4,,,0.047351,0.451709,0.131483,0.068853,0.085332,0.153217,0.204060,0.217389,0.093622,0.106269,0.095790,1.430780,0.010601,0.001244,0.004431,0.028470,0.381615,0.090073,0.189853,0.017801,0.190441,0.233763,0.125606,0.236770,0.433193,0.026059,0.161563,0.642120,0.979205,0.067157,0.022105,0.102110,0.773223,0.720781,0.006802,0.008656,0.135680,0.311503,0.454933,0.020225,0.125885,0.166534,0.132389,0.169347,0.124553,0.024218,0.139822,0.116033,0.462566,0.074916,0.013485,0.008767,0.208956,0.206592,0.021223,0.714210,0.199227,0.202468,0.021468,,,0.001963,0.006231,0.009343
ruby,112,,,0.011725,0.043972,0.008748,0.006523,0.011087,0.015240,0.056482,0.056184,0.015676,0.010988,0.023484,2.827657,0.002010,0.005873,0.006203,0.002588,0.018836,0.013812,0.045137,0.012160,0.044795,0.190762,0.023689,0.015192,0.031567,0.006541,0.023459,0.185942,0.246110,0.007524,0.019641,0.031175,0.187010,0.210144,0.007905,0.005396,0.033559,0.073524,0.102384,0.006692,0.023011,0.038008,0.054592,0.039794,0.022753,0.002973,0.010325,0.007134,0.027723,0.008861,0.145992,0.355150,0.009414,0.010131,0.003431,0.052883,0.020461,0.013867,0.003919,,,0.001568,0.002321,0.002436
ruby,56,,,0.007256,0.058117,0.009520,0.006727,0.009560,0.022749,0.030204,0.030137,0.020961,0.015745,0.013826,1.878172,0.001421,0.002163,0.002356,0.002378,0.022788,0.013572,0.027332,0.005162,0.027940,0.173947,0.016437,0.022876,0.043311,0.009501,0.024850,0.261312,0.407557,0.007000,0.011510,0.018318,0.117927,0.309381,0.005879,0.002304,0.030565,0.046103,0.075289,0.008928,0.016035,0.022671,0.031086,0.023237,0.016104,0.003007,0.014079,0.009018,0.040983,0.010385,0.066465,0.092652,0.012285,0.013455,0.002981,0.082938,0.029031,0.019966,0.003025,,,0.000927,0.001318,0.001515
ruby,32,,,0.007608,0.092872,0.013618,0.009982,0.012990,0.028902,0.024693,0.024904,0.018724,0.020994,0.013928,1.465408,0.001420,0.001172,0.001446,0.002885,0.033454,0.022670,0.030186,0.003777,0.030077,0.111368,0.030734,0.036875,0.060378,0.015110,0.044986,0.472338,0.711285,0.009169,0.023571,0.024309,0.125006,0.551890,0.008556,0.005415,0.026315,0.054397,0.094536,0.014853,0.031647,0.023977,0.028381,0.023906,0.030291,0.004161,0.021668,0.014668,0.069724,0.016358,0.041843,0.052464,0.020769,0.022664,0.004220,0.142676,0.047061,0.032045,0.003525,,,0.000701,0.001062,0.001592
ruby,28,,,0.005216,0.053897,0.008485,0.008996,0.010926,0.021654,0.020012,0.020065,0.017725,0.015413,0.009016,1.446419,0.001129,0.001050,0.001383,0.001957,0.022711,0.012726,0.019290,0.003796,0.019450,0.170775,0.012990,0.020661,0.040291,0.009997,0.021370,0.120065,0.205405,0.010008,0.017851,0.012758,0.085001,0.178025,0.007527,0.008268,0.021038,0.034268,0.057073,0.004198,0.012822,0.014624,0.021247,0.015736,0.012874,0.003036,0.013893,0.009104,0.041616,0.009079,0.035172,0.052427,0.017574,0.017273,0.002831,0.074288,0.026438,0.020730,0.003516,,,0.000688,0.000861,0.001117
ruby,16,,,0.005720,0.091638,0.013944,0.014695,0.017285,0.038789,0.019478,0.018231,0.022427,0.027033,0.010870,1.237321,0.001294,0.000615,0.000874,0.002962,0.066127,0.030642,0.024173,0.003957,0.025371,0.117869,0.039955,0.046538,0.085299,0.017867,0.060273,0.223040,0.344719,0.016117,0.010740,0.026441,0.116297,0.323226,0.005191,0.005311,0.029404,0.051337,0.083459,0.006315,0.038479,0.020159,0.024482,0.021478,0.039254,0.004407,0.024910,0.017037,0.097235,0.014621,0.019336,0.015113,0.029680,0.029573,0.004233,0.128628,0.060269,0.034592,0.004839,,,0.000681,0.000727,0.001276
ruby,8,,,0.021033,0.181390,0.025103,0.028183,0.032805,0.061427,0.030645,0.028010,0.033673,0.043243,0.016092,1.175364,0.001988,0.000507,0.002143,0.004742,0.124687,0.044607,0.084306,0.007057,0.084341,0.093768,0.063397,0.078108,0.146766,0.033530,0.087844,0.441109,0.682247,0.024093,0.012694,0.048444,0.310208,0.623972,0.003967,0.005055,0.040313,0.137318,0.180766,0.012002,0.062945,0.074855,0.082961,0.075439,0.062849,0.008014,0.046917,0.033310,0.163877,0.026110,0.008685,0.005414,0.057849,0.057645,0.007433,0.256022,0.098852,0.068043,0.009232,,,0.000979,0.001157,0.004192
ruby,4,,,0.039138,0.356051,0.048693,0.055814,0.065841,0.120779,0.103007,0.102953,0.066157,0.084221,0.041327,1.268812,0.003753,0.000819,0.003946,0.009338,0.192305,0.085171,0.157036,0.013742,0.157117,0.175602,0.120030,0.141771,0.269727,0.068982,0.168019,0.877921,1.360791,0.047840,0.023915,0.091252,0.575327,1.241841,0.006444,0.009409,0.079232,0.255300,0.338347,0.023341,0.120032,0.140389,0.155684,0.140945,0.119919,0.016825,0.091632,0.064300,0.303187,0.051922,0.008949,0.007665,0.115425,0.114495,0.014810,0.509521,0.188698,0.139684,0.018569,,,0.001979,0.004065,0.007777
boraxo, any min,,,0.008061,0.074725,0.010239,0.007474,0.006746,0.018725,0.032100,0.025865,0.016129,0.013001,0.011593,1.857411,0.001894,0.000779,0.001389,0.002716,0.053477,0.012827,0.031878,0.004806,0.031401,0.116914,0.018304,0.025140,0.059255,0.002612,0.021880,0.323356,0.498364,0.007836,0.013833,0.021900,0.138424,0.409250,0.005554,0.003260,0.026799,0.054983,0.084243,0.009599,0.017187,0.026714,0.034789,0.026009,0.017111,0.003378,0.016107,0.009975,0.055430,0.010742,0.016197,0.006758,0.014897,0.016426,0.003227,0.104212,0.024676,0.023574,0.003243,,,0.000887,0.001076,0.001760
catalyst, any min,,,0.013041,0.092760,0.028919,0.009176,0.013648,0.033548,0.060276,0.060065,0.040973,0.023817,0.030673,1.578035,0.005969,0.000928,0.002090,0.011229,0.197487,0.024218,0.050304,0.005267,0.050525,0.113204,0.031297,0.074338,0.194702,0.019406,0.037493,0.847386,1.290387,0.013576,0.025998,0.032970,0.207638,0.960420,0.009407,0.004770,0.052138,0.082440,0.138582,0.021444,0.030633,0.044350,0.045773,0.044895,0.030643,0.006580,0.031416,0.019319,0.139774,0.021394,0.013994,0.007673,0.023639,0.023709,0.006271,0.139837,0.041091,0.042362,0.004091,,,0.001050,0.001786,0.002743
ec2-c5n, any min,,,0.007329,0.049400,0.009098,0.006774,0.009169,0.016491,0.056529,0.044013,0.026159,0.012194,0.020879,1.159665,0.001890,0.001327,0.001492,0.003212,0.054806,0.014813,0.026406,0.003874,0.026992,0.094801,0.019582,0.019282,0.055816,0.003092,0.017488,0.223651,0.343076,0.006134,0.011341,0.020356,0.119738,0.274055,0.004243,0.002466,0.022536,0.049820,0.078160,0.006745,0.014967,0.023959,0.032583,0.021802,0.015203,0.004221,0.012327,0.010303,0.022392,0.012397,0.010148,0.005210,0.010557,0.010424,0.003734,0.068215,0.020653,0.019784,0.002551,,,0.000909,0.001067,0.001493
ec2-c6a, any min,,,0.004764,0.012735,0.006493,0.003826,0.006222,0.012894,0.026284,0.023014,0.014056,0.009399,0.010838,1.040607,0.001952,0.001014,0.001651,0.003287,0.015676,0.011809,0.017913,0.002481,0.018341,0.084333,0.015181,0.012511,0.023763,0.002388,0.020332,0.032428,0.047330,0.006427,0.002850,0.012665,0.088889,0.036841,0.003935,0.001780,0.025832,0.028924,0.050258,0.002042,0.012520,0.015240,0.022362,0.015723,0.012745,0.003060,0.006314,0.004704,0.012391,0.006278,0.005238,0.003974,0.005331,0.005456,0.002250,0.021191,0.018597,0.008285,0.002378,,,0.000864,0.000925,0.001384
ec2-c6i, any min,,,0.004153,0.030984,0.005529,0.004237,0.006983,0.009494,0.031577,0.031087,0.017124,0.006802,0.013739,1.100992,0.001688,0.000784,0.001074,0.002384,0.009529,0.010695,0.016430,0.003003,0.016497,0.073220,0.010596,0.007687,0.016509,0.001973,0.010962,0.048335,0.075793,0.004279,0.002982,0.012652,0.075090,0.106583,0.001752,0.001702,0.017782,0.031310,0.057385,0.002196,0.008716,0.014863,0.023961,0.013495,0.008716,0.002468,0.007512,0.005554,0.006941,0.006895,0.006756,0.004722,0.006570,0.006572,0.002202,0.039892,0.012531,0.010590,0.002215,,,0.000672,0.000640,0.000778
mammoth, any min,,,0.006096,0.026548,0.005709,0.006128,0.008972,0.010644,0.035794,0.024053,0.011769,0.007929,0.012405,0.985175,0.001396,0.000860,0.002002,0.002640,0.010025,0.010834,0.019642,0.003010,0.020680,0.107918,0.015111,0.010197,0.012901,0.002894,0.018037,0.029941,0.046658,0.006801,0.003718,0.015648,0.079396,0.035325,0.004406,0.002459,0.035893,0.033456,0.058263,0.002784,0.013744,0.016849,0.021976,0.025732,0.015726,0.004219,0.007368,0.006614,0.012607,0.006579,0.012206,0.007773,0.008410,0.008369,0.003447,0.015655,0.018731,0.012477,0.003433,,,0.000854,0.001080,0.001575
poodle, any min,,,0.003263,0.026489,0.005265,0.003790,0.002910,0.007836,0.015335,0.014333,0.005219,0.005686,0.005938,1.247632,0.000698,0.000394,0.000795,0.001176,0.008795,0.005543,0.012800,0.003482,0.013071,0.058146,0.008286,0.005331,0.006911,0.001081,0.008460,0.031292,0.049480,0.003753,0.002559,0.010244,0.055091,0.038873,0.002022,0.000883,0.017958,0.022100,0.042141,0.001611,0.006865,0.011293,0.012916,0.011341,0.007079,0.002381,0.005314,0.004321,0.006518,0.004254,0.007832,0.004675,0.005158,0.005121,0.001823,0.028937,0.010736,0.006567,0.001718,,,0.000368,0.000647,0.000714
quartz, any min,,,0.019062,0.066299,0.018611,0.009180,0.014132,0.030723,0.055337,0.054382,0.016786,0.022073,0.025657,1.212183,0.002299,0.000737,0.002411,0.004353,0.066621,0.021396,0.061053,0.004390,0.066495,0.122860,0.034451,0.023442,0.047925,0.004580,0.039527,0.106114,0.180357,0.008508,0.007492,0.032357,0.222831,0.154789,0.003924,0.004425,0.034825,0.094723,0.117162,0.005290,0.034249,0.064488,0.056635,0.054380,0.034078,0.004086,0.017770,0.011771,0.060180,0.010043,0.013050,0.006065,0.017603,0.017532,0.004023,0.094889,0.040918,0.024339,0.005018,,,0.001109,0.002178,0.004371
ruby, any min,,,0.005216,0.043972,0.008485,0.006523,0.009560,0.015240,0.019478,0.018231,0.015676,0.010988,0.009016,1.175364,0.001129,0.000507,0.000874,0.001957,0.018836,0.012726,0.019290,0.003777,0.019450,0.093768,0.012990,0.015192,0.031567,0.006541,0.021370,0.120065,0.205405,0.007000,0.010740,0.012758,0.085001,0.178025,0.003967,0.002304,0.021038,0.034268,0.057073,0.004198,0.012822,0.014624,0.021247,0.015736,0.012874,0.002973,0.010325,0.007134,0.027723,0.008861,0.008685,0.005414,0.009414,0.010131,0.002831,0.052883,0.020461,0.013867,0.003025,,,0.000681,0.000727,0.001117
boraxo, any max,,,0.046369,0.568587,0.072278,0.082639,0.033873,0.175634,0.121213,0.121034,0.094367,0.119943,0.049004,5.398981,0.005665,0.003137,0.004696,0.013831,0.223767,0.113225,0.188275,0.022266,0.188901,0.247248,0.150307,0.203623,0.308904,0.019495,0.212855,1.531749,2.143472,0.077865,0.040221,0.118488,0.689273,1.821118,0.009688,0.011337,0.113429,0.312614,0.465065,0.039784,0.148398,0.168055,0.185334,0.167779,0.147740,0.025546,0.147403,0.093403,0.338838,0.079521,0.085950,0.216027,0.185236,0.185438,0.020127,0.800398,0.242227,0.219657,0.027050,,,0.002882,0.004831,0.009497
catalyst, any max,,,0.051201,0.489421,0.160588,0.070264,0.089807,0.294826,0.226366,0.228496,0.155992,0.207373,0.099872,2.882797,0.031213,0.001636,0.004539,0.062374,0.415743,0.141339,0.209545,0.017056,0.210896,0.299853,0.153039,0.300298,0.496568,0.154148,0.251779,5.027984,7.635624,0.085721,0.124020,0.128406,0.812604,5.670153,0.028115,0.012076,0.173270,0.360526,0.577982,0.123323,0.147698,0.170571,0.166033,0.171484,0.146515,0.035368,0.199323,0.127308,0.519779,0.122088,0.062506,0.070811,0.171088,0.171195,0.032053,0.749415,0.322477,0.249664,0.020671,,,0.002324,0.005797,0.009475
ec2-c5n, any max,,,0.040542,0.384125,0.068903,0.068875,0.070754,0.153125,0.278673,0.190141,0.164847,0.107205,0.086230,1.999266,0.008758,0.002760,0.004347,0.018615,0.212637,0.112347,0.164476,0.014876,0.164607,0.214922,0.140660,0.143496,0.304361,0.026091,0.202611,0.963802,1.489526,0.055683,0.030766,0.110591,0.587876,1.315034,0.007821,0.010355,0.104628,0.268609,0.398231,0.030549,0.139001,0.146933,0.163715,0.147271,0.139599,0.038508,0.110232,0.098786,0.206032,0.088644,0.073800,0.161419,0.128938,0.128929,0.027150,0.542283,0.235806,0.168577,0.018960,,,0.003743,0.004067,0.008307
ec2-c6a, any max,,,0.015810,0.146997,0.061735,0.056049,0.060585,0.082716,0.169798,0.131445,0.110350,0.061092,0.059858,7.752036,0.007817,0.007821,0.007802,0.023094,0.238316,0.066157,0.071937,0.015608,0.059712,0.180791,0.044079,0.134235,0.316852,0.018009,0.068379,0.344831,0.513837,0.050019,0.014045,0.048281,0.297859,0.400797,0.008957,0.007541,0.080014,0.133473,0.246980,0.012436,0.039703,0.063360,0.103197,0.045573,0.040118,0.023676,0.084232,0.079031,0.166877,0.060750,0.132979,0.473187,0.079802,0.079928,0.018758,0.225857,0.118156,0.124373,0.012940,,,0.002844,0.003504,0.004662
ec2-c6i, any max,,,0.033621,0.360570,0.049963,0.062050,0.065999,0.092883,0.180248,0.179161,0.131007,0.064691,0.068918,1.573746,0.007608,0.003493,0.003731,0.018063,0.123672,0.076114,0.133892,0.014403,0.134139,0.146293,0.100382,0.117677,0.222973,0.018855,0.136353,0.411667,0.631114,0.050044,0.017184,0.076751,0.536284,0.729504,0.004642,0.008771,0.083737,0.224049,0.312362,0.016043,0.099735,0.121017,0.144331,0.120396,0.099639,0.026699,0.093019,0.071489,0.144538,0.060956,0.099397,0.136703,0.107689,0.107656,0.021496,0.556951,0.147794,0.148384,0.017652,,,0.003616,0.003511,0.006727
mammoth, any max,,,0.029465,0.339269,0.061722,0.063121,0.076176,0.188326,0.198423,0.128723,0.054786,0.126163,0.057302,1.590795,0.010121,0.006180,0.007724,0.026814,0.346715,0.058299,0.113734,0.013280,0.110663,0.590552,0.058453,0.196720,0.465006,0.017700,0.103143,0.385292,0.586633,0.056979,0.013895,0.073854,0.490284,0.436302,0.010921,0.008181,0.084610,0.171486,0.251321,0.015766,0.056055,0.098695,0.123885,0.100313,0.058159,0.020581,0.088347,0.091021,0.498563,0.038359,0.315301,0.173960,0.115101,0.113998,0.016586,0.543131,0.200372,0.133787,0.015058,,,0.003653,0.006843,0.006796
poodle, any max,,,0.038289,0.407451,0.053797,0.064343,0.021702,0.168148,0.064959,0.064928,0.036040,0.117650,0.029292,17.878756,0.004249,0.013663,0.015005,0.010512,0.297666,0.077356,0.134620,0.030297,0.142217,0.180100,0.104021,0.168199,0.294081,0.013682,0.151370,0.402108,0.611772,0.052868,0.012462,0.079159,0.518337,0.486134,0.006622,0.007765,0.078192,0.226591,0.303900,0.011336,0.102501,0.121791,0.125340,0.121221,0.102662,0.022353,0.070907,0.074743,0.291279,0.042347,0.157252,1.206241,0.099630,0.099653,0.014929,0.643291,0.190754,0.109406,0.012952,,,0.002913,0.002643,0.006757
quartz, any max,,,0.047351,0.451709,0.131483,0.068853,0.085332,0.153217,0.204060,0.217389,0.093622,0.106269,0.095790,2.533600,0.010601,0.003040,0.004431,0.028470,0.381615,0.090073,0.189853,0.017801,0.190441,0.233763,0.125606,0.236770,0.433193,0.026059,0.161563,0.642120,0.979205,0.067157,0.022105,0.102110,0.773223,0.720781,0.006802,0.008656,0.135680,0.311503,0.454933,0.020225,0.125885,0.166534,0.132389,0.169347,0.124553,0.024218,0.139822,0.116033,0.462566,0.074916,0.095423,0.103494,0.208956,0.206592,0.021223,0.714210,0.199227,0.202468,0.021468,,,0.001963,0.006231,0.009343
ruby, any max,,,0.039138,0.356051,0.048693,0.055814,0.065841,0.120779,0.103007,0.102953,0.066157,0.084221,0.041327,2.827657,0.003753,0.005873,0.006203,0.009338,0.192305,0.085171,0.157036,0.013742,0.157117,0.190762,0.120030,0.141771,0.269727,0.068982,0.168019,0.877921,1.360791,0.047840,0.023915,0.091252,0.575327,1.241841,0.008556,0.009409,0.079232,0.255300,0.338347,0.023341,0.120032,0.140389,0.155684,0.140945,0.119919,0.016825,0.091632,0.064300,0.303187,0.051922,0.145992,0.355150,0.115425,0.114495,0.014810,0.509521,0.188698,0.139684,0.018569,,,0.001979,0.004065,0.007777
boraxo, 72 (full),,,0.008288,0.074725,0.010239,0.007474,0.006746,0.018725,0.040448,0.037267,0.016129,0.013001,0.015587,5.398981,0.001904,0.003137,0.003248,0.002716,0.053477,0.012827,0.031878,0.007110,0.031894,0.180829,0.018304,0.025140,0.059255,0.002612,0.021880,0.332951,0.508838,0.007836,0.015295,0.021900,0.138424,0.409250,0.006655,0.003260,0.026799,0.054983,0.084243,0.009599,0.017187,0.028724,0.038934,0.027297,0.017111,0.003378,0.016107,0.009975,0.055430,0.010742,0.085950,0.216027,0.014897,0.016426,0.003227,0.104212,0.024676,0.023574,0.003243,0.000000,0.000000,0.001201,0.001638,0.001901
catalyst, 48 (full),,,0.013041,0.092760,0.028919,0.009176,0.013648,0.033548,0.060276,0.060065,0.040973,0.023817,0.030673,2.882797,0.005969,0.001636,0.002352,0.011229,0.231328,0.024218,0.050304,0.005267,0.050525,0.237587,0.031297,0.074338,0.194702,0.019406,0.037493,0.847386,1.290387,0.013576,0.025998,0.032970,0.207638,0.960420,0.009407,0.004770,0.052138,0.082440,0.138582,0.021444,0.030633,0.044350,0.045773,0.044895,0.030643,0.006580,0.031416,0.019319,0.139774,0.021394,0.062506,0.070811,0.023639,0.023709,0.006271,0.139837,0.041091,0.042362,0.004091,0.000000,0.000000,0.001050,0.001786,0.002743
ec2-c5n, 72 (full),,,0.007729,0.049400,0.009098,0.006774,0.009169,0.016491,0.056529,0.044013,0.026159,0.012194,0.020879,1.999266,0.001890,0.002760,0.002942,0.003212,0.054806,0.014813,0.030058,0.006024,0.029627,0.124997,0.019582,0.019282,0.055816,0.003092,0.017488,0.225981,0.347971,0.006134,0.016954,0.020356,0.119867,0.274055,0.005787,0.004222,0.022536,0.049820,0.078160,0.007014,0.014967,0.026312,0.033882,0.025344,0.015203,0.004221,0.012327,0.010303,0.022392,0.012397,0.073800,0.161419,0.010557,0.010424,0.003734,0.068215,0.020653,0.019784,0.002551,0.000000,0.000000,0.000974,0.001448,0.001598
ec2-c6a, 192 (full),,,0.009913,0.012735,0.006493,0.003826,0.007474,0.012894,0.050278,0.047481,0.014690,0.009399,0.020586,7.752036,0.002344,0.007821,0.007802,0.003521,0.016363,0.012504,0.038323,0.015608,0.038273,0.114678,0.021954,0.013310,0.029914,0.002388,0.022077,0.036140,0.051693,0.006427,0.005700,0.027597,0.187882,0.044996,0.008957,0.003125,0.027085,0.069386,0.101993,0.003225,0.019436,0.034237,0.058524,0.033566,0.020289,0.003060,0.006314,0.004704,0.012391,0.006278,0.132979,0.473187,0.005331,0.005456,0.002250,0.021191,0.018597,0.008285,0.002992,0.000000,0.000000,0.001866,0.002139,0.002488
ec2-c6i, 128 (full),,,0.006992,0.030984,0.005529,0.004237,0.006983,0.009494,0.039625,0.039157,0.017124,0.006802,0.017061,1.573746,0.001934,0.003493,0.003041,0.002384,0.009529,0.010695,0.027049,0.006159,0.027082,0.106326,0.014890,0.007687,0.016509,0.001973,0.014745,0.078732,0.118990,0.004279,0.004847,0.018756,0.109148,0.106583,0.003190,0.001911,0.021420,0.046396,0.064886,0.003209,0.014059,0.024300,0.032744,0.024228,0.014088,0.002468,0.007512,0.005554,0.006941,0.006895,0.099397,0.136703,0.006570,0.006572,0.002202,0.039892,0.013465,0.010590,0.002215,0.000000,0.000000,0.000909,0.001341,0.001405
mammoth, 256 (full),,,0.029465,0.033415,0.012198,0.008272,0.020317,0.030976,0.128778,0.128723,0.020058,0.021466,0.049328,1.590795,0.003199,0.006180,0.007724,0.004047,0.015527,0.031294,0.113734,0.013280,0.110663,0.152902,0.058453,0.013618,0.028039,0.004602,0.059746,0.029941,0.046658,0.009039,0.013895,0.073854,0.490284,0.042341,0.010921,0.008181,0.084610,0.171486,0.251321,0.007085,0.056055,0.098695,0.123885,0.100313,0.058159,0.010841,0.010593,0.011175,0.015886,0.013204,0.315301,0.173960,0.008777,0.008703,0.008170,0.015655,0.043568,0.017273,0.008096,0.000000,0.000000,0.003653,0.006843,0.006796
poodle, 224 (full),,,0.010800,0.026489,0.007362,0.003909,0.008797,0.011548,0.054772,0.054614,0.005219,0.008249,0.020637,17.878756,0.003347,0.013663,0.015005,0.003284,0.008795,0.011400,0.042030,0.030297,0.041972,0.083482,0.021368,0.005331,0.010493,0.001597,0.021280,0.051754,0.075320,0.004780,0.006430,0.032585,0.176331,0.072095,0.006622,0.002704,0.037986,0.081182,0.106515,0.003548,0.021152,0.038261,0.092223,0.038309,0.021221,0.003000,0.005314,0.004321,0.006518,0.007384,0.157252,1.206241,0.005158,0.005121,0.002569,0.028937,0.016698,0.006567,0.003363,0.000000,0.000000,0.002913,0.002526,0.002327
quartz, 72 (full),,,0.019393,0.066299,0.018611,0.009180,0.014132,0.030723,0.055337,0.054382,0.016786,0.022073,0.025657,2.533600,0.002299,0.003040,0.003217,0.004353,0.066621,0.021396,0.071990,0.006915,0.072298,0.204533,0.034451,0.023442,0.047925,0.004580,0.039527,0.106114,0.180357,0.008508,0.007492,0.037260,0.222831,0.154789,0.006728,0.004425,0.034825,0.094723,0.117162,0.005290,0.034249,0.064488,0.056635,0.054380,0.034078,0.004086,0.017770,0.011771,0.060180,0.010043,0.095423,0.103494,0.017603,0.017532,0.004023,0.094889,0.040918,0.024339,0.005018,0.000000,0.000000,0.001289,0.002178,0.004759
ruby, 112 (full),,,0.011725,0.043972,0.008748,0.006523,0.011087,0.015240,0.056482,0.056184,0.015676,0.010988,0.023484,2.827657,0.002010,0.005873,0.006203,0.002588,0.018836,0.013812,0.045137,0.012160,0.044795,0.190762,0.023689,0.015192,0.031567,0.006541,0.023459,0.185942,0.246110,0.007524,0.019641,0.031175,0.187010,0.210144,0.007905,0.005396,0.033559,0.073524,0.102384,0.006692,0.023011,0.038008,0.054592,0.039794,0.022753,0.002973,0.010325,0.007134,0.027723,0.008861,0.145992,0.355150,0.009414,0.010131,0.003431,0.052883,0.020461,0.013867,0.003919,0.000000,0.000000,0.001568,0.002321,0.002436
boraxo, 36 (half),,,0.009528,0.137441,0.017122,0.012409,0.007965,0.031010,0.040213,0.032281,0.025557,0.021523,0.014220,4.801026,0.002146,0.001488,0.001816,0.003982,0.075892,0.023741,0.036780,0.005037,0.036966,0.172834,0.030723,0.046483,0.080808,0.003934,0.046474,0.639575,0.988380,0.012383,0.022423,0.027212,0.156706,0.787985,0.007312,0.005341,0.036366,0.065402,0.114311,0.016882,0.030305,0.031389,0.036488,0.029521,0.030162,0.005147,0.030570,0.018421,0.073996,0.018781,0.058380,0.079352,0.028933,0.031946,0.004844,0.202931,0.045493,0.045459,0.004338,0.000000,0.000000,0.000948,0.001450,0.002039
catalyst, 24 (half),,,0.019246,0.179023,0.053297,0.016306,0.022995,0.058413,0.089505,0.089618,0.060979,0.042763,0.042912,2.262231,0.011056,0.001133,0.002211,0.021600,0.234754,0.041670,0.074579,0.006028,0.074554,0.217917,0.048543,0.095748,0.199297,0.037445,0.059521,1.686021,2.572986,0.024605,0.044842,0.048222,0.310647,1.899255,0.012155,0.006037,0.063317,0.122411,0.216087,0.041997,0.047884,0.065181,0.061835,0.065689,0.047664,0.011166,0.059395,0.036162,0.166195,0.039148,0.037431,0.032738,0.044753,0.044802,0.010952,0.277393,0.070470,0.081370,0.006344,0.000000,0.000000,0.001151,0.002531,0.003893
ec2-c5n, 36 (half),,,0.007959,0.091965,0.015241,0.011228,0.013720,0.027329,0.077027,0.052193,0.047100,0.019221,0.022828,1.874180,0.002478,0.001904,0.001833,0.005091,0.078480,0.022486,0.030885,0.003952,0.032005,0.119421,0.028772,0.030855,0.075517,0.005222,0.043299,0.428981,0.658433,0.009658,0.013636,0.025512,0.129463,0.523923,0.005754,0.002466,0.032036,0.056395,0.103793,0.011851,0.026478,0.026572,0.032583,0.026461,0.026801,0.007463,0.022716,0.020117,0.032599,0.022444,0.046394,0.059473,0.020113,0.020117,0.006629,0.134918,0.040538,0.038023,0.003344,0.000000,0.000000,0.000909,0.001299,0.001571
ec2-c6a, 96 (half),,,0.007041,0.013838,0.007791,0.004815,0.007035,0.018098,0.039259,0.033884,0.014056,0.013111,0.015103,4.999182,0.002021,0.003144,0.003237,0.003734,0.019065,0.014028,0.026957,0.006259,0.030693,0.106671,0.019616,0.013306,0.026150,0.002650,0.025473,0.045963,0.072375,0.009929,0.004215,0.020004,0.132876,0.072842,0.008438,0.002298,0.057634,0.046858,0.077042,0.002708,0.017239,0.023846,0.032506,0.023661,0.017920,0.003464,0.008787,0.006166,0.017950,0.006926,0.072873,0.093247,0.006378,0.006434,0.002618,0.048116,0.026647,0.012473,0.002499,0.000000,0.000000,0.001113,0.001429,0.001854
ec2-c6i, 64 (half),,,0.005521,0.052805,0.007707,0.006259,0.008410,0.013227,0.038170,0.037624,0.017519,0.009510,0.016871,1.408482,0.002182,0.001841,0.001671,0.003438,0.023551,0.012737,0.021513,0.003475,0.021270,0.099094,0.013065,0.015967,0.040524,0.002812,0.012890,0.162173,0.239102,0.005765,0.006032,0.016241,0.088353,0.219207,0.002873,0.001702,0.028382,0.041233,0.073376,0.004983,0.011557,0.019273,0.023961,0.019044,0.011495,0.003838,0.012367,0.009816,0.022745,0.011009,0.053397,0.055677,0.012261,0.012262,0.003427,0.078021,0.015521,0.019223,0.002311,0.000000,0.000000,0.000672,0.000949,0.001061
mammoth, 128 (half),,,0.017380,0.026548,0.008947,0.006720,0.013955,0.020169,0.080338,0.076057,0.014507,0.013873,0.030515,1.484593,0.002402,0.003399,0.004154,0.003498,0.014217,0.020961,0.065387,0.007369,0.064594,0.154237,0.034987,0.013542,0.020435,0.003931,0.036568,0.040033,0.064865,0.006949,0.008942,0.046556,0.283982,0.057535,0.008792,0.005222,0.064994,0.102155,0.164479,0.004987,0.034260,0.054351,0.067082,0.055792,0.033288,0.006208,0.010457,0.009503,0.015932,0.010844,0.176557,0.093530,0.008410,0.008806,0.005176,0.022041,0.030134,0.016748,0.005555,0.000000,0.000000,0.002201,0.003460,0.004417
poodle, 112 (half),,,0.005506,0.037462,0.005804,0.003790,0.004706,0.007836,0.027318,0.027102,0.005655,0.005686,0.010236,5.805838,0.001160,0.003769,0.003895,0.001617,0.010896,0.006896,0.021017,0.008699,0.020958,0.073857,0.011315,0.007694,0.009057,0.001358,0.011249,0.101110,0.145939,0.003753,0.005305,0.017616,0.090992,0.140488,0.006059,0.001478,0.030408,0.041396,0.069962,0.003973,0.010753,0.019064,0.027566,0.019299,0.010887,0.002541,0.006438,0.004802,0.010012,0.005178,0.068710,0.343562,0.007267,0.007295,0.001992,0.054213,0.010736,0.009152,0.002154,0.000000,0.000000,0.000893,0.001191,0.001262
quartz, 36 (half),,,0.022308,0.122408,0.032651,0.012980,0.018742,0.040119,0.067417,0.067292,0.029354,0.028748,0.029707,2.206645,0.003120,0.001606,0.002638,0.007313,0.073564,0.025439,0.070220,0.005105,0.070267,0.198810,0.039196,0.039734,0.059641,0.006507,0.046985,0.205024,0.345521,0.013129,0.011717,0.036504,0.250334,0.285079,0.006226,0.005132,0.059531,0.099357,0.146073,0.008199,0.039232,0.068196,0.061537,0.064066,0.039136,0.006181,0.032395,0.020501,0.075992,0.016491,0.057606,0.048079,0.033940,0.033918,0.005866,0.185191,0.050887,0.045740,0.007869,0.000000,0.000000,0.001353,0.003334,0.004572
ruby, 56 (half),,,0.007256,0.058117,0.009520,0.006727,0.009560,0.022749,0.030204,0.030137,0.020961,0.015745,0.013826,1.878172,0.001421,0.002163,0.002356,0.002378,0.022788,0.013572,0.027332,0.005162,0.027940,0.173947,0.016437,0.022876,0.043311,0.009501,0.024850,0.261312,0.407557,0.007000,0.011510,0.018318,0.117927,0.309381,0.005879,0.002304,0.030565,0.046103,0.075289,0.008928,0.016035,0.022671,0.031086,0.023237,0.016104,0.003007,0.014079,0.009018,0.040983,0.010385,0.066465,0.092652,0.012285,0.013455,0.002981,0.082938,0.029031,0.019966,0.003025,0.000000,0.000000,0.000927,0.001318,0.001515
boraxo, 18 (quarter),,,0.008061,0.131081,0.016605,0.018249,0.007823,0.032866,0.032100,0.027201,0.027398,0.023265,0.011593,2.369493,0.001894,0.001012,0.001392,0.003762,0.081629,0.022813,0.031946,0.006110,0.031401,0.172351,0.027771,0.046257,0.081996,0.004511,0.044394,0.323356,0.498364,0.019377,0.013833,0.022262,0.142914,0.428402,0.006606,0.006260,0.032644,0.060057,0.100951,0.009607,0.027203,0.026714,0.034789,0.026009,0.027312,0.005411,0.032796,0.019372,0.074376,0.018292,0.029622,0.034746,0.042637,0.042920,0.004839,0.178710,0.043830,0.047490,0.006366,0.000000,0.000000,0.000975,0.001238,0.001760
catalyst, 12 (quarter),,,0.019026,0.167180,0.055599,0.024745,0.031787,0.070738,0.083758,0.083711,0.063297,0.051849,0.039319,1.658716,0.010785,0.000928,0.002090,0.021266,0.237611,0.043623,0.073035,0.006500,0.073088,0.221213,0.049398,0.097197,0.203147,0.051378,0.059394,1.693097,2.566376,0.033318,0.045952,0.045388,0.295234,1.918593,0.012592,0.006576,0.061819,0.130411,0.201093,0.042575,0.046491,0.061649,0.061047,0.061875,0.046459,0.011423,0.067635,0.039365,0.166114,0.042051,0.023830,0.012740,0.058864,0.058655,0.011289,0.253787,0.083656,0.083650,0.007432,0.000000,0.000000,0.001159,0.002400,0.003702
ec2-c5n, 18 (quarter),,,0.007408,0.086637,0.015834,0.015841,0.016657,0.027487,0.069708,0.050174,0.047508,0.018597,0.023554,1.461385,0.002706,0.001447,0.001492,0.004802,0.082662,0.022049,0.026406,0.004502,0.026992,0.118549,0.026373,0.031854,0.076724,0.005835,0.040430,0.223651,0.343076,0.015213,0.011341,0.021710,0.119738,0.296917,0.005822,0.007159,0.029828,0.052703,0.087309,0.006745,0.024783,0.023959,0.042263,0.021802,0.024353,0.007529,0.024897,0.020445,0.035769,0.020197,0.027826,0.025245,0.030141,0.030136,0.006191,0.121310,0.040582,0.037564,0.004612,0.000000,0.000000,0.001132,0.001120,0.001493
ec2-c6a, 48 (quarter),,,0.004764,0.016001,0.007012,0.005139,0.006222,0.015814,0.026284,0.023014,0.014819,0.011402,0.010838,1.569550,0.001952,0.001604,0.001752,0.003287,0.015676,0.011809,0.017913,0.003043,0.018341,0.108702,0.015181,0.012511,0.023763,0.002687,0.020332,0.032428,0.047330,0.009148,0.002850,0.012665,0.092620,0.036841,0.007919,0.001780,0.039434,0.028924,0.050258,0.002042,0.012520,0.015240,0.022615,0.015723,0.012745,0.003220,0.008950,0.006247,0.017000,0.006481,0.037954,0.026451,0.007886,0.007892,0.002422,0.021224,0.023415,0.012449,0.002378,0.000000,0.000000,0.000870,0.001014,0.001384
ec2-c6i, 32 (quarter),,,0.004153,0.046513,0.007246,0.008607,0.009828,0.015935,0.031577,0.031087,0.018534,0.007762,0.013739,1.164780,0.001688,0.001320,0.001160,0.003031,0.022530,0.011390,0.016430,0.003003,0.016497,0.096782,0.010596,0.016004,0.039490,0.002779,0.010962,0.048335,0.075793,0.008217,0.002982,0.012652,0.075090,0.123845,0.002897,0.003179,0.017782,0.031310,0.057385,0.002196,0.008716,0.014863,0.026017,0.013495,0.008716,0.003549,0.014018,0.012871,0.021279,0.008227,0.034958,0.029648,0.014277,0.014287,0.002900,0.069936,0.012531,0.018990,0.002709,0.000000,0.000000,0.000749,0.000706,0.000797
mammoth, 64 (quarter),,,0.008234,0.027749,0.005709,0.006128,0.008972,0.010961,0.039586,0.034052,0.011769,0.007929,0.013783,1.127132,0.001396,0.001647,0.002480,0.002640,0.010025,0.010834,0.028108,0.003990,0.028187,0.165226,0.015718,0.010197,0.012901,0.002894,0.018343,0.031415,0.047693,0.006801,0.004496,0.020070,0.126573,0.035325,0.006627,0.002779,0.036285,0.042616,0.073047,0.002784,0.015480,0.025769,0.032319,0.025732,0.015726,0.004252,0.007368,0.006614,0.012607,0.006579,0.085364,0.046649,0.008481,0.008369,0.003447,0.035757,0.020783,0.012477,0.003724,0.000000,0.000000,0.001303,0.001814,0.002445
poodle, 56 (quarter),,,0.003878,0.031506,0.005265,0.004841,0.003197,0.008729,0.018374,0.017939,0.006073,0.006492,0.007110,1.984141,0.000698,0.001640,0.001713,0.001176,0.010125,0.005543,0.014993,0.004433,0.015140,0.062329,0.008395,0.007756,0.006911,0.001081,0.008536,0.031292,0.049480,0.005137,0.002876,0.010638,0.060608,0.038873,0.005549,0.001134,0.025486,0.024990,0.042141,0.001611,0.007708,0.013573,0.015660,0.013517,0.007864,0.002381,0.005878,0.005012,0.009427,0.004254,0.045011,0.116871,0.007631,0.007640,0.001823,0.046691,0.011035,0.008740,0.001718,0.000000,0.000000,0.000540,0.000839,0.000931
quartz, 18 (quarter),,,0.019062,0.107523,0.032639,0.018803,0.025479,0.057112,0.063187,0.064653,0.027877,0.040573,0.028959,1.212183,0.002888,0.000971,0.002863,0.007073,0.067309,0.026975,0.061053,0.005325,0.066495,0.198759,0.037390,0.044114,0.059319,0.008330,0.045174,0.154302,0.234270,0.019831,0.007923,0.032357,0.227953,0.174108,0.005464,0.004595,0.050628,0.097954,0.133298,0.006539,0.037485,0.064807,0.057287,0.065439,0.037265,0.006987,0.032390,0.023093,0.083765,0.019088,0.035281,0.032621,0.050513,0.050399,0.006160,0.167157,0.058594,0.047843,0.007780,0.000000,0.000000,0.001241,0.003110,0.004371
ruby, 28 (quarter),,,0.005216,0.053897,0.008485,0.008996,0.010926,0.021654,0.020012,0.020065,0.017725,0.015413,0.009016,1.446419,0.001129,0.001050,0.001383,0.001957,0.022711,0.012726,0.019290,0.003796,0.019450,0.170775,0.012990,0.020661,0.040291,0.009997,0.021370,0.120065,0.205405,0.010008,0.017851,0.012758,0.085001,0.178025,0.007527,0.008268,0.021038,0.034268,0.057073,0.004198,0.012822,0.014624,0.021247,0.015736,0.012874,0.003036,0.013893,0.009104,0.041616,0.009079,0.035172,0.052427,0.017574,0.017273,0.002831,0.074288,0.026438,0.020730,0.003516,0.000000,0.000000,0.000688,0.000861,0.001117
boraxo, 32,,,0.010362,0.153360,0.019424,0.013806,0.008401,0.034573,0.039656,0.030740,0.024921,0.024182,0.014594,4.348424,0.002087,0.001216,0.001545,0.004318,0.075351,0.025885,0.041243,0.004806,0.041230,0.116914,0.034856,0.052861,0.093067,0.004737,0.051555,0.719335,1.137024,0.013935,0.025614,0.029421,0.166033,0.902978,0.007588,0.006118,0.039296,0.071044,0.124104,0.018673,0.034668,0.035153,0.039510,0.033699,0.035359,0.005494,0.034888,0.020800,0.085661,0.020728,0.045983,0.067418,0.033005,0.036381,0.005164,0.227795,0.052221,0.050531,0.004507,0.000000,0.000000,0.000887,0.001372,0.002243
ec2-c5n, 32,,,0.008069,0.102598,0.016587,0.012689,0.014876,0.030079,0.083193,0.055434,0.046141,0.021097,0.025519,1.744466,0.002854,0.001701,0.001651,0.005515,0.077950,0.024373,0.032404,0.003874,0.033946,0.094801,0.033533,0.036691,0.085319,0.005781,0.047448,0.505221,0.766377,0.010942,0.017898,0.028544,0.137832,0.598892,0.006540,0.005564,0.034540,0.062050,0.111640,0.013359,0.033189,0.027343,0.033439,0.027341,0.032469,0.008262,0.026042,0.022777,0.038673,0.025044,0.045043,0.051188,0.022858,0.022868,0.007408,0.151443,0.046224,0.042416,0.003426,0.000000,0.000000,0.000920,0.001262,0.001581
ec2-c6a, 32,,,0.005013,0.021809,0.009359,0.007323,0.008728,0.018681,0.029828,0.024924,0.014738,0.014608,0.012345,1.421137,0.001987,0.001276,0.001651,0.004062,0.020038,0.020112,0.022523,0.002481,0.019847,0.118994,0.022498,0.017189,0.029067,0.003258,0.031778,0.046312,0.068898,0.010992,0.002989,0.018360,0.088889,0.053849,0.006170,0.001812,0.025832,0.032907,0.051315,0.002494,0.021590,0.015880,0.022362,0.016090,0.022108,0.003895,0.012057,0.008406,0.023001,0.008792,0.025328,0.019092,0.010996,0.011006,0.003073,0.030640,0.030122,0.017315,0.002708,0.000000,0.000000,0.000864,0.000925,0.001463
mammoth, 32,,,0.006096,0.045422,0.006819,0.008990,0.011382,0.010644,0.035794,0.024053,0.012656,0.008779,0.012405,1.094953,0.001630,0.001011,0.002002,0.003654,0.014717,0.012026,0.019642,0.003010,0.020680,0.120332,0.015111,0.016640,0.015479,0.003003,0.018037,0.053587,0.083503,0.009256,0.003718,0.015648,0.079396,0.061342,0.004406,0.002459,0.046448,0.033456,0.058263,0.003022,0.013744,0.016849,0.021976,0.026335,0.016594,0.004219,0.011948,0.009447,0.020082,0.007625,0.035709,0.019048,0.015206,0.015150,0.003759,0.068099,0.018731,0.019099,0.003433,0.000000,0.000000,0.000854,0.001146,0.001575
poodle, 32,,,0.003263,0.051912,0.007318,0.007798,0.002910,0.013417,0.015335,0.014333,0.006440,0.009817,0.005938,1.684048,0.000733,0.000746,0.000849,0.001516,0.016747,0.006531,0.012800,0.003482,0.013071,0.058146,0.008286,0.013211,0.028402,0.001358,0.008460,0.054316,0.085912,0.008620,0.002559,0.010244,0.055091,0.067785,0.003731,0.000883,0.017958,0.022100,0.045929,0.001754,0.006865,0.011293,0.012916,0.011341,0.007079,0.003089,0.009126,0.007933,0.021781,0.006337,0.024316,0.051732,0.013210,0.013208,0.002247,0.080840,0.015358,0.014039,0.001841,0.000000,0.000000,0.000368,0.000647,0.000714
quartz, 32,,,0.022703,0.136387,0.036128,0.014712,0.021762,0.042970,0.069229,0.068188,0.029953,0.031052,0.032185,2.531318,0.003310,0.001177,0.002584,0.007979,0.087753,0.026560,0.077965,0.004390,0.078050,0.127830,0.041240,0.045210,0.078004,0.006954,0.049431,0.232941,0.373672,0.014298,0.011796,0.038427,0.264459,0.310775,0.006094,0.005726,0.065906,0.107533,0.157482,0.008218,0.041163,0.070082,0.061871,0.071022,0.041166,0.006640,0.035931,0.022797,0.094875,0.017929,0.049830,0.046068,0.038615,0.038533,0.006564,0.211244,0.053783,0.050776,0.007949,0.000000,0.000000,0.001305,0.003274,0.005034
ruby, 32,,,0.007608,0.092872,0.013618,0.009982,0.012990,0.028902,0.024693,0.024904,0.018724,0.020994,0.013928,1.465408,0.001420,0.001172,0.001446,0.002885,0.033454,0.022670,0.030186,0.003777,0.030077,0.111368,0.030734,0.036875,0.060378,0.015110,0.044986,0.472338,0.711285,0.009169,0.023571,0.024309,0.125006,0.551890,0.008556,0.005415,0.026315,0.054397,0.094536,0.014853,0.031647,0.023977,0.028381,0.023906,0.030291,0.004161,0.021668,0.014668,0.069724,0.016358,0.041843,0.052464,0.020769,0.022664,0.004220,0.142676,0.047061,0.032045,0.003525,0.000000,0.000000,0.000701,0.001062,0.001592
