machine,Kernel,Kernel,Basic_DAXPY,Basic_DAXPY_ATOMIC,Basic_IF_QUAD,Basic_INDEXLIST,Basic_INDEXLIST_3LOOP,Basic_INIT3,Basic_INIT_VIEW1D,Basic_INIT_VIEW1D_OFFSET,Basic_MAT_MAT_SHARED,Basic_MULADDSUB,Basic_NESTED_INIT,Basic_PI_ATOMIC,Basic_PI_REDUCE,Basic_REDUCE3_INT,Basic_REDUCE_STRUCT,Basic_TRAP_INT,Lcals_DIFF_PREDICT,Lcals_EOS,Lcals_FIRST_DIFF,Lcals_FIRST_MIN,Lcals_FIRST_SUM,Lcals_GEN_LIN_RECUR,Lcals_HYDRO_1D,Lcals_HYDRO_2D,Lcals_INT_PREDICT,Lcals_PLANCKIAN,Lcals_TRIDIAG_ELIM,Polybench_2MM,Polybench_3MM,Polybench_ADI,Polybench_ATAX,Polybench_FDTD_2D,Polybench_FLOYD_WARSHALL,Polybench_GEMM,Polybench_GEMVER,Polybench_GESUMMV,Polybench_HEAT_3D,Polybench_JACOBI_1D,Polybench_JACOBI_2D,Polybench_MVT,Stream_ADD,Stream_COPY,Stream_DOT,Stream_MUL,Stream_TRIAD,Apps_CONVECTION3DPA,Apps_DEL_DOT_VEC_2D,Apps_DIFFUSION3DPA,Apps_ENERGY,Apps_FIR,Apps_HALOEXCHANGE,Apps_HALOEXCHANGE_FUSED,Apps_LTIMES,Apps_LTIMES_NOVIEW,Apps_MASS3DPA,Apps_NODAL_ACCUMULATION_3D,Apps_PRESSURE,Apps_VOL3D,Algorithm_SCAN,Algorithm_SORT,Algorithm_SORTPAIRS,Algorithm_REDUCE_SUM,Algorithm_MEMSET,Algorithm_MEMCPY
boraxo,Base_Seq,default,0.177560,0.176508,0.276000,0.327392,0.127703,0.631382,0.476509,0.501967,0.361805,0.442450,0.192571,0.021868,0.021896,0.004527,0.017939,0.054645,0.813002,0.399498,0.714647,0.087478,0.717888,0.915181,0.548663,0.746384,1.118487,0.072192,0.768398,6.017205,9.423766,0.296045,0.153545,0.427456,2.971679,7.232432,0.036062,0.042967,0.409317,1.173255,1.770437,0.153258,0.545423,0.641831,0.699985,0.642912,0.537034,0.107702,0.578783,0.405165,1.262430,0.245203,0.021789,0.021745,0.739380,0.739233,0.080616,0.244651,0.887866,0.843414,0.087741,1.116675,1.354822,0.011294,0.019203,0.040157
boraxo,Base_Seq,default,0.176739,0.175841,0.276238,0.326992,0.127355,0.637977,0.473722,0.521443,0.362562,0.442459,0.192636,0.021861,0.021884,0.004527,0.017949,0.054655,0.810253,0.400002,0.713442,0.087480,0.715979,0.911194,0.548240,0.745419,1.125371,0.072474,0.770467,5.872958,9.339410,0.292591,0.155778,0.429836,2.954700,7.633884,0.035581,0.043000,0.412894,1.169152,1.768390,0.156157,0.548292,0.645547,0.699541,0.642615,0.538477,0.105874,0.578870,0.405274,1.265497,0.245220,0.021806,0.021742,0.738289,0.738278,0.080372,0.244860,0.893806,0.844244,0.087755,1.116638,1.354913,0.011315,0.019174,0.039807
boraxo,Base_Seq,default,0.181944,0.180699,0.276279,0.326986,0.128709,0.647244,0.481367,0.489129,0.364653,0.440720,0.193952,0.021861,0.021913,0.004525,0.019490,0.054675,0.791027,0.422765,0.758654,0.087512,0.763175,1.000153,0.595010,0.821120,1.120000,0.074563,0.809795,6.009490,9.432026,0.296106,0.153823,0.465850,3.202402,7.185689,0.035176,0.045787,0.439345,1.209869,1.836488,0.152777,0.588192,0.678026,0.706768,0.675020,0.576274,0.108844,0.613843,0.414981,1.258516,0.245634,0.021807,0.021736,0.746191,0.746220,0.082627,0.244941,0.918648,0.925632,0.088131,1.116498,1.357222,0.011458,0.019715,0.043326
boraxo,Base_Seq,default,0.176919,0.176144,0.275939,0.327050,0.127961,0.636648,0.473661,0.503915,0.362451,0.439165,0.192545,0.021873,0.021920,0.004598,0.018210,0.054671,0.811482,0.400055,0.712305,0.087474,0.714581,0.906227,0.547945,0.755555,1.123753,0.074323,0.769203,5.957675,9.041125,0.298288,0.156701,0.431114,2.945915,7.626298,0.035603,0.043593,0.440250,1.170463,1.794423,0.155981,0.547626,0.643652,0.699639,0.638088,0.538537,0.106554,0.613633,0.419793,1.266627,0.245257,0.021842,0.021791,0.740784,0.745528,0.082135,0.244562,0.894562,0.872080,0.087763,1.116300,1.355176,0.011238,0.019653,0.041982
boraxo,Base_Seq,default,0.179841,0.178405,0.275915,0.327059,0.127282,0.645259,0.477106,0.480330,0.363669,0.438457,0.193078,0.021868,0.021869,0.004626,0.018355,0.054619,0.804305,0.427818,0.736340,0.087487,0.739221,0.993033,0.588050,0.747895,1.119596,0.074833,0.796942,5.962283,9.268852,0.292663,0.154069,0.448338,3.064135,7.238505,0.035243,0.043489,0.417735,1.227498,1.844614,0.154276,0.568051,0.657636,0.700027,0.652874,0.557922,0.106620,0.578985,0.405118,1.257121,0.245595,0.021814,0.021615,0.738378,0.738392,0.080722,0.244803,0.921937,0.843784,0.088174,1.116296,1.357898,0.011499,0.019914,0.044581
boraxo,Base_Seq,default,0.181635,0.180673,0.276328,0.327091,0.129312,0.655920,0.493377,0.528153,0.367968,0.448271,0.199744,0.021870,0.021937,0.004585,0.019340,0.054700,0.804212,0.427934,0.744455,0.087512,0.750539,0.978245,0.586486,0.815710,1.153677,0.074300,0.820198,6.084323,9.237827,0.298447,0.156738,0.462653,3.147923,7.613853,0.035647,0.045589,0.442966,1.227316,1.863268,0.155074,0.584487,0.675767,0.711757,0.669154,0.575323,0.109966,0.613949,0.417360,1.295212,0.245447,0.022486,0.022389,0.745414,0.745445,0.082108,0.244805,0.942162,0.923172,0.087940,1.116519,1.357798,0.011322,0.020593,0.043418
boraxo,Base_Seq,default,0.184856,0.183128,0.276641,0.327115,0.127387,0.650454,0.491029,0.495001,0.365585,0.444482,0.201175,0.021862,0.021879,0.004615,0.019248,0.054621,0.805880,0.432296,0.803964,0.087661,0.805421,1.012715,0.593169,0.814345,1.128798,0.076638,0.822340,6.108295,9.513749,0.290142,0.156329,0.467748,3.182339,8.380218,0.036473,0.045725,0.434255,1.233212,1.861158,0.155718,0.590374,0.669534,0.710106,0.676534,0.573942,0.108821,0.613909,0.421425,1.273894,0.245934,0.021957,0.021777,0.745372,0.745323,0.082105,0.245012,0.941040,0.925378,0.088524,1.116330,1.359282,0.012236,0.021557,0.045909
boraxo,Base_Seq,default,0.177348,0.176372,0.276313,0.327185,0.127851,0.635482,0.473847,0.506070,0.361963,0.444987,0.192508,0.021863,0.021888,0.004529,0.017922,0.054647,0.807883,0.402075,0.715706,0.087478,0.718924,0.913521,0.549454,0.746530,1.120811,0.072022,0.769373,6.019020,9.413912,0.295876,0.152972,0.430650,2.967695,7.232893,0.035276,0.043036,0.408797,1.172917,1.778805,0.152994,0.546802,0.641919,0.699294,0.640791,0.538887,0.106382,0.578739,0.400299,1.265100,0.245248,0.021806,0.021775,0.737849,0.737755,0.080149,0.244643,0.892295,0.843586,0.087749,1.116482,1.354890,0.011179,0.019469,0.042548
boraxo,Base_Seq,default,0.177703,0.176859,0.276178,0.327178,0.127150,0.635801,0.472972,0.502043,0.363330,0.448527,0.192683,0.021863,0.021885,0.004536,0.018028,0.054645,0.808521,0.403252,0.714704,0.087465,0.716141,0.910236,0.551587,0.812025,1.123073,0.073831,0.773214,5.868321,9.348623,0.292617,0.156396,0.430730,2.963969,7.654508,0.035827,0.043036,0.412725,1.171636,1.776444,0.156057,0.548854,0.646274,0.700661,0.644010,0.539747,0.106424,0.576435,0.400324,1.263784,0.245154,0.021830,0.021796,0.738223,0.738290,0.080025,0.244397,0.893881,0.841196,0.087725,1.116655,1.354891,0.011275,0.019131,0.040729
boraxo,Base_Seq,default,0.177240,0.176384,0.275901,0.327049,0.127879,0.637034,0.475118,0.483123,0.361176,0.444849,0.193088,0.021877,0.021911,0.004539,0.018390,0.054670,0.807442,0.404524,0.713236,0.087470,0.715426,0.908505,0.550615,0.808094,1.123031,0.073977,0.773285,6.011578,9.420236,0.296336,0.154269,0.433228,2.966016,7.183155,0.035437,0.043540,0.431905,1.170281,1.789220,0.155808,0.546832,0.645877,0.701603,0.642930,0.541581,0.106690,0.613764,0.410996,1.270719,0.245264,0.021901,0.021818,0.745406,0.745403,0.082049,0.244501,0.899778,0.925296,0.087726,1.116604,1.354737,0.011240,0.019597,0.041886
boraxo,Base_Seq,default,0.176954,0.175917,0.275846,0.327167,0.127881,0.646005,0.474216,0.477644,0.361628,0.447729,0.192441,0.021866,0.021918,0.004581,0.018277,0.054686,0.808713,0.402465,0.717526,0.087464,0.719244,0.911345,0.551074,0.807402,1.122823,0.073930,0.771676,5.957375,9.045090,0.297305,0.157238,0.435777,2.973217,7.613574,0.036089,0.043570,0.436855,1.169434,1.780949,0.156545,0.548265,0.645686,0.701284,0.645053,0.541480,0.106823,0.613698,0.411180,1.270360,0.245255,0.021843,0.021794,0.740017,0.745328,0.082160,0.244424,0.896509,0.925279,0.087741,1.116567,1.355351,0.011176,0.019742,0.041381
boraxo,Base_Seq,default,0.177068,0.175902,0.276016,0.327101,0.127265,0.636970,0.474492,0.478549,0.361947,0.444516,0.192595,0.021873,0.021866,0.004577,0.017944,0.054616,0.810125,0.404752,0.715507,0.087472,0.717152,0.917928,0.553946,0.746565,1.120973,0.072043,0.773475,5.964423,9.257255,0.290240,0.152993,0.430218,2.957454,7.240044,0.035392,0.042914,0.410091,1.170783,1.770048,0.153104,0.547352,0.646984,0.700413,0.643979,0.540959,0.106471,0.576391,0.399735,1.263206,0.245214,0.021852,0.021721,0.737795,0.737842,0.079776,0.244493,0.891178,0.841398,0.087774,1.116863,1.355563,0.011292,0.019468,0.040663
boraxo,Base_Seq,default,0.177109,0.176372,0.276219,0.327298,0.128629,0.646533,0.490442,0.493947,0.365820,0.451478,0.198835,0.021871,0.021939,0.004606,0.018475,0.054693,0.816235,0.411938,0.715314,0.087504,0.718975,0.927798,0.558899,0.766072,1.146330,0.073721,0.791914,6.099443,9.237671,0.297976,0.156872,0.439304,2.994952,7.649369,0.035832,0.044086,0.440991,1.182992,1.804246,0.155630,0.559723,0.647290,0.700357,0.643082,0.547416,0.107723,0.613747,0.412686,1.293973,0.245328,0.022399,0.022371,0.740765,0.745337,0.081765,0.244663,0.918641,0.905794,0.087800,1.116741,1.356229,0.011329,0.020452,0.041882
boraxo,Base_Seq,default,0.177734,0.176582,0.276100,0.327049,0.127186,0.634557,0.473474,0.476881,0.361444,0.441665,0.192519,0.021868,0.021867,0.004583,0.018059,0.054624,0.808423,0.405733,0.719493,0.087485,0.722418,0.922921,0.552219,0.742397,1.121150,0.071503,0.770098,6.128117,9.512465,0.291243,0.152634,0.430769,2.963474,8.402932,0.035318,0.043161,0.407562,1.174855,1.774892,0.152788,0.550481,0.646456,0.700262,0.644782,0.542182,0.107241,0.576398,0.400068,1.265031,0.245330,0.021889,0.021811,0.738164,0.738253,0.080509,0.244587,0.895491,0.841424,0.087903,1.116514,1.355767,0.011343,0.019217,0.044374
boraxo,Base_Seq,default,0.177180,0.176114,0.276184,0.327220,0.127671,0.633954,0.473103,0.477884,0.362652,0.446945,0.192926,0.021865,0.021898,0.004543,0.018095,0.054645,0.809487,0.401126,0.715493,0.087471,0.718117,0.909423,0.546833,0.813171,1.119006,0.073881,0.767237,5.993664,9.411209,0.296511,0.153600,0.430072,2.958698,7.180715,0.035433,0.043164,0.433412,1.169318,1.781397,0.153032,0.542963,0.641075,0.699319,0.640566,0.537886,0.107651,0.613809,0.410498,1.263924,0.245276,0.021776,0.021739,0.745451,0.745383,0.081667,0.244653,0.888459,0.925091,0.087747,1.116315,1.354889,0.011357,0.019216,0.041993
boraxo,Base_Seq,default,0.177120,0.176312,0.276269,0.327096,0.127203,0.638406,0.473556,0.524402,0.362943,0.447839,0.192620,0.021868,0.021892,0.004539,0.017960,0.054648,0.809673,0.401408,0.718086,0.087486,0.720740,0.913101,0.547147,0.813338,1.118845,0.073663,0.769226,5.869754,9.350028,0.291010,0.156819,0.428431,2.950437,7.614956,0.035758,0.043273,0.435664,1.166991,1.774046,0.156436,0.546278,0.641812,0.700042,0.642186,0.536804,0.106411,0.578784,0.399168,1.258722,0.245239,0.021863,0.021798,0.737824,0.737711,0.080089,0.244469,0.887276,0.843637,0.087752,1.116251,1.354858,0.011127,0.019166,0.043259
boraxo,Base_Seq,default,0.176859,0.176055,0.275952,0.327275,0.127936,0.634042,0.473525,0.501156,0.361334,0.445597,0.192659,0.021868,0.021909,0.004529,0.018422,0.054669,0.813197,0.399169,0.709668,0.087467,0.712126,0.903131,0.548298,0.818012,1.119414,0.073858,0.767824,6.008948,9.420354,0.296286,0.154198,0.430075,2.952148,7.180267,0.035289,0.043466,0.436772,1.167457,1.784407,0.153653,0.544521,0.640377,0.699680,0.640033,0.535848,0.108093,0.609042,0.403878,1.259097,0.245304,0.021804,0.021712,0.742972,0.745705,0.081972,0.244432,0.891417,0.925097,0.087776,1.116524,1.355325,0.011207,0.019166,0.040864
boraxo,Base_Seq,default,0.177030,0.176111,0.275845,0.327152,0.127897,0.638349,0.474321,0.477937,0.361567,0.450994,0.192543,0.021865,0.021912,0.004589,0.018197,0.054670,0.812222,0.400991,0.713503,0.087467,0.716068,0.907835,0.547705,0.817024,1.119227,0.073783,0.766039,5.957210,9.046508,0.297128,0.157429,0.428611,2.956778,7.617405,0.036002,0.043469,0.440152,1.166995,1.787251,0.156328,0.542478,0.643558,0.700434,0.640794,0.537774,0.106759,0.613741,0.410611,1.263748,0.245240,0.021816,0.021735,0.745320,0.745323,0.082155,0.244526,0.888878,0.925444,0.087743,1.116398,1.354876,0.011232,0.019521,0.041079
boraxo,Base_Seq,default,0.176950,0.175834,0.276368,0.327119,0.126931,0.639239,0.472397,0.477727,0.362308,0.444528,0.193091,0.021864,0.021870,0.004569,0.017894,0.054627,0.812554,0.399773,0.710045,0.087462,0.711284,0.904445,0.545485,0.813460,1.118948,0.073755,0.766359,5.942709,9.255189,0.290922,0.154200,0.428916,2.963306,7.181410,0.035156,0.043168,0.433618,1.168841,1.788652,0.153217,0.544505,0.641292,0.699691,0.639466,0.535877,0.107261,0.613768,0.410384,1.263875,0.245261,0.021844,0.021706,0.746157,0.746151,0.081045,0.244582,0.888377,0.925345,0.087741,1.116493,1.355277,0.011200,0.019130,0.040707
boraxo,Base_Seq,default,0.176878,0.176271,0.276152,0.327271,0.128331,0.650982,0.491410,0.507494,0.366308,0.455710,0.198865,0.021874,0.021952,0.004581,0.018472,0.054697,0.820349,0.410567,0.718349,0.087505,0.721269,0.924255,0.555396,0.816761,1.144577,0.074001,0.786313,6.078358,9.237834,0.298014,0.156753,0.436770,3.002478,7.643780,0.035903,0.044014,0.441053,1.184139,1.803007,0.155683,0.557021,0.646269,0.700140,0.644404,0.546602,0.107530,0.613730,0.401697,1.287317,0.245318,0.022461,0.022390,0.739546,0.744895,0.081810,0.244811,0.913016,0.923122,0.087804,1.116734,1.356030,0.011307,0.020432,0.042218
boraxo,Base_Seq,default,0.177226,0.176345,0.276257,0.326976,0.126983,0.636582,0.472705,0.476560,0.362759,0.437734,0.192264,0.021867,0.021877,0.004573,0.017966,0.054620,0.812606,0.400940,0.713035,0.087478,0.715390,0.912630,0.545186,0.812395,1.119328,0.073161,0.765797,6.102217,9.514338,0.289675,0.153655,0.428704,2.950385,8.367040,0.035139,0.043196,0.431040,1.169489,1.782637,0.151932,0.545419,0.640409,0.699240,0.638152,0.535576,0.107229,0.613713,0.410421,1.262913,0.245260,0.021860,0.021741,0.744921,0.744895,0.081902,0.244569,0.886480,0.925257,0.087763,1.116424,1.355222,0.011210,0.019203,0.043283
catalyst,Base_Seq,default,0.172274,0.171762,0.555665,0.230325,0.280600,0.804006,0.798361,0.795364,0.563803,0.564260,0.349912,0.110129,0.110321,0.004986,0.015210,0.220445,0.821885,0.461763,0.690310,0.059830,0.693538,0.932383,0.520934,0.994188,1.445194,0.542714,0.799943,18.204458,27.318719,0.292211,0.438791,0.436598,3.088612,20.130514,0.106704,0.045761,0.660711,1.278375,1.929514,0.430970,0.497620,0.579874,0.559419,0.580207,0.554333,0.139968,0.724687,0.475394,1.501687,0.343960,0.015684,0.015717,0.615693,0.609633,0.116591,0.246196,1.037362,0.943414,0.047956,0.772508,0.859783,0.007775,0.019733,0.032497
catalyst,Base_Seq,default,0.173700,0.172895,0.632952,0.230725,0.283381,0.788016,0.796012,0.795326,0.560757,0.556200,0.349408,0.110436,0.114217,0.005149,0.016024,0.227683,0.822873,0.487728,0.696188,0.060275,0.698873,0.940101,0.542723,1.062623,1.468987,0.543824,0.836392,18.366504,27.547555,0.293094,0.500587,0.469734,2.995786,20.769388,0.094097,0.041801,0.618280,1.242077,1.933862,0.455685,0.534954,0.619336,0.586593,0.584140,0.506620,0.136527,0.698210,0.462998,1.465641,0.354632,0.015698,0.017503,0.635312,0.628981,0.118667,0.256473,1.037643,0.918580,0.047634,0.770545,0.900134,0.008296,0.020752,0.034017
catalyst,Base_Seq,default,0.174031,0.173154,0.553715,0.230649,0.278811,0.811815,0.796273,0.795378,0.565447,0.597297,0.349909,0.110155,0.110845,0.004986,0.015479,0.220904,0.821961,0.505922,0.727215,0.059833,0.709255,0.917668,0.520657,0.993800,1.440973,0.542972,0.865233,17.732964,27.248454,0.302908,0.438873,0.450138,2.816242,20.161039,0.093767,0.041418,0.617520,1.243926,1.926517,0.430983,0.493967,0.597921,0.566300,0.581314,0.497994,0.135847,0.699254,0.462698,1.471350,0.352061,0.015730,0.016074,0.615395,0.648738,0.114833,0.246962,1.004370,0.917269,0.047322,0.770243,0.859585,0.007708,0.019716,0.032214
catalyst,Base_Seq,default,0.178486,0.179180,0.552908,0.230915,0.278834,0.800885,0.797165,0.797502,0.555330,0.551057,0.349098,0.109912,0.110371,0.004985,0.016922,0.246108,0.888053,0.489845,0.716959,0.060100,0.724136,0.928606,0.531833,1.056954,1.446392,0.541369,0.817679,18.023104,27.418057,0.289396,0.440001,0.439647,2.851442,20.113814,0.093448,0.038758,0.597542,1.251097,1.978261,0.446498,0.516378,0.581952,0.566840,0.581771,0.503373,0.137514,0.703198,0.463110,1.461115,0.344554,0.016080,0.015856,0.616268,0.608259,0.114532,0.246880,1.011484,0.915717,0.050499,0.805886,0.887469,0.007692,0.019455,0.032594
catalyst,Base_Seq,default,0.172966,0.172663,0.559812,0.230388,0.279086,0.809930,0.796032,0.793978,0.575551,0.561975,0.349776,0.109878,0.110509,0.004973,0.015420,0.220483,0.819004,0.462588,0.693816,0.060010,0.697579,0.911486,0.524832,0.993059,1.441585,0.545583,0.807084,17.716913,27.011074,0.287067,0.438768,0.473576,2.808886,20.572194,0.093550,0.041138,0.640709,1.236991,1.929519,0.430887,0.503597,0.576447,0.566465,0.577808,0.528123,0.137766,0.699981,0.465521,1.460704,0.345456,0.015843,0.015622,0.615730,0.607419,0.115337,0.247787,1.004908,0.918420,0.047363,0.769565,0.858637,0.007704,0.019377,0.031941
catalyst,Base_Seq,default,0.173647,0.173440,0.552129,0.231074,0.279487,0.812528,0.796300,0.795520,0.559083,0.566630,0.378486,0.117443,0.110828,0.004990,0.015180,0.221066,0.822143,0.461930,0.696442,0.059909,0.699378,0.992532,0.537320,0.998767,1.450496,0.542940,0.811361,17.976810,27.420487,0.309018,0.439033,0.442633,2.822602,20.337981,0.093476,0.041364,0.597723,1.250721,1.933157,0.476349,0.504265,0.579938,0.560228,0.581038,0.508205,0.136860,0.701957,0.464588,1.459060,0.343953,0.015726,0.015661,0.616150,0.610187,0.114648,0.250736,1.012589,0.915372,0.047396,0.770410,0.860392,0.007708,0.019536,0.032669
catalyst,Base_Seq,default,0.174052,0.173612,0.557513,0.230566,0.280312,0.802579,0.797265,0.796328,0.622359,0.578126,0.361422,0.110062,0.110677,0.005015,0.015280,0.221137,0.826746,0.467022,0.781955,0.063882,0.746020,0.934263,0.522844,0.992492,1.450577,0.544754,0.887940,17.957737,27.522067,0.287628,0.440356,0.440519,2.812240,20.750185,0.094058,0.041997,0.598666,1.243454,1.936983,0.447003,0.505014,0.582509,0.566706,0.582203,0.504755,0.136983,0.699900,0.465002,1.478925,0.345490,0.015763,0.017991,0.623275,0.608628,0.115641,0.246686,1.015843,0.918354,0.047334,0.770735,0.860363,0.007992,0.020164,0.033470
catalyst,Base_Seq,default,0.173209,0.173397,0.555679,0.239907,0.280014,0.793920,0.795846,0.820318,0.584060,0.561903,0.349466,0.110130,0.110513,0.005087,0.015530,0.220926,0.825782,0.476328,0.718169,0.059854,0.698222,0.918115,0.529083,0.994910,1.449222,0.559834,0.831851,17.819403,27.730113,0.289627,0.440071,0.442294,2.845415,20.198910,0.094283,0.047299,0.646798,1.243085,1.938660,0.432260,0.502059,0.577752,0.567848,0.577152,0.547582,0.140938,0.709528,0.464673,1.470573,0.355927,0.015834,0.016806,0.646369,0.628130,0.119052,0.258233,1.019755,0.919788,0.047660,0.769704,0.860322,0.008042,0.020158,0.033298
catalyst,Base_Seq,default,0.173955,0.174240,0.556962,0.230648,0.279711,0.824801,0.796827,0.795906,0.569617,0.614153,0.361173,0.113751,0.110733,0.005018,0.015447,0.220531,0.825528,0.461477,0.709815,0.062050,0.738327,0.927073,0.531198,0.997614,1.451607,0.542961,0.820305,17.994032,27.689189,0.331643,0.470133,0.449333,2.815829,20.460021,0.093903,0.041476,0.636550,1.246947,1.939404,0.432370,0.533055,0.581067,0.568111,0.601765,0.504853,0.137107,0.701368,0.463925,1.471626,0.355025,0.015980,0.015752,0.701062,0.608637,0.115382,0.246349,1.021486,0.981717,0.049206,0.771794,0.859758,0.008808,0.021560,0.033228
catalyst,Base_Seq,default,0.179025,0.182747,0.552952,0.230949,0.278985,0.788703,0.796793,0.794834,0.574991,0.555820,0.351245,0.110286,0.110952,0.005129,0.014887,0.220262,0.824831,0.536946,0.787996,0.063867,0.772376,0.955974,0.528432,1.004807,1.448355,0.542157,0.820516,17.790839,27.607305,0.303990,0.450583,0.445590,2.804440,20.188905,0.099943,0.044558,0.645327,1.285743,1.985823,0.432332,0.568945,0.661882,0.594934,0.605090,0.509041,0.138032,0.700802,0.466288,1.461060,0.345271,0.015994,0.016002,0.614817,0.609240,0.115532,0.250293,1.018418,0.919064,0.047775,0.770206,0.977747,0.008290,0.020835,0.034395
catalyst,Base_Seq,default,0.173953,0.173945,0.559554,0.230344,0.279841,0.816213,0.797294,0.793623,0.578099,0.566450,0.350024,0.109881,0.110554,0.005075,0.015586,0.220828,0.825365,0.463747,0.696322,0.060137,0.700405,0.920850,0.535258,0.995192,1.449909,0.545257,0.820762,17.998473,27.904793,0.286388,0.439071,0.445405,2.812989,20.527459,0.093981,0.041683,0.621898,1.247378,1.950188,0.430739,0.504751,0.581723,0.571124,0.583477,0.508541,0.135619,0.700317,0.464609,1.463746,0.345551,0.015760,0.015731,0.614993,0.637826,0.114991,0.247644,1.014889,0.920399,0.047500,0.769379,0.860135,0.007805,0.019543,0.032309
catalyst,Base_Seq,default,0.173451,0.173779,0.553597,0.238937,0.280130,0.824513,0.881797,0.847068,0.578055,0.581291,0.350349,0.110618,0.110454,0.005010,0.014559,0.220737,0.825249,0.477624,0.718517,0.061782,0.718599,0.914390,0.530759,0.996820,1.444503,0.575504,0.815344,17.777365,27.312724,0.285083,0.441158,0.444808,2.815215,20.227818,0.100225,0.042673,0.621858,1.250872,1.941119,0.431534,0.507252,0.582972,0.560802,0.629705,0.523038,0.138549,0.699399,0.464879,1.464083,0.346271,0.015782,0.015737,0.617156,0.610454,0.115180,0.246106,1.102064,1.002726,0.049180,0.770859,0.860768,0.007777,0.019528,0.032250
catalyst,Base_Seq,default,0.172991,0.173921,0.553058,0.231012,0.280597,0.801149,0.806806,0.794629,0.562868,0.563751,0.350380,0.110348,0.110189,0.004986,0.015301,0.221061,0.824755,0.464892,0.693731,0.060154,0.697330,0.914787,0.529800,0.992036,1.448453,0.543189,0.814375,18.033188,27.160236,0.291236,0.441922,0.438718,2.808384,20.593949,0.093420,0.041240,0.598135,1.241658,1.953213,0.431546,0.507398,0.580533,0.560003,0.580597,0.507034,0.137264,0.703375,0.464166,1.476727,0.344703,0.015714,0.015693,0.621892,0.610337,0.115705,0.246366,1.016735,0.916621,0.048145,0.770734,0.913987,0.007779,0.019464,0.032295
catalyst,Base_Seq,default,0.173623,0.173551,0.561231,0.238389,0.279234,0.863688,0.795878,0.795831,0.562223,0.558855,0.349926,0.110001,0.110679,0.004992,0.015524,0.220924,0.880755,0.464568,0.695002,0.059848,0.698261,0.919177,0.524375,0.993620,1.449801,0.543858,0.814729,17.915097,27.153843,0.291856,0.439260,0.448022,2.813143,20.169127,0.098279,0.042660,0.619651,1.242367,1.946911,0.432911,0.504585,0.578818,0.567924,0.577786,0.519823,0.137646,0.701023,0.464557,1.469354,0.344145,0.015752,0.015688,0.615427,0.610330,0.115739,0.250107,1.063830,0.945157,0.047593,0.770209,0.860223,0.007778,0.019516,0.031870
catalyst,Base_Seq,default,0.173312,0.172938,0.553850,0.238922,0.279777,0.823292,0.796616,0.797162,0.565569,0.596102,0.350456,0.109949,0.110713,0.004989,0.015470,0.220214,0.825075,0.463300,0.709941,0.060131,0.711852,0.923998,0.527344,0.995243,1.460821,0.543481,0.813653,17.875257,27.451864,0.290681,0.438991,0.451127,2.807678,20.185204,0.093903,0.041186,0.599365,1.240238,1.943598,0.431562,0.508736,0.576084,0.565073,0.579659,0.511318,0.137803,0.700869,0.463841,1.472447,0.344212,0.015709,0.015859,0.615606,0.609391,0.115242,0.246253,1.014194,0.919511,0.047560,0.772068,0.900522,0.007778,0.019784,0.032145
catalyst,Base_Seq,default,0.178042,0.178038,0.553536,0.233791,0.315005,0.784559,0.796430,0.795193,0.556007,0.554095,0.349294,0.110214,0.114533,0.005154,0.015732,0.220877,0.823003,0.478386,0.721041,0.059922,0.728489,0.933623,0.532236,1.057596,1.471514,0.543234,0.819092,18.155271,27.175299,0.286252,0.440320,0.443910,2.992572,20.117759,0.094060,0.041044,0.597263,1.241874,1.982873,0.446414,0.517055,0.583724,0.569224,0.586804,0.505425,0.137969,0.699143,0.464994,1.487420,0.344463,0.015746,0.015674,0.615622,0.609839,0.114409,0.246861,1.014157,0.915764,0.049270,0.787628,0.858224,0.007773,0.019544,0.032095
catalyst,Base_Seq,default,0.173161,0.173687,0.560715,0.230908,0.279146,0.811485,0.795079,0.793337,0.575629,0.564912,0.352977,0.110194,0.110394,0.004975,0.015471,0.220445,0.821561,0.465149,0.690640,0.059902,0.695278,0.916140,0.533828,0.994901,1.444696,0.545417,0.816701,18.164014,27.266296,0.286991,0.439232,0.443078,2.783113,20.051102,0.093871,0.041164,0.601272,1.241384,1.934176,0.431343,0.507649,0.574894,0.565437,0.576978,0.511141,0.135809,0.699816,0.463057,1.462554,0.345876,0.015640,0.015603,0.615143,0.608731,0.114901,0.246528,1.011009,0.920926,0.047604,0.769952,0.885070,0.007636,0.019385,0.031941
catalyst,Base_Seq,default,0.173092,0.172822,0.552694,0.235142,0.279833,0.815138,0.796241,0.795992,0.559919,0.595973,0.349694,0.110434,0.111605,0.004989,0.015219,0.220935,0.824588,0.464188,0.695363,0.059844,0.717442,0.912145,0.529701,0.997548,1.451518,0.544215,0.816437,18.021296,27.158304,0.291194,0.440379,0.438834,2.813988,20.299353,0.093545,0.041065,0.597529,1.238975,1.932204,0.433228,0.497198,0.579513,0.561536,0.580954,0.502277,0.138518,0.698350,0.464509,1.465056,0.345176,0.015706,0.015752,0.615548,0.610168,0.115100,0.246164,1.015134,0.916478,0.047484,0.769838,0.859716,0.007777,0.019516,0.032221
ec2-c5n,Base_Seq,default,0.155145,0.154217,0.251645,0.214726,0.260673,0.551256,0.716513,0.742056,0.627665,0.391951,0.327557,0.033458,0.032181,0.007361,0.017007,0.071944,0.695338,0.417555,0.627781,0.057291,0.625907,0.809530,0.508898,0.526240,1.076984,0.098426,0.732538,3.586730,5.766830,0.220008,0.108256,0.396235,2.692136,5.174268,0.025929,0.039167,0.417703,1.014946,1.520206,0.107721,0.507490,0.570305,0.630987,0.569136,0.502253,0.142309,0.411804,0.376519,0.742488,0.219913,0.017531,0.017515,0.507978,0.505595,0.104513,0.169069,0.870825,0.638287,0.057843,0.742357,0.874646,0.014595,0.015249,0.030941
ec2-c5n,Base_Seq,default,0.153594,0.152867,0.252622,0.214617,0.260714,0.555210,0.717133,0.742601,0.626719,0.394946,0.327842,0.033315,0.032268,0.007305,0.016940,0.071948,0.698421,0.419455,0.610765,0.057290,0.610698,0.814699,0.513223,0.525285,1.077510,0.098816,0.740373,3.830329,5.984567,0.222174,0.113027,0.394314,2.598887,5.271552,0.026580,0.039534,0.423076,1.024831,1.479605,0.112837,0.499974,0.555182,0.615525,0.554468,0.497575,0.139221,0.411979,0.376931,0.751444,0.220237,0.017510,0.017592,0.507484,0.508415,0.104864,0.169066,0.890288,0.638701,0.058402,0.742000,0.877374,0.014658,0.015365,0.032415
ec2-c5n,Base_Seq,default,0.156367,0.154588,0.250567,0.214532,0.261289,0.547573,0.716438,0.717640,0.626270,0.388755,0.327730,0.033479,0.036731,0.007380,0.016863,0.072538,0.691928,0.414722,0.625879,0.057248,0.624853,0.797735,0.500074,0.523586,1.058732,0.099853,0.718980,3.890133,5.789867,0.219832,0.107818,0.391040,2.631885,5.273035,0.026039,0.039726,0.418975,1.023511,1.495271,0.107390,0.494045,0.556687,0.615742,0.554648,0.492067,0.139781,0.412273,0.375749,0.731974,0.219864,0.017485,0.017476,0.509206,0.508363,0.104583,0.169045,0.861738,0.639396,0.057818,0.742047,0.874421,0.014583,0.015893,0.030952
ec2-c5n,Base_Seq,default,0.155942,0.154978,0.251516,0.214494,0.260651,0.551684,0.715681,0.751817,0.625590,0.396169,0.328113,0.033443,0.036649,0.007374,0.016742,0.072477,0.696203,0.421231,0.633151,0.057193,0.632811,0.817691,0.511632,0.524646,1.077336,0.098922,0.742007,3.962051,5.750876,0.223253,0.114575,0.399714,2.565044,5.134252,0.027014,0.040401,0.398928,1.029251,1.527000,0.114372,0.508116,0.556397,0.616214,0.555325,0.506974,0.140377,0.411873,0.378494,0.743788,0.220451,0.017532,0.017540,0.508323,0.507119,0.105563,0.169057,0.889068,0.638741,0.057993,0.742263,0.875013,0.014554,0.015856,0.030993
ec2-c5n,Base_Seq,default,0.156308,0.154682,0.250071,0.214897,0.260963,0.564432,0.717859,0.718984,0.628554,0.385718,0.327897,0.033321,0.032149,0.007396,0.016605,0.071881,0.697005,0.418974,0.628337,0.057254,0.624338,0.820605,0.516086,0.527088,1.078014,0.098475,0.748503,3.474569,5.224224,0.207966,0.109060,0.402675,2.596307,4.975860,0.025940,0.040074,0.395880,1.044677,1.487530,0.107682,0.507285,0.568919,0.626536,0.562710,0.505268,0.139377,0.411553,0.376819,0.749785,0.220349,0.017527,0.017431,0.506793,0.507776,0.105615,0.169208,0.885050,0.638633,0.058672,0.742313,0.876110,0.014575,0.015296,0.032374
ec2-c5n,Base_Seq,default,0.157899,0.156778,0.251656,0.214669,0.261930,0.566176,0.717007,0.717615,0.629022,0.404230,0.328470,0.033443,0.036918,0.007324,0.017632,0.072474,0.706744,0.441235,0.641504,0.057693,0.639959,0.838912,0.527533,0.537222,1.106538,0.098642,0.766302,3.834303,5.785982,0.222186,0.107546,0.406785,2.687592,4.998156,0.025950,0.042962,0.429414,1.092011,1.527042,0.105544,0.521018,0.560908,0.622255,0.558714,0.513928,0.140810,0.411773,0.378204,0.765420,0.220357,0.018181,0.018118,0.507788,0.508029,0.104836,0.168910,0.909006,0.638527,0.058264,0.741748,0.877509,0.014658,0.016671,0.032127
ec2-c5n,Base_Seq,default,0.157073,0.155911,0.251200,0.214664,0.259444,0.550917,0.721007,0.718732,0.627282,0.378641,0.327957,0.033499,0.032234,0.007343,0.016831,0.071940,0.695694,0.413608,0.627285,0.057209,0.626176,0.802083,0.501127,0.523548,1.062510,0.099615,0.728965,3.787733,6.000571,0.207014,0.114661,0.395050,2.608384,5.117980,0.027254,0.040620,0.415356,1.052809,1.474717,0.114848,0.499861,0.559032,0.618024,0.556331,0.494556,0.140649,0.411495,0.378677,0.733642,0.220278,0.017521,0.017399,0.507476,0.508152,0.103994,0.169143,0.854889,0.638485,0.057891,0.742072,0.874657,0.014478,0.015272,0.031044
ec2-c5n,Base_Seq,default,0.155012,0.154337,0.251476,0.214701,0.262013,0.547972,0.717071,0.717586,0.627725,0.388956,0.327691,0.033546,0.032172,0.007306,0.016793,0.072055,0.695099,0.416501,0.610882,0.057253,0.610328,0.802206,0.511625,0.524296,1.065284,0.098585,0.731948,3.642775,5.726684,0.220856,0.114029,0.395107,2.551090,4.992889,0.026967,0.039690,0.420910,1.026266,1.459899,0.113787,0.510178,0.555827,0.613559,0.553775,0.501893,0.140215,0.412446,0.377610,0.733522,0.220005,0.017551,0.017558,0.508666,0.503061,0.104435,0.169010,0.862824,0.638892,0.057714,0.741749,0.874428,0.014422,0.015784,0.030899
ec2-c5n,Base_Seq,default,0.153474,0.152583,0.251060,0.214739,0.260395,0.547689,0.716936,0.749779,0.627092,0.391191,0.327763,0.033578,0.032127,0.007308,0.017057,0.072001,0.698828,0.418937,0.619470,0.057253,0.618555,0.807621,0.512848,0.524787,1.068846,0.098557,0.734121,3.852447,6.064463,0.222301,0.114174,0.393787,2.588816,5.170735,0.026878,0.038837,0.424798,1.018125,1.475842,0.113988,0.504873,0.566845,0.621819,0.559369,0.496800,0.142625,0.410135,0.375909,0.737350,0.219806,0.017655,0.017588,0.507435,0.507361,0.104676,0.168785,0.871126,0.637486,0.057571,0.742350,0.874239,0.014467,0.015335,0.030843
ec2-c5n,Base_Seq,default,0.158499,0.156558,0.251435,0.215019,0.261515,0.551499,0.717039,0.717588,0.627812,0.388889,0.328106,0.033456,0.036810,0.007361,0.017326,0.072586,0.694324,0.419774,0.638060,0.057195,0.638877,0.823703,0.518062,0.523520,1.069202,0.098816,0.733100,3.926525,6.029668,0.220149,0.108039,0.404465,2.634192,4.358541,0.026063,0.040677,0.421531,1.042432,1.481177,0.107539,0.509009,0.566374,0.624705,0.563341,0.511521,0.141780,0.411699,0.369484,0.740655,0.220694,0.017668,0.017593,0.508772,0.508426,0.105158,0.169157,0.863952,0.638677,0.057935,0.741852,0.874459,0.014472,0.015329,0.031167
ec2-c5n,Base_Seq,default,0.155091,0.154751,0.250575,0.214893,0.261711,0.549954,0.715826,0.717017,0.627894,0.391569,0.328007,0.033401,0.036654,0.007407,0.016854,0.072731,0.697038,0.416014,0.634626,0.057260,0.635892,0.816126,0.514850,0.523018,1.067750,0.098542,0.730915,3.586281,5.735538,0.221759,0.114833,0.401865,2.621605,4.992464,0.027112,0.040479,0.395073,1.040486,1.496724,0.115011,0.510663,0.567854,0.629910,0.569758,0.510494,0.140398,0.411736,0.374543,0.736631,0.220221,0.017639,0.017619,0.507602,0.508788,0.105623,0.169191,0.869857,0.638814,0.058277,0.742398,0.875974,0.014697,0.015501,0.031701
ec2-c5n,Base_Seq,default,0.158671,0.156368,0.251173,0.214889,0.259913,0.552258,0.716306,0.717363,0.628303,0.381903,0.327611,0.033459,0.032157,0.007363,0.016739,0.072125,0.695889,0.414234,0.621068,0.057258,0.619294,0.808871,0.510018,0.523275,1.067024,0.098531,0.722899,3.226920,5.426717,0.208661,0.103823,0.386375,2.543361,5.107406,0.025230,0.039621,0.390031,1.027771,1.463283,0.102328,0.502047,0.559854,0.621597,0.559630,0.497852,0.139265,0.409945,0.375798,0.737647,0.220241,0.017601,0.017524,0.506756,0.507728,0.105007,0.169276,0.864657,0.637594,0.058440,0.743248,0.875821,0.014560,0.015314,0.031992
ec2-c5n,Base_Seq,default,0.160522,0.159997,0.251132,0.214698,0.260781,0.564276,0.718100,0.740856,0.628752,0.400513,0.328022,0.033510,0.036766,0.007304,0.019012,0.072482,0.707039,0.425818,0.625798,0.057288,0.625903,0.829154,0.514679,0.531417,1.104546,0.098736,0.762281,3.902902,6.021252,0.223595,0.113349,0.416249,2.711487,5.369458,0.027099,0.044485,0.432223,1.143395,1.513130,0.113396,0.518597,0.569880,0.631612,0.564264,0.506733,0.140418,0.412510,0.375683,0.760573,0.220080,0.018090,0.018055,0.508928,0.508446,0.104236,0.168938,0.890887,0.639621,0.058494,0.742771,0.876763,0.014595,0.016832,0.031750
ec2-c5n,Base_Seq,default,0.154326,0.153004,0.250472,0.214943,0.258949,0.549643,0.716595,0.718460,0.626626,0.379565,0.327811,0.033418,0.032155,0.007355,0.016670,0.072088,0.697364,0.417202,0.645898,0.057261,0.641724,0.814441,0.515847,0.524708,1.065755,0.098965,0.738555,3.904665,5.823196,0.207854,0.108636,0.387126,2.507229,5.174339,0.026362,0.038483,0.408616,1.015608,1.477085,0.109541,0.502784,0.554927,0.614992,0.554641,0.496752,0.140843,0.409778,0.376161,0.742341,0.219828,0.017637,0.017488,0.508918,0.508595,0.103729,0.168944,0.851891,0.637531,0.057548,0.742208,0.873968,0.014638,0.015683,0.030337
ec2-c5n,Base_Seq,default,0.158490,0.157333,0.252470,0.214969,0.260947,0.562374,0.716865,0.779792,0.626521,0.398975,0.327187,0.033440,0.032244,0.007320,0.017176,0.072023,0.696153,0.435435,0.625650,0.057269,0.625862,0.837794,0.524633,0.529059,1.087821,0.098979,0.770095,3.873989,5.841961,0.220151,0.113443,0.409689,2.639645,5.075754,0.026973,0.039829,0.419576,1.045393,1.483975,0.111263,0.521453,0.567373,0.627102,0.565371,0.519533,0.140585,0.411628,0.374765,0.763924,0.219929,0.017614,0.017740,0.508032,0.507937,0.104677,0.169097,0.899165,0.638731,0.058025,0.744101,0.875936,0.014579,0.015396,0.031232
ec2-c5n,Base_Seq,default,0.158881,0.157430,0.252819,0.214686,0.260630,0.561967,0.716873,0.762637,0.628217,0.397647,0.328506,0.033023,0.032239,0.007467,0.018037,0.072000,0.696986,0.430860,0.620951,0.057260,0.622717,0.829658,0.519565,0.529257,1.097062,0.098769,0.770915,3.630885,5.698752,0.222381,0.094288,0.400978,2.590436,5.099021,0.023508,0.039387,0.420326,1.026568,1.474872,0.091513,0.522447,0.562161,0.624042,0.563362,0.518655,0.140560,0.411996,0.374972,0.761520,0.220025,0.017659,0.017600,0.508562,0.506477,0.106615,0.169024,0.897905,0.638845,0.057857,0.742398,0.875700,0.014552,0.015332,0.031172
ec2-c5n,Base_Seq,default,0.162415,0.160379,0.252466,0.214656,0.262132,0.558397,0.716399,0.745970,0.628320,0.398266,0.328461,0.033449,0.036777,0.007358,0.017379,0.072586,0.702375,0.425809,0.628489,0.057282,0.627614,0.833855,0.512093,0.528350,1.088826,0.098853,0.765206,3.336420,5.286049,0.219710,0.093092,0.406073,2.610567,5.103484,0.023452,0.040069,0.419921,1.023077,1.480197,0.091191,0.505787,0.556678,0.617011,0.556202,0.504519,0.140371,0.411824,0.370631,0.757882,0.220086,0.017598,0.017566,0.507447,0.506215,0.105200,0.169218,0.906061,0.639061,0.058108,0.742484,0.875954,0.014556,0.015930,0.031532
ec2-c5n,Base_Seq,default,0.155283,0.154395,0.252453,0.214603,0.261330,0.559305,0.717390,0.717384,0.626442,0.398675,0.327613,0.033442,0.036754,0.007383,0.016813,0.072592,0.698755,0.422194,0.612432,0.057261,0.612407,0.830523,0.522243,0.529065,1.089658,0.098874,0.763781,3.856987,5.889539,0.222717,0.104483,0.400307,2.551414,4.396604,0.025076,0.040491,0.398773,1.035059,1.491494,0.102305,0.509005,0.559002,0.617810,0.555432,0.510056,0.139982,0.412002,0.375792,0.760936,0.220021,0.017649,0.017648,0.506429,0.508686,0.106484,0.169012,0.904199,0.638687,0.057877,0.742862,0.875320,0.014608,0.015498,0.031153
ec2-c5n,Base_Seq,default,0.153902,0.152757,0.252481,0.215218,0.260047,0.564551,0.716389,0.718137,0.629080,0.388067,0.327517,0.033533,0.032161,0.007375,0.017948,0.071944,0.700805,0.422499,0.644875,0.057266,0.642470,0.831067,0.515995,0.530291,1.089685,0.098520,0.754348,3.894187,5.865937,0.207753,0.109197,0.423157,2.623455,5.268724,0.026124,0.040190,0.397386,1.045433,1.471917,0.108243,0.519938,0.564717,0.624466,0.564056,0.514068,0.140737,0.412032,0.375544,0.761472,0.220137,0.017698,0.017509,0.508472,0.507121,0.105709,0.169442,0.899612,0.638720,0.058344,0.742836,0.876958,0.014528,0.015336,0.031594
ec2-c5n,Base_Seq,default,0.156915,0.156635,0.252950,0.214804,0.261821,0.573003,0.717411,0.718506,0.628114,0.407859,0.328377,0.033430,0.036738,0.007315,0.017362,0.072540,0.706642,0.429315,0.626443,0.057276,0.626959,0.842670,0.516132,0.534872,1.119048,0.098846,0.789115,3.918866,5.768736,0.222193,0.103773,0.410184,2.694745,4.597503,0.025586,0.041606,0.426162,1.059925,1.501826,0.103011,0.527992,0.556773,0.617462,0.553677,0.523584,0.142701,0.412504,0.372688,0.779713,0.220329,0.018242,0.018162,0.508491,0.508577,0.104528,0.169009,0.923669,0.639050,0.057735,0.743015,0.876421,0.014630,0.016901,0.031443
ec2-c5n,Base_Seq,default,0.154242,0.152998,0.252180,0.214373,0.259180,0.562258,0.716736,0.717845,0.627210,0.387629,0.328468,0.033513,0.032259,0.007344,0.016413,0.071944,0.695818,0.424515,0.617186,0.057261,0.615506,0.820626,0.505165,0.528676,1.087992,0.098586,0.758343,3.562208,5.460863,0.208192,0.108912,0.393735,2.529184,5.150548,0.026225,0.039306,0.415664,1.033033,1.484058,0.108408,0.509231,0.550329,0.609865,0.548870,0.503280,0.140182,0.411675,0.376911,0.758726,0.219854,0.017654,0.017535,0.507420,0.508324,0.104827,0.168806,0.887882,0.638425,0.057669,0.742452,0.874972,0.014576,0.015377,0.030638
ec2-c6a,Base_Seq,default,0.048567,0.070060,0.243497,0.216355,0.212675,0.172320,0.675043,0.678808,0.444626,0.142731,0.232365,0.031773,0.031326,0.006643,0.010506,0.093862,0.347566,0.248480,0.278574,0.029804,0.228571,0.275767,0.184731,0.335621,0.419333,0.073468,0.255874,1.394519,2.041435,0.188023,0.052685,0.167604,0.957887,1.632437,0.014130,0.025655,0.312847,0.481047,0.959151,0.049535,0.145873,0.160601,0.415391,0.160000,0.149933,0.101561,0.331614,0.311417,0.368497,0.160883,0.006914,0.007654,0.319794,0.395483,0.077106,0.118135,0.342268,0.500771,0.041868,0.771757,0.845925,0.010290,0.006770,0.009036
ec2-c6a,Base_Seq,default,0.049635,0.070107,0.240849,0.215160,0.210319,0.162732,0.673524,0.678770,0.438266,0.169585,0.231100,0.031327,0.031824,0.006500,0.010525,0.093980,0.343989,0.252655,0.275349,0.027904,0.242759,0.297345,0.185599,0.336074,0.419654,0.073213,0.326654,1.375515,2.068881,0.188628,0.052633,0.180368,0.958144,1.617166,0.015077,0.025811,0.303650,0.480767,0.964312,0.049194,0.144421,0.161699,0.411153,0.187905,0.156876,0.104774,0.327191,0.306995,0.392235,0.158383,0.007248,0.007512,0.322912,0.393419,0.076679,0.116621,0.446177,0.497715,0.041936,0.772687,0.844202,0.010231,0.007004,0.009077
ec2-c6a,Base_Seq,default,0.051515,0.070765,0.246682,0.215631,0.211115,0.164815,0.674905,0.678666,0.439439,0.173377,0.232166,0.031732,0.031327,0.006606,0.010524,0.093864,0.345683,0.250960,0.279859,0.027872,0.227101,0.283590,0.206505,0.332168,0.418517,0.073348,0.304695,1.395525,2.029287,0.188322,0.052694,0.174530,0.951996,1.602838,0.016024,0.026151,0.310121,0.484114,0.960149,0.050120,0.133446,0.158138,0.408809,0.159804,0.145995,0.101605,0.331094,0.311714,0.368445,0.160412,0.007195,0.007814,0.321135,0.394442,0.076542,0.117173,0.414918,0.500165,0.041866,0.772204,0.845001,0.010634,0.006785,0.009135
ec2-c6a,Base_Seq,default,0.047898,0.067667,0.239362,0.214100,0.209252,0.156746,0.673557,0.673426,0.433946,0.149322,0.231563,0.030793,0.030261,0.006356,0.010189,0.090788,0.348137,0.248641,0.278303,0.026934,0.219611,0.264291,0.177383,0.328962,0.401188,0.070766,0.227865,1.387828,2.057173,0.181739,0.051283,0.170421,0.946346,1.634090,0.013320,0.024353,0.296749,0.477030,0.968450,0.047638,0.133419,0.154276,0.404471,0.154505,0.138471,0.095489,0.327801,0.309662,0.349158,0.157226,0.006657,0.007383,0.318761,0.389489,0.073990,0.114952,0.316092,0.493075,0.040538,0.769669,0.844072,0.010112,0.006759,0.008971
ec2-c6a,Base_Seq,default,0.048969,0.071079,0.243528,0.215385,0.210525,0.188282,0.674373,0.677988,0.438899,0.168260,0.231892,0.031748,0.031321,0.006584,0.010488,0.093852,0.348896,0.251619,0.275383,0.027868,0.230187,0.303558,0.208983,0.335939,0.424949,0.073544,0.394361,1.397949,2.068188,0.186861,0.052552,0.196157,0.989467,1.559219,0.017786,0.025472,0.304806,0.485080,0.968149,0.049462,0.154038,0.159166,0.409828,0.164416,0.178956,0.106269,0.331147,0.303496,0.384853,0.160233,0.006928,0.008018,0.321577,0.393909,0.076547,0.117278,0.438319,0.497433,0.041872,0.772492,0.843443,0.010234,0.006766,0.009130
ec2-c6a,Base_Seq,default,0.047485,0.067738,0.239639,0.214219,0.209665,0.157507,0.673401,0.673412,0.434460,0.153335,0.231301,0.030703,0.030298,0.006263,0.010127,0.091365,0.347568,0.248635,0.272759,0.026924,0.218337,0.257908,0.175542,0.328227,0.419200,0.072865,0.250627,1.389487,2.063614,0.182195,0.051165,0.167524,0.945942,1.631157,0.013425,0.024650,0.300569,0.501602,0.957973,0.047409,0.132401,0.154484,0.405904,0.154047,0.140778,0.095972,0.327434,0.313922,0.345185,0.157405,0.006824,0.007537,0.319110,0.390144,0.073689,0.115049,0.328670,0.493147,0.041010,0.769940,0.844663,0.010217,0.006749,0.008939
ec2-c6a,Base_Seq,default,0.049275,0.070673,0.242235,0.215425,0.211168,0.184244,0.674475,0.678846,0.439497,0.164403,0.232217,0.031326,0.032040,0.006598,0.010586,0.093945,0.345666,0.259268,0.282169,0.027875,0.257355,0.315292,0.196409,0.336451,0.426120,0.073855,0.409077,1.357125,2.063059,0.187279,0.052573,0.179753,0.953920,1.617968,0.014755,0.026852,0.304917,0.482322,0.966505,0.049201,0.151937,0.159029,0.409730,0.163931,0.169613,0.096879,0.321479,0.301526,0.380416,0.160468,0.006974,0.007787,0.322229,0.393439,0.077358,0.117599,0.443553,0.496228,0.041881,0.772261,0.845779,0.010196,0.006786,0.009324
ec2-c6a,Base_Seq,default,0.050257,0.070021,0.245219,0.216182,0.212570,0.160579,0.674761,0.679641,0.441076,0.141092,0.232068,0.031794,0.031422,0.006597,0.010502,0.093870,0.347105,0.252813,0.276606,0.029812,0.223046,0.284194,0.203173,0.335031,0.417815,0.073773,0.252887,1.375183,2.042323,0.187894,0.052628,0.169398,0.951568,1.635939,0.013937,0.025403,0.317500,0.479594,0.956935,0.050035,0.139299,0.159575,0.411227,0.159614,0.143361,0.099951,0.331962,0.308194,0.352204,0.160691,0.006880,0.007656,0.319867,0.395562,0.076607,0.117790,0.337319,0.499476,0.041838,0.772192,0.846011,0.010276,0.006773,0.008980
ec2-c6a,Base_Seq,default,0.049868,0.070016,0.241937,0.215299,0.211398,0.178088,0.674870,0.679469,0.441758,0.140030,0.231479,0.031323,0.031976,0.006641,0.010467,0.093997,0.339349,0.250191,0.276687,0.027901,0.226805,0.301867,0.195945,0.336661,0.425119,0.073343,0.290811,1.396387,2.070030,0.188855,0.052535,0.181837,0.976815,1.548445,0.015387,0.026459,0.303632,0.486130,0.963794,0.049164,0.161208,0.160952,0.410745,0.280510,0.163289,0.102155,0.326228,0.307592,0.380268,0.160051,0.006907,0.007572,0.323105,0.393408,0.076535,0.117410,0.437431,0.495165,0.041877,0.772789,0.845484,0.010173,0.007005,0.010363
ec2-c6a,Base_Seq,default,0.052520,0.070517,0.243706,0.215557,0.211531,0.173741,0.674824,0.678419,0.440317,0.164795,0.232028,0.031766,0.031328,0.006551,0.010489,0.093848,0.344653,0.258335,0.276213,0.027858,0.223639,0.298100,0.202019,0.332240,0.413572,0.074183,0.298626,1.374073,2.068469,0.188591,0.052680,0.210400,0.953989,1.623497,0.015585,0.025874,0.310014,0.480428,0.967594,0.049652,0.153305,0.158723,0.408596,0.166670,0.157562,0.094281,0.332075,0.301723,0.376557,0.160427,0.006924,0.007682,0.320594,0.394092,0.076732,0.117525,0.371553,0.498092,0.041821,0.772137,0.845766,0.010228,0.006756,0.009094
ec2-c6a,Base_Seq,default,0.047247,0.067638,0.239354,0.214156,0.208886,0.157449,0.674278,0.674057,0.435926,0.128731,0.231152,0.030563,0.030513,0.006421,0.010195,0.092775,0.319290,0.248576,0.273409,0.026933,0.224812,0.276303,0.176769,0.329787,0.401527,0.070728,0.238379,1.373053,2.037909,0.181620,0.051163,0.170296,0.947645,1.628583,0.013320,0.024318,0.296611,0.475122,0.964814,0.047909,0.138622,0.160553,0.404776,0.153981,0.144691,0.091028,0.328563,0.311674,0.347418,0.157245,0.006278,0.006979,0.318916,0.389475,0.073520,0.115045,0.339154,0.493508,0.040596,0.769899,0.845749,0.010138,0.006763,0.008976
ec2-c6a,Base_Seq,default,0.049324,0.071076,0.244670,0.215355,0.211251,0.180037,0.674808,0.678848,0.440225,0.159131,0.231980,0.031862,0.031345,0.006567,0.010475,0.093875,0.346462,0.250899,0.275925,0.027896,0.224474,0.324714,0.241397,0.339729,0.421753,0.073928,0.301448,1.396082,2.052256,0.187191,0.052681,0.215021,0.959255,1.600452,0.015401,0.026036,0.305493,0.487967,0.965410,0.049431,0.165068,0.163212,0.409874,0.161300,0.168325,0.105047,0.331656,0.300363,0.394510,0.160380,0.006813,0.007540,0.321451,0.393792,0.077903,0.117536,0.443831,0.497613,0.041888,0.772230,0.846204,0.010256,0.006770,0.008934
ec2-c6a,Base_Seq,default,0.047694,0.067765,0.239753,0.214142,0.209624,0.157736,0.673984,0.674315,0.436464,0.132929,0.231531,0.030710,0.030268,0.006343,0.010137,0.090793,0.340748,0.250230,0.272897,0.027011,0.221818,0.273628,0.194164,0.332496,0.416815,0.071140,0.226899,1.367375,2.061899,0.181094,0.051108,0.174386,0.945605,1.635522,0.013422,0.024357,0.300805,0.483046,0.957049,0.047621,0.157587,0.155578,0.405606,0.155133,0.154428,0.100066,0.329368,0.300371,0.345213,0.157395,0.006266,0.007005,0.318877,0.390887,0.074098,0.115191,0.341976,0.494273,0.040493,0.770046,0.846047,0.010114,0.006778,0.009028
ec2-c6a,Base_Seq,default,0.051482,0.070153,0.242015,0.215430,0.211347,0.175548,0.675187,0.679225,0.440728,0.160466,0.232004,0.031353,0.032377,0.006559,0.010506,0.093919,0.348735,0.259769,0.281409,0.027875,0.224375,0.301581,0.190155,0.335874,0.438488,0.074138,0.289897,1.371414,2.065330,0.187365,0.052639,0.183961,1.008453,1.639612,0.016247,0.025716,0.301850,0.481993,0.960338,0.049130,0.144451,0.159423,0.409543,0.171247,0.149547,0.100156,0.323383,0.308752,0.380614,0.160506,0.006903,0.007507,0.322323,0.393383,0.076630,0.117385,0.386181,0.497115,0.041849,0.772273,0.846078,0.010105,0.006770,0.009318
ec2-c6a,Base_Seq,default,0.048253,0.070377,0.245031,0.216235,0.212780,0.162466,0.674936,0.679125,0.441141,0.138463,0.232135,0.031683,0.031542,0.006598,0.010495,0.093860,0.316625,0.248726,0.276775,0.029786,0.223044,0.279418,0.187893,0.333869,0.419082,0.074040,0.256943,1.374881,2.053177,0.187871,0.052770,0.185347,0.972557,1.571968,0.013782,0.025298,0.313198,0.480119,0.965973,0.049967,0.158723,0.160336,0.411878,0.160318,0.160101,0.101643,0.332075,0.305017,0.362371,0.160806,0.006942,0.007772,0.319821,0.395527,0.076454,0.118015,0.345805,0.499647,0.041892,0.772089,0.845876,0.010482,0.006777,0.008926
ec2-c6a,Base_Seq,default,0.049555,0.070624,0.242537,0.215366,0.211256,0.181250,0.674389,0.679574,0.441367,0.162446,0.231891,0.031312,0.031780,0.006556,0.010584,0.093938,0.326546,0.250020,0.275650,0.027890,0.229165,0.320649,0.183417,0.338386,0.418813,0.073442,0.263587,1.392683,2.060417,0.188403,0.052489,0.193580,0.977278,1.544892,0.016102,0.026449,0.306886,0.478883,0.965346,0.049882,0.178388,0.161177,0.410775,0.284689,0.171290,0.103906,0.324571,0.304681,0.379711,0.160118,0.006951,0.007938,0.323312,0.393581,0.076041,0.117529,0.438040,0.495649,0.041943,0.772665,0.846869,0.010584,0.007002,0.009751
ec2-c6a,Base_Seq,default,0.049317,0.069872,0.243571,0.215477,0.212077,0.180440,0.674596,0.678311,0.439007,0.186391,0.231877,0.031788,0.031321,0.006627,0.010482,0.093873,0.323757,0.250907,0.278079,0.027865,0.229595,0.308760,0.208026,0.336048,0.414808,0.074226,0.280093,1.419854,2.073107,0.188450,0.052663,0.208178,0.953614,1.604118,0.017209,0.026295,0.311959,0.483773,0.966238,0.049614,0.162804,0.158818,0.409093,0.166523,0.171024,0.101866,0.331121,0.301867,0.364029,0.160426,0.006528,0.007547,0.320845,0.394460,0.076927,0.117677,0.416231,0.498442,0.041869,0.772088,0.846546,0.010309,0.006769,0.008950
ec2-c6a,Base_Seq,default,0.049296,0.067932,0.240482,0.214137,0.208968,0.158626,0.673572,0.673479,0.434014,0.154560,0.231223,0.030733,0.030403,0.006383,0.010156,0.090814,0.338100,0.248740,0.276969,0.026946,0.218977,0.269061,0.171947,0.332233,0.402063,0.071014,0.215661,1.390289,2.060525,0.181806,0.051194,0.164571,0.956066,1.631990,0.013333,0.024337,0.297262,0.477359,0.959059,0.047903,0.129354,0.154058,0.404617,0.153904,0.136813,0.089752,0.328887,0.307559,0.338969,0.157226,0.006571,0.007477,0.318837,0.389564,0.074018,0.114832,0.324925,0.493152,0.040507,0.770096,0.845358,0.010168,0.006758,0.008940
ec2-c6a,Base_Seq,default,0.050344,0.071336,0.244102,0.215344,0.211237,0.188911,0.674788,0.678933,0.445313,0.172738,0.231948,0.031762,0.031393,0.006646,0.010470,0.093858,0.317850,0.251293,0.275871,0.027907,0.230047,0.328010,0.224437,0.335745,0.416798,0.073754,0.342241,1.372728,2.065346,0.187215,0.052542,0.203392,0.958598,1.628924,0.014140,0.026755,0.304879,0.520471,0.980476,0.049647,0.175721,0.168638,0.418900,0.183031,0.185881,0.105284,0.331011,0.302930,0.374144,0.160277,0.007237,0.008290,0.321816,0.393967,0.076311,0.117780,0.440061,0.497577,0.042284,0.772290,0.845427,0.010205,0.006782,0.010642
ec2-c6a,Base_Seq,default,0.047432,0.068064,0.239748,0.214104,0.209578,0.158461,0.674086,0.673707,0.435588,0.132487,0.231396,0.030735,0.030268,0.006360,0.010122,0.090868,0.315010,0.249705,0.276757,0.027031,0.219691,0.263582,0.174450,0.330009,0.417066,0.070758,0.240233,1.372110,2.066815,0.181598,0.051150,0.165795,0.956242,1.628302,0.013390,0.024406,0.300683,0.475691,0.957377,0.049342,0.132849,0.155352,0.404881,0.154337,0.140206,0.097194,0.329184,0.308519,0.354097,0.157495,0.006667,0.007427,0.318837,0.389600,0.074566,0.114995,0.331331,0.493366,0.040488,0.769975,0.846154,0.010102,0.006779,0.009023
ec2-c6a,Base_Seq,default,0.049783,0.070963,0.242455,0.215488,0.211566,0.183680,0.675101,0.679378,0.440971,0.170550,0.232129,0.031320,0.031970,0.006544,0.010495,0.093948,0.340352,0.257941,0.277645,0.027878,0.225180,0.332662,0.199357,0.339550,0.435624,0.073276,0.343601,1.391414,2.033862,0.187508,0.052652,0.177230,1.021380,1.554928,0.016753,0.025861,0.301677,0.489179,0.976612,0.049558,0.179402,0.164231,0.409865,0.172428,0.173146,0.106625,0.323067,0.306947,0.381047,0.160504,0.006947,0.008179,0.322595,0.393585,0.077284,0.117384,0.450957,0.497203,0.041889,0.772207,0.845749,0.010180,0.006775,0.009137
ec2-c6i,Base_Seq,default,0.134874,0.134332,0.195388,0.222803,0.249664,0.380975,0.715106,0.729826,0.517445,0.264932,0.273791,0.029853,0.030812,0.007403,0.014812,0.071700,0.478174,0.320701,0.556527,0.057178,0.538137,0.555810,0.400829,0.446277,0.884831,0.074811,0.561482,1.600250,2.577258,0.188771,0.062746,0.309055,2.231395,2.036426,0.016410,0.034913,0.329631,0.893562,1.259548,0.058843,0.403969,0.485904,0.572522,0.483776,0.401418,0.110641,0.372834,0.298856,0.573296,0.186560,0.013232,0.013137,0.431469,0.430757,0.085985,0.130129,0.616460,0.592845,0.057188,0.755148,0.824573,0.015137,0.014484,0.026913
ec2-c6i,Base_Seq,default,0.125951,0.125945,0.194805,0.221978,0.248244,0.360092,0.714812,0.715247,0.516785,0.250437,0.273510,0.029849,0.029451,0.007184,0.014479,0.071562,0.473928,0.306368,0.504123,0.057170,0.504988,0.527135,0.375422,0.442453,0.830682,0.074737,0.507966,1.586034,2.423195,0.188388,0.063205,0.288642,2.114257,1.965169,0.016077,0.033989,0.332514,0.846842,1.212417,0.058190,0.377604,0.455535,0.571765,0.454365,0.376216,0.109841,0.372400,0.297005,0.551883,0.186590,0.012465,0.012453,0.430904,0.430561,0.086418,0.130165,0.579819,0.592531,0.057180,0.754376,0.822595,0.014367,0.013615,0.025293
ec2-c6i,Base_Seq,default,0.126068,0.125916,0.195957,0.223115,0.248682,0.370141,0.714782,0.737062,0.517925,0.256157,0.273500,0.029850,0.029455,0.007380,0.014481,0.071645,0.473285,0.306486,0.504289,0.057175,0.505177,0.526048,0.374004,0.441905,0.833951,0.074648,0.508512,1.619393,2.530951,0.188577,0.062529,0.287570,2.113608,2.399015,0.016045,0.033958,0.332086,0.847112,1.210414,0.058073,0.374984,0.455542,0.571752,0.454782,0.375791,0.109222,0.372449,0.300226,0.552780,0.186562,0.012532,0.012521,0.431241,0.430888,0.086647,0.130071,0.586094,0.592529,0.057181,0.754448,0.823543,0.015129,0.013616,0.025302
ec2-c6i,Base_Seq,default,0.125956,0.125969,0.193970,0.221432,0.248068,0.361135,0.714788,0.715376,0.516706,0.249809,0.273561,0.029850,0.029452,0.007357,0.014473,0.071449,0.473762,0.309175,0.504147,0.057169,0.505123,0.523996,0.374478,0.439981,0.831488,0.074813,0.520495,1.587225,2.470619,0.188305,0.063678,0.293547,2.116967,2.031137,0.016121,0.033956,0.315370,0.847746,1.210932,0.058374,0.376065,0.455533,0.571792,0.454586,0.375950,0.108974,0.372476,0.298667,0.551250,0.186592,0.012509,0.012502,0.430947,0.430543,0.086307,0.130062,0.582978,0.592586,0.057189,0.754739,0.823089,0.014345,0.013620,0.025302
ec2-c6i,Base_Seq,default,0.126053,0.125920,0.195654,0.222428,0.248807,0.368905,0.714827,0.731505,0.517161,0.255621,0.273501,0.029848,0.030810,0.007373,0.014552,0.071836,0.473333,0.314600,0.504140,0.057173,0.505193,0.536841,0.381382,0.438291,0.832599,0.074539,0.517714,1.611203,2.460126,0.188364,0.062785,0.288277,2.113624,2.185080,0.016187,0.034039,0.331890,0.846865,1.210657,0.058544,0.376082,0.455506,0.571810,0.454429,0.375342,0.109089,0.372330,0.295515,0.549940,0.186543,0.012508,0.012519,0.430548,0.430168,0.086448,0.130090,0.586593,0.592616,0.057180,0.754382,0.822706,0.015278,0.013626,0.025303
ec2-c6i,Base_Seq,default,0.125942,0.125932,0.194605,0.222019,0.248966,0.360454,0.715110,0.715775,0.516970,0.248659,0.273617,0.029852,0.029451,0.007505,0.014490,0.071812,0.474602,0.303738,0.504187,0.057178,0.505077,0.527134,0.372588,0.439387,0.825509,0.074821,0.506324,1.583975,2.429667,0.188550,0.063799,0.291528,2.114033,2.108043,0.016142,0.033918,0.332792,0.847224,1.239400,0.058434,0.374995,0.455571,0.571777,0.454470,0.374741,0.108959,0.372452,0.294742,0.545745,0.186553,0.012412,0.012445,0.431110,0.430743,0.086221,0.130198,0.570455,0.592638,0.057186,0.755070,0.822558,0.014384,0.013615,0.025300
ec2-c6i,Base_Seq,default,0.134520,0.134374,0.195197,0.222204,0.250883,0.382775,0.715161,0.735650,0.517466,0.267111,0.273730,0.029843,0.030869,0.007202,0.014804,0.071704,0.479133,0.307960,0.537168,0.057176,0.538111,0.549946,0.400816,0.447721,0.882501,0.074642,0.557957,1.601470,2.435284,0.188639,0.062786,0.304488,2.231292,2.183981,0.016451,0.035236,0.333766,0.892839,1.264265,0.058826,0.399970,0.485499,0.572427,0.483726,0.402592,0.110738,0.372886,0.296910,0.569862,0.186564,0.013157,0.013122,0.431405,0.430771,0.085740,0.130072,0.610025,0.592858,0.057183,0.755245,0.824758,0.015545,0.014469,0.026912
ec2-c6i,Base_Seq,default,0.125949,0.125917,0.194952,0.222256,0.247691,0.363649,0.714809,0.715687,0.516756,0.250593,0.273541,0.029851,0.029453,0.007170,0.014482,0.071580,0.473848,0.312352,0.504132,0.057172,0.505031,0.518961,0.372345,0.445621,0.824191,0.074570,0.506328,1.577763,2.410341,0.188324,0.063452,0.287029,2.113089,2.033602,0.016038,0.033889,0.331725,0.846975,1.210643,0.057929,0.374952,0.455548,0.571758,0.454441,0.374537,0.108824,0.372355,0.301917,0.554087,0.186589,0.012536,0.012490,0.430663,0.430319,0.086180,0.130175,0.585649,0.592820,0.057191,0.754629,0.823455,0.014372,0.013621,0.025298
ec2-c6i,Base_Seq,default,0.126068,0.125966,0.195557,0.222594,0.248358,0.370644,2.581997,0.715398,0.517586,0.258415,0.273491,0.029854,0.029456,0.007118,0.014487,0.071454,0.472002,0.311450,0.504075,0.057173,0.504998,0.526770,0.373415,0.444548,0.826665,0.075066,0.532174,1.591546,2.410288,0.188530,0.065483,0.287315,2.113339,2.072718,0.091132,0.185996,0.790894,0.846897,1.213791,0.058180,0.375866,0.455508,0.571793,0.454408,0.376917,0.109241,0.372414,0.773700,0.703187,0.186553,0.012547,0.012507,0.430688,0.430258,0.086521,0.130169,0.567952,0.592462,0.057174,0.755288,0.823519,0.015152,0.013617,0.025303
ec2-c6i,Base_Seq,default,0.125969,0.125998,0.195230,0.222095,0.247739,0.368668,0.714933,0.715373,0.517366,0.255132,0.273544,0.029851,0.029452,0.007416,0.014504,0.071807,0.474824,0.321934,0.504281,0.057172,0.505361,0.533710,0.379877,0.438155,0.822378,0.074785,0.513171,1.612797,2.590398,0.188367,0.063457,0.287489,2.113464,2.366563,0.016101,0.033931,0.314717,0.846857,1.210798,0.058363,0.375618,0.455513,0.571746,0.454479,0.374697,0.109953,0.372435,0.300460,0.550291,0.186584,0.012535,0.012497,0.431272,0.430909,0.086293,0.130106,0.575480,0.592860,0.057183,0.755170,0.823151,0.014334,0.013621,0.025303
ec2-c6i,Base_Seq,default,0.126053,0.125927,0.194938,0.221546,0.248624,0.366897,0.714806,0.715507,0.516664,0.255513,0.273503,0.029848,0.030809,0.007447,0.014524,0.071715,0.472772,0.307221,0.504090,0.057170,0.507710,0.528090,0.377365,0.440636,0.834714,0.074773,0.511393,1.583249,2.407361,0.188542,0.062933,0.287935,2.112936,2.006503,0.016146,0.034044,0.331959,0.846837,1.210703,0.058415,0.376478,0.455576,0.571765,0.454481,0.375256,0.110342,0.372398,0.293472,0.546288,0.186556,0.012491,0.012494,0.431143,0.430783,0.086704,0.130036,0.585682,0.592656,0.057182,0.755122,0.822842,0.015479,0.013630,0.025311
ec2-c6i,Base_Seq,default,0.125934,0.125913,0.194164,0.222996,0.249354,0.364668,0.714820,0.715586,0.516956,0.249998,0.273548,0.029854,0.029452,0.007363,0.014476,0.071843,0.473312,0.319322,0.504146,0.057172,0.505079,0.522173,0.374567,0.442929,0.824662,0.074641,0.500725,1.685809,2.650137,0.188511,0.063627,0.290373,2.113992,1.969092,0.016053,0.033937,0.331735,0.846972,1.211144,0.058001,0.375238,0.455496,0.571789,0.454415,0.374956,0.108854,0.372400,0.297857,0.551151,0.187064,0.012430,0.012434,0.431199,0.430797,0.085806,0.130210,0.582986,0.592584,0.057304,0.755556,0.823743,0.014350,0.013604,0.025494
ec2-c6i,Base_Seq,default,0.134510,0.134339,0.195389,0.221926,0.249601,0.376914,0.715143,0.737829,0.517279,0.263573,0.273784,0.030117,0.030807,0.008170,0.014813,0.071977,0.478740,0.310778,0.537218,0.057170,0.538090,0.550914,0.404961,0.447102,0.882159,0.074701,0.548540,1.652138,2.577420,0.188590,0.062894,0.306273,2.231188,2.392218,0.016376,0.034797,0.328148,0.892324,1.262430,0.058763,0.400781,0.484398,0.572493,0.483998,0.400014,0.110071,0.372419,0.297215,0.576029,0.186554,0.013118,0.013101,0.430978,0.430580,0.086222,0.130144,0.611959,0.592824,0.057281,0.755315,0.824498,0.015375,0.014479,0.026909
ec2-c6i,Base_Seq,default,0.126027,0.126010,0.194376,0.222159,0.248048,0.361634,0.714776,0.715599,0.516587,0.248790,0.273532,0.029845,0.029453,0.007172,0.014484,0.071717,0.474572,0.304841,0.504194,0.057169,0.505081,0.529768,0.373090,0.438022,0.825991,0.074770,0.522967,1.610695,2.494270,0.188385,0.063251,0.290073,2.113474,2.374590,0.016056,0.033898,0.336359,0.846897,1.212698,0.058202,0.376889,0.455563,0.571746,0.454374,0.375465,0.109552,0.372446,0.296082,0.544662,0.186558,0.012484,0.012444,0.430698,0.430417,0.086301,0.130343,0.576864,0.592711,0.057194,0.754867,0.823328,0.014352,0.013621,0.025300
ec2-c6i,Base_Seq,default,0.126030,0.125921,0.196278,0.222589,0.249721,0.371500,0.714740,0.723074,0.516978,0.257933,0.273493,0.029852,0.029453,0.007359,0.014484,0.071643,0.472634,0.321708,0.504653,0.057184,0.505548,0.538955,0.373471,0.442228,0.831591,0.074896,0.514399,1.602944,2.481709,0.188520,0.062468,0.289888,2.113362,2.322945,0.016074,0.033949,0.332209,0.846853,1.224602,0.058107,0.375443,0.455473,0.571744,0.454377,0.374643,0.109033,0.372408,0.295716,0.553003,0.186554,0.012457,0.012467,0.430661,0.430260,0.086510,0.130185,0.588905,0.592634,0.057182,0.754865,0.823790,0.015287,0.013613,0.025300
ec2-c6i,Base_Seq,default,0.126210,0.126052,0.194592,0.221226,0.247845,0.364571,0.714866,0.715246,0.516762,0.250920,0.273544,0.029853,0.029452,0.007190,0.014486,0.071619,0.476258,0.305570,0.504169,0.057172,0.505142,0.528196,0.377352,0.438476,0.825596,0.074659,0.512960,1.581447,2.422558,0.188360,0.063409,0.288601,2.114196,1.950404,0.016099,0.033934,0.314405,0.847040,1.210695,0.058416,0.375487,0.455490,0.571798,0.454515,0.375324,0.109067,0.372388,0.294808,0.551645,0.186563,0.012528,0.012537,0.430189,0.429829,0.086282,0.130072,0.575846,0.592663,0.057188,0.754823,0.823765,0.014337,0.013632,0.025304
ec2-c6i,Base_Seq,default,0.126130,0.125931,0.195101,0.222454,0.249911,0.364918,0.714824,0.720146,0.516629,0.252022,0.273580,0.029854,0.030866,0.008850,0.014536,0.071917,0.471873,0.306632,0.504275,0.057176,0.505239,0.525561,0.375303,0.449972,0.834143,0.074715,0.513414,1.599533,2.419811,0.188538,0.063064,0.290674,2.114234,1.985731,0.016153,0.034018,0.332171,0.847194,1.229299,0.058375,0.379335,0.455523,0.571775,0.454478,0.376894,0.109033,0.372470,0.293567,0.545929,0.186649,0.012539,0.012542,0.430876,0.430539,0.086186,0.130125,0.568346,0.592641,0.057182,0.754893,0.822878,0.015495,0.013619,0.025300
ec2-c6i,Base_Seq,default,0.125954,0.125940,0.195035,0.222396,0.249923,0.363008,0.714875,0.715560,0.517637,0.249763,0.273502,0.029848,0.029456,0.007398,0.014475,0.071451,0.474335,0.309110,0.504149,0.057176,0.505103,0.534358,0.372833,0.440679,0.825514,0.074701,0.498277,1.607027,2.422558,0.188509,0.063511,0.293538,2.113375,1.912210,0.016126,0.033969,0.331725,0.847002,1.210635,0.058274,0.375741,0.455614,0.571801,0.454475,0.374674,0.108775,0.372380,0.298580,0.547862,0.186603,0.012561,0.012583,0.430579,0.430240,0.085848,0.130132,0.561604,0.592557,0.057185,0.755173,0.823352,0.014395,0.013618,0.025299
mammoth,Base_Seq,default,0.107356,0.113977,0.162697,0.270728,0.283015,0.396997,0.527398,0.589705,0.206411,0.323061,0.211844,0.041299,0.041239,0.002104,0.016814,0.105819,0.432799,0.334606,0.499446,0.035997,0.599120,0.492968,0.505673,0.442456,0.599990,0.059817,0.626488,1.571104,2.357008,0.221728,0.048605,0.624019,2.889993,2.019273,0.011606,0.038145,0.294824,0.810564,1.334521,0.058047,0.531455,0.526781,0.659079,0.568887,0.543459,0.140907,0.396983,0.447113,0.899660,0.136899,0.008858,0.009033,0.457001,0.457680,0.066249,0.174001,0.692100,0.527941,0.058598,0.894363,0.987040,0.005868,0.006670,0.027128
mammoth,Base_Seq,default,0.101575,0.108060,0.150666,0.271407,0.277255,0.376744,0.530617,0.592928,0.206460,0.265691,0.211305,0.038928,0.039061,0.002085,0.014735,0.105024,0.425783,0.287718,0.441378,0.035990,0.445042,0.453585,0.421932,0.438774,0.584343,0.058503,0.585007,1.532262,2.383460,0.216153,0.047221,0.320913,1.767439,1.750318,0.012283,0.030506,0.263419,0.755281,1.103948,0.057829,0.448040,0.387570,0.477148,0.375128,0.459287,0.131931,0.396311,0.429238,0.875297,0.134059,0.013355,0.011936,0.457221,0.459517,0.065995,0.167247,0.611710,0.529404,0.054196,0.890522,0.987472,0.005885,0.006744,0.019937
mammoth,Base_Seq,default,0.138091,0.156838,0.162829,0.271881,0.284029,0.387653,0.524586,0.588948,0.206293,0.270970,0.214613,0.038972,0.041375,0.002076,0.015424,0.106292,0.435004,0.322408,0.455082,0.035943,0.596460,0.484131,0.488245,0.445596,0.597841,0.058033,0.629659,1.751983,2.585448,0.238248,0.049576,0.623011,2.866188,1.795777,0.013885,0.042486,0.295356,0.753771,1.184099,0.058444,0.552896,0.527389,0.670350,0.590228,0.536375,0.162620,0.383178,0.477880,0.934841,0.134382,0.008192,0.008462,0.458313,0.457448,0.065109,0.172456,0.691861,0.531083,0.055515,0.888065,0.990356,0.005772,0.006517,0.027300
mammoth,Base_Seq,default,0.114867,0.120418,0.158427,0.271332,0.276954,0.378845,0.529734,0.591786,0.207700,0.282160,0.221738,0.039144,0.039264,0.002082,0.015464,0.105531,0.429338,0.304549,0.498540,0.035918,0.500586,0.472996,0.437383,0.440163,0.588428,0.059594,0.602021,1.622017,2.364804,0.216792,0.047703,0.358625,1.972296,2.034239,0.011995,0.037479,0.263166,0.743216,1.116162,0.057875,0.462874,0.423151,0.526746,0.409891,0.459464,0.137117,0.398673,0.435453,0.909816,0.137002,0.008756,0.008371,0.459428,0.460020,0.065775,0.171785,0.623533,0.530885,0.055919,0.893910,0.988720,0.005844,0.006588,0.022084
mammoth,Base_Seq,default,0.099713,0.100280,0.154974,0.271776,0.275983,0.376224,0.525895,0.587218,0.204931,0.250964,0.212793,0.038890,0.039080,0.002089,0.012667,0.104961,0.433107,0.269721,0.397896,0.035579,0.413706,0.435689,0.405358,0.433279,0.594627,0.059173,0.581029,1.530648,2.320478,0.213991,0.047467,0.270456,1.689419,1.738964,0.012138,0.028872,0.265229,0.680433,1.047912,0.057346,0.399329,0.359323,0.415439,0.361150,0.437391,0.126339,0.396350,0.426102,0.893402,0.134001,0.008561,0.008041,0.456949,0.458505,0.064913,0.169521,0.597325,0.527584,0.052709,0.891649,0.987005,0.005831,0.006336,0.020415
mammoth,Base_Seq,default,0.148110,0.163754,0.165279,0.271933,0.282642,0.396312,0.531842,0.592596,0.206670,0.345375,0.211157,0.039369,0.039623,0.002113,0.015881,0.105049,0.427991,0.331532,0.548386,0.036276,0.633595,0.494457,0.491054,0.439355,0.615873,0.059472,0.636856,1.546615,2.406414,0.222099,0.048228,0.625495,2.728046,1.754069,0.011932,0.041654,0.303227,0.993405,1.411929,0.058170,0.588178,0.483507,0.612729,0.538897,0.558304,0.144407,0.398462,0.464431,0.946916,0.137918,0.008348,0.008366,0.456602,0.458788,0.066812,0.173751,0.689716,0.529244,0.059182,0.889515,0.991518,0.005810,0.006620,0.024990
mammoth,Base_Seq,default,0.100244,0.103654,0.153918,0.272439,0.275462,0.375326,0.526654,0.586917,0.204902,0.250476,0.212879,0.038624,0.039293,0.002231,0.012065,0.104875,0.427869,0.269936,0.365122,0.035459,0.376018,0.438478,0.407605,0.431646,0.596144,0.058594,0.584827,1.533077,2.319701,0.215767,0.047409,0.293684,1.800603,1.737212,0.011943,0.026858,0.262235,0.676547,1.029072,0.057574,0.404636,0.370957,0.414655,0.359168,0.449515,0.128075,0.395512,0.422723,0.893512,0.128772,0.007991,0.007634,0.456824,0.458722,0.064436,0.165437,0.592436,0.524937,0.050226,0.891638,0.984410,0.005750,0.006263,0.017501
mammoth,Base_Seq,default,0.140269,0.153709,0.164831,0.271003,0.282767,0.403442,0.524980,0.587513,0.203812,0.337062,0.209294,0.039127,0.041186,0.002075,0.020145,0.105980,0.428244,0.361668,0.577352,0.036172,0.633421,0.492396,0.498949,0.442439,0.608757,0.059939,0.638686,1.577969,2.367117,0.222737,0.047696,0.623000,2.555413,1.784351,0.011584,0.042761,0.311335,0.745172,1.173859,0.058298,0.545464,0.485052,0.606899,0.534776,0.531177,0.144242,0.398437,0.483679,0.931738,0.138225,0.011143,0.010832,0.459370,0.459034,0.065680,0.175767,0.679290,0.530349,0.059075,0.892292,0.988332,0.005833,0.006713,0.026323
mammoth,Base_Seq,default,0.110529,0.110388,0.155748,0.271118,0.277302,0.381017,0.524922,0.587640,0.203132,0.268870,0.208273,0.039219,0.039256,0.002096,0.015410,0.105630,0.438516,0.289504,0.453786,0.036068,0.455759,0.456624,0.422506,0.437751,0.589008,0.058406,0.602890,1.568533,2.373376,0.216164,0.048138,0.354645,1.799156,1.772768,0.011719,0.031445,0.257276,0.755971,1.169394,0.057856,0.441606,0.398378,0.460111,0.384014,0.451310,0.135424,0.394994,0.453425,0.903478,0.134290,0.008404,0.008050,0.456499,0.459337,0.065606,0.171626,0.614260,0.527591,0.054303,0.890263,0.984043,0.005764,0.006454,0.019108
mammoth,Base_Seq,default,0.128770,0.152056,0.155500,0.272835,0.284918,0.385762,0.540144,0.609179,0.207046,0.268281,0.211842,0.040293,0.041055,0.002085,0.017010,0.106238,0.419868,0.320673,0.484285,0.036107,0.571906,0.483723,0.494351,0.447462,0.599665,0.058022,0.632085,1.575683,2.349594,0.237168,0.047452,0.627764,2.840247,1.779416,0.014574,0.042514,0.297118,0.806318,1.150580,0.058935,0.554863,0.479040,0.585778,0.499533,0.561175,0.167603,0.386615,0.501453,0.947239,0.134984,0.008258,0.008502,0.458328,0.456347,0.065714,0.173439,0.692339,0.529726,0.055869,0.889476,0.987361,0.005754,0.006616,0.027078
mammoth,Base_Seq,default,0.118756,0.120468,0.159941,0.271223,0.277130,0.384467,0.525528,0.588507,0.204122,0.288292,0.209249,0.039157,0.039521,0.002121,0.015975,0.105469,0.443946,0.299748,0.449432,0.036055,0.516310,0.459250,0.423790,0.438421,0.591446,0.060130,0.608621,1.570473,2.400314,0.216465,0.047424,0.367845,1.933706,1.776471,0.011729,0.033513,0.269021,0.796646,1.192179,0.057465,0.475491,0.379356,0.454679,0.363940,0.476372,0.142398,0.396795,0.463079,0.906889,0.134625,0.008244,0.008093,0.457641,0.459846,0.065431,0.168567,0.621718,0.529148,0.054667,0.890775,0.984943,0.005893,0.006452,0.019767
mammoth,Base_Seq,default,0.117878,0.120226,0.155624,0.271534,0.274484,0.376620,0.525111,0.588250,0.204277,0.250965,0.208031,0.039037,0.039414,0.002112,0.011554,0.105762,0.424595,0.269323,0.411609,0.036033,0.420981,0.427209,0.391563,0.436199,0.596947,0.059030,0.580260,1.541259,2.360789,0.215858,0.047362,0.297327,1.685054,1.735573,0.012104,0.030968,0.264134,0.675286,1.092989,0.057636,0.386614,0.369832,0.449066,0.362146,0.432233,0.128013,0.395201,0.426003,0.892055,0.131647,0.009291,0.008949,0.456115,0.458955,0.065393,0.168756,0.598112,0.528362,0.052982,0.892010,0.986533,0.005826,0.006237,0.020142
mammoth,Base_Seq,default,0.121046,0.130898,0.163780,0.271401,0.282265,0.405346,0.526683,0.589364,0.206468,0.340481,0.207864,0.038979,0.039446,0.002136,0.019603,0.105960,0.426627,0.374387,0.551187,0.036022,0.563065,0.510379,0.494862,0.437491,0.595258,0.059456,0.631721,1.562813,2.781481,0.222030,0.048029,0.577520,2.586850,1.774970,0.011624,0.041992,0.302203,0.735474,1.089363,0.058094,0.543907,0.497854,0.587412,0.505514,0.549797,0.144933,0.397443,0.465208,0.932297,0.135870,0.008118,0.009656,0.457198,0.459770,0.065500,0.174782,0.682215,0.529996,0.057526,0.889869,0.985580,0.005770,0.006433,0.023582
mammoth,Base_Seq,default,0.095960,0.096204,0.153821,0.270549,0.275288,0.374941,0.523875,0.587611,0.204195,0.251364,0.207645,0.038995,0.039062,0.002259,0.013557,0.106426,0.427556,0.264563,0.400779,0.036350,0.407444,0.440313,0.379052,0.432548,0.580266,0.058935,0.582177,1.534760,2.339129,0.216203,0.047291,0.267588,1.645550,1.740646,0.011598,0.029051,0.265821,0.606500,1.034192,0.057915,0.395442,0.431047,0.455471,0.419228,0.425184,0.127731,0.395396,0.433752,0.892460,0.129009,0.007484,0.007401,0.456271,0.459349,0.064671,0.164868,0.595594,0.525305,0.050784,0.890325,0.984311,0.005934,0.006215,0.019229
mammoth,Base_Seq,default,0.136828,0.148872,0.165705,0.271445,0.282637,0.400116,0.527267,0.587513,0.206599,0.327840,0.213466,0.038655,0.039729,0.002097,0.018147,0.106125,0.434482,0.354765,0.504832,0.035994,0.603961,0.495232,0.499370,0.444030,0.596923,0.060462,0.641403,1.577654,2.363827,0.222454,0.047960,0.630439,2.449486,3.304224,0.011789,0.041952,0.300597,0.775567,1.210744,0.058473,0.564756,0.488547,0.629510,0.484698,0.549219,0.154112,0.397907,0.473395,0.931439,0.136309,0.008158,0.008247,0.457177,0.459440,0.065531,0.177112,0.690481,0.529437,0.058200,0.889997,0.985785,0.005931,0.006661,0.025284
mammoth,Base_Seq,default,0.101842,0.104688,0.151957,0.270788,0.275109,0.380848,0.522935,0.585763,0.203533,0.270378,0.214670,0.038826,0.039412,0.002210,0.013838,0.104641,0.432821,0.277389,0.438227,0.036042,0.441787,0.450403,0.422638,0.435416,0.587931,0.058278,0.594857,1.567106,2.362392,0.216159,0.047501,0.349986,1.885735,1.774986,0.011911,0.029489,0.264962,0.793608,1.104657,0.058103,0.445376,0.409023,0.451044,0.397716,0.452303,0.135382,0.395542,0.446598,0.872140,0.135114,0.009539,0.011112,0.456936,0.458693,0.065917,0.169735,0.614088,0.529136,0.055796,0.888994,0.986364,0.005850,0.006338,0.020703
mammoth,Base_Seq,default,0.125364,0.142252,0.157676,0.272062,0.284522,0.389725,0.526625,0.588893,0.205310,0.268105,0.215291,0.038643,0.041207,0.002112,0.017362,0.106550,0.421523,0.323763,0.516162,0.036460,0.620272,0.489815,0.504707,0.446434,0.601271,0.057884,0.646467,1.583649,2.352543,0.238573,0.052639,0.643939,3.174940,1.790919,0.013797,0.043603,0.291910,0.708997,1.110799,0.060413,0.613318,0.540899,0.644484,0.548053,0.571534,0.156571,0.389112,0.504890,0.930754,0.138624,0.010087,0.009898,0.459266,0.457350,0.065300,0.173410,0.715242,0.531594,0.057132,0.885691,0.988044,0.005835,0.006600,0.028335
mammoth,Base_Seq,default,0.123436,0.126974,0.158932,0.272189,0.280626,0.383430,0.527375,0.589606,0.204904,0.285457,0.213813,0.039029,0.039519,0.002085,0.016615,0.105862,0.428069,0.295762,0.463600,0.035996,0.469395,0.465953,0.427350,0.438320,0.591497,0.058864,0.608489,1.575394,2.366493,0.216658,0.047898,0.377966,2.007553,1.736354,0.011745,0.032486,0.261940,0.844318,1.064546,0.057762,0.463439,0.416398,0.523863,0.407994,0.473997,0.141524,0.397979,0.464210,0.908366,0.130757,0.010192,0.010306,0.456986,0.458027,0.064988,0.165622,0.618249,0.526290,0.051598,0.888793,0.984947,0.005775,0.006492,0.021536
mammoth,Base_Seq,default,0.095570,0.095531,0.155490,0.271098,0.274532,0.377016,0.526624,0.588679,0.204181,0.250467,0.217930,0.039107,0.039527,0.002096,0.011459,0.105652,0.431710,0.271056,0.407310,0.035825,0.417143,0.433385,0.398634,0.432555,0.581175,0.059231,0.582812,1.535212,2.319225,0.214336,0.047566,0.298066,1.657341,1.743853,0.011980,0.029038,0.258836,0.687339,1.055998,0.057759,0.388261,0.385695,0.439547,0.386686,0.429309,0.129001,0.395706,0.432740,0.891027,0.134395,0.008052,0.007996,0.456451,0.459254,0.064951,0.169579,0.596446,0.528825,0.055358,0.893306,0.986358,0.005965,0.006390,0.021219
mammoth,Base_Seq,default,0.140254,0.151086,0.163841,0.272176,0.285164,0.405657,0.522758,0.584053,0.203608,0.349484,0.214683,0.039139,0.039480,0.002076,0.018039,0.105825,0.432819,0.384722,0.569288,0.036063,0.643708,0.507014,0.511950,0.446454,0.602836,0.059083,0.659278,1.592791,2.373699,0.221827,0.048233,0.618134,2.692518,1.775570,0.011830,0.043087,0.296719,0.840784,1.252615,0.058001,0.653015,0.491867,0.601252,0.504139,0.542102,0.155366,0.399233,0.470981,0.933190,0.140569,0.008085,0.008155,0.457419,0.458405,0.065226,0.175379,0.686405,0.529858,0.059086,0.889258,0.988028,0.005843,0.006411,0.024349
mammoth,Base_Seq,default,0.108068,0.109375,0.153809,0.270970,0.273268,0.377810,0.524986,0.588289,0.204184,0.252042,0.214353,0.038968,0.039277,0.002081,0.013417,0.104700,0.426178,0.268444,0.464248,0.035984,0.470306,0.437934,0.387918,0.434693,0.582012,0.058758,0.584276,1.759608,2.315945,0.215778,0.047363,0.289092,1.784412,1.727884,0.011887,0.030454,0.260181,0.664859,1.029646,0.057799,0.394111,0.395508,0.437365,0.391374,0.439483,0.127974,0.395776,0.429892,0.890222,0.134661,0.008084,0.008323,0.456115,0.459125,0.064375,0.170499,0.593286,0.528056,0.055785,0.889038,0.984362,0.005859,0.006444,0.021749
poodle,Base_Seq,default,0.150169,0.150131,0.209974,0.256660,0.067764,0.511931,0.345257,0.344884,0.142450,0.356712,0.153268,0.016747,0.016833,0.003577,0.012240,0.041905,0.655278,0.295489,0.520178,0.066949,0.549980,0.640791,0.406638,0.491350,0.810601,0.039984,0.584147,1.656102,2.535648,0.206934,0.048785,0.306158,2.220796,2.086058,0.014812,0.029254,0.263735,0.849443,1.157193,0.044075,0.402395,0.469481,0.468812,0.466190,0.400124,0.092221,0.273724,0.297316,0.904386,0.144314,0.012802,0.012726,0.397301,0.396816,0.058281,0.154840,0.668168,0.413898,0.033780,0.839412,0.925456,0.005824,0.013841,0.026698
poodle,Base_Seq,default,0.148826,0.149989,0.209959,0.256762,0.064830,0.511536,0.345204,0.344588,0.141936,0.356079,0.152828,0.016742,0.016729,0.003052,0.012204,0.042428,0.654927,0.296576,0.517494,0.066953,0.545401,0.640520,0.405874,0.490965,0.812965,0.039867,0.584677,1.653469,2.524009,0.206704,0.048776,0.305196,2.215059,2.089052,0.014891,0.029183,0.259703,0.849856,1.160447,0.044066,0.403497,0.468141,0.468447,0.465638,0.402870,0.093231,0.273676,0.298795,0.901161,0.144299,0.012776,0.012749,0.397183,0.396753,0.058277,0.154935,0.667228,0.414713,0.033886,0.839795,0.925585,0.005814,0.013816,0.026942
poodle,Base_Seq,default,0.152909,0.152849,0.210069,0.256976,0.071265,0.518284,0.350107,0.349696,0.142284,0.361805,0.156335,0.016759,0.016856,0.004081,0.012761,0.041865,0.655039,0.297168,0.527810,0.066960,0.564693,0.654227,0.418265,0.498808,0.822930,0.041727,0.594783,1.659150,2.536731,0.206908,0.049214,0.311289,2.256813,2.039294,0.014752,0.029772,0.261343,0.876954,1.179536,0.044488,0.412207,0.477474,0.477305,0.474890,0.411670,0.095229,0.274287,0.290347,0.921804,0.144547,0.013160,0.013032,0.397533,0.396860,0.057719,0.154127,0.674578,0.413977,0.034101,0.839514,0.928199,0.005908,0.014033,0.027083
poodle,Base_Seq,default,0.150208,0.150010,0.209930,0.256673,0.067902,0.512303,0.345169,0.344516,0.141686,0.354877,0.152829,0.016740,0.016748,0.003052,0.012226,0.041815,0.653309,0.295748,0.518334,0.066956,0.542353,0.641540,0.407146,0.483224,0.807828,0.039825,0.584422,1.657283,2.520135,0.206709,0.048753,0.304360,2.242888,2.088697,0.014994,0.029161,0.264681,0.851999,1.158065,0.044054,0.402632,0.469358,0.468342,0.465361,0.400362,0.092506,0.273489,0.299411,0.901057,0.144341,0.012865,0.012911,0.397272,0.396781,0.058898,0.154322,0.668067,0.414172,0.033893,0.840982,0.926120,0.005816,0.013825,0.026775
poodle,Base_Seq,default,0.150206,0.150160,0.210021,0.256866,0.063677,0.510696,0.345337,0.344606,0.141092,0.353970,0.153549,0.016726,0.016749,0.003020,0.012217,0.041805,0.657230,0.295606,0.518926,0.066962,0.543056,0.639930,0.406729,0.483571,0.809330,0.040179,0.583494,1.643040,2.500430,0.206960,0.049678,0.305074,2.303571,2.031922,0.015237,0.029184,0.261160,0.853091,1.159134,0.044107,0.403734,0.468477,0.468474,0.466554,0.402420,0.092996,0.273631,0.300109,0.901104,0.144331,0.012876,0.012706,0.397179,0.396718,0.058387,0.153666,0.665945,0.414098,0.033913,0.840011,0.925508,0.005966,0.013842,0.026871
poodle,Base_Seq,default,0.149702,0.150049,0.209875,0.256585,0.068342,0.509510,0.345040,0.344916,0.142823,0.354145,0.152782,0.016725,0.016792,0.003016,0.012235,0.041810,0.638415,0.296071,0.518748,0.066985,0.547388,0.642322,0.406459,0.489099,0.808453,0.039615,0.583337,1.667844,2.593032,0.207247,0.048737,0.305136,2.222763,2.084929,0.015024,0.029224,0.263873,0.852417,1.151571,0.043835,0.400661,0.468031,0.468750,0.465972,0.398653,0.091166,0.270600,0.295849,0.895846,0.144308,0.012779,0.012723,0.397862,0.396790,0.057281,0.154727,0.664642,0.407931,0.033803,0.839428,0.926473,0.005811,0.013831,0.026803
poodle,Base_Seq,default,0.150184,0.150176,0.209887,0.256787,0.063556,0.509894,0.345065,0.344476,0.141149,0.354965,0.153068,0.016744,0.016736,0.003042,0.012206,0.042404,0.612734,0.295814,0.519021,0.066954,0.543350,0.638203,0.406565,0.479282,0.807968,0.039548,0.583361,1.660631,2.586105,0.207154,0.049190,0.305778,2.317165,2.084430,0.015105,0.029195,0.259054,0.853302,1.161878,0.043821,0.403166,0.468070,0.468032,0.465521,0.400863,0.092337,0.270525,0.297157,0.894107,0.144311,0.012814,0.012760,0.397902,0.396898,0.057391,0.153448,0.667889,0.408060,0.033954,0.840075,0.926517,0.005878,0.013838,0.026898
poodle,Base_Seq,default,0.150785,0.150094,0.209935,0.257258,0.068038,0.512562,0.345677,0.344721,0.143957,0.360831,0.153408,0.016723,0.016850,0.003059,0.012274,0.041957,0.583783,0.296158,0.517734,0.066973,0.548802,0.645642,0.409485,0.487973,0.815295,0.040095,0.584777,1.657348,2.525552,0.207084,0.049233,0.306283,2.279274,2.086042,0.015044,0.029577,0.264025,0.850529,1.153828,0.045177,0.402992,0.469942,0.469821,0.466854,0.404058,0.093427,0.273627,0.299451,0.900841,0.144362,0.012877,0.012771,0.397592,0.397051,0.058455,0.154307,0.667873,0.414153,0.033886,0.839378,0.926750,0.005821,0.013856,0.026786
poodle,Base_Seq,default,0.150699,0.150337,0.209944,0.256846,0.064941,0.517967,0.345436,0.344702,0.142636,0.371269,0.153050,0.016741,0.016739,0.003043,0.012251,0.042423,0.641994,0.296311,0.519854,0.066972,0.544031,0.644956,0.407247,0.483171,0.806929,0.039691,0.586275,1.658057,2.523676,0.207032,0.049138,0.305008,2.297867,2.087027,0.014909,0.029367,0.259778,0.856008,1.157469,0.044450,0.402811,0.468872,0.468623,0.466065,0.401867,0.093071,0.270640,0.293254,0.895182,0.144388,0.012906,0.012801,0.398054,0.396914,0.058033,0.154769,0.666312,0.408075,0.033948,0.839783,0.925570,0.005820,0.013819,0.026859
poodle,Base_Seq,default,0.153396,0.152945,0.210032,0.257237,0.071187,0.524518,0.350148,0.349651,0.142147,0.372622,0.156181,0.016725,0.016880,0.004090,0.012691,0.041859,0.633279,0.296249,0.527324,0.066972,0.563818,0.656498,0.418440,0.510629,0.824154,0.041647,0.596696,1.660637,2.531767,0.207003,0.049581,0.311362,2.323076,2.037558,0.015023,0.030066,0.261288,0.881896,1.185511,0.045415,0.410194,0.477341,0.476714,0.474820,0.412389,0.097007,0.274239,0.290520,0.919964,0.144570,0.013105,0.013039,0.397455,0.396796,0.057813,0.154553,0.675274,0.411603,0.034153,0.839544,0.927387,0.005914,0.014045,0.027116
poodle,Base_Seq,default,0.150875,0.150198,0.209936,0.257134,0.068312,0.516861,0.345520,0.344649,0.142696,0.363302,0.153728,0.016737,0.016740,0.003030,0.012208,0.041941,0.558119,0.296233,0.521532,0.066973,0.545356,0.643681,0.407203,0.483802,0.813843,0.040651,0.584723,1.659261,2.522400,0.207163,0.049274,0.305169,2.306903,2.086005,0.015124,0.029433,0.264756,0.853398,1.156090,0.044700,0.401608,0.468896,0.468424,0.465437,0.400855,0.093322,0.270636,0.296539,0.898951,0.144429,0.012883,0.012717,0.397790,0.396904,0.058205,0.154636,0.666541,0.408073,0.033900,0.839765,0.926077,0.005825,0.013838,0.027105
poodle,Base_Seq,default,0.150321,0.150214,0.209925,0.257052,0.063458,0.511179,0.345206,0.344671,0.142401,0.365648,0.153085,0.016726,0.016761,0.003039,0.012265,0.041818,0.651084,0.296355,0.519266,0.066971,0.543415,0.642191,0.407394,0.483632,0.810328,0.039616,0.583978,1.642026,2.487062,0.207267,0.049684,0.304791,2.268228,1.999113,0.014862,0.029438,0.261188,0.854487,1.162769,0.044529,0.402938,0.468198,0.468369,0.465178,0.399585,0.093252,0.270633,0.295958,0.896374,0.144316,0.012852,0.012799,0.397848,0.396964,0.058173,0.154614,0.666807,0.408100,0.033926,0.839162,0.926000,0.005928,0.013839,0.026945
poodle,Base_Seq,default,0.150696,0.150039,0.209933,0.256927,0.068079,0.511778,0.345763,0.344790,0.143468,0.361305,0.153303,0.016738,0.016745,0.003691,0.012234,0.041828,0.576845,0.295533,0.520300,0.066966,0.546777,0.640272,0.410301,0.483784,0.814068,0.040814,0.584878,1.666606,2.587601,0.207356,0.049152,0.304450,2.295334,2.086946,0.014975,0.029424,0.263752,0.851754,1.157706,0.044845,0.401151,0.468188,0.468140,0.463843,0.397422,0.093075,0.270713,0.300016,0.899493,0.144374,0.012906,0.012854,0.397957,0.397006,0.057345,0.154387,0.668130,0.407946,0.033787,0.839695,0.926152,0.005822,0.013848,0.026751
poodle,Base_Seq,default,0.150318,0.150149,0.209976,0.257196,0.063794,0.513245,0.345483,0.344613,0.143109,0.360761,0.153225,0.016734,0.016807,0.003030,0.012260,0.042414,0.565829,0.296903,0.520185,0.066972,0.544542,0.645844,0.408672,0.483562,0.809633,0.039657,0.584315,1.661209,2.582824,0.207202,0.049276,0.305721,2.247021,2.087998,0.015121,0.029442,0.259610,0.855189,1.158598,0.044303,0.404224,0.469809,0.468352,0.465471,0.402459,0.093647,0.270637,0.295310,0.900156,0.144377,0.012885,0.012730,0.397990,0.397039,0.057461,0.154344,0.667367,0.407973,0.033885,0.839471,0.926529,0.005871,0.013839,0.026650
poodle,Base_Seq,default,0.150618,0.150056,0.210002,0.256885,0.068279,0.513537,0.345719,0.345763,0.143967,0.362985,0.153927,0.016795,0.016814,0.003412,0.012299,0.041912,0.597991,0.295626,0.519883,0.066971,0.552396,0.644042,0.407418,0.491867,0.815503,0.040089,0.585380,1.658846,2.545933,0.207042,0.049220,0.306069,2.278714,2.084773,0.014627,0.029551,0.264009,0.850450,1.149116,0.045100,0.401566,0.467533,0.469155,0.464315,0.401639,0.093824,0.273631,0.297061,0.900971,0.144392,0.012922,0.012789,0.397397,0.396989,0.059068,0.154241,0.664143,0.414134,0.033898,0.839854,0.925665,0.005820,0.013847,0.026860
poodle,Base_Seq,default,0.149808,0.150207,0.209912,0.257235,0.065380,0.517474,0.345427,0.344551,0.144101,0.371034,0.153200,0.016736,0.016727,0.003043,0.012264,0.042424,0.646776,0.296576,0.519590,0.066971,0.547841,0.645177,0.410424,0.485913,0.813739,0.039818,0.587607,1.660282,2.534208,0.207036,0.049129,0.305799,2.239269,2.086825,0.014922,0.029377,0.259810,0.853421,1.152866,0.044470,0.404999,0.469218,0.468707,0.466110,0.403985,0.093273,0.270581,0.293373,0.898158,0.144319,0.012869,0.012730,0.397994,0.397006,0.057996,0.154496,0.665603,0.408112,0.033871,0.839595,0.925742,0.005819,0.013833,0.026836
poodle,Base_Seq,default,0.153084,0.152959,0.209983,0.257312,0.071149,0.523022,0.350302,0.349439,0.142240,0.372166,0.156376,0.016751,0.016899,0.003389,0.012537,0.041871,0.639530,0.295401,0.528719,0.066975,0.565004,0.660516,0.418322,0.506377,0.824379,0.041900,0.597426,1.656906,2.528248,0.207005,0.049260,0.311522,2.321697,2.037004,0.015123,0.030019,0.261461,0.875739,1.187210,0.045007,0.412312,0.476237,0.476655,0.471648,0.411098,0.096783,0.274319,0.291606,0.919111,0.144488,0.013140,0.013075,0.397474,0.396853,0.057793,0.154202,0.675601,0.414135,0.033966,0.839350,0.928440,0.005912,0.014045,0.027034
poodle,Base_Seq,default,0.150322,0.149794,0.209959,0.257073,0.068186,0.517989,0.345356,0.344599,0.143791,0.363939,0.153347,0.016734,0.016736,0.004126,0.012172,0.041914,0.562194,0.295542,0.519185,0.066966,0.547262,0.639881,0.408094,0.486428,0.815752,0.040130,0.584189,1.659087,2.519703,0.207138,0.049310,0.305563,2.272595,2.086661,0.014922,0.029429,0.264839,0.851431,1.150972,0.044755,0.402818,0.468881,0.468508,0.464945,0.400014,0.093551,0.270604,0.294391,0.900002,0.144310,0.012816,0.012746,0.397966,0.397003,0.058392,0.154989,0.666705,0.407917,0.033879,0.839142,0.926114,0.005818,0.013828,0.026832
poodle,Base_Seq,default,0.150374,0.150313,0.209934,0.256852,0.064140,0.510907,0.345283,0.344582,0.143540,0.366715,0.152666,0.016741,0.016754,0.002994,0.012276,0.041807,0.650995,0.295613,0.518541,0.066977,0.547088,0.644510,0.407769,0.486425,0.815698,0.039589,0.585538,1.643604,2.490197,0.207272,0.049701,0.306090,2.238497,2.031884,0.014885,0.029425,0.260968,0.848367,1.155272,0.044442,0.403291,0.469800,0.469235,0.466728,0.400340,0.093463,0.270651,0.295950,0.897437,0.144315,0.012837,0.012711,0.398072,0.396927,0.058216,0.154740,0.666806,0.408097,0.033943,0.839432,0.926122,0.005949,0.013824,0.026926
poodle,Base_Seq,default,0.150951,0.150035,0.209906,0.256978,0.068434,0.512156,0.345619,0.345361,0.144242,0.361558,0.153248,0.016744,0.016835,0.003697,0.012250,0.041825,0.577455,0.294785,0.520039,0.066971,0.548688,0.645000,0.409112,0.487960,0.815223,0.040471,0.585717,1.665816,2.587573,0.207291,0.049146,0.307034,2.289570,2.087547,0.014872,0.029557,0.263797,0.851642,1.156818,0.044705,0.404593,0.469872,0.469099,0.466290,0.402368,0.093291,0.270557,0.299344,0.900752,0.144336,0.012809,0.012803,0.397963,0.397176,0.057376,0.153569,0.666892,0.408034,0.033814,0.840118,0.926042,0.005816,0.013848,0.026726
poodle,Base_Seq,default,0.149294,0.149251,0.209887,0.256809,0.064039,0.509801,0.345259,0.344615,0.143977,0.356732,0.152896,0.016739,0.016730,0.003013,0.012245,0.042404,0.567645,0.295033,0.517624,0.066967,0.545645,0.636852,0.405020,0.485225,0.813154,0.039995,0.583865,1.657576,2.577743,0.207235,0.049171,0.305691,2.265451,2.085757,0.015147,0.029279,0.258649,0.854103,1.162466,0.044291,0.404221,0.467503,0.468527,0.464498,0.399625,0.093223,0.270612,0.295190,0.901719,0.144327,0.012899,0.012748,0.398186,0.396992,0.057471,0.154886,0.666299,0.408065,0.033840,0.839315,0.924950,0.005885,0.013845,0.026868
quartz,Base_Seq,default,0.170561,0.166561,0.457465,0.237747,0.273779,0.533636,0.719768,0.805580,0.332351,0.378373,0.338594,0.035269,0.037073,0.003871,0.013912,0.101260,0.990482,0.307076,0.683490,0.060377,0.682469,0.746308,0.459838,0.695800,1.466669,0.081912,0.584260,2.291807,3.477891,0.219611,0.076981,0.363888,2.769263,2.564692,0.020047,0.029286,0.440915,1.114586,1.591838,0.069140,0.451025,0.589825,0.470662,0.608530,0.449570,0.096456,0.470543,0.370989,1.477810,0.224133,0.017748,0.017708,0.726361,0.720815,0.075971,0.240505,0.728854,0.701351,0.049710,0.785259,0.903261,0.006667,0.021582,0.031998
quartz,Base_Seq,default,0.168576,0.169165,0.464093,0.242917,0.277433,0.553085,0.728651,0.828653,0.336373,0.390531,0.346638,0.036040,0.037432,0.003908,0.015747,0.102616,1.016570,0.309250,0.692266,0.060850,0.696488,0.762238,0.465861,0.702257,1.493213,0.082657,0.603109,2.314179,3.530400,0.221127,0.076307,0.366963,2.804882,2.626640,0.020645,0.030712,0.458333,1.133285,1.609245,0.072415,0.455697,0.599166,0.474511,0.614241,0.457959,0.101722,0.481609,0.372932,1.503594,0.238285,0.017837,0.018035,0.719504,0.736710,0.079971,0.246561,0.749411,0.717535,0.049970,0.800398,0.921160,0.006801,0.022205,0.033530
quartz,Base_Seq,default,0.167712,0.169898,0.459560,0.240097,0.272879,0.545431,0.721582,0.823070,0.335261,0.384420,0.340965,0.035603,0.037669,0.003776,0.013673,0.100104,0.987851,0.305151,0.672402,0.059583,0.677383,0.747553,0.453555,0.702032,1.500884,0.079867,0.586778,2.272321,3.472103,0.216143,0.075823,0.364108,2.783144,2.572031,0.019767,0.029944,0.437849,1.115650,1.597298,0.070916,0.453464,0.592714,0.470424,0.610083,0.452078,0.098455,0.474905,0.371327,1.498283,0.235239,0.017383,0.017787,0.736069,0.719724,0.079390,0.244071,0.742126,0.713060,0.048843,0.795551,0.908694,0.006670,0.021858,0.033346
quartz,Base_Seq,default,0.163462,0.164332,0.441640,0.229374,0.270618,0.546510,0.696775,0.791558,0.322806,0.384847,0.329672,0.035205,0.036401,0.003739,0.014022,0.096542,0.964584,0.296060,0.668499,0.058419,0.668294,0.730769,0.447273,0.679595,1.452759,0.077230,0.579991,2.212825,3.376480,0.213348,0.073499,0.354617,2.709681,2.515762,0.018874,0.029453,0.425337,1.078250,1.528578,0.067805,0.436463,0.573262,0.454834,0.590240,0.435334,0.093323,0.452734,0.355056,1.475317,0.219370,0.017025,0.016974,0.681889,0.691319,0.075515,0.230952,0.720103,0.679908,0.047197,0.753575,0.868836,0.006333,0.020692,0.031643
quartz,Base_Seq,default,0.171803,0.169093,0.450227,0.235394,0.274682,0.551515,0.722418,0.815585,0.335932,0.409446,0.341273,0.036606,0.037209,0.003831,0.013612,0.101345,0.986373,0.300034,0.686042,0.059148,0.686387,0.747357,0.456119,0.702312,1.501945,0.080950,0.585815,2.302372,3.484396,0.219758,0.074936,0.364584,2.788548,2.594818,0.019106,0.030134,0.444249,1.114920,1.611430,0.069211,0.450758,0.594317,0.468300,0.609191,0.448376,0.098966,0.475594,0.368297,1.492593,0.229806,0.017313,0.017760,0.738179,0.733323,0.079953,0.244161,0.722767,0.711126,0.049662,0.783276,0.899278,0.006772,0.021874,0.031851
quartz,Base_Seq,default,0.170117,0.170040,0.459369,0.240988,0.274983,0.549967,0.724816,0.825319,0.336412,0.394374,0.335132,0.037040,0.037825,0.003954,0.013780,0.101372,0.991803,0.309595,0.682591,0.060585,0.693501,0.754845,0.453933,0.693952,1.509362,0.081653,0.591503,2.294099,3.546783,0.220470,0.074500,0.363347,2.806974,2.588524,0.019889,0.029963,0.444589,1.122793,1.617154,0.071564,0.453006,0.599576,0.468864,0.615233,0.455405,0.100063,0.482566,0.373063,1.493033,0.232607,0.017850,0.017871,0.707911,0.724654,0.079581,0.242872,0.753127,0.717626,0.049288,0.797339,0.918749,0.006565,0.021595,0.032079
quartz,Base_Seq,default,0.162243,0.162464,0.434463,0.228566,0.262078,0.532681,0.689085,0.778711,0.319621,0.378135,0.326415,0.035184,0.035415,0.003743,0.013462,0.095036,0.957663,0.296000,0.661899,0.058734,0.662424,0.725070,0.443059,0.671666,1.440295,0.076885,0.558425,2.190451,3.328887,0.220004,0.077353,0.368671,2.808469,2.609916,0.020073,0.029970,0.445955,1.128033,1.615471,0.071970,0.458309,0.601884,0.473821,0.618769,0.456609,0.099883,0.476986,0.374398,1.504177,0.237956,0.017541,0.017920,0.732848,0.736193,0.081019,0.244939,0.734644,0.715974,0.048973,0.800581,0.917603,0.006717,0.022605,0.033516
quartz,Base_Seq,default,0.168612,0.168138,0.456106,0.237701,0.274803,0.542412,0.721150,0.818187,0.330451,0.383704,0.343652,0.036501,0.037246,0.003914,0.013877,0.100549,1.002256,0.299865,0.688294,0.060072,0.688440,0.745762,0.455593,0.697149,1.485529,0.079599,0.578833,2.296094,3.507423,0.218655,0.075439,0.362514,2.786385,2.579881,0.019903,0.030151,0.442095,1.120979,1.602615,0.071233,0.452847,0.596811,0.473026,0.614421,0.451834,0.088381,0.475913,0.371476,1.500398,0.234763,0.017913,0.017701,0.708715,0.723758,0.080299,0.243491,0.728234,0.712329,0.049215,0.791119,0.910908,0.006708,0.022533,0.033760
quartz,Base_Seq,default,0.170761,0.170201,0.457035,0.238736,0.275409,0.536890,0.721294,0.817066,0.331809,0.387207,0.342560,0.036144,0.036918,0.003849,0.013774,0.099491,1.000580,0.304058,0.687464,0.059884,0.691118,0.758589,0.456039,0.702043,1.471710,0.081558,0.595435,2.291540,3.501128,0.219564,0.076129,0.361757,2.786433,2.582666,0.020183,0.030423,0.447460,1.121246,1.595359,0.071820,0.452646,0.597977,0.470316,0.610413,0.452854,0.090492,0.473368,0.370536,1.480751,0.232496,0.017658,0.017640,0.728471,0.724184,0.080430,0.242608,0.718730,0.712257,0.049364,0.791563,0.914586,0.006744,0.020750,0.033151
quartz,Base_Seq,default,0.169078,0.170069,0.459916,0.239347,0.274398,0.545064,0.723146,0.816410,0.332826,0.378004,0.343810,0.035838,0.037837,0.003916,0.013815,0.099333,0.991632,0.303186,0.685867,0.060181,0.688876,0.748874,0.457292,0.702397,1.485007,0.081768,0.588941,2.294102,3.489173,0.220573,0.076066,0.364034,2.782968,2.579634,0.020029,0.030305,0.440879,1.119808,1.600312,0.072342,0.455082,0.596063,0.469771,0.610247,0.449987,0.090331,0.476038,0.370550,1.496001,0.233432,0.017624,0.017671,0.716426,0.726029,0.078568,0.243758,0.725497,0.714871,0.049436,0.791408,0.907054,0.006658,0.021834,0.033131
quartz,Base_Seq,default,0.168533,0.170134,0.456776,0.238874,0.275106,0.534302,0.723324,0.822349,0.334040,0.374599,0.342951,0.036432,0.037601,0.003960,0.013679,0.100049,1.002286,0.305021,0.687434,0.060147,0.689399,0.748756,0.455429,0.700999,1.487309,0.080650,0.580861,2.292420,3.494850,0.222013,0.075685,0.365742,2.788811,2.585145,0.019904,0.029889,0.446278,1.119798,1.602746,0.071056,0.453743,0.595887,0.471626,0.610179,0.450736,0.088083,0.475473,0.370353,1.494752,0.231994,0.017771,0.017782,0.717070,0.727992,0.079887,0.244181,0.720275,0.715870,0.049308,0.790550,0.910139,0.006665,0.021656,0.033210
quartz,Base_Seq,default,0.168542,0.168767,0.460818,0.237861,0.276560,0.534870,0.721674,0.819923,0.331884,0.390912,0.341035,0.036873,0.037016,0.003901,0.013970,0.099084,1.003277,0.306640,0.687296,0.060200,0.691088,0.750074,0.455269,0.702498,1.480221,0.079313,0.580223,2.298012,3.496570,0.218325,0.074953,0.364287,2.787017,2.583835,0.019837,0.030077,0.446991,1.118875,1.596513,0.072616,0.453892,0.597153,0.471239,0.610747,0.450349,0.087948,0.473845,0.371210,1.494684,0.233290,0.017318,0.017993,0.713113,0.725376,0.079468,0.242761,0.734368,0.713479,0.049435,0.791318,0.906308,0.006787,0.021781,0.032246
quartz,Base_Seq,default,0.169221,0.168741,0.458278,0.240118,0.277136,0.518675,0.728181,0.819524,0.334982,0.363794,0.346586,0.037106,0.037040,0.003937,0.013819,0.101275,1.005668,0.297150,0.690609,0.060164,0.696271,0.745754,0.454748,0.698260,1.493645,0.081755,0.572697,2.295595,3.527395,0.218637,0.076856,0.364622,2.781390,2.586238,0.019513,0.029871,0.444853,1.119056,1.613000,0.071775,0.452666,0.594856,0.473766,0.615760,0.454473,0.087521,0.473773,0.372848,1.500321,0.234018,0.017658,0.017635,0.738303,0.729091,0.080308,0.245113,0.705559,0.717151,0.049739,0.796905,0.907551,0.006597,0.021284,0.033237
quartz,Base_Seq,default,0.170007,0.170194,0.456675,0.238359,0.274928,0.570728,0.725588,0.816510,0.334477,0.412325,0.343799,0.036741,0.036955,0.004109,0.015721,0.100000,1.000087,0.307770,0.687127,0.059787,0.689450,0.744340,0.454954,0.702044,1.480890,0.081168,0.577987,2.299498,3.502491,0.218127,0.075307,0.363881,2.792435,2.579521,0.020076,0.029928,0.442851,1.122512,1.600493,0.069946,0.452805,0.596204,0.471336,0.614587,0.451052,0.089620,0.476489,0.368660,1.491671,0.233879,0.017651,0.017752,0.723193,0.729775,0.078734,0.240672,0.727296,0.710266,0.049518,0.791504,0.910244,0.006613,0.022291,0.033339
quartz,Base_Seq,default,0.168232,0.164878,0.454300,0.235674,0.274323,0.491917,0.723445,0.816739,0.329112,0.351617,0.337279,0.036738,0.035383,0.003759,0.014597,0.100909,0.989278,0.301647,0.683112,0.059173,0.686104,0.741339,0.456687,0.703105,1.475626,0.079416,0.564361,2.266760,3.464854,0.220420,0.074369,0.361838,2.762578,2.560939,0.020073,0.030100,0.439870,1.112730,1.583654,0.070294,0.451158,0.593611,0.470503,0.605987,0.446236,0.087489,0.473067,0.368549,1.494421,0.232548,0.016962,0.017819,0.731368,0.718787,0.075879,0.244320,0.684214,0.711651,0.049480,0.781862,0.913735,0.006298,0.021944,0.033032
quartz,Base_Seq,default,0.166534,0.167708,0.459235,0.238510,0.271568,0.523262,0.713590,0.817703,0.331295,0.390383,0.342869,0.036949,0.037208,0.003975,0.013807,0.101134,0.997646,0.303938,0.682161,0.060518,0.688825,0.747518,0.454898,0.692209,1.485700,0.081731,0.576883,2.280947,3.471111,0.218146,0.075338,0.363380,2.769758,2.571142,0.019417,0.030423,0.456468,1.117611,1.585833,0.071745,0.453856,0.594980,0.469281,0.609501,0.448655,0.090740,0.470430,0.369695,1.488438,0.231500,0.017677,0.017432,0.704005,0.720330,0.079666,0.244743,0.705398,0.712276,0.049577,0.786580,0.901085,0.006774,0.022489,0.033624
quartz,Base_Seq,default,0.167415,0.167417,0.457019,0.233792,0.274873,0.521340,0.718382,0.811537,0.330576,0.364463,0.338811,0.036706,0.037428,0.003951,0.013536,0.100983,0.984166,0.295719,0.681945,0.060212,0.683568,0.744225,0.453362,0.698607,1.472715,0.077833,0.571234,2.276031,3.470638,0.220020,0.074554,0.359303,2.759196,2.557048,0.020121,0.029173,0.439639,1.114488,1.580530,0.071405,0.452623,0.598681,0.469136,0.611560,0.449571,0.088236,0.472707,0.367967,1.485324,0.231101,0.017553,0.017834,0.720480,0.719735,0.080309,0.243757,0.712194,0.704421,0.049135,0.787430,0.907968,0.006763,0.021241,0.032290
quartz,Base_Seq,default,0.170510,0.169146,0.455962,0.234195,0.270213,0.522812,0.718382,0.818135,0.331346,0.367999,0.336920,0.037198,0.037672,0.003962,0.013796,0.100791,0.990503,0.298983,0.678526,0.059911,0.684338,0.741891,0.452972,0.697950,1.476793,0.080122,0.576929,2.282920,3.462426,0.216925,0.074584,0.361200,2.761689,2.550977,0.019836,0.029798,0.444935,1.109014,1.596416,0.070751,0.450054,0.591283,0.469542,0.608454,0.452091,0.088633,0.472573,0.369081,1.489953,0.235294,0.017182,0.017055,0.700015,0.717453,0.079664,0.243588,0.714957,0.706494,0.047471,0.786463,0.903762,0.006667,0.021592,0.033291
quartz,Base_Seq,default,0.172561,0.169335,0.449374,0.235673,0.274538,0.532390,0.719885,0.817612,0.332670,0.383946,0.342322,0.036116,0.037192,0.003952,0.013852,0.101231,0.989073,0.300812,0.687115,0.060262,0.685793,0.741032,0.455811,0.695724,1.457412,0.079152,0.571027,2.281942,3.461059,0.217066,0.073523,0.361841,2.765274,2.555249,0.019963,0.030045,0.444089,1.119655,1.585761,0.068189,0.452781,0.595008,0.469849,0.611438,0.449518,0.085869,0.467388,0.369486,1.462843,0.226201,0.016954,0.017273,0.702857,0.719229,0.077545,0.241868,0.700047,0.709466,0.049471,0.783089,0.904922,0.006770,0.021587,0.033281
quartz,Base_Seq,default,0.169396,0.166123,0.464239,0.238764,0.278150,0.513869,0.732901,0.819315,0.329450,0.361729,0.345392,0.036680,0.038424,0.003830,0.013891,0.102012,0.995351,0.301837,0.689310,0.060111,0.683256,0.740266,0.452675,0.709456,1.493591,0.080836,0.572909,2.299063,3.523427,0.221626,0.076400,0.363311,2.795615,2.591136,0.020094,0.030122,0.446573,1.118400,1.599788,0.071392,0.454769,0.597591,0.474478,0.611093,0.452228,0.089183,0.474739,0.368842,1.501307,0.234195,0.017665,0.017995,0.738887,0.728538,0.079354,0.244406,0.693743,0.719163,0.049600,0.780607,0.910075,0.006546,0.021550,0.033205
quartz,Base_Seq,default,0.170702,0.169166,0.449071,0.238750,0.274320,0.511934,0.722382,0.810019,0.333691,0.364519,0.338982,0.036852,0.037239,0.003902,0.013918,0.099185,0.995412,0.291567,0.685954,0.060304,0.687067,0.738279,0.449523,0.699294,1.483190,0.080084,0.567011,2.272277,3.483855,0.220021,0.076599,0.362685,2.765304,2.573020,0.019611,0.029845,0.441022,1.114361,1.584467,0.071345,0.450905,0.593664,0.470732,0.607402,0.450225,0.085886,0.470964,0.370416,1.508847,0.234596,0.017701,0.017507,0.727126,0.728280,0.078446,0.239625,0.699453,0.707975,0.049208,0.788800,0.906868,0.006796,0.022122,0.033678
ruby,Base_Seq,default,0.149028,0.148394,0.177236,0.188570,0.270225,0.439990,0.395504,0.396053,0.245844,0.304623,0.158577,0.013197,0.015314,0.003746,0.015041,0.034191,0.689408,0.318971,0.601393,0.050190,0.600243,0.663578,0.456925,0.505166,0.974091,0.315128,0.626844,3.368087,4.878800,0.171040,0.090361,0.343981,2.438862,4.568388,0.022156,0.036130,0.288750,0.980619,1.260207,0.088967,0.452666,0.526013,0.581550,0.542487,0.450676,0.068672,0.336840,0.253218,1.079835,0.211362,0.017452,0.017372,0.423069,0.423650,0.053647,0.137720,0.689201,0.477112,0.050418,0.706996,0.763660,0.007510,0.015639,0.036121
ruby,Base_Seq,default,0.148805,0.148266,0.174535,0.188465,0.263925,0.432997,0.381269,0.398850,0.243339,0.298247,0.152883,0.013196,0.014027,0.003647,0.014979,0.033017,0.678386,0.313515,0.594396,0.050171,0.594675,0.647236,0.452901,0.501076,0.966617,0.331880,0.623662,3.396505,4.892262,0.171494,0.088817,0.340146,2.423398,4.601898,0.022782,0.036192,0.294216,0.979529,1.240733,0.087662,0.451155,0.526222,0.581294,0.535167,0.452736,0.070455,0.337084,0.251276,1.074010,0.211401,0.017052,0.016900,0.457252,0.423025,0.054702,0.137487,0.685597,0.476671,0.050381,0.707048,0.739896,0.007617,0.015292,0.038916
ruby,Base_Seq,default,0.149595,0.154341,0.176758,0.188372,0.265109,0.433724,0.389470,0.424329,0.253382,0.301902,0.155116,0.013310,0.014020,0.003649,0.014962,0.033063,0.683548,0.322924,0.603232,0.050290,0.596683,0.647173,0.456222,0.502105,0.978606,0.313141,0.620992,3.412740,5.136525,0.171871,0.089039,0.343547,2.416220,4.819559,0.021793,0.035972,0.283919,0.974076,1.241787,0.087557,0.450962,0.536064,0.593799,0.541758,0.454891,0.071098,0.337170,0.251032,1.069636,0.211420,0.016983,0.016973,0.425337,0.423681,0.053977,0.137628,0.681707,0.476987,0.053027,0.743614,0.731913,0.007519,0.014980,0.029887
ruby,Base_Seq,default,0.148965,0.148623,0.176035,0.188319,0.264347,0.444564,0.394315,0.419789,0.252863,0.305859,0.155250,0.014204,0.014028,0.003798,0.015018,0.032948,0.694395,0.314823,0.601298,0.050179,0.596291,0.651411,0.458661,0.516113,0.993058,0.331767,0.628526,3.222274,4.927678,0.175649,0.088960,0.342351,2.419617,4.858111,0.021770,0.036110,0.282854,0.972528,1.240810,0.092025,0.455951,0.535978,0.585751,0.536436,0.449608,0.068828,0.336739,0.252081,1.093879,0.211448,0.017034,0.016943,0.423051,0.423046,0.054532,0.137613,0.688386,0.503621,0.052980,0.744013,0.757279,0.009332,0.014988,0.034444
ruby,Base_Seq,default,0.149488,0.148467,0.175503,0.188441,0.264141,0.422653,0.382886,0.381629,0.252408,0.298438,0.155082,0.013927,0.014101,0.003764,0.015117,0.034097,0.691296,0.316115,0.595470,0.050167,0.595659,0.645932,0.452912,0.514496,0.983867,0.331672,0.625948,3.313008,5.218145,0.170470,0.088657,0.342143,2.424525,4.609616,0.023503,0.036261,0.294934,0.981488,1.246471,0.087684,0.452226,0.525522,0.582004,0.535662,0.450501,0.070114,0.337028,0.254405,1.096077,0.223015,0.017344,0.017353,0.457694,0.427342,0.054633,0.137660,0.688632,0.477238,0.050518,0.706619,0.719976,0.007794,0.015300,0.035042
ruby,Base_Seq,default,0.149293,0.148599,0.175165,0.188338,0.264399,0.444268,0.381365,0.466567,0.254443,0.304290,0.155297,0.013986,0.014763,0.003667,0.014941,0.033062,0.683087,0.313249,0.595109,0.050198,0.595904,0.653270,0.458339,0.526606,0.972844,0.331494,0.634203,3.289086,5.041520,0.170930,0.089163,0.342560,2.418132,4.862916,0.021792,0.036043,0.285916,0.973773,1.242519,0.092131,0.455138,0.536147,0.593103,0.540408,0.453339,0.071686,0.354310,0.251809,1.074161,0.211334,0.017022,0.016982,0.423586,0.423341,0.054275,0.137501,0.685044,0.502198,0.052939,0.743590,0.721690,0.007485,0.014985,0.029767
ruby,Base_Seq,default,0.150626,0.149821,0.175294,0.188374,0.264337,0.433678,0.381250,0.382127,0.242379,0.297641,0.152884,0.013196,0.013621,0.003642,0.014976,0.032945,0.698612,0.318912,0.595846,0.050194,0.594701,0.649001,0.453799,0.502961,0.974979,0.314878,0.621801,3.287654,4.889674,0.179815,0.093203,0.344449,2.424199,4.599172,0.021853,0.036119,0.285437,0.972831,1.241933,0.087836,0.451230,0.525112,0.581695,0.535880,0.452798,0.072766,0.354977,0.263025,1.081170,0.211355,0.017037,0.016883,0.423097,0.423088,0.054244,0.137650,0.688054,0.476636,0.050555,0.706622,0.738840,0.007672,0.015297,0.035512
ruby,Base_Seq,default,0.149873,0.149015,0.178018,0.189395,0.266663,0.452538,0.396051,0.446349,0.252063,0.318452,0.159098,0.013191,0.015288,0.003876,0.015289,0.033303,0.689290,0.325088,0.598148,0.050580,0.599306,0.651254,0.455378,0.538838,1.000151,0.211887,0.638351,3.294848,5.105419,0.181816,0.075872,0.347887,2.448898,4.602666,0.020261,0.036159,0.279923,0.975977,1.275480,0.077121,0.458480,0.529198,0.583959,0.539330,0.456737,0.069012,0.363835,0.260873,1.106819,0.212099,0.017495,0.017420,0.427903,0.428382,0.054594,0.138017,0.708984,0.524444,0.050521,0.709369,0.724935,0.007436,0.016499,0.043272
ruby,Base_Seq,default,0.148868,0.148433,0.177424,0.189243,0.266166,0.444557,0.382349,0.387626,0.250033,0.309468,0.153336,0.013194,0.013985,0.003826,0.014961,0.032725,0.687339,0.322698,0.598644,0.050279,0.597186,0.651373,0.454420,0.502374,0.974954,0.212109,0.621047,3.279118,5.149506,0.176816,0.086747,0.348107,2.429574,4.636849,0.021056,0.035953,0.267483,0.973368,1.235463,0.086049,0.448430,0.525930,0.582830,0.535026,0.447313,0.068262,0.338787,0.251989,1.071547,0.212137,0.017030,0.016958,0.425872,0.425351,0.053492,0.137962,0.690567,0.480885,0.050512,0.710394,0.723290,0.007517,0.015062,0.029744
ruby,Base_Seq,default,0.148674,0.148474,0.177443,0.188743,0.264777,0.443645,0.381935,0.414821,0.243890,0.311772,0.153240,0.013194,0.013997,0.003796,0.014987,0.033253,0.683129,0.330428,0.594838,0.050328,0.594584,0.646662,0.453292,0.503024,0.976166,0.212608,0.617397,3.529385,5.196288,0.181765,0.083778,0.342150,2.416613,4.594078,0.020580,0.035948,0.289148,0.972921,1.264551,0.083884,0.450652,0.525911,0.582681,0.535648,0.450165,0.068535,0.338768,0.253531,1.070397,0.212669,0.017010,0.016923,0.425320,0.425741,0.053619,0.138174,0.694476,0.479846,0.050799,0.709986,0.723123,0.007427,0.015253,0.030623
ruby,Base_Seq,default,0.148747,0.148584,0.178998,0.189632,0.265185,0.446212,0.382203,0.411835,0.249588,0.315142,0.153207,0.013193,0.014089,0.003794,0.014901,0.032045,0.681612,0.323330,0.598208,0.050390,0.598820,0.666514,0.455750,0.533703,0.975767,0.212336,0.629813,3.273718,5.137866,0.181983,0.086473,0.343660,2.418771,4.619194,0.021990,0.035929,0.276619,0.973542,1.259313,0.086399,0.457690,0.531866,0.587395,0.542575,0.455184,0.069608,0.364803,0.259719,1.078624,0.212303,0.017043,0.016910,0.427966,0.428511,0.054989,0.138458,0.711951,0.524885,0.050704,0.709928,0.724812,0.007397,0.014998,0.037172
ruby,Base_Seq,default,0.150098,0.148909,0.175854,0.189091,0.265830,0.447951,0.382652,0.383147,0.244984,0.312240,0.153533,0.013495,0.013586,0.003875,0.014985,0.033054,0.685024,0.322688,0.597293,0.050522,0.596669,0.646453,0.456393,0.502632,0.974341,0.212063,0.627138,3.304133,5.146287,0.172762,0.086672,0.344579,2.424731,4.639795,0.021214,0.036159,0.286305,0.973754,1.235303,0.086905,0.452864,0.526474,0.582739,0.535529,0.454309,0.069102,0.338445,0.250827,1.076611,0.212735,0.017087,0.016838,0.425156,0.424900,0.055085,0.137998,0.691810,0.479708,0.050558,0.710483,0.723135,0.007481,0.015440,0.034783
ruby,Base_Seq,default,0.148707,0.148435,0.177508,0.189206,0.265130,0.444867,0.382150,0.414905,0.249928,0.310200,0.153149,0.013252,0.014123,0.003823,0.014949,0.032212,0.680836,0.313785,0.597032,0.050443,0.597113,0.641403,0.453993,0.532154,0.978333,0.211903,0.620003,3.271178,5.182070,0.182235,0.086220,0.345649,2.417686,4.613582,0.021926,0.036008,0.274354,0.973900,1.250195,0.086172,0.449687,0.525062,0.581847,0.534922,0.448326,0.068187,0.363229,0.259496,1.079775,0.211839,0.017005,0.016903,0.428259,0.428147,0.055767,0.137829,0.695633,0.523231,0.050460,0.709318,0.723245,0.007485,0.015756,0.029903
ruby,Base_Seq,default,0.150148,0.149329,0.176193,0.189058,0.265059,0.449421,0.382759,0.383162,0.244587,0.308600,0.153528,0.013326,0.013593,0.003843,0.014919,0.033504,0.684779,0.317795,0.595801,0.050602,0.596754,0.643627,0.455969,0.503567,0.974464,0.212099,0.624132,3.289104,5.216882,0.174389,0.086994,0.346028,2.430215,4.639315,0.021390,0.035813,0.266174,0.974189,1.236778,0.086378,0.453698,0.525190,0.582053,0.534647,0.453316,0.069085,0.338606,0.250052,1.073367,0.212979,0.017068,0.016952,0.425825,0.425496,0.053684,0.138196,0.701620,0.479542,0.051048,0.709997,0.724520,0.007497,0.015071,0.042384
ruby,Base_Seq,default,0.149648,0.148974,0.176527,0.189653,0.265910,0.448140,0.396882,0.411520,0.251930,0.313766,0.159005,0.013196,0.015467,0.003856,0.015203,0.033143,0.685619,0.325742,0.602294,0.050301,0.603759,0.658515,0.458672,0.534628,0.972087,0.212114,0.624590,3.307987,5.104618,0.182454,0.075199,0.349575,2.447124,4.580437,0.020010,0.036217,0.275276,0.978873,1.261274,0.076642,0.452305,0.529064,0.583565,0.538539,0.449738,0.068269,0.363204,0.255564,1.078045,0.212238,0.017438,0.017350,0.427954,0.428261,0.054804,0.138659,0.705881,0.484334,0.050719,0.710880,0.723319,0.007459,0.015688,0.036940
ruby,Base_Seq,default,0.148625,0.148332,0.175148,0.189551,0.264882,0.447198,0.382598,0.389299,0.249680,0.309405,0.153350,0.013192,0.013984,0.003795,0.014934,0.032275,0.680779,0.313138,0.595843,0.050287,0.595986,0.631196,0.452188,0.530368,0.947966,0.211869,0.618140,3.271916,5.155693,0.176989,0.086702,0.346608,2.422968,4.620790,0.022071,0.035986,0.275172,0.976868,1.251472,0.086333,0.449990,0.525832,0.582490,0.535233,0.449597,0.068004,0.363976,0.257546,1.050274,0.212420,0.017024,0.017015,0.428251,0.429635,0.054768,0.138601,0.690835,0.525982,0.050940,0.709986,0.723259,0.007360,0.015607,0.034671
ruby,Base_Seq,default,0.149782,0.149413,0.176483,0.189392,0.265577,0.443581,0.381809,0.406827,0.248529,0.308457,0.153068,0.013280,0.013995,0.003785,0.015105,0.032398,0.680918,0.313812,0.601614,0.050273,0.602113,0.637818,0.454713,0.499805,0.944557,0.212766,0.616804,3.529503,5.198424,0.180975,0.084178,0.341664,2.450913,4.593606,0.020837,0.036124,0.287585,0.974072,1.242922,0.084735,0.450115,0.528490,0.584461,0.538330,0.451728,0.068357,0.338350,0.251659,1.051528,0.212194,0.017058,0.016920,0.426581,0.425668,0.053675,0.138486,0.686902,0.479817,0.050810,0.710213,0.723312,0.007380,0.015036,0.030098
ruby,Base_Seq,default,0.149049,0.148999,0.177283,0.189389,0.265521,0.445353,0.382725,0.404969,0.249682,0.312237,0.153348,0.013195,0.014025,0.003778,0.014993,0.031956,0.682416,0.315175,0.601067,0.050287,0.601591,0.650895,0.458645,0.531719,0.949212,0.212496,0.622168,3.279640,5.136476,0.182046,0.087035,0.345233,2.423951,4.620210,0.021875,0.036233,0.275873,0.974283,1.252051,0.086693,0.451612,0.528111,0.584072,0.538216,0.453660,0.069843,0.365060,0.258646,1.051600,0.212634,0.017063,0.017043,0.429380,0.429295,0.054535,0.138241,0.689189,0.523762,0.050843,0.710216,0.723730,0.007440,0.015007,0.037298
ruby,Base_Seq,default,0.149835,0.149047,0.176771,0.189204,0.265642,0.439187,0.382340,0.382982,0.250242,0.307121,0.153295,0.013306,0.013593,0.003892,0.014941,0.031861,0.677677,0.318986,0.598611,0.050522,0.595597,0.658359,0.458871,0.532592,0.948262,0.212492,0.622131,3.299263,5.149780,0.173475,0.086594,0.345316,2.447863,4.621806,0.021305,0.035852,0.291450,0.988303,1.267652,0.086745,0.455940,0.529160,0.583889,0.537838,0.454220,0.069542,0.363530,0.260682,1.056649,0.212622,0.017135,0.016883,0.428806,0.429738,0.055920,0.138563,0.690397,0.526008,0.050564,0.709696,0.722636,0.007444,0.015089,0.029744
ruby,Base_Seq,default,0.148894,0.148568,0.177133,0.189656,0.267809,0.444761,0.382168,0.420568,0.249504,0.311933,0.153402,0.013191,0.014116,0.003828,0.014970,0.032097,0.682736,0.315515,0.595865,0.050479,0.596095,0.635759,0.454209,0.530367,0.950644,0.212077,0.623234,3.272152,5.183072,0.183240,0.086358,0.344997,2.426003,4.614690,0.021794,0.036061,0.275610,0.976276,1.257489,0.086351,0.451690,0.526459,0.582506,0.536213,0.449732,0.068678,0.363030,0.258045,1.052541,0.211961,0.017114,0.016880,0.427213,0.428408,0.056031,0.138032,0.690000,0.525166,0.050445,0.709034,0.722466,0.007370,0.015640,0.032691
ruby,Base_Seq,default,0.148613,0.148285,0.175204,0.189253,0.264954,0.441847,0.382458,0.382930,0.250575,0.307131,0.153477,0.013193,0.013595,0.003840,0.015109,0.032095,0.681330,0.321389,0.600883,0.050331,0.600677,0.659022,0.462684,0.530582,0.944920,0.212256,0.620724,3.280396,5.225368,0.175127,0.086706,0.350360,2.448295,4.619965,0.021868,0.035946,0.275610,0.974690,1.250812,0.086774,0.450221,0.531449,0.584911,0.539037,0.449034,0.067489,0.364384,0.257068,1.055803,0.212272,0.017056,0.017034,0.429727,0.429683,0.054691,0.138916,0.688770,0.525686,0.050566,0.710403,0.722719,0.007471,0.015220,0.029858
AVERAGE
boraxo,,,0.178090,0.177087,0.276140,0.327134,0.127738,0.640420,0.477731,0.494350,0.363137,0.445195,0.194064,0.021867,0.021899,0.004566,0.018316,0.054654,0.809409,0.407575,0.723499,0.087489,0.726194,0.928753,0.557686,0.789508,1.125106,0.073641,0.779484,6.000636,9.320356,0.294544,0.155096,0.436917,2.999529,7.555854,0.035602,0.043678,0.428448,1.181757,1.795942,0.154593,0.554473,0.648918,0.701440,0.647020,0.545530,0.107289,0.599892,0.408146,1.268146,0.245332,0.021926,0.021843,0.741629,0.742700,0.081322,0.244637,0.901509,0.890222,0.087846,1.116515,1.355763,0.011326,0.019653,0.042193
catalyst,,,0.174276,0.174432,0.559918,0.232977,0.281821,0.809846,0.801834,0.799627,0.570520,0.571603,0.352944,0.110768,0.111060,0.005027,0.015458,0.222531,0.830509,0.475189,0.713301,0.060629,0.713631,0.928517,0.529620,1.006232,1.450811,0.546292,0.823855,17.973485,27.394243,0.294237,0.445418,0.446887,2.850476,20.325262,0.095473,0.042127,0.617600,1.248176,1.945332,0.438034,0.511915,0.587608,0.568032,0.586025,0.514082,0.137595,0.702288,0.464934,1.470174,0.347040,0.015786,0.016040,0.623970,0.615274,0.115638,0.248479,1.024215,0.929182,0.048027,0.773459,0.876824,0.007895,0.019865,0.032636
ec2-c5n,,,0.156574,0.155407,0.251639,0.214752,0.260811,0.556781,0.717027,0.730875,0.627581,0.392386,0.327938,0.033436,0.034150,0.007355,0.017152,0.072233,0.698307,0.422185,0.626978,0.057277,0.626136,0.820456,0.513920,0.527248,1.081244,0.098805,0.747776,3.737234,5.759156,0.217653,0.108524,0.400710,2.608451,5.038218,0.026065,0.040268,0.413825,1.041172,1.488898,0.107710,0.510085,0.561239,0.621011,0.559194,0.506112,0.140628,0.411650,0.375614,0.750068,0.220129,0.017678,0.017631,0.507951,0.507581,0.104994,0.169067,0.883550,0.638614,0.058023,0.742454,0.875554,0.014571,0.015674,0.031348
ec2-c6a,,,0.049320,0.069735,0.242399,0.215169,0.210895,0.170650,0.674450,0.677447,0.439192,0.155515,0.231783,0.031338,0.031253,0.006521,0.010406,0.093138,0.337718,0.251829,0.276823,0.027894,0.227076,0.293347,0.194681,0.334338,0.418491,0.072991,0.286212,1.384070,2.057291,0.186119,0.052213,0.182845,0.963941,1.608193,0.014882,0.025548,0.305053,0.484367,0.964367,0.049115,0.151063,0.159429,0.409317,0.174681,0.157156,0.100072,0.328615,0.306425,0.367616,0.159455,0.006836,0.007632,0.320796,0.392915,0.075978,0.116805,0.387371,0.496610,0.041534,0.771618,0.845543,0.010249,0.006804,0.009223
ec2-c6i,,,0.127455,0.127350,0.195066,0.222234,0.248896,0.367864,0.818621,0.721414,0.517092,0.254743,0.273571,0.029865,0.029912,0.007448,0.014547,0.071691,0.474522,0.311108,0.510776,0.057174,0.510788,0.532465,0.379672,0.442466,0.837731,0.074738,0.519711,1.605250,2.478553,0.188487,0.063282,0.292350,2.133435,2.127524,0.020321,0.042576,0.354672,0.854669,1.223060,0.058350,0.380305,0.460488,0.571892,0.459365,0.379746,0.109456,0.372463,0.323628,0.562161,0.186600,0.012613,0.012600,0.430921,0.430520,0.086257,0.130138,0.584094,0.592667,0.057196,0.754951,0.823452,0.014840,0.013762,0.025580
mammoth,,,0.117835,0.125224,0.158355,0.271518,0.279302,0.386395,0.526978,0.589569,0.205178,0.285609,0.212511,0.039162,0.039811,0.002115,0.015485,0.105637,0.429945,0.308392,0.471331,0.036016,0.514285,0.467711,0.448328,0.439118,0.594392,0.059032,0.611424,1.581458,2.388726,0.220818,0.048036,0.449501,2.210093,1.859421,0.012174,0.035636,0.278548,0.754765,1.140914,0.058085,0.488241,0.440342,0.528697,0.447293,0.491857,0.141032,0.395315,0.454869,0.910321,0.134862,0.008914,0.008922,0.457339,0.458743,0.065408,0.171111,0.642686,0.528798,0.055453,0.890464,0.986739,0.005838,0.006485,0.022750
poodle,,,0.150655,0.150474,0.209951,0.256957,0.066893,0.514150,0.346066,0.345447,0.142842,0.362068,0.153633,0.016740,0.016784,0.003309,0.012301,0.042020,0.618117,0.295942,0.520490,0.066967,0.548899,0.644409,0.409170,0.488717,0.813703,0.040234,0.586361,1.657370,2.540027,0.207083,0.049210,0.306359,2.271550,2.070263,0.014970,0.029446,0.261975,0.855975,1.160691,0.044506,0.404191,0.469968,0.469833,0.466778,0.402603,0.093519,0.272001,0.296045,0.902313,0.144369,0.012894,0.012806,0.397713,0.396916,0.058001,0.154419,0.667946,0.410536,0.033906,0.839658,0.926257,0.005859,0.013866,0.026874
quartz,,,0.168789,0.168170,0.455315,0.237211,0.273942,0.533966,0.719829,0.814738,0.331779,0.380730,0.340269,0.036372,0.037152,0.003892,0.014012,0.100205,0.992502,0.301969,0.683305,0.059934,0.685740,0.745278,0.454519,0.697588,1.480689,0.080292,0.579296,2.281203,3.479683,0.219075,0.075486,0.363170,2.778848,2.576610,0.019855,0.029982,0.443868,1.116955,1.595167,0.070901,0.452312,0.594786,0.470287,0.610385,0.450721,0.091775,0.473414,0.369797,1.492120,0.232224,0.017523,0.017674,0.719657,0.723871,0.079046,0.242807,0.720047,0.710679,0.049219,0.788342,0.907276,0.006662,0.021765,0.032973
ruby,,,0.149303,0.149015,0.176501,0.189016,0.265504,0.442435,0.385102,0.405252,0.249042,0.307949,0.154435,0.013353,0.014158,0.003787,0.015013,0.032821,0.684867,0.318956,0.598233,0.050334,0.597638,0.649355,0.455949,0.517851,0.969328,0.249573,0.624174,3.322462,5.108207,0.177016,0.086368,0.344809,2.429455,4.644602,0.021611,0.036058,0.281553,0.975993,1.250248,0.086240,0.452510,0.528536,0.584219,0.537566,0.451791,0.069314,0.350579,0.255359,1.072493,0.212592,0.017121,0.017021,0.429395,0.426399,0.054555,0.138066,0.692554,0.498750,0.050967,0.714210,0.728655,0.007576,0.015326,0.034232
