machine,Kernel,Kernel,Basic_DAXPY,Basic_DAXPY_ATOMIC,Basic_IF_QUAD,Basic_INDEXLIST,Basic_INDEXLIST_3LOOP,Basic_INIT3,Basic_INIT_VIEW1D,Basic_INIT_VIEW1D_OFFSET,Basic_MAT_MAT_SHARED,Basic_MULADDSUB,Basic_NESTED_INIT,Basic_PI_ATOMIC,Basic_PI_REDUCE,Basic_REDUCE3_INT,Basic_REDUCE_STRUCT,Basic_TRAP_INT,Lcals_DIFF_PREDICT,Lcals_EOS,Lcals_FIRST_DIFF,Lcals_FIRST_MIN,Lcals_FIRST_SUM,Lcals_GEN_LIN_RECUR,Lcals_HYDRO_1D,Lcals_HYDRO_2D,Lcals_INT_PREDICT,Lcals_PLANCKIAN,Lcals_TRIDIAG_ELIM,Polybench_2MM,Polybench_3MM,Polybench_ADI,Polybench_ATAX,Polybench_FDTD_2D,Polybench_FLOYD_WARSHALL,Polybench_GEMM,Polybench_GEMVER,Polybench_GESUMMV,Polybench_HEAT_3D,Polybench_JACOBI_1D,Polybench_JACOBI_2D,Polybench_MVT,Stream_ADD,Stream_COPY,Stream_DOT,Stream_MUL,Stream_TRIAD,Apps_CONVECTION3DPA,Apps_DEL_DOT_VEC_2D,Apps_DIFFUSION3DPA,Apps_ENERGY,Apps_FIR,Apps_HALOEXCHANGE,Apps_HALOEXCHANGE_FUSED,Apps_LTIMES,Apps_LTIMES_NOVIEW,Apps_MASS3DPA,Apps_NODAL_ACCUMULATION_3D,Apps_PRESSURE,Apps_VOL3D,Algorithm_SCAN,Algorithm_SORT,Algorithm_SORTPAIRS,Algorithm_REDUCE_SUM,Algorithm_MEMSET,Algorithm_MEMCPY
boraxo,Base_Seq,default,0.087311,0.087173,0.137302,0.162914,0.063283,0.252803,0.229094,0.245949,0.152202,0.172159,0.097579,0.010934,0.010948,0.002119,0.008747,0.027340,0.377535,0.175676,0.350389,0.043733,0.352046,0.365421,0.262991,0.403764,0.481130,0.036903,0.351603,0.970938,1.603570,0.133790,0.036934,0.197525,0.996794,1.251699,0.009134,0.021026,0.214324,0.560927,0.794352,0.035479,0.262362,0.315085,0.348580,0.315249,0.261831,0.048280,0.306287,0.198462,0.564719,0.122567,0.011868,0.011864,0.373303,0.373354,0.041189,0.120290,0.377427,0.467807,0.043777,0.527995,0.641367,0.005486,0.009149,0.017858
boraxo,Base_Seq,default,0.087216,0.087153,0.137385,0.162859,0.063339,0.254448,0.228572,0.233092,0.152234,0.174591,0.096788,0.010939,0.010944,0.002083,0.008740,0.027343,0.376459,0.175931,0.351031,0.043742,0.352742,0.369381,0.263535,0.365355,0.478750,0.035982,0.350184,0.969337,1.606016,0.133784,0.036750,0.197936,0.998679,1.248599,0.009042,0.021049,0.210883,0.563135,0.794588,0.035043,0.262268,0.315000,0.348530,0.315444,0.261501,0.049639,0.289273,0.191055,0.558926,0.122540,0.012343,0.012320,0.369770,0.369736,0.040550,0.120291,0.375639,0.426707,0.043776,0.528073,0.641009,0.005502,0.009223,0.018681
boraxo,Base_Seq,default,0.087224,0.087147,0.137317,0.162929,0.063190,0.244304,0.229414,0.234716,0.152109,0.167613,0.097627,0.010934,0.010972,0.002295,0.008747,0.027359,0.377583,0.175144,0.350029,0.043738,0.351558,0.358505,0.262693,0.403281,0.477334,0.036731,0.350552,0.970920,1.603679,0.133293,0.037045,0.197465,0.999345,1.249656,0.009135,0.021102,0.211067,0.561103,0.794166,0.035621,0.261780,0.315157,0.348365,0.315018,0.261539,0.047995,0.306315,0.196452,0.564279,0.122564,0.012380,0.012350,0.373181,0.375642,0.042672,0.121306,0.370605,0.466425,0.043775,0.528203,0.641337,0.005493,0.009103,0.017720
boraxo,Base_Seq,default,0.087222,0.087152,0.137283,0.162915,0.063210,0.241362,0.228897,0.236051,0.153457,0.166351,0.097722,0.010931,0.010958,0.002231,0.008742,0.027373,0.379061,0.174952,0.349970,0.043732,0.351490,0.356048,0.262364,0.403581,0.478324,0.035782,0.350136,0.971323,1.604644,0.133736,0.037029,0.198947,0.997988,1.254432,0.009131,0.021090,0.222308,0.560533,0.793601,0.035537,0.261980,0.314885,0.348368,0.314969,0.261509,0.048525,0.306378,0.196253,0.561867,0.122574,0.011875,0.011822,0.372648,0.375497,0.042213,0.121173,0.370890,0.466509,0.043778,0.528252,0.641513,0.005507,0.009172,0.020631
boraxo,Base_Seq,default,0.087246,0.087137,0.137230,0.162928,0.063037,0.241249,0.229127,0.228949,0.150266,0.167237,0.097465,0.010934,0.010933,0.002162,0.008734,0.027313,0.380413,0.174910,0.349785,0.043729,0.351470,0.358991,0.262370,0.358378,0.474248,0.034779,0.349705,0.969428,1.604326,0.133411,0.036912,0.195660,0.998069,1.246358,0.009124,0.021007,0.212701,0.562946,0.793944,0.035201,0.262277,0.314662,0.348313,0.314991,0.261383,0.047374,0.287811,0.187961,0.558564,0.122605,0.012416,0.012366,0.369001,0.369070,0.040216,0.120207,0.370113,0.426497,0.043797,0.528484,0.640996,0.005487,0.009188,0.017791
boraxo,Base_Seq,default,0.087085,0.087006,0.137381,0.163092,0.063220,0.246730,0.235813,0.235639,0.161896,0.169019,0.100306,0.010941,0.010969,0.002311,0.008743,0.027397,0.386847,0.175520,0.350797,0.043735,0.353143,0.359295,0.261931,0.405740,0.487715,0.037086,0.350298,0.983656,1.622760,0.133231,0.037521,0.198567,1.002297,1.270991,0.009304,0.021212,0.222247,0.563308,0.801411,0.036092,0.261633,0.315307,0.347645,0.316342,0.261342,0.048138,0.306439,0.195414,0.570668,0.122599,0.012718,0.012688,0.372398,0.375182,0.042500,0.121311,0.373222,0.466605,0.043791,0.528269,0.641647,0.005492,0.009788,0.017704
boraxo,Base_Seq,default,0.087229,0.087100,0.137285,0.162950,0.062957,0.243839,0.229067,0.229140,0.151224,0.168822,0.097666,0.010936,0.010934,0.002231,0.008736,0.027316,0.379821,0.174951,0.349808,0.043736,0.352070,0.358316,0.262731,0.358432,0.470988,0.034789,0.349718,0.969030,1.603230,0.133425,0.036826,0.203704,0.996910,1.244617,0.009072,0.020992,0.201815,0.563047,0.793701,0.035044,0.262002,0.314618,0.348227,0.314862,0.261777,0.047366,0.289085,0.188389,0.557525,0.122539,0.011819,0.011776,0.369467,0.369383,0.040167,0.120145,0.369859,0.425483,0.043791,0.528457,0.641337,0.005492,0.009124,0.017702
boraxo,Base_Seq,default,0.087215,0.087148,0.137267,0.162875,0.063254,0.242522,0.228967,0.234006,0.153419,0.166130,0.097556,0.010935,0.010948,0.002216,0.008733,0.027337,0.383657,0.175096,0.349876,0.043737,0.351500,0.357523,0.262377,0.403959,0.473651,0.035833,0.350244,0.970571,1.604988,0.133276,0.036953,0.197829,0.998976,1.251184,0.009139,0.021010,0.212662,0.561223,0.793249,0.035495,0.261975,0.314717,0.348346,0.315035,0.261635,0.047223,0.289157,0.186771,0.557483,0.122518,0.011879,0.011794,0.369116,0.369072,0.039884,0.120250,0.370010,0.426667,0.043772,0.528143,0.641466,0.005484,0.009378,0.018619
boraxo,Base_Seq,default,0.087202,0.087143,0.137237,0.162891,0.063277,0.244316,0.228923,0.235970,0.153583,0.168309,0.097295,0.010943,0.010944,0.002219,0.008730,0.027338,0.382485,0.175148,0.350416,0.043736,0.351653,0.360380,0.262227,0.363111,0.473829,0.034883,0.349501,0.968805,1.606017,0.133546,0.036852,0.195971,0.997968,1.248460,0.009095,0.021006,0.213228,0.563035,0.792904,0.035060,0.261600,0.314622,0.348306,0.314918,0.261551,0.048904,0.289106,0.186170,0.557760,0.122519,0.012455,0.012417,0.369750,0.369610,0.039970,0.120207,0.370305,0.426658,0.043770,0.528179,0.640897,0.005483,0.009333,0.024005
boraxo,Base_Seq,default,0.087253,0.087171,0.137214,0.162945,0.063228,0.242519,0.229225,0.236789,0.155470,0.167320,0.097300,0.010932,0.010960,0.002321,0.008744,0.027364,0.382121,0.174880,0.349866,0.043735,0.351358,0.358060,0.262358,0.400736,0.472783,0.035760,0.349646,0.970728,1.603292,0.133230,0.037011,0.198033,0.997954,1.251976,0.009217,0.021084,0.216205,0.560565,0.794475,0.035636,0.262002,0.315278,0.348376,0.314999,0.261529,0.048200,0.306265,0.191840,0.560932,0.122549,0.012028,0.011977,0.370032,0.375441,0.042976,0.121335,0.370264,0.466483,0.043783,0.528280,0.641645,0.005485,0.009125,0.017702
boraxo,Base_Seq,default,0.087247,0.087138,0.137183,0.162991,0.063237,0.242818,0.229606,0.236095,0.155427,0.167375,0.097484,0.010934,0.010961,0.002280,0.008765,0.027367,0.380302,0.175080,0.349911,0.043754,0.351448,0.357744,0.262674,0.401625,0.473535,0.035790,0.349920,0.970875,1.605276,0.133116,0.037026,0.197291,0.998118,1.254227,0.009136,0.021087,0.221686,0.560371,0.793510,0.035549,0.262069,0.314672,0.348359,0.315043,0.261667,0.048686,0.306271,0.192926,0.560302,0.122554,0.011946,0.011913,0.372591,0.375258,0.042089,0.121292,0.370803,0.466433,0.043781,0.528208,0.641315,0.005483,0.009349,0.020256
boraxo,Base_Seq,default,0.087364,0.087188,0.137403,0.162850,0.063042,0.242111,0.229110,0.228907,0.152280,0.168802,0.097544,0.010935,0.010933,0.002185,0.008735,0.027312,0.374176,0.175147,0.349818,0.043735,0.351651,0.359238,0.262157,0.359542,0.474055,0.034870,0.350166,0.969811,1.605465,0.133537,0.036886,0.195667,0.997807,1.246029,0.009174,0.021047,0.211071,0.563218,0.793570,0.035128,0.261973,0.314624,0.348276,0.314930,0.261692,0.047533,0.289043,0.187042,0.558065,0.122570,0.012447,0.012411,0.369038,0.369189,0.040149,0.120180,0.369539,0.426428,0.043789,0.528322,0.641349,0.005488,0.009147,0.017759
boraxo,Base_Seq,default,0.087069,0.086986,0.137340,0.163068,0.063131,0.245546,0.235816,0.236033,0.156413,0.168666,0.100286,0.010930,0.010971,0.002298,0.008733,0.027397,0.379157,0.175667,0.351005,0.043734,0.353326,0.361920,0.261961,0.405540,0.486907,0.035868,0.349914,0.982985,1.622636,0.133056,0.037497,0.197631,1.002865,1.268059,0.009263,0.021244,0.222620,0.563471,0.801795,0.036071,0.261558,0.315281,0.347629,0.316115,0.261129,0.048272,0.306418,0.193154,0.573382,0.122583,0.012210,0.012163,0.372376,0.374130,0.042527,0.121320,0.372198,0.466621,0.043782,0.528359,0.641581,0.005496,0.009689,0.017722
boraxo,Base_Seq,default,0.087315,0.087096,0.137244,0.163006,0.062938,0.243945,0.229000,0.228976,0.151933,0.168856,0.097645,0.010936,0.010929,0.002230,0.008738,0.027334,0.384875,0.174993,0.350204,0.043739,0.351606,0.356993,0.262575,0.358662,0.473403,0.034818,0.349941,0.969403,1.603985,0.133661,0.036828,0.203792,0.999603,1.245191,0.009271,0.021077,0.204268,0.563061,0.792950,0.035134,0.261974,0.314565,0.348234,0.314926,0.261603,0.047604,0.289036,0.186535,0.558435,0.122544,0.012035,0.011994,0.369668,0.369645,0.039600,0.120100,0.369938,0.426618,0.043796,0.528325,0.641427,0.005490,0.009159,0.017725
boraxo,Base_Seq,default,0.087325,0.087280,0.137311,0.162934,0.063165,0.242476,0.229294,0.234227,0.154310,0.167541,0.099327,0.010939,0.010943,0.002183,0.008731,0.027339,0.382258,0.174768,0.349791,0.043733,0.351590,0.358666,0.262261,0.371034,0.472372,0.034819,0.349845,0.969197,1.603075,0.134281,0.036757,0.197404,0.998113,1.245966,0.009031,0.021003,0.202177,0.563027,0.793109,0.035084,0.261852,0.314659,0.348344,0.314969,0.261512,0.047189,0.289141,0.186167,0.555552,0.122517,0.011752,0.011719,0.369604,0.369564,0.039858,0.120180,0.369587,0.426670,0.043777,0.528043,0.641223,0.005491,0.009175,0.023548
boraxo,Base_Seq,default,0.087228,0.087179,0.137249,0.162886,0.063242,0.242616,0.229056,0.234983,0.152995,0.166288,0.097567,0.010940,0.010940,0.002219,0.008733,0.027344,0.382878,0.174834,0.350449,0.043742,0.351628,0.356518,0.262592,0.396105,0.472042,0.035797,0.350146,0.970224,1.605882,0.132592,0.037047,0.196625,0.998391,1.254410,0.009029,0.021003,0.210089,0.563027,0.792732,0.035132,0.261863,0.314672,0.348307,0.314977,0.261351,0.048827,0.289126,0.186323,0.555838,0.122514,0.012437,0.012377,0.369659,0.369739,0.040057,0.120119,0.369505,0.426518,0.043782,0.528139,0.641349,0.005480,0.009409,0.023608
boraxo,Base_Seq,default,0.087233,0.087134,0.137189,0.163008,0.063244,0.242803,0.228982,0.236872,0.153286,0.167249,0.097458,0.010935,0.010962,0.002249,0.008747,0.027360,0.387620,0.174962,0.349964,0.043735,0.351502,0.357550,0.262284,0.401647,0.472403,0.035783,0.350124,0.970900,1.603835,0.133331,0.037010,0.198018,0.999735,1.252512,0.009191,0.021088,0.215605,0.560834,0.793440,0.035577,0.261954,0.314778,0.348414,0.315018,0.261441,0.048077,0.306237,0.192357,0.556760,0.122562,0.011998,0.011969,0.372665,0.375313,0.042623,0.121327,0.370303,0.466475,0.043789,0.528275,0.641236,0.005481,0.009105,0.023497
boraxo,Base_Seq,default,0.087232,0.087155,0.137288,0.162882,0.063210,0.242564,0.228949,0.251778,0.154106,0.166621,0.097348,0.010931,0.010958,0.002226,0.008742,0.027363,0.383401,0.174910,0.350012,0.043735,0.351598,0.356774,0.262295,0.402058,0.472559,0.035748,0.349892,0.970924,1.604776,0.133207,0.037007,0.198186,0.998313,1.255041,0.009159,0.021088,0.222781,0.560507,0.793637,0.035542,0.261858,0.314671,0.348371,0.314935,0.261813,0.048511,0.306228,0.192824,0.557554,0.122541,0.011867,0.011787,0.372036,0.375870,0.042106,0.121213,0.370125,0.466452,0.043782,0.528254,0.641359,0.005497,0.009384,0.023587
boraxo,Base_Seq,default,0.087228,0.087161,0.137312,0.162903,0.062965,0.239969,0.229219,0.229557,0.151513,0.167324,0.097708,0.010934,0.010932,0.002167,0.008732,0.027312,0.382331,0.174943,0.350185,0.043736,0.351584,0.359403,0.262162,0.359686,0.471130,0.034843,0.349884,0.969886,1.605533,0.133625,0.036863,0.195853,0.998071,1.246027,0.009130,0.021015,0.211265,0.563474,0.793403,0.035158,0.262004,0.314600,0.348286,0.314946,0.261342,0.047471,0.289138,0.186613,0.553848,0.122524,0.012455,0.012385,0.368931,0.368841,0.040129,0.118160,0.368614,0.426636,0.043787,0.528283,0.641234,0.005490,0.009164,0.023592
boraxo,Base_Seq,default,0.087112,0.087046,0.137317,0.163057,0.063224,0.246169,0.235668,0.250845,0.162492,0.169516,0.100007,0.010931,0.010972,0.002350,0.008738,0.027389,0.383078,0.175567,0.350811,0.043743,0.353231,0.360031,0.262046,0.381377,0.485857,0.035934,0.350015,0.982561,1.622655,0.133313,0.037536,0.197290,1.003040,1.272070,0.009275,0.021213,0.222300,0.561156,0.801444,0.036068,0.261456,0.315691,0.348063,0.316750,0.261544,0.048202,0.306466,0.192724,0.570920,0.122574,0.012153,0.012145,0.373204,0.375987,0.042470,0.121170,0.373570,0.466446,0.043797,0.528197,0.641311,0.005480,0.009783,0.021964
boraxo,Base_Seq,default,0.087284,0.087134,0.137221,0.162873,0.062970,0.241361,0.229075,0.229179,0.150931,0.168181,0.097712,0.010939,0.010933,0.002205,0.008733,0.027316,0.383924,0.175033,0.349914,0.043733,0.351496,0.357092,0.262502,0.358700,0.471609,0.034781,0.349782,0.969666,1.604067,0.133459,0.036868,0.203821,0.996419,1.244985,0.009167,0.021030,0.202306,0.563620,0.793359,0.035077,0.261932,0.314592,0.348227,0.314914,0.261373,0.047560,0.289134,0.186782,0.555453,0.122521,0.012069,0.012011,0.368810,0.368820,0.039715,0.120181,0.369425,0.426593,0.043772,0.528357,0.640873,0.005485,0.009178,0.023609
catalyst,Base_Seq,default,0.085996,0.085806,0.276938,0.115589,0.140125,0.280167,0.397483,0.398676,0.208377,0.197600,0.176810,0.062047,0.055500,0.002530,0.007685,0.110378,0.389982,0.223146,0.351337,0.030128,0.354346,0.413341,0.236344,0.478631,0.623951,0.268354,0.284889,7.626754,12.033458,0.139926,0.210809,0.209252,0.940611,9.706609,0.045330,0.018706,0.274625,0.607914,1.014396,0.207746,0.218893,0.285646,0.281257,0.287344,0.219444,0.061369,0.349623,0.208105,0.613899,0.172561,0.009495,0.009495,0.301884,0.301510,0.057375,0.121480,0.324243,0.454977,0.023630,0.365738,0.461636,0.003862,0.009883,0.015916
catalyst,Base_Seq,default,0.085892,0.085473,0.278438,0.115612,0.139204,0.283443,0.397948,0.453291,0.216874,0.198443,0.177102,0.054913,0.055428,0.002561,0.007692,0.110266,0.391068,0.221896,0.346179,0.029925,0.347919,0.410099,0.234782,0.474089,0.620291,0.268555,0.285512,7.407473,11.787439,0.140375,0.210051,0.211594,0.942941,10.285363,0.045156,0.019985,0.283730,0.606054,0.921607,0.207386,0.221056,0.286154,0.281250,0.285919,0.219715,0.060947,0.349072,0.209497,0.623523,0.188152,0.009517,0.009504,0.307789,0.304341,0.057344,0.121669,0.323148,0.454658,0.023708,0.365182,0.406506,0.003851,0.009732,0.015843
catalyst,Base_Seq,default,0.086050,0.085759,0.275411,0.114991,0.139218,0.280525,0.397830,0.399158,0.212858,0.198201,0.176292,0.054926,0.055558,0.002490,0.008042,0.111068,0.388197,0.221766,0.343792,0.029996,0.346541,0.438364,0.243235,0.487398,0.620779,0.268201,0.286604,7.380265,11.806353,0.140385,0.210650,0.214012,0.993733,9.703311,0.045265,0.019873,0.282787,0.605632,0.913731,0.208058,0.219550,0.285860,0.281329,0.286587,0.221560,0.061546,0.352536,0.228471,0.631564,0.172517,0.009490,0.009654,0.307161,0.305351,0.057065,0.121285,0.325097,0.454735,0.023704,0.365797,0.405185,0.003897,0.009728,0.015836
catalyst,Base_Seq,default,0.085676,0.085708,0.274568,0.115028,0.138588,0.282186,0.397906,0.397480,0.204408,0.198380,0.176843,0.055315,0.055461,0.002484,0.007606,0.110369,0.389920,0.218838,0.343586,0.029921,0.345396,0.461794,0.249235,0.469624,0.623597,0.268078,0.284596,7.375911,11.991435,0.139845,0.210589,0.209228,0.951634,9.930447,0.046468,0.020528,0.290302,0.609289,0.916316,0.208137,0.219151,0.287136,0.279328,0.286066,0.219726,0.061698,0.349972,0.209921,0.615042,0.189637,0.010306,0.010683,0.339341,0.304026,0.057385,0.121442,0.324378,0.456134,0.023635,0.364861,0.405726,0.003786,0.009725,0.015838
catalyst,Base_Seq,default,0.085726,0.085497,0.277741,0.115475,0.138798,0.282505,0.398425,0.397096,0.219350,0.200277,0.176528,0.054966,0.055493,0.002484,0.007696,0.111189,0.389266,0.224242,0.343444,0.030365,0.344895,0.410214,0.233333,0.472446,0.619952,0.268449,0.283962,7.367275,11.763050,0.138033,0.210388,0.208280,0.948726,10.450888,0.045072,0.019720,0.285442,0.604888,0.916911,0.207230,0.218646,0.288906,0.280725,0.285169,0.218643,0.062971,0.349903,0.210768,0.609967,0.172493,0.009508,0.009524,0.306905,0.344891,0.057590,0.122359,0.327109,0.456942,0.023631,0.364921,0.404979,0.003861,0.009693,0.016156
catalyst,Base_Seq,default,0.085687,0.086363,0.275465,0.115083,0.139169,0.282013,0.398186,0.444763,0.227686,0.209922,0.183125,0.056814,0.057228,0.002564,0.008140,0.111379,0.387176,0.223489,0.343048,0.029961,0.345034,0.417694,0.233090,0.472442,0.621254,0.268164,0.284311,7.713844,11.969046,0.140681,0.210276,0.212676,0.951670,10.118385,0.046700,0.020510,0.292453,0.624214,0.916964,0.207643,0.219632,0.289282,0.282308,0.286211,0.219064,0.060959,0.348492,0.212024,0.612841,0.177378,0.009845,0.009833,0.350624,0.303931,0.057091,0.121208,0.328511,0.457441,0.023635,0.365185,0.405274,0.003763,0.009734,0.016110
catalyst,Base_Seq,default,0.085840,0.085487,0.268254,0.115119,0.140368,0.281418,0.397225,0.397932,0.210987,0.198488,0.177189,0.054922,0.055343,0.002861,0.008369,0.125577,0.412155,0.224375,0.352016,0.030306,0.354868,0.414439,0.234576,0.478751,0.619901,0.268205,0.285072,7.370522,12.113514,0.139852,0.211026,0.210328,0.946484,9.707125,0.045266,0.021288,0.301565,0.608859,0.943811,0.222085,0.234703,0.307240,0.300694,0.288503,0.219884,0.062470,0.348909,0.211275,0.619422,0.173619,0.009537,0.009532,0.322175,0.301824,0.057440,0.121004,0.326512,0.457146,0.024228,0.366505,0.405679,0.003968,0.010418,0.016981
catalyst,Base_Seq,default,0.085721,0.085767,0.277991,0.119243,0.139354,0.281681,0.399280,0.397745,0.210891,0.197087,0.177316,0.055228,0.055329,0.002502,0.007713,0.110676,0.390656,0.245656,0.357389,0.031012,0.359865,0.427089,0.242604,0.473433,0.622362,0.268970,0.285980,7.370364,12.254878,0.138764,0.211298,0.211712,0.945289,9.710386,0.045277,0.020263,0.284665,0.671028,0.937225,0.208478,0.219854,0.287180,0.282330,0.287455,0.219886,0.062507,0.350401,0.210167,0.618167,0.172128,0.009563,0.009562,0.308385,0.304242,0.057281,0.121739,0.325943,0.456370,0.024399,0.376836,0.419086,0.004042,0.010086,0.016428
catalyst,Base_Seq,default,0.086823,0.086274,0.274754,0.115739,0.140292,0.281865,0.397299,0.397790,0.216412,0.199288,0.177266,0.054955,0.060964,0.002756,0.008231,0.117704,0.412334,0.221702,0.344704,0.029925,0.347506,0.413213,0.236143,0.473256,0.622462,0.269051,0.286291,7.607651,12.061211,0.140086,0.210466,0.213932,0.946645,9.713389,0.045298,0.020005,0.284122,0.608075,0.953456,0.214049,0.227342,0.287325,0.281834,0.287617,0.221474,0.062912,0.349424,0.209534,0.618773,0.172891,0.009529,0.009553,0.309019,0.304652,0.057182,0.123063,0.329043,0.457925,0.023634,0.378230,0.405751,0.003850,0.009804,0.016056
catalyst,Base_Seq,default,0.086251,0.085763,0.274955,0.119685,0.139135,0.280660,0.398146,0.398254,0.204108,0.225138,0.193012,0.058852,0.059048,0.002668,0.008090,0.117817,0.413341,0.223800,0.346165,0.029921,0.347061,0.411104,0.234876,0.472300,0.623104,0.269095,0.284296,7.812040,12.233735,0.157303,0.232673,0.232538,1.020044,9.747905,0.045160,0.019868,0.286570,0.608308,1.044987,0.222111,0.234475,0.300958,0.279548,0.287760,0.220142,0.062669,0.348680,0.210776,0.614599,0.172179,0.010027,0.010716,0.309840,0.304089,0.057184,0.123390,0.328049,0.459619,0.027032,0.389332,0.432230,0.003760,0.009769,0.016143
catalyst,Base_Seq,default,0.086419,0.086198,0.277779,0.115696,0.139320,0.284740,0.397289,0.396413,0.221368,0.199878,0.176489,0.054982,0.055318,0.002502,0.007760,0.110627,0.391658,0.222127,0.345503,0.030149,0.346187,0.413530,0.234213,0.473214,0.622210,0.267599,0.284098,7.358706,11.771382,0.139252,0.210945,0.210578,0.956063,10.215334,0.045432,0.019988,0.284601,0.608116,0.923792,0.207356,0.220059,0.290811,0.283478,0.287140,0.219453,0.061808,0.350203,0.209245,0.612332,0.172647,0.009584,0.009599,0.307316,0.303885,0.057063,0.121304,0.327152,0.463706,0.023820,0.364889,0.406155,0.003872,0.009773,0.016021
catalyst,Base_Seq,default,0.085358,0.085401,0.268625,0.115365,0.139861,0.281951,0.398235,0.399008,0.207645,0.197544,0.177228,0.055143,0.062773,0.002857,0.008934,0.125559,0.413048,0.222775,0.344854,0.029921,0.345456,0.420809,0.234214,0.473905,0.624480,0.268313,0.283117,7.472702,12.580765,0.140471,0.210827,0.212958,0.953705,9.939979,0.051460,0.021433,0.293140,0.651605,0.951310,0.214517,0.226206,0.299404,0.283809,0.287468,0.219591,0.062623,0.351905,0.211257,0.616684,0.172492,0.009579,0.009572,0.339275,0.304684,0.057260,0.121915,0.363630,0.458229,0.023636,0.365245,0.406532,0.003817,0.009954,0.015911
catalyst,Base_Seq,default,0.085766,0.085769,0.275316,0.119005,0.139569,0.281928,0.399581,0.422733,0.211628,0.198351,0.177402,0.055095,0.055620,0.002482,0.007309,0.110428,0.390189,0.223332,0.361239,0.029930,0.354531,0.412855,0.233590,0.476665,0.622809,0.270332,0.289784,7.380123,11.789111,0.149224,0.224865,0.216903,0.954641,9.714318,0.045651,0.019952,0.283951,0.606590,0.915217,0.208569,0.219295,0.286148,0.280985,0.316971,0.226314,0.064331,0.359539,0.217291,0.632318,0.178321,0.009801,0.010171,0.312088,0.301926,0.057346,0.121707,0.329097,0.457037,0.023751,0.366438,0.405304,0.003937,0.009814,0.015842
catalyst,Base_Seq,default,0.091230,0.091384,0.283456,0.123813,0.143399,0.291332,0.398362,0.397662,0.210011,0.196738,0.177395,0.055026,0.055774,0.002485,0.007700,0.110958,0.389529,0.222774,0.345014,0.029925,0.346970,0.415776,0.249431,0.474407,0.621297,0.269387,0.284988,7.379480,11.820732,0.153626,0.224590,0.218542,0.973029,9.868109,0.045366,0.019949,0.283038,0.605845,0.915936,0.207825,0.219201,0.286843,0.289870,0.295095,0.225992,0.064429,0.359705,0.217422,0.633868,0.178316,0.009792,0.009506,0.307210,0.304784,0.057915,0.121839,0.326552,0.455714,0.023676,0.365233,0.406051,0.003877,0.009938,0.015885
catalyst,Base_Seq,default,0.086341,0.085413,0.275238,0.115414,0.139201,0.281033,0.398734,0.397360,0.213090,0.198699,0.176657,0.054914,0.055669,0.002483,0.007705,0.110528,0.418854,0.222095,0.343263,0.030145,0.346481,0.410850,0.235854,0.484962,0.622587,0.268624,0.285051,7.372022,11.970395,0.140134,0.210906,0.212964,0.941868,9.715697,0.045119,0.019867,0.283036,0.606953,0.914790,0.214824,0.225896,0.285653,0.281349,0.286552,0.220906,0.063134,0.348997,0.211132,0.623693,0.172516,0.009486,0.009632,0.307924,0.305405,0.057222,0.121533,0.329698,0.455537,0.023675,0.365899,0.405726,0.004435,0.010740,0.016547
catalyst,Base_Seq,default,0.085848,0.086113,0.275383,0.115415,0.139156,0.282131,0.398430,0.398666,0.205010,0.198077,0.177731,0.054990,0.055334,0.002491,0.007642,0.110169,0.390200,0.230775,0.344133,0.030037,0.345867,0.409857,0.234909,0.471247,0.623134,0.268127,0.285451,7.377519,11.919357,0.141065,0.210832,0.209893,0.950943,9.833333,0.045527,0.019823,0.280988,0.608651,0.913289,0.208412,0.219097,0.286356,0.279105,0.286150,0.220442,0.062621,0.347816,0.210553,0.660907,0.171965,0.009666,0.009899,0.339416,0.304605,0.057583,0.123132,0.327021,0.456184,0.023647,0.365631,0.405143,0.003848,0.009737,0.015843
catalyst,Base_Seq,default,0.085857,0.085608,0.277961,0.118933,0.138968,0.282936,0.396996,0.397108,0.220615,0.198503,0.176885,0.054949,0.055311,0.002478,0.007694,0.110324,0.389752,0.223611,0.342956,0.029997,0.345042,0.410687,0.233480,0.473327,0.621156,0.267911,0.284453,7.361258,12.201321,0.138863,0.210528,0.209125,0.949100,9.885638,0.045109,0.019724,0.287764,0.629083,0.918360,0.207890,0.218841,0.289118,0.281603,0.284560,0.219181,0.061238,0.351360,0.210001,0.612406,0.172762,0.009626,0.009530,0.307084,0.303446,0.057010,0.121313,0.326975,0.457368,0.023648,0.364964,0.405433,0.003829,0.009698,0.015785
catalyst,Base_Seq,default,0.085677,0.085632,0.275405,0.115350,0.139111,0.283276,0.398852,0.396779,0.207968,0.198891,0.177166,0.055066,0.055202,0.002485,0.007384,0.111329,0.389801,0.222374,0.343444,0.030002,0.391844,0.431308,0.234080,0.473518,0.620822,0.269079,0.285036,7.374080,11.798868,0.139914,0.211023,0.212133,0.950996,9.717687,0.045102,0.019903,0.282292,0.608579,0.914524,0.208625,0.249654,0.308007,0.282069,0.286401,0.219556,0.063062,0.349136,0.209481,0.615600,0.172769,0.009536,0.010895,0.350595,0.304370,0.057416,0.123103,0.326004,0.458559,0.024009,0.364586,0.408405,0.003762,0.009733,0.018119
ec2-c5n,Base_Seq,default,0.075118,0.075050,0.120774,0.107063,0.129287,0.198014,0.358363,0.362983,0.235411,0.139930,0.167408,0.016805,0.016349,0.003700,0.007603,0.036174,0.332767,0.174900,0.300456,0.028650,0.300214,0.297625,0.226619,0.247352,0.445743,0.047995,0.304374,0.700810,1.119260,0.099298,0.032561,0.172236,0.859693,0.923052,0.008603,0.018834,0.193420,0.480553,0.643158,0.031421,0.226156,0.269832,0.299756,0.270081,0.225864,0.064260,0.205815,0.177479,0.291987,0.109836,0.009585,0.009568,0.254335,0.254454,0.052385,0.082694,0.331480,0.321556,0.028630,0.351560,0.413281,0.007166,0.007514,0.014996
ec2-c5n,Base_Seq,default,0.075080,0.074987,0.120782,0.106845,0.129325,0.201221,0.357897,0.400565,0.234747,0.140938,0.167579,0.016698,0.016308,0.003694,0.007584,0.036153,0.316923,0.176915,0.300480,0.028591,0.300484,0.298741,0.225915,0.253870,0.450512,0.048101,0.307228,0.700300,1.119863,0.098756,0.032509,0.172278,0.859841,0.925217,0.008491,0.018830,0.192625,0.480787,0.642917,0.031471,0.230582,0.270309,0.300259,0.270554,0.230425,0.064476,0.205680,0.178614,0.295645,0.109857,0.009487,0.009394,0.252889,0.254125,0.052979,0.082648,0.329923,0.321575,0.028620,0.351416,0.413499,0.007165,0.007804,0.015165
ec2-c5n,Base_Seq,default,0.075088,0.075050,0.120677,0.107037,0.129089,0.199757,0.358070,0.380750,0.237661,0.141174,0.167215,0.016737,0.020962,0.004128,0.007639,0.036786,0.329205,0.178112,0.300473,0.028593,0.300344,0.300054,0.230144,0.246973,0.442579,0.047975,0.305961,0.701118,1.120248,0.099081,0.032509,0.172295,0.859898,0.923482,0.008487,0.019690,0.194840,0.480507,0.643216,0.031423,0.226357,0.270133,0.300259,0.270309,0.226538,0.065966,0.205742,0.177630,0.291866,0.109730,0.009519,0.009495,0.253199,0.254879,0.052742,0.082716,0.329977,0.321681,0.028605,0.351531,0.413762,0.007164,0.007789,0.014999
ec2-c5n,Base_Seq,default,0.075188,0.075079,0.120724,0.106921,0.128915,0.200881,0.358093,0.357414,0.237224,0.141071,0.167905,0.016709,0.020822,0.004129,0.007621,0.036747,0.289525,0.174826,0.300226,0.028591,0.300411,0.299168,0.226083,0.252847,0.446208,0.047842,0.306075,0.700077,1.118982,0.098367,0.032510,0.171909,0.859502,0.922717,0.008549,0.019418,0.194931,0.480114,0.643349,0.031408,0.225697,0.269887,0.299743,0.269851,0.225259,0.064296,0.205907,0.175598,0.292856,0.109827,0.009540,0.009460,0.254032,0.255174,0.053213,0.082687,0.331376,0.321930,0.028607,0.351592,0.413441,0.007166,0.007522,0.015001
ec2-c5n,Base_Seq,default,0.075093,0.075017,0.120976,0.106921,0.129041,0.198337,0.357822,0.357749,0.231546,0.138718,0.167515,0.016765,0.016339,0.003750,0.007591,0.036453,0.337526,0.176203,0.300337,0.028592,0.300238,0.298303,0.225832,0.240669,0.443626,0.048002,0.304374,0.701342,1.120405,0.097034,0.032623,0.171707,0.860048,0.924104,0.008518,0.018826,0.193380,0.480790,0.643485,0.031439,0.225505,0.269813,0.299690,0.269980,0.225392,0.065632,0.205784,0.176839,0.293656,0.109838,0.009670,0.009615,0.254205,0.254347,0.053260,0.082589,0.328733,0.321396,0.028601,0.351447,0.413126,0.007168,0.007525,0.015001
ec2-c5n,Base_Seq,default,0.075135,0.075048,0.120558,0.107485,0.129688,0.201372,0.358240,0.357974,0.238759,0.140378,0.167421,0.016738,0.020860,0.004126,0.007795,0.036745,0.334737,0.179215,0.300339,0.028628,0.300441,0.300442,0.226247,0.256837,0.456880,0.047796,0.306440,0.719203,1.151420,0.098811,0.032992,0.172059,0.870651,0.950638,0.008707,0.020285,0.194983,0.481742,0.653743,0.031942,0.226802,0.270036,0.299821,0.270283,0.226459,0.066836,0.206445,0.178762,0.295526,0.110138,0.009894,0.009860,0.254045,0.255014,0.052860,0.082625,0.332894,0.322013,0.028643,0.351723,0.414671,0.007186,0.008333,0.015012
ec2-c5n,Base_Seq,default,0.075101,0.074984,0.120561,0.107157,0.129040,0.199726,0.357746,0.358216,0.231972,0.141732,0.167790,0.016738,0.016322,0.003750,0.007611,0.036149,0.336450,0.181168,0.300669,0.028592,0.300441,0.301519,0.229201,0.241064,0.443247,0.047899,0.305162,0.700245,1.119406,0.097203,0.032574,0.169643,0.859390,0.923201,0.008581,0.018827,0.192045,0.480620,0.643152,0.031427,0.227973,0.269813,0.299565,0.269768,0.227955,0.064510,0.205700,0.177151,0.293449,0.109846,0.009653,0.009644,0.251741,0.252604,0.052208,0.082699,0.332522,0.321610,0.028679,0.351981,0.413548,0.007188,0.007558,0.015100
ec2-c5n,Base_Seq,default,0.075373,0.075305,0.120876,0.106898,0.129187,0.203140,0.357372,0.365318,0.234505,0.143319,0.167387,0.016750,0.016328,0.003700,0.007642,0.036239,0.338618,0.176005,0.301609,0.028592,0.301397,0.299273,0.227588,0.246705,0.444991,0.048093,0.309520,0.704312,1.124131,0.098835,0.032563,0.170222,0.862752,0.927010,0.008547,0.018843,0.191135,0.482410,0.645079,0.031499,0.226322,0.270861,0.301136,0.270898,0.226293,0.064167,0.204772,0.177372,0.291875,0.109791,0.009911,0.009889,0.254118,0.254345,0.052381,0.082591,0.334185,0.320563,0.028601,0.351518,0.413620,0.007162,0.007809,0.015061
ec2-c5n,Base_Seq,default,0.075360,0.075650,0.120748,0.107096,0.129147,0.202053,0.357744,0.371034,0.236383,0.140729,0.167583,0.016738,0.016404,0.003702,0.007601,0.036322,0.332890,0.178651,0.301610,0.028592,0.301492,0.301567,0.227710,0.252274,0.443756,0.047921,0.307910,0.703745,1.125683,0.098634,0.032588,0.171586,0.863311,0.933230,0.008516,0.018934,0.192526,0.483026,0.645343,0.031507,0.228977,0.271195,0.301289,0.271289,0.228266,0.064572,0.205797,0.178365,0.288924,0.109811,0.009901,0.009867,0.254106,0.252984,0.052816,0.082700,0.329209,0.321811,0.028599,0.351606,0.413423,0.007232,0.007552,0.015061
ec2-c5n,Base_Seq,default,0.075392,0.075376,0.120402,0.106919,0.129297,0.197155,0.357727,0.368628,0.235792,0.140689,0.167384,0.016749,0.020876,0.004129,0.007694,0.037057,0.337840,0.175269,0.301611,0.028592,0.301392,0.300099,0.226863,0.246967,0.442632,0.047771,0.308047,0.704307,1.124678,0.099024,0.032633,0.173329,0.862795,0.930569,0.008534,0.019564,0.194316,0.482543,0.644293,0.031506,0.226616,0.270913,0.300884,0.270914,0.226637,0.066056,0.205644,0.178378,0.288724,0.109181,0.009806,0.009790,0.254131,0.255310,0.052764,0.082646,0.332578,0.321284,0.028612,0.351062,0.414359,0.007174,0.007552,0.015082
ec2-c5n,Base_Seq,default,0.075395,0.075319,0.121328,0.107140,0.129138,0.201378,0.358133,0.358399,0.233811,0.142706,0.167817,0.016688,0.020885,0.004133,0.007647,0.036807,0.338108,0.177835,0.301584,0.028655,0.301458,0.303112,0.227211,0.253833,0.445325,0.048029,0.310123,0.703703,1.124433,0.099232,0.032563,0.176862,0.864239,0.933889,0.008503,0.019559,0.195451,0.482661,0.645844,0.031726,0.227232,0.271048,0.301106,0.271000,0.226930,0.064520,0.205764,0.179572,0.291059,0.109828,0.009864,0.009825,0.254191,0.255517,0.053406,0.082700,0.334319,0.321458,0.028606,0.351417,0.413482,0.007167,0.007553,0.015098
ec2-c5n,Base_Seq,default,0.075452,0.075265,0.120767,0.106889,0.129089,0.203804,0.357683,0.358320,0.231975,0.143088,0.167768,0.016705,0.016318,0.003707,0.007637,0.036151,0.335229,0.179913,0.301581,0.028658,0.301525,0.305315,0.226972,0.241021,0.442288,0.048031,0.309759,0.703134,1.122886,0.097074,0.032683,0.171909,0.863751,0.932499,0.008575,0.018903,0.192141,0.482905,0.643694,0.031591,0.227937,0.270744,0.300870,0.270869,0.227135,0.066122,0.204823,0.176389,0.290326,0.109877,0.009674,0.009575,0.253020,0.254416,0.052963,0.082657,0.332947,0.320861,0.028599,0.351298,0.413832,0.007182,0.007548,0.015194
ec2-c5n,Base_Seq,default,0.075199,0.074994,0.120709,0.107369,0.129214,0.205601,0.357830,0.379132,0.241407,0.145124,0.167654,0.016710,0.020845,0.004129,0.007854,0.036748,0.276668,0.181411,0.300353,0.028598,0.300617,0.305140,0.227083,0.255121,0.462899,0.047920,0.312798,0.721703,1.153371,0.098325,0.033087,0.170400,0.873445,0.951962,0.008707,0.020481,0.194652,0.481390,0.656293,0.032210,0.225849,0.268749,0.298772,0.269237,0.225760,0.067077,0.205689,0.179564,0.302708,0.109853,0.010369,0.010325,0.254395,0.255324,0.052898,0.082715,0.337054,0.321655,0.028686,0.352240,0.414759,0.007228,0.008409,0.015463
ec2-c5n,Base_Seq,default,0.075499,0.075300,0.120369,0.106855,0.129326,0.198893,0.357635,0.358509,0.231231,0.140045,0.167432,0.016644,0.016263,0.003743,0.007626,0.036264,0.334707,0.178939,0.301600,0.028591,0.301249,0.296890,0.226277,0.241770,0.443542,0.047900,0.304942,0.702766,1.123427,0.097229,0.032665,0.169857,0.863028,0.931034,0.008559,0.018888,0.192063,0.482470,0.644021,0.031505,0.226184,0.270798,0.300761,0.270784,0.225866,0.063496,0.205629,0.177208,0.289791,0.109990,0.009876,0.009787,0.253185,0.254490,0.052153,0.082567,0.329132,0.321551,0.028661,0.351487,0.413356,0.007176,0.007547,0.015063
ec2-c5n,Base_Seq,default,0.075385,0.075357,0.122120,0.106916,0.129094,0.205004,0.358568,0.365133,0.237095,0.145564,0.168303,0.016711,0.016354,0.003696,0.007630,0.036155,0.325391,0.179511,0.301639,0.028654,0.301509,0.303055,0.228165,0.247581,0.455781,0.048047,0.312903,0.703533,1.124612,0.098506,0.032576,0.170463,0.863789,0.932483,0.008534,0.018890,0.193108,0.482575,0.644653,0.031495,0.226994,0.271051,0.301078,0.271017,0.226851,0.064608,0.205770,0.179418,0.297557,0.109969,0.009673,0.009673,0.253492,0.253366,0.052522,0.082648,0.337254,0.321622,0.028604,0.351990,0.414194,0.007169,0.007550,0.015095
ec2-c5n,Base_Seq,default,0.075728,0.075316,0.121071,0.106825,0.129761,0.205445,0.358137,0.365259,0.233929,0.145177,0.167807,0.016724,0.016335,0.003700,0.007603,0.036387,0.322828,0.176558,0.302027,0.028619,0.302159,0.303573,0.227744,0.255258,0.454405,0.048043,0.313915,0.702989,1.123138,0.099011,0.032574,0.173647,0.865394,0.928248,0.008553,0.018785,0.192472,0.482611,0.644802,0.031560,0.227290,0.270973,0.301035,0.271056,0.226872,0.064619,0.205936,0.177369,0.296603,0.109740,0.009906,0.009842,0.254363,0.252676,0.052464,0.082858,0.338596,0.321828,0.028600,0.351721,0.414038,0.007165,0.007552,0.015061
ec2-c5n,Base_Seq,default,0.075648,0.075476,0.121282,0.106922,0.129066,0.206773,0.357754,0.366302,0.236107,0.145993,0.167373,0.016735,0.020869,0.004129,0.007673,0.036742,0.333431,0.177468,0.301745,0.028590,0.301603,0.307594,0.228050,0.248661,0.456652,0.047712,0.313028,0.703507,1.124983,0.099370,0.032579,0.171475,0.865726,0.929498,0.008513,0.019814,0.194498,0.482642,0.644444,0.031508,0.227617,0.271139,0.300977,0.270964,0.227333,0.066324,0.206398,0.178927,0.301577,0.109877,0.009696,0.009555,0.254469,0.254188,0.052758,0.082878,0.340489,0.322144,0.028652,0.351706,0.413989,0.007174,0.007552,0.015085
ec2-c5n,Base_Seq,default,0.075515,0.075355,0.120757,0.106681,0.128996,0.201913,0.358002,0.364813,0.235505,0.141957,0.167544,0.016733,0.020848,0.004125,0.007660,0.036808,0.325224,0.179433,0.301563,0.028615,0.301476,0.301089,0.227089,0.253307,0.458417,0.048936,0.308697,0.703387,1.125198,0.098684,0.032572,0.176795,0.867862,0.927971,0.008527,0.019442,0.196228,0.482385,0.645979,0.031499,0.227574,0.271046,0.301214,0.271371,0.227203,0.064289,0.205666,0.177877,0.296718,0.109822,0.009762,0.009731,0.254064,0.254915,0.053092,0.082730,0.335175,0.321614,0.028607,0.351373,0.413914,0.007193,0.007555,0.015072
ec2-c5n,Base_Seq,default,0.075585,0.075395,0.120789,0.107098,0.129370,0.203134,0.360351,0.358540,0.231843,0.144513,0.167584,0.016664,0.016305,0.003711,0.007603,0.036153,0.308786,0.178699,0.301680,0.028592,0.301656,0.303762,0.227780,0.242386,0.456601,0.048195,0.308739,0.703266,1.123623,0.097126,0.032769,0.172132,0.863495,0.928008,0.008534,0.018923,0.193713,0.482721,0.646871,0.031673,0.228345,0.271058,0.301011,0.270991,0.228072,0.066242,0.205754,0.177238,0.302316,0.109822,0.009622,0.009556,0.254323,0.254417,0.052603,0.082717,0.339116,0.321588,0.028610,0.351572,0.413733,0.007209,0.007547,0.015069
ec2-c5n,Base_Seq,default,0.074984,0.075399,0.121205,0.106771,0.129832,0.207507,0.358324,0.374461,0.234817,0.145791,0.167470,0.016710,0.020936,0.004632,0.007864,0.036749,0.332675,0.179436,0.299965,0.028597,0.300164,0.299686,0.226221,0.258411,0.470157,0.048993,0.309855,0.720952,1.152762,0.099316,0.033070,0.172709,0.871486,0.954074,0.008757,0.020287,0.194657,0.481414,0.656903,0.032041,0.225452,0.268788,0.298801,0.269273,0.225349,0.067335,0.205847,0.179392,0.304938,0.109918,0.009885,0.009907,0.253784,0.254978,0.052694,0.082739,0.338882,0.321280,0.028627,0.351082,0.415139,0.007187,0.007872,0.014955
ec2-c5n,Base_Seq,default,0.075366,0.075255,0.121160,0.107140,0.129008,0.202372,0.358749,0.357862,0.231679,0.143745,0.167613,0.016723,0.016346,0.003754,0.007655,0.036305,0.323313,0.178769,0.305405,0.028656,0.304901,0.306048,0.228922,0.243338,0.453845,0.048065,0.313672,0.703062,1.122962,0.097379,0.032710,0.171689,0.863088,0.926384,0.008578,0.018903,0.192042,0.482477,0.644964,0.031554,0.228363,0.270907,0.300946,0.270930,0.228339,0.065074,0.205955,0.178481,0.295519,0.109817,0.009959,0.009966,0.254422,0.254517,0.052147,0.082733,0.334659,0.321654,0.028621,0.351565,0.413838,0.007192,0.007620,0.015096
ec2-c6a,Base_Seq,default,0.024474,0.035040,0.123837,0.110473,0.108101,0.062975,0.339334,0.342031,0.163646,0.047840,0.106696,0.015789,0.015666,0.003340,0.005236,0.046929,0.149557,0.121949,0.141471,0.013931,0.114708,0.116259,0.090352,0.160752,0.138571,0.037727,0.091218,0.574659,0.927106,0.092882,0.026070,0.087893,0.300534,0.761847,0.006802,0.012584,0.150134,0.245273,0.488270,0.024160,0.067265,0.079869,0.207188,0.080524,0.070553,0.048070,0.168467,0.125591,0.148620,0.081598,0.004321,0.004466,0.162295,0.199761,0.038445,0.058378,0.123178,0.254673,0.020895,0.367829,0.399862,0.005326,0.003393,0.004834
ec2-c6a,Base_Seq,default,0.025527,0.035159,0.123242,0.109987,0.107736,0.064365,0.339561,0.343465,0.163996,0.052137,0.106527,0.015656,0.016203,0.003225,0.005245,0.047013,0.254657,0.121975,0.141057,0.013939,0.117263,0.116040,0.092351,0.162643,0.135526,0.036526,0.090756,0.583601,0.909688,0.093065,0.026077,0.089173,0.300017,0.763091,0.006988,0.013118,0.148432,0.245488,0.489492,0.024401,0.068332,0.079766,0.209102,0.136755,0.070822,0.046253,0.164318,0.127871,0.163817,0.081313,0.004243,0.004610,0.165243,0.198436,0.038014,0.058365,0.124804,0.252183,0.020920,0.369113,0.405403,0.005278,0.003511,0.004895
ec2-c6a,Base_Seq,default,0.024478,0.035329,0.123279,0.110071,0.107501,0.063735,0.339115,0.342029,0.162800,0.049434,0.106407,0.015759,0.015672,0.003277,0.005232,0.046937,0.255729,0.122467,0.142641,0.013950,0.116985,0.116252,0.090491,0.162547,0.143525,0.037422,0.091921,0.590364,0.915896,0.092986,0.026045,0.087681,0.301424,0.760522,0.006848,0.014112,0.149763,0.245775,0.486159,0.024357,0.068291,0.080234,0.206951,0.081370,0.071016,0.045807,0.167468,0.127674,0.167114,0.081363,0.004446,0.004597,0.163549,0.198776,0.038241,0.058421,0.126522,0.252801,0.020900,0.367896,0.400389,0.005264,0.003404,0.005075
ec2-c6a,Base_Seq,default,0.023793,0.034071,0.119688,0.106989,0.104527,0.061149,0.336561,0.336741,0.157761,0.046876,0.104268,0.015229,0.015130,0.003232,0.005061,0.045429,0.147005,0.122506,0.139519,0.013471,0.109899,0.112021,0.087117,0.154501,0.134654,0.035298,0.087586,0.587340,0.914446,0.089750,0.025292,0.088220,0.295713,0.782158,0.006571,0.012208,0.147046,0.242315,0.480981,0.023483,0.063984,0.076667,0.203216,0.077006,0.068123,0.043574,0.164571,0.121546,0.147668,0.079099,0.004239,0.004474,0.159304,0.194787,0.036724,0.056295,0.120398,0.248429,0.020199,0.364720,0.399844,0.005052,0.003388,0.005778
ec2-c6a,Base_Seq,default,0.025712,0.035188,0.123622,0.109937,0.107666,0.068355,0.338841,0.342149,0.162366,0.050180,0.106108,0.015744,0.015670,0.003322,0.005240,0.046935,0.149058,0.122333,0.142903,0.013953,0.117855,0.117208,0.092099,0.159342,0.137922,0.036586,0.090862,0.586062,0.919067,0.092922,0.026037,0.088496,0.307239,0.770584,0.007367,0.012916,0.150032,0.244381,0.490087,0.024386,0.067652,0.080001,0.206928,0.081210,0.070961,0.046636,0.167948,0.130399,0.170368,0.081323,0.004190,0.004582,0.163959,0.198389,0.038301,0.058359,0.130698,0.252867,0.020903,0.368255,0.399404,0.005270,0.003507,0.005909
ec2-c6a,Base_Seq,default,0.023650,0.034116,0.119420,0.107128,0.104672,0.061161,0.336819,0.337039,0.158052,0.046834,0.104296,0.015182,0.015133,0.003169,0.005056,0.045393,0.147225,0.121958,0.139472,0.013729,0.112191,0.112248,0.085403,0.155618,0.135714,0.035859,0.088512,0.578028,0.918292,0.089728,0.025207,0.085790,0.293190,0.780176,0.006535,0.012127,0.145135,0.240096,0.482139,0.023469,0.063792,0.077447,0.206070,0.077642,0.069127,0.045073,0.164694,0.119018,0.147747,0.078729,0.004145,0.004504,0.159573,0.195182,0.037109,0.056507,0.119225,0.249487,0.020194,0.364750,0.399756,0.005374,0.003402,0.005991
ec2-c6a,Base_Seq,default,0.025219,0.035494,0.123010,0.109990,0.107917,0.064706,0.339206,0.342798,0.164222,0.049804,0.106698,0.015669,0.016408,0.003231,0.005246,0.047014,0.158669,0.122617,0.143865,0.015318,0.132548,0.122745,0.093118,0.160709,0.137353,0.036516,0.089591,0.589013,0.918394,0.092888,0.026032,0.089807,0.295578,0.784049,0.007001,0.013999,0.149150,0.244774,0.489971,0.024407,0.067711,0.079992,0.207799,0.083583,0.070606,0.045517,0.163561,0.128208,0.169431,0.081349,0.004462,0.004622,0.164785,0.198263,0.037936,0.058338,0.126671,0.252793,0.020929,0.368279,0.400309,0.005252,0.003512,0.005804
ec2-c6a,Base_Seq,default,0.026319,0.035099,0.123876,0.110387,0.108162,0.063501,0.339577,0.342042,0.163178,0.048616,0.106769,0.015812,0.015666,0.003280,0.005240,0.046940,0.149512,0.122288,0.149382,0.014201,0.115498,0.115342,0.090273,0.158680,0.136941,0.037694,0.089057,0.592742,0.924353,0.092818,0.026077,0.087484,0.294879,0.793433,0.006793,0.012579,0.150035,0.245269,0.488396,0.024017,0.067205,0.079768,0.206670,0.079955,0.070251,0.046441,0.168308,0.125498,0.151833,0.081375,0.004253,0.004612,0.162422,0.199845,0.038186,0.058485,0.126597,0.254430,0.020894,0.367893,0.399800,0.005257,0.003392,0.004963
ec2-c6a,Base_Seq,default,0.025502,0.035264,0.123949,0.110191,0.107795,0.064379,0.339647,0.343261,0.164151,0.048913,0.106548,0.015655,0.016155,0.003259,0.005240,0.047011,0.253878,0.122171,0.143929,0.013937,0.117367,0.116396,0.090639,0.163160,0.137882,0.036775,0.089785,0.595007,0.918487,0.093144,0.026105,0.088458,0.299478,0.787091,0.006793,0.012752,0.150052,0.246026,0.490829,0.024428,0.069318,0.079725,0.208608,0.139279,0.070820,0.046255,0.165582,0.128196,0.165624,0.081279,0.004129,0.004555,0.165280,0.198545,0.037952,0.058379,0.126512,0.253072,0.020915,0.368533,0.399497,0.005301,0.003511,0.004804
ec2-c6a,Base_Seq,default,0.024356,0.035011,0.123639,0.110004,0.107604,0.063935,0.339509,0.341797,0.162799,0.049063,0.106499,0.015730,0.015668,0.003280,0.005232,0.046933,0.149369,0.122053,0.143253,0.013932,0.114117,0.116196,0.091944,0.162836,0.144334,0.037388,0.089287,0.591835,0.923227,0.092986,0.026081,0.087417,0.299599,0.794202,0.006802,0.013705,0.150520,0.245834,0.486771,0.024412,0.069176,0.079872,0.206791,0.081682,0.070922,0.046411,0.167823,0.130237,0.162815,0.081346,0.004602,0.004761,0.163476,0.198733,0.038020,0.058214,0.131170,0.253200,0.020894,0.367996,0.400487,0.005270,0.003412,0.004827
ec2-c6a,Base_Seq,default,0.024507,0.033743,0.119430,0.107006,0.104553,0.060599,0.336647,0.336640,0.157534,0.046360,0.104137,0.015183,0.015136,0.003201,0.005069,0.045427,0.147445,0.121989,0.136107,0.013467,0.115836,0.113723,0.087235,0.154342,0.133947,0.035311,0.085943,0.585809,0.921497,0.089823,0.025180,0.087500,0.302102,0.755606,0.006540,0.012130,0.146811,0.241191,0.482288,0.023493,0.064481,0.076607,0.202315,0.077093,0.067812,0.044291,0.164797,0.119295,0.149618,0.078702,0.004105,0.004502,0.159387,0.194706,0.036661,0.056350,0.122630,0.248382,0.020220,0.364813,0.400741,0.005234,0.003389,0.004807
ec2-c6a,Base_Seq,default,0.024388,0.035147,0.123690,0.109860,0.107714,0.064335,0.338951,0.342085,0.163403,0.050130,0.106175,0.015715,0.015677,0.003328,0.005240,0.046939,0.149005,0.122054,0.143647,0.013960,0.117826,0.116614,0.091279,0.160953,0.139332,0.036732,0.090491,0.585655,0.914219,0.092881,0.026074,0.088121,0.302942,0.792764,0.006705,0.012616,0.150143,0.244186,0.492825,0.024427,0.071852,0.079864,0.207593,0.081408,0.071130,0.046004,0.168057,0.130203,0.166115,0.081472,0.004222,0.004601,0.164149,0.198503,0.038341,0.058295,0.128511,0.252659,0.020920,0.367955,0.400039,0.005233,0.003414,0.005750
ec2-c6a,Base_Seq,default,0.023561,0.033910,0.119559,0.106998,0.104812,0.061534,0.336619,0.336690,0.157769,0.048119,0.104831,0.015193,0.015131,0.003170,0.005064,0.045406,0.147610,0.122212,0.135961,0.013798,0.113178,0.112595,0.085533,0.154519,0.134018,0.035526,0.085897,0.585902,0.922435,0.089768,0.025175,0.085582,0.303288,0.753299,0.006608,0.012405,0.145165,0.241364,0.482618,0.023458,0.064450,0.077523,0.203226,0.076995,0.069303,0.044960,0.164952,0.122775,0.150412,0.079171,0.004165,0.004490,0.159386,0.194766,0.036988,0.056406,0.120956,0.248941,0.020226,0.364659,0.399988,0.005209,0.003393,0.004859
ec2-c6a,Base_Seq,default,0.025867,0.035205,0.122774,0.110018,0.107570,0.064683,0.339030,0.342591,0.163118,0.048620,0.106520,0.015660,0.016333,0.003322,0.005236,0.047006,0.149798,0.122290,0.145528,0.013933,0.117969,0.117379,0.092465,0.158936,0.136898,0.036531,0.089371,0.588215,0.918433,0.092943,0.026016,0.088720,0.298446,0.776850,0.007478,0.012817,0.149771,0.246262,0.491621,0.024428,0.068286,0.080632,0.207452,0.083387,0.070480,0.045797,0.164687,0.131734,0.174619,0.081806,0.004233,0.004633,0.164837,0.198342,0.038044,0.058270,0.124214,0.252760,0.020894,0.368165,0.400067,0.005267,0.003500,0.005090
ec2-c6a,Base_Seq,default,0.026969,0.035049,0.123806,0.110436,0.108196,0.063653,0.339682,0.342330,0.164311,0.048955,0.106682,0.015825,0.015660,0.003311,0.005245,0.046947,0.157622,0.122107,0.144185,0.013941,0.113696,0.115883,0.090519,0.161127,0.140508,0.037657,0.088859,0.592221,0.918228,0.092752,0.026026,0.088070,0.294907,0.794867,0.006787,0.012599,0.150309,0.245496,0.487431,0.024813,0.066966,0.080207,0.206406,0.079980,0.070161,0.046445,0.168222,0.127455,0.155202,0.081444,0.004389,0.004587,0.162343,0.199853,0.038257,0.058365,0.123292,0.254491,0.020894,0.367871,0.402447,0.005368,0.003396,0.005320
ec2-c6a,Base_Seq,default,0.026283,0.035353,0.123287,0.110027,0.107790,0.064991,0.339861,0.343214,0.163744,0.049231,0.106677,0.015662,0.016149,0.003284,0.005260,0.047016,0.149763,0.122653,0.144397,0.013950,0.118489,0.115856,0.090312,0.162591,0.135207,0.036606,0.091328,0.578381,0.918962,0.093105,0.026052,0.088355,0.308210,0.757606,0.007494,0.013062,0.148667,0.245872,0.491030,0.024828,0.068751,0.079835,0.208700,0.133595,0.070867,0.046113,0.164681,0.127927,0.168559,0.081392,0.004444,0.004615,0.165062,0.198371,0.038245,0.058499,0.129257,0.253160,0.020926,0.368587,0.400040,0.005325,0.003519,0.004894
ec2-c6a,Base_Seq,default,0.024481,0.034969,0.123603,0.109972,0.107761,0.064187,0.339288,0.341677,0.163451,0.049658,0.106446,0.015814,0.015670,0.003355,0.005232,0.046926,0.149134,0.122078,0.143517,0.013937,0.117782,0.117911,0.091758,0.164063,0.144107,0.037378,0.090070,0.592159,0.912261,0.092979,0.026012,0.087852,0.301175,0.784515,0.006897,0.013219,0.150388,0.246142,0.485814,0.024509,0.070445,0.081803,0.206723,0.081612,0.070989,0.046347,0.167589,0.127580,0.160865,0.081413,0.004352,0.004647,0.163602,0.198837,0.038262,0.058324,0.128617,0.252801,0.020900,0.368038,0.400251,0.005265,0.003383,0.005328
ec2-c6a,Base_Seq,default,0.024737,0.033819,0.119490,0.107024,0.104588,0.061172,0.336856,0.336814,0.160289,0.048959,0.104345,0.015222,0.015255,0.003197,0.005069,0.045373,0.146716,0.122082,0.139929,0.013462,0.112585,0.113477,0.087290,0.156534,0.133663,0.035327,0.108035,0.610809,0.918464,0.089684,0.025170,0.088543,0.289899,0.784753,0.006572,0.012140,0.146685,0.241449,0.483332,0.023510,0.063807,0.076580,0.202274,0.076948,0.067960,0.043941,0.164773,0.120557,0.147257,0.078749,0.004197,0.004445,0.159390,0.194798,0.037002,0.056256,0.121949,0.248413,0.020213,0.364829,0.399829,0.005052,0.003383,0.004950
ec2-c6a,Base_Seq,default,0.025452,0.035112,0.123661,0.109879,0.107675,0.063367,0.338526,0.341648,0.162941,0.050294,0.106162,0.015758,0.015671,0.003326,0.005235,0.046934,0.149061,0.122341,0.143836,0.013937,0.117517,0.116833,0.091047,0.158890,0.140201,0.036747,0.089487,0.582189,0.909717,0.092957,0.026009,0.087698,0.297869,0.797751,0.007219,0.014097,0.149602,0.246216,0.490835,0.024388,0.069228,0.079816,0.207387,0.081122,0.070720,0.045400,0.167518,0.130839,0.173238,0.081457,0.004232,0.004599,0.164202,0.198534,0.038159,0.058598,0.133347,0.252508,0.020899,0.368198,0.400383,0.005262,0.003399,0.005651
ec2-c6a,Base_Seq,default,0.023615,0.033908,0.119462,0.107075,0.104724,0.061113,0.336675,0.336613,0.157616,0.046894,0.104167,0.015220,0.015135,0.003211,0.005066,0.045480,0.151238,0.121961,0.136502,0.013695,0.112941,0.114301,0.084571,0.153449,0.134067,0.035454,0.085857,0.576144,0.921743,0.089780,0.025166,0.084803,0.291027,0.782220,0.006579,0.012136,0.145262,0.241394,0.484592,0.023518,0.064514,0.077212,0.203138,0.081503,0.071547,0.044746,0.165034,0.121576,0.150436,0.078671,0.004216,0.004522,0.159608,0.194759,0.037904,0.056353,0.119627,0.249382,0.020197,0.364879,0.400278,0.005050,0.003385,0.005753
ec2-c6a,Base_Seq,default,0.025423,0.035068,0.122706,0.109936,0.107664,0.065981,0.339106,0.342792,0.163347,0.050439,0.106382,0.015675,0.016313,0.003267,0.005237,0.047010,0.149708,0.122138,0.144798,0.013938,0.116306,0.116067,0.091687,0.158866,0.138417,0.036595,0.089754,0.578662,0.907801,0.092965,0.026078,0.088155,0.296010,0.791385,0.007037,0.013200,0.148227,0.250310,0.491612,0.024393,0.067507,0.079664,0.207992,0.084062,0.070623,0.045771,0.163504,0.127516,0.167210,0.081327,0.004187,0.004629,0.164822,0.198238,0.038063,0.058367,0.123771,0.252341,0.020893,0.368310,0.399983,0.005237,0.003495,0.005081
ec2-c6i,Base_Seq,default,0.067049,0.067014,0.096324,0.109968,0.125212,0.175741,0.357328,0.360732,0.189889,0.123236,0.134020,0.014925,0.016087,0.003681,0.007357,0.035979,0.216289,0.146367,0.269009,0.028587,0.269852,0.264858,0.199509,0.205496,0.335252,0.037067,0.265818,0.658679,1.066054,0.093525,0.029847,0.150337,0.773440,0.893649,0.008088,0.017464,0.156142,0.434552,0.578204,0.029337,0.199373,0.241953,0.286117,0.244087,0.199566,0.054858,0.186386,0.138348,0.220759,0.093260,0.008087,0.008068,0.215633,0.215445,0.043171,0.064093,0.279197,0.299570,0.028584,0.356939,0.390655,0.007805,0.007220,0.013428
ec2-c6i,Base_Seq,default,0.062736,0.062698,0.096111,0.110160,0.123642,0.167078,0.357319,0.357346,0.188891,0.117925,0.133999,0.014925,0.014726,0.003565,0.007233,0.035726,0.216093,0.149466,0.251993,0.028590,0.253317,0.251633,0.186139,0.202650,0.320351,0.037217,0.246913,0.648572,1.050098,0.093446,0.029500,0.141073,0.727749,0.882503,0.007712,0.016765,0.154153,0.409581,0.559876,0.029025,0.187222,0.227326,0.285850,0.227287,0.187119,0.054649,0.186107,0.137245,0.212889,0.093264,0.007660,0.007662,0.215421,0.215240,0.042877,0.064065,0.263359,0.299676,0.028584,0.357072,0.390115,0.007601,0.006796,0.012616
ec2-c6i,Base_Seq,default,0.062742,0.062748,0.095751,0.110001,0.123833,0.167889,0.357318,0.357357,0.189348,0.117595,0.134020,0.014926,0.014730,0.003576,0.007216,0.035813,0.216508,0.145956,0.252058,0.028586,0.253375,0.251705,0.186310,0.203307,0.317387,0.036925,0.247417,0.648690,1.051273,0.093485,0.029542,0.141127,0.727376,0.882156,0.007702,0.016799,0.154242,0.409737,0.559659,0.029039,0.187213,0.227355,0.285861,0.227293,0.187139,0.055105,0.186102,0.136805,0.212783,0.093250,0.007663,0.007586,0.215330,0.215112,0.043075,0.064074,0.261375,0.299555,0.028590,0.356908,0.390811,0.007798,0.006798,0.012618
ec2-c6i,Base_Seq,default,0.062721,0.062680,0.095798,0.110411,0.123864,0.167495,0.357319,0.357380,0.188781,0.117546,0.133986,0.014925,0.014726,0.003627,0.007224,0.035792,0.216466,0.145879,0.252039,0.028585,0.253420,0.251461,0.186143,0.202183,0.326869,0.036878,0.246927,0.648411,1.050292,0.093417,0.029533,0.143655,0.727518,0.882507,0.007715,0.016804,0.156773,0.409573,0.559594,0.028966,0.187246,0.227368,0.285866,0.227322,0.187162,0.055177,0.186107,0.136802,0.213579,0.093260,0.007636,0.007632,0.215622,0.215459,0.043057,0.064208,0.261461,0.299569,0.028584,0.356727,0.390171,0.007803,0.006796,0.012619
ec2-c6i,Base_Seq,default,0.062760,0.062737,0.096167,0.110136,0.123465,0.168264,0.357318,0.360750,0.188462,0.118181,0.134004,0.014925,0.016091,0.003683,0.007299,0.036554,0.215335,0.145759,0.252097,0.028584,0.254364,0.251451,0.186269,0.201423,0.315635,0.036889,0.246937,0.648773,1.051296,0.093463,0.029532,0.141914,0.727612,0.882174,0.007721,0.017015,0.155400,0.409544,0.559537,0.029032,0.187323,0.227847,0.285891,0.227301,0.187172,0.054539,0.186108,0.137446,0.213477,0.093256,0.007649,0.007613,0.215581,0.215370,0.042775,0.064075,0.261993,0.299580,0.028592,0.356372,0.389688,0.007930,0.006793,0.012615
ec2-c6i,Base_Seq,default,0.062742,0.062718,0.096219,0.110322,0.122856,0.167454,0.357320,0.357356,0.188401,0.118265,0.133977,0.014923,0.014726,0.003692,0.007216,0.035911,0.215324,0.146282,0.252034,0.028583,0.253365,0.251703,0.186514,0.201240,0.318887,0.037945,0.247014,0.648501,1.050066,0.093407,0.029570,0.141469,0.727779,0.882542,0.007724,0.016799,0.154173,0.409654,0.559607,0.029024,0.187231,0.227368,0.285838,0.227291,0.187111,0.054266,0.186140,0.137191,0.213315,0.093260,0.007661,0.007608,0.215622,0.215455,0.042851,0.064114,0.264619,0.299573,0.028589,0.357138,0.390062,0.007798,0.006797,0.012622
ec2-c6i,Base_Seq,default,0.067043,0.067242,0.096167,0.110046,0.125131,0.174713,0.357349,0.359924,0.192063,0.122679,0.134035,0.014930,0.016088,0.003576,0.007373,0.036168,0.216394,0.146213,0.268986,0.028587,0.270884,0.264642,0.199176,0.205134,0.333651,0.037031,0.264186,0.658849,1.066524,0.093520,0.029890,0.150696,0.775121,0.893864,0.007905,0.017486,0.155581,0.434480,0.578126,0.029351,0.199341,0.244064,0.286080,0.241955,0.199316,0.054888,0.186374,0.138779,0.220894,0.093503,0.008086,0.008089,0.215310,0.215123,0.043260,0.064132,0.279843,0.299608,0.028586,0.356874,0.390550,0.007628,0.007221,0.013429
ec2-c6i,Base_Seq,default,0.062723,0.062684,0.095905,0.110185,0.123500,0.167313,0.357368,0.357345,0.188868,0.117913,0.133989,0.014928,0.014728,0.003641,0.007232,0.035987,0.215630,0.146088,0.251975,0.028585,0.253210,0.251794,0.186142,0.200687,0.315271,0.036910,0.246963,0.648343,1.050030,0.093455,0.034462,0.141053,0.727276,0.882403,0.007726,0.016808,0.153992,0.409581,0.559292,0.029022,0.187214,0.227321,0.285856,0.227241,0.187097,0.054334,0.186139,0.136019,0.207512,0.093264,0.007629,0.007655,0.215553,0.215373,0.042977,0.064081,0.261437,0.299643,0.028585,0.356903,0.389728,0.007768,0.006797,0.012615
ec2-c6i,Base_Seq,default,0.062725,0.062682,0.096136,0.110556,0.124184,0.167118,0.357732,0.357382,0.190171,0.117489,0.134049,0.014927,0.014729,0.003535,0.007221,0.035727,0.215291,0.145809,0.251897,0.028589,0.253817,0.251753,0.186215,0.200976,0.313859,0.036862,0.246883,0.648404,1.050710,0.093449,0.029481,0.141090,0.728268,0.882141,0.007712,0.016794,0.154082,0.409569,0.559505,0.028993,0.187338,0.227350,0.285852,0.227232,0.187165,0.055057,0.186101,0.136638,0.207508,0.093250,0.007583,0.007554,0.215284,0.215083,0.043333,0.064057,0.260979,0.299637,0.028589,0.356856,0.390522,0.007309,0.006796,0.012613
ec2-c6i,Base_Seq,default,0.062695,0.062665,0.095865,0.110218,0.123455,0.167097,0.357341,0.357348,0.188378,0.117395,0.133976,0.014925,0.014727,0.003547,0.007217,0.035916,0.215969,0.145687,0.251946,0.028587,0.253271,0.251847,0.186155,0.200346,0.313270,0.036941,0.246942,0.648465,1.049916,0.093456,0.029510,0.143682,0.727290,0.882646,0.007704,0.016798,0.156856,0.409441,0.559656,0.029013,0.187248,0.227323,0.285852,0.227249,0.187196,0.055023,0.186116,0.136025,0.209613,0.093269,0.007672,0.007623,0.215460,0.215231,0.042978,0.064028,0.261055,0.299581,0.028587,0.356822,0.390379,0.007785,0.006798,0.012617
ec2-c6i,Base_Seq,default,0.062764,0.062727,0.096215,0.110651,0.123403,0.167178,0.357357,0.357350,0.188802,0.117557,0.134008,0.014928,0.016083,0.004021,0.007295,0.035974,0.216389,0.145736,0.251990,0.028585,0.253375,0.251736,0.186274,0.202288,0.316142,0.036880,0.246963,0.648628,1.050930,0.093430,0.029521,0.141951,0.727697,0.882267,0.007716,0.017024,0.155289,0.409809,0.559957,0.029005,0.187253,0.228265,0.285873,0.227317,0.187161,0.054514,0.186132,0.136844,0.210117,0.093252,0.007666,0.007669,0.215588,0.215426,0.042928,0.064093,0.261277,0.299591,0.028595,0.356721,0.390227,0.007618,0.006796,0.012615
ec2-c6i,Base_Seq,default,0.062717,0.062719,0.096435,0.110288,0.123008,0.166970,0.357335,0.357368,0.188409,0.117371,0.133994,0.014926,0.014730,0.003572,0.007217,0.035729,0.215418,0.145866,0.251821,0.028586,0.253185,0.251666,0.186157,0.200493,0.315214,0.036883,0.246821,0.648463,1.050548,0.093468,0.029599,0.141449,0.727409,0.882496,0.007699,0.016807,0.154076,0.409519,0.559670,0.028986,0.187190,0.227358,0.285903,0.227417,0.187147,0.054544,0.186128,0.136779,0.209376,0.093255,0.007696,0.007600,0.215379,0.215184,0.042749,0.064029,0.261096,0.299566,0.028586,0.356582,0.390445,0.007629,0.006796,0.012618
ec2-c6i,Base_Seq,default,0.067062,0.067267,0.096046,0.109982,0.125429,0.175864,0.357318,0.361233,0.189837,0.122897,0.134056,0.014926,0.016085,0.003538,0.007361,0.035975,0.216221,0.146281,0.268760,0.028856,0.272957,0.264900,0.199102,0.205780,0.331659,0.036901,0.263774,0.658907,1.066605,0.093497,0.029798,0.150386,0.773453,0.893870,0.007895,0.017480,0.155708,0.434606,0.578938,0.029369,0.199340,0.243784,0.286068,0.242301,0.199306,0.054914,0.186098,0.138387,0.220032,0.093260,0.008055,0.008027,0.215763,0.215442,0.043113,0.064037,0.280605,0.299598,0.028596,0.356809,0.390736,0.007816,0.007225,0.013423
ec2-c6i,Base_Seq,default,0.062729,0.062702,0.096041,0.110714,0.124224,0.167179,0.357310,0.357368,0.188638,0.117602,0.133975,0.014925,0.014727,0.003650,0.007213,0.035961,0.216104,0.145764,0.251954,0.028598,0.253254,0.251416,0.186134,0.201891,0.312015,0.036890,0.246895,0.648532,1.050778,0.093477,0.029568,0.141054,0.727656,0.882484,0.007717,0.016840,0.154029,0.409517,0.559362,0.029029,0.187226,0.227333,0.285841,0.227268,0.187141,0.054885,0.186107,0.136548,0.210494,0.093257,0.007652,0.007626,0.215324,0.215105,0.043163,0.064081,0.261369,0.299573,0.028590,0.356781,0.390483,0.007770,0.006795,0.012619
ec2-c6i,Base_Seq,default,0.062741,0.062716,0.095997,0.110101,0.123991,0.167342,0.357547,0.357358,0.189438,0.117518,0.134008,0.014927,0.014728,0.003644,0.007230,0.035728,0.215360,0.146544,0.251888,0.028585,0.253241,0.251339,0.186276,0.203330,0.317881,0.036881,0.246897,0.648605,1.050878,0.093440,0.029469,0.141101,0.729086,0.882217,0.007717,0.016800,0.154031,0.409599,0.559909,0.029033,0.187223,0.227323,0.285845,0.227260,0.187158,0.055790,0.186101,0.137854,0.213630,0.093254,0.007645,0.007662,0.215351,0.215140,0.043277,0.064002,0.261293,0.299613,0.028600,0.356356,0.390279,0.007606,0.006795,0.012618
ec2-c6i,Base_Seq,default,0.062723,0.062690,0.095921,0.110328,0.123567,0.167204,0.357312,0.357339,0.188332,0.117440,0.133984,0.014924,0.014731,0.003536,0.007231,0.035923,0.215621,0.145998,0.251967,0.028585,0.253347,0.251824,0.186140,0.202534,0.318508,0.036915,0.246924,0.648433,1.050642,0.093411,0.029594,0.143641,0.727521,0.882739,0.007709,0.016793,0.156714,0.409541,0.559284,0.029033,0.187237,0.227389,0.285887,0.227298,0.187183,0.055070,0.186091,0.136919,0.211369,0.093263,0.007643,0.007652,0.215443,0.215256,0.043176,0.064015,0.261148,0.299584,0.028585,0.356871,0.390180,0.007172,0.006798,0.012622
ec2-c6i,Base_Seq,default,0.062756,0.062740,0.096081,0.110371,0.123833,0.167230,0.357325,0.357335,0.190074,0.117652,0.134003,0.014926,0.016082,0.003649,0.007300,0.036250,0.215805,0.146097,0.252019,0.028584,0.253391,0.251792,0.206896,0.201426,0.317442,0.036907,0.246951,0.648688,1.051235,0.093431,0.029459,0.141913,0.727467,0.882100,0.007712,0.017020,0.155407,0.409773,0.559745,0.029026,0.187207,0.229155,0.285854,0.227556,0.187158,0.054530,0.186095,0.137232,0.210655,0.093251,0.007657,0.007663,0.215576,0.215352,0.042718,0.064090,0.262840,0.299540,0.028617,0.356963,0.390752,0.007294,0.006796,0.012624
ec2-c6i,Base_Seq,default,0.062719,0.062684,0.096301,0.110122,0.123527,0.167059,0.357314,0.357368,0.188890,0.117469,0.133981,0.014924,0.014726,0.003612,0.007227,0.035762,0.215298,0.145693,0.252013,0.028584,0.253334,0.252016,0.186143,0.201340,0.318249,0.036977,0.246879,0.648522,1.050877,0.093425,0.029596,0.141463,0.727640,0.882737,0.007708,0.016807,0.154100,0.409712,0.559312,0.029032,0.187203,0.227358,0.285848,0.227286,0.187118,0.054164,0.186123,0.135369,0.211154,0.093263,0.007644,0.007578,0.215293,0.215096,0.042792,0.064049,0.261111,0.299574,0.028585,0.356707,0.389918,0.007635,0.006796,0.012616
mammoth,Base_Seq,default,0.029074,0.030136,0.086246,0.135023,0.132731,0.152080,0.263538,0.293937,0.074202,0.095478,0.083041,0.019317,0.020490,0.001038,0.004337,0.053138,0.215732,0.105509,0.121781,0.017993,0.120990,0.189441,0.115243,0.238755,0.296689,0.030086,0.165884,0.659299,1.051365,0.109173,0.023146,0.109827,0.349172,0.857946,0.005576,0.011546,0.115564,0.217710,0.419000,0.028727,0.122832,0.098953,0.122360,0.113218,0.123850,0.055484,0.201804,0.267312,0.526216,0.063595,0.004895,0.005035,0.229788,0.228755,0.032344,0.079318,0.327935,0.265208,0.024366,0.420322,0.469941,0.002887,0.003323,0.005955
mammoth,Base_Seq,default,0.027600,0.028703,0.086620,0.136448,0.133093,0.142585,0.264577,0.295312,0.074036,0.090499,0.083508,0.019527,0.019663,0.002004,0.003644,0.053026,0.210729,0.091318,0.118751,0.018042,0.113574,0.181361,0.107388,0.219295,0.294311,0.029594,0.167856,0.655729,1.044218,0.106662,0.023370,0.091282,0.346072,0.849598,0.005675,0.011118,0.114841,0.214904,0.420061,0.028371,0.126208,0.099061,0.122928,0.101219,0.127897,0.048720,0.197617,0.232959,0.469382,0.063079,0.004812,0.004849,0.229082,0.229361,0.032011,0.078292,0.236769,0.262087,0.024025,0.421815,0.465232,0.002936,0.003443,0.005764
mammoth,Base_Seq,default,0.027945,0.028917,0.086149,0.136942,0.132613,0.147050,0.266117,0.297275,0.075250,0.092257,0.083506,0.019439,0.020649,0.001079,0.004378,0.053233,0.206966,0.108054,0.118649,0.018135,0.116971,0.189170,0.108310,0.230440,0.304238,0.029716,0.166871,0.656634,1.056230,0.123293,0.023814,0.108121,0.348270,0.861618,0.006892,0.012796,0.118851,0.235412,0.447688,0.029078,0.144604,0.105766,0.130545,0.107708,0.148636,0.062631,0.199152,0.294035,0.517737,0.063654,0.006494,0.005163,0.231340,0.229847,0.032711,0.079612,0.302801,0.266282,0.024244,0.424195,0.471877,0.002929,0.003415,0.005714
mammoth,Base_Seq,default,0.027194,0.027852,0.091546,0.136264,0.132392,0.149522,0.265547,0.293385,0.073726,0.093692,0.083671,0.019511,0.019725,0.001975,0.003777,0.053217,0.214016,0.091959,0.113960,0.017739,0.111449,0.183956,0.088192,0.219133,0.308214,0.030087,0.178329,0.656555,1.043542,0.106054,0.023279,0.106325,0.343422,0.854483,0.005776,0.010932,0.114041,0.202497,0.427535,0.028315,0.078664,0.096343,0.120611,0.096270,0.078469,0.043694,0.197421,0.241282,0.474180,0.062616,0.004861,0.004734,0.228608,0.228747,0.032165,0.080668,0.249034,0.262523,0.024184,0.422219,0.464909,0.002872,0.003468,0.005616
mammoth,Base_Seq,default,0.027246,0.028246,0.086997,0.135679,0.133166,0.140890,0.262418,0.293832,0.073577,0.087134,0.083494,0.019511,0.019684,0.001036,0.003543,0.053122,0.209842,0.090886,0.116382,0.017820,0.111987,0.170269,0.107231,0.218376,0.293270,0.029875,0.157320,0.652768,1.049503,0.106589,0.023371,0.087765,0.346617,0.852571,0.005763,0.011017,0.116053,0.208092,0.422662,0.028536,0.101735,0.099202,0.122212,0.101183,0.102358,0.047249,0.198173,0.211575,0.452288,0.063204,0.004744,0.004822,0.228857,0.229184,0.031412,0.077867,0.211829,0.261593,0.024215,0.420963,0.466417,0.002945,0.003438,0.005787
mammoth,Base_Seq,default,0.027872,0.028713,0.093785,0.135730,0.132828,0.149121,0.264378,0.294610,0.073812,0.097731,0.083615,0.019497,0.019766,0.001051,0.003763,0.053008,0.214330,0.111989,0.114521,0.018011,0.112438,0.196372,0.143481,0.242039,0.299927,0.030822,0.183368,0.655540,1.050226,0.110040,0.023332,0.097926,0.373442,0.859921,0.005672,0.011257,0.115207,0.203702,0.429634,0.028703,0.182362,0.111211,0.134913,0.109713,0.177269,0.056557,0.200228,0.267435,0.525876,0.063473,0.004872,0.004835,0.229821,0.229636,0.032102,0.078930,0.308948,0.264696,0.023981,0.422087,0.466003,0.002885,0.003353,0.005660
mammoth,Base_Seq,default,0.027493,0.028402,0.086085,0.136338,0.133261,0.141373,0.265454,0.296262,0.073925,0.090958,0.083866,0.019617,0.019565,0.001016,0.003421,0.052451,0.236864,0.094566,0.118136,0.018006,0.111643,0.175511,0.100437,0.216336,0.293478,0.029796,0.167026,0.655153,1.052000,0.106228,0.023168,0.082247,0.346478,0.850621,0.005772,0.011212,0.114909,0.214003,0.420817,0.028405,0.103371,0.098119,0.121284,0.100102,0.104205,0.046637,0.197633,0.208249,0.451284,0.063008,0.004911,0.004813,0.228637,0.228882,0.031972,0.078264,0.218768,0.263284,0.024165,0.421091,0.464526,0.002964,0.003465,0.005784
mammoth,Base_Seq,default,0.026988,0.027742,0.090418,0.134854,0.131470,0.156893,0.265297,0.294194,0.074460,0.092999,0.083864,0.019392,0.020587,0.001046,0.004188,0.053238,0.215834,0.107501,0.115147,0.017902,0.113535,0.190645,0.100912,0.239959,0.300326,0.030959,0.173887,0.656086,1.048949,0.110479,0.023780,0.095220,0.348514,0.860353,0.005641,0.011178,0.114849,0.204677,0.530435,0.028392,0.137504,0.098202,0.122229,0.113383,0.144210,0.060536,0.201366,0.308263,0.538782,0.062880,0.007366,0.007528,0.229488,0.229037,0.032151,0.080019,0.315032,0.265948,0.024238,0.421654,0.467341,0.002892,0.003433,0.005648
mammoth,Base_Seq,default,0.026939,0.028026,0.090074,0.135588,0.132532,0.142075,0.261463,0.293081,0.073058,0.090184,0.083651,0.019373,0.019538,0.001028,0.004846,0.052550,0.215118,0.100923,0.117555,0.018079,0.113060,0.184980,0.108553,0.219145,0.312212,0.029930,0.183354,0.658311,1.050540,0.106756,0.023354,0.086070,0.345652,0.857484,0.005676,0.011024,0.114224,0.202070,0.426709,0.028691,0.127455,0.097970,0.120822,0.098570,0.127488,0.048104,0.196914,0.241083,0.452878,0.062472,0.004815,0.004788,0.229306,0.229486,0.032199,0.078259,0.235221,0.261910,0.024091,0.420958,0.466434,0.002915,0.003320,0.005741
mammoth,Base_Seq,default,0.028076,0.029537,0.084542,0.135738,0.132054,0.146246,0.262718,0.294269,0.075722,0.092335,0.082651,0.019529,0.020116,0.001028,0.004320,0.053355,0.210267,0.102164,0.123973,0.018231,0.133553,0.191747,0.115880,0.233043,0.296072,0.029232,0.172157,0.656544,1.056013,0.123645,0.023527,0.101886,0.373407,0.858002,0.006806,0.012848,0.118482,0.215118,0.415011,0.029015,0.112186,0.111561,0.133877,0.110294,0.113125,0.062692,0.194653,0.279878,0.491854,0.063086,0.006737,0.006962,0.230408,0.228617,0.032204,0.079430,0.305193,0.264699,0.024009,0.419831,0.467285,0.002905,0.003426,0.005811
mammoth,Base_Seq,default,0.027085,0.027847,0.091941,0.135671,0.132709,0.156841,0.264951,0.294623,0.073646,0.096409,0.083257,0.019392,0.019860,0.003571,0.003633,0.053021,0.215145,0.095813,0.115696,0.018020,0.113168,0.191899,0.113159,0.224026,0.301835,0.029859,0.184331,0.654870,1.291738,0.106274,0.023569,0.089043,0.345121,0.856233,0.005570,0.010916,0.114678,0.202218,0.426010,0.028585,0.140051,0.096207,0.120336,0.096777,0.140105,0.051071,0.197650,0.275037,0.474974,0.062437,0.004887,0.004848,0.228252,0.228628,0.032209,0.078571,0.253369,0.262138,0.023991,0.421891,0.465610,0.002884,0.003395,0.005659
mammoth,Base_Seq,default,0.027475,0.028186,0.091878,0.135185,0.133146,0.140824,0.263146,0.293940,0.073960,0.088584,0.083956,0.019551,0.019774,0.001032,0.003598,0.052848,0.212160,0.086919,0.119648,0.017974,0.112287,0.184767,0.103603,0.217881,0.308101,0.029540,0.182760,0.658075,1.052689,0.105989,0.023682,0.083990,0.380068,0.856863,0.006054,0.011140,0.114364,0.202586,0.428478,0.028760,0.108179,0.098703,0.120077,0.100167,0.111744,0.047283,0.198007,0.215072,0.439177,0.062462,0.004787,0.004760,0.228617,0.230248,0.032239,0.077995,0.220638,0.262226,0.024175,0.421307,0.465714,0.002943,0.003387,0.005643
mammoth,Base_Seq,default,0.026768,0.027693,0.092856,0.136011,0.132296,0.162899,0.265205,0.295354,0.074642,0.099641,0.084239,0.019337,0.019664,0.001053,0.003737,0.052787,0.216736,0.112347,0.114963,0.017944,0.113553,0.203413,0.122949,0.238330,0.302016,0.030793,0.193764,0.657450,1.047166,0.111600,0.023543,0.113072,0.344287,0.853584,0.005758,0.011034,0.115119,0.202759,0.427581,0.028435,0.145822,0.096201,0.121804,0.097856,0.147132,0.057716,0.200458,0.323301,0.539477,0.063109,0.006281,0.004999,0.228416,0.228814,0.032489,0.079981,0.299781,0.264998,0.023978,0.420820,0.466617,0.002897,0.003503,0.005488
mammoth,Base_Seq,default,0.027359,0.028415,0.090474,0.136335,0.133114,0.142379,0.265339,0.293696,0.073484,0.090376,0.083666,0.019531,0.019555,0.001019,0.003639,0.052456,0.216239,0.093709,0.118457,0.017919,0.112421,0.177865,0.095040,0.217845,0.299581,0.029188,0.181239,0.658854,1.066063,0.105931,0.023052,0.086045,0.465047,0.857746,0.005732,0.011108,0.115045,0.202541,0.426936,0.028302,0.084063,0.098716,0.121059,0.099591,0.082905,0.046135,0.196921,0.217786,0.450448,0.062660,0.004829,0.004990,0.228768,0.229774,0.032092,0.078521,0.217169,0.261849,0.023893,0.421573,0.465782,0.002888,0.003276,0.005832
mammoth,Base_Seq,default,0.026841,0.027875,0.092441,0.136266,0.132075,0.162026,0.263308,0.293811,0.074623,0.100403,0.083674,0.019529,0.020510,0.001064,0.004190,0.053265,0.210617,0.109913,0.115379,0.017938,0.113407,0.197045,0.094640,0.237317,0.302289,0.030710,0.186073,0.656408,1.048010,0.110172,0.023891,0.117608,0.346388,0.860282,0.005611,0.011481,0.115456,0.202943,0.427270,0.028522,0.156438,0.097713,0.121949,0.110254,0.153459,0.054522,0.200084,0.297154,0.515645,0.063403,0.005402,0.005451,0.229222,0.229464,0.032247,0.079510,0.320147,0.264902,0.024131,0.420136,0.466696,0.002893,0.003540,0.005706
mammoth,Base_Seq,default,0.027722,0.028283,0.091082,0.135836,0.132372,0.143435,0.265477,0.294196,0.073780,0.088543,0.083529,0.019456,0.019757,0.001032,0.003442,0.052690,0.207836,0.093559,0.117501,0.017909,0.113089,0.186663,0.091394,0.220067,0.313876,0.030195,0.187266,0.656022,1.051401,0.106226,0.023156,0.100286,0.347166,0.858219,0.005696,0.011032,0.113955,0.201851,0.428094,0.028804,0.130277,0.101305,0.123866,0.101376,0.124746,0.048219,0.197808,0.241534,0.454471,0.062656,0.004839,0.004861,0.228586,0.228572,0.032080,0.078394,0.242573,0.262643,0.024114,0.421930,0.464034,0.002925,0.003234,0.005741
mammoth,Base_Seq,default,0.027173,0.027856,0.092825,0.136590,0.132582,0.153921,0.263935,0.293942,0.075377,0.093486,0.083037,0.019572,0.020836,0.001034,0.004363,0.053457,0.211143,0.110211,0.118820,0.017942,0.124571,0.195787,0.115998,0.232359,0.299016,0.028823,0.175853,0.657876,1.057078,0.123683,0.023172,0.101772,0.350256,0.860984,0.006954,0.012655,0.119568,0.203683,0.423059,0.028934,0.117469,0.098635,0.121758,0.204506,0.118313,0.061606,0.194494,0.286720,0.514202,0.063033,0.004930,0.005052,0.230635,0.229195,0.032596,0.080437,0.307984,0.265701,0.024169,0.421114,0.466688,0.002866,0.003412,0.005843
mammoth,Base_Seq,default,0.026719,0.027726,0.092054,0.136020,0.132005,0.157505,0.263162,0.293519,0.073107,0.096785,0.083772,0.019218,0.019717,0.004688,0.003710,0.053171,0.214754,0.098790,0.114794,0.017878,0.112949,0.181062,0.092675,0.221661,0.303291,0.029434,0.185239,0.656568,1.049309,0.106465,0.023198,0.074522,0.344873,0.853746,0.005658,0.010953,0.113882,0.201517,0.427140,0.028518,0.070287,0.096274,0.121353,0.096804,0.069537,0.045171,0.197391,0.279941,0.480830,0.062129,0.005557,0.005490,0.229410,0.229652,0.031943,0.077822,0.240494,0.262458,0.024003,0.419815,0.464660,0.002906,0.003331,0.005688
mammoth,Base_Seq,default,0.027269,0.028674,0.090537,0.136405,0.133779,0.150604,0.262737,0.293556,0.073737,0.095568,0.083558,0.019458,0.019587,0.001029,0.003658,0.052749,0.207241,0.090980,0.120363,0.017744,0.113321,0.188962,0.091034,0.217527,0.297527,0.030147,0.186512,0.658676,1.053582,0.106294,0.023900,0.085556,0.348278,0.858528,0.005811,0.011088,0.114363,0.202842,0.428864,0.028633,0.106436,0.098803,0.120293,0.099785,0.108037,0.046077,0.197997,0.215640,0.449912,0.062771,0.004812,0.004881,0.228560,0.230166,0.032272,0.077966,0.226677,0.262773,0.024279,0.420939,0.465138,0.002860,0.003202,0.005737
mammoth,Base_Seq,default,0.027478,0.027937,0.096255,0.136706,0.132544,0.166274,0.263444,0.293836,0.074165,0.103475,0.083200,0.019426,0.019873,0.001079,0.003707,0.052812,0.208318,0.108033,0.115409,0.017889,0.111850,0.196712,0.100969,0.242475,0.307039,0.030765,0.182433,0.656768,1.046643,0.110020,0.023767,0.103447,0.346585,0.860770,0.005608,0.011196,0.115064,0.201747,0.428159,0.028534,0.071317,0.097410,0.121392,0.098603,0.070697,0.056586,0.200890,0.320830,0.545847,0.062978,0.004818,0.004885,0.228131,0.228956,0.032167,0.079018,0.318876,0.265096,0.024066,0.418456,0.466233,0.002952,0.003405,0.005758
mammoth,Base_Seq,default,0.027117,0.027865,0.090630,0.136167,0.132623,0.147816,0.262896,0.293703,0.073811,0.094288,0.083096,0.019589,0.019597,0.001012,0.003610,0.052640,0.239010,0.088786,0.118126,0.017817,0.115219,0.177514,0.104637,0.217414,0.300771,0.029361,0.182074,0.656174,1.052090,0.106316,0.023171,0.086115,0.346887,0.857910,0.005874,0.011043,0.114591,0.202961,0.426845,0.028825,0.093803,0.096522,0.121188,0.098787,0.093370,0.046623,0.188209,0.220816,0.440007,0.062353,0.004733,0.004835,0.228417,0.229366,0.031906,0.078114,0.224853,0.261518,0.024395,0.421182,0.465530,0.002882,0.003379,0.005682
poodle,Base_Seq,default,0.075109,0.075080,0.104917,0.127452,0.033930,0.166926,0.170599,0.170548,0.065376,0.117256,0.081879,0.008366,0.008473,0.001028,0.006044,0.020966,0.254279,0.128253,0.267863,0.033479,0.266954,0.251817,0.194228,0.209384,0.331679,0.017718,0.256101,0.701393,1.127508,0.102802,0.022255,0.166903,0.792048,0.961030,0.006592,0.014340,0.133384,0.419152,0.581040,0.021911,0.187315,0.231228,0.233696,0.230801,0.187204,0.044222,0.136808,0.125895,0.392702,0.072312,0.007075,0.006965,0.198778,0.198537,0.028811,0.075428,0.265809,0.209226,0.016746,0.397399,0.439031,0.002878,0.006850,0.012994
poodle,Base_Seq,default,0.075076,0.075018,0.104915,0.127512,0.032871,0.167468,0.169415,0.169188,0.060665,0.117369,0.076542,0.008363,0.008375,0.001019,0.006027,0.021039,0.254626,0.128960,0.268417,0.033480,0.268912,0.252090,0.194364,0.208812,0.336638,0.017648,0.255840,0.701000,1.123668,0.102800,0.022307,0.157858,0.793662,0.960958,0.006623,0.014860,0.131500,0.419313,0.576652,0.021791,0.187203,0.231241,0.233784,0.230886,0.187058,0.044006,0.135219,0.127889,0.392174,0.072185,0.007021,0.006986,0.199008,0.198492,0.028986,0.075492,0.267208,0.206233,0.016745,0.396955,0.439660,0.002871,0.006836,0.013030
poodle,Base_Seq,default,0.076424,0.076394,0.104916,0.127592,0.035981,0.171357,0.171723,0.171467,0.064153,0.120464,0.083590,0.008365,0.008472,0.001151,0.006211,0.020967,0.254488,0.131291,0.273417,0.033479,0.275495,0.256152,0.197637,0.225132,0.338129,0.017879,0.261122,0.709620,1.136673,0.102759,0.022754,0.167884,0.806288,0.969235,0.006335,0.014666,0.131738,0.437223,0.583929,0.022309,0.190341,0.234460,0.237700,0.233888,0.190269,0.045734,0.136897,0.125527,0.402462,0.072235,0.007080,0.007055,0.198696,0.198469,0.028922,0.075276,0.271367,0.208590,0.016755,0.397357,0.439243,0.002905,0.006916,0.013144
poodle,Base_Seq,default,0.075085,0.075050,0.104877,0.127452,0.034012,0.167933,0.171041,0.170794,0.062177,0.117982,0.081819,0.008361,0.008378,0.001042,0.006027,0.020923,0.254519,0.128247,0.265255,0.033475,0.268234,0.252194,0.194252,0.206852,0.331170,0.017751,0.256206,0.700697,1.122554,0.102856,0.022254,0.165494,0.796063,0.960586,0.006600,0.014386,0.133521,0.418901,0.581581,0.021744,0.187175,0.231286,0.233665,0.231007,0.187145,0.043882,0.134644,0.126686,0.398112,0.072117,0.006973,0.006900,0.198971,0.198413,0.028844,0.075578,0.266295,0.205699,0.016741,0.397295,0.438143,0.002876,0.006840,0.012973
poodle,Base_Seq,default,0.075050,0.075053,0.104861,0.127291,0.031712,0.167014,0.169945,0.169781,0.058066,0.117288,0.072752,0.008377,0.008365,0.001006,0.006020,0.021541,0.255004,0.128164,0.264365,0.033476,0.268275,0.251972,0.194291,0.232947,0.331505,0.017703,0.256303,0.700391,1.121210,0.102884,0.022277,0.147799,0.797007,0.961485,0.006584,0.014851,0.130869,0.418819,0.583752,0.021702,0.187214,0.231252,0.233602,0.230922,0.187098,0.043876,0.135190,0.127060,0.399029,0.072152,0.006950,0.006908,0.198909,0.198416,0.028818,0.075302,0.266341,0.206044,0.016745,0.397038,0.437992,0.002878,0.006826,0.014313
poodle,Base_Seq,default,0.075091,0.075045,0.104918,0.127277,0.034059,0.166366,0.169064,0.168872,0.063464,0.117250,0.081875,0.008371,0.008383,0.001130,0.006032,0.020916,0.254500,0.128228,0.268391,0.033477,0.268699,0.252149,0.194153,0.210437,0.332561,0.017749,0.256351,0.702337,1.122727,0.102685,0.022319,0.166713,0.794680,0.961358,0.006631,0.014398,0.133123,0.419172,0.577934,0.021906,0.187226,0.231312,0.233764,0.230913,0.187082,0.044194,0.136792,0.125756,0.392582,0.072129,0.007024,0.006908,0.198615,0.198367,0.029002,0.074881,0.266362,0.208853,0.016744,0.396879,0.438380,0.002870,0.006836,0.012963
poodle,Base_Seq,default,0.075096,0.075063,0.104913,0.127283,0.031608,0.167211,0.170128,0.169888,0.058278,0.117644,0.073250,0.008366,0.008381,0.001017,0.006029,0.021612,0.254864,0.128679,0.268464,0.033489,0.268589,0.251688,0.194150,0.224151,0.336762,0.017702,0.256179,0.702151,1.124962,0.102670,0.022349,0.149705,0.794831,0.961656,0.006633,0.014867,0.141965,0.419397,0.577693,0.021980,0.187190,0.231347,0.233747,0.230932,0.187048,0.044179,0.136885,0.128343,0.392389,0.072237,0.007078,0.006943,0.198633,0.198436,0.028793,0.075414,0.266705,0.208891,0.016756,0.397100,0.437902,0.002875,0.006847,0.013040
poodle,Base_Seq,default,0.075127,0.075081,0.104921,0.127432,0.033727,0.167363,0.170170,0.170091,0.064996,0.118436,0.082681,0.008406,0.008432,0.001097,0.006052,0.020972,0.254178,0.128513,0.267954,0.033485,0.269746,0.251933,0.194527,0.211507,0.340683,0.018091,0.256893,0.705048,1.128592,0.102901,0.022330,0.167048,0.785582,0.962678,0.006613,0.014459,0.133415,0.419594,0.570027,0.022018,0.187521,0.231358,0.234220,0.230871,0.187108,0.044325,0.136930,0.128597,0.391291,0.072298,0.007082,0.006989,0.198730,0.198577,0.028847,0.075531,0.266742,0.208710,0.016751,0.397349,0.438217,0.002851,0.006797,0.012991
poodle,Base_Seq,default,0.075254,0.075073,0.104975,0.127369,0.032740,0.167389,0.170770,0.170471,0.060662,0.117901,0.076552,0.008371,0.008369,0.001029,0.006068,0.021717,0.253144,0.128539,0.268851,0.033483,0.269001,0.251856,0.194544,0.208921,0.339985,0.018296,0.257148,0.702445,1.122727,0.102857,0.022304,0.157947,0.793826,0.962777,0.006298,0.014478,0.131534,0.419623,0.577291,0.021877,0.187500,0.231278,0.233870,0.231012,0.187182,0.044027,0.135201,0.131381,0.392461,0.072167,0.007011,0.006973,0.198981,0.198520,0.028944,0.075328,0.267048,0.206164,0.016750,0.396973,0.438110,0.002854,0.006805,0.013130
poodle,Base_Seq,default,0.076587,0.076408,0.104952,0.127400,0.036010,0.172200,0.171805,0.171519,0.066745,0.120723,0.083801,0.008369,0.008509,0.001063,0.006246,0.020959,0.252815,0.131128,0.273851,0.033492,0.275302,0.256334,0.198051,0.227502,0.346408,0.018419,0.261920,0.709079,1.134171,0.102822,0.022723,0.167904,0.806114,0.969205,0.006376,0.014791,0.131765,0.438146,0.577747,0.022511,0.190727,0.234607,0.238104,0.234017,0.190445,0.045825,0.136844,0.128615,0.402008,0.072209,0.007000,0.006957,0.198636,0.198543,0.028934,0.075068,0.271521,0.208717,0.016760,0.397223,0.439193,0.002894,0.006895,0.013207
poodle,Base_Seq,default,0.075032,0.075018,0.104902,0.127287,0.034111,0.168716,0.171072,0.170876,0.064333,0.118009,0.082505,0.008385,0.008381,0.001058,0.006043,0.020914,0.253856,0.128618,0.268632,0.033482,0.269147,0.252953,0.194473,0.208864,0.339719,0.018267,0.257347,0.703056,1.127856,0.102888,0.022357,0.165613,0.793203,0.962752,0.006670,0.014465,0.133601,0.419601,0.577710,0.021800,0.187429,0.231297,0.233885,0.230991,0.187054,0.043858,0.135178,0.129836,0.391586,0.072137,0.006976,0.006953,0.198929,0.198473,0.028920,0.075540,0.267106,0.206098,0.016749,0.396979,0.438264,0.002873,0.006835,0.012980
poodle,Base_Seq,default,0.075264,0.075082,0.104886,0.127602,0.031869,0.169335,0.170494,0.170148,0.059824,0.118546,0.072867,0.008365,0.008392,0.001012,0.006046,0.021550,0.252143,0.128505,0.268070,0.033483,0.268159,0.251722,0.194588,0.234460,0.334775,0.018002,0.257029,0.702701,1.127183,0.102855,0.022200,0.147655,0.796069,0.962028,0.006356,0.014938,0.131169,0.419611,0.582166,0.021975,0.187593,0.231368,0.233735,0.231060,0.187349,0.043899,0.135214,0.130345,0.391236,0.071933,0.007011,0.007016,0.199012,0.198465,0.028762,0.075673,0.265448,0.206080,0.016747,0.397525,0.438707,0.002896,0.006856,0.014796
poodle,Base_Seq,default,0.074981,0.075086,0.104887,0.127553,0.033681,0.169168,0.169932,0.169692,0.065101,0.118119,0.082349,0.008394,0.008380,0.001029,0.006044,0.020915,0.254979,0.128951,0.268553,0.033483,0.269241,0.252460,0.194262,0.210920,0.337956,0.017995,0.256795,0.703039,1.127863,0.102951,0.022234,0.166803,0.793603,0.961928,0.006607,0.014431,0.133086,0.419669,0.577732,0.021754,0.187785,0.231319,0.233885,0.230953,0.187323,0.043974,0.135224,0.128520,0.391778,0.072192,0.007067,0.006925,0.198984,0.198482,0.028643,0.075694,0.266963,0.206132,0.016751,0.397128,0.439230,0.002877,0.006834,0.012962
poodle,Base_Seq,default,0.075254,0.075091,0.104929,0.127544,0.032112,0.168168,0.170302,0.169984,0.060010,0.118776,0.073704,0.008379,0.008392,0.001000,0.006033,0.021608,0.252120,0.128326,0.268212,0.033485,0.267826,0.251978,0.194753,0.222905,0.340692,0.018238,0.257018,0.701959,1.124344,0.102857,0.022265,0.149786,0.795850,0.962880,0.006309,0.014472,0.130842,0.419630,0.582438,0.021895,0.187351,0.231241,0.233682,0.231005,0.187169,0.043845,0.135179,0.130642,0.390705,0.072167,0.006998,0.006964,0.198856,0.198469,0.028630,0.075343,0.266875,0.206162,0.016752,0.397451,0.438091,0.002868,0.006829,0.014742
poodle,Base_Seq,default,0.075084,0.075088,0.104911,0.127533,0.034169,0.167986,0.170711,0.170653,0.065569,0.117205,0.082278,0.008360,0.008451,0.001059,0.006041,0.020966,0.254792,0.128063,0.267871,0.033485,0.269829,0.251699,0.194308,0.212597,0.335855,0.017785,0.256319,0.704133,1.125259,0.102798,0.022405,0.167038,0.777242,0.962940,0.006662,0.014381,0.133523,0.419604,0.568740,0.022084,0.187248,0.231340,0.234206,0.230891,0.187093,0.044326,0.136900,0.127450,0.391944,0.072236,0.007065,0.006961,0.198681,0.198599,0.028823,0.075374,0.266022,0.209357,0.016745,0.397633,0.438647,0.002864,0.006827,0.012968
poodle,Base_Seq,default,0.075167,0.075047,0.104886,0.127723,0.032715,0.168277,0.168928,0.168614,0.060502,0.118548,0.076988,0.008382,0.008440,0.001044,0.006036,0.021709,0.253054,0.128860,0.268717,0.033488,0.268952,0.251694,0.194586,0.209082,0.341092,0.018265,0.256984,0.703073,1.124440,0.102826,0.022332,0.157933,0.793991,0.962068,0.006328,0.014470,0.131528,0.419634,0.576893,0.022031,0.187983,0.231320,0.233834,0.230887,0.187414,0.044069,0.135194,0.131110,0.391381,0.071941,0.007099,0.007038,0.198936,0.198471,0.028982,0.075287,0.266357,0.206127,0.016746,0.396991,0.438368,0.002858,0.006812,0.012994
poodle,Base_Seq,default,0.076556,0.076430,0.104905,0.127632,0.035973,0.171269,0.172570,0.172316,0.064415,0.120582,0.083791,0.008370,0.008438,0.001131,0.006227,0.020959,0.252728,0.131402,0.273827,0.033483,0.275516,0.256124,0.198187,0.225916,0.345238,0.018352,0.262241,0.711247,1.139392,0.102797,0.022788,0.168438,0.806821,0.969491,0.006409,0.014775,0.131693,0.436378,0.584552,0.022473,0.190904,0.234549,0.237688,0.234067,0.190526,0.045808,0.136840,0.128452,0.402035,0.072218,0.007060,0.007003,0.198696,0.198598,0.028894,0.075355,0.272436,0.209245,0.016760,0.397353,0.439666,0.002909,0.006917,0.013161
poodle,Base_Seq,default,0.075090,0.075069,0.104914,0.127441,0.034181,0.167070,0.170315,0.170123,0.066095,0.118315,0.082586,0.008360,0.008380,0.001124,0.006047,0.020909,0.253955,0.128225,0.268616,0.033481,0.269085,0.251654,0.194483,0.208967,0.340548,0.018260,0.256973,0.702257,1.126010,0.102856,0.022334,0.165571,0.794167,0.961815,0.006645,0.014469,0.133606,0.419590,0.577074,0.021828,0.187516,0.231306,0.233856,0.230983,0.187139,0.044010,0.135155,0.129663,0.391905,0.072136,0.007017,0.006960,0.198912,0.198471,0.028912,0.075547,0.266847,0.206057,0.016744,0.397193,0.438051,0.002885,0.006865,0.012969
poodle,Base_Seq,default,0.075270,0.075078,0.104904,0.127254,0.031655,0.166952,0.169302,0.168932,0.059591,0.118258,0.072711,0.008374,0.008371,0.001006,0.006052,0.021536,0.251189,0.128672,0.268659,0.033480,0.269465,0.252337,0.194588,0.239684,0.337634,0.018003,0.256706,0.702988,1.123564,0.102863,0.022246,0.147695,0.793349,0.962373,0.006317,0.014944,0.131103,0.419711,0.577320,0.021964,0.187500,0.231330,0.233923,0.231090,0.187228,0.043822,0.135238,0.130992,0.391317,0.072156,0.006977,0.006939,0.198937,0.198454,0.028743,0.075382,0.266822,0.206113,0.016751,0.397179,0.437629,0.002869,0.006801,0.015096
poodle,Base_Seq,default,0.075124,0.074938,0.104904,0.127351,0.033964,0.169798,0.169979,0.169793,0.064848,0.118642,0.082499,0.008377,0.008379,0.001086,0.006032,0.020923,0.254598,0.128478,0.268529,0.033486,0.269275,0.251721,0.194435,0.211598,0.339915,0.018036,0.256137,0.702350,1.124911,0.102910,0.022195,0.166758,0.793985,0.961866,0.006619,0.014447,0.133178,0.419622,0.577328,0.021727,0.188024,0.231309,0.233875,0.230995,0.187582,0.044019,0.135207,0.128823,0.392038,0.072149,0.007008,0.006946,0.198946,0.198513,0.028687,0.075599,0.266114,0.206088,0.016746,0.397208,0.438069,0.002819,0.006747,0.012981
poodle,Base_Seq,default,0.075242,0.075067,0.104887,0.127573,0.031747,0.168407,0.170611,0.170277,0.060104,0.118167,0.073267,0.008378,0.008369,0.001039,0.006034,0.021610,0.252207,0.128116,0.268785,0.033479,0.268907,0.252445,0.194486,0.225044,0.341643,0.018193,0.256737,0.702292,1.123612,0.102872,0.022351,0.149801,0.793940,0.962063,0.006252,0.014950,0.130815,0.419621,0.577045,0.021983,0.187473,0.231340,0.233875,0.231034,0.187130,0.044028,0.135153,0.130533,0.391860,0.071954,0.007031,0.006984,0.198985,0.198495,0.028685,0.075090,0.266498,0.206138,0.016760,0.396817,0.438361,0.002848,0.006801,0.014792
quartz,Base_Seq,default,0.085566,0.083980,0.221333,0.120643,0.137845,0.238777,0.359571,0.396797,0.125808,0.167453,0.174056,0.018641,0.018735,0.001921,0.006918,0.050691,0.348078,0.144623,0.340403,0.030167,0.342248,0.372472,0.227282,0.280118,0.386999,0.040122,0.283410,1.023491,1.633840,0.106245,0.038113,0.183636,0.965758,1.359350,0.009899,0.014312,0.212527,0.556882,0.747515,0.035892,0.226613,0.300015,0.228324,0.306937,0.223128,0.048981,0.238085,0.163403,0.505880,0.113567,0.010325,0.010378,0.347510,0.362376,0.040292,0.119476,0.317161,0.357744,0.024829,0.374990,0.431256,0.003390,0.011098,0.016771
quartz,Base_Seq,default,0.085318,0.084613,0.224804,0.118248,0.138376,0.237404,0.362820,0.408185,0.126156,0.165760,0.172958,0.018517,0.018805,0.001955,0.006885,0.050480,0.348413,0.145672,0.342743,0.030095,0.343448,0.372408,0.227151,0.289606,0.383036,0.040158,0.282920,1.019889,1.648771,0.105977,0.038019,0.182745,0.972520,1.343934,0.009804,0.014444,0.222036,0.555369,0.738325,0.036190,0.225782,0.298924,0.231347,0.305984,0.226571,0.047636,0.235225,0.164305,0.506998,0.116867,0.010408,0.010518,0.368864,0.361891,0.038763,0.120053,0.315325,0.355865,0.024701,0.375035,0.425618,0.003363,0.010276,0.016590
quartz,Base_Seq,default,0.083237,0.085526,0.228814,0.115569,0.135820,0.234470,0.360710,0.405012,0.122952,0.165887,0.172488,0.018527,0.019459,0.001924,0.006892,0.050393,0.345605,0.143085,0.346285,0.030235,0.342983,0.370948,0.229680,0.296478,0.391057,0.040214,0.283681,1.023334,1.645547,0.107404,0.038423,0.180757,0.967054,1.360297,0.009945,0.014575,0.215248,0.556737,0.745769,0.036098,0.226230,0.297737,0.231237,0.308791,0.224150,0.050522,0.238109,0.163521,0.510246,0.113825,0.010247,0.010470,0.362614,0.358151,0.039321,0.120431,0.318025,0.359849,0.023656,0.368579,0.430349,0.003375,0.010887,0.016609
quartz,Base_Seq,default,0.084839,0.083589,0.227850,0.118221,0.137007,0.234624,0.371853,0.406691,0.126639,0.164993,0.173707,0.018252,0.019228,0.001934,0.007043,0.051536,0.343262,0.145481,0.344498,0.029928,0.343825,0.368679,0.224410,0.291939,0.393475,0.040172,0.282144,1.020060,1.641207,0.106417,0.037843,0.182725,0.968187,1.342810,0.010008,0.014593,0.220650,0.551687,0.746406,0.035370,0.225976,0.297863,0.231406,0.304853,0.222073,0.049340,0.231399,0.164712,0.512819,0.115157,0.010158,0.010312,0.360826,0.362729,0.040003,0.119209,0.311404,0.357481,0.025337,0.374252,0.430504,0.003322,0.010684,0.016692
quartz,Base_Seq,default,0.086216,0.084654,0.230035,0.118016,0.138362,0.237900,0.360422,0.410933,0.128841,0.165252,0.176469,0.018593,0.018802,0.001892,0.006917,0.050226,0.340811,0.145631,0.342990,0.030275,0.344049,0.373392,0.226949,0.285187,0.379610,0.039933,0.281679,1.026551,1.657001,0.107851,0.036848,0.181829,0.966429,1.371786,0.009863,0.014596,0.222044,0.550988,0.755478,0.037492,0.226113,0.299788,0.231657,0.309339,0.226757,0.051696,0.237119,0.162318,0.522197,0.119149,0.010651,0.010427,0.362914,0.371277,0.040201,0.121026,0.321449,0.366337,0.024892,0.378878,0.435564,0.003538,0.011155,0.016925
quartz,Base_Seq,default,0.084907,0.084713,0.230224,0.120204,0.137071,0.239840,0.363055,0.411530,0.126914,0.165794,0.173337,0.018580,0.019469,0.001954,0.006928,0.050947,0.345703,0.146628,0.346412,0.030499,0.340371,0.372225,0.227939,0.294297,0.411220,0.039789,0.280134,1.029887,1.652899,0.107352,0.037214,0.182496,0.966772,1.340676,0.010086,0.014565,0.220489,0.552003,0.745676,0.037074,0.227604,0.298640,0.231474,0.308352,0.226094,0.050253,0.238757,0.162308,0.521114,0.117738,0.010400,0.010688,0.363833,0.364161,0.040506,0.120014,0.318192,0.360310,0.024629,0.379870,0.427807,0.003293,0.010353,0.016461
quartz,Base_Seq,default,0.085269,0.085108,0.224226,0.119332,0.137864,0.236290,0.353120,0.407639,0.126024,0.166303,0.172763,0.018668,0.018963,0.001915,0.006942,0.051060,0.352606,0.143282,0.340848,0.030161,0.341836,0.369482,0.226426,0.293647,0.386658,0.040029,0.282538,1.004371,1.627282,0.106507,0.036739,0.186496,0.965210,1.315794,0.009782,0.014482,0.215873,0.555052,0.731599,0.036577,0.224239,0.298585,0.229925,0.306654,0.224604,0.051231,0.231772,0.164346,0.511334,0.113829,0.010130,0.010014,0.361592,0.360566,0.038250,0.117922,0.311726,0.355459,0.023621,0.372296,0.435299,0.003161,0.010759,0.016487
quartz,Base_Seq,default,0.084271,0.083971,0.228749,0.119447,0.136326,0.236525,0.359527,0.408057,0.128723,0.166146,0.173838,0.018352,0.018932,0.001957,0.006820,0.050453,0.332745,0.145818,0.344925,0.029941,0.343127,0.371785,0.226718,0.295967,0.366882,0.040044,0.282281,1.023631,1.649520,0.107416,0.037759,0.183547,0.970377,1.355982,0.009890,0.014658,0.217685,0.555902,0.749554,0.036050,0.225209,0.297546,0.230177,0.307463,0.225461,0.043863,0.236739,0.163278,0.497178,0.117962,0.010383,0.010329,0.367002,0.366005,0.039104,0.120005,0.317826,0.361611,0.024787,0.375193,0.438660,0.003326,0.011233,0.016715
quartz,Base_Seq,default,0.085560,0.085396,0.229112,0.118501,0.136663,0.236566,0.357491,0.409036,0.125999,0.163813,0.174544,0.018395,0.018674,0.001915,0.007018,0.050725,0.337045,0.145197,0.342478,0.030102,0.344255,0.371448,0.227694,0.288589,0.368285,0.039041,0.280493,1.016377,1.653353,0.106806,0.036624,0.181492,0.965747,1.347570,0.010000,0.014579,0.218753,0.554723,0.747632,0.036714,0.224102,0.297610,0.231946,0.305133,0.224960,0.043952,0.237090,0.164429,0.507044,0.116873,0.010273,0.010285,0.369113,0.364482,0.039814,0.119457,0.316774,0.360154,0.024561,0.376507,0.438022,0.003331,0.010893,0.016991
quartz,Base_Seq,default,0.084525,0.083834,0.229288,0.118819,0.137704,0.237533,0.358585,0.407082,0.126611,0.165476,0.174913,0.018249,0.019468,0.001925,0.006762,0.050741,0.355355,0.146598,0.343450,0.030028,0.342569,0.372462,0.226475,0.293989,0.378438,0.039744,0.282184,1.018959,1.643783,0.106111,0.037886,0.183293,0.969077,1.350875,0.009719,0.014605,0.215667,0.555616,0.748627,0.036465,0.223900,0.296658,0.231973,0.307748,0.225436,0.044302,0.237653,0.165763,0.509646,0.116890,0.010202,0.010256,0.366389,0.365154,0.039835,0.120490,0.316720,0.360687,0.024900,0.374318,0.430565,0.003284,0.010820,0.016199
quartz,Base_Seq,default,0.084650,0.084507,0.229177,0.117887,0.138050,0.236865,0.358710,0.406617,0.125415,0.163335,0.174554,0.018120,0.019228,0.001902,0.006942,0.050957,0.336595,0.146762,0.343039,0.030170,0.344528,0.370548,0.227760,0.292563,0.377126,0.039903,0.280635,1.022344,1.650566,0.106361,0.036813,0.180851,0.967886,1.348705,0.010003,0.014441,0.221111,0.558445,0.748497,0.036670,0.225021,0.294958,0.232274,0.308418,0.223144,0.044652,0.236635,0.164216,0.505984,0.118378,0.010186,0.010427,0.361560,0.364326,0.040157,0.119508,0.315932,0.359392,0.024477,0.376916,0.429976,0.003356,0.010645,0.016687
quartz,Base_Seq,default,0.084507,0.084929,0.228803,0.118976,0.137120,0.237610,0.360862,0.407406,0.128484,0.164344,0.175572,0.018511,0.018750,0.001916,0.006903,0.050752,0.339265,0.146683,0.343806,0.030059,0.344128,0.372289,0.226891,0.285551,0.359502,0.039906,0.281461,1.015004,1.644270,0.107061,0.038134,0.181421,0.969195,1.356950,0.009938,0.014437,0.220913,0.555913,0.751218,0.036149,0.225946,0.298103,0.231932,0.308068,0.225125,0.046272,0.236168,0.164331,0.506371,0.116243,0.010573,0.010439,0.363948,0.363396,0.039528,0.119507,0.317016,0.360345,0.024659,0.373013,0.436073,0.003401,0.011261,0.016104
quartz,Base_Seq,default,0.085190,0.085001,0.231366,0.119596,0.137128,0.236823,0.364020,0.411384,0.126898,0.165507,0.174453,0.018413,0.019330,0.001989,0.006822,0.050098,0.341826,0.146234,0.343420,0.030483,0.343561,0.374824,0.228718,0.293200,0.376232,0.039853,0.282184,1.027116,1.646538,0.107013,0.038236,0.182291,0.976207,1.357240,0.010124,0.014674,0.219886,0.551268,0.756967,0.036735,0.226222,0.296368,0.233527,0.308033,0.225279,0.044536,0.237315,0.165130,0.509330,0.117820,0.010201,0.010231,0.360879,0.364965,0.039457,0.120648,0.316859,0.362753,0.025076,0.376707,0.428879,0.003310,0.010820,0.016517
quartz,Base_Seq,default,0.084891,0.084355,0.227926,0.118962,0.137286,0.236351,0.360570,0.408445,0.126702,0.165500,0.174902,0.018649,0.018824,0.001937,0.006898,0.050544,0.339280,0.146615,0.343317,0.030536,0.343727,0.372036,0.227423,0.291573,0.382187,0.039592,0.281676,1.020726,1.644818,0.107256,0.037455,0.185405,0.972132,1.347281,0.010068,0.014428,0.215723,0.554088,0.750865,0.036307,0.226045,0.297262,0.231488,0.305110,0.224860,0.043916,0.236688,0.164113,0.507175,0.116876,0.010474,0.010473,0.356506,0.364735,0.039541,0.120317,0.317253,0.361160,0.024440,0.374365,0.438096,0.003321,0.011003,0.016707
quartz,Base_Seq,default,0.084260,0.085098,0.224203,0.118755,0.137800,0.234444,0.358602,0.404374,0.127918,0.164486,0.172558,0.018256,0.018594,0.001950,0.006752,0.051407,0.327201,0.144418,0.346741,0.030085,0.340747,0.374292,0.228966,0.290338,0.378037,0.040173,0.283226,1.013973,1.622571,0.108503,0.038621,0.181993,0.972890,1.358920,0.010145,0.014566,0.214268,0.560442,0.751400,0.034643,0.223760,0.297991,0.229575,0.305665,0.227523,0.043958,0.239207,0.165750,0.512025,0.117029,0.010460,0.010296,0.370139,0.361379,0.038296,0.120287,0.311712,0.364026,0.024811,0.368755,0.434686,0.003391,0.010854,0.016149
quartz,Base_Seq,default,0.084787,0.084111,0.229337,0.117624,0.134593,0.237052,0.354472,0.404066,0.124219,0.164446,0.169252,0.018566,0.018557,0.001969,0.006858,0.050708,0.329313,0.145182,0.340710,0.029658,0.340132,0.370446,0.223177,0.288991,0.346491,0.039891,0.279223,1.015070,1.635628,0.107779,0.036348,0.184002,0.967862,1.340871,0.010002,0.014546,0.219405,0.551608,0.743859,0.034965,0.220752,0.296463,0.230863,0.304977,0.223311,0.043261,0.234653,0.163291,0.517213,0.115155,0.010409,0.010056,0.369277,0.361294,0.040121,0.116240,0.317456,0.354706,0.024391,0.369079,0.434801,0.003118,0.010807,0.016564
quartz,Base_Seq,default,0.084937,0.083105,0.226245,0.118320,0.137623,0.234848,0.353270,0.407846,0.127385,0.163259,0.172135,0.018479,0.019100,0.001929,0.006980,0.048830,0.347582,0.145373,0.342724,0.029893,0.339209,0.368073,0.225448,0.295027,0.363374,0.039868,0.279480,1.004706,1.625199,0.105240,0.038034,0.182169,0.961079,1.344561,0.009888,0.014596,0.213546,0.552199,0.742979,0.036298,0.222286,0.296655,0.228881,0.303671,0.223385,0.044242,0.236497,0.165496,0.510107,0.115873,0.009904,0.009981,0.353317,0.354985,0.040375,0.119995,0.316633,0.351685,0.024855,0.373067,0.428192,0.003298,0.010698,0.015910
quartz,Base_Seq,default,0.082149,0.083248,0.224125,0.115579,0.137974,0.231329,0.359745,0.402847,0.125113,0.162572,0.172830,0.018270,0.019245,0.001871,0.006789,0.050860,0.329951,0.145468,0.342833,0.030206,0.339656,0.368839,0.226567,0.294319,0.374484,0.038595,0.279751,1.007809,1.627819,0.106050,0.038095,0.182061,0.965734,1.341549,0.009831,0.014591,0.219137,0.547199,0.737260,0.035915,0.222371,0.293837,0.231910,0.305676,0.223593,0.044749,0.236275,0.163745,0.508083,0.116113,0.010452,0.010506,0.359963,0.359745,0.040113,0.119174,0.314613,0.353314,0.023586,0.373695,0.424803,0.003438,0.010794,0.016556
quartz,Base_Seq,default,0.084803,0.084244,0.232584,0.118890,0.138029,0.236042,0.363143,0.408369,0.125626,0.165027,0.174612,0.018266,0.018741,0.001833,0.007016,0.050651,0.331305,0.145315,0.343220,0.029181,0.344794,0.370673,0.228103,0.288693,0.354062,0.040400,0.283094,1.006126,1.659799,0.107359,0.037897,0.181661,0.964852,1.342308,0.009936,0.014542,0.217810,0.553849,0.747765,0.037220,0.226491,0.299981,0.230965,0.306017,0.224345,0.045953,0.236938,0.166354,0.503680,0.118182,0.010281,0.010473,0.368219,0.362910,0.040004,0.119773,0.314144,0.359976,0.024213,0.378643,0.429988,0.003319,0.010613,0.016603
quartz,Base_Seq,default,0.085247,0.083195,0.227413,0.119942,0.138654,0.235032,0.357855,0.409425,0.125231,0.166508,0.175658,0.018288,0.019762,0.001934,0.006799,0.049357,0.352047,0.144422,0.344421,0.030316,0.345173,0.373952,0.228135,0.292399,0.377719,0.040406,0.282367,1.019469,1.655455,0.105632,0.037662,0.182759,0.966550,1.354401,0.010065,0.014369,0.222870,0.549954,0.756170,0.036548,0.223279,0.293949,0.228021,0.303099,0.221672,0.044801,0.231148,0.161640,0.515858,0.117983,0.010087,0.010124,0.370564,0.368522,0.040517,0.120432,0.314148,0.361489,0.024824,0.373999,0.425182,0.003353,0.010761,0.016451
quartz,Base_Seq,default,0.083223,0.083212,0.227074,0.118560,0.138399,0.233094,0.363905,0.407503,0.127581,0.164693,0.176030,0.018479,0.018879,0.001950,0.006873,0.051337,0.332949,0.144725,0.346115,0.030005,0.343853,0.372165,0.228105,0.291166,0.372128,0.039932,0.282279,1.016496,1.652089,0.108668,0.036704,0.185275,0.975404,1.359038,0.009489,0.014669,0.213149,0.555269,0.755138,0.034916,0.224511,0.293003,0.227749,0.305933,0.224420,0.046039,0.234840,0.161051,0.507403,0.116379,0.010030,0.010266,0.364246,0.364542,0.039875,0.116760,0.317815,0.358844,0.024638,0.371702,0.427954,0.003384,0.011131,0.016743
ruby,Base_Seq,default,0.074237,0.074129,0.080962,0.093957,0.133356,0.195122,0.191037,0.218249,0.103407,0.134042,0.078232,0.006605,0.008659,0.001858,0.007775,0.017846,0.219147,0.149451,0.297487,0.025107,0.298477,0.293618,0.222443,0.227710,0.378628,0.152250,0.297074,0.655288,1.047066,0.076450,0.024827,0.166677,0.856444,0.864726,0.007055,0.017821,0.144954,0.487821,0.598599,0.032910,0.223044,0.265622,0.290513,0.268570,0.222579,0.032503,0.167953,0.111337,0.448428,0.105816,0.009809,0.009788,0.211787,0.211997,0.027000,0.067769,0.313791,0.240954,0.025092,0.334099,0.341804,0.003664,0.007494,0.024440
ruby,Base_Seq,default,0.074310,0.074040,0.081820,0.094024,0.133403,0.194229,0.188926,0.193208,0.105993,0.134528,0.076807,0.006987,0.008054,0.001845,0.007698,0.018045,0.225399,0.149166,0.296835,0.025073,0.297370,0.291028,0.222502,0.227178,0.364619,0.152245,0.296852,0.641572,1.032728,0.075799,0.024421,0.166035,0.852898,0.848593,0.006682,0.017735,0.142791,0.487162,0.596394,0.032466,0.222475,0.261980,0.290387,0.267580,0.222155,0.033720,0.167909,0.109200,0.434951,0.105719,0.009540,0.009529,0.228976,0.211822,0.026674,0.067775,0.313137,0.240879,0.025082,0.333833,0.358122,0.003726,0.007460,0.021808
ruby,Base_Seq,default,0.074176,0.074116,0.082820,0.093882,0.133001,0.189902,0.185836,0.189124,0.101870,0.132070,0.078694,0.006605,0.007433,0.001849,0.007577,0.017238,0.218936,0.149165,0.304341,0.025074,0.297197,0.290164,0.222427,0.227072,0.371465,0.156813,0.299851,0.642081,1.025916,0.075702,0.024414,0.166144,0.848154,0.847101,0.006708,0.017731,0.141868,0.487257,0.594635,0.032465,0.222511,0.261690,0.290447,0.267308,0.222270,0.031613,0.167986,0.109110,0.442518,0.105638,0.009346,0.009281,0.211625,0.211674,0.027023,0.067695,0.312821,0.241058,0.025087,0.333716,0.341061,0.003670,0.007279,0.022049
ruby,Base_Seq,default,0.074239,0.074129,0.082095,0.093886,0.133034,0.189133,0.185788,0.202331,0.101885,0.131425,0.075498,0.006605,0.008137,0.001844,0.007680,0.017610,0.225175,0.150616,0.306771,0.026392,0.300573,0.292694,0.224610,0.227285,0.364815,0.156838,0.297342,0.647121,1.024786,0.075704,0.024432,0.166064,0.847768,0.864846,0.006979,0.018076,0.148034,0.489697,0.594662,0.032677,0.222492,0.261499,0.290261,0.267253,0.222168,0.032152,0.167911,0.109453,0.437767,0.105646,0.009588,0.009589,0.211781,0.212548,0.026741,0.067879,0.312657,0.240936,0.025083,0.333784,0.341066,0.003739,0.007460,0.022326
ruby,Base_Seq,default,0.074239,0.074074,0.081052,0.093910,0.132775,0.190485,0.185783,0.185843,0.101446,0.135513,0.075700,0.006607,0.006961,0.001804,0.007491,0.016482,0.216870,0.149300,0.296847,0.025068,0.297178,0.291460,0.222485,0.227335,0.371654,0.156888,0.297490,0.642422,1.026023,0.076546,0.024405,0.166480,0.856166,0.879995,0.006590,0.017684,0.141447,0.487308,0.594915,0.032542,0.222431,0.261864,0.290407,0.267123,0.222422,0.032390,0.167895,0.110467,0.445187,0.105617,0.009361,0.009429,0.223844,0.211672,0.026658,0.067655,0.315773,0.243653,0.025097,0.334118,0.342639,0.003684,0.007281,0.015008
ruby,Base_Seq,default,0.074318,0.074112,0.082464,0.093873,0.132917,0.190800,0.188363,0.205711,0.106416,0.134120,0.076811,0.006974,0.007536,0.001775,0.007585,0.016503,0.218584,0.149264,0.303609,0.025071,0.297568,0.291075,0.222630,0.227031,0.369135,0.156956,0.297293,0.641612,1.025717,0.075605,0.025641,0.167783,0.856750,0.882855,0.006944,0.018040,0.148098,0.491120,0.594262,0.032477,0.222393,0.261505,0.290266,0.267189,0.222136,0.031920,0.167950,0.109412,0.439720,0.105634,0.009535,0.009507,0.211833,0.211847,0.027382,0.070153,0.312447,0.240988,0.027122,0.360767,0.366018,0.003729,0.007436,0.022379
ruby,Base_Seq,default,0.074259,0.074048,0.083061,0.093841,0.132788,0.189434,0.185889,0.185831,0.101710,0.131936,0.076379,0.006616,0.007017,0.001817,0.007460,0.016723,0.217852,0.149043,0.298171,0.025067,0.296761,0.289478,0.222383,0.226487,0.366627,0.165199,0.299997,0.666067,1.064603,0.075602,0.024397,0.165847,0.847825,0.846186,0.006651,0.017845,0.142193,0.487127,0.593947,0.032502,0.222454,0.261602,0.290353,0.266944,0.222192,0.033767,0.176734,0.114542,0.442458,0.111476,0.009882,0.009832,0.222976,0.223036,0.029002,0.071229,0.313468,0.241116,0.025082,0.334611,0.340894,0.003667,0.007276,0.021720
ruby,Base_Seq,default,0.074344,0.074252,0.081159,0.094578,0.133690,0.193189,0.191720,0.207946,0.111130,0.133527,0.078395,0.006603,0.008696,0.001900,0.007678,0.017341,0.225260,0.149985,0.298211,0.025068,0.299817,0.293440,0.222980,0.254114,0.383117,0.105432,0.297094,0.657186,1.049360,0.079905,0.024935,0.167049,0.856350,0.869992,0.006911,0.017931,0.138047,0.487524,0.599698,0.032978,0.223008,0.262996,0.291218,0.268675,0.222791,0.032585,0.181530,0.114590,0.455811,0.106002,0.009914,0.010011,0.214086,0.214323,0.027782,0.067956,0.314506,0.265319,0.025553,0.335751,0.342944,0.003650,0.008206,0.022618
ruby,Base_Seq,default,0.074308,0.074384,0.082153,0.094375,0.133130,0.190683,0.186273,0.188209,0.107236,0.132593,0.075601,0.006605,0.007406,0.001848,0.007540,0.016186,0.218470,0.149175,0.297358,0.025060,0.298526,0.291542,0.223380,0.249498,0.367495,0.105272,0.297971,0.643778,1.025890,0.077791,0.024449,0.166363,0.849418,0.848656,0.006601,0.017742,0.133244,0.488518,0.595535,0.032488,0.222760,0.261987,0.290811,0.267556,0.222548,0.032173,0.168807,0.109857,0.442957,0.105967,0.009702,0.009695,0.211950,0.212574,0.026727,0.067940,0.312823,0.241842,0.025526,0.335026,0.342252,0.003651,0.007279,0.021911
ruby,Base_Seq,default,0.074319,0.074168,0.080944,0.094343,0.133508,0.190904,0.186706,0.194697,0.108921,0.132061,0.076184,0.006609,0.007398,0.001831,0.007540,0.017117,0.219002,0.149252,0.297370,0.025060,0.297741,0.290792,0.222768,0.234812,0.371732,0.105122,0.297226,0.642733,1.027593,0.078537,0.024472,0.166286,0.849558,0.849054,0.006605,0.017673,0.127277,0.488666,0.595607,0.032703,0.222783,0.262104,0.290861,0.267705,0.222451,0.031942,0.168862,0.109068,0.441934,0.105983,0.009669,0.009732,0.212326,0.213018,0.027136,0.067963,0.312392,0.242502,0.025157,0.334658,0.342104,0.003647,0.007280,0.014828
ruby,Base_Seq,default,0.074253,0.074190,0.080810,0.094761,0.133205,0.190453,0.186077,0.192950,0.108382,0.131582,0.075740,0.006606,0.007507,0.001850,0.007537,0.016327,0.221482,0.149451,0.297494,0.025147,0.297794,0.290764,0.222719,0.250980,0.366846,0.105125,0.297253,0.643404,1.027228,0.078068,0.024483,0.166442,0.851799,0.852137,0.006659,0.017676,0.137306,0.488567,0.595957,0.032557,0.222792,0.262063,0.290742,0.267507,0.222399,0.032287,0.181465,0.112328,0.443671,0.106007,0.009378,0.009458,0.213801,0.214531,0.027086,0.067876,0.313393,0.264301,0.025148,0.334774,0.342833,0.003689,0.007280,0.021967
ruby,Base_Seq,default,0.074230,0.074225,0.080002,0.094224,0.133774,0.191283,0.186133,0.186348,0.103530,0.132294,0.075650,0.006613,0.007082,0.001851,0.007490,0.016888,0.219219,0.149548,0.297480,0.025063,0.297570,0.291990,0.222829,0.230730,0.364286,0.105124,0.297572,0.643219,1.028312,0.077236,0.024663,0.166037,0.849258,0.850388,0.006662,0.017735,0.141987,0.488789,0.595928,0.032524,0.222789,0.262157,0.290991,0.267500,0.222370,0.034059,0.168936,0.108992,0.441827,0.106143,0.009413,0.009504,0.212545,0.212941,0.027378,0.067949,0.314041,0.242335,0.025303,0.335626,0.342517,0.003727,0.007283,0.021625
ruby,Base_Seq,default,0.074271,0.074217,0.079540,0.094151,0.133614,0.191483,0.186437,0.194378,0.110643,0.131743,0.075765,0.006605,0.007594,0.001814,0.007594,0.016331,0.222106,0.149360,0.297559,0.025367,0.297992,0.290824,0.222771,0.252114,0.365418,0.105447,0.297451,0.644346,1.026681,0.078703,0.024552,0.166462,0.849184,0.852644,0.006616,0.017645,0.135912,0.489392,0.597574,0.032676,0.222824,0.262463,0.290933,0.267944,0.222582,0.032211,0.181715,0.112228,0.441044,0.106164,0.009505,0.009514,0.213841,0.214014,0.027761,0.068023,0.313231,0.265087,0.025153,0.335173,0.342095,0.003651,0.007279,0.022079
ruby,Base_Seq,default,0.074262,0.074095,0.082895,0.094265,0.133000,0.191132,0.186028,0.186130,0.106598,0.133189,0.075607,0.006607,0.007007,0.001854,0.007451,0.016572,0.219761,0.149844,0.297279,0.025060,0.297188,0.291461,0.222823,0.228535,0.366653,0.105245,0.297587,0.641939,1.033947,0.077122,0.024521,0.166090,0.849379,0.849474,0.006625,0.017701,0.133160,0.488537,0.595652,0.032554,0.222705,0.262015,0.290767,0.267269,0.222635,0.031984,0.168824,0.109183,0.441736,0.105977,0.009696,0.009730,0.212576,0.215178,0.027828,0.067929,0.313305,0.245963,0.025063,0.336357,0.346166,0.003656,0.007277,0.021798
ruby,Base_Seq,default,0.074306,0.074237,0.083016,0.094677,0.134267,0.195611,0.191622,0.210893,0.109873,0.134948,0.078467,0.006608,0.008703,0.001897,0.007685,0.017429,0.225229,0.149365,0.298335,0.025076,0.299369,0.293492,0.222843,0.253556,0.371342,0.105242,0.298763,0.657356,1.049249,0.078364,0.025085,0.166717,0.856231,0.867113,0.006925,0.017847,0.138330,0.488728,0.599360,0.033001,0.223275,0.263174,0.291298,0.268822,0.222681,0.032657,0.183524,0.114169,0.446849,0.106305,0.009974,0.010064,0.214366,0.214651,0.027365,0.067958,0.316912,0.251506,0.025313,0.335804,0.342981,0.003649,0.007506,0.021490
ruby,Base_Seq,default,0.074374,0.074165,0.083091,0.094209,0.133180,0.191446,0.186527,0.188475,0.108101,0.132447,0.075840,0.006605,0.007407,0.001852,0.007534,0.016664,0.218335,0.149278,0.297679,0.025471,0.298045,0.292115,0.223070,0.249866,0.360279,0.106044,0.298783,0.645457,1.028173,0.078398,0.024654,0.167640,0.850254,0.854647,0.006650,0.017624,0.136809,0.488524,0.596355,0.032564,0.222842,0.262591,0.291255,0.267579,0.222537,0.032495,0.181977,0.113358,0.433435,0.106723,0.009603,0.009619,0.214669,0.214967,0.027759,0.067926,0.314634,0.266254,0.025204,0.336021,0.343192,0.003648,0.007280,0.021241
ruby,Base_Seq,default,0.074421,0.074163,0.083210,0.094820,0.133539,0.192464,0.186341,0.194082,0.109304,0.132422,0.075786,0.006604,0.007405,0.001854,0.007537,0.016320,0.222191,0.150229,0.297694,0.025061,0.298114,0.290310,0.222896,0.254042,0.365613,0.105004,0.297677,0.644014,1.028073,0.078306,0.024456,0.166910,0.849590,0.852395,0.006656,0.017717,0.130328,0.487844,0.596322,0.032651,0.222880,0.262368,0.291000,0.267612,0.222640,0.032605,0.181187,0.112944,0.438702,0.106126,0.009606,0.009586,0.213089,0.212431,0.026916,0.067905,0.314231,0.242973,0.025156,0.334967,0.342259,0.003684,0.007278,0.021476
ruby,Base_Seq,default,0.074268,0.074195,0.081122,0.094118,0.133272,0.191388,0.186278,0.195636,0.112229,0.132880,0.075673,0.006684,0.007488,0.001848,0.007543,0.016516,0.221202,0.150785,0.297362,0.025283,0.297747,0.291229,0.222914,0.251435,0.363014,0.105028,0.297191,0.645645,1.026897,0.078258,0.024564,0.166903,0.849671,0.853155,0.006629,0.017654,0.136951,0.488136,0.595917,0.032500,0.222826,0.262346,0.291136,0.267663,0.222634,0.032446,0.181732,0.113420,0.435448,0.106188,0.009318,0.009280,0.214579,0.214456,0.027559,0.068285,0.313677,0.266047,0.025256,0.335448,0.342180,0.003652,0.007462,0.021380
ruby,Base_Seq,default,0.074361,0.074204,0.080717,0.094408,0.133459,0.191694,0.186245,0.186095,0.104675,0.133340,0.075737,0.006606,0.007000,0.001816,0.007461,0.016995,0.220923,0.149816,0.297299,0.025152,0.297560,0.291650,0.222803,0.231082,0.362931,0.105398,0.297229,0.644369,1.027966,0.077420,0.024415,0.166028,0.849523,0.850803,0.006595,0.017787,0.142111,0.488748,0.596045,0.032535,0.222955,0.262165,0.291441,0.267428,0.222497,0.033599,0.169113,0.109682,0.434262,0.106272,0.009399,0.009444,0.213394,0.212851,0.027604,0.068077,0.313881,0.242801,0.025229,0.335738,0.342435,0.003655,0.007281,0.021955
ruby,Base_Seq,default,0.074335,0.074233,0.081797,0.094701,0.133455,0.191927,0.186432,0.196631,0.108167,0.133157,0.075758,0.006604,0.007506,0.001819,0.007558,0.016263,0.222043,0.149621,0.297577,0.025202,0.298133,0.290708,0.222935,0.251569,0.364220,0.105452,0.297971,0.644240,1.026831,0.078718,0.024416,0.167333,0.849414,0.854365,0.006623,0.017632,0.136815,0.488433,0.596268,0.032640,0.222777,0.262244,0.290892,0.267732,0.222497,0.032282,0.181832,0.113168,0.435515,0.105835,0.009526,0.009457,0.214354,0.214200,0.027836,0.067890,0.313781,0.265260,0.025208,0.334721,0.341764,0.003654,0.007277,0.021363
ruby,Base_Seq,default,0.074412,0.074180,0.083535,0.094618,0.133720,0.193746,0.186348,0.186302,0.106979,0.135275,0.075659,0.006606,0.007008,0.001849,0.007457,0.016418,0.222775,0.150578,0.297438,0.025060,0.297446,0.294112,0.223966,0.229233,0.362694,0.105536,0.298962,0.643417,1.028846,0.077260,0.024429,0.166111,0.849698,0.850849,0.006625,0.017722,0.132823,0.488984,0.596016,0.032609,0.222937,0.262195,0.290854,0.267555,0.222420,0.032062,0.168676,0.109993,0.433167,0.106283,0.009665,0.009727,0.212855,0.213113,0.027100,0.067976,0.313605,0.242463,0.025205,0.335882,0.342614,0.003672,0.007341,0.021749
AVERAGE
boraxo,,,0.087230,0.087135,0.137284,0.162941,0.063160,0.244118,0.230042,0.235607,0.153883,0.168284,0.097971,0.010935,0.010950,0.002228,0.008739,0.027348,0.381428,0.175148,0.350192,0.043737,0.351890,0.359231,0.262433,0.383920,0.475934,0.035599,0.350058,0.971960,1.607129,0.133424,0.037008,0.198248,0.998831,1.252499,0.009153,0.021070,0.213505,0.562171,0.794730,0.035416,0.261922,0.314864,0.348265,0.315207,0.261527,0.048075,0.297255,0.190582,0.560421,0.122551,0.012150,0.012107,0.370821,0.372112,0.041127,0.120560,0.371045,0.445606,0.043783,0.528243,0.641308,0.005489,0.009292,0.020251
catalyst,,,0.086231,0.086079,0.275760,0.116697,0.139602,0.282544,0.398123,0.404884,0.212738,0.200528,0.178246,0.055728,0.056464,0.002565,0.007855,0.113130,0.396507,0.224376,0.346781,0.030087,0.350878,0.419057,0.237110,0.475201,0.622008,0.268583,0.285194,7.450444,11.992558,0.142100,0.213486,0.213147,0.956562,9.886884,0.045764,0.020077,0.285837,0.615538,0.935923,0.210608,0.223975,0.291002,0.282937,0.288832,0.220610,0.062405,0.350871,0.212051,0.621422,0.175297,0.009660,0.009826,0.318557,0.306220,0.057320,0.121916,0.328787,0.457127,0.023950,0.368082,0.411156,0.003890,0.009887,0.016181
ec2-c5n,,,0.075318,0.075237,0.120887,0.106998,0.129234,0.202070,0.358107,0.366065,0.234924,0.142494,0.167598,0.016723,0.018280,0.003917,0.007659,0.036481,0.325850,0.178059,0.301283,0.028611,0.301199,0.301526,0.227320,0.248869,0.450480,0.048060,0.308739,0.705117,1.126927,0.098395,0.032662,0.172152,0.863961,0.931394,0.008565,0.019282,0.193582,0.481873,0.646010,0.031591,0.227134,0.270433,0.300427,0.270544,0.226895,0.065261,0.205739,0.177982,0.294934,0.109827,0.009774,0.009730,0.253834,0.254383,0.052729,0.082692,0.333833,0.321556,0.028622,0.351566,0.413857,0.007182,0.007679,0.015082
ec2-c6a,,,0.024967,0.034812,0.122335,0.109209,0.106892,0.063518,0.338543,0.340783,0.161928,0.048922,0.105873,0.015579,0.015691,0.003266,0.005190,0.046524,0.164846,0.122201,0.142186,0.013923,0.116312,0.115778,0.089880,0.159288,0.137752,0.036555,0.090175,0.586895,0.917748,0.092038,0.025809,0.087801,0.298739,0.778513,0.006877,0.012882,0.148635,0.244529,0.487481,0.024156,0.067286,0.079194,0.206311,0.088415,0.070228,0.045707,0.166026,0.126271,0.159932,0.080685,0.004275,0.004574,0.162699,0.197639,0.037850,0.057801,0.125331,0.251894,0.020706,0.367218,0.400419,0.005245,0.003433,0.005255
ec2-c6i,,,0.063453,0.063451,0.096082,0.110253,0.123896,0.168677,0.357363,0.358091,0.189204,0.118541,0.134004,0.014926,0.015181,0.003630,0.007259,0.035937,0.215862,0.146194,0.254803,0.028601,0.256387,0.253863,0.189539,0.202362,0.319863,0.036994,0.249895,0.650248,1.053264,0.093456,0.029859,0.143281,0.735409,0.884305,0.007755,0.016950,0.155042,0.413766,0.562735,0.029073,0.189257,0.230180,0.285899,0.229887,0.189190,0.054795,0.186142,0.137068,0.212731,0.093272,0.007721,0.007698,0.215474,0.215272,0.043015,0.064074,0.264781,0.299591,0.028590,0.356800,0.390317,0.007654,0.006867,0.012753
mammoth,,,0.027402,0.028316,0.090259,0.135990,0.132637,0.150112,0.264053,0.294302,0.074100,0.093849,0.083517,0.019465,0.019929,0.001424,0.003881,0.052964,0.214709,0.099711,0.117524,0.017949,0.115002,0.187388,0.105796,0.226830,0.301623,0.029948,0.178266,0.656684,1.062779,0.109899,0.023440,0.095625,0.356476,0.857022,0.005885,0.011361,0.115386,0.206944,0.431333,0.028623,0.117193,0.099661,0.123184,0.107436,0.117502,0.052063,0.197851,0.259329,0.485975,0.062908,0.005256,0.005171,0.229159,0.229257,0.032167,0.078904,0.265909,0.263549,0.024129,0.421157,0.466317,0.002906,0.003388,0.005727
poodle,,,0.075332,0.075250,0.104909,0.127455,0.033468,0.168399,0.170423,0.170192,0.062618,0.118356,0.079061,0.008373,0.008405,0.001056,0.006066,0.021201,0.253716,0.128868,0.268824,0.033482,0.269743,0.252618,0.194921,0.217890,0.338123,0.018017,0.257350,0.703488,1.126630,0.102834,0.022361,0.160397,0.794872,0.963008,0.006498,0.014611,0.132712,0.422001,0.578412,0.021965,0.187915,0.231766,0.234409,0.231391,0.187650,0.044282,0.135804,0.128672,0.393952,0.072155,0.007029,0.006965,0.198849,0.198489,0.028837,0.075390,0.267280,0.207177,0.016750,0.397192,0.438522,0.002872,0.006837,0.013439
quartz,,,0.084683,0.084304,0.227747,0.118576,0.137414,0.236163,0.360110,0.407107,0.126440,0.165074,0.173887,0.018432,0.019026,0.001927,0.006893,0.050607,0.340807,0.145391,0.343589,0.030096,0.342772,0.371592,0.227144,0.291126,0.376524,0.039894,0.281754,1.017876,1.643712,0.106905,0.037594,0.182805,0.968425,1.349567,0.009928,0.014537,0.218038,0.554057,0.747557,0.036204,0.224879,0.297235,0.230793,0.306472,0.224566,0.046388,0.236110,0.163976,0.509890,0.116566,0.010297,0.010331,0.363299,0.363219,0.039718,0.119558,0.316104,0.359199,0.024566,0.374279,0.431537,0.003337,0.010835,0.016544
ruby,,,0.074297,0.074169,0.081822,0.094268,0.133337,0.191738,0.187180,0.194718,0.106595,0.133100,0.076380,0.006646,0.007572,0.001842,0.007565,0.016848,0.220951,0.149633,0.298581,0.025190,0.298008,0.291616,0.222913,0.238651,0.367742,0.122460,0.297839,0.646536,1.032471,0.077404,0.024601,0.166543,0.851206,0.856665,0.006714,0.017763,0.138595,0.488423,0.596174,0.032620,0.222760,0.262316,0.290802,0.267644,0.222457,0.032545,0.173929,0.111262,0.440828,0.106263,0.009592,0.009608,0.214822,0.213707,0.027348,0.068181,0.313738,0.249249,0.025291,0.336232,0.344283,0.003674,0.007381,0.021296
