machine,Kernel,Kernel,Basic_DAXPY,Basic_DAXPY_ATOMIC,Basic_IF_QUAD,Basic_INDEXLIST,Basic_INDEXLIST_3LOOP,Basic_INIT3,Basic_INIT_VIEW1D,Basic_INIT_VIEW1D_OFFSET,Basic_MAT_MAT_SHARED,Basic_MULADDSUB,Basic_NESTED_INIT,Basic_PI_ATOMIC,Basic_PI_REDUCE,Basic_REDUCE3_INT,Basic_REDUCE_STRUCT,Basic_TRAP_INT,Lcals_DIFF_PREDICT,Lcals_EOS,Lcals_FIRST_DIFF,Lcals_FIRST_MIN,Lcals_FIRST_SUM,Lcals_GEN_LIN_RECUR,Lcals_HYDRO_1D,Lcals_HYDRO_2D,Lcals_INT_PREDICT,Lcals_PLANCKIAN,Lcals_TRIDIAG_ELIM,Polybench_2MM,Polybench_3MM,Polybench_ADI,Polybench_ATAX,Polybench_FDTD_2D,Polybench_FLOYD_WARSHALL,Polybench_GEMM,Polybench_GEMVER,Polybench_GESUMMV,Polybench_HEAT_3D,Polybench_JACOBI_1D,Polybench_JACOBI_2D,Polybench_MVT,Stream_ADD,Stream_COPY,Stream_DOT,Stream_MUL,Stream_TRIAD,Apps_CONVECTION3DPA,Apps_DEL_DOT_VEC_2D,Apps_DIFFUSION3DPA,Apps_ENERGY,Apps_FIR,Apps_HALOEXCHANGE,Apps_HALOEXCHANGE_FUSED,Apps_LTIMES,Apps_LTIMES_NOVIEW,Apps_MASS3DPA,Apps_NODAL_ACCUMULATION_3D,Apps_PRESSURE,Apps_VOL3D,Algorithm_SCAN,Algorithm_SORT,Algorithm_SORTPAIRS,Algorithm_REDUCE_SUM,Algorithm_MEMSET,Algorithm_MEMCPY
boraxo,Base_Seq,default,0.433629,0.425452,0.560535,0.655333,0.280497,1.612151,1.030734,1.039159,1.402255,1.115063,0.435101,0.043722,0.043786,0.009495,0.048022,0.109276,1.656373,1.018865,1.860177,0.175514,1.872104,2.553529,1.422979,1.793725,2.473723,0.154428,1.948107,8.593150,11.315044,0.602206,0.287143,1.310736,10.970277,6.470996,0.069314,0.110290,1.005973,3.177521,4.559379,0.279626,1.399447,1.669211,1.623341,1.645641,1.381555,0.231767,1.156743,0.822111,2.750722,0.492487,0.036102,0.036269,1.477889,1.477945,0.168214,0.552896,2.231249,1.621640,0.178593,2.336007,2.846157,0.023582,0.041964,0.102531
boraxo,Base_Seq,default,0.440683,0.430159,0.560575,0.655481,0.277542,1.611156,1.047224,1.055692,1.259696,1.112766,0.429719,0.043754,0.043820,0.009425,0.048271,0.109832,1.654638,1.011823,1.890640,0.175770,1.888490,2.580128,1.423294,1.733895,2.473817,0.154855,1.950046,9.124889,11.764137,0.591834,0.287286,1.138508,11.092228,5.620227,0.066383,0.109121,0.955967,3.008801,4.383915,0.268170,1.394185,1.678511,1.636962,1.657118,1.382401,0.231563,1.156624,0.821678,2.764052,0.492850,0.036021,0.036120,1.476508,1.476815,0.168355,0.552785,2.240800,1.621954,0.178900,2.335369,2.847024,0.023612,0.042944,0.103098
boraxo,Base_Seq,default,0.431460,0.425955,0.558343,0.655876,0.282193,1.616266,1.111533,1.120315,1.253153,1.118210,0.440356,0.043728,0.043836,0.009420,0.048703,0.109481,1.658153,1.014594,1.886586,0.176157,1.898144,2.571677,1.422133,1.802928,2.474127,0.155748,1.950499,8.601153,11.191583,0.600331,0.287202,1.301969,11.065775,5.759331,0.070046,0.111574,1.015781,3.165927,4.515439,0.286311,1.398256,1.693624,1.663891,1.656538,1.384671,0.232799,1.225377,0.846318,2.771996,0.493076,0.036062,0.035979,1.492638,1.492570,0.170891,0.552519,2.248970,1.776526,0.178834,2.335942,2.847590,0.024081,0.044556,0.103461
boraxo,Base_Seq,default,0.435630,0.424976,0.558416,0.655503,0.282795,1.613658,1.050464,1.058297,1.281591,1.115002,0.448900,0.043861,0.043782,0.009105,0.048598,0.109395,1.657673,1.013266,1.884404,0.175650,1.883045,2.573882,1.423429,1.770160,2.474441,0.155552,1.950263,9.184549,11.874190,0.602838,0.288680,1.315896,11.024977,5.971868,0.070105,0.112238,1.062425,2.984543,4.349023,0.281310,1.396391,1.688231,1.659313,1.657485,1.386761,0.229281,1.225759,0.846337,2.781554,0.493100,0.036127,0.036028,1.481618,1.492222,0.172618,0.545582,2.250803,1.777075,0.178968,2.335731,2.846132,0.023747,0.042955,0.102365
boraxo,Base_Seq,default,0.456205,0.450329,0.559003,0.656592,0.276513,1.632005,1.173397,1.149973,1.255763,1.119774,0.443213,0.043794,0.043745,0.008874,0.051089,0.109808,1.653693,1.010639,1.983967,0.176486,1.967603,2.551519,1.440164,1.577098,2.469749,0.151321,1.945226,8.655752,11.214998,0.594863,0.293406,1.128580,11.678128,5.614663,0.067333,0.115626,0.923588,3.181353,4.542469,0.265076,1.421913,1.780748,1.736907,1.739690,1.403668,0.230533,1.156477,0.819454,2.767480,0.493656,0.036258,0.036146,1.478610,1.478681,0.164471,0.549719,2.246109,1.623522,0.179494,2.335846,2.849999,0.024659,0.046796,0.108488
boraxo,Base_Seq,default,0.444387,0.434514,0.560264,0.655691,0.285608,1.654931,1.090288,1.121709,1.318462,1.133070,0.485751,0.044678,0.044713,0.008958,0.049483,0.110150,1.669338,1.035325,1.908656,0.175723,1.918056,2.634235,1.457790,1.760493,2.530338,0.155749,1.994859,9.285921,11.753847,0.603935,0.287555,1.337633,11.178960,6.283483,0.069968,0.114455,1.022307,3.020929,4.335299,0.278173,1.432401,1.704139,1.691789,1.685036,1.416680,0.234183,1.226123,0.845484,2.841401,0.493135,0.037136,0.037141,1.491079,1.490927,0.168954,0.553348,2.301656,1.776843,0.179132,2.336052,2.848225,0.023711,0.043639,0.104729
boraxo,Base_Seq,default,0.453036,0.447458,0.558238,0.656612,0.276998,1.630520,1.167755,1.143921,1.249675,1.121784,0.436140,0.043743,0.043828,0.009617,0.050934,0.109229,1.653001,1.008756,1.986074,0.176383,1.982106,2.573715,1.437151,1.578869,2.470116,0.151866,1.946748,8.719338,11.302215,0.595480,0.275255,1.133326,11.702115,5.566294,0.064448,0.115687,0.938283,3.067265,4.437925,0.247746,1.424169,1.772513,1.735926,1.738462,1.404276,0.229385,1.156471,0.818928,2.763957,0.493665,0.036401,0.036227,1.478327,1.478585,0.164295,0.549673,2.243999,1.623388,0.179549,2.335442,2.850529,0.024483,0.045994,0.108736
boraxo,Base_Seq,default,0.427814,0.417643,0.560468,0.655204,0.282027,1.616868,1.029467,1.035281,1.260732,1.121100,0.449405,0.043736,0.043744,0.009443,0.046989,0.109257,1.650506,1.004400,1.841762,0.175372,1.851929,2.641628,1.402155,1.674009,2.456546,0.151204,1.930170,8.450110,11.119568,0.598633,0.284476,1.273484,10.818037,5.569248,0.065735,0.105512,0.952820,2.902826,4.252922,0.267949,1.382603,1.648222,1.592979,1.619227,1.370451,0.225906,1.156242,0.824199,2.753046,0.492288,0.035945,0.036060,1.478666,1.478616,0.168082,0.553285,2.230165,1.620472,0.178587,2.335643,2.844923,0.023282,0.041252,0.100867
boraxo,Base_Seq,default,0.430238,0.419687,0.560046,0.655373,0.274570,1.616288,1.041605,1.050434,1.223816,1.111518,0.419603,0.043726,0.043761,0.009380,0.047066,0.109259,1.654897,1.006532,1.839827,0.175497,1.841946,2.584946,1.409966,1.733291,2.459280,0.154082,1.937599,9.056810,11.597264,0.594991,0.283009,1.104487,10.796257,5.510368,0.065730,0.105188,0.953181,2.889134,4.251013,0.264388,1.386796,1.651527,1.592686,1.627003,1.370710,0.229015,1.156125,0.824498,2.749676,0.492402,0.036148,0.036052,1.476467,1.476453,0.167824,0.552485,2.225358,1.621175,0.178909,2.335356,2.845764,0.023484,0.042092,0.100392
boraxo,Base_Seq,default,0.426261,0.415196,0.558454,0.655123,0.282962,1.615784,1.013386,1.022851,1.264399,1.114113,0.434308,0.043741,0.043783,0.009433,0.047303,0.109278,1.655406,1.004056,1.836419,0.175372,1.841333,2.585821,1.403258,1.785453,2.460637,0.154460,1.938019,8.555206,11.012061,0.600735,0.283509,1.288819,10.843182,5.773805,0.068841,0.108754,0.985635,2.871425,4.215485,0.278049,1.384209,1.661671,1.609037,1.624637,1.374515,0.232705,1.225513,0.845651,2.761527,0.492712,0.035985,0.035947,1.492532,1.492519,0.170919,0.545805,2.240179,1.776416,0.178676,2.335593,2.846736,0.023319,0.041152,0.101316
boraxo,Base_Seq,default,0.423010,0.414575,0.558091,0.655230,0.281188,1.615954,1.031237,1.044315,1.271508,1.115218,0.441126,0.043728,0.043784,0.009043,0.046879,0.109285,1.655891,1.004759,1.838583,0.175440,1.848906,2.584071,1.406650,1.759631,2.459616,0.154278,1.939653,9.120506,11.635638,0.603173,0.287148,1.290925,10.788193,5.894375,0.068789,0.108420,1.021866,2.881795,4.228498,0.269767,1.390949,1.661427,1.612607,1.624387,1.372997,0.230533,1.225590,0.844774,2.764674,0.492778,0.036115,0.036039,1.490650,1.490776,0.172499,0.552259,2.236919,1.776421,0.178731,2.335372,2.845650,0.023426,0.041947,0.100504
boraxo,Base_Seq,default,0.422802,0.413040,0.558240,0.655077,0.273098,1.631567,1.004345,1.009161,1.242184,1.121795,0.422760,0.043721,0.043729,0.008850,0.047027,0.109236,1.650397,1.004224,1.847244,0.175481,1.831351,2.634493,1.401713,1.576510,2.456739,0.151772,1.930641,8.440009,11.022933,0.590203,0.286017,1.111386,10.848445,5.543689,0.065660,0.106595,0.918098,2.915715,4.285952,0.257813,1.387550,1.658357,1.591481,1.622759,1.372889,0.228272,1.156010,0.824117,2.748523,0.492700,0.035976,0.036049,1.477856,1.477938,0.164353,0.549546,2.226779,1.621244,0.178746,2.335905,2.845590,0.023456,0.041155,0.101365
boraxo,Base_Seq,default,0.432425,0.424470,0.559317,0.655587,0.282710,1.639158,1.060609,1.082987,1.292064,1.131072,0.457497,0.043745,0.043816,0.008996,0.047739,0.109317,1.665392,1.025732,1.870166,0.175563,1.884300,2.672141,1.436609,1.685389,2.505986,0.153170,1.977654,9.057631,11.670823,0.604833,0.284023,1.305731,10.980157,5.781026,0.069025,0.110129,0.982898,2.957859,4.282245,0.267792,1.419452,1.691115,1.640948,1.660229,1.402487,0.233981,1.207747,0.839987,2.805616,0.493005,0.037118,0.037060,1.478744,1.481452,0.169401,0.553017,2.271272,1.656614,0.178792,2.336096,2.847674,0.023418,0.042836,0.102653
boraxo,Base_Seq,default,0.422682,0.414053,0.558302,0.655237,0.273016,1.623257,1.025413,1.021302,1.230240,1.118256,0.423311,0.043724,0.043723,0.009555,0.047108,0.109237,1.651684,1.004562,1.857122,0.175539,1.844792,2.616857,1.402684,1.578440,2.456502,0.151670,1.929457,8.406816,11.046739,0.595505,0.265348,1.114174,10.848066,5.473538,0.061389,0.106887,0.931624,2.911902,4.271026,0.236671,1.387943,1.652485,1.595886,1.619295,1.371734,0.226887,1.156334,0.823278,2.752066,0.492484,0.036086,0.035984,1.477631,1.478028,0.166670,0.549818,2.225607,1.621160,0.178733,2.336074,2.845908,0.023341,0.041079,0.101202
boraxo,Base_Seq,default,0.418584,0.411097,0.560635,0.655101,0.277419,1.619092,1.001334,1.016950,1.264548,1.112918,0.430349,0.043728,0.043767,0.009349,0.046077,0.109256,1.657733,0.998807,1.809293,0.175452,1.823926,2.596768,1.390927,1.795261,2.457981,0.153958,1.931195,8.522370,11.036372,0.602069,0.284998,1.289208,10.643432,5.787391,0.068790,0.104306,0.990067,2.831083,4.181579,0.264504,1.377204,1.635002,1.556552,1.592484,1.363798,0.230052,1.156453,0.821323,2.740393,0.492550,0.036022,0.035974,1.478306,1.478610,0.165610,0.552250,2.217135,1.620364,0.178512,2.335932,2.844989,0.023140,0.040847,0.100127
boraxo,Base_Seq,default,0.422103,0.411116,0.560796,0.655172,0.272830,1.616725,0.998311,1.009865,1.220293,1.114711,0.416320,0.043729,0.043770,0.009308,0.045036,0.109263,1.657474,1.000314,1.817011,0.175261,1.822773,2.584256,1.391670,1.733108,2.458759,0.154483,1.930276,9.018757,11.542935,0.591366,0.282864,1.100328,10.629950,5.689952,0.068512,0.104430,0.986298,2.830448,4.193701,0.278102,1.379397,1.637021,1.570829,1.601366,1.364700,0.230598,1.225322,0.845192,2.752436,0.492916,0.035935,0.035977,1.490955,1.490831,0.167989,0.552390,2.224101,1.776443,0.178513,2.335743,2.845344,0.023167,0.040931,0.098923
boraxo,Base_Seq,default,0.414902,0.407657,0.558370,0.655002,0.279999,1.616492,1.002966,1.018177,1.247904,1.115354,0.431708,0.043724,0.043772,0.009332,0.045701,0.109277,1.658777,0.998376,1.809458,0.175393,1.820673,2.586635,1.389167,1.803483,2.458083,0.155005,1.930463,8.541735,11.012086,0.599878,0.284515,1.286028,10.627833,5.762786,0.068644,0.105616,0.992621,2.840727,4.182067,0.280098,1.378669,1.635273,1.568516,1.598715,1.366635,0.233743,1.225699,0.844168,2.751955,0.492903,0.036075,0.036017,1.490680,1.490617,0.171104,0.553450,2.225770,1.776302,0.178416,2.335599,2.845344,0.023196,0.041140,0.099620
boraxo,Base_Seq,default,0.416687,0.407832,0.558057,0.655427,0.281555,1.617110,1.010886,1.019930,1.271913,1.115282,0.434908,0.043718,0.043768,0.009048,0.045364,0.109286,1.659093,1.000365,1.817601,0.175300,1.820182,2.584746,1.390309,1.770905,2.458283,0.154463,1.931607,9.164912,11.643296,0.603262,0.283862,1.294974,10.619036,6.025424,0.068502,0.104836,1.021002,2.847888,4.188351,0.280463,1.379517,1.633941,1.567456,1.602747,1.364651,0.229789,1.225587,0.845096,2.750465,0.492765,0.035918,0.036022,1.492250,1.492255,0.172681,0.552915,2.225221,1.776081,0.178617,2.336000,2.844573,0.023112,0.040607,0.099473
boraxo,Base_Seq,default,0.415929,0.407716,0.559043,0.655195,0.272761,1.632793,1.003899,1.001161,1.237753,1.121205,0.424213,0.043732,0.043722,0.008825,0.045820,0.109245,1.654350,1.000987,1.822274,0.175359,1.811474,2.645996,1.392602,1.577998,2.460501,0.151977,1.931275,8.414569,10.972620,0.594698,0.285254,1.100286,10.747660,5.558416,0.065576,0.104578,0.914800,2.843040,4.198240,0.254797,1.384867,1.642587,1.564474,1.596839,1.370169,0.228338,1.155998,0.824654,2.752266,0.492495,0.036147,0.036008,1.477741,1.477644,0.164028,0.549796,2.225085,1.620283,0.178878,2.335763,2.845187,0.023250,0.041014,0.099567
boraxo,Base_Seq,default,0.426211,0.417309,0.559430,0.655487,0.282240,1.641695,1.033605,1.059139,1.290137,1.129118,0.446312,0.043722,0.043799,0.008963,0.046409,0.109324,1.671540,1.019656,1.846156,0.175339,1.854409,2.627332,1.423690,1.769946,2.507489,0.155106,1.973749,9.040766,11.654905,0.604806,0.282902,1.315349,10.853533,5.827624,0.068584,0.107523,1.015372,2.908380,4.252467,0.276338,1.415348,1.671704,1.618019,1.639756,1.396181,0.229441,1.196127,0.846517,2.802745,0.492752,0.037136,0.037022,1.491044,1.492288,0.169493,0.545266,2.264410,1.777192,0.178688,2.335751,2.847129,0.023173,0.042066,0.100318
boraxo,Base_Seq,default,0.414057,0.406317,0.558496,0.655108,0.272249,1.624593,1.016760,1.011721,1.240930,1.119550,0.436517,0.043722,0.043727,0.009487,0.045631,0.109240,1.654693,0.999088,1.823502,0.175376,1.822880,2.643446,1.387776,1.580482,2.455831,0.151117,1.925356,8.409103,10.986741,0.595238,0.263863,1.095781,10.695482,5.430149,0.061425,0.103217,0.928140,2.851098,4.205058,0.236500,1.380858,1.630719,1.554883,1.603914,1.366168,0.227347,1.156219,0.820036,2.745743,0.492579,0.035936,0.036031,1.478372,1.478357,0.167961,0.549691,2.211407,1.620790,0.178597,2.335805,2.845052,0.023157,0.040908,0.098894
catalyst,Base_Seq,default,0.487912,0.496208,1.240300,0.492442,0.620050,1.735511,1.604302,1.781033,1.711972,1.218319,0.671360,0.220880,0.221268,0.009971,0.040484,0.441043,1.760916,1.154656,1.978402,0.120189,1.982725,2.262528,1.804362,1.963314,2.905816,1.091226,2.642820,45.990905,66.693965,0.608722,0.925555,1.335344,12.261703,42.726875,0.197674,0.099443,1.257026,3.245866,5.157121,0.902998,1.894859,1.803904,1.501274,1.779404,1.896825,0.302949,1.404736,0.933735,3.024090,0.747452,0.025315,0.025266,1.231322,1.224638,0.240511,0.538979,2.733796,1.749444,0.106716,1.613077,1.932230,0.016041,0.039962,0.098556
catalyst,Base_Seq,default,0.511912,0.516043,1.124985,0.462112,0.591857,1.781475,1.600496,1.593578,1.716907,1.303602,0.670441,0.220447,0.250487,0.011003,0.043137,0.468083,1.804618,1.108743,2.029182,0.119827,1.961902,2.227584,1.880808,1.968905,2.906470,1.248686,2.727173,45.667005,66.345635,0.605196,0.946922,1.382837,12.214424,43.280074,0.196991,0.113726,1.317495,3.255035,5.023236,0.902179,1.957468,1.866495,1.675254,1.844266,1.927105,0.302485,1.406184,0.932240,3.052735,0.691915,0.025499,0.025345,1.244174,1.218467,0.241907,0.531769,2.783769,1.917417,0.114141,1.613579,1.842582,0.015880,0.040106,0.104380
catalyst,Base_Seq,default,0.492910,0.497187,1.123630,0.464406,0.591911,1.718851,1.595052,1.593740,1.719392,1.269964,0.670157,0.221213,0.220455,0.010027,0.042420,0.441197,1.916554,1.128140,1.942214,0.119791,2.181966,2.295498,1.820255,1.987550,2.907464,1.091467,2.735546,45.984937,66.010822,0.598705,0.930427,1.323582,12.452556,42.406442,0.198737,0.103783,1.296616,3.246175,5.015727,0.907928,1.886832,1.772981,1.596314,1.766708,1.890711,0.302927,1.401662,0.933447,3.097911,0.692411,0.025406,0.025502,1.229433,1.278496,0.240610,0.537057,2.793794,1.748523,0.123840,1.612358,1.843857,0.016086,0.045981,0.101057
catalyst,Base_Seq,default,0.486497,0.486517,1.118507,0.462701,0.591587,1.880597,1.597645,1.596476,1.774633,1.222581,0.670167,0.220508,0.221061,0.009979,0.040154,0.440048,1.762005,1.158713,1.948976,0.121014,1.953724,2.248947,1.800534,1.970978,2.948171,1.087520,2.670057,44.809263,64.940321,0.666695,0.922317,1.324878,12.283602,42.364946,0.219514,0.106678,1.380337,3.215736,5.038285,0.901489,1.898729,1.771931,1.473550,1.762756,1.982770,0.304840,1.399861,0.935502,2.995259,0.694572,0.025450,0.025341,1.232145,1.218124,0.250849,0.527583,2.725098,1.747956,0.109017,1.611702,1.815311,0.015977,0.040837,0.097703
catalyst,Base_Seq,default,0.486155,0.516068,1.164532,0.462528,0.592473,1.835536,1.595523,1.596280,1.726741,1.294927,0.671001,0.220607,0.220884,0.010069,0.040214,0.440400,1.757542,1.115061,1.939457,0.120322,1.944738,2.248532,1.788262,1.968437,2.898675,1.088771,2.649560,45.541242,66.864371,0.600020,0.923382,1.333345,12.319199,42.255185,0.196277,0.103905,1.302990,3.235487,5.029575,0.904862,1.875256,1.761125,1.486859,1.780524,1.887494,0.300120,1.403709,0.930068,3.007552,0.692764,0.025125,0.025119,1.229883,1.217631,0.239251,0.526797,2.791706,1.750178,0.105668,1.610473,2.012442,0.015624,0.040128,0.097431
catalyst,Base_Seq,default,0.489318,0.509866,1.120934,0.462838,0.596633,1.873418,1.729960,1.592033,1.720644,1.353974,0.670313,0.220578,0.221187,0.009971,0.045570,0.440322,1.758669,1.167045,1.927485,0.120662,1.981211,2.221555,1.775469,1.970420,2.950462,1.087322,2.647352,46.206126,66.631495,0.601171,0.935029,1.330383,12.315208,43.337170,0.198699,0.099056,1.257495,3.372821,4.984341,0.946190,1.893715,1.929308,1.698700,2.015602,1.996016,0.303162,1.404956,0.963336,3.105637,0.691037,0.025106,0.025327,1.232818,1.219756,0.239365,0.537585,2.752175,1.785897,0.110633,1.636986,1.839807,0.015554,0.039425,0.100498
catalyst,Base_Seq,default,0.494512,0.484452,1.143247,0.478837,0.591531,1.747845,1.597969,1.595199,1.710569,1.264867,0.692210,0.227755,0.221307,0.010093,0.040330,0.441416,1.765830,1.132605,1.968613,0.120696,1.970937,2.267067,1.794723,2.057143,2.905410,1.090909,2.824662,45.319591,65.485680,0.693172,1.021876,1.460408,15.668166,42.916017,0.210799,0.107033,1.312223,3.222192,5.085896,0.904603,1.897926,1.815912,1.468019,1.775144,1.899856,0.302618,1.452949,0.933752,3.016375,0.691245,0.025693,0.028881,1.271180,1.257001,0.239400,0.528011,2.741466,1.815701,0.106262,1.611675,1.840474,0.016347,0.041847,0.101009
catalyst,Base_Seq,default,0.515513,0.501085,1.121119,0.462514,0.591569,1.758409,1.644133,1.640803,1.728008,1.271374,0.675084,0.220185,0.220660,0.010107,0.047023,0.441575,1.764095,1.111903,1.962704,0.136913,2.162376,2.285119,1.784771,2.012024,2.903391,1.096541,2.733960,45.636974,66.878292,0.611242,0.925069,1.339585,12.534397,43.672419,0.196627,0.103017,1.303828,3.434870,4.993307,0.935669,1.957430,1.782185,1.476720,1.806278,1.930344,0.302539,1.404061,0.933475,3.192433,0.693269,0.025192,0.025417,1.232572,1.318562,0.248295,0.543582,2.734912,1.751843,0.112214,1.663829,1.841016,0.017258,0.042614,0.102838
catalyst,Base_Seq,default,0.491224,0.490695,1.119331,0.463117,0.645275,1.753297,1.596176,1.594924,1.797141,1.209051,0.670355,0.221277,0.220341,0.010019,0.042113,0.441747,1.769927,1.131722,1.945695,0.120611,1.951337,2.237974,1.829519,1.981940,2.908583,1.230609,2.757279,45.679311,67.157148,0.603463,0.926335,1.422482,12.708204,42.803399,0.224400,0.111902,1.345937,3.308424,5.007097,0.904717,1.994531,1.962771,1.874525,2.134269,2.347059,0.311362,1.452048,0.933953,3.142292,0.696691,0.027126,0.026457,1.270403,1.218329,0.244340,0.529065,2.866045,1.746992,0.126879,1.610338,1.840740,0.022755,0.041262,0.111234
catalyst,Base_Seq,default,0.487485,0.538770,1.164209,0.463001,0.592291,1.755643,1.760985,1.594719,1.708215,1.294377,0.692090,0.220352,0.220258,0.010291,0.040310,0.441773,1.889101,1.121479,1.956491,0.120048,1.949257,2.254491,1.893833,1.973378,2.911388,1.088987,2.659258,46.173111,66.422848,0.645124,0.963595,1.328668,12.658764,43.364417,0.204812,0.106298,1.346882,3.237940,5.296354,1.009299,1.978897,1.770033,1.473236,1.921672,1.974592,0.304511,1.402946,0.963585,3.177097,0.694668,0.025186,0.025310,1.381001,1.298738,0.234298,0.495017,2.711049,1.749893,0.106453,1.611891,1.936062,0.015511,0.039711,0.098562
catalyst,Base_Seq,default,0.487843,0.485374,1.117997,0.462352,0.593670,1.857570,1.597314,1.597060,1.730312,1.301260,0.671468,0.219903,0.220331,0.010024,0.040079,0.440841,1.802908,1.116489,1.938654,0.120003,1.988560,2.256615,1.798476,1.968263,2.895857,1.087294,2.655349,45.597619,65.065349,0.602575,0.928679,1.342035,12.599943,41.774317,0.197166,0.103380,1.299596,3.212533,5.000858,0.901261,1.878363,1.759147,1.472266,1.777707,1.893451,0.299400,1.404121,0.931242,3.012905,0.694489,0.025328,0.025349,1.228674,1.215430,0.239919,0.526454,2.936864,1.750743,0.105501,1.610642,1.981286,0.015754,0.040262,0.097483
catalyst,Base_Seq,default,0.489170,0.486421,1.154732,0.463363,0.592547,1.826226,1.597529,1.593097,1.712028,1.323149,0.671822,0.220471,0.221129,0.010017,0.038999,0.440544,1.764637,1.154567,1.940941,0.124072,1.944348,2.276722,1.796884,1.967076,2.909069,1.089746,2.694481,45.678367,66.370602,0.607973,0.937473,1.333690,12.540668,43.273061,0.199568,0.099296,1.290479,3.359396,5.030452,0.909916,1.875963,1.781190,1.482846,1.776674,1.890837,0.303775,1.405398,0.933896,3.196398,0.690696,0.025200,0.025641,1.234887,1.382041,0.245517,0.535540,2.748838,1.759018,0.107096,1.612345,1.841312,0.017805,0.041282,0.101059
catalyst,Base_Seq,default,0.485317,0.492991,1.145025,0.492899,0.591690,1.736136,1.599547,1.596700,1.711598,1.217659,0.670623,0.220414,0.228586,0.010295,0.040955,0.454550,1.760745,1.193619,1.965412,0.119807,1.975942,2.262704,1.817463,1.917464,2.900936,1.125900,2.769123,45.194073,64.597960,0.612918,0.928809,1.336874,12.454176,42.120666,0.197218,0.104238,1.304766,3.306492,5.027156,0.912860,1.905569,1.773617,1.529164,1.785147,1.903567,0.303230,1.399551,1.012437,4.033486,0.691246,0.025192,0.025535,1.265284,1.255970,0.239414,0.528056,2.741928,1.742367,0.109384,1.612436,1.862953,0.015838,0.040183,0.098777
catalyst,Base_Seq,default,0.489532,0.495007,1.121537,0.463285,0.590790,1.752670,1.606473,1.650358,1.714440,1.267346,0.673895,0.227165,0.227730,0.010006,0.047187,0.440977,1.761702,1.108955,1.954468,0.119788,1.960882,2.222617,1.778126,1.960539,2.956593,1.099647,2.667545,45.273487,64.893841,0.602123,0.924016,1.335391,12.436890,42.288629,0.203486,0.104542,1.290726,3.226715,5.083186,0.900741,1.922527,1.776060,1.479761,1.764359,1.912079,0.303594,1.397281,0.932650,3.042660,0.733294,0.025485,0.025607,1.230972,1.219818,0.240774,0.533009,2.842478,1.751341,0.109268,1.612121,1.837039,0.015729,0.040523,0.099453
catalyst,Base_Seq,default,0.494648,0.496208,1.114448,0.461756,0.591533,1.764259,1.596458,1.593326,1.724067,1.231808,0.671038,0.220612,0.220721,0.009972,0.043048,0.440892,1.758354,1.130806,1.950375,0.123846,2.000996,2.236494,1.796642,2.030817,2.906264,1.093838,2.660308,45.409437,65.463261,0.618094,0.960789,1.350004,12.233048,42.002989,0.197783,0.129067,1.314290,3.381280,5.034000,0.932269,1.934344,1.769463,1.749283,1.935120,1.969371,0.302430,1.396917,0.931824,3.129807,0.695692,0.025149,0.025260,1.230432,1.218979,0.244640,0.527474,2.732453,1.741034,0.114226,1.718170,1.839498,0.015614,0.039770,0.098169
catalyst,Base_Seq,default,0.488861,0.489987,1.192160,0.493779,0.597037,1.743606,1.754736,1.649861,1.698140,1.226429,0.716216,0.220271,0.220927,0.010231,0.040397,0.441440,1.764018,1.123912,1.951555,0.128046,1.955854,2.252048,1.795557,2.009865,2.906271,1.124477,2.668303,45.251160,65.048240,0.610437,0.926161,1.425060,12.246392,42.230896,0.195630,0.100118,1.272264,3.341880,5.002276,0.909608,1.889430,1.777034,1.518928,1.766922,1.902191,0.311922,1.439346,0.932164,2.999429,0.714993,0.026266,0.026268,1.273343,1.220430,0.236323,0.505009,2.775845,1.744571,0.107322,1.738846,1.825078,0.015633,0.040036,0.098429
catalyst,Base_Seq,default,0.484907,0.485932,1.123165,0.462607,0.591641,1.855930,1.591318,1.592565,1.725955,1.346955,0.669073,0.220683,0.220855,0.009947,0.040094,0.441155,1.755227,1.113965,1.939761,0.120093,1.940950,2.242200,1.835913,1.968873,2.898118,1.177775,2.652788,45.901523,65.826133,0.598458,0.925502,1.336516,12.831407,42.544403,0.196726,0.104653,1.365142,3.237398,4.989002,0.901629,1.871573,1.759704,1.551995,1.780540,1.881080,0.299162,1.404492,0.930593,3.012182,0.692346,0.025087,0.025285,1.229140,1.216784,0.239758,0.527268,2.708431,1.749720,0.105563,1.608902,1.838056,0.015700,0.039569,0.097734
catalyst,Base_Seq,default,0.490366,0.530356,1.120377,0.481098,0.602189,1.848693,1.612300,1.615459,1.725590,1.346346,0.676567,0.220112,0.228538,0.010297,0.042689,0.454206,1.815894,1.162853,1.923576,0.120147,1.928573,2.212187,1.893810,1.967337,2.909845,1.091727,2.664255,44.825640,64.985530,0.610855,0.925196,1.330694,12.165102,42.035036,0.196471,0.103956,1.302707,3.260557,5.007679,0.900832,1.876561,1.770028,1.479547,1.834542,1.901994,0.303525,1.395507,0.932894,3.029861,0.692368,0.025136,0.025285,1.233871,1.220197,0.239151,0.527570,2.823609,1.741673,0.108765,1.611712,1.849103,0.015655,0.039819,0.098015
ec2-c5n,Base_Seq,default,0.386073,0.379365,0.531174,0.430859,0.553793,1.362295,1.445859,1.454035,1.859944,0.951706,0.658958,0.066879,0.063832,0.014414,0.044222,0.143396,1.373728,0.977760,1.568052,0.115025,1.564728,2.195326,1.305891,1.134847,2.318227,0.200284,1.838158,5.239745,6.998033,0.440204,0.185707,1.249517,9.386767,4.237169,0.048718,0.099244,0.945885,2.636522,3.712065,0.171605,1.285646,1.411357,1.534291,1.409205,1.284896,0.296213,0.822983,0.758495,1.642097,0.445127,0.029016,0.029085,1.017007,1.010215,0.213803,0.333366,2.074227,1.230366,0.124936,1.553085,1.850402,0.029842,0.033301,0.080278
ec2-c5n,Base_Seq,default,0.423487,0.416703,0.535016,0.430320,0.554483,1.381237,1.633150,1.669454,1.847493,0.966373,0.669482,0.067052,0.064173,0.014441,0.046975,0.144122,1.386457,1.003341,1.700616,0.117194,1.696946,2.279019,1.370573,1.258363,2.394183,0.200905,1.892403,5.817063,7.697046,0.442336,0.181157,1.290256,10.083318,4.139727,0.047233,0.107891,0.983210,2.857446,4.009900,0.170974,1.356830,1.533514,1.663176,1.512591,1.353817,0.300857,0.821779,0.773559,1.693753,0.445337,0.029504,0.029407,1.019058,1.017889,0.215904,0.334665,2.176232,1.230977,0.127902,1.552056,1.853050,0.031343,0.037314,0.086567
ec2-c5n,Base_Seq,default,0.397111,0.388640,0.534400,0.430687,0.557516,1.364571,1.477331,1.492113,1.863629,0.959200,0.656348,0.067012,0.068546,0.014497,0.045060,0.144297,1.370892,0.974140,1.611166,0.115709,1.616123,2.229156,1.324284,1.137855,2.365264,0.201511,1.856835,5.661923,7.393079,0.441207,0.209927,1.273449,9.623830,4.379672,0.052426,0.104318,0.975299,2.722458,3.794806,0.190547,1.315659,1.451906,1.583473,1.446864,1.310671,0.297904,0.822257,0.756473,1.666423,0.445707,0.029360,0.029238,1.016492,1.015582,0.217846,0.333319,2.100970,1.231155,0.126225,1.552933,1.850417,0.030174,0.034550,0.081737
ec2-c5n,Base_Seq,default,0.427719,0.418789,0.537759,0.432258,0.563065,1.365429,1.489870,1.509301,1.872092,0.962959,0.688033,0.067209,0.068524,0.014639,0.047130,0.144072,1.380645,0.990086,1.701566,0.116690,1.708086,2.237105,1.366841,1.190962,2.373526,0.201747,1.891281,5.515622,7.177242,0.444140,0.213646,1.324798,10.100005,4.408805,0.053657,0.109914,1.001690,2.905506,3.982760,0.188068,1.353914,1.534384,1.666099,1.516451,1.350666,0.297989,0.820935,0.770649,1.698683,0.445102,0.029349,0.029385,1.017169,1.016679,0.219590,0.331999,2.146552,1.230749,0.129668,1.550842,1.851571,0.031106,0.038168,0.085137
ec2-c5n,Base_Seq,default,0.412586,0.406939,0.534943,0.431430,0.549799,1.390188,1.467248,1.469070,1.808770,0.970319,0.683325,0.066635,0.063831,0.014483,0.046518,0.143496,1.382503,0.996757,1.664201,0.114557,1.646578,2.296008,1.357278,1.103039,2.376013,0.201937,1.904908,5.779767,7.293372,0.423691,0.199204,1.125301,10.014521,4.021947,0.049543,0.106158,0.904948,2.778695,3.894928,0.198211,1.370469,1.473245,1.620019,1.481603,1.356472,0.299886,0.812264,0.764384,1.692899,0.445198,0.029284,0.029339,1.018147,1.016736,0.216382,0.332847,2.173340,1.226003,0.127918,1.552785,1.853040,0.030629,0.034301,0.083939
ec2-c5n,Base_Seq,default,0.444917,0.430792,0.540152,0.431268,0.563254,1.398277,1.470541,1.491840,1.885512,0.985902,0.682618,0.067030,0.068573,0.014407,0.047862,0.143948,1.401072,1.009568,1.717576,0.115842,1.720157,2.275454,1.397984,1.218118,2.435992,0.201470,1.930662,6.517262,8.344641,0.444298,0.234729,1.327077,10.278131,4.804067,0.057679,0.111514,0.996913,2.919476,3.997133,0.208882,1.398767,1.571428,1.695057,1.537873,1.382444,0.303196,0.822920,0.775725,1.732731,0.446694,0.030279,0.030310,1.016988,1.016738,0.215873,0.332367,2.193096,1.232024,0.127469,1.554146,1.857048,0.030142,0.035552,0.087462
ec2-c5n,Base_Seq,default,0.414161,0.409362,0.539617,0.431689,0.541579,1.380581,1.437111,1.439489,1.830597,0.970746,0.626067,0.066873,0.063962,0.015235,0.047780,0.143362,1.371072,1.002529,1.679822,0.117732,1.724453,2.265717,1.375877,1.162401,2.406710,0.201074,1.908128,5.628488,7.265490,0.423991,0.200981,1.103052,10.171685,4.008394,0.049581,0.110148,0.911108,2.947241,3.937638,0.179960,1.378669,1.543580,1.689786,1.513665,1.360895,0.297634,0.821811,0.764944,1.706992,0.445127,0.029116,0.029061,1.015860,1.015547,0.212604,0.332435,2.175842,1.231425,0.129741,1.551820,1.850922,0.031125,0.034496,0.086003
ec2-c5n,Base_Seq,default,0.419216,0.406022,0.535179,0.431409,0.551080,1.368264,1.437901,1.438471,1.829957,0.966658,0.683121,0.067060,0.063860,0.014384,0.045912,0.143956,1.373652,1.002014,1.638575,0.115544,1.637942,2.255328,1.354007,1.138911,2.376561,0.201498,1.881920,5.862235,7.614221,0.440951,0.207753,1.292980,9.892276,4.100944,0.054332,0.107180,0.984418,2.815223,3.871120,0.194449,1.353403,1.503156,1.613643,1.469117,1.340776,0.299696,0.822011,0.769998,1.697309,0.445441,0.029009,0.029202,1.017315,1.016014,0.213320,0.332618,2.158253,1.231682,0.128641,1.551909,1.853901,0.029685,0.031683,0.084335
ec2-c5n,Base_Seq,default,0.399899,0.391695,0.532715,0.431347,0.561301,1.358107,1.483403,1.512026,1.893761,0.960321,0.669456,0.067279,0.064044,0.014372,0.044029,0.143528,1.383970,0.978969,1.608194,0.115689,1.610109,2.240421,1.333019,1.254107,2.366212,0.200678,1.857842,5.795055,7.393759,0.443806,0.218912,1.323292,9.690124,4.617627,0.055307,0.104101,0.999827,2.829191,3.865461,0.203670,1.334195,1.492125,1.597957,1.457204,1.322806,0.299406,0.821696,0.751641,1.671731,0.445254,0.029083,0.029151,1.017350,1.018316,0.215732,0.333225,2.121125,1.230980,0.125831,1.552767,1.848711,0.030139,0.032916,0.083307
ec2-c5n,Base_Seq,default,0.421230,0.410011,0.536519,0.431343,0.558417,1.376291,1.463334,1.489202,1.862385,0.966625,0.663390,0.067107,0.068437,0.014525,0.047208,0.144180,1.389396,0.997433,1.658800,0.115383,1.664678,2.277524,1.368850,1.141500,2.382349,0.200960,1.897607,5.180936,6.722305,0.440845,0.205322,1.297297,10.040227,4.576619,0.053119,0.109706,0.988209,2.846662,3.961767,0.184593,1.370638,1.518077,1.651965,1.494742,1.367374,0.297398,0.821935,0.757828,1.704555,0.445623,0.029114,0.029103,1.017990,1.015249,0.217925,0.333132,2.173483,1.232001,0.128367,1.551883,1.852464,0.030206,0.033341,0.085033
ec2-c5n,Base_Seq,default,0.411219,0.398214,0.533751,0.430381,0.557625,1.356839,1.460326,1.492686,1.875153,0.956097,0.676153,0.067344,0.068617,0.014517,0.045122,0.144382,1.370626,0.982351,1.638292,0.115613,1.640129,2.238538,1.333168,1.183790,2.356782,0.200675,1.856686,6.176849,7.829331,0.444566,0.215569,1.304259,9.780986,4.613824,0.054229,0.105309,0.983746,2.775726,3.919431,0.193296,1.326166,1.491939,1.605502,1.469779,1.320966,0.297227,0.821704,0.753145,1.674612,0.445211,0.029116,0.029147,1.014231,1.016607,0.221086,0.332745,2.115807,1.230840,0.127302,1.552828,1.852252,0.030331,0.033533,0.083904
ec2-c5n,Base_Seq,default,0.408419,0.401041,0.536970,0.431157,0.550013,1.371686,1.482759,1.487778,1.837794,0.965180,0.649577,0.066767,0.063907,0.014364,0.045927,0.143662,1.368968,0.996289,1.641443,0.115741,1.627307,2.243803,1.344691,1.098858,2.352926,0.201331,1.875201,5.584003,7.161354,0.423600,0.191695,1.072084,9.860427,4.669216,0.048157,0.104672,0.915719,2.842049,3.947208,0.174361,1.340737,1.481246,1.606583,1.457000,1.335348,0.294952,0.821885,0.763050,1.680747,0.445146,0.029289,0.029077,1.014761,1.013211,0.218439,0.333575,2.140391,1.231248,0.129007,1.551839,1.852959,0.030525,0.033681,0.082404
ec2-c5n,Base_Seq,default,0.423323,0.409556,0.536414,0.432134,0.554985,1.397188,1.447422,1.481176,1.852269,0.979372,0.679536,0.066990,0.068582,0.014433,0.045963,0.144074,1.398954,1.003267,1.677318,0.114841,1.661887,2.288111,1.378468,1.216822,2.419661,0.201238,1.916487,6.130960,7.760235,0.447035,0.226610,1.338893,9.971060,4.576920,0.057964,0.108322,0.994755,2.879964,3.890679,0.210825,1.375297,1.522975,1.639482,1.489610,1.362004,0.295006,0.822153,0.771183,1.702972,0.444535,0.030139,0.029941,1.017519,1.017627,0.215279,0.332515,2.169683,1.230870,0.125624,1.553443,1.853159,0.030098,0.034950,0.086094
ec2-c5n,Base_Seq,default,0.419358,0.410004,0.532185,0.430330,0.551191,1.368425,1.481143,1.474360,1.811469,0.956685,0.672336,0.066890,0.064031,0.014906,0.046078,0.143504,1.372907,0.996407,1.640611,0.115459,1.637654,2.258976,1.337018,1.156125,2.337527,0.201433,1.873561,5.647131,7.288914,0.424449,0.220109,1.081528,9.807978,4.144880,0.054340,0.106253,0.919140,2.723317,3.933291,0.211528,1.327581,1.447098,1.585932,1.430964,1.326726,0.296483,0.821922,0.765054,1.678327,0.444082,0.029026,0.029167,1.014359,1.016265,0.216404,0.332202,2.136401,1.230696,0.125984,1.552142,1.852035,0.031288,0.037585,0.082656
ec2-c5n,Base_Seq,default,0.433689,0.420799,0.540198,0.430510,0.556500,1.381871,1.449641,1.473610,1.868754,0.974655,0.659857,0.066832,0.064105,0.014406,0.048134,0.143689,1.376149,1.009495,1.707425,0.116230,1.703830,2.285839,1.400981,1.143991,2.406384,0.201329,1.932414,6.301335,7.926212,0.441067,0.200730,1.307603,10.169297,4.599094,0.050849,0.111421,0.982484,2.953048,3.999723,0.195799,1.407551,1.548227,1.686381,1.514535,1.393190,0.299803,0.821973,0.767066,1.730704,0.445525,0.029045,0.029155,1.016749,1.016311,0.214873,0.333111,2.202933,1.232499,0.126467,1.552742,1.853593,0.030138,0.032827,0.087104
ec2-c5n,Base_Seq,default,0.427270,0.412820,0.538138,0.430370,0.559611,1.387788,1.468770,1.487759,1.856616,0.973448,0.685296,0.066981,0.064081,0.014459,0.047147,0.143577,1.376579,1.007786,1.713811,0.115311,1.710433,2.290524,1.404469,1.261413,2.412523,0.200634,1.931590,5.959915,7.634994,0.443706,0.209638,1.337621,10.218846,4.256620,0.054923,0.110777,1.003311,2.967237,3.999292,0.202162,1.407336,1.551169,1.694482,1.534199,1.399278,0.302852,0.822044,0.767911,1.726394,0.445982,0.029376,0.029276,1.017034,1.018132,0.215701,0.332998,2.188158,1.230892,0.127915,1.552672,1.853400,0.030306,0.031550,0.087003
ec2-c5n,Base_Seq,default,0.428185,0.420992,0.538808,0.431272,0.553903,1.383792,1.472586,1.514188,1.850543,0.973334,0.667931,0.067107,0.068672,0.014658,0.048532,0.144064,1.379090,1.016282,1.749165,0.116147,1.744777,2.291549,1.395142,1.144462,2.411938,0.200785,1.929547,6.147279,7.736345,0.441457,0.226760,1.302306,10.218181,4.349527,0.056841,0.113494,0.983689,2.917771,3.999778,0.209627,1.398329,1.553365,1.705414,1.534749,1.389933,0.298485,0.821817,0.766645,1.728834,0.445401,0.029318,0.029170,1.014464,1.017161,0.219366,0.333359,2.209230,1.231590,0.126712,1.553060,1.853691,0.030506,0.033983,0.087544
ec2-c5n,Base_Seq,default,0.442769,0.429930,0.536732,0.431733,0.553736,1.379902,1.488041,1.512394,1.841814,0.972212,0.665091,0.067153,0.068618,0.014555,0.048877,0.144115,1.372585,1.010463,1.723925,0.116045,1.736404,2.294324,1.396349,1.192932,2.397913,0.200601,1.925432,5.902177,7.562680,0.445981,0.204344,1.333078,10.259363,4.130077,0.052392,0.113388,0.995984,2.952751,4.000418,0.188533,1.397237,1.567391,1.700893,1.519390,1.387085,0.302050,0.821812,0.765801,1.728780,0.445323,0.029139,0.029086,1.013602,1.016773,0.220436,0.333004,2.212785,1.232898,0.127074,1.551727,1.853705,0.030566,0.033835,0.086426
ec2-c5n,Base_Seq,default,0.439808,0.427888,0.537751,0.430734,0.544257,1.387223,1.468776,1.476808,1.805909,0.977139,0.662757,0.067096,0.063925,0.014619,0.049067,0.143699,1.376337,1.011619,1.758827,0.116767,1.730121,2.284954,1.392433,1.105935,2.406348,0.201533,1.928542,5.098541,6.761529,0.426906,0.213701,1.132017,10.154038,4.118932,0.051522,0.111434,0.924284,2.938483,3.956675,0.197097,1.405149,1.539641,1.694857,1.500852,1.395193,0.296794,0.822041,0.764870,1.727431,0.445477,0.029084,0.029088,1.013235,1.012746,0.217427,0.333550,2.209466,1.232556,0.127651,1.552888,1.853286,0.030316,0.033902,0.085882
ec2-c5n,Base_Seq,default,0.444248,0.430166,0.544158,0.431503,0.559927,1.411075,1.470837,1.490499,1.857807,0.989418,0.656063,0.067088,0.068648,0.014576,0.048435,0.144061,1.398470,1.036486,1.754250,0.116649,1.760499,2.337543,1.435751,1.218961,2.484357,0.201755,1.985005,5.610242,7.411856,0.446509,0.200901,1.353475,10.328245,4.515932,0.053234,0.113564,0.998536,2.965998,4.066250,0.180540,1.444864,1.586900,1.720694,1.556745,1.432451,0.301004,0.822072,0.761508,1.767506,0.444978,0.029861,0.029922,1.008624,1.016920,0.215270,0.333123,2.247101,1.232346,0.127053,1.553186,1.856524,0.030230,0.034936,0.088803
ec2-c5n,Base_Seq,default,0.432213,0.426532,0.539267,0.432133,0.546241,1.389894,1.501389,1.505382,1.801114,0.975387,0.647072,0.066818,0.064200,0.015083,0.048490,0.144554,1.377782,1.011601,1.735686,0.115303,1.717785,2.299450,1.389590,1.166836,2.404706,0.202688,1.937789,6.052477,7.746761,0.427420,0.214280,1.126495,10.091172,4.161182,0.052609,0.109704,0.912781,2.894988,3.998909,0.198117,1.393921,1.555819,1.721086,1.546281,1.401334,0.299748,0.788439,0.760988,1.729078,0.445893,0.029407,0.029157,1.015330,1.016232,0.214366,0.333167,2.213106,1.227726,0.128034,1.552932,1.853595,0.029743,0.031745,0.086393
ec2-c6a,Base_Seq,default,0.190212,0.192818,0.483442,0.428609,0.426705,0.521353,1.350931,1.355058,1.253237,0.373694,0.429240,0.063318,0.062898,0.013266,0.022561,0.185825,0.778300,0.513692,0.706951,0.056117,0.694283,0.864489,0.646728,0.681933,0.978448,0.146224,0.749334,3.449799,4.718957,0.369774,0.112653,0.530880,3.998856,3.288187,0.030655,0.056695,0.608343,1.142688,1.990865,0.107016,0.560906,0.600251,0.923566,0.606949,0.547655,0.199270,0.658519,0.659220,0.781672,0.318514,0.011704,0.012085,0.638743,0.787336,0.156487,0.230676,0.908892,0.948060,0.084760,1.603435,1.759302,0.020406,0.013621,0.029410
ec2-c6a,Base_Seq,default,0.183471,0.224066,0.481937,0.428924,0.438302,0.543470,1.349958,1.354363,1.241621,0.412812,0.430891,0.062988,0.063378,0.013211,0.022695,0.188013,0.701075,0.519341,0.646343,0.055851,0.768789,0.919448,0.680746,0.709393,0.979038,0.146837,0.758136,3.442092,4.721386,0.390267,0.111172,0.777479,3.997843,3.254660,0.029263,0.072174,0.694124,1.129697,1.982861,0.102683,0.786402,0.498989,0.959850,0.590906,0.588523,0.237509,0.657330,0.665426,0.798437,0.316443,0.011436,0.012859,0.639039,0.783660,0.152776,0.229386,0.969669,0.947634,0.083757,1.603709,1.759949,0.020404,0.013932,0.032372
ec2-c6a,Base_Seq,default,0.198053,0.208292,0.483540,0.428712,0.429436,0.503130,1.350365,1.354657,1.247569,0.362698,0.430760,0.064445,0.063064,0.013063,0.022328,0.185714,0.698232,0.557316,0.660431,0.057417,0.850783,0.837308,0.783334,0.689436,0.976145,0.146453,0.828371,3.451770,4.752389,0.384281,0.111479,0.725896,3.986624,3.229185,0.030227,0.063863,0.705007,1.158175,1.944173,0.106371,0.690277,0.606316,1.042807,0.746840,0.614272,0.200195,0.656465,0.657027,0.780026,0.316187,0.011246,0.012052,0.638000,0.784715,0.157321,0.230281,0.960751,0.949695,0.084603,1.601441,1.759716,0.020373,0.013626,0.028891
ec2-c6a,Base_Seq,default,0.160898,0.173385,0.483108,0.428273,0.427473,0.491244,1.347477,1.346185,1.247775,0.411998,0.428348,0.062301,0.060539,0.012828,0.022237,0.183401,0.774286,0.512900,0.590362,0.053970,0.533907,0.779204,0.585832,0.680804,0.972224,0.141893,0.673571,3.435638,5.242437,0.363711,0.108832,0.499698,4.247782,3.268935,0.030473,0.055187,0.604303,1.189739,2.002683,0.103453,0.509364,0.431224,0.841475,0.438849,0.490823,0.232886,0.655051,0.656418,0.765821,0.316097,0.010906,0.011905,0.638969,0.780520,0.149023,0.228280,0.864937,0.944849,0.082647,1.604126,1.761254,0.020445,0.013614,0.036866
ec2-c6a,Base_Seq,default,0.219839,0.260198,0.491405,0.428098,0.440767,0.544103,1.349117,1.352740,1.244608,0.363691,0.429517,0.064571,0.062697,0.013125,0.023080,0.185746,0.771854,0.525658,0.701168,0.056264,0.961447,0.920516,0.593821,0.720310,0.979271,0.147493,0.804769,3.319396,4.873508,0.374189,0.112349,0.936937,5.197940,3.274619,0.031618,0.081363,0.633853,1.611423,2.030197,0.102401,0.758181,0.579477,1.075009,0.802408,0.674096,0.199029,0.656352,0.644840,0.778977,0.316493,0.011349,0.012124,0.637857,0.784112,0.153589,0.229228,1.015137,0.946580,0.084729,1.601592,1.763393,0.020467,0.013539,0.041464
ec2-c6a,Base_Seq,default,0.135546,0.155810,0.483455,0.428164,0.426039,0.496357,1.349226,1.368434,1.247944,0.369165,0.428026,0.062088,0.060900,0.012767,0.022785,0.181511,0.691645,0.526964,0.651894,0.054120,0.639425,0.777258,0.563304,0.692514,0.969974,0.141556,0.761861,3.452628,4.865785,0.362971,0.105466,0.524128,3.626906,3.300752,0.028691,0.052993,0.589486,1.090267,1.918586,0.103480,0.536125,0.490118,0.855104,0.481896,0.505853,0.233575,0.653683,0.655248,0.776714,0.315454,0.010906,0.011969,0.637569,0.779211,0.153665,0.227854,0.808549,0.945488,0.081902,1.601524,1.756979,0.020489,0.013527,0.027221
ec2-c6a,Base_Seq,default,0.193276,0.221852,0.482230,0.427833,0.444863,0.541339,1.348065,1.352678,1.242660,0.374607,0.428966,0.062668,0.063390,0.013165,0.022947,0.186488,0.697626,0.513628,0.688523,0.056138,0.790211,0.807140,0.710221,0.700492,0.967027,0.147491,0.823543,3.397073,4.818480,0.382367,0.109007,0.797943,4.210527,3.153009,0.030544,0.067669,0.586861,1.172392,1.969199,0.105410,0.808445,0.580401,1.058676,0.646407,0.661731,0.247781,0.655621,0.659413,0.777504,0.316030,0.011342,0.011938,0.637940,0.783874,0.151115,0.232801,1.028992,0.946038,0.084464,1.601173,1.759856,0.020267,0.013532,0.039027
ec2-c6a,Base_Seq,default,0.195503,0.196865,0.485820,0.427911,0.427660,0.500444,1.351970,1.355873,1.236593,0.411999,0.428036,0.064601,0.062813,0.013146,0.022785,0.185436,0.704837,0.512592,0.655215,0.056185,0.629501,0.858194,0.580106,0.681942,0.980471,0.148286,0.785039,3.305707,4.849121,0.369155,0.113438,0.551909,4.028455,3.279788,0.030616,0.058252,0.611479,1.189394,1.998413,0.106529,0.553535,0.514097,0.874590,0.513140,0.514856,0.236467,0.656991,0.637445,0.774133,0.316953,0.011414,0.012029,0.637838,0.785601,0.157384,0.229392,0.831373,0.947042,0.085562,1.601566,1.760083,0.020416,0.013547,0.032963
ec2-c6a,Base_Seq,default,0.227367,0.273711,0.487440,0.428269,0.432234,0.521539,1.347356,1.351991,1.245938,0.400903,0.428706,0.062827,0.063107,0.013047,0.022788,0.187884,0.780275,0.512541,0.673168,0.055795,0.856785,0.829469,0.692214,0.706747,0.980171,0.144790,0.755539,3.447770,4.706306,0.389455,0.106836,0.938646,4.058643,3.234088,0.030274,0.070908,0.714571,1.222414,1.978442,0.106796,0.732140,0.572626,1.091207,0.763630,0.578549,0.242633,0.655741,0.659536,0.776780,0.315702,0.011267,0.012990,0.639274,0.783707,0.150553,0.228739,1.078092,0.945987,0.083614,1.601528,1.757945,0.020430,0.013948,0.033980
ec2-c6a,Base_Seq,default,0.246081,0.236801,0.488906,0.427961,0.430085,0.520494,1.348043,1.352221,1.260672,0.362674,0.429010,0.064259,0.062630,0.013801,0.022872,0.185529,0.779494,0.514214,0.684668,0.057543,0.766303,0.843224,0.770945,0.689860,0.977320,0.144736,0.781760,3.452565,4.726244,0.384829,0.112425,0.838059,4.378371,3.240820,0.032404,0.073039,0.716108,1.269060,2.007774,0.105073,0.677091,0.618908,1.036251,0.739481,0.605976,0.240026,0.656800,0.655374,0.774898,0.316016,0.011355,0.011989,0.637971,0.784567,0.155121,0.229122,0.942311,0.946545,0.085077,1.600690,1.759238,0.020324,0.013556,0.037648
ec2-c6a,Base_Seq,default,0.162488,0.177461,0.479333,0.427909,0.428299,0.520045,1.346854,1.346543,1.231410,0.364958,0.428242,0.062244,0.060690,0.012704,0.023386,0.181382,0.702360,0.524882,0.688260,0.054142,0.698461,0.841765,0.526797,0.679552,0.969731,0.141252,0.715388,3.434108,4.616909,0.362959,0.104921,0.510493,4.103736,3.279846,0.028902,0.055516,0.597399,1.192211,1.962588,0.102977,0.689099,0.544050,0.889955,0.546776,0.520171,0.233521,0.653733,0.634937,0.767572,0.314653,0.010825,0.012007,0.637516,0.778979,0.148981,0.227337,0.809035,0.943579,0.081987,1.601191,1.758537,0.020457,0.013548,0.029316
ec2-c6a,Base_Seq,default,0.187205,0.229964,0.483183,0.427934,0.436041,0.520163,1.347303,1.350946,1.243240,0.368357,0.428746,0.064546,0.062650,0.013107,0.022442,0.185786,0.701850,0.513201,0.648631,0.055814,0.756408,0.916055,0.713601,0.698273,0.981507,0.145158,0.771203,3.461935,4.734557,0.386906,0.108027,0.944620,3.975306,3.262972,0.031229,0.070422,0.711988,1.330682,1.944446,0.105899,0.918099,0.518235,0.980572,0.638314,0.674281,0.243330,0.656652,0.656378,0.777111,0.316135,0.011092,0.011894,0.637624,0.784217,0.152323,0.228487,1.005159,0.946050,0.084289,1.601626,1.758078,0.020235,0.013532,0.033886
ec2-c6a,Base_Seq,default,0.163255,0.176759,0.479621,0.428072,0.424711,0.496527,1.346489,1.347010,1.245618,0.362958,0.428182,0.062263,0.060876,0.012598,0.021648,0.181448,0.697570,0.526354,0.628933,0.053957,0.578687,0.851400,0.557904,0.681551,0.968760,0.145104,0.704877,3.386356,4.707068,0.362285,0.108772,0.542860,3.577292,3.150482,0.028024,0.053002,0.623841,1.061248,1.915362,0.101803,0.530495,0.463421,0.851453,0.455975,0.503344,0.196289,0.654166,0.655335,0.772864,0.314690,0.010860,0.011817,0.637702,0.779023,0.147231,0.227623,0.810250,0.946091,0.081799,1.600962,1.758829,0.020378,0.013542,0.026693
ec2-c6a,Base_Seq,default,0.195457,0.240183,0.487778,0.427960,0.445020,0.545187,1.347488,1.351397,1.238619,0.410449,0.428625,0.062652,0.063276,0.013224,0.023028,0.186445,0.781640,0.528088,0.698893,0.056080,0.955005,0.922900,0.721489,0.698504,0.980276,0.146603,0.855258,3.459817,4.870704,0.374597,0.107410,0.754289,4.067389,3.284471,0.032679,0.072600,0.653476,1.296182,1.956503,0.105997,0.806881,0.548373,1.016465,0.723331,0.657682,0.244489,0.655296,0.668916,0.798496,0.315574,0.011149,0.012042,0.637697,0.783315,0.151719,0.228916,1.069959,0.947031,0.084631,1.601856,1.760293,0.020357,0.013529,0.035311
ec2-c6a,Base_Seq,default,0.198062,0.204098,0.486826,0.428014,0.430557,0.500399,1.348098,1.351653,1.249358,0.371073,0.428363,0.064266,0.062861,0.013176,0.022988,0.185390,0.705371,0.512432,0.721503,0.056340,0.714218,0.855451,0.571098,0.680888,0.974604,0.147760,0.776890,3.442147,4.859595,0.369442,0.107610,0.555444,4.173138,3.341194,0.030226,0.061824,0.613677,1.204521,2.057207,0.105729,0.543210,0.603602,0.921133,0.616600,0.548852,0.239319,0.656652,0.664198,0.782021,0.316737,0.011444,0.012019,0.637635,0.785426,0.155020,0.230514,0.892523,0.947651,0.084968,1.601209,1.766577,0.020401,0.013549,0.033211
ec2-c6a,Base_Seq,default,0.193800,0.250627,0.479598,0.427989,0.434173,0.520772,1.347689,1.351731,1.241360,0.376278,0.428771,0.062657,0.063094,0.013024,0.022949,0.187839,0.702978,0.513007,0.683703,0.055868,0.884647,0.901475,0.693380,0.708284,0.978218,0.146040,0.699681,3.440721,4.846860,0.391635,0.110647,0.872718,4.469911,3.255810,0.028031,0.078122,0.693402,1.404850,1.981864,0.106099,0.762498,0.614509,1.126000,0.784782,0.686657,0.202512,0.656968,0.659268,0.800848,0.316602,0.011077,0.012944,0.638374,0.783284,0.151045,0.229322,0.906187,0.949379,0.083964,1.601132,1.757442,0.020485,0.013885,0.037883
ec2-c6a,Base_Seq,default,0.218584,0.239253,0.482933,0.427893,0.434358,0.501166,1.348238,1.352040,1.239292,0.363530,0.429347,0.064545,0.062731,0.013603,0.023040,0.185497,0.777347,0.536077,0.689749,0.057364,0.802033,0.834193,0.652832,0.688448,0.987725,0.144983,0.728591,3.315236,4.835155,0.384040,0.108820,0.708636,4.271214,3.278622,0.030381,0.071524,0.715153,1.238510,2.012913,0.110774,0.676060,0.571124,0.971314,0.631735,0.594942,0.239714,0.657315,0.641783,0.773080,0.316613,0.011381,0.012105,0.637848,0.784473,0.153710,0.229155,0.876552,0.946417,0.084720,1.601415,1.759809,0.020413,0.013540,0.035851
ec2-c6a,Base_Seq,default,0.179958,0.190214,0.482933,0.427880,0.427057,0.500236,1.346876,1.346759,1.240967,0.363609,0.428099,0.061954,0.060530,0.012760,0.022773,0.181414,0.788398,0.512238,0.674946,0.053940,0.675369,0.764943,0.524760,0.684863,0.974381,0.141791,0.672314,3.439840,4.844456,0.363226,0.109552,0.499129,4.165165,3.325869,0.029759,0.054744,0.603048,1.223600,1.985687,0.102971,0.504145,0.553691,0.873641,0.564269,0.487535,0.232351,0.655008,0.654321,0.793768,0.315170,0.010992,0.011769,0.637355,0.778866,0.147767,0.227922,0.798959,0.946019,0.081777,1.601297,1.758365,0.020475,0.014038,0.026554
ec2-c6a,Base_Seq,default,0.196141,0.248701,0.491020,0.427949,0.442416,0.523597,1.346646,1.350995,1.254854,0.413233,0.429341,0.064319,0.062639,0.013208,0.023110,0.185554,0.704123,0.525730,0.692978,0.055854,0.894297,0.905470,0.731856,0.698184,0.978563,0.144992,0.803666,3.456350,4.873329,0.386808,0.110806,0.918453,4.372807,3.290755,0.030836,0.072780,0.636786,1.494226,1.946736,0.102119,0.793323,0.530825,1.014832,0.650757,0.665759,0.199780,0.657286,0.667738,0.776539,0.316906,0.011365,0.012043,0.637497,0.783652,0.152858,0.229401,1.027935,0.946763,0.084133,1.601095,1.758066,0.020268,0.013541,0.029919
ec2-c6a,Base_Seq,default,0.159335,0.170853,0.479626,0.427879,0.427238,0.502200,1.346367,1.347355,1.240847,0.372457,0.428464,0.061785,0.060522,0.012823,0.021862,0.181476,0.781603,0.536473,0.604125,0.054071,0.542960,0.778500,0.564563,0.681707,0.972672,0.141542,0.710851,3.458208,4.868250,0.362798,0.108727,0.516979,3.766340,3.304403,0.029247,0.053765,0.598975,1.255767,1.939828,0.101775,0.529433,0.465697,0.854558,0.458910,0.530439,0.194455,0.653183,0.656258,0.767394,0.315805,0.010845,0.011975,0.637711,0.779136,0.147369,0.227459,0.806656,0.943765,0.081687,1.601490,1.761162,0.020443,0.013506,0.025970
ec2-c6a,Base_Seq,default,0.183939,0.214218,0.488134,0.427986,0.442143,0.524165,1.347288,1.351274,1.233321,0.400285,0.428776,0.063361,0.063244,0.012935,0.023196,0.186366,0.775226,0.527978,0.683380,0.075287,0.773252,0.807203,0.723854,0.699278,0.974855,0.145336,0.842802,3.460593,4.874412,0.373342,0.110324,0.748570,4.195409,3.273206,0.031429,0.066521,0.676135,1.202189,1.999037,0.105910,0.590734,0.542971,1.032946,0.706201,0.646217,0.202355,0.655649,0.651028,0.797370,0.315707,0.011105,0.011984,0.637350,0.783249,0.155100,0.228616,1.071199,0.946463,0.085213,1.601514,1.760748,0.020327,0.013499,0.040183
ec2-c6i,Base_Seq,default,0.283989,0.283547,0.419212,0.445863,0.512945,1.059285,1.432288,1.464190,1.478751,0.742918,0.537514,0.059701,0.060259,0.014449,0.030249,0.143151,1.082020,0.779537,1.124231,0.114354,1.117115,1.571612,0.988296,0.986992,1.960816,0.157566,1.481097,3.676393,5.219518,0.384489,0.129031,0.793515,6.328397,3.456989,0.033145,0.071701,0.638051,1.846673,2.453871,0.121237,0.942191,1.031780,1.203677,1.021806,0.940314,0.240194,0.744996,0.644582,1.373514,0.374340,0.020766,0.021078,0.861901,0.861459,0.171931,0.271444,1.725435,1.142535,0.115941,1.578978,1.730192,0.030421,0.029386,0.058211
ec2-c6i,Base_Seq,default,0.256171,0.252697,0.418482,0.444751,0.502122,1.017935,1.429872,1.430079,1.471004,0.718377,0.537299,0.059708,0.058917,0.014288,0.029977,0.143382,1.067072,0.753265,1.022674,0.114352,1.023849,1.509900,0.885246,0.933226,1.834876,0.157143,1.385094,3.664625,5.199856,0.383378,0.128712,0.699719,5.861423,3.416729,0.032642,0.070552,0.622667,1.745019,2.303013,0.118640,0.865097,0.948118,1.157210,0.927891,0.864212,0.237605,0.745153,0.633116,1.312062,0.373934,0.019694,0.019814,0.862402,0.861627,0.173772,0.271512,1.645797,1.141643,0.115648,1.579336,1.725336,0.028882,0.027267,0.051884
ec2-c6i,Base_Seq,default,0.263249,0.260998,0.418718,0.445089,0.508261,1.016413,1.429707,1.430122,1.478772,0.720865,0.537619,0.059703,0.058920,0.014349,0.030096,0.143382,1.068024,0.751545,1.051483,0.114347,1.045316,1.511753,0.925654,0.969501,1.850419,0.156710,1.401937,3.669003,5.204005,0.387093,0.129081,0.758407,5.894141,3.431203,0.032920,0.070449,0.632920,1.752403,2.331397,0.119947,0.880554,0.927295,1.157203,0.925368,0.887585,0.237193,0.745076,0.633159,1.315326,0.373978,0.019751,0.020028,0.861323,0.860589,0.173167,0.271543,1.662547,1.142318,0.115262,1.578631,1.724893,0.028921,0.027268,0.052732
ec2-c6i,Base_Seq,default,0.260530,0.255895,0.421094,0.444899,0.502504,1.017882,1.431833,1.432505,1.471465,0.748740,0.537251,0.059706,0.058912,0.014090,0.030542,0.143728,1.067206,0.740922,1.061460,0.114373,1.043643,1.480630,0.886586,0.931908,1.837870,0.157486,1.367855,3.687561,5.215580,0.387271,0.129583,0.700994,5.832648,3.417038,0.032886,0.070394,0.623407,1.750154,2.275598,0.120438,0.854202,0.957464,1.163166,0.941597,0.860200,0.236823,0.745063,0.636415,1.313505,0.373712,0.019676,0.019921,0.862630,0.861872,0.173911,0.271829,1.626609,1.141128,0.115475,1.578902,1.724331,0.028767,0.027282,0.051716
ec2-c6i,Base_Seq,default,0.268050,0.263071,0.417656,0.444423,0.505371,1.008766,1.429507,1.430074,1.468763,0.748655,0.537185,0.059700,0.060262,0.014805,0.030602,0.143530,1.065041,0.749247,1.040829,0.114344,1.039128,1.512697,0.923685,0.954785,1.882153,0.157069,1.404646,3.645457,5.177454,0.384293,0.127648,0.683400,6.027798,3.418130,0.032327,0.071729,0.621476,1.801870,2.344318,0.118240,0.886525,0.953326,1.170915,0.940681,0.886328,0.237068,0.745001,0.631667,1.315569,0.374410,0.019680,0.019862,0.862371,0.861680,0.172662,0.270856,1.660167,1.142454,0.115591,1.578022,1.726851,0.028897,0.027287,0.053724
ec2-c6i,Base_Seq,default,0.258631,0.254596,0.418820,0.445272,0.504057,1.010507,1.430209,1.430277,1.471162,0.711001,0.537288,0.059707,0.058917,0.015129,0.030509,0.143307,1.068110,0.741580,1.029769,0.114345,1.026431,1.488118,0.870360,0.935149,1.888736,0.157391,1.388268,3.681984,5.204198,0.386479,0.129167,0.660289,5.966777,3.420357,0.032964,0.072059,0.620637,1.821507,2.390760,0.119286,0.874769,0.916276,1.145809,0.913874,0.875644,0.239030,0.745086,0.634639,1.315838,0.374883,0.019986,0.019825,0.862408,0.861614,0.172446,0.271466,1.642667,1.152542,0.117173,1.578367,1.726758,0.028757,0.027278,0.052425
ec2-c6i,Base_Seq,default,0.282785,0.279884,0.421639,0.446063,0.515348,1.061996,1.430257,1.430399,1.478185,0.746186,0.537874,0.059703,0.060261,0.014510,0.030151,0.143694,1.083890,0.788291,1.130981,0.114593,1.131546,1.597279,0.975551,0.986021,1.964050,0.156447,1.462438,3.712497,5.246550,0.384672,0.129403,0.817246,6.322999,3.452525,0.033055,0.071859,0.642647,1.836286,2.408645,0.121023,0.954769,0.997619,1.174448,0.994472,0.957191,0.239542,0.745267,0.636758,1.379726,0.373572,0.020598,0.020920,0.861510,0.860719,0.172133,0.271180,1.734530,1.142701,0.115224,1.580307,1.728260,0.028979,0.028984,0.055913
ec2-c6i,Base_Seq,default,0.259229,0.253770,0.417354,0.443822,0.507216,1.025060,1.429730,1.430010,1.469653,0.720707,0.537139,0.059699,0.058906,0.014480,0.030781,0.143073,1.068146,0.766880,1.035645,0.114347,1.020400,1.530073,0.922133,0.933751,1.834618,0.157567,1.432884,3.680079,5.207379,0.386291,0.129646,0.711322,5.838499,3.419050,0.032952,0.070358,0.631800,1.761571,2.427101,0.120087,0.896338,0.944881,1.161687,0.939840,0.906513,0.239663,0.744969,0.633425,1.317480,0.374752,0.019974,0.019901,0.861752,0.861022,0.173413,0.272214,1.686578,1.140681,0.115835,1.578751,1.726849,0.028745,0.027282,0.051268
ec2-c6i,Base_Seq,default,0.270526,0.265156,0.420398,0.444587,0.507533,1.044954,1.429712,1.456046,1.479034,0.716931,0.537646,0.059702,0.058908,0.014356,0.031438,0.143350,1.066736,0.773227,1.055889,0.114396,1.053225,1.561429,0.963764,0.968765,1.845114,0.158218,1.433070,3.668238,5.198495,0.384808,0.128497,0.785568,6.001423,3.423729,0.032789,0.071552,0.642352,1.769063,2.370836,0.119437,0.930868,0.959303,1.173904,0.953718,0.935326,0.238631,0.744915,0.638351,1.318582,0.374696,0.020002,0.019953,0.861332,0.860481,0.174093,0.271448,1.680313,1.142857,0.115342,1.579230,1.728941,0.028830,0.027276,0.053249
ec2-c6i,Base_Seq,default,0.256672,0.253473,0.418982,0.444462,0.504697,1.024557,1.429760,1.429849,1.471932,0.718892,0.537239,0.059705,0.058903,0.014359,0.030065,0.143101,1.064518,0.770074,1.014662,0.114351,1.013529,1.530307,0.918697,0.930513,1.847623,0.157219,1.422374,3.690062,5.214936,0.386118,0.130542,0.701250,5.929771,3.424281,0.033000,0.071340,0.625686,1.761698,2.370349,0.120753,0.929051,0.931000,1.153001,0.922586,0.921381,0.237831,0.745060,0.638537,1.316208,0.375534,0.019840,0.020061,0.861765,0.861032,0.174075,0.271484,1.664574,1.141239,0.116807,1.578295,1.727050,0.029519,0.027331,0.052332
ec2-c6i,Base_Seq,default,0.264062,0.260301,0.420437,0.446892,0.508006,1.013984,1.429516,1.429983,1.470086,0.718177,0.537186,0.059703,0.060268,0.014857,0.029996,0.143345,1.063130,0.749521,1.025461,0.114351,1.025201,1.527096,0.928129,0.954662,1.876161,0.157255,1.420342,3.648384,5.179188,0.383533,0.128204,0.688407,5.874363,3.418730,0.032468,0.070146,0.626401,1.765281,2.322745,0.118700,0.944166,0.935348,1.163867,0.929683,0.930908,0.238822,0.745001,0.639490,1.312265,0.374203,0.019865,0.020243,0.862235,0.861574,0.172305,0.272022,1.686851,1.142398,0.115062,1.578142,1.725287,0.028840,0.027278,0.052278
ec2-c6i,Base_Seq,default,0.258773,0.252122,0.422621,0.444690,0.503847,1.016484,1.429792,1.429966,1.472286,0.705296,0.537176,0.059704,0.058907,0.014733,0.031864,0.142963,1.064806,0.771526,1.029521,0.114343,1.026252,1.504450,0.898878,0.937051,1.872368,0.156651,1.375777,3.652195,5.178576,0.385319,0.128471,0.682524,5.807166,3.420176,0.032521,0.069807,0.618444,1.732289,2.263801,0.118280,0.881154,0.920126,1.147080,0.915953,0.859389,0.234882,0.745079,0.632074,1.315599,0.373897,0.019876,0.019769,0.860569,0.859810,0.172516,0.271127,1.632762,1.150429,0.116059,1.578637,1.727936,0.028783,0.027271,0.052708
ec2-c6i,Base_Seq,default,0.281523,0.279079,0.425693,0.444590,0.512678,1.084019,1.430079,1.430413,1.478146,0.760465,0.537845,0.059702,0.060265,0.014090,0.029625,0.143340,1.079402,0.772799,1.108372,0.114349,1.100254,1.583218,0.966029,0.987006,1.972356,0.160155,1.442691,3.669814,5.215764,0.384777,0.128276,0.803033,6.247444,3.453372,0.032920,0.071067,0.646719,1.849865,2.391620,0.119432,0.938032,1.002472,1.183836,0.993102,0.949629,0.239818,0.744930,0.640221,1.372777,0.373557,0.020793,0.021007,0.861321,0.860851,0.172197,0.271960,1.718759,1.143148,0.115000,1.579613,1.728918,0.028869,0.028985,0.055591
ec2-c6i,Base_Seq,default,0.270451,0.261641,0.418224,0.444883,0.501809,1.017118,1.429751,1.430037,1.471376,0.718778,0.537201,0.059702,0.058906,0.014711,0.029912,0.143420,1.066999,0.753565,1.078255,0.114347,1.037871,1.545108,0.911387,0.933502,1.834659,0.157914,1.409013,3.678072,5.201824,0.383939,0.129226,0.688127,5.962592,3.428545,0.032837,0.071480,0.624019,1.763342,2.386178,0.119752,0.886646,0.928216,1.153406,0.922880,0.889487,0.237401,0.744989,0.632832,1.320857,0.374228,0.019746,0.019897,0.861714,0.860965,0.173762,0.271799,1.644158,1.141585,0.116495,1.578820,1.725396,0.028828,0.027264,0.052024
ec2-c6i,Base_Seq,default,0.270944,0.267513,0.420336,0.444213,0.504908,1.010698,1.429513,1.446460,1.477483,0.714628,0.537826,0.059698,0.058905,0.014376,0.030248,0.143423,1.065217,0.755853,1.064573,0.114344,1.067399,1.537998,0.927338,0.970566,1.846857,0.157030,1.395444,3.692718,5.222957,0.386563,0.129109,0.777646,5.944139,3.422806,0.032934,0.070928,0.630762,1.744542,2.370509,0.120182,0.916493,0.968716,1.181817,0.954237,0.906137,0.238003,0.744927,0.635551,1.312091,0.374262,0.019802,0.020304,0.860814,0.860100,0.174041,0.271407,1.674646,1.142328,0.115405,1.578632,1.726357,0.028868,0.027280,0.052611
ec2-c6i,Base_Seq,default,0.262504,0.256370,0.419274,0.444003,0.505182,1.012216,1.429668,1.429991,1.471019,0.714268,0.537212,0.059702,0.058903,0.014780,0.030780,0.143430,1.067303,0.760347,1.058191,0.114341,1.039123,1.499914,0.904173,0.931212,1.840347,0.157451,1.393018,3.684623,5.213918,0.385091,0.130565,0.692987,5.894779,3.428506,0.033084,0.071152,0.627167,1.747845,2.321666,0.120639,0.897053,0.945285,1.160177,0.933184,0.890119,0.237937,0.745005,1.292320,1.319171,0.374045,0.019830,0.019969,0.861425,0.860568,0.174440,0.272039,1.628756,1.141423,0.115460,1.579025,1.724573,0.028737,0.027282,0.051306
ec2-c6i,Base_Seq,default,0.263982,0.261424,0.418983,0.446859,0.507452,1.013321,1.429544,1.430116,1.468861,0.713016,0.537170,0.059701,0.060258,0.014498,0.030108,0.143345,1.060663,0.764497,1.013755,0.114343,1.015707,1.509200,0.913834,0.954228,1.886475,0.157025,1.400965,3.683502,5.217536,0.383875,0.128742,0.696236,5.841513,3.432513,0.032541,0.070109,0.642006,1.724872,2.301507,0.119394,0.916601,0.927578,1.156524,0.921541,0.912823,0.237759,0.744927,0.634294,1.315252,0.373931,0.019651,0.019900,0.861279,0.860501,0.171793,0.271330,1.660895,1.142721,0.114853,1.578839,1.724371,0.028829,0.027282,0.051504
ec2-c6i,Base_Seq,default,0.263585,0.257476,0.418896,0.445770,0.502564,1.019816,1.430029,1.429779,1.470850,0.719695,0.537182,0.059701,0.058906,0.015055,0.030176,0.143282,1.066187,0.764218,1.040799,0.114345,1.029972,1.499398,0.893746,0.935686,1.885590,0.157080,1.388265,3.688751,5.213732,0.384931,0.130591,0.677521,5.882684,3.423806,0.033119,0.070952,0.620565,1.758446,2.324628,0.120894,0.865234,0.937793,1.155596,0.931449,0.887507,0.236404,0.745024,0.627922,1.321617,0.374288,0.019825,0.019857,0.861319,0.860536,0.172371,0.272292,1.657976,1.150562,0.116439,1.579991,1.725857,0.028774,0.027276,0.052275
mammoth,Base_Seq,default,0.370787,0.378253,0.325205,0.540431,0.631143,0.757125,1.313544,1.582663,1.409536,0.501838,0.639653,0.078172,0.080527,0.004251,0.034690,0.211419,0.868678,0.563142,1.406463,0.101948,1.473721,1.039242,0.879472,0.946181,1.168284,0.117475,1.113268,6.431213,10.394345,0.485753,0.252414,1.379333,11.380373,5.955308,0.056252,0.093428,0.794053,2.149099,2.786255,0.191603,0.939351,1.280876,1.383760,1.349144,0.982499,0.265611,0.763213,0.878317,1.777771,0.283089,0.014668,0.013630,0.910423,0.913753,0.136315,0.346466,1.330357,0.997525,0.107045,1.850979,2.058454,0.016270,0.029989,0.069616
mammoth,Base_Seq,default,0.334235,0.331903,0.309708,0.541768,0.587495,0.734741,1.316048,1.478656,1.000472,0.496032,0.465806,0.078213,0.078871,0.004106,0.033440,0.210712,0.868534,0.549509,1.365126,0.081873,1.341203,0.997403,0.888609,0.883049,1.163317,0.117968,1.104705,6.000147,8.270191,0.445981,0.135681,0.828871,9.224372,4.904371,0.035538,0.078455,0.637827,2.163955,2.792982,0.197402,0.930609,1.226472,1.239360,1.201271,0.969078,0.257871,0.760270,0.866273,1.783825,0.283165,0.013916,0.016102,0.915573,0.918992,0.135930,0.326656,1.277573,1.002538,0.112653,1.850774,2.058618,0.015199,0.024985,0.068385
mammoth,Base_Seq,default,0.349118,0.356127,0.315708,0.543268,0.631877,0.751158,1.275562,1.618982,1.392109,0.506226,0.596800,0.078031,0.081681,0.004226,0.034989,0.211181,0.895525,0.570483,1.397522,0.096611,1.451124,1.033416,0.895598,0.928850,1.192294,0.115715,1.115086,6.745141,9.962380,0.497581,0.375905,1.725969,10.700134,5.495968,0.076513,0.097206,0.784062,2.167936,2.787696,0.258815,0.963523,1.285487,1.406568,1.371760,0.993177,0.301861,0.757792,0.896431,1.803068,0.266289,0.014013,0.014082,0.912709,0.915050,0.132428,0.349172,1.342030,0.998820,0.104350,1.852461,2.061523,0.017807,0.038287,0.072994
mammoth,Base_Seq,default,0.329754,0.322243,0.307852,0.542798,0.588782,0.738215,1.184373,1.341314,1.116405,0.499778,0.576398,0.077957,0.078929,0.004193,0.035155,0.211014,0.870401,0.552254,1.403568,0.086359,1.408359,1.022217,0.890894,0.886751,1.166232,0.117288,1.109057,6.263467,8.688243,0.454947,0.147511,0.889140,9.986569,4.642083,0.039495,0.081405,0.638061,2.156507,2.817454,0.148500,0.929630,1.248470,1.301617,1.282427,0.961093,0.257150,0.753637,0.868983,1.788669,0.281345,0.016060,0.017407,0.912745,0.915623,0.133081,0.324614,1.281627,0.998478,0.111096,1.852145,2.054523,0.014882,0.023571,0.068748
mammoth,Base_Seq,default,0.329659,0.329012,0.305150,0.542939,0.590868,0.733510,1.302575,1.445801,0.961640,0.497927,0.449628,0.077394,0.078672,0.004132,0.035187,0.211208,0.859599,0.546309,1.410425,0.086246,1.416270,1.029493,0.872672,0.879473,1.162022,0.115602,1.112443,6.105762,8.420460,0.434487,0.163154,0.693789,8.601173,3.581988,0.038871,0.076963,0.633171,2.130721,2.794321,0.206246,0.914193,1.223051,1.273496,1.271446,0.952395,0.258984,0.759297,0.864961,1.785624,0.263934,0.013725,0.013818,0.912594,0.916324,0.131682,0.326032,1.266631,0.998644,0.114460,1.853405,2.060665,0.016338,0.028230,0.068366
mammoth,Base_Seq,default,0.361005,0.367897,0.318524,0.539457,0.630819,0.757464,1.410847,1.786544,1.368862,0.506890,0.598062,0.078067,0.079165,0.004179,0.036223,0.210320,0.858296,0.563532,1.407575,0.094180,1.453929,1.033949,0.891240,0.944661,1.165008,0.116645,1.108578,7.065480,11.747059,0.486554,0.232922,1.459158,11.362270,5.618768,0.052296,0.090703,0.801041,2.153452,2.860534,0.211726,0.965499,1.270763,1.363226,1.329137,0.981484,0.257590,0.760983,0.872294,1.749182,0.282184,0.017529,0.021435,0.910702,0.914552,0.131530,0.347286,1.325181,0.999235,0.110199,1.850754,2.058230,0.016185,0.035134,0.070475
mammoth,Base_Seq,default,0.322831,0.312621,0.303998,0.542937,0.590196,0.732585,1.224703,1.399812,0.972727,0.495575,0.443826,0.077832,0.078896,0.004145,0.035754,0.210159,0.871585,0.554208,1.400484,0.089187,1.404987,1.024299,0.886042,0.876682,1.185039,0.117695,1.103746,6.722497,8.509428,0.437036,0.149510,0.704881,8.585640,5.622810,0.036785,0.076601,0.629618,2.149413,2.793782,0.146109,0.917500,1.223690,1.279291,1.269309,0.953770,0.257131,0.759999,0.871319,1.738718,0.281790,0.014989,0.016981,0.913318,0.918924,0.133554,0.326333,1.270265,1.000340,0.116792,1.851959,2.055733,0.014713,0.022449,0.067989
mammoth,Base_Seq,default,0.357512,0.371928,0.323257,0.541455,0.634428,0.752565,1.250013,1.559515,1.416988,0.501849,0.634011,0.078068,0.080614,0.004260,0.034564,0.210452,0.870705,0.560701,1.414547,0.101844,1.474456,1.035656,0.889119,0.954970,1.182036,0.116247,1.105330,6.664268,10.119490,0.488975,0.287789,1.448237,10.846092,6.483198,0.060702,0.088878,0.801182,2.140191,2.800059,0.205495,0.952587,1.277496,1.388828,1.343593,0.981635,0.260840,0.761468,0.874392,1.779993,0.266473,0.014973,0.016718,0.912249,0.915312,0.134021,0.347377,1.352242,1.001417,0.114773,1.853073,2.063174,0.016894,0.035810,0.071392
mammoth,Base_Seq,default,0.334643,0.330929,0.308890,0.542502,0.587757,0.731488,1.191842,1.349109,1.101429,0.498673,0.481381,0.078153,0.078508,0.004144,0.035345,0.210455,0.874148,0.551291,1.406538,0.092020,1.411161,1.026087,0.878703,0.888232,1.164865,0.117833,1.110177,6.617617,8.479749,0.446050,0.176916,0.828127,9.702178,6.175960,0.037307,0.082083,0.636004,2.148375,2.805867,0.150750,0.919719,1.215590,1.241584,1.202384,0.970578,0.258243,0.759207,0.865886,1.787242,0.283341,0.018306,0.017669,0.913111,0.919108,0.133874,0.326054,1.253539,1.003274,0.116640,1.852944,2.059733,0.016180,0.028662,0.068279
mammoth,Base_Seq,default,0.345109,0.364634,0.321370,0.543181,0.627405,0.753163,1.320211,1.656597,1.461233,0.505415,0.590412,0.078035,0.080935,0.004120,0.035625,0.211875,0.890889,0.567850,1.407016,0.101001,1.498603,1.061999,0.893509,0.935044,1.177274,0.115315,1.120824,7.082169,10.508230,0.498631,0.319968,1.643130,10.785879,7.391193,0.061449,0.086035,0.794125,2.167262,2.782109,0.248750,0.948911,1.301905,1.422555,1.375627,0.991473,0.300205,0.757874,0.891463,1.756055,0.277292,0.015231,0.015698,0.914542,0.916872,0.131616,0.348335,1.360418,1.001389,0.105375,1.853801,2.060419,0.018378,0.040659,0.070993
mammoth,Base_Seq,default,0.341159,0.337827,0.309473,0.541850,0.589799,0.738421,1.318236,1.471741,1.083366,0.498782,0.499564,0.078093,0.079032,0.004189,0.035237,0.211059,0.875964,0.550604,1.410423,0.094526,1.418397,1.012478,0.887070,0.882112,1.164713,0.116322,1.112904,6.690980,9.308464,0.453786,0.177686,0.887954,10.155529,5.318803,0.042549,0.084408,0.639925,2.150053,2.796246,0.207679,0.930677,1.238489,1.294993,1.274511,0.956971,0.256981,0.757516,0.865632,1.784231,0.280654,0.017181,0.018790,0.912080,0.913010,0.133586,0.326438,1.281026,0.999393,0.104391,1.851758,2.056753,0.015268,0.026040,0.066388
mammoth,Base_Seq,default,0.334338,0.332561,0.307380,0.543103,0.587333,0.734019,1.299705,1.410647,1.060556,0.500423,0.467939,0.077928,0.078841,0.004209,0.033068,0.211314,0.873391,0.553649,1.389132,0.087818,1.396879,1.016950,0.877344,0.882329,1.163926,0.116598,1.101599,6.267164,9.165915,0.435733,0.164046,0.695215,8.520774,5.705977,0.038657,0.076805,0.635600,2.140491,2.774972,0.204838,0.913987,1.205644,1.254394,1.246016,0.953006,0.253605,0.756929,0.862264,1.785327,0.264939,0.019835,0.018836,0.912388,0.916182,0.131844,0.326862,1.260945,1.001879,0.117810,1.854999,2.066279,0.017751,0.034782,0.067695
mammoth,Base_Seq,default,0.376045,0.369567,0.316363,0.542532,0.629527,0.758096,1.290274,1.672897,1.392892,0.504312,0.612641,0.078091,0.079119,0.004106,0.035998,0.211641,0.869740,0.553243,1.383325,0.088882,1.370122,1.009740,0.893147,0.941573,1.182347,0.116874,1.114285,6.588077,12.731764,0.487062,0.253842,1.444771,11.573445,6.800102,0.055747,0.086698,0.799699,2.129878,2.789985,0.202043,0.975363,1.300844,1.409019,1.362872,1.001688,0.261364,0.761313,0.862751,1.795013,0.283891,0.017057,0.017976,0.913724,0.913606,0.132586,0.348020,1.347462,1.001065,0.106555,1.853051,2.058187,0.015107,0.029080,0.068646
mammoth,Base_Seq,default,0.328109,0.327131,0.305061,0.542473,0.588861,0.733504,1.278061,1.425205,1.060915,0.497741,0.498202,0.078598,0.078764,0.004207,0.034702,0.210152,0.870220,0.547298,1.399839,0.083660,1.404364,1.016588,0.874617,0.882249,1.163554,0.117350,1.106567,6.078684,8.665618,0.435374,0.131710,0.702638,8.384905,4.750338,0.033342,0.068284,0.628719,2.137162,2.782266,0.144824,0.912845,1.209325,1.258292,1.258889,0.948061,0.255370,0.761004,0.871584,1.782045,0.264564,0.016664,0.014857,0.912463,0.915679,0.130429,0.326321,1.269108,1.001037,0.109866,1.852840,2.055961,0.017814,0.033180,0.067416
mammoth,Base_Seq,default,0.369412,0.379329,0.327332,0.539521,0.632551,0.761998,1.229499,1.516351,1.386831,0.506471,0.625037,0.077631,0.080606,0.004143,0.036308,0.211757,0.872777,0.560078,1.419995,0.093646,1.480133,1.034526,0.889275,0.954447,1.164165,0.116741,1.109058,6.698691,11.345800,0.486129,0.253841,1.414347,11.182094,5.637453,0.055812,0.094946,0.800733,2.161757,2.775037,0.192813,0.961941,1.309722,1.434686,1.395008,1.002518,0.267052,0.758828,0.895737,1.799004,0.285187,0.013869,0.014042,0.910319,0.915762,0.133655,0.345768,1.351256,0.999575,0.108236,1.851140,2.059474,0.017209,0.038287,0.070337
mammoth,Base_Seq,default,0.326017,0.313511,0.302087,0.541627,0.590560,0.732677,1.253729,1.382612,1.098404,0.497684,0.473790,0.078435,0.078810,0.004358,0.035321,0.210033,0.867843,0.548881,1.415944,0.081770,1.415513,1.018674,0.886557,0.884480,1.163288,0.117400,1.114793,4.151227,6.634120,0.448053,0.184857,0.842481,9.527433,4.268962,0.044692,0.083643,0.640218,2.167710,2.824981,0.177292,0.926107,1.233272,1.256226,1.209386,0.970858,0.255116,0.761165,0.864119,1.781825,0.283620,0.014020,0.016027,0.913154,0.920420,0.134230,0.327612,1.274911,1.000688,0.104438,1.853197,2.062057,0.016142,0.026924,0.066295
mammoth,Base_Seq,default,0.355267,0.360034,0.320124,0.544138,0.632185,0.760000,1.324426,1.712912,1.425403,0.504894,0.604578,0.077929,0.080658,0.004179,0.034637,0.211604,0.887250,0.569819,1.413893,0.098096,1.496077,1.060380,0.895855,0.935768,1.178897,0.114903,1.122732,7.122123,10.146198,0.498745,0.270874,1.702520,10.897713,6.262447,0.058210,0.096215,0.793247,2.157491,2.799033,0.244276,0.960179,1.295045,1.434093,1.392259,1.005872,0.299307,0.757532,0.901004,1.805215,0.276000,0.017326,0.018569,0.912931,0.915280,0.132380,0.349991,1.355465,0.999806,0.105856,1.853166,2.060502,0.017200,0.036927,0.071887
mammoth,Base_Seq,default,0.332201,0.324969,0.304374,0.542218,0.594628,0.739768,1.282371,1.421173,0.979518,0.500908,0.489666,0.078240,0.079282,0.004190,0.035114,0.211352,0.864021,0.550446,1.417887,0.092007,1.426225,1.021441,0.879780,0.886397,1.166578,0.116721,1.106916,6.189741,7.733546,0.454279,0.119051,0.898196,9.699793,3.712796,0.034445,0.081427,0.641057,2.184149,2.834010,0.150557,0.949270,1.257690,1.321854,1.296245,0.959139,0.257646,0.759119,0.871696,1.785153,0.265146,0.013580,0.013957,0.911572,0.914630,0.133089,0.326917,1.293878,1.001917,0.107193,1.853341,2.056338,0.014885,0.023420,0.068994
mammoth,Base_Seq,default,0.318899,0.310713,0.302844,0.542341,0.587492,0.736043,1.299343,1.469630,0.965414,0.496302,0.450028,0.077910,0.078629,0.004199,0.035164,0.211269,0.869956,0.548457,1.372435,0.075455,1.351111,1.017399,0.889337,0.883700,1.163629,0.116768,1.105438,5.205249,7.256065,0.436866,0.132044,0.693400,8.645456,3.851219,0.033169,0.076847,0.631399,2.155771,2.785356,0.176773,0.913240,1.228710,1.276112,1.272118,0.952227,0.254200,0.759738,0.872892,1.781587,0.281870,0.013736,0.017379,0.912720,0.917257,0.131996,0.327077,1.264634,1.000214,0.110788,1.854462,2.062747,0.017893,0.034175,0.068743
mammoth,Base_Seq,default,0.363572,0.354453,0.313890,0.542227,0.634165,0.756524,1.367685,2.018548,1.376197,0.502731,0.621671,0.077357,0.079264,0.004222,0.033947,0.211729,0.870007,0.553861,1.384478,0.085499,1.380955,1.010434,0.890305,0.948244,1.164854,0.116398,1.109317,5.590371,10.933970,0.485428,0.217007,1.435648,10.435616,6.981582,0.052139,0.084558,0.801438,2.153846,2.786632,0.221773,0.956518,1.257395,1.359531,1.340112,0.977745,0.261546,0.761094,0.864897,1.787997,0.281312,0.019290,0.017970,0.910676,0.914646,0.131023,0.346466,1.345673,0.999355,0.115066,1.850249,2.060168,0.015768,0.031609,0.070910
mammoth,Base_Seq,default,0.333297,0.332028,0.307326,0.543869,0.589718,0.727387,1.195775,1.316502,0.887722,0.496973,0.487130,0.078233,0.078731,0.004151,0.033414,0.211426,0.858692,0.548890,1.412931,0.085711,1.417654,1.024786,0.877845,0.875900,1.165943,0.118356,1.110827,3.979112,6.807179,0.435696,0.125066,0.703930,8.602792,4.020444,0.032215,0.076712,0.631007,2.119572,2.784795,0.171434,0.912175,1.225557,1.275943,1.277334,0.953113,0.254417,0.760981,0.872111,1.784688,0.282628,0.016402,0.014416,0.911683,0.916607,0.131880,0.325297,1.267028,1.002662,0.104638,1.853106,2.055155,0.015711,0.025950,0.068769
poodle,Base_Seq,default,0.318456,0.316721,0.420357,0.515777,0.137645,1.354700,0.701735,0.700825,0.498360,0.945754,0.358458,0.033448,0.033550,0.006328,0.030721,0.083791,1.333373,0.764879,1.352573,0.133931,1.423226,1.994648,1.078208,1.013060,1.813812,0.110447,1.492802,4.316098,5.732598,0.417944,0.101848,0.668323,8.237399,4.530315,0.031757,0.065600,0.543747,2.407369,2.816961,0.093426,1.134218,1.193379,1.029510,1.194663,1.111128,0.195708,0.547317,0.632962,2.002658,0.290857,0.021820,0.021895,0.794916,0.793534,0.121537,0.305194,1.712159,0.791372,0.080635,1.754366,1.948774,0.011898,0.028249,0.069713
poodle,Base_Seq,default,0.318209,0.317967,0.420337,0.515281,0.134067,1.354963,0.706197,0.705005,0.471077,0.958643,0.334159,0.033486,0.033450,0.005940,0.030500,0.083690,1.338197,0.768564,1.346952,0.133954,1.417614,1.995491,1.079289,1.015757,1.779053,0.110675,1.496478,4.165864,5.585407,0.417132,0.102184,0.642891,8.237186,4.216480,0.031215,0.065642,0.539221,2.403212,2.815428,0.092854,1.131630,1.194680,1.026462,1.188329,1.112630,0.196270,0.547270,0.632823,2.000072,0.291017,0.021786,0.021756,0.794517,0.793645,0.120454,0.305167,1.707654,0.792482,0.080339,1.755919,1.949698,0.011666,0.027942,0.070072
poodle,Base_Seq,default,0.289913,0.289251,0.420817,0.516225,0.144169,1.356318,0.713382,0.712025,0.499348,0.950503,0.364632,0.033455,0.033687,0.006813,0.032921,0.083662,1.332779,0.763904,1.377406,0.133991,1.435837,2.026573,1.100856,1.012774,1.833005,0.107620,1.515943,4.356056,5.649710,0.417516,0.104219,0.674006,8.313386,4.569466,0.031661,0.067667,0.541579,2.469626,2.837283,0.093785,1.138508,1.212887,1.049180,1.218372,1.116180,0.209342,0.548919,0.616627,2.042499,0.294066,0.022412,0.022326,0.794950,0.793559,0.115981,0.305070,1.728478,0.791955,0.085439,1.755782,1.957059,0.012190,0.028713,0.071103
poodle,Base_Seq,default,0.317214,0.317946,0.420428,0.515768,0.138245,1.357353,0.706024,0.705089,0.491727,0.947190,0.359537,0.033448,0.033479,0.006162,0.030573,0.083989,1.333822,0.769169,1.342645,0.133930,1.415656,1.992675,1.070751,0.961025,1.784904,0.114818,1.486143,4.308527,5.734405,0.416344,0.101079,0.663159,8.262208,4.513317,0.031548,0.065615,0.546002,2.419023,2.829991,0.091424,1.130680,1.200605,1.031602,1.197944,1.111307,0.195676,0.547370,0.634606,2.000828,0.290914,0.021868,0.021679,0.794652,0.793568,0.118020,0.305416,1.713206,0.792437,0.080831,1.755187,1.950825,0.011749,0.028200,0.070217
poodle,Base_Seq,default,0.316929,0.318539,0.420350,0.515769,0.141110,1.355779,0.709031,0.707600,0.460169,0.977342,0.325836,0.033470,0.033525,0.005907,0.030793,0.083607,1.339979,0.766568,1.345139,0.133979,1.412890,2.004064,1.083052,1.080753,1.790742,0.111949,1.498227,4.108566,5.553093,0.427364,0.106777,0.767135,8.243243,4.066218,0.031721,0.065820,0.612546,2.405370,2.822756,0.092747,1.137872,1.193597,1.029264,1.197103,1.122528,0.197029,0.547276,0.636297,2.005435,0.291081,0.021789,0.021752,0.794918,0.793634,0.122413,0.303920,1.717154,0.791818,0.080911,1.754535,1.951056,0.012726,0.028351,0.069975
poodle,Base_Seq,default,0.318924,0.318168,0.420380,0.515859,0.138120,1.354901,0.706156,0.704470,0.501342,0.946391,0.357662,0.033450,0.033492,0.006359,0.030413,0.084364,1.330635,0.768826,1.347513,0.133901,1.418949,1.996475,1.078392,1.003633,1.813629,0.110692,1.490451,4.334073,5.750339,0.418210,0.101569,0.668318,8.206864,4.533835,0.031695,0.065421,0.544020,2.403702,2.816031,0.092495,1.134681,1.194314,1.027848,1.196848,1.112526,0.195647,0.547163,0.633952,2.002852,0.290896,0.021909,0.021745,0.794808,0.793718,0.117418,0.304027,1.709016,0.792735,0.080598,1.754800,1.950421,0.011868,0.028149,0.069491
poodle,Base_Seq,default,0.285965,0.318470,0.420372,0.515529,0.137767,1.352142,0.707053,0.705361,0.457471,0.973866,0.323453,0.033473,0.033549,0.005903,0.030608,0.083606,1.336382,0.769857,1.349727,0.133968,1.422427,1.993412,1.087614,1.075973,1.781929,0.111510,1.497269,4.127815,5.542185,0.424740,0.106501,0.715722,8.229299,4.077577,0.031858,0.065912,0.585417,2.403617,2.820629,0.093475,1.132221,1.193376,1.026264,1.193777,1.118038,0.196799,0.547336,0.637221,2.003559,0.291048,0.021840,0.021738,0.794550,0.793476,0.119512,0.305461,1.715512,0.792757,0.080796,1.754211,1.950485,0.012094,0.028070,0.070040
poodle,Base_Seq,default,0.318844,0.314885,0.420322,0.515592,0.138116,1.354462,0.702200,0.701381,0.499331,0.946791,0.357333,0.033457,0.033566,0.006330,0.030758,0.084093,1.323180,0.770870,1.350415,0.133955,1.405100,2.003430,1.077069,1.019039,1.822543,0.112969,1.495629,4.333190,5.740414,0.418351,0.101739,0.668813,8.204176,4.521257,0.031622,0.066257,0.544210,2.399409,2.800566,0.093976,1.135236,1.186060,1.032200,1.191159,1.112095,0.195698,0.541790,0.620604,1.993300,0.290601,0.021781,0.021745,0.794873,0.794012,0.120010,0.302345,1.713915,0.792824,0.080039,1.755558,1.950353,0.011987,0.028230,0.069278
poodle,Base_Seq,default,0.317940,0.285476,0.420268,0.515696,0.133208,1.357539,0.706902,0.705966,0.473225,0.960493,0.334267,0.033448,0.033473,0.005947,0.030524,0.083711,1.324091,0.771731,1.349518,0.133967,1.410876,2.004141,1.084164,1.026916,1.783846,0.111095,1.505978,4.179801,5.602420,0.418095,0.103354,0.642388,8.223816,4.213200,0.031451,0.066016,0.539552,2.426127,2.817371,0.093232,1.130547,1.196892,1.031696,1.193603,1.112293,0.194503,0.541485,0.623469,1.991753,0.290942,0.021736,0.021782,0.796013,0.793927,0.120101,0.304121,1.715874,0.781636,0.080400,1.756299,1.949694,0.011725,0.028297,0.069913
poodle,Base_Seq,default,0.292037,0.322820,0.420946,0.516331,0.144193,1.354776,0.717866,0.716701,0.500924,0.952321,0.362657,0.033444,0.033569,0.006820,0.033293,0.083670,1.315788,0.771590,1.382909,0.134038,1.426916,2.026721,1.106011,1.011346,1.839880,0.107300,1.517312,4.351041,5.656621,0.417956,0.104449,0.674629,8.342571,4.557887,0.031694,0.068495,0.542069,2.473706,2.814225,0.098051,1.138596,1.223935,1.063612,1.225218,1.120488,0.209097,0.547181,0.614036,2.035470,0.293833,0.022461,0.022359,0.794976,0.793814,0.116531,0.304890,1.731830,0.784431,0.085503,1.756503,1.955051,0.012174,0.028602,0.071397
poodle,Base_Seq,default,0.318367,0.317875,0.420214,0.515702,0.137877,1.358689,0.707520,0.706458,0.487947,0.948953,0.359169,0.033446,0.033500,0.006164,0.030134,0.084025,1.320383,0.774345,1.346476,0.133964,1.410920,1.995444,1.091062,0.944216,1.792551,0.114148,1.504924,4.293376,5.722825,0.417070,0.101386,0.663572,8.257756,4.502892,0.031530,0.065522,0.545873,2.380025,2.861724,0.093676,1.127869,1.191841,1.024846,1.194748,1.111188,0.194374,0.541247,0.622079,1.994168,0.290817,0.021795,0.021734,0.795961,0.794045,0.117971,0.303928,1.717612,0.781685,0.079951,1.755346,1.950253,0.011884,0.028346,0.069813
poodle,Base_Seq,default,0.317985,0.318023,0.420362,0.515874,0.140663,1.358652,0.708175,0.706570,0.457225,0.975424,0.322684,0.033451,0.033456,0.005900,0.030484,0.083610,1.334898,0.770989,1.333233,0.134010,1.396213,1.997613,1.084857,1.064546,1.784539,0.113408,1.496531,4.105330,5.536056,0.428072,0.105477,0.764811,8.139492,4.070897,0.031455,0.065492,0.608907,2.380928,2.851044,0.092647,1.132278,1.190568,1.025647,1.189375,1.125970,0.195742,0.541522,0.627325,1.991160,0.291036,0.021891,0.021726,0.795858,0.793921,0.122105,0.302918,1.718986,0.781761,0.079831,1.755760,1.949205,0.012687,0.028169,0.069392
poodle,Base_Seq,default,0.319521,0.318776,0.420199,0.515696,0.137528,1.356840,0.708974,0.708261,0.497509,0.947101,0.358512,0.033451,0.033629,0.006358,0.030303,0.083717,1.321472,0.771244,1.349157,0.133983,1.412479,1.994066,1.088751,0.983484,1.823282,0.110486,1.502356,4.314426,5.777095,0.419140,0.103556,0.668800,8.233232,4.518611,0.032133,0.065648,0.544013,2.387186,2.877039,0.098073,1.127577,1.195291,1.028112,1.198110,1.111836,0.194057,0.541298,0.621780,1.995958,0.290905,0.021838,0.021784,0.795850,0.793770,0.117476,0.304997,1.718351,0.781684,0.080220,1.756437,1.950652,0.011874,0.028284,0.069972
poodle,Base_Seq,default,0.286645,0.317088,0.420355,0.515848,0.138990,1.351149,0.710982,0.708795,0.463254,0.978565,0.322860,0.033489,0.033466,0.005902,0.030791,0.083624,1.327791,0.769534,1.334773,0.133963,1.393912,2.005518,1.084432,1.089425,1.788914,0.110622,1.505083,4.150015,5.518879,0.425804,0.105103,0.719423,8.127807,4.084863,0.031708,0.065549,0.583668,2.374495,2.852329,0.093731,1.132156,1.194788,1.025043,1.188482,1.120034,0.195587,0.541565,0.627639,1.993319,0.291065,0.021854,0.021866,0.795928,0.793935,0.119125,0.303711,1.717155,0.781708,0.079766,1.755487,1.949714,0.011985,0.028287,0.069413
poodle,Base_Seq,default,0.319006,0.296440,0.420371,0.516002,0.138031,1.355143,0.707172,0.706383,0.497172,0.945030,0.358096,0.033461,0.033601,0.006338,0.030856,0.084088,1.326109,0.774899,1.346680,0.133965,1.406949,1.999732,1.077161,1.020797,1.821636,0.112862,1.494698,4.333567,5.733737,0.418441,0.101660,0.669099,8.197557,4.520510,0.031478,0.066400,0.543940,2.405439,2.795353,0.094469,1.134489,1.187104,1.029581,1.193701,1.112768,0.195504,0.548239,0.624876,1.990519,0.290659,0.021831,0.021785,0.795304,0.793648,0.121408,0.302053,1.712002,0.790550,0.080125,1.756435,1.949611,0.011750,0.028079,0.069535
poodle,Base_Seq,default,0.317661,0.317661,0.420200,0.515942,0.133350,1.355509,0.705682,0.704706,0.469177,0.958658,0.334307,0.033453,0.033471,0.005944,0.030095,0.083713,1.322266,0.774365,1.341572,0.133973,1.411733,1.993174,1.080787,0.995279,1.775913,0.111737,1.503582,4.167798,5.588452,0.417920,0.103145,0.641615,8.211239,4.214069,0.031368,0.065638,0.539635,2.383938,2.857859,0.092847,1.130909,1.190281,1.023356,1.188825,1.112996,0.194788,0.541362,0.625245,1.991107,0.290867,0.021849,0.021782,0.796044,0.793996,0.120224,0.304461,1.713921,0.781675,0.080162,1.756121,1.950299,0.011716,0.028265,0.069839
poodle,Base_Seq,default,0.323219,0.297495,0.420917,0.516509,0.143830,1.355180,0.714779,0.713798,0.496440,0.951245,0.365822,0.033451,0.033637,0.006825,0.032875,0.083752,1.316723,0.773458,1.378691,0.134006,1.437642,2.022945,1.098662,1.015806,1.850678,0.107414,1.520292,4.356913,5.656095,0.417934,0.105302,0.674464,8.330583,4.559135,0.032027,0.067995,0.542537,2.467304,2.831124,0.096621,1.135513,1.218504,1.056344,1.223815,1.119761,0.208709,0.549795,0.617056,2.041264,0.293659,0.022349,0.022301,0.794860,0.793534,0.116359,0.304468,1.728972,0.792925,0.085268,1.755647,1.954902,0.012060,0.028733,0.071113
poodle,Base_Seq,default,0.318463,0.318186,0.420237,0.515967,0.137905,1.357950,0.706557,0.705408,0.488479,0.947399,0.360697,0.033460,0.033459,0.006166,0.030177,0.084040,1.324021,0.774350,1.343202,0.133939,1.408646,1.994701,1.093651,0.942998,1.793160,0.114285,1.505213,4.295759,5.729202,0.417099,0.101293,0.663498,8.207138,4.503217,0.031479,0.065368,0.545883,2.381952,2.863535,0.093806,1.128037,1.194576,1.026516,1.193281,1.111296,0.195219,0.541414,0.623279,1.993703,0.290825,0.021856,0.021773,0.795753,0.793867,0.118049,0.304254,1.719679,0.781740,0.079859,1.755810,1.950312,0.011841,0.028141,0.069850
poodle,Base_Seq,default,0.318324,0.318135,0.420272,0.516059,0.141727,1.358013,0.705299,0.704060,0.458601,0.976250,0.326195,0.033460,0.033458,0.005902,0.030634,0.083611,1.332356,0.770190,1.336839,0.133961,1.398355,2.000652,1.083696,1.063966,1.777157,0.113713,1.497652,4.105124,5.527004,0.428172,0.105619,0.766017,8.148702,4.067882,0.031551,0.065548,0.606516,2.369400,2.852522,0.092551,1.135321,1.185523,1.023457,1.188998,1.120792,0.195678,0.541356,0.629176,1.992202,0.291055,0.021861,0.021731,0.795903,0.793944,0.122132,0.303506,1.720440,0.781600,0.079860,1.755987,1.949333,0.012718,0.028263,0.069324
poodle,Base_Seq,default,0.287656,0.286466,0.420255,0.515765,0.137436,1.356697,0.707304,0.706415,0.504302,0.946517,0.359192,0.033453,0.033473,0.006355,0.030626,0.083763,1.323966,0.768804,1.355130,0.133987,1.415271,2.001044,1.080260,1.011966,1.831995,0.112276,1.498021,4.317135,5.762253,0.419124,0.102426,0.668786,8.228121,4.520907,0.031673,0.065912,0.544241,2.399008,2.794261,0.094989,1.133682,1.192068,1.031641,1.195712,1.112340,0.194288,0.541280,0.620846,1.990380,0.290722,0.021848,0.021836,0.796134,0.793818,0.117248,0.303243,1.716508,0.781584,0.080172,1.756703,1.950575,0.011966,0.028302,0.069950
poodle,Base_Seq,default,0.317898,0.318025,0.420228,0.515710,0.138499,1.352258,0.706082,0.704739,0.457855,0.980980,0.323113,0.033445,0.033447,0.005902,0.030319,0.083612,1.326415,0.771975,1.337967,0.134002,1.405645,1.999669,1.082973,1.050039,1.780087,0.111538,1.501604,4.098537,5.522179,0.425573,0.105873,0.715286,8.145770,4.092471,0.031821,0.065446,0.583237,2.374490,2.833957,0.093063,1.131736,1.189664,1.021567,1.188351,1.122163,0.195534,0.541546,0.628525,1.992252,0.291069,0.021834,0.021803,0.795960,0.794087,0.119949,0.302299,1.715173,0.781840,0.079893,1.755376,1.950295,0.012040,0.028403,0.069695
quartz,Base_Seq,default,0.340479,0.339507,0.916402,0.477112,0.552005,2.254811,1.445043,1.627995,1.086712,1.512495,0.635494,0.072783,0.074276,0.007475,0.027576,0.199792,2.006683,1.239710,1.379039,0.118118,1.380899,2.189892,1.269812,1.621061,3.033383,0.205511,2.453108,9.998368,13.037861,0.499127,0.291150,1.216501,8.144925,6.880029,0.069713,0.061736,0.982426,2.233368,3.356979,0.276583,1.270801,1.199777,0.938182,1.228632,1.263411,0.229803,0.955012,0.795586,3.336314,0.466853,0.027500,0.028493,1.454338,1.448195,0.155372,0.534006,2.629735,1.386812,0.098980,1.656907,1.928596,0.013335,0.043525,0.067635
quartz,Base_Seq,default,0.336189,0.335674,0.918802,0.471199,0.550223,2.237814,1.435980,1.611866,1.062007,1.522592,0.643261,0.073390,0.074145,0.007853,0.027939,0.200504,1.991390,1.207450,1.370107,0.119245,1.356538,2.178550,1.275863,1.591290,2.976832,0.203565,2.444384,12.228617,17.187782,0.493639,0.289812,0.988524,8.067929,11.264858,0.067773,0.061914,0.937255,2.210021,3.364406,0.275925,1.206710,1.184458,0.924240,1.211995,1.192705,0.219632,0.937994,0.773403,3.251120,0.459887,0.027515,0.027592,1.425331,1.434400,0.153962,0.533461,2.627178,1.378199,0.098633,1.640369,1.905215,0.013393,0.044953,0.067272
quartz,Base_Seq,default,0.339233,0.338524,0.918268,0.468656,0.555795,2.228451,1.439603,1.622510,1.079696,1.532489,0.644765,0.073734,0.074844,0.007878,0.028237,0.200927,2.001521,1.221491,1.374177,0.120850,1.379670,2.181368,1.310250,1.620473,3.022889,0.207073,2.440883,10.008718,13.022343,0.502837,0.282806,1.179352,8.147401,6.828611,0.068775,0.061602,0.957382,2.223897,3.356276,0.271466,1.227810,1.199484,0.935146,1.223357,1.225421,0.227432,0.952464,0.785153,3.320451,0.467157,0.027736,0.027427,1.407867,1.449781,0.160282,0.535987,2.624124,1.382972,0.099475,1.640587,1.914151,0.012676,0.043467,0.066103
quartz,Base_Seq,default,0.337771,0.335749,0.903735,0.471464,0.555513,2.252878,1.443132,1.624998,1.086346,1.543669,0.639724,0.072175,0.072799,0.007766,0.028375,0.193804,1.998232,1.257011,1.355381,0.118795,1.372002,2.218117,1.210521,1.600154,3.031244,0.205907,2.470551,10.060641,13.137685,0.504556,0.287271,1.163094,8.081436,6.670213,0.066277,0.061114,0.939511,2.215384,3.350193,0.268049,1.251139,1.190802,0.921938,1.211912,1.221977,0.222419,0.943309,0.788056,3.346355,0.458314,0.028349,0.027483,1.416944,1.436368,0.159014,0.528789,2.658134,1.386050,0.097886,1.646094,1.902019,0.012951,0.042535,0.067133
quartz,Base_Seq,default,0.336783,0.337257,0.915607,0.478075,0.557909,2.281187,1.442455,1.636392,1.068421,1.545788,0.646487,0.074102,0.073596,0.007733,0.028989,0.201323,2.008523,1.233601,1.413828,0.118633,1.415288,2.201166,1.343693,1.479125,3.038431,0.206647,2.463207,10.016079,13.023555,0.489194,0.294707,1.000689,8.096903,6.696636,0.070119,0.060632,0.933604,2.240720,3.369314,0.274929,1.205235,1.186449,0.930130,1.220906,1.179389,0.223802,0.951728,0.791071,3.398700,0.466553,0.028517,0.028340,1.406376,1.447001,0.159714,0.538345,2.676847,1.383366,0.098433,1.633061,1.902824,0.013300,0.043631,0.066194
quartz,Base_Seq,default,0.334663,0.337538,0.927888,0.476412,0.548456,2.242868,1.442079,1.620361,1.085356,1.552700,0.643780,0.074586,0.071876,0.007941,0.027821,0.202105,2.028818,1.235893,1.365035,0.119714,1.381010,2.209867,1.219933,1.614174,3.044418,0.207073,2.459888,10.081623,13.134313,0.503932,0.281639,1.206149,8.169839,6.739924,0.067150,0.060153,0.944282,2.237955,3.360218,0.263782,1.228898,1.197930,0.941339,1.230688,1.244292,0.229637,0.945557,0.796526,3.321567,0.472705,0.027167,0.028588,1.436128,1.455907,0.159347,0.534735,2.662608,1.372075,0.099415,1.629717,1.913928,0.013406,0.043565,0.066584
quartz,Base_Seq,default,0.339638,0.335996,0.918341,0.473259,0.552735,2.231505,1.436921,1.621297,1.061458,1.542933,0.641045,0.073159,0.073764,0.007778,0.027775,0.199511,2.004743,1.217398,1.369697,0.120957,1.375378,2.158670,1.254937,1.485990,3.036888,0.205317,2.416663,10.112152,13.102087,0.493383,0.286533,1.000730,8.258967,6.815977,0.067747,0.063625,0.943822,2.217145,3.370342,0.273175,1.434865,1.249676,0.982099,1.273355,1.395770,0.223109,0.946010,0.791516,3.344796,0.467919,0.028252,0.028314,1.429360,1.446031,0.158904,0.538896,2.678570,1.391554,0.098708,1.654403,1.918048,0.013409,0.044641,0.064978
quartz,Base_Seq,default,0.338954,0.339253,0.915813,0.477860,0.553653,2.245858,1.448202,1.637603,1.093343,1.530344,0.647514,0.072803,0.073784,0.007508,0.028406,0.201673,2.012361,1.241029,1.379132,0.120290,1.383334,2.197875,1.292441,1.626464,3.041608,0.205877,2.454664,10.046074,13.088000,0.514595,0.293396,1.220610,8.169019,6.840260,0.069603,0.062130,0.971610,2.291797,3.470363,0.276002,1.293227,1.201368,0.941032,1.224730,1.291893,0.226262,0.949483,0.792127,3.335674,0.467790,0.028553,0.028040,1.420048,1.445628,0.158522,0.537865,2.677717,1.380043,0.098921,1.651218,1.923096,0.013285,0.043357,0.066801
quartz,Base_Seq,default,0.358817,0.362427,0.916172,0.476524,0.560213,2.243674,1.439325,1.634642,1.069863,1.521853,0.644954,0.072573,0.073997,0.007817,0.030993,0.199709,1.997789,1.213237,1.469216,0.119045,1.469982,2.173014,1.383245,1.606458,3.047304,0.206056,2.399303,12.327431,17.350008,0.496248,0.290764,1.019782,8.541876,11.293897,0.069295,0.067478,0.953679,2.290694,3.461078,0.274016,1.342479,1.268503,1.003126,1.279665,1.353693,0.226497,0.953078,0.794100,3.357080,0.466261,0.027925,0.028281,1.429137,1.452961,0.158331,0.538443,2.665486,1.390340,0.099622,1.654844,1.924744,0.013386,0.043405,0.072381
quartz,Base_Seq,default,0.354658,0.355174,0.917130,0.475845,0.557968,2.228518,1.445821,1.636281,1.088654,1.537835,0.643007,0.073523,0.074139,0.007778,0.030120,0.201169,2.010640,1.215782,1.422154,0.120778,1.426874,2.184608,1.307684,1.625785,3.029399,0.207717,2.424390,10.058782,13.083632,0.505044,0.289472,1.187115,8.383381,6.886119,0.067983,0.065187,0.960480,2.325736,3.523441,0.272010,1.334238,1.252754,0.990659,1.269464,1.317140,0.228571,0.949582,0.794079,3.338296,0.464236,0.028291,0.028055,1.425374,1.455595,0.156263,0.538797,2.670864,1.388350,0.100407,1.656128,1.924750,0.013279,0.043367,0.070581
quartz,Base_Seq,default,0.342672,0.340865,0.917850,0.475620,0.560185,2.245085,1.443929,1.639604,1.090951,1.529513,0.644933,0.073738,0.074127,0.007710,0.028257,0.200565,2.002529,1.215630,1.385611,0.119616,1.385001,2.182164,1.315969,1.604954,3.035053,0.205634,2.450906,10.131407,13.267503,0.508786,0.286248,1.218068,8.183252,6.799871,0.067984,0.061174,0.948781,2.295448,3.442570,0.270679,1.272028,1.211012,0.949007,1.240628,1.292662,0.228310,0.954514,0.796603,3.341005,0.465922,0.028611,0.028391,1.424143,1.452485,0.162157,0.535537,2.664776,1.386985,0.098679,1.654567,1.926853,0.012861,0.043458,0.068150
quartz,Base_Seq,default,0.354318,0.353648,0.916985,0.475375,0.553653,2.219613,1.451409,1.635270,1.066960,1.529481,0.648656,0.073322,0.072921,0.007855,0.029736,0.198761,1.985790,1.192564,1.406831,0.120197,1.414051,2.188740,1.253213,1.466467,3.007677,0.204632,2.416688,10.043817,13.081854,0.494151,0.295984,1.017434,8.331620,6.687916,0.070386,0.064132,0.943335,2.373859,3.487801,0.278575,1.270123,1.229532,0.953555,1.252751,1.258472,0.221844,0.951890,0.788416,3.307990,0.466915,0.028256,0.027905,1.473864,1.456773,0.160123,0.540568,2.628243,1.386191,0.099501,1.651118,1.923185,0.013112,0.043130,0.069221
quartz,Base_Seq,default,0.350496,0.343642,0.928361,0.475284,0.566024,2.247451,1.449005,1.643239,1.090773,1.542075,0.648714,0.074515,0.074808,0.007989,0.029283,0.202413,2.000227,1.211118,1.402128,0.120541,1.420258,2.190283,1.349205,1.604252,3.036274,0.205281,2.429341,10.213131,13.217498,0.497574,0.276377,1.218761,8.226651,6.802528,0.065672,0.061748,0.959491,2.354850,3.424683,0.266686,1.355853,1.241610,0.982845,1.254328,1.340323,0.230883,0.954288,0.789155,3.360356,0.469905,0.028291,0.027636,1.426780,1.450246,0.163638,0.541721,2.723905,1.386155,0.100255,1.669628,1.910683,0.013557,0.043333,0.069290
quartz,Base_Seq,default,0.339184,0.340685,0.916527,0.474020,0.555500,2.217824,1.447512,1.634236,1.065127,1.529099,0.649603,0.071291,0.074160,0.007746,0.028595,0.201467,2.005595,1.209684,1.377281,0.119340,1.382006,2.179352,1.300771,1.477105,2.984992,0.204461,2.395896,10.144948,13.114130,0.490824,0.288463,1.000135,8.772021,6.879375,0.068168,0.067820,0.940602,2.462453,3.535428,0.271814,1.281001,1.214075,0.948819,1.233845,1.286491,0.224128,0.951512,0.787825,3.287690,0.465901,0.028535,0.028196,1.418608,1.450048,0.160601,0.539279,2.611460,1.386103,0.099476,1.657521,1.917841,0.013513,0.043854,0.069269
quartz,Base_Seq,default,0.339719,0.340263,0.929144,0.479526,0.558894,2.262010,1.453399,1.646717,1.097983,1.551174,0.654828,0.074049,0.071531,0.007499,0.028213,0.201658,2.017228,1.260855,1.377816,0.120907,1.386136,2.215696,1.220595,1.626114,3.056388,0.209257,2.463597,10.099148,13.117043,0.509012,0.292657,1.233009,8.185240,6.935495,0.070619,0.060856,0.981533,2.294813,3.670141,0.279201,1.194876,1.202416,0.942075,1.235583,1.197375,0.228492,0.960055,0.801731,3.355796,0.473584,0.028489,0.028032,1.441196,1.453556,0.158061,0.540020,2.692646,1.400858,0.099908,1.663747,1.943704,0.013590,0.043640,0.067381
quartz,Base_Seq,default,0.343660,0.341480,0.927512,0.473564,0.548892,2.277785,1.460906,1.643715,1.076771,1.542638,0.653698,0.074296,0.073727,0.007814,0.028080,0.204012,2.020730,1.256426,1.385919,0.120012,1.389178,2.205331,1.259459,1.616773,3.049048,0.210405,2.483029,12.366338,17.451689,0.500273,0.293824,1.008734,8.225916,11.417212,0.068998,0.061956,0.969515,2.242899,3.410960,0.276254,1.203159,1.199732,0.939387,1.235688,1.201284,0.230408,0.964082,0.795214,3.349715,0.469870,0.028506,0.028739,1.424385,1.460551,0.160905,0.543261,2.685677,1.396655,0.099495,1.665403,1.937997,0.013609,0.045008,0.068076
quartz,Base_Seq,default,0.339784,0.342476,0.926610,0.475550,0.559002,2.239718,1.459021,1.650458,1.093986,1.534866,0.641689,0.073567,0.075052,0.007927,0.028609,0.200926,2.019023,1.233985,1.374074,0.120108,1.384106,2.203863,1.296194,1.627610,3.049913,0.205337,2.443198,10.141058,13.222218,0.508820,0.288026,1.192816,8.184571,6.854389,0.068542,0.061518,0.971009,2.305462,3.598887,0.270494,1.304130,1.210305,0.942454,1.233752,1.274187,0.229593,0.962481,0.799102,3.357912,0.474293,0.028783,0.028684,1.461335,1.459200,0.159610,0.546014,2.686540,1.392734,0.098079,1.660298,1.939157,0.013199,0.043858,0.065796
quartz,Base_Seq,default,0.340913,0.339368,0.925621,0.479968,0.553800,2.262079,1.452404,1.648020,1.092224,1.554772,0.649722,0.072079,0.075211,0.007685,0.028080,0.202916,2.025792,1.223655,1.379338,0.121346,1.387874,2.191767,1.325935,1.618212,3.051386,0.209329,2.473377,10.187330,13.215935,0.505796,0.289063,1.235978,8.161880,6.852779,0.068600,0.060946,0.949838,2.239415,3.850071,0.270906,1.361772,1.244635,0.986710,1.257750,1.326490,0.228295,0.958915,0.792423,3.360052,0.472153,0.028519,0.028653,1.416297,1.460825,0.164963,0.544428,2.691219,1.405448,0.096214,1.648480,1.926009,0.013545,0.043034,0.068062
quartz,Base_Seq,default,0.354584,0.355202,0.931083,0.482190,0.557068,2.269267,1.460775,1.656656,1.076112,1.568268,0.654911,0.073860,0.073801,0.007899,0.027859,0.201833,2.028786,1.227380,1.383552,0.121673,1.385775,2.206537,1.298334,1.489159,3.060309,0.207189,2.480686,10.109256,13.205905,0.502800,0.295416,1.039325,8.297815,6.834203,0.069687,0.064141,0.957575,2.249571,3.440193,0.282304,1.240820,1.259748,0.996810,1.273825,1.250908,0.228939,0.958484,0.795921,3.352266,0.471354,0.028555,0.028592,1.456110,1.458361,0.161406,0.540445,2.683616,1.401984,0.101145,1.666632,1.939045,0.013340,0.043578,0.071566
quartz,Base_Seq,default,0.344934,0.345196,0.913897,0.478776,0.551650,2.210078,1.431644,1.636887,1.077296,1.517194,0.651114,0.073471,0.074267,0.007918,0.030715,0.198650,1.984098,1.148302,1.412366,0.121270,1.433398,2.140586,1.310645,1.602013,2.984825,0.202942,2.402919,10.089274,13.255472,0.495475,0.273609,1.200157,8.158122,6.841685,0.065109,0.062292,0.956375,2.445541,3.512565,0.263226,1.364596,1.276136,1.014790,1.288912,1.354718,0.224818,0.950727,0.793537,3.280455,0.470554,0.028422,0.028707,1.427986,1.454970,0.158052,0.530116,2.647155,1.360958,0.100037,1.618950,1.884588,0.012912,0.043328,0.068122
quartz,Base_Seq,default,0.399183,0.396184,0.929541,0.477368,0.559047,2.259052,1.464299,1.641449,1.076363,1.541816,0.647645,0.073737,0.074545,0.007865,0.031311,0.200762,2.014251,1.212689,1.520783,0.122164,1.525808,2.159908,1.397484,1.494460,3.060846,0.205592,2.402240,10.201205,13.282240,0.498456,0.290778,1.043740,9.873681,6.883270,0.069518,0.078310,0.947779,2.264004,3.420174,0.275348,1.381155,1.458106,1.171558,1.434109,1.407827,0.227963,0.960675,0.800943,3.362091,0.469787,0.028704,0.028686,1.433323,1.463866,0.161620,0.544721,2.713585,1.401681,0.104201,1.669684,1.943329,0.013680,0.043976,0.077804
ruby,Base_Seq,default,0.320648,0.314504,0.413072,0.379476,0.540610,1.358152,0.791946,0.796223,0.860447,0.952467,0.321898,0.026996,0.028845,0.007968,0.033930,0.064673,1.364852,0.878107,1.295274,0.100801,1.299170,1.981878,1.135808,1.350859,2.304709,0.430057,1.657869,5.827130,7.207519,0.366626,0.160960,0.969368,7.466247,3.752994,0.042046,0.078522,0.645366,2.013677,2.991789,0.162414,1.118634,1.159323,1.213406,1.164767,1.100809,0.168547,0.728622,0.557529,2.518946,0.426092,0.028185,0.028313,0.853223,0.858538,0.114140,0.296325,1.937826,0.922319,0.103918,1.486651,1.518090,0.015472,0.032317,0.075748
ruby,Base_Seq,default,0.312451,0.307189,0.409840,0.377984,0.535547,1.336041,0.763730,0.777630,0.840181,0.939001,0.322551,0.026637,0.027438,0.007937,0.032417,0.063662,1.350938,0.868239,1.280583,0.100926,1.278935,1.958906,1.094098,1.151017,2.272738,0.428488,1.613200,4.824501,6.145542,0.358229,0.145789,0.875250,7.137555,3.675583,0.038257,0.075415,0.602542,2.057705,2.730940,0.148665,1.062268,1.139092,1.203821,1.141590,1.049901,0.169432,0.675026,0.554994,2.496833,0.425846,0.027534,0.027671,0.851587,0.851770,0.111811,0.297146,1.890726,0.919151,0.102578,1.486912,1.514742,0.015609,0.030611,0.068939
ruby,Base_Seq,default,0.315122,0.311551,0.406342,0.379251,0.537186,1.328420,0.768708,0.772458,0.847400,0.931825,0.309443,0.026950,0.027497,0.007888,0.033366,0.064123,1.351374,0.858061,1.287421,0.100947,1.292267,1.951489,1.101593,1.185109,2.253834,0.429614,1.591989,5.271969,6.628086,0.364597,0.165678,0.900954,7.476272,3.672358,0.041090,0.076816,0.572188,2.073778,2.672677,0.160556,1.059015,1.154123,1.208144,1.162737,1.045914,0.167791,0.676838,0.550647,2.464377,0.426192,0.027484,0.027725,0.850097,0.850962,0.108972,0.296062,1.885634,0.922234,0.104863,1.485658,1.516554,0.015407,0.030372,0.074978
ruby,Base_Seq,default,0.319970,0.315288,0.411049,0.377615,0.534490,1.335491,0.763176,0.764987,0.846430,0.929896,0.309141,0.027052,0.027464,0.007914,0.033254,0.065290,1.350846,0.859389,1.325068,0.100544,1.324894,1.946901,1.107337,1.197717,2.268816,0.429104,1.612069,4.850960,6.173750,0.363787,0.149588,0.937242,7.483261,4.040286,0.040008,0.078612,0.647869,2.048539,2.622495,0.148146,1.088765,1.163607,1.219356,1.168026,1.070009,0.170938,0.726431,0.569160,2.479407,0.425405,0.027645,0.027607,0.854350,0.856409,0.112521,0.295860,1.921395,1.006609,0.105359,1.484886,1.518139,0.015336,0.030379,0.079837
ruby,Base_Seq,default,0.321614,0.317244,0.408966,0.379570,0.534185,1.368649,0.765465,0.765431,0.842178,0.927350,0.308281,0.026708,0.027035,0.007282,0.033796,0.065394,1.352326,0.859059,1.386899,0.101336,1.369001,2.020372,1.107940,1.098521,2.277816,0.428801,1.607163,4.626378,6.652168,0.356704,0.145157,0.839212,7.396746,3.771669,0.037957,0.078596,0.604010,2.003400,2.692924,0.164622,1.082675,1.159295,1.220862,1.179662,1.074545,0.174716,0.676659,0.557524,2.513563,0.427194,0.027561,0.027782,0.851607,0.851539,0.113577,0.297031,1.926763,0.925579,0.104649,1.488932,1.519737,0.015568,0.030129,0.073298
ruby,Base_Seq,default,0.324042,0.317116,0.407874,0.378224,0.535338,1.327429,0.764673,0.765768,0.849545,0.936300,0.308130,0.026673,0.027456,0.007420,0.033847,0.064167,1.352510,0.857763,1.325489,0.100856,1.325939,1.961275,1.105588,1.207398,2.259855,0.428359,1.602090,4.816625,6.217685,0.367074,0.158554,0.937834,7.412269,4.040440,0.040163,0.078258,0.640920,2.079656,2.731800,0.155458,1.067959,1.166943,1.229240,1.187813,1.061117,0.172310,0.730009,0.563597,2.478921,0.426665,0.027495,0.028012,0.856238,0.860373,0.115693,0.296701,1.913103,1.010117,0.105220,1.487278,1.520662,0.016072,0.030228,0.078207
ruby,Base_Seq,default,0.308437,0.305280,0.407699,0.379300,0.532099,1.336938,0.764028,0.764491,0.837377,0.942196,0.316708,0.026662,0.027089,0.007970,0.032738,0.065542,1.353822,0.863028,1.324880,0.100933,1.317324,2.004924,1.097335,1.085215,2.261704,0.428294,1.604189,4.642333,6.119022,0.353486,0.145148,0.845039,7.207687,3.677123,0.037708,0.076374,0.598359,2.052938,2.598368,0.148563,1.073952,1.122477,1.200227,1.135383,1.061971,0.169461,0.675907,0.555457,2.472517,0.426405,0.027804,0.027884,0.850682,0.851071,0.110367,0.296647,1.906983,0.918289,0.104572,1.488533,1.519565,0.015705,0.030200,0.076147
ruby,Base_Seq,default,0.324916,0.319525,0.416455,0.380105,0.540063,1.347735,0.794567,0.797985,0.865815,0.943906,0.324242,0.026931,0.029073,0.007967,0.035475,0.065025,1.367183,0.884267,1.312218,0.100622,1.316838,1.983809,1.138104,1.349205,2.322077,0.428598,1.650608,5.845008,7.322454,0.366765,0.159248,0.987364,7.578481,4.115414,0.041807,0.079472,0.650298,2.212802,2.813511,0.162636,1.107368,1.184014,1.234070,1.183269,1.094526,0.168796,0.727203,0.570410,2.521596,0.425389,0.028078,0.028302,0.856322,0.857955,0.110930,0.296608,1.941812,1.007878,0.106131,1.485235,1.521317,0.015649,0.031448,0.083774
ruby,Base_Seq,default,0.335336,0.328170,0.411555,0.379064,0.533477,1.333593,0.765265,0.765656,0.841435,0.935907,0.309783,0.026655,0.027492,0.008033,0.035770,0.063968,1.353318,0.844497,1.320455,0.101226,1.316026,1.949986,1.097382,1.152757,2.262904,0.430192,1.600131,5.075329,6.341152,0.359524,0.145164,0.889119,7.811905,4.035343,0.037100,0.079896,0.604506,2.141567,2.779990,0.147711,1.083202,1.179829,1.219290,1.172573,1.066322,0.168806,0.677113,0.549976,2.467794,0.428875,0.027511,0.027635,0.852246,0.850795,0.112734,0.296921,1.894980,0.923280,0.107034,1.488582,1.520992,0.015502,0.030141,0.080907
ruby,Base_Seq,default,0.318641,0.313985,0.411118,0.378573,0.535545,1.327357,0.767702,0.768806,0.850962,0.925998,0.315674,0.026800,0.027499,0.007838,0.034076,0.063868,1.353775,0.855599,1.310422,0.100825,1.316295,1.955087,1.106804,1.183765,2.262702,0.429357,1.596035,5.286512,6.641433,0.365294,0.159028,0.904920,7.456300,3.678443,0.040202,0.076805,0.584660,2.154205,2.880106,0.161972,1.072944,1.169531,1.216015,1.179230,1.058316,0.167089,0.677999,0.550121,2.463407,0.425917,0.027553,0.027715,0.850696,0.850953,0.110629,0.296786,1.894434,0.924750,0.105522,1.488266,1.519962,0.015332,0.031034,0.079697
ruby,Base_Seq,default,0.319283,0.314509,0.410493,0.378508,0.536682,1.335480,0.766522,0.789809,0.859683,0.931738,0.310309,0.026678,0.027594,0.007942,0.033216,0.064267,1.352928,0.851517,1.305186,0.100820,1.307061,1.952448,1.104464,1.198989,2.261187,0.430392,1.599044,4.858459,6.158158,0.365267,0.145352,0.953227,7.512519,4.077464,0.038563,0.078469,0.651487,2.067837,2.736068,0.148343,1.083037,1.144262,1.205251,1.145735,1.055408,0.173240,0.729980,0.558912,2.477209,0.426496,0.027508,0.027727,0.857620,0.859342,0.111511,0.296764,1.909946,1.009643,0.104936,1.487276,1.518454,0.015619,0.030519,0.077632
ruby,Base_Seq,default,0.314690,0.311341,0.405436,0.379339,0.532598,1.339178,0.764723,0.765361,0.836921,0.914471,0.310442,0.026903,0.027114,0.007341,0.033527,0.066110,1.354049,0.855913,1.308474,0.100870,1.294091,1.983403,1.091111,1.096074,2.253768,0.428914,1.588929,4.637577,6.660702,0.357046,0.145473,0.838275,7.591986,3.760051,0.037733,0.079350,0.611792,2.082528,2.744800,0.150474,1.069214,1.156888,1.208969,1.163103,1.052286,0.169837,0.675221,0.548983,2.472166,0.426517,0.027689,0.027745,0.850655,0.851119,0.113868,0.297051,1.888939,0.918200,0.106878,1.488247,1.518620,0.015667,0.029955,0.076986
ruby,Base_Seq,default,0.326708,0.320402,0.411505,0.378639,0.535550,1.332365,0.775650,0.801857,0.844103,0.928562,0.315848,0.026740,0.027656,0.007454,0.033781,0.064045,1.354240,0.853019,1.311926,0.101095,1.312215,1.956734,1.105099,1.206629,2.265950,0.428790,1.604520,4.815925,6.214805,0.367658,0.145139,0.961621,7.539217,4.053109,0.038596,0.078453,0.649509,2.115337,2.804114,0.149090,1.088871,1.181842,1.227331,1.191085,1.070890,0.173310,0.729415,0.561932,2.472734,0.426774,0.027549,0.027689,0.856245,0.858880,0.116174,0.297279,1.901709,1.008618,0.104927,1.487499,1.518325,0.015442,0.030953,0.076887
ruby,Base_Seq,default,0.321271,0.316542,0.404239,0.379253,0.532805,1.335724,0.765990,0.765766,0.838595,0.938404,0.310512,0.026828,0.027082,0.007998,0.033313,0.065505,1.353580,0.858638,1.350429,0.101568,1.338550,1.985089,1.084190,1.084974,2.243847,0.429631,1.586432,4.649356,6.128704,0.353191,0.145727,0.835816,7.656443,3.694230,0.037885,0.078766,0.603689,2.060199,2.675520,0.149490,1.050180,1.165610,1.215452,1.176586,1.055123,0.168817,0.678788,0.551521,2.445613,0.426030,0.027636,0.027783,0.852081,0.851071,0.110430,0.296402,1.881799,0.924790,0.105755,1.489290,1.519402,0.016072,0.030771,0.077090
ruby,Base_Seq,default,0.320420,0.315725,0.404855,0.379294,0.538893,1.337683,0.799764,0.833317,0.859692,0.935810,0.324635,0.026809,0.028960,0.007909,0.034478,0.065317,1.360703,0.853084,1.339808,0.100676,1.345569,1.960691,1.113410,1.336516,2.258889,0.429002,1.608344,5.838246,7.236621,0.366532,0.163271,0.958982,7.695906,4.113735,0.042501,0.080099,0.647092,2.104410,2.932133,0.163399,1.092278,1.166992,1.228053,1.187849,1.075767,0.167678,0.726712,0.557768,2.458701,0.425659,0.028318,0.028227,0.854409,0.856633,0.113596,0.296393,1.885601,1.006258,0.105866,1.486443,1.518682,0.015689,0.032828,0.078271
ruby,Base_Seq,default,0.323586,0.317651,0.404945,0.379485,0.536491,1.324060,0.773917,0.780513,0.842630,0.929949,0.318221,0.027185,0.027441,0.007977,0.032947,0.063875,1.350733,0.841851,1.278003,0.101686,1.277111,1.941349,1.079527,1.150437,2.227800,0.429496,1.570942,5.006247,6.164120,0.357390,0.146179,0.875696,7.535309,4.038587,0.038400,0.078224,0.642414,2.106589,2.835443,0.150284,1.051242,1.157130,1.213310,1.167599,1.044060,0.170459,0.729525,0.553215,2.425502,0.426566,0.027568,0.027582,0.857765,0.860891,0.111148,0.296457,1.866076,1.007876,0.105074,1.488742,1.517041,0.015521,0.030889,0.076668
ruby,Base_Seq,default,0.326975,0.320620,0.401852,0.378963,0.538998,1.318451,0.816026,0.825083,0.847158,0.922988,0.331590,0.026886,0.027397,0.007829,0.034058,0.064072,1.346815,0.838313,1.349438,0.101025,1.350763,1.930319,1.088951,1.180756,2.214878,0.430228,1.565641,5.425219,6.700959,0.365515,0.162954,0.898932,7.772341,4.031345,0.042250,0.079151,0.626346,2.101470,2.799317,0.162176,1.061213,1.200221,1.227637,1.202698,1.050319,0.166367,0.727932,0.552975,2.422372,0.426077,0.027623,0.027678,0.855848,0.857052,0.113706,0.296545,1.862902,1.010613,0.106530,1.488461,1.520388,0.015544,0.030936,0.080078
ruby,Base_Seq,default,0.314818,0.310796,0.403765,0.379385,0.533617,1.331477,0.763832,0.821734,0.852402,0.931262,0.307698,0.026830,0.027391,0.007949,0.032804,0.064149,1.350800,0.839006,1.280479,0.100678,1.278661,1.927021,1.075655,1.195074,2.225589,0.429750,1.574325,4.856160,6.182674,0.365000,0.144890,0.924943,7.354022,4.053861,0.038463,0.077172,0.643958,2.094199,2.739255,0.148389,1.053743,1.134677,1.199788,1.148013,1.037439,0.165912,0.728093,0.554234,2.433895,0.426038,0.027516,0.027641,0.855064,0.856478,0.112045,0.297263,1.883972,1.008748,0.104530,1.487874,1.517085,0.015502,0.030160,0.077127
ruby,Base_Seq,default,0.319770,0.313196,0.400870,0.379416,0.534245,1.324446,0.775814,0.770158,0.843757,0.899159,0.312501,0.026873,0.027054,0.007329,0.033002,0.064283,1.349656,0.826471,1.309616,0.101089,1.299227,1.916480,1.054490,1.138756,2.199250,0.429205,1.559745,4.841874,6.693027,0.357854,0.144861,0.812467,7.371765,4.167706,0.038452,0.077218,0.612687,2.117410,2.807433,0.148183,1.049492,1.139611,1.200957,1.155699,1.035949,0.164130,0.726955,0.556825,2.404338,0.425897,0.027547,0.027504,0.857073,0.858514,0.115470,0.296041,1.817243,1.008916,0.105708,1.485665,1.514481,0.015566,0.030373,0.075761
ruby,Base_Seq,default,0.319240,0.314755,0.400429,0.378592,0.534143,1.319354,0.763567,0.765317,0.851331,0.925389,0.318732,0.026632,0.027515,0.007374,0.033108,0.064029,1.346696,0.831805,1.299397,0.100767,1.302866,1.917678,1.083356,1.201853,2.216527,0.428680,1.563966,4.827087,6.202439,0.365688,0.147347,0.939307,7.500819,4.045007,0.039919,0.078029,0.640933,2.043172,2.690545,0.148266,1.062803,1.168098,1.208990,1.168513,1.042467,0.166506,0.728293,0.554435,2.431570,0.426766,0.027592,0.027897,0.855254,0.857465,0.116624,0.296795,1.855100,1.011589,0.105259,1.488496,1.517090,0.015448,0.030765,0.079317
ruby,Base_Seq,default,0.320001,0.315222,0.404622,0.379190,0.534047,1.336071,0.779101,0.767611,0.844201,0.931571,0.323934,0.026705,0.027066,0.007975,0.033465,0.063833,1.350957,0.846766,1.288183,0.101117,1.286745,1.921061,1.079563,1.132568,2.225377,0.428463,1.574652,4.837640,6.151238,0.353806,0.144754,0.843552,7.328628,4.037988,0.038028,0.077550,0.620945,2.097130,2.688640,0.151495,1.050418,1.150403,1.211324,1.160730,1.050062,0.163857,0.726347,0.554787,2.429046,0.425692,0.027554,0.027623,0.855841,0.857890,0.113916,0.296487,1.856978,1.009562,0.105187,1.485463,1.515732,0.015644,0.030520,0.075098
AVERAGE
boraxo,,,0.428987,0.420312,0.559196,0.655448,0.278608,1.623717,1.045010,1.052016,1.265667,1.118899,0.437501,0.043785,0.043818,0.009234,0.047393,0.109378,1.657176,1.008816,1.860806,0.175592,1.863353,2.601325,1.412196,1.706718,2.470407,0.153632,1.943946,8.779241,11.350952,0.598613,0.283253,1.220838,10.926273,5.757841,0.067276,0.108332,0.977083,2.947127,4.300574,0.267602,1.395339,1.671335,1.618309,1.638730,1.380386,0.230291,1.187073,0.833038,2.765347,0.492824,0.036221,0.036198,1.483265,1.484006,0.168401,0.550881,2.238714,1.689615,0.178803,2.335763,2.846453,0.023514,0.042280,0.101839
catalyst,,,0.491893,0.499954,1.140569,0.469758,0.597571,1.790315,1.626551,1.614845,1.725353,1.275777,0.676327,0.221302,0.223707,0.010129,0.041956,0.444012,1.785152,1.135291,1.953553,0.121993,1.985349,2.250605,1.815856,1.980240,2.912710,1.116247,2.693323,45.563321,65.871194,0.616497,0.937618,1.353988,12.606881,42.633163,0.201588,0.105783,1.308933,3.283378,5.044753,0.916058,1.910554,1.800160,1.554902,1.833757,1.943741,0.303586,1.409762,0.940600,3.126006,0.699508,0.025441,0.025678,1.248974,1.245522,0.241351,0.528101,2.774681,1.763573,0.110497,1.628949,1.867714,0.016376,0.040740,0.100133
ec2-c5n,,,0.421757,0.411727,0.536755,0.431184,0.554394,1.379092,1.476068,1.493411,1.848256,0.969226,0.666784,0.067010,0.065960,0.014570,0.046879,0.143892,1.380087,1.000697,1.680444,0.115880,1.679077,2.269746,1.369651,1.172868,2.389814,0.201241,1.902476,5.790905,7.462829,0.438008,0.208651,1.252208,10.006689,4.353865,0.052793,0.108501,0.966949,2.860464,3.939963,0.192993,1.368684,1.518026,1.651275,1.494925,1.360682,0.298790,0.819926,0.764329,1.703931,0.445341,0.029329,0.029308,1.015871,1.016045,0.216554,0.333015,2.168485,1.231025,0.127406,1.552556,1.852844,0.030402,0.034198,0.085143
ec2-c6a,,,0.189927,0.213625,0.484394,0.428106,0.433123,0.516092,1.348183,1.351995,1.244167,0.381497,0.428879,0.063269,0.062311,0.013075,0.022738,0.184959,0.737909,0.522157,0.670182,0.056577,0.750799,0.848362,0.647114,0.692998,0.976256,0.145063,0.762069,3.424274,4.819329,0.375668,0.109489,0.699703,4.136650,3.265318,0.030262,0.064903,0.647048,1.241868,1.977398,0.104822,0.664593,0.545186,0.966257,0.624198,0.585629,0.223690,0.655927,0.655243,0.780573,0.316118,0.011193,0.012121,0.637977,0.782901,0.152388,0.229072,0.927767,0.946530,0.083823,1.601694,1.759791,0.020393,0.013626,0.033077
ec2-c6i,,,0.266425,0.262167,0.419823,0.445063,0.506472,1.026390,1.430043,1.434461,1.473268,0.725422,0.537381,0.059703,0.059360,0.014551,0.030396,0.143347,1.068582,0.761494,1.054808,0.114365,1.047553,1.527788,0.922416,0.951918,1.875616,0.157410,1.411399,3.676331,5.207304,0.385162,0.129139,0.723233,5.969920,3.428249,0.032839,0.070980,0.629874,1.774040,2.353252,0.119798,0.903319,0.951811,1.164629,0.943548,0.903372,0.238034,0.745026,0.671964,1.325969,0.374235,0.019964,0.020128,0.861671,0.860944,0.173057,0.271608,1.668557,1.143594,0.115726,1.578918,1.726564,0.028958,0.027587,0.052986
mammoth,,,0.343475,0.343222,0.312186,0.542221,0.607504,0.743831,1.282325,1.525581,1.186601,0.500830,0.538392,0.078017,0.079454,0.004186,0.034947,0.211054,0.871820,0.555453,1.401883,0.090397,1.423393,1.026055,0.886047,0.908623,1.169917,0.116772,1.110364,6.202818,9.325153,0.463483,0.203419,1.096273,9.942868,5.389608,0.046485,0.083919,0.704390,2.151657,2.797827,0.193319,0.937801,1.253119,1.327401,1.300993,0.972304,0.264385,0.759474,0.874048,1.782011,0.277082,0.015827,0.016493,0.912461,0.916076,0.132892,0.335481,1.303393,1.000441,0.109915,1.852553,2.059271,0.016362,0.030864,0.069206
poodle,,,0.311389,0.311639,0.420390,0.515852,0.138689,1.355667,0.707861,0.706667,0.482425,0.957877,0.346126,0.033457,0.033521,0.006203,0.030876,0.083797,1.327839,0.770481,1.349929,0.133970,1.413679,2.002009,1.085319,1.019181,1.803012,0.111503,1.501247,4.243762,5.648618,0.420381,0.103550,0.685750,8.225121,4.355000,0.031640,0.066046,0.558420,2.405492,2.831523,0.093902,1.133036,1.196187,1.031607,1.197163,1.115731,0.197393,0.544463,0.626211,2.002117,0.291330,0.021915,0.021852,0.795368,0.793783,0.119239,0.304069,1.717314,0.786819,0.080981,1.755632,1.950884,0.012028,0.028289,0.069957
quartz,,,0.346030,0.345529,0.920538,0.475888,0.555628,2.245596,1.447279,1.635724,1.080305,1.537314,0.646454,0.073369,0.073875,0.007783,0.028808,0.200690,2.007845,1.222614,1.395403,0.120171,1.401646,2.188445,1.295056,1.576100,3.032338,0.206229,2.441377,10.412638,13.742798,0.500692,0.288476,1.123367,8.317259,7.462155,0.068463,0.063355,0.954756,2.286430,3.465528,0.272925,1.286901,1.232310,0.968376,1.253137,1.279830,0.226707,0.952945,0.792499,3.336461,0.467996,0.028261,0.028230,1.431187,1.452036,0.159564,0.538354,2.666671,1.387882,0.099403,1.651874,1.921417,0.013302,0.043650,0.068495
ruby,,,0.320378,0.315267,0.407475,0.379011,0.535553,1.334957,0.774008,0.782189,0.847726,0.931150,0.315727,0.026816,0.027579,0.007776,0.033637,0.064533,1.353433,0.853542,1.313793,0.100972,1.311883,1.957471,1.097705,1.184961,2.254296,0.429210,1.596756,5.031454,6.473441,0.361763,0.150965,0.901387,7.489794,3.930130,0.039387,0.078155,0.623884,2.087074,2.760375,0.153825,1.072823,1.160189,1.214833,1.168698,1.059676,0.168952,0.708527,0.556429,2.464310,0.426309,0.027664,0.027797,0.854043,0.855510,0.112851,0.296646,1.891615,0.971668,0.105262,1.487352,1.518336,0.015589,0.030739,0.077259
