machine, rep, sz, n_threads, Basic_DAXPY, Basic_DAXPY_ATOMIC, Basic_IF_QUAD, Basic_INDEXLIST, Basic_INDEXLIST_3LOOP, Basic_INIT3, Basic_INIT_VIEW1D, Basic_INIT_VIEW1D_OFFSET, Basic_MAT_MAT_SHARED, Basic_MULADDSUB, Basic_NESTED_INIT, Basic_PI_ATOMIC, Basic_PI_REDUCE, Basic_REDUCE3_INT, Basic_REDUCE_STRUCT, Basic_TRAP_INT, Lcals_DIFF_PREDICT, Lcals_EOS, Lcals_FIRST_DIFF, Lcals_FIRST_MIN, Lcals_FIRST_SUM, Lcals_GEN_LIN_RECUR, Lcals_HYDRO_1D, Lcals_HYDRO_2D, Lcals_INT_PREDICT, Lcals_PLANCKIAN, Lcals_TRIDIAG_ELIM, Polybench_2MM, Polybench_3MM, Polybench_ADI, Polybench_ATAX, Polybench_FDTD_2D, Polybench_FLOYD_WARSHALL, Polybench_GEMM, Polybench_GEMVER, Polybench_GESUMMV, Polybench_HEAT_3D, Polybench_JACOBI_1D, Polybench_JACOBI_2D, Polybench_MVT, Stream_ADD, Stream_COPY, Stream_DOT, Stream_MUL, Stream_TRIAD, Apps_CONVECTION3DPA, Apps_DEL_DOT_VEC_2D, Apps_DIFFUSION3DPA, Apps_ENERGY, Apps_FIR, Apps_HALOEXCHANGE, Apps_HALOEXCHANGE_FUSED, Apps_LTIMES, Apps_LTIMES_NOVIEW, Apps_MASS3DPA, Apps_NODAL_ACCUMULATION_3D, Apps_PRESSURE, Apps_VOL3D, Algorithm_SCAN, Algorithm_SORT, Algorithm_SORTPAIRS, Algorithm_REDUCE_SUM, Algorithm_MEMSET, Algorithm_MEMCPY
boraxo, 0.5, 0.5, 1, 0.087230, 0.087135, 0.137284, 0.162941, 0.063160, 0.244118, 0.230042, 0.235607, 0.153883, 0.168284, 0.097971, 0.010935, 0.010950, 0.002228, 0.008739, 0.027348, 0.381428, 0.175148, 0.350192, 0.043737, 0.351890, 0.359231, 0.262433, 0.383920, 0.475934, 0.035599, 0.350058, 0.971960, 1.607129, 0.133424, 0.037008, 0.198248, 0.998831, 1.252499, 0.009153, 0.021070, 0.213505, 0.562171, 0.794730, 0.035416, 0.261922, 0.314864, 0.348265, 0.315207, 0.261527, 0.048075, 0.297255, 0.190582, 0.560421, 0.122551, 0.012150, 0.012107, 0.370821, 0.372112, 0.041127, 0.120560, 0.371045, 0.445606, 0.043783, 0.528243, 0.641308, 0.005489, 0.009292, 0.020251
boraxo, 0.5, 1.0, 1, 0.178090, 0.177087, 0.276140, 0.327134, 0.127738, 0.640420, 0.477731, 0.494350, 0.363137, 0.445195, 0.194064, 0.021867, 0.021899, 0.004566, 0.018316, 0.054654, 0.809409, 0.407575, 0.723499, 0.087489, 0.726194, 0.928753, 0.557686, 0.789508, 1.125106, 0.073641, 0.779484, 6.000636, 9.320356, 0.294544, 0.155096, 0.436917, 2.999529, 7.555854, 0.035602, 0.043678, 0.428448, 1.181757, 1.795942, 0.154593, 0.554473, 0.648918, 0.701440, 0.647020, 0.545530, 0.107289, 0.599892, 0.408146, 1.268146, 0.245332, 0.021926, 0.021843, 0.741629, 0.742700, 0.081322, 0.244637, 0.901509, 0.890222, 0.087846, 1.116515, 1.355763, 0.011326, 0.019653, 0.042193
boraxo, 0.5, 2.0, 1, 0.428987, 0.420312, 0.559196, 0.655448, 0.278608, 1.623717, 1.045010, 1.052016, 1.265667, 1.118899, 0.437501, 0.043785, 0.043818, 0.009234, 0.047393, 0.109378, 1.657176, 1.008816, 1.860806, 0.175592, 1.863353, 2.601325, 1.412196, 1.706718, 2.470407, 0.153632, 1.943946, 8.779241, 11.350952, 0.598613, 0.283253, 1.220838, 10.926273, 5.757841, 0.067276, 0.108332, 0.977083, 2.947127, 4.300574, 0.267602, 1.395339, 1.671335, 1.618309, 1.638730, 1.380386, 0.230291, 1.187073, 0.833038, 2.765347, 0.492824, 0.036221, 0.036198, 1.483265, 1.484006, 0.168401, 0.550881, 2.238714, 1.689615, 0.178803, 2.335763, 2.846453, 0.023514, 0.042280, 0.101839
catalyst, 0.5, 0.5, 1, 0.086231, 0.086079, 0.275760, 0.116697, 0.139602, 0.282544, 0.398123, 0.404884, 0.212738, 0.200528, 0.178246, 0.055728, 0.056464, 0.002565, 0.007855, 0.113130, 0.396507, 0.224376, 0.346781, 0.030087, 0.350878, 0.419057, 0.237110, 0.475201, 0.622008, 0.268583, 0.285194, 7.450444, 11.992558, 0.142100, 0.213486, 0.213147, 0.956562, 9.886884, 0.045764, 0.020077, 0.285837, 0.615538, 0.935923, 0.210608, 0.223975, 0.291002, 0.282937, 0.288832, 0.220610, 0.062405, 0.350871, 0.212051, 0.621422, 0.175297, 0.009660, 0.009826, 0.318557, 0.306220, 0.057320, 0.121916, 0.328787, 0.457127, 0.023950, 0.368082, 0.411156, 0.003890, 0.009887, 0.016181
catalyst, 0.5, 1.0, 1, 0.174276, 0.174432, 0.559918, 0.232977, 0.281821, 0.809846, 0.801834, 0.799627, 0.570520, 0.571603, 0.352944, 0.110768, 0.111060, 0.005027, 0.015458, 0.222531, 0.830509, 0.475189, 0.713301, 0.060629, 0.713631, 0.928517, 0.529620, 1.006232, 1.450811, 0.546292, 0.823855, 17.973485, 27.394243, 0.294237, 0.445418, 0.446887, 2.850476, 20.325262, 0.095473, 0.042127, 0.617600, 1.248176, 1.945332, 0.438034, 0.511915, 0.587608, 0.568032, 0.586025, 0.514082, 0.137595, 0.702288, 0.464934, 1.470174, 0.347040, 0.015786, 0.016040, 0.623970, 0.615274, 0.115638, 0.248479, 1.024215, 0.929182, 0.048027, 0.773459, 0.876824, 0.007895, 0.019865, 0.032636
catalyst, 0.5, 2.0, 1, 0.491893, 0.499954, 1.140569, 0.469758, 0.597571, 1.790315, 1.626551, 1.614845, 1.725353, 1.275777, 0.676327, 0.221302, 0.223707, 0.010129, 0.041956, 0.444012, 1.785152, 1.135291, 1.953553, 0.121993, 1.985349, 2.250605, 1.815856, 1.980240, 2.912710, 1.116247, 2.693323, 45.563321, 65.871194, 0.616497, 0.937618, 1.353988, 12.606881, 42.633163, 0.201588, 0.105783, 1.308933, 3.283378, 5.044753, 0.916058, 1.910554, 1.800160, 1.554902, 1.833757, 1.943741, 0.303586, 1.409762, 0.940600, 3.126006, 0.699508, 0.025441, 0.025678, 1.248974, 1.245522, 0.241351, 0.528101, 2.774681, 1.763573, 0.110497, 1.628949, 1.867714, 0.016376, 0.040740, 0.100133
corona, 0.5, 0.5, 1, 0.006025, 0.010076, 0.006297, 0.003015, 0.003847, 0.010365, 0.012773, 0.012537, 0.003894, 0.009738, 0.007708, 122.191764, 0.024850, 0.001927, 0.018410, 0.023594, 0.016047, 0.008884, 0.015796, 0.004028, 0.014624, 0.018403, 0.012795, 0.012031, 0.015479, 0.003441, 0.015589, 0.009777, 0.015046, 0.028881, 0.026486, 0.014892, 0.040155, 0.011779, 0.008377, 0.020803, 0.011091, 0.022747, 0.033909, 0.023656, 0.011856, 0.013752, 0.791670, 0.014229, 0.011956, , 0.005008, , 0.016502, 0.004629, 0.013960, , 0.009156, 0.009430, , 0.010171, 0.017748, 0.005707, , , , 0.021347, 0.002141, 0.003095
corona, 0.5, 1.0, 1, 0.009418, 0.012847, 0.009210, 0.003922, 0.005407, 0.017292, 0.018965, 0.019021, 0.006718, 0.013147, 0.012158, 181.411465, 0.047555, 0.001792, 0.031979, 0.046342, 0.025611, 0.014414, 0.023975, 0.004182, 0.024637, 0.030560, 0.019088, 0.018413, 0.026393, 0.004191, 0.026083, 0.014329, 0.020317, 0.033825, 0.043251, 0.021704, 0.095396, 0.015755, 0.010078, 0.038065, 0.017309, 0.037299, 0.056187, 0.042333, 0.019183, 0.022169, 1.704963, 0.022452, 0.018125, , 0.006285, , 0.024137, 0.007295, 0.012586, , 0.014433, 0.014142, , 0.015892, 0.027322, 0.007914, , , , 0.044992, 0.002159, 0.003309
corona, 0.5, 2.0, 1, 0.016645, 0.019877, 0.024527, 0.006581, 0.007968, 0.030293, 0.033368, 0.033437, 0.014671, 0.023515, 0.017908, 299.154290, 0.088591, 0.002123, 0.058249, 0.087846, 0.046660, 0.024956, 0.043512, 0.005047, 0.043723, 0.057832, 0.034122, 0.030034, 0.049325, 0.005318, 0.045278, 0.029901, 0.041785, 0.048773, 0.059747, 0.039036, 0.253334, 0.028440, 0.013882, 0.054099, 0.028138, 0.067885, 0.102102, 0.059450, 0.033790, 0.039229, 3.230910, 0.039371, 0.033750, , 0.010384, , 0.043776, 0.012722, 0.012581, , 0.026978, 0.026637, , 0.028184, 0.049327, 0.013608, , , , 0.085109, 0.002950, 0.003451
ec2-c5n, 0.5, 0.5, 1, 0.075318, 0.075237, 0.120887, 0.106998, 0.129234, 0.202070, 0.358107, 0.366065, 0.234924, 0.142494, 0.167598, 0.016723, 0.018280, 0.003917, 0.007659, 0.036481, 0.325850, 0.178059, 0.301283, 0.028611, 0.301199, 0.301526, 0.227320, 0.248869, 0.450480, 0.048060, 0.308739, 0.705117, 1.126927, 0.098395, 0.032662, 0.172152, 0.863961, 0.931394, 0.008565, 0.019282, 0.193582, 0.481873, 0.646010, 0.031591, 0.227134, 0.270433, 0.300427, 0.270544, 0.226895, 0.065261, 0.205739, 0.177982, 0.294934, 0.109827, 0.009774, 0.009730, 0.253834, 0.254383, 0.052729, 0.082692, 0.333833, 0.321556, 0.028622, 0.351566, 0.413857, 0.007182, 0.007679, 0.015082
ec2-c5n, 0.5, 1.0, 1, 0.156574, 0.155407, 0.251639, 0.214752, 0.260811, 0.556781, 0.717027, 0.730875, 0.627581, 0.392386, 0.327938, 0.033436, 0.034150, 0.007355, 0.017152, 0.072233, 0.698307, 0.422185, 0.626978, 0.057277, 0.626136, 0.820456, 0.513920, 0.527248, 1.081244, 0.098805, 0.747776, 3.737234, 5.759156, 0.217653, 0.108524, 0.400710, 2.608451, 5.038218, 0.026065, 0.040268, 0.413825, 1.041172, 1.488898, 0.107710, 0.510085, 0.561239, 0.621011, 0.559194, 0.506112, 0.140628, 0.411650, 0.375614, 0.750068, 0.220129, 0.017678, 0.017631, 0.507951, 0.507581, 0.104994, 0.169067, 0.883550, 0.638614, 0.058023, 0.742454, 0.875554, 0.014571, 0.015674, 0.031348
ec2-c5n, 0.5, 2.0, 1, 0.421757, 0.411727, 0.536755, 0.431184, 0.554394, 1.379092, 1.476068, 1.493411, 1.848256, 0.969226, 0.666784, 0.067010, 0.065960, 0.014570, 0.046879, 0.143892, 1.380087, 1.000697, 1.680444, 0.115880, 1.679077, 2.269746, 1.369651, 1.172868, 2.389814, 0.201241, 1.902476, 5.790905, 7.462829, 0.438008, 0.208651, 1.252208, 10.006689, 4.353865, 0.052793, 0.108501, 0.966949, 2.860464, 3.939963, 0.192993, 1.368684, 1.518026, 1.651275, 1.494925, 1.360682, 0.298790, 0.819926, 0.764329, 1.703931, 0.445341, 0.029329, 0.029308, 1.015871, 1.016045, 0.216554, 0.333015, 2.168485, 1.231025, 0.127406, 1.552556, 1.852844, 0.030402, 0.034198, 0.085143
ec2-c6a, 0.5, 0.5, 1, 0.024967, 0.034812, 0.122335, 0.109209, 0.106892, 0.063518, 0.338543, 0.340783, 0.161928, 0.048922, 0.105873, 0.015579, 0.015691, 0.003266, 0.005190, 0.046524, 0.164846, 0.122201, 0.142186, 0.013923, 0.116312, 0.115778, 0.089880, 0.159288, 0.137752, 0.036555, 0.090175, 0.586895, 0.917748, 0.092038, 0.025809, 0.087801, 0.298739, 0.778513, 0.006877, 0.012882, 0.148635, 0.244529, 0.487481, 0.024156, 0.067286, 0.079194, 0.206311, 0.088415, 0.070228, 0.045707, 0.166026, 0.126271, 0.159932, 0.080685, 0.004275, 0.004574, 0.162699, 0.197639, 0.037850, 0.057801, 0.125331, 0.251894, 0.020706, 0.367218, 0.400419, 0.005245, 0.003433, 0.005255
ec2-c6a, 0.5, 1.0, 1, 0.049320, 0.069735, 0.242399, 0.215169, 0.210895, 0.170650, 0.674450, 0.677447, 0.439192, 0.155515, 0.231783, 0.031338, 0.031253, 0.006521, 0.010406, 0.093138, 0.337718, 0.251829, 0.276823, 0.027894, 0.227076, 0.293347, 0.194681, 0.334338, 0.418491, 0.072991, 0.286212, 1.384070, 2.057291, 0.186119, 0.052213, 0.182845, 0.963941, 1.608193, 0.014882, 0.025548, 0.305053, 0.484367, 0.964367, 0.049115, 0.151063, 0.159429, 0.409317, 0.174681, 0.157156, 0.100072, 0.328615, 0.306425, 0.367616, 0.159455, 0.006836, 0.007632, 0.320796, 0.392915, 0.075978, 0.116805, 0.387371, 0.496610, 0.041534, 0.771618, 0.845543, 0.010249, 0.006804, 0.009223
ec2-c6a, 0.5, 2.0, 1, 0.189927, 0.213625, 0.484394, 0.428106, 0.433123, 0.516092, 1.348183, 1.351995, 1.244167, 0.381497, 0.428879, 0.063269, 0.062311, 0.013075, 0.022738, 0.184959, 0.737909, 0.522157, 0.670182, 0.056577, 0.750799, 0.848362, 0.647114, 0.692998, 0.976256, 0.145063, 0.762069, 3.424274, 4.819329, 0.375668, 0.109489, 0.699703, 4.136650, 3.265318, 0.030262, 0.064903, 0.647048, 1.241868, 1.977398, 0.104822, 0.664593, 0.545186, 0.966257, 0.624198, 0.585629, 0.223690, 0.655927, 0.655243, 0.780573, 0.316118, 0.011193, 0.012121, 0.637977, 0.782901, 0.152388, 0.229072, 0.927767, 0.946530, 0.083823, 1.601694, 1.759791, 0.020393, 0.013626, 0.033077
ec2-c6i, 0.5, 0.5, 1, 0.063453, 0.063451, 0.096082, 0.110253, 0.123896, 0.168677, 0.357363, 0.358091, 0.189204, 0.118541, 0.134004, 0.014926, 0.015181, 0.003630, 0.007259, 0.035937, 0.215862, 0.146194, 0.254803, 0.028601, 0.256387, 0.253863, 0.189539, 0.202362, 0.319863, 0.036994, 0.249895, 0.650248, 1.053264, 0.093456, 0.029859, 0.143281, 0.735409, 0.884305, 0.007755, 0.016950, 0.155042, 0.413766, 0.562735, 0.029073, 0.189257, 0.230180, 0.285899, 0.229887, 0.189190, 0.054795, 0.186142, 0.137068, 0.212731, 0.093272, 0.007721, 0.007698, 0.215474, 0.215272, 0.043015, 0.064074, 0.264781, 0.299591, 0.028590, 0.356800, 0.390317, 0.007654, 0.006867, 0.012753
ec2-c6i, 0.5, 1.0, 1, 0.127455, 0.127350, 0.195066, 0.222234, 0.248896, 0.367864, 0.818621, 0.721414, 0.517092, 0.254743, 0.273571, 0.029865, 0.029912, 0.007448, 0.014547, 0.071691, 0.474522, 0.311108, 0.510776, 0.057174, 0.510788, 0.532465, 0.379672, 0.442466, 0.837731, 0.074738, 0.519711, 1.605250, 2.478553, 0.188487, 0.063282, 0.292350, 2.133435, 2.127524, 0.020321, 0.042576, 0.354672, 0.854669, 1.223060, 0.058350, 0.380305, 0.460488, 0.571892, 0.459365, 0.379746, 0.109456, 0.372463, 0.323628, 0.562161, 0.186600, 0.012613, 0.012600, 0.430921, 0.430520, 0.086257, 0.130138, 0.584094, 0.592667, 0.057196, 0.754951, 0.823452, 0.014840, 0.013762, 0.025580
ec2-c6i, 0.5, 2.0, 1, 0.266425, 0.262167, 0.419823, 0.445063, 0.506472, 1.026390, 1.430043, 1.434461, 1.473268, 0.725422, 0.537381, 0.059703, 0.059360, 0.014551, 0.030396, 0.143347, 1.068582, 0.761494, 1.054808, 0.114365, 1.047553, 1.527788, 0.922416, 0.951918, 1.875616, 0.157410, 1.411399, 3.676331, 5.207304, 0.385162, 0.129139, 0.723233, 5.969920, 3.428249, 0.032839, 0.070980, 0.629874, 1.774040, 2.353252, 0.119798, 0.903319, 0.951811, 1.164629, 0.943548, 0.903372, 0.238034, 0.745026, 0.671964, 1.325969, 0.374235, 0.019964, 0.020128, 0.861671, 0.860944, 0.173057, 0.271608, 1.668557, 1.143594, 0.115726, 1.578918, 1.726564, 0.028958, 0.027587, 0.052986
ec2-p3, 0.5, 0.5, 1, 0.003187, 0.003723, 0.003031, 0.000929, 0.001684, 0.006789, 0.005506, 0.005509, 0.000826, 0.004755, 0.002590, 0.026468, 0.000673, 0.000621, 0.001923, 0.000649, 0.014530, 0.005673, 0.010384, 0.001760, 0.010417, 0.010205, 0.008468, 0.005487, 0.011381, 0.000700, 0.011266, 0.001356, 0.002163, 0.015868, 0.008089, 0.008867, 0.031115, 0.001858, 0.001627, 0.013977, 0.004104, 0.010781, 0.018411, 0.007351, 0.008545, 0.009141, 0.029069, 0.009192, 0.008437, , 0.001747, , 0.009584, 0.001079, 0.008708, , 0.003031, 0.003026, , 0.002044, 0.011382, 0.001524, , , , 0.000661, 0.000234, 0.000525
ec2-p3, 0.5, 1.0, 1, 0.007820, 0.007795, 0.005865, 0.001807, 0.003398, 0.013116, 0.013340, 0.013344, 0.002161, 0.009180, 0.005256, 0.052289, 0.000692, 0.000810, 0.003634, 0.000769, 0.028791, 0.010589, 0.022417, 0.002458, 0.022439, 0.022506, 0.015703, 0.010589, 0.022176, 0.001299, 0.021160, 0.002879, 0.004335, 0.023848, 0.019183, 0.016989, 0.094416, 0.003293, 0.004262, 0.020098, 0.009615, 0.036001, 0.047287, 0.018185, 0.015691, 0.020040, 0.040084, 0.020017, 0.015651, , 0.003308, , 0.018278, 0.001925, 0.008949, , 0.005772, 0.005776, , 0.003732, 0.022313, 0.002700, , , , 0.000769, 0.000552, 0.001131
ec2-p3, 0.5, 2.0, 1, 0.014947, 0.015047, 0.011433, 0.002591, 0.006104, 0.025524, 0.024669, 0.024673, 0.006013, 0.017874, 0.012426, 0.104217, 0.001046, 0.001136, 0.007117, 0.001111, 0.055849, 0.020362, 0.042104, 0.004102, 0.042128, 0.046992, 0.029854, 0.020593, 0.043759, 0.002497, 0.040477, 0.006450, 0.009246, 0.035040, 0.028472, 0.032355, 0.254284, 0.006221, 0.006293, 0.029121, 0.017984, 0.067609, 0.090101, 0.026673, 0.029887, 0.037635, 0.055176, 0.037681, 0.029939, , 0.006352, , 0.035405, 0.003540, 0.009449, , 0.011382, 0.011363, , 0.006729, 0.042881, 0.004987, , , , 0.001049, 0.001006, 0.002112
ec2-p4d, 0.5, 0.5, 1, 0.001275, 0.001272, 0.000957, 0.001090, 0.002591, 0.002015, 0.005058, 0.005045, 0.000651, 0.001422, 0.002326, 0.028328, 0.000657, 0.000627, 0.002287, 0.000667, 0.014654, 0.001525, 0.004730, 0.001621, 0.004745, 0.003782, 0.002579, 0.002698, 0.007291, 0.000219, 0.002964, 0.000987, 0.001632, 0.013431, 0.007465, 0.003433, 0.015031, 0.001257, 0.001899, 0.008479, 0.002889, 0.007839, 0.011728, 0.007008, 0.002486, 0.004199, 0.025973, 0.004213, 0.002547, , 0.000696, , 0.003417, 0.000642, 0.011563, , 0.002570, 0.002566, , 0.001263, 0.003765, 0.000728, , , , 0.000690, 0.000215, 0.000248
ec2-p4d, 0.5, 1.0, 1, 0.001849, 0.001821, 0.002888, 0.001339, 0.002062, 0.007071, 0.007055, 0.007040, 0.001722, 0.004942, 0.003267, 0.056196, 0.000850, 0.000831, 0.006042, 0.000863, 0.028689, 0.005273, 0.006550, 0.002351, 0.006555, 0.007771, 0.003805, 0.006742, 0.013486, 0.000822, 0.010601, 0.002135, 0.003245, 0.020431, 0.010646, 0.004909, 0.032237, 0.002401, 0.002873, 0.009533, 0.004807, 0.011148, 0.017206, 0.009735, 0.003836, 0.005801, 0.034504, 0.005823, 0.003825, , 0.002102, , 0.010221, 0.001002, 0.011373, , 0.004803, 0.004800, , 0.002261, 0.012256, 0.001742, , , , 0.000862, 0.000293, 0.000339
ec2-p4d, 0.5, 2.0, 1, 0.007244, 0.003270, 0.005724, 0.001766, 0.003564, 0.016364, 0.010838, 0.010816, 0.004763, 0.011451, 0.004848, 0.111718, 0.001071, 0.001113, 0.016377, 0.001071, 0.056556, 0.012840, 0.023219, 0.003450, 0.023224, 0.022220, 0.019794, 0.012671, 0.025831, 0.001569, 0.025582, 0.004863, 0.006871, 0.033695, 0.014643, 0.021647, 0.140398, 0.004625, 0.003984, 0.034397, 0.009541, 0.023658, 0.043745, 0.013586, 0.019670, 0.019748, 0.045252, 0.019256, 0.019671, , 0.003900, , 0.021474, 0.002127, 0.011635, , 0.009268, 0.009265, , 0.004807, 0.026802, 0.003014, , , , 0.001107, 0.000447, 0.001105
lassen, 0.5, 0.5, 1, 0.003618, 0.004150, 0.003187, 0.001343, 0.002281, 0.007138, 0.008104, 0.008118, 0.000986, 0.005023, 0.003661, 0.030783, 0.001179, 0.000918, 0.002354, 0.001264, 0.015216, 0.006080, 0.011976, 0.001823, 0.011984, 0.011161, 0.009146, 0.005690, 0.011622, 0.000752, 0.011920, 0.002437, 0.003877, 0.018410, 0.012332, 0.009716, 0.036209, 0.002127, 0.001970, 0.015686, 0.004906, 0.014024, 0.022223, 0.008711, 0.009109, 0.010533, 0.041776, 0.010501, 0.009130, , 0.001840, , 0.010178, 0.001273, 0.016814, , 0.003582, 0.003582, , 0.002300, 0.012424, 0.001666, , , , 0.001022, 0.000344, 0.000610
lassen, 0.5, 1.0, 1, 0.008159, 0.008181, 0.006051, 0.002424, 0.003934, 0.013712, 0.015183, 0.015195, 0.002554, 0.009489, 0.006093, 0.060752, 0.001332, 0.001099, 0.004029, 0.001328, 0.029710, 0.010924, 0.023859, 0.002292, 0.023929, 0.023518, 0.016429, 0.010891, 0.022429, 0.001368, 0.021431, 0.005268, 0.007863, 0.026617, 0.029148, 0.017838, 0.100200, 0.003484, 0.004476, 0.020639, 0.010098, 0.037878, 0.050157, 0.020120, 0.016339, 0.021368, 0.053254, 0.021361, 0.016350, , 0.003421, , 0.018832, 0.002084, 0.017407, , 0.006796, 0.006788, , 0.004163, 0.023259, 0.003032, , , , 0.001262, 0.000638, 0.001211
lassen, 0.5, 2.0, 1, 0.015249, 0.015322, 0.011705, 0.003432, 0.006585, 0.026127, 0.026591, 0.026581, 0.007062, 0.018280, 0.013202, 0.120676, 0.001577, 0.001411, 0.007213, 0.001682, 0.058322, 0.020584, 0.043656, 0.003399, 0.043721, 0.048027, 0.030563, 0.020826, 0.044080, 0.002597, 0.040627, 0.011593, 0.016450, 0.039547, 0.042199, 0.033095, 0.261477, 0.007048, 0.006887, 0.031556, 0.018576, 0.070155, 0.092786, 0.027609, 0.030403, 0.038839, 0.072088, 0.039084, 0.030480, , 0.006436, , 0.035870, 0.003701, 0.017543, , 0.013331, 0.013333, , 0.007344, 0.043596, 0.005176, , , , 0.001551, 0.001113, 0.002204
mammoth, 0.5, 0.5, 1, 0.027402, 0.028316, 0.090259, 0.135990, 0.132637, 0.150112, 0.264053, 0.294302, 0.074100, 0.093849, 0.083517, 0.019465, 0.019929, 0.001424, 0.003881, 0.052964, 0.214709, 0.099711, 0.117524, 0.017949, 0.115002, 0.187388, 0.105796, 0.226830, 0.301623, 0.029948, 0.178266, 0.656684, 1.062779, 0.109899, 0.023440, 0.095625, 0.356476, 0.857022, 0.005885, 0.011361, 0.115386, 0.206944, 0.431333, 0.028623, 0.117193, 0.099661, 0.123184, 0.107436, 0.117502, 0.052063, 0.197851, 0.259329, 0.485975, 0.062908, 0.005256, 0.005171, 0.229159, 0.229257, 0.032167, 0.078904, 0.265909, 0.263549, 0.024129, 0.421157, 0.466317, 0.002906, 0.003388, 0.005727
mammoth, 0.5, 1.0, 1, 0.117835, 0.125224, 0.158355, 0.271518, 0.279302, 0.386395, 0.526978, 0.589569, 0.205178, 0.285609, 0.212511, 0.039162, 0.039811, 0.002115, 0.015485, 0.105637, 0.429945, 0.308392, 0.471331, 0.036016, 0.514285, 0.467711, 0.448328, 0.439118, 0.594392, 0.059032, 0.611424, 1.581458, 2.388726, 0.220818, 0.048036, 0.449501, 2.210093, 1.859421, 0.012174, 0.035636, 0.278548, 0.754765, 1.140914, 0.058085, 0.488241, 0.440342, 0.528697, 0.447293, 0.491857, 0.141032, 0.395315, 0.454869, 0.910321, 0.134862, 0.008914, 0.008922, 0.457339, 0.458743, 0.065408, 0.171111, 0.642686, 0.528798, 0.055453, 0.890464, 0.986739, 0.005838, 0.006485, 0.022750
mammoth, 0.5, 2.0, 1, 0.343475, 0.343222, 0.312186, 0.542221, 0.607504, 0.743831, 1.282325, 1.525581, 1.186601, 0.500830, 0.538392, 0.078017, 0.079454, 0.004186, 0.034947, 0.211054, 0.871820, 0.555453, 1.401883, 0.090397, 1.423393, 1.026055, 0.886047, 0.908623, 1.169917, 0.116772, 1.110364, 6.202818, 9.325153, 0.463483, 0.203419, 1.096273, 9.942868, 5.389608, 0.046485, 0.083919, 0.704390, 2.151657, 2.797827, 0.193319, 0.937801, 1.253119, 1.327401, 1.300993, 0.972304, 0.264385, 0.759474, 0.874048, 1.782011, 0.277082, 0.015827, 0.016493, 0.912461, 0.916076, 0.132892, 0.335481, 1.303393, 1.000441, 0.109915, 1.852553, 2.059271, 0.016362, 0.030864, 0.069206
pascal, 0.5, 0.5, 1, 0.006006, 0.006462, 0.004298, 0.001868, 0.002518, 0.009853, 0.010653, 0.010670, 0.001513, 0.006894, 0.005515, 0.032758, 0.001112, 0.000952, 0.002666, 0.001108, 0.020429, 0.008797, 0.017295, 0.002413, 0.017349, 0.016837, 0.012217, 0.008664, 0.016458, 0.001001, 0.016067, 0.007573, 0.012042, 0.032315, 0.011732, 0.013857, 0.049097, 0.009032, 0.002563, 0.023851, 0.010288, 0.027661, 0.038438, 0.009917, 0.012037, 0.015162, 0.039150, 0.015227, 0.011965, , 0.002791, , 0.013796, 0.003052, 0.009493, , 0.006487, 0.006475, , 0.007259, 0.017097, 0.003443, , , , 0.001034, 0.000441, 0.000867
pascal, 0.5, 1.0, 1, 0.011419, 0.012190, 0.008282, 0.002579, 0.004900, 0.019561, 0.019361, 0.019376, 0.004014, 0.013705, 0.010966, 0.064983, 0.001718, 0.001574, 0.004585, 0.001735, 0.039779, 0.017144, 0.031872, 0.004159, 0.031983, 0.035513, 0.023107, 0.016806, 0.032511, 0.001942, 0.030499, 0.015359, 0.024759, 0.048797, 0.027441, 0.025752, 0.131090, 0.016649, 0.006000, 0.052024, 0.020833, 0.051774, 0.069990, 0.019713, 0.022868, 0.028542, 0.058139, 0.028452, 0.022842, , 0.005408, , 0.026547, 0.005767, 0.009786, , 0.011954, 0.011967, , 0.014053, 0.032348, 0.006123, , , , 0.001418, 0.000787, 0.001600
pascal, 0.5, 2.0, 1, 0.022186, 0.023547, 0.015902, 0.004008, 0.008797, 0.037755, 0.036113, 0.036121, 0.011195, 0.026438, 0.016279, 0.127554, 0.002725, 0.002625, 0.008411, 0.002906, 0.076913, 0.032371, 0.061652, 0.007024, 0.061720, 0.071748, 0.044458, 0.032995, 0.064168, 0.003749, 0.059032, 0.037521, 0.057680, 0.064312, 0.039603, 0.049571, 0.352960, 0.036089, 0.008920, 0.076535, 0.032223, 0.099179, 0.134775, 0.028559, 0.044489, 0.055196, 0.103835, 0.055199, 0.044331, , 0.010341, , 0.051746, 0.010791, 0.010457, , 0.022843, 0.023635, , 0.024753, 0.062764, 0.011493, , , , 0.002522, 0.001452, 0.003082
poodle, 0.5, 0.5, 1, 0.075332, 0.075250, 0.104909, 0.127455, 0.033468, 0.168399, 0.170423, 0.170192, 0.062618, 0.118356, 0.079061, 0.008373, 0.008405, 0.001056, 0.006066, 0.021201, 0.253716, 0.128868, 0.268824, 0.033482, 0.269743, 0.252618, 0.194921, 0.217890, 0.338123, 0.018017, 0.257350, 0.703488, 1.126630, 0.102834, 0.022361, 0.160397, 0.794872, 0.963008, 0.006498, 0.014611, 0.132712, 0.422001, 0.578412, 0.021965, 0.187915, 0.231766, 0.234409, 0.231391, 0.187650, 0.044282, 0.135804, 0.128672, 0.393952, 0.072155, 0.007029, 0.006965, 0.198849, 0.198489, 0.028837, 0.075390, 0.267280, 0.207177, 0.016750, 0.397192, 0.438522, 0.002872, 0.006837, 0.013439
poodle, 0.5, 1.0, 1, 0.150655, 0.150474, 0.209951, 0.256957, 0.066893, 0.514150, 0.346066, 0.345447, 0.142842, 0.362068, 0.153633, 0.016740, 0.016784, 0.003309, 0.012301, 0.042020, 0.618117, 0.295942, 0.520490, 0.066967, 0.548899, 0.644409, 0.409170, 0.488717, 0.813703, 0.040234, 0.586361, 1.657370, 2.540027, 0.207083, 0.049210, 0.306359, 2.271550, 2.070263, 0.014970, 0.029446, 0.261975, 0.855975, 1.160691, 0.044506, 0.404191, 0.469968, 0.469833, 0.466778, 0.402603, 0.093519, 0.272001, 0.296045, 0.902313, 0.144369, 0.012894, 0.012806, 0.397713, 0.396916, 0.058001, 0.154419, 0.667946, 0.410536, 0.033906, 0.839658, 0.926257, 0.005859, 0.013866, 0.026874
poodle, 0.5, 2.0, 1, 0.311389, 0.311639, 0.420390, 0.515852, 0.138689, 1.355667, 0.707861, 0.706667, 0.482425, 0.957877, 0.346126, 0.033457, 0.033521, 0.006203, 0.030876, 0.083797, 1.327839, 0.770481, 1.349929, 0.133970, 1.413679, 2.002009, 1.085319, 1.019181, 1.803012, 0.111503, 1.501247, 4.243762, 5.648618, 0.420381, 0.103550, 0.685750, 8.225121, 4.355000, 0.031640, 0.066046, 0.558420, 2.405492, 2.831523, 0.093902, 1.133036, 1.196187, 1.031607, 1.197163, 1.115731, 0.197393, 0.544463, 0.626211, 2.002117, 0.291330, 0.021915, 0.021852, 0.795368, 0.793783, 0.119239, 0.304069, 1.717314, 0.786819, 0.080981, 1.755632, 1.950884, 0.012028, 0.028289, 0.069957
quartz, 0.5, 0.5, 1, 0.084683, 0.084304, 0.227747, 0.118576, 0.137414, 0.236163, 0.360110, 0.407107, 0.126440, 0.165074, 0.173887, 0.018432, 0.019026, 0.001927, 0.006893, 0.050607, 0.340807, 0.145391, 0.343589, 0.030096, 0.342772, 0.371592, 0.227144, 0.291126, 0.376524, 0.039894, 0.281754, 1.017876, 1.643712, 0.106905, 0.037594, 0.182805, 0.968425, 1.349567, 0.009928, 0.014537, 0.218038, 0.554057, 0.747557, 0.036204, 0.224879, 0.297235, 0.230793, 0.306472, 0.224566, 0.046388, 0.236110, 0.163976, 0.509890, 0.116566, 0.010297, 0.010331, 0.363299, 0.363219, 0.039718, 0.119558, 0.316104, 0.359199, 0.024566, 0.374279, 0.431537, 0.003337, 0.010835, 0.016544
quartz, 0.5, 1.0, 1, 0.168789, 0.168170, 0.455315, 0.237211, 0.273942, 0.533966, 0.719829, 0.814738, 0.331779, 0.380730, 0.340269, 0.036372, 0.037152, 0.003892, 0.014012, 0.100205, 0.992502, 0.301969, 0.683305, 0.059934, 0.685740, 0.745278, 0.454519, 0.697588, 1.480689, 0.080292, 0.579296, 2.281203, 3.479683, 0.219075, 0.075486, 0.363170, 2.778848, 2.576610, 0.019855, 0.029982, 0.443868, 1.116955, 1.595167, 0.070901, 0.452312, 0.594786, 0.470287, 0.610385, 0.450721, 0.091775, 0.473414, 0.369797, 1.492120, 0.232224, 0.017523, 0.017674, 0.719657, 0.723871, 0.079046, 0.242807, 0.720047, 0.710679, 0.049219, 0.788342, 0.907276, 0.006662, 0.021765, 0.032973
quartz, 0.5, 2.0, 1, 0.346030, 0.345529, 0.920538, 0.475888, 0.555628, 2.245596, 1.447279, 1.635724, 1.080305, 1.537314, 0.646454, 0.073369, 0.073875, 0.007783, 0.028808, 0.200690, 2.007845, 1.222614, 1.395403, 0.120171, 1.401646, 2.188445, 1.295056, 1.576100, 3.032338, 0.206229, 2.441377, 10.412638, 13.742798, 0.500692, 0.288476, 1.123367, 8.317259, 7.462155, 0.068463, 0.063355, 0.954756, 2.286430, 3.465528, 0.272925, 1.286901, 1.232310, 0.968376, 1.253137, 1.279830, 0.226707, 0.952945, 0.792499, 3.336461, 0.467996, 0.028261, 0.028230, 1.431187, 1.452036, 0.159564, 0.538354, 2.666671, 1.387882, 0.099403, 1.651874, 1.921417, 0.013302, 0.043650, 0.068495
ruby, 0.5, 0.5, 1, 0.074297, 0.074169, 0.081822, 0.094268, 0.133337, 0.191738, 0.187180, 0.194718, 0.106595, 0.133100, 0.076380, 0.006646, 0.007572, 0.001842, 0.007565, 0.016848, 0.220951, 0.149633, 0.298581, 0.025190, 0.298008, 0.291616, 0.222913, 0.238651, 0.367742, 0.122460, 0.297839, 0.646536, 1.032471, 0.077404, 0.024601, 0.166543, 0.851206, 0.856665, 0.006714, 0.017763, 0.138595, 0.488423, 0.596174, 0.032620, 0.222760, 0.262316, 0.290802, 0.267644, 0.222457, 0.032545, 0.173929, 0.111262, 0.440828, 0.106263, 0.009592, 0.009608, 0.214822, 0.213707, 0.027348, 0.068181, 0.313738, 0.249249, 0.025291, 0.336232, 0.344283, 0.003674, 0.007381, 0.021296
ruby, 0.5, 1.0, 1, 0.149303, 0.149015, 0.176501, 0.189016, 0.265504, 0.442435, 0.385102, 0.405252, 0.249042, 0.307949, 0.154435, 0.013353, 0.014158, 0.003787, 0.015013, 0.032821, 0.684867, 0.318956, 0.598233, 0.050334, 0.597638, 0.649355, 0.455949, 0.517851, 0.969328, 0.249573, 0.624174, 3.322462, 5.108207, 0.177016, 0.086368, 0.344809, 2.429455, 4.644602, 0.021611, 0.036058, 0.281553, 0.975993, 1.250248, 0.086240, 0.452510, 0.528536, 0.584219, 0.537566, 0.451791, 0.069314, 0.350579, 0.255359, 1.072493, 0.212592, 0.017121, 0.017021, 0.429395, 0.426399, 0.054555, 0.138066, 0.692554, 0.498750, 0.050967, 0.714210, 0.728655, 0.007576, 0.015326, 0.034232
ruby, 0.5, 2.0, 1, 0.320378, 0.315267, 0.407475, 0.379011, 0.535553, 1.334957, 0.774008, 0.782189, 0.847726, 0.931150, 0.315727, 0.026816, 0.027579, 0.007776, 0.033637, 0.064533, 1.353433, 0.853542, 1.313793, 0.100972, 1.311883, 1.957471, 1.097705, 1.184961, 2.254296, 0.429210, 1.596756, 5.031454, 6.473441, 0.361763, 0.150965, 0.901387, 7.489794, 3.930130, 0.039387, 0.078155, 0.623884, 2.087074, 2.760375, 0.153825, 1.072823, 1.160189, 1.214833, 1.168698, 1.059676, 0.168952, 0.708527, 0.556429, 2.464310, 0.426309, 0.027664, 0.027797, 0.854043, 0.855510, 0.112851, 0.296646, 1.891615, 0.971668, 0.105262, 1.487352, 1.518336, 0.015589, 0.030739, 0.077259
tioga, 0.5, 0.5, 1, 0.001865, 0.003081, 0.003132, 0.001853, 0.001793, 0.005180, 0.005635, 0.005416, 0.001863, 0.003897, 0.003013, 162.879377, 0.019705, 0.000861, 0.014095, 0.018704, 0.007427, 0.004705, 0.006882, 0.002090, 0.007047, 0.008273, 0.006168, 0.005459, 0.010609, 0.001117, 0.007916, 0.004572, 0.006409, 0.027078, 0.015194, 0.006828, 0.023453, 0.005328, 0.003367, 0.031990, 0.005155, 0.012115, 0.020488, 0.013421, 0.006027, 0.006251, 0.738012, 0.006364, 0.006253, , 0.001937, , 0.007938, 0.001693, 0.013311, , 0.004737, 0.004246, , 0.003664, 0.008782, 0.002327, , , , 0.018464, 0.000580, 0.000759
tioga, 0.5, 1.0, 1, 0.005248, 0.006704, 0.004848, 0.002337, 0.002884, 0.009444, 0.009219, 0.009514, 0.003599, 0.006591, 0.005560, 235.036081, 0.033478, 0.001013, 0.026229, 0.032922, 0.014199, 0.008215, 0.014919, 0.002706, 0.014925, 0.016545, 0.011145, 0.010679, 0.018352, 0.001280, 0.015009, 0.008109, 0.011736, 0.039678, 0.040050, 0.013596, 0.064082, 0.008939, 0.008988, 0.052018, 0.010551, 0.024946, 0.034746, 0.039415, 0.010930, 0.013663, 1.295512, 0.013839, 0.010720, , 0.003969, , 0.013994, 0.003119, 0.013170, , 0.007923, 0.007275, , 0.006361, 0.016271, 0.003890, , , , 0.032306, 0.000754, 0.001402
tioga, 0.5, 2.0, 1, 0.009941, 0.011423, 0.008357, 0.003344, 0.004798, 0.016983, 0.017084, 0.017010, 0.008181, 0.012710, 0.007824, 339.088812, 0.062283, 0.001339, 0.050876, 0.062256, 0.026771, 0.014703, 0.027095, 0.003457, 0.027084, 0.032864, 0.020829, 0.019592, 0.033937, 0.002641, 0.027836, 0.017439, 0.025224, 0.061171, 0.065622, 0.024919, 0.165281, 0.017019, 0.014016, 0.071809, 0.017510, 0.044704, 0.062801, 0.065047, 0.020478, 0.024379, 2.430047, 0.024253, 0.020609, , 0.006617, , 0.025802, 0.005523, 0.013223, , 0.014648, 0.014603, , 0.011564, 0.029547, 0.006782, , , , 0.060542, 0.001339, 0.001797
boraxo, 0.5, 0.5, 72, 0.006866, 0.039455, 0.006061, 0.004162, 0.005069, 0.010000, 0.034821, 0.033136, 0.012408, 0.007051, 0.013965, 2.785129, 0.001550, 0.002777, 0.002984, 0.002023, 0.011867, 0.008732, 0.027132, 0.006349, 0.027236, 0.096623, 0.014863, 0.011427, 0.016712, 0.001558, 0.014670, 0.111638, 0.208414, 0.004338, 0.013711, 0.019890, 0.077227, 0.215961, 0.004294, 0.004009, 0.018460, 0.046287, 0.064712, 0.002157, 0.014175, 0.023997, 0.035739, 0.023924, 0.013951, 0.002125, 0.008837, 0.005394, 0.014911, 0.006230, 0.084521, 0.217268, 0.008764, 0.009692, 0.002172, 0.051215, 0.013021, 0.012496, 0.002349, , , 0.001012, 0.001425, 0.001511
boraxo, 0.5, 0.5, 36, 0.006032, 0.070547, 0.009288, 0.006322, 0.004856, 0.014288, 0.028742, 0.025169, 0.014811, 0.009969, 0.011147, 2.316798, 0.001410, 0.001296, 0.001518, 0.002258, 0.019609, 0.010484, 0.022930, 0.003813, 0.023212, 0.090411, 0.013950, 0.022264, 0.026569, 0.002315, 0.016132, 0.219087, 0.411170, 0.006477, 0.011003, 0.017261, 0.065184, 0.426993, 0.004122, 0.003879, 0.022769, 0.041734, 0.068870, 0.002570, 0.012998, 0.019017, 0.025023, 0.019340, 0.012963, 0.002757, 0.015541, 0.009348, 0.027670, 0.009872, 0.057738, 0.079158, 0.014615, 0.016213, 0.002680, 0.100605, 0.017845, 0.023004, 0.002597, , , 0.000728, 0.001117, 0.001235
boraxo, 0.5, 0.5, 32, 0.005800, 0.078267, 0.009932, 0.006857, 0.004754, 0.015461, 0.026530, 0.022653, 0.014574, 0.010805, 0.010103, 2.227230, 0.001437, 0.000949, 0.001168, 0.002507, 0.021915, 0.010687, 0.021314, 0.003434, 0.021688, 0.059461, 0.013545, 0.023612, 0.029461, 0.002251, 0.017798, 0.248818, 0.464015, 0.007140, 0.011128, 0.016856, 0.061185, 0.481962, 0.004688, 0.004164, 0.022149, 0.039891, 0.068480, 0.002634, 0.012749, 0.017398, 0.022869, 0.017496, 0.012829, 0.002904, 0.017182, 0.010267, 0.031895, 0.010739, 0.044784, 0.069259, 0.016642, 0.018378, 0.002853, 0.112805, 0.019408, 0.025604, 0.002564, , , 0.000645, 0.001049, 0.001120
boraxo, 0.5, 0.5, 18, 0.004620, 0.066337, 0.008750, 0.009127, 0.004280, 0.016187, 0.020550, 0.017957, 0.012544, 0.010776, 0.008132, 1.162786, 0.001337, 0.000674, 0.000958, 0.002205, 0.020733, 0.009149, 0.017922, 0.003693, 0.017874, 0.089735, 0.011168, 0.020789, 0.025805, 0.002335, 0.012965, 0.053485, 0.088670, 0.009805, 0.022253, 0.012553, 0.051569, 0.068552, 0.005329, 0.003263, 0.017721, 0.033171, 0.056067, 0.002407, 0.010138, 0.013947, 0.021999, 0.014310, 0.010198, 0.002724, 0.016416, 0.009551, 0.027693, 0.009450, 0.030741, 0.038061, 0.021703, 0.021438, 0.002580, 0.088423, 0.016769, 0.024816, 0.003417, , , 0.000611, 0.000791, 0.000946
boraxo, 0.5, 0.5, 16, 0.004825, 0.074274, 0.009667, 0.010133, 0.004462, 0.018790, 0.021508, 0.018367, 0.012309, 0.012490, 0.008101, 1.127458, 0.001186, 0.000598, 0.000897, 0.002393, 0.023473, 0.010571, 0.019251, 0.003790, 0.019204, 0.083962, 0.012201, 0.024478, 0.029371, 0.002560, 0.015116, 0.059984, 0.099333, 0.011053, 0.012984, 0.013811, 0.054416, 0.076931, 0.005180, 0.007331, 0.018591, 0.036132, 0.060934, 0.002627, 0.011069, 0.014420, 0.021428, 0.014713, 0.011028, 0.002962, 0.018694, 0.010620, 0.032387, 0.010490, 0.027427, 0.030347, 0.024476, 0.024635, 0.002817, 0.099328, 0.019253, 0.028756, 0.003628, , , 0.000642, 0.000821, 0.000951
boraxo, 0.5, 0.5, 8, 0.007449, 0.146247, 0.017948, 0.019771, 0.007312, 0.031745, 0.030712, 0.022487, 0.020215, 0.022131, 0.011197, 0.932030, 0.001561, 0.000440, 0.000903, 0.003622, 0.053191, 0.024251, 0.030661, 0.005839, 0.032663, 0.053073, 0.031776, 0.048814, 0.069867, 0.004517, 0.048212, 0.118495, 0.197058, 0.017878, 0.005396, 0.023953, 0.088503, 0.152092, 0.002316, 0.002014, 0.028121, 0.061264, 0.104492, 0.004251, 0.031039, 0.025961, 0.032495, 0.026155, 0.031070, 0.005358, 0.036628, 0.021084, 0.080675, 0.020087, 0.015111, 0.005772, 0.047094, 0.047148, 0.005108, 0.197716, 0.047910, 0.053730, 0.006523, , , 0.000816, 0.000844, 0.001525
boraxo, 0.5, 0.5, 4, 0.022782, 0.289505, 0.035560, 0.041134, 0.016274, 0.061529, 0.056615, 0.044749, 0.039096, 0.042996, 0.022194, 0.959506, 0.002920, 0.000649, 0.002317, 0.007019, 0.094105, 0.045932, 0.091943, 0.011245, 0.092068, 0.102067, 0.068906, 0.096780, 0.129294, 0.008963, 0.092026, 0.236357, 0.392324, 0.035315, 0.009545, 0.052536, 0.222594, 0.303891, 0.003066, 0.005493, 0.058345, 0.148148, 0.210075, 0.008913, 0.068586, 0.082685, 0.091856, 0.082829, 0.068707, 0.010499, 0.072555, 0.043023, 0.150548, 0.039866, 0.017370, 0.006757, 0.092347, 0.092448, 0.010119, 0.394810, 0.097648, 0.110962, 0.013375, , , 0.001487, 0.001841, 0.004596
catalyst, 0.5, 0.5, 48, 0.008118, 0.049086, 0.015130, 0.005039, 0.008065, 0.018290, 0.040529, 0.040309, 0.025745, 0.013152, 0.018094, 1.239228, 0.003339, 0.001485, 0.001747, 0.005933, 0.017817, 0.014254, 0.031807, 0.003997, 0.032009, 0.125143, 0.020013, 0.023571, 0.019808, 0.009874, 0.023055, 0.348734, 0.560017, 0.007175, 0.015336, 0.022181, 0.090123, 0.468213, 0.007163, 0.004204, 0.033684, 0.052655, 0.086072, 0.010894, 0.019725, 0.026856, 0.033031, 0.027202, 0.019702, 0.003664, 0.015948, 0.009979, 0.030526, 0.011163, 0.066218, 0.069172, 0.012872, 0.012970, 0.003553, 0.069712, 0.023006, 0.021576, 0.002388, , , 0.000751, 0.001257, 0.001639
catalyst, 0.5, 0.5, 24, 0.010775, 0.090936, 0.027141, 0.008479, 0.012266, 0.029345, 0.051213, 0.051309, 0.022758, 0.020830, 0.024145, 1.076560, 0.005704, 0.000873, 0.001311, 0.010976, 0.029351, 0.021847, 0.042163, 0.003616, 0.042078, 0.107597, 0.026692, 0.043131, 0.032156, 0.018790, 0.031872, 0.695497, 1.117909, 0.012616, 0.022848, 0.027156, 0.119121, 0.913451, 0.006594, 0.003322, 0.035886, 0.069157, 0.122073, 0.020052, 0.028200, 0.036546, 0.035790, 0.036759, 0.026107, 0.005676, 0.029845, 0.018038, 0.049881, 0.019987, 0.035225, 0.031906, 0.023357, 0.023425, 0.005674, 0.137213, 0.035897, 0.040958, 0.003449, , , 0.000682, 0.001331, 0.002182
catalyst, 0.5, 0.5, 16, 0.013847, 0.133700, 0.039162, 0.012037, 0.016840, 0.039072, 0.065820, 0.065903, 0.029385, 0.028568, 0.028412, 1.158373, 0.008274, 0.000629, 0.001286, 0.016168, 0.044622, 0.029171, 0.054861, 0.003991, 0.055111, 0.062760, 0.035668, 0.063419, 0.053681, 0.027929, 0.043650, 1.030043, 1.663212, 0.017395, 0.031609, 0.034740, 0.154543, 1.360513, 0.008861, 0.003367, 0.043378, 0.090532, 0.162570, 0.029891, 0.034635, 0.047299, 0.043765, 0.047518, 0.034687, 0.008090, 0.044065, 0.026403, 0.078411, 0.029200, 0.028109, 0.024047, 0.033919, 0.033987, 0.008146, 0.209738, 0.047921, 0.060822, 0.004560, , , 0.000751, 0.001776, 0.002705
catalyst, 0.5, 0.5, 12, 0.010206, 0.084474, 0.028045, 0.012482, 0.016220, 0.036596, 0.046086, 0.046069, 0.022959, 0.026505, 0.021216, 0.812711, 0.005537, 0.000582, 0.001156, 0.010756, 0.032602, 0.022616, 0.040191, 0.003631, 0.040097, 0.108468, 0.026000, 0.043828, 0.034257, 0.025775, 0.030814, 0.703597, 1.120552, 0.016921, 0.021741, 0.024610, 0.108839, 0.928160, 0.007736, 0.002691, 0.031922, 0.069534, 0.101503, 0.020325, 0.024593, 0.033641, 0.034202, 0.033653, 0.024659, 0.005643, 0.033744, 0.018944, 0.051363, 0.021222, 0.023380, 0.013262, 0.029709, 0.029791, 0.005810, 0.125463, 0.040820, 0.042047, 0.003846, , , 0.000620, 0.001234, 0.002022
catalyst, 0.5, 0.5, 8, 0.014041, 0.125389, 0.040256, 0.018994, 0.024149, 0.042493, 0.063198, 0.063165, 0.033718, 0.029529, 0.028656, 0.840934, 0.008666, 0.000627, 0.001427, 0.016881, 0.058589, 0.031463, 0.054309, 0.004647, 0.054514, 0.092828, 0.036496, 0.067446, 0.075842, 0.038466, 0.043303, 1.053919, 1.679947, 0.025735, 0.031512, 0.034191, 0.151601, 1.394626, 0.008444, 0.003294, 0.044474, 0.095216, 0.143052, 0.030886, 0.034281, 0.046364, 0.045842, 0.046100, 0.034211, 0.008810, 0.050210, 0.028610, 0.097980, 0.031505, 0.016614, 0.007352, 0.044888, 0.044639, 0.008886, 0.188015, 0.048027, 0.063073, 0.005967, , , 0.000770, 0.001855, 0.002939
catalyst, 0.5, 0.5, 4, 0.025402, 0.244079, 0.079077, 0.034886, 0.044725, 0.081732, 0.114728, 0.114937, 0.060440, 0.057744, 0.051884, 0.840361, 0.015626, 0.000873, 0.002320, 0.031088, 0.183479, 0.059949, 0.101614, 0.008659, 0.101945, 0.130360, 0.068349, 0.133614, 0.206887, 0.075015, 0.082347, 2.086903, 3.336956, 0.041355, 0.060022, 0.062860, 0.281280, 2.750706, 0.013562, 0.005886, 0.082751, 0.177710, 0.267671, 0.059202, 0.064796, 0.085378, 0.082283, 0.085415, 0.064335, 0.015790, 0.098034, 0.056914, 0.207938, 0.061578, 0.011239, 0.005592, 0.085470, 0.085299, 0.016329, 0.368490, 0.093979, 0.124116, 0.010249, , , 0.001158, 0.002924, 0.004753
ec2-c5n, 0.5, 0.5, 72, 0.006411, 0.027844, 0.005257, 0.003702, 0.006194, 0.008301, 0.040830, 0.034624, 0.013080, 0.006062, 0.017285, 1.016987, 0.001577, 0.002619, 0.002762, 0.002198, 0.009264, 0.009746, 0.024727, 0.005711, 0.024922, 0.068155, 0.014867, 0.007215, 0.015868, 0.002096, 0.013195, 0.075015, 0.139266, 0.003304, 0.012959, 0.016762, 0.067171, 0.143703, 0.003876, 0.003369, 0.016063, 0.040835, 0.057423, 0.001751, 0.012423, 0.022009, 0.029661, 0.021720, 0.012472, 0.002359, 0.006464, 0.005539, 0.006132, 0.006949, 0.074596, 0.169183, 0.006132, 0.006147, 0.002141, 0.034331, 0.011904, 0.010471, 0.001883, , , 0.000853, 0.001245, 0.001289
ec2-c5n, 0.5, 0.5, 36, 0.005387, 0.047636, 0.008272, 0.005826, 0.007587, 0.011608, 0.045871, 0.033209, 0.020736, 0.008274, 0.015387, 0.963118, 0.001699, 0.001334, 0.001429, 0.002949, 0.013940, 0.012610, 0.021009, 0.003102, 0.020774, 0.063366, 0.015918, 0.013821, 0.023763, 0.003114, 0.013669, 0.146631, 0.276112, 0.005086, 0.011223, 0.015903, 0.058652, 0.285084, 0.003350, 0.003808, 0.019758, 0.035762, 0.061664, 0.001988, 0.011221, 0.018217, 0.023091, 0.017919, 0.011264, 0.003848, 0.011501, 0.010077, 0.013413, 0.011615, 0.046562, 0.060405, 0.010205, 0.010206, 0.003474, 0.067032, 0.015533, 0.019420, 0.002003, , , 0.000688, 0.000974, 0.001074
ec2-c5n, 0.5, 0.5, 32, 0.005596, 0.052944, 0.009029, 0.006395, 0.008096, 0.013009, 0.049077, 0.034061, 0.019797, 0.009075, 0.015592, 0.910147, 0.001952, 0.001090, 0.001188, 0.003033, 0.015661, 0.013474, 0.021608, 0.002973, 0.021135, 0.049285, 0.016592, 0.015125, 0.026371, 0.003035, 0.015127, 0.166856, 0.311331, 0.005568, 0.014259, 0.016390, 0.059507, 0.321307, 0.003743, 0.004276, 0.019971, 0.036657, 0.063990, 0.002146, 0.011456, 0.018388, 0.023158, 0.018277, 0.011754, 0.004255, 0.012795, 0.011297, 0.015265, 0.012900, 0.044817, 0.051779, 0.011567, 0.011597, 0.003839, 0.075149, 0.017021, 0.021657, 0.002115, , , 0.000689, 0.001098, 0.001032
ec2-c5n, 0.5, 0.5, 18, 0.004243, 0.044374, 0.008192, 0.007955, 0.008758, 0.012022, 0.038740, 0.029028, 0.018143, 0.008132, 0.013327, 0.696752, 0.001551, 0.000752, 0.000963, 0.002799, 0.014322, 0.011367, 0.016150, 0.002906, 0.016422, 0.061763, 0.012933, 0.013266, 0.023414, 0.002991, 0.011119, 0.041013, 0.065180, 0.007579, 0.019255, 0.012335, 0.048216, 0.053649, 0.004152, 0.004109, 0.016688, 0.030349, 0.047282, 0.002149, 0.008755, 0.013466, 0.025099, 0.013088, 0.008701, 0.003651, 0.012414, 0.009861, 0.013281, 0.010385, 0.028039, 0.028158, 0.015146, 0.015252, 0.003163, 0.060140, 0.013736, 0.019138, 0.002513, , , 0.000665, 0.000799, 0.000790
ec2-c5n, 0.5, 0.5, 16, 0.004201, 0.049485, 0.008660, 0.008863, 0.009617, 0.012160, 0.042067, 0.031118, 0.018122, 0.008546, 0.014167, 0.702769, 0.001560, 0.000717, 0.000963, 0.003038, 0.016396, 0.012523, 0.016890, 0.002942, 0.017507, 0.058846, 0.013704, 0.015373, 0.027074, 0.003275, 0.013698, 0.045733, 0.073012, 0.008554, 0.016925, 0.013430, 0.050578, 0.060170, 0.004222, 0.004573, 0.017754, 0.032375, 0.050856, 0.002322, 0.008662, 0.013956, 0.026526, 0.013722, 0.008608, 0.004138, 0.013901, 0.011097, 0.015224, 0.011539, 0.024771, 0.024983, 0.017369, 0.017402, 0.003522, 0.067555, 0.015215, 0.021444, 0.002656, , , 0.000737, 0.000739, 0.000800
ec2-c5n, 0.5, 0.5, 8, 0.006468, 0.096260, 0.016361, 0.016997, 0.017547, 0.027084, 0.072158, 0.049915, 0.031259, 0.018880, 0.022402, 0.568311, 0.002305, 0.000690, 0.001040, 0.004788, 0.048639, 0.023473, 0.025311, 0.003926, 0.026575, 0.041896, 0.029945, 0.034032, 0.066578, 0.006249, 0.042288, 0.089870, 0.143756, 0.013067, 0.004552, 0.022084, 0.084209, 0.118319, 0.001999, 0.002408, 0.027226, 0.051717, 0.082824, 0.003749, 0.028222, 0.020654, 0.039608, 0.020660, 0.028416, 0.008027, 0.027717, 0.023050, 0.039010, 0.022308, 0.009664, 0.004356, 0.033275, 0.033268, 0.006814, 0.134155, 0.042413, 0.042491, 0.004491, , , 0.000999, 0.000755, 0.001064
ec2-c5n, 0.5, 0.5, 4, 0.019996, 0.192656, 0.032779, 0.034308, 0.035165, 0.053502, 0.140493, 0.096061, 0.062526, 0.037155, 0.043231, 0.605794, 0.004452, 0.001206, 0.002026, 0.009342, 0.077541, 0.046293, 0.080263, 0.007513, 0.080317, 0.079859, 0.059953, 0.065095, 0.123980, 0.012498, 0.081756, 0.176193, 0.282312, 0.025961, 0.008373, 0.045971, 0.194774, 0.232467, 0.002776, 0.005019, 0.054159, 0.128662, 0.168838, 0.007987, 0.060001, 0.072143, 0.079760, 0.071922, 0.059967, 0.016328, 0.055074, 0.046747, 0.078110, 0.044344, 0.008507, 0.005398, 0.065413, 0.065411, 0.013594, 0.267850, 0.088831, 0.084825, 0.009314, , , 0.001898, 0.001440, 0.004013
ec2-c6a, 0.5, 0.5, 192, 0.009306, 0.010613, 0.004824, 0.002953, 0.006388, 0.010107, 0.045743, 0.044186, 0.007594, 0.007355, 0.018058, 3.872881, 0.002237, 0.007138, 0.007473, 0.002543, 0.007100, 0.010356, 0.035834, 0.015471, 0.035302, 0.067532, 0.018754, 0.005332, 0.012458, 0.002169, 0.018747, 0.017412, 0.025419, 0.003874, 0.004694, 0.024707, 0.117683, 0.024592, 0.005072, 0.002486, 0.020594, 0.056631, 0.086015, 0.002400, 0.018081, 0.031911, 0.056966, 0.031539, 0.018403, 0.002142, 0.004392, 0.003348, 0.004871, 0.004466, 0.132086, 0.472784, 0.003482, 0.003559, 0.001550, 0.005312, 0.014639, 0.005061, 0.002476, , , 0.001726, 0.001959, 0.002087
ec2-c6a, 0.5, 0.5, 96, 0.005674, 0.008863, 0.005073, 0.002700, 0.004721, 0.007556, 0.030785, 0.028300, 0.006070, 0.005778, 0.011462, 2.381915, 0.001592, 0.002577, 0.002804, 0.002397, 0.010719, 0.009701, 0.023865, 0.005889, 0.024025, 0.059042, 0.013816, 0.008712, 0.016343, 0.001837, 0.013249, 0.019304, 0.031384, 0.005218, 0.003108, 0.020886, 0.076773, 0.029706, 0.004663, 0.001625, 0.043205, 0.035882, 0.060967, 0.001853, 0.011541, 0.019819, 0.028497, 0.019243, 0.011935, 0.002022, 0.004895, 0.003838, 0.007567, 0.004171, 0.073069, 0.095989, 0.003595, 0.003790, 0.001535, 0.008281, 0.011567, 0.006775, 0.001772, , , 0.000936, 0.001244, 0.001362
ec2-c6a, 0.5, 0.5, 48, 0.003482, 0.009125, 0.004027, 0.001936, 0.003145, 0.005436, 0.019032, 0.017519, 0.004082, 0.004275, 0.007217, 0.781032, 0.001460, 0.001004, 0.001264, 0.001895, 0.008214, 0.006425, 0.013913, 0.002757, 0.014330, 0.054676, 0.008162, 0.009937, 0.013703, 0.001822, 0.008459, 0.013690, 0.021300, 0.004659, 0.002086, 0.011532, 0.052228, 0.018590, 0.004101, 0.001163, 0.025724, 0.022511, 0.036398, 0.001494, 0.007769, 0.011960, 0.017992, 0.012403, 0.007640, 0.001751, 0.004680, 0.003630, 0.006515, 0.003499, 0.037643, 0.026591, 0.004347, 0.004409, 0.001334, 0.011100, 0.007578, 0.006644, 0.001488, , , 0.000664, 0.000825, 0.000926
ec2-c6a, 0.5, 0.5, 32, 0.003139, 0.011432, 0.005260, 0.002887, 0.003193, 0.009129, 0.018999, 0.016556, 0.007548, 0.006889, 0.007043, 0.726936, 0.001396, 0.000775, 0.001070, 0.002354, 0.011076, 0.006357, 0.011791, 0.002061, 0.011600, 0.062239, 0.007196, 0.008714, 0.017497, 0.002010, 0.011163, 0.020263, 0.031644, 0.004951, 0.002034, 0.009091, 0.047073, 0.027591, 0.003262, 0.001216, 0.017962, 0.020087, 0.033907, 0.001567, 0.006683, 0.010333, 0.015667, 0.010094, 0.006808, 0.002032, 0.006226, 0.004677, 0.011973, 0.005046, 0.024790, 0.019394, 0.005835, 0.005673, 0.001633, 0.015505, 0.011876, 0.008932, 0.001536, , , 0.000654, 0.000720, 0.000835
ec2-c6a, 0.5, 0.5, 16, 0.004127, 0.020525, 0.008844, 0.006354, 0.007131, 0.013829, 0.026149, 0.020961, 0.011092, 0.011084, 0.008600, 0.687709, 0.001640, 0.000529, 0.001239, 0.003518, 0.015321, 0.015992, 0.018358, 0.001748, 0.017002, 0.058379, 0.019478, 0.015131, 0.021308, 0.003064, 0.020588, 0.039302, 0.061509, 0.007143, 0.002344, 0.014336, 0.047368, 0.052875, 0.002387, 0.001284, 0.016549, 0.025924, 0.042821, 0.002084, 0.017158, 0.013373, 0.017614, 0.013724, 0.017830, 0.003202, 0.011637, 0.008033, 0.018209, 0.008263, 0.012260, 0.009878, 0.010937, 0.010917, 0.002758, 0.029404, 0.021338, 0.016677, 0.002076, , , 0.000642, 0.000653, 0.001111
ec2-c6a, 0.5, 0.5, 8, 0.007845, 0.037868, 0.015912, 0.013931, 0.015871, 0.013538, 0.045298, 0.035473, 0.021318, 0.011231, 0.014304, 0.638839, 0.002553, 0.000512, 0.001694, 0.006313, 0.025282, 0.018397, 0.023290, 0.002185, 0.021720, 0.088583, 0.017573, 0.023668, 0.021441, 0.004833, 0.019731, 0.074257, 0.115445, 0.012777, 0.003952, 0.016114, 0.066370, 0.099426, 0.002296, 0.003104, 0.023614, 0.039147, 0.069107, 0.003500, 0.015463, 0.022100, 0.033974, 0.020458, 0.013303, 0.005377, 0.021233, 0.014166, 0.022699, 0.015609, 0.008000, 0.004811, 0.020608, 0.020509, 0.004921, 0.056453, 0.024044, 0.031523, 0.004045, , , 0.000791, 0.000965, 0.002883
ec2-c6a, 0.5, 0.5, 4, 0.009195, 0.073814, 0.030840, 0.028517, 0.030772, 0.018310, 0.085497, 0.066098, 0.042363, 0.014392, 0.027050, 0.514668, 0.004020, 0.000829, 0.002423, 0.011683, 0.058131, 0.033547, 0.037256, 0.003600, 0.031797, 0.031500, 0.023351, 0.044010, 0.073918, 0.008963, 0.034720, 0.145167, 0.230940, 0.024610, 0.006805, 0.024117, 0.105499, 0.195042, 0.002232, 0.004309, 0.039094, 0.065140, 0.124935, 0.006248, 0.020788, 0.033922, 0.052526, 0.024266, 0.020570, 0.010478, 0.042193, 0.029603, 0.038961, 0.030394, 0.004296, 0.003236, 0.039965, 0.040041, 0.009485, 0.111730, 0.033984, 0.062661, 0.006726, , , 0.001578, 0.002312, 0.003409
ec2-c6i, 0.5, 0.5, 128, 0.006431, 0.018845, 0.003860, 0.003174, 0.005500, 0.007808, 0.034338, 0.034360, 0.008500, 0.005517, 0.014932, 0.757165, 0.001854, 0.003134, 0.002842, 0.001948, 0.005506, 0.008414, 0.024961, 0.005934, 0.025636, 0.059403, 0.013232, 0.004510, 0.006988, 0.001341, 0.013243, 0.014088, 0.023703, 0.002330, 0.003854, 0.017054, 0.071282, 0.022261, 0.002106, 0.001727, 0.016674, 0.041508, 0.057470, 0.001715, 0.012639, 0.022476, 0.030957, 0.022638, 0.012697, 0.001517, 0.004313, 0.003037, 0.004268, 0.004473, 0.099794, 0.110358, 0.003674, 0.003759, 0.001394, 0.020376, 0.011175, 0.005931, 0.001852, , , 0.001090, 0.001378, 0.001300
ec2-c6i, 0.5, 0.5, 64, 0.004359, 0.028128, 0.004472, 0.003572, 0.005392, 0.007314, 0.026886, 0.026444, 0.008465, 0.005183, 0.011584, 0.669214, 0.001685, 0.001576, 0.001432, 0.002317, 0.007860, 0.007974, 0.016994, 0.003046, 0.017036, 0.054197, 0.009763, 0.006756, 0.011539, 0.001627, 0.009499, 0.024897, 0.042439, 0.002984, 0.002639, 0.012584, 0.047993, 0.041909, 0.001705, 0.001213, 0.018293, 0.030548, 0.047199, 0.001473, 0.008806, 0.015207, 0.019769, 0.015266, 0.008870, 0.002081, 0.006615, 0.005017, 0.006170, 0.005991, 0.054090, 0.064864, 0.006331, 0.006604, 0.001916, 0.038778, 0.009380, 0.010020, 0.001561, , , 0.000592, 0.000936, 0.000839
ec2-c6i, 0.5, 0.5, 32, 0.003063, 0.024223, 0.004083, 0.004759, 0.005487, 0.007357, 0.020405, 0.020411, 0.008455, 0.005076, 0.008294, 0.588259, 0.001257, 0.000888, 0.000873, 0.002048, 0.007795, 0.006661, 0.011913, 0.002094, 0.011811, 0.050804, 0.007188, 0.007134, 0.010682, 0.002192, 0.007369, 0.021163, 0.034009, 0.004266, 0.002013, 0.009673, 0.035827, 0.028195, 0.001449, 0.001023, 0.011887, 0.021336, 0.035759, 0.001264, 0.006283, 0.010769, 0.017134, 0.010131, 0.006230, 0.001872, 0.006388, 0.004315, 0.005419, 0.004441, 0.035684, 0.026247, 0.007248, 0.007250, 0.001542, 0.034697, 0.008015, 0.009808, 0.001600, , , 0.000733, 0.000731, 0.000587
ec2-c6i, 0.5, 0.5, 16, 0.002867, 0.045324, 0.006353, 0.007866, 0.008464, 0.009342, 0.025568, 0.025189, 0.012613, 0.006550, 0.009737, 0.551490, 0.001155, 0.000419, 0.000636, 0.002457, 0.022124, 0.009884, 0.011546, 0.002152, 0.011456, 0.027721, 0.007954, 0.014608, 0.037795, 0.002392, 0.008597, 0.042146, 0.067672, 0.006549, 0.002075, 0.009390, 0.036449, 0.056268, 0.000958, 0.001206, 0.011761, 0.023326, 0.039672, 0.001821, 0.006015, 0.010404, 0.020657, 0.009017, 0.006026, 0.003266, 0.011721, 0.008322, 0.020937, 0.007821, 0.012292, 0.011523, 0.014188, 0.014185, 0.002716, 0.068714, 0.011121, 0.018861, 0.002325, , , 0.000544, 0.000403, 0.000433
ec2-c6i, 0.5, 0.5, 8, 0.004971, 0.089792, 0.012394, 0.015463, 0.016408, 0.040507, 0.046680, 0.046498, 0.025084, 0.028368, 0.017740, 0.550448, 0.002031, 0.000583, 0.000985, 0.004655, 0.028744, 0.029237, 0.020062, 0.003759, 0.020155, 0.051187, 0.026677, 0.029183, 0.070399, 0.004736, 0.059797, 0.084061, 0.134898, 0.012445, 0.003608, 0.016171, 0.064051, 0.112311, 0.001367, 0.002178, 0.021356, 0.041979, 0.069548, 0.003444, 0.027107, 0.018517, 0.037415, 0.016545, 0.027101, 0.006674, 0.023299, 0.016644, 0.046667, 0.015389, 0.007918, 0.004003, 0.027415, 0.027414, 0.005357, 0.137347, 0.054959, 0.037575, 0.004412, , , 0.000944, 0.000593, 0.000775
ec2-c6i, 0.5, 0.5, 4, 0.015837, 0.180337, 0.024566, 0.031068, 0.032973, 0.044022, 0.090565, 0.090346, 0.050007, 0.030820, 0.034367, 0.596227, 0.003862, 0.001051, 0.001856, 0.009105, 0.054477, 0.037411, 0.065566, 0.007242, 0.066243, 0.073669, 0.049935, 0.050470, 0.082579, 0.009341, 0.066169, 0.159000, 0.257094, 0.024772, 0.007409, 0.038270, 0.181995, 0.215713, 0.002392, 0.004388, 0.041833, 0.107333, 0.145878, 0.007198, 0.049831, 0.057290, 0.072789, 0.057241, 0.049868, 0.013272, 0.046490, 0.033164, 0.054920, 0.030507, 0.005394, 0.004571, 0.053896, 0.053895, 0.010760, 0.274675, 0.069622, 0.075034, 0.008749, , , 0.001819, 0.001037, 0.003303
mammoth, 0.5, 0.5, 256, 0.028453, 0.030545, 0.012100, 0.008202, 0.018966, 0.030518, 0.122425, 0.126919, 0.011053, 0.022312, 0.046410, 0.859715, 0.003066, 0.005868, 0.006755, 0.003412, 0.012624, 0.031128, 0.112760, 0.012785, 0.120711, 0.104389, 0.059784, 0.010185, 0.023810, 0.004274, 0.061253, 0.017601, 0.023595, 0.006245, 0.012711, 0.074297, 0.341830, 0.024807, 0.006813, 0.007721, 0.077750, 0.177610, 0.269133, 0.006108, 0.058041, 0.099686, 0.127582, 0.112172, 0.059144, 0.008540, 0.008918, 0.009616, 0.011155, 0.010858, 0.324843, 0.196054, 0.005473, 0.005475, 0.007481, 0.014633, 0.043284, 0.011813, 0.007115, , , 0.003223, 0.005468, 0.006073
mammoth, 0.5, 0.5, 128, 0.016529, 0.021051, 0.008049, 0.005002, 0.011747, 0.018123, 0.073018, 0.072119, 0.010360, 0.013746, 0.027809, 0.749407, 0.001965, 0.003150, 0.003898, 0.002602, 0.010125, 0.018852, 0.063449, 0.006908, 0.062381, 0.082184, 0.032944, 0.009411, 0.016101, 0.003390, 0.034687, 0.024037, 0.033695, 0.005669, 0.007688, 0.043203, 0.187214, 0.038148, 0.004418, 0.004555, 0.050218, 0.099693, 0.163516, 0.003764, 0.032163, 0.055603, 0.069296, 0.056442, 0.033016, 0.005454, 0.007579, 0.006148, 0.010424, 0.008157, 0.174867, 0.096172, 0.005195, 0.005511, 0.002885, 0.013439, 0.025680, 0.011356, 0.004596, , , 0.001893, 0.003099, 0.003583
mammoth, 0.5, 0.5, 64, 0.006471, 0.016638, 0.004357, 0.003207, 0.005869, 0.008197, 0.033253, 0.030658, 0.009313, 0.006504, 0.011984, 0.548674, 0.001098, 0.001457, 0.001936, 0.001870, 0.006980, 0.009169, 0.024947, 0.003436, 0.024511, 0.070270, 0.013581, 0.006778, 0.009299, 0.002269, 0.014501, 0.021553, 0.022037, 0.004254, 0.003531, 0.018919, 0.077776, 0.022894, 0.004188, 0.001678, 0.027013, 0.039384, 0.068228, 0.001985, 0.013481, 0.023081, 0.028178, 0.023151, 0.013767, 0.002956, 0.004916, 0.004374, 0.008979, 0.004132, 0.084158, 0.046582, 0.004569, 0.004530, 0.001847, 0.019583, 0.010909, 0.007556, 0.002471, , , 0.000976, 0.001425, 0.001736
mammoth, 0.5, 0.5, 32, 0.004086, 0.023811, 0.004309, 0.004643, 0.006224, 0.007414, 0.023281, 0.017342, 0.006737, 0.005535, 0.007159, 0.552893, 0.001230, 0.000883, 0.001381, 0.002050, 0.008099, 0.007247, 0.014035, 0.002173, 0.014048, 0.050665, 0.009189, 0.009306, 0.010139, 0.002007, 0.010555, 0.023496, 0.036612, 0.005093, 0.002332, 0.011459, 0.041688, 0.029467, 0.002419, 0.001341, 0.023497, 0.024295, 0.042361, 0.001686, 0.008206, 0.011908, 0.015899, 0.011989, 0.008340, 0.002473, 0.006904, 0.005667, 0.011590, 0.004533, 0.035352, 0.017516, 0.007795, 0.007796, 0.002133, 0.034098, 0.013324, 0.010280, 0.001973, , , 0.000574, 0.000776, 0.001068
mammoth, 0.5, 0.5, 16, 0.004226, 0.044104, 0.006281, 0.008222, 0.010154, 0.008676, 0.031039, 0.019243, 0.008537, 0.006674, 0.007996, 0.508353, 0.001492, 0.000560, 0.001325, 0.003552, 0.013917, 0.009101, 0.013790, 0.002050, 0.013914, 0.060033, 0.010388, 0.014589, 0.011643, 0.002585, 0.012638, 0.042463, 0.067263, 0.007897, 0.002950, 0.011039, 0.040541, 0.054458, 0.002942, 0.001588, 0.015859, 0.024535, 0.041815, 0.002502, 0.009978, 0.011514, 0.015372, 0.013446, 0.012538, 0.003507, 0.011726, 0.008610, 0.015706, 0.006162, 0.021094, 0.010265, 0.015093, 0.015082, 0.003063, 0.066944, 0.016310, 0.017634, 0.002560, , , 0.000583, 0.000721, 0.001156
mammoth, 0.5, 0.5, 8, 0.005787, 0.085530, 0.010706, 0.016080, 0.019280, 0.011322, 0.053598, 0.029946, 0.012132, 0.008714, 0.012784, 0.501552, 0.002824, 0.000592, 0.003184, 0.006846, 0.026142, 0.011498, 0.019542, 0.002864, 0.019727, 0.090969, 0.013476, 0.026303, 0.019555, 0.003998, 0.016931, 0.082548, 0.132494, 0.014349, 0.004158, 0.013955, 0.059125, 0.107494, 0.003445, 0.002464, 0.020840, 0.033908, 0.062596, 0.004087, 0.013007, 0.017151, 0.020571, 0.016950, 0.014018, 0.004990, 0.022026, 0.015896, 0.033575, 0.010589, 0.014079, 0.006987, 0.029039, 0.028959, 0.004638, 0.133138, 0.018108, 0.033558, 0.004199, , , 0.000722, 0.000797, 0.002012
mammoth, 0.5, 0.5, 4, 0.008656, 0.170447, 0.020227, 0.031672, 0.038153, 0.020506, 0.101311, 0.054345, 0.020662, 0.014688, 0.023390, 0.487409, 0.005388, 0.000558, 0.001876, 0.013597, 0.124680, 0.020298, 0.033101, 0.004859, 0.031618, 0.181121, 0.022865, 0.059451, 0.168290, 0.006997, 0.029565, 0.164312, 0.264190, 0.028329, 0.007074, 0.022877, 0.099270, 0.215113, 0.004190, 0.003644, 0.035216, 0.059451, 0.113332, 0.007635, 0.021442, 0.028074, 0.034287, 0.027594, 0.021592, 0.008823, 0.043222, 0.034807, 0.160917, 0.019893, 0.010805, 0.007400, 0.057567, 0.057477, 0.008405, 0.267831, 0.035147, 0.066906, 0.007689, , , 0.001014, 0.001828, 0.002823
poodle, 0.5, 0.5, 224, 0.010257, 0.017697, 0.006205, 0.003269, 0.008430, 0.010723, 0.048630, 0.048700, 0.002840, 0.007566, 0.020019, 9.103798, 0.002746, 0.013252, 0.013133, 0.003436, 0.006612, 0.010428, 0.040332, 0.028691, 0.041669, 0.052926, 0.020160, 0.003817, 0.009600, 0.001318, 0.020088, 0.013996, 0.025646, 0.002901, 0.005263, 0.032817, 0.117705, 0.031526, 0.004147, 0.002508, 0.026409, 0.079464, 0.101196, 0.002464, 0.020137, 0.036680, 0.109702, 0.036654, 0.020018, 0.002126, 0.003850, 0.003163, 0.004635, 0.004772, 0.153928, 1.244189, 0.003487, 0.003623, 0.002677, 0.015153, 0.014850, 0.004351, 0.002960, , , 0.002884, 0.002050, 0.002174
poodle, 0.5, 0.5, 112, 0.004790, 0.020411, 0.004059, 0.002258, 0.004088, 0.005323, 0.024800, 0.024619, 0.002705, 0.003781, 0.009623, 2.982460, 0.001066, 0.003551, 0.003511, 0.001262, 0.006205, 0.005477, 0.018498, 0.007829, 0.018498, 0.042894, 0.009568, 0.004264, 0.005606, 0.000890, 0.009548, 0.024790, 0.048898, 0.002278, 0.002658, 0.015824, 0.055866, 0.058821, 0.003305, 0.001204, 0.019319, 0.036791, 0.055904, 0.001560, 0.009251, 0.016444, 0.027744, 0.016933, 0.009375, 0.001591, 0.003745, 0.003140, 0.004832, 0.003408, 0.065939, 0.338415, 0.004257, 0.004209, 0.001493, 0.027336, 0.008116, 0.004995, 0.001628, , , 0.000861, 0.001075, 0.001051
poodle, 0.5, 0.5, 56, 0.003265, 0.017078, 0.003317, 0.002380, 0.002657, 0.005354, 0.016308, 0.016148, 0.002330, 0.004460, 0.006334, 0.949907, 0.000540, 0.001956, 0.002037, 0.000774, 0.005306, 0.004059, 0.013081, 0.004840, 0.013219, 0.034767, 0.006951, 0.003973, 0.004188, 0.000833, 0.007042, 0.014498, 0.022862, 0.002961, 0.001869, 0.009749, 0.036517, 0.018997, 0.003072, 0.000909, 0.018848, 0.021881, 0.032979, 0.001067, 0.006623, 0.011834, 0.013997, 0.011614, 0.006798, 0.001245, 0.003264, 0.003040, 0.004464, 0.002647, 0.045595, 0.145944, 0.004323, 0.004319, 0.001193, 0.023297, 0.006650, 0.004642, 0.001270, , , 0.000473, 0.000718, 0.000757
poodle, 0.5, 0.5, 32, 0.002400, 0.026690, 0.004042, 0.003854, 0.001998, 0.006752, 0.011501, 0.011131, 0.003079, 0.006025, 0.004540, 0.832439, 0.000475, 0.000789, 0.000794, 0.000864, 0.008230, 0.004063, 0.009383, 0.002580, 0.009481, 0.030350, 0.005569, 0.006332, 0.004912, 0.000801, 0.005626, 0.025104, 0.040572, 0.005233, 0.001458, 0.007797, 0.027655, 0.033363, 0.001888, 0.000637, 0.016790, 0.015794, 0.029599, 0.001050, 0.004937, 0.008553, 0.009705, 0.008412, 0.005024, 0.001678, 0.004692, 0.004124, 0.007649, 0.003396, 0.024853, 0.049658, 0.006691, 0.006684, 0.001335, 0.040074, 0.008057, 0.007209, 0.001168, , , 0.000316, 0.000514, 0.000555
poodle, 0.5, 0.5, 16, 0.002548, 0.051083, 0.006934, 0.007602, 0.002342, 0.012498, 0.011929, 0.011305, 0.004205, 0.011721, 0.004788, 0.686708, 0.000624, 0.000323, 0.000514, 0.001410, 0.015899, 0.005979, 0.009893, 0.002562, 0.010128, 0.028700, 0.007110, 0.012098, 0.034512, 0.001275, 0.007046, 0.052279, 0.084347, 0.007426, 0.001574, 0.007279, 0.029307, 0.070181, 0.001229, 0.000664, 0.011890, 0.017092, 0.034345, 0.001381, 0.005431, 0.009162, 0.009674, 0.008862, 0.005617, 0.002800, 0.008954, 0.007730, 0.021213, 0.006134, 0.011185, 0.014464, 0.013137, 0.013137, 0.002009, 0.079400, 0.013998, 0.013974, 0.001582, , , 0.000266, 0.000490, 0.000572
poodle, 0.5, 0.5, 8, 0.004128, 0.101234, 0.013626, 0.015147, 0.004582, 0.029450, 0.019945, 0.017853, 0.007726, 0.025308, 0.007770, 0.661429, 0.001115, 0.000301, 0.000734, 0.002693, 0.033422, 0.012191, 0.017491, 0.004407, 0.017708, 0.052664, 0.014044, 0.028713, 0.042802, 0.002515, 0.019836, 0.089806, 0.146050, 0.013228, 0.002625, 0.011856, 0.048673, 0.121288, 0.001402, 0.000963, 0.021384, 0.029936, 0.057028, 0.002472, 0.010850, 0.015465, 0.015890, 0.015029, 0.011029, 0.005447, 0.017798, 0.014944, 0.060708, 0.011470, 0.007724, 0.003759, 0.025353, 0.025354, 0.003741, 0.158485, 0.035985, 0.027731, 0.003126, , , 0.000344, 0.000738, 0.000934
poodle, 0.5, 0.5, 4, 0.010945, 0.202898, 0.026861, 0.030584, 0.009358, 0.043900, 0.028166, 0.028205, 0.014712, 0.030866, 0.014344, 0.628938, 0.002152, 0.000400, 0.001142, 0.005290, 0.084821, 0.033882, 0.041650, 0.008505, 0.043735, 0.076276, 0.046885, 0.063666, 0.098941, 0.004959, 0.067519, 0.170964, 0.278255, 0.026221, 0.004991, 0.036470, 0.122160, 0.231371, 0.002459, 0.002197, 0.037537, 0.067811, 0.116709, 0.004804, 0.045000, 0.037063, 0.031680, 0.036313, 0.045005, 0.010671, 0.035372, 0.030190, 0.115482, 0.021401, 0.006887, 0.004771, 0.049836, 0.050717, 0.007425, 0.317188, 0.066242, 0.055064, 0.006040, , , 0.000542, 0.001173, 0.002127
quartz, 0.5, 0.5, 72, 0.009307, 0.036999, 0.010515, 0.004556, 0.008107, 0.019562, 0.044876, 0.044711, 0.009689, 0.013164, 0.020773, 1.278622, 0.001536, 0.002663, 0.003102, 0.002789, 0.015709, 0.015732, 0.036311, 0.006319, 0.036470, 0.108360, 0.024405, 0.012495, 0.020543, 0.002855, 0.029301, 0.055086, 0.099904, 0.004625, 0.006459, 0.022159, 0.096868, 0.099612, 0.004157, 0.003536, 0.026054, 0.052762, 0.074555, 0.002268, 0.027193, 0.031732, 0.036193, 0.031113, 0.028365, 0.002991, 0.009693, 0.006587, 0.019861, 0.006317, 0.096260, 0.105520, 0.010382, 0.010499, 0.002716, 0.047183, 0.026695, 0.012945, 0.002726, , , 0.001033, 0.001729, 0.002234
quartz, 0.5, 0.5, 36, 0.013307, 0.063639, 0.017127, 0.007245, 0.010815, 0.023453, 0.040927, 0.040621, 0.013683, 0.016825, 0.019113, 1.020764, 0.001806, 0.001234, 0.001517, 0.004022, 0.019694, 0.015551, 0.047426, 0.003479, 0.047411, 0.103683, 0.024424, 0.020567, 0.024376, 0.003483, 0.028994, 0.104221, 0.187411, 0.006524, 0.006982, 0.025305, 0.117261, 0.201695, 0.003768, 0.002525, 0.038301, 0.064401, 0.091288, 0.003677, 0.031380, 0.042460, 0.040012, 0.042997, 0.031356, 0.003693, 0.016719, 0.010802, 0.028048, 0.008907, 0.057875, 0.047260, 0.017219, 0.017212, 0.003279, 0.091852, 0.032329, 0.023475, 0.003793, , , 0.000801, 0.001413, 0.002816
quartz, 0.5, 0.5, 32, 0.012987, 0.069987, 0.018684, 0.007718, 0.011395, 0.024962, 0.041222, 0.039843, 0.014023, 0.017279, 0.018681, 1.272694, 0.001914, 0.001092, 0.001403, 0.004260, 0.021875, 0.016064, 0.047072, 0.002905, 0.047145, 0.067690, 0.027746, 0.021892, 0.026329, 0.004212, 0.028227, 0.100979, 0.198218, 0.007193, 0.007128, 0.024540, 0.118162, 0.231200, 0.003950, 0.003174, 0.044600, 0.067767, 0.093980, 0.003889, 0.031507, 0.041864, 0.039070, 0.042760, 0.031775, 0.003753, 0.018441, 0.011767, 0.030289, 0.009537, 0.050080, 0.044448, 0.019635, 0.019675, 0.003590, 0.103059, 0.033123, 0.025994, 0.003911, , , 0.000697, 0.001399, 0.002738
quartz, 0.5, 0.5, 18, 0.011758, 0.055075, 0.016750, 0.009785, 0.012780, 0.031223, 0.034695, 0.036294, 0.011495, 0.022103, 0.017190, 0.656037, 0.001606, 0.000725, 0.001402, 0.003746, 0.024421, 0.015615, 0.043021, 0.003398, 0.042655, 0.104023, 0.020845, 0.021767, 0.027017, 0.004465, 0.026668, 0.068419, 0.110323, 0.010044, 0.008393, 0.026110, 0.104950, 0.090569, 0.004052, 0.001917, 0.028579, 0.057702, 0.075166, 0.003390, 0.028673, 0.038521, 0.034176, 0.038934, 0.028775, 0.004101, 0.016824, 0.012473, 0.031332, 0.010166, 0.035750, 0.036345, 0.025961, 0.026033, 0.003330, 0.083128, 0.036814, 0.024600, 0.004024, , , 0.000677, 0.001114, 0.002564
quartz, 0.5, 0.5, 16, 0.012659, 0.061850, 0.018573, 0.010518, 0.014061, 0.033760, 0.037684, 0.039415, 0.014361, 0.025055, 0.017065, 0.640114, 0.001663, 0.000691, 0.001485, 0.004052, 0.027705, 0.016428, 0.045811, 0.003293, 0.045849, 0.093730, 0.024097, 0.023809, 0.025260, 0.004842, 0.030415, 0.075623, 0.122533, 0.011312, 0.005980, 0.022815, 0.112204, 0.100856, 0.003838, 0.002426, 0.030828, 0.063688, 0.086339, 0.003511, 0.030925, 0.040668, 0.037608, 0.041652, 0.030798, 0.004376, 0.018583, 0.013081, 0.033967, 0.011067, 0.032193, 0.029928, 0.029232, 0.029172, 0.003614, 0.093151, 0.039914, 0.027415, 0.004450, , , 0.000644, 0.001193, 0.002704
quartz, 0.5, 0.5, 8, 0.013135, 0.119171, 0.034414, 0.017918, 0.022592, 0.035569, 0.056807, 0.060762, 0.019676, 0.024680, 0.026757, 0.803376, 0.002869, 0.000505, 0.001209, 0.007527, 0.058141, 0.022911, 0.053092, 0.004794, 0.053113, 0.059968, 0.034605, 0.045725, 0.054142, 0.006659, 0.042534, 0.149713, 0.243162, 0.017773, 0.006183, 0.029089, 0.149780, 0.198090, 0.002103, 0.002360, 0.036780, 0.085699, 0.120666, 0.005677, 0.034192, 0.045125, 0.037039, 0.047465, 0.034256, 0.006364, 0.035407, 0.023935, 0.083288, 0.020143, 0.012331, 0.005028, 0.055729, 0.055910, 0.005829, 0.184357, 0.047026, 0.053619, 0.005782, , , 0.000616, 0.001729, 0.002516
quartz, 0.5, 0.5, 4, 0.024054, 0.226490, 0.064001, 0.034375, 0.043030, 0.066648, 0.104555, 0.111098, 0.037701, 0.045841, 0.049202, 0.722210, 0.005236, 0.000691, 0.002146, 0.014225, 0.113338, 0.042482, 0.097286, 0.008942, 0.096958, 0.109752, 0.063769, 0.085562, 0.106463, 0.012433, 0.078821, 0.282455, 0.457061, 0.033839, 0.011176, 0.052110, 0.274335, 0.376053, 0.003512, 0.004188, 0.067818, 0.157419, 0.221588, 0.010421, 0.063053, 0.084903, 0.066510, 0.086859, 0.063103, 0.011963, 0.067610, 0.044973, 0.152185, 0.037683, 0.011779, 0.005858, 0.104725, 0.105114, 0.010842, 0.352699, 0.088010, 0.101915, 0.010786, , , 0.001020, 0.003201, 0.004881
ruby, 0.5, 0.5, 112, 0.010810, 0.027656, 0.006339, 0.004783, 0.009001, 0.012101, 0.054581, 0.054237, 0.007975, 0.008794, 0.021967, 1.471980, 0.001786, 0.005901, 0.005799, 0.002189, 0.010496, 0.011783, 0.042064, 0.011860, 0.042189, 0.110337, 0.021848, 0.009197, 0.011564, 0.003755, 0.021563, 0.056986, 0.098426, 0.004441, 0.014394, 0.030344, 0.120059, 0.106932, 0.005001, 0.004586, 0.025577, 0.068976, 0.092258, 0.002646, 0.021563, 0.036153, 0.055621, 0.037790, 0.021395, 0.002794, 0.005957, 0.004660, 0.009602, 0.006015, 0.147222, 0.352569, 0.005764, 0.006116, 0.002730, 0.027304, 0.016693, 0.007750, 0.003402, , , 0.001486, 0.002190, 0.002222
ruby, 0.5, 0.5, 56, 0.005775, 0.031851, 0.005848, 0.004116, 0.006404, 0.009103, 0.026762, 0.026533, 0.009578, 0.006304, 0.011744, 0.918143, 0.001160, 0.002095, 0.002101, 0.001552, 0.011251, 0.007711, 0.022359, 0.004564, 0.022550, 0.091733, 0.012291, 0.011090, 0.020229, 0.004820, 0.012503, 0.088627, 0.164117, 0.003908, 0.013816, 0.016110, 0.064609, 0.175748, 0.003647, 0.004087, 0.020931, 0.037997, 0.056795, 0.001929, 0.011795, 0.018684, 0.027374, 0.019945, 0.011726, 0.001714, 0.007447, 0.005137, 0.017376, 0.005929, 0.068831, 0.094307, 0.007090, 0.007491, 0.001785, 0.041523, 0.011195, 0.011236, 0.002137, , , 0.000770, 0.001119, 0.001226
ruby, 0.5, 0.5, 32, 0.004786, 0.049289, 0.007541, 0.005395, 0.007140, 0.012034, 0.017636, 0.017404, 0.010730, 0.008430, 0.008938, 0.739010, 0.000964, 0.001129, 0.001180, 0.001809, 0.014563, 0.008384, 0.018488, 0.002881, 0.018560, 0.057798, 0.010473, 0.017420, 0.026808, 0.007449, 0.014175, 0.155427, 0.278564, 0.004918, 0.021218, 0.013190, 0.047263, 0.298526, 0.006367, 0.006938, 0.015359, 0.031699, 0.053008, 0.002093, 0.010036, 0.013145, 0.017308, 0.014114, 0.010026, 0.002106, 0.011206, 0.007663, 0.029484, 0.008588, 0.041808, 0.053189, 0.010451, 0.011479, 0.002290, 0.070735, 0.015430, 0.016017, 0.002004, , , 0.000524, 0.000739, 0.000878
ruby, 0.5, 0.5, 28, 0.003738, 0.028186, 0.004937, 0.005045, 0.006307, 0.008341, 0.015594, 0.015191, 0.007739, 0.005759, 0.006736, 0.705309, 0.000783, 0.000984, 0.001123, 0.001258, 0.010141, 0.005696, 0.014063, 0.002823, 0.014370, 0.087960, 0.008189, 0.009992, 0.018723, 0.005180, 0.007926, 0.026720, 0.041798, 0.004952, 0.024926, 0.009882, 0.039862, 0.035421, 0.006974, 0.006065, 0.013544, 0.024574, 0.037653, 0.001843, 0.007623, 0.011451, 0.016122, 0.012183, 0.007660, 0.001565, 0.007318, 0.004906, 0.017415, 0.004879, 0.035988, 0.055888, 0.008791, 0.008878, 0.001581, 0.037002, 0.009139, 0.010057, 0.002048, , , 0.000481, 0.000661, 0.000788
ruby, 0.5, 0.5, 16, 0.003664, 0.046335, 0.007029, 0.007530, 0.009288, 0.015232, 0.014386, 0.014248, 0.010665, 0.010361, 0.006824, 0.641691, 0.000911, 0.000551, 0.000585, 0.001615, 0.017083, 0.007858, 0.014875, 0.002259, 0.014508, 0.061628, 0.008626, 0.018347, 0.033311, 0.008650, 0.012391, 0.047383, 0.074995, 0.007924, 0.014751, 0.009654, 0.036752, 0.062264, 0.003583, 0.003242, 0.015486, 0.025503, 0.043207, 0.002566, 0.007811, 0.009862, 0.013983, 0.011456, 0.007796, 0.002102, 0.012334, 0.007773, 0.035364, 0.007513, 0.018994, 0.017781, 0.015429, 0.015500, 0.002202, 0.063795, 0.017456, 0.017920, 0.002606, , , 0.000410, 0.000577, 0.000648
ruby, 0.5, 0.5, 8, 0.005450, 0.090706, 0.012018, 0.013211, 0.015346, 0.026571, 0.015273, 0.014018, 0.014883, 0.018596, 0.008876, 0.590233, 0.001114, 0.000370, 0.000714, 0.002453, 0.031678, 0.021125, 0.023280, 0.003655, 0.024053, 0.045922, 0.027605, 0.032862, 0.053119, 0.016667, 0.041515, 0.084316, 0.134668, 0.011195, 0.003714, 0.019425, 0.062228, 0.111239, 0.001805, 0.001577, 0.018837, 0.041189, 0.066509, 0.004372, 0.027379, 0.020964, 0.024399, 0.021496, 0.027586, 0.003879, 0.022488, 0.013901, 0.066260, 0.013161, 0.008476, 0.004625, 0.029337, 0.029248, 0.003754, 0.126376, 0.040945, 0.033279, 0.004233, , , 0.000526, 0.000533, 0.001153
ruby, 0.5, 0.5, 4, 0.019604, 0.179168, 0.023090, 0.027700, 0.032525, 0.049283, 0.034807, 0.033326, 0.028695, 0.034515, 0.016760, 0.630064, 0.001970, 0.000457, 0.001992, 0.004668, 0.059318, 0.039116, 0.078301, 0.006932, 0.078319, 0.083710, 0.058651, 0.064321, 0.100554, 0.033034, 0.077866, 0.168011, 0.268194, 0.021924, 0.006681, 0.044463, 0.202459, 0.221898, 0.002410, 0.004748, 0.040025, 0.127679, 0.161667, 0.008774, 0.058801, 0.070496, 0.077929, 0.070515, 0.058658, 0.007914, 0.045201, 0.028247, 0.128962, 0.025972, 0.007089, 0.005241, 0.057257, 0.057166, 0.007394, 0.252441, 0.081919, 0.066393, 0.009151, , , 0.000986, 0.001227, 0.003941
boraxo, 0.5, 0.5, any min, 0.004620, 0.039455, 0.006061, 0.004162, 0.004280, 0.010000, 0.020550, 0.017957, 0.012309, 0.007051, 0.008101, 0.932030, 0.001186, 0.000440, 0.000897, 0.002023, 0.011867, 0.008732, 0.017922, 0.003434, 0.017874, 0.053073, 0.011168, 0.011427, 0.016712, 0.001558, 0.012965, 0.053485, 0.088670, 0.004338, 0.005396, 0.012553, 0.051569, 0.068552, 0.002316, 0.002014, 0.017721, 0.033171, 0.056067, 0.002157, 0.010138, 0.013947, 0.021428, 0.014310, 0.010198, 0.002125, 0.008837, 0.005394, 0.014911, 0.006230, 0.015111, 0.005772, 0.008764, 0.009692, 0.002172, 0.051215, 0.013021, 0.012496, 0.002349, , , 0.000611, 0.000791, 0.000946
catalyst, 0.5, 0.5, any min, 0.008118, 0.049086, 0.015130, 0.005039, 0.008065, 0.018290, 0.040529, 0.040309, 0.022758, 0.013152, 0.018094, 0.812711, 0.003339, 0.000582, 0.001156, 0.005933, 0.017817, 0.014254, 0.031807, 0.003616, 0.032009, 0.062760, 0.020013, 0.023571, 0.019808, 0.009874, 0.023055, 0.348734, 0.560017, 0.007175, 0.015336, 0.022181, 0.090123, 0.468213, 0.006594, 0.002691, 0.031922, 0.052655, 0.086072, 0.010894, 0.019725, 0.026856, 0.033031, 0.027202, 0.019702, 0.003664, 0.015948, 0.009979, 0.030526, 0.011163, 0.011239, 0.005592, 0.012872, 0.012970, 0.003553, 0.069712, 0.023006, 0.021576, 0.002388, , , 0.000620, 0.001234, 0.001639
ec2-c5n, 0.5, 0.5, any min, 0.004201, 0.027844, 0.005257, 0.003702, 0.006194, 0.008301, 0.038740, 0.029028, 0.013080, 0.006062, 0.013327, 0.568311, 0.001551, 0.000690, 0.000963, 0.002198, 0.009264, 0.009746, 0.016150, 0.002906, 0.016422, 0.041896, 0.012933, 0.007215, 0.015868, 0.002096, 0.011119, 0.041013, 0.065180, 0.003304, 0.004552, 0.012335, 0.048216, 0.053649, 0.001999, 0.002408, 0.016063, 0.030349, 0.047282, 0.001751, 0.008662, 0.013466, 0.023091, 0.013088, 0.008608, 0.002359, 0.006464, 0.005539, 0.006132, 0.006949, 0.008507, 0.004356, 0.006132, 0.006147, 0.002141, 0.034331, 0.011904, 0.010471, 0.001883, , , 0.000665, 0.000739, 0.000790
ec2-c6a, 0.5, 0.5, any min, 0.003139, 0.008863, 0.004027, 0.001936, 0.003145, 0.005436, 0.018999, 0.016556, 0.004082, 0.004275, 0.007043, 0.514668, 0.001396, 0.000512, 0.001070, 0.001895, 0.007100, 0.006357, 0.011791, 0.001748, 0.011600, 0.031500, 0.007196, 0.005332, 0.012458, 0.001822, 0.008459, 0.013690, 0.021300, 0.003874, 0.002034, 0.009091, 0.047073, 0.018590, 0.002232, 0.001163, 0.016549, 0.020087, 0.033907, 0.001494, 0.006683, 0.010333, 0.015667, 0.010094, 0.006808, 0.001751, 0.004392, 0.003348, 0.004871, 0.003499, 0.004296, 0.003236, 0.003482, 0.003559, 0.001334, 0.005312, 0.007578, 0.005061, 0.001488, , , 0.000642, 0.000653, 0.000835
ec2-c6i, 0.5, 0.5, any min, 0.002867, 0.018845, 0.003860, 0.003174, 0.005392, 0.007314, 0.020405, 0.020411, 0.008455, 0.005076, 0.008294, 0.550448, 0.001155, 0.000419, 0.000636, 0.001948, 0.005506, 0.006661, 0.011546, 0.002094, 0.011456, 0.027721, 0.007188, 0.004510, 0.006988, 0.001341, 0.007369, 0.014088, 0.023703, 0.002330, 0.002013, 0.009390, 0.035827, 0.022261, 0.000958, 0.001023, 0.011761, 0.021336, 0.035759, 0.001264, 0.006015, 0.010404, 0.017134, 0.009017, 0.006026, 0.001517, 0.004313, 0.003037, 0.004268, 0.004441, 0.005394, 0.004003, 0.003674, 0.003759, 0.001394, 0.020376, 0.008015, 0.005931, 0.001561, , , 0.000544, 0.000403, 0.000433
mammoth, 0.5, 0.5, any min, 0.004086, 0.016638, 0.004309, 0.003207, 0.005869, 0.007414, 0.023281, 0.017342, 0.006737, 0.005535, 0.007159, 0.487409, 0.001098, 0.000558, 0.001325, 0.001870, 0.006980, 0.007247, 0.013790, 0.002050, 0.013914, 0.050665, 0.009189, 0.006778, 0.009299, 0.002007, 0.010555, 0.017601, 0.022037, 0.004254, 0.002332, 0.011039, 0.040541, 0.022894, 0.002419, 0.001341, 0.015859, 0.024295, 0.041815, 0.001686, 0.008206, 0.011514, 0.015372, 0.011989, 0.008340, 0.002473, 0.004916, 0.004374, 0.008979, 0.004132, 0.010805, 0.006987, 0.004569, 0.004530, 0.001847, 0.013439, 0.010909, 0.007556, 0.001973, , , 0.000574, 0.000721, 0.001068
poodle, 0.5, 0.5, any min, 0.002400, 0.017078, 0.003317, 0.002258, 0.001998, 0.005323, 0.011501, 0.011131, 0.002330, 0.003781, 0.004540, 0.628938, 0.000475, 0.000301, 0.000514, 0.000774, 0.005306, 0.004059, 0.009383, 0.002562, 0.009481, 0.028700, 0.005569, 0.003817, 0.004188, 0.000801, 0.005626, 0.013996, 0.022862, 0.002278, 0.001458, 0.007279, 0.027655, 0.018997, 0.001229, 0.000637, 0.011890, 0.015794, 0.029599, 0.001050, 0.004937, 0.008553, 0.009674, 0.008412, 0.005024, 0.001245, 0.003264, 0.003040, 0.004464, 0.002647, 0.006887, 0.003759, 0.003487, 0.003623, 0.001193, 0.015153, 0.006650, 0.004351, 0.001168, , , 0.000266, 0.000490, 0.000555
quartz, 0.5, 0.5, any min, 0.009307, 0.036999, 0.010515, 0.004556, 0.008107, 0.019562, 0.034695, 0.036294, 0.009689, 0.013164, 0.017065, 0.640114, 0.001536, 0.000505, 0.001209, 0.002789, 0.015709, 0.015551, 0.036311, 0.002905, 0.036470, 0.059968, 0.020845, 0.012495, 0.020543, 0.002855, 0.026668, 0.055086, 0.099904, 0.004625, 0.005980, 0.022159, 0.096868, 0.090569, 0.002103, 0.001917, 0.026054, 0.052762, 0.074555, 0.002268, 0.027193, 0.031732, 0.034176, 0.031113, 0.028365, 0.002991, 0.009693, 0.006587, 0.019861, 0.006317, 0.011779, 0.005028, 0.010382, 0.010499, 0.002716, 0.047183, 0.026695, 0.012945, 0.002726, , , 0.000616, 0.001114, 0.002234
ruby, 0.5, 0.5, any min, 0.003664, 0.027656, 0.004937, 0.004116, 0.006307, 0.008341, 0.014386, 0.014018, 0.007739, 0.005759, 0.006736, 0.590233, 0.000783, 0.000370, 0.000585, 0.001258, 0.010141, 0.005696, 0.014063, 0.002259, 0.014370, 0.045922, 0.008189, 0.009197, 0.011564, 0.003755, 0.007926, 0.026720, 0.041798, 0.003908, 0.003714, 0.009654, 0.036752, 0.035421, 0.001805, 0.001577, 0.013544, 0.024574, 0.037653, 0.001843, 0.007623, 0.009862, 0.013983, 0.011456, 0.007660, 0.001565, 0.005957, 0.004660, 0.009602, 0.004879, 0.007089, 0.004625, 0.005764, 0.006116, 0.001581, 0.027304, 0.009139, 0.007750, 0.002004, , , 0.000410, 0.000533, 0.000648
boraxo, 0.5, 0.5, any max, 0.022782, 0.289505, 0.035560, 0.041134, 0.016274, 0.061529, 0.056615, 0.044749, 0.039096, 0.042996, 0.022194, 2.785129, 0.002920, 0.002777, 0.002984, 0.007019, 0.094105, 0.045932, 0.091943, 0.011245, 0.092068, 0.102067, 0.068906, 0.096780, 0.129294, 0.008963, 0.092026, 0.248818, 0.464015, 0.035315, 0.022253, 0.052536, 0.222594, 0.481962, 0.005329, 0.007331, 0.058345, 0.148148, 0.210075, 0.008913, 0.068586, 0.082685, 0.091856, 0.082829, 0.068707, 0.010499, 0.072555, 0.043023, 0.150548, 0.039866, 0.084521, 0.217268, 0.092347, 0.092448, 0.010119, 0.394810, 0.097648, 0.110962, 0.013375, , , 0.001487, 0.001841, 0.004596
catalyst, 0.5, 0.5, any max, 0.025402, 0.244079, 0.079077, 0.034886, 0.044725, 0.081732, 0.114728, 0.114937, 0.060440, 0.057744, 0.051884, 1.239228, 0.015626, 0.001485, 0.002320, 0.031088, 0.183479, 0.059949, 0.101614, 0.008659, 0.101945, 0.130360, 0.068349, 0.133614, 0.206887, 0.075015, 0.082347, 2.086903, 3.336956, 0.041355, 0.060022, 0.062860, 0.281280, 2.750706, 0.013562, 0.005886, 0.082751, 0.177710, 0.267671, 0.059202, 0.064796, 0.085378, 0.082283, 0.085415, 0.064335, 0.015790, 0.098034, 0.056914, 0.207938, 0.061578, 0.066218, 0.069172, 0.085470, 0.085299, 0.016329, 0.368490, 0.093979, 0.124116, 0.010249, , , 0.001158, 0.002924, 0.004753
ec2-c5n, 0.5, 0.5, any max, 0.019996, 0.192656, 0.032779, 0.034308, 0.035165, 0.053502, 0.140493, 0.096061, 0.062526, 0.037155, 0.043231, 1.016987, 0.004452, 0.002619, 0.002762, 0.009342, 0.077541, 0.046293, 0.080263, 0.007513, 0.080317, 0.079859, 0.059953, 0.065095, 0.123980, 0.012498, 0.081756, 0.176193, 0.311331, 0.025961, 0.019255, 0.045971, 0.194774, 0.321307, 0.004222, 0.005019, 0.054159, 0.128662, 0.168838, 0.007987, 0.060001, 0.072143, 0.079760, 0.071922, 0.059967, 0.016328, 0.055074, 0.046747, 0.078110, 0.044344, 0.074596, 0.169183, 0.065413, 0.065411, 0.013594, 0.267850, 0.088831, 0.084825, 0.009314, , , 0.001898, 0.001440, 0.004013
ec2-c6a, 0.5, 0.5, any max, 0.009306, 0.073814, 0.030840, 0.028517, 0.030772, 0.018310, 0.085497, 0.066098, 0.042363, 0.014392, 0.027050, 3.872881, 0.004020, 0.007138, 0.007473, 0.011683, 0.058131, 0.033547, 0.037256, 0.015471, 0.035302, 0.088583, 0.023351, 0.044010, 0.073918, 0.008963, 0.034720, 0.145167, 0.230940, 0.024610, 0.006805, 0.024707, 0.117683, 0.195042, 0.005072, 0.004309, 0.043205, 0.065140, 0.124935, 0.006248, 0.020788, 0.033922, 0.056966, 0.031539, 0.020570, 0.010478, 0.042193, 0.029603, 0.038961, 0.030394, 0.132086, 0.472784, 0.039965, 0.040041, 0.009485, 0.111730, 0.033984, 0.062661, 0.006726, , , 0.001726, 0.002312, 0.003409
ec2-c6i, 0.5, 0.5, any max, 0.015837, 0.180337, 0.024566, 0.031068, 0.032973, 0.044022, 0.090565, 0.090346, 0.050007, 0.030820, 0.034367, 0.757165, 0.003862, 0.003134, 0.002842, 0.009105, 0.054477, 0.037411, 0.065566, 0.007242, 0.066243, 0.073669, 0.049935, 0.050470, 0.082579, 0.009341, 0.066169, 0.159000, 0.257094, 0.024772, 0.007409, 0.038270, 0.181995, 0.215713, 0.002392, 0.004388, 0.041833, 0.107333, 0.145878, 0.007198, 0.049831, 0.057290, 0.072789, 0.057241, 0.049868, 0.013272, 0.046490, 0.033164, 0.054920, 0.030507, 0.099794, 0.110358, 0.053896, 0.053895, 0.010760, 0.274675, 0.069622, 0.075034, 0.008749, , , 0.001819, 0.001378, 0.003303
mammoth, 0.5, 0.5, any max, 0.028453, 0.170447, 0.020227, 0.031672, 0.038153, 0.030518, 0.122425, 0.126919, 0.020662, 0.022312, 0.046410, 0.859715, 0.005388, 0.005868, 0.006755, 0.013597, 0.124680, 0.031128, 0.112760, 0.012785, 0.120711, 0.181121, 0.059784, 0.059451, 0.168290, 0.006997, 0.061253, 0.164312, 0.264190, 0.028329, 0.012711, 0.074297, 0.341830, 0.215113, 0.006813, 0.007721, 0.077750, 0.177610, 0.269133, 0.007635, 0.058041, 0.099686, 0.127582, 0.112172, 0.059144, 0.008823, 0.043222, 0.034807, 0.160917, 0.019893, 0.324843, 0.196054, 0.057567, 0.057477, 0.008405, 0.267831, 0.043284, 0.066906, 0.007689, , , 0.003223, 0.005468, 0.006073
poodle, 0.5, 0.5, any max, 0.010945, 0.202898, 0.026861, 0.030584, 0.009358, 0.043900, 0.048630, 0.048700, 0.014712, 0.030866, 0.020019, 9.103798, 0.002746, 0.013252, 0.013133, 0.005290, 0.084821, 0.033882, 0.041650, 0.028691, 0.043735, 0.076276, 0.046885, 0.063666, 0.098941, 0.004959, 0.067519, 0.170964, 0.278255, 0.026221, 0.005263, 0.036470, 0.122160, 0.231371, 0.004147, 0.002508, 0.037537, 0.079464, 0.116709, 0.004804, 0.045000, 0.037063, 0.109702, 0.036654, 0.045005, 0.010671, 0.035372, 0.030190, 0.115482, 0.021401, 0.153928, 1.244189, 0.049836, 0.050717, 0.007425, 0.317188, 0.066242, 0.055064, 0.006040, , , 0.002884, 0.002050, 0.002174
quartz, 0.5, 0.5, any max, 0.024054, 0.226490, 0.064001, 0.034375, 0.043030, 0.066648, 0.104555, 0.111098, 0.037701, 0.045841, 0.049202, 1.278622, 0.005236, 0.002663, 0.003102, 0.014225, 0.113338, 0.042482, 0.097286, 0.008942, 0.096958, 0.109752, 0.063769, 0.085562, 0.106463, 0.012433, 0.078821, 0.282455, 0.457061, 0.033839, 0.011176, 0.052110, 0.274335, 0.376053, 0.004157, 0.004188, 0.067818, 0.157419, 0.221588, 0.010421, 0.063053, 0.084903, 0.066510, 0.086859, 0.063103, 0.011963, 0.067610, 0.044973, 0.152185, 0.037683, 0.096260, 0.105520, 0.104725, 0.105114, 0.010842, 0.352699, 0.088010, 0.101915, 0.010786, , , 0.001033, 0.003201, 0.004881
ruby, 0.5, 0.5, any max, 0.019604, 0.179168, 0.023090, 0.027700, 0.032525, 0.049283, 0.054581, 0.054237, 0.028695, 0.034515, 0.021967, 1.471980, 0.001970, 0.005901, 0.005799, 0.004668, 0.059318, 0.039116, 0.078301, 0.011860, 0.078319, 0.110337, 0.058651, 0.064321, 0.100554, 0.033034, 0.077866, 0.168011, 0.278564, 0.021924, 0.024926, 0.044463, 0.202459, 0.298526, 0.006974, 0.006938, 0.040025, 0.127679, 0.161667, 0.008774, 0.058801, 0.070496, 0.077929, 0.070515, 0.058658, 0.007914, 0.045201, 0.028247, 0.128962, 0.025972, 0.147222, 0.352569, 0.057257, 0.057166, 0.007394, 0.252441, 0.081919, 0.066393, 0.009151, , , 0.001486, 0.002190, 0.003941
boraxo, 0.5, 0.5, 72 (full), 0.006866, 0.039455, 0.006061, 0.004162, 0.005069, 0.010000, 0.034821, 0.033136, 0.012408, 0.007051, 0.013965, 2.785129, 0.001550, 0.002777, 0.002984, 0.002023, 0.011867, 0.008732, 0.027132, 0.006349, 0.027236, 0.096623, 0.014863, 0.011427, 0.016712, 0.001558, 0.014670, 0.111638, 0.208414, 0.004338, 0.013711, 0.019890, 0.077227, 0.215961, 0.004294, 0.004009, 0.018460, 0.046287, 0.064712, 0.002157, 0.014175, 0.023997, 0.035739, 0.023924, 0.013951, 0.002125, 0.008837, 0.005394, 0.014911, 0.006230, 0.084521, 0.217268, 0.008764, 0.009692, 0.002172, 0.051215, 0.013021, 0.012496, 0.002349, 0.000000, 0.000000, 0.001012, 0.001425, 0.001511
catalyst, 0.5, 0.5, 48 (full), 0.008118, 0.049086, 0.015130, 0.005039, 0.008065, 0.018290, 0.040529, 0.040309, 0.025745, 0.013152, 0.018094, 1.239228, 0.003339, 0.001485, 0.001747, 0.005933, 0.017817, 0.014254, 0.031807, 0.003997, 0.032009, 0.125143, 0.020013, 0.023571, 0.019808, 0.009874, 0.023055, 0.348734, 0.560017, 0.007175, 0.015336, 0.022181, 0.090123, 0.468213, 0.007163, 0.004204, 0.033684, 0.052655, 0.086072, 0.010894, 0.019725, 0.026856, 0.033031, 0.027202, 0.019702, 0.003664, 0.015948, 0.009979, 0.030526, 0.011163, 0.066218, 0.069172, 0.012872, 0.012970, 0.003553, 0.069712, 0.023006, 0.021576, 0.002388, 0.000000, 0.000000, 0.000751, 0.001257, 0.001639
ec2-c5n, 0.5, 0.5, 72 (full), 0.006411, 0.027844, 0.005257, 0.003702, 0.006194, 0.008301, 0.040830, 0.034624, 0.013080, 0.006062, 0.017285, 1.016987, 0.001577, 0.002619, 0.002762, 0.002198, 0.009264, 0.009746, 0.024727, 0.005711, 0.024922, 0.068155, 0.014867, 0.007215, 0.015868, 0.002096, 0.013195, 0.075015, 0.139266, 0.003304, 0.012959, 0.016762, 0.067171, 0.143703, 0.003876, 0.003369, 0.016063, 0.040835, 0.057423, 0.001751, 0.012423, 0.022009, 0.029661, 0.021720, 0.012472, 0.002359, 0.006464, 0.005539, 0.006132, 0.006949, 0.074596, 0.169183, 0.006132, 0.006147, 0.002141, 0.034331, 0.011904, 0.010471, 0.001883, 0.000000, 0.000000, 0.000853, 0.001245, 0.001289
ec2-c6a, 0.5, 0.5, 192 (full), 0.009306, 0.010613, 0.004824, 0.002953, 0.006388, 0.010107, 0.045743, 0.044186, 0.007594, 0.007355, 0.018058, 3.872881, 0.002237, 0.007138, 0.007473, 0.002543, 0.007100, 0.010356, 0.035834, 0.015471, 0.035302, 0.067532, 0.018754, 0.005332, 0.012458, 0.002169, 0.018747, 0.017412, 0.025419, 0.003874, 0.004694, 0.024707, 0.117683, 0.024592, 0.005072, 0.002486, 0.020594, 0.056631, 0.086015, 0.002400, 0.018081, 0.031911, 0.056966, 0.031539, 0.018403, 0.002142, 0.004392, 0.003348, 0.004871, 0.004466, 0.132086, 0.472784, 0.003482, 0.003559, 0.001550, 0.005312, 0.014639, 0.005061, 0.002476, 0.000000, 0.000000, 0.001726, 0.001959, 0.002087
ec2-c6i, 0.5, 0.5, 128 (full), 0.006431, 0.018845, 0.003860, 0.003174, 0.005500, 0.007808, 0.034338, 0.034360, 0.008500, 0.005517, 0.014932, 0.757165, 0.001854, 0.003134, 0.002842, 0.001948, 0.005506, 0.008414, 0.024961, 0.005934, 0.025636, 0.059403, 0.013232, 0.004510, 0.006988, 0.001341, 0.013243, 0.014088, 0.023703, 0.002330, 0.003854, 0.017054, 0.071282, 0.022261, 0.002106, 0.001727, 0.016674, 0.041508, 0.057470, 0.001715, 0.012639, 0.022476, 0.030957, 0.022638, 0.012697, 0.001517, 0.004313, 0.003037, 0.004268, 0.004473, 0.099794, 0.110358, 0.003674, 0.003759, 0.001394, 0.020376, 0.011175, 0.005931, 0.001852, 0.000000, 0.000000, 0.001090, 0.001378, 0.001300
mammoth, 0.5, 0.5, 256 (full), 0.028453, 0.030545, 0.012100, 0.008202, 0.018966, 0.030518, 0.122425, 0.126919, 0.011053, 0.022312, 0.046410, 0.859715, 0.003066, 0.005868, 0.006755, 0.003412, 0.012624, 0.031128, 0.112760, 0.012785, 0.120711, 0.104389, 0.059784, 0.010185, 0.023810, 0.004274, 0.061253, 0.017601, 0.023595, 0.006245, 0.012711, 0.074297, 0.341830, 0.024807, 0.006813, 0.007721, 0.077750, 0.177610, 0.269133, 0.006108, 0.058041, 0.099686, 0.127582, 0.112172, 0.059144, 0.008540, 0.008918, 0.009616, 0.011155, 0.010858, 0.324843, 0.196054, 0.005473, 0.005475, 0.007481, 0.014633, 0.043284, 0.011813, 0.007115, 0.000000, 0.000000, 0.003223, 0.005468, 0.006073
poodle, 0.5, 0.5, 224 (full), 0.010257, 0.017697, 0.006205, 0.003269, 0.008430, 0.010723, 0.048630, 0.048700, 0.002840, 0.007566, 0.020019, 9.103798, 0.002746, 0.013252, 0.013133, 0.003436, 0.006612, 0.010428, 0.040332, 0.028691, 0.041669, 0.052926, 0.020160, 0.003817, 0.009600, 0.001318, 0.020088, 0.013996, 0.025646, 0.002901, 0.005263, 0.032817, 0.117705, 0.031526, 0.004147, 0.002508, 0.026409, 0.079464, 0.101196, 0.002464, 0.020137, 0.036680, 0.109702, 0.036654, 0.020018, 0.002126, 0.003850, 0.003163, 0.004635, 0.004772, 0.153928, 1.244189, 0.003487, 0.003623, 0.002677, 0.015153, 0.014850, 0.004351, 0.002960, 0.000000, 0.000000, 0.002884, 0.002050, 0.002174
quartz, 0.5, 0.5, 72 (full), 0.009307, 0.036999, 0.010515, 0.004556, 0.008107, 0.019562, 0.044876, 0.044711, 0.009689, 0.013164, 0.020773, 1.278622, 0.001536, 0.002663, 0.003102, 0.002789, 0.015709, 0.015732, 0.036311, 0.006319, 0.036470, 0.108360, 0.024405, 0.012495, 0.020543, 0.002855, 0.029301, 0.055086, 0.099904, 0.004625, 0.006459, 0.022159, 0.096868, 0.099612, 0.004157, 0.003536, 0.026054, 0.052762, 0.074555, 0.002268, 0.027193, 0.031732, 0.036193, 0.031113, 0.028365, 0.002991, 0.009693, 0.006587, 0.019861, 0.006317, 0.096260, 0.105520, 0.010382, 0.010499, 0.002716, 0.047183, 0.026695, 0.012945, 0.002726, 0.000000, 0.000000, 0.001033, 0.001729, 0.002234
ruby, 0.5, 0.5, 112 (full), 0.010810, 0.027656, 0.006339, 0.004783, 0.009001, 0.012101, 0.054581, 0.054237, 0.007975, 0.008794, 0.021967, 1.471980, 0.001786, 0.005901, 0.005799, 0.002189, 0.010496, 0.011783, 0.042064, 0.011860, 0.042189, 0.110337, 0.021848, 0.009197, 0.011564, 0.003755, 0.021563, 0.056986, 0.098426, 0.004441, 0.014394, 0.030344, 0.120059, 0.106932, 0.005001, 0.004586, 0.025577, 0.068976, 0.092258, 0.002646, 0.021563, 0.036153, 0.055621, 0.037790, 0.021395, 0.002794, 0.005957, 0.004660, 0.009602, 0.006015, 0.147222, 0.352569, 0.005764, 0.006116, 0.002730, 0.027304, 0.016693, 0.007750, 0.003402, 0.000000, 0.000000, 0.001486, 0.002190, 0.002222
boraxo, 0.5, 0.5, 36 (half), 0.006032, 0.070547, 0.009288, 0.006322, 0.004856, 0.014288, 0.028742, 0.025169, 0.014811, 0.009969, 0.011147, 2.316798, 0.001410, 0.001296, 0.001518, 0.002258, 0.019609, 0.010484, 0.022930, 0.003813, 0.023212, 0.090411, 0.013950, 0.022264, 0.026569, 0.002315, 0.016132, 0.219087, 0.411170, 0.006477, 0.011003, 0.017261, 0.065184, 0.426993, 0.004122, 0.003879, 0.022769, 0.041734, 0.068870, 0.002570, 0.012998, 0.019017, 0.025023, 0.019340, 0.012963, 0.002757, 0.015541, 0.009348, 0.027670, 0.009872, 0.057738, 0.079158, 0.014615, 0.016213, 0.002680, 0.100605, 0.017845, 0.023004, 0.002597, 0.000000, 0.000000, 0.000728, 0.001117, 0.001235
catalyst, 0.5, 0.5, 24 (half), 0.010775, 0.090936, 0.027141, 0.008479, 0.012266, 0.029345, 0.051213, 0.051309, 0.022758, 0.020830, 0.024145, 1.076560, 0.005704, 0.000873, 0.001311, 0.010976, 0.029351, 0.021847, 0.042163, 0.003616, 0.042078, 0.107597, 0.026692, 0.043131, 0.032156, 0.018790, 0.031872, 0.695497, 1.117909, 0.012616, 0.022848, 0.027156, 0.119121, 0.913451, 0.006594, 0.003322, 0.035886, 0.069157, 0.122073, 0.020052, 0.028200, 0.036546, 0.035790, 0.036759, 0.026107, 0.005676, 0.029845, 0.018038, 0.049881, 0.019987, 0.035225, 0.031906, 0.023357, 0.023425, 0.005674, 0.137213, 0.035897, 0.040958, 0.003449, 0.000000, 0.000000, 0.000682, 0.001331, 0.002182
ec2-c5n, 0.5, 0.5, 36 (half), 0.005387, 0.047636, 0.008272, 0.005826, 0.007587, 0.011608, 0.045871, 0.033209, 0.020736, 0.008274, 0.015387, 0.963118, 0.001699, 0.001334, 0.001429, 0.002949, 0.013940, 0.012610, 0.021009, 0.003102, 0.020774, 0.063366, 0.015918, 0.013821, 0.023763, 0.003114, 0.013669, 0.146631, 0.276112, 0.005086, 0.011223, 0.015903, 0.058652, 0.285084, 0.003350, 0.003808, 0.019758, 0.035762, 0.061664, 0.001988, 0.011221, 0.018217, 0.023091, 0.017919, 0.011264, 0.003848, 0.011501, 0.010077, 0.013413, 0.011615, 0.046562, 0.060405, 0.010205, 0.010206, 0.003474, 0.067032, 0.015533, 0.019420, 0.002003, 0.000000, 0.000000, 0.000688, 0.000974, 0.001074
ec2-c6a, 0.5, 0.5, 96 (half), 0.005674, 0.008863, 0.005073, 0.002700, 0.004721, 0.007556, 0.030785, 0.028300, 0.006070, 0.005778, 0.011462, 2.381915, 0.001592, 0.002577, 0.002804, 0.002397, 0.010719, 0.009701, 0.023865, 0.005889, 0.024025, 0.059042, 0.013816, 0.008712, 0.016343, 0.001837, 0.013249, 0.019304, 0.031384, 0.005218, 0.003108, 0.020886, 0.076773, 0.029706, 0.004663, 0.001625, 0.043205, 0.035882, 0.060967, 0.001853, 0.011541, 0.019819, 0.028497, 0.019243, 0.011935, 0.002022, 0.004895, 0.003838, 0.007567, 0.004171, 0.073069, 0.095989, 0.003595, 0.003790, 0.001535, 0.008281, 0.011567, 0.006775, 0.001772, 0.000000, 0.000000, 0.000936, 0.001244, 0.001362
ec2-c6i, 0.5, 0.5, 64 (half), 0.004359, 0.028128, 0.004472, 0.003572, 0.005392, 0.007314, 0.026886, 0.026444, 0.008465, 0.005183, 0.011584, 0.669214, 0.001685, 0.001576, 0.001432, 0.002317, 0.007860, 0.007974, 0.016994, 0.003046, 0.017036, 0.054197, 0.009763, 0.006756, 0.011539, 0.001627, 0.009499, 0.024897, 0.042439, 0.002984, 0.002639, 0.012584, 0.047993, 0.041909, 0.001705, 0.001213, 0.018293, 0.030548, 0.047199, 0.001473, 0.008806, 0.015207, 0.019769, 0.015266, 0.008870, 0.002081, 0.006615, 0.005017, 0.006170, 0.005991, 0.054090, 0.064864, 0.006331, 0.006604, 0.001916, 0.038778, 0.009380, 0.010020, 0.001561, 0.000000, 0.000000, 0.000592, 0.000936, 0.000839
mammoth, 0.5, 0.5, 128 (half), 0.016529, 0.021051, 0.008049, 0.005002, 0.011747, 0.018123, 0.073018, 0.072119, 0.010360, 0.013746, 0.027809, 0.749407, 0.001965, 0.003150, 0.003898, 0.002602, 0.010125, 0.018852, 0.063449, 0.006908, 0.062381, 0.082184, 0.032944, 0.009411, 0.016101, 0.003390, 0.034687, 0.024037, 0.033695, 0.005669, 0.007688, 0.043203, 0.187214, 0.038148, 0.004418, 0.004555, 0.050218, 0.099693, 0.163516, 0.003764, 0.032163, 0.055603, 0.069296, 0.056442, 0.033016, 0.005454, 0.007579, 0.006148, 0.010424, 0.008157, 0.174867, 0.096172, 0.005195, 0.005511, 0.002885, 0.013439, 0.025680, 0.011356, 0.004596, 0.000000, 0.000000, 0.001893, 0.003099, 0.003583
poodle, 0.5, 0.5, 112 (half), 0.004790, 0.020411, 0.004059, 0.002258, 0.004088, 0.005323, 0.024800, 0.024619, 0.002705, 0.003781, 0.009623, 2.982460, 0.001066, 0.003551, 0.003511, 0.001262, 0.006205, 0.005477, 0.018498, 0.007829, 0.018498, 0.042894, 0.009568, 0.004264, 0.005606, 0.000890, 0.009548, 0.024790, 0.048898, 0.002278, 0.002658, 0.015824, 0.055866, 0.058821, 0.003305, 0.001204, 0.019319, 0.036791, 0.055904, 0.001560, 0.009251, 0.016444, 0.027744, 0.016933, 0.009375, 0.001591, 0.003745, 0.003140, 0.004832, 0.003408, 0.065939, 0.338415, 0.004257, 0.004209, 0.001493, 0.027336, 0.008116, 0.004995, 0.001628, 0.000000, 0.000000, 0.000861, 0.001075, 0.001051
quartz, 0.5, 0.5, 36 (half), 0.013307, 0.063639, 0.017127, 0.007245, 0.010815, 0.023453, 0.040927, 0.040621, 0.013683, 0.016825, 0.019113, 1.020764, 0.001806, 0.001234, 0.001517, 0.004022, 0.019694, 0.015551, 0.047426, 0.003479, 0.047411, 0.103683, 0.024424, 0.020567, 0.024376, 0.003483, 0.028994, 0.104221, 0.187411, 0.006524, 0.006982, 0.025305, 0.117261, 0.201695, 0.003768, 0.002525, 0.038301, 0.064401, 0.091288, 0.003677, 0.031380, 0.042460, 0.040012, 0.042997, 0.031356, 0.003693, 0.016719, 0.010802, 0.028048, 0.008907, 0.057875, 0.047260, 0.017219, 0.017212, 0.003279, 0.091852, 0.032329, 0.023475, 0.003793, 0.000000, 0.000000, 0.000801, 0.001413, 0.002816
ruby, 0.5, 0.5, 56 (half), 0.005775, 0.031851, 0.005848, 0.004116, 0.006404, 0.009103, 0.026762, 0.026533, 0.009578, 0.006304, 0.011744, 0.918143, 0.001160, 0.002095, 0.002101, 0.001552, 0.011251, 0.007711, 0.022359, 0.004564, 0.022550, 0.091733, 0.012291, 0.011090, 0.020229, 0.004820, 0.012503, 0.088627, 0.164117, 0.003908, 0.013816, 0.016110, 0.064609, 0.175748, 0.003647, 0.004087, 0.020931, 0.037997, 0.056795, 0.001929, 0.011795, 0.018684, 0.027374, 0.019945, 0.011726, 0.001714, 0.007447, 0.005137, 0.017376, 0.005929, 0.068831, 0.094307, 0.007090, 0.007491, 0.001785, 0.041523, 0.011195, 0.011236, 0.002137, 0.000000, 0.000000, 0.000770, 0.001119, 0.001226
boraxo, 0.5, 0.5, 18 (quarter), 0.004620, 0.066337, 0.008750, 0.009127, 0.004280, 0.016187, 0.020550, 0.017957, 0.012544, 0.010776, 0.008132, 1.162786, 0.001337, 0.000674, 0.000958, 0.002205, 0.020733, 0.009149, 0.017922, 0.003693, 0.017874, 0.089735, 0.011168, 0.020789, 0.025805, 0.002335, 0.012965, 0.053485, 0.088670, 0.009805, 0.022253, 0.012553, 0.051569, 0.068552, 0.005329, 0.003263, 0.017721, 0.033171, 0.056067, 0.002407, 0.010138, 0.013947, 0.021999, 0.014310, 0.010198, 0.002724, 0.016416, 0.009551, 0.027693, 0.009450, 0.030741, 0.038061, 0.021703, 0.021438, 0.002580, 0.088423, 0.016769, 0.024816, 0.003417, 0.000000, 0.000000, 0.000611, 0.000791, 0.000946
catalyst, 0.5, 0.5, 12 (quarter), 0.010206, 0.084474, 0.028045, 0.012482, 0.016220, 0.036596, 0.046086, 0.046069, 0.022959, 0.026505, 0.021216, 0.812711, 0.005537, 0.000582, 0.001156, 0.010756, 0.032602, 0.022616, 0.040191, 0.003631, 0.040097, 0.108468, 0.026000, 0.043828, 0.034257, 0.025775, 0.030814, 0.703597, 1.120552, 0.016921, 0.021741, 0.024610, 0.108839, 0.928160, 0.007736, 0.002691, 0.031922, 0.069534, 0.101503, 0.020325, 0.024593, 0.033641, 0.034202, 0.033653, 0.024659, 0.005643, 0.033744, 0.018944, 0.051363, 0.021222, 0.023380, 0.013262, 0.029709, 0.029791, 0.005810, 0.125463, 0.040820, 0.042047, 0.003846, 0.000000, 0.000000, 0.000620, 0.001234, 0.002022
ec2-c5n, 0.5, 0.5, 18 (quarter), 0.004243, 0.044374, 0.008192, 0.007955, 0.008758, 0.012022, 0.038740, 0.029028, 0.018143, 0.008132, 0.013327, 0.696752, 0.001551, 0.000752, 0.000963, 0.002799, 0.014322, 0.011367, 0.016150, 0.002906, 0.016422, 0.061763, 0.012933, 0.013266, 0.023414, 0.002991, 0.011119, 0.041013, 0.065180, 0.007579, 0.019255, 0.012335, 0.048216, 0.053649, 0.004152, 0.004109, 0.016688, 0.030349, 0.047282, 0.002149, 0.008755, 0.013466, 0.025099, 0.013088, 0.008701, 0.003651, 0.012414, 0.009861, 0.013281, 0.010385, 0.028039, 0.028158, 0.015146, 0.015252, 0.003163, 0.060140, 0.013736, 0.019138, 0.002513, 0.000000, 0.000000, 0.000665, 0.000799, 0.000790
ec2-c6a, 0.5, 0.5, 48 (quarter), 0.003482, 0.009125, 0.004027, 0.001936, 0.003145, 0.005436, 0.019032, 0.017519, 0.004082, 0.004275, 0.007217, 0.781032, 0.001460, 0.001004, 0.001264, 0.001895, 0.008214, 0.006425, 0.013913, 0.002757, 0.014330, 0.054676, 0.008162, 0.009937, 0.013703, 0.001822, 0.008459, 0.013690, 0.021300, 0.004659, 0.002086, 0.011532, 0.052228, 0.018590, 0.004101, 0.001163, 0.025724, 0.022511, 0.036398, 0.001494, 0.007769, 0.011960, 0.017992, 0.012403, 0.007640, 0.001751, 0.004680, 0.003630, 0.006515, 0.003499, 0.037643, 0.026591, 0.004347, 0.004409, 0.001334, 0.011100, 0.007578, 0.006644, 0.001488, 0.000000, 0.000000, 0.000664, 0.000825, 0.000926
ec2-c6i, 0.5, 0.5, 32 (quarter), 0.003063, 0.024223, 0.004083, 0.004759, 0.005487, 0.007357, 0.020405, 0.020411, 0.008455, 0.005076, 0.008294, 0.588259, 0.001257, 0.000888, 0.000873, 0.002048, 0.007795, 0.006661, 0.011913, 0.002094, 0.011811, 0.050804, 0.007188, 0.007134, 0.010682, 0.002192, 0.007369, 0.021163, 0.034009, 0.004266, 0.002013, 0.009673, 0.035827, 0.028195, 0.001449, 0.001023, 0.011887, 0.021336, 0.035759, 0.001264, 0.006283, 0.010769, 0.017134, 0.010131, 0.006230, 0.001872, 0.006388, 0.004315, 0.005419, 0.004441, 0.035684, 0.026247, 0.007248, 0.007250, 0.001542, 0.034697, 0.008015, 0.009808, 0.001600, 0.000000, 0.000000, 0.000733, 0.000731, 0.000587
mammoth, 0.5, 0.5, 64 (quarter), 0.006471, 0.016638, 0.004357, 0.003207, 0.005869, 0.008197, 0.033253, 0.030658, 0.009313, 0.006504, 0.011984, 0.548674, 0.001098, 0.001457, 0.001936, 0.001870, 0.006980, 0.009169, 0.024947, 0.003436, 0.024511, 0.070270, 0.013581, 0.006778, 0.009299, 0.002269, 0.014501, 0.021553, 0.022037, 0.004254, 0.003531, 0.018919, 0.077776, 0.022894, 0.004188, 0.001678, 0.027013, 0.039384, 0.068228, 0.001985, 0.013481, 0.023081, 0.028178, 0.023151, 0.013767, 0.002956, 0.004916, 0.004374, 0.008979, 0.004132, 0.084158, 0.046582, 0.004569, 0.004530, 0.001847, 0.019583, 0.010909, 0.007556, 0.002471, 0.000000, 0.000000, 0.000976, 0.001425, 0.001736
poodle, 0.5, 0.5, 56 (quarter), 0.003265, 0.017078, 0.003317, 0.002380, 0.002657, 0.005354, 0.016308, 0.016148, 0.002330, 0.004460, 0.006334, 0.949907, 0.000540, 0.001956, 0.002037, 0.000774, 0.005306, 0.004059, 0.013081, 0.004840, 0.013219, 0.034767, 0.006951, 0.003973, 0.004188, 0.000833, 0.007042, 0.014498, 0.022862, 0.002961, 0.001869, 0.009749, 0.036517, 0.018997, 0.003072, 0.000909, 0.018848, 0.021881, 0.032979, 0.001067, 0.006623, 0.011834, 0.013997, 0.011614, 0.006798, 0.001245, 0.003264, 0.003040, 0.004464, 0.002647, 0.045595, 0.145944, 0.004323, 0.004319, 0.001193, 0.023297, 0.006650, 0.004642, 0.001270, 0.000000, 0.000000, 0.000473, 0.000718, 0.000757
quartz, 0.5, 0.5, 18 (quarter), 0.011758, 0.055075, 0.016750, 0.009785, 0.012780, 0.031223, 0.034695, 0.036294, 0.011495, 0.022103, 0.017190, 0.656037, 0.001606, 0.000725, 0.001402, 0.003746, 0.024421, 0.015615, 0.043021, 0.003398, 0.042655, 0.104023, 0.020845, 0.021767, 0.027017, 0.004465, 0.026668, 0.068419, 0.110323, 0.010044, 0.008393, 0.026110, 0.104950, 0.090569, 0.004052, 0.001917, 0.028579, 0.057702, 0.075166, 0.003390, 0.028673, 0.038521, 0.034176, 0.038934, 0.028775, 0.004101, 0.016824, 0.012473, 0.031332, 0.010166, 0.035750, 0.036345, 0.025961, 0.026033, 0.003330, 0.083128, 0.036814, 0.024600, 0.004024, 0.000000, 0.000000, 0.000677, 0.001114, 0.002564
ruby, 0.5, 0.5, 28 (quarter), 0.003738, 0.028186, 0.004937, 0.005045, 0.006307, 0.008341, 0.015594, 0.015191, 0.007739, 0.005759, 0.006736, 0.705309, 0.000783, 0.000984, 0.001123, 0.001258, 0.010141, 0.005696, 0.014063, 0.002823, 0.014370, 0.087960, 0.008189, 0.009992, 0.018723, 0.005180, 0.007926, 0.026720, 0.041798, 0.004952, 0.024926, 0.009882, 0.039862, 0.035421, 0.006974, 0.006065, 0.013544, 0.024574, 0.037653, 0.001843, 0.007623, 0.011451, 0.016122, 0.012183, 0.007660, 0.001565, 0.007318, 0.004906, 0.017415, 0.004879, 0.035988, 0.055888, 0.008791, 0.008878, 0.001581, 0.037002, 0.009139, 0.010057, 0.002048, 0.000000, 0.000000, 0.000481, 0.000661, 0.000788
boraxo, 0.5, 0.5, 32, 0.005800, 0.078267, 0.009932, 0.006857, 0.004754, 0.015461, 0.026530, 0.022653, 0.014574, 0.010805, 0.010103, 2.227230, 0.001437, 0.000949, 0.001168, 0.002507, 0.021915, 0.010687, 0.021314, 0.003434, 0.021688, 0.059461, 0.013545, 0.023612, 0.029461, 0.002251, 0.017798, 0.248818, 0.464015, 0.007140, 0.011128, 0.016856, 0.061185, 0.481962, 0.004688, 0.004164, 0.022149, 0.039891, 0.068480, 0.002634, 0.012749, 0.017398, 0.022869, 0.017496, 0.012829, 0.002904, 0.017182, 0.010267, 0.031895, 0.010739, 0.044784, 0.069259, 0.016642, 0.018378, 0.002853, 0.112805, 0.019408, 0.025604, 0.002564, 0.000000, 0.000000, 0.000645, 0.001049, 0.001120
ec2-c5n, 0.5, 0.5, 32, 0.005596, 0.052944, 0.009029, 0.006395, 0.008096, 0.013009, 0.049077, 0.034061, 0.019797, 0.009075, 0.015592, 0.910147, 0.001952, 0.001090, 0.001188, 0.003033, 0.015661, 0.013474, 0.021608, 0.002973, 0.021135, 0.049285, 0.016592, 0.015125, 0.026371, 0.003035, 0.015127, 0.166856, 0.311331, 0.005568, 0.014259, 0.016390, 0.059507, 0.321307, 0.003743, 0.004276, 0.019971, 0.036657, 0.063990, 0.002146, 0.011456, 0.018388, 0.023158, 0.018277, 0.011754, 0.004255, 0.012795, 0.011297, 0.015265, 0.012900, 0.044817, 0.051779, 0.011567, 0.011597, 0.003839, 0.075149, 0.017021, 0.021657, 0.002115, 0.000000, 0.000000, 0.000689, 0.001098, 0.001032
ec2-c6a, 0.5, 0.5, 32, 0.003139, 0.011432, 0.005260, 0.002887, 0.003193, 0.009129, 0.018999, 0.016556, 0.007548, 0.006889, 0.007043, 0.726936, 0.001396, 0.000775, 0.001070, 0.002354, 0.011076, 0.006357, 0.011791, 0.002061, 0.011600, 0.062239, 0.007196, 0.008714, 0.017497, 0.002010, 0.011163, 0.020263, 0.031644, 0.004951, 0.002034, 0.009091, 0.047073, 0.027591, 0.003262, 0.001216, 0.017962, 0.020087, 0.033907, 0.001567, 0.006683, 0.010333, 0.015667, 0.010094, 0.006808, 0.002032, 0.006226, 0.004677, 0.011973, 0.005046, 0.024790, 0.019394, 0.005835, 0.005673, 0.001633, 0.015505, 0.011876, 0.008932, 0.001536, 0.000000, 0.000000, 0.000654, 0.000720, 0.000835
mammoth, 0.5, 0.5, 32, 0.004086, 0.023811, 0.004309, 0.004643, 0.006224, 0.007414, 0.023281, 0.017342, 0.006737, 0.005535, 0.007159, 0.552893, 0.001230, 0.000883, 0.001381, 0.002050, 0.008099, 0.007247, 0.014035, 0.002173, 0.014048, 0.050665, 0.009189, 0.009306, 0.010139, 0.002007, 0.010555, 0.023496, 0.036612, 0.005093, 0.002332, 0.011459, 0.041688, 0.029467, 0.002419, 0.001341, 0.023497, 0.024295, 0.042361, 0.001686, 0.008206, 0.011908, 0.015899, 0.011989, 0.008340, 0.002473, 0.006904, 0.005667, 0.011590, 0.004533, 0.035352, 0.017516, 0.007795, 0.007796, 0.002133, 0.034098, 0.013324, 0.010280, 0.001973, 0.000000, 0.000000, 0.000574, 0.000776, 0.001068
poodle, 0.5, 0.5, 32, 0.002400, 0.026690, 0.004042, 0.003854, 0.001998, 0.006752, 0.011501, 0.011131, 0.003079, 0.006025, 0.004540, 0.832439, 0.000475, 0.000789, 0.000794, 0.000864, 0.008230, 0.004063, 0.009383, 0.002580, 0.009481, 0.030350, 0.005569, 0.006332, 0.004912, 0.000801, 0.005626, 0.025104, 0.040572, 0.005233, 0.001458, 0.007797, 0.027655, 0.033363, 0.001888, 0.000637, 0.016790, 0.015794, 0.029599, 0.001050, 0.004937, 0.008553, 0.009705, 0.008412, 0.005024, 0.001678, 0.004692, 0.004124, 0.007649, 0.003396, 0.024853, 0.049658, 0.006691, 0.006684, 0.001335, 0.040074, 0.008057, 0.007209, 0.001168, 0.000000, 0.000000, 0.000316, 0.000514, 0.000555
quartz, 0.5, 0.5, 32, 0.012987, 0.069987, 0.018684, 0.007718, 0.011395, 0.024962, 0.041222, 0.039843, 0.014023, 0.017279, 0.018681, 1.272694, 0.001914, 0.001092, 0.001403, 0.004260, 0.021875, 0.016064, 0.047072, 0.002905, 0.047145, 0.067690, 0.027746, 0.021892, 0.026329, 0.004212, 0.028227, 0.100979, 0.198218, 0.007193, 0.007128, 0.024540, 0.118162, 0.231200, 0.003950, 0.003174, 0.044600, 0.067767, 0.093980, 0.003889, 0.031507, 0.041864, 0.039070, 0.042760, 0.031775, 0.003753, 0.018441, 0.011767, 0.030289, 0.009537, 0.050080, 0.044448, 0.019635, 0.019675, 0.003590, 0.103059, 0.033123, 0.025994, 0.003911, 0.000000, 0.000000, 0.000697, 0.001399, 0.002738
ruby, 0.5, 0.5, 32, 0.004786, 0.049289, 0.007541, 0.005395, 0.007140, 0.012034, 0.017636, 0.017404, 0.010730, 0.008430, 0.008938, 0.739010, 0.000964, 0.001129, 0.001180, 0.001809, 0.014563, 0.008384, 0.018488, 0.002881, 0.018560, 0.057798, 0.010473, 0.017420, 0.026808, 0.007449, 0.014175, 0.155427, 0.278564, 0.004918, 0.021218, 0.013190, 0.047263, 0.298526, 0.006367, 0.006938, 0.015359, 0.031699, 0.053008, 0.002093, 0.010036, 0.013145, 0.017308, 0.014114, 0.010026, 0.002106, 0.011206, 0.007663, 0.029484, 0.008588, 0.041808, 0.053189, 0.010451, 0.011479, 0.002290, 0.070735, 0.015430, 0.016017, 0.002004, 0.000000, 0.000000, 0.000524, 0.000739, 0.000878
boraxo, 0.5, 1.0, 72, 0.008288, 0.074725, 0.010239, 0.007474, 0.006746, 0.018725, 0.040448, 0.037267, 0.016129, 0.013001, 0.015587, 5.398981, 0.001904, 0.003137, 0.003248, 0.002716, 0.053477, 0.012827, 0.031878, 0.007110, 0.031894, 0.180829, 0.018304, 0.025140, 0.059255, 0.002612, 0.021880, 0.332951, 0.508838, 0.007836, 0.015295, 0.021900, 0.138424, 0.409250, 0.006655, 0.003260, 0.026799, 0.054983, 0.084243, 0.009599, 0.017187, 0.028724, 0.038934, 0.027297, 0.017111, 0.003378, 0.016107, 0.009975, 0.055430, 0.010742, 0.085950, 0.216027, 0.014897, 0.016426, 0.003227, 0.104212, 0.024676, 0.023574, 0.003243, , , 0.001201, 0.001638, 0.001901
boraxo, 0.5, 1.0, 36, 0.009528, 0.137441, 0.017122, 0.012409, 0.007965, 0.031010, 0.040213, 0.032281, 0.025557, 0.021523, 0.014220, 4.801026, 0.002146, 0.001488, 0.001816, 0.003982, 0.075892, 0.023741, 0.036780, 0.005037, 0.036966, 0.172834, 0.030723, 0.046483, 0.080808, 0.003934, 0.046474, 0.639575, 0.988380, 0.012383, 0.022423, 0.027212, 0.156706, 0.787985, 0.007312, 0.005341, 0.036366, 0.065402, 0.114311, 0.016882, 0.030305, 0.031389, 0.036488, 0.029521, 0.030162, 0.005147, 0.030570, 0.018421, 0.073996, 0.018781, 0.058380, 0.079352, 0.028933, 0.031946, 0.004844, 0.202931, 0.045493, 0.045459, 0.004338, , , 0.000948, 0.001450, 0.002039
boraxo, 0.5, 1.0, 32, 0.010362, 0.153360, 0.019424, 0.013806, 0.008401, 0.034573, 0.039656, 0.030740, 0.024921, 0.024182, 0.014594, 4.348424, 0.002087, 0.001216, 0.001545, 0.004318, 0.075351, 0.025885, 0.041243, 0.004806, 0.041230, 0.116914, 0.034856, 0.052861, 0.093067, 0.004737, 0.051555, 0.719335, 1.137024, 0.013935, 0.025614, 0.029421, 0.166033, 0.902978, 0.007588, 0.006118, 0.039296, 0.071044, 0.124104, 0.018673, 0.034668, 0.035153, 0.039510, 0.033699, 0.035359, 0.005494, 0.034888, 0.020800, 0.085661, 0.020728, 0.045983, 0.067418, 0.033005, 0.036381, 0.005164, 0.227795, 0.052221, 0.050531, 0.004507, , , 0.000887, 0.001372, 0.002243
boraxo, 0.5, 1.0, 18, 0.008061, 0.131081, 0.016605, 0.018249, 0.007823, 0.032866, 0.032100, 0.027201, 0.027398, 0.023265, 0.011593, 2.369493, 0.001894, 0.001012, 0.001392, 0.003762, 0.081629, 0.022813, 0.031946, 0.006110, 0.031401, 0.172351, 0.027771, 0.046257, 0.081996, 0.004511, 0.044394, 0.323356, 0.498364, 0.019377, 0.013833, 0.022262, 0.142914, 0.428402, 0.006606, 0.006260, 0.032644, 0.060057, 0.100951, 0.009607, 0.027203, 0.026714, 0.034789, 0.026009, 0.027312, 0.005411, 0.032796, 0.019372, 0.074376, 0.018292, 0.029622, 0.034746, 0.042637, 0.042920, 0.004839, 0.178710, 0.043830, 0.047490, 0.006366, , , 0.000975, 0.001238, 0.001760
boraxo, 0.5, 1.0, 16, 0.008075, 0.147337, 0.018557, 0.020255, 0.008483, 0.033574, 0.034251, 0.025865, 0.027210, 0.023597, 0.012563, 2.247800, 0.002147, 0.000965, 0.001389, 0.004399, 0.077890, 0.025322, 0.032917, 0.006459, 0.034568, 0.159518, 0.033854, 0.052252, 0.094648, 0.004846, 0.050112, 0.384163, 0.536246, 0.021934, 0.016080, 0.026005, 0.160113, 0.457519, 0.007012, 0.006541, 0.035298, 0.067805, 0.113619, 0.010846, 0.033684, 0.028110, 0.036369, 0.027758, 0.033469, 0.006004, 0.037575, 0.022103, 0.086765, 0.020407, 0.027390, 0.023656, 0.047416, 0.047743, 0.005398, 0.200907, 0.050643, 0.055280, 0.006840, , , 0.000992, 0.001076, 0.001821
boraxo, 0.5, 1.0, 8, 0.023319, 0.288724, 0.037971, 0.041460, 0.016627, 0.094628, 0.057953, 0.049183, 0.047644, 0.066533, 0.021802, 1.857411, 0.002935, 0.000779, 0.002420, 0.007027, 0.155078, 0.059179, 0.097539, 0.011336, 0.098059, 0.132804, 0.078176, 0.108706, 0.184654, 0.010204, 0.111809, 0.751096, 1.135074, 0.038991, 0.020266, 0.061125, 0.353975, 1.048980, 0.005554, 0.005774, 0.059444, 0.158748, 0.238609, 0.019925, 0.076985, 0.084762, 0.093499, 0.084822, 0.076738, 0.013066, 0.075791, 0.048045, 0.191335, 0.040146, 0.016197, 0.006758, 0.092887, 0.093021, 0.010288, 0.400702, 0.128609, 0.114198, 0.013507, , , 0.001494, 0.002036, 0.004839
boraxo, 0.5, 1.0, 4, 0.046369, 0.568587, 0.072278, 0.082639, 0.033873, 0.175634, 0.121213, 0.121034, 0.094367, 0.119943, 0.049004, 1.973229, 0.005665, 0.001281, 0.004696, 0.013831, 0.223767, 0.113225, 0.188275, 0.022266, 0.188901, 0.247248, 0.150307, 0.203623, 0.308904, 0.019495, 0.212855, 1.531749, 2.143472, 0.077865, 0.040221, 0.118488, 0.689273, 1.821118, 0.009688, 0.011337, 0.113429, 0.312614, 0.465065, 0.039784, 0.148398, 0.168055, 0.185334, 0.167779, 0.147740, 0.025546, 0.147403, 0.093403, 0.338838, 0.079521, 0.018554, 0.009512, 0.185236, 0.185438, 0.020127, 0.800398, 0.242227, 0.219657, 0.027050, , , 0.002882, 0.004831, 0.009497
catalyst, 0.5, 1.0, 48, 0.013041, 0.092760, 0.028919, 0.009176, 0.013648, 0.033548, 0.060276, 0.060065, 0.040973, 0.023817, 0.030673, 2.882797, 0.005969, 0.001636, 0.002352, 0.011229, 0.231328, 0.024218, 0.050304, 0.005267, 0.050525, 0.237587, 0.031297, 0.074338, 0.194702, 0.019406, 0.037493, 0.847386, 1.290387, 0.013576, 0.025998, 0.032970, 0.207638, 0.960420, 0.009407, 0.004770, 0.052138, 0.082440, 0.138582, 0.021444, 0.030633, 0.044350, 0.045773, 0.044895, 0.030643, 0.006580, 0.031416, 0.019319, 0.139774, 0.021394, 0.062506, 0.070811, 0.023639, 0.023709, 0.006271, 0.139837, 0.041091, 0.042362, 0.004091, , , 0.001050, 0.001786, 0.002743
catalyst, 0.5, 1.0, 24, 0.019246, 0.179023, 0.053297, 0.016306, 0.022995, 0.058413, 0.089505, 0.089618, 0.060979, 0.042763, 0.042912, 2.262231, 0.011056, 0.001133, 0.002211, 0.021600, 0.234754, 0.041670, 0.074579, 0.006028, 0.074554, 0.217917, 0.048543, 0.095748, 0.199297, 0.037445, 0.059521, 1.686021, 2.572986, 0.024605, 0.044842, 0.048222, 0.310647, 1.899255, 0.012155, 0.006037, 0.063317, 0.122411, 0.216087, 0.041997, 0.047884, 0.065181, 0.061835, 0.065689, 0.047664, 0.011166, 0.059395, 0.036162, 0.166195, 0.039148, 0.037431, 0.032738, 0.044753, 0.044802, 0.010952, 0.277393, 0.070470, 0.081370, 0.006344, , , 0.001151, 0.002531, 0.003893
catalyst, 0.5, 1.0, 16, 0.025923, 0.265506, 0.077978, 0.023610, 0.032632, 0.074466, 0.123359, 0.123488, 0.076474, 0.052507, 0.058577, 2.077595, 0.016296, 0.000972, 0.004343, 0.032008, 0.197487, 0.057534, 0.102571, 0.007451, 0.104608, 0.113204, 0.067807, 0.136483, 0.274536, 0.055922, 0.085798, 2.491041, 3.805483, 0.035446, 0.063128, 0.064965, 0.428097, 2.811872, 0.015875, 0.007081, 0.081557, 0.168501, 0.301512, 0.060988, 0.066055, 0.088667, 0.080224, 0.089036, 0.066194, 0.016065, 0.089753, 0.054504, 0.252831, 0.057918, 0.030915, 0.020474, 0.065959, 0.066008, 0.016000, 0.418309, 0.101186, 0.121023, 0.008681, , , 0.001380, 0.003209, 0.005100
catalyst, 0.5, 1.0, 12, 0.019026, 0.167180, 0.055599, 0.024745, 0.031787, 0.070738, 0.083758, 0.083711, 0.063297, 0.051849, 0.039319, 1.658716, 0.010785, 0.000928, 0.002090, 0.021266, 0.237611, 0.043623, 0.073035, 0.006500, 0.073088, 0.221213, 0.049398, 0.097197, 0.203147, 0.051378, 0.059394, 1.693097, 2.566376, 0.033318, 0.045952, 0.045388, 0.295234, 1.918593, 0.012592, 0.006576, 0.061819, 0.130411, 0.201093, 0.042575, 0.046491, 0.061649, 0.061047, 0.061875, 0.046459, 0.011423, 0.067635, 0.039365, 0.166114, 0.042051, 0.023830, 0.012740, 0.058864, 0.058655, 0.011289, 0.253787, 0.083656, 0.083650, 0.007432, , , 0.001159, 0.002400, 0.003702
catalyst, 0.5, 1.0, 8, 0.026577, 0.249657, 0.081847, 0.036540, 0.046695, 0.104130, 0.119562, 0.119843, 0.083316, 0.072824, 0.054677, 1.587798, 0.016489, 0.001125, 0.002599, 0.032339, 0.210860, 0.063832, 0.105041, 0.008896, 0.105347, 0.187611, 0.073127, 0.160179, 0.272452, 0.077475, 0.097469, 2.539193, 3.849145, 0.049018, 0.065732, 0.065020, 0.428874, 2.875839, 0.016692, 0.007469, 0.089651, 0.188670, 0.290998, 0.063157, 0.067815, 0.088806, 0.086165, 0.088732, 0.068026, 0.017279, 0.101438, 0.063955, 0.296915, 0.062690, 0.018029, 0.010099, 0.087591, 0.087485, 0.017046, 0.380326, 0.125375, 0.126073, 0.011047, , , 0.001507, 0.003541, 0.005513
catalyst, 0.5, 1.0, 4, 0.051201, 0.489421, 0.160588, 0.070264, 0.089807, 0.294826, 0.226366, 0.228496, 0.155992, 0.207373, 0.099872, 1.578035, 0.031213, 0.001597, 0.004539, 0.062374, 0.415743, 0.141339, 0.209545, 0.017056, 0.210896, 0.299853, 0.153039, 0.300298, 0.496568, 0.154148, 0.251779, 5.027984, 7.635624, 0.085721, 0.124020, 0.128406, 0.812604, 5.670153, 0.028115, 0.012076, 0.173270, 0.360526, 0.577982, 0.123323, 0.147698, 0.170571, 0.166033, 0.171484, 0.146515, 0.035368, 0.199323, 0.127308, 0.519779, 0.122088, 0.013994, 0.007673, 0.171088, 0.171195, 0.032053, 0.749415, 0.322477, 0.249664, 0.020671, , , 0.002324, 0.005797, 0.009475
ec2-c5n, 0.5, 1.0, 72, 0.007729, 0.049400, 0.009098, 0.006774, 0.009169, 0.016491, 0.056529, 0.044013, 0.026159, 0.012194, 0.020879, 1.999266, 0.001890, 0.002760, 0.002942, 0.003212, 0.054806, 0.014813, 0.030058, 0.006024, 0.029627, 0.124997, 0.019582, 0.019282, 0.055816, 0.003092, 0.017488, 0.225981, 0.347971, 0.006134, 0.016954, 0.020356, 0.119867, 0.274055, 0.005787, 0.004222, 0.022536, 0.049820, 0.078160, 0.007014, 0.014967, 0.026312, 0.033882, 0.025344, 0.015203, 0.004221, 0.012327, 0.010303, 0.022392, 0.012397, 0.073800, 0.161419, 0.010557, 0.010424, 0.003734, 0.068215, 0.020653, 0.019784, 0.002551, , , 0.000974, 0.001448, 0.001598
ec2-c5n, 0.5, 1.0, 36, 0.007959, 0.091965, 0.015241, 0.011228, 0.013720, 0.027329, 0.077027, 0.052193, 0.047100, 0.019221, 0.022828, 1.874180, 0.002478, 0.001904, 0.001833, 0.005091, 0.078480, 0.022486, 0.030885, 0.003952, 0.032005, 0.119421, 0.028772, 0.030855, 0.075517, 0.005222, 0.043299, 0.428981, 0.658433, 0.009658, 0.013636, 0.025512, 0.129463, 0.523923, 0.005754, 0.002466, 0.032036, 0.056395, 0.103793, 0.011851, 0.026478, 0.026572, 0.032583, 0.026461, 0.026801, 0.007463, 0.022716, 0.020117, 0.032599, 0.022444, 0.046394, 0.059473, 0.020113, 0.020117, 0.006629, 0.134918, 0.040538, 0.038023, 0.003344, , , 0.000909, 0.001299, 0.001571
ec2-c5n, 0.5, 1.0, 32, 0.008069, 0.102598, 0.016587, 0.012689, 0.014876, 0.030079, 0.083193, 0.055434, 0.046141, 0.021097, 0.025519, 1.744466, 0.002854, 0.001701, 0.001651, 0.005515, 0.077950, 0.024373, 0.032404, 0.003874, 0.033946, 0.094801, 0.033533, 0.036691, 0.085319, 0.005781, 0.047448, 0.505221, 0.766377, 0.010942, 0.017898, 0.028544, 0.137832, 0.598892, 0.006540, 0.005564, 0.034540, 0.062050, 0.111640, 0.013359, 0.033189, 0.027343, 0.033439, 0.027341, 0.032469, 0.008262, 0.026042, 0.022777, 0.038673, 0.025044, 0.045043, 0.051188, 0.022858, 0.022868, 0.007408, 0.151443, 0.046224, 0.042416, 0.003426, , , 0.000920, 0.001262, 0.001581
ec2-c5n, 0.5, 1.0, 18, 0.007408, 0.086637, 0.015834, 0.015841, 0.016657, 0.027487, 0.069708, 0.050174, 0.047508, 0.018597, 0.023554, 1.461385, 0.002706, 0.001447, 0.001492, 0.004802, 0.082662, 0.022049, 0.026406, 0.004502, 0.026992, 0.118549, 0.026373, 0.031854, 0.076724, 0.005835, 0.040430, 0.223651, 0.343076, 0.015213, 0.011341, 0.021710, 0.119738, 0.296917, 0.005822, 0.007159, 0.029828, 0.052703, 0.087309, 0.006745, 0.024783, 0.023959, 0.042263, 0.021802, 0.024353, 0.007529, 0.024897, 0.020445, 0.035769, 0.020197, 0.027826, 0.025245, 0.030141, 0.030136, 0.006191, 0.121310, 0.040582, 0.037564, 0.004612, , , 0.001132, 0.001120, 0.001493
ec2-c5n, 0.5, 1.0, 16, 0.007329, 0.097081, 0.016950, 0.017664, 0.018628, 0.028749, 0.076581, 0.054517, 0.047486, 0.020454, 0.026197, 1.363130, 0.002815, 0.001450, 0.001496, 0.005334, 0.078312, 0.024419, 0.028746, 0.004670, 0.030032, 0.112238, 0.032146, 0.037790, 0.087604, 0.006410, 0.044801, 0.238770, 0.370850, 0.017424, 0.012874, 0.024979, 0.136041, 0.327429, 0.006142, 0.006196, 0.032808, 0.058703, 0.098420, 0.009035, 0.031085, 0.024972, 0.045421, 0.024390, 0.031140, 0.008382, 0.027936, 0.023612, 0.042215, 0.022627, 0.025384, 0.017754, 0.033321, 0.033321, 0.006912, 0.136348, 0.045664, 0.042253, 0.004914, , , 0.001222, 0.001067, 0.001540
ec2-c5n, 0.5, 1.0, 8, 0.021213, 0.192901, 0.035481, 0.034683, 0.035516, 0.088327, 0.141259, 0.096633, 0.082593, 0.061996, 0.045527, 1.159665, 0.004469, 0.001327, 0.002197, 0.009426, 0.152980, 0.056548, 0.084733, 0.007607, 0.084775, 0.108195, 0.068378, 0.088306, 0.182961, 0.013218, 0.104477, 0.489728, 0.752273, 0.027903, 0.014990, 0.052752, 0.320483, 0.662622, 0.004243, 0.005361, 0.053923, 0.137069, 0.198611, 0.014769, 0.068010, 0.075962, 0.084512, 0.076002, 0.067985, 0.018500, 0.055740, 0.050396, 0.110428, 0.044401, 0.010148, 0.005210, 0.065451, 0.064983, 0.013547, 0.271410, 0.120940, 0.084938, 0.009401, , , 0.001908, 0.001486, 0.004223
ec2-c5n, 0.5, 1.0, 4, 0.040542, 0.384125, 0.068903, 0.068875, 0.070754, 0.153125, 0.278673, 0.190141, 0.164847, 0.107205, 0.086230, 1.197446, 0.008758, 0.002422, 0.004347, 0.018615, 0.212637, 0.112347, 0.164476, 0.014876, 0.164607, 0.214922, 0.140660, 0.143496, 0.304361, 0.026091, 0.202611, 0.963802, 1.489526, 0.055683, 0.030766, 0.110591, 0.587876, 1.315034, 0.007821, 0.010355, 0.104628, 0.268609, 0.398231, 0.030549, 0.139001, 0.146933, 0.163715, 0.147271, 0.139599, 0.038508, 0.110232, 0.098786, 0.206032, 0.088644, 0.010574, 0.007812, 0.128938, 0.128929, 0.027150, 0.542283, 0.235806, 0.168577, 0.018960, , , 0.003743, 0.004067, 0.008307
ec2-c6a, 0.5, 1.0, 192, 0.009913, 0.012735, 0.006493, 0.003826, 0.007474, 0.012894, 0.050278, 0.047481, 0.014690, 0.009399, 0.020586, 7.752036, 0.002344, 0.007821, 0.007802, 0.003521, 0.016363, 0.012504, 0.038323, 0.015608, 0.038273, 0.114678, 0.021954, 0.013310, 0.029914, 0.002388, 0.022077, 0.036140, 0.051693, 0.006427, 0.005700, 0.027597, 0.187882, 0.044996, 0.008957, 0.003125, 0.027085, 0.069386, 0.101993, 0.003225, 0.019436, 0.034237, 0.058524, 0.033566, 0.020289, 0.003060, 0.006314, 0.004704, 0.012391, 0.006278, 0.132979, 0.473187, 0.005331, 0.005456, 0.002250, 0.021191, 0.018597, 0.008285, 0.002992, , , 0.001866, 0.002139, 0.002488
ec2-c6a, 0.5, 1.0, 96, 0.007041, 0.013838, 0.007791, 0.004815, 0.007035, 0.018098, 0.039259, 0.033884, 0.014056, 0.013111, 0.015103, 4.999182, 0.002021, 0.003144, 0.003237, 0.003734, 0.019065, 0.014028, 0.026957, 0.006259, 0.030693, 0.106671, 0.019616, 0.013306, 0.026150, 0.002650, 0.025473, 0.045963, 0.072375, 0.009929, 0.004215, 0.020004, 0.132876, 0.072842, 0.008438, 0.002298, 0.057634, 0.046858, 0.077042, 0.002708, 0.017239, 0.023846, 0.032506, 0.023661, 0.017920, 0.003464, 0.008787, 0.006166, 0.017950, 0.006926, 0.072873, 0.093247, 0.006378, 0.006434, 0.002618, 0.048116, 0.026647, 0.012473, 0.002499, , , 0.001113, 0.001429, 0.001854
ec2-c6a, 0.5, 1.0, 48, 0.004764, 0.016001, 0.007012, 0.005139, 0.006222, 0.015814, 0.026284, 0.023014, 0.014819, 0.011402, 0.010838, 1.569550, 0.001952, 0.001604, 0.001752, 0.003287, 0.015676, 0.011809, 0.017913, 0.003043, 0.018341, 0.108702, 0.015181, 0.012511, 0.023763, 0.002687, 0.020332, 0.032428, 0.047330, 0.009148, 0.002850, 0.012665, 0.092620, 0.036841, 0.007919, 0.001780, 0.039434, 0.028924, 0.050258, 0.002042, 0.012520, 0.015240, 0.022615, 0.015723, 0.012745, 0.003220, 0.008950, 0.006247, 0.017000, 0.006481, 0.037954, 0.026451, 0.007886, 0.007892, 0.002422, 0.021224, 0.023415, 0.012449, 0.002378, , , 0.000870, 0.001014, 0.001384
ec2-c6a, 0.5, 1.0, 32, 0.005013, 0.021809, 0.009359, 0.007323, 0.008728, 0.018681, 0.029828, 0.024924, 0.014738, 0.014608, 0.012345, 1.421137, 0.001987, 0.001276, 0.001651, 0.004062, 0.020038, 0.020112, 0.022523, 0.002481, 0.019847, 0.118994, 0.022498, 0.017189, 0.029067, 0.003258, 0.031778, 0.046312, 0.068898, 0.010992, 0.002989, 0.018360, 0.088889, 0.053849, 0.006170, 0.001812, 0.025832, 0.032907, 0.051315, 0.002494, 0.021590, 0.015880, 0.022362, 0.016090, 0.022108, 0.003895, 0.012057, 0.008406, 0.023001, 0.008792, 0.025328, 0.019092, 0.010996, 0.011006, 0.003073, 0.030640, 0.030122, 0.017315, 0.002708, , , 0.000864, 0.000925, 0.001463
ec2-c6a, 0.5, 1.0, 16, 0.012750, 0.039840, 0.016838, 0.014942, 0.017062, 0.022071, 0.048220, 0.037976, 0.028664, 0.019076, 0.018545, 1.350980, 0.002507, 0.001014, 0.002805, 0.006783, 0.035096, 0.025163, 0.035360, 0.002589, 0.034752, 0.111102, 0.029233, 0.027810, 0.034297, 0.005270, 0.031586, 0.089958, 0.133735, 0.014587, 0.004561, 0.025705, 0.115664, 0.104520, 0.004496, 0.004411, 0.029149, 0.053385, 0.082533, 0.003724, 0.025336, 0.031330, 0.035206, 0.032026, 0.022729, 0.006286, 0.022338, 0.014941, 0.030924, 0.016251, 0.012777, 0.008727, 0.021069, 0.021097, 0.005239, 0.059193, 0.034309, 0.032702, 0.005216, , , 0.001005, 0.000998, 0.003619
ec2-c6a, 0.5, 1.0, 8, 0.012662, 0.074486, 0.031271, 0.029415, 0.033910, 0.026268, 0.087892, 0.068469, 0.055171, 0.018222, 0.031491, 1.330960, 0.004280, 0.001503, 0.003100, 0.012120, 0.089591, 0.039969, 0.041861, 0.003757, 0.036742, 0.180791, 0.029528, 0.052254, 0.101532, 0.009305, 0.032088, 0.173106, 0.256548, 0.026299, 0.007274, 0.026365, 0.168288, 0.201633, 0.004221, 0.005378, 0.046716, 0.071777, 0.134929, 0.006583, 0.028361, 0.036507, 0.055040, 0.030909, 0.027300, 0.010797, 0.042268, 0.030648, 0.047076, 0.030598, 0.009113, 0.006890, 0.040125, 0.040096, 0.009423, 0.113966, 0.038658, 0.062362, 0.007870, , , 0.001741, 0.002970, 0.004450
ec2-c6a, 0.5, 1.0, 4, 0.015810, 0.146997, 0.061735, 0.056049, 0.060585, 0.082716, 0.169798, 0.131445, 0.110350, 0.061092, 0.059858, 1.040607, 0.007817, 0.001836, 0.004890, 0.023094, 0.238316, 0.066157, 0.071937, 0.006958, 0.059712, 0.084333, 0.044079, 0.134235, 0.316852, 0.018009, 0.068379, 0.344831, 0.513837, 0.050019, 0.014045, 0.048281, 0.297859, 0.400797, 0.003935, 0.007541, 0.080014, 0.133473, 0.246980, 0.012436, 0.039703, 0.063360, 0.103197, 0.045573, 0.040118, 0.023676, 0.084232, 0.079031, 0.166877, 0.060750, 0.005238, 0.003974, 0.079802, 0.079928, 0.018758, 0.225857, 0.118156, 0.124373, 0.012940, , , 0.002844, 0.003504, 0.004662
ec2-c6i, 0.5, 1.0, 128, 0.006992, 0.030984, 0.005529, 0.004237, 0.006983, 0.009494, 0.039625, 0.039157, 0.017124, 0.006802, 0.017061, 1.573746, 0.001934, 0.003493, 0.003041, 0.002384, 0.009529, 0.010695, 0.027049, 0.006159, 0.027082, 0.106326, 0.014890, 0.007687, 0.016509, 0.001973, 0.014745, 0.078732, 0.118990, 0.004279, 0.004847, 0.018756, 0.109148, 0.106583, 0.003190, 0.001911, 0.021420, 0.046396, 0.064886, 0.003209, 0.014059, 0.024300, 0.032744, 0.024228, 0.014088, 0.002468, 0.007512, 0.005554, 0.006941, 0.006895, 0.099397, 0.136703, 0.006570, 0.006572, 0.002202, 0.039892, 0.013465, 0.010590, 0.002215, , , 0.000909, 0.001341, 0.001405
ec2-c6i, 0.5, 1.0, 64, 0.005521, 0.052805, 0.007707, 0.006259, 0.008410, 0.013227, 0.038170, 0.037624, 0.017519, 0.009510, 0.016871, 1.408482, 0.002182, 0.001841, 0.001671, 0.003438, 0.023551, 0.012737, 0.021513, 0.003475, 0.021270, 0.099094, 0.013065, 0.015967, 0.040524, 0.002812, 0.012890, 0.162173, 0.239102, 0.005765, 0.006032, 0.016241, 0.088353, 0.219207, 0.002873, 0.001702, 0.028382, 0.041233, 0.073376, 0.004983, 0.011557, 0.019273, 0.023961, 0.019044, 0.011495, 0.003838, 0.012367, 0.009816, 0.022745, 0.011009, 0.053397, 0.055677, 0.012261, 0.012262, 0.003427, 0.078021, 0.015521, 0.019223, 0.002311, , , 0.000672, 0.000949, 0.001061
ec2-c6i, 0.5, 1.0, 32, 0.004153, 0.046513, 0.007246, 0.008607, 0.009828, 0.015935, 0.031577, 0.031087, 0.018534, 0.007762, 0.013739, 1.164780, 0.001688, 0.001320, 0.001160, 0.003031, 0.022530, 0.011390, 0.016430, 0.003003, 0.016497, 0.096782, 0.010596, 0.016004, 0.039490, 0.002779, 0.010962, 0.048335, 0.075793, 0.008217, 0.002982, 0.012652, 0.075090, 0.123845, 0.002897, 0.003179, 0.017782, 0.031310, 0.057385, 0.002196, 0.008716, 0.014863, 0.026017, 0.013495, 0.008716, 0.003549, 0.014018, 0.012871, 0.021279, 0.008227, 0.034958, 0.029648, 0.014277, 0.014287, 0.002900, 0.069936, 0.012531, 0.018990, 0.002709, , , 0.000749, 0.000706, 0.000797
ec2-c6i, 0.5, 1.0, 16, 0.005253, 0.090064, 0.015134, 0.015592, 0.016585, 0.045615, 0.047911, 0.047290, 0.033444, 0.031929, 0.020151, 1.100992, 0.002078, 0.000784, 0.001074, 0.004697, 0.053365, 0.034738, 0.020685, 0.003943, 0.020972, 0.073220, 0.028635, 0.033889, 0.071216, 0.004733, 0.062996, 0.096965, 0.151856, 0.012711, 0.004022, 0.017060, 0.103324, 0.130506, 0.001752, 0.002254, 0.022342, 0.042938, 0.085116, 0.003617, 0.027165, 0.018707, 0.038552, 0.016300, 0.024700, 0.006764, 0.023354, 0.017581, 0.052878, 0.015413, 0.012342, 0.008067, 0.027423, 0.027424, 0.005422, 0.139316, 0.062162, 0.037199, 0.004477, , , 0.000973, 0.000640, 0.000778
ec2-c6i, 0.5, 1.0, 8, 0.029932, 0.180466, 0.024943, 0.032268, 0.033609, 0.081553, 0.091369, 0.091130, 0.065743, 0.056914, 0.036214, 1.103619, 0.003900, 0.001180, 0.002688, 0.009127, 0.075614, 0.064514, 0.122485, 0.007323, 0.122508, 0.114452, 0.093214, 0.061776, 0.131913, 0.009408, 0.126595, 0.196226, 0.301436, 0.025046, 0.008128, 0.067976, 0.380507, 0.245967, 0.002882, 0.006836, 0.045505, 0.191869, 0.227284, 0.007459, 0.094897, 0.109854, 0.120707, 0.109549, 0.094750, 0.013350, 0.046572, 0.035878, 0.084985, 0.033085, 0.008120, 0.004722, 0.053907, 0.053906, 0.010747, 0.278574, 0.130938, 0.074258, 0.009169, , , 0.001840, 0.001093, 0.006088
ec2-c6i, 0.5, 1.0, 4, 0.033621, 0.360570, 0.049963, 0.062050, 0.065999, 0.092883, 0.180248, 0.179161, 0.131007, 0.064691, 0.068918, 1.141506, 0.007608, 0.002126, 0.003731, 0.018063, 0.123672, 0.076114, 0.133892, 0.014403, 0.134139, 0.146293, 0.100382, 0.117677, 0.222973, 0.018855, 0.136353, 0.411667, 0.631114, 0.050044, 0.017184, 0.076751, 0.536284, 0.729504, 0.004642, 0.008771, 0.083737, 0.224049, 0.312362, 0.016043, 0.099735, 0.121017, 0.144331, 0.120396, 0.099639, 0.026699, 0.093019, 0.071489, 0.144538, 0.060956, 0.006756, 0.005880, 0.107689, 0.107656, 0.021496, 0.556951, 0.147794, 0.148384, 0.017652, , , 0.003616, 0.003511, 0.006727
mammoth, 0.5, 1.0, 256, 0.029465, 0.033415, 0.012198, 0.008272, 0.020317, 0.030976, 0.128778, 0.128723, 0.020058, 0.021466, 0.049328, 1.590795, 0.003199, 0.006180, 0.007724, 0.004047, 0.015527, 0.031294, 0.113734, 0.013280, 0.110663, 0.152902, 0.058453, 0.013618, 0.028039, 0.004602, 0.059746, 0.029941, 0.046658, 0.009039, 0.013895, 0.073854, 0.490284, 0.042341, 0.010921, 0.008181, 0.084610, 0.171486, 0.251321, 0.007085, 0.056055, 0.098695, 0.123885, 0.100313, 0.058159, 0.010841, 0.010593, 0.011175, 0.015886, 0.013204, 0.315301, 0.173960, 0.008777, 0.008703, 0.008170, 0.015655, 0.043568, 0.017273, 0.008096, , , 0.003653, 0.006843, 0.006796
mammoth, 0.5, 1.0, 128, 0.017380, 0.026548, 0.008947, 0.006720, 0.013955, 0.020169, 0.080338, 0.076057, 0.014507, 0.013873, 0.030515, 1.484593, 0.002402, 0.003399, 0.004154, 0.003498, 0.014217, 0.020961, 0.065387, 0.007369, 0.064594, 0.154237, 0.034987, 0.013542, 0.020435, 0.003931, 0.036568, 0.040033, 0.064865, 0.006949, 0.008942, 0.046556, 0.283982, 0.057535, 0.008792, 0.005222, 0.064994, 0.102155, 0.164479, 0.004987, 0.034260, 0.054351, 0.067082, 0.055792, 0.033288, 0.006208, 0.010457, 0.009503, 0.015932, 0.010844, 0.176557, 0.093530, 0.008410, 0.008806, 0.005176, 0.022041, 0.030134, 0.016748, 0.005555, , , 0.002201, 0.003460, 0.004417
mammoth, 0.5, 1.0, 64, 0.008234, 0.027749, 0.005709, 0.006128, 0.008972, 0.010961, 0.039586, 0.034052, 0.011769, 0.007929, 0.013783, 1.127132, 0.001396, 0.001647, 0.002480, 0.002640, 0.010025, 0.010834, 0.028108, 0.003990, 0.028187, 0.165226, 0.015718, 0.010197, 0.012901, 0.002894, 0.018343, 0.031415, 0.047693, 0.006801, 0.004496, 0.020070, 0.126573, 0.035325, 0.006627, 0.002779, 0.036285, 0.042616, 0.073047, 0.002784, 0.015480, 0.025769, 0.032319, 0.025732, 0.015726, 0.004252, 0.007368, 0.006614, 0.012607, 0.006579, 0.085364, 0.046649, 0.008481, 0.008369, 0.003447, 0.035757, 0.020783, 0.012477, 0.003724, , , 0.001303, 0.001814, 0.002445
mammoth, 0.5, 1.0, 32, 0.006096, 0.045422, 0.006819, 0.008990, 0.011382, 0.010644, 0.035794, 0.024053, 0.012656, 0.008779, 0.012405, 1.094953, 0.001630, 0.001011, 0.002002, 0.003654, 0.014717, 0.012026, 0.019642, 0.003010, 0.020680, 0.120332, 0.015111, 0.016640, 0.015479, 0.003003, 0.018037, 0.053587, 0.083503, 0.009256, 0.003718, 0.015648, 0.079396, 0.061342, 0.004406, 0.002459, 0.046448, 0.033456, 0.058263, 0.003022, 0.013744, 0.016849, 0.021976, 0.026335, 0.016594, 0.004219, 0.011948, 0.009447, 0.020082, 0.007625, 0.035709, 0.019048, 0.015206, 0.015150, 0.003759, 0.068099, 0.018731, 0.019099, 0.003433, , , 0.000854, 0.001146, 0.001575
mammoth, 0.5, 1.0, 16, 0.007338, 0.086225, 0.010962, 0.016503, 0.019996, 0.014299, 0.055710, 0.032290, 0.017687, 0.011191, 0.018298, 1.017239, 0.002747, 0.000860, 0.003360, 0.006979, 0.026151, 0.013909, 0.025131, 0.003366, 0.035046, 0.107918, 0.016547, 0.027975, 0.020557, 0.004391, 0.019088, 0.098025, 0.150003, 0.015368, 0.004793, 0.016306, 0.096934, 0.110062, 0.004973, 0.003191, 0.035893, 0.038002, 0.070623, 0.004619, 0.015531, 0.026693, 0.031687, 0.026876, 0.016771, 0.005408, 0.022231, 0.016046, 0.034433, 0.011122, 0.021856, 0.007773, 0.029017, 0.028995, 0.005309, 0.135194, 0.025672, 0.033583, 0.004838, , , 0.000881, 0.001080, 0.002579
mammoth, 0.5, 1.0, 8, 0.009694, 0.168760, 0.020541, 0.031837, 0.038407, 0.020861, 0.101623, 0.055199, 0.029464, 0.015039, 0.030589, 1.042106, 0.005111, 0.001265, 0.006313, 0.013891, 0.130788, 0.020840, 0.034112, 0.005092, 0.033726, 0.185221, 0.024165, 0.062980, 0.180049, 0.007468, 0.030541, 0.191582, 0.293172, 0.028923, 0.007464, 0.022094, 0.150800, 0.220152, 0.006871, 0.004369, 0.037565, 0.060074, 0.115156, 0.008360, 0.022522, 0.030095, 0.035816, 0.031074, 0.022437, 0.008656, 0.043057, 0.033634, 0.171390, 0.019895, 0.013993, 0.009619, 0.056775, 0.056500, 0.008871, 0.268952, 0.034896, 0.065587, 0.008212, , , 0.001288, 0.002173, 0.003413
mammoth, 0.5, 1.0, 4, 0.015935, 0.339269, 0.061722, 0.063121, 0.076176, 0.188326, 0.198423, 0.105582, 0.054786, 0.126163, 0.057302, 0.985175, 0.010121, 0.001133, 0.003309, 0.026814, 0.346715, 0.058299, 0.063258, 0.009195, 0.060167, 0.590552, 0.053107, 0.196720, 0.465006, 0.017700, 0.103143, 0.385292, 0.586633, 0.056979, 0.013538, 0.042548, 0.276572, 0.436302, 0.008535, 0.006824, 0.067043, 0.115638, 0.217277, 0.015766, 0.052482, 0.055142, 0.064385, 0.055085, 0.053087, 0.020581, 0.088347, 0.091021, 0.498563, 0.038359, 0.012206, 0.009896, 0.115101, 0.113998, 0.016586, 0.543131, 0.200372, 0.133787, 0.015058, , , 0.001943, 0.002784, 0.004382
poodle, 0.5, 1.0, 224, 0.010800, 0.026489, 0.007362, 0.003909, 0.008797, 0.011548, 0.054772, 0.054614, 0.005219, 0.008249, 0.020637, 17.878756, 0.003347, 0.013663, 0.015005, 0.003284, 0.008795, 0.011400, 0.042030, 0.030297, 0.041972, 0.083482, 0.021368, 0.005331, 0.010493, 0.001597, 0.021280, 0.051754, 0.075320, 0.004780, 0.006430, 0.032585, 0.176331, 0.072095, 0.006622, 0.002704, 0.037986, 0.081182, 0.106515, 0.003548, 0.021152, 0.038261, 0.092223, 0.038309, 0.021221, 0.003000, 0.005314, 0.004321, 0.006518, 0.007384, 0.157252, 1.206241, 0.005158, 0.005121, 0.002569, 0.028937, 0.016698, 0.006567, 0.003363, , , 0.002913, 0.002526, 0.002327
poodle, 0.5, 1.0, 112, 0.005506, 0.037462, 0.005804, 0.003790, 0.004706, 0.007836, 0.027318, 0.027102, 0.005655, 0.005686, 0.010236, 5.805838, 0.001160, 0.003769, 0.003895, 0.001617, 0.010896, 0.006896, 0.021017, 0.008699, 0.020958, 0.073857, 0.011315, 0.007694, 0.009057, 0.001358, 0.011249, 0.101110, 0.145939, 0.003753, 0.005305, 0.017616, 0.090992, 0.140488, 0.006059, 0.001478, 0.030408, 0.041396, 0.069962, 0.003973, 0.010753, 0.019064, 0.027566, 0.019299, 0.010887, 0.002541, 0.006438, 0.004802, 0.010012, 0.005178, 0.068710, 0.343562, 0.007267, 0.007295, 0.001992, 0.054213, 0.010736, 0.009152, 0.002154, , , 0.000893, 0.001191, 0.001262
poodle, 0.5, 1.0, 56, 0.003878, 0.031506, 0.005265, 0.004841, 0.003197, 0.008729, 0.018374, 0.017939, 0.006073, 0.006492, 0.007110, 1.984141, 0.000698, 0.001640, 0.001713, 0.001176, 0.010125, 0.005543, 0.014993, 0.004433, 0.015140, 0.062329, 0.008395, 0.007756, 0.006911, 0.001081, 0.008536, 0.031292, 0.049480, 0.005137, 0.002876, 0.010638, 0.060608, 0.038873, 0.005549, 0.001134, 0.025486, 0.024990, 0.042141, 0.001611, 0.007708, 0.013573, 0.015660, 0.013517, 0.007864, 0.002381, 0.005878, 0.005012, 0.009427, 0.004254, 0.045011, 0.116871, 0.007631, 0.007640, 0.001823, 0.046691, 0.011035, 0.008740, 0.001718, , , 0.000540, 0.000839, 0.000931
poodle, 0.5, 1.0, 32, 0.003263, 0.051912, 0.007318, 0.007798, 0.002910, 0.013417, 0.015335, 0.014333, 0.006440, 0.009817, 0.005938, 1.684048, 0.000733, 0.000746, 0.000849, 0.001516, 0.016747, 0.006531, 0.012800, 0.003482, 0.013071, 0.058146, 0.008286, 0.013211, 0.028402, 0.001358, 0.008460, 0.054316, 0.085912, 0.008620, 0.002559, 0.010244, 0.055091, 0.067785, 0.003731, 0.000883, 0.017958, 0.022100, 0.045929, 0.001754, 0.006865, 0.011293, 0.012916, 0.011341, 0.007079, 0.003089, 0.009126, 0.007933, 0.021781, 0.006337, 0.024316, 0.051732, 0.013210, 0.013208, 0.002247, 0.080840, 0.015358, 0.014039, 0.001841, , , 0.000368, 0.000647, 0.000714
poodle, 0.5, 1.0, 16, 0.004338, 0.101585, 0.013600, 0.015613, 0.004818, 0.028776, 0.020811, 0.019166, 0.010458, 0.022715, 0.007808, 1.372032, 0.001147, 0.000394, 0.000795, 0.002727, 0.066367, 0.012469, 0.017590, 0.004653, 0.017453, 0.061968, 0.014369, 0.029451, 0.082475, 0.003398, 0.020797, 0.110885, 0.174175, 0.013530, 0.003091, 0.011794, 0.074034, 0.138694, 0.002022, 0.001163, 0.020426, 0.031689, 0.062059, 0.002710, 0.011928, 0.015071, 0.016587, 0.015514, 0.012131, 0.005531, 0.017887, 0.015455, 0.061284, 0.011915, 0.011488, 0.009151, 0.025397, 0.025395, 0.003839, 0.160874, 0.046259, 0.027516, 0.003154, , , 0.000374, 0.000778, 0.000923
poodle, 0.5, 1.0, 8, 0.011296, 0.202951, 0.027372, 0.030708, 0.009596, 0.063893, 0.028875, 0.028835, 0.018526, 0.044491, 0.013335, 1.255062, 0.002167, 0.000444, 0.001183, 0.005309, 0.195451, 0.037190, 0.041669, 0.008602, 0.044368, 0.093388, 0.049806, 0.110774, 0.210848, 0.006169, 0.074364, 0.201416, 0.329684, 0.026515, 0.005778, 0.034382, 0.179192, 0.255303, 0.002821, 0.002494, 0.038611, 0.072066, 0.122653, 0.005270, 0.048105, 0.036985, 0.032050, 0.036807, 0.048093, 0.010843, 0.035675, 0.035814, 0.202513, 0.022193, 0.007963, 0.004675, 0.049867, 0.050030, 0.007470, 0.321760, 0.096673, 0.054562, 0.006048, , , 0.000562, 0.001251, 0.002168
poodle, 0.5, 1.0, 4, 0.038289, 0.407451, 0.053797, 0.064343, 0.021702, 0.168148, 0.064959, 0.064928, 0.036040, 0.117650, 0.029292, 1.247632, 0.004249, 0.000562, 0.003255, 0.010512, 0.297666, 0.077356, 0.134620, 0.016926, 0.142217, 0.180100, 0.104021, 0.168199, 0.294081, 0.013682, 0.151370, 0.402108, 0.611772, 0.052868, 0.012462, 0.079159, 0.518337, 0.486134, 0.004895, 0.007765, 0.078192, 0.226591, 0.303900, 0.011336, 0.102501, 0.121791, 0.125340, 0.121221, 0.102662, 0.022353, 0.070907, 0.074743, 0.291279, 0.042347, 0.007832, 0.006577, 0.099630, 0.099653, 0.014929, 0.643291, 0.190754, 0.109406, 0.012952, , , 0.001042, 0.002643, 0.006757
quartz, 0.5, 1.0, 72, 0.019393, 0.066299, 0.018611, 0.009180, 0.014132, 0.030723, 0.055337, 0.054382, 0.016786, 0.022073, 0.025657, 2.533600, 0.002299, 0.003040, 0.003217, 0.004353, 0.066621, 0.021396, 0.071990, 0.006915, 0.072298, 0.204533, 0.034451, 0.023442, 0.047925, 0.004580, 0.039527, 0.106114, 0.180357, 0.008508, 0.007492, 0.037260, 0.222831, 0.154789, 0.006728, 0.004425, 0.034825, 0.094723, 0.117162, 0.005290, 0.034249, 0.064488, 0.056635, 0.054380, 0.034078, 0.004086, 0.017770, 0.011771, 0.060180, 0.010043, 0.095423, 0.103494, 0.017603, 0.017532, 0.004023, 0.094889, 0.040918, 0.024339, 0.005018, , , 0.001289, 0.002178, 0.004759
quartz, 0.5, 1.0, 36, 0.022308, 0.122408, 0.032651, 0.012980, 0.018742, 0.040119, 0.067417, 0.067292, 0.029354, 0.028748, 0.029707, 2.206645, 0.003120, 0.001606, 0.002638, 0.007313, 0.073564, 0.025439, 0.070220, 0.005105, 0.070267, 0.198810, 0.039196, 0.039734, 0.059641, 0.006507, 0.046985, 0.205024, 0.345521, 0.013129, 0.011717, 0.036504, 0.250334, 0.285079, 0.006226, 0.005132, 0.059531, 0.099357, 0.146073, 0.008199, 0.039232, 0.068196, 0.061537, 0.064066, 0.039136, 0.006181, 0.032395, 0.020501, 0.075992, 0.016491, 0.057606, 0.048079, 0.033940, 0.033918, 0.005866, 0.185191, 0.050887, 0.045740, 0.007869, , , 0.001353, 0.003334, 0.004572
quartz, 0.5, 1.0, 32, 0.022703, 0.136387, 0.036128, 0.014712, 0.021762, 0.042970, 0.069229, 0.068188, 0.029953, 0.031052, 0.032185, 2.531318, 0.003310, 0.001177, 0.002584, 0.007979, 0.087753, 0.026560, 0.077965, 0.004390, 0.078050, 0.127830, 0.041240, 0.045210, 0.078004, 0.006954, 0.049431, 0.232941, 0.373672, 0.014298, 0.011796, 0.038427, 0.264459, 0.310775, 0.006094, 0.005726, 0.065906, 0.107533, 0.157482, 0.008218, 0.041163, 0.070082, 0.061871, 0.071022, 0.041166, 0.006640, 0.035931, 0.022797, 0.094875, 0.017929, 0.049830, 0.046068, 0.038615, 0.038533, 0.006564, 0.211244, 0.053783, 0.050776, 0.007949, , , 0.001305, 0.003274, 0.005034
quartz, 0.5, 1.0, 18, 0.019062, 0.107523, 0.032639, 0.018803, 0.025479, 0.057112, 0.063187, 0.064653, 0.027877, 0.040573, 0.028959, 1.212183, 0.002888, 0.000971, 0.002863, 0.007073, 0.067309, 0.026975, 0.061053, 0.005325, 0.066495, 0.198759, 0.037390, 0.044114, 0.059319, 0.008330, 0.045174, 0.154302, 0.234270, 0.019831, 0.007923, 0.032357, 0.227953, 0.174108, 0.005464, 0.004595, 0.050628, 0.097954, 0.133298, 0.006539, 0.037485, 0.064807, 0.057287, 0.065439, 0.037265, 0.006987, 0.032390, 0.023093, 0.083765, 0.019088, 0.035281, 0.032621, 0.050513, 0.050399, 0.006160, 0.167157, 0.058594, 0.047843, 0.007780, , , 0.001241, 0.003110, 0.004371
quartz, 0.5, 1.0, 16, 0.022427, 0.121512, 0.035988, 0.020201, 0.028159, 0.041627, 0.068322, 0.070248, 0.032590, 0.029976, 0.032710, 1.282696, 0.003132, 0.000956, 0.002846, 0.007849, 0.082100, 0.028123, 0.077121, 0.005837, 0.077366, 0.178277, 0.040640, 0.050286, 0.082601, 0.007734, 0.049504, 0.171401, 0.262545, 0.022123, 0.008988, 0.038722, 0.258382, 0.194480, 0.006011, 0.004504, 0.052005, 0.107543, 0.146788, 0.007064, 0.041150, 0.069294, 0.062488, 0.070230, 0.040451, 0.007491, 0.036309, 0.025502, 0.100086, 0.021225, 0.033222, 0.015668, 0.056326, 0.056033, 0.006756, 0.188011, 0.054236, 0.053778, 0.009022, , , 0.001304, 0.003290, 0.004562
quartz, 0.5, 1.0, 8, 0.025410, 0.236926, 0.069739, 0.035762, 0.044704, 0.078913, 0.108972, 0.116516, 0.051389, 0.055292, 0.053267, 1.617231, 0.005581, 0.000737, 0.002411, 0.014921, 0.294929, 0.046804, 0.102443, 0.009314, 0.102629, 0.122860, 0.067419, 0.148173, 0.301846, 0.013708, 0.085336, 0.338424, 0.520377, 0.035180, 0.011931, 0.055149, 0.414874, 0.382061, 0.003924, 0.004678, 0.072225, 0.168135, 0.249559, 0.010896, 0.067303, 0.087302, 0.071977, 0.091458, 0.066986, 0.012815, 0.072835, 0.061677, 0.285339, 0.039815, 0.013050, 0.006065, 0.109400, 0.110674, 0.011452, 0.373500, 0.105670, 0.106100, 0.011344, , , 0.001109, 0.003268, 0.004867
quartz, 0.5, 1.0, 4, 0.047351, 0.451709, 0.131483, 0.068853, 0.085332, 0.153217, 0.204060, 0.217389, 0.093622, 0.106269, 0.095790, 1.430780, 0.010601, 0.001244, 0.004431, 0.028470, 0.381615, 0.090073, 0.189853, 0.017801, 0.190441, 0.233763, 0.125606, 0.236770, 0.433193, 0.026059, 0.161563, 0.642120, 0.979205, 0.067157, 0.022105, 0.102110, 0.773223, 0.720781, 0.006802, 0.008656, 0.135680, 0.311503, 0.454933, 0.020225, 0.125885, 0.166534, 0.132389, 0.169347, 0.124553, 0.024218, 0.139822, 0.116033, 0.462566, 0.074916, 0.013485, 0.008767, 0.208956, 0.206592, 0.021223, 0.714210, 0.199227, 0.202468, 0.021468, , , 0.001963, 0.006231, 0.009343
ruby, 0.5, 1.0, 112, 0.011725, 0.043972, 0.008748, 0.006523, 0.011087, 0.015240, 0.056482, 0.056184, 0.015676, 0.010988, 0.023484, 2.827657, 0.002010, 0.005873, 0.006203, 0.002588, 0.018836, 0.013812, 0.045137, 0.012160, 0.044795, 0.190762, 0.023689, 0.015192, 0.031567, 0.006541, 0.023459, 0.185942, 0.246110, 0.007524, 0.019641, 0.031175, 0.187010, 0.210144, 0.007905, 0.005396, 0.033559, 0.073524, 0.102384, 0.006692, 0.023011, 0.038008, 0.054592, 0.039794, 0.022753, 0.002973, 0.010325, 0.007134, 0.027723, 0.008861, 0.145992, 0.355150, 0.009414, 0.010131, 0.003431, 0.052883, 0.020461, 0.013867, 0.003919, , , 0.001568, 0.002321, 0.002436
ruby, 0.5, 1.0, 56, 0.007256, 0.058117, 0.009520, 0.006727, 0.009560, 0.022749, 0.030204, 0.030137, 0.020961, 0.015745, 0.013826, 1.878172, 0.001421, 0.002163, 0.002356, 0.002378, 0.022788, 0.013572, 0.027332, 0.005162, 0.027940, 0.173947, 0.016437, 0.022876, 0.043311, 0.009501, 0.024850, 0.261312, 0.407557, 0.007000, 0.011510, 0.018318, 0.117927, 0.309381, 0.005879, 0.002304, 0.030565, 0.046103, 0.075289, 0.008928, 0.016035, 0.022671, 0.031086, 0.023237, 0.016104, 0.003007, 0.014079, 0.009018, 0.040983, 0.010385, 0.066465, 0.092652, 0.012285, 0.013455, 0.002981, 0.082938, 0.029031, 0.019966, 0.003025, , , 0.000927, 0.001318, 0.001515
ruby, 0.5, 1.0, 32, 0.007608, 0.092872, 0.013618, 0.009982, 0.012990, 0.028902, 0.024693, 0.024904, 0.018724, 0.020994, 0.013928, 1.465408, 0.001420, 0.001172, 0.001446, 0.002885, 0.033454, 0.022670, 0.030186, 0.003777, 0.030077, 0.111368, 0.030734, 0.036875, 0.060378, 0.015110, 0.044986, 0.472338, 0.711285, 0.009169, 0.023571, 0.024309, 0.125006, 0.551890, 0.008556, 0.005415, 0.026315, 0.054397, 0.094536, 0.014853, 0.031647, 0.023977, 0.028381, 0.023906, 0.030291, 0.004161, 0.021668, 0.014668, 0.069724, 0.016358, 0.041843, 0.052464, 0.020769, 0.022664, 0.004220, 0.142676, 0.047061, 0.032045, 0.003525, , , 0.000701, 0.001062, 0.001592
ruby, 0.5, 1.0, 28, 0.005216, 0.053897, 0.008485, 0.008996, 0.010926, 0.021654, 0.020012, 0.020065, 0.017725, 0.015413, 0.009016, 1.446419, 0.001129, 0.001050, 0.001383, 0.001957, 0.022711, 0.012726, 0.019290, 0.003796, 0.019450, 0.170775, 0.012990, 0.020661, 0.040291, 0.009997, 0.021370, 0.120065, 0.205405, 0.010008, 0.017851, 0.012758, 0.085001, 0.178025, 0.007527, 0.008268, 0.021038, 0.034268, 0.057073, 0.004198, 0.012822, 0.014624, 0.021247, 0.015736, 0.012874, 0.003036, 0.013893, 0.009104, 0.041616, 0.009079, 0.035172, 0.052427, 0.017574, 0.017273, 0.002831, 0.074288, 0.026438, 0.020730, 0.003516, , , 0.000688, 0.000861, 0.001117
ruby, 0.5, 1.0, 16, 0.005720, 0.091638, 0.013944, 0.014695, 0.017285, 0.038789, 0.019478, 0.018231, 0.022427, 0.027033, 0.010870, 1.237321, 0.001294, 0.000615, 0.000874, 0.002962, 0.066127, 0.030642, 0.024173, 0.003957, 0.025371, 0.117869, 0.039955, 0.046538, 0.085299, 0.017867, 0.060273, 0.223040, 0.344719, 0.016117, 0.010740, 0.026441, 0.116297, 0.323226, 0.005191, 0.005311, 0.029404, 0.051337, 0.083459, 0.006315, 0.038479, 0.020159, 0.024482, 0.021478, 0.039254, 0.004407, 0.024910, 0.017037, 0.097235, 0.014621, 0.019336, 0.015113, 0.029680, 0.029573, 0.004233, 0.128628, 0.060269, 0.034592, 0.004839, , , 0.000681, 0.000727, 0.001276
ruby, 0.5, 1.0, 8, 0.021033, 0.181390, 0.025103, 0.028183, 0.032805, 0.061427, 0.030645, 0.028010, 0.033673, 0.043243, 0.016092, 1.175364, 0.001988, 0.000507, 0.002143, 0.004742, 0.124687, 0.044607, 0.084306, 0.007057, 0.084341, 0.093768, 0.063397, 0.078108, 0.146766, 0.033530, 0.087844, 0.441109, 0.682247, 0.024093, 0.012694, 0.048444, 0.310208, 0.623972, 0.003967, 0.005055, 0.040313, 0.137318, 0.180766, 0.012002, 0.062945, 0.074855, 0.082961, 0.075439, 0.062849, 0.008014, 0.046917, 0.033310, 0.163877, 0.026110, 0.008685, 0.005414, 0.057849, 0.057645, 0.007433, 0.256022, 0.098852, 0.068043, 0.009232, , , 0.000979, 0.001157, 0.004192
ruby, 0.5, 1.0, 4, 0.039138, 0.356051, 0.048693, 0.055814, 0.065841, 0.120779, 0.103007, 0.102953, 0.066157, 0.084221, 0.041327, 1.268812, 0.003753, 0.000819, 0.003946, 0.009338, 0.192305, 0.085171, 0.157036, 0.013742, 0.157117, 0.175602, 0.120030, 0.141771, 0.269727, 0.068982, 0.168019, 0.877921, 1.360791, 0.047840, 0.023915, 0.091252, 0.575327, 1.241841, 0.006444, 0.009409, 0.079232, 0.255300, 0.338347, 0.023341, 0.120032, 0.140389, 0.155684, 0.140945, 0.119919, 0.016825, 0.091632, 0.064300, 0.303187, 0.051922, 0.008949, 0.007665, 0.115425, 0.114495, 0.014810, 0.509521, 0.188698, 0.139684, 0.018569, , , 0.001979, 0.004065, 0.007777
boraxo, 0.5, 1.0, any min, 0.008061, 0.074725, 0.010239, 0.007474, 0.006746, 0.018725, 0.032100, 0.025865, 0.016129, 0.013001, 0.011593, 1.857411, 0.001894, 0.000779, 0.001389, 0.002716, 0.053477, 0.012827, 0.031878, 0.004806, 0.031401, 0.116914, 0.018304, 0.025140, 0.059255, 0.002612, 0.021880, 0.323356, 0.498364, 0.007836, 0.013833, 0.021900, 0.138424, 0.409250, 0.005554, 0.003260, 0.026799, 0.054983, 0.084243, 0.009599, 0.017187, 0.026714, 0.034789, 0.026009, 0.017111, 0.003378, 0.016107, 0.009975, 0.055430, 0.010742, 0.016197, 0.006758, 0.014897, 0.016426, 0.003227, 0.104212, 0.024676, 0.023574, 0.003243, , , 0.000887, 0.001076, 0.001760
catalyst, 0.5, 1.0, any min, 0.013041, 0.092760, 0.028919, 0.009176, 0.013648, 0.033548, 0.060276, 0.060065, 0.040973, 0.023817, 0.030673, 1.578035, 0.005969, 0.000928, 0.002090, 0.011229, 0.197487, 0.024218, 0.050304, 0.005267, 0.050525, 0.113204, 0.031297, 0.074338, 0.194702, 0.019406, 0.037493, 0.847386, 1.290387, 0.013576, 0.025998, 0.032970, 0.207638, 0.960420, 0.009407, 0.004770, 0.052138, 0.082440, 0.138582, 0.021444, 0.030633, 0.044350, 0.045773, 0.044895, 0.030643, 0.006580, 0.031416, 0.019319, 0.139774, 0.021394, 0.013994, 0.007673, 0.023639, 0.023709, 0.006271, 0.139837, 0.041091, 0.042362, 0.004091, , , 0.001050, 0.001786, 0.002743
ec2-c5n, 0.5, 1.0, any min, 0.007329, 0.049400, 0.009098, 0.006774, 0.009169, 0.016491, 0.056529, 0.044013, 0.026159, 0.012194, 0.020879, 1.159665, 0.001890, 0.001327, 0.001492, 0.003212, 0.054806, 0.014813, 0.026406, 0.003874, 0.026992, 0.094801, 0.019582, 0.019282, 0.055816, 0.003092, 0.017488, 0.223651, 0.343076, 0.006134, 0.011341, 0.020356, 0.119738, 0.274055, 0.004243, 0.002466, 0.022536, 0.049820, 0.078160, 0.006745, 0.014967, 0.023959, 0.032583, 0.021802, 0.015203, 0.004221, 0.012327, 0.010303, 0.022392, 0.012397, 0.010148, 0.005210, 0.010557, 0.010424, 0.003734, 0.068215, 0.020653, 0.019784, 0.002551, , , 0.000909, 0.001067, 0.001493
ec2-c6a, 0.5, 1.0, any min, 0.004764, 0.012735, 0.006493, 0.003826, 0.006222, 0.012894, 0.026284, 0.023014, 0.014056, 0.009399, 0.010838, 1.040607, 0.001952, 0.001014, 0.001651, 0.003287, 0.015676, 0.011809, 0.017913, 0.002481, 0.018341, 0.084333, 0.015181, 0.012511, 0.023763, 0.002388, 0.020332, 0.032428, 0.047330, 0.006427, 0.002850, 0.012665, 0.088889, 0.036841, 0.003935, 0.001780, 0.025832, 0.028924, 0.050258, 0.002042, 0.012520, 0.015240, 0.022362, 0.015723, 0.012745, 0.003060, 0.006314, 0.004704, 0.012391, 0.006278, 0.005238, 0.003974, 0.005331, 0.005456, 0.002250, 0.021191, 0.018597, 0.008285, 0.002378, , , 0.000864, 0.000925, 0.001384
ec2-c6i, 0.5, 1.0, any min, 0.004153, 0.030984, 0.005529, 0.004237, 0.006983, 0.009494, 0.031577, 0.031087, 0.017124, 0.006802, 0.013739, 1.100992, 0.001688, 0.000784, 0.001074, 0.002384, 0.009529, 0.010695, 0.016430, 0.003003, 0.016497, 0.073220, 0.010596, 0.007687, 0.016509, 0.001973, 0.010962, 0.048335, 0.075793, 0.004279, 0.002982, 0.012652, 0.075090, 0.106583, 0.001752, 0.001702, 0.017782, 0.031310, 0.057385, 0.002196, 0.008716, 0.014863, 0.023961, 0.013495, 0.008716, 0.002468, 0.007512, 0.005554, 0.006941, 0.006895, 0.006756, 0.004722, 0.006570, 0.006572, 0.002202, 0.039892, 0.012531, 0.010590, 0.002215, , , 0.000672, 0.000640, 0.000778
mammoth, 0.5, 1.0, any min, 0.006096, 0.026548, 0.005709, 0.006128, 0.008972, 0.010644, 0.035794, 0.024053, 0.011769, 0.007929, 0.012405, 0.985175, 0.001396, 0.000860, 0.002002, 0.002640, 0.010025, 0.010834, 0.019642, 0.003010, 0.020680, 0.107918, 0.015111, 0.010197, 0.012901, 0.002894, 0.018037, 0.029941, 0.046658, 0.006801, 0.003718, 0.015648, 0.079396, 0.035325, 0.004406, 0.002459, 0.035893, 0.033456, 0.058263, 0.002784, 0.013744, 0.016849, 0.021976, 0.025732, 0.015726, 0.004219, 0.007368, 0.006614, 0.012607, 0.006579, 0.012206, 0.007773, 0.008410, 0.008369, 0.003447, 0.015655, 0.018731, 0.012477, 0.003433, , , 0.000854, 0.001080, 0.001575
poodle, 0.5, 1.0, any min, 0.003263, 0.026489, 0.005265, 0.003790, 0.002910, 0.007836, 0.015335, 0.014333, 0.005219, 0.005686, 0.005938, 1.247632, 0.000698, 0.000394, 0.000795, 0.001176, 0.008795, 0.005543, 0.012800, 0.003482, 0.013071, 0.058146, 0.008286, 0.005331, 0.006911, 0.001081, 0.008460, 0.031292, 0.049480, 0.003753, 0.002559, 0.010244, 0.055091, 0.038873, 0.002022, 0.000883, 0.017958, 0.022100, 0.042141, 0.001611, 0.006865, 0.011293, 0.012916, 0.011341, 0.007079, 0.002381, 0.005314, 0.004321, 0.006518, 0.004254, 0.007832, 0.004675, 0.005158, 0.005121, 0.001823, 0.028937, 0.010736, 0.006567, 0.001718, , , 0.000368, 0.000647, 0.000714
quartz, 0.5, 1.0, any min, 0.019062, 0.066299, 0.018611, 0.009180, 0.014132, 0.030723, 0.055337, 0.054382, 0.016786, 0.022073, 0.025657, 1.212183, 0.002299, 0.000737, 0.002411, 0.004353, 0.066621, 0.021396, 0.061053, 0.004390, 0.066495, 0.122860, 0.034451, 0.023442, 0.047925, 0.004580, 0.039527, 0.106114, 0.180357, 0.008508, 0.007492, 0.032357, 0.222831, 0.154789, 0.003924, 0.004425, 0.034825, 0.094723, 0.117162, 0.005290, 0.034249, 0.064488, 0.056635, 0.054380, 0.034078, 0.004086, 0.017770, 0.011771, 0.060180, 0.010043, 0.013050, 0.006065, 0.017603, 0.017532, 0.004023, 0.094889, 0.040918, 0.024339, 0.005018, , , 0.001109, 0.002178, 0.004371
ruby, 0.5, 1.0, any min, 0.005216, 0.043972, 0.008485, 0.006523, 0.009560, 0.015240, 0.019478, 0.018231, 0.015676, 0.010988, 0.009016, 1.175364, 0.001129, 0.000507, 0.000874, 0.001957, 0.018836, 0.012726, 0.019290, 0.003777, 0.019450, 0.093768, 0.012990, 0.015192, 0.031567, 0.006541, 0.021370, 0.120065, 0.205405, 0.007000, 0.010740, 0.012758, 0.085001, 0.178025, 0.003967, 0.002304, 0.021038, 0.034268, 0.057073, 0.004198, 0.012822, 0.014624, 0.021247, 0.015736, 0.012874, 0.002973, 0.010325, 0.007134, 0.027723, 0.008861, 0.008685, 0.005414, 0.009414, 0.010131, 0.002831, 0.052883, 0.020461, 0.013867, 0.003025, , , 0.000681, 0.000727, 0.001117
boraxo, 0.5, 1.0, any max, 0.046369, 0.568587, 0.072278, 0.082639, 0.033873, 0.175634, 0.121213, 0.121034, 0.094367, 0.119943, 0.049004, 5.398981, 0.005665, 0.003137, 0.004696, 0.013831, 0.223767, 0.113225, 0.188275, 0.022266, 0.188901, 0.247248, 0.150307, 0.203623, 0.308904, 0.019495, 0.212855, 1.531749, 2.143472, 0.077865, 0.040221, 0.118488, 0.689273, 1.821118, 0.009688, 0.011337, 0.113429, 0.312614, 0.465065, 0.039784, 0.148398, 0.168055, 0.185334, 0.167779, 0.147740, 0.025546, 0.147403, 0.093403, 0.338838, 0.079521, 0.085950, 0.216027, 0.185236, 0.185438, 0.020127, 0.800398, 0.242227, 0.219657, 0.027050, , , 0.002882, 0.004831, 0.009497
catalyst, 0.5, 1.0, any max, 0.051201, 0.489421, 0.160588, 0.070264, 0.089807, 0.294826, 0.226366, 0.228496, 0.155992, 0.207373, 0.099872, 2.882797, 0.031213, 0.001636, 0.004539, 0.062374, 0.415743, 0.141339, 0.209545, 0.017056, 0.210896, 0.299853, 0.153039, 0.300298, 0.496568, 0.154148, 0.251779, 5.027984, 7.635624, 0.085721, 0.124020, 0.128406, 0.812604, 5.670153, 0.028115, 0.012076, 0.173270, 0.360526, 0.577982, 0.123323, 0.147698, 0.170571, 0.166033, 0.171484, 0.146515, 0.035368, 0.199323, 0.127308, 0.519779, 0.122088, 0.062506, 0.070811, 0.171088, 0.171195, 0.032053, 0.749415, 0.322477, 0.249664, 0.020671, , , 0.002324, 0.005797, 0.009475
ec2-c5n, 0.5, 1.0, any max, 0.040542, 0.384125, 0.068903, 0.068875, 0.070754, 0.153125, 0.278673, 0.190141, 0.164847, 0.107205, 0.086230, 1.999266, 0.008758, 0.002760, 0.004347, 0.018615, 0.212637, 0.112347, 0.164476, 0.014876, 0.164607, 0.214922, 0.140660, 0.143496, 0.304361, 0.026091, 0.202611, 0.963802, 1.489526, 0.055683, 0.030766, 0.110591, 0.587876, 1.315034, 0.007821, 0.010355, 0.104628, 0.268609, 0.398231, 0.030549, 0.139001, 0.146933, 0.163715, 0.147271, 0.139599, 0.038508, 0.110232, 0.098786, 0.206032, 0.088644, 0.073800, 0.161419, 0.128938, 0.128929, 0.027150, 0.542283, 0.235806, 0.168577, 0.018960, , , 0.003743, 0.004067, 0.008307
ec2-c6a, 0.5, 1.0, any max, 0.015810, 0.146997, 0.061735, 0.056049, 0.060585, 0.082716, 0.169798, 0.131445, 0.110350, 0.061092, 0.059858, 7.752036, 0.007817, 0.007821, 0.007802, 0.023094, 0.238316, 0.066157, 0.071937, 0.015608, 0.059712, 0.180791, 0.044079, 0.134235, 0.316852, 0.018009, 0.068379, 0.344831, 0.513837, 0.050019, 0.014045, 0.048281, 0.297859, 0.400797, 0.008957, 0.007541, 0.080014, 0.133473, 0.246980, 0.012436, 0.039703, 0.063360, 0.103197, 0.045573, 0.040118, 0.023676, 0.084232, 0.079031, 0.166877, 0.060750, 0.132979, 0.473187, 0.079802, 0.079928, 0.018758, 0.225857, 0.118156, 0.124373, 0.012940, , , 0.002844, 0.003504, 0.004662
ec2-c6i, 0.5, 1.0, any max, 0.033621, 0.360570, 0.049963, 0.062050, 0.065999, 0.092883, 0.180248, 0.179161, 0.131007, 0.064691, 0.068918, 1.573746, 0.007608, 0.003493, 0.003731, 0.018063, 0.123672, 0.076114, 0.133892, 0.014403, 0.134139, 0.146293, 0.100382, 0.117677, 0.222973, 0.018855, 0.136353, 0.411667, 0.631114, 0.050044, 0.017184, 0.076751, 0.536284, 0.729504, 0.004642, 0.008771, 0.083737, 0.224049, 0.312362, 0.016043, 0.099735, 0.121017, 0.144331, 0.120396, 0.099639, 0.026699, 0.093019, 0.071489, 0.144538, 0.060956, 0.099397, 0.136703, 0.107689, 0.107656, 0.021496, 0.556951, 0.147794, 0.148384, 0.017652, , , 0.003616, 0.003511, 0.006727
mammoth, 0.5, 1.0, any max, 0.029465, 0.339269, 0.061722, 0.063121, 0.076176, 0.188326, 0.198423, 0.128723, 0.054786, 0.126163, 0.057302, 1.590795, 0.010121, 0.006180, 0.007724, 0.026814, 0.346715, 0.058299, 0.113734, 0.013280, 0.110663, 0.590552, 0.058453, 0.196720, 0.465006, 0.017700, 0.103143, 0.385292, 0.586633, 0.056979, 0.013895, 0.073854, 0.490284, 0.436302, 0.010921, 0.008181, 0.084610, 0.171486, 0.251321, 0.015766, 0.056055, 0.098695, 0.123885, 0.100313, 0.058159, 0.020581, 0.088347, 0.091021, 0.498563, 0.038359, 0.315301, 0.173960, 0.115101, 0.113998, 0.016586, 0.543131, 0.200372, 0.133787, 0.015058, , , 0.003653, 0.006843, 0.006796
poodle, 0.5, 1.0, any max, 0.038289, 0.407451, 0.053797, 0.064343, 0.021702, 0.168148, 0.064959, 0.064928, 0.036040, 0.117650, 0.029292, 17.878756, 0.004249, 0.013663, 0.015005, 0.010512, 0.297666, 0.077356, 0.134620, 0.030297, 0.142217, 0.180100, 0.104021, 0.168199, 0.294081, 0.013682, 0.151370, 0.402108, 0.611772, 0.052868, 0.012462, 0.079159, 0.518337, 0.486134, 0.006622, 0.007765, 0.078192, 0.226591, 0.303900, 0.011336, 0.102501, 0.121791, 0.125340, 0.121221, 0.102662, 0.022353, 0.070907, 0.074743, 0.291279, 0.042347, 0.157252, 1.206241, 0.099630, 0.099653, 0.014929, 0.643291, 0.190754, 0.109406, 0.012952, , , 0.002913, 0.002643, 0.006757
quartz, 0.5, 1.0, any max, 0.047351, 0.451709, 0.131483, 0.068853, 0.085332, 0.153217, 0.204060, 0.217389, 0.093622, 0.106269, 0.095790, 2.533600, 0.010601, 0.003040, 0.004431, 0.028470, 0.381615, 0.090073, 0.189853, 0.017801, 0.190441, 0.233763, 0.125606, 0.236770, 0.433193, 0.026059, 0.161563, 0.642120, 0.979205, 0.067157, 0.022105, 0.102110, 0.773223, 0.720781, 0.006802, 0.008656, 0.135680, 0.311503, 0.454933, 0.020225, 0.125885, 0.166534, 0.132389, 0.169347, 0.124553, 0.024218, 0.139822, 0.116033, 0.462566, 0.074916, 0.095423, 0.103494, 0.208956, 0.206592, 0.021223, 0.714210, 0.199227, 0.202468, 0.021468, , , 0.001963, 0.006231, 0.009343
ruby, 0.5, 1.0, any max, 0.039138, 0.356051, 0.048693, 0.055814, 0.065841, 0.120779, 0.103007, 0.102953, 0.066157, 0.084221, 0.041327, 2.827657, 0.003753, 0.005873, 0.006203, 0.009338, 0.192305, 0.085171, 0.157036, 0.013742, 0.157117, 0.190762, 0.120030, 0.141771, 0.269727, 0.068982, 0.168019, 0.877921, 1.360791, 0.047840, 0.023915, 0.091252, 0.575327, 1.241841, 0.008556, 0.009409, 0.079232, 0.255300, 0.338347, 0.023341, 0.120032, 0.140389, 0.155684, 0.140945, 0.119919, 0.016825, 0.091632, 0.064300, 0.303187, 0.051922, 0.145992, 0.355150, 0.115425, 0.114495, 0.014810, 0.509521, 0.188698, 0.139684, 0.018569, , , 0.001979, 0.004065, 0.007777
boraxo, 0.5, 1.0, 72 (full), 0.008288, 0.074725, 0.010239, 0.007474, 0.006746, 0.018725, 0.040448, 0.037267, 0.016129, 0.013001, 0.015587, 5.398981, 0.001904, 0.003137, 0.003248, 0.002716, 0.053477, 0.012827, 0.031878, 0.007110, 0.031894, 0.180829, 0.018304, 0.025140, 0.059255, 0.002612, 0.021880, 0.332951, 0.508838, 0.007836, 0.015295, 0.021900, 0.138424, 0.409250, 0.006655, 0.003260, 0.026799, 0.054983, 0.084243, 0.009599, 0.017187, 0.028724, 0.038934, 0.027297, 0.017111, 0.003378, 0.016107, 0.009975, 0.055430, 0.010742, 0.085950, 0.216027, 0.014897, 0.016426, 0.003227, 0.104212, 0.024676, 0.023574, 0.003243, 0.000000, 0.000000, 0.001201, 0.001638, 0.001901
catalyst, 0.5, 1.0, 48 (full), 0.013041, 0.092760, 0.028919, 0.009176, 0.013648, 0.033548, 0.060276, 0.060065, 0.040973, 0.023817, 0.030673, 2.882797, 0.005969, 0.001636, 0.002352, 0.011229, 0.231328, 0.024218, 0.050304, 0.005267, 0.050525, 0.237587, 0.031297, 0.074338, 0.194702, 0.019406, 0.037493, 0.847386, 1.290387, 0.013576, 0.025998, 0.032970, 0.207638, 0.960420, 0.009407, 0.004770, 0.052138, 0.082440, 0.138582, 0.021444, 0.030633, 0.044350, 0.045773, 0.044895, 0.030643, 0.006580, 0.031416, 0.019319, 0.139774, 0.021394, 0.062506, 0.070811, 0.023639, 0.023709, 0.006271, 0.139837, 0.041091, 0.042362, 0.004091, 0.000000, 0.000000, 0.001050, 0.001786, 0.002743
ec2-c5n, 0.5, 1.0, 72 (full), 0.007729, 0.049400, 0.009098, 0.006774, 0.009169, 0.016491, 0.056529, 0.044013, 0.026159, 0.012194, 0.020879, 1.999266, 0.001890, 0.002760, 0.002942, 0.003212, 0.054806, 0.014813, 0.030058, 0.006024, 0.029627, 0.124997, 0.019582, 0.019282, 0.055816, 0.003092, 0.017488, 0.225981, 0.347971, 0.006134, 0.016954, 0.020356, 0.119867, 0.274055, 0.005787, 0.004222, 0.022536, 0.049820, 0.078160, 0.007014, 0.014967, 0.026312, 0.033882, 0.025344, 0.015203, 0.004221, 0.012327, 0.010303, 0.022392, 0.012397, 0.073800, 0.161419, 0.010557, 0.010424, 0.003734, 0.068215, 0.020653, 0.019784, 0.002551, 0.000000, 0.000000, 0.000974, 0.001448, 0.001598
ec2-c6a, 0.5, 1.0, 192 (full), 0.009913, 0.012735, 0.006493, 0.003826, 0.007474, 0.012894, 0.050278, 0.047481, 0.014690, 0.009399, 0.020586, 7.752036, 0.002344, 0.007821, 0.007802, 0.003521, 0.016363, 0.012504, 0.038323, 0.015608, 0.038273, 0.114678, 0.021954, 0.013310, 0.029914, 0.002388, 0.022077, 0.036140, 0.051693, 0.006427, 0.005700, 0.027597, 0.187882, 0.044996, 0.008957, 0.003125, 0.027085, 0.069386, 0.101993, 0.003225, 0.019436, 0.034237, 0.058524, 0.033566, 0.020289, 0.003060, 0.006314, 0.004704, 0.012391, 0.006278, 0.132979, 0.473187, 0.005331, 0.005456, 0.002250, 0.021191, 0.018597, 0.008285, 0.002992, 0.000000, 0.000000, 0.001866, 0.002139, 0.002488
ec2-c6i, 0.5, 1.0, 128 (full), 0.006992, 0.030984, 0.005529, 0.004237, 0.006983, 0.009494, 0.039625, 0.039157, 0.017124, 0.006802, 0.017061, 1.573746, 0.001934, 0.003493, 0.003041, 0.002384, 0.009529, 0.010695, 0.027049, 0.006159, 0.027082, 0.106326, 0.014890, 0.007687, 0.016509, 0.001973, 0.014745, 0.078732, 0.118990, 0.004279, 0.004847, 0.018756, 0.109148, 0.106583, 0.003190, 0.001911, 0.021420, 0.046396, 0.064886, 0.003209, 0.014059, 0.024300, 0.032744, 0.024228, 0.014088, 0.002468, 0.007512, 0.005554, 0.006941, 0.006895, 0.099397, 0.136703, 0.006570, 0.006572, 0.002202, 0.039892, 0.013465, 0.010590, 0.002215, 0.000000, 0.000000, 0.000909, 0.001341, 0.001405
mammoth, 0.5, 1.0, 256 (full), 0.029465, 0.033415, 0.012198, 0.008272, 0.020317, 0.030976, 0.128778, 0.128723, 0.020058, 0.021466, 0.049328, 1.590795, 0.003199, 0.006180, 0.007724, 0.004047, 0.015527, 0.031294, 0.113734, 0.013280, 0.110663, 0.152902, 0.058453, 0.013618, 0.028039, 0.004602, 0.059746, 0.029941, 0.046658, 0.009039, 0.013895, 0.073854, 0.490284, 0.042341, 0.010921, 0.008181, 0.084610, 0.171486, 0.251321, 0.007085, 0.056055, 0.098695, 0.123885, 0.100313, 0.058159, 0.010841, 0.010593, 0.011175, 0.015886, 0.013204, 0.315301, 0.173960, 0.008777, 0.008703, 0.008170, 0.015655, 0.043568, 0.017273, 0.008096, 0.000000, 0.000000, 0.003653, 0.006843, 0.006796
poodle, 0.5, 1.0, 224 (full), 0.010800, 0.026489, 0.007362, 0.003909, 0.008797, 0.011548, 0.054772, 0.054614, 0.005219, 0.008249, 0.020637, 17.878756, 0.003347, 0.013663, 0.015005, 0.003284, 0.008795, 0.011400, 0.042030, 0.030297, 0.041972, 0.083482, 0.021368, 0.005331, 0.010493, 0.001597, 0.021280, 0.051754, 0.075320, 0.004780, 0.006430, 0.032585, 0.176331, 0.072095, 0.006622, 0.002704, 0.037986, 0.081182, 0.106515, 0.003548, 0.021152, 0.038261, 0.092223, 0.038309, 0.021221, 0.003000, 0.005314, 0.004321, 0.006518, 0.007384, 0.157252, 1.206241, 0.005158, 0.005121, 0.002569, 0.028937, 0.016698, 0.006567, 0.003363, 0.000000, 0.000000, 0.002913, 0.002526, 0.002327
quartz, 0.5, 1.0, 72 (full), 0.019393, 0.066299, 0.018611, 0.009180, 0.014132, 0.030723, 0.055337, 0.054382, 0.016786, 0.022073, 0.025657, 2.533600, 0.002299, 0.003040, 0.003217, 0.004353, 0.066621, 0.021396, 0.071990, 0.006915, 0.072298, 0.204533, 0.034451, 0.023442, 0.047925, 0.004580, 0.039527, 0.106114, 0.180357, 0.008508, 0.007492, 0.037260, 0.222831, 0.154789, 0.006728, 0.004425, 0.034825, 0.094723, 0.117162, 0.005290, 0.034249, 0.064488, 0.056635, 0.054380, 0.034078, 0.004086, 0.017770, 0.011771, 0.060180, 0.010043, 0.095423, 0.103494, 0.017603, 0.017532, 0.004023, 0.094889, 0.040918, 0.024339, 0.005018, 0.000000, 0.000000, 0.001289, 0.002178, 0.004759
ruby, 0.5, 1.0, 112 (full), 0.011725, 0.043972, 0.008748, 0.006523, 0.011087, 0.015240, 0.056482, 0.056184, 0.015676, 0.010988, 0.023484, 2.827657, 0.002010, 0.005873, 0.006203, 0.002588, 0.018836, 0.013812, 0.045137, 0.012160, 0.044795, 0.190762, 0.023689, 0.015192, 0.031567, 0.006541, 0.023459, 0.185942, 0.246110, 0.007524, 0.019641, 0.031175, 0.187010, 0.210144, 0.007905, 0.005396, 0.033559, 0.073524, 0.102384, 0.006692, 0.023011, 0.038008, 0.054592, 0.039794, 0.022753, 0.002973, 0.010325, 0.007134, 0.027723, 0.008861, 0.145992, 0.355150, 0.009414, 0.010131, 0.003431, 0.052883, 0.020461, 0.013867, 0.003919, 0.000000, 0.000000, 0.001568, 0.002321, 0.002436
boraxo, 0.5, 1.0, 36 (half), 0.009528, 0.137441, 0.017122, 0.012409, 0.007965, 0.031010, 0.040213, 0.032281, 0.025557, 0.021523, 0.014220, 4.801026, 0.002146, 0.001488, 0.001816, 0.003982, 0.075892, 0.023741, 0.036780, 0.005037, 0.036966, 0.172834, 0.030723, 0.046483, 0.080808, 0.003934, 0.046474, 0.639575, 0.988380, 0.012383, 0.022423, 0.027212, 0.156706, 0.787985, 0.007312, 0.005341, 0.036366, 0.065402, 0.114311, 0.016882, 0.030305, 0.031389, 0.036488, 0.029521, 0.030162, 0.005147, 0.030570, 0.018421, 0.073996, 0.018781, 0.058380, 0.079352, 0.028933, 0.031946, 0.004844, 0.202931, 0.045493, 0.045459, 0.004338, 0.000000, 0.000000, 0.000948, 0.001450, 0.002039
catalyst, 0.5, 1.0, 24 (half), 0.019246, 0.179023, 0.053297, 0.016306, 0.022995, 0.058413, 0.089505, 0.089618, 0.060979, 0.042763, 0.042912, 2.262231, 0.011056, 0.001133, 0.002211, 0.021600, 0.234754, 0.041670, 0.074579, 0.006028, 0.074554, 0.217917, 0.048543, 0.095748, 0.199297, 0.037445, 0.059521, 1.686021, 2.572986, 0.024605, 0.044842, 0.048222, 0.310647, 1.899255, 0.012155, 0.006037, 0.063317, 0.122411, 0.216087, 0.041997, 0.047884, 0.065181, 0.061835, 0.065689, 0.047664, 0.011166, 0.059395, 0.036162, 0.166195, 0.039148, 0.037431, 0.032738, 0.044753, 0.044802, 0.010952, 0.277393, 0.070470, 0.081370, 0.006344, 0.000000, 0.000000, 0.001151, 0.002531, 0.003893
ec2-c5n, 0.5, 1.0, 36 (half), 0.007959, 0.091965, 0.015241, 0.011228, 0.013720, 0.027329, 0.077027, 0.052193, 0.047100, 0.019221, 0.022828, 1.874180, 0.002478, 0.001904, 0.001833, 0.005091, 0.078480, 0.022486, 0.030885, 0.003952, 0.032005, 0.119421, 0.028772, 0.030855, 0.075517, 0.005222, 0.043299, 0.428981, 0.658433, 0.009658, 0.013636, 0.025512, 0.129463, 0.523923, 0.005754, 0.002466, 0.032036, 0.056395, 0.103793, 0.011851, 0.026478, 0.026572, 0.032583, 0.026461, 0.026801, 0.007463, 0.022716, 0.020117, 0.032599, 0.022444, 0.046394, 0.059473, 0.020113, 0.020117, 0.006629, 0.134918, 0.040538, 0.038023, 0.003344, 0.000000, 0.000000, 0.000909, 0.001299, 0.001571
ec2-c6a, 0.5, 1.0, 96 (half), 0.007041, 0.013838, 0.007791, 0.004815, 0.007035, 0.018098, 0.039259, 0.033884, 0.014056, 0.013111, 0.015103, 4.999182, 0.002021, 0.003144, 0.003237, 0.003734, 0.019065, 0.014028, 0.026957, 0.006259, 0.030693, 0.106671, 0.019616, 0.013306, 0.026150, 0.002650, 0.025473, 0.045963, 0.072375, 0.009929, 0.004215, 0.020004, 0.132876, 0.072842, 0.008438, 0.002298, 0.057634, 0.046858, 0.077042, 0.002708, 0.017239, 0.023846, 0.032506, 0.023661, 0.017920, 0.003464, 0.008787, 0.006166, 0.017950, 0.006926, 0.072873, 0.093247, 0.006378, 0.006434, 0.002618, 0.048116, 0.026647, 0.012473, 0.002499, 0.000000, 0.000000, 0.001113, 0.001429, 0.001854
ec2-c6i, 0.5, 1.0, 64 (half), 0.005521, 0.052805, 0.007707, 0.006259, 0.008410, 0.013227, 0.038170, 0.037624, 0.017519, 0.009510, 0.016871, 1.408482, 0.002182, 0.001841, 0.001671, 0.003438, 0.023551, 0.012737, 0.021513, 0.003475, 0.021270, 0.099094, 0.013065, 0.015967, 0.040524, 0.002812, 0.012890, 0.162173, 0.239102, 0.005765, 0.006032, 0.016241, 0.088353, 0.219207, 0.002873, 0.001702, 0.028382, 0.041233, 0.073376, 0.004983, 0.011557, 0.019273, 0.023961, 0.019044, 0.011495, 0.003838, 0.012367, 0.009816, 0.022745, 0.011009, 0.053397, 0.055677, 0.012261, 0.012262, 0.003427, 0.078021, 0.015521, 0.019223, 0.002311, 0.000000, 0.000000, 0.000672, 0.000949, 0.001061
mammoth, 0.5, 1.0, 128 (half), 0.017380, 0.026548, 0.008947, 0.006720, 0.013955, 0.020169, 0.080338, 0.076057, 0.014507, 0.013873, 0.030515, 1.484593, 0.002402, 0.003399, 0.004154, 0.003498, 0.014217, 0.020961, 0.065387, 0.007369, 0.064594, 0.154237, 0.034987, 0.013542, 0.020435, 0.003931, 0.036568, 0.040033, 0.064865, 0.006949, 0.008942, 0.046556, 0.283982, 0.057535, 0.008792, 0.005222, 0.064994, 0.102155, 0.164479, 0.004987, 0.034260, 0.054351, 0.067082, 0.055792, 0.033288, 0.006208, 0.010457, 0.009503, 0.015932, 0.010844, 0.176557, 0.093530, 0.008410, 0.008806, 0.005176, 0.022041, 0.030134, 0.016748, 0.005555, 0.000000, 0.000000, 0.002201, 0.003460, 0.004417
poodle, 0.5, 1.0, 112 (half), 0.005506, 0.037462, 0.005804, 0.003790, 0.004706, 0.007836, 0.027318, 0.027102, 0.005655, 0.005686, 0.010236, 5.805838, 0.001160, 0.003769, 0.003895, 0.001617, 0.010896, 0.006896, 0.021017, 0.008699, 0.020958, 0.073857, 0.011315, 0.007694, 0.009057, 0.001358, 0.011249, 0.101110, 0.145939, 0.003753, 0.005305, 0.017616, 0.090992, 0.140488, 0.006059, 0.001478, 0.030408, 0.041396, 0.069962, 0.003973, 0.010753, 0.019064, 0.027566, 0.019299, 0.010887, 0.002541, 0.006438, 0.004802, 0.010012, 0.005178, 0.068710, 0.343562, 0.007267, 0.007295, 0.001992, 0.054213, 0.010736, 0.009152, 0.002154, 0.000000, 0.000000, 0.000893, 0.001191, 0.001262
quartz, 0.5, 1.0, 36 (half), 0.022308, 0.122408, 0.032651, 0.012980, 0.018742, 0.040119, 0.067417, 0.067292, 0.029354, 0.028748, 0.029707, 2.206645, 0.003120, 0.001606, 0.002638, 0.007313, 0.073564, 0.025439, 0.070220, 0.005105, 0.070267, 0.198810, 0.039196, 0.039734, 0.059641, 0.006507, 0.046985, 0.205024, 0.345521, 0.013129, 0.011717, 0.036504, 0.250334, 0.285079, 0.006226, 0.005132, 0.059531, 0.099357, 0.146073, 0.008199, 0.039232, 0.068196, 0.061537, 0.064066, 0.039136, 0.006181, 0.032395, 0.020501, 0.075992, 0.016491, 0.057606, 0.048079, 0.033940, 0.033918, 0.005866, 0.185191, 0.050887, 0.045740, 0.007869, 0.000000, 0.000000, 0.001353, 0.003334, 0.004572
ruby, 0.5, 1.0, 56 (half), 0.007256, 0.058117, 0.009520, 0.006727, 0.009560, 0.022749, 0.030204, 0.030137, 0.020961, 0.015745, 0.013826, 1.878172, 0.001421, 0.002163, 0.002356, 0.002378, 0.022788, 0.013572, 0.027332, 0.005162, 0.027940, 0.173947, 0.016437, 0.022876, 0.043311, 0.009501, 0.024850, 0.261312, 0.407557, 0.007000, 0.011510, 0.018318, 0.117927, 0.309381, 0.005879, 0.002304, 0.030565, 0.046103, 0.075289, 0.008928, 0.016035, 0.022671, 0.031086, 0.023237, 0.016104, 0.003007, 0.014079, 0.009018, 0.040983, 0.010385, 0.066465, 0.092652, 0.012285, 0.013455, 0.002981, 0.082938, 0.029031, 0.019966, 0.003025, 0.000000, 0.000000, 0.000927, 0.001318, 0.001515
boraxo, 0.5, 1.0, 18 (quarter), 0.008061, 0.131081, 0.016605, 0.018249, 0.007823, 0.032866, 0.032100, 0.027201, 0.027398, 0.023265, 0.011593, 2.369493, 0.001894, 0.001012, 0.001392, 0.003762, 0.081629, 0.022813, 0.031946, 0.006110, 0.031401, 0.172351, 0.027771, 0.046257, 0.081996, 0.004511, 0.044394, 0.323356, 0.498364, 0.019377, 0.013833, 0.022262, 0.142914, 0.428402, 0.006606, 0.006260, 0.032644, 0.060057, 0.100951, 0.009607, 0.027203, 0.026714, 0.034789, 0.026009, 0.027312, 0.005411, 0.032796, 0.019372, 0.074376, 0.018292, 0.029622, 0.034746, 0.042637, 0.042920, 0.004839, 0.178710, 0.043830, 0.047490, 0.006366, 0.000000, 0.000000, 0.000975, 0.001238, 0.001760
catalyst, 0.5, 1.0, 12 (quarter), 0.019026, 0.167180, 0.055599, 0.024745, 0.031787, 0.070738, 0.083758, 0.083711, 0.063297, 0.051849, 0.039319, 1.658716, 0.010785, 0.000928, 0.002090, 0.021266, 0.237611, 0.043623, 0.073035, 0.006500, 0.073088, 0.221213, 0.049398, 0.097197, 0.203147, 0.051378, 0.059394, 1.693097, 2.566376, 0.033318, 0.045952, 0.045388, 0.295234, 1.918593, 0.012592, 0.006576, 0.061819, 0.130411, 0.201093, 0.042575, 0.046491, 0.061649, 0.061047, 0.061875, 0.046459, 0.011423, 0.067635, 0.039365, 0.166114, 0.042051, 0.023830, 0.012740, 0.058864, 0.058655, 0.011289, 0.253787, 0.083656, 0.083650, 0.007432, 0.000000, 0.000000, 0.001159, 0.002400, 0.003702
ec2-c5n, 0.5, 1.0, 18 (quarter), 0.007408, 0.086637, 0.015834, 0.015841, 0.016657, 0.027487, 0.069708, 0.050174, 0.047508, 0.018597, 0.023554, 1.461385, 0.002706, 0.001447, 0.001492, 0.004802, 0.082662, 0.022049, 0.026406, 0.004502, 0.026992, 0.118549, 0.026373, 0.031854, 0.076724, 0.005835, 0.040430, 0.223651, 0.343076, 0.015213, 0.011341, 0.021710, 0.119738, 0.296917, 0.005822, 0.007159, 0.029828, 0.052703, 0.087309, 0.006745, 0.024783, 0.023959, 0.042263, 0.021802, 0.024353, 0.007529, 0.024897, 0.020445, 0.035769, 0.020197, 0.027826, 0.025245, 0.030141, 0.030136, 0.006191, 0.121310, 0.040582, 0.037564, 0.004612, 0.000000, 0.000000, 0.001132, 0.001120, 0.001493
ec2-c6a, 0.5, 1.0, 48 (quarter), 0.004764, 0.016001, 0.007012, 0.005139, 0.006222, 0.015814, 0.026284, 0.023014, 0.014819, 0.011402, 0.010838, 1.569550, 0.001952, 0.001604, 0.001752, 0.003287, 0.015676, 0.011809, 0.017913, 0.003043, 0.018341, 0.108702, 0.015181, 0.012511, 0.023763, 0.002687, 0.020332, 0.032428, 0.047330, 0.009148, 0.002850, 0.012665, 0.092620, 0.036841, 0.007919, 0.001780, 0.039434, 0.028924, 0.050258, 0.002042, 0.012520, 0.015240, 0.022615, 0.015723, 0.012745, 0.003220, 0.008950, 0.006247, 0.017000, 0.006481, 0.037954, 0.026451, 0.007886, 0.007892, 0.002422, 0.021224, 0.023415, 0.012449, 0.002378, 0.000000, 0.000000, 0.000870, 0.001014, 0.001384
ec2-c6i, 0.5, 1.0, 32 (quarter), 0.004153, 0.046513, 0.007246, 0.008607, 0.009828, 0.015935, 0.031577, 0.031087, 0.018534, 0.007762, 0.013739, 1.164780, 0.001688, 0.001320, 0.001160, 0.003031, 0.022530, 0.011390, 0.016430, 0.003003, 0.016497, 0.096782, 0.010596, 0.016004, 0.039490, 0.002779, 0.010962, 0.048335, 0.075793, 0.008217, 0.002982, 0.012652, 0.075090, 0.123845, 0.002897, 0.003179, 0.017782, 0.031310, 0.057385, 0.002196, 0.008716, 0.014863, 0.026017, 0.013495, 0.008716, 0.003549, 0.014018, 0.012871, 0.021279, 0.008227, 0.034958, 0.029648, 0.014277, 0.014287, 0.002900, 0.069936, 0.012531, 0.018990, 0.002709, 0.000000, 0.000000, 0.000749, 0.000706, 0.000797
mammoth, 0.5, 1.0, 64 (quarter), 0.008234, 0.027749, 0.005709, 0.006128, 0.008972, 0.010961, 0.039586, 0.034052, 0.011769, 0.007929, 0.013783, 1.127132, 0.001396, 0.001647, 0.002480, 0.002640, 0.010025, 0.010834, 0.028108, 0.003990, 0.028187, 0.165226, 0.015718, 0.010197, 0.012901, 0.002894, 0.018343, 0.031415, 0.047693, 0.006801, 0.004496, 0.020070, 0.126573, 0.035325, 0.006627, 0.002779, 0.036285, 0.042616, 0.073047, 0.002784, 0.015480, 0.025769, 0.032319, 0.025732, 0.015726, 0.004252, 0.007368, 0.006614, 0.012607, 0.006579, 0.085364, 0.046649, 0.008481, 0.008369, 0.003447, 0.035757, 0.020783, 0.012477, 0.003724, 0.000000, 0.000000, 0.001303, 0.001814, 0.002445
poodle, 0.5, 1.0, 56 (quarter), 0.003878, 0.031506, 0.005265, 0.004841, 0.003197, 0.008729, 0.018374, 0.017939, 0.006073, 0.006492, 0.007110, 1.984141, 0.000698, 0.001640, 0.001713, 0.001176, 0.010125, 0.005543, 0.014993, 0.004433, 0.015140, 0.062329, 0.008395, 0.007756, 0.006911, 0.001081, 0.008536, 0.031292, 0.049480, 0.005137, 0.002876, 0.010638, 0.060608, 0.038873, 0.005549, 0.001134, 0.025486, 0.024990, 0.042141, 0.001611, 0.007708, 0.013573, 0.015660, 0.013517, 0.007864, 0.002381, 0.005878, 0.005012, 0.009427, 0.004254, 0.045011, 0.116871, 0.007631, 0.007640, 0.001823, 0.046691, 0.011035, 0.008740, 0.001718, 0.000000, 0.000000, 0.000540, 0.000839, 0.000931
quartz, 0.5, 1.0, 18 (quarter), 0.019062, 0.107523, 0.032639, 0.018803, 0.025479, 0.057112, 0.063187, 0.064653, 0.027877, 0.040573, 0.028959, 1.212183, 0.002888, 0.000971, 0.002863, 0.007073, 0.067309, 0.026975, 0.061053, 0.005325, 0.066495, 0.198759, 0.037390, 0.044114, 0.059319, 0.008330, 0.045174, 0.154302, 0.234270, 0.019831, 0.007923, 0.032357, 0.227953, 0.174108, 0.005464, 0.004595, 0.050628, 0.097954, 0.133298, 0.006539, 0.037485, 0.064807, 0.057287, 0.065439, 0.037265, 0.006987, 0.032390, 0.023093, 0.083765, 0.019088, 0.035281, 0.032621, 0.050513, 0.050399, 0.006160, 0.167157, 0.058594, 0.047843, 0.007780, 0.000000, 0.000000, 0.001241, 0.003110, 0.004371
ruby, 0.5, 1.0, 28 (quarter), 0.005216, 0.053897, 0.008485, 0.008996, 0.010926, 0.021654, 0.020012, 0.020065, 0.017725, 0.015413, 0.009016, 1.446419, 0.001129, 0.001050, 0.001383, 0.001957, 0.022711, 0.012726, 0.019290, 0.003796, 0.019450, 0.170775, 0.012990, 0.020661, 0.040291, 0.009997, 0.021370, 0.120065, 0.205405, 0.010008, 0.017851, 0.012758, 0.085001, 0.178025, 0.007527, 0.008268, 0.021038, 0.034268, 0.057073, 0.004198, 0.012822, 0.014624, 0.021247, 0.015736, 0.012874, 0.003036, 0.013893, 0.009104, 0.041616, 0.009079, 0.035172, 0.052427, 0.017574, 0.017273, 0.002831, 0.074288, 0.026438, 0.020730, 0.003516, 0.000000, 0.000000, 0.000688, 0.000861, 0.001117
boraxo, 0.5, 1.0, 32, 0.010362, 0.153360, 0.019424, 0.013806, 0.008401, 0.034573, 0.039656, 0.030740, 0.024921, 0.024182, 0.014594, 4.348424, 0.002087, 0.001216, 0.001545, 0.004318, 0.075351, 0.025885, 0.041243, 0.004806, 0.041230, 0.116914, 0.034856, 0.052861, 0.093067, 0.004737, 0.051555, 0.719335, 1.137024, 0.013935, 0.025614, 0.029421, 0.166033, 0.902978, 0.007588, 0.006118, 0.039296, 0.071044, 0.124104, 0.018673, 0.034668, 0.035153, 0.039510, 0.033699, 0.035359, 0.005494, 0.034888, 0.020800, 0.085661, 0.020728, 0.045983, 0.067418, 0.033005, 0.036381, 0.005164, 0.227795, 0.052221, 0.050531, 0.004507, 0.000000, 0.000000, 0.000887, 0.001372, 0.002243
ec2-c5n, 0.5, 1.0, 32, 0.008069, 0.102598, 0.016587, 0.012689, 0.014876, 0.030079, 0.083193, 0.055434, 0.046141, 0.021097, 0.025519, 1.744466, 0.002854, 0.001701, 0.001651, 0.005515, 0.077950, 0.024373, 0.032404, 0.003874, 0.033946, 0.094801, 0.033533, 0.036691, 0.085319, 0.005781, 0.047448, 0.505221, 0.766377, 0.010942, 0.017898, 0.028544, 0.137832, 0.598892, 0.006540, 0.005564, 0.034540, 0.062050, 0.111640, 0.013359, 0.033189, 0.027343, 0.033439, 0.027341, 0.032469, 0.008262, 0.026042, 0.022777, 0.038673, 0.025044, 0.045043, 0.051188, 0.022858, 0.022868, 0.007408, 0.151443, 0.046224, 0.042416, 0.003426, 0.000000, 0.000000, 0.000920, 0.001262, 0.001581
ec2-c6a, 0.5, 1.0, 32, 0.005013, 0.021809, 0.009359, 0.007323, 0.008728, 0.018681, 0.029828, 0.024924, 0.014738, 0.014608, 0.012345, 1.421137, 0.001987, 0.001276, 0.001651, 0.004062, 0.020038, 0.020112, 0.022523, 0.002481, 0.019847, 0.118994, 0.022498, 0.017189, 0.029067, 0.003258, 0.031778, 0.046312, 0.068898, 0.010992, 0.002989, 0.018360, 0.088889, 0.053849, 0.006170, 0.001812, 0.025832, 0.032907, 0.051315, 0.002494, 0.021590, 0.015880, 0.022362, 0.016090, 0.022108, 0.003895, 0.012057, 0.008406, 0.023001, 0.008792, 0.025328, 0.019092, 0.010996, 0.011006, 0.003073, 0.030640, 0.030122, 0.017315, 0.002708, 0.000000, 0.000000, 0.000864, 0.000925, 0.001463
mammoth, 0.5, 1.0, 32, 0.006096, 0.045422, 0.006819, 0.008990, 0.011382, 0.010644, 0.035794, 0.024053, 0.012656, 0.008779, 0.012405, 1.094953, 0.001630, 0.001011, 0.002002, 0.003654, 0.014717, 0.012026, 0.019642, 0.003010, 0.020680, 0.120332, 0.015111, 0.016640, 0.015479, 0.003003, 0.018037, 0.053587, 0.083503, 0.009256, 0.003718, 0.015648, 0.079396, 0.061342, 0.004406, 0.002459, 0.046448, 0.033456, 0.058263, 0.003022, 0.013744, 0.016849, 0.021976, 0.026335, 0.016594, 0.004219, 0.011948, 0.009447, 0.020082, 0.007625, 0.035709, 0.019048, 0.015206, 0.015150, 0.003759, 0.068099, 0.018731, 0.019099, 0.003433, 0.000000, 0.000000, 0.000854, 0.001146, 0.001575
poodle, 0.5, 1.0, 32, 0.003263, 0.051912, 0.007318, 0.007798, 0.002910, 0.013417, 0.015335, 0.014333, 0.006440, 0.009817, 0.005938, 1.684048, 0.000733, 0.000746, 0.000849, 0.001516, 0.016747, 0.006531, 0.012800, 0.003482, 0.013071, 0.058146, 0.008286, 0.013211, 0.028402, 0.001358, 0.008460, 0.054316, 0.085912, 0.008620, 0.002559, 0.010244, 0.055091, 0.067785, 0.003731, 0.000883, 0.017958, 0.022100, 0.045929, 0.001754, 0.006865, 0.011293, 0.012916, 0.011341, 0.007079, 0.003089, 0.009126, 0.007933, 0.021781, 0.006337, 0.024316, 0.051732, 0.013210, 0.013208, 0.002247, 0.080840, 0.015358, 0.014039, 0.001841, 0.000000, 0.000000, 0.000368, 0.000647, 0.000714
quartz, 0.5, 1.0, 32, 0.022703, 0.136387, 0.036128, 0.014712, 0.021762, 0.042970, 0.069229, 0.068188, 0.029953, 0.031052, 0.032185, 2.531318, 0.003310, 0.001177, 0.002584, 0.007979, 0.087753, 0.026560, 0.077965, 0.004390, 0.078050, 0.127830, 0.041240, 0.045210, 0.078004, 0.006954, 0.049431, 0.232941, 0.373672, 0.014298, 0.011796, 0.038427, 0.264459, 0.310775, 0.006094, 0.005726, 0.065906, 0.107533, 0.157482, 0.008218, 0.041163, 0.070082, 0.061871, 0.071022, 0.041166, 0.006640, 0.035931, 0.022797, 0.094875, 0.017929, 0.049830, 0.046068, 0.038615, 0.038533, 0.006564, 0.211244, 0.053783, 0.050776, 0.007949, 0.000000, 0.000000, 0.001305, 0.003274, 0.005034
ruby, 0.5, 1.0, 32, 0.007608, 0.092872, 0.013618, 0.009982, 0.012990, 0.028902, 0.024693, 0.024904, 0.018724, 0.020994, 0.013928, 1.465408, 0.001420, 0.001172, 0.001446, 0.002885, 0.033454, 0.022670, 0.030186, 0.003777, 0.030077, 0.111368, 0.030734, 0.036875, 0.060378, 0.015110, 0.044986, 0.472338, 0.711285, 0.009169, 0.023571, 0.024309, 0.125006, 0.551890, 0.008556, 0.005415, 0.026315, 0.054397, 0.094536, 0.014853, 0.031647, 0.023977, 0.028381, 0.023906, 0.030291, 0.004161, 0.021668, 0.014668, 0.069724, 0.016358, 0.041843, 0.052464, 0.020769, 0.022664, 0.004220, 0.142676, 0.047061, 0.032045, 0.003525, 0.000000, 0.000000, 0.000701, 0.001062, 0.001592
boraxo, 0.5, 2.0, 72, 0.012025, 0.140693, 0.021781, 0.013051, 0.009640, 0.060818, 0.051598, 0.044879, 0.062083, 0.042321, 0.018964, 10.754358, 0.002435, 0.003225, 0.003660, 0.004392, 0.273293, 0.038815, 0.045834, 0.008286, 0.046997, 0.370829, 0.048488, 0.135081, 0.255779, 0.006200, 0.075678, 0.922148, 1.311079, 0.014010, 0.027259, 0.039522, 0.271220, 0.874343, 0.010389, 0.005556, 0.039450, 0.081995, 0.126304, 0.021405, 0.047602, 0.040637, 0.048018, 0.040363, 0.047387, 0.005671, 0.032936, 0.020866, 0.157126, 0.019715, 0.084452, 0.205996, 0.029235, 0.032254, 0.005477, 0.198720, 0.081516, 0.044916, 0.005170, , , 0.001477, 0.002096, 0.002809
boraxo, 0.5, 2.0, 36, 0.023474, 0.272459, 0.035550, 0.025341, 0.015437, 0.085151, 0.064805, 0.052059, 0.089058, 0.059990, 0.021917, 9.553126, 0.003268, 0.001933, 0.003365, 0.006930, 0.257985, 0.052219, 0.093764, 0.007617, 0.093588, 0.396280, 0.072247, 0.135524, 0.244313, 0.008854, 0.102593, 1.855917, 2.637941, 0.023837, 0.047035, 0.060194, 0.453190, 1.752077, 0.012892, 0.006941, 0.074354, 0.149845, 0.221262, 0.041173, 0.072158, 0.082849, 0.092041, 0.082679, 0.072084, 0.010363, 0.060806, 0.037923, 0.176605, 0.036344, 0.058376, 0.077472, 0.057469, 0.063438, 0.009012, 0.395034, 0.116544, 0.101460, 0.008154, , , 0.001429, 0.002392, 0.005136
boraxo, 0.5, 2.0, 32, 0.026297, 0.304815, 0.039685, 0.028218, 0.016851, 0.106425, 0.066689, 0.052330, 0.086209, 0.074912, 0.022674, 8.761786, 0.003563, 0.001577, 0.003198, 0.007470, 0.250453, 0.060550, 0.104974, 0.007490, 0.105038, 0.294660, 0.080878, 0.136522, 0.271155, 0.010765, 0.119999, 2.056835, 2.917250, 0.027052, 0.052538, 0.067014, 0.504365, 1.951308, 0.013728, 0.007897, 0.082253, 0.169028, 0.239996, 0.045620, 0.080139, 0.093393, 0.103578, 0.093330, 0.080416, 0.011746, 0.068130, 0.042605, 0.202299, 0.040437, 0.045747, 0.065726, 0.063611, 0.070239, 0.009907, 0.443686, 0.138506, 0.105270, 0.008731, , , 0.001376, 0.002357, 0.005588
boraxo, 0.5, 2.0, 18, 0.022013, 0.260545, 0.035129, 0.037533, 0.015856, 0.098039, 0.056216, 0.054036, 0.085295, 0.062556, 0.020760, 4.660863, 0.003190, 0.001301, 0.002821, 0.007073, 0.281702, 0.052622, 0.087475, 0.011028, 0.087350, 0.401458, 0.070352, 0.136837, 0.257331, 0.010026, 0.100759, 0.512251, 0.670914, 0.038331, 0.022709, 0.058225, 0.437050, 0.319799, 0.010095, 0.007956, 0.063203, 0.141648, 0.211831, 0.016569, 0.069637, 0.079169, 0.086109, 0.078652, 0.069404, 0.011785, 0.067649, 0.043211, 0.177777, 0.035999, 0.029365, 0.029084, 0.084159, 0.084039, 0.009547, 0.349063, 0.120133, 0.096834, 0.012552, , , 0.001710, 0.002416, 0.004899
boraxo, 0.5, 2.0, 16, 0.025142, 0.291951, 0.039609, 0.042194, 0.017600, 0.111207, 0.060491, 0.049242, 0.103637, 0.078355, 0.024249, 4.619005, 0.003227, 0.001297, 0.002991, 0.007516, 0.257530, 0.061725, 0.099797, 0.011969, 0.099924, 0.394164, 0.080722, 0.138621, 0.269639, 0.010983, 0.118523, 0.549964, 0.736581, 0.043349, 0.023303, 0.065760, 0.503192, 0.366485, 0.009815, 0.008434, 0.070318, 0.161830, 0.238770, 0.017324, 0.078920, 0.090633, 0.099487, 0.090014, 0.078686, 0.013789, 0.074473, 0.047781, 0.203377, 0.040279, 0.027254, 0.023465, 0.092883, 0.093177, 0.010493, 0.392454, 0.139577, 0.106602, 0.013921, , , 0.001786, 0.002179, 0.005464
boraxo, 0.5, 2.0, 8, 0.061290, 0.566291, 0.085824, 0.085525, 0.037910, 0.298900, 0.131080, 0.129585, 0.180800, 0.206249, 0.054350, 3.739255, 0.005656, 0.001309, 0.006329, 0.013907, 0.338696, 0.171371, 0.267934, 0.022397, 0.271846, 0.384389, 0.229551, 0.225748, 0.413327, 0.025397, 0.329273, 1.097335, 1.472769, 0.079640, 0.035005, 0.182400, 1.547142, 0.729795, 0.008696, 0.014886, 0.130029, 0.406589, 0.590200, 0.031864, 0.224960, 0.239108, 0.232228, 0.235831, 0.226597, 0.030084, 0.147490, 0.096277, 0.430847, 0.080874, 0.018235, 0.009425, 0.185301, 0.185499, 0.021117, 0.783493, 0.357465, 0.205287, 0.028611, , , 0.002937, 0.005225, 0.013197
boraxo, 0.5, 2.0, 4, 0.116132, 1.124472, 0.145314, 0.170085, 0.075471, 0.450236, 0.270958, 0.270916, 0.345864, 0.305054, 0.107458, 3.902464, 0.011133, 0.002449, 0.012402, 0.027642, 0.465292, 0.279223, 0.513563, 0.044394, 0.522407, 0.637047, 0.387197, 0.399533, 0.671980, 0.041223, 0.537099, 2.222182, 2.946020, 0.158475, 0.073673, 0.306732, 2.982204, 1.443753, 0.016600, 0.029138, 0.249582, 0.797363, 1.145504, 0.066859, 0.387787, 0.468227, 0.447129, 0.454253, 0.384959, 0.057250, 0.288693, 0.192589, 0.735417, 0.159846, 0.022762, 0.012885, 0.369746, 0.371159, 0.041200, 1.565115, 0.597796, 0.411112, 0.056409, , , 0.005846, 0.010810, 0.026001
catalyst, 0.5, 2.0, 48, 0.022171, 0.182248, 0.086168, 0.017599, 0.025223, 0.307721, 0.098609, 0.098534, 0.091806, 0.220700, 0.044713, 6.077218, 0.011310, 0.001966, 0.003510, 0.021904, 0.533857, 0.094096, 0.084874, 0.007766, 0.085358, 0.703685, 0.068820, 0.217651, 0.479363, 0.039527, 0.158461, 2.166567, 3.076132, 0.030600, 0.053554, 0.067316, 0.503950, 2.005844, 0.016670, 0.007564, 0.079537, 0.137631, 0.237455, 0.046968, 0.066775, 0.074151, 0.072134, 0.075278, 0.067214, 0.013047, 0.062525, 0.046105, 0.492308, 0.040495, 0.064923, 0.068768, 0.045221, 0.045307, 0.011857, 0.273663, 0.266484, 0.086066, 0.007355, , , 0.001669, 0.003176, 0.004726
catalyst, 0.5, 2.0, 24, 0.036441, 0.348603, 0.108124, 0.032277, 0.044833, 0.324251, 0.164649, 0.164781, 0.165859, 0.231261, 0.075498, 4.149126, 0.021751, 0.001569, 0.003938, 0.042794, 0.550146, 0.109114, 0.138989, 0.010677, 0.140270, 0.696584, 0.115053, 0.230751, 0.485136, 0.076181, 0.194487, 4.275631, 6.152055, 0.052733, 0.093829, 0.098811, 0.829410, 3.975255, 0.029437, 0.009612, 0.120628, 0.228108, 0.404218, 0.088622, 0.113663, 0.126447, 0.115889, 0.123702, 0.107775, 0.023252, 0.118766, 0.078499, 0.552411, 0.077650, 0.037282, 0.032004, 0.088666, 0.088611, 0.021450, 0.543295, 0.275410, 0.164459, 0.013062, , , 0.002116, 0.004488, 0.007340
catalyst, 0.5, 2.0, 16, 0.051345, 0.529009, 0.162338, 0.047488, 0.065177, 0.447834, 0.237247, 0.237499, 0.224075, 0.307033, 0.100013, 4.592385, 0.032268, 0.001620, 0.004752, 0.063747, 0.461957, 0.191798, 0.203160, 0.014444, 0.203321, 0.398351, 0.184224, 0.307233, 0.607427, 0.115120, 0.406086, 6.422493, 9.170558, 0.081209, 0.132492, 0.152477, 1.224591, 5.932532, 0.031932, 0.012294, 0.162157, 0.337702, 0.589007, 0.129442, 0.183954, 0.178116, 0.158332, 0.178489, 0.184521, 0.035324, 0.177449, 0.113368, 0.616888, 0.115567, 0.033136, 0.019620, 0.132001, 0.132091, 0.031994, 0.810256, 0.464807, 0.235692, 0.017263, , , 0.002537, 0.006098, 0.010192
catalyst, 0.5, 2.0, 12, 0.037769, 0.332691, 0.115229, 0.048705, 0.062435, 0.321339, 0.158824, 0.158824, 0.177569, 0.223297, 0.070719, 3.431920, 0.021263, 0.001470, 0.004055, 0.042229, 0.603608, 0.110668, 0.142723, 0.012274, 0.142005, 0.678351, 0.124080, 0.228669, 0.520007, 0.105443, 0.202733, 4.268569, 6.094687, 0.067637, 0.090790, 0.105777, 0.838379, 3.989087, 0.024204, 0.010305, 0.124591, 0.248256, 0.427526, 0.087705, 0.120002, 0.121718, 0.116925, 0.122596, 0.122932, 0.025477, 0.135286, 0.091681, 0.498457, 0.083309, 0.025377, 0.015430, 0.117273, 0.116873, 0.022346, 0.496154, 0.300839, 0.161350, 0.014526, , , 0.002090, 0.004353, 0.007307
catalyst, 0.5, 2.0, 8, 0.059346, 0.498292, 0.169574, 0.076692, 0.094469, 0.532670, 0.234916, 0.233184, 0.264928, 0.372888, 0.100944, 3.869591, 0.032239, 0.001981, 0.005684, 0.063873, 0.515992, 0.274262, 0.234733, 0.017489, 0.234859, 0.569424, 0.288149, 0.340901, 0.601033, 0.157920, 0.548795, 6.360950, 9.124142, 0.099308, 0.134818, 0.236674, 1.453509, 6.000425, 0.033631, 0.014600, 0.187444, 0.400349, 0.664983, 0.130919, 0.282697, 0.203390, 0.189889, 0.206085, 0.283812, 0.041948, 0.202240, 0.131154, 0.683264, 0.124676, 0.019323, 0.014234, 0.175326, 0.174114, 0.033528, 0.744246, 0.596719, 0.243488, 0.021838, , , 0.002761, 0.006435, 0.011696
catalyst, 0.5, 2.0, 4, 0.149625, 0.995667, 0.325001, 0.150499, 0.190924, 0.772898, 0.456486, 0.450380, 0.482529, 0.536231, 0.194861, 3.148092, 0.061566, 0.003054, 0.012472, 0.123427, 0.816114, 0.447233, 0.597062, 0.034130, 0.596756, 0.861020, 0.662088, 0.590409, 0.988141, 0.307962, 0.944541, 12.586362, 18.149335, 0.178983, 0.261421, 0.520182, 3.747836, 11.833350, 0.058371, 0.030740, 0.389314, 1.018053, 1.495742, 0.256929, 0.669777, 0.536876, 0.457670, 0.541713, 0.670975, 0.083492, 0.397982, 0.255685, 1.080042, 0.247060, 0.016306, 0.010892, 0.345619, 0.344316, 0.066094, 1.473567, 1.005843, 0.478960, 0.045521, , , 0.004629, 0.011621, 0.029766
ec2-c5n, 0.5, 2.0, 72, 0.010165, 0.093817, 0.019440, 0.011827, 0.014966, 0.051578, 0.087178, 0.063000, 0.093779, 0.036735, 0.027520, 4.163289, 0.003023, 0.003214, 0.003438, 0.005247, 0.277921, 0.038601, 0.039205, 0.007093, 0.040008, 0.265083, 0.046789, 0.137834, 0.197576, 0.006359, 0.074683, 0.620019, 0.879969, 0.011321, 0.020484, 0.036192, 0.229679, 0.585701, 0.008029, 0.005581, 0.035743, 0.069105, 0.113367, 0.014649, 0.045847, 0.033814, 0.043880, 0.033536, 0.045529, 0.007669, 0.023910, 0.021439, 0.083276, 0.023251, 0.073622, 0.159555, 0.020547, 0.020337, 0.006924, 0.132083, 0.076054, 0.037339, 0.003993, , , 0.001297, 0.001830, 0.002180
ec2-c5n, 0.5, 2.0, 36, 0.021865, 0.181800, 0.031282, 0.021879, 0.025320, 0.079777, 0.138172, 0.091349, 0.124168, 0.056570, 0.037597, 3.738936, 0.004598, 0.002623, 0.003012, 0.009250, 0.262357, 0.047386, 0.085753, 0.005687, 0.085692, 0.297339, 0.064280, 0.093295, 0.213015, 0.010792, 0.093065, 1.245028, 1.768149, 0.017931, 0.033605, 0.053609, 0.423315, 1.182286, 0.009801, 0.007163, 0.066433, 0.137655, 0.192985, 0.027899, 0.063804, 0.077206, 0.087172, 0.076972, 0.063924, 0.015229, 0.044984, 0.041216, 0.101706, 0.044082, 0.046651, 0.058769, 0.039934, 0.039959, 0.012976, 0.262403, 0.107050, 0.076987, 0.006335, , , 0.001425, 0.002002, 0.004632
ec2-c5n, 0.5, 2.0, 32, 0.023541, 0.203590, 0.035170, 0.024319, 0.028205, 0.104555, 0.152590, 0.098439, 0.135864, 0.073184, 0.040502, 3.647958, 0.005027, 0.002524, 0.002966, 0.010281, 0.256206, 0.056081, 0.093091, 0.005697, 0.092992, 0.241341, 0.072843, 0.119866, 0.228783, 0.011992, 0.111279, 1.381775, 1.950104, 0.020440, 0.038800, 0.060099, 0.445042, 1.304095, 0.010638, 0.008168, 0.072805, 0.150211, 0.209168, 0.030693, 0.071402, 0.083912, 0.093306, 0.083640, 0.071794, 0.017174, 0.050417, 0.046306, 0.121239, 0.049253, 0.045068, 0.049146, 0.044156, 0.044156, 0.014508, 0.294620, 0.131670, 0.084650, 0.006814, , , 0.001479, 0.002030, 0.004942
ec2-c5n, 0.5, 2.0, 18, 0.020368, 0.172658, 0.034006, 0.031639, 0.032658, 0.086536, 0.131324, 0.091940, 0.114994, 0.059769, 0.040077, 2.780672, 0.004629, 0.001894, 0.002627, 0.008944, 0.281268, 0.052274, 0.080036, 0.007781, 0.080156, 0.296838, 0.063473, 0.133731, 0.210651, 0.012792, 0.096647, 0.365431, 0.472717, 0.029110, 0.017053, 0.051338, 0.405473, 0.286915, 0.008728, 0.008180, 0.059483, 0.128618, 0.188104, 0.011605, 0.065285, 0.072323, 0.080803, 0.072421, 0.065818, 0.016580, 0.049840, 0.045481, 0.105701, 0.039869, 0.028162, 0.023994, 0.059135, 0.059206, 0.012351, 0.236367, 0.111709, 0.072872, 0.009075, , , 0.002022, 0.002026, 0.004373
ec2-c5n, 0.5, 2.0, 16, 0.022540, 0.193945, 0.038310, 0.035645, 0.036699, 0.109988, 0.145909, 0.101390, 0.136843, 0.077270, 0.044802, 2.711706, 0.004862, 0.001906, 0.002743, 0.009856, 0.254342, 0.061953, 0.088799, 0.008373, 0.088745, 0.296469, 0.073576, 0.121639, 0.232184, 0.013593, 0.113111, 0.397075, 0.526526, 0.032982, 0.016513, 0.059447, 0.448809, 0.291939, 0.008811, 0.008551, 0.066223, 0.144628, 0.208417, 0.013169, 0.074474, 0.080011, 0.088878, 0.080034, 0.072997, 0.019205, 0.055961, 0.051016, 0.125885, 0.044727, 0.025380, 0.022181, 0.066029, 0.065563, 0.013789, 0.265814, 0.133460, 0.082092, 0.010018, , , 0.002166, 0.001816, 0.004710
ec2-c5n, 0.5, 2.0, 8, 0.058358, 0.387673, 0.088776, 0.073680, 0.076080, 0.293339, 0.279435, 0.190855, 0.252771, 0.205700, 0.084454, 2.337751, 0.008784, 0.002484, 0.006321, 0.018669, 0.342737, 0.172408, 0.234817, 0.014979, 0.237403, 0.363977, 0.227310, 0.198174, 0.412869, 0.028411, 0.335187, 0.750565, 0.986622, 0.058235, 0.026965, 0.178632, 1.406940, 0.532949, 0.007387, 0.015279, 0.125044, 0.382144, 0.532990, 0.025247, 0.220279, 0.213862, 0.236691, 0.209836, 0.223742, 0.041717, 0.108893, 0.103888, 0.296820, 0.090060, 0.011263, 0.007693, 0.129924, 0.130828, 0.028309, 0.530025, 0.346287, 0.163569, 0.022239, , , 0.003785, 0.004328, 0.011711
ec2-c5n, 0.5, 2.0, 4, 0.115351, 0.769229, 0.146988, 0.146336, 0.151841, 0.392405, 0.557829, 0.383893, 0.487286, 0.272767, 0.167022, 2.409680, 0.017387, 0.004737, 0.012641, 0.037154, 0.444396, 0.280634, 0.457319, 0.029749, 0.461953, 0.559899, 0.378602, 0.303868, 0.666341, 0.053158, 0.528760, 1.479818, 1.971733, 0.115621, 0.049590, 0.299802, 2.757207, 1.298637, 0.012802, 0.029587, 0.249203, 0.745922, 1.071916, 0.046705, 0.377919, 0.412667, 0.456490, 0.406844, 0.376682, 0.080990, 0.218357, 0.203031, 0.467570, 0.178758, 0.013610, 0.010777, 0.261498, 0.260301, 0.056980, 1.060098, 0.575282, 0.324426, 0.042902, , , 0.007531, 0.008550, 0.023124
ec2-c6a, 0.5, 2.0, 192, 0.011772, 0.017421, 0.013748, 0.006248, 0.010109, 0.030879, 0.059536, 0.055304, 0.033399, 0.023767, 0.023938, 27.129363, 0.003223, 0.008032, 0.008900, 0.004540, 0.026004, 0.025580, 0.044617, 0.016021, 0.043276, 0.206836, 0.030920, 0.025642, 0.041143, 0.004855, 0.044050, 0.101408, 0.137332, 0.011424, 0.008015, 0.048418, 0.300594, 0.088133, 0.016336, 0.004156, 0.044344, 0.073007, 0.112445, 0.005413, 0.031328, 0.039079, 0.062381, 0.037745, 0.031349, 0.004091, 0.010287, 0.008340, 0.028601, 0.009917, 0.133474, 0.455665, 0.009199, 0.008998, 0.003589, 0.013925, 0.039871, 0.013452, 0.004017, , , 0.002243, 0.002561, 0.003307
ec2-c6a, 0.5, 2.0, 96, 0.014444, 0.022781, 0.013630, 0.008529, 0.011714, 0.027105, 0.058555, 0.046872, 0.029733, 0.021585, 0.020375, 8.813647, 0.003116, 0.003688, 0.004615, 0.005609, 0.030467, 0.026944, 0.050587, 0.006904, 0.052457, 0.198939, 0.036268, 0.026654, 0.039660, 0.004795, 0.040851, 0.179580, 0.236682, 0.017586, 0.008041, 0.044033, 0.245978, 0.152386, 0.015752, 0.004760, 0.094446, 0.068882, 0.100988, 0.007607, 0.034368, 0.043291, 0.052473, 0.047243, 0.035039, 0.005107, 0.015129, 0.011658, 0.030963, 0.012548, 0.074680, 0.091882, 0.011353, 0.011335, 0.004715, 0.023528, 0.039581, 0.021586, 0.004001, , , 0.001548, 0.002042, 0.003961
ec2-c6a, 0.5, 2.0, 48, 0.012691, 0.029788, 0.012962, 0.010542, 0.012508, 0.025889, 0.041833, 0.034915, 0.032621, 0.019761, 0.015572, 3.284826, 0.003023, 0.002123, 0.003263, 0.005314, 0.030729, 0.024332, 0.038032, 0.003810, 0.039987, 0.193426, 0.030835, 0.026421, 0.037085, 0.004883, 0.034699, 0.079983, 0.114886, 0.017112, 0.004720, 0.034819, 0.175589, 0.074465, 0.015107, 0.004279, 0.053273, 0.053697, 0.077562, 0.003744, 0.028800, 0.034126, 0.039869, 0.036717, 0.029858, 0.005294, 0.016395, 0.012129, 0.029321, 0.012195, 0.038994, 0.026611, 0.014872, 0.014967, 0.004560, 0.040283, 0.035845, 0.022489, 0.004149, , , 0.001423, 0.001531, 0.003519
ec2-c6a, 0.5, 2.0, 32, 0.017366, 0.041431, 0.017887, 0.015772, 0.018120, 0.030627, 0.052713, 0.042579, 0.045434, 0.024632, 0.018200, 2.885059, 0.003440, 0.001984, 0.003485, 0.007028, 0.035570, 0.031310, 0.046962, 0.003540, 0.046964, 0.232495, 0.037498, 0.031288, 0.045402, 0.006153, 0.042227, 0.116304, 0.165140, 0.018263, 0.005582, 0.037319, 0.199169, 0.108410, 0.011777, 0.005784, 0.061357, 0.066378, 0.097465, 0.004609, 0.033930, 0.042333, 0.048858, 0.058528, 0.035449, 0.006647, 0.023009, 0.016494, 0.037598, 0.017111, 0.025976, 0.020260, 0.021168, 0.021191, 0.005917, 0.058659, 0.044317, 0.031903, 0.006086, , , 0.001475, 0.001578, 0.004815
ec2-c6a, 0.5, 2.0, 16, 0.020498, 0.077886, 0.033054, 0.030691, 0.036738, 0.036048, 0.092350, 0.075675, 0.087187, 0.029157, 0.032174, 2.675590, 0.004905, 0.001928, 0.004265, 0.012797, 0.119066, 0.046265, 0.055541, 0.004458, 0.053691, 0.234647, 0.045919, 0.069460, 0.142748, 0.010297, 0.050271, 0.226898, 0.317796, 0.027628, 0.008566, 0.040987, 0.287217, 0.215230, 0.008520, 0.007970, 0.053592, 0.090393, 0.145660, 0.007333, 0.040362, 0.049431, 0.063428, 0.049348, 0.042008, 0.011685, 0.044130, 0.032430, 0.055642, 0.032228, 0.013504, 0.010276, 0.041384, 0.041454, 0.010333, 0.115164, 0.054886, 0.061622, 0.010049, , , 0.002202, 0.003636, 0.006082
ec2-c6a, 0.5, 2.0, 8, 0.019878, 0.148227, 0.063533, 0.057755, 0.064848, 0.119930, 0.172091, 0.133040, 0.168460, 0.087459, 0.056601, 2.840082, 0.008156, 0.002267, 0.004793, 0.023468, 0.364289, 0.067809, 0.076010, 0.007222, 0.065508, 0.552112, 0.050474, 0.184582, 0.426562, 0.019846, 0.079368, 0.435652, 0.608943, 0.051042, 0.014703, 0.051215, 0.435110, 0.411128, 0.009177, 0.008222, 0.084979, 0.135836, 0.242442, 0.013290, 0.043998, 0.067335, 0.106017, 0.054299, 0.044959, 0.023965, 0.084458, 0.080984, 0.222710, 0.060766, 0.010840, 0.009209, 0.080030, 0.079989, 0.018889, 0.222840, 0.152384, 0.118933, 0.014896, , , 0.003111, 0.004165, 0.006419
ec2-c6a, 0.5, 2.0, 4, 0.050791, 0.294397, 0.144139, 0.106151, 0.117930, 0.441630, 0.338384, 0.261284, 0.320156, 0.310234, 0.109567, 2.252060, 0.015392, 0.003456, 0.007995, 0.045920, 0.590130, 0.246755, 0.182656, 0.013611, 0.187569, 0.607441, 0.267852, 0.343206, 0.791193, 0.041769, 0.493189, 0.868117, 1.216961, 0.100384, 0.026904, 0.217382, 1.184136, 0.833036, 0.007483, 0.015198, 0.163443, 0.337432, 0.507938, 0.025759, 0.268538, 0.166944, 0.223848, 0.158560, 0.264476, 0.059536, 0.168839, 0.170761, 0.496182, 0.121611, 0.005972, 0.004677, 0.159549, 0.159780, 0.037270, 0.443042, 0.563610, 0.237387, 0.025367, , , 0.005757, 0.006502, 0.011807
ec2-c6i, 0.5, 2.0, 128, 0.008245, 0.055702, 0.008865, 0.006847, 0.010077, 0.015117, 0.051401, 0.050207, 0.035444, 0.011528, 0.020334, 2.970918, 0.002406, 0.003601, 0.003371, 0.004047, 0.038342, 0.015514, 0.032409, 0.006818, 0.031838, 0.237889, 0.018329, 0.022819, 0.059172, 0.003333, 0.018430, 0.206959, 0.251289, 0.008532, 0.009355, 0.023341, 0.180964, 0.109235, 0.005516, 0.002464, 0.031876, 0.057663, 0.083443, 0.007826, 0.016751, 0.028956, 0.037384, 0.028751, 0.016778, 0.004416, 0.013483, 0.010461, 0.028706, 0.012001, 0.105651, 0.124549, 0.012547, 0.012528, 0.003840, 0.197917, 0.020828, 0.019757, 0.002956, , , 0.001090, 0.001567, 0.001698
ec2-c6i, 0.5, 2.0, 64, 0.007778, 0.102041, 0.018554, 0.011015, 0.014766, 0.046880, 0.059999, 0.059631, 0.057224, 0.032916, 0.024073, 2.735194, 0.003001, 0.002272, 0.002189, 0.005577, 0.081061, 0.036701, 0.030205, 0.004538, 0.030592, 0.191111, 0.031119, 0.041591, 0.088060, 0.005156, 0.066403, 0.416798, 0.497864, 0.010219, 0.014385, 0.024772, 0.178108, 0.206526, 0.005400, 0.002642, 0.046525, 0.062599, 0.103003, 0.013307, 0.030153, 0.027533, 0.033005, 0.026908, 0.029377, 0.007447, 0.024306, 0.019347, 0.053347, 0.021020, 0.052231, 0.047847, 0.023987, 0.023977, 0.006541, 0.151808, 0.063762, 0.037244, 0.003679, , , 0.000953, 0.001202, 0.001459
ec2-c6i, 0.5, 2.0, 32, 0.006461, 0.091160, 0.016140, 0.016701, 0.018053, 0.047000, 0.053817, 0.053157, 0.053602, 0.033050, 0.020840, 2.401023, 0.002773, 0.001609, 0.001740, 0.005311, 0.083554, 0.036147, 0.025415, 0.004811, 0.025176, 0.188659, 0.031263, 0.042253, 0.091689, 0.005237, 0.065624, 0.112607, 0.158914, 0.015576, 0.004870, 0.020911, 0.153508, 0.105486, 0.004385, 0.002797, 0.029765, 0.050645, 0.084302, 0.004124, 0.028059, 0.022861, 0.043969, 0.020179, 0.026163, 0.007273, 0.024117, 0.018153, 0.052734, 0.015873, 0.034202, 0.026003, 0.027515, 0.027536, 0.005610, 0.136274, 0.063460, 0.036095, 0.004997, , , 0.001214, 0.000977, 0.001274
ec2-c6i, 0.5, 2.0, 16, 0.034882, 0.180660, 0.032006, 0.033032, 0.034549, 0.094422, 0.092557, 0.091979, 0.098852, 0.064608, 0.035545, 2.176836, 0.003948, 0.001278, 0.003521, 0.009192, 0.195619, 0.071025, 0.100653, 0.007510, 0.102597, 0.131606, 0.094239, 0.104044, 0.220548, 0.010738, 0.136350, 0.221672, 0.314129, 0.025975, 0.008529, 0.082000, 0.506041, 0.206711, 0.003234, 0.008633, 0.053931, 0.186824, 0.253104, 0.007876, 0.091988, 0.085091, 0.146494, 0.085667, 0.091886, 0.014564, 0.046900, 0.041940, 0.132009, 0.030652, 0.012535, 0.005271, 0.053926, 0.053931, 0.010834, 0.271907, 0.134047, 0.071746, 0.009553, , , 0.001863, 0.001176, 0.004828
ec2-c6i, 0.5, 2.0, 8, 0.061232, 0.360760, 0.060075, 0.066914, 0.072999, 0.163333, 0.180892, 0.180410, 0.196179, 0.114667, 0.069450, 2.214100, 0.007635, 0.002200, 0.005639, 0.018157, 0.236393, 0.108100, 0.249882, 0.014491, 0.249403, 0.226618, 0.187556, 0.146334, 0.313814, 0.020829, 0.215153, 0.445437, 0.628030, 0.051478, 0.017147, 0.132895, 1.135811, 0.414946, 0.004883, 0.013871, 0.086603, 0.389990, 0.477925, 0.015905, 0.189914, 0.225674, 0.246433, 0.225300, 0.191860, 0.029531, 0.093294, 0.081625, 0.217749, 0.061074, 0.009069, 0.005720, 0.107681, 0.107641, 0.021467, 0.543645, 0.245526, 0.143204, 0.019952, , , 0.003628, 0.006259, 0.012505
ec2-c6i, 0.5, 2.0, 4, 0.067562, 0.721008, 0.110187, 0.125743, 0.133582, 0.278029, 0.358909, 0.355166, 0.376122, 0.195082, 0.137904, 2.275250, 0.015076, 0.004168, 0.007545, 0.036021, 0.303658, 0.192426, 0.272152, 0.028699, 0.273246, 0.392223, 0.232122, 0.253239, 0.511815, 0.040362, 0.360251, 0.897064, 1.259906, 0.102576, 0.032807, 0.181106, 1.485503, 0.832255, 0.008540, 0.017452, 0.163949, 0.445768, 0.595316, 0.030597, 0.231907, 0.248609, 0.292688, 0.247816, 0.233343, 0.059011, 0.186127, 0.158840, 0.364047, 0.122077, 0.008967, 0.007601, 0.215321, 0.215212, 0.043046, 1.087115, 0.434432, 0.285584, 0.035404, , , 0.007184, 0.007128, 0.013638
mammoth, 0.5, 2.0, 256, 0.029525, 0.038237, 0.013319, 0.009911, 0.022440, 0.035471, 0.132536, 0.129162, 0.036772, 0.023507, 0.055122, 3.203464, 0.003436, 0.006447, 0.007120, 0.004968, 0.021017, 0.032505, 0.114728, 0.013596, 0.113294, 0.239352, 0.055657, 0.021455, 0.037265, 0.005099, 0.059078, 0.105617, 0.139695, 0.014782, 0.017013, 0.090648, 0.740758, 0.085972, 0.014809, 0.007894, 0.109145, 0.199889, 0.284006, 0.009614, 0.055573, 0.098190, 0.112896, 0.099466, 0.055825, 0.009965, 0.015472, 0.016387, 0.025674, 0.016828, 0.301490, 0.180808, 0.012679, 0.013350, 0.009304, 0.039845, 0.044781, 0.022696, 0.008532, , , 0.004187, 0.006495, 0.007125
mammoth, 0.5, 2.0, 128, 0.019098, 0.038058, 0.011839, 0.009214, 0.017599, 0.023376, 0.100332, 0.083781, 0.030937, 0.017776, 0.034757, 2.998919, 0.003182, 0.003817, 0.005058, 0.005152, 0.021727, 0.024748, 0.070410, 0.008954, 0.070597, 0.226938, 0.038166, 0.021440, 0.027200, 0.004874, 0.042656, 0.158578, 0.215822, 0.010211, 0.013676, 0.055938, 0.438660, 0.129670, 0.012665, 0.005738, 0.101417, 0.111433, 0.176412, 0.009266, 0.037942, 0.061438, 0.067604, 0.062819, 0.038705, 0.007857, 0.015561, 0.014734, 0.025821, 0.015376, 0.162672, 0.075824, 0.014301, 0.014747, 0.007628, 0.065993, 0.032916, 0.025235, 0.006525, , , 0.003092, 0.004879, 0.005147
mammoth, 0.5, 2.0, 64, 0.009558, 0.048878, 0.007870, 0.010374, 0.014215, 0.014224, 0.052021, 0.040360, 0.037914, 0.011152, 0.017717, 2.251655, 0.002115, 0.001902, 0.003480, 0.004086, 0.017697, 0.015412, 0.033592, 0.005139, 0.033691, 0.224962, 0.021672, 0.017121, 0.019093, 0.003771, 0.024426, 0.120893, 0.162356, 0.010685, 0.007160, 0.032363, 0.212658, 0.091502, 0.010732, 0.003426, 0.049810, 0.052009, 0.084561, 0.004522, 0.021426, 0.029909, 0.034751, 0.030489, 0.022536, 0.005079, 0.012342, 0.010005, 0.020323, 0.009928, 0.075627, 0.042369, 0.016192, 0.015875, 0.004929, 0.067683, 0.020368, 0.019534, 0.005191, , , 0.001853, 0.002862, 0.003112
mammoth, 0.5, 2.0, 32, 0.011640, 0.087722, 0.011584, 0.017067, 0.020827, 0.015592, 0.061075, 0.038004, 0.044019, 0.013154, 0.018795, 2.144596, 0.002755, 0.001362, 0.003397, 0.007082, 0.029768, 0.019527, 0.035737, 0.004604, 0.037538, 0.188499, 0.023180, 0.030951, 0.025297, 0.004699, 0.026101, 0.207162, 0.267088, 0.017405, 0.006520, 0.030717, 0.179689, 0.148893, 0.007356, 0.003500, 0.043390, 0.054236, 0.091659, 0.005535, 0.021522, 0.043031, 0.037260, 0.041710, 0.021647, 0.006589, 0.022582, 0.017519, 0.040920, 0.013042, 0.036765, 0.020576, 0.029719, 0.029073, 0.006297, 0.132437, 0.027680, 0.034620, 0.005430, , , 0.001562, 0.001695, 0.003599
mammoth, 0.5, 2.0, 16, 0.011859, 0.170051, 0.020777, 0.032475, 0.039135, 0.021561, 0.104907, 0.059042, 0.075402, 0.016435, 0.030278, 2.115919, 0.005100, 0.001427, 0.003675, 0.013579, 0.184091, 0.023332, 0.041126, 0.005879, 0.039474, 0.205800, 0.028884, 0.079613, 0.226162, 0.008078, 0.032659, 0.376446, 0.494900, 0.029875, 0.008508, 0.027691, 0.222217, 0.318957, 0.008913, 0.004834, 0.042519, 0.066895, 0.122979, 0.009065, 0.024678, 0.043487, 0.041373, 0.034442, 0.025011, 0.009066, 0.043045, 0.033392, 0.203008, 0.020296, 0.023308, 0.009475, 0.056913, 0.056622, 0.009293, 0.263291, 0.036196, 0.063134, 0.008748, , , 0.001875, 0.002720, 0.003975
mammoth, 0.5, 2.0, 8, 0.017333, 0.336422, 0.070180, 0.063502, 0.076257, 0.208313, 0.198323, 0.105081, 0.137998, 0.146910, 0.053994, 2.071137, 0.010225, 0.003274, 0.004177, 0.027025, 0.362289, 0.065947, 0.064675, 0.009726, 0.061545, 0.627796, 0.051215, 0.219879, 0.504579, 0.020376, 0.123660, 0.711206, 1.011084, 0.057337, 0.014171, 0.050581, 0.382659, 0.632867, 0.012244, 0.007468, 0.069233, 0.117753, 0.218735, 0.016662, 0.055235, 0.055593, 0.066326, 0.055864, 0.054613, 0.020532, 0.087813, 0.091339, 0.541020, 0.038546, 0.015915, 0.012026, 0.113399, 0.112941, 0.016627, 0.525225, 0.227080, 0.126794, 0.015533, , , 0.002437, 0.003277, 0.005287
mammoth, 0.5, 2.0, 4, 0.059327, 0.681779, 0.212441, 0.129299, 0.156085, 0.641866, 0.393061, 0.205073, 0.272536, 0.448813, 0.103282, 2.048155, 0.019990, 0.002021, 0.008092, 0.053360, 0.691134, 0.435551, 0.243925, 0.018328, 0.244006, 1.355086, 0.560639, 0.413106, 0.925723, 0.059252, 0.864747, 1.211617, 1.710680, 0.115434, 0.029299, 0.375885, 1.930554, 1.096769, 0.015946, 0.018698, 0.143899, 0.383366, 0.552260, 0.037907, 0.554112, 0.298901, 0.304599, 0.292133, 0.559947, 0.056630, 0.176150, 0.183115, 1.048303, 0.078287, 0.014480, 0.014124, 0.228967, 0.228012, 0.033276, 1.063727, 0.881646, 0.255847, 0.033359, , , 0.003678, 0.004542, 0.014851
poodle, 0.5, 2.0, 224, 0.011384, 0.044670, 0.009155, 0.005512, 0.009318, 0.012580, 0.055938, 0.055797, 0.010847, 0.009229, 0.020119, 33.470178, 0.003371, 0.014199, 0.014857, 0.003808, 0.014180, 0.012561, 0.043788, 0.030630, 0.043902, 0.147439, 0.022656, 0.010988, 0.014967, 0.002028, 0.022316, 0.150820, 0.199183, 0.008847, 0.009708, 0.036018, 0.261406, 0.137826, 0.012375, 0.003080, 0.052593, 0.085363, 0.115800, 0.006867, 0.022165, 0.039568, 0.085874, 0.039911, 0.022209, 0.003165, 0.008083, 0.005917, 0.011889, 0.007433, 0.154574, 1.350844, 0.008131, 0.008136, 0.003915, 0.054573, 0.018218, 0.009798, 0.004032, , , 0.002830, 0.002452, 0.002692
poodle, 0.5, 2.0, 112, 0.006623, 0.071239, 0.010219, 0.006968, 0.005859, 0.014082, 0.030720, 0.030637, 0.012980, 0.010822, 0.012123, 12.300243, 0.001462, 0.003804, 0.004192, 0.002372, 0.020689, 0.010220, 0.024076, 0.009223, 0.024073, 0.125706, 0.014408, 0.016270, 0.040348, 0.002156, 0.014393, 0.303180, 0.398536, 0.007005, 0.011198, 0.022324, 0.157733, 0.292086, 0.012487, 0.001961, 0.043846, 0.046112, 0.095899, 0.010019, 0.012896, 0.022087, 0.030245, 0.022533, 0.012955, 0.003308, 0.011877, 0.009416, 0.028999, 0.008797, 0.067586, 0.330326, 0.013543, 0.013532, 0.003267, 0.104251, 0.018580, 0.016122, 0.003593, , , 0.000994, 0.001428, 0.001694
poodle, 0.5, 2.0, 56, 0.005181, 0.060686, 0.009099, 0.009316, 0.004315, 0.016352, 0.022423, 0.021784, 0.014553, 0.014479, 0.008770, 3.804840, 0.000995, 0.001756, 0.002145, 0.001926, 0.020948, 0.008367, 0.018823, 0.005851, 0.018840, 0.113597, 0.011342, 0.017101, 0.040594, 0.002348, 0.011025, 0.077725, 0.103115, 0.010869, 0.004240, 0.015454, 0.112720, 0.078152, 0.011141, 0.001629, 0.032757, 0.031226, 0.058574, 0.002637, 0.010010, 0.017252, 0.019619, 0.017074, 0.010130, 0.003753, 0.011298, 0.009262, 0.028119, 0.007996, 0.044689, 0.114176, 0.015033, 0.014972, 0.002888, 0.090771, 0.019189, 0.015865, 0.002796, , , 0.000703, 0.001046, 0.001395
poodle, 0.5, 2.0, 32, 0.005169, 0.102454, 0.014146, 0.015543, 0.005320, 0.029828, 0.023653, 0.021901, 0.018423, 0.025784, 0.009126, 3.361454, 0.001258, 0.000817, 0.001188, 0.002832, 0.061479, 0.013452, 0.020195, 0.005706, 0.020733, 0.124330, 0.015630, 0.052421, 0.068311, 0.002572, 0.021723, 0.134560, 0.179930, 0.019289, 0.004095, 0.015754, 0.124546, 0.135537, 0.005554, 0.001422, 0.029354, 0.035014, 0.073433, 0.003109, 0.012690, 0.018394, 0.019406, 0.018107, 0.012920, 0.005761, 0.017994, 0.015831, 0.061873, 0.012134, 0.024196, 0.048305, 0.025500, 0.025510, 0.004052, 0.157554, 0.037979, 0.026506, 0.003434, , , 0.000478, 0.000908, 0.001196
poodle, 0.5, 2.0, 16, 0.012513, 0.203477, 0.027594, 0.031423, 0.009912, 0.063606, 0.029669, 0.029667, 0.031723, 0.044885, 0.014713, 2.753545, 0.002204, 0.000495, 0.001498, 0.005342, 0.305747, 0.037561, 0.053090, 0.008829, 0.054809, 0.122449, 0.050112, 0.139376, 0.227528, 0.006128, 0.074401, 0.282094, 0.371730, 0.026940, 0.006826, 0.035082, 0.299817, 0.292594, 0.004563, 0.003312, 0.036587, 0.074649, 0.114275, 0.006252, 0.048826, 0.048233, 0.051929, 0.047788, 0.048664, 0.011054, 0.035876, 0.037380, 0.202886, 0.022475, 0.011454, 0.008036, 0.049916, 0.049923, 0.007759, 0.314541, 0.083817, 0.052561, 0.006254, , , 0.000598, 0.001270, 0.002895
poodle, 0.5, 2.0, 8, 0.039873, 0.407684, 0.113807, 0.065933, 0.023058, 0.391491, 0.067386, 0.067358, 0.061132, 0.274638, 0.031876, 2.601532, 0.004287, 0.000586, 0.003793, 0.010528, 0.492415, 0.182449, 0.172515, 0.017005, 0.170937, 0.437997, 0.180745, 0.296338, 0.528233, 0.032581, 0.358870, 0.499932, 0.680532, 0.054717, 0.013195, 0.138120, 0.931115, 0.494989, 0.005758, 0.008905, 0.074460, 0.259909, 0.330903, 0.011906, 0.183313, 0.154714, 0.143448, 0.154982, 0.185398, 0.025626, 0.074972, 0.082653, 0.504368, 0.045581, 0.008510, 0.006777, 0.099656, 0.099693, 0.015104, 0.628844, 0.401185, 0.105517, 0.013519, , , 0.001089, 0.002722, 0.008725
poodle, 0.5, 2.0, 4, 0.079496, 0.814830, 0.163578, 0.132207, 0.047651, 0.579741, 0.179134, 0.178931, 0.119030, 0.406381, 0.079136, 2.666268, 0.008455, 0.001196, 0.008054, 0.020967, 0.676548, 0.292596, 0.354473, 0.033733, 0.369597, 0.671615, 0.388300, 0.415912, 0.675058, 0.048121, 0.573596, 0.985616, 1.357286, 0.109538, 0.026025, 0.293890, 2.067544, 0.941672, 0.009168, 0.016919, 0.156216, 0.609521, 0.726682, 0.023353, 0.395517, 0.312641, 0.267868, 0.313806, 0.396362, 0.049787, 0.141500, 0.159743, 0.682227, 0.089505, 0.009533, 0.009126, 0.199186, 0.199264, 0.031198, 1.257058, 0.608821, 0.209461, 0.028204, , , 0.003096, 0.007172, 0.017338
quartz, 0.5, 2.0, 72, 0.031251, 0.125271, 0.035794, 0.015229, 0.023826, 0.055726, 0.104924, 0.096104, 0.054929, 0.040911, 0.034923, 4.361800, 0.003590, 0.003234, 0.004090, 0.007745, 0.508972, 0.035967, 0.081734, 0.008459, 0.081786, 0.464545, 0.054819, 0.250464, 0.398170, 0.007205, 0.065255, 0.647505, 0.890413, 0.016135, 0.021847, 0.050526, 0.423349, 0.586453, 0.012252, 0.006943, 0.056101, 0.126902, 0.165362, 0.018334, 0.054255, 0.074543, 0.081023, 0.082336, 0.054874, 0.007045, 0.034266, 0.023849, 0.263612, 0.018048, 0.091312, 0.104295, 0.034634, 0.034575, 0.007019, 0.181486, 0.072720, 0.045117, 0.008769, , , 0.002471, 0.005400, 0.005893
quartz, 0.5, 2.0, 36, 0.028987, 0.240242, 0.064035, 0.023581, 0.034942, 0.086784, 0.110214, 0.106768, 0.079225, 0.063040, 0.046556, 4.334117, 0.005687, 0.001627, 0.004566, 0.013960, 0.499670, 0.046608, 0.104340, 0.007488, 0.118124, 0.457612, 0.069911, 0.247184, 0.375076, 0.011613, 0.085622, 1.292751, 1.769500, 0.026697, 0.036676, 0.062929, 0.582760, 1.183104, 0.013689, 0.006937, 0.089104, 0.171364, 0.259691, 0.034757, 0.070011, 0.091358, 0.077509, 0.101207, 0.070095, 0.011273, 0.063575, 0.042575, 0.275058, 0.031685, 0.059213, 0.047917, 0.067202, 0.067257, 0.011194, 0.360602, 0.105801, 0.090523, 0.010577, , , 0.002481, 0.005119, 0.007672
quartz, 0.5, 2.0, 32, 0.036709, 0.268840, 0.071361, 0.027025, 0.037745, 0.089273, 0.119474, 0.118378, 0.082873, 0.062772, 0.048894, 5.058933, 0.006044, 0.001538, 0.004085, 0.015413, 0.489458, 0.048605, 0.123847, 0.007062, 0.111730, 0.289279, 0.074365, 0.236814, 0.406280, 0.012527, 0.093878, 1.384203, 1.872849, 0.030033, 0.040651, 0.067313, 0.642633, 1.233055, 0.014210, 0.007131, 0.100879, 0.186376, 0.277000, 0.039359, 0.074000, 0.109911, 0.100008, 0.106874, 0.074345, 0.012189, 0.071097, 0.048302, 0.341668, 0.034782, 0.050820, 0.040772, 0.074564, 0.074531, 0.012243, 0.408114, 0.124390, 0.100018, 0.010882, , , 0.002412, 0.006171, 0.006877
quartz, 0.5, 2.0, 18, 0.034811, 0.212781, 0.065319, 0.034068, 0.046685, 0.115167, 0.111828, 0.116119, 0.086027, 0.083344, 0.048831, 2.418662, 0.005341, 0.001606, 0.004451, 0.013630, 0.520234, 0.051227, 0.101719, 0.009809, 0.101561, 0.452538, 0.068825, 0.242296, 0.394354, 0.016166, 0.085881, 0.637696, 0.958023, 0.040818, 0.024520, 0.059762, 0.578885, 0.731680, 0.011545, 0.008378, 0.084673, 0.160002, 0.251946, 0.021605, 0.069239, 0.089412, 0.083577, 0.091557, 0.068849, 0.013419, 0.066563, 0.058672, 0.281950, 0.037066, 0.036212, 0.022510, 0.099099, 0.099319, 0.011367, 0.326071, 0.116650, 0.091151, 0.012251, , , 0.002421, 0.005491, 0.006714
quartz, 0.5, 2.0, 16, 0.033866, 0.238833, 0.071454, 0.038875, 0.051063, 0.087415, 0.121288, 0.126538, 0.089985, 0.061294, 0.053787, 2.588852, 0.005917, 0.001611, 0.004285, 0.015302, 0.467552, 0.051756, 0.131445, 0.010617, 0.124701, 0.411196, 0.074769, 0.232888, 0.401252, 0.014937, 0.094367, 0.545288, 0.773464, 0.046698, 0.028253, 0.064257, 0.639965, 0.509106, 0.012352, 0.009628, 0.091974, 0.181900, 0.281706, 0.025980, 0.075053, 0.097784, 0.088231, 0.113294, 0.074755, 0.014447, 0.074723, 0.066751, 0.336772, 0.041038, 0.032653, 0.017505, 0.110194, 0.110446, 0.012405, 0.366260, 0.117962, 0.102415, 0.013367, , , 0.002485, 0.006257, 0.007910
quartz, 0.5, 2.0, 8, 0.053680, 0.474671, 0.172717, 0.072005, 0.089277, 0.548974, 0.212854, 0.227654, 0.162972, 0.384587, 0.098125, 3.202556, 0.011031, 0.001281, 0.004797, 0.029765, 0.598025, 0.242268, 0.209931, 0.018360, 0.210112, 0.430356, 0.200284, 0.336866, 0.626762, 0.046717, 0.486266, 1.107632, 1.548385, 0.076309, 0.042361, 0.156155, 1.348791, 0.992344, 0.011292, 0.010817, 0.146807, 0.341984, 0.543457, 0.039884, 0.209721, 0.186105, 0.154567, 0.194131, 0.211062, 0.038156, 0.156644, 0.141813, 0.730075, 0.079578, 0.014582, 0.007687, 0.218458, 0.218237, 0.022720, 0.734248, 0.560425, 0.207997, 0.023003, , , 0.002173, 0.006346, 0.010280
quartz, 0.5, 2.0, 4, 0.097600, 0.904860, 0.289905, 0.138366, 0.171746, 0.733800, 0.402677, 0.431210, 0.301538, 0.507466, 0.185913, 2.831884, 0.020932, 0.002264, 0.008796, 0.057327, 0.758423, 0.379381, 0.388616, 0.034977, 0.389581, 0.704414, 0.380736, 0.529346, 0.886409, 0.071466, 0.767421, 2.065800, 2.925616, 0.146408, 0.081540, 0.296658, 2.300646, 1.956556, 0.021471, 0.017750, 0.272165, 0.637312, 1.025568, 0.076602, 0.358019, 0.341114, 0.266476, 0.345145, 0.355455, 0.071191, 0.299492, 0.264614, 1.057555, 0.149611, 0.016042, 0.011666, 0.419501, 0.410960, 0.042466, 1.407937, 0.829491, 0.400633, 0.043945, , , 0.003924, 0.012300, 0.019002
ruby, 0.5, 2.0, 112, 0.014241, 0.076754, 0.014944, 0.010052, 0.015790, 0.036460, 0.066107, 0.066236, 0.036549, 0.025368, 0.029119, 5.528265, 0.002467, 0.006161, 0.006799, 0.003358, 0.184663, 0.024903, 0.054328, 0.013494, 0.054462, 0.357419, 0.031872, 0.077816, 0.185368, 0.012047, 0.046729, 0.455813, 0.645968, 0.011562, 0.021588, 0.039330, 0.316686, 0.431760, 0.010602, 0.006830, 0.040461, 0.091298, 0.130167, 0.013367, 0.031492, 0.045756, 0.062964, 0.047215, 0.031641, 0.004650, 0.019957, 0.013690, 0.109586, 0.014803, 0.162544, 0.329771, 0.016622, 0.018348, 0.004757, 0.100716, 0.046702, 0.024943, 0.005422, , , 0.002008, 0.002846, 0.003185
ruby, 0.5, 2.0, 56, 0.012618, 0.112069, 0.017290, 0.012621, 0.016676, 0.046372, 0.035330, 0.035051, 0.050487, 0.032493, 0.017750, 3.487145, 0.002009, 0.002207, 0.003079, 0.003643, 0.185094, 0.037667, 0.047664, 0.006074, 0.047688, 0.331644, 0.054917, 0.067179, 0.195655, 0.016594, 0.074323, 0.742266, 1.052564, 0.011976, 0.026556, 0.043416, 0.276182, 0.705707, 0.010150, 0.005753, 0.055986, 0.081258, 0.124076, 0.019636, 0.055401, 0.039560, 0.047762, 0.041023, 0.055673, 0.004756, 0.028181, 0.018803, 0.119172, 0.019783, 0.064247, 0.092613, 0.024342, 0.026370, 0.005401, 0.159986, 0.073925, 0.041135, 0.004872, , , 0.001155, 0.001629, 0.002832
ruby, 0.5, 2.0, 32, 0.022918, 0.185954, 0.027309, 0.021118, 0.026514, 0.062556, 0.038167, 0.038175, 0.055449, 0.044264, 0.020526, 2.849919, 0.002408, 0.001289, 0.002711, 0.005287, 0.193779, 0.049414, 0.090340, 0.005627, 0.090413, 0.220848, 0.073332, 0.092508, 0.256286, 0.026780, 0.097883, 1.279387, 1.809766, 0.017584, 0.040799, 0.057820, 0.446046, 1.215408, 0.012344, 0.007839, 0.051936, 0.147120, 0.193213, 0.032319, 0.073441, 0.078713, 0.086664, 0.081358, 0.073357, 0.007586, 0.045055, 0.032007, 0.191289, 0.031883, 0.041443, 0.045381, 0.039867, 0.043770, 0.007984, 0.277342, 0.102486, 0.059492, 0.006951, , , 0.001065, 0.001717, 0.004783
ruby, 0.5, 2.0, 28, 0.010297, 0.105954, 0.016617, 0.017850, 0.020948, 0.045452, 0.028235, 0.027750, 0.050808, 0.031821, 0.013624, 2.766274, 0.001690, 0.001159, 0.002062, 0.003432, 0.192282, 0.036543, 0.039655, 0.005738, 0.039592, 0.328759, 0.052528, 0.080427, 0.204921, 0.017265, 0.071803, 0.204680, 0.258652, 0.018198, 0.013934, 0.039066, 0.234016, 0.154379, 0.009551, 0.007465, 0.041262, 0.072658, 0.110734, 0.007320, 0.052284, 0.034806, 0.037354, 0.035059, 0.053005, 0.005469, 0.028361, 0.021235, 0.118660, 0.017400, 0.032176, 0.041365, 0.033863, 0.033499, 0.005380, 0.144340, 0.073298, 0.038243, 0.006273, , , 0.001048, 0.001302, 0.002483
ruby, 0.5, 2.0, 16, 0.030829, 0.182662, 0.040540, 0.032576, 0.039272, 0.134772, 0.037090, 0.034636, 0.072295, 0.095023, 0.019612, 2.425022, 0.002352, 0.000765, 0.003228, 0.005399, 0.203212, 0.062279, 0.123852, 0.007417, 0.123620, 0.273625, 0.091701, 0.123939, 0.229927, 0.030954, 0.122150, 0.333828, 0.422388, 0.029703, 0.012370, 0.070876, 0.576024, 0.267091, 0.007570, 0.007530, 0.059904, 0.196968, 0.247969, 0.010884, 0.090957, 0.112180, 0.124932, 0.111492, 0.091095, 0.011569, 0.051167, 0.040020, 0.241805, 0.028867, 0.019823, 0.020793, 0.058019, 0.057761, 0.008390, 0.251207, 0.155928, 0.067163, 0.010875, , , 0.001154, 0.001448, 0.006390
ruby, 0.5, 2.0, 8, 0.044015, 0.359782, 0.063907, 0.057443, 0.067713, 0.221444, 0.108827, 0.108828, 0.118340, 0.153364, 0.043840, 2.347086, 0.003774, 0.000856, 0.004516, 0.009398, 0.308227, 0.121167, 0.183466, 0.013869, 0.183985, 0.267487, 0.156808, 0.175245, 0.359536, 0.058442, 0.232426, 0.628229, 0.813237, 0.050942, 0.021301, 0.121094, 0.953251, 0.482090, 0.006148, 0.010877, 0.085211, 0.287723, 0.374799, 0.020667, 0.156062, 0.161993, 0.174403, 0.162402, 0.154833, 0.022426, 0.092244, 0.073409, 0.372445, 0.052627, 0.009969, 0.007672, 0.115337, 0.114932, 0.015098, 0.500520, 0.267116, 0.131115, 0.019164, , , 0.002105, 0.004318, 0.008995
ruby, 0.5, 2.0, 4, 0.084574, 0.708219, 0.114266, 0.111018, 0.130749, 0.367580, 0.205929, 0.205772, 0.225244, 0.246085, 0.082389, 2.484106, 0.007315, 0.002175, 0.008830, 0.018370, 0.407982, 0.226909, 0.359544, 0.027340, 0.362164, 0.499733, 0.297525, 0.304373, 0.624090, 0.115828, 0.434221, 1.236909, 1.788360, 0.101266, 0.039793, 0.232890, 1.895456, 0.986540, 0.010888, 0.020837, 0.166653, 0.555736, 0.744468, 0.040135, 0.294763, 0.318014, 0.330477, 0.314635, 0.293987, 0.042587, 0.183046, 0.142373, 0.667183, 0.104365, 0.012571, 0.010498, 0.230131, 0.229564, 0.030434, 1.000715, 0.500979, 0.260409, 0.037794, , , 0.003905, 0.008111, 0.017784
boraxo, 0.5, 2.0, any min, 0.012025, 0.140693, 0.021781, 0.013051, 0.009640, 0.060818, 0.051598, 0.044879, 0.062083, 0.042321, 0.018964, 3.739255, 0.002435, 0.001297, 0.002821, 0.004392, 0.250453, 0.038815, 0.045834, 0.007490, 0.046997, 0.294660, 0.048488, 0.135081, 0.244313, 0.006200, 0.075678, 0.512251, 0.670914, 0.014010, 0.022709, 0.039522, 0.271220, 0.319799, 0.008696, 0.005556, 0.039450, 0.081995, 0.126304, 0.016569, 0.047602, 0.040637, 0.048018, 0.040363, 0.047387, 0.005671, 0.032936, 0.020866, 0.157126, 0.019715, 0.018235, 0.009425, 0.029235, 0.032254, 0.005477, 0.198720, 0.081516, 0.044916, 0.005170, , , 0.001376, 0.002096, 0.002809
catalyst, 0.5, 2.0, any min, 0.022171, 0.182248, 0.086168, 0.017599, 0.025223, 0.307721, 0.098609, 0.098534, 0.091806, 0.220700, 0.044713, 3.148092, 0.011310, 0.001470, 0.003510, 0.021904, 0.461957, 0.094096, 0.084874, 0.007766, 0.085358, 0.398351, 0.068820, 0.217651, 0.479363, 0.039527, 0.158461, 2.166567, 3.076132, 0.030600, 0.053554, 0.067316, 0.503950, 2.005844, 0.016670, 0.007564, 0.079537, 0.137631, 0.237455, 0.046968, 0.066775, 0.074151, 0.072134, 0.075278, 0.067214, 0.013047, 0.062525, 0.046105, 0.492308, 0.040495, 0.016306, 0.010892, 0.045221, 0.045307, 0.011857, 0.273663, 0.266484, 0.086066, 0.007355, , , 0.001669, 0.003176, 0.004726
ec2-c5n, 0.5, 2.0, any min, 0.010165, 0.093817, 0.019440, 0.011827, 0.014966, 0.051578, 0.087178, 0.063000, 0.093779, 0.036735, 0.027520, 2.337751, 0.003023, 0.001894, 0.002627, 0.005247, 0.254342, 0.038601, 0.039205, 0.005687, 0.040008, 0.241341, 0.046789, 0.093295, 0.197576, 0.006359, 0.074683, 0.365431, 0.472717, 0.011321, 0.016513, 0.036192, 0.229679, 0.286915, 0.007387, 0.005581, 0.035743, 0.069105, 0.113367, 0.011605, 0.045847, 0.033814, 0.043880, 0.033536, 0.045529, 0.007669, 0.023910, 0.021439, 0.083276, 0.023251, 0.011263, 0.007693, 0.020547, 0.020337, 0.006924, 0.132083, 0.076054, 0.037339, 0.003993, , , 0.001297, 0.001816, 0.002180
ec2-c6a, 0.5, 2.0, any min, 0.011772, 0.017421, 0.012962, 0.006248, 0.010109, 0.025889, 0.041833, 0.034915, 0.029733, 0.019761, 0.015572, 2.252060, 0.003023, 0.001928, 0.003263, 0.004540, 0.026004, 0.024332, 0.038032, 0.003540, 0.039987, 0.193426, 0.030835, 0.025642, 0.037085, 0.004795, 0.034699, 0.079983, 0.114886, 0.011424, 0.004720, 0.034819, 0.175589, 0.074465, 0.007483, 0.004156, 0.044344, 0.053697, 0.077562, 0.003744, 0.028800, 0.034126, 0.039869, 0.036717, 0.029858, 0.004091, 0.010287, 0.008340, 0.028601, 0.009917, 0.005972, 0.004677, 0.009199, 0.008998, 0.003589, 0.013925, 0.035845, 0.013452, 0.004001, , , 0.001423, 0.001531, 0.003307
ec2-c6i, 0.5, 2.0, any min, 0.006461, 0.055702, 0.008865, 0.006847, 0.010077, 0.015117, 0.051401, 0.050207, 0.035444, 0.011528, 0.020334, 2.176836, 0.002406, 0.001278, 0.001740, 0.004047, 0.038342, 0.015514, 0.025415, 0.004538, 0.025176, 0.131606, 0.018329, 0.022819, 0.059172, 0.003333, 0.018430, 0.112607, 0.158914, 0.008532, 0.004870, 0.020911, 0.153508, 0.105486, 0.003234, 0.002464, 0.029765, 0.050645, 0.083443, 0.004124, 0.016751, 0.022861, 0.033005, 0.020179, 0.016778, 0.004416, 0.013483, 0.010461, 0.028706, 0.012001, 0.008967, 0.005271, 0.012547, 0.012528, 0.003840, 0.136274, 0.020828, 0.019757, 0.002956, , , 0.000953, 0.000977, 0.001274
mammoth, 0.5, 2.0, any min, 0.009558, 0.038058, 0.007870, 0.009214, 0.014215, 0.014224, 0.052021, 0.038004, 0.030937, 0.011152, 0.017717, 2.048155, 0.002115, 0.001362, 0.003397, 0.004086, 0.017697, 0.015412, 0.033592, 0.004604, 0.033691, 0.188499, 0.021672, 0.017121, 0.019093, 0.003771, 0.024426, 0.105617, 0.139695, 0.010211, 0.006520, 0.027691, 0.179689, 0.085972, 0.007356, 0.003426, 0.042519, 0.052009, 0.084561, 0.004522, 0.021426, 0.029909, 0.034751, 0.030489, 0.021647, 0.005079, 0.012342, 0.010005, 0.020323, 0.009928, 0.014480, 0.009475, 0.012679, 0.013350, 0.004929, 0.039845, 0.020368, 0.019534, 0.005191, , , 0.001562, 0.001695, 0.003112
poodle, 0.5, 2.0, any min, 0.005169, 0.044670, 0.009099, 0.005512, 0.004315, 0.012580, 0.022423, 0.021784, 0.010847, 0.009229, 0.008770, 2.601532, 0.000995, 0.000495, 0.001188, 0.001926, 0.014180, 0.008367, 0.018823, 0.005706, 0.018840, 0.113597, 0.011342, 0.010988, 0.014967, 0.002028, 0.011025, 0.077725, 0.103115, 0.007005, 0.004095, 0.015454, 0.112720, 0.078152, 0.004563, 0.001422, 0.029354, 0.031226, 0.058574, 0.002637, 0.010010, 0.017252, 0.019406, 0.017074, 0.010130, 0.003165, 0.008083, 0.005917, 0.011889, 0.007433, 0.008510, 0.006777, 0.008131, 0.008136, 0.002888, 0.054573, 0.018218, 0.009798, 0.002796, , , 0.000478, 0.000908, 0.001196
quartz, 0.5, 2.0, any min, 0.028987, 0.125271, 0.035794, 0.015229, 0.023826, 0.055726, 0.104924, 0.096104, 0.054929, 0.040911, 0.034923, 2.418662, 0.003590, 0.001281, 0.004085, 0.007745, 0.467552, 0.035967, 0.081734, 0.007062, 0.081786, 0.289279, 0.054819, 0.232888, 0.375076, 0.007205, 0.065255, 0.545288, 0.773464, 0.016135, 0.021847, 0.050526, 0.423349, 0.509106, 0.011292, 0.006937, 0.056101, 0.126902, 0.165362, 0.018334, 0.054255, 0.074543, 0.077509, 0.082336, 0.054874, 0.007045, 0.034266, 0.023849, 0.263612, 0.018048, 0.014582, 0.007687, 0.034634, 0.034575, 0.007019, 0.181486, 0.072720, 0.045117, 0.008769, , , 0.002173, 0.005119, 0.005893
ruby, 0.5, 2.0, any min, 0.010297, 0.076754, 0.014944, 0.010052, 0.015790, 0.036460, 0.028235, 0.027750, 0.036549, 0.025368, 0.013624, 2.347086, 0.001690, 0.000765, 0.002062, 0.003358, 0.184663, 0.024903, 0.039655, 0.005627, 0.039592, 0.220848, 0.031872, 0.067179, 0.185368, 0.012047, 0.046729, 0.204680, 0.258652, 0.011562, 0.012370, 0.039066, 0.234016, 0.154379, 0.006148, 0.005753, 0.040461, 0.072658, 0.110734, 0.007320, 0.031492, 0.034806, 0.037354, 0.035059, 0.031641, 0.004650, 0.019957, 0.013690, 0.109586, 0.014803, 0.009969, 0.007672, 0.016622, 0.018348, 0.004757, 0.100716, 0.046702, 0.024943, 0.004872, , , 0.001048, 0.001302, 0.002483
boraxo, 0.5, 2.0, any max, 0.116132, 1.124472, 0.145314, 0.170085, 0.075471, 0.450236, 0.270958, 0.270916, 0.345864, 0.305054, 0.107458, 10.754358, 0.011133, 0.003225, 0.012402, 0.027642, 0.465292, 0.279223, 0.513563, 0.044394, 0.522407, 0.637047, 0.387197, 0.399533, 0.671980, 0.041223, 0.537099, 2.222182, 2.946020, 0.158475, 0.073673, 0.306732, 2.982204, 1.951308, 0.016600, 0.029138, 0.249582, 0.797363, 1.145504, 0.066859, 0.387787, 0.468227, 0.447129, 0.454253, 0.384959, 0.057250, 0.288693, 0.192589, 0.735417, 0.159846, 0.084452, 0.205996, 0.369746, 0.371159, 0.041200, 1.565115, 0.597796, 0.411112, 0.056409, , , 0.005846, 0.010810, 0.026001
catalyst, 0.5, 2.0, any max, 0.149625, 0.995667, 0.325001, 0.150499, 0.190924, 0.772898, 0.456486, 0.450380, 0.482529, 0.536231, 0.194861, 6.077218, 0.061566, 0.003054, 0.012472, 0.123427, 0.816114, 0.447233, 0.597062, 0.034130, 0.596756, 0.861020, 0.662088, 0.590409, 0.988141, 0.307962, 0.944541, 12.586362, 18.149335, 0.178983, 0.261421, 0.520182, 3.747836, 11.833350, 0.058371, 0.030740, 0.389314, 1.018053, 1.495742, 0.256929, 0.669777, 0.536876, 0.457670, 0.541713, 0.670975, 0.083492, 0.397982, 0.255685, 1.080042, 0.247060, 0.064923, 0.068768, 0.345619, 0.344316, 0.066094, 1.473567, 1.005843, 0.478960, 0.045521, , , 0.004629, 0.011621, 0.029766
ec2-c5n, 0.5, 2.0, any max, 0.115351, 0.769229, 0.146988, 0.146336, 0.151841, 0.392405, 0.557829, 0.383893, 0.487286, 0.272767, 0.167022, 4.163289, 0.017387, 0.004737, 0.012641, 0.037154, 0.444396, 0.280634, 0.457319, 0.029749, 0.461953, 0.559899, 0.378602, 0.303868, 0.666341, 0.053158, 0.528760, 1.479818, 1.971733, 0.115621, 0.049590, 0.299802, 2.757207, 1.304095, 0.012802, 0.029587, 0.249203, 0.745922, 1.071916, 0.046705, 0.377919, 0.412667, 0.456490, 0.406844, 0.376682, 0.080990, 0.218357, 0.203031, 0.467570, 0.178758, 0.073622, 0.159555, 0.261498, 0.260301, 0.056980, 1.060098, 0.575282, 0.324426, 0.042902, , , 0.007531, 0.008550, 0.023124
ec2-c6a, 0.5, 2.0, any max, 0.050791, 0.294397, 0.144139, 0.106151, 0.117930, 0.441630, 0.338384, 0.261284, 0.320156, 0.310234, 0.109567, 27.129363, 0.015392, 0.008032, 0.008900, 0.045920, 0.590130, 0.246755, 0.182656, 0.016021, 0.187569, 0.607441, 0.267852, 0.343206, 0.791193, 0.041769, 0.493189, 0.868117, 1.216961, 0.100384, 0.026904, 0.217382, 1.184136, 0.833036, 0.016336, 0.015198, 0.163443, 0.337432, 0.507938, 0.025759, 0.268538, 0.166944, 0.223848, 0.158560, 0.264476, 0.059536, 0.168839, 0.170761, 0.496182, 0.121611, 0.133474, 0.455665, 0.159549, 0.159780, 0.037270, 0.443042, 0.563610, 0.237387, 0.025367, , , 0.005757, 0.006502, 0.011807
ec2-c6i, 0.5, 2.0, any max, 0.067562, 0.721008, 0.110187, 0.125743, 0.133582, 0.278029, 0.358909, 0.355166, 0.376122, 0.195082, 0.137904, 2.970918, 0.015076, 0.004168, 0.007545, 0.036021, 0.303658, 0.192426, 0.272152, 0.028699, 0.273246, 0.392223, 0.232122, 0.253239, 0.511815, 0.040362, 0.360251, 0.897064, 1.259906, 0.102576, 0.032807, 0.181106, 1.485503, 0.832255, 0.008540, 0.017452, 0.163949, 0.445768, 0.595316, 0.030597, 0.231907, 0.248609, 0.292688, 0.247816, 0.233343, 0.059011, 0.186127, 0.158840, 0.364047, 0.122077, 0.105651, 0.124549, 0.215321, 0.215212, 0.043046, 1.087115, 0.434432, 0.285584, 0.035404, , , 0.007184, 0.007128, 0.013638
mammoth, 0.5, 2.0, any max, 0.059327, 0.681779, 0.212441, 0.129299, 0.156085, 0.641866, 0.393061, 0.205073, 0.272536, 0.448813, 0.103282, 3.203464, 0.019990, 0.006447, 0.008092, 0.053360, 0.691134, 0.435551, 0.243925, 0.018328, 0.244006, 1.355086, 0.560639, 0.413106, 0.925723, 0.059252, 0.864747, 1.211617, 1.710680, 0.115434, 0.029299, 0.375885, 1.930554, 1.096769, 0.015946, 0.018698, 0.143899, 0.383366, 0.552260, 0.037907, 0.554112, 0.298901, 0.304599, 0.292133, 0.559947, 0.056630, 0.176150, 0.183115, 1.048303, 0.078287, 0.301490, 0.180808, 0.228967, 0.228012, 0.033276, 1.063727, 0.881646, 0.255847, 0.033359, , , 0.004187, 0.006495, 0.014851
poodle, 0.5, 2.0, any max, 0.079496, 0.814830, 0.163578, 0.132207, 0.047651, 0.579741, 0.179134, 0.178931, 0.119030, 0.406381, 0.079136, 33.470178, 0.008455, 0.014199, 0.014857, 0.020967, 0.676548, 0.292596, 0.354473, 0.033733, 0.369597, 0.671615, 0.388300, 0.415912, 0.675058, 0.048121, 0.573596, 0.985616, 1.357286, 0.109538, 0.026025, 0.293890, 2.067544, 0.941672, 0.012487, 0.016919, 0.156216, 0.609521, 0.726682, 0.023353, 0.395517, 0.312641, 0.267868, 0.313806, 0.396362, 0.049787, 0.141500, 0.159743, 0.682227, 0.089505, 0.154574, 1.350844, 0.199186, 0.199264, 0.031198, 1.257058, 0.608821, 0.209461, 0.028204, , , 0.003096, 0.007172, 0.017338
quartz, 0.5, 2.0, any max, 0.097600, 0.904860, 0.289905, 0.138366, 0.171746, 0.733800, 0.402677, 0.431210, 0.301538, 0.507466, 0.185913, 5.058933, 0.020932, 0.003234, 0.008796, 0.057327, 0.758423, 0.379381, 0.388616, 0.034977, 0.389581, 0.704414, 0.380736, 0.529346, 0.886409, 0.071466, 0.767421, 2.065800, 2.925616, 0.146408, 0.081540, 0.296658, 2.300646, 1.956556, 0.021471, 0.017750, 0.272165, 0.637312, 1.025568, 0.076602, 0.358019, 0.341114, 0.266476, 0.345145, 0.355455, 0.071191, 0.299492, 0.264614, 1.057555, 0.149611, 0.091312, 0.104295, 0.419501, 0.410960, 0.042466, 1.407937, 0.829491, 0.400633, 0.043945, , , 0.003924, 0.012300, 0.019002
ruby, 0.5, 2.0, any max, 0.084574, 0.708219, 0.114266, 0.111018, 0.130749, 0.367580, 0.205929, 0.205772, 0.225244, 0.246085, 0.082389, 5.528265, 0.007315, 0.006161, 0.008830, 0.018370, 0.407982, 0.226909, 0.359544, 0.027340, 0.362164, 0.499733, 0.297525, 0.304373, 0.624090, 0.115828, 0.434221, 1.279387, 1.809766, 0.101266, 0.040799, 0.232890, 1.895456, 1.215408, 0.012344, 0.020837, 0.166653, 0.555736, 0.744468, 0.040135, 0.294763, 0.318014, 0.330477, 0.314635, 0.293987, 0.042587, 0.183046, 0.142373, 0.667183, 0.104365, 0.162544, 0.329771, 0.230131, 0.229564, 0.030434, 1.000715, 0.500979, 0.260409, 0.037794, , , 0.003905, 0.008111, 0.017784
boraxo, 0.5, 2.0, 72 (full), 0.012025, 0.140693, 0.021781, 0.013051, 0.009640, 0.060818, 0.051598, 0.044879, 0.062083, 0.042321, 0.018964, 10.754358, 0.002435, 0.003225, 0.003660, 0.004392, 0.273293, 0.038815, 0.045834, 0.008286, 0.046997, 0.370829, 0.048488, 0.135081, 0.255779, 0.006200, 0.075678, 0.922148, 1.311079, 0.014010, 0.027259, 0.039522, 0.271220, 0.874343, 0.010389, 0.005556, 0.039450, 0.081995, 0.126304, 0.021405, 0.047602, 0.040637, 0.048018, 0.040363, 0.047387, 0.005671, 0.032936, 0.020866, 0.157126, 0.019715, 0.084452, 0.205996, 0.029235, 0.032254, 0.005477, 0.198720, 0.081516, 0.044916, 0.005170, 0.000000, 0.000000, 0.001477, 0.002096, 0.002809
catalyst, 0.5, 2.0, 48 (full), 0.022171, 0.182248, 0.086168, 0.017599, 0.025223, 0.307721, 0.098609, 0.098534, 0.091806, 0.220700, 0.044713, 6.077218, 0.011310, 0.001966, 0.003510, 0.021904, 0.533857, 0.094096, 0.084874, 0.007766, 0.085358, 0.703685, 0.068820, 0.217651, 0.479363, 0.039527, 0.158461, 2.166567, 3.076132, 0.030600, 0.053554, 0.067316, 0.503950, 2.005844, 0.016670, 0.007564, 0.079537, 0.137631, 0.237455, 0.046968, 0.066775, 0.074151, 0.072134, 0.075278, 0.067214, 0.013047, 0.062525, 0.046105, 0.492308, 0.040495, 0.064923, 0.068768, 0.045221, 0.045307, 0.011857, 0.273663, 0.266484, 0.086066, 0.007355, 0.000000, 0.000000, 0.001669, 0.003176, 0.004726
ec2-c5n, 0.5, 2.0, 72 (full), 0.010165, 0.093817, 0.019440, 0.011827, 0.014966, 0.051578, 0.087178, 0.063000, 0.093779, 0.036735, 0.027520, 4.163289, 0.003023, 0.003214, 0.003438, 0.005247, 0.277921, 0.038601, 0.039205, 0.007093, 0.040008, 0.265083, 0.046789, 0.137834, 0.197576, 0.006359, 0.074683, 0.620019, 0.879969, 0.011321, 0.020484, 0.036192, 0.229679, 0.585701, 0.008029, 0.005581, 0.035743, 0.069105, 0.113367, 0.014649, 0.045847, 0.033814, 0.043880, 0.033536, 0.045529, 0.007669, 0.023910, 0.021439, 0.083276, 0.023251, 0.073622, 0.159555, 0.020547, 0.020337, 0.006924, 0.132083, 0.076054, 0.037339, 0.003993, 0.000000, 0.000000, 0.001297, 0.001830, 0.002180
ec2-c6a, 0.5, 2.0, 192 (full), 0.011772, 0.017421, 0.013748, 0.006248, 0.010109, 0.030879, 0.059536, 0.055304, 0.033399, 0.023767, 0.023938, 27.129363, 0.003223, 0.008032, 0.008900, 0.004540, 0.026004, 0.025580, 0.044617, 0.016021, 0.043276, 0.206836, 0.030920, 0.025642, 0.041143, 0.004855, 0.044050, 0.101408, 0.137332, 0.011424, 0.008015, 0.048418, 0.300594, 0.088133, 0.016336, 0.004156, 0.044344, 0.073007, 0.112445, 0.005413, 0.031328, 0.039079, 0.062381, 0.037745, 0.031349, 0.004091, 0.010287, 0.008340, 0.028601, 0.009917, 0.133474, 0.455665, 0.009199, 0.008998, 0.003589, 0.013925, 0.039871, 0.013452, 0.004017, 0.000000, 0.000000, 0.002243, 0.002561, 0.003307
ec2-c6i, 0.5, 2.0, 128 (full), 0.008245, 0.055702, 0.008865, 0.006847, 0.010077, 0.015117, 0.051401, 0.050207, 0.035444, 0.011528, 0.020334, 2.970918, 0.002406, 0.003601, 0.003371, 0.004047, 0.038342, 0.015514, 0.032409, 0.006818, 0.031838, 0.237889, 0.018329, 0.022819, 0.059172, 0.003333, 0.018430, 0.206959, 0.251289, 0.008532, 0.009355, 0.023341, 0.180964, 0.109235, 0.005516, 0.002464, 0.031876, 0.057663, 0.083443, 0.007826, 0.016751, 0.028956, 0.037384, 0.028751, 0.016778, 0.004416, 0.013483, 0.010461, 0.028706, 0.012001, 0.105651, 0.124549, 0.012547, 0.012528, 0.003840, 0.197917, 0.020828, 0.019757, 0.002956, 0.000000, 0.000000, 0.001090, 0.001567, 0.001698
mammoth, 0.5, 2.0, 256 (full), 0.029525, 0.038237, 0.013319, 0.009911, 0.022440, 0.035471, 0.132536, 0.129162, 0.036772, 0.023507, 0.055122, 3.203464, 0.003436, 0.006447, 0.007120, 0.004968, 0.021017, 0.032505, 0.114728, 0.013596, 0.113294, 0.239352, 0.055657, 0.021455, 0.037265, 0.005099, 0.059078, 0.105617, 0.139695, 0.014782, 0.017013, 0.090648, 0.740758, 0.085972, 0.014809, 0.007894, 0.109145, 0.199889, 0.284006, 0.009614, 0.055573, 0.098190, 0.112896, 0.099466, 0.055825, 0.009965, 0.015472, 0.016387, 0.025674, 0.016828, 0.301490, 0.180808, 0.012679, 0.013350, 0.009304, 0.039845, 0.044781, 0.022696, 0.008532, 0.000000, 0.000000, 0.004187, 0.006495, 0.007125
poodle, 0.5, 2.0, 224 (full), 0.011384, 0.044670, 0.009155, 0.005512, 0.009318, 0.012580, 0.055938, 0.055797, 0.010847, 0.009229, 0.020119, 33.470178, 0.003371, 0.014199, 0.014857, 0.003808, 0.014180, 0.012561, 0.043788, 0.030630, 0.043902, 0.147439, 0.022656, 0.010988, 0.014967, 0.002028, 0.022316, 0.150820, 0.199183, 0.008847, 0.009708, 0.036018, 0.261406, 0.137826, 0.012375, 0.003080, 0.052593, 0.085363, 0.115800, 0.006867, 0.022165, 0.039568, 0.085874, 0.039911, 0.022209, 0.003165, 0.008083, 0.005917, 0.011889, 0.007433, 0.154574, 1.350844, 0.008131, 0.008136, 0.003915, 0.054573, 0.018218, 0.009798, 0.004032, 0.000000, 0.000000, 0.002830, 0.002452, 0.002692
quartz, 0.5, 2.0, 72 (full), 0.031251, 0.125271, 0.035794, 0.015229, 0.023826, 0.055726, 0.104924, 0.096104, 0.054929, 0.040911, 0.034923, 4.361800, 0.003590, 0.003234, 0.004090, 0.007745, 0.508972, 0.035967, 0.081734, 0.008459, 0.081786, 0.464545, 0.054819, 0.250464, 0.398170, 0.007205, 0.065255, 0.647505, 0.890413, 0.016135, 0.021847, 0.050526, 0.423349, 0.586453, 0.012252, 0.006943, 0.056101, 0.126902, 0.165362, 0.018334, 0.054255, 0.074543, 0.081023, 0.082336, 0.054874, 0.007045, 0.034266, 0.023849, 0.263612, 0.018048, 0.091312, 0.104295, 0.034634, 0.034575, 0.007019, 0.181486, 0.072720, 0.045117, 0.008769, 0.000000, 0.000000, 0.002471, 0.005400, 0.005893
ruby, 0.5, 2.0, 112 (full), 0.014241, 0.076754, 0.014944, 0.010052, 0.015790, 0.036460, 0.066107, 0.066236, 0.036549, 0.025368, 0.029119, 5.528265, 0.002467, 0.006161, 0.006799, 0.003358, 0.184663, 0.024903, 0.054328, 0.013494, 0.054462, 0.357419, 0.031872, 0.077816, 0.185368, 0.012047, 0.046729, 0.455813, 0.645968, 0.011562, 0.021588, 0.039330, 0.316686, 0.431760, 0.010602, 0.006830, 0.040461, 0.091298, 0.130167, 0.013367, 0.031492, 0.045756, 0.062964, 0.047215, 0.031641, 0.004650, 0.019957, 0.013690, 0.109586, 0.014803, 0.162544, 0.329771, 0.016622, 0.018348, 0.004757, 0.100716, 0.046702, 0.024943, 0.005422, 0.000000, 0.000000, 0.002008, 0.002846, 0.003185
boraxo, 0.5, 2.0, 36 (half), 0.023474, 0.272459, 0.035550, 0.025341, 0.015437, 0.085151, 0.064805, 0.052059, 0.089058, 0.059990, 0.021917, 9.553126, 0.003268, 0.001933, 0.003365, 0.006930, 0.257985, 0.052219, 0.093764, 0.007617, 0.093588, 0.396280, 0.072247, 0.135524, 0.244313, 0.008854, 0.102593, 1.855917, 2.637941, 0.023837, 0.047035, 0.060194, 0.453190, 1.752077, 0.012892, 0.006941, 0.074354, 0.149845, 0.221262, 0.041173, 0.072158, 0.082849, 0.092041, 0.082679, 0.072084, 0.010363, 0.060806, 0.037923, 0.176605, 0.036344, 0.058376, 0.077472, 0.057469, 0.063438, 0.009012, 0.395034, 0.116544, 0.101460, 0.008154, 0.000000, 0.000000, 0.001429, 0.002392, 0.005136
catalyst, 0.5, 2.0, 24 (half), 0.036441, 0.348603, 0.108124, 0.032277, 0.044833, 0.324251, 0.164649, 0.164781, 0.165859, 0.231261, 0.075498, 4.149126, 0.021751, 0.001569, 0.003938, 0.042794, 0.550146, 0.109114, 0.138989, 0.010677, 0.140270, 0.696584, 0.115053, 0.230751, 0.485136, 0.076181, 0.194487, 4.275631, 6.152055, 0.052733, 0.093829, 0.098811, 0.829410, 3.975255, 0.029437, 0.009612, 0.120628, 0.228108, 0.404218, 0.088622, 0.113663, 0.126447, 0.115889, 0.123702, 0.107775, 0.023252, 0.118766, 0.078499, 0.552411, 0.077650, 0.037282, 0.032004, 0.088666, 0.088611, 0.021450, 0.543295, 0.275410, 0.164459, 0.013062, 0.000000, 0.000000, 0.002116, 0.004488, 0.007340
ec2-c5n, 0.5, 2.0, 36 (half), 0.021865, 0.181800, 0.031282, 0.021879, 0.025320, 0.079777, 0.138172, 0.091349, 0.124168, 0.056570, 0.037597, 3.738936, 0.004598, 0.002623, 0.003012, 0.009250, 0.262357, 0.047386, 0.085753, 0.005687, 0.085692, 0.297339, 0.064280, 0.093295, 0.213015, 0.010792, 0.093065, 1.245028, 1.768149, 0.017931, 0.033605, 0.053609, 0.423315, 1.182286, 0.009801, 0.007163, 0.066433, 0.137655, 0.192985, 0.027899, 0.063804, 0.077206, 0.087172, 0.076972, 0.063924, 0.015229, 0.044984, 0.041216, 0.101706, 0.044082, 0.046651, 0.058769, 0.039934, 0.039959, 0.012976, 0.262403, 0.107050, 0.076987, 0.006335, 0.000000, 0.000000, 0.001425, 0.002002, 0.004632
ec2-c6a, 0.5, 2.0, 96 (half), 0.014444, 0.022781, 0.013630, 0.008529, 0.011714, 0.027105, 0.058555, 0.046872, 0.029733, 0.021585, 0.020375, 8.813647, 0.003116, 0.003688, 0.004615, 0.005609, 0.030467, 0.026944, 0.050587, 0.006904, 0.052457, 0.198939, 0.036268, 0.026654, 0.039660, 0.004795, 0.040851, 0.179580, 0.236682, 0.017586, 0.008041, 0.044033, 0.245978, 0.152386, 0.015752, 0.004760, 0.094446, 0.068882, 0.100988, 0.007607, 0.034368, 0.043291, 0.052473, 0.047243, 0.035039, 0.005107, 0.015129, 0.011658, 0.030963, 0.012548, 0.074680, 0.091882, 0.011353, 0.011335, 0.004715, 0.023528, 0.039581, 0.021586, 0.004001, 0.000000, 0.000000, 0.001548, 0.002042, 0.003961
ec2-c6i, 0.5, 2.0, 64 (half), 0.007778, 0.102041, 0.018554, 0.011015, 0.014766, 0.046880, 0.059999, 0.059631, 0.057224, 0.032916, 0.024073, 2.735194, 0.003001, 0.002272, 0.002189, 0.005577, 0.081061, 0.036701, 0.030205, 0.004538, 0.030592, 0.191111, 0.031119, 0.041591, 0.088060, 0.005156, 0.066403, 0.416798, 0.497864, 0.010219, 0.014385, 0.024772, 0.178108, 0.206526, 0.005400, 0.002642, 0.046525, 0.062599, 0.103003, 0.013307, 0.030153, 0.027533, 0.033005, 0.026908, 0.029377, 0.007447, 0.024306, 0.019347, 0.053347, 0.021020, 0.052231, 0.047847, 0.023987, 0.023977, 0.006541, 0.151808, 0.063762, 0.037244, 0.003679, 0.000000, 0.000000, 0.000953, 0.001202, 0.001459
mammoth, 0.5, 2.0, 128 (half), 0.019098, 0.038058, 0.011839, 0.009214, 0.017599, 0.023376, 0.100332, 0.083781, 0.030937, 0.017776, 0.034757, 2.998919, 0.003182, 0.003817, 0.005058, 0.005152, 0.021727, 0.024748, 0.070410, 0.008954, 0.070597, 0.226938, 0.038166, 0.021440, 0.027200, 0.004874, 0.042656, 0.158578, 0.215822, 0.010211, 0.013676, 0.055938, 0.438660, 0.129670, 0.012665, 0.005738, 0.101417, 0.111433, 0.176412, 0.009266, 0.037942, 0.061438, 0.067604, 0.062819, 0.038705, 0.007857, 0.015561, 0.014734, 0.025821, 0.015376, 0.162672, 0.075824, 0.014301, 0.014747, 0.007628, 0.065993, 0.032916, 0.025235, 0.006525, 0.000000, 0.000000, 0.003092, 0.004879, 0.005147
poodle, 0.5, 2.0, 112 (half), 0.006623, 0.071239, 0.010219, 0.006968, 0.005859, 0.014082, 0.030720, 0.030637, 0.012980, 0.010822, 0.012123, 12.300243, 0.001462, 0.003804, 0.004192, 0.002372, 0.020689, 0.010220, 0.024076, 0.009223, 0.024073, 0.125706, 0.014408, 0.016270, 0.040348, 0.002156, 0.014393, 0.303180, 0.398536, 0.007005, 0.011198, 0.022324, 0.157733, 0.292086, 0.012487, 0.001961, 0.043846, 0.046112, 0.095899, 0.010019, 0.012896, 0.022087, 0.030245, 0.022533, 0.012955, 0.003308, 0.011877, 0.009416, 0.028999, 0.008797, 0.067586, 0.330326, 0.013543, 0.013532, 0.003267, 0.104251, 0.018580, 0.016122, 0.003593, 0.000000, 0.000000, 0.000994, 0.001428, 0.001694
quartz, 0.5, 2.0, 36 (half), 0.028987, 0.240242, 0.064035, 0.023581, 0.034942, 0.086784, 0.110214, 0.106768, 0.079225, 0.063040, 0.046556, 4.334117, 0.005687, 0.001627, 0.004566, 0.013960, 0.499670, 0.046608, 0.104340, 0.007488, 0.118124, 0.457612, 0.069911, 0.247184, 0.375076, 0.011613, 0.085622, 1.292751, 1.769500, 0.026697, 0.036676, 0.062929, 0.582760, 1.183104, 0.013689, 0.006937, 0.089104, 0.171364, 0.259691, 0.034757, 0.070011, 0.091358, 0.077509, 0.101207, 0.070095, 0.011273, 0.063575, 0.042575, 0.275058, 0.031685, 0.059213, 0.047917, 0.067202, 0.067257, 0.011194, 0.360602, 0.105801, 0.090523, 0.010577, 0.000000, 0.000000, 0.002481, 0.005119, 0.007672
ruby, 0.5, 2.0, 56 (half), 0.012618, 0.112069, 0.017290, 0.012621, 0.016676, 0.046372, 0.035330, 0.035051, 0.050487, 0.032493, 0.017750, 3.487145, 0.002009, 0.002207, 0.003079, 0.003643, 0.185094, 0.037667, 0.047664, 0.006074, 0.047688, 0.331644, 0.054917, 0.067179, 0.195655, 0.016594, 0.074323, 0.742266, 1.052564, 0.011976, 0.026556, 0.043416, 0.276182, 0.705707, 0.010150, 0.005753, 0.055986, 0.081258, 0.124076, 0.019636, 0.055401, 0.039560, 0.047762, 0.041023, 0.055673, 0.004756, 0.028181, 0.018803, 0.119172, 0.019783, 0.064247, 0.092613, 0.024342, 0.026370, 0.005401, 0.159986, 0.073925, 0.041135, 0.004872, 0.000000, 0.000000, 0.001155, 0.001629, 0.002832
boraxo, 0.5, 2.0, 18 (quarter), 0.022013, 0.260545, 0.035129, 0.037533, 0.015856, 0.098039, 0.056216, 0.054036, 0.085295, 0.062556, 0.020760, 4.660863, 0.003190, 0.001301, 0.002821, 0.007073, 0.281702, 0.052622, 0.087475, 0.011028, 0.087350, 0.401458, 0.070352, 0.136837, 0.257331, 0.010026, 0.100759, 0.512251, 0.670914, 0.038331, 0.022709, 0.058225, 0.437050, 0.319799, 0.010095, 0.007956, 0.063203, 0.141648, 0.211831, 0.016569, 0.069637, 0.079169, 0.086109, 0.078652, 0.069404, 0.011785, 0.067649, 0.043211, 0.177777, 0.035999, 0.029365, 0.029084, 0.084159, 0.084039, 0.009547, 0.349063, 0.120133, 0.096834, 0.012552, 0.000000, 0.000000, 0.001710, 0.002416, 0.004899
catalyst, 0.5, 2.0, 12 (quarter), 0.037769, 0.332691, 0.115229, 0.048705, 0.062435, 0.321339, 0.158824, 0.158824, 0.177569, 0.223297, 0.070719, 3.431920, 0.021263, 0.001470, 0.004055, 0.042229, 0.603608, 0.110668, 0.142723, 0.012274, 0.142005, 0.678351, 0.124080, 0.228669, 0.520007, 0.105443, 0.202733, 4.268569, 6.094687, 0.067637, 0.090790, 0.105777, 0.838379, 3.989087, 0.024204, 0.010305, 0.124591, 0.248256, 0.427526, 0.087705, 0.120002, 0.121718, 0.116925, 0.122596, 0.122932, 0.025477, 0.135286, 0.091681, 0.498457, 0.083309, 0.025377, 0.015430, 0.117273, 0.116873, 0.022346, 0.496154, 0.300839, 0.161350, 0.014526, 0.000000, 0.000000, 0.002090, 0.004353, 0.007307
ec2-c5n, 0.5, 2.0, 18 (quarter), 0.020368, 0.172658, 0.034006, 0.031639, 0.032658, 0.086536, 0.131324, 0.091940, 0.114994, 0.059769, 0.040077, 2.780672, 0.004629, 0.001894, 0.002627, 0.008944, 0.281268, 0.052274, 0.080036, 0.007781, 0.080156, 0.296838, 0.063473, 0.133731, 0.210651, 0.012792, 0.096647, 0.365431, 0.472717, 0.029110, 0.017053, 0.051338, 0.405473, 0.286915, 0.008728, 0.008180, 0.059483, 0.128618, 0.188104, 0.011605, 0.065285, 0.072323, 0.080803, 0.072421, 0.065818, 0.016580, 0.049840, 0.045481, 0.105701, 0.039869, 0.028162, 0.023994, 0.059135, 0.059206, 0.012351, 0.236367, 0.111709, 0.072872, 0.009075, 0.000000, 0.000000, 0.002022, 0.002026, 0.004373
ec2-c6a, 0.5, 2.0, 48 (quarter), 0.012691, 0.029788, 0.012962, 0.010542, 0.012508, 0.025889, 0.041833, 0.034915, 0.032621, 0.019761, 0.015572, 3.284826, 0.003023, 0.002123, 0.003263, 0.005314, 0.030729, 0.024332, 0.038032, 0.003810, 0.039987, 0.193426, 0.030835, 0.026421, 0.037085, 0.004883, 0.034699, 0.079983, 0.114886, 0.017112, 0.004720, 0.034819, 0.175589, 0.074465, 0.015107, 0.004279, 0.053273, 0.053697, 0.077562, 0.003744, 0.028800, 0.034126, 0.039869, 0.036717, 0.029858, 0.005294, 0.016395, 0.012129, 0.029321, 0.012195, 0.038994, 0.026611, 0.014872, 0.014967, 0.004560, 0.040283, 0.035845, 0.022489, 0.004149, 0.000000, 0.000000, 0.001423, 0.001531, 0.003519
ec2-c6i, 0.5, 2.0, 32 (quarter), 0.006461, 0.091160, 0.016140, 0.016701, 0.018053, 0.047000, 0.053817, 0.053157, 0.053602, 0.033050, 0.020840, 2.401023, 0.002773, 0.001609, 0.001740, 0.005311, 0.083554, 0.036147, 0.025415, 0.004811, 0.025176, 0.188659, 0.031263, 0.042253, 0.091689, 0.005237, 0.065624, 0.112607, 0.158914, 0.015576, 0.004870, 0.020911, 0.153508, 0.105486, 0.004385, 0.002797, 0.029765, 0.050645, 0.084302, 0.004124, 0.028059, 0.022861, 0.043969, 0.020179, 0.026163, 0.007273, 0.024117, 0.018153, 0.052734, 0.015873, 0.034202, 0.026003, 0.027515, 0.027536, 0.005610, 0.136274, 0.063460, 0.036095, 0.004997, 0.000000, 0.000000, 0.001214, 0.000977, 0.001274
mammoth, 0.5, 2.0, 64 (quarter), 0.009558, 0.048878, 0.007870, 0.010374, 0.014215, 0.014224, 0.052021, 0.040360, 0.037914, 0.011152, 0.017717, 2.251655, 0.002115, 0.001902, 0.003480, 0.004086, 0.017697, 0.015412, 0.033592, 0.005139, 0.033691, 0.224962, 0.021672, 0.017121, 0.019093, 0.003771, 0.024426, 0.120893, 0.162356, 0.010685, 0.007160, 0.032363, 0.212658, 0.091502, 0.010732, 0.003426, 0.049810, 0.052009, 0.084561, 0.004522, 0.021426, 0.029909, 0.034751, 0.030489, 0.022536, 0.005079, 0.012342, 0.010005, 0.020323, 0.009928, 0.075627, 0.042369, 0.016192, 0.015875, 0.004929, 0.067683, 0.020368, 0.019534, 0.005191, 0.000000, 0.000000, 0.001853, 0.002862, 0.003112
poodle, 0.5, 2.0, 56 (quarter), 0.005181, 0.060686, 0.009099, 0.009316, 0.004315, 0.016352, 0.022423, 0.021784, 0.014553, 0.014479, 0.008770, 3.804840, 0.000995, 0.001756, 0.002145, 0.001926, 0.020948, 0.008367, 0.018823, 0.005851, 0.018840, 0.113597, 0.011342, 0.017101, 0.040594, 0.002348, 0.011025, 0.077725, 0.103115, 0.010869, 0.004240, 0.015454, 0.112720, 0.078152, 0.011141, 0.001629, 0.032757, 0.031226, 0.058574, 0.002637, 0.010010, 0.017252, 0.019619, 0.017074, 0.010130, 0.003753, 0.011298, 0.009262, 0.028119, 0.007996, 0.044689, 0.114176, 0.015033, 0.014972, 0.002888, 0.090771, 0.019189, 0.015865, 0.002796, 0.000000, 0.000000, 0.000703, 0.001046, 0.001395
quartz, 0.5, 2.0, 18 (quarter), 0.034811, 0.212781, 0.065319, 0.034068, 0.046685, 0.115167, 0.111828, 0.116119, 0.086027, 0.083344, 0.048831, 2.418662, 0.005341, 0.001606, 0.004451, 0.013630, 0.520234, 0.051227, 0.101719, 0.009809, 0.101561, 0.452538, 0.068825, 0.242296, 0.394354, 0.016166, 0.085881, 0.637696, 0.958023, 0.040818, 0.024520, 0.059762, 0.578885, 0.731680, 0.011545, 0.008378, 0.084673, 0.160002, 0.251946, 0.021605, 0.069239, 0.089412, 0.083577, 0.091557, 0.068849, 0.013419, 0.066563, 0.058672, 0.281950, 0.037066, 0.036212, 0.022510, 0.099099, 0.099319, 0.011367, 0.326071, 0.116650, 0.091151, 0.012251, 0.000000, 0.000000, 0.002421, 0.005491, 0.006714
ruby, 0.5, 2.0, 28 (quarter), 0.010297, 0.105954, 0.016617, 0.017850, 0.020948, 0.045452, 0.028235, 0.027750, 0.050808, 0.031821, 0.013624, 2.766274, 0.001690, 0.001159, 0.002062, 0.003432, 0.192282, 0.036543, 0.039655, 0.005738, 0.039592, 0.328759, 0.052528, 0.080427, 0.204921, 0.017265, 0.071803, 0.204680, 0.258652, 0.018198, 0.013934, 0.039066, 0.234016, 0.154379, 0.009551, 0.007465, 0.041262, 0.072658, 0.110734, 0.007320, 0.052284, 0.034806, 0.037354, 0.035059, 0.053005, 0.005469, 0.028361, 0.021235, 0.118660, 0.017400, 0.032176, 0.041365, 0.033863, 0.033499, 0.005380, 0.144340, 0.073298, 0.038243, 0.006273, 0.000000, 0.000000, 0.001048, 0.001302, 0.002483
boraxo, 0.5, 2.0, 32, 0.026297, 0.304815, 0.039685, 0.028218, 0.016851, 0.106425, 0.066689, 0.052330, 0.086209, 0.074912, 0.022674, 8.761786, 0.003563, 0.001577, 0.003198, 0.007470, 0.250453, 0.060550, 0.104974, 0.007490, 0.105038, 0.294660, 0.080878, 0.136522, 0.271155, 0.010765, 0.119999, 2.056835, 2.917250, 0.027052, 0.052538, 0.067014, 0.504365, 1.951308, 0.013728, 0.007897, 0.082253, 0.169028, 0.239996, 0.045620, 0.080139, 0.093393, 0.103578, 0.093330, 0.080416, 0.011746, 0.068130, 0.042605, 0.202299, 0.040437, 0.045747, 0.065726, 0.063611, 0.070239, 0.009907, 0.443686, 0.138506, 0.105270, 0.008731, 0.000000, 0.000000, 0.001376, 0.002357, 0.005588
ec2-c5n, 0.5, 2.0, 32, 0.023541, 0.203590, 0.035170, 0.024319, 0.028205, 0.104555, 0.152590, 0.098439, 0.135864, 0.073184, 0.040502, 3.647958, 0.005027, 0.002524, 0.002966, 0.010281, 0.256206, 0.056081, 0.093091, 0.005697, 0.092992, 0.241341, 0.072843, 0.119866, 0.228783, 0.011992, 0.111279, 1.381775, 1.950104, 0.020440, 0.038800, 0.060099, 0.445042, 1.304095, 0.010638, 0.008168, 0.072805, 0.150211, 0.209168, 0.030693, 0.071402, 0.083912, 0.093306, 0.083640, 0.071794, 0.017174, 0.050417, 0.046306, 0.121239, 0.049253, 0.045068, 0.049146, 0.044156, 0.044156, 0.014508, 0.294620, 0.131670, 0.084650, 0.006814, 0.000000, 0.000000, 0.001479, 0.002030, 0.004942
ec2-c6a, 0.5, 2.0, 32, 0.017366, 0.041431, 0.017887, 0.015772, 0.018120, 0.030627, 0.052713, 0.042579, 0.045434, 0.024632, 0.018200, 2.885059, 0.003440, 0.001984, 0.003485, 0.007028, 0.035570, 0.031310, 0.046962, 0.003540, 0.046964, 0.232495, 0.037498, 0.031288, 0.045402, 0.006153, 0.042227, 0.116304, 0.165140, 0.018263, 0.005582, 0.037319, 0.199169, 0.108410, 0.011777, 0.005784, 0.061357, 0.066378, 0.097465, 0.004609, 0.033930, 0.042333, 0.048858, 0.058528, 0.035449, 0.006647, 0.023009, 0.016494, 0.037598, 0.017111, 0.025976, 0.020260, 0.021168, 0.021191, 0.005917, 0.058659, 0.044317, 0.031903, 0.006086, 0.000000, 0.000000, 0.001475, 0.001578, 0.004815
mammoth, 0.5, 2.0, 32, 0.011640, 0.087722, 0.011584, 0.017067, 0.020827, 0.015592, 0.061075, 0.038004, 0.044019, 0.013154, 0.018795, 2.144596, 0.002755, 0.001362, 0.003397, 0.007082, 0.029768, 0.019527, 0.035737, 0.004604, 0.037538, 0.188499, 0.023180, 0.030951, 0.025297, 0.004699, 0.026101, 0.207162, 0.267088, 0.017405, 0.006520, 0.030717, 0.179689, 0.148893, 0.007356, 0.003500, 0.043390, 0.054236, 0.091659, 0.005535, 0.021522, 0.043031, 0.037260, 0.041710, 0.021647, 0.006589, 0.022582, 0.017519, 0.040920, 0.013042, 0.036765, 0.020576, 0.029719, 0.029073, 0.006297, 0.132437, 0.027680, 0.034620, 0.005430, 0.000000, 0.000000, 0.001562, 0.001695, 0.003599
poodle, 0.5, 2.0, 32, 0.005169, 0.102454, 0.014146, 0.015543, 0.005320, 0.029828, 0.023653, 0.021901, 0.018423, 0.025784, 0.009126, 3.361454, 0.001258, 0.000817, 0.001188, 0.002832, 0.061479, 0.013452, 0.020195, 0.005706, 0.020733, 0.124330, 0.015630, 0.052421, 0.068311, 0.002572, 0.021723, 0.134560, 0.179930, 0.019289, 0.004095, 0.015754, 0.124546, 0.135537, 0.005554, 0.001422, 0.029354, 0.035014, 0.073433, 0.003109, 0.012690, 0.018394, 0.019406, 0.018107, 0.012920, 0.005761, 0.017994, 0.015831, 0.061873, 0.012134, 0.024196, 0.048305, 0.025500, 0.025510, 0.004052, 0.157554, 0.037979, 0.026506, 0.003434, 0.000000, 0.000000, 0.000478, 0.000908, 0.001196
quartz, 0.5, 2.0, 32, 0.036709, 0.268840, 0.071361, 0.027025, 0.037745, 0.089273, 0.119474, 0.118378, 0.082873, 0.062772, 0.048894, 5.058933, 0.006044, 0.001538, 0.004085, 0.015413, 0.489458, 0.048605, 0.123847, 0.007062, 0.111730, 0.289279, 0.074365, 0.236814, 0.406280, 0.012527, 0.093878, 1.384203, 1.872849, 0.030033, 0.040651, 0.067313, 0.642633, 1.233055, 0.014210, 0.007131, 0.100879, 0.186376, 0.277000, 0.039359, 0.074000, 0.109911, 0.100008, 0.106874, 0.074345, 0.012189, 0.071097, 0.048302, 0.341668, 0.034782, 0.050820, 0.040772, 0.074564, 0.074531, 0.012243, 0.408114, 0.124390, 0.100018, 0.010882, 0.000000, 0.000000, 0.002412, 0.006171, 0.006877
ruby, 0.5, 2.0, 32, 0.022918, 0.185954, 0.027309, 0.021118, 0.026514, 0.062556, 0.038167, 0.038175, 0.055449, 0.044264, 0.020526, 2.849919, 0.002408, 0.001289, 0.002711, 0.005287, 0.193779, 0.049414, 0.090340, 0.005627, 0.090413, 0.220848, 0.073332, 0.092508, 0.256286, 0.026780, 0.097883, 1.279387, 1.809766, 0.017584, 0.040799, 0.057820, 0.446046, 1.215408, 0.012344, 0.007839, 0.051936, 0.147120, 0.193213, 0.032319, 0.073441, 0.078713, 0.086664, 0.081358, 0.073357, 0.007586, 0.045055, 0.032007, 0.191289, 0.031883, 0.041443, 0.045381, 0.039867, 0.043770, 0.007984, 0.277342, 0.102486, 0.059492, 0.006951, 0.000000, 0.000000, 0.001065, 0.001717, 0.004783
