"machine","app","exec","args","ranks","spack_env","exec_path","events","path","duration","PAPI_BR_INS","perf::L1-DCACHE-STORES","perf::LLC-STORE-MISSES","perf::L1-DCACHE-LOADS","perf::L1-DCACHE-LOAD-MISSES","perf::LLC-STORES","PAPI_BR_PRC (proxy)","PAPI_L2_TCM","IO Bytes Written","IO Bytes Read","REALTIME (sec)","perf::DTLB-LOAD-MISSES","perf::DTLB-LOADS","perf::DTLB-STORE-MISSES","perf::DTLB-STORES","PAPI_VEC_SP (proxy)","PAPI_SP_OPS (proxy)","PAPI_TOT_INS","PAPI_VEC_DP (proxy)","PAPI_REF_CYC","PAPI_DP_OPS (proxy)","PAPI_BR_UCN (proxy)","PAPI_BR_CN","PAPI_BR_TKN"
"ec2-c6i.metal","miniFE.x","miniFE.x","-nx 100 -ny 100 -nz 50","1","ice4hpc","/home/ec2-user/spack/var/spack/environments/ice4hpc/.spack-env/view/bin/miniFE.x","-e PAPI_BR_PRC -e PAPI_L2_TCM -e clx::RESOURCE_STALLS -e PAPI_BR_PRC -e PAPI_L2_TCM -e clx::HW_INTERRUPTS -e PAPI_BR_TKN -e PAPI_BR_CN -e PAPI_BR_UCN -e PAPI_DP_OPS -e PAPI_VEC_DP -e PAPI_REF_CYC -e perf::L1-DCACHE-STORES -e perf::PERF_COUNT_SW_CONTEXT_SWITCHES -e perf::CONTEXT-SWITCHES -e PAPI_BR_INS -e PAPI_SP_OPS -e PAPI_VEC_SP -e PAPI_TOT_INS -e perf::ITLB-LOADS -e perf::ITLB-LOAD-MISSES -e perf::LLC-LOADS -e perf::LLC-LOAD-MISSES -e perf::DTLB-LOADS -e perf::DTLB-LOAD-MISSES -e perf::DTLB-STORES -e perf::DTLB-STORE-MISSES -e REALTIME -e IO -e PAPI_BR_TKN -e PAPI_BR_CN -e PAPI_BR_UCN -e perf::LLC-STORES -e perf::LLC-STORE-MISSES -e perf::L1-DCACHE-LOADS -e perf::L1-DCACHE-LOAD-MISSES","['/home/ec2-user/aws_data_collection/data/ec2-c6i.metal/miniFE.x/532af6f4a5dae1b57d9165a816ec82a2', '/home/ec2-user/aws_data_collection/data/ec2-c6i.metal/miniFE.x/37b7f4faea5f732f40d51b78d8cb2d12', '/home/ec2-user/aws_data_collection/data/ec2-c6i.metal/miniFE.x/b73eea148e0fcba01f8e744fe5e73065', '/home/ec2-user/aws_data_collection/data/ec2-c6i.metal/miniFE.x/cab8f2a32fce7595c72603a9b1a27712', '/home/ec2-user/aws_data_collection/data/ec2-c6i.metal/miniFE.x/b2db7041aba0f3b2c4034c22d582f2a6', '/home/ec2-user/aws_data_collection/data/ec2-c6i.metal/miniFE.x/3c3b1bf7e7b72f71ac98381bdddd6ec3', '/home/ec2-user/aws_data_collection/data/ec2-c6i.metal/miniFE.x/f718d468dcfbdd6b0fdd1d18cb9b9976', '/home/ec2-user/aws_data_collection/data/ec2-c6i.metal/miniFE.x/d5fb5340bd7849c6c05d4545f834a99c', '/home/ec2-user/aws_data_collection/data/ec2-c6i.metal/miniFE.x/268083b1ca182ea18cc3ae1e01c74afa', '/home/ec2-user/aws_data_collection/data/ec2-c6i.metal/miniFE.x/2952c47c6528f92b45598c80b7d130c6', '/home/ec2-user/aws_data_collection/data/ec2-c6i.metal/miniFE.x/4109535eeb0c0d5287e9f906f6f4b2a0']",0.0333,5572000000.0,794859737.0,189763.0,12260146653.0,717136875.0,1000487.0,5026183729.0,704000000.0,1058.0,11576.0,4.258464,225527.0,12266929848.0,541359.0,798479471.0,13.0,13.0,31738000000.0,8013040374.0,12074000000.0,9703290107.0,538462624.0,5038000000.0,3448000000.0
"ec2-c6i.metal","miniFE.x","miniFE.x","-nx 100 -ny 100 -nz 50","32","ice4hpc","/home/ec2-user/spack/var/spack/environments/ice4hpc/.spack-env/view/bin/miniFE.x","-e perf::ITLB-LOADS -e perf::ITLB-LOAD-MISSES -e perf::LLC-LOADS -e perf::LLC-LOAD-MISSES -e PAPI_BR_TKN -e PAPI_BR_CN -e PAPI_BR_UCN -e PAPI_SP_OPS -e PAPI_VEC_SP -e PAPI_TOT_INS -e perf::L1-DCACHE-STORES -e perf::PERF_COUNT_SW_CONTEXT_SWITCHES -e perf::CONTEXT-SWITCHES -e PAPI_BR_INS -e perf::LLC-STORES -e perf::LLC-STORE-MISSES -e perf::L1-DCACHE-LOADS -e perf::L1-DCACHE-LOAD-MISSES -e PAPI_DP_OPS -e PAPI_VEC_DP -e PAPI_REF_CYC -e PAPI_BR_PRC -e PAPI_L2_TCM -e clx::RESOURCE_STALLS -e PAPI_BR_PRC -e PAPI_L2_TCM -e perf::DTLB-LOADS -e perf::DTLB-LOAD-MISSES -e perf::DTLB-STORES -e perf::DTLB-STORE-MISSES -e clx::HW_INTERRUPTS -e PAPI_BR_TKN -e PAPI_BR_CN -e PAPI_BR_UCN -e REALTIME -e IO","['/home/ec2-user/aws_data_collection/data/ec2-c6i.metal/miniFE.x/8a5c5a4fb5e787969cc3ca9c105f60c8', '/home/ec2-user/aws_data_collection/data/ec2-c6i.metal/miniFE.x/ba90e523ade72181e43b3580b45c2bcb', '/home/ec2-user/aws_data_collection/data/ec2-c6i.metal/miniFE.x/1a9958da91b80b6464383a2ef72619fb', '/home/ec2-user/aws_data_collection/data/ec2-c6i.metal/miniFE.x/361baca0e0801af9fd2cbfb7a98fdaa4', '/home/ec2-user/aws_data_collection/data/ec2-c6i.metal/miniFE.x/8de8dd567a1eedb46fa0bd4071c0850c', '/home/ec2-user/aws_data_collection/data/ec2-c6i.metal/miniFE.x/de3a56d32cc24d1990333db405c2b7ac', '/home/ec2-user/aws_data_collection/data/ec2-c6i.metal/miniFE.x/a64d3a6b73ddb266e0a89e00e2e2aa9c', '/home/ec2-user/aws_data_collection/data/ec2-c6i.metal/miniFE.x/63b81175e57da8c174a343c5f80f6758', '/home/ec2-user/aws_data_collection/data/ec2-c6i.metal/miniFE.x/375e1d4def2e252b1f42ad775f049cf9', '/home/ec2-user/aws_data_collection/data/ec2-c6i.metal/miniFE.x/9e3f7dce21696b1583f9991a0e9d378b', '/home/ec2-user/aws_data_collection/data/ec2-c6i.metal/miniFE.x/5792d92cd928d081d6d710778d5d3e66']",0.05,220000000.0,59039046.0,45967.0,911786067.0,21753721.0,117417.0,303984598.0,18000000.0,2625.0,11576.0,0.27534600000000004,9873.0,905404487.0,21711.0,217699593.0,52.0,108.0,1488000000.0,258431600.0,710000000.0,317497287.0,72971745.0,296000000.0,198000000.0
"ec2-c6i.metal","miniFE.x","miniFE.x","-nx 100 -ny 50 -nz 50","1","ice4hpc","/home/ec2-user/spack/var/spack/environments/ice4hpc/.spack-env/view/bin/miniFE.x","-e PAPI_BR_PRC -e PAPI_L2_TCM -e clx::RESOURCE_STALLS -e PAPI_SP_OPS -e PAPI_VEC_SP -e PAPI_TOT_INS -e PAPI_BR_TKN -e PAPI_BR_CN -e PAPI_BR_UCN -e REALTIME -e IO -e perf::L1-DCACHE-STORES -e perf::PERF_COUNT_SW_CONTEXT_SWITCHES -e perf::CONTEXT-SWITCHES -e PAPI_BR_INS -e PAPI_BR_PRC -e PAPI_L2_TCM -e perf::DTLB-LOADS -e perf::DTLB-LOAD-MISSES -e perf::DTLB-STORES -e perf::DTLB-STORE-MISSES -e perf::LLC-STORES -e perf::LLC-STORE-MISSES -e perf::L1-DCACHE-LOADS -e perf::L1-DCACHE-LOAD-MISSES -e clx::HW_INTERRUPTS -e PAPI_BR_TKN -e PAPI_BR_CN -e PAPI_BR_UCN -e PAPI_DP_OPS -e PAPI_VEC_DP -e PAPI_REF_CYC -e perf::ITLB-LOADS -e perf::ITLB-LOAD-MISSES -e perf::LLC-LOADS -e perf::LLC-LOAD-MISSES","['/home/ec2-user/aws_data_collection/data/ec2-c6i.metal/miniFE.x/96bd6c912ca7b00913894df8ba3132e9', '/home/ec2-user/aws_data_collection/data/ec2-c6i.metal/miniFE.x/b2cf13235e6475a4b0d1478dd676a30b', '/home/ec2-user/aws_data_collection/data/ec2-c6i.metal/miniFE.x/bee3a26266c3cffcbfdd938c8b1b87ee', '/home/ec2-user/aws_data_collection/data/ec2-c6i.metal/miniFE.x/b7afcef4406de7a384d69a02689acd12', '/home/ec2-user/aws_data_collection/data/ec2-c6i.metal/miniFE.x/60730253c0e1c0387dc32494996c570f', '/home/ec2-user/aws_data_collection/data/ec2-c6i.metal/miniFE.x/a9612adba18c9e87e4650abab25f4333', '/home/ec2-user/aws_data_collection/data/ec2-c6i.metal/miniFE.x/091dbeef6903e16a4fc172fe31729150', '/home/ec2-user/aws_data_collection/data/ec2-c6i.metal/miniFE.x/fc413c9543250003b253efbd87f4f813', '/home/ec2-user/aws_data_collection/data/ec2-c6i.metal/miniFE.x/d98dbb1f16420b53000bdec888e9e776', '/home/ec2-user/aws_data_collection/data/ec2-c6i.metal/miniFE.x/1b9da7f7be1be9442a588359b9475953', '/home/ec2-user/aws_data_collection/data/ec2-c6i.metal/miniFE.x/75887d451e9fb5bb1fd91b2bbd96290c']",0.05,2770000000.0,400022111.0,181231.0,6094721882.0,359168731.0,627637.0,2493069080.0,352000000.0,1077.0,11576.0,2.0915569999999994,75280.0,6089475025.0,243777.0,401891804.0,13.0,13.0,15818000000.0,4018287246.0,5866000000.0,4866512371.0,269252917.0,2498000000.0,1720000000.0
"ec2-c6i.metal","miniFE.x","miniFE.x","-nx 100 -ny 50 -nz 50","32","ice4hpc","/home/ec2-user/spack/var/spack/environments/ice4hpc/.spack-env/view/bin/miniFE.x","-e PAPI_BR_PRC -e PAPI_L2_TCM -e clx::RESOURCE_STALLS -e clx::HW_INTERRUPTS -e PAPI_BR_TKN -e PAPI_BR_CN -e PAPI_BR_UCN -e PAPI_BR_TKN -e PAPI_BR_CN -e PAPI_BR_UCN -e REALTIME -e IO -e perf::ITLB-LOADS -e perf::ITLB-LOAD-MISSES -e perf::LLC-LOADS -e perf::LLC-LOAD-MISSES -e perf::L1-DCACHE-STORES -e perf::PERF_COUNT_SW_CONTEXT_SWITCHES -e perf::CONTEXT-SWITCHES -e PAPI_BR_INS -e perf::LLC-STORES -e perf::LLC-STORE-MISSES -e perf::L1-DCACHE-LOADS -e perf::L1-DCACHE-LOAD-MISSES -e PAPI_DP_OPS -e PAPI_VEC_DP -e PAPI_REF_CYC -e perf::DTLB-LOADS -e perf::DTLB-LOAD-MISSES -e perf::DTLB-STORES -e perf::DTLB-STORE-MISSES -e PAPI_BR_PRC -e PAPI_L2_TCM -e PAPI_SP_OPS -e PAPI_VEC_SP -e PAPI_TOT_INS","['/home/ec2-user/aws_data_collection/data/ec2-c6i.metal/miniFE.x/53e57a07dd98ee6abe1ed8ac639119e3', '/home/ec2-user/aws_data_collection/data/ec2-c6i.metal/miniFE.x/b622c948ac8977e3bc4eaa5f9b1df911', '/home/ec2-user/aws_data_collection/data/ec2-c6i.metal/miniFE.x/1e19ce7addf63fd3668e736a09fbd98f', '/home/ec2-user/aws_data_collection/data/ec2-c6i.metal/miniFE.x/db0fbc7c8dd3199193a8a93bca57c39a', '/home/ec2-user/aws_data_collection/data/ec2-c6i.metal/miniFE.x/a6b40fdc0b29680c667c4ef9c2db92d8', '/home/ec2-user/aws_data_collection/data/ec2-c6i.metal/miniFE.x/6ba88af9ada112eae393b6956212879e', '/home/ec2-user/aws_data_collection/data/ec2-c6i.metal/miniFE.x/e36baf46941aa4c03f46ef4a1538f3f2', '/home/ec2-user/aws_data_collection/data/ec2-c6i.metal/miniFE.x/8b8340799d6e83f230d14ee71b3d09d4', '/home/ec2-user/aws_data_collection/data/ec2-c6i.metal/miniFE.x/28d044afc08486d79ebb9ffb7ab97731', '/home/ec2-user/aws_data_collection/data/ec2-c6i.metal/miniFE.x/d03a90c563844f9d56d72d450921e9a3', '/home/ec2-user/aws_data_collection/data/ec2-c6i.metal/miniFE.x/d8e8582faf1af5ea007e63acb1a7735b']",0.0333,110000000.0,29087643.0,24807.0,241441433.0,11152213.0,88450.0,145418075.0,8000000.0,2630.0,11576.0,0.170131,7721.0,429306233.0,9255.0,105051109.0,52.0,108.0,1244000000.0,134626609.0,374000000.0,166069766.0,42317050.0,178000000.0,124000000.0
"ec2-c6i.metal","miniFE.x","miniFE.x","-nx 100 -ny 75 -nz 50","1","ice4hpc","/home/ec2-user/spack/var/spack/environments/ice4hpc/.spack-env/view/bin/miniFE.x","-e REALTIME -e IO -e PAPI_BR_PRC -e PAPI_L2_TCM -e perf::LLC-STORES -e perf::LLC-STORE-MISSES -e perf::L1-DCACHE-LOADS -e perf::L1-DCACHE-LOAD-MISSES -e PAPI_BR_PRC -e PAPI_L2_TCM -e clx::RESOURCE_STALLS -e PAPI_SP_OPS -e PAPI_VEC_SP -e PAPI_TOT_INS -e PAPI_DP_OPS -e PAPI_VEC_DP -e PAPI_REF_CYC -e perf::DTLB-LOADS -e perf::DTLB-LOAD-MISSES -e perf::DTLB-STORES -e perf::DTLB-STORE-MISSES -e perf::L1-DCACHE-STORES -e perf::PERF_COUNT_SW_CONTEXT_SWITCHES -e perf::CONTEXT-SWITCHES -e PAPI_BR_INS -e clx::HW_INTERRUPTS -e PAPI_BR_TKN -e PAPI_BR_CN -e PAPI_BR_UCN -e perf::ITLB-LOADS -e perf::ITLB-LOAD-MISSES -e perf::LLC-LOADS -e perf::LLC-LOAD-MISSES -e PAPI_BR_TKN -e PAPI_BR_CN -e PAPI_BR_UCN","['/home/ec2-user/aws_data_collection/data/ec2-c6i.metal/miniFE.x/6d828ec64904ead3f16a36eb2ba6465f', '/home/ec2-user/aws_data_collection/data/ec2-c6i.metal/miniFE.x/92d5a5ea3430a5d34402b1c00e6fb3e1', '/home/ec2-user/aws_data_collection/data/ec2-c6i.metal/miniFE.x/08eb03c86451667496c4b27adb301580', '/home/ec2-user/aws_data_collection/data/ec2-c6i.metal/miniFE.x/5d72a5f67c371ee97c9cc2bf2cb4ae46', '/home/ec2-user/aws_data_collection/data/ec2-c6i.metal/miniFE.x/3a0d34a0b25bbde1ec1bb2388f8f69aa', '/home/ec2-user/aws_data_collection/data/ec2-c6i.metal/miniFE.x/c64b1001d72b5003957eb90dd225d39c', '/home/ec2-user/aws_data_collection/data/ec2-c6i.metal/miniFE.x/8c64fd6d9cd45802b125f3c116bc50e4', '/home/ec2-user/aws_data_collection/data/ec2-c6i.metal/miniFE.x/988bef461517f6296c9e82370d6a1070', '/home/ec2-user/aws_data_collection/data/ec2-c6i.metal/miniFE.x/c9c1c04daebed5e19f95ea6d0938fab4', '/home/ec2-user/aws_data_collection/data/ec2-c6i.metal/miniFE.x/b1b9f880935b68a07cd942fc717aa0a7', '/home/ec2-user/aws_data_collection/data/ec2-c6i.metal/miniFE.x/b09fc702d74eb374eae9a0b29114cab6']",0.05,4180000000.0,592605220.0,223625.0,9189912953.0,533964015.0,815822.0,3764905492.0,528000000.0,1058.0,11576.0,3.177538999999998,158315.0,9189862406.0,382905.0,598825947.0,13.0,13.0,23804000000.0,6015662085.0,8988000000.0,7284901320.0,404396789.0,3776000000.0,2588000000.0
"ec2-c6i.metal","miniFE.x","miniFE.x","-nx 100 -ny 75 -nz 50","32","ice4hpc","/home/ec2-user/spack/var/spack/environments/ice4hpc/.spack-env/view/bin/miniFE.x","-e perf::DTLB-LOADS -e perf::DTLB-LOAD-MISSES -e perf::DTLB-STORES -e perf::DTLB-STORE-MISSES -e PAPI_BR_TKN -e PAPI_BR_CN -e PAPI_BR_UCN -e perf::ITLB-LOADS -e perf::ITLB-LOAD-MISSES -e perf::LLC-LOADS -e perf::LLC-LOAD-MISSES -e PAPI_SP_OPS -e PAPI_VEC_SP -e PAPI_TOT_INS -e REALTIME -e IO -e PAPI_BR_PRC -e PAPI_L2_TCM -e PAPI_DP_OPS -e PAPI_VEC_DP -e PAPI_REF_CYC -e perf::L1-DCACHE-STORES -e perf::PERF_COUNT_SW_CONTEXT_SWITCHES -e perf::CONTEXT-SWITCHES -e PAPI_BR_INS -e clx::HW_INTERRUPTS -e PAPI_BR_TKN -e PAPI_BR_CN -e PAPI_BR_UCN -e perf::LLC-STORES -e perf::LLC-STORE-MISSES -e perf::L1-DCACHE-LOADS -e perf::L1-DCACHE-LOAD-MISSES -e PAPI_BR_PRC -e PAPI_L2_TCM -e clx::RESOURCE_STALLS","['/home/ec2-user/aws_data_collection/data/ec2-c6i.metal/miniFE.x/ccd8e249c20cdfce14ad7a0f6ddfea7a', '/home/ec2-user/aws_data_collection/data/ec2-c6i.metal/miniFE.x/703dd2db6342da1481a3a47384b8c790', '/home/ec2-user/aws_data_collection/data/ec2-c6i.metal/miniFE.x/2f6de011c9b87d8e580a19a384cc91dd', '/home/ec2-user/aws_data_collection/data/ec2-c6i.metal/miniFE.x/17447a03b8f75c0be213cd0cdb30afd4', '/home/ec2-user/aws_data_collection/data/ec2-c6i.metal/miniFE.x/15f559cfcdc3cc0efd909849a12e9e18', '/home/ec2-user/aws_data_collection/data/ec2-c6i.metal/miniFE.x/83446397427d5bd25c8fd5826b34bc18', '/home/ec2-user/aws_data_collection/data/ec2-c6i.metal/miniFE.x/a2183e7b3bb36d07e1022b5931996063', '/home/ec2-user/aws_data_collection/data/ec2-c6i.metal/miniFE.x/e2361368b4774c72bbe6e71c71bdbcee', '/home/ec2-user/aws_data_collection/data/ec2-c6i.metal/miniFE.x/430e991d7f7ca4462e2d35674c4def6a', '/home/ec2-user/aws_data_collection/data/ec2-c6i.metal/miniFE.x/3ca801b0061a451b649aca0ccdc08ed2', '/home/ec2-user/aws_data_collection/data/ec2-c6i.metal/miniFE.x/93963d33ca1201c23861662452ba6ea4']",0.0,292000000.0,142307150.0,38185.0,705568010.0,15921363.0,95461.0,254740043.0,14000000.0,2606.0,11576.0,0.23046800000000003,9542.0,667504555.0,22071.0,163388171.0,52.0,108.0,1362000000.0,196529122.0,546000000.0,241783544.0,59572705.0,246000000.0,168000000.0
"ec2-c6i.metal","miniFE.x","miniFE.x","-nx 125 -ny 100 -nz 50","1","ice4hpc","/home/ec2-user/spack/var/spack/environments/ice4hpc/.spack-env/view/bin/miniFE.x","-e PAPI_BR_PRC -e PAPI_L2_TCM -e clx::RESOURCE_STALLS -e clx::HW_INTERRUPTS -e PAPI_BR_TKN -e PAPI_BR_CN -e PAPI_BR_UCN -e PAPI_BR_TKN -e PAPI_BR_CN -e PAPI_BR_UCN -e perf::LLC-STORES -e perf::LLC-STORE-MISSES -e perf::L1-DCACHE-LOADS -e perf::L1-DCACHE-LOAD-MISSES -e perf::ITLB-LOADS -e perf::ITLB-LOAD-MISSES -e perf::LLC-LOADS -e perf::LLC-LOAD-MISSES -e PAPI_SP_OPS -e PAPI_VEC_SP -e PAPI_TOT_INS -e PAPI_DP_OPS -e PAPI_VEC_DP -e PAPI_REF_CYC -e REALTIME -e IO -e PAPI_BR_PRC -e PAPI_L2_TCM -e perf::L1-DCACHE-STORES -e perf::PERF_COUNT_SW_CONTEXT_SWITCHES -e perf::CONTEXT-SWITCHES -e PAPI_BR_INS -e perf::DTLB-LOADS -e perf::DTLB-LOAD-MISSES -e perf::DTLB-STORES -e perf::DTLB-STORE-MISSES","['/home/ec2-user/aws_data_collection/data/ec2-c6i.metal/miniFE.x/b9ae596fd5e7af836a76b9e9680a8c53', '/home/ec2-user/aws_data_collection/data/ec2-c6i.metal/miniFE.x/0472b6fefd793263c9bd41aea5c3a161', '/home/ec2-user/aws_data_collection/data/ec2-c6i.metal/miniFE.x/7b35b9ce2c8c92ea6f11b3f2c1c11cf9', '/home/ec2-user/aws_data_collection/data/ec2-c6i.metal/miniFE.x/24deb536d13ee279ac3c089c0c426f9f', '/home/ec2-user/aws_data_collection/data/ec2-c6i.metal/miniFE.x/79a6a720afcb35af02cab0f1f394e66d', '/home/ec2-user/aws_data_collection/data/ec2-c6i.metal/miniFE.x/2b5e6f28c9ed5d8f5c40bc5852075a3f', '/home/ec2-user/aws_data_collection/data/ec2-c6i.metal/miniFE.x/960e68bf11f1bf5e93dc6af35e554c26', '/home/ec2-user/aws_data_collection/data/ec2-c6i.metal/miniFE.x/d3189f74e9500a62c3fe7bc1836f29d3', '/home/ec2-user/aws_data_collection/data/ec2-c6i.metal/miniFE.x/b97daa6638e0c7aa371ac1603647a174', '/home/ec2-user/aws_data_collection/data/ec2-c6i.metal/miniFE.x/e9d41cef58e41f9876acd370283f5a71', '/home/ec2-user/aws_data_collection/data/ec2-c6i.metal/miniFE.x/faf73db7804d6fcedc6cf881cea6d217']",0.0333,6992000000.0,990621183.0,273405.0,15368638045.0,913844169.0,1124305.0,6307381255.0,878000000.0,1045.0,11576.0,5.355107000000002,229625.0,15371032119.0,665062.0,997102953.0,13.0,13.0,39746000000.0,10008792025.0,15204000000.0,12119082332.0,672666007.0,6322000000.0,4318000000.0
"ec2-c6i.metal","miniFE.x","miniFE.x","-nx 125 -ny 100 -nz 50","32","ice4hpc","/home/ec2-user/spack/var/spack/environments/ice4hpc/.spack-env/view/bin/miniFE.x","-e clx::HW_INTERRUPTS -e PAPI_BR_TKN -e PAPI_BR_CN -e PAPI_BR_UCN -e perf::DTLB-LOADS -e perf::DTLB-LOAD-MISSES -e perf::DTLB-STORES -e perf::DTLB-STORE-MISSES -e perf::ITLB-LOADS -e perf::ITLB-LOAD-MISSES -e perf::LLC-LOADS -e perf::LLC-LOAD-MISSES -e PAPI_DP_OPS -e PAPI_VEC_DP -e PAPI_REF_CYC -e PAPI_SP_OPS -e PAPI_VEC_SP -e PAPI_TOT_INS -e perf::LLC-STORES -e perf::LLC-STORE-MISSES -e perf::L1-DCACHE-LOADS -e perf::L1-DCACHE-LOAD-MISSES -e PAPI_BR_TKN -e PAPI_BR_CN -e PAPI_BR_UCN -e REALTIME -e IO -e perf::L1-DCACHE-STORES -e perf::PERF_COUNT_SW_CONTEXT_SWITCHES -e perf::CONTEXT-SWITCHES -e PAPI_BR_INS -e PAPI_BR_PRC -e PAPI_L2_TCM -e PAPI_BR_PRC -e PAPI_L2_TCM -e clx::RESOURCE_STALLS","['/home/ec2-user/aws_data_collection/data/ec2-c6i.metal/miniFE.x/e4bcc5469e002dc39bc1763e82c1baa3', '/home/ec2-user/aws_data_collection/data/ec2-c6i.metal/miniFE.x/1e6388dc139dc4294349bada83a55a0c', '/home/ec2-user/aws_data_collection/data/ec2-c6i.metal/miniFE.x/ea1cffc3baa69bf8c61f09c8ffb9ec42', '/home/ec2-user/aws_data_collection/data/ec2-c6i.metal/miniFE.x/0906f931d431d14593e02033624095cc', '/home/ec2-user/aws_data_collection/data/ec2-c6i.metal/miniFE.x/2482e16afb128fadf0febc932b8a196e', '/home/ec2-user/aws_data_collection/data/ec2-c6i.metal/miniFE.x/f48431d13fd9c2fe98263a65a7e02c2a', '/home/ec2-user/aws_data_collection/data/ec2-c6i.metal/miniFE.x/cf327a0818ccc97cea9e53f7e274d89a', '/home/ec2-user/aws_data_collection/data/ec2-c6i.metal/miniFE.x/9843ad0802de49ede9265ce809617940', '/home/ec2-user/aws_data_collection/data/ec2-c6i.metal/miniFE.x/9193eecccc241be726c16c2923be13fc', '/home/ec2-user/aws_data_collection/data/ec2-c6i.metal/miniFE.x/e527bf2c218153574f20449823509dfe', '/home/ec2-user/aws_data_collection/data/ec2-c6i.metal/miniFE.x/dde4290eef9ab192d6a083e817341ddb']",0.0333,440000000.0,203095213.0,49277.0,957504720.0,27468784.0,144049.0,343682845.0,22000000.0,2380.0,11576.0,0.34541099999999997,18655.0,617299319.0,23163.0,85884328.0,52.0,108.0,2348000000.0,325494192.0,882000000.0,399681770.0,88119689.0,356000000.0,234000000.0
"ec2-c6i.metal","miniFE.x","miniFE.x","-nx 125 -ny 125 -nz 50","1","ice4hpc","/home/ec2-user/spack/var/spack/environments/ice4hpc/.spack-env/view/bin/miniFE.x","-e PAPI_BR_PRC -e PAPI_L2_TCM -e clx::RESOURCE_STALLS -e perf::LLC-STORES -e perf::LLC-STORE-MISSES -e perf::L1-DCACHE-LOADS -e perf::L1-DCACHE-LOAD-MISSES -e PAPI_BR_PRC -e PAPI_L2_TCM -e REALTIME -e IO -e perf::DTLB-LOADS -e perf::DTLB-LOAD-MISSES -e perf::DTLB-STORES -e perf::DTLB-STORE-MISSES -e PAPI_DP_OPS -e PAPI_VEC_DP -e PAPI_REF_CYC -e PAPI_SP_OPS -e PAPI_VEC_SP -e PAPI_TOT_INS -e PAPI_BR_TKN -e PAPI_BR_CN -e PAPI_BR_UCN -e clx::HW_INTERRUPTS -e PAPI_BR_TKN -e PAPI_BR_CN -e PAPI_BR_UCN -e perf::L1-DCACHE-STORES -e perf::PERF_COUNT_SW_CONTEXT_SWITCHES -e perf::CONTEXT-SWITCHES -e PAPI_BR_INS -e perf::ITLB-LOADS -e perf::ITLB-LOAD-MISSES -e perf::LLC-LOADS -e perf::LLC-LOAD-MISSES","['/home/ec2-user/aws_data_collection/data/ec2-c6i.metal/miniFE.x/c99ee0d2bdc36aef0ab6af7478170a87', '/home/ec2-user/aws_data_collection/data/ec2-c6i.metal/miniFE.x/d4c88f4e8593837cb269196c41f2390b', '/home/ec2-user/aws_data_collection/data/ec2-c6i.metal/miniFE.x/3f9938439e0ed3da9c3b526c4fbf15ca', '/home/ec2-user/aws_data_collection/data/ec2-c6i.metal/miniFE.x/0d45b3251b1a11f677f5c781045451ef', '/home/ec2-user/aws_data_collection/data/ec2-c6i.metal/miniFE.x/6d33c68faebe15b782541d2a3be15948', '/home/ec2-user/aws_data_collection/data/ec2-c6i.metal/miniFE.x/42113d39be63efdffb9db19ba7c3a57c', '/home/ec2-user/aws_data_collection/data/ec2-c6i.metal/miniFE.x/9493af8f974c341d2c35d44f8b549c11', '/home/ec2-user/aws_data_collection/data/ec2-c6i.metal/miniFE.x/a7b8d54c0b759758b34cc8fef601c60f', '/home/ec2-user/aws_data_collection/data/ec2-c6i.metal/miniFE.x/e83990225896f91a3e07f543dc231550', '/home/ec2-user/aws_data_collection/data/ec2-c6i.metal/miniFE.x/2e8d8e317f2e860fcab3a040b6a34aad', '/home/ec2-user/aws_data_collection/data/ec2-c6i.metal/miniFE.x/fb5845ba01be07e0ee9865ac9dc023b0']",0.0333,8792000000.0,1238500206.0,430460.0,19294509354.0,1126544083.0,1961377.0,7936980733.0,1098000000.0,1067.0,11576.0,6.7109860000000126,312872.0,19295473068.0,780196.0,1245401909.0,13.0,13.0,49834000000.0,12503645677.0,19152000000.0,15139578648.0,847505291.0,7946000000.0,5420000000.0
"ec2-c6i.metal","miniFE.x","miniFE.x","-nx 125 -ny 125 -nz 50","32","ice4hpc","/home/ec2-user/spack/var/spack/environments/ice4hpc/.spack-env/view/bin/miniFE.x","-e perf::ITLB-LOADS -e perf::ITLB-LOAD-MISSES -e perf::LLC-LOADS -e perf::LLC-LOAD-MISSES -e PAPI_BR_PRC -e PAPI_L2_TCM -e clx::RESOURCE_STALLS -e PAPI_SP_OPS -e PAPI_VEC_SP -e PAPI_TOT_INS -e perf::DTLB-LOADS -e perf::DTLB-LOAD-MISSES -e perf::DTLB-STORES -e perf::DTLB-STORE-MISSES -e PAPI_BR_TKN -e PAPI_BR_CN -e PAPI_BR_UCN -e perf::LLC-STORES -e perf::LLC-STORE-MISSES -e perf::L1-DCACHE-LOADS -e perf::L1-DCACHE-LOAD-MISSES -e clx::HW_INTERRUPTS -e PAPI_BR_TKN -e PAPI_BR_CN -e PAPI_BR_UCN -e PAPI_DP_OPS -e PAPI_VEC_DP -e PAPI_REF_CYC -e PAPI_BR_PRC -e PAPI_L2_TCM -e perf::L1-DCACHE-STORES -e perf::PERF_COUNT_SW_CONTEXT_SWITCHES -e perf::CONTEXT-SWITCHES -e PAPI_BR_INS -e REALTIME -e IO","['/home/ec2-user/aws_data_collection/data/ec2-c6i.metal/miniFE.x/8dbe09b45d52695426cbd4294e378739', '/home/ec2-user/aws_data_collection/data/ec2-c6i.metal/miniFE.x/0b0325cfdd0d4d2aa185e78d7fe5422c', '/home/ec2-user/aws_data_collection/data/ec2-c6i.metal/miniFE.x/d1f48baf408504bbe7f6030de00757f0', '/home/ec2-user/aws_data_collection/data/ec2-c6i.metal/miniFE.x/2bb76a7d42b1e691cb8f9baa52df85e1', '/home/ec2-user/aws_data_collection/data/ec2-c6i.metal/miniFE.x/7e935bac9b6fa1f64a986f21990f73c3', '/home/ec2-user/aws_data_collection/data/ec2-c6i.metal/miniFE.x/e5ce87002604a60ab30e855d09429018', '/home/ec2-user/aws_data_collection/data/ec2-c6i.metal/miniFE.x/026a22237a97b1c8fab619c7b3b16f21', '/home/ec2-user/aws_data_collection/data/ec2-c6i.metal/miniFE.x/fc1ba614256448f58ccaccc1add635e2', '/home/ec2-user/aws_data_collection/data/ec2-c6i.metal/miniFE.x/7f186f73ce985e8040f87a3de22a2fdb', '/home/ec2-user/aws_data_collection/data/ec2-c6i.metal/miniFE.x/76cfceb56db3928a6106043e409454dd', '/home/ec2-user/aws_data_collection/data/ec2-c6i.metal/miniFE.x/f61cb8f38db08bb01701ac2f27aded0b']",0.0333,374000000.0,109227920.0,69916.0,1203582051.0,35331067.0,216948.0,304635890.0,30000000.0,2071.0,11576.0,0.42564299999999994,27302.0,1082591954.0,30275.0,231122219.0,52.0,108.0,2854000000.0,416458009.0,1128000000.0,510887306.0,105063770.0,422000000.0,270000000.0
"ec2-c6i.metal","miniFE.x","miniFE.x","-nx 125 -ny 50 -nz 50","1","ice4hpc","/home/ec2-user/spack/var/spack/environments/ice4hpc/.spack-env/view/bin/miniFE.x","-e PAPI_DP_OPS -e PAPI_VEC_DP -e PAPI_REF_CYC -e PAPI_SP_OPS -e PAPI_VEC_SP -e PAPI_TOT_INS -e clx::HW_INTERRUPTS -e PAPI_BR_TKN -e PAPI_BR_CN -e PAPI_BR_UCN -e PAPI_BR_PRC -e PAPI_L2_TCM -e clx::RESOURCE_STALLS -e REALTIME -e IO -e PAPI_BR_PRC -e PAPI_L2_TCM -e perf::L1-DCACHE-STORES -e perf::PERF_COUNT_SW_CONTEXT_SWITCHES -e perf::CONTEXT-SWITCHES -e PAPI_BR_INS -e perf::LLC-STORES -e perf::LLC-STORE-MISSES -e perf::L1-DCACHE-LOADS -e perf::L1-DCACHE-LOAD-MISSES -e perf::ITLB-LOADS -e perf::ITLB-LOAD-MISSES -e perf::LLC-LOADS -e perf::LLC-LOAD-MISSES -e PAPI_BR_TKN -e PAPI_BR_CN -e PAPI_BR_UCN -e perf::DTLB-LOADS -e perf::DTLB-LOAD-MISSES -e perf::DTLB-STORES -e perf::DTLB-STORE-MISSES","['/home/ec2-user/aws_data_collection/data/ec2-c6i.metal/miniFE.x/e80031d836deba80b7dff48c62e4a02e', '/home/ec2-user/aws_data_collection/data/ec2-c6i.metal/miniFE.x/405be06d5a3d78f78b3b88a76dcab425', '/home/ec2-user/aws_data_collection/data/ec2-c6i.metal/miniFE.x/3a352621d77e2aa4b2feee1e6362cdb4', '/home/ec2-user/aws_data_collection/data/ec2-c6i.metal/miniFE.x/b95eb251476c6cd6d5521e38b45ef0c9', '/home/ec2-user/aws_data_collection/data/ec2-c6i.metal/miniFE.x/be83b055bab802b8bfbc7ba1c485063b', '/home/ec2-user/aws_data_collection/data/ec2-c6i.metal/miniFE.x/7c268825c509615bc6fd730847b4ea8e', '/home/ec2-user/aws_data_collection/data/ec2-c6i.metal/miniFE.x/bc0b1e04c8e7e9f94f6c18b2d6995ace', '/home/ec2-user/aws_data_collection/data/ec2-c6i.metal/miniFE.x/c519610786c1c741de60cd8e4f7db9bc', '/home/ec2-user/aws_data_collection/data/ec2-c6i.metal/miniFE.x/fb20642af3e4e57c6f33a10635ae0297', '/home/ec2-user/aws_data_collection/data/ec2-c6i.metal/miniFE.x/1a4dd7d89e50e5d6c464c2a1d1a4f17b', '/home/ec2-user/aws_data_collection/data/ec2-c6i.metal/miniFE.x/b7217c385d8aad9e02440535ea254146']",0.05,3462000000.0,498928412.0,274959.0,7623164513.0,453187799.0,1376777.0,3113850031.0,440000000.0,1069.0,11576.0,2.621807,111354.0,7628129236.0,339799.0,501163755.0,13.0,13.0,19776000000.0,5019082696.0,7392000000.0,6078090078.0,336801018.0,3126000000.0,2150000000.0
"ec2-c6i.metal","miniFE.x","miniFE.x","-nx 125 -ny 50 -nz 50","32","ice4hpc","/home/ec2-user/spack/var/spack/environments/ice4hpc/.spack-env/view/bin/miniFE.x","-e perf::L1-DCACHE-STORES -e perf::PERF_COUNT_SW_CONTEXT_SWITCHES -e perf::CONTEXT-SWITCHES -e PAPI_BR_INS -e PAPI_SP_OPS -e PAPI_VEC_SP -e PAPI_TOT_INS -e clx::HW_INTERRUPTS -e PAPI_BR_TKN -e PAPI_BR_CN -e PAPI_BR_UCN -e PAPI_BR_PRC -e PAPI_L2_TCM -e perf::DTLB-LOADS -e perf::DTLB-LOAD-MISSES -e perf::DTLB-STORES -e perf::DTLB-STORE-MISSES -e PAPI_BR_TKN -e PAPI_BR_CN -e PAPI_BR_UCN -e PAPI_BR_PRC -e PAPI_L2_TCM -e clx::RESOURCE_STALLS -e perf::LLC-STORES -e perf::LLC-STORE-MISSES -e perf::L1-DCACHE-LOADS -e perf::L1-DCACHE-LOAD-MISSES -e PAPI_DP_OPS -e PAPI_VEC_DP -e PAPI_REF_CYC -e perf::ITLB-LOADS -e perf::ITLB-LOAD-MISSES -e perf::LLC-LOADS -e perf::LLC-LOAD-MISSES -e REALTIME -e IO","['/home/ec2-user/aws_data_collection/data/ec2-c6i.metal/miniFE.x/6faaf1b8e02b60573a8569c087cd6f93', '/home/ec2-user/aws_data_collection/data/ec2-c6i.metal/miniFE.x/4c44a36ac701645aeed4b14aff6d3051', '/home/ec2-user/aws_data_collection/data/ec2-c6i.metal/miniFE.x/60f2a3b7d0bd636d70a0e05a3ec117d6', '/home/ec2-user/aws_data_collection/data/ec2-c6i.metal/miniFE.x/825d63a40f828abd1d13debad24c84ef', '/home/ec2-user/aws_data_collection/data/ec2-c6i.metal/miniFE.x/5ecf34732703e29861a0424f998cc5a8', '/home/ec2-user/aws_data_collection/data/ec2-c6i.metal/miniFE.x/6b5dd89b32ebb9db3fed535531495cbe', '/home/ec2-user/aws_data_collection/data/ec2-c6i.metal/miniFE.x/02321fb111689d682429f2b38dec6342', '/home/ec2-user/aws_data_collection/data/ec2-c6i.metal/miniFE.x/ff96c4b21460d3e73bb6fb9a3e4b0131', '/home/ec2-user/aws_data_collection/data/ec2-c6i.metal/miniFE.x/eb295e51835e8cc7623d29b9e2e7ae13', '/home/ec2-user/aws_data_collection/data/ec2-c6i.metal/miniFE.x/d0f434d7681179a96dad0591afd56fff', '/home/ec2-user/aws_data_collection/data/ec2-c6i.metal/miniFE.x/a13d3ede81d57f8bb948bbd71549df50']",0.0166,274000000.0,135990645.0,37813.0,304671575.0,13637738.0,108380.0,205119601.0,12000000.0,2602.0,11576.0,0.180193,8566.0,602304693.0,19607.0,150520481.0,52.0,108.0,1460000000.0,169552097.0,460000000.0,209043706.0,45379276.0,198000000.0,134000000.0
"ec2-c6i.metal","miniFE.x","miniFE.x","-nx 125 -ny 75 -nz 50","1","ice4hpc","/home/ec2-user/spack/var/spack/environments/ice4hpc/.spack-env/view/bin/miniFE.x","-e perf::DTLB-LOADS -e perf::DTLB-LOAD-MISSES -e perf::DTLB-STORES -e perf::DTLB-STORE-MISSES -e clx::HW_INTERRUPTS -e PAPI_BR_TKN -e PAPI_BR_CN -e PAPI_BR_UCN -e PAPI_SP_OPS -e PAPI_VEC_SP -e PAPI_TOT_INS -e perf::L1-DCACHE-STORES -e perf::PERF_COUNT_SW_CONTEXT_SWITCHES -e perf::CONTEXT-SWITCHES -e PAPI_BR_INS -e PAPI_DP_OPS -e PAPI_VEC_DP -e PAPI_REF_CYC -e REALTIME -e IO -e perf::LLC-STORES -e perf::LLC-STORE-MISSES -e perf::L1-DCACHE-LOADS -e perf::L1-DCACHE-LOAD-MISSES -e PAPI_BR_PRC -e PAPI_L2_TCM -e PAPI_BR_PRC -e PAPI_L2_TCM -e clx::RESOURCE_STALLS -e PAPI_BR_TKN -e PAPI_BR_CN -e PAPI_BR_UCN -e perf::ITLB-LOADS -e perf::ITLB-LOAD-MISSES -e perf::LLC-LOADS -e perf::LLC-LOAD-MISSES","['/home/ec2-user/aws_data_collection/data/ec2-c6i.metal/miniFE.x/d3279cf21b52ee9a18246246b77c3cd5', '/home/ec2-user/aws_data_collection/data/ec2-c6i.metal/miniFE.x/ed4475a683d6f4dd3d07bf44463b7300', '/home/ec2-user/aws_data_collection/data/ec2-c6i.metal/miniFE.x/2e01ea8bb2806e9446f2bce63ec2320d', '/home/ec2-user/aws_data_collection/data/ec2-c6i.metal/miniFE.x/e8d0b58db3a3ddf6fba58201870d1e00', '/home/ec2-user/aws_data_collection/data/ec2-c6i.metal/miniFE.x/447dc2dfef27e0d5972ffd62b5cf798b', '/home/ec2-user/aws_data_collection/data/ec2-c6i.metal/miniFE.x/f7746926b440cc85ec07f36e223409f1', '/home/ec2-user/aws_data_collection/data/ec2-c6i.metal/miniFE.x/629a2ae560ba905d30552f2b46fd38ae', '/home/ec2-user/aws_data_collection/data/ec2-c6i.metal/miniFE.x/d5af6f747df9a5b2bcb187e9c30b03b2', '/home/ec2-user/aws_data_collection/data/ec2-c6i.metal/miniFE.x/b2147523cd7134e1cef83109b21f51fe', '/home/ec2-user/aws_data_collection/data/ec2-c6i.metal/miniFE.x/832b8b1801b3d94f57f67c0f99029eb1', '/home/ec2-user/aws_data_collection/data/ec2-c6i.metal/miniFE.x/bdce4224609562079dc8039c6f9447f1']",0.0666,5242000000.0,746249132.0,194240.0,11517882264.0,677618271.0,1084468.0,4729213719.0,660000000.0,1051.0,11576.0,3.9887730000000015,139741.0,11520701824.0,494681.0,748616263.0,13.0,13.0,29810000000.0,7513936249.0,11318000000.0,9098586295.0,502078049.0,4740000000.0,3244000000.0
"ec2-c6i.metal","miniFE.x","miniFE.x","-nx 125 -ny 75 -nz 50","32","ice4hpc","/home/ec2-user/spack/var/spack/environments/ice4hpc/.spack-env/view/bin/miniFE.x","-e PAPI_BR_PRC -e PAPI_L2_TCM -e perf::L1-DCACHE-STORES -e perf::PERF_COUNT_SW_CONTEXT_SWITCHES -e perf::CONTEXT-SWITCHES -e PAPI_BR_INS -e perf::ITLB-LOADS -e perf::ITLB-LOAD-MISSES -e perf::LLC-LOADS -e perf::LLC-LOAD-MISSES -e perf::LLC-STORES -e perf::LLC-STORE-MISSES -e perf::L1-DCACHE-LOADS -e perf::L1-DCACHE-LOAD-MISSES -e REALTIME -e IO -e PAPI_BR_PRC -e PAPI_L2_TCM -e clx::RESOURCE_STALLS -e clx::HW_INTERRUPTS -e PAPI_BR_TKN -e PAPI_BR_CN -e PAPI_BR_UCN -e PAPI_DP_OPS -e PAPI_VEC_DP -e PAPI_REF_CYC -e PAPI_BR_TKN -e PAPI_BR_CN -e PAPI_BR_UCN -e PAPI_SP_OPS -e PAPI_VEC_SP -e PAPI_TOT_INS -e perf::DTLB-LOADS -e perf::DTLB-LOAD-MISSES -e perf::DTLB-STORES -e perf::DTLB-STORE-MISSES","['/home/ec2-user/aws_data_collection/data/ec2-c6i.metal/miniFE.x/7ac990c811a3f17db071cfcb81035cd0', '/home/ec2-user/aws_data_collection/data/ec2-c6i.metal/miniFE.x/735630765e6324a0a26aa56856471f49', '/home/ec2-user/aws_data_collection/data/ec2-c6i.metal/miniFE.x/2b40a11095f54c7985bbc0bb46da9192', '/home/ec2-user/aws_data_collection/data/ec2-c6i.metal/miniFE.x/d669682a5e5d071ceee5daa5ad0c17d9', '/home/ec2-user/aws_data_collection/data/ec2-c6i.metal/miniFE.x/9a4f22a5de18f8cb3d8021e850e81c80', '/home/ec2-user/aws_data_collection/data/ec2-c6i.metal/miniFE.x/b8d8b948720f22bd0353c4a37fb42e45', '/home/ec2-user/aws_data_collection/data/ec2-c6i.metal/miniFE.x/34d43ff321077f754ae541b119a0027c', '/home/ec2-user/aws_data_collection/data/ec2-c6i.metal/miniFE.x/a4a4c77245369a660f1984342cd094f6', '/home/ec2-user/aws_data_collection/data/ec2-c6i.metal/miniFE.x/1b936189170a547d34cc53cae2b3085c', '/home/ec2-user/aws_data_collection/data/ec2-c6i.metal/miniFE.x/9f03cd2502ede3f19118bd11a8ff9c81', '/home/ec2-user/aws_data_collection/data/ec2-c6i.metal/miniFE.x/8ff199559c03026834adac2c70e115a8']",0.0166,370000000.0,179756657.0,46868.0,882160401.0,20616997.0,120089.0,196892136.0,16000000.0,2058.0,11576.0,0.27529700000000007,9134.0,812644601.0,24839.0,191376550.0,52.0,108.0,1930000000.0,247521966.0,676000000.0,304362761.0,70433153.0,286000000.0,192000000.0
"ec2-c6i.metal","miniFE.x","miniFE.x","-nx 150 -ny 100 -nz 50","1","ice4hpc","/home/ec2-user/spack/var/spack/environments/ice4hpc/.spack-env/view/bin/miniFE.x","-e clx::HW_INTERRUPTS -e PAPI_BR_TKN -e PAPI_BR_CN -e PAPI_BR_UCN -e PAPI_BR_PRC -e PAPI_L2_TCM -e REALTIME -e IO -e perf::DTLB-LOADS -e perf::DTLB-LOAD-MISSES -e perf::DTLB-STORES -e perf::DTLB-STORE-MISSES -e PAPI_SP_OPS -e PAPI_VEC_SP -e PAPI_TOT_INS -e PAPI_DP_OPS -e PAPI_VEC_DP -e PAPI_REF_CYC -e perf::LLC-STORES -e perf::LLC-STORE-MISSES -e perf::L1-DCACHE-LOADS -e perf::L1-DCACHE-LOAD-MISSES -e perf::L1-DCACHE-STORES -e perf::PERF_COUNT_SW_CONTEXT_SWITCHES -e perf::CONTEXT-SWITCHES -e PAPI_BR_INS -e PAPI_BR_TKN -e PAPI_BR_CN -e PAPI_BR_UCN -e PAPI_BR_PRC -e PAPI_L2_TCM -e clx::RESOURCE_STALLS -e perf::ITLB-LOADS -e perf::ITLB-LOAD-MISSES -e perf::LLC-LOADS -e perf::LLC-LOAD-MISSES","['/home/ec2-user/aws_data_collection/data/ec2-c6i.metal/miniFE.x/a9b3664a7b2161becc7243bb99ba377f', '/home/ec2-user/aws_data_collection/data/ec2-c6i.metal/miniFE.x/b606e532e9d50135e3d4600566e4ea6a', '/home/ec2-user/aws_data_collection/data/ec2-c6i.metal/miniFE.x/4334a264860a07667a0ad3cebbc3da8c', '/home/ec2-user/aws_data_collection/data/ec2-c6i.metal/miniFE.x/2f1bec867668210b979bffb5371fb931', '/home/ec2-user/aws_data_collection/data/ec2-c6i.metal/miniFE.x/4f96531c1f5d65ce43ee17ebee9c8f64', '/home/ec2-user/aws_data_collection/data/ec2-c6i.metal/miniFE.x/2c94d4bebd80c647f15581d90c562a7e', '/home/ec2-user/aws_data_collection/data/ec2-c6i.metal/miniFE.x/f4d17444a18570df163a636e6b5b7c18', '/home/ec2-user/aws_data_collection/data/ec2-c6i.metal/miniFE.x/6659e3d366996b44c0e3b72bb0f8c9b9', '/home/ec2-user/aws_data_collection/data/ec2-c6i.metal/miniFE.x/6797d37a16490f014f7c0ab87339053e', '/home/ec2-user/aws_data_collection/data/ec2-c6i.metal/miniFE.x/04abd7f31d967450f80f524f72f08841', '/home/ec2-user/aws_data_collection/data/ec2-c6i.metal/miniFE.x/297b6bc2c8a796eba20a7f7fee5e7032']",0.0333,8386000000.0,1186311611.0,359281.0,18419894563.0,1122016711.0,1742324.0,7561018369.0,1054000000.0,1065.0,11576.0,6.440827000000012,266964.0,18426652280.0,758018.0,1197426035.0,13.0,13.0,47644000000.0,12005845526.0,18336000000.0,14536955576.0,813091550.0,7572000000.0,5168000000.0
"ec2-c6i.metal","miniFE.x","miniFE.x","-nx 150 -ny 100 -nz 50","32","ice4hpc","/home/ec2-user/spack/var/spack/environments/ice4hpc/.spack-env/view/bin/miniFE.x","-e perf::LLC-STORES -e perf::LLC-STORE-MISSES -e perf::L1-DCACHE-LOADS -e perf::L1-DCACHE-LOAD-MISSES -e perf::DTLB-LOADS -e perf::DTLB-LOAD-MISSES -e perf::DTLB-STORES -e perf::DTLB-STORE-MISSES -e PAPI_BR_TKN -e PAPI_BR_CN -e PAPI_BR_UCN -e perf::ITLB-LOADS -e perf::ITLB-LOAD-MISSES -e perf::LLC-LOADS -e perf::LLC-LOAD-MISSES -e PAPI_SP_OPS -e PAPI_VEC_SP -e PAPI_TOT_INS -e perf::L1-DCACHE-STORES -e perf::PERF_COUNT_SW_CONTEXT_SWITCHES -e perf::CONTEXT-SWITCHES -e PAPI_BR_INS -e PAPI_BR_PRC -e PAPI_L2_TCM -e clx::RESOURCE_STALLS -e REALTIME -e IO -e PAPI_BR_PRC -e PAPI_L2_TCM -e PAPI_DP_OPS -e PAPI_VEC_DP -e PAPI_REF_CYC -e clx::HW_INTERRUPTS -e PAPI_BR_TKN -e PAPI_BR_CN -e PAPI_BR_UCN","['/home/ec2-user/aws_data_collection/data/ec2-c6i.metal/miniFE.x/4db0d7e276b56ed2c64556db08dbc0a5', '/home/ec2-user/aws_data_collection/data/ec2-c6i.metal/miniFE.x/f88604d4b6183396f220dee9f3d5e4a5', '/home/ec2-user/aws_data_collection/data/ec2-c6i.metal/miniFE.x/427e0a2b8bb03c0ce6c76e5ef5ed532a', '/home/ec2-user/aws_data_collection/data/ec2-c6i.metal/miniFE.x/2e191c5b5724fe24cc733be3d9df4311', '/home/ec2-user/aws_data_collection/data/ec2-c6i.metal/miniFE.x/0764edb24b62841837044ebb24ca761e', '/home/ec2-user/aws_data_collection/data/ec2-c6i.metal/miniFE.x/955c7825385b3f88949dfbc41c67ba34', '/home/ec2-user/aws_data_collection/data/ec2-c6i.metal/miniFE.x/12aa74d849a0cc8fae3a888eb9a55d05', '/home/ec2-user/aws_data_collection/data/ec2-c6i.metal/miniFE.x/a3e75e1e1c808fc1fbd206bc0ea66461', '/home/ec2-user/aws_data_collection/data/ec2-c6i.metal/miniFE.x/169d7ce9da90c267899b3060a790d9b8', '/home/ec2-user/aws_data_collection/data/ec2-c6i.metal/miniFE.x/78053cded7690db14a3c6d06a7b69111', '/home/ec2-user/aws_data_collection/data/ec2-c6i.metal/miniFE.x/b63fa487746573fe0860ef60389b98c4']",0.0166,508000000.0,230881548.0,64468.0,762693940.0,33101311.0,188702.0,295945202.0,28000000.0,2613.0,11576.0,0.40042500000000003,24838.0,740727272.0,28453.0,100795582.0,52.0,108.0,2658000000.0,387437475.0,1102000000.0,475608932.0,46295166.0,308000000.0,212000000.0
"ec2-c6i.metal","miniFE.x","miniFE.x","-nx 150 -ny 125 -nz 50","1","ice4hpc","/home/ec2-user/spack/var/spack/environments/ice4hpc/.spack-env/view/bin/miniFE.x","-e perf::ITLB-LOADS -e perf::ITLB-LOAD-MISSES -e perf::LLC-LOADS -e perf::LLC-LOAD-MISSES -e perf::DTLB-LOADS -e perf::DTLB-LOAD-MISSES -e perf::DTLB-STORES -e perf::DTLB-STORE-MISSES -e PAPI_BR_PRC -e PAPI_L2_TCM -e clx::HW_INTERRUPTS -e PAPI_BR_TKN -e PAPI_BR_CN -e PAPI_BR_UCN -e PAPI_BR_PRC -e PAPI_L2_TCM -e clx::RESOURCE_STALLS -e PAPI_SP_OPS -e PAPI_VEC_SP -e PAPI_TOT_INS -e perf::LLC-STORES -e perf::LLC-STORE-MISSES -e perf::L1-DCACHE-LOADS -e perf::L1-DCACHE-LOAD-MISSES -e PAPI_BR_TKN -e PAPI_BR_CN -e PAPI_BR_UCN -e perf::L1-DCACHE-STORES -e perf::PERF_COUNT_SW_CONTEXT_SWITCHES -e perf::CONTEXT-SWITCHES -e PAPI_BR_INS -e REALTIME -e IO -e PAPI_DP_OPS -e PAPI_VEC_DP -e PAPI_REF_CYC","['/home/ec2-user/aws_data_collection/data/ec2-c6i.metal/miniFE.x/787fe9f09a95cccc0925c2a0778b7486', '/home/ec2-user/aws_data_collection/data/ec2-c6i.metal/miniFE.x/90dce497bdf06ee746a4614a8d8cf422', '/home/ec2-user/aws_data_collection/data/ec2-c6i.metal/miniFE.x/d7ae4677c4bfd42d00c0f3472df2105f', '/home/ec2-user/aws_data_collection/data/ec2-c6i.metal/miniFE.x/14d400cc3d175bd5669ce5e5a448c5d3', '/home/ec2-user/aws_data_collection/data/ec2-c6i.metal/miniFE.x/1bbbb0ea63af070430996fa093f98c9f', '/home/ec2-user/aws_data_collection/data/ec2-c6i.metal/miniFE.x/13beb3575e5ac5a5f186c7b8cf4f1570', '/home/ec2-user/aws_data_collection/data/ec2-c6i.metal/miniFE.x/4420a7c1be85a623fde1c0eaad5a8fdb', '/home/ec2-user/aws_data_collection/data/ec2-c6i.metal/miniFE.x/722122fb02369adcc843c2a718d52872', '/home/ec2-user/aws_data_collection/data/ec2-c6i.metal/miniFE.x/a8c881e3ec2fcbc0d013dcabca248edc', '/home/ec2-user/aws_data_collection/data/ec2-c6i.metal/miniFE.x/2d27ae2a589800fcc8a01372b42b37e2', '/home/ec2-user/aws_data_collection/data/ec2-c6i.metal/miniFE.x/adff31dd9788ac2bf3afecedccef055d']",0.0333,10528000000.0,1484078853.0,414947.0,23118880416.0,1425848914.0,1312149.0,9498866327.0,1316000000.0,1064.0,11576.0,8.059624000000015,347817.0,23114795469.0,936470.0,1491110336.0,13.0,13.0,59712000000.0,14998500416.0,22952000000.0,18160073648.0,1017557062.0,9512000000.0,6482000000.0
"ec2-c6i.metal","miniFE.x","miniFE.x","-nx 150 -ny 125 -nz 50","32","ice4hpc","/home/ec2-user/spack/var/spack/environments/ice4hpc/.spack-env/view/bin/miniFE.x","-e PAPI_BR_PRC -e PAPI_L2_TCM -e clx::RESOURCE_STALLS -e perf::LLC-STORES -e perf::LLC-STORE-MISSES -e perf::L1-DCACHE-LOADS -e perf::L1-DCACHE-LOAD-MISSES -e PAPI_DP_OPS -e PAPI_VEC_DP -e PAPI_REF_CYC -e clx::HW_INTERRUPTS -e PAPI_BR_TKN -e PAPI_BR_CN -e PAPI_BR_UCN -e PAPI_BR_TKN -e PAPI_BR_CN -e PAPI_BR_UCN -e PAPI_BR_PRC -e PAPI_L2_TCM -e perf::DTLB-LOADS -e perf::DTLB-LOAD-MISSES -e perf::DTLB-STORES -e perf::DTLB-STORE-MISSES -e REALTIME -e IO -e perf::ITLB-LOADS -e perf::ITLB-LOAD-MISSES -e perf::LLC-LOADS -e perf::LLC-LOAD-MISSES -e perf::L1-DCACHE-STORES -e perf::PERF_COUNT_SW_CONTEXT_SWITCHES -e perf::CONTEXT-SWITCHES -e PAPI_BR_INS -e PAPI_SP_OPS -e PAPI_VEC_SP -e PAPI_TOT_INS","['/home/ec2-user/aws_data_collection/data/ec2-c6i.metal/miniFE.x/4080a7e5275b76457a0aa14d8f30c24f', '/home/ec2-user/aws_data_collection/data/ec2-c6i.metal/miniFE.x/2dc41b543484b39340d2bb11b054a76b', '/home/ec2-user/aws_data_collection/data/ec2-c6i.metal/miniFE.x/b78755d8a527cac8770a30514ed1dd92', '/home/ec2-user/aws_data_collection/data/ec2-c6i.metal/miniFE.x/154f2ddd3eedd87c04a6625321837deb', '/home/ec2-user/aws_data_collection/data/ec2-c6i.metal/miniFE.x/5253a28754053eba08652ce3a8bee5a8', '/home/ec2-user/aws_data_collection/data/ec2-c6i.metal/miniFE.x/b84c4b93cb946b6b190b07e10b9a85fb', '/home/ec2-user/aws_data_collection/data/ec2-c6i.metal/miniFE.x/c6b03b541a6de8f265b5a19c61fd6e64', '/home/ec2-user/aws_data_collection/data/ec2-c6i.metal/miniFE.x/512a7b48b668727df6f89e689f94e338', '/home/ec2-user/aws_data_collection/data/ec2-c6i.metal/miniFE.x/3ad5ab9f721ed9c3744e843314863e3a', '/home/ec2-user/aws_data_collection/data/ec2-c6i.metal/miniFE.x/7996e2802878bf30756bf84486955a1a', '/home/ec2-user/aws_data_collection/data/ec2-c6i.metal/miniFE.x/d7e94885ff4dfbc2174eaa73ee74ece1']",0.05,486000000.0,165788127.0,132470.0,1299781156.0,42400788.0,247768.0,464757537.0,36000000.0,2613.0,11576.0,0.49061199999999994,30663.0,1045605701.0,33878.0,171903658.0,52.0,108.0,3110000000.0,495716767.0,1364000000.0,607945328.0,112690604.0,466000000.0,298000000.0
"ec2-c6i.metal","miniFE.x","miniFE.x","-nx 150 -ny 150 -nz 50","1","ice4hpc","/home/ec2-user/spack/var/spack/environments/ice4hpc/.spack-env/view/bin/miniFE.x","-e clx::HW_INTERRUPTS -e PAPI_BR_TKN -e PAPI_BR_CN -e PAPI_BR_UCN -e PAPI_SP_OPS -e PAPI_VEC_SP -e PAPI_TOT_INS -e perf::ITLB-LOADS -e perf::ITLB-LOAD-MISSES -e perf::LLC-LOADS -e perf::LLC-LOAD-MISSES -e perf::LLC-STORES -e perf::LLC-STORE-MISSES -e perf::L1-DCACHE-LOADS -e perf::L1-DCACHE-LOAD-MISSES -e PAPI_DP_OPS -e PAPI_VEC_DP -e PAPI_REF_CYC -e PAPI_BR_PRC -e PAPI_L2_TCM -e clx::RESOURCE_STALLS -e perf::L1-DCACHE-STORES -e perf::PERF_COUNT_SW_CONTEXT_SWITCHES -e perf::CONTEXT-SWITCHES -e PAPI_BR_INS -e perf::DTLB-LOADS -e perf::DTLB-LOAD-MISSES -e perf::DTLB-STORES -e perf::DTLB-STORE-MISSES -e REALTIME -e IO -e PAPI_BR_TKN -e PAPI_BR_CN -e PAPI_BR_UCN -e PAPI_BR_PRC -e PAPI_L2_TCM","['/home/ec2-user/aws_data_collection/data/ec2-c6i.metal/miniFE.x/daa0dabfecc6f62e129734c9f92ff322', '/home/ec2-user/aws_data_collection/data/ec2-c6i.metal/miniFE.x/764c9db5035af8062ced9101f4003937', '/home/ec2-user/aws_data_collection/data/ec2-c6i.metal/miniFE.x/27ffb58d6291c5524b9a4d05a2a4a907', '/home/ec2-user/aws_data_collection/data/ec2-c6i.metal/miniFE.x/d930cbabc9a38fed6e5a00903bdb78f4', '/home/ec2-user/aws_data_collection/data/ec2-c6i.metal/miniFE.x/9a82d004501b9e7cf6b68df402e863d9', '/home/ec2-user/aws_data_collection/data/ec2-c6i.metal/miniFE.x/98e755be45ae900fa484e5aae112b4f4', '/home/ec2-user/aws_data_collection/data/ec2-c6i.metal/miniFE.x/b6ae9c3f3664925ff3f3a793a16aff0d', '/home/ec2-user/aws_data_collection/data/ec2-c6i.metal/miniFE.x/7929526cf884b2f9c821841f03dd571e', '/home/ec2-user/aws_data_collection/data/ec2-c6i.metal/miniFE.x/4393f0314314d12e5859baea2d1968aa', '/home/ec2-user/aws_data_collection/data/ec2-c6i.metal/miniFE.x/7e45439f1b164e4329b6dfdf169722ba', '/home/ec2-user/aws_data_collection/data/ec2-c6i.metal/miniFE.x/4036be7c8ba2401bd47119115585d222']",0.05,12726000000.0,1771739477.0,571337.0,27862789734.0,1713455863.0,1445693.0,11482410864.0,1578000000.0,1054.0,11576.0,9.72854900000001,380419.0,27863656341.0,1109816.0,1790202178.0,13.0,13.0,71952000000.0,17991157544.0,27798000000.0,21783192755.0,1222311186.0,11502000000.0,7818000000.0
"ec2-c6i.metal","miniFE.x","miniFE.x","-nx 150 -ny 150 -nz 50","32","ice4hpc","/home/ec2-user/spack/var/spack/environments/ice4hpc/.spack-env/view/bin/miniFE.x","-e perf::DTLB-LOADS -e perf::DTLB-LOAD-MISSES -e perf::DTLB-STORES -e perf::DTLB-STORE-MISSES -e PAPI_SP_OPS -e PAPI_VEC_SP -e PAPI_TOT_INS -e perf::LLC-STORES -e perf::LLC-STORE-MISSES -e perf::L1-DCACHE-LOADS -e perf::L1-DCACHE-LOAD-MISSES -e PAPI_DP_OPS -e PAPI_VEC_DP -e PAPI_REF_CYC -e PAPI_BR_TKN -e PAPI_BR_CN -e PAPI_BR_UCN -e REALTIME -e IO -e perf::L1-DCACHE-STORES -e perf::PERF_COUNT_SW_CONTEXT_SWITCHES -e perf::CONTEXT-SWITCHES -e PAPI_BR_INS -e perf::ITLB-LOADS -e perf::ITLB-LOAD-MISSES -e perf::LLC-LOADS -e perf::LLC-LOAD-MISSES -e clx::HW_INTERRUPTS -e PAPI_BR_TKN -e PAPI_BR_CN -e PAPI_BR_UCN -e PAPI_BR_PRC -e PAPI_L2_TCM -e clx::RESOURCE_STALLS -e PAPI_BR_PRC -e PAPI_L2_TCM","['/home/ec2-user/aws_data_collection/data/ec2-c6i.metal/miniFE.x/503cfc4bb024a6ddaeea6f3d4170f1f6', '/home/ec2-user/aws_data_collection/data/ec2-c6i.metal/miniFE.x/ee6e5ce3004078cc01993b269e71daeb', '/home/ec2-user/aws_data_collection/data/ec2-c6i.metal/miniFE.x/de8a72363812e15246911acab5a713b0', '/home/ec2-user/aws_data_collection/data/ec2-c6i.metal/miniFE.x/208ea1c31e4217d421038d4668de367a', '/home/ec2-user/aws_data_collection/data/ec2-c6i.metal/miniFE.x/f0b36267876f1f788769a8071f3a8120', '/home/ec2-user/aws_data_collection/data/ec2-c6i.metal/miniFE.x/0473b91d2e9195d30c88317eba994c1f', '/home/ec2-user/aws_data_collection/data/ec2-c6i.metal/miniFE.x/7f6bc2655d620e46466574a1a18d89f3', '/home/ec2-user/aws_data_collection/data/ec2-c6i.metal/miniFE.x/d279a1fcd9f22c55e9013a5b9cf93423', '/home/ec2-user/aws_data_collection/data/ec2-c6i.metal/miniFE.x/5bb02cfbe1fb39e475164d29dd597a3a', '/home/ec2-user/aws_data_collection/data/ec2-c6i.metal/miniFE.x/9bce538236cfa2a3d727a1f5eaf037a5', '/home/ec2-user/aws_data_collection/data/ec2-c6i.metal/miniFE.x/3d2dd5fdbb3941feac39c3711971346d']",0.0166,674000000.0,272374229.0,88473.0,1117442412.0,50962415.0,288438.0,530349451.0,42000000.0,2617.0,11576.0,0.5913179999999999,31968.0,1400460612.0,55288.0,271410339.0,52.0,108.0,3720000000.0,588530452.0,1500000000.0,721376126.0,129905114.0,550000000.0,352000000.0
"ec2-c6i.metal","miniFE.x","miniFE.x","-nx 150 -ny 50 -nz 50","1","ice4hpc","/home/ec2-user/spack/var/spack/environments/ice4hpc/.spack-env/view/bin/miniFE.x","-e perf::ITLB-LOADS -e perf::ITLB-LOAD-MISSES -e perf::LLC-LOADS -e perf::LLC-LOAD-MISSES -e PAPI_SP_OPS -e PAPI_VEC_SP -e PAPI_TOT_INS -e clx::HW_INTERRUPTS -e PAPI_BR_TKN -e PAPI_BR_CN -e PAPI_BR_UCN -e PAPI_DP_OPS -e PAPI_VEC_DP -e PAPI_REF_CYC -e PAPI_BR_PRC -e PAPI_L2_TCM -e perf::LLC-STORES -e perf::LLC-STORE-MISSES -e perf::L1-DCACHE-LOADS -e perf::L1-DCACHE-LOAD-MISSES -e perf::L1-DCACHE-STORES -e perf::PERF_COUNT_SW_CONTEXT_SWITCHES -e perf::CONTEXT-SWITCHES -e PAPI_BR_INS -e PAPI_BR_TKN -e PAPI_BR_CN -e PAPI_BR_UCN -e REALTIME -e IO -e perf::DTLB-LOADS -e perf::DTLB-LOAD-MISSES -e perf::DTLB-STORES -e perf::DTLB-STORE-MISSES -e PAPI_BR_PRC -e PAPI_L2_TCM -e clx::RESOURCE_STALLS","['/home/ec2-user/aws_data_collection/data/ec2-c6i.metal/miniFE.x/bfac7c3f5c32025ef9846248189c50be', '/home/ec2-user/aws_data_collection/data/ec2-c6i.metal/miniFE.x/1a3bb98b22e06f9cf95660a868f714fe', '/home/ec2-user/aws_data_collection/data/ec2-c6i.metal/miniFE.x/6cc750d76908698beb47f5258d66bb23', '/home/ec2-user/aws_data_collection/data/ec2-c6i.metal/miniFE.x/b6f3750c98bbc1c4aea5cdf1c1c19a94', '/home/ec2-user/aws_data_collection/data/ec2-c6i.metal/miniFE.x/7aa7621152dc48bc1c13b2d8684e597d', '/home/ec2-user/aws_data_collection/data/ec2-c6i.metal/miniFE.x/29ba4a2345330a4476d4cac9470ca5de', '/home/ec2-user/aws_data_collection/data/ec2-c6i.metal/miniFE.x/b081c2b1f63880458839da8718d79a4f', '/home/ec2-user/aws_data_collection/data/ec2-c6i.metal/miniFE.x/e0fa7f42f4e18fc32dc2b6254bfe94a1', '/home/ec2-user/aws_data_collection/data/ec2-c6i.metal/miniFE.x/1728d4d2c0b6ca56d95f8453fdd44dcf', '/home/ec2-user/aws_data_collection/data/ec2-c6i.metal/miniFE.x/4dafa567dde5819aaf2fdf06ba83e993', '/home/ec2-user/aws_data_collection/data/ec2-c6i.metal/miniFE.x/0259fdc71f3a0f055b6a86b06e5fe1a3']",0.05,4162000000.0,596688096.0,270424.0,9163299034.0,572342447.0,650405.0,3752821879.0,530000000.0,1059.0,11576.0,3.1621189999999983,130959.0,9166225357.0,381243.0,599978871.0,13.0,13.0,23744000000.0,6020536199.0,8938000000.0,7290718685.0,402731565.0,3758000000.0,2584000000.0
"ec2-c6i.metal","miniFE.x","miniFE.x","-nx 150 -ny 50 -nz 50","32","ice4hpc","/home/ec2-user/spack/var/spack/environments/ice4hpc/.spack-env/view/bin/miniFE.x","-e perf::L1-DCACHE-STORES -e perf::PERF_COUNT_SW_CONTEXT_SWITCHES -e perf::CONTEXT-SWITCHES -e PAPI_BR_INS -e clx::HW_INTERRUPTS -e PAPI_BR_TKN -e PAPI_BR_CN -e PAPI_BR_UCN -e perf::DTLB-LOADS -e perf::DTLB-LOAD-MISSES -e perf::DTLB-STORES -e perf::DTLB-STORE-MISSES -e PAPI_BR_PRC -e PAPI_L2_TCM -e PAPI_DP_OPS -e PAPI_VEC_DP -e PAPI_REF_CYC -e perf::LLC-STORES -e perf::LLC-STORE-MISSES -e perf::L1-DCACHE-LOADS -e perf::L1-DCACHE-LOAD-MISSES -e PAPI_BR_PRC -e PAPI_L2_TCM -e clx::RESOURCE_STALLS -e REALTIME -e IO -e PAPI_SP_OPS -e PAPI_VEC_SP -e PAPI_TOT_INS -e PAPI_BR_TKN -e PAPI_BR_CN -e PAPI_BR_UCN -e perf::ITLB-LOADS -e perf::ITLB-LOAD-MISSES -e perf::LLC-LOADS -e perf::LLC-LOAD-MISSES","['/home/ec2-user/aws_data_collection/data/ec2-c6i.metal/miniFE.x/9fbc74b8f2f624fd01a0202e6eaa2fa6', '/home/ec2-user/aws_data_collection/data/ec2-c6i.metal/miniFE.x/b82a5b348e1beb66866c264eb8a97a09', '/home/ec2-user/aws_data_collection/data/ec2-c6i.metal/miniFE.x/3a4cc618d374de58c317bce2195a7c85', '/home/ec2-user/aws_data_collection/data/ec2-c6i.metal/miniFE.x/80a6f3f0d1ca939c0e2fdaacdc317c40', '/home/ec2-user/aws_data_collection/data/ec2-c6i.metal/miniFE.x/5df5a430263def085e6f0a1ca83da064', '/home/ec2-user/aws_data_collection/data/ec2-c6i.metal/miniFE.x/94d33107b726a739d1035245f0fe7945', '/home/ec2-user/aws_data_collection/data/ec2-c6i.metal/miniFE.x/bb3b86cc714dd5c441663cc3bcfd7a47', '/home/ec2-user/aws_data_collection/data/ec2-c6i.metal/miniFE.x/97d73c67cfe8a3648b8e9873cffb88ee', '/home/ec2-user/aws_data_collection/data/ec2-c6i.metal/miniFE.x/876fa110142e4602d482a8f8673b4bad', '/home/ec2-user/aws_data_collection/data/ec2-c6i.metal/miniFE.x/2cd8764faec23b975fffeb2d9a7280ed', '/home/ec2-user/aws_data_collection/data/ec2-c6i.metal/miniFE.x/f6f51de6078e6d5b85f2cd27db355ce5']",0.0,212000000.0,75786494.0,49536.0,437907368.0,17469193.0,124432.0,132652504.0,14000000.0,2616.0,11576.0,0.230284,20017.0,346124579.0,14516.0,42940009.0,52.0,108.0,1872000000.0,201811337.0,570000000.0,248746165.0,65381322.0,262000000.0,178000000.0
"ec2-c6i.metal","miniFE.x","miniFE.x","-nx 150 -ny 75 -nz 50","1","ice4hpc","/home/ec2-user/spack/var/spack/environments/ice4hpc/.spack-env/view/bin/miniFE.x","-e PAPI_BR_PRC -e PAPI_L2_TCM -e clx::RESOURCE_STALLS -e PAPI_DP_OPS -e PAPI_VEC_DP -e PAPI_REF_CYC -e PAPI_BR_PRC -e PAPI_L2_TCM -e perf::DTLB-LOADS -e perf::DTLB-LOAD-MISSES -e perf::DTLB-STORES -e perf::DTLB-STORE-MISSES -e REALTIME -e IO -e perf::ITLB-LOADS -e perf::ITLB-LOAD-MISSES -e perf::LLC-LOADS -e perf::LLC-LOAD-MISSES -e PAPI_SP_OPS -e PAPI_VEC_SP -e PAPI_TOT_INS -e PAPI_BR_TKN -e PAPI_BR_CN -e PAPI_BR_UCN -e clx::HW_INTERRUPTS -e PAPI_BR_TKN -e PAPI_BR_CN -e PAPI_BR_UCN -e perf::LLC-STORES -e perf::LLC-STORE-MISSES -e perf::L1-DCACHE-LOADS -e perf::L1-DCACHE-LOAD-MISSES -e perf::L1-DCACHE-STORES -e perf::PERF_COUNT_SW_CONTEXT_SWITCHES -e perf::CONTEXT-SWITCHES -e PAPI_BR_INS","['/home/ec2-user/aws_data_collection/data/ec2-c6i.metal/miniFE.x/f23afdbe55b8ed3d2add94cf4f260fcd', '/home/ec2-user/aws_data_collection/data/ec2-c6i.metal/miniFE.x/421ec4565a6a0976fb6017d65e3ae97a', '/home/ec2-user/aws_data_collection/data/ec2-c6i.metal/miniFE.x/f2f8cccc480245110fbe9fca9a505fe9', '/home/ec2-user/aws_data_collection/data/ec2-c6i.metal/miniFE.x/e9b0f793dbf50a1b04dc3e80b6614b33', '/home/ec2-user/aws_data_collection/data/ec2-c6i.metal/miniFE.x/27924acd23f00d005b07324360a6efb3', '/home/ec2-user/aws_data_collection/data/ec2-c6i.metal/miniFE.x/9c14a91144da16619f675099f0a5ac87', '/home/ec2-user/aws_data_collection/data/ec2-c6i.metal/miniFE.x/712b759dcf8bd24c8ca452ad5c4ccfc8', '/home/ec2-user/aws_data_collection/data/ec2-c6i.metal/miniFE.x/34252499b072051e4841c51814ccdf5e', '/home/ec2-user/aws_data_collection/data/ec2-c6i.metal/miniFE.x/e963b97e4d5748b657f2863721c456bc', '/home/ec2-user/aws_data_collection/data/ec2-c6i.metal/miniFE.x/6f820df08bb8276391b0879105250f62', '/home/ec2-user/aws_data_collection/data/ec2-c6i.metal/miniFE.x/c435710aee679bd656f8ee905222b694']",0.0333,6278000000.0,895112738.0,235781.0,13807009699.0,859617409.0,1480472.0,5666335380.0,792000000.0,1045.0,11576.0,4.788388000000002,210336.0,13807134689.0,591144.0,897226298.0,13.0,13.0,35722000000.0,9013188992.0,13622000000.0,10913837063.0,605159417.0,5674000000.0,3884000000.0
"ec2-c6i.metal","miniFE.x","miniFE.x","-nx 150 -ny 75 -nz 50","32","ice4hpc","/home/ec2-user/spack/var/spack/environments/ice4hpc/.spack-env/view/bin/miniFE.x","-e REALTIME -e IO -e perf::L1-DCACHE-STORES -e perf::PERF_COUNT_SW_CONTEXT_SWITCHES -e perf::CONTEXT-SWITCHES -e PAPI_BR_INS -e perf::LLC-STORES -e perf::LLC-STORE-MISSES -e perf::L1-DCACHE-LOADS -e perf::L1-DCACHE-LOAD-MISSES -e PAPI_DP_OPS -e PAPI_VEC_DP -e PAPI_REF_CYC -e PAPI_BR_PRC -e PAPI_L2_TCM -e clx::RESOURCE_STALLS -e PAPI_BR_PRC -e PAPI_L2_TCM -e PAPI_BR_TKN -e PAPI_BR_CN -e PAPI_BR_UCN -e perf::DTLB-LOADS -e perf::DTLB-LOAD-MISSES -e perf::DTLB-STORES -e perf::DTLB-STORE-MISSES -e perf::ITLB-LOADS -e perf::ITLB-LOAD-MISSES -e perf::LLC-LOADS -e perf::LLC-LOAD-MISSES -e clx::HW_INTERRUPTS -e PAPI_BR_TKN -e PAPI_BR_CN -e PAPI_BR_UCN -e PAPI_SP_OPS -e PAPI_VEC_SP -e PAPI_TOT_INS","['/home/ec2-user/aws_data_collection/data/ec2-c6i.metal/miniFE.x/9bd8baef9b363bb1053f6ac6f1c0db5c', '/home/ec2-user/aws_data_collection/data/ec2-c6i.metal/miniFE.x/2c85251a3d931eb73e10f5ba7728798f', '/home/ec2-user/aws_data_collection/data/ec2-c6i.metal/miniFE.x/ad27d0b85b3d894f6390b8674cf8077d', '/home/ec2-user/aws_data_collection/data/ec2-c6i.metal/miniFE.x/7cde5c01012bbcccb1c6221e2ec8226e', '/home/ec2-user/aws_data_collection/data/ec2-c6i.metal/miniFE.x/c82849e911b293ba2defd3eb3480951c', '/home/ec2-user/aws_data_collection/data/ec2-c6i.metal/miniFE.x/88d9515f241f9780da873ab907e2318c', '/home/ec2-user/aws_data_collection/data/ec2-c6i.metal/miniFE.x/a6c53c87f6ff9563e44d8acfc2d8474d', '/home/ec2-user/aws_data_collection/data/ec2-c6i.metal/miniFE.x/d9f5bdaf8aa38af36db505d36c7b49ca', '/home/ec2-user/aws_data_collection/data/ec2-c6i.metal/miniFE.x/f30abb45a2c02b6a8db1872113f51278', '/home/ec2-user/aws_data_collection/data/ec2-c6i.metal/miniFE.x/66162490dee4eb3751ada264ec2b3ed3', '/home/ec2-user/aws_data_collection/data/ec2-c6i.metal/miniFE.x/a3af042fbc7c5b778dc3b42c04544379']",0.0,434000000.0,212547733.0,53500.0,967170056.0,24659040.0,137102.0,316359856.0,20000000.0,2143.0,11576.0,0.320302,16668.0,610411469.0,17362.0,92381320.0,52.0,108.0,2232000000.0,294623124.0,818000000.0,362177468.0,33082624.0,228000000.0,158000000.0
"ec2-c6i.metal","miniFE.x","miniFE.x","-nx 175 -ny 100 -nz 50","1","ice4hpc","/home/ec2-user/spack/var/spack/environments/ice4hpc/.spack-env/view/bin/miniFE.x","-e PAPI_BR_TKN -e PAPI_BR_CN -e PAPI_BR_UCN -e perf::ITLB-LOADS -e perf::ITLB-LOAD-MISSES -e perf::LLC-LOADS -e perf::LLC-LOAD-MISSES -e perf::L1-DCACHE-STORES -e perf::PERF_COUNT_SW_CONTEXT_SWITCHES -e perf::CONTEXT-SWITCHES -e PAPI_BR_INS -e REALTIME -e IO -e PAPI_BR_PRC -e PAPI_L2_TCM -e clx::RESOURCE_STALLS -e perf::DTLB-LOADS -e perf::DTLB-LOAD-MISSES -e perf::DTLB-STORES -e perf::DTLB-STORE-MISSES -e PAPI_DP_OPS -e PAPI_VEC_DP -e PAPI_REF_CYC -e perf::LLC-STORES -e perf::LLC-STORE-MISSES -e perf::L1-DCACHE-LOADS -e perf::L1-DCACHE-LOAD-MISSES -e PAPI_BR_PRC -e PAPI_L2_TCM -e PAPI_SP_OPS -e PAPI_VEC_SP -e PAPI_TOT_INS -e clx::HW_INTERRUPTS -e PAPI_BR_TKN -e PAPI_BR_CN -e PAPI_BR_UCN","['/home/ec2-user/aws_data_collection/data/ec2-c6i.metal/miniFE.x/bea3cefe2a2a7e9eb05cdc5ce71e9bd1', '/home/ec2-user/aws_data_collection/data/ec2-c6i.metal/miniFE.x/f8759a1a96f4d4630514120319dda820', '/home/ec2-user/aws_data_collection/data/ec2-c6i.metal/miniFE.x/ac4b4f5a0a86c8030e00e16986cf4c4e', '/home/ec2-user/aws_data_collection/data/ec2-c6i.metal/miniFE.x/e39bb04f19420b3ca7a397d1e76bda41', '/home/ec2-user/aws_data_collection/data/ec2-c6i.metal/miniFE.x/f6c2f17ec318ee43a16537114d9961a6', '/home/ec2-user/aws_data_collection/data/ec2-c6i.metal/miniFE.x/ad6213fbc34b45e53d5f0dd6bf3c8462', '/home/ec2-user/aws_data_collection/data/ec2-c6i.metal/miniFE.x/d56323f27c2f13b763c53407697a563f', '/home/ec2-user/aws_data_collection/data/ec2-c6i.metal/miniFE.x/18a5c635cd307da12b62a7b12d1c4354', '/home/ec2-user/aws_data_collection/data/ec2-c6i.metal/miniFE.x/5de4d1bad0c670ed75f344939a75688d', '/home/ec2-user/aws_data_collection/data/ec2-c6i.metal/miniFE.x/ad78fc56864b26fd82571df2c214cb7f', '/home/ec2-user/aws_data_collection/data/ec2-c6i.metal/miniFE.x/b09c4e2a5bc6e0d7a4dfc91d88679431']",0.1166,9802000000.0,1384574152.0,426988.0,21528171008.0,1371904745.0,1992431.0,8846937073.0,1230000000.0,1046.0,11576.0,7.503063000000015,271811.0,21546124407.0,881627.0,1392435144.0,13.0,13.0,55656000000.0,14002897851.0,21474000000.0,16954828847.0,948425889.0,8856000000.0,6044000000.0
"ec2-c6i.metal","miniFE.x","miniFE.x","-nx 175 -ny 100 -nz 50","32","ice4hpc","/home/ec2-user/spack/var/spack/environments/ice4hpc/.spack-env/view/bin/miniFE.x","-e REALTIME -e IO -e PAPI_BR_TKN -e PAPI_BR_CN -e PAPI_BR_UCN -e perf::LLC-STORES -e perf::LLC-STORE-MISSES -e perf::L1-DCACHE-LOADS -e perf::L1-DCACHE-LOAD-MISSES -e perf::L1-DCACHE-STORES -e perf::PERF_COUNT_SW_CONTEXT_SWITCHES -e perf::CONTEXT-SWITCHES -e PAPI_BR_INS -e PAPI_SP_OPS -e PAPI_VEC_SP -e PAPI_TOT_INS -e PAPI_BR_PRC -e PAPI_L2_TCM -e perf::DTLB-LOADS -e perf::DTLB-LOAD-MISSES -e perf::DTLB-STORES -e perf::DTLB-STORE-MISSES -e perf::ITLB-LOADS -e perf::ITLB-LOAD-MISSES -e perf::LLC-LOADS -e perf::LLC-LOAD-MISSES -e PAPI_BR_PRC -e PAPI_L2_TCM -e clx::RESOURCE_STALLS -e PAPI_DP_OPS -e PAPI_VEC_DP -e PAPI_REF_CYC -e clx::HW_INTERRUPTS -e PAPI_BR_TKN -e PAPI_BR_CN -e PAPI_BR_UCN","['/home/ec2-user/aws_data_collection/data/ec2-c6i.metal/miniFE.x/3ecf6221afda3d170daed16886004448', '/home/ec2-user/aws_data_collection/data/ec2-c6i.metal/miniFE.x/950d1142262f5e011af27504e73206ec', '/home/ec2-user/aws_data_collection/data/ec2-c6i.metal/miniFE.x/22b4e57b0f6c34f73deccc0db5c92436', '/home/ec2-user/aws_data_collection/data/ec2-c6i.metal/miniFE.x/0eb7d21c3059e16ff1b7d23799183da8', '/home/ec2-user/aws_data_collection/data/ec2-c6i.metal/miniFE.x/64420838cb2dab0301c2d742e2a2043f', '/home/ec2-user/aws_data_collection/data/ec2-c6i.metal/miniFE.x/9522fda5d9b847ac05c17382ea44ca70', '/home/ec2-user/aws_data_collection/data/ec2-c6i.metal/miniFE.x/96aab08741f3c0f39f1abde77864ec6f', '/home/ec2-user/aws_data_collection/data/ec2-c6i.metal/miniFE.x/5953b8ee4893d29b4e4682b21e8a44aa', '/home/ec2-user/aws_data_collection/data/ec2-c6i.metal/miniFE.x/e1ef9467d12be43bda210f0f256c0cce', '/home/ec2-user/aws_data_collection/data/ec2-c6i.metal/miniFE.x/56239146a8c51deabcf13555bf776645', '/home/ec2-user/aws_data_collection/data/ec2-c6i.metal/miniFE.x/f78c698145272bf2aab514d44cfb2fb7']",0.0,580000000.0,258917995.0,85273.0,874466941.0,39661125.0,239751.0,339787501.0,32000000.0,2211.0,11576.0,0.46563699999999997,26499.0,869306324.0,32853.0,114791939.0,52.0,108.0,2804000000.0,454539925.0,1258000000.0,557862988.0,58015690.0,366000000.0,250000000.0
"ec2-c6i.metal","miniFE.x","miniFE.x","-nx 175 -ny 125 -nz 50","1","ice4hpc","/home/ec2-user/spack/var/spack/environments/ice4hpc/.spack-env/view/bin/miniFE.x","-e PAPI_BR_PRC -e PAPI_L2_TCM -e perf::ITLB-LOADS -e perf::ITLB-LOAD-MISSES -e perf::LLC-LOADS -e perf::LLC-LOAD-MISSES -e perf::DTLB-LOADS -e perf::DTLB-LOAD-MISSES -e perf::DTLB-STORES -e perf::DTLB-STORE-MISSES -e PAPI_SP_OPS -e PAPI_VEC_SP -e PAPI_TOT_INS -e perf::LLC-STORES -e perf::LLC-STORE-MISSES -e perf::L1-DCACHE-LOADS -e perf::L1-DCACHE-LOAD-MISSES -e PAPI_DP_OPS -e PAPI_VEC_DP -e PAPI_REF_CYC -e clx::HW_INTERRUPTS -e PAPI_BR_TKN -e PAPI_BR_CN -e PAPI_BR_UCN -e REALTIME -e IO -e perf::L1-DCACHE-STORES -e perf::PERF_COUNT_SW_CONTEXT_SWITCHES -e perf::CONTEXT-SWITCHES -e PAPI_BR_INS -e PAPI_BR_PRC -e PAPI_L2_TCM -e clx::RESOURCE_STALLS -e PAPI_BR_TKN -e PAPI_BR_CN -e PAPI_BR_UCN","['/home/ec2-user/aws_data_collection/data/ec2-c6i.metal/miniFE.x/d5c83ef76afa2ada1651aa4c172f2df5', '/home/ec2-user/aws_data_collection/data/ec2-c6i.metal/miniFE.x/b6efd048d1e1c4c9b78d2f816f86b9c7', '/home/ec2-user/aws_data_collection/data/ec2-c6i.metal/miniFE.x/c8a4d49af75f447855be5e2b2d5b3ed2', '/home/ec2-user/aws_data_collection/data/ec2-c6i.metal/miniFE.x/e2f6e78d07d5efd278ec013b6a82d45d', '/home/ec2-user/aws_data_collection/data/ec2-c6i.metal/miniFE.x/1b8bd74d8ee7fb774f2933358507c435', '/home/ec2-user/aws_data_collection/data/ec2-c6i.metal/miniFE.x/cf30adc78b5f5d02d36a447d1cf28399', '/home/ec2-user/aws_data_collection/data/ec2-c6i.metal/miniFE.x/f17693fd4b7f3b0dd835b6bd70ec7043', '/home/ec2-user/aws_data_collection/data/ec2-c6i.metal/miniFE.x/c7154f3e69962a300b89c8680908530d', '/home/ec2-user/aws_data_collection/data/ec2-c6i.metal/miniFE.x/b43a1ea4649bb54df8b067f84af2319a', '/home/ec2-user/aws_data_collection/data/ec2-c6i.metal/miniFE.x/e5920d900c8fa940c9eb6c30a393655a', '/home/ec2-user/aws_data_collection/data/ec2-c6i.metal/miniFE.x/4cda6e2c8b015959193b5566875fb7ea']",0.15,12262000000.0,1726811811.0,552867.0,26941166194.0,1713756973.0,2350623.0,11067284436.0,1536000000.0,1054.0,11576.0,9.424074000000015,376564.0,26938684464.0,1083077.0,1742966240.0,13.0,13.0,69584000000.0,17493353346.0,26884000000.0,21180569242.0,1187157062.0,11078000000.0,7560000000.0
"ec2-c6i.metal","miniFE.x","miniFE.x","-nx 175 -ny 125 -nz 50","32","ice4hpc","/home/ec2-user/spack/var/spack/environments/ice4hpc/.spack-env/view/bin/miniFE.x","-e PAPI_BR_PRC -e PAPI_L2_TCM -e REALTIME -e IO -e PAPI_BR_PRC -e PAPI_L2_TCM -e clx::RESOURCE_STALLS -e PAPI_BR_TKN -e PAPI_BR_CN -e PAPI_BR_UCN -e perf::ITLB-LOADS -e perf::ITLB-LOAD-MISSES -e perf::LLC-LOADS -e perf::LLC-LOAD-MISSES -e PAPI_SP_OPS -e PAPI_VEC_SP -e PAPI_TOT_INS -e perf::LLC-STORES -e perf::LLC-STORE-MISSES -e perf::L1-DCACHE-LOADS -e perf::L1-DCACHE-LOAD-MISSES -e perf::DTLB-LOADS -e perf::DTLB-LOAD-MISSES -e perf::DTLB-STORES -e perf::DTLB-STORE-MISSES -e clx::HW_INTERRUPTS -e PAPI_BR_TKN -e PAPI_BR_CN -e PAPI_BR_UCN -e perf::L1-DCACHE-STORES -e perf::PERF_COUNT_SW_CONTEXT_SWITCHES -e perf::CONTEXT-SWITCHES -e PAPI_BR_INS -e PAPI_DP_OPS -e PAPI_VEC_DP -e PAPI_REF_CYC","['/home/ec2-user/aws_data_collection/data/ec2-c6i.metal/miniFE.x/3320154b64e3fe5ef4e40588bac82fa1', '/home/ec2-user/aws_data_collection/data/ec2-c6i.metal/miniFE.x/89b9a78f3cae836444793ebafc530538', '/home/ec2-user/aws_data_collection/data/ec2-c6i.metal/miniFE.x/261d01abb1ba2d24670b932728d9841a', '/home/ec2-user/aws_data_collection/data/ec2-c6i.metal/miniFE.x/04489f3b027e7a89e37898044da56c3e', '/home/ec2-user/aws_data_collection/data/ec2-c6i.metal/miniFE.x/b05a486b11177fb3ef2f25c8a8905113', '/home/ec2-user/aws_data_collection/data/ec2-c6i.metal/miniFE.x/4fd599dcb25ec6b618bf70b0e2b9c44a', '/home/ec2-user/aws_data_collection/data/ec2-c6i.metal/miniFE.x/6d39adc8cd7f6d871916a4ec8c01cc02', '/home/ec2-user/aws_data_collection/data/ec2-c6i.metal/miniFE.x/0468c04f2f6ae5dbd34d65b24c13fd73', '/home/ec2-user/aws_data_collection/data/ec2-c6i.metal/miniFE.x/285962e1025523fe9557ee2627bcb8f3', '/home/ec2-user/aws_data_collection/data/ec2-c6i.metal/miniFE.x/2cb4540c6486af18d4b8eed8c6a016db', '/home/ec2-user/aws_data_collection/data/ec2-c6i.metal/miniFE.x/38e8ba062d674747a7317540e2256275']",0.0,530000000.0,160142074.0,104469.0,1530598370.0,49804470.0,302603.0,527152753.0,42000000.0,2590.0,11576.0,0.5314780000000001,29596.0,1456671756.0,49295.0,306597147.0,52.0,108.0,3492000000.0,581580208.0,1572000000.0,713091305.0,136486773.0,560000000.0,356000000.0
"ec2-c6i.metal","miniFE.x","miniFE.x","-nx 175 -ny 150 -nz 50","1","ice4hpc","/home/ec2-user/spack/var/spack/environments/ice4hpc/.spack-env/view/bin/miniFE.x","-e PAPI_SP_OPS -e PAPI_VEC_SP -e PAPI_TOT_INS -e perf::L1-DCACHE-STORES -e perf::PERF_COUNT_SW_CONTEXT_SWITCHES -e perf::CONTEXT-SWITCHES -e PAPI_BR_INS -e perf::ITLB-LOADS -e perf::ITLB-LOAD-MISSES -e perf::LLC-LOADS -e perf::LLC-LOAD-MISSES -e PAPI_BR_PRC -e PAPI_L2_TCM -e clx::RESOURCE_STALLS -e PAPI_BR_TKN -e PAPI_BR_CN -e PAPI_BR_UCN -e PAPI_BR_PRC -e PAPI_L2_TCM -e REALTIME -e IO -e perf::DTLB-LOADS -e perf::DTLB-LOAD-MISSES -e perf::DTLB-STORES -e perf::DTLB-STORE-MISSES -e perf::LLC-STORES -e perf::LLC-STORE-MISSES -e perf::L1-DCACHE-LOADS -e perf::L1-DCACHE-LOAD-MISSES -e PAPI_DP_OPS -e PAPI_VEC_DP -e PAPI_REF_CYC -e clx::HW_INTERRUPTS -e PAPI_BR_TKN -e PAPI_BR_CN -e PAPI_BR_UCN","['/home/ec2-user/aws_data_collection/data/ec2-c6i.metal/miniFE.x/00ea93ee45cbb9a1fd074826876a518e', '/home/ec2-user/aws_data_collection/data/ec2-c6i.metal/miniFE.x/642364e2949fab3ba2f4f85aa16a6915', '/home/ec2-user/aws_data_collection/data/ec2-c6i.metal/miniFE.x/ebdcafce84305192250c6330208b6f2f', '/home/ec2-user/aws_data_collection/data/ec2-c6i.metal/miniFE.x/d4a80e0a823394e07cdfb1717dbdf7b5', '/home/ec2-user/aws_data_collection/data/ec2-c6i.metal/miniFE.x/18f4b29caf070614f6c47ad0e6bc5c96', '/home/ec2-user/aws_data_collection/data/ec2-c6i.metal/miniFE.x/17091b8ae9107b7ebd948e7138e47fcd', '/home/ec2-user/aws_data_collection/data/ec2-c6i.metal/miniFE.x/56e5b145ab93b84e83ab7eab4b214566', '/home/ec2-user/aws_data_collection/data/ec2-c6i.metal/miniFE.x/54517b290e7c56b621e9284efff5cddb', '/home/ec2-user/aws_data_collection/data/ec2-c6i.metal/miniFE.x/7b0d5d3251c124925ea1cce21e004253', '/home/ec2-user/aws_data_collection/data/ec2-c6i.metal/miniFE.x/38ce644c62027af2273d31fac6f95e24', '/home/ec2-user/aws_data_collection/data/ec2-c6i.metal/miniFE.x/9dbeea90d7e0aa7591280423c34f8641']",0.2,14844000000.0,2063510569.0,722864.0,32510172730.0,2011100553.0,1860863.0,13406325435.0,1842000000.0,1049.0,11576.0,11.340351000000002,416959.0,32503918252.0,1328442.0,2087206741.0,13.0,13.0,83930000000.0,20983810299.0,32618000000.0,25406311095.0,1426081389.0,13418000000.0,9116000000.0
"ec2-c6i.metal","miniFE.x","miniFE.x","-nx 175 -ny 150 -nz 50","32","ice4hpc","/home/ec2-user/spack/var/spack/environments/ice4hpc/.spack-env/view/bin/miniFE.x","-e perf::DTLB-LOADS -e perf::DTLB-LOAD-MISSES -e perf::DTLB-STORES -e perf::DTLB-STORE-MISSES -e PAPI_DP_OPS -e PAPI_VEC_DP -e PAPI_REF_CYC -e REALTIME -e IO -e PAPI_BR_PRC -e PAPI_L2_TCM -e clx::RESOURCE_STALLS -e PAPI_BR_PRC -e PAPI_L2_TCM -e clx::HW_INTERRUPTS -e PAPI_BR_TKN -e PAPI_BR_CN -e PAPI_BR_UCN -e perf::L1-DCACHE-STORES -e perf::PERF_COUNT_SW_CONTEXT_SWITCHES -e perf::CONTEXT-SWITCHES -e PAPI_BR_INS -e perf::ITLB-LOADS -e perf::ITLB-LOAD-MISSES -e perf::LLC-LOADS -e perf::LLC-LOAD-MISSES -e PAPI_BR_TKN -e PAPI_BR_CN -e PAPI_BR_UCN -e perf::LLC-STORES -e perf::LLC-STORE-MISSES -e perf::L1-DCACHE-LOADS -e perf::L1-DCACHE-LOAD-MISSES -e PAPI_SP_OPS -e PAPI_VEC_SP -e PAPI_TOT_INS","['/home/ec2-user/aws_data_collection/data/ec2-c6i.metal/miniFE.x/8edbb73f44104ab7b11f28871a00baf4', '/home/ec2-user/aws_data_collection/data/ec2-c6i.metal/miniFE.x/825d450fe5a33d5d3a7619ebd082c159', '/home/ec2-user/aws_data_collection/data/ec2-c6i.metal/miniFE.x/abe031e46eb40cc0e6878d8d95cb3e3d', '/home/ec2-user/aws_data_collection/data/ec2-c6i.metal/miniFE.x/c2d1a27270f0905d69b7210ba513cef7', '/home/ec2-user/aws_data_collection/data/ec2-c6i.metal/miniFE.x/f934b243a50e805fc71c288dd1c7e887', '/home/ec2-user/aws_data_collection/data/ec2-c6i.metal/miniFE.x/737ef39824b1c77424102e3ef8cafbce', '/home/ec2-user/aws_data_collection/data/ec2-c6i.metal/miniFE.x/f647a9b1b5551ce090bb94db946d83e7', '/home/ec2-user/aws_data_collection/data/ec2-c6i.metal/miniFE.x/738af4fd539b4ba6c8bbcf50cd1577ed', '/home/ec2-user/aws_data_collection/data/ec2-c6i.metal/miniFE.x/a937e512e113cf35db2924a45a2d8dfa', '/home/ec2-user/aws_data_collection/data/ec2-c6i.metal/miniFE.x/bd960a8972d14f394429f1598e66bdfa', '/home/ec2-user/aws_data_collection/data/ec2-c6i.metal/miniFE.x/b03bbc33dd5b591276467c2d02087204']",0.0166,862000000.0,374889656.0,111041.0,1577797758.0,59589889.0,343081.0,682659326.0,52000000.0,2419.0,11576.0,0.66119,36207.0,1621833435.0,47659.0,322924898.0,52.0,108.0,3580000000.0,690471919.0,1850000000.0,846144188.0,156349900.0,650000000.0,416000000.0
"ec2-c6i.metal","miniFE.x","miniFE.x","-nx 175 -ny 175 -nz 50","1","ice4hpc","/home/ec2-user/spack/var/spack/environments/ice4hpc/.spack-env/view/bin/miniFE.x","-e perf::ITLB-LOADS -e perf::ITLB-LOAD-MISSES -e perf::LLC-LOADS -e perf::LLC-LOAD-MISSES -e perf::LLC-STORES -e perf::LLC-STORE-MISSES -e perf::L1-DCACHE-LOADS -e perf::L1-DCACHE-LOAD-MISSES -e perf::DTLB-LOADS -e perf::DTLB-LOAD-MISSES -e perf::DTLB-STORES -e perf::DTLB-STORE-MISSES -e REALTIME -e IO -e PAPI_DP_OPS -e PAPI_VEC_DP -e PAPI_REF_CYC -e PAPI_BR_PRC -e PAPI_L2_TCM -e clx::RESOURCE_STALLS -e PAPI_SP_OPS -e PAPI_VEC_SP -e PAPI_TOT_INS -e perf::L1-DCACHE-STORES -e perf::PERF_COUNT_SW_CONTEXT_SWITCHES -e perf::CONTEXT-SWITCHES -e PAPI_BR_INS -e clx::HW_INTERRUPTS -e PAPI_BR_TKN -e PAPI_BR_CN -e PAPI_BR_UCN -e PAPI_BR_TKN -e PAPI_BR_CN -e PAPI_BR_UCN -e PAPI_BR_PRC -e PAPI_L2_TCM","['/home/ec2-user/aws_data_collection/data/ec2-c6i.metal/miniFE.x/33810f44b6598a8524aabad790e90a87', '/home/ec2-user/aws_data_collection/data/ec2-c6i.metal/miniFE.x/a73e00acbc4fd06196dd61218a184506', '/home/ec2-user/aws_data_collection/data/ec2-c6i.metal/miniFE.x/eb8aabba2f282c85829365eeeef998e7', '/home/ec2-user/aws_data_collection/data/ec2-c6i.metal/miniFE.x/0bb0d5c985483f76fc77be54d6e043c9', '/home/ec2-user/aws_data_collection/data/ec2-c6i.metal/miniFE.x/f67aa9365dadab7b8a840953c5d090ac', '/home/ec2-user/aws_data_collection/data/ec2-c6i.metal/miniFE.x/14309b0d767f851cd8aed52f09554dee', '/home/ec2-user/aws_data_collection/data/ec2-c6i.metal/miniFE.x/2347ae3afee4a4b009d468bfbdb0edd9', '/home/ec2-user/aws_data_collection/data/ec2-c6i.metal/miniFE.x/9ed96e43e7599f6eb9fbbcbed3a3e193', '/home/ec2-user/aws_data_collection/data/ec2-c6i.metal/miniFE.x/8bb18a0237b15fb6ecc815e0e05e5200', '/home/ec2-user/aws_data_collection/data/ec2-c6i.metal/miniFE.x/aa3e936c6a7f3f4f70c4c1dc8689f386', '/home/ec2-user/aws_data_collection/data/ec2-c6i.metal/miniFE.x/e54096c4b445dea022408041dbf73953']",0.0333,17286000000.0,2403586433.0,837689.0,37881700979.0,2390119440.0,1565568.0,15605996309.0,2148000000.0,1042.0,11576.0,13.25435099999999,544182.0,37869848263.0,1522134.0,2434291578.0,13.0,13.0,97796000000.0,24474265083.0,37870000000.0,29632050779.0,1669969185.0,15620000000.0,10616000000.0
"ec2-c6i.metal","miniFE.x","miniFE.x","-nx 175 -ny 175 -nz 50","32","ice4hpc","/home/ec2-user/spack/var/spack/environments/ice4hpc/.spack-env/view/bin/miniFE.x","-e PAPI_BR_PRC -e PAPI_L2_TCM -e clx::RESOURCE_STALLS -e PAPI_DP_OPS -e PAPI_VEC_DP -e PAPI_REF_CYC -e clx::HW_INTERRUPTS -e PAPI_BR_TKN -e PAPI_BR_CN -e PAPI_BR_UCN -e PAPI_BR_PRC -e PAPI_L2_TCM -e PAPI_BR_TKN -e PAPI_BR_CN -e PAPI_BR_UCN -e perf::L1-DCACHE-STORES -e perf::PERF_COUNT_SW_CONTEXT_SWITCHES -e perf::CONTEXT-SWITCHES -e PAPI_BR_INS -e perf::DTLB-LOADS -e perf::DTLB-LOAD-MISSES -e perf::DTLB-STORES -e perf::DTLB-STORE-MISSES -e perf::LLC-STORES -e perf::LLC-STORE-MISSES -e perf::L1-DCACHE-LOADS -e perf::L1-DCACHE-LOAD-MISSES -e PAPI_SP_OPS -e PAPI_VEC_SP -e PAPI_TOT_INS -e REALTIME -e IO -e perf::ITLB-LOADS -e perf::ITLB-LOAD-MISSES -e perf::LLC-LOADS -e perf::LLC-LOAD-MISSES","['/home/ec2-user/aws_data_collection/data/ec2-c6i.metal/miniFE.x/e528284d975830f83bca71e8abdb19cb', '/home/ec2-user/aws_data_collection/data/ec2-c6i.metal/miniFE.x/d23305802799ebfe18ba124c0cfa3fc9', '/home/ec2-user/aws_data_collection/data/ec2-c6i.metal/miniFE.x/d56c891d20f22d9b13d23e0bd307ecca', '/home/ec2-user/aws_data_collection/data/ec2-c6i.metal/miniFE.x/d02631d665e7f3f7007c75dbf8203e6d', '/home/ec2-user/aws_data_collection/data/ec2-c6i.metal/miniFE.x/4cb2511a835cc46efe1433dba6c7c2b0', '/home/ec2-user/aws_data_collection/data/ec2-c6i.metal/miniFE.x/d49978746a29ea33c724561eb40e7ded', '/home/ec2-user/aws_data_collection/data/ec2-c6i.metal/miniFE.x/bc402b51daf37800da39449f3123e3d0', '/home/ec2-user/aws_data_collection/data/ec2-c6i.metal/miniFE.x/cd874f58a17714f2dfeae04c520f8473', '/home/ec2-user/aws_data_collection/data/ec2-c6i.metal/miniFE.x/abb78d73bdfcb6fc0b3b76cfea42d6c4', '/home/ec2-user/aws_data_collection/data/ec2-c6i.metal/miniFE.x/9eb71ffa587bd18f7cb257b654216c67', '/home/ec2-user/aws_data_collection/data/ec2-c6i.metal/miniFE.x/a4ee3c19e2ec7757e420e6800e6ac1be']",0.0333,870000000.0,333419666.0,130769.0,1499574686.0,69094151.0,384939.0,717020608.0,60000000.0,2611.0,11576.0,0.8017040000000003,35564.0,1790985405.0,63434.0,325525323.0,52.0,108.0,4758000000.0,799363993.0,2164000000.0,979197434.0,81549679.0,580000000.0,392000000.0
"ec2-c6i.metal","miniFE.x","miniFE.x","-nx 175 -ny 50 -nz 50","1","ice4hpc","/home/ec2-user/spack/var/spack/environments/ice4hpc/.spack-env/view/bin/miniFE.x","-e REALTIME -e IO -e perf::L1-DCACHE-STORES -e perf::PERF_COUNT_SW_CONTEXT_SWITCHES -e perf::CONTEXT-SWITCHES -e PAPI_BR_INS -e PAPI_BR_TKN -e PAPI_BR_CN -e PAPI_BR_UCN -e perf::ITLB-LOADS -e perf::ITLB-LOAD-MISSES -e perf::LLC-LOADS -e perf::LLC-LOAD-MISSES -e PAPI_BR_PRC -e PAPI_L2_TCM -e perf::LLC-STORES -e perf::LLC-STORE-MISSES -e perf::L1-DCACHE-LOADS -e perf::L1-DCACHE-LOAD-MISSES -e clx::HW_INTERRUPTS -e PAPI_BR_TKN -e PAPI_BR_CN -e PAPI_BR_UCN -e PAPI_DP_OPS -e PAPI_VEC_DP -e PAPI_REF_CYC -e perf::DTLB-LOADS -e perf::DTLB-LOAD-MISSES -e perf::DTLB-STORES -e perf::DTLB-STORE-MISSES -e PAPI_SP_OPS -e PAPI_VEC_SP -e PAPI_TOT_INS -e PAPI_BR_PRC -e PAPI_L2_TCM -e clx::RESOURCE_STALLS","['/home/ec2-user/aws_data_collection/data/ec2-c6i.metal/miniFE.x/92d9109a6051af2b366187846a8052de', '/home/ec2-user/aws_data_collection/data/ec2-c6i.metal/miniFE.x/fcf9c8b70ca93cd19f832bda3872fa1d', '/home/ec2-user/aws_data_collection/data/ec2-c6i.metal/miniFE.x/3f5699aa7872d73e2e35424b3d5c7546', '/home/ec2-user/aws_data_collection/data/ec2-c6i.metal/miniFE.x/67cf71f529609c6b26c27d783e8b4f8c', '/home/ec2-user/aws_data_collection/data/ec2-c6i.metal/miniFE.x/45a7e25141b437d7963f814043b3c06d', '/home/ec2-user/aws_data_collection/data/ec2-c6i.metal/miniFE.x/9096d54f09b09fa258895f7c1d42c661', '/home/ec2-user/aws_data_collection/data/ec2-c6i.metal/miniFE.x/a3502315336f2ad6ca19994b9775c825', '/home/ec2-user/aws_data_collection/data/ec2-c6i.metal/miniFE.x/086556e01c611c76a6b862d988ace682', '/home/ec2-user/aws_data_collection/data/ec2-c6i.metal/miniFE.x/2705068e6b94be6744bf6b84d3e71620', '/home/ec2-user/aws_data_collection/data/ec2-c6i.metal/miniFE.x/6c70c282c9f13be37757182a7a474014', '/home/ec2-user/aws_data_collection/data/ec2-c6i.metal/miniFE.x/288468dc6125949d2d2c4cf56009cdcf']",0.0666,4874000000.0,698259519.0,163656.0,10724513587.0,688290393.0,775735.0,4396085581.0,618000000.0,1056.0,11576.0,3.718709999999999,177551.0,10724506847.0,430750.0,700068895.0,13.0,13.0,27766000000.0,7021987203.0,10730000000.0,8503348399.0,470976684.0,4402000000.0,3026000000.0
"ec2-c6i.metal","miniFE.x","miniFE.x","-nx 175 -ny 50 -nz 50","32","ice4hpc","/home/ec2-user/spack/var/spack/environments/ice4hpc/.spack-env/view/bin/miniFE.x","-e perf::L1-DCACHE-STORES -e perf::PERF_COUNT_SW_CONTEXT_SWITCHES -e perf::CONTEXT-SWITCHES -e PAPI_BR_INS -e perf::DTLB-LOADS -e perf::DTLB-LOAD-MISSES -e perf::DTLB-STORES -e perf::DTLB-STORE-MISSES -e PAPI_BR_PRC -e PAPI_L2_TCM -e REALTIME -e IO -e PAPI_DP_OPS -e PAPI_VEC_DP -e PAPI_REF_CYC -e PAPI_SP_OPS -e PAPI_VEC_SP -e PAPI_TOT_INS -e PAPI_BR_TKN -e PAPI_BR_CN -e PAPI_BR_UCN -e PAPI_BR_PRC -e PAPI_L2_TCM -e clx::RESOURCE_STALLS -e perf::LLC-STORES -e perf::LLC-STORE-MISSES -e perf::L1-DCACHE-LOADS -e perf::L1-DCACHE-LOAD-MISSES -e perf::ITLB-LOADS -e perf::ITLB-LOAD-MISSES -e perf::LLC-LOADS -e perf::LLC-LOAD-MISSES -e clx::HW_INTERRUPTS -e PAPI_BR_TKN -e PAPI_BR_CN -e PAPI_BR_UCN","['/home/ec2-user/aws_data_collection/data/ec2-c6i.metal/miniFE.x/01020f49f278bdb534ac7035f940bbf4', '/home/ec2-user/aws_data_collection/data/ec2-c6i.metal/miniFE.x/b835069eea83c78fa034b092f761d2b9', '/home/ec2-user/aws_data_collection/data/ec2-c6i.metal/miniFE.x/3d04dc6b7a61738416dadb89d69317c4', '/home/ec2-user/aws_data_collection/data/ec2-c6i.metal/miniFE.x/bc6534aa6dffe7ac1a8358703399c97d', '/home/ec2-user/aws_data_collection/data/ec2-c6i.metal/miniFE.x/aa2230801ae753db2d131dc9fb1fdac6', '/home/ec2-user/aws_data_collection/data/ec2-c6i.metal/miniFE.x/51704df714eb6812d889f2171ff06c40', '/home/ec2-user/aws_data_collection/data/ec2-c6i.metal/miniFE.x/0f43e24fd43cbe9b9dc2c5407b4fd188', '/home/ec2-user/aws_data_collection/data/ec2-c6i.metal/miniFE.x/c79ecee51ae3bab5745aa1214364bf74', '/home/ec2-user/aws_data_collection/data/ec2-c6i.metal/miniFE.x/7dd1c9aabd4b9bd16870cba48bcb881f', '/home/ec2-user/aws_data_collection/data/ec2-c6i.metal/miniFE.x/a156c432df51c4be76fe798934bb4ec4', '/home/ec2-user/aws_data_collection/data/ec2-c6i.metal/miniFE.x/64b09ebb4720b4ce97432b8595f4c89a']",0.0,330000000.0,156005189.0,44272.0,524165743.0,20193060.0,135152.0,262867819.0,16000000.0,2605.0,11576.0,0.27032700000000004,7767.0,672934232.0,14534.0,133622985.0,52.0,108.0,1928000000.0,236756188.0,632000000.0,291756907.0,69332756.0,280000000.0,188000000.0
"ec2-c6i.metal","miniFE.x","miniFE.x","-nx 175 -ny 75 -nz 50","1","ice4hpc","/home/ec2-user/spack/var/spack/environments/ice4hpc/.spack-env/view/bin/miniFE.x","-e perf::LLC-STORES -e perf::LLC-STORE-MISSES -e perf::L1-DCACHE-LOADS -e perf::L1-DCACHE-LOAD-MISSES -e PAPI_DP_OPS -e PAPI_VEC_DP -e PAPI_REF_CYC -e REALTIME -e IO -e PAPI_BR_TKN -e PAPI_BR_CN -e PAPI_BR_UCN -e perf::DTLB-LOADS -e perf::DTLB-LOAD-MISSES -e perf::DTLB-STORES -e perf::DTLB-STORE-MISSES -e PAPI_BR_PRC -e PAPI_L2_TCM -e clx::RESOURCE_STALLS -e perf::L1-DCACHE-STORES -e perf::PERF_COUNT_SW_CONTEXT_SWITCHES -e perf::CONTEXT-SWITCHES -e PAPI_BR_INS -e PAPI_BR_PRC -e PAPI_L2_TCM -e clx::HW_INTERRUPTS -e PAPI_BR_TKN -e PAPI_BR_CN -e PAPI_BR_UCN -e perf::ITLB-LOADS -e perf::ITLB-LOAD-MISSES -e perf::LLC-LOADS -e perf::LLC-LOAD-MISSES -e PAPI_SP_OPS -e PAPI_VEC_SP -e PAPI_TOT_INS","['/home/ec2-user/aws_data_collection/data/ec2-c6i.metal/miniFE.x/f5d3daee1df03886842af76e9bd94d33', '/home/ec2-user/aws_data_collection/data/ec2-c6i.metal/miniFE.x/991b45d17ad07ae89480dacb2e88b8c9', '/home/ec2-user/aws_data_collection/data/ec2-c6i.metal/miniFE.x/c61e9ffe49f0e27a89553f30d94277f2', '/home/ec2-user/aws_data_collection/data/ec2-c6i.metal/miniFE.x/c24595671042984982944801dbda8f22', '/home/ec2-user/aws_data_collection/data/ec2-c6i.metal/miniFE.x/d930223c68dbd3a6c19b4c9556cdd896', '/home/ec2-user/aws_data_collection/data/ec2-c6i.metal/miniFE.x/03f4b90e3c32aae0c21465a614626660', '/home/ec2-user/aws_data_collection/data/ec2-c6i.metal/miniFE.x/bba6f8d08b2f49a2f07a88563e5de9e9', '/home/ec2-user/aws_data_collection/data/ec2-c6i.metal/miniFE.x/08071c6231d27260dfb615c0bc0c0b3a', '/home/ec2-user/aws_data_collection/data/ec2-c6i.metal/miniFE.x/d598408196ac40462fdf615d87157e35', '/home/ec2-user/aws_data_collection/data/ec2-c6i.metal/miniFE.x/64a86b50848fdab38d6d55b7a707fc92', '/home/ec2-user/aws_data_collection/data/ec2-c6i.metal/miniFE.x/4d9bd683a45f646045cae84139444cde']",0.1,7358000000.0,1039498320.0,272386.0,16167383273.0,1026005655.0,1292917.0,6645589309.0,924000000.0,1073.0,11576.0,5.615863000000006,222860.0,16163055821.0,676869.0,1046783581.0,13.0,13.0,41790000000.0,10512442275.0,16046000000.0,12729088371.0,705891089.0,6654000000.0,4548000000.0
"ec2-c6i.metal","miniFE.x","miniFE.x","-nx 175 -ny 75 -nz 50","32","ice4hpc","/home/ec2-user/spack/var/spack/environments/ice4hpc/.spack-env/view/bin/miniFE.x","-e PAPI_DP_OPS -e PAPI_VEC_DP -e PAPI_REF_CYC -e PAPI_BR_PRC -e PAPI_L2_TCM -e clx::RESOURCE_STALLS -e perf::L1-DCACHE-STORES -e perf::PERF_COUNT_SW_CONTEXT_SWITCHES -e perf::CONTEXT-SWITCHES -e PAPI_BR_INS -e perf::LLC-STORES -e perf::LLC-STORE-MISSES -e perf::L1-DCACHE-LOADS -e perf::L1-DCACHE-LOAD-MISSES -e PAPI_BR_TKN -e PAPI_BR_CN -e PAPI_BR_UCN -e PAPI_SP_OPS -e PAPI_VEC_SP -e PAPI_TOT_INS -e PAPI_BR_PRC -e PAPI_L2_TCM -e REALTIME -e IO -e clx::HW_INTERRUPTS -e PAPI_BR_TKN -e PAPI_BR_CN -e PAPI_BR_UCN -e perf::ITLB-LOADS -e perf::ITLB-LOAD-MISSES -e perf::LLC-LOADS -e perf::LLC-LOAD-MISSES -e perf::DTLB-LOADS -e perf::DTLB-LOAD-MISSES -e perf::DTLB-STORES -e perf::DTLB-STORE-MISSES","['/home/ec2-user/aws_data_collection/data/ec2-c6i.metal/miniFE.x/c31e695d19d190fa21e9b2c19787b90c', '/home/ec2-user/aws_data_collection/data/ec2-c6i.metal/miniFE.x/cca3a675372456bf668972cb236a4d8d', '/home/ec2-user/aws_data_collection/data/ec2-c6i.metal/miniFE.x/2054becada0f0cca5da257b75d77d6b6', '/home/ec2-user/aws_data_collection/data/ec2-c6i.metal/miniFE.x/fccbaa3ef79a81d1efa30bf0ca1ea766', '/home/ec2-user/aws_data_collection/data/ec2-c6i.metal/miniFE.x/1123534581d4ad7cc9f094752ed62302', '/home/ec2-user/aws_data_collection/data/ec2-c6i.metal/miniFE.x/6810ec69e1048936f082918b9369efde', '/home/ec2-user/aws_data_collection/data/ec2-c6i.metal/miniFE.x/30e7d5a5b21deac373ddfa386520564f', '/home/ec2-user/aws_data_collection/data/ec2-c6i.metal/miniFE.x/1c2228553521c9a607f285bce24c015d', '/home/ec2-user/aws_data_collection/data/ec2-c6i.metal/miniFE.x/a8b4a4b1708ad45f802acc90e61d85ef', '/home/ec2-user/aws_data_collection/data/ec2-c6i.metal/miniFE.x/15be9193ca768a4d631a6cc31c05e831', '/home/ec2-user/aws_data_collection/data/ec2-c6i.metal/miniFE.x/54945ec9ca50c5612edb60937e20e4bf']",0.0166,434000000.0,188535081.0,62022.0,988390202.0,29477490.0,161276.0,370654064.0,24000000.0,2553.0,11576.0,0.37548200000000004,18616.0,981709546.0,22880.0,219768517.0,52.0,108.0,2380000000.0,345648016.0,936000000.0,424809907.0,81629251.0,342000000.0,224000000.0
"ec2-c6i.metal","miniFE.x","miniFE.x","-nx 200 -ny 100 -nz 50","1","ice4hpc","/home/ec2-user/spack/var/spack/environments/ice4hpc/.spack-env/view/bin/miniFE.x","-e perf::ITLB-LOADS -e perf::ITLB-LOAD-MISSES -e perf::LLC-LOADS -e perf::LLC-LOAD-MISSES -e perf::DTLB-LOADS -e perf::DTLB-LOAD-MISSES -e perf::DTLB-STORES -e perf::DTLB-STORE-MISSES -e perf::L1-DCACHE-STORES -e perf::PERF_COUNT_SW_CONTEXT_SWITCHES -e perf::CONTEXT-SWITCHES -e PAPI_BR_INS -e PAPI_DP_OPS -e PAPI_VEC_DP -e PAPI_REF_CYC -e PAPI_BR_PRC -e PAPI_L2_TCM -e clx::RESOURCE_STALLS -e clx::HW_INTERRUPTS -e PAPI_BR_TKN -e PAPI_BR_CN -e PAPI_BR_UCN -e PAPI_SP_OPS -e PAPI_VEC_SP -e PAPI_TOT_INS -e REALTIME -e IO -e PAPI_BR_TKN -e PAPI_BR_CN -e PAPI_BR_UCN -e PAPI_BR_PRC -e PAPI_L2_TCM -e perf::LLC-STORES -e perf::LLC-STORE-MISSES -e perf::L1-DCACHE-LOADS -e perf::L1-DCACHE-LOAD-MISSES","['/home/ec2-user/aws_data_collection/data/ec2-c6i.metal/miniFE.x/f15d2f7fa4f509e59e52cf5a99612a4c', '/home/ec2-user/aws_data_collection/data/ec2-c6i.metal/miniFE.x/65c7a0194a280fbe1d6b4d31715cf8ac', '/home/ec2-user/aws_data_collection/data/ec2-c6i.metal/miniFE.x/2a706ab1db411ccbbdc7960ded996131', '/home/ec2-user/aws_data_collection/data/ec2-c6i.metal/miniFE.x/32cac5f9db623e03b16e4d9dd4759e57', '/home/ec2-user/aws_data_collection/data/ec2-c6i.metal/miniFE.x/81f32d6ccfd8cceb4ea191da97679082', '/home/ec2-user/aws_data_collection/data/ec2-c6i.metal/miniFE.x/bb812cb2b76b1b1df7945a3f6c349536', '/home/ec2-user/aws_data_collection/data/ec2-c6i.metal/miniFE.x/f2ea807fa1d5b5125a8bae9aef550145', '/home/ec2-user/aws_data_collection/data/ec2-c6i.metal/miniFE.x/d4cd6399dfcd7653d01ba5df08d57070', '/home/ec2-user/aws_data_collection/data/ec2-c6i.metal/miniFE.x/34c94b6039815b69a541e2677789d4b9', '/home/ec2-user/aws_data_collection/data/ec2-c6i.metal/miniFE.x/e6332e75c6f947ae2ce3be2a3f04ecaa', '/home/ec2-user/aws_data_collection/data/ec2-c6i.metal/miniFE.x/cf7bb275ab2e86a3f5bed7cd6fe1b983']",0.0333,11218000000.0,1578338111.0,466830.0,24615924805.0,1571385392.0,1549880.0,10115412094.0,1404000000.0,1047.0,11576.0,8.599121000000004,324935.0,24637083117.0,990022.0,1593966632.0,13.0,13.0,63652000000.0,15999953314.0,24508000000.0,19372701650.0,1097856094.0,10128000000.0,6914000000.0
"ec2-c6i.metal","miniFE.x","miniFE.x","-nx 200 -ny 100 -nz 50","32","ice4hpc","/home/ec2-user/spack/var/spack/environments/ice4hpc/.spack-env/view/bin/miniFE.x","-e perf::L1-DCACHE-STORES -e perf::PERF_COUNT_SW_CONTEXT_SWITCHES -e perf::CONTEXT-SWITCHES -e PAPI_BR_INS -e PAPI_BR_PRC -e PAPI_L2_TCM -e clx::RESOURCE_STALLS -e perf::DTLB-LOADS -e perf::DTLB-LOAD-MISSES -e perf::DTLB-STORES -e perf::DTLB-STORE-MISSES -e clx::HW_INTERRUPTS -e PAPI_BR_TKN -e PAPI_BR_CN -e PAPI_BR_UCN -e PAPI_BR_PRC -e PAPI_L2_TCM -e PAPI_SP_OPS -e PAPI_VEC_SP -e PAPI_TOT_INS -e PAPI_DP_OPS -e PAPI_VEC_DP -e PAPI_REF_CYC -e perf::ITLB-LOADS -e perf::ITLB-LOAD-MISSES -e perf::LLC-LOADS -e perf::LLC-LOAD-MISSES -e perf::LLC-STORES -e perf::LLC-STORE-MISSES -e perf::L1-DCACHE-LOADS -e perf::L1-DCACHE-LOAD-MISSES -e PAPI_BR_TKN -e PAPI_BR_CN -e PAPI_BR_UCN -e REALTIME -e IO","['/home/ec2-user/aws_data_collection/data/ec2-c6i.metal/miniFE.x/23ea6b6fd3e301f86c9600d9694f0dca', '/home/ec2-user/aws_data_collection/data/ec2-c6i.metal/miniFE.x/4fd29042af61dd793f42439f35097765', '/home/ec2-user/aws_data_collection/data/ec2-c6i.metal/miniFE.x/e4ca20823027c321f51e542475fc5cf1', '/home/ec2-user/aws_data_collection/data/ec2-c6i.metal/miniFE.x/4e3aeed53b7ac3de7833c6cd0eab66fe', '/home/ec2-user/aws_data_collection/data/ec2-c6i.metal/miniFE.x/248c198171952978a6d6686efb03777c', '/home/ec2-user/aws_data_collection/data/ec2-c6i.metal/miniFE.x/1304c87b6d29eb39696757d5732c0157', '/home/ec2-user/aws_data_collection/data/ec2-c6i.metal/miniFE.x/f7cb9525e3b266417e37fe919c72e7d1', '/home/ec2-user/aws_data_collection/data/ec2-c6i.metal/miniFE.x/8bb3df2c87f1e699a3f214caa2e2bf34', '/home/ec2-user/aws_data_collection/data/ec2-c6i.metal/miniFE.x/77f48d2cddc342e02700834bdee71f45', '/home/ec2-user/aws_data_collection/data/ec2-c6i.metal/miniFE.x/ddeb84e6049513731298d7bb6832a4a5', '/home/ec2-user/aws_data_collection/data/ec2-c6i.metal/miniFE.x/2a877a4a8ea801c85f1be5734fb40edc']",0.0166,666000000.0,297612948.0,90767.0,1384632081.0,44359961.0,267063.0,513299058.0,38000000.0,2609.0,11576.0,0.5256630000000001,31206.0,1361706481.0,48979.0,299373384.0,52.0,108.0,3338000000.0,516482929.0,1416000000.0,633789871.0,137944694.0,530000000.0,338000000.0
"ec2-c6i.metal","miniFE.x","miniFE.x","-nx 200 -ny 125 -nz 50","1","ice4hpc","/home/ec2-user/spack/var/spack/environments/ice4hpc/.spack-env/view/bin/miniFE.x","-e perf::ITLB-LOADS -e perf::ITLB-LOAD-MISSES -e perf::LLC-LOADS -e perf::LLC-LOAD-MISSES -e PAPI_BR_PRC -e PAPI_L2_TCM -e clx::RESOURCE_STALLS -e PAPI_BR_TKN -e PAPI_BR_CN -e PAPI_BR_UCN -e PAPI_DP_OPS -e PAPI_VEC_DP -e PAPI_REF_CYC -e PAPI_BR_PRC -e PAPI_L2_TCM -e perf::LLC-STORES -e perf::LLC-STORE-MISSES -e perf::L1-DCACHE-LOADS -e perf::L1-DCACHE-LOAD-MISSES -e perf::DTLB-LOADS -e perf::DTLB-LOAD-MISSES -e perf::DTLB-STORES -e perf::DTLB-STORE-MISSES -e PAPI_SP_OPS -e PAPI_VEC_SP -e PAPI_TOT_INS -e REALTIME -e IO -e clx::HW_INTERRUPTS -e PAPI_BR_TKN -e PAPI_BR_CN -e PAPI_BR_UCN -e perf::L1-DCACHE-STORES -e perf::PERF_COUNT_SW_CONTEXT_SWITCHES -e perf::CONTEXT-SWITCHES -e PAPI_BR_INS","['/home/ec2-user/aws_data_collection/data/ec2-c6i.metal/miniFE.x/20e3d1b4dd671f3fe066b6a15f06d704', '/home/ec2-user/aws_data_collection/data/ec2-c6i.metal/miniFE.x/44e2888ecbdd4321f443f93f955e77ad', '/home/ec2-user/aws_data_collection/data/ec2-c6i.metal/miniFE.x/f3cc9afd290b3263a68f1cfda9e831c9', '/home/ec2-user/aws_data_collection/data/ec2-c6i.metal/miniFE.x/fb5708766aa7c3fa157ca89e8572452c', '/home/ec2-user/aws_data_collection/data/ec2-c6i.metal/miniFE.x/519af555a874f9c9e1d7f769f8208765', '/home/ec2-user/aws_data_collection/data/ec2-c6i.metal/miniFE.x/94743ed33cac9508682e10994bc04fe9', '/home/ec2-user/aws_data_collection/data/ec2-c6i.metal/miniFE.x/9e721701d5398a4250953f9445370608', '/home/ec2-user/aws_data_collection/data/ec2-c6i.metal/miniFE.x/18d171cd6b9cc339c9103b37cb991d8f', '/home/ec2-user/aws_data_collection/data/ec2-c6i.metal/miniFE.x/7bc0ee361eec7ec0ef5e17b7a9b11acc', '/home/ec2-user/aws_data_collection/data/ec2-c6i.metal/miniFE.x/a8f974edc3b718caba37aeb2f296984d', '/home/ec2-user/aws_data_collection/data/ec2-c6i.metal/miniFE.x/8804abe1c32d49481ae71d93d43c85b3']",0.0333,14128000000.0,1966366358.0,605924.0,30920229824.0,1963213263.0,1690417.0,12737149635.0,1754000000.0,1046.0,11576.0,10.790463,512768.0,30923845054.0,1242440.0,1989796133.0,13.0,13.0,79882000000.0,19988208769.0,30836000000.0,24201064926.0,1382913183.0,12750000000.0,8682000000.0
"ec2-c6i.metal","miniFE.x","miniFE.x","-nx 200 -ny 125 -nz 50","32","ice4hpc","/home/ec2-user/spack/var/spack/environments/ice4hpc/.spack-env/view/bin/miniFE.x","-e perf::L1-DCACHE-STORES -e perf::PERF_COUNT_SW_CONTEXT_SWITCHES -e perf::CONTEXT-SWITCHES -e PAPI_BR_INS -e PAPI_BR_PRC -e PAPI_L2_TCM -e clx::RESOURCE_STALLS -e perf::ITLB-LOADS -e perf::ITLB-LOAD-MISSES -e perf::LLC-LOADS -e perf::LLC-LOAD-MISSES -e PAPI_SP_OPS -e PAPI_VEC_SP -e PAPI_TOT_INS -e PAPI_DP_OPS -e PAPI_VEC_DP -e PAPI_REF_CYC -e PAPI_BR_TKN -e PAPI_BR_CN -e PAPI_BR_UCN -e clx::HW_INTERRUPTS -e PAPI_BR_TKN -e PAPI_BR_CN -e PAPI_BR_UCN -e PAPI_BR_PRC -e PAPI_L2_TCM -e perf::DTLB-LOADS -e perf::DTLB-LOAD-MISSES -e perf::DTLB-STORES -e perf::DTLB-STORE-MISSES -e REALTIME -e IO -e perf::LLC-STORES -e perf::LLC-STORE-MISSES -e perf::L1-DCACHE-LOADS -e perf::L1-DCACHE-LOAD-MISSES","['/home/ec2-user/aws_data_collection/data/ec2-c6i.metal/miniFE.x/74650ae97b30c83e6aad70ebcc958642', '/home/ec2-user/aws_data_collection/data/ec2-c6i.metal/miniFE.x/ecd7163d12c8e35fd8ef4d323d6a0ae6', '/home/ec2-user/aws_data_collection/data/ec2-c6i.metal/miniFE.x/5597847d6940044af8135d9af7ef329c', '/home/ec2-user/aws_data_collection/data/ec2-c6i.metal/miniFE.x/d4a169008ffd4bb1fcba789257d593df', '/home/ec2-user/aws_data_collection/data/ec2-c6i.metal/miniFE.x/f25fe0f8499babfebd14132fe1f7f1f7', '/home/ec2-user/aws_data_collection/data/ec2-c6i.metal/miniFE.x/195e6f3e0b03b909723c2d2977f29226', '/home/ec2-user/aws_data_collection/data/ec2-c6i.metal/miniFE.x/273680d2327557ebf9933ce0dfdbac4e', '/home/ec2-user/aws_data_collection/data/ec2-c6i.metal/miniFE.x/a492c79df72ac7c12467032e8bc2ebf7', '/home/ec2-user/aws_data_collection/data/ec2-c6i.metal/miniFE.x/1c684883e165726460f34407fa93928f', '/home/ec2-user/aws_data_collection/data/ec2-c6i.metal/miniFE.x/7248ab838d3369b341dbf9cf51c15c79', '/home/ec2-user/aws_data_collection/data/ec2-c6i.metal/miniFE.x/e1164af16234c4139c344cf0cc806ca9']",0.0166,762000000.0,307367781.0,121978.0,1442402186.0,56852384.0,345106.0,566429823.0,48000000.0,2591.0,11576.0,0.6258520000000001,30852.0,1617937783.0,48164.0,328872835.0,52.0,108.0,4068000000.0,660838831.0,1778000000.0,810149192.0,90490166.0,518000000.0,342000000.0
"ec2-c6i.metal","miniFE.x","miniFE.x","-nx 200 -ny 150 -nz 50","1","ice4hpc","/home/ec2-user/spack/var/spack/environments/ice4hpc/.spack-env/view/bin/miniFE.x","-e REALTIME -e IO -e perf::L1-DCACHE-STORES -e perf::PERF_COUNT_SW_CONTEXT_SWITCHES -e perf::CONTEXT-SWITCHES -e PAPI_BR_INS -e PAPI_BR_PRC -e PAPI_L2_TCM -e clx::RESOURCE_STALLS -e perf::LLC-STORES -e perf::LLC-STORE-MISSES -e perf::L1-DCACHE-LOADS -e perf::L1-DCACHE-LOAD-MISSES -e clx::HW_INTERRUPTS -e PAPI_BR_TKN -e PAPI_BR_CN -e PAPI_BR_UCN -e PAPI_BR_PRC -e PAPI_L2_TCM -e perf::DTLB-LOADS -e perf::DTLB-LOAD-MISSES -e perf::DTLB-STORES -e perf::DTLB-STORE-MISSES -e perf::ITLB-LOADS -e perf::ITLB-LOAD-MISSES -e perf::LLC-LOADS -e perf::LLC-LOAD-MISSES -e PAPI_SP_OPS -e PAPI_VEC_SP -e PAPI_TOT_INS -e PAPI_DP_OPS -e PAPI_VEC_DP -e PAPI_REF_CYC -e PAPI_BR_TKN -e PAPI_BR_CN -e PAPI_BR_UCN","['/home/ec2-user/aws_data_collection/data/ec2-c6i.metal/miniFE.x/6a9f2e15fa50e321cd116fc98538de67', '/home/ec2-user/aws_data_collection/data/ec2-c6i.metal/miniFE.x/2e24d09f175ff11fcc652434f61c719f', '/home/ec2-user/aws_data_collection/data/ec2-c6i.metal/miniFE.x/1b6166e67f643b12d22d82b06ddd7012', '/home/ec2-user/aws_data_collection/data/ec2-c6i.metal/miniFE.x/4ae80db15b60145bc8f49d4a0c5df510', '/home/ec2-user/aws_data_collection/data/ec2-c6i.metal/miniFE.x/f666b13530561d1cf7ff0afefa6f83b1', '/home/ec2-user/aws_data_collection/data/ec2-c6i.metal/miniFE.x/c51c0054fabbf6fc4ec8ec40208e2d5e', '/home/ec2-user/aws_data_collection/data/ec2-c6i.metal/miniFE.x/34c03bb7e78ea6e116a01ceafcd80864', '/home/ec2-user/aws_data_collection/data/ec2-c6i.metal/miniFE.x/7f0195f4a3bc5c526cbd018c2770a0fc', '/home/ec2-user/aws_data_collection/data/ec2-c6i.metal/miniFE.x/326362fb3e6c02d19ddcb038c661836c', '/home/ec2-user/aws_data_collection/data/ec2-c6i.metal/miniFE.x/9b09bde6bd71037cebb78e3f8c6f8663', '/home/ec2-user/aws_data_collection/data/ec2-c6i.metal/miniFE.x/6c68b455a618139892aab5b8de476f34']",0.2166,17000000000.0,2350982503.0,753601.0,37179807073.0,2352590011.0,1617898.0,15340091161.0,2104000000.0,1041.0,11576.0,12.995778999999997,514645.0,37177876140.0,1460034.0,2385757901.0,13.0,13.0,96008000000.0,23976465733.0,37232000000.0,29029428508.0,1646373152.0,15354000000.0,10428000000.0
"ec2-c6i.metal","miniFE.x","miniFE.x","-nx 200 -ny 150 -nz 50","32","ice4hpc","/home/ec2-user/spack/var/spack/environments/ice4hpc/.spack-env/view/bin/miniFE.x","-e clx::HW_INTERRUPTS -e PAPI_BR_TKN -e PAPI_BR_CN -e PAPI_BR_UCN -e perf::ITLB-LOADS -e perf::ITLB-LOAD-MISSES -e perf::LLC-LOADS -e perf::LLC-LOAD-MISSES -e perf::DTLB-LOADS -e perf::DTLB-LOAD-MISSES -e perf::DTLB-STORES -e perf::DTLB-STORE-MISSES -e perf::LLC-STORES -e perf::LLC-STORE-MISSES -e perf::L1-DCACHE-LOADS -e perf::L1-DCACHE-LOAD-MISSES -e PAPI_BR_PRC -e PAPI_L2_TCM -e PAPI_SP_OPS -e PAPI_VEC_SP -e PAPI_TOT_INS -e REALTIME -e IO -e perf::L1-DCACHE-STORES -e perf::PERF_COUNT_SW_CONTEXT_SWITCHES -e perf::CONTEXT-SWITCHES -e PAPI_BR_INS -e PAPI_BR_TKN -e PAPI_BR_CN -e PAPI_BR_UCN -e PAPI_DP_OPS -e PAPI_VEC_DP -e PAPI_REF_CYC -e PAPI_BR_PRC -e PAPI_L2_TCM -e clx::RESOURCE_STALLS","['/home/ec2-user/aws_data_collection/data/ec2-c6i.metal/miniFE.x/f6715eb051ab7c88bd09165624d118c9', '/home/ec2-user/aws_data_collection/data/ec2-c6i.metal/miniFE.x/e1c7e23cfb176eff668bbb099bff911b', '/home/ec2-user/aws_data_collection/data/ec2-c6i.metal/miniFE.x/d3aeb3402914863e1a56ea3f5cd38aac', '/home/ec2-user/aws_data_collection/data/ec2-c6i.metal/miniFE.x/5fdd1e9f4acd28458fa67623fb4b8da0', '/home/ec2-user/aws_data_collection/data/ec2-c6i.metal/miniFE.x/d7f5f5dde52176d7144a66895670c424', '/home/ec2-user/aws_data_collection/data/ec2-c6i.metal/miniFE.x/3474e511432618343d605645014e6675', '/home/ec2-user/aws_data_collection/data/ec2-c6i.metal/miniFE.x/f9b973b06a950137f98d589b2700a020', '/home/ec2-user/aws_data_collection/data/ec2-c6i.metal/miniFE.x/73cbbd8858ba49bff973e571344f027d', '/home/ec2-user/aws_data_collection/data/ec2-c6i.metal/miniFE.x/fe9cd1bc0c386db2a4f56617be3ee270', '/home/ec2-user/aws_data_collection/data/ec2-c6i.metal/miniFE.x/e33729dedbd2db118432f2872a1f14cf', '/home/ec2-user/aws_data_collection/data/ec2-c6i.metal/miniFE.x/c99ff112e756eca4f59699962efcc877']",0.0333,890000000.0,356449499.0,120488.0,1780179769.0,67815477.0,360062.0,551317406.0,60000000.0,2612.0,11576.0,0.7466340000000002,34845.0,1494473819.0,47365.0,199706866.0,52.0,108.0,4620000000.0,784572721.0,2146000000.0,961314584.0,85786951.0,576000000.0,388000000.0
"ec2-c6i.metal","miniFE.x","miniFE.x","-nx 200 -ny 175 -nz 50","1","ice4hpc","/home/ec2-user/spack/var/spack/environments/ice4hpc/.spack-env/view/bin/miniFE.x","-e PAPI_BR_TKN -e PAPI_BR_CN -e PAPI_BR_UCN -e PAPI_DP_OPS -e PAPI_VEC_DP -e PAPI_REF_CYC -e perf::L1-DCACHE-STORES -e perf::PERF_COUNT_SW_CONTEXT_SWITCHES -e perf::CONTEXT-SWITCHES -e PAPI_BR_INS -e PAPI_SP_OPS -e PAPI_VEC_SP -e PAPI_TOT_INS -e perf::LLC-STORES -e perf::LLC-STORE-MISSES -e perf::L1-DCACHE-LOADS -e perf::L1-DCACHE-LOAD-MISSES -e PAPI_BR_PRC -e PAPI_L2_TCM -e clx::RESOURCE_STALLS -e perf::DTLB-LOADS -e perf::DTLB-LOAD-MISSES -e perf::DTLB-STORES -e perf::DTLB-STORE-MISSES -e perf::ITLB-LOADS -e perf::ITLB-LOAD-MISSES -e perf::LLC-LOADS -e perf::LLC-LOAD-MISSES -e REALTIME -e IO -e PAPI_BR_PRC -e PAPI_L2_TCM -e clx::HW_INTERRUPTS -e PAPI_BR_TKN -e PAPI_BR_CN -e PAPI_BR_UCN","['/home/ec2-user/aws_data_collection/data/ec2-c6i.metal/miniFE.x/eac45f5449324059d49ccf2cb2a05477', '/home/ec2-user/aws_data_collection/data/ec2-c6i.metal/miniFE.x/1b81d4bda01784b4dae82cceaa9a2190', '/home/ec2-user/aws_data_collection/data/ec2-c6i.metal/miniFE.x/f0ee41e11bbfdb97501a9e64538a7a2c', '/home/ec2-user/aws_data_collection/data/ec2-c6i.metal/miniFE.x/4bf2428f607b11582dfed4481fcb2579', '/home/ec2-user/aws_data_collection/data/ec2-c6i.metal/miniFE.x/8f0ed9d0079961d997f3cf349389befa', '/home/ec2-user/aws_data_collection/data/ec2-c6i.metal/miniFE.x/da5b0060bd60a598df3b0b7a05594b22', '/home/ec2-user/aws_data_collection/data/ec2-c6i.metal/miniFE.x/9f8f66bbe17f4d8ec092ec132301b2a6', '/home/ec2-user/aws_data_collection/data/ec2-c6i.metal/miniFE.x/ae9e73505e24505c6586c6257764b5e4', '/home/ec2-user/aws_data_collection/data/ec2-c6i.metal/miniFE.x/12bfa015a0366d02924f39d5a9be3bd8', '/home/ec2-user/aws_data_collection/data/ec2-c6i.metal/miniFE.x/3071ba3fb98d5a10ee33dc422658244c', '/home/ec2-user/aws_data_collection/data/ec2-c6i.metal/miniFE.x/3bf19360ae6a82725f4bab3e88dde695']",0.25,19872000000.0,2742131363.0,827682.0,43415038835.0,2744730537.0,1922115.0,17929922052.0,2454000000.0,1048.0,11576.0,15.20654599999998,577405.0,43412720656.0,1673946.0,2781526652.0,13.0,13.0,112126000000.0,27964722097.0,43762000000.0,33857792693.0,1934946211.0,17942000000.0,12168000000.0
"ec2-c6i.metal","miniFE.x","miniFE.x","-nx 200 -ny 175 -nz 50","32","ice4hpc","/home/ec2-user/spack/var/spack/environments/ice4hpc/.spack-env/view/bin/miniFE.x","-e perf::ITLB-LOADS -e perf::ITLB-LOAD-MISSES -e perf::LLC-LOADS -e perf::LLC-LOAD-MISSES -e clx::HW_INTERRUPTS -e PAPI_BR_TKN -e PAPI_BR_CN -e PAPI_BR_UCN -e PAPI_DP_OPS -e PAPI_VEC_DP -e PAPI_REF_CYC -e PAPI_BR_PRC -e PAPI_L2_TCM -e PAPI_BR_PRC -e PAPI_L2_TCM -e clx::RESOURCE_STALLS -e REALTIME -e IO -e perf::LLC-STORES -e perf::LLC-STORE-MISSES -e perf::L1-DCACHE-LOADS -e perf::L1-DCACHE-LOAD-MISSES -e perf::L1-DCACHE-STORES -e perf::PERF_COUNT_SW_CONTEXT_SWITCHES -e perf::CONTEXT-SWITCHES -e PAPI_BR_INS -e PAPI_BR_TKN -e PAPI_BR_CN -e PAPI_BR_UCN -e PAPI_SP_OPS -e PAPI_VEC_SP -e PAPI_TOT_INS -e perf::DTLB-LOADS -e perf::DTLB-LOAD-MISSES -e perf::DTLB-STORES -e perf::DTLB-STORE-MISSES","['/home/ec2-user/aws_data_collection/data/ec2-c6i.metal/miniFE.x/abcffd7bd9af4874043a09b507430e0f', '/home/ec2-user/aws_data_collection/data/ec2-c6i.metal/miniFE.x/566527e712ba8877236e510f5b252cb8', '/home/ec2-user/aws_data_collection/data/ec2-c6i.metal/miniFE.x/6ecbbcb322e8ae35d856d05d937775fd', '/home/ec2-user/aws_data_collection/data/ec2-c6i.metal/miniFE.x/8cdfec9efee86483ecc93f80376f1f15', '/home/ec2-user/aws_data_collection/data/ec2-c6i.metal/miniFE.x/c04e2657488568fa5572fbbba203115f', '/home/ec2-user/aws_data_collection/data/ec2-c6i.metal/miniFE.x/b62716b7b4c2109c1b8837ae536234d3', '/home/ec2-user/aws_data_collection/data/ec2-c6i.metal/miniFE.x/7b2273cfbf7660783e2d4cc9e71dcd12', '/home/ec2-user/aws_data_collection/data/ec2-c6i.metal/miniFE.x/ec61fcf1bc4278cbcd30303a8529768c', '/home/ec2-user/aws_data_collection/data/ec2-c6i.metal/miniFE.x/5476310230be6e63dec0044b80e6765a', '/home/ec2-user/aws_data_collection/data/ec2-c6i.metal/miniFE.x/bf56c7d0d40696ecd12f13e9a6da12f7', '/home/ec2-user/aws_data_collection/data/ec2-c6i.metal/miniFE.x/0891b122410e67e37f464d3da592d33e']",0.0333,956000000.0,348959005.0,165956.0,2177737615.0,79051326.0,419740.0,764997830.0,72000000.0,2602.0,11576.0,0.8460300000000002,34458.0,1816197902.0,58607.0,264188010.0,52.0,108.0,5018000000.0,908306164.0,2370000000.0,1112479529.0,166308191.0,782000000.0,506000000.0
"ec2-c6i.metal","miniFE.x","miniFE.x","-nx 200 -ny 50 -nz 50","1","ice4hpc","/home/ec2-user/spack/var/spack/environments/ice4hpc/.spack-env/view/bin/miniFE.x","-e perf::L1-DCACHE-STORES -e perf::PERF_COUNT_SW_CONTEXT_SWITCHES -e perf::CONTEXT-SWITCHES -e PAPI_BR_INS -e clx::HW_INTERRUPTS -e PAPI_BR_TKN -e PAPI_BR_CN -e PAPI_BR_UCN -e perf::DTLB-LOADS -e perf::DTLB-LOAD-MISSES -e perf::DTLB-STORES -e perf::DTLB-STORE-MISSES -e PAPI_BR_PRC -e PAPI_L2_TCM -e clx::RESOURCE_STALLS -e perf::ITLB-LOADS -e perf::ITLB-LOAD-MISSES -e perf::LLC-LOADS -e perf::LLC-LOAD-MISSES -e PAPI_BR_TKN -e PAPI_BR_CN -e PAPI_BR_UCN -e PAPI_BR_PRC -e PAPI_L2_TCM -e REALTIME -e IO -e PAPI_SP_OPS -e PAPI_VEC_SP -e PAPI_TOT_INS -e PAPI_DP_OPS -e PAPI_VEC_DP -e PAPI_REF_CYC -e perf::LLC-STORES -e perf::LLC-STORE-MISSES -e perf::L1-DCACHE-LOADS -e perf::L1-DCACHE-LOAD-MISSES","['/home/ec2-user/aws_data_collection/data/ec2-c6i.metal/miniFE.x/b104bc0a7f09d89f932ffa4cef534325', '/home/ec2-user/aws_data_collection/data/ec2-c6i.metal/miniFE.x/d77492378eaee250e50c72848b493927', '/home/ec2-user/aws_data_collection/data/ec2-c6i.metal/miniFE.x/e282d77215fc12c8fe24b2c86e9f4148', '/home/ec2-user/aws_data_collection/data/ec2-c6i.metal/miniFE.x/e949f227ced48c1c49dea8d1429747ae', '/home/ec2-user/aws_data_collection/data/ec2-c6i.metal/miniFE.x/49b5cbdbaded99f729a79ac4621fff01', '/home/ec2-user/aws_data_collection/data/ec2-c6i.metal/miniFE.x/ad45d3a6bfe42d0ee4f227c0e49032d1', '/home/ec2-user/aws_data_collection/data/ec2-c6i.metal/miniFE.x/66267a4c65793be2c61081d41e76506e', '/home/ec2-user/aws_data_collection/data/ec2-c6i.metal/miniFE.x/517c930cdcc04de417c708f541999533', '/home/ec2-user/aws_data_collection/data/ec2-c6i.metal/miniFE.x/2d8ab1222d02429afc126deb940051bc', '/home/ec2-user/aws_data_collection/data/ec2-c6i.metal/miniFE.x/48eabeec2442321f1275c962f467fbf5', '/home/ec2-user/aws_data_collection/data/ec2-c6i.metal/miniFE.x/a5f22df69983810250163a8a52d0f38c']",0.0666,5586000000.0,797370327.0,188961.0,12281113624.0,787528874.0,1770695.0,5040849119.0,706000000.0,1059.0,11576.0,4.288614999999999,180618.0,12285208972.0,512304.0,800304810.0,13.0,13.0,31794000000.0,8023440571.0,12246000000.0,9715976871.0,543192141.0,5046000000.0,3454000000.0
"ec2-c6i.metal","miniFE.x","miniFE.x","-nx 200 -ny 50 -nz 50","32","ice4hpc","/home/ec2-user/spack/var/spack/environments/ice4hpc/.spack-env/view/bin/miniFE.x","-e PAPI_BR_PRC -e PAPI_L2_TCM -e PAPI_BR_PRC -e PAPI_L2_TCM -e clx::RESOURCE_STALLS -e perf::LLC-STORES -e perf::LLC-STORE-MISSES -e perf::L1-DCACHE-LOADS -e perf::L1-DCACHE-LOAD-MISSES -e perf::L1-DCACHE-STORES -e perf::PERF_COUNT_SW_CONTEXT_SWITCHES -e perf::CONTEXT-SWITCHES -e PAPI_BR_INS -e REALTIME -e IO -e perf::DTLB-LOADS -e perf::DTLB-LOAD-MISSES -e perf::DTLB-STORES -e perf::DTLB-STORE-MISSES -e PAPI_DP_OPS -e PAPI_VEC_DP -e PAPI_REF_CYC -e PAPI_SP_OPS -e PAPI_VEC_SP -e PAPI_TOT_INS -e PAPI_BR_TKN -e PAPI_BR_CN -e PAPI_BR_UCN -e perf::ITLB-LOADS -e perf::ITLB-LOAD-MISSES -e perf::LLC-LOADS -e perf::LLC-LOAD-MISSES -e clx::HW_INTERRUPTS -e PAPI_BR_TKN -e PAPI_BR_CN -e PAPI_BR_UCN","['/home/ec2-user/aws_data_collection/data/ec2-c6i.metal/miniFE.x/74daf6dbfe5b6e8427f47f3dd309df88', '/home/ec2-user/aws_data_collection/data/ec2-c6i.metal/miniFE.x/82e69c48daadaf9bde67244eed72be86', '/home/ec2-user/aws_data_collection/data/ec2-c6i.metal/miniFE.x/18760bee3cc90f452987c905cbd9ad22', '/home/ec2-user/aws_data_collection/data/ec2-c6i.metal/miniFE.x/be0dc4eedab6d1167a07d174d6ebcac2', '/home/ec2-user/aws_data_collection/data/ec2-c6i.metal/miniFE.x/c02a7164330e0287c1b9b1bb1fcefe1b', '/home/ec2-user/aws_data_collection/data/ec2-c6i.metal/miniFE.x/7b51000f02fff5057836130e0d9aecec', '/home/ec2-user/aws_data_collection/data/ec2-c6i.metal/miniFE.x/3231580e7b34424688b25ab7326900e0', '/home/ec2-user/aws_data_collection/data/ec2-c6i.metal/miniFE.x/c84ae36c7a8783845f31e50b069e2009', '/home/ec2-user/aws_data_collection/data/ec2-c6i.metal/miniFE.x/b3dc907e80ba58c33abe37c26957de0b', '/home/ec2-user/aws_data_collection/data/ec2-c6i.metal/miniFE.x/eddc3b665183f582ee6e20362d94da72', '/home/ec2-user/aws_data_collection/data/ec2-c6i.metal/miniFE.x/f80935b8bbe634e0b8d303fd319a3d43']",0.0166,266000000.0,91531317.0,91015.0,866649821.0,22583636.0,153117.0,254229691.0,18000000.0,2592.0,11576.0,0.300353,12631.0,865158256.0,19064.0,203542743.0,52.0,108.0,2106000000.0,269015347.0,724000000.0,331459285.0,30896385.0,210000000.0,146000000.0
"ec2-c6i.metal","miniFE.x","miniFE.x","-nx 200 -ny 75 -nz 50","1","ice4hpc","/home/ec2-user/spack/var/spack/environments/ice4hpc/.spack-env/view/bin/miniFE.x","-e clx::HW_INTERRUPTS -e PAPI_BR_TKN -e PAPI_BR_CN -e PAPI_BR_UCN -e PAPI_BR_TKN -e PAPI_BR_CN -e PAPI_BR_UCN -e PAPI_BR_PRC -e PAPI_L2_TCM -e PAPI_BR_PRC -e PAPI_L2_TCM -e clx::RESOURCE_STALLS -e perf::ITLB-LOADS -e perf::ITLB-LOAD-MISSES -e perf::LLC-LOADS -e perf::LLC-LOAD-MISSES -e perf::DTLB-LOADS -e perf::DTLB-LOAD-MISSES -e perf::DTLB-STORES -e perf::DTLB-STORE-MISSES -e REALTIME -e IO -e perf::LLC-STORES -e perf::LLC-STORE-MISSES -e perf::L1-DCACHE-LOADS -e perf::L1-DCACHE-LOAD-MISSES -e perf::L1-DCACHE-STORES -e perf::PERF_COUNT_SW_CONTEXT_SWITCHES -e perf::CONTEXT-SWITCHES -e PAPI_BR_INS -e PAPI_SP_OPS -e PAPI_VEC_SP -e PAPI_TOT_INS -e PAPI_DP_OPS -e PAPI_VEC_DP -e PAPI_REF_CYC","['/home/ec2-user/aws_data_collection/data/ec2-c6i.metal/miniFE.x/109130f9dc89cffa4e5a5754787d1432', '/home/ec2-user/aws_data_collection/data/ec2-c6i.metal/miniFE.x/9e3ceac1d2401faeb60df6a74c489652', '/home/ec2-user/aws_data_collection/data/ec2-c6i.metal/miniFE.x/bf1cd7e2c887b640a9f920c750d87446', '/home/ec2-user/aws_data_collection/data/ec2-c6i.metal/miniFE.x/d85eae85964b4cf6180381644a5c1bd8', '/home/ec2-user/aws_data_collection/data/ec2-c6i.metal/miniFE.x/c9c6119ba1c1bb81e45ea03d3cf6c1b7', '/home/ec2-user/aws_data_collection/data/ec2-c6i.metal/miniFE.x/ef57368729acabe67f0213a812afd442', '/home/ec2-user/aws_data_collection/data/ec2-c6i.metal/miniFE.x/a474478d09aad6650d1899fe6aa914af', '/home/ec2-user/aws_data_collection/data/ec2-c6i.metal/miniFE.x/7ce3dd5b5a15ddd5b6a05e660bca8458', '/home/ec2-user/aws_data_collection/data/ec2-c6i.metal/miniFE.x/1dd11276dd175a7fd8a41559fac20d6c', '/home/ec2-user/aws_data_collection/data/ec2-c6i.metal/miniFE.x/56b730b80ffcb3f14353b9f0d24af774', '/home/ec2-user/aws_data_collection/data/ec2-c6i.metal/miniFE.x/af1b0c7b2815b2cf301ed8462ef2eb1a']",0.0333,8448000000.0,1186871946.0,551864.0,18529934510.0,1179355908.0,1831932.0,7614352545.0,1054000000.0,1053.0,11576.0,6.440411000000007,289035.0,18512766879.0,753113.0,1195962240.0,13.0,13.0,47872000000.0,12011695072.0,18362000000.0,14544339193.0,819514243.0,7630000000.0,5202000000.0
"ec2-c6i.metal","miniFE.x","miniFE.x","-nx 200 -ny 75 -nz 50","32","ice4hpc","/home/ec2-user/spack/var/spack/environments/ice4hpc/.spack-env/view/bin/miniFE.x","-e PAPI_BR_PRC -e PAPI_L2_TCM -e clx::RESOURCE_STALLS -e perf::L1-DCACHE-STORES -e perf::PERF_COUNT_SW_CONTEXT_SWITCHES -e perf::CONTEXT-SWITCHES -e PAPI_BR_INS -e REALTIME -e IO -e PAPI_BR_PRC -e PAPI_L2_TCM -e perf::LLC-STORES -e perf::LLC-STORE-MISSES -e perf::L1-DCACHE-LOADS -e perf::L1-DCACHE-LOAD-MISSES -e PAPI_DP_OPS -e PAPI_VEC_DP -e PAPI_REF_CYC -e PAPI_BR_TKN -e PAPI_BR_CN -e PAPI_BR_UCN -e perf::DTLB-LOADS -e perf::DTLB-LOAD-MISSES -e perf::DTLB-STORES -e perf::DTLB-STORE-MISSES -e PAPI_SP_OPS -e PAPI_VEC_SP -e PAPI_TOT_INS -e perf::ITLB-LOADS -e perf::ITLB-LOAD-MISSES -e perf::LLC-LOADS -e perf::LLC-LOAD-MISSES -e clx::HW_INTERRUPTS -e PAPI_BR_TKN -e PAPI_BR_CN -e PAPI_BR_UCN","['/home/ec2-user/aws_data_collection/data/ec2-c6i.metal/miniFE.x/9a96ec6565057332462ae612b220648b', '/home/ec2-user/aws_data_collection/data/ec2-c6i.metal/miniFE.x/619ea66aa420ac0c78fb297ead78fd7c', '/home/ec2-user/aws_data_collection/data/ec2-c6i.metal/miniFE.x/c09d4efdd32f9868f35f188f4f90ae16', '/home/ec2-user/aws_data_collection/data/ec2-c6i.metal/miniFE.x/53bfbf0edc786cc29f041a9ad3bfb9b3', '/home/ec2-user/aws_data_collection/data/ec2-c6i.metal/miniFE.x/8bdb22bea334cbfa6f0cfd670eaebf66', '/home/ec2-user/aws_data_collection/data/ec2-c6i.metal/miniFE.x/bbae15dda98b688f75acd96109d9289d', '/home/ec2-user/aws_data_collection/data/ec2-c6i.metal/miniFE.x/65c1c1773c489fba45173af454be6787', '/home/ec2-user/aws_data_collection/data/ec2-c6i.metal/miniFE.x/a04658ed067493e4da3d7d028a5d739e', '/home/ec2-user/aws_data_collection/data/ec2-c6i.metal/miniFE.x/23be36fdcc9ade0a07f59cad3dff7785', '/home/ec2-user/aws_data_collection/data/ec2-c6i.metal/miniFE.x/b590623f7657a990a0f7c6a1d83d54e2', '/home/ec2-user/aws_data_collection/data/ec2-c6i.metal/miniFE.x/b27a5fc01072fa58d4499919f007ce44']",0.05,514000000.0,235140655.0,96160.0,1132302203.0,33316634.0,192291.0,398009054.0,28000000.0,2607.0,11576.0,0.425577,18930.0,1061406057.0,28144.0,238764111.0,52.0,108.0,2108000000.0,392749264.0,1098000000.0,482624704.0,102233703.0,408000000.0,266000000.0
"ec2-c6i.metal","miniFE.x","miniFE.x","-nx 50 -ny 50 -nz 50","1","ice4hpc","/home/ec2-user/spack/var/spack/environments/ice4hpc/.spack-env/view/bin/miniFE.x","-e perf::DTLB-LOADS -e perf::DTLB-LOAD-MISSES -e perf::DTLB-STORES -e perf::DTLB-STORE-MISSES -e PAPI_BR_PRC -e PAPI_L2_TCM -e clx::RESOURCE_STALLS -e perf::ITLB-LOADS -e perf::ITLB-LOAD-MISSES -e perf::LLC-LOADS -e perf::LLC-LOAD-MISSES -e PAPI_DP_OPS -e PAPI_VEC_DP -e PAPI_REF_CYC -e REALTIME -e IO -e clx::HW_INTERRUPTS -e PAPI_BR_TKN -e PAPI_BR_CN -e PAPI_BR_UCN -e PAPI_SP_OPS -e PAPI_VEC_SP -e PAPI_TOT_INS -e PAPI_BR_PRC -e PAPI_L2_TCM -e PAPI_BR_TKN -e PAPI_BR_CN -e PAPI_BR_UCN -e perf::L1-DCACHE-STORES -e perf::PERF_COUNT_SW_CONTEXT_SWITCHES -e perf::CONTEXT-SWITCHES -e PAPI_BR_INS -e perf::LLC-STORES -e perf::LLC-STORE-MISSES -e perf::L1-DCACHE-LOADS -e perf::L1-DCACHE-LOAD-MISSES","['/home/ec2-user/aws_data_collection/data/ec2-c6i.metal/miniFE.x/9339538e1d168cd9dcca755f4743cfe5', '/home/ec2-user/aws_data_collection/data/ec2-c6i.metal/miniFE.x/112ecaef3cdda1d18515670c0e10a804', '/home/ec2-user/aws_data_collection/data/ec2-c6i.metal/miniFE.x/24254c84e3b1784d22f76a0bcf4e6d93', '/home/ec2-user/aws_data_collection/data/ec2-c6i.metal/miniFE.x/9f60284c478cdaa1ca43d43ac5f7a851', '/home/ec2-user/aws_data_collection/data/ec2-c6i.metal/miniFE.x/b4fb1eb809b72353853805e243e1105e', '/home/ec2-user/aws_data_collection/data/ec2-c6i.metal/miniFE.x/1afb88821209d7c716b38000db430269', '/home/ec2-user/aws_data_collection/data/ec2-c6i.metal/miniFE.x/60e84c5c1cb7c098f3770e964576e74d', '/home/ec2-user/aws_data_collection/data/ec2-c6i.metal/miniFE.x/f68c96ccc29c0aac6ffb095f4d012815', '/home/ec2-user/aws_data_collection/data/ec2-c6i.metal/miniFE.x/730288aae32bba9c95a012e8de3ae267', '/home/ec2-user/aws_data_collection/data/ec2-c6i.metal/miniFE.x/25d6678369e161a83709a9d20c12ca23', '/home/ec2-user/aws_data_collection/data/ec2-c6i.metal/miniFE.x/7c4daae1cd6b71de23738c2e2be213f5']",0.0166,1248000000.0,194465182.0,28338.0,2661090185.0,149227536.0,122725.0,1111193207.0,142000000.0,993.0,11576.0,0.8410540000000001,57998.0,2662619094.0,127152.0,193715226.0,13.0,13.0,7144000000.0,1778125095.0,2308000000.0,2181118328.0,127673654.0,1120000000.0,750000000.0
"ec2-c6i.metal","miniFE.x","miniFE.x","-nx 50 -ny 50 -nz 50","32","ice4hpc","/home/ec2-user/spack/var/spack/environments/ice4hpc/.spack-env/view/bin/miniFE.x","-e perf::L1-DCACHE-STORES -e perf::PERF_COUNT_SW_CONTEXT_SWITCHES -e perf::CONTEXT-SWITCHES -e PAPI_BR_INS -e perf::LLC-STORES -e perf::LLC-STORE-MISSES -e perf::L1-DCACHE-LOADS -e perf::L1-DCACHE-LOAD-MISSES -e perf::ITLB-LOADS -e perf::ITLB-LOAD-MISSES -e perf::LLC-LOADS -e perf::LLC-LOAD-MISSES -e PAPI_BR_PRC -e PAPI_L2_TCM -e PAPI_BR_TKN -e PAPI_BR_CN -e PAPI_BR_UCN -e PAPI_SP_OPS -e PAPI_VEC_SP -e PAPI_TOT_INS -e clx::HW_INTERRUPTS -e PAPI_BR_TKN -e PAPI_BR_CN -e PAPI_BR_UCN -e REALTIME -e IO -e PAPI_BR_PRC -e PAPI_L2_TCM -e clx::RESOURCE_STALLS -e PAPI_DP_OPS -e PAPI_VEC_DP -e PAPI_REF_CYC -e perf::DTLB-LOADS -e perf::DTLB-LOAD-MISSES -e perf::DTLB-STORES -e perf::DTLB-STORE-MISSES","['/home/ec2-user/aws_data_collection/data/ec2-c6i.metal/miniFE.x/7edc0b79e425069a1c7dc119dad4edc4', '/home/ec2-user/aws_data_collection/data/ec2-c6i.metal/miniFE.x/ea8f5f1b1cd5beb8698bc5a1074a507e', '/home/ec2-user/aws_data_collection/data/ec2-c6i.metal/miniFE.x/9f4c6ea65f62c8af308bedf54ace8f7b', '/home/ec2-user/aws_data_collection/data/ec2-c6i.metal/miniFE.x/9207d468044c913c844dd9a1c9991991', '/home/ec2-user/aws_data_collection/data/ec2-c6i.metal/miniFE.x/8739a6f96a3637351386787a58c3a3fc', '/home/ec2-user/aws_data_collection/data/ec2-c6i.metal/miniFE.x/248226a1e340b436d1adb7c460e5d7d0', '/home/ec2-user/aws_data_collection/data/ec2-c6i.metal/miniFE.x/4f27a36d73479c0dfb50bb1c259b1848', '/home/ec2-user/aws_data_collection/data/ec2-c6i.metal/miniFE.x/8296986dc8f55494bd304a83c4675b08', '/home/ec2-user/aws_data_collection/data/ec2-c6i.metal/miniFE.x/fadfef1728106967a3c0684bffe50484', '/home/ec2-user/aws_data_collection/data/ec2-c6i.metal/miniFE.x/782b858182e218616ec0dc9513bf8339', '/home/ec2-user/aws_data_collection/data/ec2-c6i.metal/miniFE.x/bfe28ab7f050df1df3b97195ff3e433a']",0.0,106000000.0,49033759.0,9614.0,205549834.0,4145145.0,40010.0,66324432.0,2000000.0,2062.0,11576.0,0.09540799999999999,8609.0,168620239.0,6920.0,49013471.0,52.0,108.0,660000000.0,59820296.0,174000000.0,75011411.0,23369820.0,88000000.0,58000000.0
"ec2-c6i.metal","miniFE.x","miniFE.x","-nx 75 -ny 50 -nz 50","1","ice4hpc","/home/ec2-user/spack/var/spack/environments/ice4hpc/.spack-env/view/bin/miniFE.x","-e perf::DTLB-LOADS -e perf::DTLB-LOAD-MISSES -e perf::DTLB-STORES -e perf::DTLB-STORE-MISSES -e PAPI_BR_PRC -e PAPI_L2_TCM -e clx::RESOURCE_STALLS -e PAPI_SP_OPS -e PAPI_VEC_SP -e PAPI_TOT_INS -e REALTIME -e IO -e clx::HW_INTERRUPTS -e PAPI_BR_TKN -e PAPI_BR_CN -e PAPI_BR_UCN -e perf::L1-DCACHE-STORES -e perf::PERF_COUNT_SW_CONTEXT_SWITCHES -e perf::CONTEXT-SWITCHES -e PAPI_BR_INS -e PAPI_DP_OPS -e PAPI_VEC_DP -e PAPI_REF_CYC -e PAPI_BR_TKN -e PAPI_BR_CN -e PAPI_BR_UCN -e perf::ITLB-LOADS -e perf::ITLB-LOAD-MISSES -e perf::LLC-LOADS -e perf::LLC-LOAD-MISSES -e PAPI_BR_PRC -e PAPI_L2_TCM -e perf::LLC-STORES -e perf::LLC-STORE-MISSES -e perf::L1-DCACHE-LOADS -e perf::L1-DCACHE-LOAD-MISSES","['/home/ec2-user/aws_data_collection/data/ec2-c6i.metal/miniFE.x/4c67ad0200a0baf44599af7e1c02a570', '/home/ec2-user/aws_data_collection/data/ec2-c6i.metal/miniFE.x/de1c1476fbec68c98d223a4235375dda', '/home/ec2-user/aws_data_collection/data/ec2-c6i.metal/miniFE.x/194eb2803a584cc2f285b15e6ba8465f', '/home/ec2-user/aws_data_collection/data/ec2-c6i.metal/miniFE.x/c3e3ecf913e5815ee00ca0a13f7790a8', '/home/ec2-user/aws_data_collection/data/ec2-c6i.metal/miniFE.x/dc8d65881b583f39e8c74fc82bc70c01', '/home/ec2-user/aws_data_collection/data/ec2-c6i.metal/miniFE.x/0256fd05d1b3b81669ed4e49fde7ee75', '/home/ec2-user/aws_data_collection/data/ec2-c6i.metal/miniFE.x/6874cca8c12b3940a66a28b35b0dbf86', '/home/ec2-user/aws_data_collection/data/ec2-c6i.metal/miniFE.x/17b13d5458b6063eea756856ae78aa07', '/home/ec2-user/aws_data_collection/data/ec2-c6i.metal/miniFE.x/c9d460b046db48163bfb04bfa8520937', '/home/ec2-user/aws_data_collection/data/ec2-c6i.metal/miniFE.x/4e03d02aec0a2b1cf0396b79cd3bfe6a', '/home/ec2-user/aws_data_collection/data/ec2-c6i.metal/miniFE.x/82f635f81f2b22e3b3337258493cd29c']",0.0333,2068000000.0,301808095.0,56877.0,4552625729.0,266727301.0,787498.0,1857398737.0,260000000.0,1071.0,11576.0,1.532302,60900.0,4546182624.0,191307.0,300773660.0,13.0,13.0,11846000000.0,3019636085.0,4260000000.0,3658367654.0,198348883.0,1868000000.0,1290000000.0
"ec2-c6i.metal","miniFE.x","miniFE.x","-nx 75 -ny 50 -nz 50","32","ice4hpc","/home/ec2-user/spack/var/spack/environments/ice4hpc/.spack-env/view/bin/miniFE.x","-e perf::DTLB-LOADS -e perf::DTLB-LOAD-MISSES -e perf::DTLB-STORES -e perf::DTLB-STORE-MISSES -e PAPI_DP_OPS -e PAPI_VEC_DP -e PAPI_REF_CYC -e PAPI_BR_PRC -e PAPI_L2_TCM -e PAPI_SP_OPS -e PAPI_VEC_SP -e PAPI_TOT_INS -e perf::LLC-STORES -e perf::LLC-STORE-MISSES -e perf::L1-DCACHE-LOADS -e perf::L1-DCACHE-LOAD-MISSES -e REALTIME -e IO -e clx::HW_INTERRUPTS -e PAPI_BR_TKN -e PAPI_BR_CN -e PAPI_BR_UCN -e PAPI_BR_PRC -e PAPI_L2_TCM -e clx::RESOURCE_STALLS -e perf::ITLB-LOADS -e perf::ITLB-LOAD-MISSES -e perf::LLC-LOADS -e perf::LLC-LOAD-MISSES -e PAPI_BR_TKN -e PAPI_BR_CN -e PAPI_BR_UCN -e perf::L1-DCACHE-STORES -e perf::PERF_COUNT_SW_CONTEXT_SWITCHES -e perf::CONTEXT-SWITCHES -e PAPI_BR_INS","['/home/ec2-user/aws_data_collection/data/ec2-c6i.metal/miniFE.x/5af02c943171b65c45221beb41064966', '/home/ec2-user/aws_data_collection/data/ec2-c6i.metal/miniFE.x/f052a4d00d799a56d1949171cc5f8c66', '/home/ec2-user/aws_data_collection/data/ec2-c6i.metal/miniFE.x/7aac3b9ecf442c58077da011c4f67aaa', '/home/ec2-user/aws_data_collection/data/ec2-c6i.metal/miniFE.x/b0ae44ca6a6e290c0fd085569164820c', '/home/ec2-user/aws_data_collection/data/ec2-c6i.metal/miniFE.x/34c9830143b48d72d8a81442870a4b5e', '/home/ec2-user/aws_data_collection/data/ec2-c6i.metal/miniFE.x/681b118b9fdd9accdd3ad0a438ff83b5', '/home/ec2-user/aws_data_collection/data/ec2-c6i.metal/miniFE.x/0f3fbd6f164fe538c6b3fbcd64ce4f6b', '/home/ec2-user/aws_data_collection/data/ec2-c6i.metal/miniFE.x/b15f18f6bb0282d46672584602a25d38', '/home/ec2-user/aws_data_collection/data/ec2-c6i.metal/miniFE.x/7620d1965a64754f4975de61ac1438f8', '/home/ec2-user/aws_data_collection/data/ec2-c6i.metal/miniFE.x/eafe70ffd8a64cd3b1877d433203729e', '/home/ec2-user/aws_data_collection/data/ec2-c6i.metal/miniFE.x/75e07c76c519460050320d796a373625']",0.0166,168000000.0,82365410.0,17922.0,170995207.0,8064293.0,61405.0,118048737.0,6000000.0,2581.0,11576.0,0.135139,4951.0,337121182.0,9100.0,87216606.0,52.0,108.0,1002000000.0,102467191.0,286000000.0,126527132.0,33896929.0,138000000.0,96000000.0
"ec2-c6i.metal","miniFE.x","miniFE.x","-nx 75 -ny 75 -nz 50","1","ice4hpc","/home/ec2-user/spack/var/spack/environments/ice4hpc/.spack-env/view/bin/miniFE.x","-e REALTIME -e IO -e perf::L1-DCACHE-STORES -e perf::PERF_COUNT_SW_CONTEXT_SWITCHES -e perf::CONTEXT-SWITCHES -e PAPI_BR_INS -e clx::HW_INTERRUPTS -e PAPI_BR_TKN -e PAPI_BR_CN -e PAPI_BR_UCN -e PAPI_SP_OPS -e PAPI_VEC_SP -e PAPI_TOT_INS -e perf::ITLB-LOADS -e perf::ITLB-LOAD-MISSES -e perf::LLC-LOADS -e perf::LLC-LOAD-MISSES -e PAPI_BR_PRC -e PAPI_L2_TCM -e clx::RESOURCE_STALLS -e perf::LLC-STORES -e perf::LLC-STORE-MISSES -e perf::L1-DCACHE-LOADS -e perf::L1-DCACHE-LOAD-MISSES -e PAPI_BR_TKN -e PAPI_BR_CN -e PAPI_BR_UCN -e perf::DTLB-LOADS -e perf::DTLB-LOAD-MISSES -e perf::DTLB-STORES -e perf::DTLB-STORE-MISSES -e PAPI_BR_PRC -e PAPI_L2_TCM -e PAPI_DP_OPS -e PAPI_VEC_DP -e PAPI_REF_CYC","['/home/ec2-user/aws_data_collection/data/ec2-c6i.metal/miniFE.x/402abe00f2bb1e9138a80424023450f4', '/home/ec2-user/aws_data_collection/data/ec2-c6i.metal/miniFE.x/3a09e852241795b02b23ac2e713bab75', '/home/ec2-user/aws_data_collection/data/ec2-c6i.metal/miniFE.x/06111d816ca671b766dea502f63b1ba7', '/home/ec2-user/aws_data_collection/data/ec2-c6i.metal/miniFE.x/dc957e555d2c6c57555137630e970f0d', '/home/ec2-user/aws_data_collection/data/ec2-c6i.metal/miniFE.x/c288e8ab6bb811a741c943260f1c3491', '/home/ec2-user/aws_data_collection/data/ec2-c6i.metal/miniFE.x/141d617ac20e599be964735362f28bc4', '/home/ec2-user/aws_data_collection/data/ec2-c6i.metal/miniFE.x/4452a446fbecdd8e57ff90fbda160638', '/home/ec2-user/aws_data_collection/data/ec2-c6i.metal/miniFE.x/843564a675a33d6edbf6f24e00c05e0e', '/home/ec2-user/aws_data_collection/data/ec2-c6i.metal/miniFE.x/1d0236fd54e27f05c10c67035df20b8a', '/home/ec2-user/aws_data_collection/data/ec2-c6i.metal/miniFE.x/801c7fc0bd91d91d148c681383ea1e52', '/home/ec2-user/aws_data_collection/data/ec2-c6i.metal/miniFE.x/6e8e9e06b23f2f964ad612389e57cdfc']",0.05,3132000000.0,451551987.0,287090.0,6892121303.0,398980364.0,1776488.0,2822530339.0,396000000.0,1068.0,11576.0,2.388403999999999,111797.0,6892198538.0,309030.0,449766941.0,13.0,13.0,17862000000.0,4519849583.0,6742000000.0,5475154763.0,298541050.0,2834000000.0,1944000000.0
"ec2-c6i.metal","miniFE.x","miniFE.x","-nx 75 -ny 75 -nz 50","32","ice4hpc","/home/ec2-user/spack/var/spack/environments/ice4hpc/.spack-env/view/bin/miniFE.x","-e clx::HW_INTERRUPTS -e PAPI_BR_TKN -e PAPI_BR_CN -e PAPI_BR_UCN -e perf::DTLB-LOADS -e perf::DTLB-LOAD-MISSES -e perf::DTLB-STORES -e perf::DTLB-STORE-MISSES -e PAPI_BR_PRC -e PAPI_L2_TCM -e PAPI_BR_TKN -e PAPI_BR_CN -e PAPI_BR_UCN -e perf::L1-DCACHE-STORES -e perf::PERF_COUNT_SW_CONTEXT_SWITCHES -e perf::CONTEXT-SWITCHES -e PAPI_BR_INS -e PAPI_DP_OPS -e PAPI_VEC_DP -e PAPI_REF_CYC -e REALTIME -e IO -e perf::LLC-STORES -e perf::LLC-STORE-MISSES -e perf::L1-DCACHE-LOADS -e perf::L1-DCACHE-LOAD-MISSES -e PAPI_BR_PRC -e PAPI_L2_TCM -e clx::RESOURCE_STALLS -e PAPI_SP_OPS -e PAPI_VEC_SP -e PAPI_TOT_INS -e perf::ITLB-LOADS -e perf::ITLB-LOAD-MISSES -e perf::LLC-LOADS -e perf::LLC-LOAD-MISSES","['/home/ec2-user/aws_data_collection/data/ec2-c6i.metal/miniFE.x/e24507010c61b4c0b34f28ecbaa5a13d', '/home/ec2-user/aws_data_collection/data/ec2-c6i.metal/miniFE.x/9a7279638d5f6c410c67b328c7a8b9bf', '/home/ec2-user/aws_data_collection/data/ec2-c6i.metal/miniFE.x/36231f1a0a30d4d68fdb0d863a1a7d87', '/home/ec2-user/aws_data_collection/data/ec2-c6i.metal/miniFE.x/0415e52f0ca3b90013573273bbdd9206', '/home/ec2-user/aws_data_collection/data/ec2-c6i.metal/miniFE.x/91718043b82e63e7be9c36dd7ee44524', '/home/ec2-user/aws_data_collection/data/ec2-c6i.metal/miniFE.x/00991c207e115cd56da9976fce3e9c18', '/home/ec2-user/aws_data_collection/data/ec2-c6i.metal/miniFE.x/07fb07b574b8a51d39849a6bfb6e6035', '/home/ec2-user/aws_data_collection/data/ec2-c6i.metal/miniFE.x/c51b915911ae4fbe1851e3a24dde028f', '/home/ec2-user/aws_data_collection/data/ec2-c6i.metal/miniFE.x/5703ec3a74d6fa701d7fc7aed531b7d3', '/home/ec2-user/aws_data_collection/data/ec2-c6i.metal/miniFE.x/30ef5902a159a8df2c2bb42e8f873c07', '/home/ec2-user/aws_data_collection/data/ec2-c6i.metal/miniFE.x/4775f5f4c75a7912ca9d17cd27e19e2e']",0.0333,244000000.0,120450743.0,17848.0,523700221.0,12287876.0,74559.0,171260966.0,10000000.0,2113.0,11576.0,0.165127,5565.0,509858577.0,24496.0,129203457.0,52.0,108.0,1448000000.0,149546885.0,410000000.0,184159155.0,46230126.0,194000000.0,134000000.0
