"machine","app","exec","args","ranks","spack_env","exec_path","events","path","duration","PAPI_BR_INS","perf::L1-DCACHE-STORES","PAPI_VEC_SP (proxy)","PAPI_SP_OPS (proxy)","PAPI_TOT_INS","PAPI_BR_TKN (proxy)","PAPI_BR_UCN (proxy)","PAPI_BR_CN","PAPI_L2_TCM","clx::RESOURCE_STALLS","PAPI_BR_PRC (proxy)","perf::L1-DCACHE-LOADS","perf::L1-DCACHE-LOAD-MISSES","perf::LLC-STORE-MISSES","perf::LLC-STORES","clx::HW_INTERRUPTS","perf::DTLB-LOAD-MISSES","perf::DTLB-LOADS","perf::DTLB-STORE-MISSES","perf::DTLB-STORES","IO Bytes Read","IO Bytes Written","REALTIME (sec)","perf::ITLB-LOAD-MISSES","perf::ITLB-LOADS","perf::LLC-LOAD-MISSES","perf::LLC-LOADS","PAPI_REF_CYC","PAPI_VEC_DP (proxy)","PAPI_DP_OPS (proxy)"
"ec2-c5.metal","miniFE.x","miniFE.x","-nx 100 -ny 100 -nz 50","1","ice4hpc","/home/ec2-user/spack/var/spack/environments/ice4hpc/.spack-env/view/bin/miniFE.x","-e perf::DTLB-LOADS -e perf::DTLB-LOAD-MISSES -e perf::DTLB-STORES -e perf::DTLB-STORE-MISSES -e perf::ITLB-LOADS -e perf::ITLB-LOAD-MISSES -e perf::LLC-LOADS -e perf::LLC-LOAD-MISSES -e perf::LLC-STORES -e perf::LLC-STORE-MISSES -e perf::L1-DCACHE-LOADS -e perf::L1-DCACHE-LOAD-MISSES -e REALTIME -e IO -e clx::HW_INTERRUPTS -e PAPI_BR_TKN -e PAPI_BR_CN -e PAPI_BR_UCN -e PAPI_BR_PRC -e PAPI_L2_TCM -e clx::RESOURCE_STALLS -e PAPI_SP_OPS -e PAPI_VEC_SP -e PAPI_TOT_INS -e perf::L1-DCACHE-STORES -e perf::PERF_COUNT_SW_CONTEXT_SWITCHES -e perf::CONTEXT-SWITCHES -e PAPI_BR_INS -e PAPI_DP_OPS -e PAPI_VEC_DP -e PAPI_REF_CYC","['/home/ec2-user/aws_data_collection/data/ec2-c5.metal/miniFE.x/d5fb5340bd7849c6c05d4545f834a99c', '/home/ec2-user/aws_data_collection/data/ec2-c5.metal/miniFE.x/f718d468dcfbdd6b0fdd1d18cb9b9976', '/home/ec2-user/aws_data_collection/data/ec2-c5.metal/miniFE.x/4109535eeb0c0d5287e9f906f6f4b2a0', '/home/ec2-user/aws_data_collection/data/ec2-c5.metal/miniFE.x/268083b1ca182ea18cc3ae1e01c74afa', '/home/ec2-user/aws_data_collection/data/ec2-c5.metal/miniFE.x/b73eea148e0fcba01f8e744fe5e73065', '/home/ec2-user/aws_data_collection/data/ec2-c5.metal/miniFE.x/532af6f4a5dae1b57d9165a816ec82a2', '/home/ec2-user/aws_data_collection/data/ec2-c5.metal/miniFE.x/3c3b1bf7e7b72f71ac98381bdddd6ec3', '/home/ec2-user/aws_data_collection/data/ec2-c5.metal/miniFE.x/b2db7041aba0f3b2c4034c22d582f2a6', '/home/ec2-user/aws_data_collection/data/ec2-c5.metal/miniFE.x/cab8f2a32fce7595c72603a9b1a27712']",0.0666,5576000000.0,792981769.0,13.0,13.0,31738000000.0,3445720169.0,537705121.0,5038000000.0,704000000.0,7267564009.0,5028139503.0,12275128648.0,756469196.0,189721.0,386132.0,5.0,325335.0,12264745796.0,398619.0,798019446.0,11576.0,1056.0,4.610879000000003,45874.0,3767.0,9243331.0,63838022.0,13248000000.0,8013045657.0,9703295390.0
"ec2-c5.metal","miniFE.x","miniFE.x","-nx 100 -ny 100 -nz 50","32","ice4hpc","/home/ec2-user/spack/var/spack/environments/ice4hpc/.spack-env/view/bin/miniFE.x","-e clx::HW_INTERRUPTS -e PAPI_BR_TKN -e PAPI_BR_CN -e PAPI_BR_UCN -e REALTIME -e IO -e perf::ITLB-LOADS -e perf::ITLB-LOAD-MISSES -e perf::LLC-LOADS -e perf::LLC-LOAD-MISSES -e perf::DTLB-LOADS -e perf::DTLB-LOAD-MISSES -e perf::DTLB-STORES -e perf::DTLB-STORE-MISSES -e PAPI_BR_PRC -e PAPI_L2_TCM -e clx::RESOURCE_STALLS -e perf::LLC-STORES -e perf::LLC-STORE-MISSES -e perf::L1-DCACHE-LOADS -e perf::L1-DCACHE-LOAD-MISSES -e PAPI_DP_OPS -e PAPI_VEC_DP -e PAPI_REF_CYC -e perf::L1-DCACHE-STORES -e perf::PERF_COUNT_SW_CONTEXT_SWITCHES -e perf::CONTEXT-SWITCHES -e PAPI_BR_INS -e PAPI_SP_OPS -e PAPI_VEC_SP -e PAPI_TOT_INS","['/home/ec2-user/aws_data_collection/data/ec2-c5.metal/miniFE.x/9e3f7dce21696b1583f9991a0e9d378b', '/home/ec2-user/aws_data_collection/data/ec2-c5.metal/miniFE.x/5792d92cd928d081d6d710778d5d3e66', '/home/ec2-user/aws_data_collection/data/ec2-c5.metal/miniFE.x/8a5c5a4fb5e787969cc3ca9c105f60c8', '/home/ec2-user/aws_data_collection/data/ec2-c5.metal/miniFE.x/375e1d4def2e252b1f42ad775f049cf9', '/home/ec2-user/aws_data_collection/data/ec2-c5.metal/miniFE.x/a64d3a6b73ddb266e0a89e00e2e2aa9c', '/home/ec2-user/aws_data_collection/data/ec2-c5.metal/miniFE.x/8de8dd567a1eedb46fa0bd4071c0850c', '/home/ec2-user/aws_data_collection/data/ec2-c5.metal/miniFE.x/de3a56d32cc24d1990333db405c2b7ac', '/home/ec2-user/aws_data_collection/data/ec2-c5.metal/miniFE.x/361baca0e0801af9fd2cbfb7a98fdaa4', '/home/ec2-user/aws_data_collection/data/ec2-c5.metal/miniFE.x/1a9958da91b80b6464383a2ef72619fb']",0.0166,376000000.0,184246898.0,52.0,108.0,1772000000.0,236973575.0,81879859.0,342000000.0,18000000.0,277235107.0,257906884.0,964674447.0,22524980.0,49572.0,76442.0,1.0,21865.0,731191894.0,16597.0,165751634.0,11576.0,1966.0,0.326251,3621.0,65.0,1.0,2.0,950000000.0,258432680.0,317498367.0
"ec2-c5.metal","miniFE.x","miniFE.x","-nx 100 -ny 50 -nz 50","1","ice4hpc","/home/ec2-user/spack/var/spack/environments/ice4hpc/.spack-env/view/bin/miniFE.x","-e perf::L1-DCACHE-STORES -e perf::PERF_COUNT_SW_CONTEXT_SWITCHES -e perf::CONTEXT-SWITCHES -e PAPI_BR_INS -e REALTIME -e IO -e perf::ITLB-LOADS -e perf::ITLB-LOAD-MISSES -e perf::LLC-LOADS -e perf::LLC-LOAD-MISSES -e PAPI_DP_OPS -e PAPI_VEC_DP -e PAPI_REF_CYC -e clx::HW_INTERRUPTS -e PAPI_BR_TKN -e PAPI_BR_CN -e PAPI_BR_UCN -e perf::LLC-STORES -e perf::LLC-STORE-MISSES -e perf::L1-DCACHE-LOADS -e perf::L1-DCACHE-LOAD-MISSES -e perf::DTLB-LOADS -e perf::DTLB-LOAD-MISSES -e perf::DTLB-STORES -e perf::DTLB-STORE-MISSES -e PAPI_BR_PRC -e PAPI_L2_TCM -e clx::RESOURCE_STALLS -e PAPI_SP_OPS -e PAPI_VEC_SP -e PAPI_TOT_INS","['/home/ec2-user/aws_data_collection/data/ec2-c5.metal/miniFE.x/60730253c0e1c0387dc32494996c570f', '/home/ec2-user/aws_data_collection/data/ec2-c5.metal/miniFE.x/b7afcef4406de7a384d69a02689acd12', '/home/ec2-user/aws_data_collection/data/ec2-c5.metal/miniFE.x/75887d451e9fb5bb1fd91b2bbd96290c', '/home/ec2-user/aws_data_collection/data/ec2-c5.metal/miniFE.x/1b9da7f7be1be9442a588359b9475953', '/home/ec2-user/aws_data_collection/data/ec2-c5.metal/miniFE.x/d98dbb1f16420b53000bdec888e9e776', '/home/ec2-user/aws_data_collection/data/ec2-c5.metal/miniFE.x/fc413c9543250003b253efbd87f4f813', '/home/ec2-user/aws_data_collection/data/ec2-c5.metal/miniFE.x/091dbeef6903e16a4fc172fe31729150', '/home/ec2-user/aws_data_collection/data/ec2-c5.metal/miniFE.x/96bd6c912ca7b00913894df8ba3132e9', '/home/ec2-user/aws_data_collection/data/ec2-c5.metal/miniFE.x/b2cf13235e6475a4b0d1478dd676a30b']",0.0333,2770000000.0,401425738.0,13.0,13.0,15818000000.0,1719799866.0,268912703.0,2498000000.0,354000000.0,3430825023.0,2495700270.0,6096878099.0,377470551.0,46431.0,164399.0,"",112793.0,6091110306.0,207137.0,401905750.0,11576.0,1059.0,2.3282679999999996,21715.0,1.0,3955521.0,33663993.0,6764000000.0,4018291287.0,4866516412.0
"ec2-c5.metal","miniFE.x","miniFE.x","-nx 100 -ny 50 -nz 50","32","ice4hpc","/home/ec2-user/spack/var/spack/environments/ice4hpc/.spack-env/view/bin/miniFE.x","-e perf::DTLB-LOADS -e perf::DTLB-LOAD-MISSES -e perf::DTLB-STORES -e perf::DTLB-STORE-MISSES -e PAPI_DP_OPS -e PAPI_VEC_DP -e PAPI_REF_CYC -e perf::LLC-STORES -e perf::LLC-STORE-MISSES -e perf::L1-DCACHE-LOADS -e perf::L1-DCACHE-LOAD-MISSES -e PAPI_SP_OPS -e PAPI_VEC_SP -e PAPI_TOT_INS -e PAPI_BR_PRC -e PAPI_L2_TCM -e clx::RESOURCE_STALLS -e perf::ITLB-LOADS -e perf::ITLB-LOAD-MISSES -e perf::LLC-LOADS -e perf::LLC-LOAD-MISSES -e perf::L1-DCACHE-STORES -e perf::PERF_COUNT_SW_CONTEXT_SWITCHES -e perf::CONTEXT-SWITCHES -e PAPI_BR_INS -e REALTIME -e IO -e clx::HW_INTERRUPTS -e PAPI_BR_TKN -e PAPI_BR_CN -e PAPI_BR_UCN","['/home/ec2-user/aws_data_collection/data/ec2-c5.metal/miniFE.x/28d044afc08486d79ebb9ffb7ab97731', '/home/ec2-user/aws_data_collection/data/ec2-c5.metal/miniFE.x/8b8340799d6e83f230d14ee71b3d09d4', '/home/ec2-user/aws_data_collection/data/ec2-c5.metal/miniFE.x/e36baf46941aa4c03f46ef4a1538f3f2', '/home/ec2-user/aws_data_collection/data/ec2-c5.metal/miniFE.x/d8e8582faf1af5ea007e63acb1a7735b', '/home/ec2-user/aws_data_collection/data/ec2-c5.metal/miniFE.x/53e57a07dd98ee6abe1ed8ac639119e3', '/home/ec2-user/aws_data_collection/data/ec2-c5.metal/miniFE.x/a6b40fdc0b29680c667c4ef9c2db92d8', '/home/ec2-user/aws_data_collection/data/ec2-c5.metal/miniFE.x/6ba88af9ada112eae393b6956212879e', '/home/ec2-user/aws_data_collection/data/ec2-c5.metal/miniFE.x/db0fbc7c8dd3199193a8a93bca57c39a', '/home/ec2-user/aws_data_collection/data/ec2-c5.metal/miniFE.x/b622c948ac8977e3bc4eaa5f9b1df911']",0.0,122000000.0,37929511.0,52.0,108.0,1330000000.0,127543679.0,45174650.0,184000000.0,10000000.0,93265055.0,164546434.0,276742920.0,11923329.0,24012.0,64876.0,4.0,20219.0,244845768.0,10375.0,35533552.0,11576.0,2358.0,0.19557800000000003,13403.0,6433.0,142578.0,311364.0,490000000.0,134627131.0,166070288.0
"ec2-c5.metal","miniFE.x","miniFE.x","-nx 100 -ny 75 -nz 50","1","ice4hpc","/home/ec2-user/spack/var/spack/environments/ice4hpc/.spack-env/view/bin/miniFE.x","-e clx::HW_INTERRUPTS -e PAPI_BR_TKN -e PAPI_BR_CN -e PAPI_BR_UCN -e perf::L1-DCACHE-STORES -e perf::PERF_COUNT_SW_CONTEXT_SWITCHES -e perf::CONTEXT-SWITCHES -e PAPI_BR_INS -e perf::DTLB-LOADS -e perf::DTLB-LOAD-MISSES -e perf::DTLB-STORES -e perf::DTLB-STORE-MISSES -e perf::ITLB-LOADS -e perf::ITLB-LOAD-MISSES -e perf::LLC-LOADS -e perf::LLC-LOAD-MISSES -e PAPI_BR_PRC -e PAPI_L2_TCM -e clx::RESOURCE_STALLS -e perf::LLC-STORES -e perf::LLC-STORE-MISSES -e perf::L1-DCACHE-LOADS -e perf::L1-DCACHE-LOAD-MISSES -e REALTIME -e IO -e PAPI_DP_OPS -e PAPI_VEC_DP -e PAPI_REF_CYC -e PAPI_SP_OPS -e PAPI_VEC_SP -e PAPI_TOT_INS","['/home/ec2-user/aws_data_collection/data/ec2-c5.metal/miniFE.x/c9c1c04daebed5e19f95ea6d0938fab4', '/home/ec2-user/aws_data_collection/data/ec2-c5.metal/miniFE.x/988bef461517f6296c9e82370d6a1070', '/home/ec2-user/aws_data_collection/data/ec2-c5.metal/miniFE.x/8c64fd6d9cd45802b125f3c116bc50e4', '/home/ec2-user/aws_data_collection/data/ec2-c5.metal/miniFE.x/b1b9f880935b68a07cd942fc717aa0a7', '/home/ec2-user/aws_data_collection/data/ec2-c5.metal/miniFE.x/5d72a5f67c371ee97c9cc2bf2cb4ae46', '/home/ec2-user/aws_data_collection/data/ec2-c5.metal/miniFE.x/08eb03c86451667496c4b27adb301580', '/home/ec2-user/aws_data_collection/data/ec2-c5.metal/miniFE.x/6d828ec64904ead3f16a36eb2ba6465f', '/home/ec2-user/aws_data_collection/data/ec2-c5.metal/miniFE.x/c64b1001d72b5003957eb90dd225d39c', '/home/ec2-user/aws_data_collection/data/ec2-c5.metal/miniFE.x/3a0d34a0b25bbde1ec1bb2388f8f69aa']",0.0666,4176000000.0,597268195.0,13.0,13.0,23804000000.0,2587191667.0,403878861.0,3776000000.0,530000000.0,5198502877.0,3772686726.0,9191138699.0,579058281.0,76225.0,261991.0,8.0,199493.0,9194658201.0,295217.0,599800466.0,11576.0,1061.0,3.5081100000000007,24892.0,5363.0,6331251.0,49091796.0,10240000000.0,6015667719.0,7284906954.0
"ec2-c5.metal","miniFE.x","miniFE.x","-nx 100 -ny 75 -nz 50","32","ice4hpc","/home/ec2-user/spack/var/spack/environments/ice4hpc/.spack-env/view/bin/miniFE.x","-e clx::HW_INTERRUPTS -e PAPI_BR_TKN -e PAPI_BR_CN -e PAPI_BR_UCN -e perf::L1-DCACHE-STORES -e perf::PERF_COUNT_SW_CONTEXT_SWITCHES -e perf::CONTEXT-SWITCHES -e PAPI_BR_INS -e PAPI_DP_OPS -e PAPI_VEC_DP -e PAPI_REF_CYC -e PAPI_BR_PRC -e PAPI_L2_TCM -e clx::RESOURCE_STALLS -e perf::LLC-STORES -e perf::LLC-STORE-MISSES -e perf::L1-DCACHE-LOADS -e perf::L1-DCACHE-LOAD-MISSES -e PAPI_SP_OPS -e PAPI_VEC_SP -e PAPI_TOT_INS -e perf::ITLB-LOADS -e perf::ITLB-LOAD-MISSES -e perf::LLC-LOADS -e perf::LLC-LOAD-MISSES -e REALTIME -e IO -e perf::DTLB-LOADS -e perf::DTLB-LOAD-MISSES -e perf::DTLB-STORES -e perf::DTLB-STORE-MISSES","['/home/ec2-user/aws_data_collection/data/ec2-c5.metal/miniFE.x/430e991d7f7ca4462e2d35674c4def6a', '/home/ec2-user/aws_data_collection/data/ec2-c5.metal/miniFE.x/e2361368b4774c72bbe6e71c71bdbcee', '/home/ec2-user/aws_data_collection/data/ec2-c5.metal/miniFE.x/a2183e7b3bb36d07e1022b5931996063', '/home/ec2-user/aws_data_collection/data/ec2-c5.metal/miniFE.x/93963d33ca1201c23861662452ba6ea4', '/home/ec2-user/aws_data_collection/data/ec2-c5.metal/miniFE.x/3ca801b0061a451b649aca0ccdc08ed2', '/home/ec2-user/aws_data_collection/data/ec2-c5.metal/miniFE.x/17447a03b8f75c0be213cd0cdb30afd4', '/home/ec2-user/aws_data_collection/data/ec2-c5.metal/miniFE.x/2f6de011c9b87d8e580a19a384cc91dd', '/home/ec2-user/aws_data_collection/data/ec2-c5.metal/miniFE.x/15f559cfcdc3cc0efd909849a12e9e18', '/home/ec2-user/aws_data_collection/data/ec2-c5.metal/miniFE.x/ccd8e249c20cdfce14ad7a0f6ddfea7a']",0.0,192000000.0,62245701.0,52.0,108.0,1914000000.0,144569033.0,33706900.0,200000000.0,14000000.0,169927043.0,246580400.0,467226817.0,17204144.0,33670.0,66822.0,"",31150.0,375930932.0,14582.0,54516652.0,11576.0,1995.0,0.255707,104.0,188.0,2.0,2.0,696000000.0,196529797.0,241784219.0
"ec2-c5.metal","miniFE.x","miniFE.x","-nx 125 -ny 100 -nz 50","1","ice4hpc","/home/ec2-user/spack/var/spack/environments/ice4hpc/.spack-env/view/bin/miniFE.x","-e REALTIME -e IO -e PAPI_DP_OPS -e PAPI_VEC_DP -e PAPI_REF_CYC -e perf::DTLB-LOADS -e perf::DTLB-LOAD-MISSES -e perf::DTLB-STORES -e perf::DTLB-STORE-MISSES -e perf::L1-DCACHE-STORES -e perf::PERF_COUNT_SW_CONTEXT_SWITCHES -e perf::CONTEXT-SWITCHES -e PAPI_BR_INS -e perf::LLC-STORES -e perf::LLC-STORE-MISSES -e perf::L1-DCACHE-LOADS -e perf::L1-DCACHE-LOAD-MISSES -e PAPI_BR_PRC -e PAPI_L2_TCM -e clx::RESOURCE_STALLS -e clx::HW_INTERRUPTS -e PAPI_BR_TKN -e PAPI_BR_CN -e PAPI_BR_UCN -e PAPI_SP_OPS -e PAPI_VEC_SP -e PAPI_TOT_INS -e perf::ITLB-LOADS -e perf::ITLB-LOAD-MISSES -e perf::LLC-LOADS -e perf::LLC-LOAD-MISSES","['/home/ec2-user/aws_data_collection/data/ec2-c5.metal/miniFE.x/d3189f74e9500a62c3fe7bc1836f29d3', '/home/ec2-user/aws_data_collection/data/ec2-c5.metal/miniFE.x/960e68bf11f1bf5e93dc6af35e554c26', '/home/ec2-user/aws_data_collection/data/ec2-c5.metal/miniFE.x/faf73db7804d6fcedc6cf881cea6d217', '/home/ec2-user/aws_data_collection/data/ec2-c5.metal/miniFE.x/e9d41cef58e41f9876acd370283f5a71', '/home/ec2-user/aws_data_collection/data/ec2-c5.metal/miniFE.x/24deb536d13ee279ac3c089c0c426f9f', '/home/ec2-user/aws_data_collection/data/ec2-c5.metal/miniFE.x/b9ae596fd5e7af836a76b9e9680a8c53', '/home/ec2-user/aws_data_collection/data/ec2-c5.metal/miniFE.x/0472b6fefd793263c9bd41aea5c3a161', '/home/ec2-user/aws_data_collection/data/ec2-c5.metal/miniFE.x/2b5e6f28c9ed5d8f5c40bc5852075a3f', '/home/ec2-user/aws_data_collection/data/ec2-c5.metal/miniFE.x/79a6a720afcb35af02cab0f1f394e66d']",0.1,6996000000.0,989507838.0,13.0,13.0,39746000000.0,4315318448.0,671723585.0,6322000000.0,880000000.0,10196113863.0,6317323644.0,15372494061.0,973171051.0,213022.0,1.0,191.0,258637.0,15382784620.0,473867.0,995689951.0,11576.0,1052.0,5.826212000000005,27610.0,4325.0,21.0,78803536.0,16920000000.0,10008799747.0,12119090054.0
"ec2-c5.metal","miniFE.x","miniFE.x","-nx 125 -ny 100 -nz 50","32","ice4hpc","/home/ec2-user/spack/var/spack/environments/ice4hpc/.spack-env/view/bin/miniFE.x","-e perf::L1-DCACHE-STORES -e perf::PERF_COUNT_SW_CONTEXT_SWITCHES -e perf::CONTEXT-SWITCHES -e PAPI_BR_INS -e REALTIME -e IO -e PAPI_BR_PRC -e PAPI_L2_TCM -e clx::RESOURCE_STALLS -e perf::ITLB-LOADS -e perf::ITLB-LOAD-MISSES -e perf::LLC-LOADS -e perf::LLC-LOAD-MISSES -e perf::DTLB-LOADS -e perf::DTLB-LOAD-MISSES -e perf::DTLB-STORES -e perf::DTLB-STORE-MISSES -e clx::HW_INTERRUPTS -e PAPI_BR_TKN -e PAPI_BR_CN -e PAPI_BR_UCN -e perf::LLC-STORES -e perf::LLC-STORE-MISSES -e perf::L1-DCACHE-LOADS -e perf::L1-DCACHE-LOAD-MISSES -e PAPI_SP_OPS -e PAPI_VEC_SP -e PAPI_TOT_INS -e PAPI_DP_OPS -e PAPI_VEC_DP -e PAPI_REF_CYC","['/home/ec2-user/aws_data_collection/data/ec2-c5.metal/miniFE.x/9193eecccc241be726c16c2923be13fc', '/home/ec2-user/aws_data_collection/data/ec2-c5.metal/miniFE.x/9843ad0802de49ede9265ce809617940', '/home/ec2-user/aws_data_collection/data/ec2-c5.metal/miniFE.x/dde4290eef9ab192d6a083e817341ddb', '/home/ec2-user/aws_data_collection/data/ec2-c5.metal/miniFE.x/ea1cffc3baa69bf8c61f09c8ffb9ec42', '/home/ec2-user/aws_data_collection/data/ec2-c5.metal/miniFE.x/1e6388dc139dc4294349bada83a55a0c', '/home/ec2-user/aws_data_collection/data/ec2-c5.metal/miniFE.x/e4bcc5469e002dc39bc1763e82c1baa3', '/home/ec2-user/aws_data_collection/data/ec2-c5.metal/miniFE.x/f48431d13fd9c2fe98263a65a7e02c2a', '/home/ec2-user/aws_data_collection/data/ec2-c5.metal/miniFE.x/2482e16afb128fadf0febc932b8a196e', '/home/ec2-user/aws_data_collection/data/ec2-c5.metal/miniFE.x/0906f931d431d14593e02033624095cc']",0.0166,534000000.0,271458847.0,52.0,108.0,3070000000.0,278128299.0,95218733.0,404000000.0,24000000.0,427655833.0,259580285.0,1199908810.0,28198202.0,72814.0,107061.0,"",32937.0,1201307587.0,22714.0,290572113.0,11576.0,2214.0,0.37578200000000006,24804.0,22513.0,744178.0,871845.0,1038000000.0,325494894.0,399682472.0
"ec2-c5.metal","miniFE.x","miniFE.x","-nx 125 -ny 125 -nz 50","1","ice4hpc","/home/ec2-user/spack/var/spack/environments/ice4hpc/.spack-env/view/bin/miniFE.x","-e PAPI_SP_OPS -e PAPI_VEC_SP -e PAPI_TOT_INS -e PAPI_DP_OPS -e PAPI_VEC_DP -e PAPI_REF_CYC -e perf::L1-DCACHE-STORES -e perf::PERF_COUNT_SW_CONTEXT_SWITCHES -e perf::CONTEXT-SWITCHES -e PAPI_BR_INS -e perf::ITLB-LOADS -e perf::ITLB-LOAD-MISSES -e perf::LLC-LOADS -e perf::LLC-LOAD-MISSES -e clx::HW_INTERRUPTS -e PAPI_BR_TKN -e PAPI_BR_CN -e PAPI_BR_UCN -e perf::LLC-STORES -e perf::LLC-STORE-MISSES -e perf::L1-DCACHE-LOADS -e perf::L1-DCACHE-LOAD-MISSES -e PAPI_BR_PRC -e PAPI_L2_TCM -e clx::RESOURCE_STALLS -e perf::DTLB-LOADS -e perf::DTLB-LOAD-MISSES -e perf::DTLB-STORES -e perf::DTLB-STORE-MISSES -e REALTIME -e IO","['/home/ec2-user/aws_data_collection/data/ec2-c5.metal/miniFE.x/9493af8f974c341d2c35d44f8b549c11', '/home/ec2-user/aws_data_collection/data/ec2-c5.metal/miniFE.x/42113d39be63efdffb9db19ba7c3a57c', '/home/ec2-user/aws_data_collection/data/ec2-c5.metal/miniFE.x/2e8d8e317f2e860fcab3a040b6a34aad', '/home/ec2-user/aws_data_collection/data/ec2-c5.metal/miniFE.x/fb5845ba01be07e0ee9865ac9dc023b0', '/home/ec2-user/aws_data_collection/data/ec2-c5.metal/miniFE.x/e83990225896f91a3e07f543dc231550', '/home/ec2-user/aws_data_collection/data/ec2-c5.metal/miniFE.x/d4c88f4e8593837cb269196c41f2390b', '/home/ec2-user/aws_data_collection/data/ec2-c5.metal/miniFE.x/c99ee0d2bdc36aef0ab6af7478170a87', '/home/ec2-user/aws_data_collection/data/ec2-c5.metal/miniFE.x/6d33c68faebe15b782541d2a3be15948', '/home/ec2-user/aws_data_collection/data/ec2-c5.metal/miniFE.x/0d45b3251b1a11f677f5c781045451ef']",0.1333,8790000000.0,1234070614.0,13.0,13.0,49834000000.0,5417121619.0,846413906.0,7946000000.0,1098000000.0,12262380025.0,7935880746.0,19294459381.0,1223739279.0,188701.0,572785.0,98.0,446375.0,19286435012.0,617337.0,1246551708.0,11576.0,1057.0,7.136724000000007,33187.0,11122.0,17298254.0,94722749.0,21818000000.0,12503657674.0,15139590645.0
"ec2-c5.metal","miniFE.x","miniFE.x","-nx 125 -ny 125 -nz 50","32","ice4hpc","/home/ec2-user/spack/var/spack/environments/ice4hpc/.spack-env/view/bin/miniFE.x","-e perf::L1-DCACHE-STORES -e perf::PERF_COUNT_SW_CONTEXT_SWITCHES -e perf::CONTEXT-SWITCHES -e PAPI_BR_INS -e PAPI_DP_OPS -e PAPI_VEC_DP -e PAPI_REF_CYC -e REALTIME -e IO -e perf::ITLB-LOADS -e perf::ITLB-LOAD-MISSES -e perf::LLC-LOADS -e perf::LLC-LOAD-MISSES -e clx::HW_INTERRUPTS -e PAPI_BR_TKN -e PAPI_BR_CN -e PAPI_BR_UCN -e perf::LLC-STORES -e perf::LLC-STORE-MISSES -e perf::L1-DCACHE-LOADS -e perf::L1-DCACHE-LOAD-MISSES -e perf::DTLB-LOADS -e perf::DTLB-LOAD-MISSES -e perf::DTLB-STORES -e perf::DTLB-STORE-MISSES -e PAPI_SP_OPS -e PAPI_VEC_SP -e PAPI_TOT_INS -e PAPI_BR_PRC -e PAPI_L2_TCM -e clx::RESOURCE_STALLS","['/home/ec2-user/aws_data_collection/data/ec2-c5.metal/miniFE.x/76cfceb56db3928a6106043e409454dd', '/home/ec2-user/aws_data_collection/data/ec2-c5.metal/miniFE.x/fc1ba614256448f58ccaccc1add635e2', '/home/ec2-user/aws_data_collection/data/ec2-c5.metal/miniFE.x/f61cb8f38db08bb01701ac2f27aded0b', '/home/ec2-user/aws_data_collection/data/ec2-c5.metal/miniFE.x/8dbe09b45d52695426cbd4294e378739', '/home/ec2-user/aws_data_collection/data/ec2-c5.metal/miniFE.x/026a22237a97b1c8fab619c7b3b16f21', '/home/ec2-user/aws_data_collection/data/ec2-c5.metal/miniFE.x/e5ce87002604a60ab30e855d09429018', '/home/ec2-user/aws_data_collection/data/ec2-c5.metal/miniFE.x/2bb76a7d42b1e691cb8f9baa52df85e1', '/home/ec2-user/aws_data_collection/data/ec2-c5.metal/miniFE.x/d1f48baf408504bbe7f6030de00757f0', '/home/ec2-user/aws_data_collection/data/ec2-c5.metal/miniFE.x/0b0325cfdd0d4d2aa185e78d7fe5422c']",0.0,538000000.0,240377815.0,52.0,108.0,3454000000.0,195527043.0,41980498.0,294000000.0,30000000.0,565502635.0,304707709.0,819427273.0,37421849.0,49061.0,95736.0,3.0,36759.0,1549507595.0,33709.0,367725100.0,11576.0,2351.0,0.47620399999999996,26301.0,15972.0,1.0,960950.0,1456000000.0,416459485.0,510888782.0
"ec2-c5.metal","miniFE.x","miniFE.x","-nx 125 -ny 50 -nz 50","1","ice4hpc","/home/ec2-user/spack/var/spack/environments/ice4hpc/.spack-env/view/bin/miniFE.x","-e perf::ITLB-LOADS -e perf::ITLB-LOAD-MISSES -e perf::LLC-LOADS -e perf::LLC-LOAD-MISSES -e perf::LLC-STORES -e perf::LLC-STORE-MISSES -e perf::L1-DCACHE-LOADS -e perf::L1-DCACHE-LOAD-MISSES -e perf::L1-DCACHE-STORES -e perf::PERF_COUNT_SW_CONTEXT_SWITCHES -e perf::CONTEXT-SWITCHES -e PAPI_BR_INS -e perf::DTLB-LOADS -e perf::DTLB-LOAD-MISSES -e perf::DTLB-STORES -e perf::DTLB-STORE-MISSES -e PAPI_SP_OPS -e PAPI_VEC_SP -e PAPI_TOT_INS -e PAPI_DP_OPS -e PAPI_VEC_DP -e PAPI_REF_CYC -e REALTIME -e IO -e PAPI_BR_PRC -e PAPI_L2_TCM -e clx::RESOURCE_STALLS -e clx::HW_INTERRUPTS -e PAPI_BR_TKN -e PAPI_BR_CN -e PAPI_BR_UCN","['/home/ec2-user/aws_data_collection/data/ec2-c5.metal/miniFE.x/fb20642af3e4e57c6f33a10635ae0297', '/home/ec2-user/aws_data_collection/data/ec2-c5.metal/miniFE.x/c519610786c1c741de60cd8e4f7db9bc', '/home/ec2-user/aws_data_collection/data/ec2-c5.metal/miniFE.x/bc0b1e04c8e7e9f94f6c18b2d6995ace', '/home/ec2-user/aws_data_collection/data/ec2-c5.metal/miniFE.x/b7217c385d8aad9e02440535ea254146', '/home/ec2-user/aws_data_collection/data/ec2-c5.metal/miniFE.x/405be06d5a3d78f78b3b88a76dcab425', '/home/ec2-user/aws_data_collection/data/ec2-c5.metal/miniFE.x/e80031d836deba80b7dff48c62e4a02e', '/home/ec2-user/aws_data_collection/data/ec2-c5.metal/miniFE.x/be83b055bab802b8bfbc7ba1c485063b', '/home/ec2-user/aws_data_collection/data/ec2-c5.metal/miniFE.x/b95eb251476c6cd6d5521e38b45ef0c9', '/home/ec2-user/aws_data_collection/data/ec2-c5.metal/miniFE.x/3a352621d77e2aa4b2feee1e6362cdb4']",0.05,3462000000.0,500615471.0,13.0,13.0,19776000000.0,2150254949.0,336368175.0,3126000000.0,442000000.0,4806008891.0,3120431130.0,7629536805.0,486982937.0,66522.0,306129.0,2.0,116582.0,7631035740.0,237549.0,500049358.0,11576.0,1053.0,2.907587,9.0,1.0,249.0,2.0,8480000000.0,5019087592.0,6078094974.0
"ec2-c5.metal","miniFE.x","miniFE.x","-nx 125 -ny 50 -nz 50","32","ice4hpc","/home/ec2-user/spack/var/spack/environments/ice4hpc/.spack-env/view/bin/miniFE.x","-e perf::LLC-STORES -e perf::LLC-STORE-MISSES -e perf::L1-DCACHE-LOADS -e perf::L1-DCACHE-LOAD-MISSES -e PAPI_BR_PRC -e PAPI_L2_TCM -e clx::RESOURCE_STALLS -e REALTIME -e IO -e perf::ITLB-LOADS -e perf::ITLB-LOAD-MISSES -e perf::LLC-LOADS -e perf::LLC-LOAD-MISSES -e PAPI_DP_OPS -e PAPI_VEC_DP -e PAPI_REF_CYC -e PAPI_SP_OPS -e PAPI_VEC_SP -e PAPI_TOT_INS -e perf::L1-DCACHE-STORES -e perf::PERF_COUNT_SW_CONTEXT_SWITCHES -e perf::CONTEXT-SWITCHES -e PAPI_BR_INS -e perf::DTLB-LOADS -e perf::DTLB-LOAD-MISSES -e perf::DTLB-STORES -e perf::DTLB-STORE-MISSES -e clx::HW_INTERRUPTS -e PAPI_BR_TKN -e PAPI_BR_CN -e PAPI_BR_UCN","['/home/ec2-user/aws_data_collection/data/ec2-c5.metal/miniFE.x/ff96c4b21460d3e73bb6fb9a3e4b0131', '/home/ec2-user/aws_data_collection/data/ec2-c5.metal/miniFE.x/02321fb111689d682429f2b38dec6342', '/home/ec2-user/aws_data_collection/data/ec2-c5.metal/miniFE.x/a13d3ede81d57f8bb948bbd71549df50', '/home/ec2-user/aws_data_collection/data/ec2-c5.metal/miniFE.x/d0f434d7681179a96dad0591afd56fff', '/home/ec2-user/aws_data_collection/data/ec2-c5.metal/miniFE.x/eb295e51835e8cc7623d29b9e2e7ae13', '/home/ec2-user/aws_data_collection/data/ec2-c5.metal/miniFE.x/4c44a36ac701645aeed4b14aff6d3051', '/home/ec2-user/aws_data_collection/data/ec2-c5.metal/miniFE.x/6faaf1b8e02b60573a8569c087cd6f93', '/home/ec2-user/aws_data_collection/data/ec2-c5.metal/miniFE.x/5ecf34732703e29861a0424f998cc5a8', '/home/ec2-user/aws_data_collection/data/ec2-c5.metal/miniFE.x/60f2a3b7d0bd636d70a0e05a3ec117d6']",0.0166,284000000.0,144433879.0,52.0,108.0,1462000000.0,149103335.0,51409653.0,216000000.0,12000000.0,1.0,202879064.0,302772254.0,14770954.0,39743.0,67229.0,"",6432.0,525001568.0,8618.0,117362849.0,11576.0,2581.0,0.23079699999999997,11484.0,6970.0,228849.0,1.0,550000000.0,169552502.0,209044111.0
"ec2-c5.metal","miniFE.x","miniFE.x","-nx 125 -ny 75 -nz 50","1","ice4hpc","/home/ec2-user/spack/var/spack/environments/ice4hpc/.spack-env/view/bin/miniFE.x","-e REALTIME -e IO -e perf::LLC-STORES -e perf::LLC-STORE-MISSES -e perf::L1-DCACHE-LOADS -e perf::L1-DCACHE-LOAD-MISSES -e PAPI_DP_OPS -e PAPI_VEC_DP -e PAPI_REF_CYC -e perf::L1-DCACHE-STORES -e perf::PERF_COUNT_SW_CONTEXT_SWITCHES -e perf::CONTEXT-SWITCHES -e PAPI_BR_INS -e perf::ITLB-LOADS -e perf::ITLB-LOAD-MISSES -e perf::LLC-LOADS -e perf::LLC-LOAD-MISSES -e PAPI_BR_PRC -e PAPI_L2_TCM -e clx::RESOURCE_STALLS -e clx::HW_INTERRUPTS -e PAPI_BR_TKN -e PAPI_BR_CN -e PAPI_BR_UCN -e perf::DTLB-LOADS -e perf::DTLB-LOAD-MISSES -e perf::DTLB-STORES -e perf::DTLB-STORE-MISSES -e PAPI_SP_OPS -e PAPI_VEC_SP -e PAPI_TOT_INS","['/home/ec2-user/aws_data_collection/data/ec2-c5.metal/miniFE.x/f7746926b440cc85ec07f36e223409f1', '/home/ec2-user/aws_data_collection/data/ec2-c5.metal/miniFE.x/629a2ae560ba905d30552f2b46fd38ae', '/home/ec2-user/aws_data_collection/data/ec2-c5.metal/miniFE.x/447dc2dfef27e0d5972ffd62b5cf798b', '/home/ec2-user/aws_data_collection/data/ec2-c5.metal/miniFE.x/e8d0b58db3a3ddf6fba58201870d1e00', '/home/ec2-user/aws_data_collection/data/ec2-c5.metal/miniFE.x/bdce4224609562079dc8039c6f9447f1', '/home/ec2-user/aws_data_collection/data/ec2-c5.metal/miniFE.x/b2147523cd7134e1cef83109b21f51fe', '/home/ec2-user/aws_data_collection/data/ec2-c5.metal/miniFE.x/ed4475a683d6f4dd3d07bf44463b7300', '/home/ec2-user/aws_data_collection/data/ec2-c5.metal/miniFE.x/d3279cf21b52ee9a18246246b77c3cd5', '/home/ec2-user/aws_data_collection/data/ec2-c5.metal/miniFE.x/2e01ea8bb2806e9446f2bce63ec2320d']",0.0666,5236000000.0,746781343.0,13.0,13.0,29810000000.0,3243243410.0,501489163.0,4740000000.0,660000000.0,6576649460.0,4729694989.0,11528493780.0,729061927.0,171158.0,515914.0,338.0,253700.0,11525339994.0,380042.0,747802379.0,11576.0,1050.0,4.2844060000000015,60159.0,5781.0,8731839.0,58413933.0,12884000000.0,7513943296.0,9098593342.0
"ec2-c5.metal","miniFE.x","miniFE.x","-nx 125 -ny 75 -nz 50","32","ice4hpc","/home/ec2-user/spack/var/spack/environments/ice4hpc/.spack-env/view/bin/miniFE.x","-e PAPI_SP_OPS -e PAPI_VEC_SP -e PAPI_TOT_INS -e PAPI_DP_OPS -e PAPI_VEC_DP -e PAPI_REF_CYC -e clx::HW_INTERRUPTS -e PAPI_BR_TKN -e PAPI_BR_CN -e PAPI_BR_UCN -e PAPI_BR_PRC -e PAPI_L2_TCM -e clx::RESOURCE_STALLS -e REALTIME -e IO -e perf::DTLB-LOADS -e perf::DTLB-LOAD-MISSES -e perf::DTLB-STORES -e perf::DTLB-STORE-MISSES -e perf::L1-DCACHE-STORES -e perf::PERF_COUNT_SW_CONTEXT_SWITCHES -e perf::CONTEXT-SWITCHES -e PAPI_BR_INS -e perf::LLC-STORES -e perf::LLC-STORE-MISSES -e perf::L1-DCACHE-LOADS -e perf::L1-DCACHE-LOAD-MISSES -e perf::ITLB-LOADS -e perf::ITLB-LOAD-MISSES -e perf::LLC-LOADS -e perf::LLC-LOAD-MISSES","['/home/ec2-user/aws_data_collection/data/ec2-c5.metal/miniFE.x/9f03cd2502ede3f19118bd11a8ff9c81', '/home/ec2-user/aws_data_collection/data/ec2-c5.metal/miniFE.x/a4a4c77245369a660f1984342cd094f6', '/home/ec2-user/aws_data_collection/data/ec2-c5.metal/miniFE.x/34d43ff321077f754ae541b119a0027c', '/home/ec2-user/aws_data_collection/data/ec2-c5.metal/miniFE.x/b8d8b948720f22bd0353c4a37fb42e45', '/home/ec2-user/aws_data_collection/data/ec2-c5.metal/miniFE.x/9a4f22a5de18f8cb3d8021e850e81c80', '/home/ec2-user/aws_data_collection/data/ec2-c5.metal/miniFE.x/8ff199559c03026834adac2c70e115a8', '/home/ec2-user/aws_data_collection/data/ec2-c5.metal/miniFE.x/735630765e6324a0a26aa56856471f49', '/home/ec2-user/aws_data_collection/data/ec2-c5.metal/miniFE.x/d669682a5e5d071ceee5daa5ad0c17d9', '/home/ec2-user/aws_data_collection/data/ec2-c5.metal/miniFE.x/2b40a11095f54c7985bbc0bb46da9192']",0.0166,402000000.0,204618121.0,52.0,108.0,1942000000.0,215516966.0,73973470.0,312000000.0,18000000.0,270340209.0,309528494.0,722977504.0,20895901.0,46862.0,77752.0,5.0,18714.0,883582927.0,14795.0,208631526.0,11576.0,2611.0,0.30624299999999993,68.0,2.0,1.0,2.0,848000000.0,247522740.0,304363535.0
"ec2-c5.metal","miniFE.x","miniFE.x","-nx 150 -ny 100 -nz 50","1","ice4hpc","/home/ec2-user/spack/var/spack/environments/ice4hpc/.spack-env/view/bin/miniFE.x","-e PAPI_BR_PRC -e PAPI_L2_TCM -e clx::RESOURCE_STALLS -e perf::L1-DCACHE-STORES -e perf::PERF_COUNT_SW_CONTEXT_SWITCHES -e perf::CONTEXT-SWITCHES -e PAPI_BR_INS -e perf::LLC-STORES -e perf::LLC-STORE-MISSES -e perf::L1-DCACHE-LOADS -e perf::L1-DCACHE-LOAD-MISSES -e PAPI_DP_OPS -e PAPI_VEC_DP -e PAPI_REF_CYC -e perf::ITLB-LOADS -e perf::ITLB-LOAD-MISSES -e perf::LLC-LOADS -e perf::LLC-LOAD-MISSES -e REALTIME -e IO -e clx::HW_INTERRUPTS -e PAPI_BR_TKN -e PAPI_BR_CN -e PAPI_BR_UCN -e PAPI_SP_OPS -e PAPI_VEC_SP -e PAPI_TOT_INS -e perf::DTLB-LOADS -e perf::DTLB-LOAD-MISSES -e perf::DTLB-STORES -e perf::DTLB-STORE-MISSES","['/home/ec2-user/aws_data_collection/data/ec2-c5.metal/miniFE.x/04abd7f31d967450f80f524f72f08841', '/home/ec2-user/aws_data_collection/data/ec2-c5.metal/miniFE.x/6659e3d366996b44c0e3b72bb0f8c9b9', '/home/ec2-user/aws_data_collection/data/ec2-c5.metal/miniFE.x/f4d17444a18570df163a636e6b5b7c18', '/home/ec2-user/aws_data_collection/data/ec2-c5.metal/miniFE.x/2c94d4bebd80c647f15581d90c562a7e', '/home/ec2-user/aws_data_collection/data/ec2-c5.metal/miniFE.x/297b6bc2c8a796eba20a7f7fee5e7032', '/home/ec2-user/aws_data_collection/data/ec2-c5.metal/miniFE.x/4334a264860a07667a0ad3cebbc3da8c', '/home/ec2-user/aws_data_collection/data/ec2-c5.metal/miniFE.x/a9b3664a7b2161becc7243bb99ba377f', '/home/ec2-user/aws_data_collection/data/ec2-c5.metal/miniFE.x/4f96531c1f5d65ce43ee17ebee9c8f64', '/home/ec2-user/aws_data_collection/data/ec2-c5.metal/miniFE.x/2f1bec867668210b979bffb5371fb931']",0.1166,8386000000.0,1188005077.0,13.0,13.0,47644000000.0,5165649568.0,812043602.0,7572000000.0,1054000000.0,12283019518.0,7567495252.0,18426936181.0,1168761577.0,167877.0,582838.0,5.0,427642.0,18423712361.0,591845.0,1196759062.0,11576.0,1048.0,6.941071000000007,57907.0,13510.0,15594999.0,93834096.0,20846000000.0,12005856821.0,14536966871.0
"ec2-c5.metal","miniFE.x","miniFE.x","-nx 150 -ny 100 -nz 50","32","ice4hpc","/home/ec2-user/spack/var/spack/environments/ice4hpc/.spack-env/view/bin/miniFE.x","-e REALTIME -e IO -e PAPI_BR_PRC -e PAPI_L2_TCM -e clx::RESOURCE_STALLS -e clx::HW_INTERRUPTS -e PAPI_BR_TKN -e PAPI_BR_CN -e PAPI_BR_UCN -e PAPI_DP_OPS -e PAPI_VEC_DP -e PAPI_REF_CYC -e perf::ITLB-LOADS -e perf::ITLB-LOAD-MISSES -e perf::LLC-LOADS -e perf::LLC-LOAD-MISSES -e perf::DTLB-LOADS -e perf::DTLB-LOAD-MISSES -e perf::DTLB-STORES -e perf::DTLB-STORE-MISSES -e perf::LLC-STORES -e perf::LLC-STORE-MISSES -e perf::L1-DCACHE-LOADS -e perf::L1-DCACHE-LOAD-MISSES -e perf::L1-DCACHE-STORES -e perf::PERF_COUNT_SW_CONTEXT_SWITCHES -e perf::CONTEXT-SWITCHES -e PAPI_BR_INS -e PAPI_SP_OPS -e PAPI_VEC_SP -e PAPI_TOT_INS","['/home/ec2-user/aws_data_collection/data/ec2-c5.metal/miniFE.x/a3e75e1e1c808fc1fbd206bc0ea66461', '/home/ec2-user/aws_data_collection/data/ec2-c5.metal/miniFE.x/12aa74d849a0cc8fae3a888eb9a55d05', '/home/ec2-user/aws_data_collection/data/ec2-c5.metal/miniFE.x/b63fa487746573fe0860ef60389b98c4', '/home/ec2-user/aws_data_collection/data/ec2-c5.metal/miniFE.x/78053cded7690db14a3c6d06a7b69111', '/home/ec2-user/aws_data_collection/data/ec2-c5.metal/miniFE.x/2e191c5b5724fe24cc733be3d9df4311', '/home/ec2-user/aws_data_collection/data/ec2-c5.metal/miniFE.x/f88604d4b6183396f220dee9f3d5e4a5', '/home/ec2-user/aws_data_collection/data/ec2-c5.metal/miniFE.x/4db0d7e276b56ed2c64556db08dbc0a5', '/home/ec2-user/aws_data_collection/data/ec2-c5.metal/miniFE.x/955c7825385b3f88949dfbc41c67ba34', '/home/ec2-user/aws_data_collection/data/ec2-c5.metal/miniFE.x/0764edb24b62841837044ebb24ca761e']",0.0166,506000000.0,228234879.0,52.0,108.0,2720000000.0,196623101.0,45429252.0,292000000.0,28000000.0,499975381.0,345784160.0,1154026334.0,34174413.0,99141.0,171104.0,"",35420.0,975364040.0,29602.0,170776233.0,11576.0,2363.0,0.45101100000000005,22459.0,8140.0,656028.0,1333394.0,1288000000.0,387438312.0,475609769.0
"ec2-c5.metal","miniFE.x","miniFE.x","-nx 150 -ny 125 -nz 50","1","ice4hpc","/home/ec2-user/spack/var/spack/environments/ice4hpc/.spack-env/view/bin/miniFE.x","-e perf::L1-DCACHE-STORES -e perf::PERF_COUNT_SW_CONTEXT_SWITCHES -e perf::CONTEXT-SWITCHES -e PAPI_BR_INS -e perf::LLC-STORES -e perf::LLC-STORE-MISSES -e perf::L1-DCACHE-LOADS -e perf::L1-DCACHE-LOAD-MISSES -e PAPI_SP_OPS -e PAPI_VEC_SP -e PAPI_TOT_INS -e PAPI_BR_PRC -e PAPI_L2_TCM -e clx::RESOURCE_STALLS -e clx::HW_INTERRUPTS -e PAPI_BR_TKN -e PAPI_BR_CN -e PAPI_BR_UCN -e REALTIME -e IO -e PAPI_DP_OPS -e PAPI_VEC_DP -e PAPI_REF_CYC -e perf::ITLB-LOADS -e perf::ITLB-LOAD-MISSES -e perf::LLC-LOADS -e perf::LLC-LOAD-MISSES -e perf::DTLB-LOADS -e perf::DTLB-LOAD-MISSES -e perf::DTLB-STORES -e perf::DTLB-STORE-MISSES","['/home/ec2-user/aws_data_collection/data/ec2-c5.metal/miniFE.x/a8c881e3ec2fcbc0d013dcabca248edc', '/home/ec2-user/aws_data_collection/data/ec2-c5.metal/miniFE.x/4420a7c1be85a623fde1c0eaad5a8fdb', '/home/ec2-user/aws_data_collection/data/ec2-c5.metal/miniFE.x/13beb3575e5ac5a5f186c7b8cf4f1570', '/home/ec2-user/aws_data_collection/data/ec2-c5.metal/miniFE.x/1bbbb0ea63af070430996fa093f98c9f', '/home/ec2-user/aws_data_collection/data/ec2-c5.metal/miniFE.x/14d400cc3d175bd5669ce5e5a448c5d3', '/home/ec2-user/aws_data_collection/data/ec2-c5.metal/miniFE.x/2d27ae2a589800fcc8a01372b42b37e2', '/home/ec2-user/aws_data_collection/data/ec2-c5.metal/miniFE.x/adff31dd9788ac2bf3afecedccef055d', '/home/ec2-user/aws_data_collection/data/ec2-c5.metal/miniFE.x/787fe9f09a95cccc0925c2a0778b7486', '/home/ec2-user/aws_data_collection/data/ec2-c5.metal/miniFE.x/90dce497bdf06ee746a4614a8d8cf422']",0.15,10526000000.0,1482042451.0,13.0,13.0,59712000000.0,6478201559.0,1016246037.0,9512000000.0,1318000000.0,15617682106.0,9506112868.0,23110599521.0,1469246412.0,311588.0,1275093.0,369.0,412812.0,23118394978.0,720387.0,1493389136.0,11576.0,1045.0,8.689571000000008,44723.0,5538.0,21786969.0,107422775.0,26214000000.0,14998515095.0,18160088327.0
"ec2-c5.metal","miniFE.x","miniFE.x","-nx 150 -ny 125 -nz 50","32","ice4hpc","/home/ec2-user/spack/var/spack/environments/ice4hpc/.spack-env/view/bin/miniFE.x","-e REALTIME -e IO -e perf::DTLB-LOADS -e perf::DTLB-LOAD-MISSES -e perf::DTLB-STORES -e perf::DTLB-STORE-MISSES -e PAPI_SP_OPS -e PAPI_VEC_SP -e PAPI_TOT_INS -e perf::L1-DCACHE-STORES -e perf::PERF_COUNT_SW_CONTEXT_SWITCHES -e perf::CONTEXT-SWITCHES -e PAPI_BR_INS -e perf::ITLB-LOADS -e perf::ITLB-LOAD-MISSES -e perf::LLC-LOADS -e perf::LLC-LOAD-MISSES -e PAPI_DP_OPS -e PAPI_VEC_DP -e PAPI_REF_CYC -e perf::LLC-STORES -e perf::LLC-STORE-MISSES -e perf::L1-DCACHE-LOADS -e perf::L1-DCACHE-LOAD-MISSES -e PAPI_BR_PRC -e PAPI_L2_TCM -e clx::RESOURCE_STALLS -e clx::HW_INTERRUPTS -e PAPI_BR_TKN -e PAPI_BR_CN -e PAPI_BR_UCN","['/home/ec2-user/aws_data_collection/data/ec2-c5.metal/miniFE.x/512a7b48b668727df6f89e689f94e338', '/home/ec2-user/aws_data_collection/data/ec2-c5.metal/miniFE.x/c6b03b541a6de8f265b5a19c61fd6e64', '/home/ec2-user/aws_data_collection/data/ec2-c5.metal/miniFE.x/d7e94885ff4dfbc2174eaa73ee74ece1', '/home/ec2-user/aws_data_collection/data/ec2-c5.metal/miniFE.x/7996e2802878bf30756bf84486955a1a', '/home/ec2-user/aws_data_collection/data/ec2-c5.metal/miniFE.x/3ad5ab9f721ed9c3744e843314863e3a', '/home/ec2-user/aws_data_collection/data/ec2-c5.metal/miniFE.x/b78755d8a527cac8770a30514ed1dd92', '/home/ec2-user/aws_data_collection/data/ec2-c5.metal/miniFE.x/2dc41b543484b39340d2bb11b054a76b', '/home/ec2-user/aws_data_collection/data/ec2-c5.metal/miniFE.x/4080a7e5275b76457a0aa14d8f30c24f', '/home/ec2-user/aws_data_collection/data/ec2-c5.metal/miniFE.x/154f2ddd3eedd87c04a6625321837deb']",0.0166,678000000.0,315624052.0,52.0,108.0,4216000000.0,392873081.0,96628603.0,546000000.0,36000000.0,698429187.0,463290165.0,1330454532.0,42899902.0,117230.0,166192.0,"",37086.0,1330801703.0,38401.0,292553446.0,11576.0,2507.0,0.5461399999999998,38180.0,16865.0,921120.0,1217247.0,1724000000.0,495718387.0,607946948.0
"ec2-c5.metal","miniFE.x","miniFE.x","-nx 150 -ny 150 -nz 50","1","ice4hpc","/home/ec2-user/spack/var/spack/environments/ice4hpc/.spack-env/view/bin/miniFE.x","-e perf::L1-DCACHE-STORES -e perf::PERF_COUNT_SW_CONTEXT_SWITCHES -e perf::CONTEXT-SWITCHES -e PAPI_BR_INS -e perf::DTLB-LOADS -e perf::DTLB-LOAD-MISSES -e perf::DTLB-STORES -e perf::DTLB-STORE-MISSES -e PAPI_BR_PRC -e PAPI_L2_TCM -e clx::RESOURCE_STALLS -e perf::LLC-STORES -e perf::LLC-STORE-MISSES -e perf::L1-DCACHE-LOADS -e perf::L1-DCACHE-LOAD-MISSES -e PAPI_DP_OPS -e PAPI_VEC_DP -e PAPI_REF_CYC -e REALTIME -e IO -e clx::HW_INTERRUPTS -e PAPI_BR_TKN -e PAPI_BR_CN -e PAPI_BR_UCN -e PAPI_SP_OPS -e PAPI_VEC_SP -e PAPI_TOT_INS -e perf::ITLB-LOADS -e perf::ITLB-LOAD-MISSES -e perf::LLC-LOADS -e perf::LLC-LOAD-MISSES","['/home/ec2-user/aws_data_collection/data/ec2-c5.metal/miniFE.x/b6ae9c3f3664925ff3f3a793a16aff0d', '/home/ec2-user/aws_data_collection/data/ec2-c5.metal/miniFE.x/7929526cf884b2f9c821841f03dd571e', '/home/ec2-user/aws_data_collection/data/ec2-c5.metal/miniFE.x/98e755be45ae900fa484e5aae112b4f4', '/home/ec2-user/aws_data_collection/data/ec2-c5.metal/miniFE.x/d930cbabc9a38fed6e5a00903bdb78f4', '/home/ec2-user/aws_data_collection/data/ec2-c5.metal/miniFE.x/9a82d004501b9e7cf6b68df402e863d9', '/home/ec2-user/aws_data_collection/data/ec2-c5.metal/miniFE.x/4393f0314314d12e5859baea2d1968aa', '/home/ec2-user/aws_data_collection/data/ec2-c5.metal/miniFE.x/daa0dabfecc6f62e129734c9f92ff322', '/home/ec2-user/aws_data_collection/data/ec2-c5.metal/miniFE.x/764c9db5035af8062ced9101f4003937', '/home/ec2-user/aws_data_collection/data/ec2-c5.metal/miniFE.x/27ffb58d6291c5524b9a4d05a2a4a907']",0.1833,12724000000.0,1767652831.0,13.0,13.0,71952000000.0,7814046148.0,1220729166.0,11502000000.0,1580000000.0,18009312465.0,11494156118.0,27868009565.0,1764228402.0,435512.0,785295.0,5.0,647872.0,27871825796.0,881207.0,1790578097.0,11576.0,1044.0,10.746609,53775.0,4987.0,29962377.0,122716367.0,31932000000.0,17991176147.0,21783211358.0
"ec2-c5.metal","miniFE.x","miniFE.x","-nx 150 -ny 150 -nz 50","32","ice4hpc","/home/ec2-user/spack/var/spack/environments/ice4hpc/.spack-env/view/bin/miniFE.x","-e perf::ITLB-LOADS -e perf::ITLB-LOAD-MISSES -e perf::LLC-LOADS -e perf::LLC-LOAD-MISSES -e perf::L1-DCACHE-STORES -e perf::PERF_COUNT_SW_CONTEXT_SWITCHES -e perf::CONTEXT-SWITCHES -e PAPI_BR_INS -e PAPI_BR_PRC -e PAPI_L2_TCM -e clx::RESOURCE_STALLS -e clx::HW_INTERRUPTS -e PAPI_BR_TKN -e PAPI_BR_CN -e PAPI_BR_UCN -e PAPI_DP_OPS -e PAPI_VEC_DP -e PAPI_REF_CYC -e perf::LLC-STORES -e perf::LLC-STORE-MISSES -e perf::L1-DCACHE-LOADS -e perf::L1-DCACHE-LOAD-MISSES -e PAPI_SP_OPS -e PAPI_VEC_SP -e PAPI_TOT_INS -e perf::DTLB-LOADS -e perf::DTLB-LOAD-MISSES -e perf::DTLB-STORES -e perf::DTLB-STORE-MISSES -e REALTIME -e IO","['/home/ec2-user/aws_data_collection/data/ec2-c5.metal/miniFE.x/d279a1fcd9f22c55e9013a5b9cf93423', '/home/ec2-user/aws_data_collection/data/ec2-c5.metal/miniFE.x/7f6bc2655d620e46466574a1a18d89f3', '/home/ec2-user/aws_data_collection/data/ec2-c5.metal/miniFE.x/9bce538236cfa2a3d727a1f5eaf037a5', '/home/ec2-user/aws_data_collection/data/ec2-c5.metal/miniFE.x/5bb02cfbe1fb39e475164d29dd597a3a', '/home/ec2-user/aws_data_collection/data/ec2-c5.metal/miniFE.x/208ea1c31e4217d421038d4668de367a', '/home/ec2-user/aws_data_collection/data/ec2-c5.metal/miniFE.x/de8a72363812e15246911acab5a713b0', '/home/ec2-user/aws_data_collection/data/ec2-c5.metal/miniFE.x/ee6e5ce3004078cc01993b269e71daeb', '/home/ec2-user/aws_data_collection/data/ec2-c5.metal/miniFE.x/503cfc4bb024a6ddaeea6f3d4170f1f6', '/home/ec2-user/aws_data_collection/data/ec2-c5.metal/miniFE.x/0473b91d2e9195d30c88317eba994c1f']",0.0166,818000000.0,386768291.0,52.0,108.0,3854000000.0,376521192.0,149625224.0,590000000.0,44000000.0,860722889.0,572345608.0,1141011793.0,52575199.0,84270.0,131930.0,5.0,50393.0,1628410021.0,40093.0,359562703.0,11576.0,1987.0,0.6264580000000001,32945.0,15101.0,1183139.0,1668742.0,1808000000.0,588531838.0,721377512.0
"ec2-c5.metal","miniFE.x","miniFE.x","-nx 150 -ny 50 -nz 50","1","ice4hpc","/home/ec2-user/spack/var/spack/environments/ice4hpc/.spack-env/view/bin/miniFE.x","-e perf::DTLB-LOADS -e perf::DTLB-LOAD-MISSES -e perf::DTLB-STORES -e perf::DTLB-STORE-MISSES -e REALTIME -e IO -e PAPI_BR_PRC -e PAPI_L2_TCM -e clx::RESOURCE_STALLS -e PAPI_DP_OPS -e PAPI_VEC_DP -e PAPI_REF_CYC -e clx::HW_INTERRUPTS -e PAPI_BR_TKN -e PAPI_BR_CN -e PAPI_BR_UCN -e PAPI_SP_OPS -e PAPI_VEC_SP -e PAPI_TOT_INS -e perf::ITLB-LOADS -e perf::ITLB-LOAD-MISSES -e perf::LLC-LOADS -e perf::LLC-LOAD-MISSES -e perf::L1-DCACHE-STORES -e perf::PERF_COUNT_SW_CONTEXT_SWITCHES -e perf::CONTEXT-SWITCHES -e PAPI_BR_INS -e perf::LLC-STORES -e perf::LLC-STORE-MISSES -e perf::L1-DCACHE-LOADS -e perf::L1-DCACHE-LOAD-MISSES","['/home/ec2-user/aws_data_collection/data/ec2-c5.metal/miniFE.x/4dafa567dde5819aaf2fdf06ba83e993', '/home/ec2-user/aws_data_collection/data/ec2-c5.metal/miniFE.x/1728d4d2c0b6ca56d95f8453fdd44dcf', '/home/ec2-user/aws_data_collection/data/ec2-c5.metal/miniFE.x/0259fdc71f3a0f055b6a86b06e5fe1a3', '/home/ec2-user/aws_data_collection/data/ec2-c5.metal/miniFE.x/b6f3750c98bbc1c4aea5cdf1c1c19a94', '/home/ec2-user/aws_data_collection/data/ec2-c5.metal/miniFE.x/6cc750d76908698beb47f5258d66bb23', '/home/ec2-user/aws_data_collection/data/ec2-c5.metal/miniFE.x/1a3bb98b22e06f9cf95660a868f714fe', '/home/ec2-user/aws_data_collection/data/ec2-c5.metal/miniFE.x/bfac7c3f5c32025ef9846248189c50be', '/home/ec2-user/aws_data_collection/data/ec2-c5.metal/miniFE.x/b081c2b1f63880458839da8718d79a4f', '/home/ec2-user/aws_data_collection/data/ec2-c5.metal/miniFE.x/29ba4a2345330a4476d4cac9470ca5de']",0.0666,4158000000.0,598267321.0,13.0,13.0,23744000000.0,2583102656.0,402227665.0,3758000000.0,530000000.0,5354826589.0,3751160467.0,9163505916.0,591476122.0,96979.0,232137.0,117.0,193860.0,9172206740.0,292131.0,600647097.0,11576.0,1058.0,3.5288730000000004,961.0,4496.0,6618326.0,49700268.0,10148000000.0,6020541644.0,7290724130.0
"ec2-c5.metal","miniFE.x","miniFE.x","-nx 150 -ny 50 -nz 50","32","ice4hpc","/home/ec2-user/spack/var/spack/environments/ice4hpc/.spack-env/view/bin/miniFE.x","-e PAPI_SP_OPS -e PAPI_VEC_SP -e PAPI_TOT_INS -e perf::ITLB-LOADS -e perf::ITLB-LOAD-MISSES -e perf::LLC-LOADS -e perf::LLC-LOAD-MISSES -e PAPI_DP_OPS -e PAPI_VEC_DP -e PAPI_REF_CYC -e perf::DTLB-LOADS -e perf::DTLB-LOAD-MISSES -e perf::DTLB-STORES -e perf::DTLB-STORE-MISSES -e clx::HW_INTERRUPTS -e PAPI_BR_TKN -e PAPI_BR_CN -e PAPI_BR_UCN -e perf::L1-DCACHE-STORES -e perf::PERF_COUNT_SW_CONTEXT_SWITCHES -e perf::CONTEXT-SWITCHES -e PAPI_BR_INS -e REALTIME -e IO -e PAPI_BR_PRC -e PAPI_L2_TCM -e clx::RESOURCE_STALLS -e perf::LLC-STORES -e perf::LLC-STORE-MISSES -e perf::L1-DCACHE-LOADS -e perf::L1-DCACHE-LOAD-MISSES","['/home/ec2-user/aws_data_collection/data/ec2-c5.metal/miniFE.x/876fa110142e4602d482a8f8673b4bad', '/home/ec2-user/aws_data_collection/data/ec2-c5.metal/miniFE.x/f6f51de6078e6d5b85f2cd27db355ce5', '/home/ec2-user/aws_data_collection/data/ec2-c5.metal/miniFE.x/5df5a430263def085e6f0a1ca83da064', '/home/ec2-user/aws_data_collection/data/ec2-c5.metal/miniFE.x/3a4cc618d374de58c317bce2195a7c85', '/home/ec2-user/aws_data_collection/data/ec2-c5.metal/miniFE.x/b82a5b348e1beb66866c264eb8a97a09', '/home/ec2-user/aws_data_collection/data/ec2-c5.metal/miniFE.x/9fbc74b8f2f624fd01a0202e6eaa2fa6', '/home/ec2-user/aws_data_collection/data/ec2-c5.metal/miniFE.x/97d73c67cfe8a3648b8e9873cffb88ee', '/home/ec2-user/aws_data_collection/data/ec2-c5.metal/miniFE.x/bb3b86cc714dd5c441663cc3bcfd7a47', '/home/ec2-user/aws_data_collection/data/ec2-c5.metal/miniFE.x/94d33107b726a739d1035245f0fe7945']",0.0166,326000000.0,166654537.0,52.0,108.0,1046000000.0,179451127.0,62956812.0,260000000.0,14000000.0,218323482.0,146141689.0,402735640.0,19131822.0,30368.0,69892.0,"",9521.0,760232323.0,9924.0,188360496.0,11576.0,2055.0,0.240676,2.0,25.0,2.0,2.0,670000000.0,201811787.0,248746615.0
"ec2-c5.metal","miniFE.x","miniFE.x","-nx 150 -ny 75 -nz 50","1","ice4hpc","/home/ec2-user/spack/var/spack/environments/ice4hpc/.spack-env/view/bin/miniFE.x","-e clx::HW_INTERRUPTS -e PAPI_BR_TKN -e PAPI_BR_CN -e PAPI_BR_UCN -e PAPI_SP_OPS -e PAPI_VEC_SP -e PAPI_TOT_INS -e perf::L1-DCACHE-STORES -e perf::PERF_COUNT_SW_CONTEXT_SWITCHES -e perf::CONTEXT-SWITCHES -e PAPI_BR_INS -e perf::LLC-STORES -e perf::LLC-STORE-MISSES -e perf::L1-DCACHE-LOADS -e perf::L1-DCACHE-LOAD-MISSES -e PAPI_DP_OPS -e PAPI_VEC_DP -e PAPI_REF_CYC -e PAPI_BR_PRC -e PAPI_L2_TCM -e clx::RESOURCE_STALLS -e perf::ITLB-LOADS -e perf::ITLB-LOAD-MISSES -e perf::LLC-LOADS -e perf::LLC-LOAD-MISSES -e REALTIME -e IO -e perf::DTLB-LOADS -e perf::DTLB-LOAD-MISSES -e perf::DTLB-STORES -e perf::DTLB-STORE-MISSES","['/home/ec2-user/aws_data_collection/data/ec2-c5.metal/miniFE.x/e963b97e4d5748b657f2863721c456bc', '/home/ec2-user/aws_data_collection/data/ec2-c5.metal/miniFE.x/712b759dcf8bd24c8ca452ad5c4ccfc8', '/home/ec2-user/aws_data_collection/data/ec2-c5.metal/miniFE.x/c435710aee679bd656f8ee905222b694', '/home/ec2-user/aws_data_collection/data/ec2-c5.metal/miniFE.x/6f820df08bb8276391b0879105250f62', '/home/ec2-user/aws_data_collection/data/ec2-c5.metal/miniFE.x/421ec4565a6a0976fb6017d65e3ae97a', '/home/ec2-user/aws_data_collection/data/ec2-c5.metal/miniFE.x/f23afdbe55b8ed3d2add94cf4f260fcd', '/home/ec2-user/aws_data_collection/data/ec2-c5.metal/miniFE.x/9c14a91144da16619f675099f0a5ac87', '/home/ec2-user/aws_data_collection/data/ec2-c5.metal/miniFE.x/27924acd23f00d005b07324360a6efb3', '/home/ec2-user/aws_data_collection/data/ec2-c5.metal/miniFE.x/e9b0f793dbf50a1b04dc3e80b6614b33']",0.1,6276000000.0,892535138.0,13.0,13.0,35722000000.0,3883084986.0,604412101.0,5674000000.0,792000000.0,9070819647.0,5664872349.0,13813516898.0,883754834.0,181331.0,441283.0,194.0,345468.0,13815563247.0,441834.0,898818189.0,11576.0,1048.0,5.011068000000003,95.0,2.0,11039753.0,85.0,15560000000.0,9013197713.0,10913845784.0
"ec2-c5.metal","miniFE.x","miniFE.x","-nx 150 -ny 75 -nz 50","32","ice4hpc","/home/ec2-user/spack/var/spack/environments/ice4hpc/.spack-env/view/bin/miniFE.x","-e PAPI_SP_OPS -e PAPI_VEC_SP -e PAPI_TOT_INS -e clx::HW_INTERRUPTS -e PAPI_BR_TKN -e PAPI_BR_CN -e PAPI_BR_UCN -e perf::ITLB-LOADS -e perf::ITLB-LOAD-MISSES -e perf::LLC-LOADS -e perf::LLC-LOAD-MISSES -e perf::DTLB-LOADS -e perf::DTLB-LOAD-MISSES -e perf::DTLB-STORES -e perf::DTLB-STORE-MISSES -e perf::L1-DCACHE-STORES -e perf::PERF_COUNT_SW_CONTEXT_SWITCHES -e perf::CONTEXT-SWITCHES -e PAPI_BR_INS -e REALTIME -e IO -e PAPI_BR_PRC -e PAPI_L2_TCM -e clx::RESOURCE_STALLS -e PAPI_DP_OPS -e PAPI_VEC_DP -e PAPI_REF_CYC -e perf::LLC-STORES -e perf::LLC-STORE-MISSES -e perf::L1-DCACHE-LOADS -e perf::L1-DCACHE-LOAD-MISSES","['/home/ec2-user/aws_data_collection/data/ec2-c5.metal/miniFE.x/a3af042fbc7c5b778dc3b42c04544379', '/home/ec2-user/aws_data_collection/data/ec2-c5.metal/miniFE.x/66162490dee4eb3751ada264ec2b3ed3', '/home/ec2-user/aws_data_collection/data/ec2-c5.metal/miniFE.x/f30abb45a2c02b6a8db1872113f51278', '/home/ec2-user/aws_data_collection/data/ec2-c5.metal/miniFE.x/d9f5bdaf8aa38af36db505d36c7b49ca', '/home/ec2-user/aws_data_collection/data/ec2-c5.metal/miniFE.x/2c85251a3d931eb73e10f5ba7728798f', '/home/ec2-user/aws_data_collection/data/ec2-c5.metal/miniFE.x/9bd8baef9b363bb1053f6ac6f1c0db5c', '/home/ec2-user/aws_data_collection/data/ec2-c5.metal/miniFE.x/c82849e911b293ba2defd3eb3480951c', '/home/ec2-user/aws_data_collection/data/ec2-c5.metal/miniFE.x/7cde5c01012bbcccb1c6221e2ec8226e', '/home/ec2-user/aws_data_collection/data/ec2-c5.metal/miniFE.x/ad27d0b85b3d894f6390b8674cf8077d']",0.0166,414000000.0,197167447.0,52.0,108.0,2724000000.0,254221747.0,86600756.0,368000000.0,22000000.0,343077677.0,371069035.0,727388728.0,26816525.0,48971.0,81319.0,5.0,35341.0,565653807.0,22377.0,80302289.0,11576.0,2534.0,0.36570199999999997,2.0,2.0,1.0,2.0,988000000.0,294623889.0,362178233.0
"ec2-c5.metal","miniFE.x","miniFE.x","-nx 175 -ny 100 -nz 50","1","ice4hpc","/home/ec2-user/spack/var/spack/environments/ice4hpc/.spack-env/view/bin/miniFE.x","-e PAPI_SP_OPS -e PAPI_VEC_SP -e PAPI_TOT_INS -e perf::LLC-STORES -e perf::LLC-STORE-MISSES -e perf::L1-DCACHE-LOADS -e perf::L1-DCACHE-LOAD-MISSES -e PAPI_DP_OPS -e PAPI_VEC_DP -e PAPI_REF_CYC -e clx::HW_INTERRUPTS -e PAPI_BR_TKN -e PAPI_BR_CN -e PAPI_BR_UCN -e perf::L1-DCACHE-STORES -e perf::PERF_COUNT_SW_CONTEXT_SWITCHES -e perf::CONTEXT-SWITCHES -e PAPI_BR_INS -e perf::ITLB-LOADS -e perf::ITLB-LOAD-MISSES -e perf::LLC-LOADS -e perf::LLC-LOAD-MISSES -e perf::DTLB-LOADS -e perf::DTLB-LOAD-MISSES -e perf::DTLB-STORES -e perf::DTLB-STORE-MISSES -e PAPI_BR_PRC -e PAPI_L2_TCM -e clx::RESOURCE_STALLS -e REALTIME -e IO","['/home/ec2-user/aws_data_collection/data/ec2-c5.metal/miniFE.x/ad78fc56864b26fd82571df2c214cb7f', '/home/ec2-user/aws_data_collection/data/ec2-c5.metal/miniFE.x/18a5c635cd307da12b62a7b12d1c4354', '/home/ec2-user/aws_data_collection/data/ec2-c5.metal/miniFE.x/d56323f27c2f13b763c53407697a563f', '/home/ec2-user/aws_data_collection/data/ec2-c5.metal/miniFE.x/b09c4e2a5bc6e0d7a4dfc91d88679431', '/home/ec2-user/aws_data_collection/data/ec2-c5.metal/miniFE.x/ac4b4f5a0a86c8030e00e16986cf4c4e', '/home/ec2-user/aws_data_collection/data/ec2-c5.metal/miniFE.x/f8759a1a96f4d4630514120319dda820', '/home/ec2-user/aws_data_collection/data/ec2-c5.metal/miniFE.x/ad6213fbc34b45e53d5f0dd6bf3c8462', '/home/ec2-user/aws_data_collection/data/ec2-c5.metal/miniFE.x/f6c2f17ec318ee43a16537114d9961a6', '/home/ec2-user/aws_data_collection/data/ec2-c5.metal/miniFE.x/e39bb04f19420b3ca7a397d1e76bda41']",0.15,9800000000.0,1384495275.0,13.0,13.0,55656000000.0,6042126554.0,947188688.0,8856000000.0,1224000000.0,14009636095.0,8846436829.0,21534776664.0,1374916232.0,250308.0,503370.0,"",416919.0,21547336660.0,659281.0,1392968990.0,11576.0,1052.0,8.295804000000013,2.0,2831.0,19496627.0,2.0,24394000000.0,14002910991.0,16954841987.0
"ec2-c5.metal","miniFE.x","miniFE.x","-nx 175 -ny 100 -nz 50","32","ice4hpc","/home/ec2-user/spack/var/spack/environments/ice4hpc/.spack-env/view/bin/miniFE.x","-e perf::L1-DCACHE-STORES -e perf::PERF_COUNT_SW_CONTEXT_SWITCHES -e perf::CONTEXT-SWITCHES -e PAPI_BR_INS -e PAPI_SP_OPS -e PAPI_VEC_SP -e PAPI_TOT_INS -e clx::HW_INTERRUPTS -e PAPI_BR_TKN -e PAPI_BR_CN -e PAPI_BR_UCN -e PAPI_DP_OPS -e PAPI_VEC_DP -e PAPI_REF_CYC -e PAPI_BR_PRC -e PAPI_L2_TCM -e clx::RESOURCE_STALLS -e perf::ITLB-LOADS -e perf::ITLB-LOAD-MISSES -e perf::LLC-LOADS -e perf::LLC-LOAD-MISSES -e perf::DTLB-LOADS -e perf::DTLB-LOAD-MISSES -e perf::DTLB-STORES -e perf::DTLB-STORE-MISSES -e perf::LLC-STORES -e perf::LLC-STORE-MISSES -e perf::L1-DCACHE-LOADS -e perf::L1-DCACHE-LOAD-MISSES -e REALTIME -e IO","['/home/ec2-user/aws_data_collection/data/ec2-c5.metal/miniFE.x/0eb7d21c3059e16ff1b7d23799183da8', '/home/ec2-user/aws_data_collection/data/ec2-c5.metal/miniFE.x/64420838cb2dab0301c2d742e2a2043f', '/home/ec2-user/aws_data_collection/data/ec2-c5.metal/miniFE.x/f78c698145272bf2aab514d44cfb2fb7', '/home/ec2-user/aws_data_collection/data/ec2-c5.metal/miniFE.x/56239146a8c51deabcf13555bf776645', '/home/ec2-user/aws_data_collection/data/ec2-c5.metal/miniFE.x/e1ef9467d12be43bda210f0f256c0cce', '/home/ec2-user/aws_data_collection/data/ec2-c5.metal/miniFE.x/5953b8ee4893d29b4e4682b21e8a44aa', '/home/ec2-user/aws_data_collection/data/ec2-c5.metal/miniFE.x/96aab08741f3c0f39f1abde77864ec6f', '/home/ec2-user/aws_data_collection/data/ec2-c5.metal/miniFE.x/22b4e57b0f6c34f73deccc0db5c92436', '/home/ec2-user/aws_data_collection/data/ec2-c5.metal/miniFE.x/3ecf6221afda3d170daed16886004448']",0.0,548000000.0,233156733.0,52.0,108.0,3190000000.0,263970147.0,64153186.0,384000000.0,34000000.0,686086511.0,357463905.0,1183587460.0,40482130.0,69814.0,110741.0,1.0,35810.0,1450188125.0,34603.0,332069065.0,11576.0,2080.0,0.502515,37.0,2.0,1.0,2.0,1382000000.0,454540483.0,557863546.0
"ec2-c5.metal","miniFE.x","miniFE.x","-nx 175 -ny 125 -nz 50","1","ice4hpc","/home/ec2-user/spack/var/spack/environments/ice4hpc/.spack-env/view/bin/miniFE.x","-e PAPI_BR_PRC -e PAPI_L2_TCM -e clx::RESOURCE_STALLS -e perf::L1-DCACHE-STORES -e perf::PERF_COUNT_SW_CONTEXT_SWITCHES -e perf::CONTEXT-SWITCHES -e PAPI_BR_INS -e REALTIME -e IO -e perf::LLC-STORES -e perf::LLC-STORE-MISSES -e perf::L1-DCACHE-LOADS -e perf::L1-DCACHE-LOAD-MISSES -e PAPI_SP_OPS -e PAPI_VEC_SP -e PAPI_TOT_INS -e perf::DTLB-LOADS -e perf::DTLB-LOAD-MISSES -e perf::DTLB-STORES -e perf::DTLB-STORE-MISSES -e perf::ITLB-LOADS -e perf::ITLB-LOAD-MISSES -e perf::LLC-LOADS -e perf::LLC-LOAD-MISSES -e clx::HW_INTERRUPTS -e PAPI_BR_TKN -e PAPI_BR_CN -e PAPI_BR_UCN -e PAPI_DP_OPS -e PAPI_VEC_DP -e PAPI_REF_CYC","['/home/ec2-user/aws_data_collection/data/ec2-c5.metal/miniFE.x/e5920d900c8fa940c9eb6c30a393655a', '/home/ec2-user/aws_data_collection/data/ec2-c5.metal/miniFE.x/b43a1ea4649bb54df8b067f84af2319a', '/home/ec2-user/aws_data_collection/data/ec2-c5.metal/miniFE.x/c7154f3e69962a300b89c8680908530d', '/home/ec2-user/aws_data_collection/data/ec2-c5.metal/miniFE.x/1b8bd74d8ee7fb774f2933358507c435', '/home/ec2-user/aws_data_collection/data/ec2-c5.metal/miniFE.x/e2f6e78d07d5efd278ec013b6a82d45d', '/home/ec2-user/aws_data_collection/data/ec2-c5.metal/miniFE.x/c8a4d49af75f447855be5e2b2d5b3ed2', '/home/ec2-user/aws_data_collection/data/ec2-c5.metal/miniFE.x/b6efd048d1e1c4c9b78d2f816f86b9c7', '/home/ec2-user/aws_data_collection/data/ec2-c5.metal/miniFE.x/f17693fd4b7f3b0dd835b6bd70ec7043', '/home/ec2-user/aws_data_collection/data/ec2-c5.metal/miniFE.x/cf30adc78b5f5d02d36a447d1cf28399']",0.1666,12266000000.0,1724832827.0,13.0,13.0,69584000000.0,7556619689.0,1185646431.0,11078000000.0,1534000000.0,16233635385.0,11067472095.0,26935754906.0,1718950791.0,426232.0,1359187.0,156.0,595079.0,26939579948.0,860620.0,1741718640.0,11576.0,1040.0,10.208082000000006,120973.0,3608.0,28196717.0,120792080.0,30152000000.0,17493368052.0,21180583948.0
"ec2-c5.metal","miniFE.x","miniFE.x","-nx 175 -ny 125 -nz 50","32","ice4hpc","/home/ec2-user/spack/var/spack/environments/ice4hpc/.spack-env/view/bin/miniFE.x","-e clx::HW_INTERRUPTS -e PAPI_BR_TKN -e PAPI_BR_CN -e PAPI_BR_UCN -e perf::DTLB-LOADS -e perf::DTLB-LOAD-MISSES -e perf::DTLB-STORES -e perf::DTLB-STORE-MISSES -e PAPI_DP_OPS -e PAPI_VEC_DP -e PAPI_REF_CYC -e perf::L1-DCACHE-STORES -e perf::PERF_COUNT_SW_CONTEXT_SWITCHES -e perf::CONTEXT-SWITCHES -e PAPI_BR_INS -e PAPI_BR_PRC -e PAPI_L2_TCM -e clx::RESOURCE_STALLS -e REALTIME -e IO -e perf::LLC-STORES -e perf::LLC-STORE-MISSES -e perf::L1-DCACHE-LOADS -e perf::L1-DCACHE-LOAD-MISSES -e perf::ITLB-LOADS -e perf::ITLB-LOAD-MISSES -e perf::LLC-LOADS -e perf::LLC-LOAD-MISSES -e PAPI_SP_OPS -e PAPI_VEC_SP -e PAPI_TOT_INS","['/home/ec2-user/aws_data_collection/data/ec2-c5.metal/miniFE.x/285962e1025523fe9557ee2627bcb8f3', '/home/ec2-user/aws_data_collection/data/ec2-c5.metal/miniFE.x/0468c04f2f6ae5dbd34d65b24c13fd73', '/home/ec2-user/aws_data_collection/data/ec2-c5.metal/miniFE.x/38e8ba062d674747a7317540e2256275', '/home/ec2-user/aws_data_collection/data/ec2-c5.metal/miniFE.x/2cb4540c6486af18d4b8eed8c6a016db', '/home/ec2-user/aws_data_collection/data/ec2-c5.metal/miniFE.x/261d01abb1ba2d24670b932728d9841a', '/home/ec2-user/aws_data_collection/data/ec2-c5.metal/miniFE.x/89b9a78f3cae836444793ebafc530538', '/home/ec2-user/aws_data_collection/data/ec2-c5.metal/miniFE.x/6d39adc8cd7f6d871916a4ec8c01cc02', '/home/ec2-user/aws_data_collection/data/ec2-c5.metal/miniFE.x/b05a486b11177fb3ef2f25c8a8905113', '/home/ec2-user/aws_data_collection/data/ec2-c5.metal/miniFE.x/4fd599dcb25ec6b618bf70b0e2b9c44a']",0.0166,748000000.0,332526690.0,52.0,108.0,3298000000.0,451075384.0,124860681.0,642000000.0,44000000.0,822842592.0,625949040.0,1482287148.0,50952143.0,62282.0,166325.0,"",36159.0,1378211424.0,38479.0,271318897.0,11576.0,2264.0,0.611277,205.0,15334.0,2.0,69.0,2086000000.0,581582521.0,713093618.0
"ec2-c5.metal","miniFE.x","miniFE.x","-nx 175 -ny 150 -nz 50","1","ice4hpc","/home/ec2-user/spack/var/spack/environments/ice4hpc/.spack-env/view/bin/miniFE.x","-e REALTIME -e IO -e clx::HW_INTERRUPTS -e PAPI_BR_TKN -e PAPI_BR_CN -e PAPI_BR_UCN -e PAPI_DP_OPS -e PAPI_VEC_DP -e PAPI_REF_CYC -e perf::LLC-STORES -e perf::LLC-STORE-MISSES -e perf::L1-DCACHE-LOADS -e perf::L1-DCACHE-LOAD-MISSES -e perf::DTLB-LOADS -e perf::DTLB-LOAD-MISSES -e perf::DTLB-STORES -e perf::DTLB-STORE-MISSES -e perf::L1-DCACHE-STORES -e perf::PERF_COUNT_SW_CONTEXT_SWITCHES -e perf::CONTEXT-SWITCHES -e PAPI_BR_INS -e PAPI_SP_OPS -e PAPI_VEC_SP -e PAPI_TOT_INS -e PAPI_BR_PRC -e PAPI_L2_TCM -e clx::RESOURCE_STALLS -e perf::ITLB-LOADS -e perf::ITLB-LOAD-MISSES -e perf::LLC-LOADS -e perf::LLC-LOAD-MISSES","['/home/ec2-user/aws_data_collection/data/ec2-c5.metal/miniFE.x/56e5b145ab93b84e83ab7eab4b214566', '/home/ec2-user/aws_data_collection/data/ec2-c5.metal/miniFE.x/9dbeea90d7e0aa7591280423c34f8641', '/home/ec2-user/aws_data_collection/data/ec2-c5.metal/miniFE.x/38ce644c62027af2273d31fac6f95e24', '/home/ec2-user/aws_data_collection/data/ec2-c5.metal/miniFE.x/7b0d5d3251c124925ea1cce21e004253', '/home/ec2-user/aws_data_collection/data/ec2-c5.metal/miniFE.x/54517b290e7c56b621e9284efff5cddb', '/home/ec2-user/aws_data_collection/data/ec2-c5.metal/miniFE.x/642364e2949fab3ba2f4f85aa16a6915', '/home/ec2-user/aws_data_collection/data/ec2-c5.metal/miniFE.x/00ea93ee45cbb9a1fd074826876a518e', '/home/ec2-user/aws_data_collection/data/ec2-c5.metal/miniFE.x/d4a80e0a823394e07cdfb1717dbdf7b5', '/home/ec2-user/aws_data_collection/data/ec2-c5.metal/miniFE.x/ebdcafce84305192250c6330208b6f2f']",0.2,14840000000.0,2066462782.0,13.0,13.0,83930000000.0,9110322387.0,1423982384.0,13418000000.0,1844000000.0,22520955553.0,13412768708.0,32521493526.0,2060602716.0,347038.0,604596.0,"",675969.0,32509420084.0,1042942.0,2086582374.0,11576.0,1051.0,12.349692999999998,49783.0,5478.0,1.0,129084291.0,36454000000.0,20983827561.0,25406328357.0
"ec2-c5.metal","miniFE.x","miniFE.x","-nx 175 -ny 150 -nz 50","32","ice4hpc","/home/ec2-user/spack/var/spack/environments/ice4hpc/.spack-env/view/bin/miniFE.x","-e perf::L1-DCACHE-STORES -e perf::PERF_COUNT_SW_CONTEXT_SWITCHES -e perf::CONTEXT-SWITCHES -e PAPI_BR_INS -e clx::HW_INTERRUPTS -e PAPI_BR_TKN -e PAPI_BR_CN -e PAPI_BR_UCN -e PAPI_BR_PRC -e PAPI_L2_TCM -e clx::RESOURCE_STALLS -e REALTIME -e IO -e PAPI_SP_OPS -e PAPI_VEC_SP -e PAPI_TOT_INS -e perf::LLC-STORES -e perf::LLC-STORE-MISSES -e perf::L1-DCACHE-LOADS -e perf::L1-DCACHE-LOAD-MISSES -e perf::ITLB-LOADS -e perf::ITLB-LOAD-MISSES -e perf::LLC-LOADS -e perf::LLC-LOAD-MISSES -e perf::DTLB-LOADS -e perf::DTLB-LOAD-MISSES -e perf::DTLB-STORES -e perf::DTLB-STORE-MISSES -e PAPI_DP_OPS -e PAPI_VEC_DP -e PAPI_REF_CYC","['/home/ec2-user/aws_data_collection/data/ec2-c5.metal/miniFE.x/f647a9b1b5551ce090bb94db946d83e7', '/home/ec2-user/aws_data_collection/data/ec2-c5.metal/miniFE.x/737ef39824b1c77424102e3ef8cafbce', '/home/ec2-user/aws_data_collection/data/ec2-c5.metal/miniFE.x/c2d1a27270f0905d69b7210ba513cef7', '/home/ec2-user/aws_data_collection/data/ec2-c5.metal/miniFE.x/abe031e46eb40cc0e6878d8d95cb3e3d', '/home/ec2-user/aws_data_collection/data/ec2-c5.metal/miniFE.x/b03bbc33dd5b591276467c2d02087204', '/home/ec2-user/aws_data_collection/data/ec2-c5.metal/miniFE.x/bd960a8972d14f394429f1598e66bdfa', '/home/ec2-user/aws_data_collection/data/ec2-c5.metal/miniFE.x/738af4fd539b4ba6c8bbcf50cd1577ed', '/home/ec2-user/aws_data_collection/data/ec2-c5.metal/miniFE.x/8edbb73f44104ab7b11f28871a00baf4', '/home/ec2-user/aws_data_collection/data/ec2-c5.metal/miniFE.x/825d450fe5a33d5d3a7619ebd082c159']",0.0166,954000000.0,447493022.0,52.0,108.0,4604000000.0,463337678.0,179748020.0,716000000.0,54000000.0,1086859796.0,842263344.0,1687421361.0,61456458.0,87184.0,135366.0,"",40168.0,1783525798.0,46260.0,375620909.0,11576.0,2518.0,0.722198,30033.0,16791.0,1375488.0,2309712.0,2378000000.0,690474295.0,846146564.0
"ec2-c5.metal","miniFE.x","miniFE.x","-nx 175 -ny 175 -nz 50","1","ice4hpc","/home/ec2-user/spack/var/spack/environments/ice4hpc/.spack-env/view/bin/miniFE.x","-e clx::HW_INTERRUPTS -e PAPI_BR_TKN -e PAPI_BR_CN -e PAPI_BR_UCN -e perf::L1-DCACHE-STORES -e perf::PERF_COUNT_SW_CONTEXT_SWITCHES -e perf::CONTEXT-SWITCHES -e PAPI_BR_INS -e perf::DTLB-LOADS -e perf::DTLB-LOAD-MISSES -e perf::DTLB-STORES -e perf::DTLB-STORE-MISSES -e perf::LLC-STORES -e perf::LLC-STORE-MISSES -e perf::L1-DCACHE-LOADS -e perf::L1-DCACHE-LOAD-MISSES -e perf::ITLB-LOADS -e perf::ITLB-LOAD-MISSES -e perf::LLC-LOADS -e perf::LLC-LOAD-MISSES -e PAPI_SP_OPS -e PAPI_VEC_SP -e PAPI_TOT_INS -e PAPI_BR_PRC -e PAPI_L2_TCM -e clx::RESOURCE_STALLS -e PAPI_DP_OPS -e PAPI_VEC_DP -e PAPI_REF_CYC -e REALTIME -e IO","['/home/ec2-user/aws_data_collection/data/ec2-c5.metal/miniFE.x/8bb18a0237b15fb6ecc815e0e05e5200', '/home/ec2-user/aws_data_collection/data/ec2-c5.metal/miniFE.x/9ed96e43e7599f6eb9fbbcbed3a3e193', '/home/ec2-user/aws_data_collection/data/ec2-c5.metal/miniFE.x/eb8aabba2f282c85829365eeeef998e7', '/home/ec2-user/aws_data_collection/data/ec2-c5.metal/miniFE.x/a73e00acbc4fd06196dd61218a184506', '/home/ec2-user/aws_data_collection/data/ec2-c5.metal/miniFE.x/33810f44b6598a8524aabad790e90a87', '/home/ec2-user/aws_data_collection/data/ec2-c5.metal/miniFE.x/2347ae3afee4a4b009d468bfbdb0edd9', '/home/ec2-user/aws_data_collection/data/ec2-c5.metal/miniFE.x/14309b0d767f851cd8aed52f09554dee', '/home/ec2-user/aws_data_collection/data/ec2-c5.metal/miniFE.x/f67aa9365dadab7b8a840953c5d090ac', '/home/ec2-user/aws_data_collection/data/ec2-c5.metal/miniFE.x/0bb0d5c985483f76fc77be54d6e043c9']",0.25,17292000000.0,2411185509.0,13.0,13.0,97796000000.0,10609645356.0,1667787267.0,15620000000.0,2150000000.0,26922487259.0,15613056701.0,37877364287.0,2404598980.0,383591.0,612357.0,"",581492.0,37880248744.0,1153556.0,2435494570.0,11576.0,1050.0,14.25329499999999,48622.0,1.0,65362245.0,145979426.0,43624000000.0,24474290976.0,29632076672.0
"ec2-c5.metal","miniFE.x","miniFE.x","-nx 175 -ny 175 -nz 50","32","ice4hpc","/home/ec2-user/spack/var/spack/environments/ice4hpc/.spack-env/view/bin/miniFE.x","-e PAPI_SP_OPS -e PAPI_VEC_SP -e PAPI_TOT_INS -e perf::DTLB-LOADS -e perf::DTLB-LOAD-MISSES -e perf::DTLB-STORES -e perf::DTLB-STORE-MISSES -e perf::LLC-STORES -e perf::LLC-STORE-MISSES -e perf::L1-DCACHE-LOADS -e perf::L1-DCACHE-LOAD-MISSES -e perf::ITLB-LOADS -e perf::ITLB-LOAD-MISSES -e perf::LLC-LOADS -e perf::LLC-LOAD-MISSES -e REALTIME -e IO -e clx::HW_INTERRUPTS -e PAPI_BR_TKN -e PAPI_BR_CN -e PAPI_BR_UCN -e PAPI_DP_OPS -e PAPI_VEC_DP -e PAPI_REF_CYC -e PAPI_BR_PRC -e PAPI_L2_TCM -e clx::RESOURCE_STALLS -e perf::L1-DCACHE-STORES -e perf::PERF_COUNT_SW_CONTEXT_SWITCHES -e perf::CONTEXT-SWITCHES -e PAPI_BR_INS","['/home/ec2-user/aws_data_collection/data/ec2-c5.metal/miniFE.x/abb78d73bdfcb6fc0b3b76cfea42d6c4', '/home/ec2-user/aws_data_collection/data/ec2-c5.metal/miniFE.x/bc402b51daf37800da39449f3123e3d0', '/home/ec2-user/aws_data_collection/data/ec2-c5.metal/miniFE.x/cd874f58a17714f2dfeae04c520f8473', '/home/ec2-user/aws_data_collection/data/ec2-c5.metal/miniFE.x/a4ee3c19e2ec7757e420e6800e6ac1be', '/home/ec2-user/aws_data_collection/data/ec2-c5.metal/miniFE.x/9eb71ffa587bd18f7cb257b654216c67', '/home/ec2-user/aws_data_collection/data/ec2-c5.metal/miniFE.x/d56c891d20f22d9b13d23e0bd307ecca', '/home/ec2-user/aws_data_collection/data/ec2-c5.metal/miniFE.x/d23305802799ebfe18ba124c0cfa3fc9', '/home/ec2-user/aws_data_collection/data/ec2-c5.metal/miniFE.x/e528284d975830f83bca71e8abdb19cb', '/home/ec2-user/aws_data_collection/data/ec2-c5.metal/miniFE.x/d49978746a29ea33c724561eb40e7ded']",0.0333,1190000000.0,575643121.0,52.0,108.0,4308000000.0,412160849.0,92434801.0,610000000.0,64000000.0,1387960845.0,931059725.0,1748544574.0,71685672.0,123635.0,156504.0,"",48235.0,1904869162.0,48646.0,353117716.0,11576.0,2433.0,0.8166190000000002,53783.0,15852.0,1687462.0,2981596.0,2316000000.0,799364677.0,979198118.0
"ec2-c5.metal","miniFE.x","miniFE.x","-nx 175 -ny 50 -nz 50","1","ice4hpc","/home/ec2-user/spack/var/spack/environments/ice4hpc/.spack-env/view/bin/miniFE.x","-e clx::HW_INTERRUPTS -e PAPI_BR_TKN -e PAPI_BR_CN -e PAPI_BR_UCN -e perf::LLC-STORES -e perf::LLC-STORE-MISSES -e perf::L1-DCACHE-LOADS -e perf::L1-DCACHE-LOAD-MISSES -e PAPI_BR_PRC -e PAPI_L2_TCM -e clx::RESOURCE_STALLS -e PAPI_SP_OPS -e PAPI_VEC_SP -e PAPI_TOT_INS -e perf::DTLB-LOADS -e perf::DTLB-LOAD-MISSES -e perf::DTLB-STORES -e perf::DTLB-STORE-MISSES -e PAPI_DP_OPS -e PAPI_VEC_DP -e PAPI_REF_CYC -e perf::L1-DCACHE-STORES -e perf::PERF_COUNT_SW_CONTEXT_SWITCHES -e perf::CONTEXT-SWITCHES -e PAPI_BR_INS -e REALTIME -e IO -e perf::ITLB-LOADS -e perf::ITLB-LOAD-MISSES -e perf::LLC-LOADS -e perf::LLC-LOAD-MISSES","['/home/ec2-user/aws_data_collection/data/ec2-c5.metal/miniFE.x/a3502315336f2ad6ca19994b9775c825', '/home/ec2-user/aws_data_collection/data/ec2-c5.metal/miniFE.x/9096d54f09b09fa258895f7c1d42c661', '/home/ec2-user/aws_data_collection/data/ec2-c5.metal/miniFE.x/288468dc6125949d2d2c4cf56009cdcf', '/home/ec2-user/aws_data_collection/data/ec2-c5.metal/miniFE.x/6c70c282c9f13be37757182a7a474014', '/home/ec2-user/aws_data_collection/data/ec2-c5.metal/miniFE.x/2705068e6b94be6744bf6b84d3e71620', '/home/ec2-user/aws_data_collection/data/ec2-c5.metal/miniFE.x/086556e01c611c76a6b862d988ace682', '/home/ec2-user/aws_data_collection/data/ec2-c5.metal/miniFE.x/fcf9c8b70ca93cd19f832bda3872fa1d', '/home/ec2-user/aws_data_collection/data/ec2-c5.metal/miniFE.x/92d9109a6051af2b366187846a8052de', '/home/ec2-user/aws_data_collection/data/ec2-c5.metal/miniFE.x/67cf71f529609c6b26c27d783e8b4f8c']",0.0666,4874000000.0,696170181.0,13.0,13.0,27766000000.0,3024545166.0,470391740.0,4402000000.0,616000000.0,6345887154.0,4395567407.0,10731717731.0,689587690.0,95181.0,284605.0,151.0,229381.0,10722215874.0,353427.0,700819229.0,11576.0,1039.0,4.100249000000002,891.0,5616.0,8222663.0,2.0,12090000000.0,7021993323.0,8503354519.0
"ec2-c5.metal","miniFE.x","miniFE.x","-nx 175 -ny 50 -nz 50","32","ice4hpc","/home/ec2-user/spack/var/spack/environments/ice4hpc/.spack-env/view/bin/miniFE.x","-e perf::ITLB-LOADS -e perf::ITLB-LOAD-MISSES -e perf::LLC-LOADS -e perf::LLC-LOAD-MISSES -e PAPI_BR_PRC -e PAPI_L2_TCM -e clx::RESOURCE_STALLS -e perf::LLC-STORES -e perf::LLC-STORE-MISSES -e perf::L1-DCACHE-LOADS -e perf::L1-DCACHE-LOAD-MISSES -e PAPI_SP_OPS -e PAPI_VEC_SP -e PAPI_TOT_INS -e PAPI_DP_OPS -e PAPI_VEC_DP -e PAPI_REF_CYC -e clx::HW_INTERRUPTS -e PAPI_BR_TKN -e PAPI_BR_CN -e PAPI_BR_UCN -e perf::DTLB-LOADS -e perf::DTLB-LOAD-MISSES -e perf::DTLB-STORES -e perf::DTLB-STORE-MISSES -e perf::L1-DCACHE-STORES -e perf::PERF_COUNT_SW_CONTEXT_SWITCHES -e perf::CONTEXT-SWITCHES -e PAPI_BR_INS -e REALTIME -e IO","['/home/ec2-user/aws_data_collection/data/ec2-c5.metal/miniFE.x/a156c432df51c4be76fe798934bb4ec4', '/home/ec2-user/aws_data_collection/data/ec2-c5.metal/miniFE.x/c79ecee51ae3bab5745aa1214364bf74', '/home/ec2-user/aws_data_collection/data/ec2-c5.metal/miniFE.x/7dd1c9aabd4b9bd16870cba48bcb881f', '/home/ec2-user/aws_data_collection/data/ec2-c5.metal/miniFE.x/51704df714eb6812d889f2171ff06c40', '/home/ec2-user/aws_data_collection/data/ec2-c5.metal/miniFE.x/aa2230801ae753db2d131dc9fb1fdac6', '/home/ec2-user/aws_data_collection/data/ec2-c5.metal/miniFE.x/64b09ebb4720b4ce97432b8595f4c89a', '/home/ec2-user/aws_data_collection/data/ec2-c5.metal/miniFE.x/b835069eea83c78fa034b092f761d2b9', '/home/ec2-user/aws_data_collection/data/ec2-c5.metal/miniFE.x/01020f49f278bdb534ac7035f940bbf4', '/home/ec2-user/aws_data_collection/data/ec2-c5.metal/miniFE.x/bc6534aa6dffe7ac1a8358703399c97d']",0.0166,198000000.0,54889291.0,52.0,108.0,1926000000.0,195486194.0,68501248.0,286000000.0,14000000.0,249872669.0,299382950.0,473523849.0,22574066.0,33080.0,74748.0,"",23837.0,557975009.0,15523.0,99976983.0,11576.0,2582.0,0.295858,13846.0,23260.0,428066.0,552055.0,816000000.0,236757016.0,291757735.0
"ec2-c5.metal","miniFE.x","miniFE.x","-nx 175 -ny 75 -nz 50","1","ice4hpc","/home/ec2-user/spack/var/spack/environments/ice4hpc/.spack-env/view/bin/miniFE.x","-e PAPI_BR_PRC -e PAPI_L2_TCM -e clx::RESOURCE_STALLS -e perf::ITLB-LOADS -e perf::ITLB-LOAD-MISSES -e perf::LLC-LOADS -e perf::LLC-LOAD-MISSES -e PAPI_SP_OPS -e PAPI_VEC_SP -e PAPI_TOT_INS -e clx::HW_INTERRUPTS -e PAPI_BR_TKN -e PAPI_BR_CN -e PAPI_BR_UCN -e perf::L1-DCACHE-STORES -e perf::PERF_COUNT_SW_CONTEXT_SWITCHES -e perf::CONTEXT-SWITCHES -e PAPI_BR_INS -e PAPI_DP_OPS -e PAPI_VEC_DP -e PAPI_REF_CYC -e perf::LLC-STORES -e perf::LLC-STORE-MISSES -e perf::L1-DCACHE-LOADS -e perf::L1-DCACHE-LOAD-MISSES -e perf::DTLB-LOADS -e perf::DTLB-LOAD-MISSES -e perf::DTLB-STORES -e perf::DTLB-STORE-MISSES -e REALTIME -e IO","['/home/ec2-user/aws_data_collection/data/ec2-c5.metal/miniFE.x/03f4b90e3c32aae0c21465a614626660', '/home/ec2-user/aws_data_collection/data/ec2-c5.metal/miniFE.x/64a86b50848fdab38d6d55b7a707fc92', '/home/ec2-user/aws_data_collection/data/ec2-c5.metal/miniFE.x/4d9bd683a45f646045cae84139444cde', '/home/ec2-user/aws_data_collection/data/ec2-c5.metal/miniFE.x/d598408196ac40462fdf615d87157e35', '/home/ec2-user/aws_data_collection/data/ec2-c5.metal/miniFE.x/bba6f8d08b2f49a2f07a88563e5de9e9', '/home/ec2-user/aws_data_collection/data/ec2-c5.metal/miniFE.x/991b45d17ad07ae89480dacb2e88b8c9', '/home/ec2-user/aws_data_collection/data/ec2-c5.metal/miniFE.x/f5d3daee1df03886842af76e9bd94d33', '/home/ec2-user/aws_data_collection/data/ec2-c5.metal/miniFE.x/d930223c68dbd3a6c19b4c9556cdd896', '/home/ec2-user/aws_data_collection/data/ec2-c5.metal/miniFE.x/c61e9ffe49f0e27a89553f30d94277f2']",0.1,7356000000.0,1043070352.0,13.0,13.0,41790000000.0,4546654030.0,704988008.0,6654000000.0,924000000.0,10692393956.0,6646141724.0,16181510625.0,1032481340.0,154304.0,320814.0,135.0,285603.0,16179476740.0,528104.0,1048460956.0,11576.0,1057.0,5.950618000000007,78885.0,8397.0,13605883.0,83976118.0,18230000000.0,10512452103.0,12729098199.0
"ec2-c5.metal","miniFE.x","miniFE.x","-nx 175 -ny 75 -nz 50","32","ice4hpc","/home/ec2-user/spack/var/spack/environments/ice4hpc/.spack-env/view/bin/miniFE.x","-e perf::LLC-STORES -e perf::LLC-STORE-MISSES -e perf::L1-DCACHE-LOADS -e perf::L1-DCACHE-LOAD-MISSES -e perf::DTLB-LOADS -e perf::DTLB-LOAD-MISSES -e perf::DTLB-STORES -e perf::DTLB-STORE-MISSES -e perf::ITLB-LOADS -e perf::ITLB-LOAD-MISSES -e perf::LLC-LOADS -e perf::LLC-LOAD-MISSES -e clx::HW_INTERRUPTS -e PAPI_BR_TKN -e PAPI_BR_CN -e PAPI_BR_UCN -e REALTIME -e IO -e PAPI_SP_OPS -e PAPI_VEC_SP -e PAPI_TOT_INS -e PAPI_DP_OPS -e PAPI_VEC_DP -e PAPI_REF_CYC -e perf::L1-DCACHE-STORES -e perf::PERF_COUNT_SW_CONTEXT_SWITCHES -e perf::CONTEXT-SWITCHES -e PAPI_BR_INS -e PAPI_BR_PRC -e PAPI_L2_TCM -e clx::RESOURCE_STALLS","['/home/ec2-user/aws_data_collection/data/ec2-c5.metal/miniFE.x/fccbaa3ef79a81d1efa30bf0ca1ea766', '/home/ec2-user/aws_data_collection/data/ec2-c5.metal/miniFE.x/54945ec9ca50c5612edb60937e20e4bf', '/home/ec2-user/aws_data_collection/data/ec2-c5.metal/miniFE.x/15be9193ca768a4d631a6cc31c05e831', '/home/ec2-user/aws_data_collection/data/ec2-c5.metal/miniFE.x/a8b4a4b1708ad45f802acc90e61d85ef', '/home/ec2-user/aws_data_collection/data/ec2-c5.metal/miniFE.x/1c2228553521c9a607f285bce24c015d', '/home/ec2-user/aws_data_collection/data/ec2-c5.metal/miniFE.x/6810ec69e1048936f082918b9369efde', '/home/ec2-user/aws_data_collection/data/ec2-c5.metal/miniFE.x/c31e695d19d190fa21e9b2c19787b90c', '/home/ec2-user/aws_data_collection/data/ec2-c5.metal/miniFE.x/2054becada0f0cca5da257b75d77d6b6', '/home/ec2-user/aws_data_collection/data/ec2-c5.metal/miniFE.x/cca3a675372456bf668972cb236a4d8d']",0.0,336000000.0,112946898.0,52.0,108.0,2968000000.0,260745019.0,95012944.0,390000000.0,24000000.0,423775899.0,426034218.0,994832599.0,30328538.0,80731.0,113413.0,7.0,32689.0,1225535314.0,21228.0,289537182.0,11576.0,2499.0,0.405972,24254.0,14936.0,745437.0,887796.0,1198000000.0,345649195.0,424811086.0
"ec2-c5.metal","miniFE.x","miniFE.x","-nx 200 -ny 100 -nz 50","1","ice4hpc","/home/ec2-user/spack/var/spack/environments/ice4hpc/.spack-env/view/bin/miniFE.x","-e PAPI_SP_OPS -e PAPI_VEC_SP -e PAPI_TOT_INS -e REALTIME -e IO -e perf::LLC-STORES -e perf::LLC-STORE-MISSES -e perf::L1-DCACHE-LOADS -e perf::L1-DCACHE-LOAD-MISSES -e perf::L1-DCACHE-STORES -e perf::PERF_COUNT_SW_CONTEXT_SWITCHES -e perf::CONTEXT-SWITCHES -e PAPI_BR_INS -e perf::DTLB-LOADS -e perf::DTLB-LOAD-MISSES -e perf::DTLB-STORES -e perf::DTLB-STORE-MISSES -e perf::ITLB-LOADS -e perf::ITLB-LOAD-MISSES -e perf::LLC-LOADS -e perf::LLC-LOAD-MISSES -e clx::HW_INTERRUPTS -e PAPI_BR_TKN -e PAPI_BR_CN -e PAPI_BR_UCN -e PAPI_BR_PRC -e PAPI_L2_TCM -e clx::RESOURCE_STALLS -e PAPI_DP_OPS -e PAPI_VEC_DP -e PAPI_REF_CYC","['/home/ec2-user/aws_data_collection/data/ec2-c5.metal/miniFE.x/f2ea807fa1d5b5125a8bae9aef550145', '/home/ec2-user/aws_data_collection/data/ec2-c5.metal/miniFE.x/d4cd6399dfcd7653d01ba5df08d57070', '/home/ec2-user/aws_data_collection/data/ec2-c5.metal/miniFE.x/cf7bb275ab2e86a3f5bed7cd6fe1b983', '/home/ec2-user/aws_data_collection/data/ec2-c5.metal/miniFE.x/2a706ab1db411ccbbdc7960ded996131', '/home/ec2-user/aws_data_collection/data/ec2-c5.metal/miniFE.x/65c7a0194a280fbe1d6b4d31715cf8ac', '/home/ec2-user/aws_data_collection/data/ec2-c5.metal/miniFE.x/f15d2f7fa4f509e59e52cf5a99612a4c', '/home/ec2-user/aws_data_collection/data/ec2-c5.metal/miniFE.x/bb812cb2b76b1b1df7945a3f6c349536', '/home/ec2-user/aws_data_collection/data/ec2-c5.metal/miniFE.x/81f32d6ccfd8cceb4ea191da97679082', '/home/ec2-user/aws_data_collection/data/ec2-c5.metal/miniFE.x/32cac5f9db623e03b16e4d9dd4759e57']",0.1666,11226000000.0,1580960291.0,13.0,13.0,63652000000.0,6911133623.0,1096447496.0,10128000000.0,1402000000.0,15490747672.0,10122307502.0,24627170356.0,1571881588.0,352539.0,646976.0,2.0,540387.0,24631137708.0,771843.0,1592584158.0,11576.0,1039.0,9.501978000000006,50.0,1.0,24488731.0,2.0,28108000000.0,15999969514.0,19372717850.0
"ec2-c5.metal","miniFE.x","miniFE.x","-nx 200 -ny 100 -nz 50","32","ice4hpc","/home/ec2-user/spack/var/spack/environments/ice4hpc/.spack-env/view/bin/miniFE.x","-e PAPI_DP_OPS -e PAPI_VEC_DP -e PAPI_REF_CYC -e PAPI_SP_OPS -e PAPI_VEC_SP -e PAPI_TOT_INS -e REALTIME -e IO -e perf::LLC-STORES -e perf::LLC-STORE-MISSES -e perf::L1-DCACHE-LOADS -e perf::L1-DCACHE-LOAD-MISSES -e perf::ITLB-LOADS -e perf::ITLB-LOAD-MISSES -e perf::LLC-LOADS -e perf::LLC-LOAD-MISSES -e clx::HW_INTERRUPTS -e PAPI_BR_TKN -e PAPI_BR_CN -e PAPI_BR_UCN -e perf::DTLB-LOADS -e perf::DTLB-LOAD-MISSES -e perf::DTLB-STORES -e perf::DTLB-STORE-MISSES -e PAPI_BR_PRC -e PAPI_L2_TCM -e clx::RESOURCE_STALLS -e perf::L1-DCACHE-STORES -e perf::PERF_COUNT_SW_CONTEXT_SWITCHES -e perf::CONTEXT-SWITCHES -e PAPI_BR_INS","['/home/ec2-user/aws_data_collection/data/ec2-c5.metal/miniFE.x/f7cb9525e3b266417e37fe919c72e7d1', '/home/ec2-user/aws_data_collection/data/ec2-c5.metal/miniFE.x/1304c87b6d29eb39696757d5732c0157', '/home/ec2-user/aws_data_collection/data/ec2-c5.metal/miniFE.x/2a877a4a8ea801c85f1be5734fb40edc', '/home/ec2-user/aws_data_collection/data/ec2-c5.metal/miniFE.x/77f48d2cddc342e02700834bdee71f45', '/home/ec2-user/aws_data_collection/data/ec2-c5.metal/miniFE.x/8bb3df2c87f1e699a3f214caa2e2bf34', '/home/ec2-user/aws_data_collection/data/ec2-c5.metal/miniFE.x/4e3aeed53b7ac3de7833c6cd0eab66fe', '/home/ec2-user/aws_data_collection/data/ec2-c5.metal/miniFE.x/e4ca20823027c321f51e542475fc5cf1', '/home/ec2-user/aws_data_collection/data/ec2-c5.metal/miniFE.x/4fd29042af61dd793f42439f35097765', '/home/ec2-user/aws_data_collection/data/ec2-c5.metal/miniFE.x/23ea6b6fd3e301f86c9600d9694f0dca']",0.0166,712000000.0,332241160.0,52.0,108.0,3380000000.0,245398996.0,56543632.0,370000000.0,38000000.0,708494439.0,605219481.0,1725386791.0,47364201.0,72835.0,110717.0,"",41532.0,1372699653.0,34656.0,247482279.0,11576.0,2124.0,0.581088,26948.0,15181.0,987189.0,1352914.0,1812000000.0,516484711.0,633791653.0
"ec2-c5.metal","miniFE.x","miniFE.x","-nx 200 -ny 125 -nz 50","1","ice4hpc","/home/ec2-user/spack/var/spack/environments/ice4hpc/.spack-env/view/bin/miniFE.x","-e perf::DTLB-LOADS -e perf::DTLB-LOAD-MISSES -e perf::DTLB-STORES -e perf::DTLB-STORE-MISSES -e perf::LLC-STORES -e perf::LLC-STORE-MISSES -e perf::L1-DCACHE-LOADS -e perf::L1-DCACHE-LOAD-MISSES -e perf::L1-DCACHE-STORES -e perf::PERF_COUNT_SW_CONTEXT_SWITCHES -e perf::CONTEXT-SWITCHES -e PAPI_BR_INS -e REALTIME -e IO -e clx::HW_INTERRUPTS -e PAPI_BR_TKN -e PAPI_BR_CN -e PAPI_BR_UCN -e PAPI_SP_OPS -e PAPI_VEC_SP -e PAPI_TOT_INS -e perf::ITLB-LOADS -e perf::ITLB-LOAD-MISSES -e perf::LLC-LOADS -e perf::LLC-LOAD-MISSES -e PAPI_DP_OPS -e PAPI_VEC_DP -e PAPI_REF_CYC -e PAPI_BR_PRC -e PAPI_L2_TCM -e clx::RESOURCE_STALLS","['/home/ec2-user/aws_data_collection/data/ec2-c5.metal/miniFE.x/9e721701d5398a4250953f9445370608', '/home/ec2-user/aws_data_collection/data/ec2-c5.metal/miniFE.x/94743ed33cac9508682e10994bc04fe9', '/home/ec2-user/aws_data_collection/data/ec2-c5.metal/miniFE.x/8804abe1c32d49481ae71d93d43c85b3', '/home/ec2-user/aws_data_collection/data/ec2-c5.metal/miniFE.x/7bc0ee361eec7ec0ef5e17b7a9b11acc', '/home/ec2-user/aws_data_collection/data/ec2-c5.metal/miniFE.x/a8f974edc3b718caba37aeb2f296984d', '/home/ec2-user/aws_data_collection/data/ec2-c5.metal/miniFE.x/18d171cd6b9cc339c9103b37cb991d8f', '/home/ec2-user/aws_data_collection/data/ec2-c5.metal/miniFE.x/20e3d1b4dd671f3fe066b6a15f06d704', '/home/ec2-user/aws_data_collection/data/ec2-c5.metal/miniFE.x/fb5708766aa7c3fa157ca89e8572452c', '/home/ec2-user/aws_data_collection/data/ec2-c5.metal/miniFE.x/44e2888ecbdd4321f443f93f955e77ad']",0.2166,14128000000.0,1970589505.0,13.0,13.0,79882000000.0,8677658680.0,1381181625.0,12750000000.0,1754000000.0,21498669992.0,12742341947.0,30927091834.0,1963424258.0,486887.0,817761.0,268.0,545962.0,30917388229.0,946298.0,1989389639.0,11576.0,1047.0,12.050999999999993,35169.0,3717.0,40162258.0,133831058.0,33876000000.0,19988222449.0,24201078606.0
"ec2-c5.metal","miniFE.x","miniFE.x","-nx 200 -ny 125 -nz 50","32","ice4hpc","/home/ec2-user/spack/var/spack/environments/ice4hpc/.spack-env/view/bin/miniFE.x","-e perf::DTLB-LOADS -e perf::DTLB-LOAD-MISSES -e perf::DTLB-STORES -e perf::DTLB-STORE-MISSES -e clx::HW_INTERRUPTS -e PAPI_BR_TKN -e PAPI_BR_CN -e PAPI_BR_UCN -e perf::LLC-STORES -e perf::LLC-STORE-MISSES -e perf::L1-DCACHE-LOADS -e perf::L1-DCACHE-LOAD-MISSES -e REALTIME -e IO -e PAPI_SP_OPS -e PAPI_VEC_SP -e PAPI_TOT_INS -e perf::ITLB-LOADS -e perf::ITLB-LOAD-MISSES -e perf::LLC-LOADS -e perf::LLC-LOAD-MISSES -e PAPI_BR_PRC -e PAPI_L2_TCM -e clx::RESOURCE_STALLS -e perf::L1-DCACHE-STORES -e perf::PERF_COUNT_SW_CONTEXT_SWITCHES -e perf::CONTEXT-SWITCHES -e PAPI_BR_INS -e PAPI_DP_OPS -e PAPI_VEC_DP -e PAPI_REF_CYC","['/home/ec2-user/aws_data_collection/data/ec2-c5.metal/miniFE.x/1c684883e165726460f34407fa93928f', '/home/ec2-user/aws_data_collection/data/ec2-c5.metal/miniFE.x/273680d2327557ebf9933ce0dfdbac4e', '/home/ec2-user/aws_data_collection/data/ec2-c5.metal/miniFE.x/e1164af16234c4139c344cf0cc806ca9', '/home/ec2-user/aws_data_collection/data/ec2-c5.metal/miniFE.x/7248ab838d3369b341dbf9cf51c15c79', '/home/ec2-user/aws_data_collection/data/ec2-c5.metal/miniFE.x/d4a169008ffd4bb1fcba789257d593df', '/home/ec2-user/aws_data_collection/data/ec2-c5.metal/miniFE.x/5597847d6940044af8135d9af7ef329c', '/home/ec2-user/aws_data_collection/data/ec2-c5.metal/miniFE.x/ecd7163d12c8e35fd8ef4d323d6a0ae6', '/home/ec2-user/aws_data_collection/data/ec2-c5.metal/miniFE.x/74650ae97b30c83e6aad70ebcc958642', '/home/ec2-user/aws_data_collection/data/ec2-c5.metal/miniFE.x/f25fe0f8499babfebd14132fe1f7f1f7']",0.0333,710000000.0,267227998.0,52.0,108.0,3560000000.0,426590920.0,163896926.0,664000000.0,52000000.0,998326798.0,658441175.0,1511138439.0,59765535.0,85111.0,183009.0,15.0,41970.0,2260470748.0,43304.0,520180000.0,11576.0,2518.0,0.6911279999999999,38032.0,16475.0,1147007.0,1.0,2068000000.0,660840136.0,810150497.0
"ec2-c5.metal","miniFE.x","miniFE.x","-nx 200 -ny 150 -nz 50","1","ice4hpc","/home/ec2-user/spack/var/spack/environments/ice4hpc/.spack-env/view/bin/miniFE.x","-e PAPI_SP_OPS -e PAPI_VEC_SP -e PAPI_TOT_INS -e perf::ITLB-LOADS -e perf::ITLB-LOAD-MISSES -e perf::LLC-LOADS -e perf::LLC-LOAD-MISSES -e perf::DTLB-LOADS -e perf::DTLB-LOAD-MISSES -e perf::DTLB-STORES -e perf::DTLB-STORE-MISSES -e PAPI_DP_OPS -e PAPI_VEC_DP -e PAPI_REF_CYC -e perf::L1-DCACHE-STORES -e perf::PERF_COUNT_SW_CONTEXT_SWITCHES -e perf::CONTEXT-SWITCHES -e PAPI_BR_INS -e REALTIME -e IO -e clx::HW_INTERRUPTS -e PAPI_BR_TKN -e PAPI_BR_CN -e PAPI_BR_UCN -e perf::LLC-STORES -e perf::LLC-STORE-MISSES -e perf::L1-DCACHE-LOADS -e perf::L1-DCACHE-LOAD-MISSES -e PAPI_BR_PRC -e PAPI_L2_TCM -e clx::RESOURCE_STALLS","['/home/ec2-user/aws_data_collection/data/ec2-c5.metal/miniFE.x/326362fb3e6c02d19ddcb038c661836c', '/home/ec2-user/aws_data_collection/data/ec2-c5.metal/miniFE.x/7f0195f4a3bc5c526cbd018c2770a0fc', '/home/ec2-user/aws_data_collection/data/ec2-c5.metal/miniFE.x/34c03bb7e78ea6e116a01ceafcd80864', '/home/ec2-user/aws_data_collection/data/ec2-c5.metal/miniFE.x/9b09bde6bd71037cebb78e3f8c6f8663', '/home/ec2-user/aws_data_collection/data/ec2-c5.metal/miniFE.x/2e24d09f175ff11fcc652434f61c719f', '/home/ec2-user/aws_data_collection/data/ec2-c5.metal/miniFE.x/6a9f2e15fa50e321cd116fc98538de67', '/home/ec2-user/aws_data_collection/data/ec2-c5.metal/miniFE.x/f666b13530561d1cf7ff0afefa6f83b1', '/home/ec2-user/aws_data_collection/data/ec2-c5.metal/miniFE.x/4ae80db15b60145bc8f49d4a0c5df510', '/home/ec2-user/aws_data_collection/data/ec2-c5.metal/miniFE.x/1b6166e67f643b12d22d82b06ddd7012']",0.25,17004000000.0,2350141121.0,13.0,13.0,96008000000.0,10423023220.0,1644229204.0,15354000000.0,2098000000.0,26135941251.0,15346762095.0,37185080265.0,2356385160.0,441865.0,613247.0,"",610307.0,37173752802.0,1188575.0,2385701394.0,11576.0,1051.0,13.976555999999999,132208.0,3284.0,65938096.0,134230046.0,43100000000.0,23976492139.0,29029454914.0
"ec2-c5.metal","miniFE.x","miniFE.x","-nx 200 -ny 150 -nz 50","32","ice4hpc","/home/ec2-user/spack/var/spack/environments/ice4hpc/.spack-env/view/bin/miniFE.x","-e PAPI_BR_PRC -e PAPI_L2_TCM -e clx::RESOURCE_STALLS -e PAPI_DP_OPS -e PAPI_VEC_DP -e PAPI_REF_CYC -e perf::ITLB-LOADS -e perf::ITLB-LOAD-MISSES -e perf::LLC-LOADS -e perf::LLC-LOAD-MISSES -e clx::HW_INTERRUPTS -e PAPI_BR_TKN -e PAPI_BR_CN -e PAPI_BR_UCN -e REALTIME -e IO -e perf::L1-DCACHE-STORES -e perf::PERF_COUNT_SW_CONTEXT_SWITCHES -e perf::CONTEXT-SWITCHES -e PAPI_BR_INS -e PAPI_SP_OPS -e PAPI_VEC_SP -e PAPI_TOT_INS -e perf::LLC-STORES -e perf::LLC-STORE-MISSES -e perf::L1-DCACHE-LOADS -e perf::L1-DCACHE-LOAD-MISSES -e perf::DTLB-LOADS -e perf::DTLB-LOAD-MISSES -e perf::DTLB-STORES -e perf::DTLB-STORE-MISSES","['/home/ec2-user/aws_data_collection/data/ec2-c5.metal/miniFE.x/c99ff112e756eca4f59699962efcc877', '/home/ec2-user/aws_data_collection/data/ec2-c5.metal/miniFE.x/e33729dedbd2db118432f2872a1f14cf', '/home/ec2-user/aws_data_collection/data/ec2-c5.metal/miniFE.x/e1c7e23cfb176eff668bbb099bff911b', '/home/ec2-user/aws_data_collection/data/ec2-c5.metal/miniFE.x/f6715eb051ab7c88bd09165624d118c9', '/home/ec2-user/aws_data_collection/data/ec2-c5.metal/miniFE.x/f9b973b06a950137f98d589b2700a020', '/home/ec2-user/aws_data_collection/data/ec2-c5.metal/miniFE.x/73cbbd8858ba49bff973e571344f027d', '/home/ec2-user/aws_data_collection/data/ec2-c5.metal/miniFE.x/3474e511432618343d605645014e6675', '/home/ec2-user/aws_data_collection/data/ec2-c5.metal/miniFE.x/5fdd1e9f4acd28458fa67623fb4b8da0', '/home/ec2-user/aws_data_collection/data/ec2-c5.metal/miniFE.x/d3aeb3402914863e1a56ea3f5cd38aac']",0.0166,694000000.0,197881725.0,52.0,108.0,4530000000.0,687393918.0,245048820.0,1006000000.0,64000000.0,1279832276.0,627627026.0,1528765418.0,71356002.0,98771.0,143618.0,1.0,45691.0,1796467537.0,48822.0,341117869.0,11576.0,2334.0,0.8221720000000001,29872.0,16512.0,1600605.0,2823955.0,2384000000.0,784573792.0,961315655.0
"ec2-c5.metal","miniFE.x","miniFE.x","-nx 200 -ny 175 -nz 50","1","ice4hpc","/home/ec2-user/spack/var/spack/environments/ice4hpc/.spack-env/view/bin/miniFE.x","-e PAPI_BR_PRC -e PAPI_L2_TCM -e clx::RESOURCE_STALLS -e clx::HW_INTERRUPTS -e PAPI_BR_TKN -e PAPI_BR_CN -e PAPI_BR_UCN -e REALTIME -e IO -e perf::ITLB-LOADS -e perf::ITLB-LOAD-MISSES -e perf::LLC-LOADS -e perf::LLC-LOAD-MISSES -e perf::DTLB-LOADS -e perf::DTLB-LOAD-MISSES -e perf::DTLB-STORES -e perf::DTLB-STORE-MISSES -e PAPI_DP_OPS -e PAPI_VEC_DP -e PAPI_REF_CYC -e perf::LLC-STORES -e perf::LLC-STORE-MISSES -e perf::L1-DCACHE-LOADS -e perf::L1-DCACHE-LOAD-MISSES -e PAPI_SP_OPS -e PAPI_VEC_SP -e PAPI_TOT_INS -e perf::L1-DCACHE-STORES -e perf::PERF_COUNT_SW_CONTEXT_SWITCHES -e perf::CONTEXT-SWITCHES -e PAPI_BR_INS","['/home/ec2-user/aws_data_collection/data/ec2-c5.metal/miniFE.x/da5b0060bd60a598df3b0b7a05594b22', '/home/ec2-user/aws_data_collection/data/ec2-c5.metal/miniFE.x/3bf19360ae6a82725f4bab3e88dde695', '/home/ec2-user/aws_data_collection/data/ec2-c5.metal/miniFE.x/12bfa015a0366d02924f39d5a9be3bd8', '/home/ec2-user/aws_data_collection/data/ec2-c5.metal/miniFE.x/ae9e73505e24505c6586c6257764b5e4', '/home/ec2-user/aws_data_collection/data/ec2-c5.metal/miniFE.x/9f8f66bbe17f4d8ec092ec132301b2a6', '/home/ec2-user/aws_data_collection/data/ec2-c5.metal/miniFE.x/1b81d4bda01784b4dae82cceaa9a2190', '/home/ec2-user/aws_data_collection/data/ec2-c5.metal/miniFE.x/8f0ed9d0079961d997f3cf349389befa', '/home/ec2-user/aws_data_collection/data/ec2-c5.metal/miniFE.x/4bf2428f607b11582dfed4481fcb2579', '/home/ec2-user/aws_data_collection/data/ec2-c5.metal/miniFE.x/f0ee41e11bbfdb97501a9e64538a7a2c']",0.2833,19878000000.0,2743131321.0,13.0,13.0,112126000000.0,12160829277.0,1932441719.0,17942000000.0,2450000000.0,28415039632.0,17930085514.0,43434946064.0,2746850427.0,506955.0,851485.0,3.0,704628.0,43416672948.0,1402728.0,2780891673.0,11576.0,1037.0,17.10964499999998,60779.0,3874.0,92417956.0,147713322.0,47890000000.0,27964740673.0,33857811269.0
"ec2-c5.metal","miniFE.x","miniFE.x","-nx 200 -ny 175 -nz 50","32","ice4hpc","/home/ec2-user/spack/var/spack/environments/ice4hpc/.spack-env/view/bin/miniFE.x","-e PAPI_SP_OPS -e PAPI_VEC_SP -e PAPI_TOT_INS -e perf::DTLB-LOADS -e perf::DTLB-LOAD-MISSES -e perf::DTLB-STORES -e perf::DTLB-STORE-MISSES -e perf::L1-DCACHE-STORES -e perf::PERF_COUNT_SW_CONTEXT_SWITCHES -e perf::CONTEXT-SWITCHES -e PAPI_BR_INS -e PAPI_DP_OPS -e PAPI_VEC_DP -e PAPI_REF_CYC -e clx::HW_INTERRUPTS -e PAPI_BR_TKN -e PAPI_BR_CN -e PAPI_BR_UCN -e perf::ITLB-LOADS -e perf::ITLB-LOAD-MISSES -e perf::LLC-LOADS -e perf::LLC-LOAD-MISSES -e perf::LLC-STORES -e perf::LLC-STORE-MISSES -e perf::L1-DCACHE-LOADS -e perf::L1-DCACHE-LOAD-MISSES -e REALTIME -e IO -e PAPI_BR_PRC -e PAPI_L2_TCM -e clx::RESOURCE_STALLS","['/home/ec2-user/aws_data_collection/data/ec2-c5.metal/miniFE.x/bf56c7d0d40696ecd12f13e9a6da12f7', '/home/ec2-user/aws_data_collection/data/ec2-c5.metal/miniFE.x/0891b122410e67e37f464d3da592d33e', '/home/ec2-user/aws_data_collection/data/ec2-c5.metal/miniFE.x/ec61fcf1bc4278cbcd30303a8529768c', '/home/ec2-user/aws_data_collection/data/ec2-c5.metal/miniFE.x/6ecbbcb322e8ae35d856d05d937775fd', '/home/ec2-user/aws_data_collection/data/ec2-c5.metal/miniFE.x/566527e712ba8877236e510f5b252cb8', '/home/ec2-user/aws_data_collection/data/ec2-c5.metal/miniFE.x/abcffd7bd9af4874043a09b507430e0f', '/home/ec2-user/aws_data_collection/data/ec2-c5.metal/miniFE.x/7b2273cfbf7660783e2d4cc9e71dcd12', '/home/ec2-user/aws_data_collection/data/ec2-c5.metal/miniFE.x/b62716b7b4c2109c1b8837ae536234d3', '/home/ec2-user/aws_data_collection/data/ec2-c5.metal/miniFE.x/c04e2657488568fa5572fbbba203115f']",0.0333,1100000000.0,460539972.0,52.0,108.0,7830000000.0,475932484.0,124470187.0,718000000.0,74000000.0,1469973033.0,700985777.0,1867441751.0,82447644.0,130693.0,201937.0,"",54484.0,1733927584.0,54641.0,220099937.0,11576.0,1975.0,0.9372090000000002,38957.0,430.0,1963140.0,3318129.0,2796000000.0,908308081.0,1112481446.0
"ec2-c5.metal","miniFE.x","miniFE.x","-nx 200 -ny 50 -nz 50","1","ice4hpc","/home/ec2-user/spack/var/spack/environments/ice4hpc/.spack-env/view/bin/miniFE.x","-e perf::LLC-STORES -e perf::LLC-STORE-MISSES -e perf::L1-DCACHE-LOADS -e perf::L1-DCACHE-LOAD-MISSES -e PAPI_DP_OPS -e PAPI_VEC_DP -e PAPI_REF_CYC -e PAPI_SP_OPS -e PAPI_VEC_SP -e PAPI_TOT_INS -e REALTIME -e IO -e clx::HW_INTERRUPTS -e PAPI_BR_TKN -e PAPI_BR_CN -e PAPI_BR_UCN -e perf::L1-DCACHE-STORES -e perf::PERF_COUNT_SW_CONTEXT_SWITCHES -e perf::CONTEXT-SWITCHES -e PAPI_BR_INS -e perf::ITLB-LOADS -e perf::ITLB-LOAD-MISSES -e perf::LLC-LOADS -e perf::LLC-LOAD-MISSES -e PAPI_BR_PRC -e PAPI_L2_TCM -e clx::RESOURCE_STALLS -e perf::DTLB-LOADS -e perf::DTLB-LOAD-MISSES -e perf::DTLB-STORES -e perf::DTLB-STORE-MISSES","['/home/ec2-user/aws_data_collection/data/ec2-c5.metal/miniFE.x/a5f22df69983810250163a8a52d0f38c', '/home/ec2-user/aws_data_collection/data/ec2-c5.metal/miniFE.x/48eabeec2442321f1275c962f467fbf5', '/home/ec2-user/aws_data_collection/data/ec2-c5.metal/miniFE.x/2d8ab1222d02429afc126deb940051bc', '/home/ec2-user/aws_data_collection/data/ec2-c5.metal/miniFE.x/517c930cdcc04de417c708f541999533', '/home/ec2-user/aws_data_collection/data/ec2-c5.metal/miniFE.x/d77492378eaee250e50c72848b493927', '/home/ec2-user/aws_data_collection/data/ec2-c5.metal/miniFE.x/b104bc0a7f09d89f932ffa4cef534325', '/home/ec2-user/aws_data_collection/data/ec2-c5.metal/miniFE.x/49b5cbdbaded99f729a79ac4621fff01', '/home/ec2-user/aws_data_collection/data/ec2-c5.metal/miniFE.x/e949f227ced48c1c49dea8d1429747ae', '/home/ec2-user/aws_data_collection/data/ec2-c5.metal/miniFE.x/e282d77215fc12c8fe24b2c86e9f4148']",0.0833,5590000000.0,796173140.0,13.0,13.0,31794000000.0,3452993192.0,542513999.0,5046000000.0,704000000.0,7986459545.0,5039575323.0,12299864523.0,788824361.0,103859.0,401122.0,111.0,279215.0,12290534204.0,406870.0,799959007.0,11576.0,1052.0,4.6799380000000035,34945.0,2658.0,9434617.0,64624190.0,13798000000.0,8023447555.0,9715983855.0
"ec2-c5.metal","miniFE.x","miniFE.x","-nx 200 -ny 50 -nz 50","32","ice4hpc","/home/ec2-user/spack/var/spack/environments/ice4hpc/.spack-env/view/bin/miniFE.x","-e PAPI_SP_OPS -e PAPI_VEC_SP -e PAPI_TOT_INS -e PAPI_DP_OPS -e PAPI_VEC_DP -e PAPI_REF_CYC -e clx::HW_INTERRUPTS -e PAPI_BR_TKN -e PAPI_BR_CN -e PAPI_BR_UCN -e perf::ITLB-LOADS -e perf::ITLB-LOAD-MISSES -e perf::LLC-LOADS -e perf::LLC-LOAD-MISSES -e perf::L1-DCACHE-STORES -e perf::PERF_COUNT_SW_CONTEXT_SWITCHES -e perf::CONTEXT-SWITCHES -e PAPI_BR_INS -e perf::LLC-STORES -e perf::LLC-STORE-MISSES -e perf::L1-DCACHE-LOADS -e perf::L1-DCACHE-LOAD-MISSES -e PAPI_BR_PRC -e PAPI_L2_TCM -e clx::RESOURCE_STALLS -e perf::DTLB-LOADS -e perf::DTLB-LOAD-MISSES -e perf::DTLB-STORES -e perf::DTLB-STORE-MISSES -e REALTIME -e IO","['/home/ec2-user/aws_data_collection/data/ec2-c5.metal/miniFE.x/c84ae36c7a8783845f31e50b069e2009', '/home/ec2-user/aws_data_collection/data/ec2-c5.metal/miniFE.x/3231580e7b34424688b25ab7326900e0', '/home/ec2-user/aws_data_collection/data/ec2-c5.metal/miniFE.x/f80935b8bbe634e0b8d303fd319a3d43', '/home/ec2-user/aws_data_collection/data/ec2-c5.metal/miniFE.x/eddc3b665183f582ee6e20362d94da72', '/home/ec2-user/aws_data_collection/data/ec2-c5.metal/miniFE.x/be0dc4eedab6d1167a07d174d6ebcac2', '/home/ec2-user/aws_data_collection/data/ec2-c5.metal/miniFE.x/18760bee3cc90f452987c905cbd9ad22', '/home/ec2-user/aws_data_collection/data/ec2-c5.metal/miniFE.x/82e69c48daadaf9bde67244eed72be86', '/home/ec2-user/aws_data_collection/data/ec2-c5.metal/miniFE.x/7b51000f02fff5057836130e0d9aecec', '/home/ec2-user/aws_data_collection/data/ec2-c5.metal/miniFE.x/c02a7164330e0287c1b9b1bb1fcefe1b']",0.0166,416000000.0,209486495.0,52.0,108.0,1438000000.0,203207322.0,74939367.0,304000000.0,20000000.0,302516293.0,344559397.0,807979468.0,23183840.0,66076.0,94951.0,4.0,22146.0,1019598163.0,15878.0,251525118.0,11576.0,2609.0,0.335723,26391.0,19546.0,477115.0,602038.0,876000000.0,269016031.0,331459969.0
"ec2-c5.metal","miniFE.x","miniFE.x","-nx 200 -ny 75 -nz 50","1","ice4hpc","/home/ec2-user/spack/var/spack/environments/ice4hpc/.spack-env/view/bin/miniFE.x","-e perf::LLC-STORES -e perf::LLC-STORE-MISSES -e perf::L1-DCACHE-LOADS -e perf::L1-DCACHE-LOAD-MISSES -e REALTIME -e IO -e perf::DTLB-LOADS -e perf::DTLB-LOAD-MISSES -e perf::DTLB-STORES -e perf::DTLB-STORE-MISSES -e perf::ITLB-LOADS -e perf::ITLB-LOAD-MISSES -e perf::LLC-LOADS -e perf::LLC-LOAD-MISSES -e PAPI_DP_OPS -e PAPI_VEC_DP -e PAPI_REF_CYC -e PAPI_SP_OPS -e PAPI_VEC_SP -e PAPI_TOT_INS -e perf::L1-DCACHE-STORES -e perf::PERF_COUNT_SW_CONTEXT_SWITCHES -e perf::CONTEXT-SWITCHES -e PAPI_BR_INS -e clx::HW_INTERRUPTS -e PAPI_BR_TKN -e PAPI_BR_CN -e PAPI_BR_UCN -e PAPI_BR_PRC -e PAPI_L2_TCM -e clx::RESOURCE_STALLS","['/home/ec2-user/aws_data_collection/data/ec2-c5.metal/miniFE.x/7ce3dd5b5a15ddd5b6a05e660bca8458', '/home/ec2-user/aws_data_collection/data/ec2-c5.metal/miniFE.x/a474478d09aad6650d1899fe6aa914af', '/home/ec2-user/aws_data_collection/data/ec2-c5.metal/miniFE.x/ef57368729acabe67f0213a812afd442', '/home/ec2-user/aws_data_collection/data/ec2-c5.metal/miniFE.x/c9c6119ba1c1bb81e45ea03d3cf6c1b7', '/home/ec2-user/aws_data_collection/data/ec2-c5.metal/miniFE.x/af1b0c7b2815b2cf301ed8462ef2eb1a', '/home/ec2-user/aws_data_collection/data/ec2-c5.metal/miniFE.x/56b730b80ffcb3f14353b9f0d24af774', '/home/ec2-user/aws_data_collection/data/ec2-c5.metal/miniFE.x/1dd11276dd175a7fd8a41559fac20d6c', '/home/ec2-user/aws_data_collection/data/ec2-c5.metal/miniFE.x/109130f9dc89cffa4e5a5754787d1432', '/home/ec2-user/aws_data_collection/data/ec2-c5.metal/miniFE.x/d85eae85964b4cf6180381644a5c1bd8']",0.1166,8446000000.0,1186486014.0,13.0,13.0,47872000000.0,5198628565.0,818423402.0,7630000000.0,1056000000.0,12335074153.0,7623619899.0,18533864306.0,1180408887.0,182184.0,401011.0,45.0,357213.0,18525489538.0,585415.0,1197003854.0,11576.0,1040.0,6.73832700000001,32344.0,12477.0,15478113.0,95088013.0,20894000000.0,12011706466.0,14544350587.0
"ec2-c5.metal","miniFE.x","miniFE.x","-nx 200 -ny 75 -nz 50","32","ice4hpc","/home/ec2-user/spack/var/spack/environments/ice4hpc/.spack-env/view/bin/miniFE.x","-e perf::DTLB-LOADS -e perf::DTLB-LOAD-MISSES -e perf::DTLB-STORES -e perf::DTLB-STORE-MISSES -e clx::HW_INTERRUPTS -e PAPI_BR_TKN -e PAPI_BR_CN -e PAPI_BR_UCN -e perf::ITLB-LOADS -e perf::ITLB-LOAD-MISSES -e perf::LLC-LOADS -e perf::LLC-LOAD-MISSES -e PAPI_SP_OPS -e PAPI_VEC_SP -e PAPI_TOT_INS -e perf::L1-DCACHE-STORES -e perf::PERF_COUNT_SW_CONTEXT_SWITCHES -e perf::CONTEXT-SWITCHES -e PAPI_BR_INS -e PAPI_BR_PRC -e PAPI_L2_TCM -e clx::RESOURCE_STALLS -e PAPI_DP_OPS -e PAPI_VEC_DP -e PAPI_REF_CYC -e perf::LLC-STORES -e perf::LLC-STORE-MISSES -e perf::L1-DCACHE-LOADS -e perf::L1-DCACHE-LOAD-MISSES -e REALTIME -e IO","['/home/ec2-user/aws_data_collection/data/ec2-c5.metal/miniFE.x/a04658ed067493e4da3d7d028a5d739e', '/home/ec2-user/aws_data_collection/data/ec2-c5.metal/miniFE.x/b27a5fc01072fa58d4499919f007ce44', '/home/ec2-user/aws_data_collection/data/ec2-c5.metal/miniFE.x/b590623f7657a990a0f7c6a1d83d54e2', '/home/ec2-user/aws_data_collection/data/ec2-c5.metal/miniFE.x/23be36fdcc9ade0a07f59cad3dff7785', '/home/ec2-user/aws_data_collection/data/ec2-c5.metal/miniFE.x/619ea66aa420ac0c78fb297ead78fd7c', '/home/ec2-user/aws_data_collection/data/ec2-c5.metal/miniFE.x/9a96ec6565057332462ae612b220648b', '/home/ec2-user/aws_data_collection/data/ec2-c5.metal/miniFE.x/bbae15dda98b688f75acd96109d9289d', '/home/ec2-user/aws_data_collection/data/ec2-c5.metal/miniFE.x/8bdb22bea334cbfa6f0cfd670eaebf66', '/home/ec2-user/aws_data_collection/data/ec2-c5.metal/miniFE.x/c09d4efdd32f9868f35f188f4f90ae16']",0.0166,426000000.0,163032440.0,52.0,108.0,2674000000.0,280928391.0,81511630.0,404000000.0,28000000.0,508251907.0,399472399.0,730774090.0,37110056.0,61682.0,100813.0,44.0,33991.0,1399333582.0,27704.0,333002433.0,11576.0,2488.0,0.46674,26061.0,16456.0,872084.0,1042244.0,1392000000.0,392750587.0,482626027.0
"ec2-c5.metal","miniFE.x","miniFE.x","-nx 50 -ny 50 -nz 50","1","ice4hpc","/home/ec2-user/spack/var/spack/environments/ice4hpc/.spack-env/view/bin/miniFE.x","-e perf::L1-DCACHE-STORES -e perf::PERF_COUNT_SW_CONTEXT_SWITCHES -e perf::CONTEXT-SWITCHES -e PAPI_BR_INS -e PAPI_SP_OPS -e PAPI_VEC_SP -e PAPI_TOT_INS -e perf::LLC-STORES -e perf::LLC-STORE-MISSES -e perf::L1-DCACHE-LOADS -e perf::L1-DCACHE-LOAD-MISSES -e perf::DTLB-LOADS -e perf::DTLB-LOAD-MISSES -e perf::DTLB-STORES -e perf::DTLB-STORE-MISSES -e PAPI_BR_PRC -e PAPI_L2_TCM -e clx::RESOURCE_STALLS -e PAPI_DP_OPS -e PAPI_VEC_DP -e PAPI_REF_CYC -e REALTIME -e IO -e clx::HW_INTERRUPTS -e PAPI_BR_TKN -e PAPI_BR_CN -e PAPI_BR_UCN -e perf::ITLB-LOADS -e perf::ITLB-LOAD-MISSES -e perf::LLC-LOADS -e perf::LLC-LOAD-MISSES","['/home/ec2-user/aws_data_collection/data/ec2-c5.metal/miniFE.x/25d6678369e161a83709a9d20c12ca23', '/home/ec2-user/aws_data_collection/data/ec2-c5.metal/miniFE.x/60e84c5c1cb7c098f3770e964576e74d', '/home/ec2-user/aws_data_collection/data/ec2-c5.metal/miniFE.x/7c4daae1cd6b71de23738c2e2be213f5', '/home/ec2-user/aws_data_collection/data/ec2-c5.metal/miniFE.x/9339538e1d168cd9dcca755f4743cfe5', '/home/ec2-user/aws_data_collection/data/ec2-c5.metal/miniFE.x/112ecaef3cdda1d18515670c0e10a804', '/home/ec2-user/aws_data_collection/data/ec2-c5.metal/miniFE.x/9f60284c478cdaa1ca43d43ac5f7a851', '/home/ec2-user/aws_data_collection/data/ec2-c5.metal/miniFE.x/b4fb1eb809b72353853805e243e1105e', '/home/ec2-user/aws_data_collection/data/ec2-c5.metal/miniFE.x/1afb88821209d7c716b38000db430269', '/home/ec2-user/aws_data_collection/data/ec2-c5.metal/miniFE.x/24254c84e3b1784d22f76a0bcf4e6d93']",0.0166,1248000000.0,194100707.0,13.0,13.0,7144000000.0,749885422.0,127517062.0,1120000000.0,146000000.0,1.0,1115776756.0,2664285955.0,151104116.0,24350.0,76803.0,"",73879.0,2662730144.0,97997.0,193638433.0,11576.0,974.0,0.9863000000000003,28459.0,4645.0,1232612.0,13919980.0,2756000000.0,1778127111.0,2181120344.0
"ec2-c5.metal","miniFE.x","miniFE.x","-nx 50 -ny 50 -nz 50","32","ice4hpc","/home/ec2-user/spack/var/spack/environments/ice4hpc/.spack-env/view/bin/miniFE.x","-e PAPI_BR_PRC -e PAPI_L2_TCM -e clx::RESOURCE_STALLS -e REALTIME -e IO -e clx::HW_INTERRUPTS -e PAPI_BR_TKN -e PAPI_BR_CN -e PAPI_BR_UCN -e PAPI_SP_OPS -e PAPI_VEC_SP -e PAPI_TOT_INS -e perf::DTLB-LOADS -e perf::DTLB-LOAD-MISSES -e perf::DTLB-STORES -e perf::DTLB-STORE-MISSES -e PAPI_DP_OPS -e PAPI_VEC_DP -e PAPI_REF_CYC -e perf::LLC-STORES -e perf::LLC-STORE-MISSES -e perf::L1-DCACHE-LOADS -e perf::L1-DCACHE-LOAD-MISSES -e perf::L1-DCACHE-STORES -e perf::PERF_COUNT_SW_CONTEXT_SWITCHES -e perf::CONTEXT-SWITCHES -e PAPI_BR_INS -e perf::ITLB-LOADS -e perf::ITLB-LOAD-MISSES -e perf::LLC-LOADS -e perf::LLC-LOAD-MISSES","['/home/ec2-user/aws_data_collection/data/ec2-c5.metal/miniFE.x/fadfef1728106967a3c0684bffe50484', '/home/ec2-user/aws_data_collection/data/ec2-c5.metal/miniFE.x/8296986dc8f55494bd304a83c4675b08', '/home/ec2-user/aws_data_collection/data/ec2-c5.metal/miniFE.x/4f27a36d73479c0dfb50bb1c259b1848', '/home/ec2-user/aws_data_collection/data/ec2-c5.metal/miniFE.x/248226a1e340b436d1adb7c460e5d7d0', '/home/ec2-user/aws_data_collection/data/ec2-c5.metal/miniFE.x/bfe28ab7f050df1df3b97195ff3e433a', '/home/ec2-user/aws_data_collection/data/ec2-c5.metal/miniFE.x/782b858182e218616ec0dc9513bf8339', '/home/ec2-user/aws_data_collection/data/ec2-c5.metal/miniFE.x/ea8f5f1b1cd5beb8698bc5a1074a507e', '/home/ec2-user/aws_data_collection/data/ec2-c5.metal/miniFE.x/7edc0b79e425069a1c7dc119dad4edc4', '/home/ec2-user/aws_data_collection/data/ec2-c5.metal/miniFE.x/9f4c6ea65f62c8af308bedf54ace8f7b']",0.0,100000000.0,44369024.0,52.0,108.0,664000000.0,54771748.0,21742578.0,82000000.0,2000000.0,28968206.0,63767514.0,216377402.0,4243236.0,9051.0,46738.0,3.0,4456.0,194829231.0,4812.0,53784877.0,11576.0,2446.0,0.110805,4273.0,4513.0,18718.0,154233.0,216000000.0,59820485.0,75011600.0
"ec2-c5.metal","miniFE.x","miniFE.x","-nx 75 -ny 50 -nz 50","1","ice4hpc","/home/ec2-user/spack/var/spack/environments/ice4hpc/.spack-env/view/bin/miniFE.x","-e perf::ITLB-LOADS -e perf::ITLB-LOAD-MISSES -e perf::LLC-LOADS -e perf::LLC-LOAD-MISSES -e perf::L1-DCACHE-STORES -e perf::PERF_COUNT_SW_CONTEXT_SWITCHES -e perf::CONTEXT-SWITCHES -e PAPI_BR_INS -e PAPI_DP_OPS -e PAPI_VEC_DP -e PAPI_REF_CYC -e perf::LLC-STORES -e perf::LLC-STORE-MISSES -e perf::L1-DCACHE-LOADS -e perf::L1-DCACHE-LOAD-MISSES -e perf::DTLB-LOADS -e perf::DTLB-LOAD-MISSES -e perf::DTLB-STORES -e perf::DTLB-STORE-MISSES -e clx::HW_INTERRUPTS -e PAPI_BR_TKN -e PAPI_BR_CN -e PAPI_BR_UCN -e REALTIME -e IO -e PAPI_SP_OPS -e PAPI_VEC_SP -e PAPI_TOT_INS -e PAPI_BR_PRC -e PAPI_L2_TCM -e clx::RESOURCE_STALLS","['/home/ec2-user/aws_data_collection/data/ec2-c5.metal/miniFE.x/c9d460b046db48163bfb04bfa8520937', '/home/ec2-user/aws_data_collection/data/ec2-c5.metal/miniFE.x/0256fd05d1b3b81669ed4e49fde7ee75', '/home/ec2-user/aws_data_collection/data/ec2-c5.metal/miniFE.x/6874cca8c12b3940a66a28b35b0dbf86', '/home/ec2-user/aws_data_collection/data/ec2-c5.metal/miniFE.x/82f635f81f2b22e3b3337258493cd29c', '/home/ec2-user/aws_data_collection/data/ec2-c5.metal/miniFE.x/4c67ad0200a0baf44599af7e1c02a570', '/home/ec2-user/aws_data_collection/data/ec2-c5.metal/miniFE.x/dc8d65881b583f39e8c74fc82bc70c01', '/home/ec2-user/aws_data_collection/data/ec2-c5.metal/miniFE.x/c3e3ecf913e5815ee00ca0a13f7790a8', '/home/ec2-user/aws_data_collection/data/ec2-c5.metal/miniFE.x/194eb2803a584cc2f285b15e6ba8465f', '/home/ec2-user/aws_data_collection/data/ec2-c5.metal/miniFE.x/de1c1476fbec68c98d223a4235375dda']",0.0333,2068000000.0,300953026.0,13.0,13.0,11846000000.0,1290392535.0,198086859.0,1868000000.0,264000000.0,2512016814.0,1862931886.0,4555280670.0,269362157.0,41103.0,230033.0,1.0,90409.0,4555446435.0,150120.0,301506835.0,11576.0,1065.0,1.6982720000000007,9.0,1.0,2907903.0,2.0,4744000000.0,3019638263.0,3658369832.0
"ec2-c5.metal","miniFE.x","miniFE.x","-nx 75 -ny 50 -nz 50","32","ice4hpc","/home/ec2-user/spack/var/spack/environments/ice4hpc/.spack-env/view/bin/miniFE.x","-e REALTIME -e IO -e perf::LLC-STORES -e perf::LLC-STORE-MISSES -e perf::L1-DCACHE-LOADS -e perf::L1-DCACHE-LOAD-MISSES -e PAPI_SP_OPS -e PAPI_VEC_SP -e PAPI_TOT_INS -e perf::L1-DCACHE-STORES -e perf::PERF_COUNT_SW_CONTEXT_SWITCHES -e perf::CONTEXT-SWITCHES -e PAPI_BR_INS -e perf::ITLB-LOADS -e perf::ITLB-LOAD-MISSES -e perf::LLC-LOADS -e perf::LLC-LOAD-MISSES -e PAPI_BR_PRC -e PAPI_L2_TCM -e clx::RESOURCE_STALLS -e clx::HW_INTERRUPTS -e PAPI_BR_TKN -e PAPI_BR_CN -e PAPI_BR_UCN -e perf::DTLB-LOADS -e perf::DTLB-LOAD-MISSES -e perf::DTLB-STORES -e perf::DTLB-STORE-MISSES -e PAPI_DP_OPS -e PAPI_VEC_DP -e PAPI_REF_CYC","['/home/ec2-user/aws_data_collection/data/ec2-c5.metal/miniFE.x/681b118b9fdd9accdd3ad0a438ff83b5', '/home/ec2-user/aws_data_collection/data/ec2-c5.metal/miniFE.x/34c9830143b48d72d8a81442870a4b5e', '/home/ec2-user/aws_data_collection/data/ec2-c5.metal/miniFE.x/b0ae44ca6a6e290c0fd085569164820c', '/home/ec2-user/aws_data_collection/data/ec2-c5.metal/miniFE.x/75e07c76c519460050320d796a373625', '/home/ec2-user/aws_data_collection/data/ec2-c5.metal/miniFE.x/7620d1965a64754f4975de61ac1438f8', '/home/ec2-user/aws_data_collection/data/ec2-c5.metal/miniFE.x/b15f18f6bb0282d46672584602a25d38', '/home/ec2-user/aws_data_collection/data/ec2-c5.metal/miniFE.x/0f3fbd6f164fe538c6b3fbcd64ce4f6b', '/home/ec2-user/aws_data_collection/data/ec2-c5.metal/miniFE.x/5af02c943171b65c45221beb41064966', '/home/ec2-user/aws_data_collection/data/ec2-c5.metal/miniFE.x/f052a4d00d799a56d1949171cc5f8c66']",0.0166,168000000.0,81782391.0,52.0,108.0,586000000.0,53051750.0,12676206.0,78000000.0,6000000.0,59748604.0,117969224.0,357259061.0,8046752.0,22263.0,66327.0,"",6539.0,351579810.0,5390.0,92481691.0,11576.0,2470.0,0.15061999999999998,8425.0,7831.0,50565.0,307332.0,338000000.0,102467425.0,126527366.0
"ec2-c5.metal","miniFE.x","miniFE.x","-nx 75 -ny 75 -nz 50","1","ice4hpc","/home/ec2-user/spack/var/spack/environments/ice4hpc/.spack-env/view/bin/miniFE.x","-e perf::DTLB-LOADS -e perf::DTLB-LOAD-MISSES -e perf::DTLB-STORES -e perf::DTLB-STORE-MISSES -e PAPI_DP_OPS -e PAPI_VEC_DP -e PAPI_REF_CYC -e REALTIME -e IO -e perf::L1-DCACHE-STORES -e perf::PERF_COUNT_SW_CONTEXT_SWITCHES -e perf::CONTEXT-SWITCHES -e PAPI_BR_INS -e perf::LLC-STORES -e perf::LLC-STORE-MISSES -e perf::L1-DCACHE-LOADS -e perf::L1-DCACHE-LOAD-MISSES -e PAPI_BR_PRC -e PAPI_L2_TCM -e clx::RESOURCE_STALLS -e perf::ITLB-LOADS -e perf::ITLB-LOAD-MISSES -e perf::LLC-LOADS -e perf::LLC-LOAD-MISSES -e PAPI_SP_OPS -e PAPI_VEC_SP -e PAPI_TOT_INS -e clx::HW_INTERRUPTS -e PAPI_BR_TKN -e PAPI_BR_CN -e PAPI_BR_UCN","['/home/ec2-user/aws_data_collection/data/ec2-c5.metal/miniFE.x/1d0236fd54e27f05c10c67035df20b8a', '/home/ec2-user/aws_data_collection/data/ec2-c5.metal/miniFE.x/6e8e9e06b23f2f964ad612389e57cdfc', '/home/ec2-user/aws_data_collection/data/ec2-c5.metal/miniFE.x/402abe00f2bb1e9138a80424023450f4', '/home/ec2-user/aws_data_collection/data/ec2-c5.metal/miniFE.x/3a09e852241795b02b23ac2e713bab75', '/home/ec2-user/aws_data_collection/data/ec2-c5.metal/miniFE.x/4452a446fbecdd8e57ff90fbda160638', '/home/ec2-user/aws_data_collection/data/ec2-c5.metal/miniFE.x/141d617ac20e599be964735362f28bc4', '/home/ec2-user/aws_data_collection/data/ec2-c5.metal/miniFE.x/c288e8ab6bb811a741c943260f1c3491', '/home/ec2-user/aws_data_collection/data/ec2-c5.metal/miniFE.x/dc957e555d2c6c57555137630e970f0d', '/home/ec2-user/aws_data_collection/data/ec2-c5.metal/miniFE.x/06111d816ca671b766dea502f63b1ba7']",0.05,3134000000.0,451443713.0,13.0,13.0,17862000000.0,1944091421.0,298172435.0,2834000000.0,398000000.0,4116382147.0,2828311222.0,6895164851.0,403556116.0,53401.0,231049.0,97.0,158309.0,6890045204.0,233724.0,450925569.0,11576.0,1060.0,2.6275679999999997,2.0,3468.0,4890925.0,2.0,7410000000.0,4519852589.0,5475157769.0
"ec2-c5.metal","miniFE.x","miniFE.x","-nx 75 -ny 75 -nz 50","32","ice4hpc","/home/ec2-user/spack/var/spack/environments/ice4hpc/.spack-env/view/bin/miniFE.x","-e PAPI_SP_OPS -e PAPI_VEC_SP -e PAPI_TOT_INS -e PAPI_BR_PRC -e PAPI_L2_TCM -e clx::RESOURCE_STALLS -e perf::LLC-STORES -e perf::LLC-STORE-MISSES -e perf::L1-DCACHE-LOADS -e perf::L1-DCACHE-LOAD-MISSES -e perf::ITLB-LOADS -e perf::ITLB-LOAD-MISSES -e perf::LLC-LOADS -e perf::LLC-LOAD-MISSES -e clx::HW_INTERRUPTS -e PAPI_BR_TKN -e PAPI_BR_CN -e PAPI_BR_UCN -e REALTIME -e IO -e perf::L1-DCACHE-STORES -e perf::PERF_COUNT_SW_CONTEXT_SWITCHES -e perf::CONTEXT-SWITCHES -e PAPI_BR_INS -e PAPI_DP_OPS -e PAPI_VEC_DP -e PAPI_REF_CYC -e perf::DTLB-LOADS -e perf::DTLB-LOAD-MISSES -e perf::DTLB-STORES -e perf::DTLB-STORE-MISSES","['/home/ec2-user/aws_data_collection/data/ec2-c5.metal/miniFE.x/30ef5902a159a8df2c2bb42e8f873c07', '/home/ec2-user/aws_data_collection/data/ec2-c5.metal/miniFE.x/5703ec3a74d6fa701d7fc7aed531b7d3', '/home/ec2-user/aws_data_collection/data/ec2-c5.metal/miniFE.x/c51b915911ae4fbe1851e3a24dde028f', '/home/ec2-user/aws_data_collection/data/ec2-c5.metal/miniFE.x/4775f5f4c75a7912ca9d17cd27e19e2e', '/home/ec2-user/aws_data_collection/data/ec2-c5.metal/miniFE.x/e24507010c61b4c0b34f28ecbaa5a13d', '/home/ec2-user/aws_data_collection/data/ec2-c5.metal/miniFE.x/07fb07b574b8a51d39849a6bfb6e6035', '/home/ec2-user/aws_data_collection/data/ec2-c5.metal/miniFE.x/91718043b82e63e7be9c36dd7ee44524', '/home/ec2-user/aws_data_collection/data/ec2-c5.metal/miniFE.x/00991c207e115cd56da9976fce3e9c18', '/home/ec2-user/aws_data_collection/data/ec2-c5.metal/miniFE.x/9a7279638d5f6c410c67b328c7a8b9bf']",0.0166,246000000.0,122963722.0,52.0,108.0,1418000000.0,138875059.0,48669167.0,200000000.0,10000000.0,123966035.0,181418227.0,576830454.0,12430222.0,33861.0,67072.0,"",5449.0,481115549.0,8778.0,107431690.0,11576.0,2422.0,0.19046500000000002,15780.0,8097.0,207953.0,353226.0,528000000.0,149547416.0,184159686.0
