"machine","app","exec","args","ranks","spack_env","exec_path","events","path","duration","perf::L1-DCACHE-STORES","perf::LLC-STORE-MISSES","perf::L1-DCACHE-LOADS","perf::L1-DCACHE-LOAD-MISSES","perf::LLC-STORES","IO Bytes Written","IO Bytes Read","REALTIME (sec)","perf::DTLB-LOAD-MISSES","perf::DTLB-LOADS","perf::DTLB-STORE-MISSES","perf::DTLB-STORES","PAPI_TOT_INS","perf::ITLB-LOAD-MISSES","perf::ITLB-LOADS","perf::LLC-LOAD-MISSES","perf::LLC-LOADS","PAPI_VEC_DP (proxy)","PAPI_REF_CYC","PAPI_DP_OPS (proxy)","clx::RESOURCE_STALLS","clx::HW_INTERRUPTS"
"ec2-c5.metal","laghos","laghos","-p 1 -dim 2 -rs 2 -tf 3 ","1","ice4hpc","/home/ec2-user/spack/var/spack/environments/ice4hpc/.spack-env/view/bin/laghos","-e perf::ITLB-LOADS -e perf::ITLB-LOAD-MISSES -e perf::LLC-LOADS -e perf::LLC-LOAD-MISSES -e PAPI_DP_OPS -e PAPI_VEC_DP -e PAPI_REF_CYC -e perf::DTLB-LOADS -e perf::DTLB-LOAD-MISSES -e perf::DTLB-STORES -e perf::DTLB-STORE-MISSES -e PAPI_BR_PRC -e PAPI_L2_TCM -e clx::RESOURCE_STALLS -e perf::LLC-STORES -e perf::LLC-STORE-MISSES -e perf::L1-DCACHE-LOADS -e perf::L1-DCACHE-LOAD-MISSES -e perf::L1-DCACHE-STORES -e perf::PERF_COUNT_SW_CONTEXT_SWITCHES -e perf::CONTEXT-SWITCHES -e PAPI_BR_INS -e REALTIME -e IO -e clx::HW_INTERRUPTS -e PAPI_BR_TKN -e PAPI_BR_CN -e PAPI_BR_UCN -e PAPI_SP_OPS -e PAPI_VEC_SP -e PAPI_TOT_INS","['/home/ec2-user/aws_data_collection/data/ec2-c5.metal/laghos/e49fd60d4dfb4b4432bc5ef03b334056', '/home/ec2-user/aws_data_collection/data/ec2-c5.metal/laghos/2bc38c6142a2574733d9fd769554ff16', '/home/ec2-user/aws_data_collection/data/ec2-c5.metal/laghos/8b4842e7fdf1a7a736364db47903956e', '/home/ec2-user/aws_data_collection/data/ec2-c5.metal/laghos/d9589f7ae52dc261cc81e758334ed84f', '/home/ec2-user/aws_data_collection/data/ec2-c5.metal/laghos/a26b6c3698973b59d5ff4fb0d6b3d31f', '/home/ec2-user/aws_data_collection/data/ec2-c5.metal/laghos/724057b2d4d76b075eecfe1afc6c6a4a', '/home/ec2-user/aws_data_collection/data/ec2-c5.metal/laghos/2c4c299146a0537812772e4062de5256', '/home/ec2-user/aws_data_collection/data/ec2-c5.metal/laghos/7f8aaf06ba46f2e01e47c5d997d583c9', '/home/ec2-user/aws_data_collection/data/ec2-c5.metal/laghos/fedad91e43bfc8e9358cf948ddcdc20d']",0.0333,1.0,161.0,1.0,2.0,1321.0,3123.0,11576.0,0.040087000000000005,1938.0,1.0,131.0,219.0,2000000.0,3781.0,1650.0,3084.0,12684.0,9.0,2000000.0,9.0,2.0,""
"ec2-c5.metal","laghos","laghos","-p 1 -dim 2 -rs 2 -tf 3 ","32","ice4hpc","/home/ec2-user/spack/var/spack/environments/ice4hpc/.spack-env/view/bin/laghos","-e perf::L1-DCACHE-STORES -e perf::PERF_COUNT_SW_CONTEXT_SWITCHES -e perf::CONTEXT-SWITCHES -e PAPI_BR_INS -e PAPI_DP_OPS -e PAPI_VEC_DP -e PAPI_REF_CYC -e PAPI_SP_OPS -e PAPI_VEC_SP -e PAPI_TOT_INS -e perf::LLC-STORES -e perf::LLC-STORE-MISSES -e perf::L1-DCACHE-LOADS -e perf::L1-DCACHE-LOAD-MISSES -e perf::ITLB-LOADS -e perf::ITLB-LOAD-MISSES -e perf::LLC-LOADS -e perf::LLC-LOAD-MISSES -e perf::DTLB-LOADS -e perf::DTLB-LOAD-MISSES -e perf::DTLB-STORES -e perf::DTLB-STORE-MISSES -e PAPI_BR_PRC -e PAPI_L2_TCM -e clx::RESOURCE_STALLS -e REALTIME -e IO -e clx::HW_INTERRUPTS -e PAPI_BR_TKN -e PAPI_BR_CN -e PAPI_BR_UCN","['/home/ec2-user/aws_data_collection/data/ec2-c5.metal/laghos/c4ec192bb96f9b6cfd855baddd119288', '/home/ec2-user/aws_data_collection/data/ec2-c5.metal/laghos/08a900bdd8cdb2d20121e7db5b7b0d42', '/home/ec2-user/aws_data_collection/data/ec2-c5.metal/laghos/ea1664afb59b6cff7f9da49e9ffa5bfa', '/home/ec2-user/aws_data_collection/data/ec2-c5.metal/laghos/866b4b875be38b561d4e276c6bc6c3b1', '/home/ec2-user/aws_data_collection/data/ec2-c5.metal/laghos/4ae5ad565dc96d6c85d5ccaba14cfa5f', '/home/ec2-user/aws_data_collection/data/ec2-c5.metal/laghos/3f46581c3d84eab5a2d3f54d19162513', '/home/ec2-user/aws_data_collection/data/ec2-c5.metal/laghos/565bb2f2b95d24cbc8dac0fe0f785223', '/home/ec2-user/aws_data_collection/data/ec2-c5.metal/laghos/f10d3e16429910da270d208d80b78e7c', '/home/ec2-user/aws_data_collection/data/ec2-c5.metal/laghos/d7df2a13edf55c2e2bda15b3c2758487']",0.0333,1.0,475.0,2.0,2.0,3877.0,4139.0,11576.0,0.040399,1945.0,1.0,168.0,32158.0,2000000.0,68.0,2.0,2.0,2.0,9.0,2000000.0,9.0,2.0,""
"ec2-c5.metal","laghos","laghos","-p 1 -dim 2 -rs 2 -tf 3 -pa","1","ice4hpc","/home/ec2-user/spack/var/spack/environments/ice4hpc/.spack-env/view/bin/laghos","-e PAPI_DP_OPS -e PAPI_VEC_DP -e PAPI_REF_CYC -e perf::DTLB-LOADS -e perf::DTLB-LOAD-MISSES -e perf::DTLB-STORES -e perf::DTLB-STORE-MISSES -e perf::LLC-STORES -e perf::LLC-STORE-MISSES -e perf::L1-DCACHE-LOADS -e perf::L1-DCACHE-LOAD-MISSES -e PAPI_BR_PRC -e PAPI_L2_TCM -e clx::RESOURCE_STALLS -e clx::HW_INTERRUPTS -e PAPI_BR_TKN -e PAPI_BR_CN -e PAPI_BR_UCN -e REALTIME -e IO -e perf::L1-DCACHE-STORES -e perf::PERF_COUNT_SW_CONTEXT_SWITCHES -e perf::CONTEXT-SWITCHES -e PAPI_BR_INS -e perf::ITLB-LOADS -e perf::ITLB-LOAD-MISSES -e perf::LLC-LOADS -e perf::LLC-LOAD-MISSES -e PAPI_SP_OPS -e PAPI_VEC_SP -e PAPI_TOT_INS","['/home/ec2-user/aws_data_collection/data/ec2-c5.metal/laghos/f81216da1efeb6f0966bf942fd75a90d', '/home/ec2-user/aws_data_collection/data/ec2-c5.metal/laghos/ff65b263c0632c25a6e25832dad7777e', '/home/ec2-user/aws_data_collection/data/ec2-c5.metal/laghos/d129d247796adef4ae4da22929fdf933', '/home/ec2-user/aws_data_collection/data/ec2-c5.metal/laghos/6c661691faeb2f3cb133067b760886c4', '/home/ec2-user/aws_data_collection/data/ec2-c5.metal/laghos/ed05d732495a7d961fe8289c386b45df', '/home/ec2-user/aws_data_collection/data/ec2-c5.metal/laghos/b22e89df827a1c2571658b9f78323233', '/home/ec2-user/aws_data_collection/data/ec2-c5.metal/laghos/1ee85bc8ced91fdf2e37c8fb404cc6a3', '/home/ec2-user/aws_data_collection/data/ec2-c5.metal/laghos/f70a9f34e38ef08832de60349cd5fbd8', '/home/ec2-user/aws_data_collection/data/ec2-c5.metal/laghos/2fc0065bd719c2874763b0f7b4404207']",0.0333,1.0,227.0,1.0,2.0,886.0,3123.0,11576.0,0.045085999999999994,41.0,1.0,213.0,212.0,2000000.0,"",1512.0,1.0,613.0,"","","",1.0,""
"ec2-c5.metal","laghos","laghos","-p 1 -dim 2 -rs 2 -tf 3 -pa","32","ice4hpc","/home/ec2-user/spack/var/spack/environments/ice4hpc/.spack-env/view/bin/laghos","-e perf::L1-DCACHE-STORES -e perf::PERF_COUNT_SW_CONTEXT_SWITCHES -e perf::CONTEXT-SWITCHES -e PAPI_BR_INS -e perf::ITLB-LOADS -e perf::ITLB-LOAD-MISSES -e perf::LLC-LOADS -e perf::LLC-LOAD-MISSES -e REALTIME -e IO -e perf::DTLB-LOADS -e perf::DTLB-LOAD-MISSES -e perf::DTLB-STORES -e perf::DTLB-STORE-MISSES -e PAPI_BR_PRC -e PAPI_L2_TCM -e clx::RESOURCE_STALLS -e PAPI_DP_OPS -e PAPI_VEC_DP -e PAPI_REF_CYC -e PAPI_SP_OPS -e PAPI_VEC_SP -e PAPI_TOT_INS -e perf::LLC-STORES -e perf::LLC-STORE-MISSES -e perf::L1-DCACHE-LOADS -e perf::L1-DCACHE-LOAD-MISSES -e clx::HW_INTERRUPTS -e PAPI_BR_TKN -e PAPI_BR_CN -e PAPI_BR_UCN","['/home/ec2-user/aws_data_collection/data/ec2-c5.metal/laghos/94d99b55fd65454ee409eac062dc7a3d', '/home/ec2-user/aws_data_collection/data/ec2-c5.metal/laghos/99758bd9e4e7e02f6e1dd250b5fe48fa', '/home/ec2-user/aws_data_collection/data/ec2-c5.metal/laghos/af54e978e24e7bdd72d0f82e15bc5318', '/home/ec2-user/aws_data_collection/data/ec2-c5.metal/laghos/c443fe313872c95aca13418aebfee86f', '/home/ec2-user/aws_data_collection/data/ec2-c5.metal/laghos/2facc5b22b31e9cdbd8f9013c3013fb7', '/home/ec2-user/aws_data_collection/data/ec2-c5.metal/laghos/15300237bf15f2284785edd175123af1', '/home/ec2-user/aws_data_collection/data/ec2-c5.metal/laghos/0b3034d336a3b5056b63735ac951b61e', '/home/ec2-user/aws_data_collection/data/ec2-c5.metal/laghos/f544854c70b0f999e0aa9e0798f9b1a2', '/home/ec2-user/aws_data_collection/data/ec2-c5.metal/laghos/270d05377acb3fab642c88c9940d67a7']",0.05,1.0,246.0,2.0,2.0,79.0,4131.0,11576.0,0.040252,2052.0,1.0,173.0,201.0,2000000.0,62.0,4688.0,4452.0,21216.0,9.0,2000000.0,9.0,2.0,""
"ec2-c5.metal","laghos","laghos","-p 1 -dim 2 -rs 2 -tf 3.5 ","1","ice4hpc","/home/ec2-user/spack/var/spack/environments/ice4hpc/.spack-env/view/bin/laghos","-e PAPI_DP_OPS -e PAPI_VEC_DP -e PAPI_REF_CYC -e perf::DTLB-LOADS -e perf::DTLB-LOAD-MISSES -e perf::DTLB-STORES -e perf::DTLB-STORE-MISSES -e perf::L1-DCACHE-STORES -e perf::PERF_COUNT_SW_CONTEXT_SWITCHES -e perf::CONTEXT-SWITCHES -e PAPI_BR_INS -e perf::ITLB-LOADS -e perf::ITLB-LOAD-MISSES -e perf::LLC-LOADS -e perf::LLC-LOAD-MISSES -e REALTIME -e IO -e clx::HW_INTERRUPTS -e PAPI_BR_TKN -e PAPI_BR_CN -e PAPI_BR_UCN -e perf::LLC-STORES -e perf::LLC-STORE-MISSES -e perf::L1-DCACHE-LOADS -e perf::L1-DCACHE-LOAD-MISSES -e PAPI_SP_OPS -e PAPI_VEC_SP -e PAPI_TOT_INS -e PAPI_BR_PRC -e PAPI_L2_TCM -e clx::RESOURCE_STALLS","['/home/ec2-user/aws_data_collection/data/ec2-c5.metal/laghos/5d527ad4cf382f555f423ca57adb8b56', '/home/ec2-user/aws_data_collection/data/ec2-c5.metal/laghos/5adc3d6e2cafb4851d1a90de13bd402d', '/home/ec2-user/aws_data_collection/data/ec2-c5.metal/laghos/322de595d4bbba0097a7ff390dfd8432', '/home/ec2-user/aws_data_collection/data/ec2-c5.metal/laghos/a9bf7c417fd8933c51ba78a6f3a17fbb', '/home/ec2-user/aws_data_collection/data/ec2-c5.metal/laghos/ca3040361a7f6fb3e458e30291d3e3a0', '/home/ec2-user/aws_data_collection/data/ec2-c5.metal/laghos/536090ec298224027f713536b02bed66', '/home/ec2-user/aws_data_collection/data/ec2-c5.metal/laghos/ee6daea9cb11b3342ebc97be135c67d4', '/home/ec2-user/aws_data_collection/data/ec2-c5.metal/laghos/d136841fe5462787e736370f057a1df6', '/home/ec2-user/aws_data_collection/data/ec2-c5.metal/laghos/07876d0c8896c09f75cae4c0b6771ac9']",0.0333,1.0,203.0,1.0,2.0,756.0,3131.0,11576.0,0.040077,2032.0,1.0,1.0,2.0,2000000.0,1582.0,298.0,1011.0,17928.0,9.0,2000000.0,9.0,2.0,""
"ec2-c5.metal","laghos","laghos","-p 1 -dim 2 -rs 2 -tf 3.5 ","32","ice4hpc","/home/ec2-user/spack/var/spack/environments/ice4hpc/.spack-env/view/bin/laghos","-e clx::HW_INTERRUPTS -e PAPI_BR_TKN -e PAPI_BR_CN -e PAPI_BR_UCN -e PAPI_SP_OPS -e PAPI_VEC_SP -e PAPI_TOT_INS -e PAPI_DP_OPS -e PAPI_VEC_DP -e PAPI_REF_CYC -e PAPI_BR_PRC -e PAPI_L2_TCM -e clx::RESOURCE_STALLS -e REALTIME -e IO -e perf::DTLB-LOADS -e perf::DTLB-LOAD-MISSES -e perf::DTLB-STORES -e perf::DTLB-STORE-MISSES -e perf::L1-DCACHE-STORES -e perf::PERF_COUNT_SW_CONTEXT_SWITCHES -e perf::CONTEXT-SWITCHES -e PAPI_BR_INS -e perf::ITLB-LOADS -e perf::ITLB-LOAD-MISSES -e perf::LLC-LOADS -e perf::LLC-LOAD-MISSES -e perf::LLC-STORES -e perf::LLC-STORE-MISSES -e perf::L1-DCACHE-LOADS -e perf::L1-DCACHE-LOAD-MISSES","['/home/ec2-user/aws_data_collection/data/ec2-c5.metal/laghos/6cd9cd1447ab4fe054918b99f20931ca', '/home/ec2-user/aws_data_collection/data/ec2-c5.metal/laghos/a5e7a0680cfe7fa8db1beb5014b2770c', '/home/ec2-user/aws_data_collection/data/ec2-c5.metal/laghos/362b0d407567870f6097730f49448560', '/home/ec2-user/aws_data_collection/data/ec2-c5.metal/laghos/8dc84f30d1e6edd18e7650dca0f0a6a5', '/home/ec2-user/aws_data_collection/data/ec2-c5.metal/laghos/d5efeee9f68b0eaa601326525e92381c', '/home/ec2-user/aws_data_collection/data/ec2-c5.metal/laghos/902a150f1b49c6fd1bb14cfed3f1b80f', '/home/ec2-user/aws_data_collection/data/ec2-c5.metal/laghos/54bae16e485d14ed7778dddbfa3043ac', '/home/ec2-user/aws_data_collection/data/ec2-c5.metal/laghos/fd9a842490e4197650f25ea513696b5c', '/home/ec2-user/aws_data_collection/data/ec2-c5.metal/laghos/f331cbb8a3a1791ae38627be31474f4b']",0.0333,1.0,6.0,2.0,2.0,2344.0,4243.0,11576.0,0.0455,8232.0,1.0,244.0,29015.0,2000000.0,1.0,1684.0,2008.0,7828.0,9.0,2000000.0,9.0,1.0,""
"ec2-c5.metal","laghos","laghos","-p 1 -dim 2 -rs 2 -tf 3.5 -pa","1","ice4hpc","/home/ec2-user/spack/var/spack/environments/ice4hpc/.spack-env/view/bin/laghos","-e PAPI_DP_OPS -e PAPI_VEC_DP -e PAPI_REF_CYC -e PAPI_BR_PRC -e PAPI_L2_TCM -e clx::RESOURCE_STALLS -e PAPI_SP_OPS -e PAPI_VEC_SP -e PAPI_TOT_INS -e perf::ITLB-LOADS -e perf::ITLB-LOAD-MISSES -e perf::LLC-LOADS -e perf::LLC-LOAD-MISSES -e REALTIME -e IO -e perf::LLC-STORES -e perf::LLC-STORE-MISSES -e perf::L1-DCACHE-LOADS -e perf::L1-DCACHE-LOAD-MISSES -e perf::DTLB-LOADS -e perf::DTLB-LOAD-MISSES -e perf::DTLB-STORES -e perf::DTLB-STORE-MISSES -e perf::L1-DCACHE-STORES -e perf::PERF_COUNT_SW_CONTEXT_SWITCHES -e perf::CONTEXT-SWITCHES -e PAPI_BR_INS -e clx::HW_INTERRUPTS -e PAPI_BR_TKN -e PAPI_BR_CN -e PAPI_BR_UCN","['/home/ec2-user/aws_data_collection/data/ec2-c5.metal/laghos/3de0b2ea7e90bf4537df4e3455f91bef', '/home/ec2-user/aws_data_collection/data/ec2-c5.metal/laghos/0b776db62032d2ae849f6def93381f04', '/home/ec2-user/aws_data_collection/data/ec2-c5.metal/laghos/016b737e626a8260b6fa6e7b2f274d09', '/home/ec2-user/aws_data_collection/data/ec2-c5.metal/laghos/4f69c8fbed8f94957e005f5bf18cc08d', '/home/ec2-user/aws_data_collection/data/ec2-c5.metal/laghos/1ac72ab9612ffda601d89327c910b7e6', '/home/ec2-user/aws_data_collection/data/ec2-c5.metal/laghos/2eea01845c531e37c48d04e76e6bda8e', '/home/ec2-user/aws_data_collection/data/ec2-c5.metal/laghos/60f224c8b9563ecf6bf34f323a84405a', '/home/ec2-user/aws_data_collection/data/ec2-c5.metal/laghos/118de1bcd946a4525b9e44e2d5619923', '/home/ec2-user/aws_data_collection/data/ec2-c5.metal/laghos/7803366d323a9a13e5a9e0821f7b03be']",0.0333,1.0,43.0,1.0,2.0,6.0,3131.0,11576.0,0.040071,2052.0,1.0,235.0,223.0,2000000.0,56.0,1421.0,1.0,2.0,9.0,2000000.0,9.0,1.0,""
"ec2-c5.metal","laghos","laghos","-p 1 -dim 2 -rs 2 -tf 3.5 -pa","32","ice4hpc","/home/ec2-user/spack/var/spack/environments/ice4hpc/.spack-env/view/bin/laghos","-e PAPI_SP_OPS -e PAPI_VEC_SP -e PAPI_TOT_INS -e perf::LLC-STORES -e perf::LLC-STORE-MISSES -e perf::L1-DCACHE-LOADS -e perf::L1-DCACHE-LOAD-MISSES -e perf::L1-DCACHE-STORES -e perf::PERF_COUNT_SW_CONTEXT_SWITCHES -e perf::CONTEXT-SWITCHES -e PAPI_BR_INS -e PAPI_DP_OPS -e PAPI_VEC_DP -e PAPI_REF_CYC -e clx::HW_INTERRUPTS -e PAPI_BR_TKN -e PAPI_BR_CN -e PAPI_BR_UCN -e perf::DTLB-LOADS -e perf::DTLB-LOAD-MISSES -e perf::DTLB-STORES -e perf::DTLB-STORE-MISSES -e PAPI_BR_PRC -e PAPI_L2_TCM -e clx::RESOURCE_STALLS -e REALTIME -e IO -e perf::ITLB-LOADS -e perf::ITLB-LOAD-MISSES -e perf::LLC-LOADS -e perf::LLC-LOAD-MISSES","['/home/ec2-user/aws_data_collection/data/ec2-c5.metal/laghos/67d89513bd80f0d97f731fd8b3c52db6', '/home/ec2-user/aws_data_collection/data/ec2-c5.metal/laghos/86dda37f061147bb057ef7b2ccb570c9', '/home/ec2-user/aws_data_collection/data/ec2-c5.metal/laghos/f5c36077f45c1ff7d0641b68aaa3592b', '/home/ec2-user/aws_data_collection/data/ec2-c5.metal/laghos/68d173028e49be316fd057c470eb4022', '/home/ec2-user/aws_data_collection/data/ec2-c5.metal/laghos/6a6c31fa1a3aec06b8fbed49caa205d5', '/home/ec2-user/aws_data_collection/data/ec2-c5.metal/laghos/65d5f42e5199cb9478d79b28bb02f9ee', '/home/ec2-user/aws_data_collection/data/ec2-c5.metal/laghos/23f71e36bd840e731723c29316268a47', '/home/ec2-user/aws_data_collection/data/ec2-c5.metal/laghos/c81270922e5235069417deb63bf45d61', '/home/ec2-user/aws_data_collection/data/ec2-c5.metal/laghos/ec9d9569008be4af9afb677f0bdcb7b6']",0.05,1.0,265.0,2.0,2.0,2984.0,4683.0,11576.0,0.045546,3224.0,1.0,170.0,29231.0,2000000.0,2.0,2.0,1.0,2.0,9.0,2000000.0,9.0,1.0,""
"ec2-c5.metal","laghos","laghos","-p 1 -dim 2 -rs 2 -tf 4 ","1","ice4hpc","/home/ec2-user/spack/var/spack/environments/ice4hpc/.spack-env/view/bin/laghos","-e PAPI_DP_OPS -e PAPI_VEC_DP -e PAPI_REF_CYC -e clx::HW_INTERRUPTS -e PAPI_BR_TKN -e PAPI_BR_CN -e PAPI_BR_UCN -e PAPI_BR_PRC -e PAPI_L2_TCM -e clx::RESOURCE_STALLS -e REALTIME -e IO -e perf::LLC-STORES -e perf::LLC-STORE-MISSES -e perf::L1-DCACHE-LOADS -e perf::L1-DCACHE-LOAD-MISSES -e PAPI_SP_OPS -e PAPI_VEC_SP -e PAPI_TOT_INS -e perf::ITLB-LOADS -e perf::ITLB-LOAD-MISSES -e perf::LLC-LOADS -e perf::LLC-LOAD-MISSES -e perf::L1-DCACHE-STORES -e perf::PERF_COUNT_SW_CONTEXT_SWITCHES -e perf::CONTEXT-SWITCHES -e PAPI_BR_INS -e perf::DTLB-LOADS -e perf::DTLB-LOAD-MISSES -e perf::DTLB-STORES -e perf::DTLB-STORE-MISSES","['/home/ec2-user/aws_data_collection/data/ec2-c5.metal/laghos/d72156b202e0fe0d4a06583b17762fca', '/home/ec2-user/aws_data_collection/data/ec2-c5.metal/laghos/fdae7dbea4c6614058ae68f74f2b61a6', '/home/ec2-user/aws_data_collection/data/ec2-c5.metal/laghos/2e0d3d165cee049b1e8ee320a5f87511', '/home/ec2-user/aws_data_collection/data/ec2-c5.metal/laghos/68110c62d05296c41a92ec97d7685b60', '/home/ec2-user/aws_data_collection/data/ec2-c5.metal/laghos/70638cae7832942d6abadbe40120d961', '/home/ec2-user/aws_data_collection/data/ec2-c5.metal/laghos/f5a9d6cc3fa8a68de9086230b7ad72df', '/home/ec2-user/aws_data_collection/data/ec2-c5.metal/laghos/5b38552786c3ab03f3dbd48ad0f7130f', '/home/ec2-user/aws_data_collection/data/ec2-c5.metal/laghos/2198a9c2a1edaaf4a9bef42fe831f7ee', '/home/ec2-user/aws_data_collection/data/ec2-c5.metal/laghos/98091c77ff0fe88a5b23d76c83949d94']",0.05,1.0,117.0,1.0,2.0,1399.0,3131.0,11576.0,0.040356,1752.0,1.0,1.0,210.0,2000000.0,9.0,782.0,2098.0,2.0,9.0,2000000.0,9.0,2.0,""
"ec2-c5.metal","laghos","laghos","-p 1 -dim 2 -rs 2 -tf 4 ","32","ice4hpc","/home/ec2-user/spack/var/spack/environments/ice4hpc/.spack-env/view/bin/laghos","-e perf::L1-DCACHE-STORES -e perf::PERF_COUNT_SW_CONTEXT_SWITCHES -e perf::CONTEXT-SWITCHES -e PAPI_BR_INS -e PAPI_DP_OPS -e PAPI_VEC_DP -e PAPI_REF_CYC -e perf::DTLB-LOADS -e perf::DTLB-LOAD-MISSES -e perf::DTLB-STORES -e perf::DTLB-STORE-MISSES -e clx::HW_INTERRUPTS -e PAPI_BR_TKN -e PAPI_BR_CN -e PAPI_BR_UCN -e perf::ITLB-LOADS -e perf::ITLB-LOAD-MISSES -e perf::LLC-LOADS -e perf::LLC-LOAD-MISSES -e REALTIME -e IO -e PAPI_SP_OPS -e PAPI_VEC_SP -e PAPI_TOT_INS -e perf::LLC-STORES -e perf::LLC-STORE-MISSES -e perf::L1-DCACHE-LOADS -e perf::L1-DCACHE-LOAD-MISSES -e PAPI_BR_PRC -e PAPI_L2_TCM -e clx::RESOURCE_STALLS","['/home/ec2-user/aws_data_collection/data/ec2-c5.metal/laghos/7a41b3613f46fb4e77df81ea0542d045', '/home/ec2-user/aws_data_collection/data/ec2-c5.metal/laghos/95d35d9943f939e91d0c0d5c78bf7b05', '/home/ec2-user/aws_data_collection/data/ec2-c5.metal/laghos/03577d276fcc9d42da8a1c0a11defe6e', '/home/ec2-user/aws_data_collection/data/ec2-c5.metal/laghos/344ec9a3f8129756047edcac29c1af98', '/home/ec2-user/aws_data_collection/data/ec2-c5.metal/laghos/0740e2b67fac0ad5f7810d6c5f3484b1', '/home/ec2-user/aws_data_collection/data/ec2-c5.metal/laghos/2e257286545137f50e5e4e6f127fcec2', '/home/ec2-user/aws_data_collection/data/ec2-c5.metal/laghos/0827f8c14d69e2debea85948fc1c5668', '/home/ec2-user/aws_data_collection/data/ec2-c5.metal/laghos/2a0770a628366ad85ffb7df0a92f19fe', '/home/ec2-user/aws_data_collection/data/ec2-c5.metal/laghos/9b88ee6acfeb718f74776f24a6c0d53b']",0.05,1.0,245.0,2.0,2.0,2150.0,4579.0,11576.0,0.045403,3081.0,1.0,231.0,32514.0,2000000.0,1686.0,22.0,62.0,655.0,9.0,2000000.0,9.0,2.0,""
"ec2-c5.metal","laghos","laghos","-p 1 -dim 2 -rs 2 -tf 4 -pa","1","ice4hpc","/home/ec2-user/spack/var/spack/environments/ice4hpc/.spack-env/view/bin/laghos","-e perf::L1-DCACHE-STORES -e perf::PERF_COUNT_SW_CONTEXT_SWITCHES -e perf::CONTEXT-SWITCHES -e PAPI_BR_INS -e perf::ITLB-LOADS -e perf::ITLB-LOAD-MISSES -e perf::LLC-LOADS -e perf::LLC-LOAD-MISSES -e perf::DTLB-LOADS -e perf::DTLB-LOAD-MISSES -e perf::DTLB-STORES -e perf::DTLB-STORE-MISSES -e PAPI_SP_OPS -e PAPI_VEC_SP -e PAPI_TOT_INS -e clx::HW_INTERRUPTS -e PAPI_BR_TKN -e PAPI_BR_CN -e PAPI_BR_UCN -e perf::LLC-STORES -e perf::LLC-STORE-MISSES -e perf::L1-DCACHE-LOADS -e perf::L1-DCACHE-LOAD-MISSES -e REALTIME -e IO -e PAPI_DP_OPS -e PAPI_VEC_DP -e PAPI_REF_CYC -e PAPI_BR_PRC -e PAPI_L2_TCM -e clx::RESOURCE_STALLS","['/home/ec2-user/aws_data_collection/data/ec2-c5.metal/laghos/82e072ba2f37ead42ece384e5ed80b1d', '/home/ec2-user/aws_data_collection/data/ec2-c5.metal/laghos/de6bd7cbebe699096938c43831f90695', '/home/ec2-user/aws_data_collection/data/ec2-c5.metal/laghos/3df00b378f7df9206d7bef124c60ba1e', '/home/ec2-user/aws_data_collection/data/ec2-c5.metal/laghos/ecd800b40ee7a964a10adbb19c927abb', '/home/ec2-user/aws_data_collection/data/ec2-c5.metal/laghos/a917c16e1e4418593bb2400ce6b348b8', '/home/ec2-user/aws_data_collection/data/ec2-c5.metal/laghos/b855d411dcd0773e6428552c8b20c664', '/home/ec2-user/aws_data_collection/data/ec2-c5.metal/laghos/def035312bbf8b62b9e27204cdc23f11', '/home/ec2-user/aws_data_collection/data/ec2-c5.metal/laghos/af27ede8aa1acd633122973dc7ccc909', '/home/ec2-user/aws_data_collection/data/ec2-c5.metal/laghos/e321926cc0135a93e9860d4e4c4631c3']",0.0333,1.0,723.0,1.0,2.0,1256.0,3115.0,11576.0,0.040382,2363.0,1.0,251.0,226.0,2000000.0,7333.0,1645.0,3576.0,16846.0,"","","",2.0,""
"ec2-c5.metal","laghos","laghos","-p 1 -dim 2 -rs 2 -tf 4 -pa","32","ice4hpc","/home/ec2-user/spack/var/spack/environments/ice4hpc/.spack-env/view/bin/laghos","-e clx::HW_INTERRUPTS -e PAPI_BR_TKN -e PAPI_BR_CN -e PAPI_BR_UCN -e PAPI_DP_OPS -e PAPI_VEC_DP -e PAPI_REF_CYC -e PAPI_SP_OPS -e PAPI_VEC_SP -e PAPI_TOT_INS -e REALTIME -e IO -e perf::ITLB-LOADS -e perf::ITLB-LOAD-MISSES -e perf::LLC-LOADS -e perf::LLC-LOAD-MISSES -e PAPI_BR_PRC -e PAPI_L2_TCM -e clx::RESOURCE_STALLS -e perf::L1-DCACHE-STORES -e perf::PERF_COUNT_SW_CONTEXT_SWITCHES -e perf::CONTEXT-SWITCHES -e PAPI_BR_INS -e perf::DTLB-LOADS -e perf::DTLB-LOAD-MISSES -e perf::DTLB-STORES -e perf::DTLB-STORE-MISSES -e perf::LLC-STORES -e perf::LLC-STORE-MISSES -e perf::L1-DCACHE-LOADS -e perf::L1-DCACHE-LOAD-MISSES","['/home/ec2-user/aws_data_collection/data/ec2-c5.metal/laghos/4971ffbcd3b2ad5f8b896834991ed3a7', '/home/ec2-user/aws_data_collection/data/ec2-c5.metal/laghos/6a70a2a51423e5ab267dbaa12bb6d9c7', '/home/ec2-user/aws_data_collection/data/ec2-c5.metal/laghos/8ade8b39c40f6c3c5ff5de0e2d83f1f0', '/home/ec2-user/aws_data_collection/data/ec2-c5.metal/laghos/87cd6d2c22f6976ec868711ec933e09b', '/home/ec2-user/aws_data_collection/data/ec2-c5.metal/laghos/533382cdf732efa8e519ee152f57215e', '/home/ec2-user/aws_data_collection/data/ec2-c5.metal/laghos/4186fe534826cdf7c3ffebb8f0101068', '/home/ec2-user/aws_data_collection/data/ec2-c5.metal/laghos/65f7c53cebb585e10abeae8a9741e61c', '/home/ec2-user/aws_data_collection/data/ec2-c5.metal/laghos/bd9b2b9152933b050f7129033d5afc55', '/home/ec2-user/aws_data_collection/data/ec2-c5.metal/laghos/e7111991a1eb703ffe6653f56eeddcc2']",0.05,1.0,745.0,45.0,171.0,5.0,4443.0,11576.0,0.04554,48.0,1.0,123.0,204.0,2000000.0,1.0,546.0,550.0,9508.0,9.0,2000000.0,9.0,1.0,""
"ec2-c5.metal","laghos","laghos","-p 1 -dim 2 -rs 2 -tf 4.5 ","1","ice4hpc","/home/ec2-user/spack/var/spack/environments/ice4hpc/.spack-env/view/bin/laghos","-e PAPI_SP_OPS -e PAPI_VEC_SP -e PAPI_TOT_INS -e PAPI_DP_OPS -e PAPI_VEC_DP -e PAPI_REF_CYC -e perf::LLC-STORES -e perf::LLC-STORE-MISSES -e perf::L1-DCACHE-LOADS -e perf::L1-DCACHE-LOAD-MISSES -e REALTIME -e IO -e PAPI_BR_PRC -e PAPI_L2_TCM -e clx::RESOURCE_STALLS -e perf::L1-DCACHE-STORES -e perf::PERF_COUNT_SW_CONTEXT_SWITCHES -e perf::CONTEXT-SWITCHES -e PAPI_BR_INS -e perf::DTLB-LOADS -e perf::DTLB-LOAD-MISSES -e perf::DTLB-STORES -e perf::DTLB-STORE-MISSES -e clx::HW_INTERRUPTS -e PAPI_BR_TKN -e PAPI_BR_CN -e PAPI_BR_UCN -e perf::ITLB-LOADS -e perf::ITLB-LOAD-MISSES -e perf::LLC-LOADS -e perf::LLC-LOAD-MISSES","['/home/ec2-user/aws_data_collection/data/ec2-c5.metal/laghos/9075ab727a33c6412174411a63cb657d', '/home/ec2-user/aws_data_collection/data/ec2-c5.metal/laghos/ec0950f9b642cc7835a71d94b7b3f4c8', '/home/ec2-user/aws_data_collection/data/ec2-c5.metal/laghos/03353192255b01c9208e7db1edce19ee', '/home/ec2-user/aws_data_collection/data/ec2-c5.metal/laghos/82bb8fee2fc82b96458bb6c132773840', '/home/ec2-user/aws_data_collection/data/ec2-c5.metal/laghos/75a7d9c17527d8e718ff0707f36fc48e', '/home/ec2-user/aws_data_collection/data/ec2-c5.metal/laghos/e53d3de73b8ba107377013a6987fde23', '/home/ec2-user/aws_data_collection/data/ec2-c5.metal/laghos/3c5896b74f123637ad16e7c111a7af93', '/home/ec2-user/aws_data_collection/data/ec2-c5.metal/laghos/c6b020356b985ba0496b062278ca56e1', '/home/ec2-user/aws_data_collection/data/ec2-c5.metal/laghos/0ba604b85f4dbb02928a0beae7ae93cf']",0.0333,1.0,274.0,1.0,2.0,4.0,3123.0,11576.0,0.040085,1911.0,1.0,1.0,222.0,2000000.0,2.0,1331.0,855.0,2.0,9.0,2000000.0,9.0,2.0,""
"ec2-c5.metal","laghos","laghos","-p 1 -dim 2 -rs 2 -tf 4.5 ","32","ice4hpc","/home/ec2-user/spack/var/spack/environments/ice4hpc/.spack-env/view/bin/laghos","-e clx::HW_INTERRUPTS -e PAPI_BR_TKN -e PAPI_BR_CN -e PAPI_BR_UCN -e perf::LLC-STORES -e perf::LLC-STORE-MISSES -e perf::L1-DCACHE-LOADS -e perf::L1-DCACHE-LOAD-MISSES -e PAPI_SP_OPS -e PAPI_VEC_SP -e PAPI_TOT_INS -e perf::L1-DCACHE-STORES -e perf::PERF_COUNT_SW_CONTEXT_SWITCHES -e perf::CONTEXT-SWITCHES -e PAPI_BR_INS -e perf::DTLB-LOADS -e perf::DTLB-LOAD-MISSES -e perf::DTLB-STORES -e perf::DTLB-STORE-MISSES -e PAPI_DP_OPS -e PAPI_VEC_DP -e PAPI_REF_CYC -e perf::ITLB-LOADS -e perf::ITLB-LOAD-MISSES -e perf::LLC-LOADS -e perf::LLC-LOAD-MISSES -e PAPI_BR_PRC -e PAPI_L2_TCM -e clx::RESOURCE_STALLS -e REALTIME -e IO","['/home/ec2-user/aws_data_collection/data/ec2-c5.metal/laghos/cbbd8bbe1c42bf5308f569aa019d6e6b', '/home/ec2-user/aws_data_collection/data/ec2-c5.metal/laghos/cdfc6d66c369c2755f5bd64a5b81ec99', '/home/ec2-user/aws_data_collection/data/ec2-c5.metal/laghos/2a20f016d3d78ef49005b99406f39f19', '/home/ec2-user/aws_data_collection/data/ec2-c5.metal/laghos/7d3693ee1c4643bdf8196d1859f86747', '/home/ec2-user/aws_data_collection/data/ec2-c5.metal/laghos/45315ea4abf13840c34b7dba4807d58e', '/home/ec2-user/aws_data_collection/data/ec2-c5.metal/laghos/34bdcf2489cdfab2a20cbd557ed63cc2', '/home/ec2-user/aws_data_collection/data/ec2-c5.metal/laghos/3149fd37ec9b42463aee25d035b7c4ea', '/home/ec2-user/aws_data_collection/data/ec2-c5.metal/laghos/dce1cc451f4f6e72a5bc82759dd06c0a', '/home/ec2-user/aws_data_collection/data/ec2-c5.metal/laghos/2b00edf80bdfb11e8765947221d57550']",0.05,1.0,661.0,1.0,2.0,1715.0,4123.0,11576.0,0.040304,2868.0,1.0,265.0,28926.0,2000000.0,32.0,1.0,2.0,2.0,9.0,2000000.0,9.0,1.0,""
"ec2-c5.metal","laghos","laghos","-p 1 -dim 2 -rs 2 -tf 4.5 -pa","1","ice4hpc","/home/ec2-user/spack/var/spack/environments/ice4hpc/.spack-env/view/bin/laghos","-e perf::LLC-STORES -e perf::LLC-STORE-MISSES -e perf::L1-DCACHE-LOADS -e perf::L1-DCACHE-LOAD-MISSES -e perf::L1-DCACHE-STORES -e perf::PERF_COUNT_SW_CONTEXT_SWITCHES -e perf::CONTEXT-SWITCHES -e PAPI_BR_INS -e perf::DTLB-LOADS -e perf::DTLB-LOAD-MISSES -e perf::DTLB-STORES -e perf::DTLB-STORE-MISSES -e clx::HW_INTERRUPTS -e PAPI_BR_TKN -e PAPI_BR_CN -e PAPI_BR_UCN -e REALTIME -e IO -e PAPI_BR_PRC -e PAPI_L2_TCM -e clx::RESOURCE_STALLS -e PAPI_SP_OPS -e PAPI_VEC_SP -e PAPI_TOT_INS -e PAPI_DP_OPS -e PAPI_VEC_DP -e PAPI_REF_CYC -e perf::ITLB-LOADS -e perf::ITLB-LOAD-MISSES -e perf::LLC-LOADS -e perf::LLC-LOAD-MISSES","['/home/ec2-user/aws_data_collection/data/ec2-c5.metal/laghos/7a97760b6ae22ad4543216327c356ffc', '/home/ec2-user/aws_data_collection/data/ec2-c5.metal/laghos/0b638dd573dd5b87bf0c71e992f5a5d5', '/home/ec2-user/aws_data_collection/data/ec2-c5.metal/laghos/3f8e7dfc7aa5f292ab4096ba69832864', '/home/ec2-user/aws_data_collection/data/ec2-c5.metal/laghos/7c8e91de6933db8baa415d41ecd0d77c', '/home/ec2-user/aws_data_collection/data/ec2-c5.metal/laghos/1e9b91ea4af5a2da13913b7f0156e17f', '/home/ec2-user/aws_data_collection/data/ec2-c5.metal/laghos/3dafacac8474b68c49c9b8b0feed025f', '/home/ec2-user/aws_data_collection/data/ec2-c5.metal/laghos/b669840235e6274069c7af0a8022ff0c', '/home/ec2-user/aws_data_collection/data/ec2-c5.metal/laghos/faf9799724c7aa30cbd8ebadd17d7118', '/home/ec2-user/aws_data_collection/data/ec2-c5.metal/laghos/bc4ce617dd209275ec6e8f618aedc7f5']",0.0333,1.0,187.0,1.0,2.0,1152.0,3131.0,11576.0,0.040068000000000006,8692.0,1.0,218.0,224.0,2000000.0,3592.0,2118.0,1358.0,13371.0,9.0,2000000.0,9.0,1.0,""
"ec2-c5.metal","laghos","laghos","-p 1 -dim 2 -rs 2 -tf 4.5 -pa","32","ice4hpc","/home/ec2-user/spack/var/spack/environments/ice4hpc/.spack-env/view/bin/laghos","-e REALTIME -e IO -e PAPI_BR_PRC -e PAPI_L2_TCM -e clx::RESOURCE_STALLS -e perf::L1-DCACHE-STORES -e perf::PERF_COUNT_SW_CONTEXT_SWITCHES -e perf::CONTEXT-SWITCHES -e PAPI_BR_INS -e perf::DTLB-LOADS -e perf::DTLB-LOAD-MISSES -e perf::DTLB-STORES -e perf::DTLB-STORE-MISSES -e clx::HW_INTERRUPTS -e PAPI_BR_TKN -e PAPI_BR_CN -e PAPI_BR_UCN -e PAPI_DP_OPS -e PAPI_VEC_DP -e PAPI_REF_CYC -e PAPI_SP_OPS -e PAPI_VEC_SP -e PAPI_TOT_INS -e perf::LLC-STORES -e perf::LLC-STORE-MISSES -e perf::L1-DCACHE-LOADS -e perf::L1-DCACHE-LOAD-MISSES -e perf::ITLB-LOADS -e perf::ITLB-LOAD-MISSES -e perf::LLC-LOADS -e perf::LLC-LOAD-MISSES","['/home/ec2-user/aws_data_collection/data/ec2-c5.metal/laghos/93b4805bff1e2c06786ace9c0c577c7c', '/home/ec2-user/aws_data_collection/data/ec2-c5.metal/laghos/0011645812907634fcdd937a5bb4c1e8', '/home/ec2-user/aws_data_collection/data/ec2-c5.metal/laghos/c8caadbdd154a2a65ca5a5deb7708403', '/home/ec2-user/aws_data_collection/data/ec2-c5.metal/laghos/224c97d888e83ab66f14ca3a7cdc4295', '/home/ec2-user/aws_data_collection/data/ec2-c5.metal/laghos/524dccfa781950d78dad69d0e51f59e9', '/home/ec2-user/aws_data_collection/data/ec2-c5.metal/laghos/2b23ff2f12f069c477462f9c7c5a44de', '/home/ec2-user/aws_data_collection/data/ec2-c5.metal/laghos/b8aba3432e5df3c08a4d3306483ab33b', '/home/ec2-user/aws_data_collection/data/ec2-c5.metal/laghos/d9ec83a47b8e1bca48a92e78ce06f0d5', '/home/ec2-user/aws_data_collection/data/ec2-c5.metal/laghos/57ef69b0975540b9105ec3295811a6fd']",0.0333,1.0,485.0,2.0,2.0,2433.0,4627.0,11576.0,0.040364,10299.0,1.0,1.0,28930.0,2000000.0,1.0,38.0,1.0,2.0,9.0,2000000.0,9.0,1.0,""
"ec2-c5.metal","laghos","laghos","-p 1 -dim 2 -rs 2 -tf 5 ","1","ice4hpc","/home/ec2-user/spack/var/spack/environments/ice4hpc/.spack-env/view/bin/laghos","-e PAPI_SP_OPS -e PAPI_VEC_SP -e PAPI_TOT_INS -e clx::HW_INTERRUPTS -e PAPI_BR_TKN -e PAPI_BR_CN -e PAPI_BR_UCN -e perf::LLC-STORES -e perf::LLC-STORE-MISSES -e perf::L1-DCACHE-LOADS -e perf::L1-DCACHE-LOAD-MISSES -e perf::ITLB-LOADS -e perf::ITLB-LOAD-MISSES -e perf::LLC-LOADS -e perf::LLC-LOAD-MISSES -e PAPI_BR_PRC -e PAPI_L2_TCM -e clx::RESOURCE_STALLS -e PAPI_DP_OPS -e PAPI_VEC_DP -e PAPI_REF_CYC -e REALTIME -e IO -e perf::L1-DCACHE-STORES -e perf::PERF_COUNT_SW_CONTEXT_SWITCHES -e perf::CONTEXT-SWITCHES -e PAPI_BR_INS -e perf::DTLB-LOADS -e perf::DTLB-LOAD-MISSES -e perf::DTLB-STORES -e perf::DTLB-STORE-MISSES","['/home/ec2-user/aws_data_collection/data/ec2-c5.metal/laghos/1cffc6def248c770bee517638ce0b073', '/home/ec2-user/aws_data_collection/data/ec2-c5.metal/laghos/be3d2b7d61ed3b8fb87d40bcc432f6a4', '/home/ec2-user/aws_data_collection/data/ec2-c5.metal/laghos/6c674aafadf13eff70a49e22a0763c8c', '/home/ec2-user/aws_data_collection/data/ec2-c5.metal/laghos/fbf748e39756b304ec4b8d326ecb21f6', '/home/ec2-user/aws_data_collection/data/ec2-c5.metal/laghos/3fcfa3e15f34190fd9baa5de32b00736', '/home/ec2-user/aws_data_collection/data/ec2-c5.metal/laghos/7351ea7ef72425f839dd7ee59e22afba', '/home/ec2-user/aws_data_collection/data/ec2-c5.metal/laghos/7c01ad07dff5db1a52be9f135bb77a8c', '/home/ec2-user/aws_data_collection/data/ec2-c5.metal/laghos/d93fd2d8195999a207b07816ba457174', '/home/ec2-user/aws_data_collection/data/ec2-c5.metal/laghos/26017ba3485dc1651d7159b46051d149']",0.05,1.0,1171.0,1.0,2.0,1025.0,3123.0,11576.0,0.04008,1220.0,1.0,151.0,223.0,2000000.0,132.0,1.0,1638.0,2.0,"","","",2.0,""
"ec2-c5.metal","laghos","laghos","-p 1 -dim 2 -rs 2 -tf 5 ","32","ice4hpc","/home/ec2-user/spack/var/spack/environments/ice4hpc/.spack-env/view/bin/laghos","-e perf::ITLB-LOADS -e perf::ITLB-LOAD-MISSES -e perf::LLC-LOADS -e perf::LLC-LOAD-MISSES -e perf::DTLB-LOADS -e perf::DTLB-LOAD-MISSES -e perf::DTLB-STORES -e perf::DTLB-STORE-MISSES -e perf::LLC-STORES -e perf::LLC-STORE-MISSES -e perf::L1-DCACHE-LOADS -e perf::L1-DCACHE-LOAD-MISSES -e clx::HW_INTERRUPTS -e PAPI_BR_TKN -e PAPI_BR_CN -e PAPI_BR_UCN -e PAPI_DP_OPS -e PAPI_VEC_DP -e PAPI_REF_CYC -e REALTIME -e IO -e PAPI_BR_PRC -e PAPI_L2_TCM -e clx::RESOURCE_STALLS -e PAPI_SP_OPS -e PAPI_VEC_SP -e PAPI_TOT_INS -e perf::L1-DCACHE-STORES -e perf::PERF_COUNT_SW_CONTEXT_SWITCHES -e perf::CONTEXT-SWITCHES -e PAPI_BR_INS","['/home/ec2-user/aws_data_collection/data/ec2-c5.metal/laghos/20d841326d446516cb11916c871aa24c', '/home/ec2-user/aws_data_collection/data/ec2-c5.metal/laghos/498bbf9d2168699ec286be8fc8bc603e', '/home/ec2-user/aws_data_collection/data/ec2-c5.metal/laghos/d6eebb32c0a2698f60e3747e6d18644c', '/home/ec2-user/aws_data_collection/data/ec2-c5.metal/laghos/8a8c39ee674fc3b046de54acab3e1123', '/home/ec2-user/aws_data_collection/data/ec2-c5.metal/laghos/dfad151334bf32c905ebe1a1394d6228', '/home/ec2-user/aws_data_collection/data/ec2-c5.metal/laghos/8d1add645b5f8a1cb4a6d34c5139043e', '/home/ec2-user/aws_data_collection/data/ec2-c5.metal/laghos/a9e948ff2c482bf50864ccd788723ece', '/home/ec2-user/aws_data_collection/data/ec2-c5.metal/laghos/d02e9bf8d3d3d28195fab5b3c3a655a7', '/home/ec2-user/aws_data_collection/data/ec2-c5.metal/laghos/f8aadea79dfa841fe0c3b2318f9f36b9']",0.05,1.0,385.0,2.0,2.0,3515.0,4635.0,11576.0,0.045469,5103.0,1.0,322.0,182.0,2000000.0,402.0,1.0,1.0,241.0,9.0,2000000.0,9.0,2.0,""
"ec2-c5.metal","laghos","laghos","-p 1 -dim 2 -rs 2 -tf 5 -pa","1","ice4hpc","/home/ec2-user/spack/var/spack/environments/ice4hpc/.spack-env/view/bin/laghos","-e perf::LLC-STORES -e perf::LLC-STORE-MISSES -e perf::L1-DCACHE-LOADS -e perf::L1-DCACHE-LOAD-MISSES -e perf::DTLB-LOADS -e perf::DTLB-LOAD-MISSES -e perf::DTLB-STORES -e perf::DTLB-STORE-MISSES -e PAPI_BR_PRC -e PAPI_L2_TCM -e clx::RESOURCE_STALLS -e clx::HW_INTERRUPTS -e PAPI_BR_TKN -e PAPI_BR_CN -e PAPI_BR_UCN -e perf::L1-DCACHE-STORES -e perf::PERF_COUNT_SW_CONTEXT_SWITCHES -e perf::CONTEXT-SWITCHES -e PAPI_BR_INS -e PAPI_DP_OPS -e PAPI_VEC_DP -e PAPI_REF_CYC -e PAPI_SP_OPS -e PAPI_VEC_SP -e PAPI_TOT_INS -e perf::ITLB-LOADS -e perf::ITLB-LOAD-MISSES -e perf::LLC-LOADS -e perf::LLC-LOAD-MISSES -e REALTIME -e IO","['/home/ec2-user/aws_data_collection/data/ec2-c5.metal/laghos/9b3e2f3beb6256f29038d80a13592fdc', '/home/ec2-user/aws_data_collection/data/ec2-c5.metal/laghos/abac9b0f35e77c336f9cd47f2c32ba2e', '/home/ec2-user/aws_data_collection/data/ec2-c5.metal/laghos/8ef0e5ad9cd0302571aa950f7b43ee83', '/home/ec2-user/aws_data_collection/data/ec2-c5.metal/laghos/937c170b417f2828a9d888d1ee5e0568', '/home/ec2-user/aws_data_collection/data/ec2-c5.metal/laghos/0bd18e42c3b9cabab217e1445ff4fd2e', '/home/ec2-user/aws_data_collection/data/ec2-c5.metal/laghos/1a29f558ad1ba617578df5f585431eca', '/home/ec2-user/aws_data_collection/data/ec2-c5.metal/laghos/78f036ee25b6cd08ae7e5abc1ac1b434', '/home/ec2-user/aws_data_collection/data/ec2-c5.metal/laghos/cf4a7a3a8e914b48d797b002331609da', '/home/ec2-user/aws_data_collection/data/ec2-c5.metal/laghos/4cad6c1f09ce1310759f9128a51fd7ae']",0.0333,1.0,185.0,1.0,2.0,671.0,3123.0,11576.0,0.040146,2254.0,1.0,124.0,223.0,2000000.0,1367.0,1544.0,1529.0,13242.0,9.0,2000000.0,9.0,1.0,""
"ec2-c5.metal","laghos","laghos","-p 1 -dim 2 -rs 2 -tf 5 -pa","32","ice4hpc","/home/ec2-user/spack/var/spack/environments/ice4hpc/.spack-env/view/bin/laghos","-e PAPI_SP_OPS -e PAPI_VEC_SP -e PAPI_TOT_INS -e perf::DTLB-LOADS -e perf::DTLB-LOAD-MISSES -e perf::DTLB-STORES -e perf::DTLB-STORE-MISSES -e perf::L1-DCACHE-STORES -e perf::PERF_COUNT_SW_CONTEXT_SWITCHES -e perf::CONTEXT-SWITCHES -e PAPI_BR_INS -e clx::HW_INTERRUPTS -e PAPI_BR_TKN -e PAPI_BR_CN -e PAPI_BR_UCN -e perf::ITLB-LOADS -e perf::ITLB-LOAD-MISSES -e perf::LLC-LOADS -e perf::LLC-LOAD-MISSES -e perf::LLC-STORES -e perf::LLC-STORE-MISSES -e perf::L1-DCACHE-LOADS -e perf::L1-DCACHE-LOAD-MISSES -e REALTIME -e IO -e PAPI_BR_PRC -e PAPI_L2_TCM -e clx::RESOURCE_STALLS -e PAPI_DP_OPS -e PAPI_VEC_DP -e PAPI_REF_CYC","['/home/ec2-user/aws_data_collection/data/ec2-c5.metal/laghos/b9e2f8140e09f1ce4c5551d0147bc21a', '/home/ec2-user/aws_data_collection/data/ec2-c5.metal/laghos/5d5aee46fe1b759e8cb9a3bbf2b2829d', '/home/ec2-user/aws_data_collection/data/ec2-c5.metal/laghos/0b5f387d310b04e30d3c147fa06c5fa6', '/home/ec2-user/aws_data_collection/data/ec2-c5.metal/laghos/568d98bcd919d86a9dd7b46fde426041', '/home/ec2-user/aws_data_collection/data/ec2-c5.metal/laghos/1bb184e3b85864918abca467940253f6', '/home/ec2-user/aws_data_collection/data/ec2-c5.metal/laghos/d090ba7a1bfbf383f1bc25d11552e58f', '/home/ec2-user/aws_data_collection/data/ec2-c5.metal/laghos/536923664ca44b5309cdeed55193250d', '/home/ec2-user/aws_data_collection/data/ec2-c5.metal/laghos/412fe3daf6ee6d2828df4a2cfd58a53a', '/home/ec2-user/aws_data_collection/data/ec2-c5.metal/laghos/f5f8bc649043ebfb9a4a544b21265f05']",0.0333,1.0,773.0,1.0,2.0,2188.0,4651.0,11576.0,0.045624,6398.0,1.0,177.0,179.0,2000000.0,1.0,766.0,1557.0,6309.0,9.0,2000000.0,9.0,1.0,""
"ec2-c5.metal","laghos","laghos","-p 1 -dim 2 -rs 2 -tf 5.5 ","1","ice4hpc","/home/ec2-user/spack/var/spack/environments/ice4hpc/.spack-env/view/bin/laghos","-e PAPI_SP_OPS -e PAPI_VEC_SP -e PAPI_TOT_INS -e PAPI_DP_OPS -e PAPI_VEC_DP -e PAPI_REF_CYC -e REALTIME -e IO -e perf::DTLB-LOADS -e perf::DTLB-LOAD-MISSES -e perf::DTLB-STORES -e perf::DTLB-STORE-MISSES -e perf::L1-DCACHE-STORES -e perf::PERF_COUNT_SW_CONTEXT_SWITCHES -e perf::CONTEXT-SWITCHES -e PAPI_BR_INS -e clx::HW_INTERRUPTS -e PAPI_BR_TKN -e PAPI_BR_CN -e PAPI_BR_UCN -e perf::ITLB-LOADS -e perf::ITLB-LOAD-MISSES -e perf::LLC-LOADS -e perf::LLC-LOAD-MISSES -e PAPI_BR_PRC -e PAPI_L2_TCM -e clx::RESOURCE_STALLS -e perf::LLC-STORES -e perf::LLC-STORE-MISSES -e perf::L1-DCACHE-LOADS -e perf::L1-DCACHE-LOAD-MISSES","['/home/ec2-user/aws_data_collection/data/ec2-c5.metal/laghos/73952928003de058af6736328fdfb751', '/home/ec2-user/aws_data_collection/data/ec2-c5.metal/laghos/f944200b5c9f83fe7d4a488d516ac0cc', '/home/ec2-user/aws_data_collection/data/ec2-c5.metal/laghos/d3ae0b860595816be5d9f6ebdb77dedc', '/home/ec2-user/aws_data_collection/data/ec2-c5.metal/laghos/1024fac8f553dae8e3601ad320ac65ef', '/home/ec2-user/aws_data_collection/data/ec2-c5.metal/laghos/6b12460c66fbcf832797358f0459aec8', '/home/ec2-user/aws_data_collection/data/ec2-c5.metal/laghos/185f6379318e6e4144e2ce1def2a57c7', '/home/ec2-user/aws_data_collection/data/ec2-c5.metal/laghos/69ab2312c06b6087d0207e34a73bf3d7', '/home/ec2-user/aws_data_collection/data/ec2-c5.metal/laghos/c042132db4ee2bcfb949a8b7a05538aa', '/home/ec2-user/aws_data_collection/data/ec2-c5.metal/laghos/61f5fa60e4241a0961ed6c88782dfa8d']",0.0333,1.0,242.0,1.0,2.0,718.0,3115.0,11576.0,0.040099,2143.0,1.0,217.0,223.0,2000000.0,2.0,2.0,1454.0,2.0,9.0,2000000.0,9.0,2.0,""
"ec2-c5.metal","laghos","laghos","-p 1 -dim 2 -rs 2 -tf 5.5 ","32","ice4hpc","/home/ec2-user/spack/var/spack/environments/ice4hpc/.spack-env/view/bin/laghos","-e perf::DTLB-LOADS -e perf::DTLB-LOAD-MISSES -e perf::DTLB-STORES -e perf::DTLB-STORE-MISSES -e perf::ITLB-LOADS -e perf::ITLB-LOAD-MISSES -e perf::LLC-LOADS -e perf::LLC-LOAD-MISSES -e clx::HW_INTERRUPTS -e PAPI_BR_TKN -e PAPI_BR_CN -e PAPI_BR_UCN -e REALTIME -e IO -e perf::L1-DCACHE-STORES -e perf::PERF_COUNT_SW_CONTEXT_SWITCHES -e perf::CONTEXT-SWITCHES -e PAPI_BR_INS -e PAPI_SP_OPS -e PAPI_VEC_SP -e PAPI_TOT_INS -e PAPI_BR_PRC -e PAPI_L2_TCM -e clx::RESOURCE_STALLS -e PAPI_DP_OPS -e PAPI_VEC_DP -e PAPI_REF_CYC -e perf::LLC-STORES -e perf::LLC-STORE-MISSES -e perf::L1-DCACHE-LOADS -e perf::L1-DCACHE-LOAD-MISSES","['/home/ec2-user/aws_data_collection/data/ec2-c5.metal/laghos/42fe9cee7a81457e457e44c120684445', '/home/ec2-user/aws_data_collection/data/ec2-c5.metal/laghos/de6bb2b25340e72b337dac37bf14e435', '/home/ec2-user/aws_data_collection/data/ec2-c5.metal/laghos/dd5bcc6fcd624c6a43650b12276f4ffd', '/home/ec2-user/aws_data_collection/data/ec2-c5.metal/laghos/614b35e60d0e294eea8a7ca4b23dac7e', '/home/ec2-user/aws_data_collection/data/ec2-c5.metal/laghos/bde57a29b707747a10faabe81b02642e', '/home/ec2-user/aws_data_collection/data/ec2-c5.metal/laghos/51893d9742745bd3ab2c842b46d2e6f3', '/home/ec2-user/aws_data_collection/data/ec2-c5.metal/laghos/59e979cf7f493a019cca5340a3b77d84', '/home/ec2-user/aws_data_collection/data/ec2-c5.metal/laghos/1f872e10084100170ce7faf8ecf9cc8f', '/home/ec2-user/aws_data_collection/data/ec2-c5.metal/laghos/7af4d9c5fbb952df5d08548904e3a7f1']",0.05,1.0,923.0,2.0,2.0,2201.0,4195.0,11576.0,0.040553,4475.0,1.0,242.0,196.0,2000000.0,1.0,548.0,2193.0,2.0,9.0,2000000.0,9.0,2.0,""
"ec2-c5.metal","laghos","laghos","-p 1 -dim 2 -rs 2 -tf 5.5 -pa","1","ice4hpc","/home/ec2-user/spack/var/spack/environments/ice4hpc/.spack-env/view/bin/laghos","-e perf::L1-DCACHE-STORES -e perf::PERF_COUNT_SW_CONTEXT_SWITCHES -e perf::CONTEXT-SWITCHES -e PAPI_BR_INS -e perf::ITLB-LOADS -e perf::ITLB-LOAD-MISSES -e perf::LLC-LOADS -e perf::LLC-LOAD-MISSES -e REALTIME -e IO -e PAPI_SP_OPS -e PAPI_VEC_SP -e PAPI_TOT_INS -e clx::HW_INTERRUPTS -e PAPI_BR_TKN -e PAPI_BR_CN -e PAPI_BR_UCN -e perf::LLC-STORES -e perf::LLC-STORE-MISSES -e perf::L1-DCACHE-LOADS -e perf::L1-DCACHE-LOAD-MISSES -e PAPI_BR_PRC -e PAPI_L2_TCM -e clx::RESOURCE_STALLS -e PAPI_DP_OPS -e PAPI_VEC_DP -e PAPI_REF_CYC -e perf::DTLB-LOADS -e perf::DTLB-LOAD-MISSES -e perf::DTLB-STORES -e perf::DTLB-STORE-MISSES","['/home/ec2-user/aws_data_collection/data/ec2-c5.metal/laghos/f16568daa15a98a1a455f909319eaa33', '/home/ec2-user/aws_data_collection/data/ec2-c5.metal/laghos/f072202cb7bb7dc9ecbc0a6783d77b37', '/home/ec2-user/aws_data_collection/data/ec2-c5.metal/laghos/4628d3bbef7ee09daa334f0574091458', '/home/ec2-user/aws_data_collection/data/ec2-c5.metal/laghos/44ba2d6ce4893627b7d8a539d3ed2752', '/home/ec2-user/aws_data_collection/data/ec2-c5.metal/laghos/1be3806ccd3ea8d1305674497b7f1ba2', '/home/ec2-user/aws_data_collection/data/ec2-c5.metal/laghos/c7530b3a37e68af7810188c324db95c3', '/home/ec2-user/aws_data_collection/data/ec2-c5.metal/laghos/50b1482d1ce125ac44eaa417f39d0ec5', '/home/ec2-user/aws_data_collection/data/ec2-c5.metal/laghos/5dc7af30f123e941dc12155ef81ba507', '/home/ec2-user/aws_data_collection/data/ec2-c5.metal/laghos/8b7025e1c0fea3feed23e1bbbb2e39ba']",0.0333,1.0,61.0,1.0,2.0,947.0,3123.0,11576.0,0.040303,2116.0,1.0,228.0,2.0,2000000.0,134.0,1.0,3877.0,88.0,9.0,2000000.0,9.0,2.0,""
"ec2-c5.metal","laghos","laghos","-p 1 -dim 2 -rs 2 -tf 5.5 -pa","32","ice4hpc","/home/ec2-user/spack/var/spack/environments/ice4hpc/.spack-env/view/bin/laghos","-e PAPI_SP_OPS -e PAPI_VEC_SP -e PAPI_TOT_INS -e perf::LLC-STORES -e perf::LLC-STORE-MISSES -e perf::L1-DCACHE-LOADS -e perf::L1-DCACHE-LOAD-MISSES -e perf::ITLB-LOADS -e perf::ITLB-LOAD-MISSES -e perf::LLC-LOADS -e perf::LLC-LOAD-MISSES -e PAPI_DP_OPS -e PAPI_VEC_DP -e PAPI_REF_CYC -e REALTIME -e IO -e clx::HW_INTERRUPTS -e PAPI_BR_TKN -e PAPI_BR_CN -e PAPI_BR_UCN -e perf::L1-DCACHE-STORES -e perf::PERF_COUNT_SW_CONTEXT_SWITCHES -e perf::CONTEXT-SWITCHES -e PAPI_BR_INS -e perf::DTLB-LOADS -e perf::DTLB-LOAD-MISSES -e perf::DTLB-STORES -e perf::DTLB-STORE-MISSES -e PAPI_BR_PRC -e PAPI_L2_TCM -e clx::RESOURCE_STALLS","['/home/ec2-user/aws_data_collection/data/ec2-c5.metal/laghos/52504f2b5cf9774d13292cba62d7bb86', '/home/ec2-user/aws_data_collection/data/ec2-c5.metal/laghos/3ecf2c5e4293fd3e7b844c092b643299', '/home/ec2-user/aws_data_collection/data/ec2-c5.metal/laghos/f87d8dac0dcea1d53aa93a68f1ac8154', '/home/ec2-user/aws_data_collection/data/ec2-c5.metal/laghos/02b18ce3b43cc4d79ef2fab175ab521a', '/home/ec2-user/aws_data_collection/data/ec2-c5.metal/laghos/4cbd61a546a95a2080327709aa683cd3', '/home/ec2-user/aws_data_collection/data/ec2-c5.metal/laghos/9278837c0248b3094fbbd6f2ed5e6c02', '/home/ec2-user/aws_data_collection/data/ec2-c5.metal/laghos/90b4a59fc7484eca1d2c5545d0177df8', '/home/ec2-user/aws_data_collection/data/ec2-c5.metal/laghos/63ff4d466f76b9c9fe4c4a78ad0806bc', '/home/ec2-user/aws_data_collection/data/ec2-c5.metal/laghos/0b8962c7435d0ba4a2f9525515b91fe7']",0.05,1.0,384.0,2.0,2.0,1965.0,4147.0,11576.0,0.045660000000000006,3779.0,1.0,132.0,32255.0,2000000.0,1.0,1600.0,2.0,2.0,9.0,2000000.0,9.0,2.0,""
"ec2-c5.metal","laghos","laghos","-p 1 -dim 2 -rs 3 -tf 3 ","1","ice4hpc","/home/ec2-user/spack/var/spack/environments/ice4hpc/.spack-env/view/bin/laghos","-e clx::HW_INTERRUPTS -e PAPI_BR_TKN -e PAPI_BR_CN -e PAPI_BR_UCN -e perf::L1-DCACHE-STORES -e perf::PERF_COUNT_SW_CONTEXT_SWITCHES -e perf::CONTEXT-SWITCHES -e PAPI_BR_INS -e perf::ITLB-LOADS -e perf::ITLB-LOAD-MISSES -e perf::LLC-LOADS -e perf::LLC-LOAD-MISSES -e perf::DTLB-LOADS -e perf::DTLB-LOAD-MISSES -e perf::DTLB-STORES -e perf::DTLB-STORE-MISSES -e PAPI_DP_OPS -e PAPI_VEC_DP -e PAPI_REF_CYC -e REALTIME -e IO -e perf::LLC-STORES -e perf::LLC-STORE-MISSES -e perf::L1-DCACHE-LOADS -e perf::L1-DCACHE-LOAD-MISSES -e PAPI_SP_OPS -e PAPI_VEC_SP -e PAPI_TOT_INS -e PAPI_BR_PRC -e PAPI_L2_TCM -e clx::RESOURCE_STALLS","['/home/ec2-user/aws_data_collection/data/ec2-c5.metal/laghos/79c9ccba12c8b0dfbdff1a9053e1e2c2', '/home/ec2-user/aws_data_collection/data/ec2-c5.metal/laghos/dc661cfb14c44da67e39de08eb4a5906', '/home/ec2-user/aws_data_collection/data/ec2-c5.metal/laghos/43c5a8191e5659ba583217578a8bc0d8', '/home/ec2-user/aws_data_collection/data/ec2-c5.metal/laghos/fd9c064c6666a49a0e2b25b7dee5e167', '/home/ec2-user/aws_data_collection/data/ec2-c5.metal/laghos/517e391337876dcb1eab98fdc873766c', '/home/ec2-user/aws_data_collection/data/ec2-c5.metal/laghos/47f98252546e93a17aebb6f4ccf7b2d8', '/home/ec2-user/aws_data_collection/data/ec2-c5.metal/laghos/210673ca850ed4fc07dfb98f60af1bf6', '/home/ec2-user/aws_data_collection/data/ec2-c5.metal/laghos/376fba7076611e959aab4861ace9021c', '/home/ec2-user/aws_data_collection/data/ec2-c5.metal/laghos/66ca372cb61509fb21497e7db45144b9']",0.0333,1.0,650.0,1.0,2.0,1621.0,3123.0,11576.0,0.040075,2617.0,1.0,457.0,219.0,2000000.0,185.0,128.0,942.0,2.0,9.0,2000000.0,9.0,1.0,""
"ec2-c5.metal","laghos","laghos","-p 1 -dim 2 -rs 3 -tf 3 ","32","ice4hpc","/home/ec2-user/spack/var/spack/environments/ice4hpc/.spack-env/view/bin/laghos","-e PAPI_BR_PRC -e PAPI_L2_TCM -e clx::RESOURCE_STALLS -e clx::HW_INTERRUPTS -e PAPI_BR_TKN -e PAPI_BR_CN -e PAPI_BR_UCN -e PAPI_SP_OPS -e PAPI_VEC_SP -e PAPI_TOT_INS -e perf::DTLB-LOADS -e perf::DTLB-LOAD-MISSES -e perf::DTLB-STORES -e perf::DTLB-STORE-MISSES -e perf::ITLB-LOADS -e perf::ITLB-LOAD-MISSES -e perf::LLC-LOADS -e perf::LLC-LOAD-MISSES -e PAPI_DP_OPS -e PAPI_VEC_DP -e PAPI_REF_CYC -e perf::LLC-STORES -e perf::LLC-STORE-MISSES -e perf::L1-DCACHE-LOADS -e perf::L1-DCACHE-LOAD-MISSES -e REALTIME -e IO -e perf::L1-DCACHE-STORES -e perf::PERF_COUNT_SW_CONTEXT_SWITCHES -e perf::CONTEXT-SWITCHES -e PAPI_BR_INS","['/home/ec2-user/aws_data_collection/data/ec2-c5.metal/laghos/6f19b4c857380bbf2dc232cd4d6a28f2', '/home/ec2-user/aws_data_collection/data/ec2-c5.metal/laghos/4117f292bbb458b5281387747a6f5ff0', '/home/ec2-user/aws_data_collection/data/ec2-c5.metal/laghos/a184a21ca241adba4a9bee615669750c', '/home/ec2-user/aws_data_collection/data/ec2-c5.metal/laghos/53c6e5350a1cd8f0cbe96c42a951cad4', '/home/ec2-user/aws_data_collection/data/ec2-c5.metal/laghos/be7451c17bdbea32872666fd4f578057', '/home/ec2-user/aws_data_collection/data/ec2-c5.metal/laghos/9008f7c9a95dde38142f15fef2245955', '/home/ec2-user/aws_data_collection/data/ec2-c5.metal/laghos/d84cad74a13a6216e311c0eed0fc9949', '/home/ec2-user/aws_data_collection/data/ec2-c5.metal/laghos/aec0097aaee1c68885245f64a46b2975', '/home/ec2-user/aws_data_collection/data/ec2-c5.metal/laghos/0bfbbf94c824d84dc07544c891090208']",0.0333,1.0,127.0,2.0,2.0,1886.0,4675.0,11576.0,0.045241,4130.0,1.0,1.0,209.0,2000000.0,5280.0,1365.0,9179.0,21875.0,9.0,2000000.0,9.0,2.0,1.0
"ec2-c5.metal","laghos","laghos","-p 1 -dim 2 -rs 3 -tf 3 -pa","1","ice4hpc","/home/ec2-user/spack/var/spack/environments/ice4hpc/.spack-env/view/bin/laghos","-e perf::DTLB-LOADS -e perf::DTLB-LOAD-MISSES -e perf::DTLB-STORES -e perf::DTLB-STORE-MISSES -e perf::LLC-STORES -e perf::LLC-STORE-MISSES -e perf::L1-DCACHE-LOADS -e perf::L1-DCACHE-LOAD-MISSES -e perf::ITLB-LOADS -e perf::ITLB-LOAD-MISSES -e perf::LLC-LOADS -e perf::LLC-LOAD-MISSES -e REALTIME -e IO -e perf::L1-DCACHE-STORES -e perf::PERF_COUNT_SW_CONTEXT_SWITCHES -e perf::CONTEXT-SWITCHES -e PAPI_BR_INS -e PAPI_BR_PRC -e PAPI_L2_TCM -e clx::RESOURCE_STALLS -e PAPI_DP_OPS -e PAPI_VEC_DP -e PAPI_REF_CYC -e PAPI_SP_OPS -e PAPI_VEC_SP -e PAPI_TOT_INS -e clx::HW_INTERRUPTS -e PAPI_BR_TKN -e PAPI_BR_CN -e PAPI_BR_UCN","['/home/ec2-user/aws_data_collection/data/ec2-c5.metal/laghos/3ec35748988d16d1314d3e1851eda54d', '/home/ec2-user/aws_data_collection/data/ec2-c5.metal/laghos/cb2c34d3a6d6eff2a5e11fc96f49df7b', '/home/ec2-user/aws_data_collection/data/ec2-c5.metal/laghos/eaa021144ba89dcd063497e453b00b37', '/home/ec2-user/aws_data_collection/data/ec2-c5.metal/laghos/029da83bdd80403491e24e46a6eb7c46', '/home/ec2-user/aws_data_collection/data/ec2-c5.metal/laghos/f001b06ba6e7d413d6434e7bf7502758', '/home/ec2-user/aws_data_collection/data/ec2-c5.metal/laghos/64d24ebf16efed20b3f89144ca39b355', '/home/ec2-user/aws_data_collection/data/ec2-c5.metal/laghos/2d363a65428a6a391aa04c51c007406a', '/home/ec2-user/aws_data_collection/data/ec2-c5.metal/laghos/272eeda6a25b850abf6ee443518a401f', '/home/ec2-user/aws_data_collection/data/ec2-c5.metal/laghos/3d6979c2fd0b195b5a3369702db8c369']",0.0333,1.0,97.0,1.0,2.0,2010.0,3123.0,11576.0,0.040088000000000006,2168.0,1.0,304.0,2.0,2000000.0,1.0,1344.0,355.0,1.0,9.0,2000000.0,9.0,2.0,""
"ec2-c5.metal","laghos","laghos","-p 1 -dim 2 -rs 3 -tf 3 -pa","32","ice4hpc","/home/ec2-user/spack/var/spack/environments/ice4hpc/.spack-env/view/bin/laghos","-e perf::LLC-STORES -e perf::LLC-STORE-MISSES -e perf::L1-DCACHE-LOADS -e perf::L1-DCACHE-LOAD-MISSES -e perf::L1-DCACHE-STORES -e perf::PERF_COUNT_SW_CONTEXT_SWITCHES -e perf::CONTEXT-SWITCHES -e PAPI_BR_INS -e clx::HW_INTERRUPTS -e PAPI_BR_TKN -e PAPI_BR_CN -e PAPI_BR_UCN -e PAPI_BR_PRC -e PAPI_L2_TCM -e clx::RESOURCE_STALLS -e REALTIME -e IO -e PAPI_DP_OPS -e PAPI_VEC_DP -e PAPI_REF_CYC -e perf::DTLB-LOADS -e perf::DTLB-LOAD-MISSES -e perf::DTLB-STORES -e perf::DTLB-STORE-MISSES -e perf::ITLB-LOADS -e perf::ITLB-LOAD-MISSES -e perf::LLC-LOADS -e perf::LLC-LOAD-MISSES -e PAPI_SP_OPS -e PAPI_VEC_SP -e PAPI_TOT_INS","['/home/ec2-user/aws_data_collection/data/ec2-c5.metal/laghos/93e63aff1dfe530a4956594b5e9aa4c1', '/home/ec2-user/aws_data_collection/data/ec2-c5.metal/laghos/6b100bcff50bbfc6157c2d2d0dd2bff0', '/home/ec2-user/aws_data_collection/data/ec2-c5.metal/laghos/c2b8984b5d0c5c257021dfea2a74c4a5', '/home/ec2-user/aws_data_collection/data/ec2-c5.metal/laghos/d29d366db7baca5402bfabe364f366c8', '/home/ec2-user/aws_data_collection/data/ec2-c5.metal/laghos/8047c80a8f3dfdebd5183f60ea2bf45c', '/home/ec2-user/aws_data_collection/data/ec2-c5.metal/laghos/f26388470b443ee2830dfb54cdd2d16e', '/home/ec2-user/aws_data_collection/data/ec2-c5.metal/laghos/45a7e7f41c0464753c70d7de2c5f9739', '/home/ec2-user/aws_data_collection/data/ec2-c5.metal/laghos/929d383cb0f295bede849ab7700c846a', '/home/ec2-user/aws_data_collection/data/ec2-c5.metal/laghos/3e9983bfeefccdf324117b40ca856e7d']",0.05,1.0,672.0,2.0,2.0,2246.0,4211.0,11576.0,0.040360999999999994,8012.0,1.0,155.0,118028.0,2000000.0,1.0,1.0,1.0,57.0,9.0,2000000.0,9.0,2.0,""
"ec2-c5.metal","laghos","laghos","-p 1 -dim 2 -rs 3 -tf 3.5 ","1","ice4hpc","/home/ec2-user/spack/var/spack/environments/ice4hpc/.spack-env/view/bin/laghos","-e PAPI_DP_OPS -e PAPI_VEC_DP -e PAPI_REF_CYC -e clx::HW_INTERRUPTS -e PAPI_BR_TKN -e PAPI_BR_CN -e PAPI_BR_UCN -e perf::LLC-STORES -e perf::LLC-STORE-MISSES -e perf::L1-DCACHE-LOADS -e perf::L1-DCACHE-LOAD-MISSES -e PAPI_SP_OPS -e PAPI_VEC_SP -e PAPI_TOT_INS -e REALTIME -e IO -e perf::ITLB-LOADS -e perf::ITLB-LOAD-MISSES -e perf::LLC-LOADS -e perf::LLC-LOAD-MISSES -e perf::L1-DCACHE-STORES -e perf::PERF_COUNT_SW_CONTEXT_SWITCHES -e perf::CONTEXT-SWITCHES -e PAPI_BR_INS -e PAPI_BR_PRC -e PAPI_L2_TCM -e clx::RESOURCE_STALLS -e perf::DTLB-LOADS -e perf::DTLB-LOAD-MISSES -e perf::DTLB-STORES -e perf::DTLB-STORE-MISSES","['/home/ec2-user/aws_data_collection/data/ec2-c5.metal/laghos/9d54f4a14c356eaca050d0f398c23d64', '/home/ec2-user/aws_data_collection/data/ec2-c5.metal/laghos/8025771b1cf7b50071c46c3db391b9d5', '/home/ec2-user/aws_data_collection/data/ec2-c5.metal/laghos/ea44918364848e274a41311cbb00fce9', '/home/ec2-user/aws_data_collection/data/ec2-c5.metal/laghos/bdbdaf097b2ccf9321c3f57b75a087a0', '/home/ec2-user/aws_data_collection/data/ec2-c5.metal/laghos/b1c82d0ec97c8cb13c04a4bdd1b4c01d', '/home/ec2-user/aws_data_collection/data/ec2-c5.metal/laghos/b535d5baad567238d0a55ad56e98d193', '/home/ec2-user/aws_data_collection/data/ec2-c5.metal/laghos/90aced7ad772af20687a06964bb33b9f', '/home/ec2-user/aws_data_collection/data/ec2-c5.metal/laghos/b28034655484127e17aedac48f684536', '/home/ec2-user/aws_data_collection/data/ec2-c5.metal/laghos/589156cc71771e60de1e5db8a7e09c6b']",0.0333,1.0,230.0,1.0,2.0,706.0,3123.0,11576.0,0.040084,2067.0,1.0,427.0,2.0,2000000.0,1352.0,35.0,1356.0,23996.0,9.0,2000000.0,9.0,2.0,""
"ec2-c5.metal","laghos","laghos","-p 1 -dim 2 -rs 3 -tf 3.5 ","32","ice4hpc","/home/ec2-user/spack/var/spack/environments/ice4hpc/.spack-env/view/bin/laghos","-e PAPI_SP_OPS -e PAPI_VEC_SP -e PAPI_TOT_INS -e clx::HW_INTERRUPTS -e PAPI_BR_TKN -e PAPI_BR_CN -e PAPI_BR_UCN -e REALTIME -e IO -e perf::LLC-STORES -e perf::LLC-STORE-MISSES -e perf::L1-DCACHE-LOADS -e perf::L1-DCACHE-LOAD-MISSES -e PAPI_BR_PRC -e PAPI_L2_TCM -e clx::RESOURCE_STALLS -e perf::ITLB-LOADS -e perf::ITLB-LOAD-MISSES -e perf::LLC-LOADS -e perf::LLC-LOAD-MISSES -e perf::L1-DCACHE-STORES -e perf::PERF_COUNT_SW_CONTEXT_SWITCHES -e perf::CONTEXT-SWITCHES -e PAPI_BR_INS -e perf::DTLB-LOADS -e perf::DTLB-LOAD-MISSES -e perf::DTLB-STORES -e perf::DTLB-STORE-MISSES -e PAPI_DP_OPS -e PAPI_VEC_DP -e PAPI_REF_CYC","['/home/ec2-user/aws_data_collection/data/ec2-c5.metal/laghos/a0c21a46e0caf12d38e8d9cb9aefe059', '/home/ec2-user/aws_data_collection/data/ec2-c5.metal/laghos/7b42ede9e800f14fe956446cd719d0cb', '/home/ec2-user/aws_data_collection/data/ec2-c5.metal/laghos/9f13fde79554087b384c561babcdcf4f', '/home/ec2-user/aws_data_collection/data/ec2-c5.metal/laghos/e59c296d15ebb2afd9593563bafebe4b', '/home/ec2-user/aws_data_collection/data/ec2-c5.metal/laghos/4cd1c067140528e42f56f5aff34b1673', '/home/ec2-user/aws_data_collection/data/ec2-c5.metal/laghos/6b690561cf08322d5469d888fdfd6d1d', '/home/ec2-user/aws_data_collection/data/ec2-c5.metal/laghos/2d703fdc885423b019869590d1ccf8fd', '/home/ec2-user/aws_data_collection/data/ec2-c5.metal/laghos/a34c3664408237dacbc87bb60a42cc3e', '/home/ec2-user/aws_data_collection/data/ec2-c5.metal/laghos/2f99d7fe2e97169d1d0a5f3edcafbf64']",0.0333,1.0,1078.0,2.0,2.0,1659.0,4635.0,11576.0,0.040397999999999996,5094.0,1.0,249.0,31638.0,2000000.0,9795.0,1114.0,7245.0,36051.0,9.0,2000000.0,9.0,2.0,""
"ec2-c5.metal","laghos","laghos","-p 1 -dim 2 -rs 3 -tf 3.5 -pa","1","ice4hpc","/home/ec2-user/spack/var/spack/environments/ice4hpc/.spack-env/view/bin/laghos","-e perf::ITLB-LOADS -e perf::ITLB-LOAD-MISSES -e perf::LLC-LOADS -e perf::LLC-LOAD-MISSES -e PAPI_DP_OPS -e PAPI_VEC_DP -e PAPI_REF_CYC -e perf::LLC-STORES -e perf::LLC-STORE-MISSES -e perf::L1-DCACHE-LOADS -e perf::L1-DCACHE-LOAD-MISSES -e PAPI_BR_PRC -e PAPI_L2_TCM -e clx::RESOURCE_STALLS -e PAPI_SP_OPS -e PAPI_VEC_SP -e PAPI_TOT_INS -e clx::HW_INTERRUPTS -e PAPI_BR_TKN -e PAPI_BR_CN -e PAPI_BR_UCN -e REALTIME -e IO -e perf::L1-DCACHE-STORES -e perf::PERF_COUNT_SW_CONTEXT_SWITCHES -e perf::CONTEXT-SWITCHES -e PAPI_BR_INS -e perf::DTLB-LOADS -e perf::DTLB-LOAD-MISSES -e perf::DTLB-STORES -e perf::DTLB-STORE-MISSES","['/home/ec2-user/aws_data_collection/data/ec2-c5.metal/laghos/599d1672ae6d940f3f0fbe6c615c86dc', '/home/ec2-user/aws_data_collection/data/ec2-c5.metal/laghos/da1ce073158d401e2b1ed6688990be1d', '/home/ec2-user/aws_data_collection/data/ec2-c5.metal/laghos/ee9764c6f0a3bfd9ecfdfc4c3cf1fdf5', '/home/ec2-user/aws_data_collection/data/ec2-c5.metal/laghos/4880950cb3484276d0584aa52b42a293', '/home/ec2-user/aws_data_collection/data/ec2-c5.metal/laghos/03ac1b64547a194f86cdb660ce58a5af', '/home/ec2-user/aws_data_collection/data/ec2-c5.metal/laghos/5318e65d79a4917fbd4f01ff10da5717', '/home/ec2-user/aws_data_collection/data/ec2-c5.metal/laghos/45c43f45f79234534d80c34ddf5462f3', '/home/ec2-user/aws_data_collection/data/ec2-c5.metal/laghos/a87e913d3b9c8aba26f604207173fead', '/home/ec2-user/aws_data_collection/data/ec2-c5.metal/laghos/e6473419f9c9884edf0cb3ceb688fd13']",0.0333,1.0,208.0,1.0,2.0,6.0,3123.0,11576.0,0.040071,2528.0,1.0,1.0,221.0,2000000.0,1.0,1603.0,1643.0,1.0,9.0,2000000.0,9.0,2.0,""
"ec2-c5.metal","laghos","laghos","-p 1 -dim 2 -rs 3 -tf 3.5 -pa","32","ice4hpc","/home/ec2-user/spack/var/spack/environments/ice4hpc/.spack-env/view/bin/laghos","-e perf::ITLB-LOADS -e perf::ITLB-LOAD-MISSES -e perf::LLC-LOADS -e perf::LLC-LOAD-MISSES -e perf::L1-DCACHE-STORES -e perf::PERF_COUNT_SW_CONTEXT_SWITCHES -e perf::CONTEXT-SWITCHES -e PAPI_BR_INS -e clx::HW_INTERRUPTS -e PAPI_BR_TKN -e PAPI_BR_CN -e PAPI_BR_UCN -e PAPI_SP_OPS -e PAPI_VEC_SP -e PAPI_TOT_INS -e perf::DTLB-LOADS -e perf::DTLB-LOAD-MISSES -e perf::DTLB-STORES -e perf::DTLB-STORE-MISSES -e perf::LLC-STORES -e perf::LLC-STORE-MISSES -e perf::L1-DCACHE-LOADS -e perf::L1-DCACHE-LOAD-MISSES -e REALTIME -e IO -e PAPI_BR_PRC -e PAPI_L2_TCM -e clx::RESOURCE_STALLS -e PAPI_DP_OPS -e PAPI_VEC_DP -e PAPI_REF_CYC","['/home/ec2-user/aws_data_collection/data/ec2-c5.metal/laghos/860337bc68b88ba5cc925ed187e62771', '/home/ec2-user/aws_data_collection/data/ec2-c5.metal/laghos/772d18ab43b6d445b5e9bbed793bee9c', '/home/ec2-user/aws_data_collection/data/ec2-c5.metal/laghos/09253f09964564cbfee821c8edad3928', '/home/ec2-user/aws_data_collection/data/ec2-c5.metal/laghos/465af24a3fff20a3b390fce162acbd40', '/home/ec2-user/aws_data_collection/data/ec2-c5.metal/laghos/0b1740d486d49c6c603ff2920357f111', '/home/ec2-user/aws_data_collection/data/ec2-c5.metal/laghos/0e5334a4e32500e735190b2ee2e469b5', '/home/ec2-user/aws_data_collection/data/ec2-c5.metal/laghos/059d4357a3df973f5472a070e71badb5', '/home/ec2-user/aws_data_collection/data/ec2-c5.metal/laghos/d16263558130da74da9aab17e219aeee', '/home/ec2-user/aws_data_collection/data/ec2-c5.metal/laghos/89013538c6df9c094654a2acc4c0f1e1']",0.0333,1.0,249.0,2.0,2.0,2856.0,4683.0,11576.0,0.04526899999999999,2563.0,1.0,178.0,29041.0,2000000.0,2519.0,595.0,4862.0,21135.0,9.0,2000000.0,9.0,2.0,""
"ec2-c5.metal","laghos","laghos","-p 1 -dim 2 -rs 3 -tf 4 ","1","ice4hpc","/home/ec2-user/spack/var/spack/environments/ice4hpc/.spack-env/view/bin/laghos","-e clx::HW_INTERRUPTS -e PAPI_BR_TKN -e PAPI_BR_CN -e PAPI_BR_UCN -e perf::L1-DCACHE-STORES -e perf::PERF_COUNT_SW_CONTEXT_SWITCHES -e perf::CONTEXT-SWITCHES -e PAPI_BR_INS -e PAPI_SP_OPS -e PAPI_VEC_SP -e PAPI_TOT_INS -e REALTIME -e IO -e PAPI_DP_OPS -e PAPI_VEC_DP -e PAPI_REF_CYC -e perf::DTLB-LOADS -e perf::DTLB-LOAD-MISSES -e perf::DTLB-STORES -e perf::DTLB-STORE-MISSES -e PAPI_BR_PRC -e PAPI_L2_TCM -e clx::RESOURCE_STALLS -e perf::LLC-STORES -e perf::LLC-STORE-MISSES -e perf::L1-DCACHE-LOADS -e perf::L1-DCACHE-LOAD-MISSES -e perf::ITLB-LOADS -e perf::ITLB-LOAD-MISSES -e perf::LLC-LOADS -e perf::LLC-LOAD-MISSES","['/home/ec2-user/aws_data_collection/data/ec2-c5.metal/laghos/e12846a84bfba51dfdf426911c551430', '/home/ec2-user/aws_data_collection/data/ec2-c5.metal/laghos/c87cb95ea91f92f7db103575a9eac486', '/home/ec2-user/aws_data_collection/data/ec2-c5.metal/laghos/8038fe49584f00ddfba183eb3a267bd1', '/home/ec2-user/aws_data_collection/data/ec2-c5.metal/laghos/a39e837f3995738128f6c407fac5a049', '/home/ec2-user/aws_data_collection/data/ec2-c5.metal/laghos/65898217639b469ef3d589fd901d372d', '/home/ec2-user/aws_data_collection/data/ec2-c5.metal/laghos/13d7ec6ade5b6b23de6f121425ffe73b', '/home/ec2-user/aws_data_collection/data/ec2-c5.metal/laghos/c1c82469155851c6cdcdcfb6c73068f6', '/home/ec2-user/aws_data_collection/data/ec2-c5.metal/laghos/bd2aa046bbb5c5f2079715cf09739071', '/home/ec2-user/aws_data_collection/data/ec2-c5.metal/laghos/9857c51488760c0abff0dba123b02965']",0.0333,1.0,235.0,1.0,2.0,6.0,3115.0,11576.0,0.045369,2523.0,1.0,229.0,2.0,2000000.0,8.0,1.0,1517.0,2.0,9.0,2000000.0,9.0,1.0,""
"ec2-c5.metal","laghos","laghos","-p 1 -dim 2 -rs 3 -tf 4 ","32","ice4hpc","/home/ec2-user/spack/var/spack/environments/ice4hpc/.spack-env/view/bin/laghos","-e perf::L1-DCACHE-STORES -e perf::PERF_COUNT_SW_CONTEXT_SWITCHES -e perf::CONTEXT-SWITCHES -e PAPI_BR_INS -e perf::ITLB-LOADS -e perf::ITLB-LOAD-MISSES -e perf::LLC-LOADS -e perf::LLC-LOAD-MISSES -e PAPI_BR_PRC -e PAPI_L2_TCM -e clx::RESOURCE_STALLS -e PAPI_DP_OPS -e PAPI_VEC_DP -e PAPI_REF_CYC -e REALTIME -e IO -e perf::LLC-STORES -e perf::LLC-STORE-MISSES -e perf::L1-DCACHE-LOADS -e perf::L1-DCACHE-LOAD-MISSES -e clx::HW_INTERRUPTS -e PAPI_BR_TKN -e PAPI_BR_CN -e PAPI_BR_UCN -e perf::DTLB-LOADS -e perf::DTLB-LOAD-MISSES -e perf::DTLB-STORES -e perf::DTLB-STORE-MISSES -e PAPI_SP_OPS -e PAPI_VEC_SP -e PAPI_TOT_INS","['/home/ec2-user/aws_data_collection/data/ec2-c5.metal/laghos/30a140695b4b794ac51cf92e2eaa90c5', '/home/ec2-user/aws_data_collection/data/ec2-c5.metal/laghos/78dec9f14cb458cdc0b8778700421570', '/home/ec2-user/aws_data_collection/data/ec2-c5.metal/laghos/19950855f52a6ad3b1277e738bdfb776', '/home/ec2-user/aws_data_collection/data/ec2-c5.metal/laghos/019e5f194fc13513580ea43f85b687d1', '/home/ec2-user/aws_data_collection/data/ec2-c5.metal/laghos/75ded866e2795afd7508f045b50fe471', '/home/ec2-user/aws_data_collection/data/ec2-c5.metal/laghos/86b524ee6b8591f6d51729bc446af5d1', '/home/ec2-user/aws_data_collection/data/ec2-c5.metal/laghos/54952be88d2c02d3a4c9c8b12f99c928', '/home/ec2-user/aws_data_collection/data/ec2-c5.metal/laghos/5d6a7caab8bfd6bb1f401b683acb5f7a', '/home/ec2-user/aws_data_collection/data/ec2-c5.metal/laghos/68bca3c8bc46663bb945610e6833b48a']",0.0333,1.0,1194.0,1.0,2.0,1441.0,4651.0,11576.0,0.045550999999999994,2532.0,1.0,1.0,32667.0,2000000.0,1.0,2977.0,8515.0,6665.0,9.0,2000000.0,9.0,2.0,""
"ec2-c5.metal","laghos","laghos","-p 1 -dim 3 -rs 2 -tf 3.5 ","1","ice4hpc","/home/ec2-user/spack/var/spack/environments/ice4hpc/.spack-env/view/bin/laghos","-e perf::DTLB-LOADS -e perf::DTLB-LOAD-MISSES -e perf::DTLB-STORES -e perf::DTLB-STORE-MISSES -e perf::L1-DCACHE-STORES -e perf::PERF_COUNT_SW_CONTEXT_SWITCHES -e perf::CONTEXT-SWITCHES -e PAPI_BR_INS -e perf::ITLB-LOADS -e perf::ITLB-LOAD-MISSES -e perf::LLC-LOADS -e perf::LLC-LOAD-MISSES -e perf::LLC-STORES -e perf::LLC-STORE-MISSES -e perf::L1-DCACHE-LOADS -e perf::L1-DCACHE-LOAD-MISSES -e PAPI_BR_PRC -e PAPI_L2_TCM -e clx::RESOURCE_STALLS -e clx::HW_INTERRUPTS -e PAPI_BR_TKN -e PAPI_BR_CN -e PAPI_BR_UCN -e PAPI_DP_OPS -e PAPI_VEC_DP -e PAPI_REF_CYC -e REALTIME -e IO -e PAPI_SP_OPS -e PAPI_VEC_SP -e PAPI_TOT_INS","['/home/ec2-user/aws_data_collection/data/ec2-c5.metal/laghos/6e8a992e3cb87f7bb29846e8edddda42', '/home/ec2-user/aws_data_collection/data/ec2-c5.metal/laghos/86418d47b5481efaba0db2c99d936dd1', '/home/ec2-user/aws_data_collection/data/ec2-c5.metal/laghos/b91777a800efe50a06cef041c548c32c', '/home/ec2-user/aws_data_collection/data/ec2-c5.metal/laghos/fc27f6824517bd5fb1f369004f0ea73e', '/home/ec2-user/aws_data_collection/data/ec2-c5.metal/laghos/1a43d520cf311ffc72d535ffe3b05552', '/home/ec2-user/aws_data_collection/data/ec2-c5.metal/laghos/8d7594d7ef59d9b5f0c4df25295cae21', '/home/ec2-user/aws_data_collection/data/ec2-c5.metal/laghos/18524782ba02b2e021fa876ea7476fa9', '/home/ec2-user/aws_data_collection/data/ec2-c5.metal/laghos/dc8e5281a6c6d928f26389ed439bb0c7', '/home/ec2-user/aws_data_collection/data/ec2-c5.metal/laghos/0c7d3f6baf943fd0756e29729658a02c']",0.0333,1.0,186.0,1.0,2.0,6.0,3131.0,11576.0,0.040077999999999996,2385.0,1.0,146.0,217.0,2000000.0,1292.0,2236.0,1141.0,24366.0,9.0,2000000.0,9.0,1.0,""
"ec2-c5.metal","laghos","laghos","-p 1 -dim 3 -rs 2 -tf 3.5 ","32","ice4hpc","/home/ec2-user/spack/var/spack/environments/ice4hpc/.spack-env/view/bin/laghos","-e perf::ITLB-LOADS -e perf::ITLB-LOAD-MISSES -e perf::LLC-LOADS -e perf::LLC-LOAD-MISSES -e perf::L1-DCACHE-STORES -e perf::PERF_COUNT_SW_CONTEXT_SWITCHES -e perf::CONTEXT-SWITCHES -e PAPI_BR_INS -e clx::HW_INTERRUPTS -e PAPI_BR_TKN -e PAPI_BR_CN -e PAPI_BR_UCN -e PAPI_SP_OPS -e PAPI_VEC_SP -e PAPI_TOT_INS -e PAPI_BR_PRC -e PAPI_L2_TCM -e clx::RESOURCE_STALLS -e PAPI_DP_OPS -e PAPI_VEC_DP -e PAPI_REF_CYC -e perf::LLC-STORES -e perf::LLC-STORE-MISSES -e perf::L1-DCACHE-LOADS -e perf::L1-DCACHE-LOAD-MISSES -e perf::DTLB-LOADS -e perf::DTLB-LOAD-MISSES -e perf::DTLB-STORES -e perf::DTLB-STORE-MISSES -e REALTIME -e IO","['/home/ec2-user/aws_data_collection/data/ec2-c5.metal/laghos/54f94c9e548c73b8006615ed5fab709a', '/home/ec2-user/aws_data_collection/data/ec2-c5.metal/laghos/fb9ee758458f932041df1720ad9ff683', '/home/ec2-user/aws_data_collection/data/ec2-c5.metal/laghos/b63f8f1688b4c196552ff2c6622d2b20', '/home/ec2-user/aws_data_collection/data/ec2-c5.metal/laghos/f2038ff2e7ee7ce061796709192098b9', '/home/ec2-user/aws_data_collection/data/ec2-c5.metal/laghos/be0f3e558f48ddd851c6eaac2e2f6a3e', '/home/ec2-user/aws_data_collection/data/ec2-c5.metal/laghos/7d60a0ae7b77993dc2da2fa6a7cf736d', '/home/ec2-user/aws_data_collection/data/ec2-c5.metal/laghos/f66114c98ba3eda7433d102ed75c3628', '/home/ec2-user/aws_data_collection/data/ec2-c5.metal/laghos/a0c4ccd9ed97f1fe8c6325bcdf7a71a0', '/home/ec2-user/aws_data_collection/data/ec2-c5.metal/laghos/24e62c0dd780c82429454212974dca0c']",0.05,1.0,815.0,2.0,2.0,555.0,4475.0,11576.0,0.045523,3025.0,1.0,1.0,166.0,2000000.0,186.0,1.0,2.0,2.0,9.0,2000000.0,9.0,2.0,""
"ec2-c5.metal","laghos","laghos","-p 1 -dim 3 -rs 2 -tf 3.5 -pa","1","ice4hpc","/home/ec2-user/spack/var/spack/environments/ice4hpc/.spack-env/view/bin/laghos","-e perf::ITLB-LOADS -e perf::ITLB-LOAD-MISSES -e perf::LLC-LOADS -e perf::LLC-LOAD-MISSES -e clx::HW_INTERRUPTS -e PAPI_BR_TKN -e PAPI_BR_CN -e PAPI_BR_UCN -e PAPI_SP_OPS -e PAPI_VEC_SP -e PAPI_TOT_INS -e perf::DTLB-LOADS -e perf::DTLB-LOAD-MISSES -e perf::DTLB-STORES -e perf::DTLB-STORE-MISSES -e PAPI_DP_OPS -e PAPI_VEC_DP -e PAPI_REF_CYC -e PAPI_BR_PRC -e PAPI_L2_TCM -e clx::RESOURCE_STALLS -e perf::L1-DCACHE-STORES -e perf::PERF_COUNT_SW_CONTEXT_SWITCHES -e perf::CONTEXT-SWITCHES -e PAPI_BR_INS -e perf::LLC-STORES -e perf::LLC-STORE-MISSES -e perf::L1-DCACHE-LOADS -e perf::L1-DCACHE-LOAD-MISSES -e REALTIME -e IO","['/home/ec2-user/aws_data_collection/data/ec2-c5.metal/laghos/7c814520516e88bede1e0ce4353ee283', '/home/ec2-user/aws_data_collection/data/ec2-c5.metal/laghos/4b4815237f4400e0268fe1fca1e77dd9', '/home/ec2-user/aws_data_collection/data/ec2-c5.metal/laghos/54d712fb5288e1d63c5421fd80ab32c6', '/home/ec2-user/aws_data_collection/data/ec2-c5.metal/laghos/03c9ae08581786e7ce750013dd7c65fd', '/home/ec2-user/aws_data_collection/data/ec2-c5.metal/laghos/ceacba0aa413a55f1f2e22b834323436', '/home/ec2-user/aws_data_collection/data/ec2-c5.metal/laghos/5e54dc25c47f3b6ab01ac254a27b75cb', '/home/ec2-user/aws_data_collection/data/ec2-c5.metal/laghos/b629fbc93a76048fcf1b6f321e294c76', '/home/ec2-user/aws_data_collection/data/ec2-c5.metal/laghos/d9b65e94abc498c94b4841950d86eb18', '/home/ec2-user/aws_data_collection/data/ec2-c5.metal/laghos/9394d7bfbf9f37fb90e8d25614d3bda6']",0.0333,1.0,325.0,1.0,2.0,2274.0,3131.0,11576.0,0.040077,2283.0,1.0,7.0,207.0,2000000.0,868.0,134.0,2643.0,2.0,"","","",2.0,""
"ec2-c5.metal","laghos","laghos","-p 1 -dim 3 -rs 2 -tf 3.5 -pa","32","ice4hpc","/home/ec2-user/spack/var/spack/environments/ice4hpc/.spack-env/view/bin/laghos","-e PAPI_BR_PRC -e PAPI_L2_TCM -e clx::RESOURCE_STALLS -e clx::HW_INTERRUPTS -e PAPI_BR_TKN -e PAPI_BR_CN -e PAPI_BR_UCN -e REALTIME -e IO -e perf::LLC-STORES -e perf::LLC-STORE-MISSES -e perf::L1-DCACHE-LOADS -e perf::L1-DCACHE-LOAD-MISSES -e PAPI_SP_OPS -e PAPI_VEC_SP -e PAPI_TOT_INS -e PAPI_DP_OPS -e PAPI_VEC_DP -e PAPI_REF_CYC -e perf::ITLB-LOADS -e perf::ITLB-LOAD-MISSES -e perf::LLC-LOADS -e perf::LLC-LOAD-MISSES -e perf::DTLB-LOADS -e perf::DTLB-LOAD-MISSES -e perf::DTLB-STORES -e perf::DTLB-STORE-MISSES -e perf::L1-DCACHE-STORES -e perf::PERF_COUNT_SW_CONTEXT_SWITCHES -e perf::CONTEXT-SWITCHES -e PAPI_BR_INS","['/home/ec2-user/aws_data_collection/data/ec2-c5.metal/laghos/afdbf8579026db3ac92fdc4da4d5a9a3', '/home/ec2-user/aws_data_collection/data/ec2-c5.metal/laghos/0d6cedf7dda168dbb1d419640aaeab23', '/home/ec2-user/aws_data_collection/data/ec2-c5.metal/laghos/259a4f6ebb9e06486689757c945eb308', '/home/ec2-user/aws_data_collection/data/ec2-c5.metal/laghos/284f2693d0fe6f4781c1071e3fb150ad', '/home/ec2-user/aws_data_collection/data/ec2-c5.metal/laghos/fa571ffedb2470663bedd6ac7a23b855', '/home/ec2-user/aws_data_collection/data/ec2-c5.metal/laghos/ae279f2bcc01d21b5fcb17ccbfb703d6', '/home/ec2-user/aws_data_collection/data/ec2-c5.metal/laghos/199107a94d155d95a83914b5ff8768b4', '/home/ec2-user/aws_data_collection/data/ec2-c5.metal/laghos/a8e735d4ddbe888c194d2a90e75d7245', '/home/ec2-user/aws_data_collection/data/ec2-c5.metal/laghos/ac04875d6e8a2e7032b4f730ad02418a']",0.0333,1.0,140.0,2.0,2.0,1587.0,4667.0,11576.0,0.045214000000000004,7161.0,1.0,1.0,29828.0,2000000.0,36.0,1765.0,1.0,2.0,9.0,2000000.0,9.0,2.0,""
"ec2-c5.metal","laghos","laghos","-p 1 -dim 3 -rs 2 -tf 4 ","1","ice4hpc","/home/ec2-user/spack/var/spack/environments/ice4hpc/.spack-env/view/bin/laghos","-e clx::HW_INTERRUPTS -e PAPI_BR_TKN -e PAPI_BR_CN -e PAPI_BR_UCN -e PAPI_BR_PRC -e PAPI_L2_TCM -e clx::RESOURCE_STALLS -e perf::L1-DCACHE-STORES -e perf::PERF_COUNT_SW_CONTEXT_SWITCHES -e perf::CONTEXT-SWITCHES -e PAPI_BR_INS -e PAPI_SP_OPS -e PAPI_VEC_SP -e PAPI_TOT_INS -e PAPI_DP_OPS -e PAPI_VEC_DP -e PAPI_REF_CYC -e perf::DTLB-LOADS -e perf::DTLB-LOAD-MISSES -e perf::DTLB-STORES -e perf::DTLB-STORE-MISSES -e perf::LLC-STORES -e perf::LLC-STORE-MISSES -e perf::L1-DCACHE-LOADS -e perf::L1-DCACHE-LOAD-MISSES -e REALTIME -e IO -e perf::ITLB-LOADS -e perf::ITLB-LOAD-MISSES -e perf::LLC-LOADS -e perf::LLC-LOAD-MISSES","['/home/ec2-user/aws_data_collection/data/ec2-c5.metal/laghos/a0671558a0107cc159bc46af5f06883a', '/home/ec2-user/aws_data_collection/data/ec2-c5.metal/laghos/ef9f4c938ebb470c896d92a50bcf3c75', '/home/ec2-user/aws_data_collection/data/ec2-c5.metal/laghos/14b4feb30bad5016444c882b8492c9f9', '/home/ec2-user/aws_data_collection/data/ec2-c5.metal/laghos/d369374b2d2e50308ed9cde73e9d6c24', '/home/ec2-user/aws_data_collection/data/ec2-c5.metal/laghos/795eeceecf579e3dfa8735a600d8264d', '/home/ec2-user/aws_data_collection/data/ec2-c5.metal/laghos/3ad4b6f9db8c10ec9fa68235547764b5', '/home/ec2-user/aws_data_collection/data/ec2-c5.metal/laghos/ce46206a7555b7a760bd965c0de8d9e3', '/home/ec2-user/aws_data_collection/data/ec2-c5.metal/laghos/d203d82ca93d4026dd682c8cd2fa4dc4', '/home/ec2-user/aws_data_collection/data/ec2-c5.metal/laghos/3796803dd918fe2c219eb7599bea8e44']",0.0333,1.0,90.0,1.0,2.0,71.0,3123.0,11576.0,0.040075,5634.0,1.0,1.0,2.0,2000000.0,8.0,1.0,861.0,2.0,"","","",2.0,""
"ec2-c5.metal","laghos","laghos","-p 1 -dim 3 -rs 2 -tf 4 ","32","ice4hpc","/home/ec2-user/spack/var/spack/environments/ice4hpc/.spack-env/view/bin/laghos","-e perf::ITLB-LOADS -e perf::ITLB-LOAD-MISSES -e perf::LLC-LOADS -e perf::LLC-LOAD-MISSES -e clx::HW_INTERRUPTS -e PAPI_BR_TKN -e PAPI_BR_CN -e PAPI_BR_UCN -e PAPI_DP_OPS -e PAPI_VEC_DP -e PAPI_REF_CYC -e PAPI_SP_OPS -e PAPI_VEC_SP -e PAPI_TOT_INS -e PAPI_BR_PRC -e PAPI_L2_TCM -e clx::RESOURCE_STALLS -e perf::LLC-STORES -e perf::LLC-STORE-MISSES -e perf::L1-DCACHE-LOADS -e perf::L1-DCACHE-LOAD-MISSES -e REALTIME -e IO -e perf::DTLB-LOADS -e perf::DTLB-LOAD-MISSES -e perf::DTLB-STORES -e perf::DTLB-STORE-MISSES -e perf::L1-DCACHE-STORES -e perf::PERF_COUNT_SW_CONTEXT_SWITCHES -e perf::CONTEXT-SWITCHES -e PAPI_BR_INS","['/home/ec2-user/aws_data_collection/data/ec2-c5.metal/laghos/5ffc36f468fa34f79ad8140c67a41c63', '/home/ec2-user/aws_data_collection/data/ec2-c5.metal/laghos/40a307aeccf7e8b772caeb3809dbd557', '/home/ec2-user/aws_data_collection/data/ec2-c5.metal/laghos/cdc2c08f9ca4fe6a69dcea7bededd897', '/home/ec2-user/aws_data_collection/data/ec2-c5.metal/laghos/97d0c27673da980a2f9ef61d0f35db5e', '/home/ec2-user/aws_data_collection/data/ec2-c5.metal/laghos/edbeaff40bedc0095e8511a4f3ac2542', '/home/ec2-user/aws_data_collection/data/ec2-c5.metal/laghos/741fc8aba017d9296c1f8349c2f4709e', '/home/ec2-user/aws_data_collection/data/ec2-c5.metal/laghos/9c78d96590c764edb46bacd2c040a5ab', '/home/ec2-user/aws_data_collection/data/ec2-c5.metal/laghos/db8447a02d231e371adf17f374effcd2', '/home/ec2-user/aws_data_collection/data/ec2-c5.metal/laghos/ae112702c4682e5d5cbc79091d6b1b40']",0.0333,1.0,279.0,1.0,2.0,2106.0,4651.0,11576.0,0.045554000000000004,5494.0,1.0,1.0,190.0,2000000.0,1.0,529.0,1.0,1.0,9.0,2000000.0,9.0,2.0,""
"ec2-c5.metal","laghos","laghos","-p 1 -dim 3 -rs 2 -tf 4 -pa","1","ice4hpc","/home/ec2-user/spack/var/spack/environments/ice4hpc/.spack-env/view/bin/laghos","-e clx::HW_INTERRUPTS -e PAPI_BR_TKN -e PAPI_BR_CN -e PAPI_BR_UCN -e REALTIME -e IO -e PAPI_DP_OPS -e PAPI_VEC_DP -e PAPI_REF_CYC -e perf::DTLB-LOADS -e perf::DTLB-LOAD-MISSES -e perf::DTLB-STORES -e perf::DTLB-STORE-MISSES -e PAPI_BR_PRC -e PAPI_L2_TCM -e clx::RESOURCE_STALLS -e perf::L1-DCACHE-STORES -e perf::PERF_COUNT_SW_CONTEXT_SWITCHES -e perf::CONTEXT-SWITCHES -e PAPI_BR_INS -e perf::ITLB-LOADS -e perf::ITLB-LOAD-MISSES -e perf::LLC-LOADS -e perf::LLC-LOAD-MISSES -e PAPI_SP_OPS -e PAPI_VEC_SP -e PAPI_TOT_INS -e perf::LLC-STORES -e perf::LLC-STORE-MISSES -e perf::L1-DCACHE-LOADS -e perf::L1-DCACHE-LOAD-MISSES","['/home/ec2-user/aws_data_collection/data/ec2-c5.metal/laghos/5273f24ca83c64533277ae134d1c71b9', '/home/ec2-user/aws_data_collection/data/ec2-c5.metal/laghos/918acfaba811da3cd0fb5326ae23f74c', '/home/ec2-user/aws_data_collection/data/ec2-c5.metal/laghos/dcbfde511725231b96f928dec947d72a', '/home/ec2-user/aws_data_collection/data/ec2-c5.metal/laghos/c172085dcd24625e2dbb2567afb53988', '/home/ec2-user/aws_data_collection/data/ec2-c5.metal/laghos/ebfc5545478d0e5680f5f04332e3e025', '/home/ec2-user/aws_data_collection/data/ec2-c5.metal/laghos/9903ec9bac7ec7ab8f35f122413111ab', '/home/ec2-user/aws_data_collection/data/ec2-c5.metal/laghos/d951762138e8a0e2d309434b0e74dbfd', '/home/ec2-user/aws_data_collection/data/ec2-c5.metal/laghos/aabff7b9fc562783575dc76f71b82815', '/home/ec2-user/aws_data_collection/data/ec2-c5.metal/laghos/f54732869b0d8886731bb18c50099c06']",0.05,1.0,77.0,1.0,2.0,1638.0,3123.0,11576.0,0.040112,2265.0,1.0,281.0,218.0,2000000.0,3572.0,1682.0,3320.0,11977.0,9.0,2000000.0,9.0,1.0,""
"ec2-c5.metal","laghos","laghos","-p 1 -dim 3 -rs 2 -tf 4 -pa","32","ice4hpc","/home/ec2-user/spack/var/spack/environments/ice4hpc/.spack-env/view/bin/laghos","-e perf::ITLB-LOADS -e perf::ITLB-LOAD-MISSES -e perf::LLC-LOADS -e perf::LLC-LOAD-MISSES -e clx::HW_INTERRUPTS -e PAPI_BR_TKN -e PAPI_BR_CN -e PAPI_BR_UCN -e PAPI_DP_OPS -e PAPI_VEC_DP -e PAPI_REF_CYC -e PAPI_SP_OPS -e PAPI_VEC_SP -e PAPI_TOT_INS -e perf::L1-DCACHE-STORES -e perf::PERF_COUNT_SW_CONTEXT_SWITCHES -e perf::CONTEXT-SWITCHES -e PAPI_BR_INS -e perf::LLC-STORES -e perf::LLC-STORE-MISSES -e perf::L1-DCACHE-LOADS -e perf::L1-DCACHE-LOAD-MISSES -e perf::DTLB-LOADS -e perf::DTLB-LOAD-MISSES -e perf::DTLB-STORES -e perf::DTLB-STORE-MISSES -e PAPI_BR_PRC -e PAPI_L2_TCM -e clx::RESOURCE_STALLS -e REALTIME -e IO","['/home/ec2-user/aws_data_collection/data/ec2-c5.metal/laghos/7692fd9f841a6e54551b8e76235067d4', '/home/ec2-user/aws_data_collection/data/ec2-c5.metal/laghos/c27677e35cc0a263796b63161974749c', '/home/ec2-user/aws_data_collection/data/ec2-c5.metal/laghos/1022d344319959e36367276c3703c47d', '/home/ec2-user/aws_data_collection/data/ec2-c5.metal/laghos/117875ac5806cc2236e35ada78735825', '/home/ec2-user/aws_data_collection/data/ec2-c5.metal/laghos/d24f18326bd12313dad091cb6c137b08', '/home/ec2-user/aws_data_collection/data/ec2-c5.metal/laghos/c9fb979b084db761a3ae0952dac118fd', '/home/ec2-user/aws_data_collection/data/ec2-c5.metal/laghos/7b61eb7d8da0ba7187aac8c077c83466', '/home/ec2-user/aws_data_collection/data/ec2-c5.metal/laghos/837dc623f021fe1af91a3725db9ef628', '/home/ec2-user/aws_data_collection/data/ec2-c5.metal/laghos/2ca34396fc3e0294738ffa426af1cc7f']",0.05,1.0,483.0,2.0,2.0,2712.0,4403.0,11576.0,0.045467,5525.0,1.0,280.0,178.0,2000000.0,1.0,147.0,3708.0,1.0,9.0,2000000.0,9.0,2.0,""
"ec2-c5.metal","laghos","laghos","-p 1 -dim 3 -rs 2 -tf 4.5 ","1","ice4hpc","/home/ec2-user/spack/var/spack/environments/ice4hpc/.spack-env/view/bin/laghos","-e perf::LLC-STORES -e perf::LLC-STORE-MISSES -e perf::L1-DCACHE-LOADS -e perf::L1-DCACHE-LOAD-MISSES -e PAPI_DP_OPS -e PAPI_VEC_DP -e PAPI_REF_CYC -e PAPI_SP_OPS -e PAPI_VEC_SP -e PAPI_TOT_INS -e perf::ITLB-LOADS -e perf::ITLB-LOAD-MISSES -e perf::LLC-LOADS -e perf::LLC-LOAD-MISSES -e perf::DTLB-LOADS -e perf::DTLB-LOAD-MISSES -e perf::DTLB-STORES -e perf::DTLB-STORE-MISSES -e clx::HW_INTERRUPTS -e PAPI_BR_TKN -e PAPI_BR_CN -e PAPI_BR_UCN -e REALTIME -e IO -e perf::L1-DCACHE-STORES -e perf::PERF_COUNT_SW_CONTEXT_SWITCHES -e perf::CONTEXT-SWITCHES -e PAPI_BR_INS -e PAPI_BR_PRC -e PAPI_L2_TCM -e clx::RESOURCE_STALLS","['/home/ec2-user/aws_data_collection/data/ec2-c5.metal/laghos/e2aa416f640126fe7fc08f2e1d3af1f8', '/home/ec2-user/aws_data_collection/data/ec2-c5.metal/laghos/cb662f2773131213b09a446762073843', '/home/ec2-user/aws_data_collection/data/ec2-c5.metal/laghos/2feb3d6bcee06104632267d5e6dd45b5', '/home/ec2-user/aws_data_collection/data/ec2-c5.metal/laghos/d26c1c936b1caa021f983d24471d9569', '/home/ec2-user/aws_data_collection/data/ec2-c5.metal/laghos/596374582d1a42529919424d1b6497c6', '/home/ec2-user/aws_data_collection/data/ec2-c5.metal/laghos/48a6511b102d6e049eaf90cf0e0338c8', '/home/ec2-user/aws_data_collection/data/ec2-c5.metal/laghos/37fd57837388b9ca6e16afd22f17a6b4', '/home/ec2-user/aws_data_collection/data/ec2-c5.metal/laghos/e0e1ab98c829f93abd84e92b2a706c75', '/home/ec2-user/aws_data_collection/data/ec2-c5.metal/laghos/d41132a004254ddbc4545de1b7ed20c2']",0.0333,1.0,133.0,1.0,2.0,745.0,3131.0,11576.0,0.040085,2340.0,1.0,2586.0,2.0,2000000.0,119.0,1.0,944.0,2.0,9.0,2000000.0,9.0,2.0,""
"ec2-c5.metal","laghos","laghos","-p 1 -dim 3 -rs 2 -tf 4.5 ","32","ice4hpc","/home/ec2-user/spack/var/spack/environments/ice4hpc/.spack-env/view/bin/laghos","-e REALTIME -e IO -e PAPI_DP_OPS -e PAPI_VEC_DP -e PAPI_REF_CYC -e perf::LLC-STORES -e perf::LLC-STORE-MISSES -e perf::L1-DCACHE-LOADS -e perf::L1-DCACHE-LOAD-MISSES -e perf::DTLB-LOADS -e perf::DTLB-LOAD-MISSES -e perf::DTLB-STORES -e perf::DTLB-STORE-MISSES -e PAPI_SP_OPS -e PAPI_VEC_SP -e PAPI_TOT_INS -e clx::HW_INTERRUPTS -e PAPI_BR_TKN -e PAPI_BR_CN -e PAPI_BR_UCN -e PAPI_BR_PRC -e PAPI_L2_TCM -e clx::RESOURCE_STALLS -e perf::L1-DCACHE-STORES -e perf::PERF_COUNT_SW_CONTEXT_SWITCHES -e perf::CONTEXT-SWITCHES -e PAPI_BR_INS -e perf::ITLB-LOADS -e perf::ITLB-LOAD-MISSES -e perf::LLC-LOADS -e perf::LLC-LOAD-MISSES","['/home/ec2-user/aws_data_collection/data/ec2-c5.metal/laghos/7f773ee8ef2dab13ef161762cb1c61be', '/home/ec2-user/aws_data_collection/data/ec2-c5.metal/laghos/4b74a2ef7b42e3d794da12235b1f7fc6', '/home/ec2-user/aws_data_collection/data/ec2-c5.metal/laghos/2d1610e6cdc34971f1bf11fe4e51a65c', '/home/ec2-user/aws_data_collection/data/ec2-c5.metal/laghos/674a2d04424a52329b34e58c400e66d0', '/home/ec2-user/aws_data_collection/data/ec2-c5.metal/laghos/c315b8d2399d3b94bd0622d3eb9a0e13', '/home/ec2-user/aws_data_collection/data/ec2-c5.metal/laghos/b79950edbf4c0d7e5f0edd6174324520', '/home/ec2-user/aws_data_collection/data/ec2-c5.metal/laghos/67c876916826e650d18beb1338fb0bb6', '/home/ec2-user/aws_data_collection/data/ec2-c5.metal/laghos/df4ba548ce83e00ad813ae0209c4ea37', '/home/ec2-user/aws_data_collection/data/ec2-c5.metal/laghos/ba6c988ae9e7783dd2e266af83d9e2aa']",0.0333,1.0,1046.0,2.0,2.0,6.0,4219.0,11576.0,1.0384950000000004,4484.0,1.0,104.0,188.0,2000000.0,1.0,422.0,1.0,1.0,9.0,2000000.0,9.0,2.0,""
"ec2-c5.metal","laghos","laghos","-p 1 -dim 3 -rs 2 -tf 4.5 -pa","1","ice4hpc","/home/ec2-user/spack/var/spack/environments/ice4hpc/.spack-env/view/bin/laghos","-e PAPI_SP_OPS -e PAPI_VEC_SP -e PAPI_TOT_INS -e perf::L1-DCACHE-STORES -e perf::PERF_COUNT_SW_CONTEXT_SWITCHES -e perf::CONTEXT-SWITCHES -e PAPI_BR_INS -e clx::HW_INTERRUPTS -e PAPI_BR_TKN -e PAPI_BR_CN -e PAPI_BR_UCN -e perf::ITLB-LOADS -e perf::ITLB-LOAD-MISSES -e perf::LLC-LOADS -e perf::LLC-LOAD-MISSES -e PAPI_DP_OPS -e PAPI_VEC_DP -e PAPI_REF_CYC -e perf::DTLB-LOADS -e perf::DTLB-LOAD-MISSES -e perf::DTLB-STORES -e perf::DTLB-STORE-MISSES -e PAPI_BR_PRC -e PAPI_L2_TCM -e clx::RESOURCE_STALLS -e REALTIME -e IO -e perf::LLC-STORES -e perf::LLC-STORE-MISSES -e perf::L1-DCACHE-LOADS -e perf::L1-DCACHE-LOAD-MISSES","['/home/ec2-user/aws_data_collection/data/ec2-c5.metal/laghos/cc4766672fdbf7e4960748977ef42395', '/home/ec2-user/aws_data_collection/data/ec2-c5.metal/laghos/deb9d34ea24c8f18a55174e4b384911f', '/home/ec2-user/aws_data_collection/data/ec2-c5.metal/laghos/f4ef080a149a98bd1f9be0a94d4b54a3', '/home/ec2-user/aws_data_collection/data/ec2-c5.metal/laghos/cd42eeebdf7e4bf009af9a02a3864a83', '/home/ec2-user/aws_data_collection/data/ec2-c5.metal/laghos/2be73e09bca4b9f784ec294f3dffa7d1', '/home/ec2-user/aws_data_collection/data/ec2-c5.metal/laghos/efbaa7a0aad4ee6647adafd36a8cdc09', '/home/ec2-user/aws_data_collection/data/ec2-c5.metal/laghos/b44407341dc2d0edf3962e4ca8d81335', '/home/ec2-user/aws_data_collection/data/ec2-c5.metal/laghos/b669157d7f508aad63be25c44a283fcd', '/home/ec2-user/aws_data_collection/data/ec2-c5.metal/laghos/ec670ca0346193d1aee9fae7a14faf60']",0.0333,1.0,55.0,1.0,2.0,1240.0,3123.0,11576.0,0.040071999999999997,44.0,1.0,1.0,218.0,2000000.0,1774.0,916.0,125.0,64.0,9.0,2000000.0,9.0,2.0,""
"ec2-c5.metal","laghos","laghos","-p 1 -dim 3 -rs 2 -tf 4.5 -pa","32","ice4hpc","/home/ec2-user/spack/var/spack/environments/ice4hpc/.spack-env/view/bin/laghos","-e perf::LLC-STORES -e perf::LLC-STORE-MISSES -e perf::L1-DCACHE-LOADS -e perf::L1-DCACHE-LOAD-MISSES -e perf::DTLB-LOADS -e perf::DTLB-LOAD-MISSES -e perf::DTLB-STORES -e perf::DTLB-STORE-MISSES -e perf::L1-DCACHE-STORES -e perf::PERF_COUNT_SW_CONTEXT_SWITCHES -e perf::CONTEXT-SWITCHES -e PAPI_BR_INS -e REALTIME -e IO -e PAPI_BR_PRC -e PAPI_L2_TCM -e clx::RESOURCE_STALLS -e clx::HW_INTERRUPTS -e PAPI_BR_TKN -e PAPI_BR_CN -e PAPI_BR_UCN -e PAPI_SP_OPS -e PAPI_VEC_SP -e PAPI_TOT_INS -e PAPI_DP_OPS -e PAPI_VEC_DP -e PAPI_REF_CYC -e perf::ITLB-LOADS -e perf::ITLB-LOAD-MISSES -e perf::LLC-LOADS -e perf::LLC-LOAD-MISSES","['/home/ec2-user/aws_data_collection/data/ec2-c5.metal/laghos/289adf5cb00e9b8fd7a335172f98bba3', '/home/ec2-user/aws_data_collection/data/ec2-c5.metal/laghos/312172b2c072cc785395d95efecd6931', '/home/ec2-user/aws_data_collection/data/ec2-c5.metal/laghos/c7d3700425c4a106c215ca7614b6b35c', '/home/ec2-user/aws_data_collection/data/ec2-c5.metal/laghos/9c0ff899578c9ba5d8b3bb24e2c4dff1', '/home/ec2-user/aws_data_collection/data/ec2-c5.metal/laghos/eaaed36fddc5488803e28bc0fe61ee1b', '/home/ec2-user/aws_data_collection/data/ec2-c5.metal/laghos/2f9cdc31c37db26bb1d5ba9086563fbc', '/home/ec2-user/aws_data_collection/data/ec2-c5.metal/laghos/fe157ae64a20cb264a6977d5e5208c5f', '/home/ec2-user/aws_data_collection/data/ec2-c5.metal/laghos/524d6554671a4fd0caf387f617d62b79', '/home/ec2-user/aws_data_collection/data/ec2-c5.metal/laghos/80f03934f1e3bd362ac07b536cf6b059']",0.05,1.0,911.0,2.0,2.0,1699.0,4651.0,11576.0,0.045511,401.0,1.0,134.0,31268.0,2000000.0,2883.0,470.0,6631.0,13683.0,9.0,2000000.0,9.0,2.0,""
"ec2-c5.metal","laghos","laghos","-p 1 -dim 3 -rs 2 -tf 5 ","1","ice4hpc","/home/ec2-user/spack/var/spack/environments/ice4hpc/.spack-env/view/bin/laghos","-e REALTIME -e IO -e clx::HW_INTERRUPTS -e PAPI_BR_TKN -e PAPI_BR_CN -e PAPI_BR_UCN -e perf::LLC-STORES -e perf::LLC-STORE-MISSES -e perf::L1-DCACHE-LOADS -e perf::L1-DCACHE-LOAD-MISSES -e perf::ITLB-LOADS -e perf::ITLB-LOAD-MISSES -e perf::LLC-LOADS -e perf::LLC-LOAD-MISSES -e PAPI_DP_OPS -e PAPI_VEC_DP -e PAPI_REF_CYC -e PAPI_BR_PRC -e PAPI_L2_TCM -e clx::RESOURCE_STALLS -e perf::L1-DCACHE-STORES -e perf::PERF_COUNT_SW_CONTEXT_SWITCHES -e perf::CONTEXT-SWITCHES -e PAPI_BR_INS -e perf::DTLB-LOADS -e perf::DTLB-LOAD-MISSES -e perf::DTLB-STORES -e perf::DTLB-STORE-MISSES -e PAPI_SP_OPS -e PAPI_VEC_SP -e PAPI_TOT_INS","['/home/ec2-user/aws_data_collection/data/ec2-c5.metal/laghos/e3e95ce242331b556149804efb2a3739', '/home/ec2-user/aws_data_collection/data/ec2-c5.metal/laghos/d306274d11ef09e204ed81c413993529', '/home/ec2-user/aws_data_collection/data/ec2-c5.metal/laghos/f8f95f1e5b2c903405abad60d0649b7d', '/home/ec2-user/aws_data_collection/data/ec2-c5.metal/laghos/7a65c9f042e61adfdb6634948f7d7759', '/home/ec2-user/aws_data_collection/data/ec2-c5.metal/laghos/5aa205a2e1a5676da32331f77ad51f77', '/home/ec2-user/aws_data_collection/data/ec2-c5.metal/laghos/2352173ba3dffb872125c836028c8049', '/home/ec2-user/aws_data_collection/data/ec2-c5.metal/laghos/93eb6bffa83c72e8e6a91b8dd1e67694', '/home/ec2-user/aws_data_collection/data/ec2-c5.metal/laghos/652813ebd750a7bc758309a3a0b488ea', '/home/ec2-user/aws_data_collection/data/ec2-c5.metal/laghos/f8a83506025b4c3695b6f06bac5f84d2']",0.0333,1.0,166.0,1.0,2.0,1.0,3123.0,11576.0,0.040077,2407.0,1.0,81.0,216.0,2000000.0,15523.0,2213.0,2925.0,45320.0,"","","",1.0,""
"ec2-c5.metal","laghos","laghos","-p 1 -dim 3 -rs 2 -tf 5 ","32","ice4hpc","/home/ec2-user/spack/var/spack/environments/ice4hpc/.spack-env/view/bin/laghos","-e PAPI_BR_PRC -e PAPI_L2_TCM -e clx::RESOURCE_STALLS -e perf::DTLB-LOADS -e perf::DTLB-LOAD-MISSES -e perf::DTLB-STORES -e perf::DTLB-STORE-MISSES -e perf::ITLB-LOADS -e perf::ITLB-LOAD-MISSES -e perf::LLC-LOADS -e perf::LLC-LOAD-MISSES -e perf::LLC-STORES -e perf::LLC-STORE-MISSES -e perf::L1-DCACHE-LOADS -e perf::L1-DCACHE-LOAD-MISSES -e perf::L1-DCACHE-STORES -e perf::PERF_COUNT_SW_CONTEXT_SWITCHES -e perf::CONTEXT-SWITCHES -e PAPI_BR_INS -e PAPI_DP_OPS -e PAPI_VEC_DP -e PAPI_REF_CYC -e PAPI_SP_OPS -e PAPI_VEC_SP -e PAPI_TOT_INS -e clx::HW_INTERRUPTS -e PAPI_BR_TKN -e PAPI_BR_CN -e PAPI_BR_UCN -e REALTIME -e IO","['/home/ec2-user/aws_data_collection/data/ec2-c5.metal/laghos/a03e89cfe0f695cd28215a0292ad69b3', '/home/ec2-user/aws_data_collection/data/ec2-c5.metal/laghos/0791cd9b13e2754be189449021d22e8c', '/home/ec2-user/aws_data_collection/data/ec2-c5.metal/laghos/5ccf3dd8c69fb8d84f82dde1c40d0a0a', '/home/ec2-user/aws_data_collection/data/ec2-c5.metal/laghos/6406a88bc744729ea421a761084b008f', '/home/ec2-user/aws_data_collection/data/ec2-c5.metal/laghos/4fb1cd9f2e7a7448f519d3a27aa80e98', '/home/ec2-user/aws_data_collection/data/ec2-c5.metal/laghos/58c64e98fb6fde4ea6b9a562fca0b8bd', '/home/ec2-user/aws_data_collection/data/ec2-c5.metal/laghos/4aae712f3a76c3228b46c4353c96218f', '/home/ec2-user/aws_data_collection/data/ec2-c5.metal/laghos/0ae79894d0d60b8a750bd571c55db151', '/home/ec2-user/aws_data_collection/data/ec2-c5.metal/laghos/d266c075b9f1f2232212603c3a9924b6']",0.0333,1.0,422.0,1.0,1.0,1438.0,4651.0,11576.0,0.050571,6279.0,1.0,174.0,29800.0,2000000.0,69.0,1743.0,2.0,276.0,9.0,2000000.0,9.0,2.0,""
"ec2-c5.metal","laghos","laghos","-p 1 -dim 3 -rs 2 -tf 5 -pa","1","ice4hpc","/home/ec2-user/spack/var/spack/environments/ice4hpc/.spack-env/view/bin/laghos","-e clx::HW_INTERRUPTS -e PAPI_BR_TKN -e PAPI_BR_CN -e PAPI_BR_UCN -e perf::DTLB-LOADS -e perf::DTLB-LOAD-MISSES -e perf::DTLB-STORES -e perf::DTLB-STORE-MISSES -e perf::L1-DCACHE-STORES -e perf::PERF_COUNT_SW_CONTEXT_SWITCHES -e perf::CONTEXT-SWITCHES -e PAPI_BR_INS -e PAPI_SP_OPS -e PAPI_VEC_SP -e PAPI_TOT_INS -e perf::LLC-STORES -e perf::LLC-STORE-MISSES -e perf::L1-DCACHE-LOADS -e perf::L1-DCACHE-LOAD-MISSES -e perf::ITLB-LOADS -e perf::ITLB-LOAD-MISSES -e perf::LLC-LOADS -e perf::LLC-LOAD-MISSES -e PAPI_DP_OPS -e PAPI_VEC_DP -e PAPI_REF_CYC -e REALTIME -e IO -e PAPI_BR_PRC -e PAPI_L2_TCM -e clx::RESOURCE_STALLS","['/home/ec2-user/aws_data_collection/data/ec2-c5.metal/laghos/f327d49ace13adbb6ff2a3ffe5274b9e', '/home/ec2-user/aws_data_collection/data/ec2-c5.metal/laghos/5e0eaf0cb0e5614199047045e0d77295', '/home/ec2-user/aws_data_collection/data/ec2-c5.metal/laghos/6c7d21fdc3fbc7e59561cff370ed5024', '/home/ec2-user/aws_data_collection/data/ec2-c5.metal/laghos/f383c5bb3c97b5f00915cf186c09db82', '/home/ec2-user/aws_data_collection/data/ec2-c5.metal/laghos/36700fcb78d3af168183fa7a8c751129', '/home/ec2-user/aws_data_collection/data/ec2-c5.metal/laghos/27e46e837d854f52db15f1c43f72acc5', '/home/ec2-user/aws_data_collection/data/ec2-c5.metal/laghos/621b351f6f08ff8ba36561575e47fa68', '/home/ec2-user/aws_data_collection/data/ec2-c5.metal/laghos/fae3b9995482e4fba5413bf738ef22b2', '/home/ec2-user/aws_data_collection/data/ec2-c5.metal/laghos/7aba3e3ff08ebe6cfbf0a7238bee60a3']",0.0333,1.0,102.0,1.0,2.0,2429.0,3123.0,11576.0,0.040086,2406.0,1.0,122.0,213.0,2000000.0,1.0,4987.0,1.0,104.0,9.0,2000000.0,9.0,2.0,""
"ec2-c5.metal","laghos","laghos","-p 1 -dim 3 -rs 2 -tf 5 -pa","32","ice4hpc","/home/ec2-user/spack/var/spack/environments/ice4hpc/.spack-env/view/bin/laghos","-e PAPI_DP_OPS -e PAPI_VEC_DP -e PAPI_REF_CYC -e perf::LLC-STORES -e perf::LLC-STORE-MISSES -e perf::L1-DCACHE-LOADS -e perf::L1-DCACHE-LOAD-MISSES -e REALTIME -e IO -e perf::L1-DCACHE-STORES -e perf::PERF_COUNT_SW_CONTEXT_SWITCHES -e perf::CONTEXT-SWITCHES -e PAPI_BR_INS -e PAPI_BR_PRC -e PAPI_L2_TCM -e clx::RESOURCE_STALLS -e PAPI_SP_OPS -e PAPI_VEC_SP -e PAPI_TOT_INS -e perf::ITLB-LOADS -e perf::ITLB-LOAD-MISSES -e perf::LLC-LOADS -e perf::LLC-LOAD-MISSES -e clx::HW_INTERRUPTS -e PAPI_BR_TKN -e PAPI_BR_CN -e PAPI_BR_UCN -e perf::DTLB-LOADS -e perf::DTLB-LOAD-MISSES -e perf::DTLB-STORES -e perf::DTLB-STORE-MISSES","['/home/ec2-user/aws_data_collection/data/ec2-c5.metal/laghos/abda56223313e032d6352bb4481074fa', '/home/ec2-user/aws_data_collection/data/ec2-c5.metal/laghos/71733b5637b1f1a75bb087de115f3612', '/home/ec2-user/aws_data_collection/data/ec2-c5.metal/laghos/b36920630b4d2099c944a27408d69fb3', '/home/ec2-user/aws_data_collection/data/ec2-c5.metal/laghos/9c1a3c25ec8eafe59f8b554b6989bbd1', '/home/ec2-user/aws_data_collection/data/ec2-c5.metal/laghos/be4a4ad03740173fffb767835843038a', '/home/ec2-user/aws_data_collection/data/ec2-c5.metal/laghos/57f5652c8581238408a3e980de416f99', '/home/ec2-user/aws_data_collection/data/ec2-c5.metal/laghos/c95445d84fb3bbc80d9b5ab590f4ef8a', '/home/ec2-user/aws_data_collection/data/ec2-c5.metal/laghos/053b0557b76000b7729b99fec3353971', '/home/ec2-user/aws_data_collection/data/ec2-c5.metal/laghos/ba323c6934dd80d440032193eda3ba30']",0.0333,1.0,1.0,1.0,2.0,1.0,4611.0,11576.0,0.04042,3354.0,1.0,1.0,35464.0,2000000.0,7260.0,1604.0,7790.0,16915.0,9.0,2000000.0,9.0,2.0,""
"ec2-c5.metal","laghos","laghos","-p 1 -dim 3 -rs 2 -tf 5.5 ","1","ice4hpc","/home/ec2-user/spack/var/spack/environments/ice4hpc/.spack-env/view/bin/laghos","-e perf::DTLB-LOADS -e perf::DTLB-LOAD-MISSES -e perf::DTLB-STORES -e perf::DTLB-STORE-MISSES -e perf::ITLB-LOADS -e perf::ITLB-LOAD-MISSES -e perf::LLC-LOADS -e perf::LLC-LOAD-MISSES -e perf::LLC-STORES -e perf::LLC-STORE-MISSES -e perf::L1-DCACHE-LOADS -e perf::L1-DCACHE-LOAD-MISSES -e PAPI_BR_PRC -e PAPI_L2_TCM -e clx::RESOURCE_STALLS -e PAPI_DP_OPS -e PAPI_VEC_DP -e PAPI_REF_CYC -e PAPI_SP_OPS -e PAPI_VEC_SP -e PAPI_TOT_INS -e REALTIME -e IO -e perf::L1-DCACHE-STORES -e perf::PERF_COUNT_SW_CONTEXT_SWITCHES -e perf::CONTEXT-SWITCHES -e PAPI_BR_INS -e clx::HW_INTERRUPTS -e PAPI_BR_TKN -e PAPI_BR_CN -e PAPI_BR_UCN","['/home/ec2-user/aws_data_collection/data/ec2-c5.metal/laghos/2d2f17aa4bf6125cf48a97478f0ddc47', '/home/ec2-user/aws_data_collection/data/ec2-c5.metal/laghos/76602e501a40cf3f23e4b8927cc1fc2c', '/home/ec2-user/aws_data_collection/data/ec2-c5.metal/laghos/a058fdef4a39c55f6b37094e661221c6', '/home/ec2-user/aws_data_collection/data/ec2-c5.metal/laghos/88f821d3b5113d937c20aeec670feda0', '/home/ec2-user/aws_data_collection/data/ec2-c5.metal/laghos/0926bc99e2dc87c12a097444d067c64e', '/home/ec2-user/aws_data_collection/data/ec2-c5.metal/laghos/b5b0278181fa88bc3b2905698ab9a230', '/home/ec2-user/aws_data_collection/data/ec2-c5.metal/laghos/ca235963eed843f5688bf3c96f64d2d9', '/home/ec2-user/aws_data_collection/data/ec2-c5.metal/laghos/594b13cc351d9c36162b9c20a99880f8', '/home/ec2-user/aws_data_collection/data/ec2-c5.metal/laghos/f6100a871546505709ff3bbd3f4a6eab']",0.0333,1.0,128.0,1.0,2.0,1.0,3131.0,11576.0,0.040079,2245.0,1.0,1.0,211.0,2000000.0,1.0,1135.0,1615.0,4368.0,9.0,2000000.0,9.0,2.0,""
"ec2-c5.metal","laghos","laghos","-p 1 -dim 3 -rs 2 -tf 5.5 ","32","ice4hpc","/home/ec2-user/spack/var/spack/environments/ice4hpc/.spack-env/view/bin/laghos","-e perf::ITLB-LOADS -e perf::ITLB-LOAD-MISSES -e perf::LLC-LOADS -e perf::LLC-LOAD-MISSES -e PAPI_BR_PRC -e PAPI_L2_TCM -e clx::RESOURCE_STALLS -e perf::L1-DCACHE-STORES -e perf::PERF_COUNT_SW_CONTEXT_SWITCHES -e perf::CONTEXT-SWITCHES -e PAPI_BR_INS -e perf::LLC-STORES -e perf::LLC-STORE-MISSES -e perf::L1-DCACHE-LOADS -e perf::L1-DCACHE-LOAD-MISSES -e perf::DTLB-LOADS -e perf::DTLB-LOAD-MISSES -e perf::DTLB-STORES -e perf::DTLB-STORE-MISSES -e REALTIME -e IO -e PAPI_SP_OPS -e PAPI_VEC_SP -e PAPI_TOT_INS -e PAPI_DP_OPS -e PAPI_VEC_DP -e PAPI_REF_CYC -e clx::HW_INTERRUPTS -e PAPI_BR_TKN -e PAPI_BR_CN -e PAPI_BR_UCN","['/home/ec2-user/aws_data_collection/data/ec2-c5.metal/laghos/72552eaa81188957419181a6a6600849', '/home/ec2-user/aws_data_collection/data/ec2-c5.metal/laghos/b7d58e663fbc5176695cccfb5fa478d0', '/home/ec2-user/aws_data_collection/data/ec2-c5.metal/laghos/94c5c41762618c35ca95ecac3320a066', '/home/ec2-user/aws_data_collection/data/ec2-c5.metal/laghos/f0485903e5443dfad49623db607c54fc', '/home/ec2-user/aws_data_collection/data/ec2-c5.metal/laghos/80366d4fb5266f7eb9d1880699a99446', '/home/ec2-user/aws_data_collection/data/ec2-c5.metal/laghos/ae9633fa0ddce84b91a372e8a94ea803', '/home/ec2-user/aws_data_collection/data/ec2-c5.metal/laghos/c1a303cee3ff83cc444b028c5d652907', '/home/ec2-user/aws_data_collection/data/ec2-c5.metal/laghos/1e739ee8b16b04a5bf1eff6d909b253c', '/home/ec2-user/aws_data_collection/data/ec2-c5.metal/laghos/f14849b628dd54a74f9d7edc4de91bf8']",0.0333,1.0,462.0,2.0,2.0,1660.0,4659.0,11576.0,0.045597000000000006,2581.0,1.0,263.0,198.0,2000000.0,2113.0,1308.0,6615.0,25067.0,9.0,2000000.0,9.0,1.0,""
"ec2-c5.metal","laghos","laghos","-p 1 -dim 3 -rs 2 -tf 5.5 -pa","1","ice4hpc","/home/ec2-user/spack/var/spack/environments/ice4hpc/.spack-env/view/bin/laghos","-e perf::L1-DCACHE-STORES -e perf::PERF_COUNT_SW_CONTEXT_SWITCHES -e perf::CONTEXT-SWITCHES -e PAPI_BR_INS -e clx::HW_INTERRUPTS -e PAPI_BR_TKN -e PAPI_BR_CN -e PAPI_BR_UCN -e PAPI_DP_OPS -e PAPI_VEC_DP -e PAPI_REF_CYC -e PAPI_SP_OPS -e PAPI_VEC_SP -e PAPI_TOT_INS -e REALTIME -e IO -e perf::DTLB-LOADS -e perf::DTLB-LOAD-MISSES -e perf::DTLB-STORES -e perf::DTLB-STORE-MISSES -e perf::LLC-STORES -e perf::LLC-STORE-MISSES -e perf::L1-DCACHE-LOADS -e perf::L1-DCACHE-LOAD-MISSES -e PAPI_BR_PRC -e PAPI_L2_TCM -e clx::RESOURCE_STALLS -e perf::ITLB-LOADS -e perf::ITLB-LOAD-MISSES -e perf::LLC-LOADS -e perf::LLC-LOAD-MISSES","['/home/ec2-user/aws_data_collection/data/ec2-c5.metal/laghos/7a9e8bd1bb431c8a417949f665bb278e', '/home/ec2-user/aws_data_collection/data/ec2-c5.metal/laghos/b6f864bcc4431dfae95653d676e2f956', '/home/ec2-user/aws_data_collection/data/ec2-c5.metal/laghos/18eaecee885ca5e6cca2b8b553a467ec', '/home/ec2-user/aws_data_collection/data/ec2-c5.metal/laghos/420bf1e642da195b396f6530746c7d22', '/home/ec2-user/aws_data_collection/data/ec2-c5.metal/laghos/087ad976b4ab2340f2262dcc20a25f89', '/home/ec2-user/aws_data_collection/data/ec2-c5.metal/laghos/187b57c2274a510faae699441c08188f', '/home/ec2-user/aws_data_collection/data/ec2-c5.metal/laghos/f1b96a06a5b5a763ab9894f55c337e87', '/home/ec2-user/aws_data_collection/data/ec2-c5.metal/laghos/dd3dcb739736a407edeee19943473169', '/home/ec2-user/aws_data_collection/data/ec2-c5.metal/laghos/310b9a6ee95a1efed323256d40006f5b']",0.05,1.0,86.0,1.0,2.0,796.0,3131.0,11576.0,0.04008,1832.0,1.0,153.0,225.0,2000000.0,8.0,2.0,1227.0,2.0,"","","",2.0,""
"ec2-c5.metal","laghos","laghos","-p 1 -dim 3 -rs 2 -tf 5.5 -pa","32","ice4hpc","/home/ec2-user/spack/var/spack/environments/ice4hpc/.spack-env/view/bin/laghos","-e REALTIME -e IO -e PAPI_BR_PRC -e PAPI_L2_TCM -e clx::RESOURCE_STALLS -e PAPI_SP_OPS -e PAPI_VEC_SP -e PAPI_TOT_INS -e PAPI_DP_OPS -e PAPI_VEC_DP -e PAPI_REF_CYC -e perf::DTLB-LOADS -e perf::DTLB-LOAD-MISSES -e perf::DTLB-STORES -e perf::DTLB-STORE-MISSES -e perf::L1-DCACHE-STORES -e perf::PERF_COUNT_SW_CONTEXT_SWITCHES -e perf::CONTEXT-SWITCHES -e PAPI_BR_INS -e clx::HW_INTERRUPTS -e PAPI_BR_TKN -e PAPI_BR_CN -e PAPI_BR_UCN -e perf::ITLB-LOADS -e perf::ITLB-LOAD-MISSES -e perf::LLC-LOADS -e perf::LLC-LOAD-MISSES -e perf::LLC-STORES -e perf::LLC-STORE-MISSES -e perf::L1-DCACHE-LOADS -e perf::L1-DCACHE-LOAD-MISSES","['/home/ec2-user/aws_data_collection/data/ec2-c5.metal/laghos/1a5efdfe10a2280a774a29de95c9f99b', '/home/ec2-user/aws_data_collection/data/ec2-c5.metal/laghos/4ed2a2011cf25642c99ee05439ebc5da', '/home/ec2-user/aws_data_collection/data/ec2-c5.metal/laghos/9864c23d41558b4198782e0809e07494', '/home/ec2-user/aws_data_collection/data/ec2-c5.metal/laghos/68027c86a3ff48d3e738aac8b8ec47d0', '/home/ec2-user/aws_data_collection/data/ec2-c5.metal/laghos/293e280cf7773c13f54164a588a37d23', '/home/ec2-user/aws_data_collection/data/ec2-c5.metal/laghos/37c925084882c6b5f8ca5fe6ea7b1e58', '/home/ec2-user/aws_data_collection/data/ec2-c5.metal/laghos/84961bc491e2c3e284492d3114c529eb', '/home/ec2-user/aws_data_collection/data/ec2-c5.metal/laghos/45567448b5dc2a9348e00fd519249300', '/home/ec2-user/aws_data_collection/data/ec2-c5.metal/laghos/83145e46f973b171be0984c7bc53ca03']",0.0333,1.0,498.0,2.0,2.0,9157.0,4171.0,11576.0,0.050443999999999996,6129.0,1.0,236.0,29938.0,2000000.0,1.0,169.0,1.0,8120.0,9.0,2000000.0,9.0,2.0,""
"ec2-c5.metal","laghos","laghos","-p 2 -dim 2 -rs 2 -tf 5.5 -pa","1","ice4hpc","/home/ec2-user/spack/var/spack/environments/ice4hpc/.spack-env/view/bin/laghos","-e perf::L1-DCACHE-STORES -e perf::PERF_COUNT_SW_CONTEXT_SWITCHES -e perf::CONTEXT-SWITCHES -e PAPI_BR_INS -e clx::HW_INTERRUPTS -e PAPI_BR_TKN -e PAPI_BR_CN -e PAPI_BR_UCN -e PAPI_SP_OPS -e PAPI_VEC_SP -e PAPI_TOT_INS -e REALTIME -e IO -e perf::ITLB-LOADS -e perf::ITLB-LOAD-MISSES -e perf::LLC-LOADS -e perf::LLC-LOAD-MISSES -e perf::LLC-STORES -e perf::LLC-STORE-MISSES -e perf::L1-DCACHE-LOADS -e perf::L1-DCACHE-LOAD-MISSES -e perf::DTLB-LOADS -e perf::DTLB-LOAD-MISSES -e perf::DTLB-STORES -e perf::DTLB-STORE-MISSES -e PAPI_BR_PRC -e PAPI_L2_TCM -e clx::RESOURCE_STALLS -e PAPI_DP_OPS -e PAPI_VEC_DP -e PAPI_REF_CYC","['/home/ec2-user/aws_data_collection/data/ec2-c5.metal/laghos/26d636ebef1b15bad0df3173035b8828', '/home/ec2-user/aws_data_collection/data/ec2-c5.metal/laghos/665e45421208e92e305269f301777f7d', '/home/ec2-user/aws_data_collection/data/ec2-c5.metal/laghos/5ac0244fac13019cb33ceec5626a8dc8', '/home/ec2-user/aws_data_collection/data/ec2-c5.metal/laghos/4cff27521f4e2141aa32a3dc8e87089e', '/home/ec2-user/aws_data_collection/data/ec2-c5.metal/laghos/ddc91c7e42a539e7270097199cfc21f9', '/home/ec2-user/aws_data_collection/data/ec2-c5.metal/laghos/160fd09ce282fda571387e9c945d0529', '/home/ec2-user/aws_data_collection/data/ec2-c5.metal/laghos/150dd1b7399db7cdbe0b74ecf3c3e832', '/home/ec2-user/aws_data_collection/data/ec2-c5.metal/laghos/14082a65d48b1a160451f98524353365', '/home/ec2-user/aws_data_collection/data/ec2-c5.metal/laghos/9c66f1b5535d65b8900c4756b097538f']",0.0333,1.0,237.0,1.0,2.0,800.0,3115.0,11576.0,0.040086000000000004,1786.0,1.0,1.0,215.0,2000000.0,1485.0,3476.0,134.0,34341.0,9.0,2000000.0,9.0,1.0,""
"ec2-c5.metal","laghos","laghos","-p 2 -dim 2 -rs 2 -tf 5.5 -pa","32","ice4hpc","/home/ec2-user/spack/var/spack/environments/ice4hpc/.spack-env/view/bin/laghos","-e perf::L1-DCACHE-STORES -e perf::PERF_COUNT_SW_CONTEXT_SWITCHES -e perf::CONTEXT-SWITCHES -e PAPI_BR_INS -e REALTIME -e IO -e PAPI_BR_PRC -e PAPI_L2_TCM -e clx::RESOURCE_STALLS -e clx::HW_INTERRUPTS -e PAPI_BR_TKN -e PAPI_BR_CN -e PAPI_BR_UCN -e perf::LLC-STORES -e perf::LLC-STORE-MISSES -e perf::L1-DCACHE-LOADS -e perf::L1-DCACHE-LOAD-MISSES -e PAPI_SP_OPS -e PAPI_VEC_SP -e PAPI_TOT_INS -e PAPI_DP_OPS -e PAPI_VEC_DP -e PAPI_REF_CYC -e perf::DTLB-LOADS -e perf::DTLB-LOAD-MISSES -e perf::DTLB-STORES -e perf::DTLB-STORE-MISSES -e perf::ITLB-LOADS -e perf::ITLB-LOAD-MISSES -e perf::LLC-LOADS -e perf::LLC-LOAD-MISSES","['/home/ec2-user/aws_data_collection/data/ec2-c5.metal/laghos/a4be9e98b7f72e739011ab87e686f597', '/home/ec2-user/aws_data_collection/data/ec2-c5.metal/laghos/117204b5f77668674eadfe9bd9db09fe', '/home/ec2-user/aws_data_collection/data/ec2-c5.metal/laghos/d0c51b3640f4908e36b3299083f53552', '/home/ec2-user/aws_data_collection/data/ec2-c5.metal/laghos/8dd3830558accb15c3be93ab7ff7e3f9', '/home/ec2-user/aws_data_collection/data/ec2-c5.metal/laghos/a151e830e3672a8e2a29d147f8d98b94', '/home/ec2-user/aws_data_collection/data/ec2-c5.metal/laghos/2a96683b4703d6636d32d4d2480fe307', '/home/ec2-user/aws_data_collection/data/ec2-c5.metal/laghos/d8b1d03d5fda5b0926590f6abeab5bab', '/home/ec2-user/aws_data_collection/data/ec2-c5.metal/laghos/6eb8cdc111932eb53074402c29b73f6b', '/home/ec2-user/aws_data_collection/data/ec2-c5.metal/laghos/acaa878449f96fb301d9d88071a6d116']",0.0333,1.0,1963.0,2.0,2.0,1264.0,4571.0,11576.0,0.04543899999999999,3751.0,1.0,395.0,55340.0,2000000.0,104.0,1.0,2.0,2.0,9.0,2000000.0,9.0,2.0,""
"ec2-c5.metal","laghos","laghos","-p 2 -dim 3 -rs 1 -tf 3 ","1","ice4hpc","/home/ec2-user/spack/var/spack/environments/ice4hpc/.spack-env/view/bin/laghos","-e PAPI_SP_OPS -e PAPI_VEC_SP -e PAPI_TOT_INS -e perf::ITLB-LOADS -e perf::ITLB-LOAD-MISSES -e perf::LLC-LOADS -e perf::LLC-LOAD-MISSES -e perf::LLC-STORES -e perf::LLC-STORE-MISSES -e perf::L1-DCACHE-LOADS -e perf::L1-DCACHE-LOAD-MISSES -e PAPI_BR_PRC -e PAPI_L2_TCM -e clx::RESOURCE_STALLS -e REALTIME -e IO -e perf::L1-DCACHE-STORES -e perf::PERF_COUNT_SW_CONTEXT_SWITCHES -e perf::CONTEXT-SWITCHES -e PAPI_BR_INS -e PAPI_DP_OPS -e PAPI_VEC_DP -e PAPI_REF_CYC -e clx::HW_INTERRUPTS -e PAPI_BR_TKN -e PAPI_BR_CN -e PAPI_BR_UCN -e perf::DTLB-LOADS -e perf::DTLB-LOAD-MISSES -e perf::DTLB-STORES -e perf::DTLB-STORE-MISSES","['/home/ec2-user/aws_data_collection/data/ec2-c5.metal/laghos/1cf63d8f62a7e2f166dd20613b2c5f5f', '/home/ec2-user/aws_data_collection/data/ec2-c5.metal/laghos/3f965c76f9979776382be0661eaf81b3', '/home/ec2-user/aws_data_collection/data/ec2-c5.metal/laghos/fe590321cb7849f65600e7a7a28fdacd', '/home/ec2-user/aws_data_collection/data/ec2-c5.metal/laghos/86cc886da7c022777dd592b0ea04da32', '/home/ec2-user/aws_data_collection/data/ec2-c5.metal/laghos/b45a5d7453fbc5ee33129f428ab2f2a2', '/home/ec2-user/aws_data_collection/data/ec2-c5.metal/laghos/e2d5372fe36c4c5cfe46879428655898', '/home/ec2-user/aws_data_collection/data/ec2-c5.metal/laghos/f1db77332988678fd4419bfece6d6226', '/home/ec2-user/aws_data_collection/data/ec2-c5.metal/laghos/4cfaca1d69c535ed3837f18d1fd54d05', '/home/ec2-user/aws_data_collection/data/ec2-c5.metal/laghos/72b4f25242dc7cab0b56a7bbf225abe8']",0.0333,1.0,277.0,1.0,2.0,723.0,3115.0,11576.0,0.04008,1545.0,1.0,1.0,222.0,2000000.0,1.0,20.0,2670.0,4592.0,9.0,2000000.0,9.0,1.0,""
"ec2-c5.metal","laghos","laghos","-p 2 -dim 3 -rs 1 -tf 3 ","32","ice4hpc","/home/ec2-user/spack/var/spack/environments/ice4hpc/.spack-env/view/bin/laghos","-e perf::ITLB-LOADS -e perf::ITLB-LOAD-MISSES -e perf::LLC-LOADS -e perf::LLC-LOAD-MISSES -e perf::L1-DCACHE-STORES -e perf::PERF_COUNT_SW_CONTEXT_SWITCHES -e perf::CONTEXT-SWITCHES -e PAPI_BR_INS -e PAPI_SP_OPS -e PAPI_VEC_SP -e PAPI_TOT_INS -e perf::LLC-STORES -e perf::LLC-STORE-MISSES -e perf::L1-DCACHE-LOADS -e perf::L1-DCACHE-LOAD-MISSES -e REALTIME -e IO -e perf::DTLB-LOADS -e perf::DTLB-LOAD-MISSES -e perf::DTLB-STORES -e perf::DTLB-STORE-MISSES -e PAPI_DP_OPS -e PAPI_VEC_DP -e PAPI_REF_CYC -e PAPI_BR_PRC -e PAPI_L2_TCM -e clx::RESOURCE_STALLS -e clx::HW_INTERRUPTS -e PAPI_BR_TKN -e PAPI_BR_CN -e PAPI_BR_UCN","['/home/ec2-user/aws_data_collection/data/ec2-c5.metal/laghos/d1a9d88799883d4da91884bec0d6fe96', '/home/ec2-user/aws_data_collection/data/ec2-c5.metal/laghos/e86263080ce97a1d02da28668ae95cba', '/home/ec2-user/aws_data_collection/data/ec2-c5.metal/laghos/40b1858be2a62d98fc8b756038dddfb2', '/home/ec2-user/aws_data_collection/data/ec2-c5.metal/laghos/80ad188f22ffc2dd400bf85ba9f02640', '/home/ec2-user/aws_data_collection/data/ec2-c5.metal/laghos/15dd40ea62dabfe053b4f0ae3c383e57', '/home/ec2-user/aws_data_collection/data/ec2-c5.metal/laghos/7472f4e189bb7b62a882d205d90d8193', '/home/ec2-user/aws_data_collection/data/ec2-c5.metal/laghos/d79a5df59e23394c23c2b36771f04abc', '/home/ec2-user/aws_data_collection/data/ec2-c5.metal/laghos/37eb74a136159da7ee16beabaaf7c3ed', '/home/ec2-user/aws_data_collection/data/ec2-c5.metal/laghos/58cb838e8de98307762b8771636b4bc0']",0.0333,1.0,1199.0,1.0,2.0,1492.0,4547.0,11576.0,0.045473,5394.0,1.0,1.0,171.0,2000000.0,1.0,1.0,1.0,1.0,9.0,2000000.0,9.0,2.0,""
"ec2-c5.metal","laghos","laghos","-p 2 -dim 3 -rs 1 -tf 3 -pa","1","ice4hpc","/home/ec2-user/spack/var/spack/environments/ice4hpc/.spack-env/view/bin/laghos","-e perf::L1-DCACHE-STORES -e perf::PERF_COUNT_SW_CONTEXT_SWITCHES -e perf::CONTEXT-SWITCHES -e PAPI_BR_INS -e perf::LLC-STORES -e perf::LLC-STORE-MISSES -e perf::L1-DCACHE-LOADS -e perf::L1-DCACHE-LOAD-MISSES -e clx::HW_INTERRUPTS -e PAPI_BR_TKN -e PAPI_BR_CN -e PAPI_BR_UCN -e PAPI_BR_PRC -e PAPI_L2_TCM -e clx::RESOURCE_STALLS -e perf::DTLB-LOADS -e perf::DTLB-LOAD-MISSES -e perf::DTLB-STORES -e perf::DTLB-STORE-MISSES -e PAPI_SP_OPS -e PAPI_VEC_SP -e PAPI_TOT_INS -e REALTIME -e IO -e PAPI_DP_OPS -e PAPI_VEC_DP -e PAPI_REF_CYC -e perf::ITLB-LOADS -e perf::ITLB-LOAD-MISSES -e perf::LLC-LOADS -e perf::LLC-LOAD-MISSES","['/home/ec2-user/aws_data_collection/data/ec2-c5.metal/laghos/6813e8635f785a2ec679f2fe01a16f53', '/home/ec2-user/aws_data_collection/data/ec2-c5.metal/laghos/7cbeab05605d7cf001d36b876c10cf61', '/home/ec2-user/aws_data_collection/data/ec2-c5.metal/laghos/a817fdddf027bc963a083d4bee4c5f8f', '/home/ec2-user/aws_data_collection/data/ec2-c5.metal/laghos/ce155c674a6446333590d9a57f81358c', '/home/ec2-user/aws_data_collection/data/ec2-c5.metal/laghos/4656e59f5c31786a81b2726484457263', '/home/ec2-user/aws_data_collection/data/ec2-c5.metal/laghos/ccbaa654cc3a0ccf1beee3376d66bc6b', '/home/ec2-user/aws_data_collection/data/ec2-c5.metal/laghos/6e82805231cc136e9cb3c5586482fd84', '/home/ec2-user/aws_data_collection/data/ec2-c5.metal/laghos/35c80f7d4f48120a9756f484b98350de', '/home/ec2-user/aws_data_collection/data/ec2-c5.metal/laghos/4a7a8419fdea10bb1bdef86533d4817c']",0.0333,1.0,93.0,1.0,2.0,1428.0,3115.0,11576.0,0.040109000000000006,10231.0,1.0,1.0,214.0,2000000.0,3966.0,1182.0,1066.0,17068.0,9.0,2000000.0,9.0,2.0,""
"ec2-c5.metal","laghos","laghos","-p 2 -dim 3 -rs 1 -tf 3 -pa","32","ice4hpc","/home/ec2-user/spack/var/spack/environments/ice4hpc/.spack-env/view/bin/laghos","-e clx::HW_INTERRUPTS -e PAPI_BR_TKN -e PAPI_BR_CN -e PAPI_BR_UCN -e REALTIME -e IO -e PAPI_SP_OPS -e PAPI_VEC_SP -e PAPI_TOT_INS -e perf::L1-DCACHE-STORES -e perf::PERF_COUNT_SW_CONTEXT_SWITCHES -e perf::CONTEXT-SWITCHES -e PAPI_BR_INS -e PAPI_DP_OPS -e PAPI_VEC_DP -e PAPI_REF_CYC -e perf::ITLB-LOADS -e perf::ITLB-LOAD-MISSES -e perf::LLC-LOADS -e perf::LLC-LOAD-MISSES -e PAPI_BR_PRC -e PAPI_L2_TCM -e clx::RESOURCE_STALLS -e perf::LLC-STORES -e perf::LLC-STORE-MISSES -e perf::L1-DCACHE-LOADS -e perf::L1-DCACHE-LOAD-MISSES -e perf::DTLB-LOADS -e perf::DTLB-LOAD-MISSES -e perf::DTLB-STORES -e perf::DTLB-STORE-MISSES","['/home/ec2-user/aws_data_collection/data/ec2-c5.metal/laghos/22508fe524ef956e0ce34c87e308c91d', '/home/ec2-user/aws_data_collection/data/ec2-c5.metal/laghos/277e8e3ca82bd8f9212a7e8cf504ae21', '/home/ec2-user/aws_data_collection/data/ec2-c5.metal/laghos/910f769759502ec9753ca11e254b084c', '/home/ec2-user/aws_data_collection/data/ec2-c5.metal/laghos/3758263eff40ba934af31241a739f7af', '/home/ec2-user/aws_data_collection/data/ec2-c5.metal/laghos/1e591946c77915ae37dd664a010d1f17', '/home/ec2-user/aws_data_collection/data/ec2-c5.metal/laghos/5d93f5c65df74ccd15057c85d154de98', '/home/ec2-user/aws_data_collection/data/ec2-c5.metal/laghos/f703779e5e0e8d06c6ce9fce85f5d47e', '/home/ec2-user/aws_data_collection/data/ec2-c5.metal/laghos/74c2cd5bc54153452641db00cbc0c084', '/home/ec2-user/aws_data_collection/data/ec2-c5.metal/laghos/1bdaf8c7abb9b1a0c61429940a94705b']",0.0333,1.0,1.0,2.0,2.0,7.0,4675.0,11576.0,0.045523999999999995,4198.0,1.0,147.0,203.0,2000000.0,"",2475.0,4531.0,4454.0,9.0,2000000.0,9.0,1.0,""
"ec2-c5.metal","laghos","laghos","-p 2 -dim 3 -rs 1 -tf 3.5 ","1","ice4hpc","/home/ec2-user/spack/var/spack/environments/ice4hpc/.spack-env/view/bin/laghos","-e perf::DTLB-LOADS -e perf::DTLB-LOAD-MISSES -e perf::DTLB-STORES -e perf::DTLB-STORE-MISSES -e perf::LLC-STORES -e perf::LLC-STORE-MISSES -e perf::L1-DCACHE-LOADS -e perf::L1-DCACHE-LOAD-MISSES -e REALTIME -e IO -e PAPI_BR_PRC -e PAPI_L2_TCM -e clx::RESOURCE_STALLS -e PAPI_SP_OPS -e PAPI_VEC_SP -e PAPI_TOT_INS -e perf::L1-DCACHE-STORES -e perf::PERF_COUNT_SW_CONTEXT_SWITCHES -e perf::CONTEXT-SWITCHES -e PAPI_BR_INS -e clx::HW_INTERRUPTS -e PAPI_BR_TKN -e PAPI_BR_CN -e PAPI_BR_UCN -e perf::ITLB-LOADS -e perf::ITLB-LOAD-MISSES -e perf::LLC-LOADS -e perf::LLC-LOAD-MISSES -e PAPI_DP_OPS -e PAPI_VEC_DP -e PAPI_REF_CYC","['/home/ec2-user/aws_data_collection/data/ec2-c5.metal/laghos/b9f2ecb2831218c9572106eeb2709677', '/home/ec2-user/aws_data_collection/data/ec2-c5.metal/laghos/ac7439d632163939647fbc9b772a5f9e', '/home/ec2-user/aws_data_collection/data/ec2-c5.metal/laghos/416490b1c8eefa22d87c64b0e5d1da94', '/home/ec2-user/aws_data_collection/data/ec2-c5.metal/laghos/5770b4ffefc8172c66a9c1650364b213', '/home/ec2-user/aws_data_collection/data/ec2-c5.metal/laghos/3e909d71b2113c69e7d13cc62f5ec003', '/home/ec2-user/aws_data_collection/data/ec2-c5.metal/laghos/e7e32349dee3c2b7e8787edb1936b062', '/home/ec2-user/aws_data_collection/data/ec2-c5.metal/laghos/a1f5ac07b236732494deb8af97c833d8', '/home/ec2-user/aws_data_collection/data/ec2-c5.metal/laghos/983447bd57159dcf2dca8d917690d351', '/home/ec2-user/aws_data_collection/data/ec2-c5.metal/laghos/fdd8ad1e82fedd59f297fbee166692d2']",0.0333,1.0,136.0,1.0,2.0,1174.0,3131.0,11576.0,0.04509200000000001,2465.0,1.0,129.0,220.0,2000000.0,2.0,2.0,1201.0,2.0,9.0,2000000.0,9.0,2.0,""
"ec2-c5.metal","laghos","laghos","-p 2 -dim 3 -rs 1 -tf 3.5 ","32","ice4hpc","/home/ec2-user/spack/var/spack/environments/ice4hpc/.spack-env/view/bin/laghos","-e perf::DTLB-LOADS -e perf::DTLB-LOAD-MISSES -e perf::DTLB-STORES -e perf::DTLB-STORE-MISSES -e perf::ITLB-LOADS -e perf::ITLB-LOAD-MISSES -e perf::LLC-LOADS -e perf::LLC-LOAD-MISSES -e REALTIME -e IO -e PAPI_BR_PRC -e PAPI_L2_TCM -e clx::RESOURCE_STALLS -e perf::L1-DCACHE-STORES -e perf::PERF_COUNT_SW_CONTEXT_SWITCHES -e perf::CONTEXT-SWITCHES -e PAPI_BR_INS -e PAPI_DP_OPS -e PAPI_VEC_DP -e PAPI_REF_CYC -e clx::HW_INTERRUPTS -e PAPI_BR_TKN -e PAPI_BR_CN -e PAPI_BR_UCN -e perf::LLC-STORES -e perf::LLC-STORE-MISSES -e perf::L1-DCACHE-LOADS -e perf::L1-DCACHE-LOAD-MISSES -e PAPI_SP_OPS -e PAPI_VEC_SP -e PAPI_TOT_INS","['/home/ec2-user/aws_data_collection/data/ec2-c5.metal/laghos/f9f8d8f1b3d414275f6865aac6fd7161', '/home/ec2-user/aws_data_collection/data/ec2-c5.metal/laghos/e0c709ce3dad2ce880e1812ab5addaf8', '/home/ec2-user/aws_data_collection/data/ec2-c5.metal/laghos/df552f4276215c54faa7952b688cddf6', '/home/ec2-user/aws_data_collection/data/ec2-c5.metal/laghos/968b1dd338d58754012be21300dfaeba', '/home/ec2-user/aws_data_collection/data/ec2-c5.metal/laghos/d573665feb7d970ed7d14711eb8f4e08', '/home/ec2-user/aws_data_collection/data/ec2-c5.metal/laghos/b6b625531e239b89e43cf98b8eae2eec', '/home/ec2-user/aws_data_collection/data/ec2-c5.metal/laghos/50efa3c73641954e786af8f11dec4ade', '/home/ec2-user/aws_data_collection/data/ec2-c5.metal/laghos/d0c0fa4e6fab44657faa38a3764ecc11', '/home/ec2-user/aws_data_collection/data/ec2-c5.metal/laghos/ea23d9cb71c67ac7e635304695f224ff']",0.05,1.0,287.0,2.0,2.0,1965.0,4651.0,11576.0,0.045374000000000005,2976.0,1.0,1.0,28475.0,2000000.0,48.0,2.0,1.0,2.0,9.0,2000000.0,9.0,1.0,""
"ec2-c5.metal","laghos","laghos","-p 2 -dim 3 -rs 1 -tf 3.5 -pa","1","ice4hpc","/home/ec2-user/spack/var/spack/environments/ice4hpc/.spack-env/view/bin/laghos","-e perf::ITLB-LOADS -e perf::ITLB-LOAD-MISSES -e perf::LLC-LOADS -e perf::LLC-LOAD-MISSES -e PAPI_DP_OPS -e PAPI_VEC_DP -e PAPI_REF_CYC -e perf::L1-DCACHE-STORES -e perf::PERF_COUNT_SW_CONTEXT_SWITCHES -e perf::CONTEXT-SWITCHES -e PAPI_BR_INS -e perf::LLC-STORES -e perf::LLC-STORE-MISSES -e perf::L1-DCACHE-LOADS -e perf::L1-DCACHE-LOAD-MISSES -e REALTIME -e IO -e clx::HW_INTERRUPTS -e PAPI_BR_TKN -e PAPI_BR_CN -e PAPI_BR_UCN -e PAPI_SP_OPS -e PAPI_VEC_SP -e PAPI_TOT_INS -e perf::DTLB-LOADS -e perf::DTLB-LOAD-MISSES -e perf::DTLB-STORES -e perf::DTLB-STORE-MISSES -e PAPI_BR_PRC -e PAPI_L2_TCM -e clx::RESOURCE_STALLS","['/home/ec2-user/aws_data_collection/data/ec2-c5.metal/laghos/b517a3f0ce439804d00c50a90f4f0c8f', '/home/ec2-user/aws_data_collection/data/ec2-c5.metal/laghos/254de559e57306cf033323568151396e', '/home/ec2-user/aws_data_collection/data/ec2-c5.metal/laghos/3a56424061114d2f7da083e0a73a1e59', '/home/ec2-user/aws_data_collection/data/ec2-c5.metal/laghos/ba129b29c68f5dbdc5453f43ef8df2b4', '/home/ec2-user/aws_data_collection/data/ec2-c5.metal/laghos/2d6d53f04e639fb259154b667dbcd4e8', '/home/ec2-user/aws_data_collection/data/ec2-c5.metal/laghos/0e69eb24aaa934fb063b61d6a234001d', '/home/ec2-user/aws_data_collection/data/ec2-c5.metal/laghos/2f6ebc7db4c49d49eb839560131c0d9c', '/home/ec2-user/aws_data_collection/data/ec2-c5.metal/laghos/b956f9b8db660b89651021bea987c0e5', '/home/ec2-user/aws_data_collection/data/ec2-c5.metal/laghos/96e2ca939e3b253df179e32fef032237']",0.0333,1.0,100.0,1.0,2.0,2220.0,3123.0,11576.0,0.040361999999999995,2242.0,1.0,228.0,220.0,2000000.0,3760.0,1812.0,1646.0,25073.0,9.0,2000000.0,9.0,2.0,""
"ec2-c5.metal","laghos","laghos","-p 2 -dim 3 -rs 1 -tf 3.5 -pa","32","ice4hpc","/home/ec2-user/spack/var/spack/environments/ice4hpc/.spack-env/view/bin/laghos","-e PAPI_SP_OPS -e PAPI_VEC_SP -e PAPI_TOT_INS -e perf::L1-DCACHE-STORES -e perf::PERF_COUNT_SW_CONTEXT_SWITCHES -e perf::CONTEXT-SWITCHES -e PAPI_BR_INS -e perf::ITLB-LOADS -e perf::ITLB-LOAD-MISSES -e perf::LLC-LOADS -e perf::LLC-LOAD-MISSES -e clx::HW_INTERRUPTS -e PAPI_BR_TKN -e PAPI_BR_CN -e PAPI_BR_UCN -e REALTIME -e IO -e perf::LLC-STORES -e perf::LLC-STORE-MISSES -e perf::L1-DCACHE-LOADS -e perf::L1-DCACHE-LOAD-MISSES -e PAPI_DP_OPS -e PAPI_VEC_DP -e PAPI_REF_CYC -e perf::DTLB-LOADS -e perf::DTLB-LOAD-MISSES -e perf::DTLB-STORES -e perf::DTLB-STORE-MISSES -e PAPI_BR_PRC -e PAPI_L2_TCM -e clx::RESOURCE_STALLS","['/home/ec2-user/aws_data_collection/data/ec2-c5.metal/laghos/02559dc3d6cd38bc636ffb438a03beb0', '/home/ec2-user/aws_data_collection/data/ec2-c5.metal/laghos/fddf61681358988df3cee8cb8af888bf', '/home/ec2-user/aws_data_collection/data/ec2-c5.metal/laghos/1fd6b5b6c41290f0359434f4f3b307a5', '/home/ec2-user/aws_data_collection/data/ec2-c5.metal/laghos/f850851d8b04dea7531f75111d42b046', '/home/ec2-user/aws_data_collection/data/ec2-c5.metal/laghos/4d0c7ed4bc3be6aec1dcb41c39565ca8', '/home/ec2-user/aws_data_collection/data/ec2-c5.metal/laghos/388f54eb4e2460a1b9266e42ddddd750', '/home/ec2-user/aws_data_collection/data/ec2-c5.metal/laghos/69717d0219d1d9bab0e3124ba337da93', '/home/ec2-user/aws_data_collection/data/ec2-c5.metal/laghos/9c5c2ebdc4e26a72f68564228747be94', '/home/ec2-user/aws_data_collection/data/ec2-c5.metal/laghos/363fa2a3adf90e1700bb76b8449546f7']",0.0333,1.0,653.0,2.0,2.0,4.0,4627.0,11576.0,0.045421,2925.0,1.0,1.0,203.0,2000000.0,43.0,7.0,1.0,2.0,9.0,2000000.0,9.0,2.0,""
"ec2-c5.metal","laghos","laghos","-p 2 -dim 3 -rs 1 -tf 4 ","1","ice4hpc","/home/ec2-user/spack/var/spack/environments/ice4hpc/.spack-env/view/bin/laghos","-e perf::LLC-STORES -e perf::LLC-STORE-MISSES -e perf::L1-DCACHE-LOADS -e perf::L1-DCACHE-LOAD-MISSES -e perf::ITLB-LOADS -e perf::ITLB-LOAD-MISSES -e perf::LLC-LOADS -e perf::LLC-LOAD-MISSES -e PAPI_BR_PRC -e PAPI_L2_TCM -e clx::RESOURCE_STALLS -e REALTIME -e IO -e clx::HW_INTERRUPTS -e PAPI_BR_TKN -e PAPI_BR_CN -e PAPI_BR_UCN -e PAPI_SP_OPS -e PAPI_VEC_SP -e PAPI_TOT_INS -e perf::L1-DCACHE-STORES -e perf::PERF_COUNT_SW_CONTEXT_SWITCHES -e perf::CONTEXT-SWITCHES -e PAPI_BR_INS -e perf::DTLB-LOADS -e perf::DTLB-LOAD-MISSES -e perf::DTLB-STORES -e perf::DTLB-STORE-MISSES -e PAPI_DP_OPS -e PAPI_VEC_DP -e PAPI_REF_CYC","['/home/ec2-user/aws_data_collection/data/ec2-c5.metal/laghos/d4bfca5c77523e13e7549e84efef8b84', '/home/ec2-user/aws_data_collection/data/ec2-c5.metal/laghos/87aaba9c086a523aa21c0f712f391489', '/home/ec2-user/aws_data_collection/data/ec2-c5.metal/laghos/49206eafd92b856b5eaf0d62458858e1', '/home/ec2-user/aws_data_collection/data/ec2-c5.metal/laghos/560d775b2bb67021e8c5138a26860246', '/home/ec2-user/aws_data_collection/data/ec2-c5.metal/laghos/5443b28a3dac02c5a1e2821a103ac919', '/home/ec2-user/aws_data_collection/data/ec2-c5.metal/laghos/6d9df2c8bb49f0a069f77465eabe1ce5', '/home/ec2-user/aws_data_collection/data/ec2-c5.metal/laghos/8b8bb07c490c05fe7045b0f7de02d153', '/home/ec2-user/aws_data_collection/data/ec2-c5.metal/laghos/bc060d75e252e1f48d9948019e84110f', '/home/ec2-user/aws_data_collection/data/ec2-c5.metal/laghos/48391b2ee0451c6dca72d36e39c9bfad']",0.05,1.0,191.0,1.0,2.0,1525.0,3123.0,11576.0,0.040227,2303.0,1.0,1.0,211.0,2000000.0,1.0,1.0,1867.0,1.0,9.0,2000000.0,9.0,2.0,""
"ec2-c5.metal","laghos","laghos","-p 2 -dim 3 -rs 1 -tf 4 ","32","ice4hpc","/home/ec2-user/spack/var/spack/environments/ice4hpc/.spack-env/view/bin/laghos","-e perf::DTLB-LOADS -e perf::DTLB-LOAD-MISSES -e perf::DTLB-STORES -e perf::DTLB-STORE-MISSES -e perf::L1-DCACHE-STORES -e perf::PERF_COUNT_SW_CONTEXT_SWITCHES -e perf::CONTEXT-SWITCHES -e PAPI_BR_INS -e REALTIME -e IO -e PAPI_DP_OPS -e PAPI_VEC_DP -e PAPI_REF_CYC -e PAPI_SP_OPS -e PAPI_VEC_SP -e PAPI_TOT_INS -e perf::ITLB-LOADS -e perf::ITLB-LOAD-MISSES -e perf::LLC-LOADS -e perf::LLC-LOAD-MISSES -e PAPI_BR_PRC -e PAPI_L2_TCM -e clx::RESOURCE_STALLS -e clx::HW_INTERRUPTS -e PAPI_BR_TKN -e PAPI_BR_CN -e PAPI_BR_UCN -e perf::LLC-STORES -e perf::LLC-STORE-MISSES -e perf::L1-DCACHE-LOADS -e perf::L1-DCACHE-LOAD-MISSES","['/home/ec2-user/aws_data_collection/data/ec2-c5.metal/laghos/65afbdcd48666721fb396262784a66ec', '/home/ec2-user/aws_data_collection/data/ec2-c5.metal/laghos/3a8a5f41ee79cd773d9bc77817ecac46', '/home/ec2-user/aws_data_collection/data/ec2-c5.metal/laghos/543fc0bdb7c7be7e3e3dfb921701ba21', '/home/ec2-user/aws_data_collection/data/ec2-c5.metal/laghos/7aa7ad9b73baa7bd21c43bba1a7cd4ac', '/home/ec2-user/aws_data_collection/data/ec2-c5.metal/laghos/1802f95a9a6c3bff69103f2c2d3f9876', '/home/ec2-user/aws_data_collection/data/ec2-c5.metal/laghos/7b709a8826589b7355310d21eb0d5096', '/home/ec2-user/aws_data_collection/data/ec2-c5.metal/laghos/d07da9eccbd784f0d9a347cd51ba1b4b', '/home/ec2-user/aws_data_collection/data/ec2-c5.metal/laghos/aa468367563219178bd49e765fcc6bf0', '/home/ec2-user/aws_data_collection/data/ec2-c5.metal/laghos/f80ecc62838637ce45203fdfd83efd3f']",0.05,1.0,1502.0,1.0,2.0,1575.0,4211.0,11576.0,0.04039,2409.0,1.0,1.0,201.0,2000000.0,880.0,103.0,2.0,2.0,9.0,2000000.0,9.0,1.0,""
"ec2-c5.metal","laghos","laghos","-p 2 -dim 3 -rs 1 -tf 4 -pa","1","ice4hpc","/home/ec2-user/spack/var/spack/environments/ice4hpc/.spack-env/view/bin/laghos","-e clx::HW_INTERRUPTS -e PAPI_BR_TKN -e PAPI_BR_CN -e PAPI_BR_UCN -e PAPI_BR_PRC -e PAPI_L2_TCM -e clx::RESOURCE_STALLS -e REALTIME -e IO -e perf::ITLB-LOADS -e perf::ITLB-LOAD-MISSES -e perf::LLC-LOADS -e perf::LLC-LOAD-MISSES -e perf::L1-DCACHE-STORES -e perf::PERF_COUNT_SW_CONTEXT_SWITCHES -e perf::CONTEXT-SWITCHES -e PAPI_BR_INS -e PAPI_DP_OPS -e PAPI_VEC_DP -e PAPI_REF_CYC -e PAPI_SP_OPS -e PAPI_VEC_SP -e PAPI_TOT_INS -e perf::LLC-STORES -e perf::LLC-STORE-MISSES -e perf::L1-DCACHE-LOADS -e perf::L1-DCACHE-LOAD-MISSES -e perf::DTLB-LOADS -e perf::DTLB-LOAD-MISSES -e perf::DTLB-STORES -e perf::DTLB-STORE-MISSES","['/home/ec2-user/aws_data_collection/data/ec2-c5.metal/laghos/485c071c4524f497acfe637e6ffbc240', '/home/ec2-user/aws_data_collection/data/ec2-c5.metal/laghos/cd14985411b3d44b2f49cafea7b28d7e', '/home/ec2-user/aws_data_collection/data/ec2-c5.metal/laghos/5c1adc56c651220cbb50368477845ad0', '/home/ec2-user/aws_data_collection/data/ec2-c5.metal/laghos/82365a837b4350a8c4087fcaf5526944', '/home/ec2-user/aws_data_collection/data/ec2-c5.metal/laghos/581d4ead374d3f3e9a1b62157d8eda33', '/home/ec2-user/aws_data_collection/data/ec2-c5.metal/laghos/35ead02ddce2a6697fa950aecddf4643', '/home/ec2-user/aws_data_collection/data/ec2-c5.metal/laghos/f252c602564e60aad31ffed9ae8f85c3', '/home/ec2-user/aws_data_collection/data/ec2-c5.metal/laghos/be147df5a411e2e40b64c7c1373ce9d4', '/home/ec2-user/aws_data_collection/data/ec2-c5.metal/laghos/ce86d54eadb66ae1e0bca84d30781b4a']",0.0333,1.0,393.0,1.0,2.0,61.0,3123.0,11576.0,0.040070999999999996,1822.0,1.0,1.0,223.0,2000000.0,1.0,2127.0,1193.0,1.0,"","","",1.0,""
"ec2-c5.metal","laghos","laghos","-p 2 -dim 3 -rs 1 -tf 4 -pa","32","ice4hpc","/home/ec2-user/spack/var/spack/environments/ice4hpc/.spack-env/view/bin/laghos","-e PAPI_SP_OPS -e PAPI_VEC_SP -e PAPI_TOT_INS -e PAPI_BR_PRC -e PAPI_L2_TCM -e clx::RESOURCE_STALLS -e perf::LLC-STORES -e perf::LLC-STORE-MISSES -e perf::L1-DCACHE-LOADS -e perf::L1-DCACHE-LOAD-MISSES -e REALTIME -e IO -e PAPI_DP_OPS -e PAPI_VEC_DP -e PAPI_REF_CYC -e perf::DTLB-LOADS -e perf::DTLB-LOAD-MISSES -e perf::DTLB-STORES -e perf::DTLB-STORE-MISSES -e clx::HW_INTERRUPTS -e PAPI_BR_TKN -e PAPI_BR_CN -e PAPI_BR_UCN -e perf::L1-DCACHE-STORES -e perf::PERF_COUNT_SW_CONTEXT_SWITCHES -e perf::CONTEXT-SWITCHES -e PAPI_BR_INS -e perf::ITLB-LOADS -e perf::ITLB-LOAD-MISSES -e perf::LLC-LOADS -e perf::LLC-LOAD-MISSES","['/home/ec2-user/aws_data_collection/data/ec2-c5.metal/laghos/f708b797763df31d5beb6101253f4863', '/home/ec2-user/aws_data_collection/data/ec2-c5.metal/laghos/6b29b44c7971dc4e437fe70902bd2a09', '/home/ec2-user/aws_data_collection/data/ec2-c5.metal/laghos/463e970b9aebb11c134de2d8dd9572ff', '/home/ec2-user/aws_data_collection/data/ec2-c5.metal/laghos/a7f18b63caafd9716b7e94866ae61351', '/home/ec2-user/aws_data_collection/data/ec2-c5.metal/laghos/2343e32756b58230e716d53cd5257fea', '/home/ec2-user/aws_data_collection/data/ec2-c5.metal/laghos/1fca58015deb67a8b91b1911e83c5d71', '/home/ec2-user/aws_data_collection/data/ec2-c5.metal/laghos/22247fb42617572be3b4834f5e1230db', '/home/ec2-user/aws_data_collection/data/ec2-c5.metal/laghos/2a872471b98aaafa43b812e982b7fab5', '/home/ec2-user/aws_data_collection/data/ec2-c5.metal/laghos/24c89184848a99e56a21f52917e26dad']",0.05,1.0,268.0,2.0,2.0,2235.0,4179.0,11576.0,0.04548000000000001,3445.0,1.0,1.0,94695.0,2000000.0,1.0,434.0,3955.0,7226.0,9.0,2000000.0,9.0,2.0,""
"ec2-c5.metal","laghos","laghos","-p 3 -dim 2 -rs 2 -tf 3 ","1","ice4hpc","/home/ec2-user/spack/var/spack/environments/ice4hpc/.spack-env/view/bin/laghos","-e perf::L1-DCACHE-STORES -e perf::PERF_COUNT_SW_CONTEXT_SWITCHES -e perf::CONTEXT-SWITCHES -e PAPI_BR_INS -e REALTIME -e IO -e perf::ITLB-LOADS -e perf::ITLB-LOAD-MISSES -e perf::LLC-LOADS -e perf::LLC-LOAD-MISSES -e perf::DTLB-LOADS -e perf::DTLB-LOAD-MISSES -e perf::DTLB-STORES -e perf::DTLB-STORE-MISSES -e PAPI_SP_OPS -e PAPI_VEC_SP -e PAPI_TOT_INS -e perf::LLC-STORES -e perf::LLC-STORE-MISSES -e perf::L1-DCACHE-LOADS -e perf::L1-DCACHE-LOAD-MISSES -e clx::HW_INTERRUPTS -e PAPI_BR_TKN -e PAPI_BR_CN -e PAPI_BR_UCN -e PAPI_DP_OPS -e PAPI_VEC_DP -e PAPI_REF_CYC -e PAPI_BR_PRC -e PAPI_L2_TCM -e clx::RESOURCE_STALLS","['/home/ec2-user/aws_data_collection/data/ec2-c5.metal/laghos/7f273f0c67626f61e0c94c247e989a97', '/home/ec2-user/aws_data_collection/data/ec2-c5.metal/laghos/c2c14474e95d88cbb56a6ff1bc8761c5', '/home/ec2-user/aws_data_collection/data/ec2-c5.metal/laghos/a4b67cdb12c85325b3318c92167ea11f', '/home/ec2-user/aws_data_collection/data/ec2-c5.metal/laghos/b1d3f76836732a142b505cd87c0ef6b4', '/home/ec2-user/aws_data_collection/data/ec2-c5.metal/laghos/0ba21d7b51acc8bb45182636384bea50', '/home/ec2-user/aws_data_collection/data/ec2-c5.metal/laghos/5dc79975ff079c44da063a5721bddea5', '/home/ec2-user/aws_data_collection/data/ec2-c5.metal/laghos/8a1640ef0f80e9cc7d9ffd9379187635', '/home/ec2-user/aws_data_collection/data/ec2-c5.metal/laghos/479e6034a17af666dc39e3da360dc62a', '/home/ec2-user/aws_data_collection/data/ec2-c5.metal/laghos/fd1c951ce0a014287796013d4fd2881e']",0.05,1.0,204.0,1.0,2.0,1.0,3131.0,11576.0,0.045058,2130.0,1.0,110.0,222.0,2000000.0,1320.0,1.0,929.0,2.0,9.0,2000000.0,9.0,2.0,""
"ec2-c5.metal","laghos","laghos","-p 3 -dim 2 -rs 2 -tf 3 ","32","ice4hpc","/home/ec2-user/spack/var/spack/environments/ice4hpc/.spack-env/view/bin/laghos","-e perf::DTLB-LOADS -e perf::DTLB-LOAD-MISSES -e perf::DTLB-STORES -e perf::DTLB-STORE-MISSES -e PAPI_BR_PRC -e PAPI_L2_TCM -e clx::RESOURCE_STALLS -e perf::ITLB-LOADS -e perf::ITLB-LOAD-MISSES -e perf::LLC-LOADS -e perf::LLC-LOAD-MISSES -e PAPI_SP_OPS -e PAPI_VEC_SP -e PAPI_TOT_INS -e perf::L1-DCACHE-STORES -e perf::PERF_COUNT_SW_CONTEXT_SWITCHES -e perf::CONTEXT-SWITCHES -e PAPI_BR_INS -e perf::LLC-STORES -e perf::LLC-STORE-MISSES -e perf::L1-DCACHE-LOADS -e perf::L1-DCACHE-LOAD-MISSES -e clx::HW_INTERRUPTS -e PAPI_BR_TKN -e PAPI_BR_CN -e PAPI_BR_UCN -e REALTIME -e IO -e PAPI_DP_OPS -e PAPI_VEC_DP -e PAPI_REF_CYC","['/home/ec2-user/aws_data_collection/data/ec2-c5.metal/laghos/bec1ccf7497b0f13932c79753004e5b7', '/home/ec2-user/aws_data_collection/data/ec2-c5.metal/laghos/428a60f62426dd4971ce59cbd2a27537', '/home/ec2-user/aws_data_collection/data/ec2-c5.metal/laghos/fb922cd149ae3ae1a363d5618af1c15b', '/home/ec2-user/aws_data_collection/data/ec2-c5.metal/laghos/ae141d5e35b10ee3c2d1882ec99ce273', '/home/ec2-user/aws_data_collection/data/ec2-c5.metal/laghos/c39ebee81735efa60a9df9fd25ab57d9', '/home/ec2-user/aws_data_collection/data/ec2-c5.metal/laghos/636eb93ed08eca6eb9ca2db5a7c4460d', '/home/ec2-user/aws_data_collection/data/ec2-c5.metal/laghos/fbd378cc0e7fbb06592752fc5559d01e', '/home/ec2-user/aws_data_collection/data/ec2-c5.metal/laghos/83369042a52ba42be9f6a5aab87b160f', '/home/ec2-user/aws_data_collection/data/ec2-c5.metal/laghos/b7b2448457eacadd6b0bd8352a4ef2e6']",0.0333,1.0,725.0,2.0,146.0,31.0,4603.0,11576.0,0.045616000000000004,5502.0,1.0,1.0,195.0,2000000.0,1690.0,736.0,5343.0,23584.0,9.0,2000000.0,9.0,2.0,""
"ec2-c5.metal","laghos","laghos","-p 3 -dim 2 -rs 2 -tf 3 -pa","1","ice4hpc","/home/ec2-user/spack/var/spack/environments/ice4hpc/.spack-env/view/bin/laghos","-e REALTIME -e IO -e perf::DTLB-LOADS -e perf::DTLB-LOAD-MISSES -e perf::DTLB-STORES -e perf::DTLB-STORE-MISSES -e perf::LLC-STORES -e perf::LLC-STORE-MISSES -e perf::L1-DCACHE-LOADS -e perf::L1-DCACHE-LOAD-MISSES -e PAPI_BR_PRC -e PAPI_L2_TCM -e clx::RESOURCE_STALLS -e PAPI_SP_OPS -e PAPI_VEC_SP -e PAPI_TOT_INS -e clx::HW_INTERRUPTS -e PAPI_BR_TKN -e PAPI_BR_CN -e PAPI_BR_UCN -e perf::ITLB-LOADS -e perf::ITLB-LOAD-MISSES -e perf::LLC-LOADS -e perf::LLC-LOAD-MISSES -e perf::L1-DCACHE-STORES -e perf::PERF_COUNT_SW_CONTEXT_SWITCHES -e perf::CONTEXT-SWITCHES -e PAPI_BR_INS -e PAPI_DP_OPS -e PAPI_VEC_DP -e PAPI_REF_CYC","['/home/ec2-user/aws_data_collection/data/ec2-c5.metal/laghos/5497eeb1566b6d9f2766f303babbd084', '/home/ec2-user/aws_data_collection/data/ec2-c5.metal/laghos/49c1ff2bcbf884fbe9c18207541bee03', '/home/ec2-user/aws_data_collection/data/ec2-c5.metal/laghos/ec8e0f0c4b99cf900d92d615f4d939e8', '/home/ec2-user/aws_data_collection/data/ec2-c5.metal/laghos/3487ea7d0efd46eb1e361fb4e8688867', '/home/ec2-user/aws_data_collection/data/ec2-c5.metal/laghos/adac07310b62dd2672af727650691df6', '/home/ec2-user/aws_data_collection/data/ec2-c5.metal/laghos/b43a3cd633bcfd1dfb2b493327273f9e', '/home/ec2-user/aws_data_collection/data/ec2-c5.metal/laghos/7c6c98b51cf71b8fe3e26a68674b992e', '/home/ec2-user/aws_data_collection/data/ec2-c5.metal/laghos/475196ab80e315f015b535b539c28156', '/home/ec2-user/aws_data_collection/data/ec2-c5.metal/laghos/2fa8578dff859f58ae8e97607ba0ebb3']",0.0333,1.0,50.0,1.0,2.0,752.0,3131.0,11576.0,0.045092,2347.0,1.0,1.0,2.0,2000000.0,49.0,1.0,1013.0,2.0,"","","",2.0,""
"ec2-c5.metal","laghos","laghos","-p 3 -dim 2 -rs 2 -tf 3 -pa","32","ice4hpc","/home/ec2-user/spack/var/spack/environments/ice4hpc/.spack-env/view/bin/laghos","-e PAPI_SP_OPS -e PAPI_VEC_SP -e PAPI_TOT_INS -e PAPI_DP_OPS -e PAPI_VEC_DP -e PAPI_REF_CYC -e clx::HW_INTERRUPTS -e PAPI_BR_TKN -e PAPI_BR_CN -e PAPI_BR_UCN -e perf::ITLB-LOADS -e perf::ITLB-LOAD-MISSES -e perf::LLC-LOADS -e perf::LLC-LOAD-MISSES -e perf::LLC-STORES -e perf::LLC-STORE-MISSES -e perf::L1-DCACHE-LOADS -e perf::L1-DCACHE-LOAD-MISSES -e PAPI_BR_PRC -e PAPI_L2_TCM -e clx::RESOURCE_STALLS -e REALTIME -e IO -e perf::DTLB-LOADS -e perf::DTLB-LOAD-MISSES -e perf::DTLB-STORES -e perf::DTLB-STORE-MISSES -e perf::L1-DCACHE-STORES -e perf::PERF_COUNT_SW_CONTEXT_SWITCHES -e perf::CONTEXT-SWITCHES -e PAPI_BR_INS","['/home/ec2-user/aws_data_collection/data/ec2-c5.metal/laghos/14dcb901c5342a65ec392ad5c3e0efd5', '/home/ec2-user/aws_data_collection/data/ec2-c5.metal/laghos/9065b4b9e2e88c45868e053330578c93', '/home/ec2-user/aws_data_collection/data/ec2-c5.metal/laghos/642a08614674ea7b44c0efb79139a52e', '/home/ec2-user/aws_data_collection/data/ec2-c5.metal/laghos/85f87e161320ceb79aa4947e2dae2fb7', '/home/ec2-user/aws_data_collection/data/ec2-c5.metal/laghos/0cf04616ecc5dc377f05eb4b6a25f501', '/home/ec2-user/aws_data_collection/data/ec2-c5.metal/laghos/67a09d4bfca12f1a342f39972e6d18bb', '/home/ec2-user/aws_data_collection/data/ec2-c5.metal/laghos/c341ace6a2b2a3d22d56d4314ff85655', '/home/ec2-user/aws_data_collection/data/ec2-c5.metal/laghos/31f03d8e3087133cd8d2c05860ba4769', '/home/ec2-user/aws_data_collection/data/ec2-c5.metal/laghos/8bb8dfaa09c94c2056252a36df6d5c3b']",0.0333,1.0,2186.0,2.0,2.0,2669.0,4635.0,11576.0,0.045517,4851.0,1.0,221.0,187.0,2000000.0,1.0,6.0,1.0,1.0,9.0,2000000.0,9.0,2.0,""
"ec2-c5.metal","laghos","laghos","-p 3 -dim 2 -rs 2 -tf 3.5 ","1","ice4hpc","/home/ec2-user/spack/var/spack/environments/ice4hpc/.spack-env/view/bin/laghos","-e REALTIME -e IO -e perf::ITLB-LOADS -e perf::ITLB-LOAD-MISSES -e perf::LLC-LOADS -e perf::LLC-LOAD-MISSES -e perf::DTLB-LOADS -e perf::DTLB-LOAD-MISSES -e perf::DTLB-STORES -e perf::DTLB-STORE-MISSES -e PAPI_SP_OPS -e PAPI_VEC_SP -e PAPI_TOT_INS -e perf::LLC-STORES -e perf::LLC-STORE-MISSES -e perf::L1-DCACHE-LOADS -e perf::L1-DCACHE-LOAD-MISSES -e PAPI_DP_OPS -e PAPI_VEC_DP -e PAPI_REF_CYC -e PAPI_BR_PRC -e PAPI_L2_TCM -e clx::RESOURCE_STALLS -e clx::HW_INTERRUPTS -e PAPI_BR_TKN -e PAPI_BR_CN -e PAPI_BR_UCN -e perf::L1-DCACHE-STORES -e perf::PERF_COUNT_SW_CONTEXT_SWITCHES -e perf::CONTEXT-SWITCHES -e PAPI_BR_INS","['/home/ec2-user/aws_data_collection/data/ec2-c5.metal/laghos/4e6f1898d3494b6f18c40c38453d7773', '/home/ec2-user/aws_data_collection/data/ec2-c5.metal/laghos/b05548b343ecf71d45a22e52c6ff7e72', '/home/ec2-user/aws_data_collection/data/ec2-c5.metal/laghos/88f8dd46ee39fa54864df35e25108429', '/home/ec2-user/aws_data_collection/data/ec2-c5.metal/laghos/e2c0efa52fbbfa0b09c18de7ffb36a64', '/home/ec2-user/aws_data_collection/data/ec2-c5.metal/laghos/f8e80145d8cf1d143f7a61a49a94a968', '/home/ec2-user/aws_data_collection/data/ec2-c5.metal/laghos/e6fc1af91334c34ef0f0ce155492d402', '/home/ec2-user/aws_data_collection/data/ec2-c5.metal/laghos/0458eeefabc5f998fc7e56f30e9bb623', '/home/ec2-user/aws_data_collection/data/ec2-c5.metal/laghos/29be5827724b026a501a6fc9f38b11f9', '/home/ec2-user/aws_data_collection/data/ec2-c5.metal/laghos/b8d75d48955c056d7a52d4d5303ad9b1']",0.0333,1.0,130.0,1.0,2.0,1354.0,3123.0,11576.0,0.040077,1853.0,1.0,2333.0,2.0,2000000.0,70.0,1.0,1189.0,2.0,9.0,2000000.0,9.0,1.0,""
"ec2-c5.metal","laghos","laghos","-p 3 -dim 2 -rs 2 -tf 3.5 ","32","ice4hpc","/home/ec2-user/spack/var/spack/environments/ice4hpc/.spack-env/view/bin/laghos","-e PAPI_BR_PRC -e PAPI_L2_TCM -e clx::RESOURCE_STALLS -e REALTIME -e IO -e perf::L1-DCACHE-STORES -e perf::PERF_COUNT_SW_CONTEXT_SWITCHES -e perf::CONTEXT-SWITCHES -e PAPI_BR_INS -e PAPI_SP_OPS -e PAPI_VEC_SP -e PAPI_TOT_INS -e perf::ITLB-LOADS -e perf::ITLB-LOAD-MISSES -e perf::LLC-LOADS -e perf::LLC-LOAD-MISSES -e clx::HW_INTERRUPTS -e PAPI_BR_TKN -e PAPI_BR_CN -e PAPI_BR_UCN -e perf::DTLB-LOADS -e perf::DTLB-LOAD-MISSES -e perf::DTLB-STORES -e perf::DTLB-STORE-MISSES -e PAPI_DP_OPS -e PAPI_VEC_DP -e PAPI_REF_CYC -e perf::LLC-STORES -e perf::LLC-STORE-MISSES -e perf::L1-DCACHE-LOADS -e perf::L1-DCACHE-LOAD-MISSES","['/home/ec2-user/aws_data_collection/data/ec2-c5.metal/laghos/06c749fcd19564328eb36597a3cfa952', '/home/ec2-user/aws_data_collection/data/ec2-c5.metal/laghos/681d1d0234353321aca66de365eb0bad', '/home/ec2-user/aws_data_collection/data/ec2-c5.metal/laghos/7ea61421bd62294ad0ebeb75fd972a60', '/home/ec2-user/aws_data_collection/data/ec2-c5.metal/laghos/af3100851ac8c9bb15171d5e350c193f', '/home/ec2-user/aws_data_collection/data/ec2-c5.metal/laghos/79618dfbe8b5e53d6732bba18cbaaf2d', '/home/ec2-user/aws_data_collection/data/ec2-c5.metal/laghos/a5933691dacc6976f30e767a73f96f69', '/home/ec2-user/aws_data_collection/data/ec2-c5.metal/laghos/e92e93d8f3b2489b1a7363822e2094fe', '/home/ec2-user/aws_data_collection/data/ec2-c5.metal/laghos/4d72fe4c33ab000b2a0e9ce4ed3a8d37', '/home/ec2-user/aws_data_collection/data/ec2-c5.metal/laghos/69bdd62436f8ee542323fa79b83f13c6']",0.0333,1.0,838.0,2.0,2.0,1588.0,4435.0,11576.0,0.045464,3020.0,1.0,110.0,2.0,2000000.0,2.0,7.0,2.0,108.0,9.0,2000000.0,9.0,2.0,""
"ec2-c5.metal","laghos","laghos","-p 3 -dim 2 -rs 2 -tf 3.5 -pa","1","ice4hpc","/home/ec2-user/spack/var/spack/environments/ice4hpc/.spack-env/view/bin/laghos","-e perf::L1-DCACHE-STORES -e perf::PERF_COUNT_SW_CONTEXT_SWITCHES -e perf::CONTEXT-SWITCHES -e PAPI_BR_INS -e REALTIME -e IO -e PAPI_BR_PRC -e PAPI_L2_TCM -e clx::RESOURCE_STALLS -e perf::LLC-STORES -e perf::LLC-STORE-MISSES -e perf::L1-DCACHE-LOADS -e perf::L1-DCACHE-LOAD-MISSES -e perf::DTLB-LOADS -e perf::DTLB-LOAD-MISSES -e perf::DTLB-STORES -e perf::DTLB-STORE-MISSES -e clx::HW_INTERRUPTS -e PAPI_BR_TKN -e PAPI_BR_CN -e PAPI_BR_UCN -e perf::ITLB-LOADS -e perf::ITLB-LOAD-MISSES -e perf::LLC-LOADS -e perf::LLC-LOAD-MISSES -e PAPI_DP_OPS -e PAPI_VEC_DP -e PAPI_REF_CYC -e PAPI_SP_OPS -e PAPI_VEC_SP -e PAPI_TOT_INS","['/home/ec2-user/aws_data_collection/data/ec2-c5.metal/laghos/67dedf78e0bd1efa9e62dfd75052169e', '/home/ec2-user/aws_data_collection/data/ec2-c5.metal/laghos/c8f0ca0b8eb424130e7f0a756ae3f1e0', '/home/ec2-user/aws_data_collection/data/ec2-c5.metal/laghos/ad590f9663ad5c8b0ef5635238d17636', '/home/ec2-user/aws_data_collection/data/ec2-c5.metal/laghos/9a245615ff5acbb4ef5ea32eaad58084', '/home/ec2-user/aws_data_collection/data/ec2-c5.metal/laghos/65112cd37596709e637339093aa6cc6e', '/home/ec2-user/aws_data_collection/data/ec2-c5.metal/laghos/1cbe7f2a9c5c417f94ceaa423b4f7376', '/home/ec2-user/aws_data_collection/data/ec2-c5.metal/laghos/5d85b34c91c686a7a7212ad0879812d6', '/home/ec2-user/aws_data_collection/data/ec2-c5.metal/laghos/a575be15104bf40d909abd8d97d7a27d', '/home/ec2-user/aws_data_collection/data/ec2-c5.metal/laghos/cd925afd9647cc2987c205fafb0c6a02']",0.05,1.0,162.0,1.0,2.0,1347.0,3131.0,11576.0,0.040087000000000005,2318.0,1.0,286.0,222.0,2000000.0,1.0,898.0,798.0,4241.0,9.0,2000000.0,9.0,2.0,""
"ec2-c5.metal","laghos","laghos","-p 3 -dim 2 -rs 2 -tf 3.5 -pa","32","ice4hpc","/home/ec2-user/spack/var/spack/environments/ice4hpc/.spack-env/view/bin/laghos","-e PAPI_SP_OPS -e PAPI_VEC_SP -e PAPI_TOT_INS -e perf::L1-DCACHE-STORES -e perf::PERF_COUNT_SW_CONTEXT_SWITCHES -e perf::CONTEXT-SWITCHES -e PAPI_BR_INS -e perf::DTLB-LOADS -e perf::DTLB-LOAD-MISSES -e perf::DTLB-STORES -e perf::DTLB-STORE-MISSES -e PAPI_DP_OPS -e PAPI_VEC_DP -e PAPI_REF_CYC -e perf::ITLB-LOADS -e perf::ITLB-LOAD-MISSES -e perf::LLC-LOADS -e perf::LLC-LOAD-MISSES -e perf::LLC-STORES -e perf::LLC-STORE-MISSES -e perf::L1-DCACHE-LOADS -e perf::L1-DCACHE-LOAD-MISSES -e PAPI_BR_PRC -e PAPI_L2_TCM -e clx::RESOURCE_STALLS -e REALTIME -e IO -e clx::HW_INTERRUPTS -e PAPI_BR_TKN -e PAPI_BR_CN -e PAPI_BR_UCN","['/home/ec2-user/aws_data_collection/data/ec2-c5.metal/laghos/f0892710f978bf9fbead254dc6784fd5', '/home/ec2-user/aws_data_collection/data/ec2-c5.metal/laghos/ae8db3d94eef60c11c9539dca3748319', '/home/ec2-user/aws_data_collection/data/ec2-c5.metal/laghos/5caac1eb80ecc9a9e3c1aa0c4dacfacc', '/home/ec2-user/aws_data_collection/data/ec2-c5.metal/laghos/f6a811a7f19ff80e3f366a0ee464b50c', '/home/ec2-user/aws_data_collection/data/ec2-c5.metal/laghos/3ff5ecbbd96d82a68cee992fda2a484e', '/home/ec2-user/aws_data_collection/data/ec2-c5.metal/laghos/0bdcb9c6b56fd915ee812fba157abec9', '/home/ec2-user/aws_data_collection/data/ec2-c5.metal/laghos/03bf5e6a8c20a2ea56f2632341048974', '/home/ec2-user/aws_data_collection/data/ec2-c5.metal/laghos/09ebc8abf966e7a929fe4cabd2323618', '/home/ec2-user/aws_data_collection/data/ec2-c5.metal/laghos/7ef3f7826b4f4d160fe2149fb2768377']",0.0333,1.0,522.0,2.0,2.0,5999.0,4259.0,11576.0,0.045561,5229.0,1.0,303.0,206.0,2000000.0,1.0,6.0,1.0,1.0,9.0,2000000.0,9.0,1.0,""
"ec2-c5.metal","laghos","laghos","-p 3 -dim 2 -rs 2 -tf 4 ","1","ice4hpc","/home/ec2-user/spack/var/spack/environments/ice4hpc/.spack-env/view/bin/laghos","-e perf::ITLB-LOADS -e perf::ITLB-LOAD-MISSES -e perf::LLC-LOADS -e perf::LLC-LOAD-MISSES -e REALTIME -e IO -e clx::HW_INTERRUPTS -e PAPI_BR_TKN -e PAPI_BR_CN -e PAPI_BR_UCN -e PAPI_BR_PRC -e PAPI_L2_TCM -e clx::RESOURCE_STALLS -e PAPI_SP_OPS -e PAPI_VEC_SP -e PAPI_TOT_INS -e perf::L1-DCACHE-STORES -e perf::PERF_COUNT_SW_CONTEXT_SWITCHES -e perf::CONTEXT-SWITCHES -e PAPI_BR_INS -e PAPI_DP_OPS -e PAPI_VEC_DP -e PAPI_REF_CYC -e perf::LLC-STORES -e perf::LLC-STORE-MISSES -e perf::L1-DCACHE-LOADS -e perf::L1-DCACHE-LOAD-MISSES -e perf::DTLB-LOADS -e perf::DTLB-LOAD-MISSES -e perf::DTLB-STORES -e perf::DTLB-STORE-MISSES","['/home/ec2-user/aws_data_collection/data/ec2-c5.metal/laghos/3106c03eede2975a1e1d25df42a64ad5', '/home/ec2-user/aws_data_collection/data/ec2-c5.metal/laghos/08a0907d2d9c5c180ebf559ce9768c9f', '/home/ec2-user/aws_data_collection/data/ec2-c5.metal/laghos/79513104c4bc2115080f3eaa50701321', '/home/ec2-user/aws_data_collection/data/ec2-c5.metal/laghos/0ca867cc04ebaa48a8eb408879199e7f', '/home/ec2-user/aws_data_collection/data/ec2-c5.metal/laghos/087d2b0deec79672b4031534431011c0', '/home/ec2-user/aws_data_collection/data/ec2-c5.metal/laghos/17ace040138b3d0387173b201804b13f', '/home/ec2-user/aws_data_collection/data/ec2-c5.metal/laghos/31adc57ea0541d79525ef82585dde73d', '/home/ec2-user/aws_data_collection/data/ec2-c5.metal/laghos/6e8b543d22cdc3c6d0a5cebe37464de0', '/home/ec2-user/aws_data_collection/data/ec2-c5.metal/laghos/c8aea93a4508a5d5f2268f8280f7bcc5']",0.0333,1.0,362.0,1.0,2.0,960.0,3123.0,11576.0,0.040232,1746.0,1.0,169.0,216.0,2000000.0,14772.0,917.0,893.0,14964.0,9.0,2000000.0,9.0,1.0,""
"ec2-c5.metal","laghos","laghos","-p 3 -dim 2 -rs 2 -tf 4 ","32","ice4hpc","/home/ec2-user/spack/var/spack/environments/ice4hpc/.spack-env/view/bin/laghos","-e clx::HW_INTERRUPTS -e PAPI_BR_TKN -e PAPI_BR_CN -e PAPI_BR_UCN -e perf::LLC-STORES -e perf::LLC-STORE-MISSES -e perf::L1-DCACHE-LOADS -e perf::L1-DCACHE-LOAD-MISSES -e PAPI_DP_OPS -e PAPI_VEC_DP -e PAPI_REF_CYC -e perf::ITLB-LOADS -e perf::ITLB-LOAD-MISSES -e perf::LLC-LOADS -e perf::LLC-LOAD-MISSES -e PAPI_BR_PRC -e PAPI_L2_TCM -e clx::RESOURCE_STALLS -e perf::DTLB-LOADS -e perf::DTLB-LOAD-MISSES -e perf::DTLB-STORES -e perf::DTLB-STORE-MISSES -e REALTIME -e IO -e perf::L1-DCACHE-STORES -e perf::PERF_COUNT_SW_CONTEXT_SWITCHES -e perf::CONTEXT-SWITCHES -e PAPI_BR_INS -e PAPI_SP_OPS -e PAPI_VEC_SP -e PAPI_TOT_INS","['/home/ec2-user/aws_data_collection/data/ec2-c5.metal/laghos/859eb1b68012a0d86d1b7df46dc69e6c', '/home/ec2-user/aws_data_collection/data/ec2-c5.metal/laghos/0ec1e27c6822c8ea562bf53b66f62c34', '/home/ec2-user/aws_data_collection/data/ec2-c5.metal/laghos/c895f5b8f35be1ff6cd61ae73c44dda4', '/home/ec2-user/aws_data_collection/data/ec2-c5.metal/laghos/73652a2bb46dcd53165bef045d9d9940', '/home/ec2-user/aws_data_collection/data/ec2-c5.metal/laghos/8e04544fe84b3f2ecb03ad4cdbf7d47e', '/home/ec2-user/aws_data_collection/data/ec2-c5.metal/laghos/206a9933b3c2935ea2a66a8e0522abc5', '/home/ec2-user/aws_data_collection/data/ec2-c5.metal/laghos/ba8651c35820b719e24145a7794375ec', '/home/ec2-user/aws_data_collection/data/ec2-c5.metal/laghos/a46c970d64ad4ce73fcf195520ff3899', '/home/ec2-user/aws_data_collection/data/ec2-c5.metal/laghos/9db7f85b4afce7128cfbc197008526b3']",0.0333,1.0,6.0,2.0,2.0,61.0,4635.0,11576.0,0.04546000000000001,2345.0,1.0,1.0,190.0,2000000.0,1.0,835.0,1.0,55.0,9.0,2000000.0,9.0,2.0,""
"ec2-c5.metal","laghos","laghos","-p 3 -dim 3 -rs 1 -tf 3 ","1","ice4hpc","/home/ec2-user/spack/var/spack/environments/ice4hpc/.spack-env/view/bin/laghos","-e PAPI_SP_OPS -e PAPI_VEC_SP -e PAPI_TOT_INS -e perf::LLC-STORES -e perf::LLC-STORE-MISSES -e perf::L1-DCACHE-LOADS -e perf::L1-DCACHE-LOAD-MISSES -e perf::L1-DCACHE-STORES -e perf::PERF_COUNT_SW_CONTEXT_SWITCHES -e perf::CONTEXT-SWITCHES -e PAPI_BR_INS -e clx::HW_INTERRUPTS -e PAPI_BR_TKN -e PAPI_BR_CN -e PAPI_BR_UCN -e perf::ITLB-LOADS -e perf::ITLB-LOAD-MISSES -e perf::LLC-LOADS -e perf::LLC-LOAD-MISSES -e PAPI_BR_PRC -e PAPI_L2_TCM -e clx::RESOURCE_STALLS -e PAPI_DP_OPS -e PAPI_VEC_DP -e PAPI_REF_CYC -e perf::DTLB-LOADS -e perf::DTLB-LOAD-MISSES -e perf::DTLB-STORES -e perf::DTLB-STORE-MISSES -e REALTIME -e IO","['/home/ec2-user/aws_data_collection/data/ec2-c5.metal/laghos/aa6325938c752a3e4d2cb9d6752f0713', '/home/ec2-user/aws_data_collection/data/ec2-c5.metal/laghos/37b87a0e2a58ccb58cf8addf3b85ef5b', '/home/ec2-user/aws_data_collection/data/ec2-c5.metal/laghos/b54c25f897d26fad81be41a1a80f9dfa', '/home/ec2-user/aws_data_collection/data/ec2-c5.metal/laghos/2fbe9c3f875246fb36e4e9791c5dc56c', '/home/ec2-user/aws_data_collection/data/ec2-c5.metal/laghos/c9a9645e470c3b1255d9887b506aa9e5', '/home/ec2-user/aws_data_collection/data/ec2-c5.metal/laghos/d04240e82e4119e48b8781eec2f0bc98', '/home/ec2-user/aws_data_collection/data/ec2-c5.metal/laghos/b3f1e5d655ab7f620993ee39446ba4e6', '/home/ec2-user/aws_data_collection/data/ec2-c5.metal/laghos/5857be23ca53b46f76382b9974c442d0', '/home/ec2-user/aws_data_collection/data/ec2-c5.metal/laghos/1319518f8d954c3023f8ed7dd7563c05']",0.0333,1.0,99.0,1.0,2.0,621.0,3115.0,11576.0,0.040066000000000004,2952.0,1.0,7.0,220.0,2000000.0,1.0,1.0,792.0,1.0,9.0,2000000.0,9.0,1.0,""
"ec2-c5.metal","laghos","laghos","-p 3 -dim 3 -rs 1 -tf 3 ","32","ice4hpc","/home/ec2-user/spack/var/spack/environments/ice4hpc/.spack-env/view/bin/laghos","-e perf::DTLB-LOADS -e perf::DTLB-LOAD-MISSES -e perf::DTLB-STORES -e perf::DTLB-STORE-MISSES -e perf::ITLB-LOADS -e perf::ITLB-LOAD-MISSES -e perf::LLC-LOADS -e perf::LLC-LOAD-MISSES -e clx::HW_INTERRUPTS -e PAPI_BR_TKN -e PAPI_BR_CN -e PAPI_BR_UCN -e perf::LLC-STORES -e perf::LLC-STORE-MISSES -e perf::L1-DCACHE-LOADS -e perf::L1-DCACHE-LOAD-MISSES -e PAPI_SP_OPS -e PAPI_VEC_SP -e PAPI_TOT_INS -e perf::L1-DCACHE-STORES -e perf::PERF_COUNT_SW_CONTEXT_SWITCHES -e perf::CONTEXT-SWITCHES -e PAPI_BR_INS -e PAPI_DP_OPS -e PAPI_VEC_DP -e PAPI_REF_CYC -e PAPI_BR_PRC -e PAPI_L2_TCM -e clx::RESOURCE_STALLS -e REALTIME -e IO","['/home/ec2-user/aws_data_collection/data/ec2-c5.metal/laghos/f8e33a25b4757743ccb7f245ddf64883', '/home/ec2-user/aws_data_collection/data/ec2-c5.metal/laghos/d8fc6292de815e048c6e12c9a4148115', '/home/ec2-user/aws_data_collection/data/ec2-c5.metal/laghos/e34c331b58ca34692a6728c41832dffd', '/home/ec2-user/aws_data_collection/data/ec2-c5.metal/laghos/d301a0029e6a98f2b7f3fd46ecf8cc59', '/home/ec2-user/aws_data_collection/data/ec2-c5.metal/laghos/5c7877dddf22cc9974e84aa9ea2fdc51', '/home/ec2-user/aws_data_collection/data/ec2-c5.metal/laghos/cd6b22b262b4e04d89f78cbba87a52c8', '/home/ec2-user/aws_data_collection/data/ec2-c5.metal/laghos/3415573153a859178075d7f175ba81be', '/home/ec2-user/aws_data_collection/data/ec2-c5.metal/laghos/ceb3ece26866faf2f73cb7a3fe8456d7', '/home/ec2-user/aws_data_collection/data/ec2-c5.metal/laghos/243600a8d9bdc7538b48e650831882a7']",0.05,1.0,529.0,2.0,2.0,1890.0,4555.0,11576.0,0.040222999999999995,6143.0,1.0,1.0,201.0,2000000.0,1.0,1.0,2216.0,1.0,9.0,2000000.0,9.0,2.0,""
"ec2-c5.metal","laghos","laghos","-p 3 -dim 3 -rs 1 -tf 3 -pa","1","ice4hpc","/home/ec2-user/spack/var/spack/environments/ice4hpc/.spack-env/view/bin/laghos","-e PAPI_DP_OPS -e PAPI_VEC_DP -e PAPI_REF_CYC -e perf::DTLB-LOADS -e perf::DTLB-LOAD-MISSES -e perf::DTLB-STORES -e perf::DTLB-STORE-MISSES -e REALTIME -e IO -e perf::ITLB-LOADS -e perf::ITLB-LOAD-MISSES -e perf::LLC-LOADS -e perf::LLC-LOAD-MISSES -e PAPI_BR_PRC -e PAPI_L2_TCM -e clx::RESOURCE_STALLS -e PAPI_SP_OPS -e PAPI_VEC_SP -e PAPI_TOT_INS -e perf::L1-DCACHE-STORES -e perf::PERF_COUNT_SW_CONTEXT_SWITCHES -e perf::CONTEXT-SWITCHES -e PAPI_BR_INS -e perf::LLC-STORES -e perf::LLC-STORE-MISSES -e perf::L1-DCACHE-LOADS -e perf::L1-DCACHE-LOAD-MISSES -e clx::HW_INTERRUPTS -e PAPI_BR_TKN -e PAPI_BR_CN -e PAPI_BR_UCN","['/home/ec2-user/aws_data_collection/data/ec2-c5.metal/laghos/5694c182b80de82416abc301611cf5dd', '/home/ec2-user/aws_data_collection/data/ec2-c5.metal/laghos/f3f057f193785eafc3977ae8609b2665', '/home/ec2-user/aws_data_collection/data/ec2-c5.metal/laghos/73da2a51d8e47e32a8dc3313a75b4169', '/home/ec2-user/aws_data_collection/data/ec2-c5.metal/laghos/61b2c62cf8ba6dbed00ed76527d4ad4c', '/home/ec2-user/aws_data_collection/data/ec2-c5.metal/laghos/948d6e62e38466f12e86e3885487158c', '/home/ec2-user/aws_data_collection/data/ec2-c5.metal/laghos/990a65c8018906066e120c8682584753', '/home/ec2-user/aws_data_collection/data/ec2-c5.metal/laghos/a33fe0611b4158b9160c7426370656bb', '/home/ec2-user/aws_data_collection/data/ec2-c5.metal/laghos/ff5b9fefbfb364b279a08c53663a1839', '/home/ec2-user/aws_data_collection/data/ec2-c5.metal/laghos/ffeb5bd218da162e7cef71fbc17abd0e']",0.05,1.0,161.0,1.0,2.0,943.0,3123.0,11576.0,0.040228,2384.0,1.0,288.0,224.0,2000000.0,1.0,417.0,1628.0,4206.0,9.0,2000000.0,9.0,1.0,""
"ec2-c5.metal","laghos","laghos","-p 3 -dim 3 -rs 1 -tf 3 -pa","32","ice4hpc","/home/ec2-user/spack/var/spack/environments/ice4hpc/.spack-env/view/bin/laghos","-e PAPI_BR_PRC -e PAPI_L2_TCM -e clx::RESOURCE_STALLS -e perf::DTLB-LOADS -e perf::DTLB-LOAD-MISSES -e perf::DTLB-STORES -e perf::DTLB-STORE-MISSES -e perf::LLC-STORES -e perf::LLC-STORE-MISSES -e perf::L1-DCACHE-LOADS -e perf::L1-DCACHE-LOAD-MISSES -e PAPI_DP_OPS -e PAPI_VEC_DP -e PAPI_REF_CYC -e REALTIME -e IO -e perf::L1-DCACHE-STORES -e perf::PERF_COUNT_SW_CONTEXT_SWITCHES -e perf::CONTEXT-SWITCHES -e PAPI_BR_INS -e clx::HW_INTERRUPTS -e PAPI_BR_TKN -e PAPI_BR_CN -e PAPI_BR_UCN -e perf::ITLB-LOADS -e perf::ITLB-LOAD-MISSES -e perf::LLC-LOADS -e perf::LLC-LOAD-MISSES -e PAPI_SP_OPS -e PAPI_VEC_SP -e PAPI_TOT_INS","['/home/ec2-user/aws_data_collection/data/ec2-c5.metal/laghos/d23ead65f9eda60c1c9ff9e1d32aab24', '/home/ec2-user/aws_data_collection/data/ec2-c5.metal/laghos/a1fbd772dc1c0361ee4f90604dcca3ef', '/home/ec2-user/aws_data_collection/data/ec2-c5.metal/laghos/f1e84cc006792b22905b74efd5f54dcb', '/home/ec2-user/aws_data_collection/data/ec2-c5.metal/laghos/01952302cc9bc408d5f4e74a803ba74c', '/home/ec2-user/aws_data_collection/data/ec2-c5.metal/laghos/0c4920e8ee3e5e28276f3b2e308fffce', '/home/ec2-user/aws_data_collection/data/ec2-c5.metal/laghos/5c522372836981d470d72c96cab74225', '/home/ec2-user/aws_data_collection/data/ec2-c5.metal/laghos/3c0a28f0f11240d6896cf743121d6b46', '/home/ec2-user/aws_data_collection/data/ec2-c5.metal/laghos/62c32608dd07d4c2622b01845f04f865', '/home/ec2-user/aws_data_collection/data/ec2-c5.metal/laghos/4b90253f402fdb0cad0070257311c38d']",0.0333,1.0,406.0,2.0,2.0,2118.0,4659.0,11576.0,0.045577000000000006,4538.0,1.0,147.0,201.0,2000000.0,2797.0,1599.0,7854.0,21219.0,9.0,2000000.0,9.0,1.0,""
"ec2-c5.metal","laghos","laghos","-p 3 -dim 3 -rs 1 -tf 3.5 ","1","ice4hpc","/home/ec2-user/spack/var/spack/environments/ice4hpc/.spack-env/view/bin/laghos","-e perf::LLC-STORES -e perf::LLC-STORE-MISSES -e perf::L1-DCACHE-LOADS -e perf::L1-DCACHE-LOAD-MISSES -e clx::HW_INTERRUPTS -e PAPI_BR_TKN -e PAPI_BR_CN -e PAPI_BR_UCN -e perf::L1-DCACHE-STORES -e perf::PERF_COUNT_SW_CONTEXT_SWITCHES -e perf::CONTEXT-SWITCHES -e PAPI_BR_INS -e PAPI_DP_OPS -e PAPI_VEC_DP -e PAPI_REF_CYC -e perf::ITLB-LOADS -e perf::ITLB-LOAD-MISSES -e perf::LLC-LOADS -e perf::LLC-LOAD-MISSES -e REALTIME -e IO -e PAPI_BR_PRC -e PAPI_L2_TCM -e clx::RESOURCE_STALLS -e PAPI_SP_OPS -e PAPI_VEC_SP -e PAPI_TOT_INS -e perf::DTLB-LOADS -e perf::DTLB-LOAD-MISSES -e perf::DTLB-STORES -e perf::DTLB-STORE-MISSES","['/home/ec2-user/aws_data_collection/data/ec2-c5.metal/laghos/74db62c0f653d0d0555596bd1cb2bec0', '/home/ec2-user/aws_data_collection/data/ec2-c5.metal/laghos/5aedaae84dc44b5b4b13aad7f906ab4b', '/home/ec2-user/aws_data_collection/data/ec2-c5.metal/laghos/c0f9ec49442a267550fbb0e5dd965aba', '/home/ec2-user/aws_data_collection/data/ec2-c5.metal/laghos/dbc553978d2add0e31c5681cdf6c245a', '/home/ec2-user/aws_data_collection/data/ec2-c5.metal/laghos/e81d543abf4b77ad1e39d1c515ec6ac7', '/home/ec2-user/aws_data_collection/data/ec2-c5.metal/laghos/a0f63df6562c847bcd75ac606cfd74c8', '/home/ec2-user/aws_data_collection/data/ec2-c5.metal/laghos/857420e3e3ca28cf564ed4c414e340df', '/home/ec2-user/aws_data_collection/data/ec2-c5.metal/laghos/23ab1d42b7f4220ce2050549310d65c4', '/home/ec2-user/aws_data_collection/data/ec2-c5.metal/laghos/379f55d5c501d6c4046c0fb16b4b3855']",0.0333,1.0,220.0,1.0,2.0,418.0,3115.0,11576.0,0.040234,2302.0,1.0,533.0,2.0,2000000.0,11324.0,2184.0,12.0,15822.0,9.0,2000000.0,9.0,1.0,""
"ec2-c5.metal","laghos","laghos","-p 3 -dim 3 -rs 1 -tf 3.5 ","32","ice4hpc","/home/ec2-user/spack/var/spack/environments/ice4hpc/.spack-env/view/bin/laghos","-e perf::DTLB-LOADS -e perf::DTLB-LOAD-MISSES -e perf::DTLB-STORES -e perf::DTLB-STORE-MISSES -e PAPI_DP_OPS -e PAPI_VEC_DP -e PAPI_REF_CYC -e perf::L1-DCACHE-STORES -e perf::PERF_COUNT_SW_CONTEXT_SWITCHES -e perf::CONTEXT-SWITCHES -e PAPI_BR_INS -e clx::HW_INTERRUPTS -e PAPI_BR_TKN -e PAPI_BR_CN -e PAPI_BR_UCN -e perf::LLC-STORES -e perf::LLC-STORE-MISSES -e perf::L1-DCACHE-LOADS -e perf::L1-DCACHE-LOAD-MISSES -e perf::ITLB-LOADS -e perf::ITLB-LOAD-MISSES -e perf::LLC-LOADS -e perf::LLC-LOAD-MISSES -e PAPI_SP_OPS -e PAPI_VEC_SP -e PAPI_TOT_INS -e PAPI_BR_PRC -e PAPI_L2_TCM -e clx::RESOURCE_STALLS -e REALTIME -e IO","['/home/ec2-user/aws_data_collection/data/ec2-c5.metal/laghos/4c99ac404af679860a4c9eafb999420e', '/home/ec2-user/aws_data_collection/data/ec2-c5.metal/laghos/0e7417e5702970e5cf421bed9cb1e952', '/home/ec2-user/aws_data_collection/data/ec2-c5.metal/laghos/5ec5bf14a104e75e36469dfd2e2b13d3', '/home/ec2-user/aws_data_collection/data/ec2-c5.metal/laghos/000afc255d96ad2d6615e32f85b9d6a1', '/home/ec2-user/aws_data_collection/data/ec2-c5.metal/laghos/6bd770c836377ec3bd46fd9f75e8bf33', '/home/ec2-user/aws_data_collection/data/ec2-c5.metal/laghos/a85a1493e93417ba6a51812c6cf0c294', '/home/ec2-user/aws_data_collection/data/ec2-c5.metal/laghos/bae97b39a2645e506ddcb9d96735efbe', '/home/ec2-user/aws_data_collection/data/ec2-c5.metal/laghos/a744fa1233ea33e119bbb29c250cee1f', '/home/ec2-user/aws_data_collection/data/ec2-c5.metal/laghos/d123b95d908f0b7bb08e1ada529a0a48']",0.0333,1.0,630.0,2.0,2.0,1.0,4387.0,11576.0,0.045417,2169.0,1.0,148.0,184.0,2000000.0,3180.0,1627.0,3567.0,13066.0,9.0,2000000.0,9.0,2.0,""
"ec2-c5.metal","laghos","laghos","-p 3 -dim 3 -rs 1 -tf 3.5 -pa","1","ice4hpc","/home/ec2-user/spack/var/spack/environments/ice4hpc/.spack-env/view/bin/laghos","-e perf::L1-DCACHE-STORES -e perf::PERF_COUNT_SW_CONTEXT_SWITCHES -e perf::CONTEXT-SWITCHES -e PAPI_BR_INS -e perf::LLC-STORES -e perf::LLC-STORE-MISSES -e perf::L1-DCACHE-LOADS -e perf::L1-DCACHE-LOAD-MISSES -e perf::ITLB-LOADS -e perf::ITLB-LOAD-MISSES -e perf::LLC-LOADS -e perf::LLC-LOAD-MISSES -e PAPI_DP_OPS -e PAPI_VEC_DP -e PAPI_REF_CYC -e clx::HW_INTERRUPTS -e PAPI_BR_TKN -e PAPI_BR_CN -e PAPI_BR_UCN -e perf::DTLB-LOADS -e perf::DTLB-LOAD-MISSES -e perf::DTLB-STORES -e perf::DTLB-STORE-MISSES -e PAPI_BR_PRC -e PAPI_L2_TCM -e clx::RESOURCE_STALLS -e PAPI_SP_OPS -e PAPI_VEC_SP -e PAPI_TOT_INS -e REALTIME -e IO","['/home/ec2-user/aws_data_collection/data/ec2-c5.metal/laghos/29763365d5ad08449276a23c20b37b1b', '/home/ec2-user/aws_data_collection/data/ec2-c5.metal/laghos/e34edcb4edd457fc1c7adb5672458fb9', '/home/ec2-user/aws_data_collection/data/ec2-c5.metal/laghos/2527bd5844c81f8be80d0d5641e518e0', '/home/ec2-user/aws_data_collection/data/ec2-c5.metal/laghos/6b0282a089dc76aacfdd04c03f6380ef', '/home/ec2-user/aws_data_collection/data/ec2-c5.metal/laghos/41f909953deff6ef4b545decf3eed5a6', '/home/ec2-user/aws_data_collection/data/ec2-c5.metal/laghos/2e52136434eb5910c320aab2f62786c6', '/home/ec2-user/aws_data_collection/data/ec2-c5.metal/laghos/0cf55cac5c8022deb4047e07d8a55765', '/home/ec2-user/aws_data_collection/data/ec2-c5.metal/laghos/a7715aedf7b9e224f703fe3e96602421', '/home/ec2-user/aws_data_collection/data/ec2-c5.metal/laghos/be565d0ef446c53f596894271fefef1e']",0.0333,1.0,551.0,1.0,2.0,1959.0,3123.0,11576.0,0.04006900000000001,8755.0,1.0,126.0,219.0,2000000.0,1.0,1200.0,809.0,1.0,9.0,2000000.0,9.0,1.0,""
"ec2-c5.metal","laghos","laghos","-p 3 -dim 3 -rs 1 -tf 3.5 -pa","32","ice4hpc","/home/ec2-user/spack/var/spack/environments/ice4hpc/.spack-env/view/bin/laghos","-e clx::HW_INTERRUPTS -e PAPI_BR_TKN -e PAPI_BR_CN -e PAPI_BR_UCN -e perf::ITLB-LOADS -e perf::ITLB-LOAD-MISSES -e perf::LLC-LOADS -e perf::LLC-LOAD-MISSES -e REALTIME -e IO -e PAPI_BR_PRC -e PAPI_L2_TCM -e clx::RESOURCE_STALLS -e PAPI_DP_OPS -e PAPI_VEC_DP -e PAPI_REF_CYC -e perf::DTLB-LOADS -e perf::DTLB-LOAD-MISSES -e perf::DTLB-STORES -e perf::DTLB-STORE-MISSES -e PAPI_SP_OPS -e PAPI_VEC_SP -e PAPI_TOT_INS -e perf::L1-DCACHE-STORES -e perf::PERF_COUNT_SW_CONTEXT_SWITCHES -e perf::CONTEXT-SWITCHES -e PAPI_BR_INS -e perf::LLC-STORES -e perf::LLC-STORE-MISSES -e perf::L1-DCACHE-LOADS -e perf::L1-DCACHE-LOAD-MISSES","['/home/ec2-user/aws_data_collection/data/ec2-c5.metal/laghos/bda04907546e6e1fbfd2a11cfe091ac3', '/home/ec2-user/aws_data_collection/data/ec2-c5.metal/laghos/a96799624b35e9b66a11bfb74b8e163a', '/home/ec2-user/aws_data_collection/data/ec2-c5.metal/laghos/fff042d26807c1ba96209bf6860029e3', '/home/ec2-user/aws_data_collection/data/ec2-c5.metal/laghos/98c2b6f6664f963b0112cff09c925fc0', '/home/ec2-user/aws_data_collection/data/ec2-c5.metal/laghos/2ec8e02e9b57b4e194a797b04d32dda9', '/home/ec2-user/aws_data_collection/data/ec2-c5.metal/laghos/d8dbd514aedaf57a1fc1b3cc73f6e35c', '/home/ec2-user/aws_data_collection/data/ec2-c5.metal/laghos/9105e20c872a7f55ddf7a94322a0a351', '/home/ec2-user/aws_data_collection/data/ec2-c5.metal/laghos/9188fa18c4a829b9b1d12f2beeedf805', '/home/ec2-user/aws_data_collection/data/ec2-c5.metal/laghos/2b2dd1b782c034630c21602a9231954a']",0.0333,1.0,844.0,42.0,2.0,481.0,4659.0,11576.0,0.045401,2485.0,1.0,899.0,32436.0,2000000.0,64.0,111.0,2.0,2.0,9.0,2000000.0,9.0,1.0,""
"ec2-c5.metal","laghos","laghos","-p 3 -dim 3 -rs 1 -tf 4 ","1","ice4hpc","/home/ec2-user/spack/var/spack/environments/ice4hpc/.spack-env/view/bin/laghos","-e perf::ITLB-LOADS -e perf::ITLB-LOAD-MISSES -e perf::LLC-LOADS -e perf::LLC-LOAD-MISSES -e PAPI_SP_OPS -e PAPI_VEC_SP -e PAPI_TOT_INS -e clx::HW_INTERRUPTS -e PAPI_BR_TKN -e PAPI_BR_CN -e PAPI_BR_UCN -e perf::L1-DCACHE-STORES -e perf::PERF_COUNT_SW_CONTEXT_SWITCHES -e perf::CONTEXT-SWITCHES -e PAPI_BR_INS -e PAPI_DP_OPS -e PAPI_VEC_DP -e PAPI_REF_CYC -e perf::DTLB-LOADS -e perf::DTLB-LOAD-MISSES -e perf::DTLB-STORES -e perf::DTLB-STORE-MISSES -e REALTIME -e IO -e PAPI_BR_PRC -e PAPI_L2_TCM -e clx::RESOURCE_STALLS -e perf::LLC-STORES -e perf::LLC-STORE-MISSES -e perf::L1-DCACHE-LOADS -e perf::L1-DCACHE-LOAD-MISSES","['/home/ec2-user/aws_data_collection/data/ec2-c5.metal/laghos/0e03ebaecfd80023b8ae180a4a7a6521', '/home/ec2-user/aws_data_collection/data/ec2-c5.metal/laghos/44af6fb37695d8a6cf67885050101189', '/home/ec2-user/aws_data_collection/data/ec2-c5.metal/laghos/90e2457279c154f2e77e9588ec65083a', '/home/ec2-user/aws_data_collection/data/ec2-c5.metal/laghos/26c0ed177e7472fdb54a565efbb07ff9', '/home/ec2-user/aws_data_collection/data/ec2-c5.metal/laghos/cf9e3ef30161a709884d1f428ee4a815', '/home/ec2-user/aws_data_collection/data/ec2-c5.metal/laghos/34edf34c3210adf40c1ebd88d8eea28c', '/home/ec2-user/aws_data_collection/data/ec2-c5.metal/laghos/9c41e352cd0217db3f2d9a6ebd508af9', '/home/ec2-user/aws_data_collection/data/ec2-c5.metal/laghos/2f3498b5ce3e3e3b76dd461759ade39f', '/home/ec2-user/aws_data_collection/data/ec2-c5.metal/laghos/a03695874c26b116a3a0edecfa30766b']",0.05,1.0,89.0,1.0,2.0,4738.0,3115.0,11576.0,0.040393,2162.0,1.0,216.0,2.0,2000000.0,1.0,1060.0,2001.0,1.0,9.0,2000000.0,9.0,2.0,""
"ec2-c5.metal","laghos","laghos","-p 3 -dim 3 -rs 1 -tf 4 ","32","ice4hpc","/home/ec2-user/spack/var/spack/environments/ice4hpc/.spack-env/view/bin/laghos","-e perf::DTLB-LOADS -e perf::DTLB-LOAD-MISSES -e perf::DTLB-STORES -e perf::DTLB-STORE-MISSES -e PAPI_DP_OPS -e PAPI_VEC_DP -e PAPI_REF_CYC -e PAPI_BR_PRC -e PAPI_L2_TCM -e clx::RESOURCE_STALLS -e PAPI_SP_OPS -e PAPI_VEC_SP -e PAPI_TOT_INS -e perf::L1-DCACHE-STORES -e perf::PERF_COUNT_SW_CONTEXT_SWITCHES -e perf::CONTEXT-SWITCHES -e PAPI_BR_INS -e perf::LLC-STORES -e perf::LLC-STORE-MISSES -e perf::L1-DCACHE-LOADS -e perf::L1-DCACHE-LOAD-MISSES -e clx::HW_INTERRUPTS -e PAPI_BR_TKN -e PAPI_BR_CN -e PAPI_BR_UCN -e REALTIME -e IO -e perf::ITLB-LOADS -e perf::ITLB-LOAD-MISSES -e perf::LLC-LOADS -e perf::LLC-LOAD-MISSES","['/home/ec2-user/aws_data_collection/data/ec2-c5.metal/laghos/61b3fe74d0c4249e77b262fdc4804fb1', '/home/ec2-user/aws_data_collection/data/ec2-c5.metal/laghos/a5d0fd9a191a7c909d5393960e82a98f', '/home/ec2-user/aws_data_collection/data/ec2-c5.metal/laghos/c5d539f20a80cb993a55dff85af14863', '/home/ec2-user/aws_data_collection/data/ec2-c5.metal/laghos/f1e1455a0856c217da170c737bc191fc', '/home/ec2-user/aws_data_collection/data/ec2-c5.metal/laghos/7665f28671e4786acf5a665e7d7d6616', '/home/ec2-user/aws_data_collection/data/ec2-c5.metal/laghos/97e9b1e423f7eb409b3b29c7cfbad570', '/home/ec2-user/aws_data_collection/data/ec2-c5.metal/laghos/d921dff0289482663dd40c7c1715152e', '/home/ec2-user/aws_data_collection/data/ec2-c5.metal/laghos/0a415ab5374855d2784e00f8e643b83c', '/home/ec2-user/aws_data_collection/data/ec2-c5.metal/laghos/d65c3fd0243913d257e932793833304f']",0.0333,1.0,476.0,1.0,2.0,1858.0,4635.0,11576.0,0.045556,7765.0,1.0,153.0,191.0,2000000.0,1.0,460.0,2.0,2324.0,9.0,2000000.0,9.0,2.0,""
"ec2-c5.metal","laghos","laghos","-p 3 -dim 3 -rs 1 -tf 4 -pa","1","ice4hpc","/home/ec2-user/spack/var/spack/environments/ice4hpc/.spack-env/view/bin/laghos","-e clx::HW_INTERRUPTS -e PAPI_BR_TKN -e PAPI_BR_CN -e PAPI_BR_UCN -e perf::L1-DCACHE-STORES -e perf::PERF_COUNT_SW_CONTEXT_SWITCHES -e perf::CONTEXT-SWITCHES -e PAPI_BR_INS -e PAPI_BR_PRC -e PAPI_L2_TCM -e clx::RESOURCE_STALLS -e perf::DTLB-LOADS -e perf::DTLB-LOAD-MISSES -e perf::DTLB-STORES -e perf::DTLB-STORE-MISSES -e perf::ITLB-LOADS -e perf::ITLB-LOAD-MISSES -e perf::LLC-LOADS -e perf::LLC-LOAD-MISSES -e REALTIME -e IO -e PAPI_SP_OPS -e PAPI_VEC_SP -e PAPI_TOT_INS -e PAPI_DP_OPS -e PAPI_VEC_DP -e PAPI_REF_CYC -e perf::LLC-STORES -e perf::LLC-STORE-MISSES -e perf::L1-DCACHE-LOADS -e perf::L1-DCACHE-LOAD-MISSES","['/home/ec2-user/aws_data_collection/data/ec2-c5.metal/laghos/480a6908bbeb396ecffd475e6b972448', '/home/ec2-user/aws_data_collection/data/ec2-c5.metal/laghos/45bbdd3c09e8832e0fcb287219e8a8d4', '/home/ec2-user/aws_data_collection/data/ec2-c5.metal/laghos/80f9e3e28841d4eaf59a7dd64e5600eb', '/home/ec2-user/aws_data_collection/data/ec2-c5.metal/laghos/e71a25affce8bb1219a002378daaf800', '/home/ec2-user/aws_data_collection/data/ec2-c5.metal/laghos/a29fead987e6fd855d3d3a98f3647b98', '/home/ec2-user/aws_data_collection/data/ec2-c5.metal/laghos/eb389ec4ba8d46e897e8cf6d78fa38b3', '/home/ec2-user/aws_data_collection/data/ec2-c5.metal/laghos/a9c991a0c30a60dcb9c6b64706ce6a32', '/home/ec2-user/aws_data_collection/data/ec2-c5.metal/laghos/6902abc0633d8e0a94387e2607d7e8f0', '/home/ec2-user/aws_data_collection/data/ec2-c5.metal/laghos/349ba88cb96f9fcb1753c549f95c42d3']",0.0333,1.0,390.0,1.0,2.0,6.0,3139.0,11576.0,0.040223,1907.0,1.0,1041.0,2.0,2000000.0,1.0,1626.0,1895.0,92.0,"","","",2.0,""
"ec2-c5.metal","laghos","laghos","-p 3 -dim 3 -rs 1 -tf 4 -pa","32","ice4hpc","/home/ec2-user/spack/var/spack/environments/ice4hpc/.spack-env/view/bin/laghos","-e perf::L1-DCACHE-STORES -e perf::PERF_COUNT_SW_CONTEXT_SWITCHES -e perf::CONTEXT-SWITCHES -e PAPI_BR_INS -e perf::DTLB-LOADS -e perf::DTLB-LOAD-MISSES -e perf::DTLB-STORES -e perf::DTLB-STORE-MISSES -e perf::LLC-STORES -e perf::LLC-STORE-MISSES -e perf::L1-DCACHE-LOADS -e perf::L1-DCACHE-LOAD-MISSES -e PAPI_BR_PRC -e PAPI_L2_TCM -e clx::RESOURCE_STALLS -e perf::ITLB-LOADS -e perf::ITLB-LOAD-MISSES -e perf::LLC-LOADS -e perf::LLC-LOAD-MISSES -e PAPI_DP_OPS -e PAPI_VEC_DP -e PAPI_REF_CYC -e REALTIME -e IO -e PAPI_SP_OPS -e PAPI_VEC_SP -e PAPI_TOT_INS -e clx::HW_INTERRUPTS -e PAPI_BR_TKN -e PAPI_BR_CN -e PAPI_BR_UCN","['/home/ec2-user/aws_data_collection/data/ec2-c5.metal/laghos/bc6f6d3fa33af3c0c0d7a50a74a50783', '/home/ec2-user/aws_data_collection/data/ec2-c5.metal/laghos/04138edb5d8b7966ac0d9b7c94d152e1', '/home/ec2-user/aws_data_collection/data/ec2-c5.metal/laghos/e266800321817765e45f709178dc37f7', '/home/ec2-user/aws_data_collection/data/ec2-c5.metal/laghos/4e5465a5cd2ebab622172a655f481d9d', '/home/ec2-user/aws_data_collection/data/ec2-c5.metal/laghos/519363381007d18a1104c1d66bf87d00', '/home/ec2-user/aws_data_collection/data/ec2-c5.metal/laghos/2bdb7eb4df7a0e517d06bbd510735651', '/home/ec2-user/aws_data_collection/data/ec2-c5.metal/laghos/73ce0abc4b9eef780bfbd2d7f627c30c', '/home/ec2-user/aws_data_collection/data/ec2-c5.metal/laghos/32568d0092e10e17000fc562b135e491', '/home/ec2-user/aws_data_collection/data/ec2-c5.metal/laghos/f0946e0f113c94c58d678e77e7ddf73a']",0.0333,1.0,1.0,2.0,2.0,4.0,4659.0,11576.0,0.04552200000000001,2005.0,1.0,189.0,198.0,"",3002.0,14.0,5921.0,22069.0,9.0,2000000.0,9.0,2.0,""
"ec2-c5.metal","laghos","laghos","-p 3 -dim 3 -rs 2 -tf 3 ","1","ice4hpc","/home/ec2-user/spack/var/spack/environments/ice4hpc/.spack-env/view/bin/laghos","-e perf::L1-DCACHE-STORES -e perf::PERF_COUNT_SW_CONTEXT_SWITCHES -e perf::CONTEXT-SWITCHES -e PAPI_BR_INS -e REALTIME -e IO -e perf::DTLB-LOADS -e perf::DTLB-LOAD-MISSES -e perf::DTLB-STORES -e perf::DTLB-STORE-MISSES -e PAPI_SP_OPS -e PAPI_VEC_SP -e PAPI_TOT_INS -e perf::ITLB-LOADS -e perf::ITLB-LOAD-MISSES -e perf::LLC-LOADS -e perf::LLC-LOAD-MISSES -e perf::LLC-STORES -e perf::LLC-STORE-MISSES -e perf::L1-DCACHE-LOADS -e perf::L1-DCACHE-LOAD-MISSES -e PAPI_BR_PRC -e PAPI_L2_TCM -e clx::RESOURCE_STALLS -e PAPI_DP_OPS -e PAPI_VEC_DP -e PAPI_REF_CYC -e clx::HW_INTERRUPTS -e PAPI_BR_TKN -e PAPI_BR_CN -e PAPI_BR_UCN","['/home/ec2-user/aws_data_collection/data/ec2-c5.metal/laghos/9a4ed4df3880cc49acc89746ef0b0875', '/home/ec2-user/aws_data_collection/data/ec2-c5.metal/laghos/e3dc6d0d48258926fd1a65c6048bc833', '/home/ec2-user/aws_data_collection/data/ec2-c5.metal/laghos/c0b09ec793f17751ccc17cea3f5e03db', '/home/ec2-user/aws_data_collection/data/ec2-c5.metal/laghos/8045d65b17dffce73ddcf4647e16fbbc', '/home/ec2-user/aws_data_collection/data/ec2-c5.metal/laghos/b55c6c39aaa60e3dd3a93b3aa81da84f', '/home/ec2-user/aws_data_collection/data/ec2-c5.metal/laghos/5a1fbc67133421fc8fefbbdccfd540e5', '/home/ec2-user/aws_data_collection/data/ec2-c5.metal/laghos/98059446c65f0b3de44d9b35cc1a7f63', '/home/ec2-user/aws_data_collection/data/ec2-c5.metal/laghos/5d1f1d28559ec40863b5e8145d25daa4', '/home/ec2-user/aws_data_collection/data/ec2-c5.metal/laghos/004dcc4bba20488d9823e73c385d01fc']",0.05,1.0,100.0,1.0,2.0,6.0,3115.0,11576.0,0.04007,3368.0,1.0,133.0,217.0,2000000.0,4238.0,1903.0,1422.0,30755.0,"","","",2.0,""
"ec2-c5.metal","laghos","laghos","-p 3 -dim 3 -rs 2 -tf 3 ","32","ice4hpc","/home/ec2-user/spack/var/spack/environments/ice4hpc/.spack-env/view/bin/laghos","-e perf::LLC-STORES -e perf::LLC-STORE-MISSES -e perf::L1-DCACHE-LOADS -e perf::L1-DCACHE-LOAD-MISSES -e PAPI_SP_OPS -e PAPI_VEC_SP -e PAPI_TOT_INS -e PAPI_DP_OPS -e PAPI_VEC_DP -e PAPI_REF_CYC -e PAPI_BR_PRC -e PAPI_L2_TCM -e clx::RESOURCE_STALLS -e perf::L1-DCACHE-STORES -e perf::PERF_COUNT_SW_CONTEXT_SWITCHES -e perf::CONTEXT-SWITCHES -e PAPI_BR_INS -e clx::HW_INTERRUPTS -e PAPI_BR_TKN -e PAPI_BR_CN -e PAPI_BR_UCN -e REALTIME -e IO -e perf::DTLB-LOADS -e perf::DTLB-LOAD-MISSES -e perf::DTLB-STORES -e perf::DTLB-STORE-MISSES -e perf::ITLB-LOADS -e perf::ITLB-LOAD-MISSES -e perf::LLC-LOADS -e perf::LLC-LOAD-MISSES","['/home/ec2-user/aws_data_collection/data/ec2-c5.metal/laghos/f101d04cc14f44d053c8f4b8fde473bb', '/home/ec2-user/aws_data_collection/data/ec2-c5.metal/laghos/4a690a897cde093d8023de45c008aa50', '/home/ec2-user/aws_data_collection/data/ec2-c5.metal/laghos/41fb885f9a26d2665eab1502e9f188b7', '/home/ec2-user/aws_data_collection/data/ec2-c5.metal/laghos/66062c83d13885e3a03ce7e502018847', '/home/ec2-user/aws_data_collection/data/ec2-c5.metal/laghos/a6fbfff0688bf975c8ef4ba2abdef63b', '/home/ec2-user/aws_data_collection/data/ec2-c5.metal/laghos/980f3b4f2f10e7f2696e415288fc039d', '/home/ec2-user/aws_data_collection/data/ec2-c5.metal/laghos/0ccf1cc7786f446585f49176a083410f', '/home/ec2-user/aws_data_collection/data/ec2-c5.metal/laghos/2c7df5ae629f43a199777b24a720f3d4', '/home/ec2-user/aws_data_collection/data/ec2-c5.metal/laghos/e765734698e305c56367611c27d41826']",0.0333,1.0,1.0,2.0,2.0,26.0,4683.0,11576.0,0.045606,4470.0,1.0,260.0,198.0,2000000.0,7706.0,1430.0,4859.0,23344.0,9.0,2000000.0,9.0,2.0,""
"ec2-c5.metal","laghos","laghos","-p 3 -dim 3 -rs 2 -tf 3 -pa","1","ice4hpc","/home/ec2-user/spack/var/spack/environments/ice4hpc/.spack-env/view/bin/laghos","-e REALTIME -e IO -e perf::L1-DCACHE-STORES -e perf::PERF_COUNT_SW_CONTEXT_SWITCHES -e perf::CONTEXT-SWITCHES -e PAPI_BR_INS -e perf::LLC-STORES -e perf::LLC-STORE-MISSES -e perf::L1-DCACHE-LOADS -e perf::L1-DCACHE-LOAD-MISSES -e PAPI_SP_OPS -e PAPI_VEC_SP -e PAPI_TOT_INS -e perf::DTLB-LOADS -e perf::DTLB-LOAD-MISSES -e perf::DTLB-STORES -e perf::DTLB-STORE-MISSES -e clx::HW_INTERRUPTS -e PAPI_BR_TKN -e PAPI_BR_CN -e PAPI_BR_UCN -e PAPI_DP_OPS -e PAPI_VEC_DP -e PAPI_REF_CYC -e perf::ITLB-LOADS -e perf::ITLB-LOAD-MISSES -e perf::LLC-LOADS -e perf::LLC-LOAD-MISSES -e PAPI_BR_PRC -e PAPI_L2_TCM -e clx::RESOURCE_STALLS","['/home/ec2-user/aws_data_collection/data/ec2-c5.metal/laghos/c7dadad555f09fd56a2067c2b6396376', '/home/ec2-user/aws_data_collection/data/ec2-c5.metal/laghos/81bd00aab88de06af24d56253955e5ec', '/home/ec2-user/aws_data_collection/data/ec2-c5.metal/laghos/60a5c2d6c3b44218583a75f0f9b8cb27', '/home/ec2-user/aws_data_collection/data/ec2-c5.metal/laghos/e5a5418fd1f945be5c05e95439f6077e', '/home/ec2-user/aws_data_collection/data/ec2-c5.metal/laghos/bdaa5387ad8b6a33d8ca9d601f084974', '/home/ec2-user/aws_data_collection/data/ec2-c5.metal/laghos/16bae81448aae7010690eb49516945f9', '/home/ec2-user/aws_data_collection/data/ec2-c5.metal/laghos/37108feefb1d2f6310c1c91e3eaca582', '/home/ec2-user/aws_data_collection/data/ec2-c5.metal/laghos/6159150cd58eca927b7fba076abdec26', '/home/ec2-user/aws_data_collection/data/ec2-c5.metal/laghos/3d51408db1dc4d20f5d156add8f7c07a']",0.0333,1.0,231.0,1.0,2.0,6.0,3123.0,11576.0,0.040075,2483.0,1.0,1427.0,210.0,2000000.0,3428.0,105.0,1328.0,62.0,9.0,2000000.0,9.0,2.0,""
"ec2-c5.metal","laghos","laghos","-p 3 -dim 3 -rs 2 -tf 3 -pa","32","ice4hpc","/home/ec2-user/spack/var/spack/environments/ice4hpc/.spack-env/view/bin/laghos","-e REALTIME -e IO -e PAPI_SP_OPS -e PAPI_VEC_SP -e PAPI_TOT_INS -e PAPI_BR_PRC -e PAPI_L2_TCM -e clx::RESOURCE_STALLS -e perf::ITLB-LOADS -e perf::ITLB-LOAD-MISSES -e perf::LLC-LOADS -e perf::LLC-LOAD-MISSES -e perf::L1-DCACHE-STORES -e perf::PERF_COUNT_SW_CONTEXT_SWITCHES -e perf::CONTEXT-SWITCHES -e PAPI_BR_INS -e PAPI_DP_OPS -e PAPI_VEC_DP -e PAPI_REF_CYC -e perf::DTLB-LOADS -e perf::DTLB-LOAD-MISSES -e perf::DTLB-STORES -e perf::DTLB-STORE-MISSES -e clx::HW_INTERRUPTS -e PAPI_BR_TKN -e PAPI_BR_CN -e PAPI_BR_UCN -e perf::LLC-STORES -e perf::LLC-STORE-MISSES -e perf::L1-DCACHE-LOADS -e perf::L1-DCACHE-LOAD-MISSES","['/home/ec2-user/aws_data_collection/data/ec2-c5.metal/laghos/620a4b6defab8f936e922f88265e1c08', '/home/ec2-user/aws_data_collection/data/ec2-c5.metal/laghos/9c10b732d46453f2ddcf66026fdb7bd3', '/home/ec2-user/aws_data_collection/data/ec2-c5.metal/laghos/193fb2a26253ba72326ff61812921a62', '/home/ec2-user/aws_data_collection/data/ec2-c5.metal/laghos/e79bc8f7b4b1e9fdc4356a2ed250caba', '/home/ec2-user/aws_data_collection/data/ec2-c5.metal/laghos/ee597fb0ad668b547ec358d0f6da34dd', '/home/ec2-user/aws_data_collection/data/ec2-c5.metal/laghos/95c74f8f8fa3bf0f86de84c596089579', '/home/ec2-user/aws_data_collection/data/ec2-c5.metal/laghos/f141a309dcafc13da13620b4c80f9dd3', '/home/ec2-user/aws_data_collection/data/ec2-c5.metal/laghos/c00a88a1434a24e2ccbf369b7a5e117d', '/home/ec2-user/aws_data_collection/data/ec2-c5.metal/laghos/2a3b4a059145e421897259f927ed02f4']",0.05,1.0,1804.0,2.0,2.0,2329.0,4227.0,11576.0,0.040388,2941.0,1.0,1.0,29399.0,2000000.0,218.0,1238.0,8192.0,29123.0,9.0,2000000.0,9.0,1.0,""
"ec2-c5.metal","laghos","laghos","-p 3 -dim 3 -rs 2 -tf 3.5 ","1","ice4hpc","/home/ec2-user/spack/var/spack/environments/ice4hpc/.spack-env/view/bin/laghos","-e perf::ITLB-LOADS -e perf::ITLB-LOAD-MISSES -e perf::LLC-LOADS -e perf::LLC-LOAD-MISSES -e PAPI_DP_OPS -e PAPI_VEC_DP -e PAPI_REF_CYC -e perf::L1-DCACHE-STORES -e perf::PERF_COUNT_SW_CONTEXT_SWITCHES -e perf::CONTEXT-SWITCHES -e PAPI_BR_INS -e clx::HW_INTERRUPTS -e PAPI_BR_TKN -e PAPI_BR_CN -e PAPI_BR_UCN -e PAPI_SP_OPS -e PAPI_VEC_SP -e PAPI_TOT_INS -e PAPI_BR_PRC -e PAPI_L2_TCM -e clx::RESOURCE_STALLS -e perf::DTLB-LOADS -e perf::DTLB-LOAD-MISSES -e perf::DTLB-STORES -e perf::DTLB-STORE-MISSES -e perf::LLC-STORES -e perf::LLC-STORE-MISSES -e perf::L1-DCACHE-LOADS -e perf::L1-DCACHE-LOAD-MISSES -e REALTIME -e IO","['/home/ec2-user/aws_data_collection/data/ec2-c5.metal/laghos/2db8524128e54b58d793eba3857b14ce', '/home/ec2-user/aws_data_collection/data/ec2-c5.metal/laghos/ba56aa999109801bf2c863dbf0f72a9b', '/home/ec2-user/aws_data_collection/data/ec2-c5.metal/laghos/f99c3c40bbba57f34cbbb54403fe3b27', '/home/ec2-user/aws_data_collection/data/ec2-c5.metal/laghos/d823aa9c963d2842de3a491533701ff3', '/home/ec2-user/aws_data_collection/data/ec2-c5.metal/laghos/f6febc1b135a06efe01bcba3cfe5bca2', '/home/ec2-user/aws_data_collection/data/ec2-c5.metal/laghos/b5359c25aacd2229388e24101fc61453', '/home/ec2-user/aws_data_collection/data/ec2-c5.metal/laghos/7d627ae726b304d1580b86e938fa6ab2', '/home/ec2-user/aws_data_collection/data/ec2-c5.metal/laghos/a6d83bc7acb305607024b65fb0d8e466', '/home/ec2-user/aws_data_collection/data/ec2-c5.metal/laghos/28020292fbb591c4d1c9d76cb82d15ef']",0.05,1.0,78.0,1.0,2.0,6.0,3123.0,11576.0,0.040084,2581.0,1.0,148.0,219.0,2000000.0,1.0,1855.0,2907.0,3993.0,9.0,2000000.0,9.0,2.0,""
"ec2-c5.metal","laghos","laghos","-p 3 -dim 3 -rs 2 -tf 3.5 ","32","ice4hpc","/home/ec2-user/spack/var/spack/environments/ice4hpc/.spack-env/view/bin/laghos","-e PAPI_DP_OPS -e PAPI_VEC_DP -e PAPI_REF_CYC -e clx::HW_INTERRUPTS -e PAPI_BR_TKN -e PAPI_BR_CN -e PAPI_BR_UCN -e perf::DTLB-LOADS -e perf::DTLB-LOAD-MISSES -e perf::DTLB-STORES -e perf::DTLB-STORE-MISSES -e REALTIME -e IO -e perf::ITLB-LOADS -e perf::ITLB-LOAD-MISSES -e perf::LLC-LOADS -e perf::LLC-LOAD-MISSES -e PAPI_BR_PRC -e PAPI_L2_TCM -e clx::RESOURCE_STALLS -e perf::L1-DCACHE-STORES -e perf::PERF_COUNT_SW_CONTEXT_SWITCHES -e perf::CONTEXT-SWITCHES -e PAPI_BR_INS -e PAPI_SP_OPS -e PAPI_VEC_SP -e PAPI_TOT_INS -e perf::LLC-STORES -e perf::LLC-STORE-MISSES -e perf::L1-DCACHE-LOADS -e perf::L1-DCACHE-LOAD-MISSES","['/home/ec2-user/aws_data_collection/data/ec2-c5.metal/laghos/de7dc907397fced91d166a0a9222a76e', '/home/ec2-user/aws_data_collection/data/ec2-c5.metal/laghos/ab2dab9065add2d982d744f449f86a6a', '/home/ec2-user/aws_data_collection/data/ec2-c5.metal/laghos/dbd0212e7607536fe92681046e22315d', '/home/ec2-user/aws_data_collection/data/ec2-c5.metal/laghos/51eb97f5a21c23d97cf8c3ab466a512a', '/home/ec2-user/aws_data_collection/data/ec2-c5.metal/laghos/bd2d546edcf35221aabd4cb2deff50d1', '/home/ec2-user/aws_data_collection/data/ec2-c5.metal/laghos/1d0266bd601c3a138d702fb9240cb4e2', '/home/ec2-user/aws_data_collection/data/ec2-c5.metal/laghos/e6f34e7386058beeb6c7cbdd159e77b4', '/home/ec2-user/aws_data_collection/data/ec2-c5.metal/laghos/e5708a64737630de6b0ad779066ab5ab', '/home/ec2-user/aws_data_collection/data/ec2-c5.metal/laghos/9544bada4e7e98c13b1ac30ae49b865c']",0.0333,1.0,443.0,2.0,2.0,2008.0,4291.0,11576.0,0.045531999999999996,4455.0,1.0,1.0,205.0,2000000.0,1.0,1.0,1982.0,1.0,9.0,2000000.0,9.0,2.0,""
"ec2-c5.metal","laghos","laghos","-p 3 -dim 3 -rs 2 -tf 3.5 -pa","1","ice4hpc","/home/ec2-user/spack/var/spack/environments/ice4hpc/.spack-env/view/bin/laghos","-e perf::LLC-STORES -e perf::LLC-STORE-MISSES -e perf::L1-DCACHE-LOADS -e perf::L1-DCACHE-LOAD-MISSES -e perf::DTLB-LOADS -e perf::DTLB-LOAD-MISSES -e perf::DTLB-STORES -e perf::DTLB-STORE-MISSES -e perf::ITLB-LOADS -e perf::ITLB-LOAD-MISSES -e perf::LLC-LOADS -e perf::LLC-LOAD-MISSES -e perf::L1-DCACHE-STORES -e perf::PERF_COUNT_SW_CONTEXT_SWITCHES -e perf::CONTEXT-SWITCHES -e PAPI_BR_INS -e PAPI_DP_OPS -e PAPI_VEC_DP -e PAPI_REF_CYC -e PAPI_BR_PRC -e PAPI_L2_TCM -e clx::RESOURCE_STALLS -e clx::HW_INTERRUPTS -e PAPI_BR_TKN -e PAPI_BR_CN -e PAPI_BR_UCN -e PAPI_SP_OPS -e PAPI_VEC_SP -e PAPI_TOT_INS -e REALTIME -e IO","['/home/ec2-user/aws_data_collection/data/ec2-c5.metal/laghos/0dd9e882a3a86336d6e95ec71679960c', '/home/ec2-user/aws_data_collection/data/ec2-c5.metal/laghos/0809b91256da1d38abfce5f48ae614cf', '/home/ec2-user/aws_data_collection/data/ec2-c5.metal/laghos/472f369e7ec6e8bdabf97d57c6182c60', '/home/ec2-user/aws_data_collection/data/ec2-c5.metal/laghos/cdf1eee81db1b0015371adec462a1aa2', '/home/ec2-user/aws_data_collection/data/ec2-c5.metal/laghos/c013e4b73f47cf4236e8101664d735cf', '/home/ec2-user/aws_data_collection/data/ec2-c5.metal/laghos/558af9f8c611a86152b6d5e45fc539fd', '/home/ec2-user/aws_data_collection/data/ec2-c5.metal/laghos/b3e41cda0e98d536348f3d236b55a7fd', '/home/ec2-user/aws_data_collection/data/ec2-c5.metal/laghos/88d1b6bf085bd4f4d4a0718695876d36', '/home/ec2-user/aws_data_collection/data/ec2-c5.metal/laghos/9a2977fed6bf852a80f6698690167e9d']",0.0333,1.0,112.0,1.0,2.0,6.0,3123.0,11576.0,0.040452,2113.0,1.0,268.0,218.0,2000000.0,3430.0,652.0,946.0,16831.0,9.0,2000000.0,9.0,1.0,""
"ec2-c5.metal","laghos","laghos","-p 3 -dim 3 -rs 2 -tf 3.5 -pa","32","ice4hpc","/home/ec2-user/spack/var/spack/environments/ice4hpc/.spack-env/view/bin/laghos","-e clx::HW_INTERRUPTS -e PAPI_BR_TKN -e PAPI_BR_CN -e PAPI_BR_UCN -e perf::ITLB-LOADS -e perf::ITLB-LOAD-MISSES -e perf::LLC-LOADS -e perf::LLC-LOAD-MISSES -e perf::L1-DCACHE-STORES -e perf::PERF_COUNT_SW_CONTEXT_SWITCHES -e perf::CONTEXT-SWITCHES -e PAPI_BR_INS -e PAPI_BR_PRC -e PAPI_L2_TCM -e clx::RESOURCE_STALLS -e PAPI_SP_OPS -e PAPI_VEC_SP -e PAPI_TOT_INS -e perf::DTLB-LOADS -e perf::DTLB-LOAD-MISSES -e perf::DTLB-STORES -e perf::DTLB-STORE-MISSES -e perf::LLC-STORES -e perf::LLC-STORE-MISSES -e perf::L1-DCACHE-LOADS -e perf::L1-DCACHE-LOAD-MISSES -e PAPI_DP_OPS -e PAPI_VEC_DP -e PAPI_REF_CYC -e REALTIME -e IO","['/home/ec2-user/aws_data_collection/data/ec2-c5.metal/laghos/bd2d7e3bd3a995acba78e4a17ab3bc28', '/home/ec2-user/aws_data_collection/data/ec2-c5.metal/laghos/b2f7198a0a2f7609a2e863be6bcaaef5', '/home/ec2-user/aws_data_collection/data/ec2-c5.metal/laghos/a37356e2119302a8aa5dc76fa89d40f3', '/home/ec2-user/aws_data_collection/data/ec2-c5.metal/laghos/05308b5ba3c9d6d323c2662b33ef3005', '/home/ec2-user/aws_data_collection/data/ec2-c5.metal/laghos/d7f3982395135d3e045886f5317f9096', '/home/ec2-user/aws_data_collection/data/ec2-c5.metal/laghos/a7670d115cc642b9cf8b19f7dce3ddc8', '/home/ec2-user/aws_data_collection/data/ec2-c5.metal/laghos/e185139de6a9885f67f8b04c0079d351', '/home/ec2-user/aws_data_collection/data/ec2-c5.metal/laghos/cd77d703c5a905b3cee62e2745cdbbca', '/home/ec2-user/aws_data_collection/data/ec2-c5.metal/laghos/a2f1b44089fe499d10f259f8573a972e']",0.0333,1.0,414.0,2.0,2.0,1301.0,4635.0,11576.0,0.04533600000000001,5034.0,1.0,1.0,208.0,2000000.0,3820.0,329.0,6239.0,19829.0,9.0,2000000.0,9.0,2.0,""
"ec2-c5.metal","laghos","laghos","-p 3 -dim 3 -rs 2 -tf 4 ","1","ice4hpc","/home/ec2-user/spack/var/spack/environments/ice4hpc/.spack-env/view/bin/laghos","-e perf::DTLB-LOADS -e perf::DTLB-LOAD-MISSES -e perf::DTLB-STORES -e perf::DTLB-STORE-MISSES -e perf::ITLB-LOADS -e perf::ITLB-LOAD-MISSES -e perf::LLC-LOADS -e perf::LLC-LOAD-MISSES -e PAPI_BR_PRC -e PAPI_L2_TCM -e clx::RESOURCE_STALLS -e perf::L1-DCACHE-STORES -e perf::PERF_COUNT_SW_CONTEXT_SWITCHES -e perf::CONTEXT-SWITCHES -e PAPI_BR_INS -e REALTIME -e IO -e PAPI_SP_OPS -e PAPI_VEC_SP -e PAPI_TOT_INS -e perf::LLC-STORES -e perf::LLC-STORE-MISSES -e perf::L1-DCACHE-LOADS -e perf::L1-DCACHE-LOAD-MISSES -e PAPI_DP_OPS -e PAPI_VEC_DP -e PAPI_REF_CYC -e clx::HW_INTERRUPTS -e PAPI_BR_TKN -e PAPI_BR_CN -e PAPI_BR_UCN","['/home/ec2-user/aws_data_collection/data/ec2-c5.metal/laghos/2ba62bebe43614692b5c5d7fd8ef2da5', '/home/ec2-user/aws_data_collection/data/ec2-c5.metal/laghos/df22f362b3c2607d805258f356f1345c', '/home/ec2-user/aws_data_collection/data/ec2-c5.metal/laghos/21260416e1f6c0d4b0dc56bae97c3733', '/home/ec2-user/aws_data_collection/data/ec2-c5.metal/laghos/10a634dc286fbe46f05a1b43d574be37', '/home/ec2-user/aws_data_collection/data/ec2-c5.metal/laghos/12edca5c97fb89ca41a22840ac7aa7d7', '/home/ec2-user/aws_data_collection/data/ec2-c5.metal/laghos/8e626b15403ecdd799d156255833fd99', '/home/ec2-user/aws_data_collection/data/ec2-c5.metal/laghos/3199c7043028cefdf0626f2319606bf9', '/home/ec2-user/aws_data_collection/data/ec2-c5.metal/laghos/941a3588889cb19dcfea73b804d67c73', '/home/ec2-user/aws_data_collection/data/ec2-c5.metal/laghos/53c38e4fee10f84f2acb43f13a435126']",0.05,1.0,91.0,1.0,2.0,1195.0,3131.0,11576.0,0.040065,2654.0,1.0,1.0,2.0,2000000.0,62.0,1023.0,2568.0,15969.0,"","","",2.0,""
"ec2-c5.metal","laghos","laghos","-p 3 -dim 3 -rs 2 -tf 4 ","32","ice4hpc","/home/ec2-user/spack/var/spack/environments/ice4hpc/.spack-env/view/bin/laghos","-e PAPI_SP_OPS -e PAPI_VEC_SP -e PAPI_TOT_INS -e perf::LLC-STORES -e perf::LLC-STORE-MISSES -e perf::L1-DCACHE-LOADS -e perf::L1-DCACHE-LOAD-MISSES -e clx::HW_INTERRUPTS -e PAPI_BR_TKN -e PAPI_BR_CN -e PAPI_BR_UCN -e PAPI_DP_OPS -e PAPI_VEC_DP -e PAPI_REF_CYC -e PAPI_BR_PRC -e PAPI_L2_TCM -e clx::RESOURCE_STALLS -e perf::ITLB-LOADS -e perf::ITLB-LOAD-MISSES -e perf::LLC-LOADS -e perf::LLC-LOAD-MISSES -e perf::L1-DCACHE-STORES -e perf::PERF_COUNT_SW_CONTEXT_SWITCHES -e perf::CONTEXT-SWITCHES -e PAPI_BR_INS -e REALTIME -e IO -e perf::DTLB-LOADS -e perf::DTLB-LOAD-MISSES -e perf::DTLB-STORES -e perf::DTLB-STORE-MISSES","['/home/ec2-user/aws_data_collection/data/ec2-c5.metal/laghos/ac00b9bbb0fa6413a1a96c4ad1fd156b', '/home/ec2-user/aws_data_collection/data/ec2-c5.metal/laghos/fc4492bf6156dc2d09bdc81fb9af01d1', '/home/ec2-user/aws_data_collection/data/ec2-c5.metal/laghos/9557bb3f7ce508cfc963c95719ea7b90', '/home/ec2-user/aws_data_collection/data/ec2-c5.metal/laghos/2b18f14070a54824b5c210543d1df741', '/home/ec2-user/aws_data_collection/data/ec2-c5.metal/laghos/cb0365d5c40b1f7abf2adbbcb5bf133e', '/home/ec2-user/aws_data_collection/data/ec2-c5.metal/laghos/c019f6820cbbb336dfe7ed8f406d24c1', '/home/ec2-user/aws_data_collection/data/ec2-c5.metal/laghos/80e15160da154da2b6006595cfecbb16', '/home/ec2-user/aws_data_collection/data/ec2-c5.metal/laghos/4bea922a5cae3153cdc934c8a41c867d', '/home/ec2-user/aws_data_collection/data/ec2-c5.metal/laghos/251884dd482e870e41c6cae8b555b803']",0.0333,1.0,2431.0,2.0,2.0,1166.0,4659.0,11576.0,0.045678,2767.0,1.0,168.0,30891.0,2000000.0,1510.0,973.0,3800.0,27265.0,9.0,2000000.0,9.0,1.0,""
