machine,app,args,ranks,duration,BR_INS,LD_INS,SR_INS,TOT_INS,L1_LDM,L1_STM,L2_LDM,L2_STM,FP_SINGLE,FP_DOUBLE,ARITH,IO Bytes Read,IO Bytes Written,MEM_WCY,REALTIME (sec),PM_MATH_FLOP_CMPL,L1-DCACHE-LOAD-MISSES,L1-ICACHE-LOAD-MISSES,Overhead
corona,comd,,1,0.0333,116000000.0,817920249.0,250494660.0,2014000000.0,73352868.0,-1.0,-1.0,-1.0,-1.0,-1.0,-1.0,293744.0,206264.0,354191814.0,0.475758,,,,1.5222420000000003
corona,comd,,1,0.0333,152000000.0,1082901656.0,328072104.0,2632000000.0,97475957.0,-1.0,-1.0,-1.0,-1.0,-1.0,-1.0,293744.0,206264.0,467561963.0,0.626035,,,,1.3719650000000003
corona,comd,,1,0.0333,24000000.0,127480053.0,37775452.0,364000000.0,13160240.0,-1.0,-1.0,-1.0,-1.0,-1.0,-1.0,293744.0,206264.0,51999570.0,0.080118,,,,1.9178820000000003
corona,comd,,1,0.0333,32000000.0,199051526.0,60620877.0,540000000.0,16826164.0,-1.0,-1.0,-1.0,-1.0,-1.0,-1.0,293744.0,206264.0,84157634.0,0.130132,,,,1.8678680000000003
corona,comd,,1,0.0333,46000000.0,305429475.0,93267420.0,786000000.0,29902380.0,-1.0,-1.0,-1.0,-1.0,-1.0,-1.0,293744.0,206264.0,128174319.0,0.18554600000000002,,,,1.8124540000000002
corona,comd,,1,0.0333,66000000.0,447124653.0,135856634.0,1124000000.0,35480597.0,-1.0,-1.0,-1.0,-1.0,-1.0,-1.0,293744.0,206264.0,187774654.0,0.26533700000000005,,,,1.732663
corona,comd,,1,0.0333,90000000.0,623901853.0,188433275.0,1538000000.0,50478511.0,-1.0,-1.0,-1.0,-1.0,-1.0,-1.0,293744.0,206264.0,262231228.0,0.3554480000000001,,,,1.6425520000000002
corona,cosmoflow,,1,0.0333,174000000.0,1243999995.0,369903260.0,2996000000.0,99505434.0,-1.0,-1.0,-1.0,-1.0,-1.0,-1.0,293744.0,206264.0,510810529.0,0.7239970000000001,,,,1.274003
corona,cosmoflow,,1,0.0333,222000000.0,1641082450.0,486812477.0,3922000000.0,144072994.0,-1.0,-1.0,-1.0,-1.0,-1.0,-1.0,293744.0,206264.0,679647798.0,0.906227,,,,1.0917730000000003
corona,cosmoflow,,1,0.0333,46000000.0,273303016.0,81125619.0,710000000.0,25726945.0,-1.0,-1.0,-1.0,-1.0,-1.0,-1.0,293744.0,206264.0,108912816.0,0.160165,,,,1.837835
corona,cosmoflow,,1,0.0333,62000000.0,414753548.0,123158270.0,1054000000.0,32615907.0,-1.0,-1.0,-1.0,-1.0,-1.0,-1.0,293740.0,206264.0,166699706.0,0.2451990000000001,,,,1.752801
corona,cosmoflow,,1,0.0333,90000000.0,622051113.0,185033944.0,1534000000.0,59361006.0,-1.0,-1.0,-1.0,-1.0,-1.0,-1.0,293744.0,206264.0,250497271.0,0.360797,,,,1.6372030000000002
corona,cosmoflow,,1,0.05,128000000.0,902122957.0,267941848.0,2190000000.0,70688423.0,-1.0,-1.0,-1.0,-1.0,-1.0,-1.0,293744.0,206264.0,366507257.0,0.50581,,,,2.49419
corona,cosmoflow,,1,0.05,294000000.0,2143222012.0,636855043.0,5128000000.0,191994253.0,-1.0,-1.0,-1.0,-1.0,-1.0,-1.0,293744.0,206264.0,901190710.0,1.1863620000000001,,,,1.8136379999999999
corona,deepcam,,1,0.2833,3192000000.0,24815098355.0,7236505734.0,58066000000.0,2372997120.0,-1.0,-1.0,-1.0,-1.0,-1.0,-1.0,293744.0,206264.0,10145602270.0,13.757675,,,,3.2403250000000003
corona,deepcam,,1,0.55,6480000000.0,51102421587.0,14907627127.0,119426000000.0,3760865311.0,-1.0,-1.0,-1.0,-1.0,-1.0,-1.0,293744.0,206264.0,22904753921.0,29.455886,,,,3.5441140000000004
corona,deepcam,,1,0.5,6126000000.0,48227774948.0,14066121224.0,112682000000.0,4230960205.0,-1.0,-1.0,-1.0,-1.0,-1.0,-1.0,293744.0,206264.0,21474519120.0,27.31921,,,,2.6807899999999982
corona,deepcam,,1,0.5666,6834000000.0,54045044569.0,15766992811.0,126268000000.0,5129841311.0,-1.0,-1.0,-1.0,-1.0,-1.0,-1.0,293744.0,206264.0,24585241397.0,31.130978000000002,,,,2.8650219999999997
corona,deepcam,,1,0.6166,7236000000.0,57244152378.0,16698716230.0,133712000000.0,4165194903.0,-1.0,-1.0,-1.0,-1.0,-1.0,-1.0,293744.0,206264.0,26225717936.0,33.375176,,,,3.620823999999999
corona,deepcam,,1,0.65,7626000000.0,60500757151.0,17651074963.0,141272000000.0,5301752032.0,-1.0,-1.0,-1.0,-1.0,-1.0,-1.0,293744.0,206264.0,27985241276.0,35.057181,,,,3.942819
corona,deepcam,,1,0.6833,8038000000.0,63830093331.0,18625717377.0,149046000000.0,4635271110.0,-1.0,-1.0,-1.0,-1.0,-1.0,-1.0,293744.0,206264.0,29760595873.0,37.485786,,,,3.5122140000000073
corona,deepcam,,1,0.7166,8440000000.0,67243796268.0,19630762856.0,156946000000.0,6310819760.0,-1.0,-1.0,-1.0,-1.0,-1.0,-1.0,293744.0,206264.0,31572081814.0,39.649967,,,,3.3460330000000056
corona,deepcam,,1,0.7833,8918000000.0,70970455808.0,20710623953.0,165678000000.0,5093219738.0,-1.0,-1.0,-1.0,-1.0,-1.0,-1.0,293744.0,206264.0,33425635965.0,42.158705,,,,4.839295
corona,deepcam,,1,0.85,9856000000.0,78618504216.0,22941238544.0,183500000000.0,5853281423.0,-1.0,-1.0,-1.0,-1.0,-1.0,-1.0,293746.0,206264.0,37548483654.0,47.187867,,,,3.812133000000003
corona,deepcam,,1,0.8833,10358000000.0,82673541234.0,24124497193.0,192962000000.0,7549205551.0,-1.0,-1.0,-1.0,-1.0,-1.0,-1.0,293744.0,206264.0,39999891672.0,49.28173099999999,,,,3.716269000000004
corona,deepcam,,1,0.8,9396000000.0,74768498107.0,21817901080.0,174576000000.0,6539420145.0,-1.0,-1.0,-1.0,-1.0,-1.0,-1.0,293744.0,206264.0,35551365538.0,43.976849,,,,4.023150999999999
corona,minigan,,1,0.0333,132000000.0,940088234.0,278372011.0,2280000000.0,88257529.0,-1.0,-1.0,-1.0,-1.0,-1.0,-1.0,293744.0,206264.0,378132220.0,0.526417,,,,1.4715830000000003
corona,minigan,,1,0.0333,258000000.0,1867627335.0,549525983.0,4454000000.0,148942954.0,-1.0,-1.0,-1.0,-1.0,-1.0,-1.0,293744.0,206264.0,761825662.0,1.0218639999999999,,,,0.9761360000000003
corona,minigan,,1,0.0333,68000000.0,416174990.0,122567505.0,1056000000.0,38287346.0,-1.0,-1.0,-1.0,-1.0,-1.0,-1.0,293744.0,206264.0,169319861.0,0.24024300000000004,,,,1.7577570000000002
corona,minigan,,1,0.0333,94000000.0,633022007.0,186627893.0,1566000000.0,49185033.0,-1.0,-1.0,-1.0,-1.0,-1.0,-1.0,293744.0,206264.0,254433108.0,0.360758,,,,1.637242
corona,minigan,,1,0.05,188000000.0,1346415058.0,399963678.0,3254000000.0,104954901.0,-1.0,-1.0,-1.0,-1.0,-1.0,-1.0,293744.0,206264.0,549558492.0,0.74133,,,,2.25867
corona,minigan,,1,0.05,330000000.0,2454864727.0,720971093.0,5832000000.0,214903235.0,-1.0,-1.0,-1.0,-1.0,-1.0,-1.0,293744.0,206264.0,1005768131.0,1.3468410000000002,,,,1.6531589999999998
corona,minigan,,1,0.05,434000000.0,3219784194.0,946790110.0,7624000000.0,286038375.0,-1.0,-1.0,-1.0,-1.0,-1.0,-1.0,293744.0,206264.0,1335607655.0,1.7528700000000002,,,,1.2471299999999998
corona,miniqmc,,1,0.0333,124000000.0,853955160.0,251122030.0,2078000000.0,65016053.0,-1.0,-1.0,-1.0,-1.0,-1.0,-1.0,293744.0,206264.0,342329139.0,0.4755680000000001,,,,1.5224320000000002
corona,miniqmc,,1,0.0333,176000000.0,1257541504.0,371643457.0,3028000000.0,117270712.0,-1.0,-1.0,-1.0,-1.0,-1.0,-1.0,293744.0,206264.0,504138266.0,0.7012959999999999,,,,1.2967040000000003
corona,miniqmc,,1,0.0333,250000000.0,1807856594.0,530895230.0,4320000000.0,140329736.0,-1.0,-1.0,-1.0,-1.0,-1.0,-1.0,293744.0,206264.0,721164987.0,0.981151,,,,1.0168490000000001
corona,miniqmc,,1,0.0333,90000000.0,562246406.0,165318684.0,1402000000.0,50830727.0,-1.0,-1.0,-1.0,-1.0,-1.0,-1.0,293744.0,206264.0,224487102.0,0.32047600000000004,,,,1.6775240000000002
corona,miniqmc,,1,0.05,342000000.0,2484911951.0,730704375.0,5912000000.0,197098134.0,-1.0,-1.0,-1.0,-1.0,-1.0,-1.0,293744.0,206264.0,1010053580.0,1.341749,,,,1.658251
corona,miniqmc,,1,0.05,438000000.0,3271314626.0,961753693.0,7742000000.0,286556216.0,-1.0,-1.0,-1.0,-1.0,-1.0,-1.0,293744.0,206264.0,1337585320.0,1.8025960000000003,,,,1.1974039999999997
corona,miniqmc,,1,0.0666,576000000.0,4286145334.0,1256545034.0,10120000000.0,376316817.0,-1.0,-1.0,-1.0,-1.0,-1.0,-1.0,293744.0,206264.0,1766726395.0,2.334196,,,,1.6618040000000005
corona,minitri,,1,0.0333,112000000.0,708928510.0,208567651.0,1746000000.0,64004705.0,-1.0,-1.0,-1.0,-1.0,-1.0,-1.0,293744.0,206264.0,281416298.0,0.395409,,,,1.6025910000000003
corona,minitri,,1,0.0333,154000000.0,1069818891.0,313957718.0,2592000000.0,81310482.0,-1.0,-1.0,-1.0,-1.0,-1.0,-1.0,293744.0,206264.0,424904729.0,0.5955069999999999,,,,1.4024930000000002
corona,minitri,,1,0.0333,218000000.0,1576217452.0,463152185.0,3776000000.0,146373115.0,-1.0,-1.0,-1.0,-1.0,-1.0,-1.0,293744.0,206264.0,625150262.0,0.8611820000000001,,,,1.136818
corona,minitri,,1,0.05,312000000.0,2265801454.0,664021727.0,5384000000.0,175212933.0,-1.0,-1.0,-1.0,-1.0,-1.0,-1.0,293744.0,206264.0,910260451.0,1.221575,,,,1.778425
corona,minitri,,1,0.05,424000000.0,3107430358.0,909748404.0,7370000000.0,246816142.0,-1.0,-1.0,-1.0,-1.0,-1.0,-1.0,293744.0,206264.0,1250885775.0,1.6978970000000002,,,,1.3021029999999998
corona,minitri,,1,0.0666,544000000.0,4085002791.0,1198201040.0,9652000000.0,358817884.0,-1.0,-1.0,-1.0,-1.0,-1.0,-1.0,293744.0,206264.0,1661325900.0,2.217922,,,,1.7780780000000003
corona,minitri,,1,0.0833,716000000.0,5343834470.0,1565399815.0,12614000000.0,474441974.0,-1.0,-1.0,-1.0,-1.0,-1.0,-1.0,293744.0,206264.0,2201950458.0,2.8886950000000002,,,,2.109305
corona-cpu,kripke.exe,--niter 10 --pmethod bj --groups 16 --legendre 0,1,0.0666,444000000.0,665884542.0,375056450.0,2046000000.0,63538758.0,-1.0,-1.0,-1.0,-1.0,-1.0,-1.0,538330.0,3059100.0,707388823.0,1.406057,,,,2.5899430000000008
corona-cpu,kripke.exe,--niter 10 --pmethod bj --groups 16 --legendre 1,1,0.05,438000000.0,672294542.0,378443244.0,2014000000.0,64233891.0,-1.0,-1.0,-1.0,-1.0,-1.0,-1.0,541418.0,3059100.0,739324398.0,1.433762,,,,1.566238
corona-cpu,kripke.exe,--niter 10 --pmethod bj --groups 16 --legendre 2,1,0.0666,466000000.0,704273892.0,384205894.0,2116000000.0,63245599.0,-1.0,-1.0,-1.0,-1.0,-1.0,-1.0,547488.0,3059100.0,785951358.0,1.5043090000000001,,,,2.4916910000000003
corona-cpu,kripke.exe,--niter 10 --pmethod bj --groups 16 --legendre 3,1,0.0666,484000000.0,739254312.0,392609055.0,2180000000.0,64570242.0,-1.0,-1.0,-1.0,-1.0,-1.0,-1.0,541370.0,3059100.0,858222348.0,1.6000949999999998,,,,2.395905000000001
corona-cpu,kripke.exe,--niter 10 --pmethod bj --groups 16 --legendre 4,1,0.0666,506000000.0,781914153.0,404183330.0,2260000000.0,65716949.0,-1.0,-1.0,-1.0,-1.0,-1.0,-1.0,539850.0,3059100.0,1002288569.0,1.595156,,,,2.400844
corona-cpu,kripke.exe,--niter 10 --pmethod bj --groups 32 --legendre 0,1,0.0666,554000000.0,938036122.0,548642070.0,2680000000.0,105503469.0,-1.0,-1.0,-1.0,-1.0,-1.0,-1.0,544448.0,3059100.0,1537226777.0,1.829793,,,,2.1662070000000004
corona-cpu,kripke.exe,--niter 10 --pmethod bj --groups 32 --legendre 1,1,0.0666,576000000.0,983959488.0,553777841.0,2746000000.0,103830226.0,-1.0,-1.0,-1.0,-1.0,-1.0,-1.0,545932.0,3059100.0,1620043345.0,1.9931009999999998,,,,2.0028990000000007
corona-cpu,kripke.exe,--niter 10 --pmethod bj --groups 32 --legendre 2,1,0.0666,604000000.0,1027157002.0,566777656.0,2844000000.0,106456554.0,-1.0,-1.0,-1.0,-1.0,-1.0,-1.0,547486.0,3059100.0,1703781747.0,1.9624759999999999,,,,2.0335240000000008
corona-cpu,kripke.exe,--niter 10 --pmethod bj --groups 32 --legendre 3,1,0.0666,664000000.0,1139542314.0,590994639.0,3054000000.0,107565856.0,-1.0,-1.0,-1.0,-1.0,-1.0,-1.0,542902.0,3059100.0,1968857960.0,2.3235050000000004,,,,1.672495
corona-cpu,kripke.exe,--niter 10 --pmethod bj --groups 32 --legendre 4,1,0.0666,726000000.0,1278044265.0,616531918.0,3258000000.0,111589558.0,-1.0,-1.0,-1.0,-1.0,-1.0,-1.0,541382.0,3059100.0,2223578627.0,2.2229740000000002,,,,1.7730260000000002
corona-cpu,kripke.exe,--niter 10 --pmethod bj --groups 8 --legendre 0,1,0.0666,386000000.0,557190150.0,295929811.0,1692000000.0,41545976.0,-1.0,-1.0,-1.0,-1.0,-1.0,-1.0,547500.0,3059100.0,470860035.0,1.2690130000000002,,,,2.7269870000000003
corona-cpu,kripke.exe,--niter 10 --pmethod bj --groups 8 --legendre 1,1,0.0666,388000000.0,563992642.0,1.0,1700000000.0,42840737.0,-1.0,-1.0,-1.0,-1.0,-1.0,-1.0,545583.0,3059100.0,476832030.0,1.2641459999999998,,,,2.7318540000000007
corona-cpu,kripke.exe,--niter 10 --pmethod bj --groups 8 --legendre 2,1,0.05,390000000.0,570824621.0,299990666.0,1710000000.0,41545149.0,-1.0,-1.0,-1.0,-1.0,-1.0,-1.0,547522.0,3059100.0,478080838.0,1.2742440000000002,,,,1.7257559999999998
corona-cpu,kripke.exe,--niter 10 --pmethod bj --groups 8 --legendre 3,1,0.05,404000000.0,592116476.0,304283194.0,1754000000.0,41212375.0,-1.0,-1.0,-1.0,-1.0,-1.0,-1.0,544434.0,3059100.0,544645787.0,1.295589,,,,1.704411
corona-cpu,kripke.exe,--niter 10 --pmethod bj --groups 8 --legendre 4,1,0.0666,412000000.0,606995847.0,309486113.0,1782000000.0,43379362.0,-1.0,-1.0,-1.0,-1.0,-1.0,-1.0,541370.0,3059100.0,560660927.0,1.3568959999999999,,,,2.6391040000000006
corona-cpu,kripke.exe,--niter 10 --pmethod sweep --groups 16 --legendre 0,1,0.05,414000000.0,557038158.0,281476304.0,1714000000.0,36352043.0,-1.0,-1.0,-1.0,-1.0,-1.0,-1.0,539850.0,3059100.0,576783658.0,1.331931,,,,1.668069
corona-cpu,kripke.exe,--niter 10 --pmethod sweep --groups 16 --legendre 1,1,0.05,420000000.0,571774491.0,287103284.0,1736000000.0,38568899.0,-1.0,-1.0,-1.0,-1.0,-1.0,-1.0,539850.0,3059100.0,601541613.0,1.350175,,,,1.649825
corona-cpu,kripke.exe,--niter 10 --pmethod sweep --groups 16 --legendre 2,1,0.05,436000000.0,599402395.0,290984992.0,1786000000.0,37166197.0,-1.0,-1.0,-1.0,-1.0,-1.0,-1.0,547474.0,3059100.0,659452766.0,1.4476390000000003,,,,1.5523609999999997
corona-cpu,kripke.exe,--niter 10 --pmethod sweep --groups 16 --legendre 3,1,0.05,456000000.0,636088842.0,300273590.0,1856000000.0,37778249.0,-1.0,-1.0,-1.0,-1.0,-1.0,-1.0,538318.0,3059100.0,741106064.0,1.588931,,,,1.411069
corona-cpu,kripke.exe,--niter 10 --pmethod sweep --groups 16 --legendre 4,1,0.0666,468000000.0,677946014.0,311327691.0,1878000000.0,39376178.0,-1.0,-1.0,-1.0,-1.0,-1.0,-1.0,542902.0,3059100.0,816656516.0,1.5481859999999998,,,,2.4478140000000006
corona-cpu,kripke.exe,--niter 10 --pmethod sweep --groups 32 --legendre 0,1,0.0666,500000000.0,729114192.0,354174849.0,2040000000.0,54254516.0,-1.0,-1.0,-1.0,-1.0,-1.0,-1.0,547498.0,3059100.0,1032705363.0,1.618808,,,,2.3771920000000004
corona-cpu,kripke.exe,--niter 10 --pmethod sweep --groups 32 --legendre 1,1,0.05,524000000.0,774740011.0,363569636.0,2126000000.0,53802916.0,-1.0,-1.0,-1.0,-1.0,-1.0,-1.0,539503.0,3059100.0,1120937797.0,1.713008,,,,1.286992
corona-cpu,kripke.exe,--niter 10 --pmethod sweep --groups 32 --legendre 2,1,0.0666,548000000.0,823770321.0,375438114.0,2210000000.0,56023432.0,-1.0,-1.0,-1.0,-1.0,-1.0,-1.0,547498.0,3059100.0,1236805705.0,1.7849700000000002,,,,2.21103
corona-cpu,kripke.exe,--niter 10 --pmethod sweep --groups 32 --legendre 3,1,0.0666,616000000.0,939295444.0,398475968.0,2426000000.0,57964329.0,-1.0,-1.0,-1.0,-1.0,-1.0,-1.0,545932.0,3059100.0,1451786734.0,1.988592,,,,2.0074080000000007
corona-cpu,kripke.exe,--niter 10 --pmethod sweep --groups 32 --legendre 4,1,0.0666,672000000.0,1062227966.0,423920332.0,2624000000.0,60683360.0,-1.0,-1.0,-1.0,-1.0,-1.0,-1.0,539838.0,3059100.0,1726191658.0,2.0430749999999995,,,,1.952925000000001
corona-cpu,kripke.exe,--niter 10 --pmethod sweep --groups 8 --legendre 0,1,0.05,366000000.0,496234591.0,246801011.0,1506000000.0,27363133.0,-1.0,-1.0,-1.0,-1.0,-1.0,-1.0,544458.0,3059100.0,406094532.0,1.2128860000000001,,,,1.7871139999999999
corona-cpu,kripke.exe,--niter 10 --pmethod sweep --groups 8 --legendre 1,1,0.05,368000000.0,505673068.0,249521703.0,1522000000.0,27606868.0,-1.0,-1.0,-1.0,-1.0,-1.0,-1.0,546002.0,3059100.0,413824601.0,1.223244,,,,1.776756
corona-cpu,kripke.exe,--niter 10 --pmethod sweep --groups 8 --legendre 2,1,0.0666,372000000.0,1.0,250963830.0,1532000000.0,27521481.0,-1.0,-1.0,-1.0,-1.0,-1.0,-1.0,541418.0,3059100.0,430347959.0,1.447158,,,,2.5488420000000005
corona-cpu,kripke.exe,--niter 10 --pmethod sweep --groups 8 --legendre 3,1,0.05,386000000.0,531127976.0,256204181.0,1576000000.0,27285378.0,-1.0,-1.0,-1.0,-1.0,-1.0,-1.0,539838.0,3059100.0,481370928.0,1.276701,,,,1.723299
corona-cpu,kripke.exe,--niter 10 --pmethod sweep --groups 8 --legendre 4,1,0.05,392000000.0,549287570.0,261080031.0,1604000000.0,28728781.0,-1.0,-1.0,-1.0,-1.0,-1.0,-1.0,544470.0,3059100.0,508902358.0,1.350956,,,,1.649044
corona-cpu,kripke.exe,--niter 15 --pmethod bj --groups 16 --legendre 0,1,0.0666,512000000.0,843438355.0,469433900.0,2410000000.0,85210703.0,-1.0,-1.0,-1.0,-1.0,-1.0,-1.0,547498.0,3059100.0,1002611123.0,1.6174839999999997,,,,2.3785160000000007
corona-cpu,kripke.exe,--niter 15 --pmethod bj --groups 16 --legendre 1,1,0.05,534000000.0,851256439.0,475876652.0,2500000000.0,88704345.0,-1.0,-1.0,-1.0,-1.0,-1.0,-1.0,542519.0,3059100.0,1064697977.0,1.6128600000000004,,,,1.3871399999999996
corona-cpu,kripke.exe,--niter 15 --pmethod bj --groups 16 --legendre 2,1,0.05,554000000.0,895770701.0,482940092.0,2568000000.0,86335207.0,-1.0,-1.0,-1.0,-1.0,-1.0,-1.0,539862.0,3059100.0,1127874774.0,1.736201,,,,1.263799
corona-cpu,kripke.exe,--niter 15 --pmethod bj --groups 16 --legendre 3,1,0.0666,584000000.0,943323360.0,495079339.0,2660000000.0,87340394.0,-1.0,-1.0,-1.0,-1.0,-1.0,-1.0,544458.0,3059100.0,1247387402.0,1.8220049999999999,,,,2.1739950000000006
corona-cpu,kripke.exe,--niter 15 --pmethod bj --groups 16 --legendre 4,1,0.0666,616000000.0,1016199505.0,512324914.0,2786000000.0,90666558.0,-1.0,-1.0,-1.0,-1.0,-1.0,-1.0,544448.0,3059100.0,1376313557.0,1.983496,,,,2.0125040000000007
corona-cpu,kripke.exe,--niter 15 --pmethod bj --groups 32 --legendre 0,1,0.0666,700000000.0,1233887199.0,721355328.0,3452000000.0,148503451.0,-1.0,-1.0,-1.0,-1.0,-1.0,-1.0,547498.0,3059100.0,2245814262.0,2.269776,,,,1.7262240000000006
corona-cpu,kripke.exe,--niter 15 --pmethod bj --groups 32 --legendre 1,1,0.0666,728000000.0,1288809985.0,731895628.0,3546000000.0,144879200.0,-1.0,-1.0,-1.0,-1.0,-1.0,-1.0,545932.0,3059100.0,2400241321.0,2.4245430000000003,,,,1.571457
corona-cpu,kripke.exe,--niter 15 --pmethod bj --groups 32 --legendre 2,1,0.0833,764000000.0,1373772258.0,754788289.0,3674000000.0,150516154.0,-1.0,-1.0,-1.0,-1.0,-1.0,-1.0,546002.0,3059100.0,2557868947.0,2.479705,,,,2.518295
corona-cpu,kripke.exe,--niter 15 --pmethod bj --groups 32 --legendre 3,1,0.0666,862000000.0,1549097249.0,788341408.0,4006000000.0,154495541.0,-1.0,-1.0,-1.0,-1.0,-1.0,-1.0,538318.0,3059100.0,2911811390.0,2.7363280000000003,,,,1.2596720000000001
corona-cpu,kripke.exe,--niter 15 --pmethod bj --groups 32 --legendre 4,1,0.0833,958000000.0,1725042859.0,825320349.0,4332000000.0,158260365.0,-1.0,-1.0,-1.0,-1.0,-1.0,-1.0,547486.0,3059100.0,3204344942.0,2.9303200000000014,,,,2.067679999999999
corona-cpu,kripke.exe,--niter 15 --pmethod bj --groups 8 --legendre 0,1,0.05,438000000.0,670477568.0,349583601.0,1942000000.0,53849241.0,-1.0,-1.0,-1.0,-1.0,-1.0,-1.0,539838.0,3059100.0,641183709.0,1.3885969999999999,,,,1.6114030000000001
corona-cpu,kripke.exe,--niter 15 --pmethod bj --groups 8 --legendre 1,1,0.05,444000000.0,676638540.0,352878838.0,1972000000.0,55608636.0,-1.0,-1.0,-1.0,-1.0,-1.0,-1.0,547486.0,3059100.0,677628995.0,1.372694,,,,1.627306
corona-cpu,kripke.exe,--niter 15 --pmethod bj --groups 8 --legendre 2,1,0.0666,450000000.0,677476976.0,352761888.0,1988000000.0,53785640.0,-1.0,-1.0,-1.0,-1.0,-1.0,-1.0,538330.0,3059100.0,696944090.0,1.419045,,,,2.5769550000000008
corona-cpu,kripke.exe,--niter 15 --pmethod bj --groups 8 --legendre 3,1,0.0666,470000000.0,720414496.0,362144189.0,2058000000.0,55170814.0,-1.0,-1.0,-1.0,-1.0,-1.0,-1.0,547115.0,3059100.0,780769139.0,1.510184,,,,2.4858160000000007
corona-cpu,kripke.exe,--niter 15 --pmethod bj --groups 8 --legendre 4,1,0.0666,482000000.0,743898273.0,369818239.0,2100000000.0,55172233.0,-1.0,-1.0,-1.0,-1.0,-1.0,-1.0,539850.0,3059100.0,818230313.0,1.5503709999999995,,,,2.445629000000001
corona-cpu,kripke.exe,--niter 15 --pmethod sweep --groups 16 --legendre 0,1,0.0666,478000000.0,671270258.0,323867723.0,1964000000.0,45816012.0,-1.0,-1.0,-1.0,-1.0,-1.0,-1.0,547488.0,3059100.0,823267925.0,1.521097,,,,2.4749030000000003
corona-cpu,kripke.exe,--niter 15 --pmethod sweep --groups 16 --legendre 1,1,0.05,486000000.0,684853857.0,330700133.0,2000000000.0,49767151.0,-1.0,-1.0,-1.0,-1.0,-1.0,-1.0,545932.0,3059100.0,870109430.0,1.5455580000000002,,,,1.4544419999999998
corona-cpu,kripke.exe,--niter 15 --pmethod sweep --groups 16 --legendre 2,1,0.05,508000000.0,726176141.0,338210181.0,2068000000.0,47206816.0,-1.0,-1.0,-1.0,-1.0,-1.0,-1.0,541382.0,3059100.0,947133718.0,1.6274480000000002,,,,1.3725519999999998
corona-cpu,kripke.exe,--niter 15 --pmethod sweep --groups 16 --legendre 3,1,0.0666,536000000.0,784392982.0,351720714.0,2166000000.0,51836886.0,-1.0,-1.0,-1.0,-1.0,-1.0,-1.0,541370.0,3059100.0,1023059721.0,1.7561930000000001,,,,2.2398070000000003
corona-cpu,kripke.exe,--niter 15 --pmethod sweep --groups 16 --legendre 4,1,0.0666,556000000.0,847073618.0,367694417.0,2222000000.0,51663263.0,-1.0,-1.0,-1.0,-1.0,-1.0,-1.0,539850.0,3059100.0,1207978753.0,1.796604,,,,2.199396
corona-cpu,kripke.exe,--niter 15 --pmethod sweep --groups 32 --legendre 0,1,0.0666,612000000.0,929182952.0,432996110.0,2480000000.0,73021601.0,-1.0,-1.0,-1.0,-1.0,-1.0,-1.0,547500.0,3059100.0,1525569663.0,1.995036,,,,2.0009640000000006
corona-cpu,kripke.exe,--niter 15 --pmethod sweep --groups 32 --legendre 1,1,0.0666,644000000.0,996607051.0,445458707.0,2578000000.0,73795006.0,-1.0,-1.0,-1.0,-1.0,-1.0,-1.0,539850.0,3059100.0,1631137921.0,2.056991,,,,1.9390090000000004
corona-cpu,kripke.exe,--niter 15 --pmethod sweep --groups 32 --legendre 2,1,0.0833,686000000.0,1079811494.0,464608122.0,2734000000.0,75424013.0,-1.0,-1.0,-1.0,-1.0,-1.0,-1.0,541382.0,3059100.0,1821254761.0,2.1335189999999997,,,,2.8644810000000005
corona-cpu,kripke.exe,--niter 15 --pmethod sweep --groups 32 --legendre 3,1,0.0833,780000000.0,1257500337.0,497700681.0,3042000000.0,78550328.0,-1.0,-1.0,-1.0,-1.0,-1.0,-1.0,539862.0,3059100.0,2178134031.0,2.4398910000000003,,,,2.558109
corona-cpu,kripke.exe,--niter 15 --pmethod sweep --groups 32 --legendre 4,1,0.0666,872000000.0,1428164285.0,535363387.0,3362000000.0,82826389.0,-1.0,-1.0,-1.0,-1.0,-1.0,-1.0,541418.0,3059100.0,2535405109.0,2.642588,,,,1.3534120000000005
corona-cpu,kripke.exe,--niter 15 --pmethod sweep --groups 8 --legendre 0,1,0.05,414000000.0,576068898.0,274314235.0,1684000000.0,32434017.0,-1.0,-1.0,-1.0,-1.0,-1.0,-1.0,544458.0,3059100.0,571871450.0,1.3352419999999998,,,,1.6647580000000002
corona-cpu,kripke.exe,--niter 15 --pmethod sweep --groups 8 --legendre 1,1,0.05,418000000.0,587215188.0,277344334.0,1704000000.0,34404556.0,-1.0,-1.0,-1.0,-1.0,-1.0,-1.0,547498.0,3059100.0,580668397.0,1.3365029999999998,,,,1.6634970000000002
corona-cpu,kripke.exe,--niter 15 --pmethod sweep --groups 8 --legendre 2,1,0.0666,426000000.0,599676482.0,279845646.0,1720000000.0,33473748.0,-1.0,-1.0,-1.0,-1.0,-1.0,-1.0,546002.0,3059100.0,615495641.0,1.3962009999999998,,,,2.599799000000001
corona-cpu,kripke.exe,--niter 15 --pmethod sweep --groups 8 --legendre 3,1,0.05,440000000.0,632623618.0,287669497.0,1780000000.0,33886095.0,-1.0,-1.0,-1.0,-1.0,-1.0,-1.0,538318.0,3059100.0,683831513.0,1.431725,,,,1.568275
corona-cpu,kripke.exe,--niter 15 --pmethod sweep --groups 8 --legendre 4,1,0.05,448000000.0,655485166.0,295074924.0,1824000000.0,35553595.0,-1.0,-1.0,-1.0,-1.0,-1.0,-1.0,544470.0,3059100.0,710116619.0,1.7169660000000002,,,,1.2830339999999998
corona-cpu,kripke.exe,--niter 40 --pmethod sweep --groups 16 --legendre 0,1,0.0833,792000000.0,1222144804.0,538836767.0,3194000000.0,97177065.0,-1.0,-1.0,-1.0,-1.0,-1.0,-1.0,539503.0,3059100.0,2053690210.0,2.379208,,,,2.618792
corona-cpu,kripke.exe,--niter 40 --pmethod sweep --groups 16 --legendre 1,1,0.0666,814000000.0,1275019016.0,559641467.0,3294000000.0,109529001.0,-1.0,-1.0,-1.0,-1.0,-1.0,-1.0,547500.0,3059100.0,2195577152.0,2.493036,,,,1.5029640000000004
corona-cpu,kripke.exe,--niter 40 --pmethod sweep --groups 16 --legendre 2,1,0.0833,862000000.0,1382127332.0,576568855.0,3420000000.0,99427543.0,-1.0,-1.0,-1.0,-1.0,-1.0,-1.0,541418.0,3059100.0,2402575881.0,2.671659,,,,2.326341
corona-cpu,kripke.exe,--niter 40 --pmethod sweep --groups 16 --legendre 3,1,0.0833,946000000.0,1534210395.0,610951701.0,3732000000.0,103425409.0,-1.0,-1.0,-1.0,-1.0,-1.0,-1.0,547476.0,3059100.0,2714013419.0,3.021458,,,,1.9765420000000002
corona-cpu,kripke.exe,--niter 40 --pmethod sweep --groups 16 --legendre 4,1,0.0833,1042000000.0,1696212363.0,653240808.0,4062000000.0,111006667.0,-1.0,-1.0,-1.0,-1.0,-1.0,-1.0,545932.0,3059100.0,3118025869.0,3.3538649999999994,,,,1.6441350000000008
corona-cpu,kripke.exe,--niter 40 --pmethod sweep --groups 32 --legendre 0,1,0.0833,1166000000.0,1915629676.0,820051968.0,4654000000.0,6448774.0,-1.0,-1.0,-1.0,-1.0,-1.0,-1.0,546002.0,3059100.0,3901037351.0,3.4568239999999997,,,,1.5411760000000005
corona-cpu,kripke.exe,--niter 40 --pmethod sweep --groups 32 --legendre 1,1,0.1,1270000000.0,2098973369.0,851745504.0,4984000000.0,166613828.0,-1.0,-1.0,-1.0,-1.0,-1.0,-1.0,547474.0,3059100.0,4205516877.0,3.9385490000000014,,,,2.0614509999999986
corona-cpu,kripke.exe,--niter 40 --pmethod sweep --groups 32 --legendre 2,1,0.1,1382000000.0,2294008035.0,900311516.0,5376000000.0,172976606.0,-1.0,-1.0,-1.0,-1.0,-1.0,-1.0,538314.0,3059100.0,4681673949.0,4.151756,,,,1.8482440000000002
corona-cpu,kripke.exe,--niter 40 --pmethod sweep --groups 32 --legendre 3,1,0.1,1622000000.0,2780555843.0,992901146.0,6182000000.0,175076366.0,-1.0,-1.0,-1.0,-1.0,-1.0,-1.0,539838.0,3059100.0,5625177678.0,4.705673,,,,1.294327
corona-cpu,kripke.exe,--niter 40 --pmethod sweep --groups 32 --legendre 4,1,0.1333,1880000000.0,3241205571.0,1090854236.0,7058000000.0,193253608.0,-1.0,-1.0,-1.0,-1.0,-1.0,-1.0,539850.0,3059100.0,6628127489.0,5.314816999999999,,,,2.6831830000000014
corona-cpu,kripke.exe,--niter 40 --pmethod sweep --groups 8 --legendre 0,1,0.0666,644000000.0,983952511.0,408773805.0,2566000000.0,60473848.0,-1.0,-1.0,-1.0,-1.0,-1.0,-1.0,547522.0,3059100.0,1366218098.0,1.9061240000000002,,,,2.0898760000000003
corona-cpu,kripke.exe,--niter 40 --pmethod sweep --groups 8 --legendre 1,1,0.0666,654000000.0,1009500324.0,418594366.0,2616000000.0,65530186.0,-1.0,-1.0,-1.0,-1.0,-1.0,-1.0,547488.0,3059100.0,1422250461.0,1.993141,,,,2.0028590000000004
corona-cpu,kripke.exe,--niter 40 --pmethod sweep --groups 8 --legendre 2,1,0.0666,670000000.0,1030813799.0,423892147.0,2664000000.0,62147932.0,-1.0,-1.0,-1.0,-1.0,-1.0,-1.0,539850.0,3059100.0,1489513973.0,2.085162,,,,1.9108380000000005
corona-cpu,kripke.exe,--niter 40 --pmethod sweep --groups 8 --legendre 3,1,0.0666,714000000.0,1126157876.0,443708197.0,2808000000.0,64389242.0,-1.0,-1.0,-1.0,-1.0,-1.0,-1.0,541382.0,3059100.0,1662189871.0,2.2395340000000004,,,,1.756466
corona-cpu,kripke.exe,--niter 40 --pmethod sweep --groups 8 --legendre 4,1,0.0666,748000000.0,1192966366.0,465555917.0,2938000000.0,67332976.0,-1.0,-1.0,-1.0,-1.0,-1.0,-1.0,542519.0,3059100.0,1792636060.0,2.383434,,,,1.6125660000000006
corona-cpu,kripke.exe,--niter 5 --pmethod bj --groups 16 --legendre 0,1,0.05,354000000.0,493846722.0,279894730.0,1574000000.0,39605521.0,-1.0,-1.0,-1.0,-1.0,-1.0,-1.0,538314.0,3059100.0,399880059.0,1.2120149999999998,,,,1.7879850000000002
corona-cpu,kripke.exe,--niter 5 --pmethod bj --groups 16 --legendre 1,1,0.05,356000000.0,499089555.0,282694039.0,1584000000.0,41836132.0,-1.0,-1.0,-1.0,-1.0,-1.0,-1.0,547476.0,3059100.0,412190679.0,1.2038979999999997,,,,1.7961020000000003
corona-cpu,kripke.exe,--niter 5 --pmethod bj --groups 16 --legendre 2,1,0.05,374000000.0,516175665.0,285882907.0,1666000000.0,40470503.0,-1.0,-1.0,-1.0,-1.0,-1.0,-1.0,539850.0,3059100.0,444753894.0,1.231817,,,,1.768183
corona-cpu,kripke.exe,--niter 5 --pmethod bj --groups 16 --legendre 3,1,0.05,382000000.0,1.0,289134129.0,1696000000.0,41058085.0,-1.0,-1.0,-1.0,-1.0,-1.0,-1.0,541382.0,3059100.0,481578408.0,1.2981,,,,1.7019
corona-cpu,kripke.exe,--niter 5 --pmethod bj --groups 16 --legendre 4,1,0.05,396000000.0,549908725.0,295014125.0,1736000000.0,42129217.0,-1.0,-1.0,-1.0,-1.0,-1.0,-1.0,547522.0,3059100.0,532821366.0,1.304553,,,,1.695447
corona-cpu,kripke.exe,--niter 5 --pmethod bj --groups 32 --legendre 0,1,0.05,414000000.0,629778778.0,368388440.0,1922000000.0,60454345.0,-1.0,-1.0,-1.0,-1.0,-1.0,-1.0,542519.0,3059100.0,807397663.0,1.413302,,,,1.586698
corona-cpu,kripke.exe,--niter 5 --pmethod bj --groups 32 --legendre 1,1,0.0666,426000000.0,646638369.0,373582581.0,1956000000.0,61694035.0,-1.0,-1.0,-1.0,-1.0,-1.0,-1.0,539850.0,3059100.0,855340261.0,1.442523,,,,2.5534770000000004
corona-cpu,kripke.exe,--niter 5 --pmethod bj --groups 32 --legendre 2,1,0.0666,440000000.0,680455191.0,379862443.0,2004000000.0,60034469.0,-1.0,-1.0,-1.0,-1.0,-1.0,-1.0,547486.0,3059100.0,904646058.0,1.51198,,,,2.48402
corona-cpu,kripke.exe,--niter 5 --pmethod bj --groups 32 --legendre 3,1,0.05,466000000.0,726534966.0,389061481.0,2094000000.0,63707082.0,-1.0,-1.0,-1.0,-1.0,-1.0,-1.0,547500.0,3059100.0,1012230627.0,1.635965,,,,1.364035
corona-cpu,kripke.exe,--niter 5 --pmethod bj --groups 32 --legendre 4,1,0.0666,502000000.0,788183537.0,402032727.0,2218000000.0,63144172.0,-1.0,-1.0,-1.0,-1.0,-1.0,-1.0,547488.0,3059100.0,1149759432.0,1.6386879999999997,,,,2.3573120000000007
corona-cpu,kripke.exe,--niter 5 --pmethod bj --groups 8 --legendre 0,1,0.05,332000000.0,445901097.0,242795348.0,1424000000.0,29930675.0,-1.0,-1.0,-1.0,-1.0,-1.0,-1.0,547115.0,3059100.0,274677923.0,1.118503,,,,1.881497
corona-cpu,kripke.exe,--niter 5 --pmethod bj --groups 8 --legendre 1,1,0.05,330000000.0,446517427.0,243857531.0,1432000000.0,30562266.0,-1.0,-1.0,-1.0,-1.0,-1.0,-1.0,547498.0,3059100.0,277673575.0,1.1218780000000002,,,,1.8781219999999998
corona-cpu,kripke.exe,--niter 5 --pmethod bj --groups 8 --legendre 2,1,0.0666,334000000.0,450440941.0,243771898.0,1434000000.0,28813643.0,-1.0,-1.0,-1.0,-1.0,-1.0,-1.0,547498.0,3059100.0,284592327.0,1.352782,,,,2.6432180000000005
corona-cpu,kripke.exe,--niter 5 --pmethod bj --groups 8 --legendre 3,1,0.05,340000000.0,464589925.0,246763929.0,1456000000.0,29359766.0,-1.0,-1.0,-1.0,-1.0,-1.0,-1.0,547486.0,3059100.0,310541280.0,1.1384230000000002,,,,1.8615769999999998
corona-cpu,kripke.exe,--niter 5 --pmethod bj --groups 8 --legendre 4,1,0.05,340000000.0,467912197.0,249225406.0,1460000000.0,28944091.0,-1.0,-1.0,-1.0,-1.0,-1.0,-1.0,538330.0,3059100.0,321609533.0,1.169145,,,,1.830855
corona-cpu,kripke.exe,--niter 5 --pmethod sweep --groups 16 --legendre 0,1,0.05,350000000.0,447441662.0,238604516.0,1464000000.0,26016440.0,-1.0,-1.0,-1.0,-1.0,-1.0,-1.0,539850.0,3059100.0,331314668.0,1.182823,,,,1.817177
corona-cpu,kripke.exe,--niter 5 --pmethod sweep --groups 16 --legendre 1,1,0.05,354000000.0,453934815.0,239997573.0,1482000000.0,27261217.0,-1.0,-1.0,-1.0,-1.0,-1.0,-1.0,547115.0,3059100.0,347410445.0,1.1663299999999999,,,,1.8336700000000001
corona-cpu,kripke.exe,--niter 5 --pmethod sweep --groups 16 --legendre 2,1,0.05,348000000.0,465834531.0,244115123.0,1446000000.0,26843285.0,-1.0,-1.0,-1.0,-1.0,-1.0,-1.0,547488.0,3059100.0,372357565.0,1.233832,,,,1.766168
corona-cpu,kripke.exe,--niter 5 --pmethod sweep --groups 16 --legendre 3,1,0.05,368000000.0,485929237.0,248281987.0,1532000000.0,26966357.0,-1.0,-1.0,-1.0,-1.0,-1.0,-1.0,538330.0,3059100.0,408670380.0,1.230302,,,,1.769698
corona-cpu,kripke.exe,--niter 5 --pmethod sweep --groups 16 --legendre 4,1,0.05,382000000.0,506185868.0,253269471.0,1576000000.0,27559372.0,-1.0,-1.0,-1.0,-1.0,-1.0,-1.0,539850.0,3059100.0,455857755.0,1.2894509999999997,,,,1.7105490000000003
corona-cpu,kripke.exe,--niter 5 --pmethod sweep --groups 32 --legendre 0,1,0.0666,386000000.0,533114671.0,276865826.0,1604000000.0,35569208.0,-1.0,-1.0,-1.0,-1.0,-1.0,-1.0,541382.0,3059100.0,551439035.0,1.310536,,,,2.6854640000000005
corona-cpu,kripke.exe,--niter 5 --pmethod sweep --groups 32 --legendre 1,1,0.05,400000000.0,554270368.0,281280351.0,1646000000.0,34098815.0,-1.0,-1.0,-1.0,-1.0,-1.0,-1.0,544446.0,3059100.0,593384507.0,1.365085,,,,1.634915
corona-cpu,kripke.exe,--niter 5 --pmethod sweep --groups 32 --legendre 2,1,0.0666,416000000.0,574452118.0,288920386.0,1694000000.0,36117061.0,-1.0,-1.0,-1.0,-1.0,-1.0,-1.0,541370.0,3059100.0,649345982.0,1.4244700000000001,,,,2.57153
corona-cpu,kripke.exe,--niter 5 --pmethod sweep --groups 32 --legendre 3,1,0.05,442000000.0,632684044.0,298533738.0,1790000000.0,37234819.0,-1.0,-1.0,-1.0,-1.0,-1.0,-1.0,538318.0,3059100.0,764455029.0,1.502413,,,,1.497587
corona-cpu,kripke.exe,--niter 5 --pmethod sweep --groups 32 --legendre 4,1,0.0666,472000000.0,688724086.0,311302519.0,1894000000.0,38732723.0,-1.0,-1.0,-1.0,-1.0,-1.0,-1.0,544448.0,3059100.0,872969279.0,1.59079,,,,2.4052100000000003
corona-cpu,kripke.exe,--niter 5 --pmethod sweep --groups 8 --legendre 0,1,0.0666,320000000.0,420942712.0,220237050.0,1334000000.0,21363885.0,-1.0,-1.0,-1.0,-1.0,-1.0,-1.0,547500.0,3059100.0,245196399.0,1.089813,,,,2.9061870000000005
corona-cpu,kripke.exe,--niter 5 --pmethod sweep --groups 8 --legendre 1,1,0.0666,322000000.0,417860187.0,221044145.0,1342000000.0,22214281.0,-1.0,-1.0,-1.0,-1.0,-1.0,-1.0,547500.0,3059100.0,254194353.0,1.114316,,,,2.8816840000000004
corona-cpu,kripke.exe,--niter 5 --pmethod sweep --groups 8 --legendre 2,1,0.05,322000000.0,427357203.0,223088049.0,1344000000.0,21848724.0,-1.0,-1.0,-1.0,-1.0,-1.0,-1.0,547522.0,3059100.0,260497427.0,1.1036540000000001,,,,1.8963459999999999
corona-cpu,kripke.exe,--niter 5 --pmethod sweep --groups 8 --legendre 3,1,0.05,328000000.0,435946823.0,224516724.0,1362000000.0,22125552.0,-1.0,-1.0,-1.0,-1.0,-1.0,-1.0,545583.0,3059100.0,285575871.0,1.1311749999999998,,,,1.8688250000000002
corona-cpu,kripke.exe,--niter 5 --pmethod sweep --groups 8 --legendre 4,1,0.05,334000000.0,443485559.0,227071294.0,1380000000.0,4352852.0,-1.0,-1.0,-1.0,-1.0,-1.0,-1.0,544434.0,3059100.0,301749014.0,1.1487840000000002,,,,1.8512159999999998
corona-cpu,laghos,-p 1 -dim 2 -rs 2 -tf 3.1,1,0.6833,2000000.0,3195266.0,926864.0,4000000.0,582931856.0,-1.0,-1.0,-1.0,-1.0,-1.0,-1.0,541372.0,3095720.0,75912082730.0,37.580613,,,,3.417387000000005
corona-cpu,laghos,-p 1 -dim 2 -rs 2 -tf 3.1 -pa,1,0.6833,2000000.0,43693204987.0,12489619546.0,4000000.0,551831218.0,-1.0,-1.0,-1.0,-1.0,-1.0,-1.0,538308.0,3095720.0,74892719265.0,37.205958,,,,3.792042000000002
corona-cpu,laghos,-p 1 -dim 2 -rs 2 -tf 3.2,1,0.7,2000000.0,44250330283.0,12735248866.0,12000000.0,600341430.0,-1.0,-1.0,-1.0,-1.0,-1.0,-1.0,538332.0,3096696.0,75900333045.0,38.299686,,,,3.7003139999999988
corona-cpu,laghos,-p 1 -dim 2 -rs 2 -tf 3.2 -pa,1,0.6833,6000000.0,7789445.0,12793974170.0,6000000.0,557509478.0,-1.0,-1.0,-1.0,-1.0,-1.0,-1.0,538308.0,3096696.0,76752211339.0,38.43825200000001,,,,2.559747999999992
corona-cpu,laghos,-p 1 -dim 2 -rs 2 -tf 3.3,1,0.7166,4000000.0,45647865839.0,13128905319.0,2000000.0,592517224.0,-1.0,-1.0,-1.0,-1.0,-1.0,-1.0,541336.0,3097672.0,79179253527.0,39.265613,,,,3.7303870000000003
corona-cpu,laghos,-p 1 -dim 2 -rs 2 -tf 3.3 -pa,1,0.7166,4000000.0,3850509.0,13116077667.0,6000000.0,625817932.0,-1.0,-1.0,-1.0,-1.0,-1.0,-1.0,544448.0,3097672.0,80490310088.0,39.05116399999999,,,,3.9448360000000093
corona-cpu,laghos,-p 1 -dim 2 -rs 2 -tf 3.4 -pa,1,0.7333,28528000000.0,46518228882.0,13461716622.0,8000000.0,2115785649.0,-1.0,-1.0,-1.0,-1.0,-1.0,-1.0,542880.0,3098587.0,82500910093.0,48.11305700000001,,,,-4.115057000000014
corona-cpu,laghos,-p 1 -dim 2 -rs 2 -tf 3.5,1,0.9,29214000000.0,3802931.0,13741751377.0,8000000.0,581486150.0,-1.0,-1.0,-1.0,-1.0,-1.0,-1.0,538296.0,3099563.0,11183934895.0,41.00275100000001,,,,12.99724899999999
corona-cpu,laghos,-p 1 -dim 2 -rs 2 -tf 3.5 -pa,1,0.75,4000000.0,47585159430.0,13720946086.0,6000000.0,615696675.0,-1.0,-1.0,-1.0,-1.0,-1.0,-1.0,539433.0,3099563.0,83752145945.0,41.40148,,,,3.5985200000000006
corona-cpu,laghos,-p 1 -dim 2 -rs 2 -tf 3.6,1,0.7833,4000000.0,49880585296.0,14251742348.0,6000000.0,613335769.0,-1.0,-1.0,-1.0,-1.0,-1.0,-1.0,547488.0,3100539.0,85583158696.0,42.153534,,,,4.844465999999997
corona-cpu,laghos,-p 1 -dim 2 -rs 2 -tf 3.6 -pa,1,0.7666,2000000.0,48719369879.0,14112124188.0,8000000.0,617956983.0,-1.0,-1.0,-1.0,-1.0,-1.0,-1.0,544424.0,3100539.0,87040231213.0,42.248967000000015,,,,3.7470329999999805
corona-cpu,laghos,-p 1 -dim 2 -rs 2 -tf 3.7,1,0.7833,4000000.0,1.0,14547733146.0,2000000.0,636912892.0,-1.0,-1.0,-1.0,-1.0,-1.0,-1.0,547464.0,3101454.0,88371256513.0,43.308649,,,,3.689350999999995
corona-cpu,laghos,-p 1 -dim 2 -rs 2 -tf 3.7 -pa,1,0.7833,30818000000.0,3961979.0,14455464855.0,6000000.0,687028018.0,-1.0,-1.0,-1.0,-1.0,-1.0,-1.0,541360.0,3101454.0,85981559549.0,43.02667599999999,,,,3.97132400000001
corona-cpu,laghos,-p 1 -dim 2 -rs 2 -tf 3.8,1,0.8,31414000000.0,3919770.0,14720858503.0,115328000000.0,692170533.0,-1.0,-1.0,-1.0,-1.0,-1.0,-1.0,539828.0,3102308.0,88124894013.0,44.135679,,,,3.864320999999997
corona-cpu,laghos,-p 1 -dim 2 -rs 2 -tf 3.8 -pa,1,0.8,6000000.0,3954146.0,14769556293.0,4000000.0,726823073.0,-1.0,-1.0,-1.0,-1.0,-1.0,-1.0,539481.0,3102308.0,90201493391.0,44.121596,,,,3.8784040000000033
corona-cpu,laghos,-p 1 -dim 2 -rs 2 -tf 3.9,1,0.8333,2000000.0,52330628493.0,15092492048.0,8000000.0,306720.0,-1.0,-1.0,-1.0,-1.0,-1.0,-1.0,544448.0,3103223.0,90751299423.0,45.47657500000001,,,,4.521424999999994
corona-cpu,laghos,-p 1 -dim 2 -rs 2 -tf 3.9 -pa,1,0.8166,32022000000.0,52133541207.0,15311008623.0,8000000.0,710801261.0,-1.0,-1.0,-1.0,-1.0,-1.0,-1.0,539872.0,3103223.0,92507029958.0,45.13941000000001,,,,3.85658999999999
corona-cpu,laghos,-p 1 -dim 2 -rs 2 -tf 3 -pa,1,0.6666,25814000000.0,3909139.0,12178975013.0,6000000.0,578134118.0,-1.0,-1.0,-1.0,-1.0,-1.0,-1.0,538284.0,3094742.0,73519063539.0,36.42725100000001,,,,3.5687489999999826
corona-cpu,laghos,-p 1 -dim 2 -rs 2 -tf 4,1,0.8333,2000000.0,3989064.0,15453925687.0,6000000.0,700138918.0,-1.0,-1.0,-1.0,-1.0,-1.0,-1.0,538320.0,3104075.0,93053153421.0,46.042481,,,,3.9555190000000024
corona-cpu,laghos,-p 1 -dim 2 -rs 2 -tf 4.1,1,0.85,8000000.0,55300529764.0,15800152777.0,8000000.0,176818.0,-1.0,-1.0,-1.0,-1.0,-1.0,-1.0,541372.0,3105312.0,5715429567.0,47.180153,,,,3.819847000000003
corona-cpu,laghos,-p 1 -dim 2 -rs 2 -tf 4.1 -pa,1,0.85,4000000.0,54793921374.0,15811012966.0,14000000.0,573926.0,-1.0,-1.0,-1.0,-1.0,-1.0,-1.0,538332.0,3105312.0,95792730687.0,47.25509,,,,3.7449099999999973
corona-cpu,laghos,-p 1 -dim 2 -rs 2 -tf 4.2,1,0.8833,35088000000.0,56219844547.0,16320490274.0,6000000.0,767088071.0,-1.0,-1.0,-1.0,-1.0,-1.0,-1.0,541396.0,3106837.0,99578230901.0,48.783629,,,,4.214371
corona-cpu,laghos,-p 1 -dim 2 -rs 2 -tf 4.2 -pa,1,0.8833,10000000.0,3891560.0,1100189.0,128254000000.0,6779.0,-1.0,-1.0,-1.0,-1.0,-1.0,-1.0,544448.0,3106837.0,87578355493.0,48.57705399999999,,,,4.420946000000008
corona-cpu,laghos,-p 1 -dim 2 -rs 2 -tf 4.3,1,1.0833,2000000.0,3914605.0,16881191782.0,20000000.0,791809225.0,-1.0,-1.0,-1.0,-1.0,-1.0,-1.0,544400.0,3108362.0,102432069771.0,50.427458,,,,14.570541999999989
corona-cpu,laghos,-p 1 -dim 2 -rs 2 -tf 4.3 -pa,1,0.9166,2000000.0,58386256248.0,16876879070.0,16000000.0,778314209.0,-1.0,-1.0,-1.0,-1.0,-1.0,-1.0,538296.0,3108362.0,104145678557.0,49.80584699999999,,,,5.190153000000002
corona-cpu,laghos,-p 1 -dim 2 -rs 2 -tf 4.4,1,0.9333,2000000.0,60378395256.0,17423473963.0,136136000000.0,2801340430.0,-1.0,-1.0,-1.0,-1.0,-1.0,-1.0,547464.0,3109887.0,105200404237.0,52.06797499999999,,,,3.9300250000000148
corona-cpu,laghos,-p 1 -dim 2 -rs 2 -tf 4.4 -pa,1,1.1,2000000.0,60708827865.0,17467309156.0,14000000.0,629285.0,-1.0,-1.0,-1.0,-1.0,-1.0,-1.0,536764.0,3109887.0,14366675665.0,51.95238,,,,14.047620000000002
corona-cpu,laghos,-p 1 -dim 2 -rs 2 -tf 4.5,1,0.95,4000000.0,3992298.0,18027009193.0,6000000.0,836704458.0,-1.0,-1.0,-1.0,-1.0,-1.0,-1.0,542892.0,3111412.0,109938226299.0,53.803096999999994,,,,3.196903000000006
corona-cpu,laghos,-p 1 -dim 2 -rs 2 -tf 4.5 -pa,1,0.9666,4000000.0,63027174375.0,17998595552.0,8000000.0,839068772.0,-1.0,-1.0,-1.0,-1.0,-1.0,-1.0,547476.0,3111412.0,110524916695.0,53.49023599999999,,,,4.505764000000013
corona-cpu,laghos,-p 1 -dim 2 -rs 2 -tf 4.6,1,0.9833,4000000.0,65036779254.0,18451790073.0,12000000.0,890100378.0,-1.0,-1.0,-1.0,-1.0,-1.0,-1.0,544424.0,3112693.0,99086827021.0,54.73022,,,,4.267779999999995
corona-cpu,laghos,-p 1 -dim 2 -rs 2 -tf 4.6 -pa,1,1.0,2000000.0,3923892.0,18510143675.0,6000000.0,6505.0,-1.0,-1.0,-1.0,-1.0,-1.0,-1.0,544424.0,3112693.0,112343633058.0,54.92176200000001,,,,5.078237999999992
corona-cpu,laghos,-p 1 -dim 2 -rs 2 -tf 4.7,1,1.0,6000000.0,3171747.0,19137534408.0,8000000.0,868107996.0,-1.0,-1.0,-1.0,-1.0,-1.0,-1.0,538308.0,3113791.0,112813321393.0,55.938019,,,,4.061981000000003
corona-cpu,laghos,-p 1 -dim 2 -rs 2 -tf 4.7 -pa,1,1.0166,4000000.0,65659178528.0,18735963127.0,4000000.0,917160959.0,-1.0,-1.0,-1.0,-1.0,-1.0,-1.0,538296.0,3113791.0,114648473838.0,55.908819,,,,5.087180999999994
corona-cpu,laghos,-p 1 -dim 2 -rs 2 -tf 4.8,1,1.0166,8000000.0,65940412436.0,19026047227.0,10000000.0,910549975.0,-1.0,-1.0,-1.0,-1.0,-1.0,-1.0,541396.0,3114706.0,114329028003.0,57.07029999999998,,,,3.9257000000000133
corona-cpu,laghos,-p 1 -dim 2 -rs 2 -tf 4.8 -pa,1,1.0,6000000.0,66757249004.0,19143726741.0,16000000.0,371717.0,-1.0,-1.0,-1.0,-1.0,-1.0,-1.0,539481.0,3114706.0,116787831478.0,56.875533999999995,,,,3.1244660000000053
corona-cpu,laghos,-p 1 -dim 2 -rs 2 -tf 4.9,1,1.0333,4000000.0,68280496386.0,19511388640.0,8000000.0,2215398535.0,-1.0,-1.0,-1.0,-1.0,-1.0,-1.0,539816.0,3115621.0,117956675695.0,57.52115599999999,,,,4.476844000000014
corona-cpu,laghos,-p 1 -dim 2 -rs 2 -tf 4.9 -pa,1,1.05,6000000.0,3953539.0,19369621333.0,4000000.0,1189478.0,-1.0,-1.0,-1.0,-1.0,-1.0,-1.0,541396.0,3115621.0,117510955419.0,58.01319599999999,,,,4.9868040000000065
corona-cpu,laghos,-p 1 -dim 2 -rs 2 -tf 4 -pa,1,0.8333,32878000000.0,53720524163.0,15368829448.0,120552000000.0,688610478.0,-1.0,-1.0,-1.0,-1.0,-1.0,-1.0,547464.0,3104075.0,94250561497.0,45.86938600000001,,,,4.128613999999992
corona-cpu,laghos,-p 1 -dim 2 -rs 2 -tf 5,1,1.0666,2000000.0,3916629.0,19645912000.0,6000000.0,872882839.0,-1.0,-1.0,-1.0,-1.0,-1.0,-1.0,542497.0,3116534.0,119134306477.0,58.543939,,,,5.4520610000000005
corona-cpu,laghos,-p 1 -dim 2 -rs 2 -tf 5.5 -pa,1,1.1166,4000000.0,3844019.0,20963821167.0,10000000.0,3281677454.0,-1.0,-1.0,-1.0,-1.0,-1.0,-1.0,541396.0,3120257.0,127854219612.0,62.77961199999998,,,,4.2163880000000304
corona-cpu,laghos,-p 1 -dim 2 -rs 2 -tf 5 -pa,1,1.05,4000000.0,69274402146.0,19817886568.0,8000000.0,927539981.0,-1.0,-1.0,-1.0,-1.0,-1.0,-1.0,547093.0,3116534.0,119332509966.0,58.899159,,,,4.100841000000003
corona-cpu,laghos,-p 1 -dim 2 -rs 3 -tf 3.1,1,1.4666,8000000.0,3928682.0,27086604930.0,20000000.0,677106.0,-1.0,-1.0,-1.0,-1.0,-1.0,-1.0,547464.0,3131707.0,170140122261.0,82.05288,,,,5.943119999999993
corona-cpu,laghos,-p 1 -dim 2 -rs 3 -tf 3,1,1.4166,4000000.0,94217548989.0,26256933229.0,32000000.0,1141185595.0,-1.0,-1.0,-1.0,-1.0,-1.0,-1.0,547476.0,3129753.0,165954155139.0,79.75244199999996,,,,5.24355800000005
corona-cpu,laghos,-p 1 -dim 2 -rs 3 -tf 3.1 -pa,1,1.4666,4000000.0,97984889595.0,26964312341.0,28000000.0,801857.0,-1.0,-1.0,-1.0,-1.0,-1.0,-1.0,538308.0,3131707.0,173251762352.0,82.39100400000002,,,,5.6049959999999714
corona-cpu,laghos,-p 1 -dim 2 -rs 3 -tf 3.2,1,1.4833,16000000.0,100753357170.0,27810298845.0,22000000.0,537425.0,-1.0,-1.0,-1.0,-1.0,-1.0,-1.0,547440.0,3133476.0,176487433302.0,84.361292,,,,4.636707999999999
corona-cpu,laghos,-p 1 -dim 2 -rs 3 -tf 3.4 -pa,1,1.55,4000000.0,105607704901.0,28945361688.0,22000000.0,1225608057.0,-1.0,-1.0,-1.0,-1.0,-1.0,-1.0,545944.0,3136647.0,182379633168.0,104.00573899999998,,,,-11.005738999999977
corona-cpu,laghos,-p 1 -dim 2 -rs 3 -tf 3.5 -pa,1,1.5833,8000000.0,11802526.0,29596156563.0,12000000.0,1359699661.0,-1.0,-1.0,-1.0,-1.0,-1.0,-1.0,541348.0,3138112.0,188379752982.0,89.28938000000002,,,,5.708619999999968
corona-cpu,laghos,-p 1 -dim 2 -rs 3 -tf 3.7,1,1.6333,6000000.0,7778655.0,1089066.0,24000000.0,1458507363.0,-1.0,-1.0,-1.0,-1.0,-1.0,-1.0,538296.0,3140979.0,194793411673.0,93.05106499999997,,,,4.946935000000039
corona-cpu,laghos,-p 1 -dim 2 -rs 3 -tf 3.7 -pa,1,1.6333,8000000.0,8241843.0,30535348492.0,22000000.0,4742586941.0,-1.0,-1.0,-1.0,-1.0,-1.0,-1.0,539828.0,3140979.0,22952960024.0,92.196547,,,,5.801453000000009
corona-cpu,laghos,-p 1 -dim 2 -rs 3 -tf 3.8 -pa,1,1.6666,12000000.0,111552262856.0,31052998980.0,26000000.0,1403700960.0,-1.0,-1.0,-1.0,-1.0,-1.0,-1.0,544424.0,3142443.0,5898040.0,94.540164,,,,5.455836000000005
corona-cpu,laghos,-p 1 -dim 2 -rs 3 -tf 3.9 -pa,1,1.6833,4000000.0,115159369740.0,31717864996.0,16000000.0,412678.0,-1.0,-1.0,-1.0,-1.0,-1.0,-1.0,538332.0,3143926.0,175160479967.0,95.85315799999998,,,,5.1448420000000255
corona-cpu,laghos,-p 1 -dim 2 -rs 3 -tf 3 -pa,1,1.4166,12000000.0,3991851.0,26269513703.0,26000000.0,1212309426.0,-1.0,-1.0,-1.0,-1.0,-1.0,-1.0,547476.0,3129753.0,165894749624.0,79.90815099999998,,,,5.087849000000034
corona-cpu,laghos,-p 1 -dim 2 -rs 3 -tf 4,1,1.7666,71796000000.0,3332615.0,33627904459.0,42000000.0,297059.0,-1.0,-1.0,-1.0,-1.0,-1.0,-1.0,538284.0,3147149.0,186008238549.0,99.50870700000002,,,,6.48729299999998
corona-cpu,laghos,-p 1 -dim 2 -rs 3 -tf 4.1 -pa,1,1.85,10000000.0,12023496.0,1087019.0,32000000.0,1747749803.0,-1.0,-1.0,-1.0,-1.0,-1.0,-1.0,544424.0,3151806.0,219144295334.0,104.50362399999996,,,,6.496376000000041
corona-cpu,laghos,-p 1 -dim 2 -rs 3 -tf 4.3 -pa,1,2.0666,16000000.0,4038946.0,39025323481.0,58000000.0,1793337064.0,-1.0,-1.0,-1.0,-1.0,-1.0,-1.0,547093.0,3163173.0,27688161778.0,117.66249999999997,,,,6.333500000000043
corona-cpu,laghos,-p 1 -dim 2 -rs 3 -tf 4.4,1,2.2,4000000.0,3979202.0,2209508.0,22000000.0,1839825126.0,-1.0,-1.0,-1.0,-1.0,-1.0,-1.0,547476.0,3169028.0,263891708522.0,149.44053699999995,,,,-17.44053699999995
corona-cpu,laghos,-p 1 -dim 2 -rs 3 -tf 4.4 -pa,1,2.1833,6000000.0,11977263.0,41144659490.0,26000000.0,1848109829.0,-1.0,-1.0,-1.0,-1.0,-1.0,-1.0,547452.0,3169029.0,28293486575.0,124.95127099999998,,,,6.046729000000013
corona-cpu,laghos,-p 1 -dim 2 -rs 3 -tf 4.5,1,2.2833,18000000.0,7743742.0,42627321915.0,28000000.0,1908666675.0,-1.0,-1.0,-1.0,-1.0,-1.0,-1.0,539804.0,3173665.0,247856685386.0,129.56734899999998,,,,7.43065100000004
corona-cpu,laghos,-p 1 -dim 2 -rs 3 -tf 4.5 -pa,1,2.2833,8000000.0,4044885.0,42791199812.0,28000000.0,2002225582.0,-1.0,-1.0,-1.0,-1.0,-1.0,-1.0,547464.0,3173665.0,271619094892.0,129.99828,,,,6.999720000000025
corona-cpu,laghos,-p 1 -dim 2 -rs 3 -tf 4.6,1,2.35,12000000.0,4078710.0,43850359180.0,36000000.0,575424.0,-1.0,-1.0,-1.0,-1.0,-1.0,-1.0,547500.0,3176898.0,283748325120.0,134.10126899999997,,,,6.898731000000026
corona-cpu,laghos,-p 1 -dim 2 -rs 3 -tf 4.6 -pa,1,2.3166,16000000.0,3937238.0,1091895.0,32000000.0,1130656.0,-1.0,-1.0,-1.0,-1.0,-1.0,-1.0,539840.0,3176898.0,284467722896.0,134.10065299999994,,,,4.895347000000072
corona-cpu,laghos,-p 1 -dim 2 -rs 3 -tf 4.7 -pa,1,2.3833,8000000.0,7931071.0,44982162772.0,44000000.0,1983632244.0,-1.0,-1.0,-1.0,-1.0,-1.0,-1.0,545980.0,3179334.0,286247312806.0,162.6345739999999,,,,-19.636573999999882
corona-cpu,laghos,-p 1 -dim 2 -rs 3 -tf 4.8 -pa,1,2.45,12000000.0,4023779.0,46221894099.0,50000000.0,913724.0,-1.0,-1.0,-1.0,-1.0,-1.0,-1.0,538284.0,3182831.0,33667581776.0,140.01806399999998,,,,6.981936000000019
corona-cpu,laghos,-p 1 -dim 2 -rs 3 -tf 4.9,1,2.55,12000000.0,3891513.0,48042641190.0,44000000.0,942469.0,-1.0,-1.0,-1.0,-1.0,-1.0,-1.0,538308.0,3186937.0,301107887553.0,145.14441200000005,,,,7.855587999999955
corona-cpu,laghos,-p 1 -dim 2 -rs 3 -tf 4 -pa,1,1.75,4000000.0,120588906963.0,33118128627.0,32000000.0,1583346650.0,-1.0,-1.0,-1.0,-1.0,-1.0,-1.0,538296.0,3147149.0,209288746600.0,98.919871,,,,6.0801289999999995
corona-cpu,laghos,-p 1 -dim 2 -rs 3 -tf 5,1,2.6166,20000000.0,8426174.0,49677798037.0,46000000.0,2269144855.0,-1.0,-1.0,-1.0,-1.0,-1.0,-1.0,544424.0,3191022.0,314630212396.0,150.03932300000002,,,,6.956676999999985
corona-cpu,laghos,-p 1 -dim 2 -rs 3 -tf 5.5 -pa,1,2.9333,10000000.0,3310515.0,56560080725.0,52000000.0,174596.0,-1.0,-1.0,-1.0,-1.0,-1.0,-1.0,542880.0,3206761.0,354231045251.0,199.405428,,,,-23.40742800000001
corona-cpu,laghos,-p 1 -dim 3 -rs 1 -tf 3.5,1,0.85,2000000.0,56013764173.0,14982618602.0,4000000.0,2249846224.0,-1.0,-1.0,-1.0,-1.0,-1.0,-1.0,539840.0,3082785.0,98932397312.0,46.78850599999999,,,,4.211494000000009
corona-cpu,laghos,-p 1 -dim 3 -rs 1 -tf 3.5 -pa,1,0.85,33480000000.0,56315863903.0,15033350135.0,4000000.0,2264274215.0,-1.0,-1.0,-1.0,-1.0,-1.0,-1.0,538308.0,3082785.0,87576370671.0,46.788398,,,,4.211601999999999
corona-cpu,laghos,-p 1 -dim 3 -rs 1 -tf 3 -pa,1,0.6833,2000000.0,44427354938.0,11985647232.0,2000000.0,523608071.0,-1.0,-1.0,-1.0,-1.0,-1.0,-1.0,535220.0,3078456.0,79605839279.0,43.989369,,,,-2.991368999999999
corona-cpu,laghos,-p 1 -dim 3 -rs 1 -tf 4,1,1.0333,4000000.0,4004038.0,18482751073.0,6000000.0,2772165915.0,-1.0,-1.0,-1.0,-1.0,-1.0,-1.0,539816.0,3087968.0,111913868237.0,57.48248399999999,,,,4.515516000000012
corona-cpu,laghos,-p 1 -dim 3 -rs 1 -tf 4.5,1,1.2,4000000.0,4059994.0,1068813.0,174876000000.0,968575570.0,-1.0,-1.0,-1.0,-1.0,-1.0,-1.0,547452.0,3092362.0,140527270524.0,77.39537800000002,,,,-5.395378000000022
corona-cpu,laghos,-p 1 -dim 3 -rs 1 -tf 4.5 -pa,1,1.2,4000000.0,80582571180.0,21518708427.0,8000000.0,3347934119.0,-1.0,-1.0,-1.0,-1.0,-1.0,-1.0,541348.0,3092362.0,131070399752.0,66.73852800000002,,,,5.2614719999999835
corona-cpu,laghos,-p 1 -dim 3 -rs 1 -tf 4 -pa,1,1.0333,41664000000.0,4182102.0,18554274975.0,8000000.0,2824748615.0,-1.0,-1.0,-1.0,-1.0,-1.0,-1.0,542497.0,3087968.0,121710877620.0,57.30665799999999,,,,4.691342000000013
corona-cpu,laghos,-p 1 -dim 3 -rs 1 -tf 5,1,1.3166,54146000000.0,90501340996.0,24060798590.0,4000000.0,1058946715.0,-1.0,-1.0,-1.0,-1.0,-1.0,-1.0,539421.0,3096203.0,158959918973.0,74.777171,,,,4.2188289999999995
corona-cpu,laghos,-p 1 -dim 3 -rs 1 -tf 5.5,1,1.4333,2000000.0,98082626424.0,26151367867.0,2000000.0,1085683462.0,-1.0,-1.0,-1.0,-1.0,-1.0,-1.0,547464.0,3099499.0,153883479461.0,81.043102,,,,4.954898
corona-cpu,laghos,-p 1 -dim 3 -rs 1 -tf 5.5 -pa,1,1.45,58386000000.0,7938559.0,25995252347.0,10000000.0,2798710983.0,-1.0,-1.0,-1.0,-1.0,-1.0,-1.0,538308.0,3099499.0,168288628195.0,81.24187200000001,,,,5.758127999999985
corona-cpu,laghos,-p 1 -dim 3 -rs 1 -tf 5 -pa,1,1.3333,4000000.0,4072922.0,24190936776.0,8000000.0,3722364632.0,-1.0,-1.0,-1.0,-1.0,-1.0,-1.0,547464.0,3096203.0,158742766808.0,74.79638100000003,,,,5.201618999999965
corona-cpu,laghos,-p 1 -dim 3 -rs 2 -tf 3,1,2.1833,6000000.0,168966795895.0,38620525465.0,6000000.0,342645.0,-1.0,-1.0,-1.0,-1.0,-1.0,-1.0,539433.0,3104482.0,275476375883.0,125.64299800000008,,,,5.355001999999914
corona-cpu,laghos,-p 1 -dim 3 -rs 2 -tf 3.5 -pa,1,2.9,6000000.0,227892311527.0,51842685778.0,4000000.0,2138686069.0,-1.0,-1.0,-1.0,-1.0,-1.0,-1.0,538284.0,3119116.0,370112589972.0,167.99293400000025,,,,6.007065999999753
corona-cpu,laghos,-p 1 -dim 3 -rs 2 -tf 3 -pa,1,2.1666,4000000.0,9044158.0,38743988284.0,4000000.0,1560545113.0,-1.0,-1.0,-1.0,-1.0,-1.0,-1.0,541336.0,3104482.0,272502043023.0,125.70925100000021,,,,4.286748999999773
corona-cpu,laghos,-p 1 -dim 3 -rs 2 -tf 4,1,4.0166,4000000.0,279915244971.0,64109006305.0,14000000.0,2566254474.0,-1.0,-1.0,-1.0,-1.0,-1.0,-1.0,538296.0,3133510.0,462750385843.0,208.60502500000047,,,,32.39097499999957
corona-cpu,laghos,-p 1 -dim 3 -rs 2 -tf 4.5,1,3.8833,6000000.0,307498943967.0,69952195941.0,14000000.0,2856503943.0,-1.0,-1.0,-1.0,-1.0,-1.0,-1.0,538320.0,3139369.0,499466810871.0,226.46045800000059,,,,6.5375419999994335
corona-cpu,laghos,-p 1 -dim 3 -rs 2 -tf 4.5 -pa,1,3.8833,10000000.0,308289556823.0,69975330161.0,20000000.0,2803740740.0,-1.0,-1.0,-1.0,-1.0,-1.0,-1.0,547464.0,3139369.0,479163467969.0,225.8856930000005,,,,7.112306999999532
corona-cpu,laghos,-p 1 -dim 3 -rs 2 -tf 5 -pa,1,4.25,6000000.0,337331891002.0,76550463244.0,20000000.0,3223748427.0,-1.0,-1.0,-1.0,-1.0,-1.0,-1.0,547476.0,3147022.0,548854003676.0,248.28872600000042,,,,6.711273999999577
corona-cpu,laghos,-p 2 -dim 2 -rs 2 -tf 3,1,0.6833,2000000.0,42940499430.0,12497657189.0,6000000.0,546075285.0,-1.0,-1.0,-1.0,-1.0,-1.0,-1.0,538296.0,3099778.0,74898496423.0,36.91859800000001,,,,4.079401999999995
corona-cpu,laghos,-p 2 -dim 2 -rs 2 -tf 3.5,1,0.7833,2000000.0,48381959420.0,13985765844.0,6000000.0,631025739.0,-1.0,-1.0,-1.0,-1.0,-1.0,-1.0,547476.0,3105331.0,84973969730.0,41.83027799999999,,,,5.167722000000005
corona-cpu,laghos,-p 2 -dim 2 -rs 2 -tf 3.5 -pa,1,0.7666,4000000.0,48777326484.0,14034661614.0,6000000.0,2236166145.0,-1.0,-1.0,-1.0,-1.0,-1.0,-1.0,547476.0,3105331.0,85217495202.0,41.848717,,,,4.1472829999999945
corona-cpu,laghos,-p 2 -dim 2 -rs 2 -tf 3 -pa,1,0.6833,25850000000.0,42255813289.0,12210827140.0,14000000.0,1999596143.0,-1.0,-1.0,-1.0,-1.0,-1.0,-1.0,541396.0,3099778.0,9163624460.0,36.80469900000001,,,,4.193300999999998
corona-cpu,laghos,-p 2 -dim 2 -rs 2 -tf 4,1,0.8,32026000000.0,7843470.0,14916537597.0,6000000.0,719904890.0,-1.0,-1.0,-1.0,-1.0,-1.0,-1.0,544436.0,3108398.0,90763462527.0,44.743463,,,,3.2565370000000016
corona-cpu,laghos,-p 2 -dim 2 -rs 2 -tf 4.5,1,0.9,8000000.0,6511584.0,16605432939.0,10000000.0,699043627.0,-1.0,-1.0,-1.0,-1.0,-1.0,-1.0,539840.0,3112845.0,98749738340.0,48.80501200000002,,,,5.194987999999981
corona-cpu,laghos,-p 2 -dim 2 -rs 2 -tf 4.5 -pa,1,1.0333,8000000.0,56145803314.0,16211091168.0,10000000.0,723866502.0,-1.0,-1.0,-1.0,-1.0,-1.0,-1.0,541360.0,3112845.0,88088188596.0,48.48436800000001,,,,13.513631999999994
corona-cpu,laghos,-p 2 -dim 2 -rs 2 -tf 4 -pa,1,0.8166,31738000000.0,52019155467.0,14954957800.0,16000000.0,643290211.0,-1.0,-1.0,-1.0,-1.0,-1.0,-1.0,541348.0,3108398.0,91986580487.0,44.502446000000006,,,,4.493553999999996
corona-cpu,laghos,-p 2 -dim 2 -rs 2 -tf 5.5,1,1.0666,10000000.0,69185525074.0,19829929629.0,8000000.0,683709.0,-1.0,-1.0,-1.0,-1.0,-1.0,-1.0,544448.0,3124130.0,121096143994.0,59.10241599999999,,,,4.893584000000011
corona-cpu,laghos,-p 2 -dim 2 -rs 2 -tf 5.5 -pa,1,1.05,4000000.0,11484614.0,19756272683.0,32000000.0,1148696879.0,-1.0,-1.0,-1.0,-1.0,-1.0,-1.0,538292.0,3124130.0,121264330604.0,59.15371899999999,,,,3.846281000000012
corona-cpu,laghos,-p 2 -dim 2 -rs 2 -tf 5 -pa,1,0.9833,6000000.0,63451277742.0,18217056187.0,8000000.0,858141603.0,-1.0,-1.0,-1.0,-1.0,-1.0,-1.0,539816.0,3119370.0,111714920001.0,54.73948300000001,,,,4.258516999999991
corona-cpu,laghos,-p 2 -dim 3 -rs 1 -tf 3,1,0.5666,21754000000.0,36632266284.0,9761703326.0,2000000.0,1478883191.0,-1.0,-1.0,-1.0,-1.0,-1.0,-1.0,538308.0,3077567.0,63468079518.0,30.612089000000005,,,,3.3839109999999977
corona-cpu,laghos,-p 2 -dim 3 -rs 1 -tf 3.5,1,0.65,25338000000.0,42070564604.0,11297561979.0,91880000000.0,487726735.0,-1.0,-1.0,-1.0,-1.0,-1.0,-1.0,538296.0,3080253.0,72671265588.0,35.514941,,,,3.4850589999999997
corona-cpu,laghos,-p 2 -dim 3 -rs 1 -tf 3.5 -pa,1,0.65,25270000000.0,1.0,11336748102.0,2000000.0,526364938.0,-1.0,-1.0,-1.0,-1.0,-1.0,-1.0,538296.0,3080253.0,73524591560.0,35.50633200000001,,,,3.4936679999999924
corona-cpu,laghos,-p 2 -dim 3 -rs 1 -tf 3 -pa,1,0.5666,21788000000.0,36289509158.0,9734006858.0,10000000.0,422878306.0,-1.0,-1.0,-1.0,-1.0,-1.0,-1.0,539840.0,3077567.0,63401522586.0,30.738878,,,,3.2571220000000025
corona-cpu,laghos,-p 2 -dim 3 -rs 1 -tf 4.5,1,0.75,29708000000.0,49575563845.0,13221991895.0,6000000.0,1939293031.0,-1.0,-1.0,-1.0,-1.0,-1.0,-1.0,544436.0,3083581.0,86098777556.0,41.588044000000025,,,,3.411955999999975
corona-cpu,laghos,-p 2 -dim 3 -rs 1 -tf 4.5 -pa,1,0.75,4000000.0,49283710339.0,13188263216.0,8000000.0,2059774343.0,-1.0,-1.0,-1.0,-1.0,-1.0,-1.0,547500.0,3083581.0,86207038630.0,41.367374,,,,3.632626000000002
corona-cpu,laghos,-p 2 -dim 3 -rs 1 -tf 5,1,0.8333,2000000.0,55672614867.0,14855157376.0,10000000.0,2222894661.0,-1.0,-1.0,-1.0,-1.0,-1.0,-1.0,539828.0,3086263.0,98072891733.0,54.56460999999999,,,,-4.566609999999983
corona-cpu,laghos,-p 2 -dim 3 -rs 1 -tf 5.5,1,0.9166,2000000.0,8423756.0,16134363823.0,10000000.0,294110.0,-1.0,-1.0,-1.0,-1.0,-1.0,-1.0,539828.0,3088583.0,106069122351.0,59.55198699999998,,,,-4.555986999999988
corona-cpu,laghos,-p 2 -dim 3 -rs 1 -tf 5.5 -pa,1,0.9,36520000000.0,60898628568.0,16285838544.0,8000000.0,686619649.0,-1.0,-1.0,-1.0,-1.0,-1.0,-1.0,545944.0,3088583.0,104744134664.0,59.80901899999999,,,,-5.809018999999992
corona-cpu,laghos,-p 2 -dim 3 -rs 1 -tf 5 -pa,1,0.8333,4000000.0,55783324304.0,14816390249.0,4000000.0,614472517.0,-1.0,-1.0,-1.0,-1.0,-1.0,-1.0,539421.0,3086263.0,97252345674.0,46.77515899999998,,,,3.222841000000024
corona-cpu,laghos,-p 2 -dim 3 -rs 2 -tf 3,1,1.8,4000000.0,4490283.0,31668204057.0,16000000.0,1223559418.0,-1.0,-1.0,-1.0,-1.0,-1.0,-1.0,547093.0,3099790.0,224872873009.0,103.60827300000004,,,,4.39172699999996
corona-cpu,laghos,-p 2 -dim 3 -rs 2 -tf 3 -pa,1,1.8,78558000000.0,137542273829.0,31445583026.0,10000000.0,1240281481.0,-1.0,-1.0,-1.0,-1.0,-1.0,-1.0,547476.0,3099792.0,12276734249.0,113.502574,,,,-5.502573999999996
corona-cpu,laghos,-p 3 -dim 2 -rs 2 -tf 3,1,0.1333,3622000000.0,5779711224.0,1776946273.0,13452000000.0,273920697.0,-1.0,-1.0,-1.0,-1.0,-1.0,-1.0,542521.0,3064540.0,8788332299.0,5.8395730000000015,,,,2.1584269999999988
corona-cpu,laghos,-p 3 -dim 2 -rs 2 -tf 3.5,1,0.15,2000000.0,6753792010.0,2033367684.0,15560000000.0,274377902.0,-1.0,-1.0,-1.0,-1.0,-1.0,-1.0,539840.0,3065152.0,10996559610.0,6.746845,,,,2.2531549999999996
corona-cpu,laghos,-p 3 -dim 2 -rs 2 -tf 3.5 -pa,1,0.15,4158000000.0,6728824695.0,2039898286.0,15426000000.0,301394340.0,-1.0,-1.0,-1.0,-1.0,-1.0,-1.0,543658.0,3065152.0,11222196911.0,6.588497,,,,2.4115029999999997
corona-cpu,laghos,-p 3 -dim 2 -rs 2 -tf 3 -pa,1,0.1333,3644000000.0,5753398374.0,1792730232.0,13534000000.0,73621005.0,-1.0,-1.0,-1.0,-1.0,-1.0,-1.0,541396.0,3064540.0,9453805426.0,5.7967260000000005,,,,2.2012739999999997
corona-cpu,laghos,-p 3 -dim 2 -rs 2 -tf 4,1,0.1666,4736000000.0,7523192221.0,2281287974.0,17528000000.0,352517149.0,-1.0,-1.0,-1.0,-1.0,-1.0,-1.0,544424.0,3065760.0,12758445560.0,7.268796000000003,,,,2.7272039999999977
corona-cpu,laghos,-p 3 -dim 2 -rs 2 -tf 4.5,1,0.1833,5252000000.0,8510993284.0,2534766686.0,19428000000.0,382733968.0,-1.0,-1.0,-1.0,-1.0,-1.0,-1.0,541360.0,3066433.0,14250763924.0,8.240768000000001,,,,2.7572319999999984
corona-cpu,laghos,-p 3 -dim 2 -rs 2 -tf 4.5 -pa,1,0.1833,5254000000.0,8390242143.0,2526534746.0,19426000000.0,108126096.0,-1.0,-1.0,-1.0,-1.0,-1.0,-1.0,541360.0,3066433.0,14086693848.0,7.974735000000001,,,,3.0232649999999985
corona-cpu,laghos,-p 3 -dim 2 -rs 2 -tf 4 -pa,1,0.2,4734000000.0,7572890134.0,2285629802.0,2000000.0,332214436.0,-1.0,-1.0,-1.0,-1.0,-1.0,-1.0,547464.0,3065760.0,12602858508.0,7.307671000000001,,,,4.692328999999999
corona-cpu,laghos,-p 3 -dim 2 -rs 2 -tf 5,1,0.1833,5858000000.0,3860207.0,2781950454.0,21616000000.0,428839191.0,-1.0,-1.0,-1.0,-1.0,-1.0,-1.0,542880.0,3067041.0,15885187414.0,10.383775,,,,0.6142249999999994
corona-cpu,laghos,-p 3 -dim 2 -rs 2 -tf 5.5,1,0.2166,6410000000.0,10279165111.0,3040762661.0,23644000000.0,466252034.0,-1.0,-1.0,-1.0,-1.0,-1.0,-1.0,547488.0,3067714.0,17361792416.0,9.652613,,,,3.343386999999998
corona-cpu,laghos,-p 3 -dim 2 -rs 2 -tf 5.5 -pa,1,0.2166,6406000000.0,10202619248.0,3048199514.0,23620000000.0,461955566.0,-1.0,-1.0,-1.0,-1.0,-1.0,-1.0,547093.0,3067714.0,17271544061.0,9.549016,,,,3.4469839999999987
corona-cpu,laghos,-p 3 -dim 2 -rs 2 -tf 5 -pa,1,0.2,2000000.0,9383766483.0,2794358712.0,2000000.0,302920309.0,-1.0,-1.0,-1.0,-1.0,-1.0,-1.0,547476.0,3067041.0,15474300013.0,9.23152,,,,2.7684800000000003
corona-cpu,laghos,-p 3 -dim 3 -rs 1 -tf 3,1,0.15,3674000000.0,6006469507.0,1722212739.0,13494000000.0,240750404.0,-1.0,-1.0,-1.0,-1.0,-1.0,-1.0,547464.0,3062651.0,10013752395.0,5.933347,,,,3.0666529999999996
corona-cpu,laghos,-p 3 -dim 3 -rs 1 -tf 3.5,1,0.1666,4248000000.0,6884251497.0,1971790356.0,2000000.0,81303860.0,-1.0,-1.0,-1.0,-1.0,-1.0,-1.0,544424.0,3062958.0,11575060608.0,6.690824,,,,3.3051760000000003
corona-cpu,laghos,-p 3 -dim 3 -rs 1 -tf 3.5 -pa,1,0.15,4216000000.0,6903868404.0,1968925327.0,15472000000.0,316670262.0,-1.0,-1.0,-1.0,-1.0,-1.0,-1.0,547500.0,3062958.0,11703667276.0,6.6299800000000015,,,,2.3700199999999985
corona-cpu,laghos,-p 3 -dim 3 -rs 1 -tf 3 -pa,1,0.15,3702000000.0,5989140750.0,1711408319.0,13594000000.0,242660140.0,-1.0,-1.0,-1.0,-1.0,-1.0,-1.0,544412.0,3062651.0,10039110192.0,5.9681190000000015,,,,3.0318809999999985
corona-cpu,laghos,-p 3 -dim 3 -rs 1 -tf 4,1,0.2,4754000000.0,7830856783.0,2212259851.0,17428000000.0,276041722.0,-1.0,-1.0,-1.0,-1.0,-1.0,-1.0,545944.0,3063261.0,13229831165.0,7.354315999999999,,,,4.645684000000001
corona-cpu,laghos,-p 3 -dim 3 -rs 1 -tf 4.5,1,0.1833,4000000.0,8718831361.0,2453695320.0,19454000000.0,103539220.0,-1.0,-1.0,-1.0,-1.0,-1.0,-1.0,542521.0,3063568.0,15060899256.0,8.189319000000001,,,,2.808680999999998
corona-cpu,laghos,-p 3 -dim 3 -rs 1 -tf 4.5 -pa,1,0.1666,5352000000.0,8723875614.0,2449717971.0,4000000.0,367351433.0,-1.0,-1.0,-1.0,-1.0,-1.0,-1.0,539840.0,3063568.0,14818023911.0,8.252123000000001,,,,1.7438769999999995
corona-cpu,laghos,-p 3 -dim 3 -rs 1 -tf 4 -pa,1,0.1666,4808000000.0,7856245989.0,2214013136.0,4000000.0,316441294.0,-1.0,-1.0,-1.0,-1.0,-1.0,-1.0,539816.0,3063261.0,13194089874.0,7.315556999999999,,,,2.6804430000000012
corona-cpu,laghos,-p 3 -dim 3 -rs 1 -tf 5,1,0.2,5934000000.0,3375523.0,2733655661.0,21662000000.0,385677745.0,-1.0,-1.0,-1.0,-1.0,-1.0,-1.0,547452.0,3063871.0,16284389697.0,8.956527000000003,,,,3.043472999999997
corona-cpu,laghos,-p 3 -dim 3 -rs 1 -tf 5.5,1,0.2166,6426000000.0,10582847489.0,2943439394.0,23448000000.0,122245583.0,-1.0,-1.0,-1.0,-1.0,-1.0,-1.0,538308.0,3064239.0,18485122552.0,9.703500000000002,,,,3.292499999999997
corona-cpu,laghos,-p 3 -dim 3 -rs 1 -tf 5.5 -pa,1,0.2166,6426000000.0,10700191814.0,2954416432.0,23462000000.0,452501670.0,-1.0,-1.0,-1.0,-1.0,-1.0,-1.0,538332.0,3064239.0,18171887691.0,9.64205,,,,3.3539499999999993
corona-cpu,laghos,-p 3 -dim 3 -rs 1 -tf 5 -pa,1,0.2,5828000000.0,9700944645.0,2685706347.0,21324000000.0,427019203.0,-1.0,-1.0,-1.0,-1.0,-1.0,-1.0,539421.0,3063871.0,16438488818.0,8.974986000000003,,,,3.025013999999997
corona-cpu,laghos,-p 3 -dim 3 -rs 2 -tf 3,1,0.3,10870000000.0,18934002521.0,4452908123.0,38654000000.0,611.0,-1.0,-1.0,-1.0,-1.0,-1.0,-1.0,539840.0,3064554.0,26726148977.0,15.258181,,,,2.7418189999999996
corona-cpu,laghos,-p 3 -dim 3 -rs 2 -tf 3.5,1,0.3333,12640000000.0,22000984228.0,5143363481.0,2000000.0,574480071.0,-1.0,-1.0,-1.0,-1.0,-1.0,-1.0,538308.0,3065166.0,35439075978.0,17.073232,,,,2.9247679999999967
corona-cpu,laghos,-p 3 -dim 3 -rs 2 -tf 3.5 -pa,1,0.3333,2000000.0,21993676441.0,5140748821.0,2000000.0,671285823.0,-1.0,-1.0,-1.0,-1.0,-1.0,-1.0,545561.0,3065166.0,35295269920.0,17.101914999999998,,,,2.8960849999999994
corona-cpu,laghos,-p 3 -dim 3 -rs 2 -tf 4,1,0.3833,2000000.0,24838670224.0,5806140417.0,50944000000.0,720704610.0,-1.0,-1.0,-1.0,-1.0,-1.0,-1.0,539828.0,3065774.0,39642464812.0,21.371102000000004,,,,1.6268979999999935
corona-cpu,laghos,-p 3 -dim 3 -rs 2 -tf 4.5,1,0.4,16038000000.0,28083569057.0,6515885215.0,2000000.0,889118649.0,-1.0,-1.0,-1.0,-1.0,-1.0,-1.0,541348.0,3066447.0,44948994276.0,21.622775000000004,,,,2.3772249999999957
corona-cpu,laghos,-p 3 -dim 3 -rs 2 -tf 4.5 -pa,1,0.4166,16062000000.0,27894708174.0,6497597032.0,56968000000.0,895000533.0,-1.0,-1.0,-1.0,-1.0,-1.0,-1.0,544424.0,3066447.0,44987874904.0,21.542061999999998,,,,3.4539380000000044
corona-cpu,laghos,-p 3 -dim 3 -rs 2 -tf 4 -pa,1,0.3666,14302000000.0,24971046294.0,5819479757.0,4000000.0,723187097.0,-1.0,-1.0,-1.0,-1.0,-1.0,-1.0,538296.0,3065774.0,35189650628.0,19.630458,,,,2.365541999999998
corona-cpu,laghos,-p 3 -dim 3 -rs 2 -tf 5,1,0.45,17696000000.0,30810149788.0,7172197317.0,62822000000.0,875148538.0,-1.0,-1.0,-1.0,-1.0,-1.0,-1.0,541360.0,3067055.0,48776078648.0,23.76076,,,,3.239239999999999
corona-cpu,laghos,-p 3 -dim 3 -rs 2 -tf 5.5,1,0.5,19586000000.0,33826730937.0,7858840828.0,69394000000.0,987324736.0,-1.0,-1.0,-1.0,-1.0,-1.0,-1.0,538308.0,3067728.0,54902594597.0,25.988443,,,,4.011557
corona-cpu,laghos,-p 3 -dim 3 -rs 2 -tf 5.5 -pa,1,0.5333,17736000000.0,34422945171.0,7930607168.0,2000000.0,289247635.0,-1.0,-1.0,-1.0,-1.0,-1.0,-1.0,544448.0,3067728.0,55661925711.0,25.942924000000005,,,,6.055075999999996
corona-cpu,laghos,-p 3 -dim 3 -rs 2 -tf 5 -pa,1,0.45,17826000000.0,30775782009.0,7171873157.0,63210000000.0,893289145.0,-1.0,-1.0,-1.0,-1.0,-1.0,-1.0,547452.0,3067055.0,50378843401.0,23.706673,,,,3.2933270000000014
corona-cpu,miniFE.x,-nx 100 -ny 100 -nz 100,1,0.1833,11264000000.0,25156417498.0,1658021457.0,69460000000.0,1510287427.0,-1.0,-1.0,-1.0,-1.0,-1.0,-1.0,293744.0,207063.0,14951143295.0,8.598383999999998,,,,2.3996160000000017
corona-cpu,miniFE.x,-nx 100 -ny 100 -nz 50,1,0.1,5610000000.0,12544984516.0,828571775.0,34718000000.0,768634379.0,-1.0,-1.0,-1.0,-1.0,-1.0,-1.0,293744.0,207069.0,6828996792.0,4.063503000000001,,,,1.9364969999999992
corona-cpu,miniFE.x,-nx 100 -ny 50 -nz 50,1,0.0666,2786000000.0,6230625826.0,418029355.0,17314000000.0,385010184.0,-1.0,-1.0,-1.0,-1.0,-1.0,-1.0,293744.0,207065.0,3605009237.0,2.1278520000000003,,,,1.8681480000000001
corona-cpu,miniFE.x,-nx 100 -ny 75 -nz 50,1,0.0833,4206000000.0,9396339661.0,625318086.0,26042000000.0,566127311.0,-1.0,-1.0,-1.0,-1.0,-1.0,-1.0,293744.0,207066.0,5320363286.0,3.2907009999999994,,,,1.7072990000000008
corona-cpu,miniFE.x,-nx 100 -ny 75 -nz 75,1,0.1166,6318000000.0,14110223938.0,936540774.0,39062000000.0,846216291.0,-1.0,-1.0,-1.0,-1.0,-1.0,-1.0,293744.0,207066.0,8069018841.0,4.885511999999999,,,,2.110488
corona-cpu,miniFE.x,-nx 125 -ny 100 -nz 100,1,0.2166,14100000000.0,31396666171.0,2071592815.0,86864000000.0,1951325472.0,-1.0,-1.0,-1.0,-1.0,-1.0,-1.0,293744.0,207061.0,18820793796.0,10.984689999999988,,,,2.0113100000000106
corona-cpu,miniFE.x,-nx 125 -ny 100 -nz 50,1,0.1166,7036000000.0,15721736826.0,1040743575.0,43468000000.0,980100800.0,-1.0,-1.0,-1.0,-1.0,-1.0,-1.0,293744.0,207065.0,9432742365.0,5.473499000000002,,,,1.5225009999999974
corona-cpu,miniFE.x,-nx 125 -ny 125 -nz 125,1,0.3333,22174000000.0,49281430970.0,3228031586.0,136144000000.0,3100604465.0,-1.0,-1.0,-1.0,-1.0,-1.0,-1.0,293744.0,207063.0,28637659340.0,17.415744000000004,,,,2.582255999999994
corona-cpu,miniFE.x,-nx 125 -ny 125 -nz 50,1,0.15,8846000000.0,19696674756.0,1299251296.0,54482000000.0,1236998747.0,-1.0,-1.0,-1.0,-1.0,-1.0,-1.0,293744.0,207064.0,11575134884.0,6.6162090000000005,,,,2.3837909999999995
corona-cpu,miniFE.x,-nx 125 -ny 50 -nz 50,1,0.0666,3484000000.0,7782679856.0,519919357.0,21644000000.0,487499172.0,-1.0,-1.0,-1.0,-1.0,-1.0,-1.0,293744.0,207064.0,4331056387.0,2.6932360000000006,,,,1.3027639999999998
corona-cpu,miniFE.x,-nx 125 -ny 75 -nz 50,1,0.1,5274000000.0,11775137816.0,780055628.0,32604000000.0,730575809.0,-1.0,-1.0,-1.0,-1.0,-1.0,-1.0,293744.0,207065.0,6756692839.0,4.020631,,,,1.9793690000000002
corona-cpu,miniFE.x,-nx 125 -ny 75 -nz 75,1,0.1333,7912000000.0,17656663703.0,1166495034.0,48864000000.0,1089992793.0,-1.0,-1.0,-1.0,-1.0,-1.0,-1.0,293744.0,207067.0,10379613270.0,6.166678999999999,,,,1.8313210000000009
corona-cpu,miniFE.x,-nx 150 -ny 100 -nz 100,1,0.25,16922000000.0,37676864762.0,2486212090.0,104230000000.0,2384790492.0,-1.0,-1.0,-1.0,-1.0,-1.0,-1.0,293744.0,207060.0,22240583946.0,12.995548000000007,,,,2.0044519999999935
corona-cpu,miniFE.x,-nx 150 -ny 100 -nz 50,1,0.1333,8434000000.0,18817248014.0,1248185821.0,52108000000.0,1195106512.0,-1.0,-1.0,-1.0,-1.0,-1.0,-1.0,293744.0,207060.0,11285701460.0,6.550270000000004,,,,1.4477299999999964
corona-cpu,miniFE.x,-nx 150 -ny 125 -nz 125,1,0.3833,26632000000.0,59148842314.0,3873609533.0,163412000000.0,3698977031.0,-1.0,-1.0,-1.0,-1.0,-1.0,-1.0,293744.0,207058.0,35420722435.0,20.22509399999993,,,,2.7729060000000665
corona-cpu,miniFE.x,-nx 150 -ny 125 -nz 50,1,0.1833,10592000000.0,23630657248.0,1554440214.0,65286000000.0,1483239140.0,-1.0,-1.0,-1.0,-1.0,-1.0,-1.0,293744.0,207061.0,14281136724.0,8.123019000000003,,,,2.8749809999999965
corona-cpu,miniFE.x,-nx 150 -ny 150 -nz 150,1,0.5666,38444000000.0,85278070043.0,5579611566.0,235528000000.0,5373988212.0,-1.0,-1.0,-1.0,-1.0,-1.0,-1.0,293744.0,207056.0,50847276224.0,29.59969600000012,,,,4.396303999999883
corona-cpu,miniFE.x,-nx 150 -ny 150 -nz 50,1,0.2,12798000000.0,28474201226.0,1869536028.0,78640000000.0,1790001154.0,-1.0,-1.0,-1.0,-1.0,-1.0,-1.0,293744.0,207060.0,17003094059.0,9.703411999999997,,,,2.2965880000000034
corona-cpu,miniFE.x,-nx 150 -ny 50 -nz 50,1,0.0666,4186000000.0,9363511967.0,626393529.0,25986000000.0,601705125.0,-1.0,-1.0,-1.0,-1.0,-1.0,-1.0,293744.0,207060.0,5306274257.0,3.188219999999998,,,,0.8077800000000024
corona-cpu,miniFE.x,-nx 150 -ny 75 -nz 50,1,0.1166,6316000000.0,14105436781.0,936461736.0,39074000000.0,894826336.0,-1.0,-1.0,-1.0,-1.0,-1.0,-1.0,293744.0,207061.0,7978975332.0,4.797253999999998,,,,2.1987460000000016
corona-cpu,miniFE.x,-nx 150 -ny 75 -nz 75,1,0.15,9478000000.0,21155014356.0,1398455989.0,58558000000.0,1341069002.0,-1.0,-1.0,-1.0,-1.0,-1.0,-1.0,293744.0,207062.0,12165882753.0,7.392491999999995,,,,1.6075080000000046
corona-cpu,miniFE.x,-nx 175 -ny 100 -nz 100,1,0.3,19760000000.0,44009454276.0,2897702392.0,121644000000.0,2810796141.0,-1.0,-1.0,-1.0,-1.0,-1.0,-1.0,293744.0,207057.0,26107287464.0,15.250374999999995,,,,2.7496250000000053
corona-cpu,miniFE.x,-nx 175 -ny 100 -nz 50,1,0.15,9862000000.0,21993972319.0,1455069702.0,60862000000.0,1412192001.0,-1.0,-1.0,-1.0,-1.0,-1.0,-1.0,293744.0,207060.0,12948672524.0,7.528046999999992,,,,1.471953000000008
corona-cpu,miniFE.x,-nx 175 -ny 125 -nz 125,1,0.45,31094000000.0,69080352315.0,4522723372.0,190708000000.0,4373454659.0,-1.0,-1.0,-1.0,-1.0,-1.0,-1.0,293744.0,207055.0,41616539555.0,24.22162899999996,,,,2.778371000000039
corona-cpu,miniFE.x,-nx 175 -ny 125 -nz 50,1,0.2,12336000000.0,27534560030.0,1817110225.0,76086000000.0,1757991397.0,-1.0,-1.0,-1.0,-1.0,-1.0,-1.0,293744.0,207058.0,16427506241.0,9.61056299999999,,,,2.38943700000001
corona-cpu,miniFE.x,-nx 175 -ny 150 -nz 150,1,0.65,44956000000.0,99642685312.0,6498433583.0,275116000000.0,6309122453.0,-1.0,-1.0,-1.0,-1.0,-1.0,-1.0,293744.0,207053.0,60876521485.0,34.406226999999966,,,,4.593773000000034
corona-cpu,miniFE.x,-nx 175 -ny 150 -nz 50,1,0.2333,14930000000.0,33183291366.0,2174075224.0,91730000000.0,2094407535.0,-1.0,-1.0,-1.0,-1.0,-1.0,-1.0,293744.0,207056.0,19480636367.0,11.490511999999988,,,,2.507488000000013
corona-cpu,miniFE.x,-nx 175 -ny 175 -nz 175,1,0.8666,61446000000.0,135997534498.0,8837934663.0,375162000000.0,9043646686.0,-1.0,-1.0,-1.0,-1.0,-1.0,-1.0,293744.0,207054.0,84122566723.0,48.13959600000007,,,,3.8564039999999338
corona-cpu,miniFE.x,-nx 175 -ny 175 -nz 50,1,0.25,17388000000.0,38679200500.0,2541255715.0,106892000000.0,2441565768.0,-1.0,-1.0,-1.0,-1.0,-1.0,-1.0,293744.0,207057.0,22456794347.0,13.640008999999996,,,,1.3599910000000044
corona-cpu,miniFE.x,-nx 175 -ny 50 -nz 50,1,0.1,4902000000.0,10948887685.0,730790357.0,30378000000.0,703164607.0,-1.0,-1.0,-1.0,-1.0,-1.0,-1.0,293744.0,207060.0,6321527201.0,3.714072999999999,,,,2.285927000000001
corona-cpu,miniFE.x,-nx 175 -ny 75 -nz 50,1,0.1333,7402000000.0,16526476811.0,1087994312.0,45698000000.0,1051661597.0,-1.0,-1.0,-1.0,-1.0,-1.0,-1.0,293744.0,207056.0,9720480620.0,5.720782999999997,,,,2.277217000000003
corona-cpu,miniFE.x,-nx 175 -ny 75 -nz 75,1,0.1833,11066000000.0,24711208578.0,1635590498.0,68342000000.0,1574398171.0,-1.0,-1.0,-1.0,-1.0,-1.0,-1.0,293744.0,207061.0,14252767014.0,8.587745000000004,,,,2.410254999999996
corona-cpu,miniFE.x,-nx 200 -ny 100 -nz 100,1,0.3333,22664000000.0,50318911044.0,3307747077.0,139258000000.0,3190339389.0,-1.0,-1.0,-1.0,-1.0,-1.0,-1.0,293744.0,207054.0,30409367660.0,17.496903999999972,,,,2.5010960000000253
corona-cpu,miniFE.x,-nx 200 -ny 100 -nz 50,1,0.1833,11290000000.0,25137860714.0,1658056482.0,69598000000.0,1598786315.0,-1.0,-1.0,-1.0,-1.0,-1.0,-1.0,293744.0,207055.0,14838207777.0,8.474443999999998,,,,2.523556000000001
corona-cpu,miniFE.x,-nx 200 -ny 125 -nz 125,1,0.5166,35586000000.0,78812576791.0,5164384590.0,218014000000.0,4978210427.0,-1.0,-1.0,-1.0,-1.0,-1.0,-1.0,293744.0,207048.0,45599140575.0,27.571065999999885,,,,3.4249340000001105
corona-cpu,miniFE.x,-nx 200 -ny 125 -nz 50,1,0.2166,14214000000.0,31579244810.0,2075651059.0,87310000000.0,2001210358.0,-1.0,-1.0,-1.0,-1.0,-1.0,-1.0,293744.0,207053.0,19131634507.0,11.045592999999993,,,,1.9504070000000056
corona-cpu,miniFE.x,-nx 200 -ny 150 -nz 150,1,0.75,51554000000.0,114032614610.0,7428843232.0,314912000000.0,7268846323.0,-1.0,-1.0,-1.0,-1.0,-1.0,-1.0,293744.0,207054.0,69607222528.0,40.086967000000094,,,,4.913032999999906
corona-cpu,miniFE.x,-nx 200 -ny 150 -nz 50,1,0.2666,17098000000.0,37948784568.0,2488740448.0,104918000000.0,2397619758.0,-1.0,-1.0,-1.0,-1.0,-1.0,-1.0,293744.0,207057.0,21848583655.0,13.176266999999992,,,,2.8197330000000083
corona-cpu,miniFE.x,-nx 200 -ny 175 -nz 175,1,1.0166,70408000000.0,155499502098.0,10114018348.0,429266000000.0,10454896942.0,-1.0,-1.0,-1.0,-1.0,-1.0,-1.0,293744.0,207055.0,97166310981.0,54.7201940000005,,,,6.275805999999498
corona-cpu,miniFE.x,-nx 200 -ny 175 -nz 50,1,0.3,19990000000.0,44366011065.0,2903787550.0,122518000000.0,2792462041.0,-1.0,-1.0,-1.0,-1.0,-1.0,-1.0,293744.0,207052.0,25788415869.0,15.293054999999995,,,,2.7069450000000046
corona-cpu,miniFE.x,-nx 200 -ny 200 -nz 200,1,1.3166,92092000000.0,202947639061.0,13191748893.0,560918000000.0,13359134338.0,-1.0,-1.0,-1.0,-1.0,-1.0,-1.0,293744.0,207055.0,129300926448.0,72.22126900000063,,,,6.774730999999363
corona-cpu,miniFE.x,-nx 200 -ny 200 -nz 50,1,0.35,22858000000.0,50708741351.0,3319436960.0,140046000000.0,3193295269.0,-1.0,-1.0,-1.0,-1.0,-1.0,-1.0,293744.0,207057.0,30838961136.0,17.466432999999984,,,,3.5335670000000157
corona-cpu,miniFE.x,-nx 200 -ny 50 -nz 50,1,0.1,5624000000.0,12531576149.0,832116211.0,34778000000.0,806549213.0,-1.0,-1.0,-1.0,-1.0,-1.0,-1.0,293744.0,207059.0,7456941969.0,4.296296999999999,,,,1.7037030000000009
corona-cpu,miniFE.x,-nx 200 -ny 75 -nz 50,1,0.1333,8500000000.0,18885852908.0,1247884471.0,52338000000.0,1203865700.0,-1.0,-1.0,-1.0,-1.0,-1.0,-1.0,293744.0,207055.0,11324327012.0,6.4072669999999965,,,,1.5907330000000037
corona-cpu,miniFE.x,-nx 200 -ny 75 -nz 75,1,0.2,12680000000.0,28244412420.0,1864043036.0,78196000000.0,1798136458.0,-1.0,-1.0,-1.0,-1.0,-1.0,-1.0,293744.0,207055.0,16419127223.0,9.87056499999999,,,,2.1294350000000097
corona-cpu,miniFE.x,-nx 50 -ny 50 -nz 50,1,0.05,1262000000.0,2743226398.0,202830453.0,7814000000.0,158092121.0,-1.0,-1.0,-1.0,-1.0,-1.0,-1.0,293744.0,207000.0,1529617560.0,0.976375,,,,2.023625
corona-cpu,miniFE.x,-nx 75 -ny 50 -nz 50,1,0.05,2080000000.0,4656126859.0,312696203.0,12972000000.0,276724182.0,-1.0,-1.0,-1.0,-1.0,-1.0,-1.0,293744.0,207080.0,2669544025.0,1.591625,,,,1.408375
corona-cpu,miniFE.x,-nx 75 -ny 75 -nz 50,1,0.0833,3152000000.0,7050573812.0,470210687.0,19544000000.0,413840029.0,-1.0,-1.0,-1.0,-1.0,-1.0,-1.0,293744.0,207075.0,4011061865.0,2.423858,,,,2.574142
corona-cpu,miniFE.x,-nx 75 -ny 75 -nz 75,1,0.1,4716000000.0,10575657505.0,702142099.0,29250000000.0,620131519.0,-1.0,-1.0,-1.0,-1.0,-1.0,-1.0,293744.0,207073.0,6188793506.0,3.583715,,,,2.416285
corona-cpu,sw4lite,/usr/WS1/dnicho/summer2022/repos/sw4lite/tests/cartesian/basic.in,1,3.1833,4054000000.0,453254848326.0,5127407555.0,1072638000000.0,2033474367.0,-1.0,-1.0,-1.0,-1.0,-1.0,-1.0,295550.0,207718.0,151464115253.0,177.37843099999836,,,,13.619569000001633
corona-cpu,sw4lite,/usr/WS1/dnicho/summer2022/repos/sw4lite/tests/cartesian/skinny.in,1,5.5,7062000000.0,793074624980.0,8964663918.0,1875304000000.0,4400047206.0,-1.0,-1.0,-1.0,-1.0,-1.0,-1.0,295426.0,207722.0,264735193428.0,310.7862689999977,,,,19.213731000002326
corona-cpu,sw4lite,/usr/WS1/dnicho/summer2022/repos/sw4lite/tests/cartesian/uni.in,1,4.7166,98172000000.0,599539438351.0,59569348243.0,1637814000000.0,2052552328.0,-1.0,-1.0,-1.0,-1.0,-1.0,-1.0,295672.0,207668.0,269481352121.0,263.02765199999783,,,,19.968348000002152
corona-cpu,sw4lite,/usr/WS1/dnicho/summer2022/repos/sw4lite/tests/cartesian/uni_rev.in,1,4.6666,98078000000.0,629682398318.0,59626245223.0,1581970000000.0,2137919033.0,-1.0,-1.0,-1.0,-1.0,-1.0,-1.0,295674.0,207668.0,270652826961.0,265.4672349999978,,,,14.528765000002181
corona-cpu,sw4lite,/usr/WS1/dnicho/summer2022/repos/sw4lite/tests/pointsource/pointsource.in,1,4.5,50118000000.0,631545164041.0,32199279986.0,1462130000000.0,2687686689.0,-1.0,-1.0,-1.0,-1.0,-1.0,-1.0,294320.0,207622.0,236508713805.0,247.97596099999782,,,,22.024039000002176
corona-cpu,sw4lite,/usr/WS1/dnicho/summer2022/repos/sw4lite/tests/pointsource/ps2.in,1,107.35,262602000000.0,14345397872973.0,209069650020.0,34423544000000.0,64043090548.0,-1.0,-1.0,-1.0,-1.0,-1.0,-1.0,294310.0,207661.0,4989395332616.0,5754.920805000071,,,,686.0791949999293
corona-cpu,sw4lite,/usr/WS1/dnicho/summer2022/repos/sw4lite/tests/topo/gaussianHill.in,1,104.1333,94704000000.0,15282651993285.0,219221974352.0,35333344000000.0,50283241593.0,-1.0,-1.0,-1.0,-1.0,-1.0,-1.0,295236.0,208231.0,5067192236468.0,5896.095561000167,,,,351.90243899983307
corona-cpu,TestDfft,10 120,1,0.0666,1692000000.0,2178170350.0,1387795921.0,10964000000.0,340587522.0,-1.0,-1.0,-1.0,-1.0,-1.0,-1.0,293744.0,209248.0,4008859766.0,1.6991360000000002,,,,2.2968640000000002
corona-cpu,TestDfft,10 128,1,0.15,1942000000.0,3027065900.0,1758415711.0,13634000000.0,727392925.0,-1.0,-1.0,-1.0,-1.0,-1.0,-1.0,293746.0,209248.0,21602968307.0,4.845408999999999,,,,4.154591000000001
corona-cpu,TestDfft,10 160,1,0.1166,3746000000.0,4169559504.0,2846434446.0,22692000000.0,1279766180.0,-1.0,-1.0,-1.0,-1.0,-1.0,-1.0,293744.0,209248.0,12218287830.0,4.6753,,,,2.3206999999999995
corona-cpu,TestDfft,10 200,1,0.2,7174000000.0,7741391947.0,5354203811.0,43026000000.0,1597979752.0,-1.0,-1.0,-1.0,-1.0,-1.0,-1.0,293744.0,209248.0,19001097224.0,7.961283000000001,,,,4.038716999999999
corona-cpu,TestDfft,10 240,1,0.3,12408000000.0,13435868926.0,9294940919.0,74378000000.0,4150231042.0,-1.0,-1.0,-1.0,-1.0,-1.0,-1.0,293744.0,209259.0,41425946788.0,15.981328999999993,,,,2.0186710000000065
corona-cpu,TestDfft,10 256,1,1.0333,14840000000.0,17488817692.0,13304391167.0,87232000000.0,7146890001.0,-1.0,-1.0,-1.0,-1.0,-1.0,-1.0,293744.0,209259.0,159071315711.0,49.251053000000155,,,,12.74694699999985
corona-cpu,TestDfft,10 32,1,0.0333,46000000.0,64142091.0,35290837.0,368000000.0,10387309.0,-1.0,-1.0,-1.0,-1.0,-1.0,-1.0,293744.0,209226.0,46128674.0,0.050547,,,,1.9474530000000003
corona-cpu,TestDfft,10 64,1,0.0333,278000000.0,557059792.0,299305393.0,2310000000.0,108180987.0,-1.0,-1.0,-1.0,-1.0,-1.0,-1.0,293744.0,209237.0,567265677.0,0.380568,,,,1.6174320000000002
corona-cpu,TestDfft,12 128,1,0.1166,2316000000.0,3737527051.0,2386677886.0,15782000000.0,743012364.0,-1.0,-1.0,-1.0,-1.0,-1.0,-1.0,293744.0,209820.0,9993594748.0,5.111857999999999,,,,1.8841420000000006
corona-cpu,TestDfft,12 256,1,1.15,17798000000.0,20577666319.0,15177934817.0,104470000000.0,8991516654.0,-1.0,-1.0,-1.0,-1.0,-1.0,-1.0,293744.0,209833.0,213068185806.0,71.44009099999991,,,,-2.44009099999991
corona-cpu,TestDfft,12 32,1,0.0333,54000000.0,74216509.0,36914175.0,406000000.0,12062065.0,-1.0,-1.0,-1.0,-1.0,-1.0,-1.0,293744.0,209794.0,51574236.0,0.055252,,,,1.9427480000000001
corona-cpu,TestDfft,12 64,1,0.0333,322000000.0,634868352.0,362247373.0,2552000000.0,124109664.0,-1.0,-1.0,-1.0,-1.0,-1.0,-1.0,293744.0,209807.0,1574813138.0,0.35062600000000005,,,,1.6473740000000001
corona-cpu,TestDfft,14 128,1,0.1333,2690000000.0,3730643952.0,2292407821.0,17922000000.0,1027636525.0,-1.0,-1.0,-1.0,-1.0,-1.0,-1.0,293744.0,210392.0,15928674289.0,9.857739000000008,,,,-1.8597390000000074
corona-cpu,TestDfft,14 256,1,0.9833,20750000000.0,24642029500.0,18829939929.0,121918000000.0,10457863161.0,-1.0,-1.0,-1.0,-1.0,-1.0,-1.0,293744.0,210407.0,260937164816.0,36.083320000000015,,,,22.914679999999983
corona-cpu,TestDfft,14 32,1,0.0333,60000000.0,79971132.0,41251170.0,442000000.0,13506368.0,-1.0,-1.0,-1.0,-1.0,-1.0,-1.0,293744.0,210362.0,60822630.0,0.06081,,,,1.9371900000000002
corona-cpu,TestDfft,14 64,1,0.0333,378000000.0,683618184.0,396858444.0,2860000000.0,143717787.0,-1.0,-1.0,-1.0,-1.0,-1.0,-1.0,293744.0,210377.0,1029953046.0,0.7861229999999999,,,,1.2118770000000003
corona-cpu,TestDfft,15 120,1,0.0666,2462000000.0,2973471872.0,1947261334.0,15418000000.0,509716845.0,-1.0,-1.0,-1.0,-1.0,-1.0,-1.0,293744.0,210678.0,5827242317.0,2.4789370000000006,,,,1.5170629999999998
corona-cpu,TestDfft,15 160,1,0.15,5558000000.0,6007435140.0,4154297592.0,33226000000.0,1913308852.0,-1.0,-1.0,-1.0,-1.0,-1.0,-1.0,293744.0,210678.0,19235427600.0,7.0742150000000015,,,,1.9257849999999985
corona-cpu,TestDfft,15 200,1,0.2333,10702000000.0,11368685521.0,7919796452.0,63648000000.0,2401086862.0,-1.0,-1.0,-1.0,-1.0,-1.0,-1.0,293744.0,210678.0,28507329819.0,11.714698999999996,,,,2.283301000000005
corona-cpu,TestDfft,15 240,1,0.45,18484000000.0,19644110871.0,13700035764.0,109846000000.0,6537253412.0,-1.0,-1.0,-1.0,-1.0,-1.0,-1.0,293744.0,210694.0,61962175870.0,23.23567300000001,,,,3.764326999999991
corona-cpu,TestDfft,16 128,1,0.2166,3064000000.0,4589947653.0,3054780984.0,20066000000.0,1124663320.0,-1.0,-1.0,-1.0,-1.0,-1.0,-1.0,293744.0,210964.0,18109781660.0,11.017290000000004,,,,1.9787099999999942
corona-cpu,TestDfft,16 256,1,1.7,23700000000.0,28162445566.0,20999388041.0,138796000000.0,11796063393.0,-1.0,-1.0,-1.0,-1.0,-1.0,-1.0,293744.0,210981.0,292445481719.0,91.5754059999995,,,,10.424594000000496
corona-cpu,TestDfft,16 32,1,0.0166,66000000.0,86410273.0,43775408.0,478000000.0,15035681.0,-1.0,-1.0,-1.0,-1.0,-1.0,-1.0,293744.0,210930.0,66681571.0,0.06509400000000001,,,,0.930906
corona-cpu,TestDfft,16 64,1,0.0333,416000000.0,694618010.0,393753708.0,3068000000.0,160163825.0,-1.0,-1.0,-1.0,-1.0,-1.0,-1.0,293744.0,210947.0,803945043.0,0.426018,,,,1.5719820000000002
corona-cpu,TestDfft,18 128,1,0.2333,3436000000.0,4549821517.0,2855166979.0,22204000000.0,1258053504.0,-1.0,-1.0,-1.0,-1.0,-1.0,-1.0,293744.0,211538.0,36778190393.0,10.989024000000004,,,,3.008975999999997
corona-cpu,TestDfft,18 256,1,1.6333,26638000000.0,31031320004.0,23005309502.0,156282000000.0,13649038597.0,-1.0,-1.0,-1.0,-1.0,-1.0,-1.0,293746.0,211557.0,330880550175.0,96.32576899999904,,,,1.6722310000009628
corona-cpu,TestDfft,18 32,1,0.0333,74000000.0,97579947.0,52389125.0,510000000.0,16569691.0,-1.0,-1.0,-1.0,-1.0,-1.0,-1.0,293744.0,211500.0,76368601.0,0.075615,,,,1.9223850000000002
corona-cpu,TestDfft,18 64,1,0.0333,468000000.0,785874571.0,482025046.0,3362000000.0,169420904.0,-1.0,-1.0,-1.0,-1.0,-1.0,-1.0,293744.0,211519.0,1279500510.0,0.596089,,,,1.4019110000000001
corona-cpu,TestDfft,20 120,1,0.0833,3232000000.0,3756130352.0,2500344019.0,19900000000.0,679641068.0,-1.0,-1.0,-1.0,-1.0,-1.0,-1.0,293744.0,212112.0,7583160328.0,3.2125320000000013,,,,1.785467999999999
corona-cpu,TestDfft,20 128,1,0.15,3804000000.0,4848239767.0,3095350053.0,24330000000.0,1489250072.0,-1.0,-1.0,-1.0,-1.0,-1.0,-1.0,293744.0,212112.0,16784733989.0,7.6312630000000015,,,,1.3687369999999985
corona-cpu,TestDfft,20 160,1,0.1833,7370000000.0,7842719722.0,5459329735.0,43680000000.0,2434574495.0,-1.0,-1.0,-1.0,-1.0,-1.0,-1.0,293744.0,212112.0,24254545673.0,9.591617,,,,1.406383
corona-cpu,TestDfft,20 200,1,0.3,14224000000.0,14995122546.0,10529373615.0,84202000000.0,3193035441.0,-1.0,-1.0,-1.0,-1.0,-1.0,-1.0,293744.0,212112.0,38895688212.0,15.636764,,,,2.3632360000000006
corona-cpu,TestDfft,20 240,1,0.5833,24562000000.0,25846084773.0,18106029842.0,145504000000.0,8729976238.0,-1.0,-1.0,-1.0,-1.0,-1.0,-1.0,293744.0,212133.0,83150143517.0,31.008663999999985,,,,3.9893360000000193
corona-cpu,TestDfft,20 256,1,1.4666,29588000000.0,34909243537.0,26012262336.0,173298000000.0,14239295926.0,-1.0,-1.0,-1.0,-1.0,-1.0,-1.0,293744.0,212133.0,305165177577.0,98.97886299999823,,,,-10.982862999998233
corona-cpu,TestDfft,20 32,1,0.0333,82000000.0,101297719.0,55514037.0,550000000.0,18817580.0,-1.0,-1.0,-1.0,-1.0,-1.0,-1.0,293744.0,212070.0,79757660.0,0.07541300000000001,,,,1.9225870000000003
corona-cpu,TestDfft,20 64,1,0.05,510000000.0,829746626.0,511494109.0,3594000000.0,197703701.0,-1.0,-1.0,-1.0,-1.0,-1.0,-1.0,293744.0,212091.0,1438000685.0,1.0363120000000001,,,,1.9636879999999999
lassen,comd,,1,0.0333,1082239.6119997147,22.155763881362628,466184.6403731578,2948119.899028904,1.426609899556605,1621614.9997049954,931354.9287570828,68860.3133145436,-1.0,0.0,5333333.333333333,731120.0,372682.0,8524225.57778791,0.005015333333333333,,,,1.9929846666666668
lassen,comd,,1,0.0333,240777.5990058457,15217.155779046278,25.51155918426552,57.763634583822615,0.9794660208451421,1044128.9637981113,970590.9606506568,458124.4746223528,-1.0,0.0,4666666.666666667,731120.0,372682.0,6988358.277335384,0.003336,,,,1.9946640000000002
lassen,comd,,1,0.0333,267899.2813540807,0.4161347726749636,89.1665607605662,1807036.781471097,0.7794461090832386,1.6085010213885764,979838.4922454612,99702.18210238738,-1.0,0.0,3333333.333333333,731120.0,372682.0,3955019.5510114036,0.005002666666666666,,,,1.9929973333333335
lassen,comd,,1,0.0333,490659.4312954163,2522012.824364238,2107226.791390622,15770863.09339786,0.9099114436363744,1.5374627017105893,566065.2469473841,265735.7664843604,-1.0,0.0,3333333.333333333,731148.0,372683.0,5466942.744532148,0.003336666666666667,,0.0,1.0333788029359112,1.9946633333333335
lassen,comd,,1,0.0333,570426.873966604,1707675.8086479062,1990206.6520926952,14641361.90226088,0.6915533227137197,582392.3241824936,31177.085885560304,366335.72554677096,-1.0,0.0,4000000.0,731120.0,372683.0,4999129.3473296035,0.0050036666666666675,,,,1.9929963333333336
lassen,comd,,1,0.05,486077.3316337304,23.35088979712689,971409.6226905279,3923653.8945342735,1.7245341371639906,4293093.225471406,636155.004338552,290513.1857419034,-1.0,0.0,4666666.666666667,731148.0,372683.0,6295085.765055877,0.003336,,0.3333333333333333,33710.0138556058,2.996664
lassen,comd,,1,0.05,538768.7499381633,1.355554498047021,750623.9556683708,4941136.228717714,0.3333333333333333,1889428.3433374616,1545819.3556036344,388024.8900639947,-1.0,0.0,5333333.333333333,731120.0,372682.0,0.9175806211918562,0.0033350000000000003,,,,2.996665
lassen,cosmoflow,,1,0.05,484887.1964811792,3.341574274838228,1111026.12512215,2532436.6313428315,1.4169169944543505,5664090.172455273,353076.94539028406,571488.4572928144,-1.0,0.0,4000000.0,731120.0,372682.0,,0.0016676666666666665,,,,2.9983323333333334
lassen,cosmoflow,,1,0.05,572421.9216738085,1.1323459595758785,578412.116560965,2095666.7560132071,18.065933389358413,1.3735580296146264,1286940.679047804,20585.64825150757,-1.0,0.0,4000000.0,731138.6666666665,372681.0,,0.006669666666666668,,,,2.993330333333333
lassen,deepcam,,1,0.0333,154445.89559623328,0.4075179115702807,677143.0165626268,9578.156667835225,26.940656120802583,3223745.466144836,1145874.3791113263,900808.3450593628,-1.0,0.0,4666666.666666667,731148.0,372682.0,2.8057298622364595,0.006670999999999999,,,,1.9913290000000001
lassen,deepcam,,1,0.0333,385407.8795540375,5672140.843520433,576849.7886718932,2428805.3913699216,0.3333333333333333,423460.4896499626,2013480.7412167985,177965.99110678086,-1.0,0.0,4000000.0,731120.0,372682.0,8991220.36809008,0.0050336666666666655,,,,1.9929663333333336
lassen,deepcam,,1,0.0333,444636.33659415634,6981.623213341855,486395.3374185084,0.4782739923896992,17.947095598694784,6234596.703053523,234546.12454192745,1059777.1339323935,-1.0,0.0,6000000.0,731148.0,372683.0,2.2775855187674447,0.005002333333333334,,,,1.992997666666667
lassen,deepcam,,1,0.0333,815802.8096289911,3741400.921460072,3993558.395910537,7010415.613134167,20.09951087872936,195772.34713138247,865766.3783674537,63460.71511530793,-1.0,0.0,5333333.333333333,731148.0,372682.0,6671989.166396828,0.006672333333333333,,,,1.9913276666666668
lassen,deepcam,,1,0.05,283325.52567248995,3446448.5754521675,592944.3731290734,2504593.0217207847,0.6151139275971765,1631276.8900436957,864877.8814375184,455332.0429908779,-1.0,0.0,3333333.333333333,731148.0,372682.0,2.3397789317334023,0.0033373333333333328,,,,2.9966626666666665
lassen,deepcam,,1,0.05,455005.5978239824,0.4186004291137152,438777.50382209616,1401918.1324515508,3.441155607973773,843751.145273336,55381.847702931926,528439.7098245756,-1.0,0.0,4666666.666666667,731148.0,372682.0,7908439.7601365885,0.0016686666666666664,,,,2.9983313333333332
lassen,deepcam,,1,0.05,462587.58372597647,3115848.4482249236,1534448.19628316,6637849.572167795,25.16224203461745,2146436.7011786546,463036.4648785037,220969.01456965585,-1.0,0.0,4000000.0,731120.0,372682.0,5669915.791993104,0.003334666666666667,,,,2.9966653333333335
lassen,deepcam,,1,0.05,479794.82269099256,4487856.6378998,2725282.9492555712,9552607.92587582,0.8374832154040998,2816005.617372433,112484.66972897797,384967.034221125,-1.0,0.0,4000000.0,731138.6666666665,372682.0,69.54689579162053,0.001668,,,,2.998332
lassen,deepcam,,1,0.05,487328.64772034326,5119941.159783836,1790537.8510174484,13249888.299578762,33.091952989912116,10294.735666606344,875238.5861381675,56751.63626016589,-1.0,0.0,5333333.333333333,731129.3333333335,372682.0,67.00271538615186,0.003386666666666667,,,,2.9966133333333334
lassen,deepcam,,1,0.05,535471.4921067202,22.813656625520224,1220138.9609355142,6245730.527610533,0.3333333333333333,2477873.2653406085,75045.22298643767,502739.2143122789,-1.0,0.0,4000000.0,731138.6666666665,372682.0,2.5743046825673352,0.006697666666666667,,,,2.9933023333333333
lassen,deepcam,,1,0.05,681297.1476571896,6018.318709850258,783889.8068406442,0.8239707671447221,1646.4520816213462,25254368.51634434,478956.4568712497,2175504.693821237,-1.0,0.0,4000000.0,731138.6666666665,372682.0,1.5495146634013293,0.003335333333333334,,,,2.9966646666666668
lassen,deepcam,,1,0.1,339111.11148691544,4755834.064303982,4214004.465324561,13284375.98472323,0.3333333333333333,5052862.454839891,138943.39739984125,726939.6439346983,-1.0,0.0,4000000.0,731148.0,372682.0,3349171.7878301265,0.001668,,,,5.998332
lassen,deepcam,,27,0.1666,1167969.3985468424,10977614.678515948,2063349.184576119,10413723.471297557,189555.01512469054,3675200.978461654,597588.1213359057,599964.626995204,-1.0,0.0,11012345.679012343,380216.64197530865,63473.30864197531,,0.04472987654320988,,,,9.95127012345679
lassen,deepcam,,27,0.1666,1228674.7729872207,4693318.338214595,2870264.786876798,8906414.049526852,108350.71978138328,2051591.5285126187,1155713.2175278142,408863.8963346845,-1.0,,14814814.814814815,380207.30864197534,63473.40740740741,3915834.497923724,0.04155088888888889,,,,9.954449111111112
lassen,deepcam,,27,0.1833,,,,,,,,,-1.0,0.0,12518518.51851852,380235.30864197534,63474.40740740741,6559327.8456199225,0.04530706172839506,,,,10.952692938271603
lassen,kripke.exe,--niter 10 --pmethod bj --groups 16 --legendre 0,1,0.1166,17378135.421328228,61577638.44858015,53133214.83166587,165067860.42584893,4213438.250826772,31967029.7844324,3404025.3014549217,11918925.737819145,-1.0,666666.6666666665,46000000.0,731148.0,6.14891469123689e+18,67323923.1788365,0.06709466666666666,,,,6.928905333333333
lassen,kripke.exe,--niter 10 --pmethod bj --groups 16 --legendre 1,1,0.0333,19958811.549385834,58311404.27706461,51114796.01728689,172835207.15104106,5011804.738179332,50649647.14765465,4804371.823220124,11250595.18402624,-1.0,666666.6666666665,44000000.0,731148.0,6.14891469123689e+18,71116546.88504758,0.06566033333333332,,,,1.932339666666667
lassen,kripke.exe,--niter 10 --pmethod bj --groups 16 --legendre 2,1,0.05,17957227.25066077,51794117.67124482,54208010.19174746,132909898.87573622,5208418.935228172,62720394.41137865,3353490.512462027,12188866.21873694,-1.0,666666.6666666665,50000000.0,731148.0,6.14891469123689e+18,75774402.16724221,0.07221266666666667,,,,2.9277873333333333
lassen,kripke.exe,--niter 10 --pmethod bj --groups 16 --legendre 3,1,0.0333,19775911.873291247,52104200.30484123,65022168.63535706,165450633.9482315,7651154.13628304,49407151.57268449,4801431.2424988635,9297040.580168307,-1.0,666666.6666666665,46000000.0,731129.3333333335,6.14891469123689e+18,92009692.26988824,0.07716933333333333,,,,1.9208306666666668
lassen,kripke.exe,--niter 10 --pmethod bj --groups 16 --legendre 4,1,0.0333,22215527.22684862,37956117.44811056,73654268.8056106,228460913.9752436,5364282.168499977,71349025.78000124,4136185.995795295,14518242.60593794,-1.0,666666.6666666665,46000000.0,731120.0,6.14891469123689e+18,85780446.41748086,0.07042466666666668,,,,1.9275753333333336
lassen,kripke.exe,--niter 10 --pmethod bj --groups 32 --legendre 0,1,0.0333,22113433.68563057,88997617.04852335,129815930.28710216,253274002.79858008,7998201.438819635,93958355.92604458,8997777.09557272,19688133.252197966,-1.0,666666.6666666665,54666666.66666666,731120.0,6.14891469123689e+18,112204882.03253339,0.11409666666666668,,,,1.8839033333333335
lassen,kripke.exe,--niter 10 --pmethod bj --groups 32 --legendre 1,1,0.05,25234642.375946946,98899931.91648118,118600673.65180516,267049213.53487012,10217244.447876867,125996256.36112528,3457000.999365556,23406267.56467057,-1.0,666666.6666666665,54000000.0,731148.0,6.14891469123689e+18,132173832.44782232,0.126023,,,,2.873977
lassen,kripke.exe,--niter 10 --pmethod bj --groups 32 --legendre 2,1,0.0333,26422465.50863826,85895475.92827716,104701621.42843996,271286165.5768934,12385688.631048327,92046960.44290891,5467384.509713922,21975194.310769554,-1.0,666666.6666666665,55333333.33333334,731148.0,6.14891469123689e+18,146322957.7003675,0.12377133333333334,,,,1.8742286666666668
lassen,kripke.exe,--niter 10 --pmethod bj --groups 32 --legendre 3,1,0.05,29549423.77080548,69214424.99864054,107670716.87901504,278389594.63332254,9847943.875139832,138003423.23468873,2904370.908675313,27405626.358594466,-1.0,666666.6666666665,64000000.0,731129.3333333335,6.14891469123689e+18,165306286.59056023,0.1070903333333333,,,,2.8929096666666667
lassen,kripke.exe,--niter 10 --pmethod bj --groups 32 --legendre 4,1,0.05,28951436.8468086,81992521.98000485,103825647.45016736,307702604.3966162,9713078.574730946,151318809.5795528,2690262.656709776,29791667.19802095,-1.0,1333333.333333333,60666666.66666666,731138.6666666665,6.14891469123689e+18,153473752.67122766,0.11716,,,,2.88284
lassen,kripke.exe,--niter 10 --pmethod bj --groups 8 --legendre 0,1,0.0333,14207523.712085756,43314815.49685525,28039254.36546948,121749633.78310366,4421822.576108358,23250044.00184978,3318707.2946271636,4856280.6763262665,-1.0,666666.6666666665,44666666.66666666,731120.0,6.14891469123689e+18,44704933.81942421,0.058857000000000013,,,,1.9391430000000003
lassen,kripke.exe,--niter 10 --pmethod bj --groups 8 --legendre 1,1,0.0333,16666077.060492173,53669860.45289179,45222518.67447972,150769585.20899957,3955573.439499667,31312851.206842184,6137517.662307539,5473998.2928776285,-1.0,666666.6666666665,42000000.0,731120.0,6.14891469123689e+18,66550166.23750321,0.06258633333333334,,,,1.9354136666666668
lassen,kripke.exe,--niter 10 --pmethod bj --groups 8 --legendre 2,1,0.0333,18112593.233579088,40137939.30171659,35909617.44459137,135029040.54829213,4066584.8784638783,26284385.79019323,6399160.006155843,5848493.111783374,-1.0,666666.6666666665,46000000.0,731138.6666666665,6.14891469123689e+18,66168872.21689769,0.055510000000000004,,,,1.9424900000000003
lassen,kripke.exe,--niter 10 --pmethod bj --groups 8 --legendre 3,1,0.0333,15866242.886975853,44563095.267313786,39142803.61774017,129914139.12440042,4511492.621014829,16737398.720336212,3062847.413586604,7210323.76055747,-1.0,666666.6666666665,41333333.333333336,731120.0,6.14891469123689e+18,27694656.15977525,0.052264333333333336,,,,1.945735666666667
lassen,kripke.exe,--niter 10 --pmethod bj --groups 8 --legendre 4,1,0.0333,18090086.253326725,28723194.13580264,28775726.4210268,127625814.75870997,4572935.594944255,25733091.92514537,10674368.472101517,4993338.80271973,-1.0,666666.6666666665,38666666.66666666,731120.0,6.14891469123689e+18,47041563.25726063,0.057339,,,,1.9406610000000002
lassen,kripke.exe,--niter 10 --pmethod sweep --groups 16 --legendre 0,1,0.0333,15258670.748706708,32.70250127176539,25433216.2633648,61210648.67541479,2066739.9839747625,6413193.331627143,1310812.0884764523,2504307.6594228544,-1.0,666666.6666666665,39333333.333333336,731129.3333333335,6.14891469123689e+18,29209219.869247466,0.05556566666666666,,,,1.9424343333333336
lassen,kripke.exe,--niter 10 --pmethod sweep --groups 16 --legendre 1,1,0.0333,15599651.139314398,16541279.579937413,23878195.177275985,99299183.53110296,1724766.7150783166,40323623.724420585,1222806.8154088126,6309065.768570532,-1.0,666666.6666666665,37333333.333333336,731148.0,6.14891469123689e+18,53373733.68380331,0.05534066666666667,,,,1.9426593333333335
lassen,kripke.exe,--niter 10 --pmethod sweep --groups 16 --legendre 2,1,0.0333,15295958.36006779,15714781.114905678,24017272.85136704,88834965.56579308,1168236.138210072,23048330.10270821,3050053.212686027,5116272.39053994,-1.0,666666.6666666665,36666666.66666666,731120.0,6.14891469123689e+18,32476837.49302787,0.057237,,,,1.9407630000000002
lassen,kripke.exe,--niter 10 --pmethod sweep --groups 16 --legendre 3,1,0.0333,17193051.784103945,16265417.105973355,28696631.34808972,93485030.18534592,1935302.9625258604,33096329.22529207,6224935.871832943,3284966.3966133213,-1.0,666666.6666666665,39333333.333333336,731148.0,6.14891469123689e+18,28038424.18411612,0.06882933333333334,,,,1.9291706666666668
lassen,kripke.exe,--niter 10 --pmethod sweep --groups 16 --legendre 4,1,0.05,18059432.11654684,6488180.057881364,28065950.11852029,86220966.98837139,2094413.1834134685,34818374.19734458,2191251.2848499413,5111775.648800971,-1.0,666666.6666666665,38666666.66666666,731120.0,6.14891469123689e+18,67442804.57418847,0.056950333333333325,,,,2.9430496666666666
lassen,kripke.exe,--niter 10 --pmethod sweep --groups 32 --legendre 0,1,0.0333,19377342.163240507,16061699.602367615,33445414.50342135,88332620.39261575,3016236.207625147,50461543.75328308,1271171.1927651428,5462260.288861938,-1.0,666666.6666666665,42666666.66666666,731129.3333333335,6.14891469123689e+18,68406869.67317182,0.06848766666666667,,,,1.9295123333333335
lassen,kripke.exe,--niter 10 --pmethod sweep --groups 32 --legendre 1,1,0.05,18453741.44609715,20147876.06811668,40332929.30059723,107350038.43936227,2140560.3947544373,77873482.23525432,628662.8355820639,7730409.05987325,-1.0,666666.6666666665,48000000.0,731138.6666666665,6.14891469123689e+18,74757534.23890504,0.05896000000000001,,,,2.94104
lassen,kripke.exe,--niter 10 --pmethod sweep --groups 32 --legendre 2,1,0.05,17199217.080858182,36895401.28703697,47495319.78982213,113350786.36879328,2285684.717304266,14830373.109838605,1332121.677006716,4812236.788690168,-1.0,666666.6666666665,45333333.33333334,731129.3333333335,6.14891469123689e+18,84502392.6025163,0.06905333333333334,,,,2.930946666666667
lassen,kripke.exe,--niter 10 --pmethod sweep --groups 32 --legendre 3,1,0.0333,23094672.44730353,24595898.156137634,44487082.79297936,183817448.73976249,2989792.1299137888,74270005.58674808,1399377.2911988995,8661739.40123504,-1.0,666666.6666666665,50000000.0,731148.0,6.14891469123689e+18,75697003.5872952,0.07942433333333332,,,,1.918575666666667
lassen,kripke.exe,--niter 10 --pmethod sweep --groups 32 --legendre 4,1,0.05,23735106.10490233,22867790.007671986,36521438.19496364,146063590.78886303,2819743.734518078,109006070.33777142,1691072.16856377,10474400.514342917,-1.0,1333333.333333333,62666666.66666666,731138.6666666665,6.14891469123689e+18,96943356.05011068,0.08395433333333334,,,,2.9160456666666668
lassen,kripke.exe,--niter 10 --pmethod sweep --groups 8 --legendre 0,1,0.0333,10168566.288723787,26361476.037888784,23777443.356993195,126242498.37289304,1014810.9026957672,15239832.31924663,493067.4141356026,1705994.8269771757,-1.0,666666.6666666665,36000000.0,731120.0,6.14891469123689e+18,16095816.011728687,0.047114666666666666,,,,1.9508853333333336
lassen,kripke.exe,--niter 10 --pmethod sweep --groups 8 --legendre 1,1,0.0333,12296083.305293525,13675392.735196404,12473811.924016615,81289788.41895005,1302108.9668005724,14290687.76632061,687229.9006202283,3355531.151124738,-1.0,666666.6666666665,38000000.0,731120.0,6.14891469123689e+18,39675641.37879347,0.046957,,,,1.9510430000000003
lassen,kripke.exe,--niter 10 --pmethod sweep --groups 8 --legendre 2,1,0.0333,13069105.720695926,937604.0879411405,12689278.747168722,63876779.2898885,2005531.5718274948,21375722.562482007,575354.5058493945,4007356.252656194,-1.0,666666.6666666665,36000000.0,731138.6666666665,6.14891469123689e+18,44292020.95983431,0.048742666666666684,,,,1.9492573333333336
lassen,kripke.exe,--niter 10 --pmethod sweep --groups 8 --legendre 3,1,0.0333,11652741.096673328,38336660.59831374,17721312.018291358,89442649.6400257,1630228.3390725444,9415143.662691373,2153878.853132748,2973648.2701753075,-1.0,666666.6666666665,32666666.66666667,731120.0,6.14891469123689e+18,14959792.593523895,0.043674333333333336,,,,1.9543256666666668
lassen,kripke.exe,--niter 10 --pmethod sweep --groups 8 --legendre 4,1,0.0333,14298679.172609566,19214730.892519567,13474730.066634178,89849380.31211872,1754384.8226730116,20684529.73842,1152300.4515689062,4069550.074945414,-1.0,666666.6666666665,40000000.0,731129.3333333335,6.14891469123689e+18,34616353.02175511,0.049171,,,,1.9488290000000001
lassen,kripke.exe,--niter 15 --pmethod bj --groups 16 --legendre 0,1,0.0333,28885223.00798901,56596994.24872089,70853352.48035775,259636876.3241473,10347630.502399696,67855210.59282021,6991795.249628991,10183664.137714667,-1.0,666666.6666666665,67333333.33333333,731148.0,6.14891469123689e+18,107035683.2427482,0.09588733333333334,,,,1.9021126666666668
lassen,kripke.exe,--niter 15 --pmethod bj --groups 16 --legendre 1,1,0.05,26848887.263071384,72849394.83666746,89572258.47999312,291994952.51175743,7567847.777207578,56713437.03402364,6955850.417254672,18644141.210320987,-1.0,666666.6666666665,63333333.33333334,731120.0,6.14891469123689e+18,97485373.55771628,0.091236,,,,2.908764
lassen,kripke.exe,--niter 15 --pmethod bj --groups 16 --legendre 2,1,0.05,27904733.46464781,72583536.90154141,82421064.06757618,231194253.01113507,10732086.218503097,62679241.15691143,6146370.532008524,13773219.068384258,-1.0,666666.6666666665,63333333.33333334,731138.6666666665,6.14891469123689e+18,133674857.82452483,0.09902166666666666,,,,2.900978333333333
lassen,kripke.exe,--niter 15 --pmethod bj --groups 16 --legendre 3,1,0.0333,31517908.68933929,67567934.3210386,65459905.46757522,265600037.2819409,7431058.301194829,89031762.86875047,6287402.985410549,16565311.664617855,-1.0,666666.6666666665,67333333.33333333,731148.0,6.14891469123689e+18,105805505.97947375,0.10207900000000003,,,,1.8959210000000002
lassen,kripke.exe,--niter 15 --pmethod bj --groups 16 --legendre 4,1,0.0333,32606845.989400994,67785336.70190725,82740214.48554271,262598363.4978481,9621916.504424213,88314372.08196758,5794515.820955709,16554348.362228498,-1.0,666666.6666666665,67333333.33333333,731120.0,6.14891469123689e+18,121714278.36767556,0.092179,,,,1.9058210000000002
lassen,kripke.exe,--niter 15 --pmethod bj --groups 32 --legendre 0,1,0.0333,33378362.75771876,176374178.61296418,172484710.28709036,397768449.3945963,15226256.889247354,149871446.48164186,6708167.890087052,34411884.43156991,-1.0,666666.6666666665,80666666.66666667,731148.0,6.14891469123689e+18,168812111.37518153,0.1311203333333333,,,,1.866879666666667
lassen,kripke.exe,--niter 15 --pmethod bj --groups 32 --legendre 1,1,0.05,37800667.45841787,134693311.27661487,168898151.28787348,406933725.86150366,15087066.88299759,135502144.43827933,5921208.268519263,34291750.370976195,-1.0,666666.6666666665,79333333.33333333,731129.3333333335,6.14891469123689e+18,205928478.7568401,0.14246700000000004,,,,2.857533
lassen,kripke.exe,--niter 15 --pmethod bj --groups 32 --legendre 2,1,0.05,38944962.50444054,127876367.20212008,161502239.3269934,358060408.82837653,15927764.387985485,137540484.97376984,8242891.333067263,33737928.32399613,-1.0,666666.6666666665,74000000.0,731129.3333333335,6.14891469123689e+18,203426787.0360943,0.1457726666666667,,,,2.8542273333333332
lassen,kripke.exe,--niter 15 --pmethod bj --groups 32 --legendre 3,1,0.05,39768528.73465676,121863450.664249,160927081.76844674,406641959.1995621,16409753.820730256,208003936.8972765,5607405.200645383,40792193.11125196,-1.0,666666.6666666665,81333333.33333333,731148.0,6.14891469123689e+18,183855162.38248032,0.150713,,,,2.849287
lassen,kripke.exe,--niter 15 --pmethod bj --groups 32 --legendre 4,1,0.05,41665958.55960348,139329731.26694787,175740566.17299408,422654113.17023283,15748297.823782822,213655950.13315937,5472730.198669193,40764728.45573216,-1.0,1333333.333333333,94666666.66666669,731138.6666666665,6.14891469123689e+18,194111335.1239407,0.156342,,,,2.843658
lassen,kripke.exe,--niter 15 --pmethod bj --groups 8 --legendre 0,1,0.0333,22860315.53921764,46914668.92628052,43328565.84195689,167603619.50746924,5738779.170770912,45841051.38314029,6678388.196163484,7556066.2403866025,-1.0,666666.6666666665,59333333.33333334,731120.0,6.14891469123689e+18,75212903.10267343,0.06519533333333334,,,,1.932804666666667
lassen,kripke.exe,--niter 15 --pmethod bj --groups 8 --legendre 1,1,0.0333,23088423.613375496,82653815.13784637,54907383.61328303,163668718.60733622,5326680.134917628,35728650.14941996,13116037.011130175,8517741.798521051,-1.0,666666.6666666665,61333333.33333334,731148.0,6.14891469123689e+18,81508889.61662367,0.061026666666666673,,,,1.9369733333333334
lassen,kripke.exe,--niter 15 --pmethod bj --groups 8 --legendre 2,1,0.0333,21389191.901191432,53448020.00284066,47468581.42073428,194009414.34244943,5831503.563253253,34811950.662107736,7170715.5720073385,8381102.16265275,-1.0,666666.6666666665,56666666.66666666,731129.3333333335,6.14891469123689e+18,71635465.41588803,0.06411966666666667,,,,1.9338803333333336
lassen,kripke.exe,--niter 15 --pmethod bj --groups 8 --legendre 3,1,0.0333,17985606.168377347,105306022.21062894,62233536.7021657,209212850.468146,5045676.322387817,49448541.72794706,3700028.4159348905,9348499.697701633,-1.0,666666.6666666665,62000000.0,731148.0,6.14891469123689e+18,71804710.96925904,0.07730433333333334,,,,1.9206956666666668
lassen,kripke.exe,--niter 15 --pmethod bj --groups 8 --legendre 4,1,0.0333,24422720.26489566,69971861.26193462,61580582.33763146,221420351.73465225,6688915.100422137,33038244.265223715,1698539.7025425946,8982747.08325046,-1.0,666666.6666666665,68666666.66666667,731138.6666666665,6.14891469123689e+18,83379447.87884906,0.082053,,,,1.9159470000000003
lassen,kripke.exe,--niter 15 --pmethod sweep --groups 16 --legendre 0,1,0.0333,22408885.05895642,14261602.249697804,26377070.18686803,107375839.89487226,2746699.3407557704,30220354.10540403,1505796.485195705,4302245.296957584,-1.0,666666.6666666665,52000000.0,731120.0,6.14891469123689e+18,49259238.99910785,0.06917333333333335,,,,1.928826666666667
lassen,kripke.exe,--niter 15 --pmethod sweep --groups 16 --legendre 1,1,0.0333,19639158.979618784,26044835.71925865,27386827.61069481,134639854.37470374,2443190.3519903715,22843715.236152884,3499975.916191124,5049044.542945129,-1.0,666666.6666666665,52666666.66666666,731138.6666666665,6.14891469123689e+18,70985404.97161338,0.06553266666666667,,,,1.9324673333333335
lassen,kripke.exe,--niter 15 --pmethod sweep --groups 16 --legendre 2,1,0.0333,19636677.01803044,28674923.55769733,42690674.12792334,144681819.17258215,2639068.252192053,50351750.70476923,2191382.216794499,7016260.564146968,-1.0,666666.6666666665,50000000.0,731120.0,6.14891469123689e+18,67016611.94393614,0.06914733333333334,,,,1.9288526666666668
lassen,kripke.exe,--niter 15 --pmethod sweep --groups 16 --legendre 3,1,0.0333,24315320.85546958,28111580.05319517,54855978.53140564,171445033.08002293,1760782.8437811434,50964939.08594597,1661352.4864089868,5186653.411559633,-1.0,666666.6666666665,58000000.0,731148.0,6.14891469123689e+18,65147232.72005668,0.067451,,,,1.9305490000000003
lassen,kripke.exe,--niter 15 --pmethod sweep --groups 16 --legendre 4,1,0.05,22930668.7870049,30455432.194676656,64759545.86723059,160824746.61809847,3668603.718948346,62275516.78136552,3478680.4404500886,8073729.723901497,-1.0,666666.6666666665,60000000.0,731129.3333333335,6.14891469123689e+18,80755608.85341626,0.056919666666666674,,,,2.9430803333333335
lassen,kripke.exe,--niter 15 --pmethod sweep --groups 32 --legendre 0,1,0.05,30348628.215299945,21005006.40262368,62592271.06139142,167361255.373825,3163275.4603227344,68205917.34115736,3811798.436660292,11634056.371790528,-1.0,666666.6666666665,62000000.0,731129.3333333335,6.14891469123689e+18,90717175.69112672,0.07888033333333334,,,,2.921119666666667
lassen,kripke.exe,--niter 15 --pmethod sweep --groups 32 --legendre 1,1,0.05,26158817.03748147,29708091.430099986,61270638.03917802,216256200.8012011,2660594.0921646915,80592623.59617083,2755186.6549205515,10850999.53281057,-1.0,666666.6666666665,66000000.0,731148.0,6.14891469123689e+18,86739760.00654308,0.08887133333333333,,,,2.9111286666666665
lassen,kripke.exe,--niter 15 --pmethod sweep --groups 32 --legendre 2,1,0.05,20761324.794928085,53373980.79126755,52619952.70307358,187240106.22123417,2263046.955305927,98116804.06939772,3532852.01216409,9021645.304862754,-1.0,666666.6666666665,62000000.0,731138.6666666665,6.14891469123689e+18,116738608.44788627,0.097422,,,,2.902578
lassen,kripke.exe,--niter 15 --pmethod sweep --groups 32 --legendre 3,1,0.05,31779232.19150411,29840405.19383385,94835841.50804111,194624475.91306767,6121927.506683703,72451460.31757022,1688576.469968387,13139916.883440996,-1.0,666666.6666666665,72000000.0,731120.0,6.14891469123689e+18,137158040.63995436,0.109312,,,,2.890688
lassen,kripke.exe,--niter 15 --pmethod sweep --groups 32 --legendre 4,1,0.05,32624325.42120151,27658198.47765493,78637898.93775155,208188900.1965699,6353601.332046017,89362554.70686688,4573931.87120998,14392362.81145527,-1.0,1333333.333333333,71333333.33333333,731129.3333333335,6.14891469123689e+18,130119728.00788713,0.09523166666666666,,,,2.904768333333333
lassen,kripke.exe,--niter 15 --pmethod sweep --groups 8 --legendre 0,1,0.0333,17636079.04283016,23010770.458359186,35146408.26306134,104524774.41018908,2182022.45367245,5684265.1103933975,824266.0350304694,3570777.244392346,-1.0,666666.6666666665,49333333.33333334,731120.0,6.14891469123689e+18,56384864.31980974,0.062574,,,,1.9354260000000003
lassen,kripke.exe,--niter 15 --pmethod sweep --groups 8 --legendre 1,1,0.0333,19002154.093933214,30127761.87702188,23257255.93747385,114610967.49267934,2252537.58273405,22077090.16724247,3846454.01942718,1682373.6645545831,-1.0,666666.6666666665,49333333.33333334,731120.0,6.14891469123689e+18,50258607.05854243,0.05058633333333334,,,,1.9474136666666668
lassen,kripke.exe,--niter 15 --pmethod sweep --groups 8 --legendre 2,1,0.0333,18983297.41094314,19664147.41873328,25055578.51316826,113458692.72427052,3252902.210987142,11131547.638586055,5214657.712288825,4362294.102417375,-1.0,666666.6666666665,45333333.33333334,731120.0,6.14891469123689e+18,40191948.55998589,0.045689,,,,1.9523110000000001
lassen,kripke.exe,--niter 15 --pmethod sweep --groups 8 --legendre 3,1,0.0333,21386904.764825035,26126583.19607954,33910346.458867796,153185724.49122584,2232741.2254895377,15627617.363755366,574887.9640415753,2732575.2175377817,-1.0,666666.6666666665,51333333.33333334,731148.0,6.14891469123689e+18,63809312.12031071,0.05412,,,,1.9438800000000003
lassen,kripke.exe,--niter 15 --pmethod sweep --groups 8 --legendre 4,1,0.0333,21157348.650229834,22715649.633251786,25689443.716748986,107386987.22949196,2356833.919630461,30969500.696237016,1966896.9072517392,4749527.99913023,-1.0,666666.6666666665,52666666.66666666,731148.0,6.14891469123689e+18,60526635.41587183,0.05586633333333333,,,,1.9421336666666669
lassen,kripke.exe,--niter 40 --pmethod sweep --groups 16 --legendre 0,1,0.05,51963572.09572149,73102908.42511754,88201828.77611819,308225890.36204326,8548049.569979938,65643905.68117529,5838681.931341284,14314818.93211721,-1.0,666666.6666666665,121333333.33333331,731120.0,6.14891469123689e+18,185676633.78152984,0.11389,,,,2.88611
lassen,kripke.exe,--niter 40 --pmethod sweep --groups 16 --legendre 1,1,0.05,49989247.67541485,64794097.2171104,98626663.29015052,308228136.8094436,5727863.275859863,82411711.51778753,4765954.310028796,14288107.06104234,-1.0,666666.6666666665,132666666.66666669,731120.0,6.14891469123689e+18,135948600.60059592,0.11042733333333336,,,,2.8895726666666666
lassen,kripke.exe,--niter 40 --pmethod sweep --groups 16 --legendre 2,1,0.05,57228852.78014267,45264437.44872338,124383117.07677272,372231292.97778034,7467816.3156852275,97227761.96793193,5662719.0947377775,15868165.396177275,-1.0,666666.6666666665,126000000.0,731129.3333333335,6.14891469123689e+18,173794121.06277734,0.12038733333333332,,,,2.8796126666666666
lassen,kripke.exe,--niter 40 --pmethod sweep --groups 16 --legendre 3,1,0.05,56749580.47436986,64842025.92407528,93314411.39676549,347302632.4393311,8102491.384995294,89105527.63738607,3693430.9456842537,18076324.266204048,-1.0,1333333.333333333,140666666.66666666,731138.6666666665,6.14891469123689e+18,182536955.83811983,0.13360233333333335,,,,2.866397666666667
lassen,kripke.exe,--niter 40 --pmethod sweep --groups 16 --legendre 4,1,0.0666,63059117.52427864,72479501.2865234,115709420.74303807,356554377.9853224,8564758.118642451,112589227.3825985,3199988.1437778887,18976568.133384313,-1.0,1333333.333333333,136666666.66666666,731148.0,6.14891469123689e+18,163687524.40196648,0.15746433333333335,,,,3.838535666666667
lassen,kripke.exe,--niter 40 --pmethod sweep --groups 32 --legendre 0,1,0.0666,64600768.17773098,65469443.66444605,152058676.8592376,448927417.43314815,9986009.716879005,161139429.61358628,4336024.676060496,28640171.93832525,-1.0,1333333.333333333,142666666.66666666,731120.0,6.14891469123689e+18,214306855.82771316,0.16296300000000002,,,,3.8330370000000005
lassen,kripke.exe,--niter 40 --pmethod sweep --groups 32 --legendre 1,1,0.0833,60831246.94072557,54965372.68488943,156860361.90369633,422033881.8843244,9796920.82261275,161603097.25466952,4140335.346037047,30234670.822617665,-1.0,1333333.333333333,144666666.66666666,731120.0,6.14891469123689e+18,224628030.7313172,0.1913183333333333,,,,4.806681666666667
lassen,kripke.exe,--niter 40 --pmethod sweep --groups 32 --legendre 2,1,0.0666,75974634.0770593,30487233.750778794,146360430.89601508,467277811.9122464,12302206.35155718,234347718.02978733,4809180.307216897,36948846.60283537,-1.0,1333333.333333333,156000000.0,731129.3333333335,6.14891469123689e+18,242258452.3985605,0.19460433333333332,,,,3.801395666666667
lassen,kripke.exe,--niter 40 --pmethod sweep --groups 32 --legendre 3,1,0.0666,74317789.15472881,81649931.17682475,188749788.9334033,462022923.0279864,14552096.214362353,170638386.57278377,6805057.359289672,37964579.18270918,-1.0,1333333.333333333,161333333.33333334,731120.0,6.14891469123689e+18,292938076.3722483,0.20470566666666667,,,,3.791294333333334
lassen,kripke.exe,--niter 40 --pmethod sweep --groups 32 --legendre 4,1,0.0833,83140586.82342961,85818722.85488684,213197652.45777103,561734852.1734235,14419220.92418816,267318667.4421732,4060659.104112826,41774700.52178352,-1.0,1333333.333333333,182000000.0,731148.0,6.14891469123689e+18,256267523.0638288,0.207533,,,,4.7904670000000005
lassen,kripke.exe,--niter 40 --pmethod sweep --groups 8 --legendre 0,1,0.0333,46888319.94306886,54919885.59049104,64844254.89643281,275490579.27011627,5553977.342124428,39639442.75455152,2797550.7504541352,7382367.528674617,-1.0,666666.6666666665,122666666.66666669,731148.0,6.14891469123689e+18,132491801.44181196,0.088835,,,,1.9091650000000002
lassen,kripke.exe,--niter 40 --pmethod sweep --groups 8 --legendre 1,1,0.05,50359846.02585528,66180131.44317582,67756451.96620901,316482311.4321848,6254893.975168592,54368378.96327125,1831586.0910353232,6701938.220003706,-1.0,666666.6666666665,108000000.0,731120.0,6.14891469123689e+18,134698226.7814616,0.09203133333333334,,,,2.9079686666666666
lassen,kripke.exe,--niter 40 --pmethod sweep --groups 8 --legendre 2,1,0.0333,46440151.12195844,65720147.57317284,65695651.8441281,305418512.86468565,5962502.647568091,42679383.72722144,2893432.043209156,6261160.129447684,-1.0,666666.6666666665,116000000.0,731120.0,6.14891469123689e+18,161449435.32980224,0.10707133333333334,,,,1.890928666666667
lassen,kripke.exe,--niter 40 --pmethod sweep --groups 8 --legendre 3,1,0.05,46751571.01398096,60082671.04610056,72745429.74204129,286003742.2765851,6023462.677454121,29206477.313787226,3584779.324350814,6715534.031716962,-1.0,666666.6666666665,124666666.66666669,731129.3333333335,6.14891469123689e+18,121884030.34395534,0.09891066666666666,,,,2.901089333333333
lassen,kripke.exe,--niter 40 --pmethod sweep --groups 8 --legendre 4,1,0.0666,56641761.72081021,53725884.00644726,55062549.21965189,270495465.49170285,8283037.0496377265,40492154.23346532,3169512.460362009,10273267.893445335,-1.0,666666.6666666665,118000000.0,731148.0,6.14891469123689e+18,112444696.47403853,0.10770233333333334,,,,3.8882976666666673
lassen,kripke.exe,--niter 5 --pmethod bj --groups 16 --legendre 0,1,0.0333,10455570.212681675,40811988.158965796,31248567.384720746,89337562.58731239,3363235.081793426,36538243.98568364,4442505.417836047,5044417.325353154,-1.0,666666.6666666665,26666666.66666667,731120.0,6.14891469123689e+18,73389883.93422621,0.044347,,,,1.9536530000000003
lassen,kripke.exe,--niter 5 --pmethod bj --groups 16 --legendre 1,1,0.0333,10853027.99810974,51883246.88717497,40633317.92671741,127883860.61280112,1846055.205237549,47993028.60323069,1568081.2813177512,9029696.535268797,-1.0,666666.6666666665,27333333.33333333,731129.3333333335,6.14891469123689e+18,35336118.90142066,0.05551166666666666,,,,1.9424883333333336
lassen,kripke.exe,--niter 5 --pmethod bj --groups 16 --legendre 2,1,0.0333,10449482.821565364,24693572.41709476,23538845.102960866,79719391.86302309,3520186.268664617,20341784.681047376,1706473.7740742525,4586566.647993241,-1.0,666666.6666666665,29333333.33333333,731120.0,6.14891469123689e+18,49756077.80179418,0.05230666666666667,,,,1.9456933333333335
lassen,kripke.exe,--niter 5 --pmethod bj --groups 16 --legendre 3,1,0.0333,12516435.27750192,31556485.03820181,32779961.59020191,119238762.95947056,2830436.778623065,26246734.13812668,1623449.4935598846,7411129.7878995715,-1.0,666666.6666666665,27333333.33333333,731129.3333333335,6.14891469123689e+18,48784586.68173198,0.057252,,,,1.9407480000000001
lassen,kripke.exe,--niter 5 --pmethod bj --groups 16 --legendre 4,1,0.05,13623329.008333458,17766380.447689414,25781332.25296269,109078279.06468888,2448352.7264589653,41181409.94443371,2114695.743942046,7557799.669005178,-1.0,666666.6666666665,26666666.66666667,731120.0,6.14891469123689e+18,37995919.82254222,0.04586366666666667,,,,2.9541363333333335
lassen,kripke.exe,--niter 5 --pmethod bj --groups 32 --legendre 0,1,0.0333,15263819.900320135,45929119.77785602,64240792.26384115,182232240.855975,2698192.5808667718,48763243.73143375,2039594.0171288853,14636154.081904056,-1.0,666666.6666666665,32000000.0,731148.0,6.14891469123689e+18,69106728.02953188,0.07069666666666666,,,,1.9273033333333336
lassen,kripke.exe,--niter 5 --pmethod bj --groups 32 --legendre 1,1,0.05,12492607.639709365,33671612.50275684,38623054.43362339,131797433.72062604,4307799.095038794,58117335.64970225,3756501.408923437,8836552.552960182,-1.0,666666.6666666665,34666666.666666664,731120.0,6.14891469123689e+18,63901896.13257954,0.066993,,,,2.933007
lassen,kripke.exe,--niter 5 --pmethod bj --groups 32 --legendre 2,1,0.0333,15450572.250278352,55692716.01375538,45227019.50233639,115403907.4833094,4200225.261436267,63006928.55568019,3144986.15494038,11110752.59134907,-1.0,666666.6666666665,28000000.0,731148.0,6.14891469123689e+18,64951602.02136902,0.06381933333333333,,,,1.934180666666667
lassen,kripke.exe,--niter 5 --pmethod bj --groups 32 --legendre 3,1,0.0333,16589814.655216888,53172373.33538365,56694409.41727412,160759743.37961093,4006337.212595258,62721711.08219627,2806297.946276301,15692025.655980082,-1.0,666666.6666666665,32666666.66666667,731148.0,6.14891469123689e+18,48668827.26373216,0.07717933333333334,,,,1.920820666666667
lassen,kripke.exe,--niter 5 --pmethod bj --groups 32 --legendre 4,1,0.0333,13889517.738152975,68897168.2044412,83340321.68720151,173417370.28426692,5648807.276274778,73090747.90273835,6029829.607418798,10287578.984234866,-1.0,666666.6666666665,35333333.333333336,731120.0,6.14891469123689e+18,91259447.79022564,0.07749333333333333,,,,1.9205066666666668
lassen,kripke.exe,--niter 5 --pmethod bj --groups 8 --legendre 0,1,0.0333,8143159.636579093,9231865.881773466,6752247.943589628,56483954.56075135,1624347.435475883,8366808.490505104,2180192.138592068,3717835.727936152,-1.0,666666.6666666665,26000000.0,731148.0,6.14891469123689e+18,50032423.91068038,0.036989666666666664,,,,1.9610103333333335
lassen,kripke.exe,--niter 5 --pmethod bj --groups 8 --legendre 1,1,0.0333,9272151.156735484,42259251.21251858,11082884.41626395,66631706.15611488,1591162.8702215066,13538016.870954385,5299722.65309091,2589818.772913159,-1.0,666666.6666666665,22666666.66666667,731120.0,6.14891469123689e+18,22795406.112122405,0.04383366666666667,,,,1.9541663333333334
lassen,kripke.exe,--niter 5 --pmethod bj --groups 8 --legendre 2,1,0.0333,9342767.673867008,24526266.747840445,16353011.726639705,99798892.21860164,1827990.1640757844,7660195.007206329,6842499.0758170625,2058679.6288544938,-1.0,666666.6666666665,26000000.0,731148.0,6.14891469123689e+18,32109033.24012024,0.03394633333333333,,,,1.9640536666666668
lassen,kripke.exe,--niter 5 --pmethod bj --groups 8 --legendre 3,1,0.05,8089476.8209738815,38785470.59481367,13957467.947920032,71868799.25165845,2474351.7901563533,15219502.854051884,890169.4468802123,2155987.408115656,-1.0,666666.6666666665,27333333.33333333,731138.6666666665,6.14891469123689e+18,339943.7687579773,0.046863000000000016,,,,2.953137
lassen,kripke.exe,--niter 5 --pmethod bj --groups 8 --legendre 4,1,0.0333,9294782.003340444,14189979.63753827,21054779.41028115,105623875.62211956,2117987.14169054,1688743.0159564966,1761014.421878771,2016594.13695729,-1.0,666666.6666666665,25333333.33333333,731138.6666666665,6.14891469123689e+18,24294975.74607209,0.04848066666666667,,,,1.9495193333333336
lassen,kripke.exe,--niter 5 --pmethod sweep --groups 16 --legendre 0,1,0.0333,8881194.289970195,7646122.296049843,11286540.837185413,47619015.52799704,964100.3113777487,14947383.490881858,255100.9849902084,1903594.0356744383,-1.0,666666.6666666665,23333333.33333333,731120.0,6.14891469123689e+18,20928967.368444186,0.04395366666666667,,,,1.9540463333333336
lassen,kripke.exe,--niter 5 --pmethod sweep --groups 16 --legendre 1,1,0.0333,6759024.796042559,21633186.834209926,10689431.817777475,69733266.88519229,860516.9880721249,18524542.957879625,772188.1989706695,2851058.336308804,-1.0,666666.6666666665,24666666.66666667,731148.0,6.14891469123689e+18,27994142.67329298,0.03573266666666667,,,,1.9622673333333336
lassen,kripke.exe,--niter 5 --pmethod sweep --groups 16 --legendre 2,1,0.0333,9472031.344027756,11625877.655272385,18422028.0224816,67475622.30245294,818065.6122919944,6389033.3535880875,2527882.008397833,1071993.7568251204,-1.0,666666.6666666665,18666666.666666668,731120.0,6.14891469123689e+18,30189864.14382155,0.039365333333333336,,,,1.958634666666667
lassen,kripke.exe,--niter 5 --pmethod sweep --groups 16 --legendre 3,1,0.0333,8493784.005498674,7325977.413088217,17815000.788245674,62309474.65652783,1038162.7190018321,19346142.65431401,232560.46707968114,2685751.9508527718,-1.0,666666.6666666665,25333333.33333333,731120.0,6.14891469123689e+18,12622541.883450687,0.040688666666666665,,,,1.9573113333333336
lassen,kripke.exe,--niter 5 --pmethod sweep --groups 16 --legendre 4,1,0.0333,10555131.62760358,8874500.838055976,18708042.115596507,72348232.81679736,1871219.9661029358,23313388.87000743,12457389.369253399,990571.8708721598,-1.0,666666.6666666665,24666666.66666667,731129.3333333335,6.14891469123689e+18,24722233.865032677,0.04046133333333333,,,,1.957538666666667
lassen,kripke.exe,--niter 5 --pmethod sweep --groups 32 --legendre 0,1,0.0333,6953607.09115997,6563723.676014802,26054577.23952415,61415531.67835844,972989.011390754,25389054.062715843,39505716.38150987,1015536.6897275349,-1.0,666666.6666666665,26666666.66666667,731120.0,6.14891469123689e+18,28707271.533782464,0.04551733333333333,,,,1.9524826666666668
lassen,kripke.exe,--niter 5 --pmethod sweep --groups 32 --legendre 1,1,0.0333,11746095.976414505,13555487.533209935,29294988.50703323,113612797.97883716,1792567.0072140992,8940471.641331008,1828270.076930884,3786189.3081892687,-1.0,666666.6666666665,22666666.66666667,731129.3333333335,6.14891469123689e+18,58978323.37190468,0.049006,,,,1.9489940000000001
lassen,kripke.exe,--niter 5 --pmethod sweep --groups 32 --legendre 2,1,0.0333,11395564.466779532,5592595.39783562,12711635.397144513,75318577.24449284,1594737.2017414602,41357015.43772028,490617.9076350562,5824494.323240916,-1.0,666666.6666666665,20666666.666666668,731129.3333333335,6.14891469123689e+18,13533290.81565646,0.04755733333333334,,,,1.950442666666667
lassen,kripke.exe,--niter 5 --pmethod sweep --groups 32 --legendre 3,1,0.0333,9159546.043030744,12385980.525017954,35040984.2768426,65949288.63781941,3128988.443855405,20901524.535444137,658673.0679326514,6181601.226953735,-1.0,666666.6666666665,31333333.33333333,731138.6666666665,6.14891469123689e+18,33685334.94799354,0.05893366666666666,,,,1.9390663333333336
lassen,kripke.exe,--niter 5 --pmethod sweep --groups 32 --legendre 4,1,0.0333,11398439.63111782,22369146.71952121,30590227.18790153,76079399.26778214,3247651.587329392,33710567.37887488,2214802.346872015,4001993.7605773904,-1.0,666666.6666666665,31333333.33333333,731148.0,6.14891469123689e+18,48458952.10733727,0.059253999999999994,,,,1.9387460000000003
lassen,kripke.exe,--niter 5 --pmethod sweep --groups 8 --legendre 0,1,0.0333,8075353.42696113,47.020022815835155,6773549.172072921,32990998.06391415,844334.5177532407,1851464.1140269737,280814.8292975565,362189.16056038963,-1.0,666666.6666666665,24666666.66666667,731148.0,6.14891469123689e+18,21609896.473725915,0.033896333333333334,,,,1.964103666666667
lassen,kripke.exe,--niter 5 --pmethod sweep --groups 8 --legendre 1,1,0.0333,7215584.853125122,3546149.0431105904,10915799.291926252,50451951.39022172,828212.4887067842,10329523.25555844,3563715.8185967263,1148282.8165207286,-1.0,666666.6666666665,23333333.33333333,731138.6666666665,6.14891469123689e+18,33510187.79985649,0.03762366666666666,,,,1.9603763333333335
lassen,kripke.exe,--niter 5 --pmethod sweep --groups 8 --legendre 2,1,0.05,7081604.384908684,8068153.543722235,11476189.852624282,58859181.06627231,502084.99018042476,2978884.0302364286,798047.5246955134,1900695.89983645,-1.0,666666.6666666665,24000000.0,731148.0,6.14891469123689e+18,26882044.91945637,0.03373633333333333,,,,2.966263666666667
lassen,kripke.exe,--niter 5 --pmethod sweep --groups 8 --legendre 3,1,0.0333,6732916.543485142,8375061.042822246,13292843.268287078,44436482.85138102,700597.5599314435,8363312.825473524,451577.1813919121,1576817.8064388146,-1.0,666666.6666666665,22000000.0,731148.0,6.14891469123689e+18,13961907.751506254,0.037636,,,,1.9603640000000002
lassen,kripke.exe,--niter 5 --pmethod sweep --groups 8 --legendre 4,1,0.0333,7264708.016869293,11396525.391517892,6887537.951683043,36314584.8712131,820605.748888963,24204769.64739397,946292.8306925049,1364272.9510568415,-1.0,666666.6666666665,23333333.33333333,731138.6666666665,6.14891469123689e+18,25680777.46497536,0.029360666666666663,,,,1.9686393333333336
lassen,miniFE.x,-nx 100 -ny 100 -nz 100,1,0.25,3643899730.79934,7908187297.449182,562872935.9226339,27579387623.30376,257109459.33192563,24099939.22547695,459067164.9977709,1374748.126899973,-1.0,3270666666.6666665,12411333333.333334,731148.0,6.14891469123689e+18,7026687308.41397,4.254396666666668,,,,10.745603333333332
lassen,miniFE.x,-nx 100 -ny 100 -nz 50,1,0.1333,1848542531.6940527,3874319134.347889,280473361.39951473,13833418148.997564,129468744.92591508,30109365.25388463,230597139.58277184,1327511.6962714014,-1.0,1640000000.0,6217333333.333333,731129.3333333335,6.14891469123689e+18,3406131223.0266924,2.1035236666666686,,,,5.894476333333332
lassen,miniFE.x,-nx 100 -ny 50 -nz 50,1,0.0833,899401490.322224,1984152630.2011433,146214639.5408271,6870660265.662789,64431020.63154599,14003207.903405108,115216308.94499023,814180.0701458589,-1.0,822000000.0,3109333333.333333,731120.0,6.14891469123689e+18,1722087876.470709,1.0434150000000004,,,,3.954585
lassen,miniFE.x,-nx 100 -ny 75 -nz 50,1,0.1,1367485207.047405,2951597993.577761,218611346.1067157,10289441514.397814,96392773.79567796,7448690.186840733,173210104.8448089,1034544.1839143577,-1.0,1231333333.3333333,4664000000.0,731138.6666666665,6.14891469123689e+18,2583029337.79216,1.586495,,,,4.413505
lassen,miniFE.x,-nx 100 -ny 75 -nz 75,1,0.15,2056147839.6190274,4371355181.049564,306166743.28691167,15448066703.767632,144497564.58183703,23012326.74996692,257221912.06258488,1575252.7893361098,-1.0,1843333333.3333333,6988000000.0,731120.0,6.14891469123689e+18,3867422221.3405204,2.3720476666666674,,,,6.627952333333333
lassen,miniFE.x,-nx 125 -ny 100 -nz 100,1,0.3,4591336514.0332575,9724186258.371063,691645021.59411,34393704526.424644,322291941.65108234,33394760.00764532,572349753.6998322,2857244.638617916,-1.0,4084666666.6666665,15500000000.0,731120.0,6.14891469123689e+18,8583440493.242359,5.260464666666677,,,,12.739535333333322
lassen,miniFE.x,-nx 125 -ny 100 -nz 50,1,0.1666,2279243587.1828647,4898690162.66295,352624856.40028226,17258253185.268982,161990280.42858496,28360433.04448571,287123554.1598163,2289741.1385439164,-1.0,2048000000.0,7767333333.333333,731148.0,6.14891469123689e+18,4450328380.076857,2.689893,,,,7.306107000000001
lassen,miniFE.x,-nx 125 -ny 125 -nz 125,1,0.45,7207618432.475519,15318284828.686953,1074182930.4176304,53912980488.52912,502464404.26665753,59017498.73934183,890718442.8301977,3247674.976489568,-1.0,6374666666.666667,24252000000.0,731148.0,6.14891469123689e+18,13424869289.9171,8.228204333333348,,,,18.77179566666665
lassen,miniFE.x,-nx 125 -ny 125 -nz 50,1,0.2,2890960210.998241,6085907838.393241,430769235.7352585,21544539196.91101,202626020.42207012,32072089.08894825,361583657.9961567,1696038.6890982871,-1.0,2558666666.6666665,9722666666.666666,731138.6666666665,6.14891469123689e+18,5396560805.295218,3.3044783333333343,,,,8.695521666666666
lassen,miniFE.x,-nx 125 -ny 50 -nz 50,1,0.1666,1147016165.6283908,2426567381.4449763,173961350.3434535,8612393690.14152,80771622.95871466,9472722.245698763,145169622.77724808,1144707.211422575,-1.0,1027333333.3333334,3881333333.3333335,731120.0,6.14891469123689e+18,2157711369.3471336,1.303277666666667,,,,8.692722333333334
lassen,miniFE.x,-nx 125 -ny 75 -nz 50,1,0.1333,1705417884.1434195,3773501703.666281,262337210.11309505,13003648130.349043,120630848.40936697,16497652.162703738,215777837.90581644,1136993.240361815,-1.0,1537333333.3333333,5830000000.0,731129.3333333335,6.14891469123689e+18,3202354205.9449162,1.9848973333333315,,,,6.0131026666666685
lassen,miniFE.x,-nx 125 -ny 75 -nz 75,1,0.1833,2576733281.034685,5544687218.464768,391027181.4749159,19396987648.79914,182129849.99184456,14675681.712753486,325001735.7235033,1612724.9527017397,-1.0,2302000000.0,8728666666.666666,731129.3333333335,6.14891469123689e+18,4837175229.90594,2.9612176666666663,,,,8.036782333333333
lassen,miniFE.x,-nx 150 -ny 100 -nz 100,1,0.35,5514587973.788669,11680699740.907179,827352981.4204887,41275108641.68708,386403992.6304321,54927156.13691019,685276223.1395428,2967240.7174945227,-1.0,4899333333.333333,18588000000.0,731129.3333333335,6.14891469123689e+18,10260898312.327557,6.2922980000000015,,,,14.707701999999998
lassen,miniFE.x,-nx 150 -ny 100 -nz 50,1,0.1833,2745223703.4524765,5853516766.206776,415399579.2831375,20654636846.620457,193793879.43865412,11184571.562518245,345148302.4487044,1500711.87645481,-1.0,2456666666.6666665,9310666666.666666,731129.3333333335,6.14891469123689e+18,5408089141.403205,3.233705000000002,,,,7.764294999999997
lassen,miniFE.x,-nx 150 -ny 125 -nz 125,1,0.5166,8667060107.124289,18321902104.59738,1292737937.4542196,64790220089.899414,602098333.6965518,90398408.93033314,1068718080.6815363,5478660.865004933,-1.0,7646000000.0,29090666666.666668,731148.0,6.14891469123689e+18,16230686848.949331,9.869833999999999,,,,21.126165999999998
lassen,miniFE.x,-nx 150 -ny 125 -nz 50,1,0.2333,3448100822.7454963,7400637038.797102,505543506.12320065,26123325425.692642,242448609.07187867,24102480.77171435,431324294.51247495,2038734.414243438,-1.0,3069333333.333333,11653333333.333334,731148.0,6.14891469123689e+18,6537809459.576274,3.9562826666666733,,,,10.041717333333327
lassen,miniFE.x,-nx 150 -ny 150 -nz 150,1,0.75,12490088488.25633,26417287689.964603,1857699502.3957329,93247730050.02928,866699416.9173073,82116691.44050741,1541054339.001013,5490219.976182303,-1.0,11002000000.0,41882000000.0,731129.3333333335,6.14891469123689e+18,23131312253.049477,14.19998933333332,,,,30.80001066666668
lassen,miniFE.x,-nx 150 -ny 150 -nz 50,1,0.2666,4156197401.556348,8921020358.835012,621431342.4722291,31155058230.957336,291215116.63522327,39740601.13800356,516626963.85726166,1943392.73873318,-1.0,3682000000.0,14008666666.666666,731148.0,6.14891469123689e+18,7743094551.805333,4.754003666666672,,,,11.24199633333333
lassen,miniFE.x,-nx 150 -ny 50 -nz 50,1,0.1,1365541772.9359562,2876662330.9391365,210182818.3359858,10282703346.496742,97742214.40222237,16463936.1244485,174115056.07079515,856683.6533768731,-1.0,1232000000.0,4654666666.666667,731120.0,6.14891469123689e+18,2543010916.806265,1.5711253333333326,,,,4.428874666666667
lassen,miniFE.x,-nx 150 -ny 75 -nz 50,1,0.1666,2072362636.1198308,4374363805.432779,315554471.3947919,15586057664.968794,145925105.26902378,20940452.09238546,260293659.46161857,2069531.35794122,-1.0,1844666666.6666667,6988000000.0,731129.3333333335,6.14891469123689e+18,3842004492.3243093,2.3845680000000002,,,,7.611432000000001
lassen,miniFE.x,-nx 150 -ny 75 -nz 75,1,0.2,3086182277.626112,6580053313.774284,466230447.66588265,23183733421.799084,218038606.1416299,17115073.38559652,389189238.7573364,1593027.2406582918,-1.0,2761333333.333333,10461333333.333334,731120.0,6.14891469123689e+18,5807656413.3042145,3.5622303333333365,,,,8.437769666666664
lassen,miniFE.x,-nx 175 -ny 100 -nz 100,1,0.4,6435465045.710595,13628982842.098986,962686206.8739713,48137453704.7246,451011057.3111587,57625836.27687389,797380055.6808473,4290303.537262664,-1.0,5714666666.666667,21677333333.333332,731138.6666666665,6.14891469123689e+18,12104132753.389158,7.3796696666666675,,,,16.62033033333333
lassen,miniFE.x,-nx 175 -ny 100 -nz 50,1,0.2166,3208156642.9772463,6820257837.124957,486464225.7210816,24095413145.95371,226586781.4044945,30246794.15178737,401550410.63936,2139525.615390865,-1.0,2865333333.333333,10863333333.333334,731148.0,6.14891469123689e+18,6067409461.118191,3.702772000000005,,,,9.293227999999994
lassen,miniFE.x,-nx 175 -ny 125 -nz 125,1,0.6333,10090614880.951132,21563895654.28548,1484785066.2565176,75594336460.68187,704533061.8987888,67365310.93196994,1251318116.5554788,5749627.978155278,-1.0,8918000000.0,33923333333.333324,731129.3333333335,6.14891469123689e+18,19533540939.11113,11.744639999999988,,,,26.253360000000008
lassen,miniFE.x,-nx 175 -ny 125 -nz 50,1,0.2666,4030890146.8096414,8568142125.108582,615102368.4040937,30294883532.88253,283437647.0980783,28063753.99687622,504369559.6693727,2289876.294233252,-1.0,3580000000.0,13576000000.0,731120.0,6.14891469123689e+18,7579587835.081601,4.625902333333337,,,,11.370097666666663
lassen,miniFE.x,-nx 175 -ny 150 -nz 150,1,0.9,14599753493.853943,30904170280.907963,2171238978.3209047,108882788062.78882,1012962392.1692787,100077476.41973968,1797972375.0224602,7158877.76468053,-1.0,12832000000.0,48875333333.333336,731138.6666666665,6.14891469123689e+18,27983128293.24033,16.992377666666602,,,,37.0076223333334
lassen,miniFE.x,-nx 175 -ny 150 -nz 50,1,0.3,4872413756.676123,10251542810.160795,725171188.7535633,36268505211.81704,339494301.0198736,45807494.331099,604204072.6314143,3035992.280254603,-1.0,4294000000.0,16327333333.333334,731148.0,6.14891469123689e+18,9115408677.425322,5.568651666666675,,,,12.431348333333325
lassen,miniFE.x,-nx 175 -ny 175 -nz 175,1,1.2166,19952182264.905315,42167171681.792114,2911374679.97693,148368337110.91354,1376116999.0686762,145297276.45609763,2439493362.6896033,8974974.970125804,-1.0,17456000000.0,66604666666.66665,731129.3333333335,6.14891469123689e+18,38446601542.14795,23.235927666666544,,,,49.760072333333454
lassen,miniFE.x,-nx 175 -ny 175 -nz 50,1,0.3666,5676058041.928625,11959255925.443924,846042844.4801742,42305124393.30906,395198297.30706936,41822778.7115993,702990047.2307776,2597900.0868673576,-1.0,5008666666.666667,19058666666.666668,731138.6666666665,6.14891469123689e+18,10700541306.853662,6.52408466666666,,,,15.471915333333339
lassen,miniFE.x,-nx 175 -ny 50 -nz 50,1,0.1166,1594827055.6291351,3409351035.334435,243431289.85328928,12003549514.446815,113491851.80017108,17009835.791825864,202059313.94034985,1714572.9468364778,-1.0,1436666666.6666667,5434666666.666667,731120.0,6.14891469123689e+18,3010522583.6793838,1.8375876666666653,,,,5.1584123333333345
lassen,miniFE.x,-nx 175 -ny 75 -nz 50,1,0.1666,2410642104.478863,5127644182.002619,367599943.538915,18111482480.55563,170061494.13520858,15807447.166035905,302679841.85425013,1310420.3694781037,-1.0,2151333333.333333,8156666666.666667,731138.6666666665,6.14891469123689e+18,4529554182.6932745,2.793977666666665,,,,7.2020223333333355
lassen,miniFE.x,-nx 175 -ny 75 -nz 75,1,0.2333,3591821761.1217213,7682260649.500217,545701341.8863477,27093159175.051586,253921901.07347015,46040232.04497237,451308012.8711202,2683934.36450008,-1.0,3220666666.6666665,12199333333.333334,731120.0,6.14891469123689e+18,6797269542.635726,4.152769666666669,,,,9.845230333333333
lassen,miniFE.x,-nx 200 -ny 100 -nz 100,1,0.4666,7348904973.787337,15693481427.028303,1102934406.5290082,55211439656.243515,515222438.22210234,58985474.393563904,917269211.687545,3607568.930127011,-1.0,6529333333.333333,24796666666.666668,731148.0,6.14891469123689e+18,13668534835.836004,8.377469666666661,,,,19.61853033333334
lassen,miniFE.x,-nx 200 -ny 100 -nz 50,1,0.25,3689073626.480307,7770918446.744161,550207870.7077327,27557974943.558475,258324314.15275508,21817018.30198993,459675388.49796814,2329944.3577325284,-1.0,3274666666.6666665,12424666666.666666,731148.0,6.14891469123689e+18,6899763430.951839,4.220971999999999,,,,10.779028
lassen,miniFE.x,-nx 200 -ny 125 -nz 125,1,0.7,11553825911.175531,24531176384.41962,1732011515.2458725,86339329854.18698,802879818.3669271,108278138.27541783,1424371278.1534715,8061308.567740108,-1.0,10190000000.0,38770666666.666664,731129.3333333335,6.14891469123689e+18,21537218816.84274,13.181049666666668,,,,28.818950333333333
lassen,miniFE.x,-nx 200 -ny 125 -nz 50,1,0.3,4612936337.108003,9882673666.196009,694257429.0571008,34625485470.591324,323303865.20842093,30438446.73732049,575808728.9982238,2866040.8643818456,-1.0,4090666666.6666665,15552666666.666666,731120.0,6.14891469123689e+18,8641484023.840271,5.269827666666678,,,,12.730172333333321
lassen,miniFE.x,-nx 200 -ny 150 -nz 150,1,1.0333,16749118801.398531,35300914920.08917,2476751508.552459,124665493134.37325,1154537134.3582828,139060193.31258208,2047801289.7399788,9276956.579198677,-1.0,14662000000.0,55893333333.333336,731148.0,6.14891469123689e+18,34215301574.89403,19.870935333333364,,,,42.12706466666664
lassen,miniFE.x,-nx 200 -ny 150 -nz 50,1,0.3333,5560757028.45093,11774747266.78198,830492201.7040037,41528889316.398964,386968296.8846205,38558308.31312967,688556580.7194383,3651713.62989012,-1.0,4906666666.666667,18670000000.0,731120.0,6.14891469123689e+18,10321576159.253626,6.320295999999987,,,,13.677704000000011
lassen,miniFE.x,-nx 200 -ny 175 -nz 175,1,1.3666,22857090734.213142,48107961594.787865,3365682244.292009,169632989548.47293,1638269879.3139772,169749183.46168846,2811353881.6722546,10212408.431378037,-1.0,19945333333.333332,76483333333.33333,731148.0,6.14891469123689e+18,43055349138.99011,26.32588133333324,,,,55.67011866666677
lassen,miniFE.x,-nx 200 -ny 175 -nz 50,1,0.4166,6509008783.984952,13824766313.390305,976645118.1409472,48518251876.13751,451368865.7541328,51576379.07088905,797802154.4959222,3401934.003982176,-1.0,5722666666.666667,21800666666.666668,731120.0,6.14891469123689e+18,12130073626.640871,7.433092666666673,,,,17.562907333333328
lassen,miniFE.x,-nx 200 -ny 200 -nz 200,1,1.8333,29870957646.525463,62795328553.25644,4381851019.361985,221774884819.96228,2055311294.2664125,249750559.22175488,3644847831.503293,14637416.484162273,-1.0,26040000000.0,99448000000.0,731120.0,6.14891469123689e+18,60972070522.44553,35.45465433333327,,,,74.54334566666671
lassen,miniFE.x,-nx 200 -ny 200 -nz 50,1,0.4666,7452749297.861923,15691580288.356546,1105677698.0415528,55487631873.46815,516111041.09124094,49028858.94293118,916795274.774557,3455743.3480797517,-1.0,6539333333.333333,24910666666.666668,731120.0,6.14891469123689e+18,13745714232.592777,8.445285999999994,,,,19.550714000000006
lassen,miniFE.x,-nx 200 -ny 50 -nz 50,1,0.1333,1813438220.105068,3913750543.4370365,280774148.5312324,13781803102.819414,130045752.40167128,26386783.046818703,232580516.5593912,1082810.3461881129,-1.0,1642000000.0,6226000000.0,731120.0,6.14891469123689e+18,3425779268.741136,2.1275490000000006,,,,5.870450999999999
lassen,miniFE.x,-nx 200 -ny 75 -nz 50,1,0.2,2778805490.662778,5935041959.816521,406455150.05188566,20748540612.10358,193741942.0007262,39504339.81823486,345124594.0604734,2137905.7706524767,-1.0,2458000000.0,9334000000.0,731148.0,6.14891469123689e+18,5162579867.535201,3.1902783333333367,,,,8.809721666666663
lassen,miniFE.x,-nx 200 -ny 75 -nz 75,1,0.2666,4130637440.361731,8764124728.684278,620416141.9242796,31001885034.14513,290193239.1371342,40132198.50726659,517762291.97864366,2719524.435407176,-1.0,3680000000.0,13952666666.666666,731129.3333333335,6.14891469123689e+18,7728990808.489597,4.723779666666664,,,,11.272220333333337
lassen,miniFE.x,-nx 50 -ny 50 -nz 50,1,0.05,420682614.7651265,869546374.4156808,65676318.84101784,3152541450.125409,28607142.89340894,3129108.5241445787,52730397.69636016,463741.4657791973,-1.0,384666666.6666667,1444000000.0,731148.0,6.14891469123689e+18,793007800.8176688,0.4926750000000002,,,,2.507325
lassen,miniFE.x,-nx 75 -ny 50 -nz 50,1,0.0666,670894114.306255,1472184591.3582356,109107486.11389446,5125221249.595896,44907270.26041401,17092267.21354962,87735796.01447578,1457380.5933279747,-1.0,618666666.6666666,2333333333.333333,731148.0,6.14891469123689e+18,1283570004.0098822,0.7835366666666671,,,,3.2124633333333334
lassen,miniFE.x,-nx 75 -ny 75 -nz 50,1,0.0833,1026085006.0205745,2191960935.4786587,156751807.73542613,7862081353.388616,68730158.9314826,6950573.492405042,132510852.61213732,860686.611251305,-1.0,926000000.0,3507333333.333333,731120.0,6.14891469123689e+18,1941059571.2030046,1.1785750000000006,,,,3.819425
lassen,miniFE.x,-nx 75 -ny 75 -nz 75,1,0.1166,1539641831.1149385,3218887265.056307,232530026.00136587,11533776075.110487,101426223.81556706,9135771.699426427,194727863.89259565,773759.2854487967,-1.0,1386666666.6666667,5244000000.0,731120.0,6.14891469123689e+18,2882742028.4835024,1.7687896666666667,,,,5.227210333333333
lassen,minigan,,1,0.0333,139996.0270741491,5325032.2824308565,2042.1807531954598,1393694.331671979,19.345187422404425,8738270.17380461,281581.4374752457,705926.6642438113,-1.0,0.0,3333333.333333333,731138.6666666665,372682.0,4571767.2453921735,0.0050030000000000005,,,,1.9929970000000001
lassen,minigan,,1,0.0333,141907.03916315085,2528462.649842211,2395766.2635215586,13840142.205911642,18.423473274044408,657598.1953848081,216220.36351124727,559996.5527653382,-1.0,0.0,3333333.333333333,731148.0,372682.0,1.634886687209494,0.005003333333333335,,,,1.992996666666667
lassen,minigan,,1,0.0333,326554.2495178524,0.4204950702748061,444190.93214866327,2529495.8011107864,20.704644138972693,3015870.9864528417,3394.171989295681,653223.4448685634,-1.0,0.0,4000000.0,731129.3333333335,372683.0,4371893.891558765,0.008339666666666667,,,,1.9896603333333336
lassen,minigan,,1,0.0333,333501.0456306359,1309825.990539192,189392.4484969651,2658685.5062652943,1.2798683300370022,6131117.461313494,321210.0997821265,444687.4999600901,-1.0,0.0,6000000.0,731138.6666666665,372682.0,5084898.091958733,0.0033356666666666678,,,,1.9946643333333336
lassen,minigan,,1,0.05,483158.6725544296,5548359.708856201,2984561.671060765,16694305.453868655,0.5632120861786489,7087733.418699252,37249.98278120713,840982.903583396,-1.0,0.0,4000000.0,731138.6666666665,372683.0,6463664.89439098,0.001703,,,,2.998297
lassen,minigan,,1,0.0666,162916.67128905526,11945948.813874494,583571.5826381805,5298109.443654428,0.9817011789495153,3743621.28721277,212597.5210349385,575626.2005527158,-1.0,0.0,3333333.333333333,731148.0,372682.0,73.61180716202594,0.005003333333333335,,,,3.990996666666667
lassen,minigan,,1,0.0833,525209.135603798,3182923.1633086167,3852.760704562752,3432946.458421015,2375.0074038683897,968371.0720442659,34019.712273676014,141163.83213396414,-1.0,0.0,2666666.666666666,731120.0,372683.0,6007265.680284292,0.006670000000000001,,,,4.9913300000000005
lassen,miniqmc,,1,0.0333,1134148.233269021,19.69267270182564,607886.2435965118,4054391.005302562,0.5811065204836263,12638908.301551767,1086624.8032813512,420722.9592408536,-1.0,0.0,5333333.333333333,731148.0,372683.0,5978851.95167865,0.0033363333333333326,,,,1.9946636666666668
lassen,miniqmc,,1,0.05,142001.72506002025,0.4152089080266434,582229.1095088776,3550438.5756805,0.6351864591561469,844413.8457405561,66678.86169172468,359789.21533379453,-1.0,0.0,4000000.0,731120.0,372683.0,5910745.876599072,0.0033363333333333326,,,,2.9966636666666666
lassen,miniqmc,,1,0.05,272683.6290282825,4663211.312837175,21.86171908264425,2582244.9483231483,0.7401051909978271,0.3784205476375875,103592.85492453368,202690.72198483755,-1.0,0.0,5333333.333333333,731148.0,372683.0,9863221.819449244,0.006672,,,,2.993328
lassen,miniqmc,,1,0.05,492268.9343247584,0.4134433672157177,1589594.2280686582,2971353.180404049,0.5647231772563873,6902871.9527089875,30835.571162807584,794696.9815965508,-1.0,0.0,3333333.333333333,731148.0,372682.0,1.6568254562321991,0.0016676666666666665,,,,2.9983323333333334
lassen,miniqmc,,1,0.05,629612.2051052611,2824183.451196862,4106923.4735312117,17883455.72874244,15.765568751783853,3246682.3453154494,20.996151035377547,841986.5576238001,-1.0,0.0,4666666.666666667,731148.0,372683.0,2.2813491748079917,0.006670333333333335,,,,2.9933296666666664
lassen,miniqmc,,1,0.1,843850.6136057245,7888583.839119743,2895792.8276786027,6591777.641147872,0.9407692107618298,1813740.939599784,60168.35688725827,493069.243806845,-1.0,0.0,4666666.666666667,731120.0,372682.0,6182253.644722569,0.0033363333333333326,,,,5.996663666666667
lassen,miniqmc,,1,0.2,341666.59665755014,7941341.583501402,4819710.657636072,18.596729699376024,0.8842921753485083,0.3624720403950188,1084598.242576931,304217.3210450532,-1.0,0.0,4000000.0,731120.0,372682.0,5052438.294806799,0.0033346666666666663,,,,11.996665333333333
lassen,miniqmc,,27,0.15,,,,,18324594.49785775,44863591.33125483,6092349.0382187525,894795.7521324062,-1.0,1259259.2592592593,665530864.1975309,380207.30864197534,6.14891469123658e+18,512908806.171908,0.4516907530864198,,,,8.54830924691358
lassen,minitri,,1,0.0333,1157434.4970543429,0.416489855456836,426446.95110376755,1883225.1825639347,0.8531421761219752,6958587.306423505,442343.7450480658,662698.16886359,-1.0,0.0,4666666.666666667,731120.0,372682.0,6060182.734951328,0.001668,,,,1.9963320000000002
lassen,minitri,,1,0.0333,135516.39234774405,4849274.688037078,354598.9621927447,1462023.815372119,21.246311957941867,210365.61648132585,1604185.8220848774,80447.95985242726,-1.0,0.0,4666666.666666667,731120.0,372682.0,3632581.491416189,0.0016686666666666664,,,,1.9963313333333335
lassen,minitri,,1,0.0333,245146.06689067386,8877667.663443377,805752.4264204471,1815957.446427001,0.7955308718686257,5394280.794841961,187087.0023210747,628187.152289227,-1.0,0.0,5333333.333333333,731129.3333333335,372682.0,2.184396351608374,0.003336666666666667,,,,1.9946633333333335
lassen,minitri,,1,0.0333,520026.65013138,100.14932546965416,1535162.4666280197,2499751.635539363,1.2336466417683465,1193041.6492738463,502888.11840298,76386.03233064056,-1.0,0.0,5333333.333333333,731120.0,372682.0,6844597.115525642,0.008338666666666666,,,,1.9896613333333335
lassen,minitri,,1,0.0333,650934.6194895679,0.4217301101521039,1095452.2001138304,5098600.641568942,0.8496500192655736,4534909.849088221,287346.4028734758,1087274.7260192104,-1.0,0.0,4000000.0,731120.0,372681.0,1.252424899722875,0.003337,,,,1.9946630000000003
lassen,minitri,,1,0.05,436630.7619680185,6568965.230831552,737243.5761447316,1927691.456343677,0.8848533643877213,0.3379086617694397,759513.5598466798,28963.660324320634,-1.0,0.0,4000000.0,731148.0,372683.0,1.5519190994595355,0.003335333333333334,,,,2.9966646666666668
lassen,minitri,,1,0.05,620580.600570466,0.4168278370113233,868936.9783778966,3711476.6898156437,0.7721822926908223,0.3647265985105083,1944263.5211547604,300514.81051638303,-1.0,0.0,4666666.666666667,731148.0,372683.0,70.60624691456238,0.0016673333333333336,,,,2.9983326666666668
lassen,minitri,,27,0.15,305914895.88692874,511181276.4287788,330155827.26227146,1870531462.0174112,21797579.701300908,47669909.8154003,7474683.750476512,748249.1938532974,-1.0,1308641.975308642,,380235.30864197534,6.14891469123658e+18,575772411.3222421,0.5022007530864199,,,,8.49779924691358
lassen,XSBench,-m event -s large -G hash,1,0.05,849606604.5885987,744026358.600446,357367682.77816695,3937898558.035286,154093425.49716523,117474708.25026318,153179508.8763797,2213059.8738950603,-1.0,150000000.0,2470000000.0,0.0,188.0,2364549308.034328,1.2612150000000002,,,,1.7387849999999998
lassen,XSBench,-m event -s large -G nuclide,1,0.0666,780719547.7350547,780877776.9418843,392096673.4245342,3670212348.1380186,106541179.01578784,144103108.20793137,13752405.196988802,1502568.397160679,-1.0,100000000.0,1758000000.0,0.0,188.0,1556325621.8896475,0.980735,,,,3.0152650000000003
lassen,XSBench,-m event -s large -G unionized,1,0.1,4077168531.4688,3846882644.8980594,1984704770.0712712,21006100790.3599,75030192.73505843,1528870850.5837655,34774653.73716069,6672439.90630849,-1.0,1584000000.0,12842000000.0,0.0,188.0,4012054913.662413,3.3166799999999954,,,,2.6833200000000046
lassen,XSBench,-m event -s small -G hash,1,0.0333,173774189.89618197,150730390.08463803,79997801.40784687,856417481.0833764,30680867.26645429,23804805.57341897,3845051.8987436127,1535678.1509605371,-1.0,28000000.0,458000000.0,0.0,188.0,367307564.4677424,0.240726,,,,1.7572740000000002
lassen,XSBench,-m event -s small -G nuclide,1,0.0333,150501544.26286346,148688625.48923665,82469013.75664862,784125042.4592633,19090360.91532971,29233761.186144345,4402441.840252428,554949.0753532947,-1.0,18000000.0,338000000.0,0.0,188.0,293250889.15600353,0.195068,,,,1.8029320000000002
lassen,XSBench,-m event -s small -G unionized,1,0.0333,341224242.06261265,304751923.3082328,167873294.81877032,1711842403.3847244,16748384.111348884,96766100.44983912,7466436.945941472,1385308.4723452637,-1.0,80000000.0,912000000.0,0.0,188.0,492750868.2179504,0.345167,,,,1.6528330000000002
lassen,XSBench,-m event -s XL -G hash,1,0.4166,15954752897.9599,14158511359.509857,7004327822.483294,68487839645.10754,1315075458.141542,1862298254.809464,1485006371.1112525,117423620.92335464,-1.0,2496000000.0,39054000000.0,0.0,188.0,43248366760.665985,21.503392999999992,,,,3.4926070000000102
lassen,XSBench,-m event -s XL -G nuclide,1,0.4,15876838881.66604,14221596244.22786,7068119525.986753,68238109542.3822,1242596876.807961,1901823498.7856824,1256622563.1351721,116867581.87313016,-1.0,2430000000.0,37890000000.0,0.0,188.0,41482973192.471146,20.94815499999999,,,,3.051845000000011
lassen,XSBench,-m event -s XL -G unionized,1,1.35,89288850890.2055,83064519049.42827,42540355810.566635,450440895298.677,1471874092.8733704,33289740863.401382,1715579281.0142925,296480101.0415935,-1.0,34032000000.0,278944000000.0,0.0,188.0,100679990972.83693,74.86778499999906,,,,6.13221500000094
lassen,XSBench,-m event -s XXL -G hash,1,0.8833,34659944911.455414,30615135699.889145,15053017265.263353,147412101164.77167,2771465236.138339,4109597982.825389,3331631349.032004,287228985.67764056,-1.0,5360000000.0,85034000000.0,0.0,188.0,100899055886.2526,48.411401999999974,,,,4.5865980000000235
lassen,XSBench,-m event -s XXL -G nuclide,1,0.8833,34556317624.896416,30683228802.446163,15108545272.31205,147156932008.61456,2687000677.2275405,4215138455.2813053,3099767790.9918284,293499746.9588519,-1.0,5290000000.0,83652000000.0,0.0,188.0,98108825552.12044,47.86421699999997,,,,5.1337830000000295
lassen,XSBench,-m history -s large -G hash,1,0.0333,737625124.950567,583019962.3329923,290297865.251483,3287947976.470227,104488043.97214264,56171480.31032916,155687664.867922,1172559.8341799264,-1.0,148000000.0,2252000000.0,0.0,188.0,2219661687.2947645,1.090758,,,,0.9072420000000003
lassen,XSBench,-m history -s large -G nuclide,1,0.0333,596491461.4218657,531130228.05381465,288242636.4561485,2710555485.368111,29795719.591480713,73050741.36632212,12052824.39638103,3117377.124526788,-1.0,96000000.0,1404000000.0,0.0,188.0,1345587422.3927312,0.735284,,,,1.2627160000000002
lassen,XSBench,-m history -s large -G unionized,1,0.0833,4023775031.6209397,3799514526.5520587,1963631186.2931926,20788227340.176327,47710611.589551896,1534450389.0915244,33113942.42679485,8641862.592709145,-1.0,1584000000.0,12732000000.0,0.0,188.0,4032704731.620875,3.1971019999999952,,,,1.800898000000005
lassen,XSBench,-m history -s small -G hash,1,0.0166,136651921.51783255,116207863.33390851,60197272.93044837,744082028.2373034,17174139.36898617,19972542.037786875,3396725.4691511462,2284265.926860196,-1.0,28000000.0,408000000.0,0.0,188.0,352631318.51145864,0.200082,,,,0.795918
lassen,XSBench,-m history -s small -G nuclide,1,0.0333,101215028.69904336,114001980.46403933,65316190.121381395,667491659.079201,5769770.671163892,17105071.38299659,2727392.330310233,3142025.537148103,-1.0,18000000.0,280000000.0,0.0,188.0,218524700.4838364,0.155084,,,,1.8429160000000002
lassen,XSBench,-m history -s small -G unionized,1,0.0333,301211141.36805147,265655891.72554213,146834293.98865533,1535325428.4021485,7747834.996453801,85486107.22791375,7882569.733270159,1054615.7956427464,-1.0,80000000.0,870000000.0,0.0,188.0,506410121.8837862,0.305684,,,,1.6923160000000002
lassen,XSBench,-m history -s XL -G hash,1,0.4,15720809543.211056,13875996163.927143,6881938695.762335,67339724589.851585,1217980185.2540298,1733480515.9510245,1479029272.0585015,116278534.89795496,-1.0,2492000000.0,38610000000.0,0.0,188.0,42967957507.724464,21.173154999999984,,,,2.8268450000000165
lassen,XSBench,-m history -s XL -G nuclide,1,0.3833,15544985718.76916,13777851371.98992,6870011209.933345,66601367830.83925,1107003867.0428596,1739669702.0229669,1255020515.9529982,116673375.59719887,-1.0,2426000000.0,37268000000.0,0.0,188.0,41144635205.952194,20.50329999999998,,,,2.494700000000016
lassen,XSBench,-m history -s XL -G unionized,1,1.4,89340069221.04402,82896142382.12439,42377605086.3559,450050828825.24414,1468227887.5283446,33221466043.22949,1779635941.1372774,299346449.18479425,-1.0,34032000000.0,278946000000.0,0.0,188.0,100967909432.76753,72.48890399999983,,,,11.511096000000165
lassen,XSBench,-m history -s XXL -G hash,1,0.8666,34383575587.967445,30278481772.24925,14905242299.41469,146089211362.79214,2660452899.928377,4034522567.990157,3324510663.930477,288573648.97676224,-1.0,5354000000.0,84574000000.0,0.0,188.0,100121486344.58052,47.91862699999997,,,,4.07737300000003
lassen,XSBench,-m history -s XXL -G nuclide,1,0.85,34209366689.640743,30165044611.593594,14908666651.314125,145357681569.19504,2544514179.878016,3993899369.18686,3078485670.179386,289943588.6585458,-1.0,5284000000.0,82964000000.0,0.0,188.0,97521184341.985,47.172360999999974,,,,3.827639000000026
lassen,XSBench,-m history -s XXL -G unionized,1,1.4666,,,,,,,,,-1.0,,,0.0,84.0,,69.57323399999996,,,,18.42276600000004
lassen-cpu,amg,-problem 2 -P 1 1 1 -n 128 128 128,1,8.7,10542575270.197607,67166624492.39425,12243898806.723177,150506619610.46854,911338108.1101444,416958826.92726713,964012942.7579759,40377780.20045421,-1.0,8292000000.0,77339666666.66667,365569.33333333326,3.074457345618445e+18,138084023845.71893,83.7968010000001,,,,438.2031989999999
lassen-cpu,amg,-problem 2 -P 1 1 1 -n 16 16 16,1,0.05,37893429.29919674,115967718.66905572,21734444.412531544,285983486.7594928,2063000.1482984487,1291525.7463614258,2048729.110140676,103235.77503042348,-1.0,13000000.0,135666666.66666666,365560.0,3.074457345618445e+18,272881666.9207249,0.25725466666666663,,,,2.7427453333333336
lassen-cpu,amg,-problem 2 -P 1 1 1 -n 32 32 32,1,0.1666,204029112.06057733,998883337.9393027,180437384.6586876,2283867423.225781,16112999.013631642,9078355.192719767,13035477.95181877,884992.3972200649,-1.0,119666666.66666669,1144666666.6666667,365560.0,3.074457345618445e+18,2130801663.3858304,1.2304578333333336,,,,8.765542166666666
lassen-cpu,amg,-problem 2 -P 1 1 1 -n 64 64 64,1,1.1333,1434728289.3724911,8230508559.612845,1493694066.4816072,18726239002.21553,115031174.94148646,59187368.52441179,111715636.79548313,5986389.898061417,-1.0,1014666666.6666666,9464666666.666666,365560.0,3.074457345618445e+18,17137366870.13529,10.386092,,,,57.61190800000001
lassen-cpu,amg,-problem 2 -P 1 1 1 -n 8 8 8,1,0.05,7316908.7071359875,10730186.810980368,2855311.0384695027,35520544.13928103,627768.9254253148,2728792.660459945,81691.6196203016,327205.9275557132,-1.0,1000000.0,15666666.666666664,365569.33333333326,3.074457345618445e+18,112695724.03825188,0.05354950000000002,,,,2.9464505
lassen-cpu,laghos,-p 1 -dim 2 -rs 2 -tf 3,1,1.05,5080311612.742904,5560047614.077471,3190887423.630164,24370117650.537888,733291498.1145202,585218995.1023077,179535961.66685346,20360860.23905146,-1.0,6666666.666666668,12155333333.333334,731138.6666666665,384506.0,15692066291.102766,11.897498,4595582.0,,,51.102502
lassen-cpu,laghos,-p 1 -dim 2 -rs 2 -tf 3.1,1,1.1166,5201960557.066004,5740366184.019642,3252859396.4714127,25164056194.095524,749363506.2174796,607178375.0623182,176389915.07440373,23386294.41953653,-1.0,7333333.333333332,12478666666.666666,731120.0,384832.0,16127424436.325588,11.322159333333332,,,,55.67384066666668
lassen-cpu,laghos,-p 1 -dim 2 -rs 2 -tf 3.1 -pa,1,1.05,5163729737.209499,5769473449.147086,3257959969.565258,25312266460.609314,754591416.1665969,598566714.5203103,152521564.4933781,24013392.854227826,-1.0,7333333.333333332,12400666666.666666,731148.0,384832.0,16419034183.41958,11.37052133333333,,,,51.62947866666667
lassen-cpu,laghos,-p 1 -dim 2 -rs 2 -tf 3.2,1,1.1,5316712444.018214,6097646944.582896,3334349540.2637053,25788832869.4188,783692148.1284809,636184645.4733617,161764276.1256792,23731956.64443305,-1.0,7333333.333333332,12764000000.0,731129.3333333335,385157.33333333326,17027042788.570288,11.904535666666666,,,,54.09546433333333
lassen-cpu,laghos,-p 1 -dim 2 -rs 2 -tf 3.2 -pa,1,1.1666,5355029141.331796,5977058479.2841215,3267220392.7720485,25786049074.03882,774850655.9346484,659359976.4084457,186326195.6604741,22120411.737130392,-1.0,7333333.333333332,12711333333.333334,731120.0,385157.33333333326,16910816869.391918,11.581137333333333,,,,58.41486266666668
lassen-cpu,laghos,-p 1 -dim 2 -rs 2 -tf 3.3,1,1.2166,5423011401.101146,6206416856.544341,3460055426.674398,26488647774.007137,799304900.6121715,628212308.3461975,160696739.60648707,23912536.26087811,-1.0,7333333.333333332,13373333333.333334,731148.0,385482.66666666674,17017520019.178474,12.832654666666665,,,,60.16334533333333
lassen-cpu,laghos,-p 1 -dim 2 -rs 2 -tf 3.3 -pa,1,1.1333,5408017897.007779,6045597293.941441,3388027352.256432,26255547717.760498,792277714.7618918,621797322.1686625,148909430.3614135,24561588.032617483,-1.0,7333333.333333332,13248000000.0,731148.0,385482.66666666674,17117377992.714529,12.330664333333333,,,,55.66733566666667
lassen-cpu,laghos,-p 1 -dim 2 -rs 2 -tf 3.4,1,1.2333,5640284384.776099,6243029875.514384,3529452211.4344687,26880688627.256577,825512073.4011606,663781322.9877077,154257708.62628517,24209223.44046425,-1.0,8000000.0,13726000000.0,731120.0,385787.66666666674,17614619048.364292,12.06342733333333,,,,61.934572666666675
lassen-cpu,laghos,-p 1 -dim 2 -rs 2 -tf 3.4 -pa,1,1.1666,5589948105.419223,6223184317.863601,3469328008.723964,26762052124.297558,808389447.71382,656152910.0422369,189193603.4980032,24253669.243748937,-1.0,7333333.333333332,13339333333.333334,731120.0,385787.66666666674,17736483993.95649,12.172730666666665,,,,57.82326933333334
lassen-cpu,laghos,-p 1 -dim 2 -rs 2 -tf 3.5,1,1.1666,5750502704.5211115,6326819460.555572,3588859071.5138702,27689989161.02719,856532144.4233773,670855646.1301986,170910534.12684667,25195410.609331485,-1.0,8000000.0,13904666666.666666,731129.3333333335,386113.0,18325747689.920155,12.577376333333332,,,,57.418623666666676
lassen-cpu,laghos,-p 1 -dim 2 -rs 2 -tf 3.5 -pa,1,1.25,5750579367.699182,6516613789.162804,3627268359.49778,27969214293.91449,834626662.235649,679145190.7682565,191649106.99231017,23723849.48882447,-1.0,8000000.0,13712666666.666666,731129.3333333335,386113.0,17788643315.23926,12.465507000000002,,,,62.534493
lassen-cpu,laghos,-p 1 -dim 2 -rs 2 -tf 3.6,1,1.2833,5916622681.621895,6619411280.913818,3694180494.82958,28671880795.48257,882530562.5615886,745133320.8431077,166477282.75013492,27104480.67421095,-1.0,8000000.0,14128000000.0,731120.0,386438.33333333326,18437969903.549416,12.91498666666667,,,,64.08301333333334
lassen-cpu,laghos,-p 1 -dim 2 -rs 2 -tf 3.6 -pa,1,1.3166,5858983608.27779,6604128963.833084,3648553222.925183,28502804698.699486,853303869.731428,687137630.9748896,199885997.5346557,25250069.23452352,-1.0,8666666.666666666,14150000000.0,731148.0,386438.33333333326,18246103486.053127,13.236956999999993,,,,65.759043
lassen-cpu,laghos,-p 1 -dim 2 -rs 2 -tf 3.7,1,1.3,5981810112.506182,6856454613.553268,3755210043.5198774,29209306881.39708,889143785.4353186,726264355.1256608,175966927.28588882,26988481.484584033,-1.0,8000000.0,14570000000.0,731120.0,386743.33333333326,18761825643.29252,13.523134666666673,,,,64.47686533333332
lassen-cpu,laghos,-p 1 -dim 2 -rs 2 -tf 3.7 -pa,1,1.3166,6008389538.5333605,6694966354.3396,3755719175.024495,29131239809.917267,865475703.264568,715402394.3740249,195963614.70612052,24529585.17052893,-1.0,7333333.333333332,14421333333.333334,731148.0,386743.33333333326,18907499280.462933,13.622907333333332,,,,65.37309266666666
lassen-cpu,laghos,-p 1 -dim 2 -rs 2 -tf 3.8,1,1.25,6181680234.929516,6780695833.650985,3794745075.3142414,29977530632.092964,909077046.2951988,715717670.9074701,177790844.6824657,29430834.672239434,-1.0,8666666.666666666,14876000000.0,731148.0,387028.0,19485296331.362854,13.236416999999998,,,,61.763583000000004
lassen-cpu,laghos,-p 1 -dim 2 -rs 2 -tf 3.8 -pa,1,1.2666,6169476502.631565,6875456022.2410965,3831815176.4561853,29715176963.54182,924416793.0349561,736205109.0775437,175373689.18113217,27817216.62799529,-1.0,8666666.666666666,14812666666.666666,731148.0,387028.0,19469338472.92341,13.422306,,,,62.573693999999996
lassen-cpu,laghos,-p 1 -dim 2 -rs 2 -tf 3.9,1,1.3166,6249481383.321326,7070968573.087841,3886295675.34649,30326687046.899937,914117342.668308,724019538.5383848,224604352.9265587,27342815.17035177,-1.0,8666666.666666666,15171333333.333334,731138.6666666665,387333.0,19854742349.80907,13.570216666666674,,,,65.42578333333333
lassen-cpu,laghos,-p 1 -dim 2 -rs 2 -tf 3.9 -pa,1,1.25,6269448933.304985,6985677399.037347,3918390437.989613,30439467972.25973,902967625.2148553,770724985.613739,204400109.41497305,26478051.848589715,-1.0,8666666.666666666,15104666666.666666,731148.0,387333.0,19662975214.14229,13.833978,,,,61.166022
lassen-cpu,laghos,-p 1 -dim 2 -rs 2 -tf 3 -pa,1,1.1,5028282441.50351,5619743723.354085,3207086777.4587307,24398054541.616882,754436268.377899,601546844.9750277,152105103.37752008,21201362.658295948,-1.0,7333333.333333332,12136666666.666666,731138.6666666665,384506.0,15908901990.10866,11.620818999999996,,,,54.379181
lassen-cpu,laghos,-p 1 -dim 2 -rs 2 -tf 4.1,1,1.3666,6586353826.510114,7410082253.200954,4151735366.347973,31942513170.787006,956512222.1981713,770198380.6280067,173099582.1117544,28034338.70115333,-1.0,8666666.666666666,15957333333.333334,731148.0,388029.33333333326,20593031301.43437,14.89027,,,,67.10573000000001
lassen-cpu,laghos,-p 1 -dim 2 -rs 2 -tf 4,1,1.3,6335715400.397336,7007102888.886369,4063459389.311061,30965695557.544262,922533080.4320886,717798730.7285696,222650312.73926035,27263640.89129809,-1.0,9333333.333333334,15367333333.333334,731120.0,387617.0,20179296102.90664,14.047122999999992,,,,63.95287700000001
lassen-cpu,laghos,-p 1 -dim 2 -rs 2 -tf 4.1 -pa,1,1.35,6530047075.228226,7303791751.405941,4100021287.364239,31889955516.209507,989152158.0806668,758374022.2115612,195704048.02009836,31093391.05524258,-1.0,10000000.0,16026666666.666666,731148.0,388029.33333333326,20933082447.25367,15.393516999999996,,,,65.606483
lassen-cpu,laghos,-p 1 -dim 2 -rs 2 -tf 4.2,1,1.4666,6868493188.051968,7534043206.595473,4243992029.457353,33039483553.051273,995456475.8733064,807443614.6608263,192802776.3220544,30002826.35977897,-1.0,8666666.666666666,16398666666.666666,731148.0,388537.66666666674,21186050742.14844,14.895672333333332,,,,73.10032766666666
lassen-cpu,laghos,-p 1 -dim 2 -rs 2 -tf 4.2 -pa,1,1.4666,6791793503.5728855,7493638927.960242,4235170740.941928,32947234240.59775,1003852303.8971627,804963607.6750362,190549785.6128396,30726022.662874706,-1.0,9333333.333333334,16618000000.0,731120.0,388537.66666666674,21381532089.97429,14.78837333333333,,,,73.20762666666667
lassen-cpu,laghos,-p 1 -dim 2 -rs 2 -tf 4.3,1,1.5,7036459764.990253,7994038791.0359,4357800061.367064,34226191282.453007,1003019142.3111619,848198439.4165237,224864624.6046148,29475797.03627939,-1.0,9333333.333333334,16894000000.0,731120.0,389046.0,22499066462.34834,15.474494999999996,,,,74.52550500000001
lassen-cpu,laghos,-p 1 -dim 2 -rs 2 -tf 4.3 -pa,1,1.3833,7055054975.748166,7801854389.810679,4442776859.344134,34195838319.08313,1023820898.7947156,848849770.7476798,240841610.45845708,30053098.83852069,-1.0,8666666.666666666,16968666666.666666,731138.6666666665,389046.0,21995952092.1626,16.218706333333333,,,,66.77929366666667
lassen-cpu,laghos,-p 1 -dim 2 -rs 2 -tf 4.4,1,1.4833,7228961877.175027,8179541671.163494,4482092033.769071,35155900592.16337,1087831245.4693658,868830395.5273155,201775740.59474576,32198197.72434369,-1.0,10000000.0,17518666666.666668,731129.3333333335,389554.33333333326,22679988125.005047,15.851620999999994,,,,73.14637900000001
lassen-cpu,laghos,-p 1 -dim 2 -rs 2 -tf 4.4 -pa,1,1.6166,7315884404.18608,8168794021.973855,4540404095.75537,34944042141.784,1088174776.7569358,842033115.2477069,198061577.09362027,32285602.844381183,-1.0,10666666.666666666,17568000000.0,731138.6666666665,389554.33333333326,22776204945.625862,16.83992566666667,,,,80.15607433333334
lassen-cpu,laghos,-p 1 -dim 2 -rs 2 -tf 4.5,1,1.6166,7479212371.350177,8320089116.153839,4704225145.196925,36295138233.465065,1099731615.2183475,903619143.1189748,223022213.03480777,33540253.440532,-1.0,10666666.666666666,17964000000.0,731129.3333333335,390062.66666666674,23335961002.65236,16.570373999999994,,,,80.42562600000002
lassen-cpu,laghos,-p 1 -dim 2 -rs 2 -tf 4.5 -pa,1,1.4,7451581229.764286,8453286211.360492,4758552240.253593,36323034740.37535,1079716246.897651,874654942.414073,252934515.52517268,32117080.216316506,-1.0,10000000.0,17888666666.666668,731129.3333333335,390062.66666666674,23453217930.463104,17.410182999999993,,,,66.58981700000001
lassen-cpu,laghos,-p 1 -dim 2 -rs 2 -tf 4.6,1,1.5666,7652729290.260022,8633454845.96009,4792852479.240001,37387449905.398506,1099956319.5830398,903078845.5392168,255314206.77822948,33668966.91319849,-1.0,10666666.666666666,18452666666.666668,731129.3333333335,390489.66666666674,24318797710.67878,17.104696333333333,,,,76.89130366666666
lassen-cpu,laghos,-p 1 -dim 2 -rs 2 -tf 4.6 -pa,1,1.5666,7687212524.833889,8589776933.085045,4825931638.948273,37193391154.09761,1121065706.5990462,884755076.5670426,193434251.0601169,34868124.18472696,-1.0,10666666.666666666,18634000000.0,731148.0,390489.66666666674,24330403821.363155,16.594955,,,,77.401045
lassen-cpu,laghos,-p 1 -dim 2 -rs 2 -tf 4.7,1,1.6166,7859291649.249366,8692198419.490984,4908094069.562087,37854093199.96633,1168597491.0315793,894505576.6670818,220526242.60136303,34106063.73083613,-1.0,11333333.333333336,19084666666.666668,731120.0,390855.66666666674,24695930824.74765,17.610050999999995,,,,79.38594900000001
lassen-cpu,laghos,-p 1 -dim 2 -rs 2 -tf 4.7 -pa,1,1.5833,7929218357.233678,8691057439.168936,4886849236.4943285,37816843319.6106,1161409273.8966053,930401213.9738576,200667347.9351152,34796478.158471785,-1.0,11333333.333333336,18840000000.0,731148.0,390855.66666666674,24769271322.02275,17.46499233333333,,,,77.53300766666666
lassen-cpu,laghos,-p 1 -dim 2 -rs 2 -tf 4.8,1,1.6166,7980102855.128502,8864555241.339693,4928834166.652482,38697428111.366165,1172026894.2822888,940887253.3848476,215028197.32195145,33596766.31015601,-1.0,10666666.666666666,19148000000.0,731120.0,391160.66666666674,24915258347.658325,18.148011,,,,78.84798900000001
lassen-cpu,laghos,-p 1 -dim 2 -rs 2 -tf 4.8 -pa,1,1.6666,7947075096.871826,8936641940.164286,4983640438.850767,38518676550.93891,1185875876.7226384,906059759.2082057,252037908.40163657,36193806.41979276,-1.0,11333333.333333336,19202666666.666668,731129.3333333335,391160.66666666674,25183777804.8861,17.198033333333324,,,,82.79796666666668
lassen-cpu,laghos,-p 1 -dim 2 -rs 2 -tf 4.9,1,1.65,8066138574.057774,9146322913.741926,5065464078.232831,39270300294.723694,1192750840.2600448,936800223.9054693,221294406.6691993,35068005.09060518,-1.0,11333333.333333336,19384000000.0,731138.6666666665,391465.66666666674,25919214505.021046,17.628125999999995,,,,81.371874
lassen-cpu,laghos,-p 1 -dim 2 -rs 2 -tf 4.9 -pa,1,1.6333,7980107301.610638,8834904438.981749,4946512652.892457,38622250946.47909,1176671939.14218,949138745.5472608,253998018.3110864,34502947.17048884,-1.0,11333333.333333336,19467333333.333332,731148.0,391465.66666666674,25782437649.35369,17.51942633333333,,,,80.47857366666668
lassen-cpu,laghos,-p 1 -dim 2 -rs 2 -tf 4 -pa,1,1.3166,6371487959.178212,7039308030.72901,4011548131.07656,31085744841.28092,944379971.6639037,738163249.4130603,182670988.6143035,25661180.74497465,-1.0,9333333.333333334,15364666666.666666,731120.0,387617.0,20340976867.815872,14.42377566666666,,,,64.57222433333334
lassen-cpu,laghos,-p 1 -dim 2 -rs 2 -tf 5,1,1.7333,8283340563.487579,9248400530.679035,5158760129.516979,40050453864.6774,1215008565.4496837,1000325347.5681236,240554575.24230063,36481128.63842749,-1.0,11333333.333333336,19810666666.666668,731129.3333333335,391770.0,25538082658.85195,17.731094000000006,,,,86.266906
lassen-cpu,laghos,-p 1 -dim 2 -rs 2 -tf 5.5,1,1.75,8868915025.90014,9854776541.119356,5562469105.366963,42458874305.241295,1299358368.9008765,1122665663.7015738,266235545.50042352,39078715.1020255,-1.0,12666666.666666664,21166666666.666668,731120.0,393011.0,27552436505.965267,19.118400333333327,,,,85.88159966666667
lassen-cpu,laghos,-p 1 -dim 2 -rs 2 -tf 5.5 -pa,1,1.85,8761302462.734596,9737898914.444193,5548462359.429853,42864302043.70964,1311538978.9474485,1075326708.415418,239107819.99335766,37618636.95922437,-1.0,12000000.0,21087333333.333332,731148.0,393011.0,27740923749.797813,19.325126333333326,,,,91.67487366666667
lassen-cpu,laghos,-p 1 -dim 2 -rs 2 -tf 5 -pa,1,1.6666,8194068084.92748,9277878646.713129,5194014911.133999,40072381019.80856,1189672886.2661386,943240053.863322,250103751.24590608,35018882.32662956,-1.0,10666666.666666666,19684666666.666668,731148.0,391770.0,25825669472.18069,18.286875333333327,,,,81.70912466666668
lassen-cpu,laghos,-p 1 -dim 2 -rs 3 -tf 3.1,1,2.2833,11031114935.41635,12361818092.292273,6918442817.199243,53551763815.617584,1609000002.0998652,1286040681.9514253,316823671.4514782,45170672.63552272,-1.0,17333333.333333332,26331333333.333332,731148.0,396827.0,34346959375.633224,23.96200166666667,,,,113.03599833333335
lassen-cpu,laghos,-p 1 -dim 2 -rs 3 -tf 3,1,2.2166,10711256480.998863,11902458446.997894,6757604939.196851,52022474056.4884,1527110230.690072,1225066318.2275677,303650654.78794533,44603578.898617655,-1.0,16666666.666666664,25850666666.666668,731120.0,396175.66666666674,33380790330.396893,23.27946866666667,,,,109.71653133333334
lassen-cpu,laghos,-p 1 -dim 2 -rs 3 -tf 3.1 -pa,1,2.1333,10925012616.845572,12150908521.690643,6873946590.830768,53008995496.62952,1602421549.7686822,1295746813.1438506,351883688.96368587,43851559.24196929,-1.0,18000000.0,26347333333.333332,731148.0,396827.0,34409424420.06157,25.13821800000001,,,,102.85978200000001
lassen-cpu,laghos,-p 1 -dim 2 -rs 3 -tf 3.2,1,2.35,11405012842.231113,12611829146.165695,7109992388.203331,54829860683.88534,1659140911.8860662,1311465974.6860054,321668274.82463485,48202708.07086284,-1.0,18000000.0,26852666666.666668,731148.0,397416.66666666674,35254220495.650826,24.63495033333333,,,,116.36504966666666
lassen-cpu,laghos,-p 1 -dim 2 -rs 3 -tf 3.2 -pa,1,2.2333,11311150639.53958,12540652828.318384,7106350422.052007,54486980012.84546,1688759144.0884082,1308579530.6888025,343852609.8149592,47264467.13885763,-1.0,18000000.0,27212000000.0,731138.6666666665,397416.66666666674,35158298778.32444,26.29594866666666,,,,107.70205133333333
lassen-cpu,laghos,-p 1 -dim 2 -rs 3 -tf 3.3,1,2.2666,11591157804.585213,12901247374.07434,7222274677.479137,56036266174.615036,1673367231.8447595,1294612059.910355,357424070.32543945,45791638.47609165,-1.0,18666666.666666668,27794000000.0,731138.6666666665,397965.66666666674,35578220586.34218,24.99300433333333,,,,111.00299566666668
lassen-cpu,laghos,-p 1 -dim 2 -rs 3 -tf 3.3 -pa,1,2.4,11640019062.848473,12942509654.555674,7241032025.088346,56137108114.36597,1699973767.5911458,1331773910.7429845,321284967.82916826,52780197.8485715,-1.0,18000000.0,27796666666.666668,731148.0,397965.66666666674,35451098872.38127,25.67429066666667,,,,118.32570933333332
lassen-cpu,laghos,-p 1 -dim 2 -rs 3 -tf 3.4,1,2.4166,11822965179.690832,13260858007.698608,7406890487.415767,57446600019.8161,1744374854.4236348,1364350913.955073,356203679.6330773,50363087.65273368,-1.0,20000000.0,28357333333.333324,731148.0,398474.0,36224925307.64617,27.02458533333333,,,,117.97141466666665
lassen-cpu,laghos,-p 1 -dim 2 -rs 3 -tf 3.4 -pa,1,2.3166,11818824302.925108,13371045231.025152,7377900459.439622,57835959666.018074,1758114677.5728495,1335221036.048255,342097687.590888,52778075.68490484,-1.0,19333333.33333333,28342666666.666668,731148.0,398474.0,36703054932.24509,25.592791999999992,,,,113.40320800000002
lassen-cpu,laghos,-p 1 -dim 2 -rs 3 -tf 3.5,1,2.4666,12069389806.311407,13276445889.73265,7587675950.306474,58178647207.462166,1788323557.39183,1457871518.2527099,354567693.32302374,53066648.56476077,-1.0,18666666.666666668,29085333333.333324,731129.3333333335,398962.0,37449234604.72398,25.501292666666657,,,,122.49470733333335
lassen-cpu,laghos,-p 1 -dim 2 -rs 3 -tf 3.5 -pa,1,2.35,12076728066.037128,13453106579.59645,7469917913.618879,58477496521.91318,1718248910.9191911,1370293937.3646946,358401599.07733816,47967441.31661408,-1.0,17333333.333333332,28952666666.666668,731120.0,398962.0,37352867683.25028,26.000168333333324,,,,114.99983166666668
lassen-cpu,laghos,-p 1 -dim 2 -rs 3 -tf 3.6,1,2.4333,12225833678.79891,13554705155.969656,7691198246.289239,59072696109.679474,1807273255.2649367,1479657569.304329,398702661.64208746,52020339.91702712,-1.0,18666666.666666668,29322666666.666668,731148.0,399450.0,37934394598.680565,28.07390766666668,,,,117.9240923333333
lassen-cpu,laghos,-p 1 -dim 2 -rs 3 -tf 3.6 -pa,1,2.5333,12258445254.999838,13619983442.395384,7704433941.1508,59379209336.23782,1783285127.9338684,1433650745.7945435,370160465.1390649,53816472.16168531,-1.0,19333333.33333333,29453333333.333324,731129.3333333335,399450.0,38130650695.597626,27.25710333333333,,,,124.74089666666669
lassen-cpu,laghos,-p 1 -dim 2 -rs 3 -tf 3.7,1,2.4333,12448079891.969376,14018184993.6839,7810363643.762127,60561527569.73813,1794253154.3814695,1415791530.4276972,370096923.8862758,51953382.50283042,-1.0,19333333.33333333,30060000000.0,731120.0,399938.0,38472197754.78908,28.529086333333336,,,,117.46891366666665
lassen-cpu,laghos,-p 1 -dim 2 -rs 3 -tf 3.7 -pa,1,2.5333,12502861323.453613,13788694996.735918,7746495898.898034,60684900450.06964,1816978079.6221,1430410445.0621164,367467022.416676,55728873.75952309,-1.0,20000000.0,30165333333.333324,731138.6666666665,399938.0,38686037323.754944,28.784772999999998,,,,123.21322700000002
lassen-cpu,laghos,-p 1 -dim 2 -rs 3 -tf 3.8,1,2.5833,12694241655.426313,14153879085.68281,7978151981.425136,61670385628.28722,1886571740.243577,1494984280.2768908,377687294.193521,53638672.25508108,-1.0,19333333.33333333,30304666666.666668,731120.0,400405.66666666674,39190603397.54732,28.90640066666666,,,,126.09159933333333
lassen-cpu,laghos,-p 1 -dim 2 -rs 3 -tf 3.8 -pa,1,2.4833,12749051905.883562,14245036433.802681,7897122099.313195,61544810392.39294,1862770905.640636,1428556761.1679342,355914281.55174565,55893037.09331852,-1.0,19333333.33333333,30478666666.666668,731120.0,400405.66666666674,39237694969.6557,27.35545333333333,,,,121.64254666666666
lassen-cpu,laghos,-p 1 -dim 2 -rs 3 -tf 3.9,1,2.6333,12912467417.13663,14400792348.277647,8103417116.694217,62797030794.5554,1902282756.5126839,1605311042.401639,395061927.54188347,54556423.03096149,-1.0,20666666.666666668,31168666666.666668,731148.0,400900.0,40135396889.55739,28.34741833333333,,,,129.65058166666668
lassen-cpu,laghos,-p 1 -dim 2 -rs 3 -tf 3.9 -pa,1,2.65,13025394252.515284,14387199538.114706,8127059549.180065,62284999097.23316,1896763736.198861,1447358228.7898495,370001333.5144087,57906286.40566841,-1.0,21333333.33333333,30974000000.0,731148.0,400900.0,39941114900.763794,28.067009666666664,,,,130.93299033333335
lassen-cpu,laghos,-p 1 -dim 2 -rs 3 -tf 3 -pa,1,2.1666,10735022976.985136,12074191357.299238,6769476815.813252,52001655498.86585,1606831158.8008375,1243611693.361552,319648008.8060672,46043705.76253259,-1.0,17333333.333333332,25633333333.333332,731120.0,396175.66666666674,32864706733.340862,23.34031533333333,,,,106.65568466666664
lassen-cpu,laghos,-p 1 -dim 2 -rs 3 -tf 4.1,1,2.75,14079324375.775637,15869660878.879509,8792911640.307543,68859862910.1356,2102218331.1995816,1698012865.4707286,473683025.17508096,63415410.09747928,-1.0,22666666.66666667,34213333333.333324,731120.0,403527.0,43878629914.01518,30.979231,,,,134.020769
lassen-cpu,laghos,-p 1 -dim 2 -rs 3 -tf 4,1,2.7166,13530797699.868843,14879023873.645952,8359307717.287599,65010315677.45896,2000974834.5810773,1666677288.8707907,394279872.5188889,56493636.52316263,-1.0,22000000.0,32212000000.0,731120.0,401974.66666666674,41304029741.81875,31.10506233333333,,,,131.89093766666667
lassen-cpu,laghos,-p 1 -dim 2 -rs 3 -tf 4.1 -pa,1,2.7,14182186503.080696,15810329014.499031,8879858083.995329,68765867059.02002,2079993486.54053,1602586964.0405893,414108302.83011335,60131719.64141825,-1.0,22000000.0,33908000000.0,731138.6666666665,403527.0,43996930704.198814,31.384344,,,,130.615656
lassen-cpu,laghos,-p 1 -dim 2 -rs 3 -tf 4.2,1,3.05,14957361214.137703,16752447222.830637,9402528757.28523,72779363740.86494,2219115545.7855754,1755869196.2678163,461403574.98508435,66707688.96628397,-1.0,24666666.66666667,35936000000.0,731120.0,405296.0,46574263421.098434,32.40878800000001,,,,150.59121199999998
lassen-cpu,laghos,-p 1 -dim 2 -rs 3 -tf 4.2 -pa,1,2.9333,15039000675.269188,16625795398.674044,9303818771.099422,72702519525.4388,2190340755.8664355,1787553577.7130554,429758007.23851365,64116900.85469678,-1.0,24666666.66666667,35957333333.333336,731138.6666666665,405296.0,46339237510.375946,32.811688333333336,,,,143.18631166666665
lassen-cpu,laghos,-p 1 -dim 2 -rs 3 -tf 4.3,1,3.0333,15829225455.009796,17564689646.80692,9885874729.289078,76581708086.03798,2293582598.4211802,1843978633.146252,485638358.25487375,70187382.70845494,-1.0,25333333.33333333,37768000000.0,731120.0,407065.0,48293991765.021484,35.96375166666667,,,,146.03424833333335
lassen-cpu,laghos,-p 1 -dim 2 -rs 3 -tf 4.3 -pa,1,3.2,15775174149.297472,17567569887.608196,10004263235.899755,76557703690.37764,2376669684.674329,1835236577.0503368,453581257.9328439,71393118.38996257,-1.0,26000000.0,37916666666.666664,731129.3333333335,407065.0,48615934998.4517,33.96985766666667,,,,158.03014233333334
lassen-cpu,laghos,-p 1 -dim 2 -rs 3 -tf 4.4,1,9.0333,16700816147.354734,18545690573.471054,10407162830.751982,80404013097.29855,2418973104.279228,1950901284.5358925,468333688.1946437,70971801.44586001,-1.0,26666666.66666667,39934666666.666664,731148.0,408834.0,50948612356.06769,34.897198333333336,,,,507.1008016666667
lassen-cpu,laghos,-p 1 -dim 2 -rs 3 -tf 4.4 -pa,1,9.1666,16520732666.941269,18478946694.467754,10435754820.50398,80162501895.39261,2460334702.849485,1900110026.19528,489026336.57294035,71251209.60943,-1.0,26666666.66666667,39984000000.0,731120.0,408834.0,51458456238.860634,38.10078166666667,,,,511.89521833333345
lassen-cpu,laghos,-p 1 -dim 2 -rs 3 -tf 4.5,1,9.5166,17321178905.949608,19300002983.245857,10816319851.365524,84296973885.73724,2563851259.5266137,2115581374.614318,512623212.70841134,70604056.69876845,-1.0,26666666.66666667,41604666666.666664,731129.3333333335,410379.33333333326,53178567136.771,37.727849000000006,,,,533.268151
lassen-cpu,laghos,-p 1 -dim 2 -rs 3 -tf 4.5 -pa,1,9.45,17201049552.54482,19375670073.793858,10824889822.649836,83412248922.56497,2520248542.148439,1978293839.2782004,562191922.2084892,68171142.1692739,-1.0,26666666.66666667,41499333333.333336,731148.0,410379.33333333326,53900390309.510895,37.49015466666667,,,,529.5098453333334
lassen-cpu,laghos,-p 1 -dim 2 -rs 3 -tf 4.6,1,9.6,17810417107.573315,19948989034.16032,11165029821.510592,86165186272.50981,2680774334.220752,2067208130.1925719,528603808.2098031,76984771.34386128,-1.0,29333333.33333333,42828000000.0,731138.6666666665,411457.0,54576277614.11116,38.76235466666667,,,,537.2376453333334
lassen-cpu,laghos,-p 1 -dim 2 -rs 3 -tf 4.6 -pa,1,9.7,17906378595.40063,19839892255.656258,11246116407.172634,86470050546.4569,2682418633.2700405,2085699614.1866093,493113123.34605926,80146899.87357093,-1.0,28000000.0,42984666666.666664,731148.0,411457.0,55062332158.667984,40.60790833333334,,,,541.3920916666666
lassen-cpu,laghos,-p 1 -dim 2 -rs 3 -tf 4.7,1,9.8833,18332073699.413864,20382964501.522743,11458007018.724285,88397187469.21371,2620858976.3526497,2075833360.112504,550468823.7640642,76035173.13474824,-1.0,29333333.33333333,43538666666.666664,731148.0,412275.33333333326,56859970600.59009,39.120919,,,,553.8770810000001
lassen-cpu,laghos,-p 1 -dim 2 -rs 3 -tf 4.7 -pa,1,9.9,18278670149.57648,20522529538.38599,11363075612.112131,88251206042.78679,2671254597.163667,2073819815.7243493,546642945.7527144,80917087.69108205,-1.0,29333333.33333333,43774000000.0,731120.0,412275.33333333326,56456021811.42979,40.13406866666666,,,,553.8659313333334
lassen-cpu,laghos,-p 1 -dim 2 -rs 3 -tf 4.8,1,10.1166,18730594908.774475,21035859296.990658,11756262743.030664,90874829826.3416,2819032220.159564,2200133580.364574,573146415.0922718,81007018.02286129,-1.0,30666666.66666667,44694666666.666664,731120.0,413440.66666666674,58284648747.84025,40.767602000000025,,,,566.228398
lassen-cpu,laghos,-p 1 -dim 2 -rs 3 -tf 4.8 -pa,1,10.0333,18829716095.42334,20894303699.369137,11721722845.70642,90585643742.33199,2801315331.932233,2166354931.5381174,551358188.0151227,79593397.55547349,-1.0,29333333.33333333,45074666666.666664,731148.0,413440.66666666674,58239641705.61684,42.36276566666668,,,,559.6352343333334
lassen-cpu,laghos,-p 1 -dim 2 -rs 3 -tf 4.9,1,10.5,19496507250.21304,21606945512.952667,12141138407.550978,93522955736.9328,2816339836.346825,2258961790.770329,619439091.2620374,86312278.94074018,-1.0,31333333.33333333,46390666666.666664,731148.0,414782.66666666674,59815056929.800575,44.02763499999998,,,,585.972365
lassen-cpu,laghos,-p 1 -dim 2 -rs 3 -tf 4.9 -pa,1,10.3833,19162660160.52026,21590029672.20961,12049805729.431713,93922441118.92392,2834499703.1327767,2221564962.970992,542759167.0132767,75247623.73646729,-1.0,30666666.66666667,46601333333.333336,731148.0,414782.66666666674,59566378600.20992,44.68464066666667,,,,578.3133593333334
lassen-cpu,laghos,-p 1 -dim 2 -rs 3 -tf 4 -pa,1,2.7666,13414133890.144005,14886099263.023918,8371690465.580636,65497645665.353584,2002077430.9978254,1598795143.7413633,415695858.0950851,56381627.57903998,-1.0,22000000.0,31968000000.0,731148.0,401974.33333333326,41232110033.7455,29.57232566666667,,,,136.42367433333334
lassen-cpu,laghos,-p 1 -dim 2 -rs 3 -tf 5,1,10.9333,20110290093.164936,22511564233.200428,12524431634.223251,97572360254.24992,2906841419.6135178,2293630768.8632274,522928550.01624817,87049240.12448697,-1.0,32666666.66666667,48216666666.666664,731148.0,416124.0,61854930703.623924,43.55744033333331,,,,612.4405596666667
lassen-cpu,laghos,-p 1 -dim 2 -rs 3 -tf 5.5,1,12.0833,22359327605.397976,24945751056.880527,14065495284.412231,109419704906.65266,3313557060.491632,2715894143.264355,693073082.2130133,101754777.56208344,-1.0,36666666.66666666,53907333333.333336,731148.0,421350.33333333326,68805285463.70499,49.36091699999998,,,,675.637083
lassen-cpu,laghos,-p 1 -dim 2 -rs 3 -tf 5.5 -pa,1,12.1166,22565750041.99785,25252392063.29469,14144738973.10791,109089037939.7726,3314176732.342748,2601821491.894789,614080783.7831932,93970924.82150728,-1.0,36666666.66666666,53533333333.333336,731120.0,421350.33333333326,69156774474.03241,49.04999366666666,,,,677.9460063333333
lassen-cpu,laghos,-p 1 -dim 2 -rs 3 -tf 5 -pa,1,10.95,20150041607.462826,22317311366.0296,12587935112.232162,97494225343.25943,2954470882.7719803,2271143718.703357,600256021.4686087,82411294.83504252,-1.0,29333333.33333333,48012000000.0,731120.0,416124.0,63091269407.308075,45.62432233333334,,,,611.3756776666667
lassen-cpu,laghos,-p 1 -dim 3 -rs 1 -tf 3,1,1.0,4782539382.822833,5234248114.367565,2965884705.469975,22848895221.668167,687028615.9583559,543782677.6390822,123753790.18571012,18797287.572864514,-1.0,7333333.333333332,11305333333.333334,731120.0,379077.0,14643035088.77435,10.694462,,,,49.305538
lassen-cpu,laghos,-p 1 -dim 3 -rs 1 -tf 3.5,1,1.2333,5870536179.341297,6641987120.829755,3697282169.225375,28532615042.38658,854542873.8984371,723783089.0707346,161775362.43939903,24799778.094302204,-1.0,8666666.666666666,14268000000.0,731148.0,380520.0,18430877315.25233,13.100995333333335,,,,60.89700466666667
lassen-cpu,laghos,-p 1 -dim 3 -rs 1 -tf 3.5 -pa,1,1.1833,5946590228.7514715,6584790094.248574,3713822269.0587883,28472229083.95137,853855654.0654763,697815436.9290153,153907124.29918706,24406795.001591604,-1.0,8666666.666666666,14257333333.333334,731129.3333333335,380520.0,18484338211.110638,13.146524,,,,57.851476000000005
lassen-cpu,laghos,-p 1 -dim 3 -rs 1 -tf 3 -pa,1,0.9666,4747667692.563466,5260029383.153835,2987925508.837706,22853287018.15533,693490058.5843643,559087537.7486402,141652590.61077482,19703006.339707866,-1.0,7333333.333333332,11499333333.333334,731148.0,379077.0,14829682634.375456,10.350821666666667,,,,47.645178333333334
lassen-cpu,laghos,-p 1 -dim 3 -rs 1 -tf 4,1,1.5666,7339272523.885277,8191537317.661796,4527106979.34972,35227183869.404945,1024656741.1009984,836809344.3462563,182311941.37741002,29684622.350926306,-1.0,11333333.333333336,17652000000.0,731120.0,382247.66666666674,22759122706.11156,16.05778633333333,,,,77.93821366666667
lassen-cpu,laghos,-p 1 -dim 3 -rs 1 -tf 4.5,1,1.7,8510573780.071424,9393128464.63799,5362238347.0151005,41508038973.89093,1202265539.2881188,1007477105.7988976,223735907.27630952,34622594.24385718,-1.0,13333333.333333336,20464000000.0,731120.0,383712.33333333326,26166692064.64421,18.317829999999997,,,,83.68217
lassen-cpu,laghos,-p 1 -dim 3 -rs 1 -tf 4.5 -pa,1,1.6833,8523911842.037472,9388057195.061113,5373219369.7918,41203010084.2386,1208034073.180608,987470856.9079312,227127089.92586583,33771543.74653007,-1.0,12000000.0,20499333333.333332,731120.0,383712.33333333326,26349621397.395485,18.990003,,,,82.007997
lassen-cpu,laghos,-p 1 -dim 3 -rs 1 -tf 4 -pa,1,1.4666,7289015019.200156,8110914272.690638,4558293955.483506,35459107173.11673,1040145941.4600016,853902820.1832082,186864640.0644981,31432720.928135976,-1.0,10666666.666666666,17492666666.666668,731120.0,382247.66666666674,22752213450.04175,15.745820333333334,,,,72.25017966666667
lassen-cpu,laghos,-p 1 -dim 3 -rs 1 -tf 5,1,1.9666,9598919169.485838,10679946579.608078,6016998853.856472,46149269531.67801,1335324941.3740547,1119025375.2916863,259845436.825871,39876879.66369131,-1.0,14000000.0,23115333333.333332,731138.6666666665,384992.66666666674,29549332482.879368,20.58316733333333,,,,97.41283266666667
lassen-cpu,laghos,-p 1 -dim 3 -rs 1 -tf 5.5,1,1.9833,10474710345.891243,11522765383.558657,6538416795.8738575,50690606664.145935,1453283245.6874895,1161447447.1151884,262650008.65995467,41589691.097447015,-1.0,15333333.333333336,24714666666.666668,731148.0,386092.0,31806542681.70185,22.51568333333334,,,,96.48231666666666
lassen-cpu,laghos,-p 1 -dim 3 -rs 1 -tf 5.5 -pa,1,2.0166,10222476493.198835,11446457334.78546,6408445694.545848,50073050989.82916,1480712229.4201493,1247485090.8989336,265515914.33463284,43628819.87491023,-1.0,15333333.333333336,24853333333.333332,731120.0,386092.0,31657631880.36289,23.50601466666667,,,,97.48998533333332
lassen-cpu,laghos,-p 1 -dim 3 -rs 1 -tf 5 -pa,1,1.9333,9499962648.800406,10516040794.609228,5955234094.335916,45741553943.584526,1391461928.8667715,1134186713.5669804,271959142.69222313,38434004.62880073,-1.0,15333333.333333336,23066666666.666668,731148.0,384992.66666666674,29556728988.4728,21.44724300000001,,,,94.55075699999999
lassen-cpu,laghos,-p 1 -dim 3 -rs 2 -tf 3,1,2.55,13171522848.175484,14671081025.564457,8138406592.114617,63433158503.13065,1858573162.832292,1564102761.1545732,422496100.480421,52496349.98274524,-1.0,38000000.0,31798000000.0,731129.3333333335,387752.33333333326,41243175925.601456,28.442154,,,,124.557846
lassen-cpu,laghos,-p 1 -dim 3 -rs 2 -tf 3.5,1,9.65,17548170095.97668,19591384842.2195,10910993598.93471,84880439939.64818,2564941478.726241,1960488664.5098293,500956304.5931124,65318005.06459738,-1.0,48666666.66666666,42545333333.333336,731129.3333333335,392630.33333333326,55102014794.62172,38.47945200000001,,,,540.520548
lassen-cpu,laghos,-p 1 -dim 3 -rs 2 -tf 3.5 -pa,1,9.6333,17660148368.6427,19633871226.59785,11002681418.03093,85608215770.37016,2553047980.059898,2031086722.6796796,538025203.8665702,72853952.15618366,-1.0,48666666.66666666,42740666666.666664,731120.0,392630.33333333326,55177803293.16058,39.972279,,,,538.0257210000001
lassen-cpu,laghos,-p 1 -dim 3 -rs 2 -tf 3 -pa,1,2.6,13165755233.806976,14674499273.565975,8223430671.7843685,63674905934.46904,1909202682.9775238,1585244227.6680644,409297329.806677,55059667.17586449,-1.0,37333333.333333336,31636000000.0,731148.0,387752.33333333326,41363402921.95033,29.757002333333343,,,,126.24299766666665
lassen-cpu,laghos,-p 1 -dim 3 -rs 2 -tf 4,1,11.95,22181528935.098587,24757009883.217167,13803720969.099295,107663343595.33824,3216430508.449776,2658073889.253387,645686595.6208571,85615508.62680003,-1.0,59333333.33333334,53176666666.666664,731129.3333333335,397428.66666666674,68828269410.11162,47.86601933333332,,,,669.1339806666667
lassen-cpu,laghos,-p 1 -dim 3 -rs 2 -tf 4.5,1,12.95,23746135710.93043,26326850676.23328,14865636276.874569,114996949893.55348,3433388656.119577,2880968923.9408607,744518080.0949615,96114432.6929698,-1.0,63333333.33333334,57318000000.0,731148.0,399381.33333333326,74107832178.56046,54.13025233333331,,,,722.8697476666667
lassen-cpu,laghos,-p 1 -dim 3 -rs 2 -tf 4.5 -pa,1,12.75,23753506609.56461,26159945002.84967,14879250520.755692,115113105930.82875,3450814038.661289,2718161370.548224,701602187.1160152,88709531.52879006,-1.0,66666666.66666666,57202666666.66665,731148.0,399381.33333333326,74430073433.12509,51.304403999999984,,,,713.695596
lassen-cpu,laghos,-p 1 -dim 3 -rs 2 -tf 4 -pa,1,12.05,22117205568.783142,24575444093.534992,13612525557.605812,107042838203.25577,3145250902.666604,2578507238.548375,645547586.2720381,89555631.49740964,-1.0,63333333.33333334,52916000000.0,731120.0,397428.66666666674,68467547993.505165,49.18456899999999,,,,673.815431
lassen-cpu,laghos,-p 1 -dim 3 -rs 2 -tf 5,1,14.1166,26089370269.392803,28805376558.91466,16230672023.204603,126219751086.04816,3762166400.211228,3011519581.670523,840697014.9822997,105248287.39796354,-1.0,71333333.33333333,62818666666.66665,731129.3333333335,401932.33333333326,82313817273.16661,57.06483366666663,,,,789.9311663333333
lassen-cpu,laghos,-p 1 -dim 3 -rs 2 -tf 5.5,1,16.4833,30196792199.336487,33353971833.69255,18808051864.912613,145569232118.0717,4472457907.327789,3523383106.200385,903116502.3504052,117279802.02324714,-1.0,83333333.33333333,73016666666.66667,731148.0,406955.33333333326,95846488504.0271,66.17684266666664,,,,922.8211573333334
lassen-cpu,laghos,-p 1 -dim 3 -rs 2 -tf 5.5 -pa,1,16.5166,30217390555.271164,33643388979.145283,19002212954.19353,146486595732.33365,4360754138.272749,3576821174.886747,983304314.1988393,122454594.07395136,-1.0,79333333.33333333,73533333333.33333,731129.3333333335,406955.33333333326,94966831865.67377,68.96583899999997,,,,922.030161
lassen-cpu,laghos,-p 1 -dim 3 -rs 2 -tf 5 -pa,1,14.0333,25871591534.937267,28718997916.63423,16088406789.474497,125352947540.15373,3828300120.8808436,3133158441.577774,822768552.8934753,102163526.96280046,-1.0,69333333.33333333,63086000000.0,731148.0,401932.33333333326,82371022333.37418,58.522516333333314,,,,783.4754836666667
lassen-cpu,laghos,-p 2 -dim 2 -rs 2 -tf 3,1,1.0833,5177119085.685085,5740533193.578412,3216167973.977043,24721380395.21489,734702353.7402263,608678073.3482376,168606431.9615468,20530217.78141388,-1.0,6666666.666666668,12257333333.333334,731148.0,386184.66666666674,15695373644.25283,11.829325333333328,,,,53.16867466666666
lassen-cpu,laghos,-p 2 -dim 2 -rs 2 -tf 3.5,1,1.25,5820547520.736924,6509096204.759247,3675457267.501072,28354056126.25635,852140599.5083423,728363681.814322,166220788.16715133,26872266.51984197,-1.0,8000000.0,14026000000.0,731129.3333333335,388035.66666666674,17971749693.29015,13.094564666666667,,,,61.90543533333333
lassen-cpu,laghos,-p 2 -dim 2 -rs 2 -tf 3.5 -pa,1,1.1833,5867071539.299838,6462939782.158961,3652776726.418457,28311680449.260067,852290601.328415,705384530.2439796,164377876.35065028,27138187.85486691,-1.0,8000000.0,14033333333.333334,731129.3333333335,388035.66666666674,18412086864.128197,12.776283666666664,,,,58.22171633333334
lassen-cpu,laghos,-p 2 -dim 2 -rs 2 -tf 3 -pa,1,1.1333,5120833059.940113,5785514488.671348,3229146501.644969,24966662771.144505,751720027.8118613,598693566.2107676,138387605.15722272,21776701.159367125,-1.0,7333333.333333332,12357333333.333334,731148.0,386184.66666666674,15878086950.249712,11.310850000000002,,,,56.68715
lassen-cpu,laghos,-p 2 -dim 2 -rs 2 -tf 4,1,1.2833,6199910681.927424,6968872087.315928,3937949460.38399,30095688720.67235,910431056.9144326,763287899.493106,183768086.4001436,27046707.69236765,-1.0,8666666.666666666,14826666666.666666,731120.0,389058.0,19547755949.06682,13.628056333333333,,,,63.36994366666667
lassen-cpu,laghos,-p 2 -dim 2 -rs 2 -tf 4.5,1,1.4333,6798097458.81714,7444750532.215495,4265225752.265539,32992987065.16188,1008380754.6864886,843606758.541766,200649684.3267185,28787602.686581794,-1.0,8666666.666666666,16430666666.666666,731148.0,390540.33333333326,21500781854.490856,15.541347666666667,,,,70.45665233333334
lassen-cpu,laghos,-p 2 -dim 2 -rs 2 -tf 4.5 -pa,1,1.45,6852639116.216439,7682774286.7202425,4267426118.850468,33290259384.266193,1004681703.7093242,787006306.9785233,196779452.71819487,28195884.91459253,-1.0,9333333.333333334,16342000000.0,731129.3333333335,390540.33333333326,21307641905.034576,15.558630333333326,,,,71.44136966666667
lassen-cpu,laghos,-p 2 -dim 2 -rs 2 -tf 4 -pa,1,1.2833,6269330005.418165,6963374123.22832,3886358500.8806796,30337666495.99435,895053223.8763486,748799832.0893909,181546545.68779776,29407063.83559933,-1.0,8666666.666666666,14888666666.666666,731120.0,389058.0,19494103822.930897,14.016983666666668,,,,62.981016333333336
lassen-cpu,laghos,-p 2 -dim 2 -rs 2 -tf 5,1,1.5166,7584147384.070812,8461242422.475224,4790964128.773168,37144703658.08808,1119386452.764455,957198587.4124873,233185945.9924976,33558579.45568486,-1.0,10666666.666666666,18256000000.0,731120.0,392715.33333333326,23974547307.780136,16.96314633333333,,,,74.03285366666667
lassen-cpu,laghos,-p 2 -dim 2 -rs 2 -tf 5.5,1,1.6166,8283533992.440061,9288220712.22341,5154695680.65926,40280155486.54983,1220535735.9859269,1068868962.6028713,243381736.23284096,36695718.03659577,-1.0,12000000.0,19913333333.333332,731129.3333333335,394302.0,25527638256.52112,18.138529333333327,,,,78.85747066666669
lassen-cpu,laghos,-p 2 -dim 2 -rs 2 -tf 5.5 -pa,1,1.65,8238361597.030064,9191066992.570696,5155021176.427032,40221364409.91703,1169307070.3203704,973522951.7335244,259691625.2371396,36367285.35879962,-1.0,11333333.333333336,20043333333.333332,731148.0,394302.0,26131102961.62033,17.894020666666666,,,,81.10597933333334
lassen-cpu,laghos,-p 2 -dim 2 -rs 2 -tf 5 -pa,1,4.3333,7629036958.264361,8580864852.5115795,4808612232.521725,37011605379.25074,1105876751.5816991,909486347.5964413,221633643.3493189,31536228.646952074,-1.0,11333333.333333336,18141333333.333332,731148.0,392715.33333333326,23676428580.962227,17.038085666666667,,,,242.9599143333334
lassen-cpu,laghos,-p 2 -dim 3 -rs 1 -tf 3,1,0.8833,3928249595.597928,4470563945.856677,2478494949.16715,18827115140.65944,557531732.3386251,452258024.06496817,94042812.60494174,16490831.066692226,-1.0,6000000.0,9331333333.333334,731138.6666666665,378780.66666666674,11912316495.2398,8.405016666666667,,,,44.59298333333333
lassen-cpu,laghos,-p 2 -dim 3 -rs 1 -tf 3.5,1,1.0166,4515739337.465242,4942690403.720046,2818194037.0600424,21839488652.93916,652893472.6176888,533668605.541516,127790936.49732612,18266007.936210506,-1.0,7333333.333333332,10875333333.333334,731148.0,379676.0,13837377876.350632,9.849846666666668,,,,51.14615333333333
lassen-cpu,laghos,-p 2 -dim 3 -rs 1 -tf 3.5 -pa,1,0.9666,4519155851.02371,5038562871.985776,2910018216.3497863,21729803081.028843,649297752.4441665,505052354.2976212,119521664.89652602,19345226.24197101,-1.0,7333333.333333332,10891333333.333334,731120.0,379676.0,14007936515.462498,10.356218666666663,,,,47.63978133333334
lassen-cpu,laghos,-p 2 -dim 3 -rs 1 -tf 3 -pa,1,0.8166,3885151534.0940666,4359892652.919604,2456591072.485972,18934677528.47741,560984668.1936488,430047821.0269215,105190818.88555162,15439374.651460227,-1.0,6666666.666666668,9443333333.333334,731120.0,378780.66666666674,11975251769.377415,8.521807333333333,,,,40.47419266666667
lassen-cpu,laghos,-p 2 -dim 3 -rs 1 -tf 4,1,0.9833,4860854544.616197,5385207859.152489,3077017880.2550354,23423643900.037983,716605597.5303522,614466202.0669923,121512722.33028597,20109719.908634666,-1.0,8000000.0,11778000000.0,731120.0,380183.66666666674,15021740699.516226,10.978819,,,,48.019180999999996
lassen-cpu,laghos,-p 2 -dim 3 -rs 1 -tf 4.5,1,1.1,5256536483.275975,5862945899.731618,3319719144.7601066,25270076246.233257,751355964.8948048,655748746.3665513,136949388.54591838,21188021.70849184,-1.0,8000000.0,12588000000.0,731138.6666666665,380785.33333333326,16645708654.348783,11.848035333333328,,,,54.15196466666667
lassen-cpu,laghos,-p 2 -dim 3 -rs 1 -tf 4.5 -pa,1,1.1333,5296762469.97855,5850497156.668972,3366635019.924665,25897899802.713474,797423308.360836,599865473.9175526,151040734.94702223,21702290.29503883,-1.0,8000000.0,12644000000.0,731129.3333333335,380785.33333333326,16370283411.533026,11.42670233333333,,,,56.57129766666667
lassen-cpu,laghos,-p 2 -dim 3 -rs 1 -tf 4 -pa,1,1.0166,4864815333.008784,5541292558.4981575,3062223513.9670963,23731011316.974915,697136067.2743996,567222046.0133559,129008104.86152066,22093769.502364635,-1.0,7333333.333333332,11733333333.333334,731129.3333333335,380183.66666666674,15048401804.172428,10.525466333333334,,,,50.47053366666666
lassen-cpu,laghos,-p 2 -dim 3 -rs 1 -tf 5,1,3.25,5850271063.088681,6579953614.306991,3711214524.712822,28694743220.0155,849030940.5114857,746776499.7411999,145028230.8522116,23414967.67931965,-1.0,9333333.333333334,14254666666.666666,731120.0,381679.33333333326,18659772703.878696,12.825803666666667,,,,182.17419633333333
lassen-cpu,laghos,-p 2 -dim 3 -rs 1 -tf 5.5,1,1.3,6522206891.649635,7137129387.54863,4011236717.1446133,31408251338.360207,933636316.406958,788991438.1968545,179399371.42434347,27601612.36933041,-1.0,9333333.333333334,15652666666.666666,731138.6666666665,382452.66666666674,20198196367.415485,14.214216999999998,,,,63.785783
lassen-cpu,laghos,-p 2 -dim 3 -rs 1 -tf 5.5 -pa,1,1.35,6406336878.237927,7200650645.634467,4032333489.042271,30996088008.130764,933962190.6340287,749798512.3045979,165169971.62582454,26162555.46210004,-1.0,9333333.333333334,15653333333.333334,731129.3333333335,382452.66666666674,20226211795.139404,14.712702333333333,,,,66.28729766666666
lassen-cpu,laghos,-p 2 -dim 3 -rs 1 -tf 5 -pa,1,1.1833,5890151750.014523,6618502389.146777,3683292474.424347,28467574389.016094,869284293.1822872,706628292.5037595,159639903.1413262,23738700.651507635,-1.0,9333333.333333334,14216000000.0,731120.0,381679.33333333326,18619550891.18846,13.35112733333333,,,,57.646872666666674
lassen-cpu,laghos,-p 2 -dim 3 -rs 2 -tf 3,1,2.25,10976256314.91835,12197662393.007887,6869060571.612183,52979591245.54059,1580473659.1085346,1337540312.1710732,339111561.1950177,44531222.09782351,-1.0,33333333.33333333,26486000000.0,731120.0,386189.0,34818554043.94208,23.890511333333325,,,,111.10948866666668
lassen-cpu,laghos,-p 2 -dim 3 -rs 2 -tf 3 -pa,1,2.05,10929786624.024,12355167093.5234,6807926860.445549,53007218729.687584,1555763383.8072689,1246311457.7298644,334306668.22305703,45356990.06165219,-1.0,32666666.66666667,26473333333.333332,731120.0,386189.0,33971419420.41088,25.13885833333333,,,,97.86114166666665
lassen-cpu,laghos,-p 3 -dim 2 -rs 2 -tf 3,1,0.25,662906423.9781767,717763952.3700013,431373442.63821936,3165276765.604458,92831281.76644433,100259905.32344092,20886327.9033184,3251689.510728836,-1.0,666666.6666666665,1614666666.6666667,731129.3333333335,374438.66666666674,2040729350.7333372,1.4601803333333332,,,,13.539819666666666
lassen-cpu,laghos,-p 3 -dim 2 -rs 2 -tf 3.5,1,0.25,780860368.6066839,878782593.4549416,486025302.60741735,3796400330.313975,109474350.86090527,97956689.7356212,22981590.609463844,3701252.123910044,-1.0,666666.6666666665,1855333333.3333333,731148.0,374642.66666666674,2369409077.713789,1.809176,,,,13.190824
lassen-cpu,laghos,-p 3 -dim 2 -rs 2 -tf 3.5 -pa,1,0.2666,766258641.0511446,858547331.4466293,494795944.12578726,3836900542.8916907,108700094.21566288,94206723.65502688,25769968.09759225,3441437.564443709,-1.0,666666.6666666665,1857333333.3333333,731148.0,374642.66666666674,2383612529.448317,1.7925756666666668,,,,14.203424333333334
lassen-cpu,laghos,-p 3 -dim 2 -rs 2 -tf 3 -pa,1,0.25,668754076.4479526,706410208.7284138,418950003.1978275,3219538237.0004373,96597918.07584064,78609166.2107018,21090469.34805105,3316701.5589335975,-1.0,666666.6666666665,1584666666.6666667,731120.0,374438.66666666674,2050918958.9507203,1.488036666666667,,,,13.511963333333334
lassen-cpu,laghos,-p 3 -dim 2 -rs 2 -tf 4,1,0.2833,863105903.4617966,998823890.9757297,578111265.0050418,4253885258.7682633,123712241.92728376,106968726.05310488,25670525.70573797,3884057.2983686817,-1.0,1333333.333333333,2079333333.3333333,731120.0,374845.33333333326,2734042754.8402514,1.932549,,,,15.065451000000001
lassen-cpu,laghos,-p 3 -dim 2 -rs 2 -tf 4.5,1,0.3166,974296711.7685431,1134193315.0283394,606844287.3918066,4893698233.084843,138300400.62816533,114118273.68292683,34570497.53117676,4199740.147149724,-1.0,1333333.333333333,2389333333.333333,731129.3333333335,375069.66666666674,3030604525.2201014,2.228976666666667,,,,16.76702333333333
lassen-cpu,laghos,-p 3 -dim 2 -rs 2 -tf 4.5 -pa,1,0.3166,989349688.0943928,1084322941.5162046,637685300.1386,4742390875.74792,143328534.61913502,123941709.16055094,30898924.717361044,4125567.490778528,-1.0,1333333.333333333,2344666666.6666665,731148.0,375069.66666666674,3096143756.8396287,2.067159333333334,,,,16.928840666666666
lassen-cpu,laghos,-p 3 -dim 2 -rs 2 -tf 4 -pa,1,0.3166,863087762.9537616,954998980.9004402,544810565.8047948,4195761349.241442,129947087.90656872,108986940.1554376,27040237.94163785,4191725.3890916123,-1.0,666666.6666666665,2116000000.0,731120.0,374845.33333333326,2719983717.252384,1.878893666666668,,,,17.117106333333332
lassen-cpu,laghos,-p 3 -dim 2 -rs 2 -tf 5,1,0.35,1079778047.2646728,1183136392.2905705,685724410.6899836,5255589234.93065,155230481.09912816,133142463.74088,35656057.11941069,5461958.5527877435,-1.0,1333333.333333333,2616000000.0,731129.3333333335,375273.0,3367521947.3730702,2.349635666666667,,,,18.650364333333332
lassen-cpu,laghos,-p 3 -dim 2 -rs 2 -tf 5.5,1,0.35,1183049462.0426867,1378316078.886307,764942270.5575452,5713152638.124086,176024830.5520414,144919490.9534,31705562.140086,5640288.837598152,-1.0,1333333.333333333,2917333333.333333,731129.3333333335,375497.33333333326,3700167679.1144595,2.6094916666666665,,,,18.390508333333333
lassen-cpu,laghos,-p 3 -dim 2 -rs 2 -tf 5.5 -pa,1,0.35,1187919807.205799,1317930831.187288,737463226.3931032,5824644120.709195,172967293.35877022,142772207.54967192,33860810.18780859,5658566.84232171,-1.0,1333333.333333333,2903333333.333333,731120.0,375497.33333333326,3688786352.9983134,2.606030333333333,,,,18.393969666666667
lassen-cpu,laghos,-p 3 -dim 2 -rs 2 -tf 5 -pa,1,0.3333,1100096049.394036,1210030854.8335307,698924788.5101433,5181948612.965907,156632327.77321887,130024755.45671056,31601303.15011964,5210137.625884972,-1.0,1333333.333333333,2654000000.0,731120.0,375273.0,3379861496.0167284,2.4352446666666667,,,,17.56275533333333
lassen-cpu,laghos,-p 3 -dim 3 -rs 1 -tf 3,1,0.25,621787444.7121682,663450758.6527648,402408642.9875736,2919065517.587143,88253075.92363325,81492093.89811847,19005380.99001071,2946802.86732961,-1.0,1333333.333333333,1466000000.0,731148.0,373808.66666666674,1804319999.5589046,1.3594663333333334,,,,13.640533666666666
lassen-cpu,laghos,-p 3 -dim 3 -rs 1 -tf 3.5,1,0.25,722520189.4720154,801237325.1021807,450189129.28132135,3465250738.1213245,105549191.36113273,86027641.8556197,20275213.857315872,3818618.391602092,-1.0,1333333.333333333,1728000000.0,731120.0,373911.0,2226608141.2482524,1.589251666666667,,,,13.410748333333332
lassen-cpu,laghos,-p 3 -dim 3 -rs 1 -tf 3.5 -pa,1,0.2666,697608034.9883293,785669551.8141365,446064755.34569377,3426696158.9995704,101892361.25161356,84433479.49185629,21954837.896637507,3217866.7387633817,-1.0,1333333.333333333,1726000000.0,731148.0,373911.0,2221543700.383464,1.5694176666666668,,,,14.426582333333334
lassen-cpu,laghos,-p 3 -dim 3 -rs 1 -tf 3 -pa,1,0.2666,618677254.4641256,725076642.9285831,389397248.94833416,3024334863.979091,85047309.14668697,75238860.2478345,15209460.045532605,2827877.3718086183,-1.0,1333333.333333333,1496666666.6666667,731148.0,373808.66666666674,1794504355.6097612,1.3494956666666666,,,,14.646504333333334
lassen-cpu,laghos,-p 3 -dim 3 -rs 1 -tf 4,1,0.2833,796453133.5415987,888278032.7384912,514022969.9582866,3889618438.9474826,118888065.50383382,89521972.89165111,25371732.074746564,3433490.10454916,-1.0,2000000.0,1957333333.3333333,731148.0,374012.0,2539459383.2762384,1.7755040000000004,,,,15.222496000000001
lassen-cpu,laghos,-p 3 -dim 3 -rs 1 -tf 4.5,1,0.3166,908145425.7833283,967521029.5499127,583760218.8495822,4371735076.819651,127231927.39985256,111053107.23976807,24891602.97693213,4493587.796308535,-1.0,2000000.0,2136000000.0,731148.0,374114.33333333326,2797174954.493432,1.952791333333333,,,,17.043208666666665
lassen-cpu,laghos,-p 3 -dim 3 -rs 1 -tf 4.5 -pa,1,0.3,911695003.5270537,1017314302.5114332,586769323.3897183,4622090430.253634,129123722.47379738,99973010.58231056,26319734.95815948,3907124.170825228,-1.0,2000000.0,2164666666.6666665,731148.0,374114.33333333326,2757614243.5130844,2.0272669999999997,,,,15.972733
lassen-cpu,laghos,-p 3 -dim 3 -rs 1 -tf 4 -pa,1,0.2833,799554673.5596168,895450230.9856248,528070723.4597631,3894345337.83844,116499342.90078336,91915251.20405258,24049396.68250147,3792828.42995912,-1.0,2000000.0,1962666666.6666667,731148.0,374012.0,2548596585.9252357,1.7633016666666663,,,,15.234698333333334
lassen-cpu,laghos,-p 3 -dim 3 -rs 1 -tf 5,1,0.25,1006476045.8267883,1119882693.2666745,648416258.1264616,4883042222.416808,143877914.32136196,126059294.1286083,30927876.39826604,4227480.242653691,-1.0,2000000.0,2427333333.333333,731129.3333333335,374215.33333333326,3094775038.545532,2.043118666666667,,,,12.956881333333333
lassen-cpu,laghos,-p 3 -dim 3 -rs 1 -tf 5.5,1,0.3333,1085558056.8929443,1208027360.4962733,700188949.2340884,5290738528.544565,165871715.9537858,122238178.2639554,31133819.82943709,5460157.397329895,-1.0,2000000.0,2687333333.333333,731120.0,374338.66666666674,3417939681.6431146,2.391924,,,,17.606075999999998
lassen-cpu,laghos,-p 3 -dim 3 -rs 1 -tf 5.5 -pa,1,0.3333,1106420284.919726,1233149324.657686,702999268.3139533,5368550356.457118,155890133.40098292,144713994.04316026,29237570.82355523,5076298.666773097,-1.0,2000000.0,2668000000.0,731148.0,374338.66666666674,3432138474.2206697,2.2668633333333337,,,,17.731136666666664
lassen-cpu,laghos,-p 3 -dim 3 -rs 1 -tf 5 -pa,1,0.3166,1012799784.6869184,1061355539.7395592,645661670.575099,4936854590.774882,145493793.84862944,138723851.8806039,26095959.81711288,4432138.141488448,-1.0,2000000.0,2426000000.0,731129.3333333335,374215.33333333326,3048981567.6040483,2.029786666666667,,,,16.966213333333332
lassen-cpu,laghos,-p 3 -dim 3 -rs 2 -tf 3,1,0.4333,1476746862.728033,1701179251.3149948,934176760.1104981,7124034254.357519,203946695.6854855,175163801.75841036,47823400.81021356,6412183.056659099,-1.0,9333333.333333334,3539333333.333333,731129.3333333335,374443.0,4533902812.112559,3.127075333333334,,,,22.870924666666667
lassen-cpu,laghos,-p 3 -dim 3 -rs 2 -tf 3.5,1,0.45,1706120439.74938,1842719125.4308977,1055021616.01576,8236893549.282501,249908777.511486,211934229.0433741,47906715.22782541,7222848.257849724,-1.0,10666666.666666666,4098666666.6666665,731148.0,374647.0,5398242863.194971,3.8346910000000007,,,,23.165309
lassen-cpu,laghos,-p 3 -dim 3 -rs 2 -tf 3.5 -pa,1,0.4666,1689210591.5702598,1878922821.7887983,1047303421.2236742,8183085059.694676,251232464.91896936,204934114.14954528,46557359.35000652,6818946.773801561,-1.0,10666666.666666666,4066000000.0,731148.0,374647.0,5386008826.8743105,3.629970666666667,,,,24.366029333333337
lassen-cpu,laghos,-p 3 -dim 3 -rs 2 -tf 3 -pa,1,0.4333,1461715917.9713714,1650797788.6453974,916221468.541556,7176716328.359816,208596148.38755825,186193110.0940449,44123915.00325731,5982722.677745547,-1.0,10000000.0,3546666666.6666665,731120.0,374443.0,4549957777.921292,3.2663213333333325,,,,22.731678666666667
lassen-cpu,laghos,-p 3 -dim 3 -rs 2 -tf 4,1,0.5333,1959836002.7337718,2137282954.4678922,1273046959.980426,9581518559.589777,272739030.65471053,245418384.28153652,62965513.2284714,8065758.260512683,-1.0,11333333.333333336,4678666666.666667,731129.3333333335,374849.66666666674,6166854348.4228115,4.116080333333335,,,,27.881919666666665
lassen-cpu,laghos,-p 3 -dim 3 -rs 2 -tf 4.5,1,0.5333,2169144576.3023825,2411145838.6093264,1385806704.4609694,10618454816.713726,306344374.80947804,245454438.08092135,70596271.54106231,8496471.51682554,-1.0,12000000.0,5203333333.333333,731148.0,375074.0,6701925679.774094,4.694450999999999,,,,27.303549000000004
lassen-cpu,laghos,-p 3 -dim 3 -rs 2 -tf 4.5 -pa,1,0.5333,2172516891.378548,2426959597.373238,1369543771.2951832,10654294303.128244,306939552.1871087,279599629.0834916,67022913.65757027,8841325.538739137,-1.0,11333333.333333336,5330000000.0,731120.0,375074.0,6680226348.11238,4.8402536666666665,,,,27.157746333333336
lassen-cpu,laghos,-p 3 -dim 3 -rs 2 -tf 4 -pa,1,1.2333,1949136859.1341212,2233431412.050491,1213304137.6452565,9526090966.441664,273219632.60362685,230916478.60043004,57469242.44674217,8302302.976155378,-1.0,10666666.666666666,4657333333.333333,731129.3333333335,374849.66666666674,6104717754.8093605,4.243992666666665,,,,69.75400733333333
lassen-cpu,laghos,-p 3 -dim 3 -rs 2 -tf 5,1,0.6,2418876782.170989,2655780700.780749,1519916730.9035325,11823869036.103241,345722589.2700073,284614960.2168725,75828534.28091139,9954931.302721158,-1.0,12000000.0,5816666666.666667,731120.0,375276.66666666674,7558148960.222913,5.269302333333333,,,,30.730697666666668
lassen-cpu,laghos,-p 3 -dim 3 -rs 2 -tf 5.5,1,0.6333,2633401410.784903,2903199818.3193746,1638813531.598157,12618809718.503542,384553390.1393029,302762958.63818747,74531309.94796427,10279056.92530745,-1.0,12666666.666666664,6377333333.333333,731129.3333333335,375501.0,8456267227.886378,5.6502593333333335,,,,32.34774066666667
lassen-cpu,laghos,-p 3 -dim 3 -rs 2 -tf 5.5 -pa,1,0.6,2622644409.339025,2940291523.2456555,1662964032.0467422,12729075730.440344,378831879.68716383,312323036.9019582,75942945.82192947,10038818.780463554,-1.0,12666666.666666664,6538000000.0,731129.3333333335,375501.0,8231505981.465788,5.779828999999999,,,,30.220171
lassen-cpu,laghos,-p 3 -dim 3 -rs 2 -tf 5 -pa,1,0.55,2414049893.850073,2678344564.2250013,1491346789.3910644,11778201798.189974,343168048.9608438,299368577.560222,70564641.69395274,10349903.557721827,-1.0,12000000.0,5880000000.0,731129.3333333335,375276.66666666674,7499395743.281537,5.1224370000000015,,,,27.877563
lassen-cpu,TestDfft,10 120,1,0.05,502171805.2176581,502177672.8380485,400898035.7118442,3701714890.430352,35173590.63290469,305675203.56772625,71789209.87609257,49291086.53440828,-1.0,691333333.3333334,1678000000.0,731148.0,6.148914691236892e+18,871102376.9837862,0.5905703333333333,,,,2.4094296666666666
lassen-cpu,TestDfft,10 128,1,0.0833,619367419.9926863,582233691.0599835,472808770.77357394,4553903269.628371,55813457.29481054,854860453.5177149,90104001.7308165,63275089.63454432,-1.0,829333333.3333334,2185333333.333333,731148.0,6.148914691236892e+18,1762681925.928626,0.9457443333333332,,,,4.052255666666667
lassen-cpu,TestDfft,10 160,1,0.1166,1184808230.0875444,1113333090.7498212,900857916.4041307,8513851785.946953,111141065.15485471,1578749513.30241,164575824.7862685,121267448.15134096,-1.0,1547333333.3333333,3942000000.0,731138.6666666665,6.148914691236892e+18,3124406355.472033,1.7402900000000001,,,,5.25571
lassen-cpu,TestDfft,10 200,1,0.2,2301220064.004757,2423375840.8222823,1953162728.1822147,18203208584.4388,162099983.44551554,2164997534.143347,333317294.79617953,231197187.2605523,-1.0,3819333333.3333335,7815333333.333333,731148.0,6.148914691236892e+18,5179756158.838971,3.165187666666668,,,,8.834812333333332
lassen-cpu,TestDfft,10 240,1,0.3333,4014940321.554896,4057358399.391434,3282569845.447054,31086331488.61015,359802628.42091924,5227833710.586086,554925536.7416638,408380122.0869042,-1.0,6624000000.0,13540666666.666666,731138.6666666665,6.148914691236892e+18,10999182823.567787,5.9781716666666656,,,,14.019828333333333
lassen-cpu,TestDfft,10 256,1,0.5833,4927451392.760392,4817322674.976781,3975589056.941349,37860849553.32634,439309738.6961147,11275453189.801987,879388145.7395363,696062664.2142872,-1.0,7846000000.0,16484666666.666666,731129.3333333335,6.148914691236892e+18,26382732451.625145,11.233596333333333,,,,23.764403666666674
lassen-cpu,TestDfft,10 32,1,0.0333,6549538.178638015,1636045.7031390097,4192347.560821263,46674391.8129414,270011.2558458144,7426737.405468161,9110379.227029396,1550438.9068377146,-1.0,13333333.333333336,41333333.333333336,731138.6666666665,6.148914691236892e+18,25228965.92035676,0.022346666666666667,,,,1.9756533333333335
lassen-cpu,TestDfft,10 64,1,0.0333,77265855.26133001,67324868.20619111,62081362.23919252,612479916.4094754,6534545.22167259,84890480.8883865,16053760.60162562,10118113.622752847,-1.0,142000000.0,293333333.3333333,731129.3333333335,6.148914691236892e+18,172969594.57326925,0.10752100000000002,,,,1.8904790000000002
lassen-cpu,TestDfft,12 128,1,0.0833,742930151.9840412,709301046.3250562,566379636.3713046,5402992871.084729,66793153.66713779,1050377633.9307133,104332530.25601508,76898894.95523438,-1.0,976000000.0,2598666666.6666665,731120.0,6.148914691236892e+18,2114483502.5473907,1.1241336666666668,,,,3.8738663333333334
lassen-cpu,TestDfft,12 256,1,0.7,5889170781.932465,5802239955.948368,4725683599.727472,44787024676.62045,525863443.8183057,13396082849.482046,1039823105.1365538,837987002.4244782,-1.0,9414666666.666666,19744000000.0,731148.0,6.148914691236892e+18,31703498917.484013,13.592187999999995,,,,28.407812000000007
lassen-cpu,TestDfft,12 32,1,0.0333,9718638.279953802,6018.911256160244,7309954.779851489,69774237.32434444,322596.71689000534,13712770.71236813,12401744.111591846,3270870.898163821,-1.0,14666666.666666664,47333333.33333334,731148.0,6.148914691236892e+18,2169.9044436500194,0.025651999999999998,,,,1.9723480000000002
lassen-cpu,TestDfft,12 64,1,0.0333,88379762.10707164,182014637.765654,88510345.23634286,724936747.0254469,7720640.405118402,120897629.66147204,11176938.868691243,15489998.863923013,-1.0,157333333.33333334,342000000.0,731148.0,6.148914691236892e+18,171842833.08160543,0.12445033333333333,,,,1.873549666666667
lassen-cpu,TestDfft,14 128,1,0.0833,856368769.91395,819245168.4530343,662281163.4620812,6289054922.58276,77787703.22191815,1223175850.2289624,122487321.32786244,90180128.5689267,-1.0,1123333333.3333333,3008000000.0,731138.6666666665,6.148914691236892e+18,2429995545.12496,1.291136,,,,3.7068640000000004
lassen-cpu,TestDfft,14 256,1,0.8166,6837550095.275996,6785238430.728662,5506046147.641371,52340014995.783516,609592026.4371141,14897043101.854109,1192986010.4381118,983779981.8651056,-1.0,10983333333.333334,23049333333.333332,731148.0,6.148914691236892e+18,37183643843.9508,15.808090333333327,,,,33.18790966666668
lassen-cpu,TestDfft,14 32,1,0.0333,12070498.584035112,72669748.56772809,7575465.209346945,67640836.25672174,390940.40408649825,65487497.39959417,1865892.4913956048,1817688.4234310456,-1.0,16000000.0,54000000.0,731120.0,6.148914691236892e+18,1882.0310234214942,0.02612166666666666,,,,1.9718783333333336
lassen-cpu,TestDfft,14 64,1,0.0333,100226674.55921496,107441551.17289804,91367023.5562705,795493876.108696,9184425.354867714,127287323.94589075,22025784.186296973,16145500.796864714,-1.0,173333333.33333334,394000000.0,731148.0,6.148914691236892e+18,203096029.79635632,0.13917366666666664,,,,1.8588263333333335
lassen-cpu,TestDfft,15 120,1,0.0666,777610693.4770428,701767996.3870213,568588180.0026253,5386868081.858914,50700092.67446578,489092109.8774656,99246519.79457514,76456796.82032375,-1.0,984666666.6666666,2520000000.0,731120.0,6.148914691236892e+18,1311565658.773668,0.8745433333333331,,,,3.1214566666666674
lassen-cpu,TestDfft,15 160,1,0.1666,1781097509.5686095,1731206072.0119786,1355807267.6774678,12836433787.50295,160993634.51683542,2363362504.6655283,244325960.75956935,182055078.1649908,-1.0,2319333333.333333,5905333333.333333,731120.0,6.148914691236892e+18,4702867015.282589,2.5958110000000003,,,,7.400189
lassen-cpu,TestDfft,15 200,1,0.2666,3262262239.309494,4000967347.079083,3158320570.340446,27806998708.493484,241522147.7841412,3141901202.8660827,485580250.4998932,346160514.01133883,-1.0,4899333333.333333,11708666666.666666,731138.6666666665,6.148914691236892e+18,7803524033.518886,4.7413490000000005,,,,11.254650999999999
lassen-cpu,TestDfft,15 240,1,0.4833,6029250825.686496,6056154939.9544325,4911321745.548341,46540329304.125336,541577897.6698872,7721281985.0805235,832245773.4632899,608503578.6459965,-1.0,9932666666.666666,20293333333.333332,731120.0,6.148914691236892e+18,16192196028.954203,9.088055666666667,,,,19.909944333333335
lassen-cpu,TestDfft,16 128,1,0.1,986326017.045208,937638856.4066867,757387054.9489104,7181178239.396862,88681429.30368069,1412388728.106433,138116921.69419593,104486863.9987086,-1.0,1270000000.0,3425333333.333333,731138.6666666665,6.148914691236892e+18,2814539473.488246,1.4726106666666663,,,,4.527389333333334
lassen-cpu,TestDfft,16 256,1,0.95,7756219131.044028,7831625386.969234,6357300025.038661,59903606790.06113,700181413.4123689,17890127652.314754,1393348860.9167054,1112870246.4167373,-1.0,12552000000.0,26342000000.0,731120.0,6.148914691236892e+18,42231143033.52023,18.131847666666623,,,,38.86815233333338
lassen-cpu,TestDfft,16 32,1,0.0166,11201321.402770618,5127490.477411164,7893288.811451881,94983391.97999229,506897.61619488994,100716144.0638871,2481494.1506013926,1847013.3559287863,-1.0,18000000.0,60666666.66666666,731148.0,6.148914691236892e+18,310650.27066601993,0.02539,,,,0.97061
lassen-cpu,TestDfft,16 64,1,0.0333,123193929.46396899,132917574.25710852,109698224.75665285,965733474.6896207,11126126.804390186,112673481.046607,20353090.824840486,15165606.966534132,-1.0,189333333.3333333,444000000.0,731129.3333333335,6.148914691236892e+18,232099033.6571204,0.15944966666666668,,,,1.8385503333333335
lassen-cpu,TestDfft,18 128,1,0.1166,1104295156.8448052,1136456518.4500196,853442291.9680117,8043831273.534598,95273323.12876172,1622392712.71192,155713724.71478218,110010300.65201075,-1.0,1416666666.6666667,3839333333.3333335,731138.6666666665,6.148914691236892e+18,3023257878.928019,1.6535900000000003,,,,5.342409999999999
lassen-cpu,TestDfft,18 256,1,1.05,8819998610.990952,8699846696.482397,6987347314.550114,67006215918.632416,795234634.8353027,18528653447.30922,1589315321.8550234,1238700222.5281615,-1.0,14120666666.666666,29656000000.0,731148.0,6.148914691236892e+18,47964505883.302284,20.09457433333329,,,,42.90542566666671
lassen-cpu,TestDfft,18 32,1,0.0333,13483873.449443065,88423731.23178719,7530114.979265817,115718022.89614227,1061658.6648983576,39158880.26612291,1252133.3936715638,3275718.851837065,-1.0,19333333.33333333,66666666.66666666,731148.0,6.148914691236892e+18,8381157.043551598,0.027351666666666663,,,,1.9706483333333336
lassen-cpu,TestDfft,18 64,1,0.0333,137601749.45864612,160925993.88105163,122645064.53355268,1066899444.8631855,11446739.380406758,229020621.3950844,19944705.618574426,18093131.593027625,-1.0,205333333.3333333,496666666.6666667,731138.6666666665,6.148914691236892e+18,257828428.64421883,0.17284566666666668,,,,1.8251543333333335
lassen-cpu,TestDfft,20 120,1,0.0833,1024321347.9575104,958659432.567382,759608156.7625308,7215212995.591148,69905651.83124812,652375248.7639109,139894482.77196857,99661710.88346814,-1.0,1312000000.0,3336666666.6666665,731120.0,6.148914691236892e+18,1749101574.4927585,1.2295456666666664,,,,3.7684543333333336
lassen-cpu,TestDfft,20 128,1,0.1166,1233071541.3645296,1172418082.7038212,934741054.7786703,8886462969.653652,110651799.6038429,1702423744.9459562,174803782.83819345,123629465.66839176,-1.0,1563333333.3333333,4251333333.3333335,731120.0,6.148914691236892e+18,3451843857.0190725,1.8546006666666663,,,,5.141399333333333
lassen-cpu,TestDfft,20 160,1,0.2,2427695273.329327,2352369949.031977,1809957322.759075,17080728374.288582,192868712.3895378,3227728013.0800123,318085277.54270536,242546596.4055041,-1.0,3091333333.333333,7865333333.333333,731148.0,6.148914691236892e+18,6353739816.602397,3.449739,,,,8.550260999999999
lassen-cpu,TestDfft,20 200,1,0.35,4634574968.783309,4772243040.443143,3841598207.0017376,36021286175.270325,322986094.4790337,4252854051.439517,653457121.1209973,463019308.79117733,-1.0,7683333333.333333,15604666666.666666,731148.0,6.148914691236893e+18,10433572885.809002,6.330231,,,,14.669768999999999
lassen-cpu,TestDfft,20 240,1,0.6333,8045789312.809231,8066896185.136604,6553400974.433839,62135158545.489075,720579935.1269853,10383940610.348465,1099127137.0842595,817310631.3959727,-1.0,13240666666.666666,27044666666.666668,731138.6666666665,6.148914691236892e+18,21478434127.55276,11.899713999999996,,,,26.098286
lassen-cpu,TestDfft,20 256,1,1.1833,9889827733.125984,9559707915.252182,7786582368.90077,74520600448.75888,882498088.0752367,22260445077.259483,1757840224.8705974,1399329936.0170958,-1.0,15689333333.333334,32962000000.0,731120.0,6.148914691236892e+18,52666052204.2367,22.714279666666652,,,,48.28372033333335
lassen-cpu,TestDfft,20 32,1,0.0333,16882312.091532234,71124038.1715371,11266558.766909128,99788144.74386318,1115970.439459428,64522831.36945874,3716433.761338112,2040156.389405479,-1.0,21333333.33333333,74000000.0,731148.0,6.148914691236892e+18,2890.860190830466,0.030517333333333337,,,,1.967482666666667
lassen-cpu,TestDfft,20 64,1,0.0333,151316295.3439645,220581548.97250602,132605264.45649336,1160066522.513963,12704864.452054985,176328343.95354712,20830235.819716606,21208540.09877801,-1.0,221333333.3333333,546000000.0,731148.0,6.148914691236892e+18,270370971.75961924,0.1864,,,,1.8116000000000003
quartz,amg,-problem 1 -P 2 2 1 -n 128 128 64,32,0.0833,0.0,0.0,0.0,2000000.0,,,,,0.0,84.34375,27491.46875,69871.03125,2106167.6875,0.0,0.0475935,,,,4.950406500000001
quartz,amg,-problem 1 -P 2 2 1 -n 16 16 8,32,0.0666,0.0,0.0,0.0,2000000.0,,,,,0.0,88.5625,28708.65625,69839.03125,2106166.6875,0.0,0.04575309375000002,,,,3.9502469062500003
quartz,amg,-problem 1 -P 2 2 1 -n 32 32 16,32,0.0666,0.0,0.0,0.0,2000000.0,,,,,0.0,68.40625,25731.65625,69871.03125,2106167.6875,0.0,0.04399065625,,,,3.9520093437500003
quartz,amg,-problem 1 -P 2 2 1 -n 64 64 32,32,0.0666,0.0,0.0,0.0,2000000.0,,,,,0.0,82.25,26262.0,69871.03125,2106167.6875,0.0,0.044634093750000006,,,,3.9513659062500004
quartz,amg,-problem 1 -P 2 2 1 -n 8 8 4,32,0.0666,0.0,0.0,0.0,2000000.0,,,,,0.0,78.65625,26210.8125,69872.0,2106167.71875,0.0,0.04504325000000002,,,,3.9509567500000005
quartz,amg,-problem 1 -P 4 4 2 -n 128 128 64,32,0.55,18786375000.0,31292500000.0,8324937500.0,86553312500.0,441937500.0,114937500.0,78562500.0,16250000.0,659.78125,1411820640.46875,1976832860.84375,65449.96875,2105918.46875,1567500000.0,27.239824375,,,,5.760175624999999
quartz,amg,-problem 1 -P 4 4 2 -n 16 16 8,32,0.0666,56625000.0,83937500.0,28687500.0,252812500.0,1125000.0,0.0,0.0,0.0,733.3125,2699002.96875,5520352.0625,65449.96875,2105918.46875,4750000.0,0.12399499999999998,,,,3.8720050000000006
quartz,amg,-problem 1 -P 4 4 2 -n 32 32 16,32,0.0833,171937500.0,344937500.0,76437500.0,891687500.0,5187500.0,1875000.0,687500.0,0.0,655.4375,21335950.34375,16778129.875,63237.5625,2105784.78125,24000000.0,0.39799871875,,,,4.60000128125
quartz,amg,-problem 1 -P 4 4 2 -n 64 64 32,32,0.1166,1168625000.0,2568312500.0,481625000.0,6352125000.0,37687500.0,14687500.0,8812500.0,1375000.0,750.1875,176217740.65625,124674077.96875,67660.53125,2106052.03125,167062500.0,2.76940415625,,,,4.226595843749999
quartz,amg,-problem 1 -P 4 4 2 -n 8 8 4,32,0.0666,42187500.0,53062500.0,23125000.0,175937500.0,0.0,0.0,0.0,0.0,715.28125,333486.65625,3787210.03125,67660.53125,2106052.03125,2562500.0,0.0987691875,,,,3.8972308125000006
quartz,amg,-problem 2 -P 1 1 1 -n 128 128 128,1,0.4166,5739694444.444447,10806694444.444445,858305555.5555558,24650416666.666668,174694444.44444445,31000000.0,41083333.333333336,8361111.111111111,54.58333333333334,485080956.3333333,393656806.125,525.0555555555555,30141.805555555562,1172500000.0,22.71462425000001,,,,2.2813757499999916
quartz,amg,-problem 2 -P 1 1 1 -n 16 16 16,1,0.0333,354083333.3333333,488916666.6666667,48500000.0,1222555555.5555556,27777.777777777777,27777.777777777777,0.0,27777.777777777777,47.34722222222222,875933.847222222,836787.6666666665,525.0555555555555,30141.79166666667,5333333.333333333,0.2558344861111112,,,,1.742165513888889
quartz,amg,-problem 2 -P 1 1 1 -n 256 256 256,1,2.6333,22790055555.55556,54994416666.666664,3712083333.3333335,118196750000.0,2095777777.7777774,221083333.3333333,360388888.8888889,46444444.44444445,55.45833333333334,3903381106.0833335,3136800415.958333,525.0555555555555,30141.79166666667,6288250000.0,158.07806125000005,,,,-0.0800612500000284
quartz,amg,-problem 2 -P 1 1 1 -n 32 32 32,1,0.0333,467527777.77777785,683611111.1111113,65611111.11111111,1677750000.0,2555555.5555555555,83333.33333333331,27777.777777777777,0.0,50.40277777777778,7265737.347222223,6242837.291666668,525.0555555555555,30141.79166666667,20972222.222222224,0.8265452777777778,,,,1.1714547222222225
quartz,amg,-problem 2 -P 1 1 1 -n 64 64 64,1,0.0833,1436388888.8888884,2328694444.444445,203972222.22222215,5535000000.0,23777777.777777776,3888888.8888888885,3638888.8888888885,27777.777777777777,56.944444444444436,59939245.20833334,49257227.43055555,525.0555555555555,30141.79166666667,91972222.22222222,3.4402330277777766,,,,1.5577669722222236
quartz,amg,-problem 2 -P 1 1 1 -n 8 8 8,1,0.0333,55861111.11111111,77055555.55555555,7861111.111111111,193277777.77777785,0.0,0.0,0.0,0.0,31.33333333333333,100177.08333333331,469887.41666666674,525.0555555555555,30141.777777777777,1388888.888888889,0.18527183333333347,,,,1.8127281666666668
quartz,amg,-problem 2 -P 4 4 2 -n 128 128 64,32,4.2833,149462000000.0,273842500000.0,66504312500.0,726888000000.0,6495937500.0,1322250000.0,1001750000.0,181187500.0,930.3125,14801460956.46875,17467991021.03125,63267.4375,2105785.71875,21635812500.0,250.04523231250005,,,,6.952767687499943
quartz,amg,-problem 2 -P 4 4 2 -n 16 16 8,32,0.0833,419437500.0,711312500.0,232437500.0,2009812500.0,21250000.0,8625000.0,2937500.0,937500.0,904.4375,31394365.375,56694203.09375,67661.5,2106052.125,63687500.0,0.4972314062499999,,,,4.50076859375
quartz,amg,-problem 2 -P 4 4 2 -n 32 32 16,32,0.1333,1386250000.0,3234937500.0,595812500.0,7827000000.0,79250000.0,29875000.0,21687500.0,4875000.0,763.25,231104011.96875,170910051.5625,63267.4375,2105785.71875,319250000.0,3.17712671875,,,,4.82087328125
quartz,amg,-problem 2 -P 4 4 2 -n 64 64 32,32,0.5,8897187500.0,23253437500.0,3422187500.0,53642125000.0,447312500.0,181750000.0,129562500.0,27312500.0,874.6875,1851023676.34375,1011654444.5625,65478.15625,2105919.34375,2356437500.0,24.82336500000001,,,,5.17663499999999
quartz,amg,-problem 2 -P 4 4 2 -n 8 8 4,32,0.0833,293187500.0,385000000.0,174625000.0,1227000000.0,7187500.0,4562500.0,312500.0,437500.0,835.0,4267426.40625,32171258.40625,65479.96875,2105919.40625,32000000.0,0.294766125,,,,4.7032338750000005
quartz,comd,,1,0.0333,102694444.44444443,149638888.88888893,17194444.444444444,374750000.0,0.0,0.0,0.0,0.0,7393.597222222223,13828717.527777778,3005817.736111112,525.0555555555555,30141.902777777777,13972222.222222222,0.21141165277777774,,,,1.7865883472222226
quartz,comd,,1,0.0333,114472222.22222222,168916666.66666666,20638888.888888888,423583333.3333333,0.0,27777.777777777777,0.0,0.0,10375.805555555555,18990453.944444444,4111417.083333334,525.0555555555555,30141.902777777777,16083333.333333336,0.28960770833333344,,,,1.7083922916666667
quartz,comd,,1,0.0333,118916666.66666669,168555555.55555555,18250000.0,422416666.6666667,0.0,0.0,0.0,0.0,5539.569444444444,9971515.194444444,2139678.527777778,525.0555555555555,30141.902777777777,8611111.111111112,0.1427244444444445,,,,1.8552755555555558
quartz,comd,,1,0.0333,151666666.66666666,223750000.0,26583333.33333333,561527777.7777778,27777.777777777777,0.0,0.0,0.0,13239.625,24948768.08333333,5322109.875,525.0555555555555,30141.902777777777,25388888.88888889,0.3132352361111111,,,,1.6847647638888892
quartz,comd,,1,0.0333,71111111.11111109,100027777.77777778,10694444.444444444,250750000.0,0.0,0.0,0.0,0.0,2441.055555555556,5215187.5,1090297.0555555557,525.0555555555555,30141.902777777777,4555555.555555556,0.1314089861111111,,,,1.866591013888889
quartz,comd,,1,0.0333,87194444.44444445,123111111.11111107,13694444.444444446,308416666.6666667,0.0,0.0,0.0,0.0,3709.513888888889,7202532.916666668,1510570.611111111,525.0555555555555,30141.902777777777,6166666.666666668,0.1713871805555556,,,,1.8266128194444446
quartz,comd,,1,0.05,143166666.66666666,216305555.55555555,27694444.444444444,543611111.1111113,27777.777777777777,27777.777777777777,0.0,0.0,16643.125,31388692.11111111,6880360.777777777,525.0555555555555,30141.902777777777,29638888.88888889,0.3841381805555555,,,,2.6158618194444445
quartz,comd,,27,0.0666,131259259.25925924,293333333.3333333,125481481.48148148,877777777.7777778,4148148.1481481483,2148148.1481481483,74074.07407407407,0.0,115274.22222222225,218126379.62962964,38645293.44444445,53480.40740740741,2105160.4074074067,44222222.222222224,0.2443558148148148,,,,3.7516441851851856
quartz,comd,,27,0.0666,182740740.74074075,441185185.18518513,183925925.925926,1291185185.1851852,9333333.333333334,3703703.703703704,962962.9629629628,0.0,187163.77777777766,353353775.07407415,63202663.2962963,50883.111111111124,2105024.888888889,71333333.33333333,0.37044614814814814,,,,3.625553851851852
quartz,comd,,27,0.0833,380074074.07407415,778592592.5925926,317407407.40740734,2321629629.6296296,13703703.703703705,6518518.518518519,1407407.4074074074,0.0,267868.48148148146,511496034.1111111,89948447.77777778,61272.07407407407,2105566.5185185187,112296296.29629628,0.6532373333333334,,,,4.344762666666667
quartz,comd,,27,0.0833,585481481.4814812,1156814814.8148148,497925925.92592585,3529703703.703704,18592592.592592593,9111111.111111112,2444444.4444444445,518518.5185185186,379011.70370370365,731046526.0,132402552.37037036,61295.259259259255,2105567.4444444445,165703703.70370367,0.9218061851851854,,,,4.076193814814815
quartz,comd,,27,0.0833,755407407.4074074,1519407407.4074075,652296296.2962962,4616148148.14815,24888888.88888889,12740740.74074074,3333333.333333333,1407407.4074074074,507049.037037037,978434400.8148148,175220651.0740741,58674.851851851854,2105431.1481481483,224518518.5185185,1.256069925925926,,,,3.741930074074074
quartz,comd,,27,0.1,1018518518.5185186,2061703703.7037039,837629629.6296296,6153481481.4814825,22296296.29629629,17703703.703703705,3259259.2592592593,1703703.7037037038,670280.5185185185,1297236207.3703706,239312613.66666663,61272.111111111124,2105566.5925925933,301925925.92592585,1.6197932222222222,,,,4.380206777777778
quartz,comd,,27,0.1166,1281037037.0370376,2589333333.333333,1076592592.5925925,7785259259.259259,34740740.74074074,23037037.03703704,5481481.481481481,1777777.7777777778,910333.6296296295,1763247035.6296296,309642632.92592585,56077.59259259259,2105295.7037037043,396888888.8888889,2.093759518518519,,,,4.90224048148148
quartz,cosmoflow,,1,0.0333,177166666.66666666,248305555.55555555,25833333.33333333,620472222.2222222,27777.777777777777,0.0,0.0,0.0,4382.277777777777,9470763.680555556,2138761.958333333,525.0555555555555,30141.902777777777,11055555.555555556,0.2104312361111112,,,,1.787568763888889
quartz,cosmoflow,,1,0.0333,221250000.0,320138888.8888889,37055555.55555555,803166666.6666666,0.0,27777.777777777777,0.0,0.0,13730.319444444443,28171775.347222224,5936978.972222223,525.0555555555555,30141.875,27861111.11111111,0.3757209166666666,,,,1.6222790833333336
quartz,cosmoflow,,1,0.05,161138888.88888893,228527777.77777785,25305555.55555556,572305555.5555558,0.0,0.0,0.0,0.0,6657.347222222223,13914286.152777778,2974971.916666667,525.0555555555555,30141.888888888887,13222222.222222222,0.2806994305555557,,,,2.719300569444444
quartz,cosmoflow,,1,0.05,161805555.55555555,233083333.3333333,26500000.0,585388888.8888887,27777.777777777777,27777.777777777777,0.0,0.0,9815.861111111111,21109198.513888888,4262137.75,525.0555555555555,30141.902777777777,16583333.333333336,0.2982621805555555,,,,2.7017378194444444
quartz,cosmoflow,,1,0.05,217361111.11111107,321416666.6666667,38888888.88888889,807972222.2222222,0.0,27777.777777777777,0.0,0.0,18742.69444444444,37435115.01388889,8185867.125,525.0555555555555,30141.902777777777,37138888.88888889,0.4956891250000002,,,,2.504310875
quartz,cosmoflow,,1,0.05,266972222.22222215,397194444.4444444,48916666.66666666,997055555.5555557,55555.555555555555,27777.777777777777,0.0,0.0,24313.33333333333,49074090.44444445,10692962.486111112,525.0555555555555,30141.902777777777,46194444.44444445,0.6364781944444445,,,,2.3635218055555556
quartz,cosmoflow,,1,0.05,269222222.22222215,409611111.1111111,53222222.22222222,1030194444.4444443,416666.66666666674,55555.555555555555,0.0,27777.777777777777,31181.819444444438,62911631.97222222,13492087.375,525.0555555555555,30141.902777777777,65694444.44444445,0.6324460416666665,,,,2.3675539583333336
quartz,cosmoflow,,27,0.0666,346000000.0,856222222.2222222,356592592.59259266,2506592592.592593,14740740.74074074,8296296.296296298,2222222.222222222,740740.7407407408,365433.33333333326,696047681.074074,125227832.33333331,63869.2962962963,2105701.888888889,150074074.07407406,0.7111453333333332,,,,3.2848546666666674
quartz,cosmoflow,,27,0.0833,1114740740.7407408,2229407407.4074073,940814814.8148148,6746444444.444447,32962962.96296297,18740740.740740746,5185185.185185187,1703703.7037037038,768185.7407407408,1485206638.1851852,270656018.48148143,53471.888888888876,2105159.925925926,301407407.40740734,1.8092585555555558,,,,3.188741444444444
quartz,cosmoflow,,27,0.0833,252962962.96296296,574666666.6666666,242222222.22222215,1706222222.2222226,10592592.592592593,5185185.185185187,888888.8888888889,74074.07407407407,220914.59259259253,420164124.3333333,76087713.33333333,56077.62962962963,2105295.777777778,88740740.74074075,0.4646479999999998,,,,4.533352000000001
quartz,cosmoflow,,27,0.1166,1430370370.3703706,2975555555.5555553,1254740740.7407408,8935851851.851852,47777777.77777778,25481481.48148148,7037037.037037037,2814814.814814815,1027657.074074074,1988377718.8148148,351929658.3703704,63894.33333333334,2105702.888888889,440000000.0,2.3629525185185183,,,,4.633047481481482
quartz,cosmoflow,,27,0.1166,1906000000.0,3928962962.962963,1656740740.7407408,11823777777.77778,40666666.66666666,35851851.85185185,7185185.1851851875,4370370.37037037,1363134.888888889,2645940323.296296,487297464.8888888,53501.37037037037,2105161.111111111,571703703.7037038,3.2341094074074084,,,,3.761890592592591
quartz,cosmoflow,,27,0.15,2424444444.444445,5046370370.37037,2011851851.851852,14907185185.185184,78370370.37037037,46000000.0,12888888.888888888,5185185.185185187,1728641.259259259,3349506529.4814816,596765934.2222222,58697.851851851854,2105432.0,795777777.7777778,4.201257296296295,,,,4.798742703703705
quartz,cosmoflow,,27,0.1,767777777.7777778,1548666666.6666667,651851851.8518517,4675333333.333333,22740740.740740746,13333333.333333336,3555555.5555555555,1333333.333333333,528076.8888888889,1015222669.1111113,178954050.70370367,66492.5925925926,2105838.3703703703,227851851.85185185,1.2619269999999998,,,,4.738073
quartz,deepcam,,1,0.1333,2382055555.5555553,3734666666.6666665,515222222.22222215,9405444444.444445,25833333.33333333,13833333.333333336,4277777.777777778,2166666.666666666,357288.63888888893,711701843.6944442,151750111.51388893,525.0555555555555,30141.902777777777,605027777.7777778,5.941247930555552,,,,2.056752069444448
quartz,deepcam,,1,0.25,4371611111.111111,6909444444.444447,966416666.6666666,17403833333.333332,46361111.11111111,26777777.777777776,9777777.777777778,4361111.111111111,696152.75,1376774070.8194444,303037841.11111116,525.0416666666666,30141.861111111117,1168472222.2222226,12.477674402777815,,,,2.522325597222185
quartz,deepcam,,1,0.2833,4740500000.0,7527111111.111111,1061416666.6666666,18963166666.666668,54277777.77777778,30444444.444444444,11305555.555555554,6222222.222222223,783165.222222222,1534612823.2638884,336231805.68055564,525.0416666666666,30141.861111111117,1329444444.4444444,14.142620930555616,,,,2.8553790694443855
quartz,deepcam,,1,0.2833,5009805555.555553,7834166666.666667,1072333333.3333334,19723694444.444443,49333333.33333334,28472222.222222224,10361111.111111112,5972222.222222223,738770.3194444445,1458105084.5833333,311366761.875,525.0555555555555,30141.888888888887,1260416666.6666667,12.927459486111154,,,,4.070540513888847
quartz,deepcam,,1,0.3166,5404500000.0,8625083333.333334,1228361111.1111116,21735305555.55556,64833333.33333334,35416666.666666664,15055555.555555554,7055555.555555556,926361.3194444444,1799015718.1388886,400226897.4305557,525.0555555555555,30141.902777777777,1545166666.6666667,16.256036125000072,,,,2.739963874999926
quartz,deepcam,,1,0.3,5050666666.666667,8009916666.666667,1127388888.8888884,20180916666.666668,55861111.11111111,32611111.11111111,12305555.555555554,6250000.0,829135.222222222,1617347654.875,348568627.1944445,525.0555555555555,30141.902777777777,1375472222.2222226,14.771541208333387,,,,3.228458791666613
quartz,deepcam,,1,0.3,5461666666.666667,8636388888.888891,1207555555.5555556,21753388888.88889,70305555.55555555,34666666.666666664,12333333.333333336,6361111.111111111,877020.4861111111,1714357775.1944444,364308603.4861111,525.0416666666666,30141.861111111117,1280888888.8888884,15.297021500000069,,,,2.702978499999931
quartz,deepcam,,1,0.35,6239694444.444447,9832361111.111107,1364861111.1111116,24760305555.55556,69833333.33333333,37694444.44444445,15194444.444444446,8111111.111111111,977726.2916666664,1889282788.6666667,408224044.7916667,525.0555555555555,30141.888888888887,1587000000.0,17.19584283333343,,,,3.8041571666665703
quartz,deepcam,,1,0.3666,6708027777.777778,10538833333.333334,1456055555.5555556,26540638888.88889,69138888.88888891,39500000.0,15472222.222222222,8361111.111111111,1030862.222222222,1987135875.4861114,426258399.0416667,525.0555555555555,30141.902777777777,1771472222.2222226,17.4934446111112,,,,4.502555388888798
quartz,deepcam,,1,0.3833,6388194444.444447,10184972222.22222,1445555555.5555556,25661444444.444443,71805555.55555555,42111111.11111111,16055555.555555554,8416666.666666666,1085674.486111111,2093452693.5,467325878.2083333,525.0555555555555,30141.902777777777,1850666666.6666667,18.384493597222335,,,,4.613506402777663
quartz,deepcam,,1,0.3833,6756166666.666667,10757333333.333334,1525500000.0,27110416666.666668,76222222.22222222,44388888.88888889,17777777.777777776,8361111.111111111,1142497.763888889,2197501859.111111,486637446.5138889,525.0555555555555,30141.875,2059611111.1111114,19.096597847222334,,,,3.9014021527776634
quartz,deepcam,,1,0.4,7277722222.222222,11548722222.22222,1625750000.0,29094166666.666668,83138888.88888891,46861111.11111111,18444444.444444444,8638888.888888888,1201877.4444444443,2313485283.208333,495775909.6666667,525.0555555555555,30141.875,2064777777.7777774,19.49201170833345,,,,4.50798829166655
quartz,deepcam,,27,0.95,30253185185.18518,66489111111.11112,27214444444.444443,191589481481.48148,702666666.6666666,561481481.4814813,136740740.74074075,79111111.11111109,21341186.962962966,41178257047.40741,13683981637.777777,61295.2962962963,2105567.5185185187,10376592592.592592,50.34169725925926,,,,6.658302740740737
quartz,deepcam,,27,1.9166,52926888888.888885,119392148148.14815,47241407407.40741,340774000000.0,1388222222.2222226,1093259259.2592592,306222222.22222215,163185185.1851852,41677782.37037037,80354791951.92592,26958602382.777786,63893.40740740741,2105702.777777778,21214740740.74074,106.19619725925922,,,,8.799802740740787
quartz,deepcam,,27,2.05,60298444444.444435,133635555555.55556,53598444444.444435,382949259259.2593,1374296296.2962966,1155259259.2592592,315407407.40740734,174370370.37037036,43241975.222222224,83338909169.07408,28040610662.74074,66466.55555555556,2105837.333333333,23041037037.03704,115.7062258148148,,,,7.293774185185185
quartz,deepcam,,27,2.15,59721111111.11112,134961111111.11113,53739407407.40741,385227407407.4074,1456148148.148148,1256666666.6666667,341851851.8518519,190666666.66666663,45838641.62962963,88323702941.48148,29725097095.666668,61296.037037037044,2105567.333333333,23431777777.777786,120.60944985185185,,,,8.39055014814815
quartz,deepcam,,27,2.3333,68035185185.18519,150602518518.51852,60400370370.37038,431262962962.96295,1633925925.925926,1313555555.5555556,382962962.962963,201481481.4814815,49634846.51851852,95704764874.11113,34973601061.4074,61296.037037037044,2105567.333333333,25705555555.55556,130.01294985185186,,,,9.985050148148133
quartz,deepcam,,27,2.4666,60619925925.92593,144826148148.14816,56761629629.62962,409003259259.2593,2734370370.3703704,1627777777.7777774,397185185.1851852,213555555.55555555,52496495.44444445,101203165616.18518,36840816193.62963,66466.55555555556,2105837.333333333,29279111111.11111,138.00220892592594,,,,9.993791074074068
quartz,deepcam,,27,2.6666,73834148148.14815,165138962962.96295,66173629629.62962,473045407407.4074,1823703703.7037039,1491925925.925926,414740740.7407407,232666666.66666663,55467893.44444445,106936060845.7037,39821948007.296295,63892.555555555555,2105702.814814815,29423555555.55556,149.34422666666666,,,,10.651773333333324
quartz,deepcam,,27,2.7666,73018592592.59259,167673333333.33334,67031555555.555565,478592000000.0,1926222222.2222226,1558740740.7407408,445777777.77777785,240666666.66666663,58549502.59259259,112888798669.55556,40306613678.703705,66492.5925925926,2105838.3703703703,32093185185.18518,154.41150044444444,,,,11.584499555555567
quartz,deepcam,,27,2.9166,80100074074.07408,177227925925.92593,71643259259.25926,511383259259.2593,1933333333.3333333,1672074074.074074,464222222.22222215,266148148.1481481,61740927.40740741,119032644255.44444,43106641679.296295,61296.111111111124,2105567.4814814813,33379333333.333324,163.82555499999995,,,,11.17044500000003
quartz,deepcam,,27,3.05,93286148148.14816,203738222222.22226,83162814814.81482,587356740740.7407,2295481481.4814816,1702370370.3703706,524222222.22222215,270370370.3703704,65045983.7037037,125373149639.0,39984354960.48148,63894.33333333334,2105702.888888889,35879925925.925934,172.86824718518528,,,,10.131752814814718
quartz,deepcam,,27,3.25,100680814814.81482,217815777777.7777,88832222222.22223,628343703703.7037,2112296296.2962968,1791851851.851852,517407407.4074074,290296296.2962963,66947338.88888889,128982157256.92592,45429769374.14815,58697.777777777774,2105431.8518518517,37725555555.55557,183.6439207407407,,,,11.356079259259303
quartz,deepcam,,27,3.4333,103239851851.85184,219936222222.22226,89492074074.07408,637628074074.0741,2302444444.444445,1943407407.4074075,564296296.2962962,310370370.3703704,72009882.25925925,138846105662.1111,51959155609.518524,63894.2962962963,2105702.814814815,39156222222.22222,193.5986672962963,,,,12.399332703703692
quartz,kripke.exe,--niter 10 --pmethod bj --groups 16 --legendre 0,1,0.05,7111111.111111111,46305555.55555555,11166666.666666666,98944444.44444443,1722222.2222222222,1666666.666666667,83333.33333333331,83333.33333333331,6.25,26038075.93055556,26638959.25,525.0555555555555,30141.91666666667,11777777.777777778,0.026956763888888888,,,,2.973043236111111
quartz,kripke.exe,"--niter 10 --pmethod bj --groups 16 --legendre 0 --procs 4,4,2",32,0.0666,75750000.0,174875000.0,67000000.0,512312500.0,1062500.0,1937500.0,0.0,0.0,918.09375,59878157.4375,60886473.875,69879.78125,2106185.9375,33937500.0,0.12828878124999998,,,,3.8677112187500002
quartz,kripke.exe,--niter 10 --pmethod bj --groups 16 --legendre 1,1,0.0666,12416666.666666664,73916666.66666667,17916666.666666668,165555555.55555558,1750000.0,2388888.888888889,83333.33333333331,83333.33333333331,9.152777777777779,38292887.63888889,26702311.20833333,525.0555555555555,30141.91666666667,11916666.666666664,0.03363383333333333,,,,3.962366166666667
quartz,kripke.exe,"--niter 10 --pmethod bj --groups 16 --legendre 1 --procs 4,4,2",32,0.1166,92375000.0,247250000.0,86375000.0,692687500.0,1812500.0,2000000.0,0.0,0.0,909.875,87323430.5625,60529382.90625,67700.0,2106053.34375,36375000.0,0.138301375,,,,6.857698624999999
quartz,kripke.exe,--niter 10 --pmethod bj --groups 16 --legendre 2,1,0.0833,21527777.777777776,120250000.0,29166666.66666667,277444444.4444444,2472222.222222222,3583333.333333333,138888.88888888888,111111.11111111114,22.0,58800006.70833334,26588580.166666664,525.0555555555555,30141.91666666667,11750000.0,0.04453944444444445,,,,4.953460555555556
quartz,kripke.exe,"--niter 10 --pmethod bj --groups 16 --legendre 2 --procs 4,4,2",32,0.0666,109500000.0,344687500.0,109875000.0,925125000.0,3187500.0,3875000.0,0.0,0.0,879.375,129880106.5625,59007371.90625,67700.0,2106053.34375,34187500.0,0.16996912500000005,,,,3.8260308750000003
quartz,kripke.exe,--niter 10 --pmethod bj --groups 16 --legendre 3,1,0.1166,34333333.333333336,185222222.22222215,44916666.66666666,434333333.3333333,2833333.333333333,5250000.0,138888.88888888888,111111.11111111114,19.0,87480035.36111109,26651083.20833333,525.0555555555555,30141.91666666667,12694444.444444446,0.06330502777777779,,,,6.9326949722222215
quartz,kripke.exe,"--niter 10 --pmethod bj --groups 16 --legendre 3 --procs 4,4,2",32,0.1,143812500.0,498375000.0,150062500.0,1305437500.0,4187500.0,4000000.0,0.0,0.0,916.9375,199013968.40625,60940977.0625,69912.75,2106186.96875,37250000.0,0.23355971875,,,,5.76644028125
quartz,kripke.exe,--niter 10 --pmethod bj --groups 16 --legendre 4,1,0.1333,50722222.22222222,268611111.1111111,65166666.66666666,635722222.2222222,3055555.5555555555,7444444.444444444,166666.66666666663,111111.11111111114,5.0555555555555545,124326588.75,26606524.20833333,525.0555555555555,30141.91666666667,12750000.0,0.0856543472222222,,,,7.912345652777778
quartz,kripke.exe,"--niter 10 --pmethod bj --groups 16 --legendre 4 --procs 4,4,2",32,0.0833,183687500.0,707562500.0,202312500.0,1811562500.0,6937500.0,3875000.0,0.0,0.0,916.375,281628430.625,60611957.84375,67669.0,2106052.375,32812500.0,0.27074109375,,,,4.72725890625
quartz,kripke.exe,--niter 10 --pmethod bj --groups 32 --legendre 0,1,0.1,15583333.333333336,99138888.88888893,23166666.66666667,211944444.44444445,3472222.222222222,3388888.888888888,166666.66666666663,194444.4444444445,11.291666666666664,53147028.29166666,53375364.09722222,525.0555555555555,30141.91666666667,23694444.444444444,0.05277827777777778,,,,5.947221722222222
quartz,kripke.exe,"--niter 10 --pmethod bj --groups 32 --legendre 0 --procs 4,4,2",32,0.0666,119875000.0,325937500.0,116500000.0,918375000.0,1500000.0,5812500.0,0.0,0.0,922.875,120947183.71875,120348567.40625,67700.0,2106053.34375,60687500.0,0.21765390625,,,,3.7783460937500006
quartz,kripke.exe,--niter 10 --pmethod bj --groups 32 --legendre 1,1,0.1166,31833333.33333333,175833333.33333334,39388888.88888889,392861111.1111111,3527777.777777778,4972222.222222222,166666.66666666663,222222.22222222228,15.027777777777779,81357435.72222222,53461721.04166667,525.0555555555555,30141.91666666667,23305555.55555556,0.07260083333333331,,,,6.923399166666666
quartz,kripke.exe,"--niter 10 --pmethod bj --groups 32 --legendre 1 --procs 4,4,2",32,0.0666,162187500.0,516187500.0,159812500.0,1373812500.0,6187500.0,6000000.0,0.0,0.0,905.53125,184562545.59375,119537906.34375,69912.75,2106186.96875,65625000.0,0.2734908125,,,,3.7225091875000005
quartz,kripke.exe,--niter 10 --pmethod bj --groups 32 --legendre 2,1,0.1833,59111111.11111111,303944444.4444444,66388888.88888889,695000000.0,4527777.777777778,7555555.555555556,250000.0,222222.22222222228,9.555555555555557,128256375.02777778,53200544.01388889,525.0555555555555,30141.91666666667,24777777.777777776,0.10251879166666668,,,,10.895481208333333
quartz,kripke.exe,"--niter 10 --pmethod bj --groups 32 --legendre 2 --procs 4,4,2",32,0.0833,220625000.0,791250000.0,218812500.0,2024187500.0,6437500.0,7750000.0,0.0,0.0,934.0625,290480128.96875,120231340.0,69912.75,2106186.96875,54937500.0,0.34744687499999993,,,,4.650553125
quartz,kripke.exe,--niter 10 --pmethod bj --groups 32 --legendre 3,1,0.2,97388888.88888893,483472222.22222215,104250000.0,1118444444.4444444,5222222.222222222,11111111.111111112,250000.0,222222.22222222228,12.222222222222221,194015103.0833333,53270869.19444444,525.0555555555555,30141.91666666667,26027777.777777776,0.1497092222222222,,,,11.850290777777778
quartz,kripke.exe,"--niter 10 --pmethod bj --groups 32 --legendre 3 --procs 4,4,2",32,0.0833,298750000.0,1188250000.0,303375000.0,2954750000.0,8312500.0,10000000.0,0.0,0.0,922.28125,438657527.1875,120223281.5,69912.75,2106186.96875,54187500.0,0.4650404687500001,,,,4.53295953125
quartz,kripke.exe,--niter 10 --pmethod bj --groups 32 --legendre 4,1,0.2833,146222222.22222218,713750000.0,152805555.55555555,1661611111.1111116,6750000.0,15805555.555555554,361111.11111111107,222222.22222222228,8.527777777777779,278576984.9583333,53176580.23611111,525.0555555555555,30141.91666666667,26277777.777777776,0.20560470833333333,,,,16.79239529166667
quartz,kripke.exe,"--niter 10 --pmethod bj --groups 32 --legendre 4 --procs 4,4,2",32,0.0833,423937500.0,1724687500.0,424875000.0,4245125000.0,24937500.0,11625000.0,0.0,0.0,888.90625,609149605.84375,116509206.6875,67700.0,2106053.34375,49375000.0,0.5952068125000001,,,,4.4027931875
quartz,kripke.exe,--niter 10 --pmethod bj --groups 8 --legendre 0,1,0.05,3361111.111111112,22305555.55555556,5500000.0,47611111.11111111,861111.1111111111,833333.3333333335,27777.777777777777,27777.777777777777,12.402777777777779,12862179.611111112,13461422.291666668,525.0555555555555,30141.91666666667,4388888.888888889,0.012988013888888884,,,,2.9870119861111113
quartz,kripke.exe,"--niter 10 --pmethod bj --groups 8 --legendre 0 --procs 4,4,2",32,0.0833,65750000.0,116875000.0,48375000.0,364562500.0,0.0,0.0,0.0,0.0,918.34375,30353006.09375,31041290.40625,69912.75,2106186.96875,7187500.0,0.07533103125,,,,4.92266896875
quartz,kripke.exe,--niter 10 --pmethod bj --groups 8 --legendre 1,1,0.0333,5500000.0,33666666.666666664,8527777.777777778,75638888.88888891,916666.6666666664,1166666.666666667,27777.777777777777,55555.555555555555,6.3194444444444455,18540896.80555556,13417601.01388889,525.0555555555555,30141.91666666667,4750000.0,0.01693594444444444,,,,1.9810640555555559
quartz,kripke.exe,"--niter 10 --pmethod bj --groups 8 --legendre 1 --procs 4,4,2",32,0.0666,68250000.0,141312500.0,54562500.0,422000000.0,625000.0,562500.0,0.0,0.0,889.34375,41482105.25,30053076.375,69912.75,2106186.96875,9250000.0,0.08486874999999999,,,,3.9111312500000004
quartz,kripke.exe,--niter 10 --pmethod bj --groups 8 --legendre 2,1,0.05,8861111.111111112,52361111.11111111,13583333.333333336,121611111.11111107,1027777.777777778,1750000.0,27777.777777777777,27777.777777777777,14.625,28034570.5,13403595.236111112,525.0555555555555,30141.91666666667,5222222.222222222,0.020436027777777786,,,,2.979563972222222
quartz,kripke.exe,"--niter 10 --pmethod bj --groups 8 --legendre 2 --procs 4,4,2",32,0.0833,73000000.0,179125000.0,64250000.0,512125000.0,1125000.0,2000000.0,0.0,0.0,906.8125,64541933.25,30674679.625,69912.75,2106186.96875,10312500.0,0.09956209374999997,,,,4.89843790625
quartz,kripke.exe,--niter 10 --pmethod bj --groups 8 --legendre 3,1,0.0666,13638888.888888888,78555555.55555555,20666666.666666668,186138888.88888893,1194444.4444444443,2555555.5555555555,55555.555555555555,55555.555555555555,15.180555555555555,41330944.847222224,13505054.472222222,525.0555555555555,30141.91666666667,5388888.888888889,0.02830877777777778,,,,3.9676912222222227
quartz,kripke.exe,"--niter 10 --pmethod bj --groups 8 --legendre 3 --procs 4,4,2",32,0.0666,84187500.0,244625000.0,82625000.0,673500000.0,1375000.0,2000000.0,0.0,0.0,882.71875,91840404.0625,30012171.71875,67669.0,2106052.375,10937500.0,0.11686303124999994,,,,3.8791369687500006
quartz,kripke.exe,--niter 10 --pmethod bj --groups 8 --legendre 4,1,0.0833,19805555.55555556,112333333.33333331,29777777.777777776,269333333.3333333,1222222.2222222222,3583333.333333333,55555.555555555555,55555.555555555555,13.680555555555555,58454699.13888889,13503800.208333336,525.0555555555555,30141.91666666667,6611111.111111111,0.03598770833333334,,,,4.9620122916666665
quartz,kripke.exe,"--niter 10 --pmethod bj --groups 8 --legendre 4 --procs 4,4,2",32,0.1,99812500.0,325812500.0,105750000.0,875187500.0,2500000.0,2000000.0,0.0,0.0,909.65625,133570638.375,30834593.375,67700.0,2106053.34375,12562500.0,0.14043965625000002,,,,5.85956034375
quartz,kripke.exe,--niter 10 --pmethod sweep --groups 16 --legendre 0,1,0.05,4250000.0,43416666.66666666,8500000.0,79888888.88888891,1722222.2222222222,1333333.333333333,83333.33333333331,55555.555555555555,12.972222222222221,25978649.73611111,26698371.319444444,525.0555555555555,30141.91666666667,11750000.0,0.02374508333333334,,,,2.9762549166666665
quartz,kripke.exe,"--niter 10 --pmethod sweep --groups 16 --legendre 0 --procs 4,4,2",32,0.0666,84812500.0,186937500.0,63125000.0,494062500.0,0.0,0.0,0.0,0.0,914.71875,59753280.4375,63309320.875,69911.78125,2106186.9375,33375000.0,0.11410428125,,,,3.8818957187500005
quartz,kripke.exe,--niter 10 --pmethod sweep --groups 16 --legendre 1,1,0.05,9722222.222222222,71194444.44444445,15250000.0,147027777.77777782,1750000.0,2055555.555555556,83333.33333333331,55555.555555555555,15.125,38264744.597222224,26719690.63888889,525.0555555555555,30141.888888888887,11805555.555555554,0.03082054166666667,,,,2.9691794583333335
quartz,kripke.exe,"--niter 10 --pmethod sweep --groups 16 --legendre 1 --procs 4,4,2",32,0.0666,89375000.0,243562500.0,75250000.0,620812500.0,1000000.0,0.0,0.0,0.0,910.03125,87270867.03125,63198379.84375,69911.78125,2106186.9375,36500000.0,0.1546570625,,,,3.8413429375000003
quartz,kripke.exe,--niter 10 --pmethod sweep --groups 16 --legendre 2,1,0.0666,18833333.33333333,117555555.55555557,26500000.0,258972222.22222215,2250000.0,3277777.777777778,111111.11111111114,55555.555555555555,7.097222222222222,58744543.36111111,26646447.694444444,525.0555555555555,30141.902777777777,12416666.666666664,0.04375155555555555,,,,3.952248444444445
quartz,kripke.exe,"--niter 10 --pmethod sweep --groups 16 --legendre 2 --procs 4,4,2",32,0.0833,111750000.0,353562500.0,103312500.0,890187500.0,1875000.0,0.0,0.0,0.0,913.125,133498126.0625,63342297.40625,67667.125,2106052.3125,32750000.0,0.16444587499999996,,,,4.833554125
quartz,kripke.exe,--niter 10 --pmethod sweep --groups 16 --legendre 3,1,0.1,31638888.88888889,182500000.0,42250000.0,415805555.5555557,2777777.777777778,4916666.666666667,138888.88888888888,83333.33333333331,12.652777777777779,87460624.51388891,26671234.027777776,525.0555555555555,30141.902777777777,12944444.444444446,0.05898869444444445,,,,5.941011305555556
quartz,kripke.exe,"--niter 10 --pmethod sweep --groups 16 --legendre 3 --procs 4,4,2",32,0.0833,142000000.0,506812500.0,141812500.0,1262000000.0,5125000.0,0.0,0.0,0.0,909.21875,192179492.59375,61011400.59375,69911.78125,2106186.9375,35562500.0,0.2136614375,,,,4.7843385625
quartz,kripke.exe,--niter 10 --pmethod sweep --groups 16 --legendre 4,1,0.1166,47972222.22222222,265861111.11111107,62500000.0,617138888.8888887,3138888.888888888,7111111.111111111,138888.88888888888,83333.33333333331,15.722222222222221,124297125.76388893,26630040.38888889,525.0555555555555,30141.902777777777,12750000.0,0.0826185277777778,,,,6.9133814722222215
quartz,kripke.exe,"--niter 10 --pmethod sweep --groups 16 --legendre 4 --procs 4,4,2",32,0.0833,180500000.0,703062500.0,191562500.0,1738687500.0,4875000.0,2000000.0,0.0,0.0,900.28125,273018200.34375,61125473.09375,69910.8125,2106186.90625,34812500.0,0.27026399999999995,,,,4.727736
quartz,kripke.exe,--niter 10 --pmethod sweep --groups 32 --legendre 0,1,0.0833,10138888.888888888,93638888.88888893,17861111.111111112,174777777.77777782,3472222.222222222,2722222.222222222,166666.66666666663,138888.88888888888,5.8611111111111125,53147536.0,53223598.90277778,525.0555555555555,30141.902777777777,23888888.88888889,0.048734777777777766,,,,4.949265222222222
quartz,kripke.exe,"--niter 10 --pmethod sweep --groups 32 --legendre 0 --procs 4,4,2",32,0.0666,103812500.0,308250000.0,89875000.0,739812500.0,875000.0,2000000.0,0.0,0.0,928.625,120685520.21875,124740632.6875,69911.78125,2106186.9375,56812500.0,0.19604834374999994,,,,3.7999516562500006
quartz,kripke.exe,--niter 10 --pmethod sweep --groups 32 --legendre 1,1,0.1,26472222.222222224,170472222.22222218,34083333.333333336,356027777.77777785,3527777.777777778,4305555.555555556,166666.66666666663,138888.88888888888,12.263888888888893,81298853.36111109,53468114.29166666,525.0555555555555,30141.902777777777,23583333.33333333,0.0672699861111111,,,,5.9327300138888885
quartz,kripke.exe,"--niter 10 --pmethod sweep --groups 32 --legendre 1 --procs 4,4,2",32,0.0833,141562500.0,482562500.0,127875000.0,1154062500.0,1812500.0,1937500.0,0.0,0.0,929.5625,184546943.34375,124682825.75,67699.0625,2106053.3125,59312500.0,0.242206375,,,,4.755793625
quartz,kripke.exe,--niter 10 --pmethod sweep --groups 32 --legendre 2,1,0.15,53805555.55555555,298666666.6666667,61083333.33333334,658361111.1111113,4638888.888888889,6888888.888888889,250000.0,138888.88888888888,18.98611111111111,128324803.41666669,53079523.125,525.0555555555555,30141.902777777777,24500000.0,0.09857934722222222,,,,8.901420652777778
quartz,kripke.exe,"--niter 10 --pmethod sweep --groups 32 --legendre 2 --procs 4,4,2",32,0.0833,209000000.0,777937500.0,194687500.0,1863875000.0,7187500.0,1937500.0,0.0,0.0,899.84375,280958767.375,120754204.84375,69911.78125,2106186.9375,50437500.0,0.32508515625,,,,4.67291484375
quartz,kripke.exe,--niter 10 --pmethod sweep --groups 32 --legendre 3,1,0.2,91944444.44444443,477916666.6666667,98944444.44444443,1081111111.1111114,5416666.666666667,10444444.444444444,250000.0,138888.88888888888,6.027777777777778,194051921.30555555,53279896.51388889,525.0555555555555,30141.902777777777,25500000.0,0.1433523888888889,,,,11.85664761111111
quartz,kripke.exe,"--niter 10 --pmethod sweep --groups 32 --legendre 3 --procs 4,4,2",32,0.0833,305562500.0,1221500000.0,292125000.0,2917062500.0,8062500.0,3875000.0,0.0,0.0,917.09375,438170964.625,124749599.90625,67699.0625,2106053.3125,57875000.0,0.59479115625,,,,4.40320884375
quartz,kripke.exe,--niter 10 --pmethod sweep --groups 32 --legendre 4,1,0.2833,141027777.77777782,708527777.7777778,147583333.33333334,1625055555.5555556,6444444.444444444,15138888.888888888,305555.55555555556,166666.66666666663,20.83333333333333,278622657.9583333,53198950.06944445,525.0555555555555,30141.902777777777,26722222.222222224,0.2026503194444444,,,,16.795349680555557
quartz,kripke.exe,"--niter 10 --pmethod sweep --groups 32 --legendre 4 --procs 4,4,2",32,0.0833,413187500.0,1710937500.0,400625000.0,4086312500.0,18375000.0,6687500.0,0.0,0.0,899.5625,628320091.09375,124871599.9375,67699.0625,2106053.3125,50750000.0,0.56982090625,,,,4.42817909375
quartz,kripke.exe,--niter 10 --pmethod sweep --groups 8 --legendre 0,1,0.05,2027777.7777777773,20972222.222222224,4166666.666666666,38416666.66666666,861111.1111111111,666666.6666666665,27777.777777777777,27777.777777777777,14.5,12872818.069444446,13456811.0,525.0555555555555,30141.91666666667,4305555.555555556,0.011231597222222221,,,,2.9887684027777777
quartz,kripke.exe,"--niter 10 --pmethod sweep --groups 8 --legendre 0 --procs 4,4,2",32,0.0833,61000000.0,111687500.0,41125000.0,316625000.0,0.0,0.0,0.0,0.0,889.34375,29184356.625,31060604.9375,69912.75,2106186.96875,6437500.0,0.07352553125,,,,4.924474468750001
quartz,kripke.exe,--niter 10 --pmethod sweep --groups 8 --legendre 1,1,0.05,4250000.0,32444444.444444444,7222222.222222223,66666666.66666666,916666.6666666664,1000000.0,0.0,27777.777777777777,9.111111111111107,18580790.972222224,13372209.972222226,525.0555555555555,30141.902777777777,4500000.0,0.014236222222222225,,,,2.9857637777777777
quartz,kripke.exe,"--niter 10 --pmethod sweep --groups 8 --legendre 1 --procs 4,4,2",32,0.0666,65250000.0,135812500.0,47875000.0,376625000.0,0.0,0.0,0.0,0.0,873.375,41574381.625,31145597.1875,69911.78125,2106186.9375,7750000.0,0.08704456250000002,,,,3.9089554375000004
quartz,kripke.exe,--niter 10 --pmethod sweep --groups 8 --legendre 2,1,0.05,7472222.222222223,50944444.44444445,12250000.0,112222222.22222222,1027777.777777778,1583333.333333333,27777.777777777777,27777.777777777777,15.694444444444445,28047422.91666667,13349763.819444446,525.0555555555555,30141.902777777777,5138888.888888889,0.01935975,,,,2.98064025
quartz,kripke.exe,"--niter 10 --pmethod sweep --groups 8 --legendre 2 --procs 4,4,2",32,0.0666,70875000.0,176437500.0,58875000.0,474687500.0,1062500.0,0.0,0.0,0.0,904.78125,64649964.625,31993923.90625,69911.78125,2106186.9375,7937500.0,0.0996019375,,,,3.8963980625000003
quartz,kripke.exe,--niter 10 --pmethod sweep --groups 8 --legendre 3,1,0.0666,12333333.333333336,77250000.0,19333333.33333333,177027777.77777782,1166666.666666667,2388888.888888889,55555.555555555555,27777.777777777777,16.444444444444443,41322060.11111111,13547837.527777778,525.0555555555555,30141.902777777777,5555555.555555556,0.026405319444444447,,,,3.969594680555556
quartz,kripke.exe,"--niter 10 --pmethod sweep --groups 8 --legendre 3 --procs 4,4,2",32,0.0666,81812500.0,236687500.0,75687500.0,623375000.0,1875000.0,0.0,0.0,0.0,887.1875,91865866.46875,30756581.53125,69880.75,2106185.96875,9750000.0,0.1152015,,,,3.8807985000000005
quartz,kripke.exe,--niter 10 --pmethod sweep --groups 8 --legendre 4,1,0.0666,18472222.222222224,110972222.22222222,28444444.444444444,260111111.11111107,1194444.4444444443,3416666.666666666,55555.555555555555,27777.777777777777,18.73611111111111,58414166.5,13376750.069444446,525.0555555555555,30141.902777777777,6444444.444444444,0.036607527777777774,,,,3.9593924722222225
quartz,kripke.exe,"--niter 10 --pmethod sweep --groups 8 --legendre 4 --procs 4,4,2",32,0.0833,98062500.0,316812500.0,98562500.0,825000000.0,3000000.0,0.0,0.0,0.0,906.8125,133478209.15625,31907528.78125,67699.0625,2106053.3125,10687500.0,0.13608456249999998,,,,4.8619154375
quartz,kripke.exe,--niter 15 --pmethod bj --groups 16 --legendre 0,1,0.0833,10333333.333333334,69027777.77777778,16666666.666666664,147111111.11111107,2611111.111111111,2500000.0,138888.88888888888,166666.66666666663,15.444444444444445,38982378.61111111,40003114.43055555,525.0555555555555,30141.91666666667,17583333.333333332,0.03729037500000002,,,,4.960709625
quartz,kripke.exe,"--niter 15 --pmethod bj --groups 16 --legendre 0 --procs 4,4,2",32,0.1,101687500.0,250812500.0,94500000.0,722625000.0,1250000.0,3875000.0,0.0,0.0,1141.625,86453443.3125,89541989.3125,69912.75,2106186.96875,52875000.0,0.1694471875,,,,5.8305528125
quartz,kripke.exe,--niter 15 --pmethod bj --groups 16 --legendre 1,1,0.0833,18527777.777777776,110722222.22222222,26805555.55555556,247805555.55555555,2611111.111111111,3611111.111111112,138888.88888888888,166666.66666666663,8.26388888888889,57388885.83333334,40122774.611111104,525.0555555555555,30141.91666666667,18388888.888888888,0.0469511111111111,,,,4.951048888888889
quartz,kripke.exe,"--niter 15 --pmethod bj --groups 16 --legendre 1 --procs 4,4,2",32,0.0666,112937500.0,338062500.0,114375000.0,925187500.0,3062500.0,4000000.0,0.0,0.0,1149.5625,126639196.59375,89585222.8125,69912.75,2106186.96875,57812500.0,0.19974725,,,,3.7962527500000003
quartz,kripke.exe,--niter 15 --pmethod bj --groups 16 --legendre 2,1,0.1,32194444.444444444,180277777.77777785,43666666.66666666,415750000.0,3361111.111111112,5416666.666666667,194444.4444444445,166666.66666666663,23.972222222222214,88105967.55555555,40015440.902777776,525.0555555555555,30141.91666666667,18333333.33333333,0.06788247222222221,,,,5.932117527777778
quartz,kripke.exe,"--niter 15 --pmethod bj --groups 16 --legendre 2 --procs 4,4,2",32,0.1166,153250000.0,517625000.0,161937500.0,1369062500.0,4250000.0,6000000.0,0.0,0.0,1172.28125,200260546.53125,92259579.6875,69880.75,2106185.96875,55500000.0,0.248109625,,,,6.747890375
quartz,kripke.exe,--niter 15 --pmethod bj --groups 16 --legendre 3,1,0.15,51388888.88888889,277638888.8888889,67305555.55555555,650916666.6666666,4111111.111111112,7888888.888888889,222222.22222222228,166666.66666666663,15.097222222222221,131111380.22222222,39967596.38888889,525.0555555555555,30141.91666666667,18944444.444444444,0.09431916666666668,,,,8.905680833333333
quartz,kripke.exe,"--niter 15 --pmethod bj --groups 16 --legendre 3 --procs 4,4,2",32,0.1,189812500.0,721187500.0,211437500.0,1857875000.0,8687500.0,6000000.0,0.0,0.0,1149.125,287687940.625,90393633.34375,67700.0,2106053.34375,56000000.0,0.30465303125,,,,5.69534696875
quartz,kripke.exe,--niter 15 --pmethod bj --groups 16 --legendre 4,1,0.1833,75916666.66666667,402750000.0,97666666.66666669,952972222.2222222,5027777.777777778,11166666.666666666,277777.7777777777,166666.66666666663,13.708333333333336,186412936.18055555,40095916.81944444,525.0555555555555,30141.91666666667,19388888.888888888,0.1257272083333333,,,,10.872272791666665
quartz,kripke.exe,"--niter 15 --pmethod bj --groups 16 --legendre 4 --procs 4,4,2",32,0.1,260125000.0,1047187500.0,295687500.0,2658250000.0,9187500.0,6000000.0,0.0,0.0,1190.0,421704523.34375,93770145.125,69880.75,2106185.96875,56437500.0,0.39921590625,,,,5.60078409375
quartz,kripke.exe,--niter 15 --pmethod bj --groups 32 --legendre 0,1,0.1333,23111111.11111111,148333333.33333334,34638888.88888889,316750000.0,5222222.222222222,5083333.333333333,277777.7777777777,333333.33333333326,11.777777777777779,79680088.81944445,80107011.88888888,525.0555555555555,30141.91666666667,34972222.222222224,0.0746092083333333,,,,7.923390791666667
quartz,kripke.exe,"--niter 15 --pmethod bj --groups 32 --legendre 0 --procs 4,4,2",32,0.1,165625000.0,475750000.0,167250000.0,1323312500.0,2812500.0,10000000.0,0.0,0.0,1202.65625,180634394.25,180207349.0625,69912.75,2106186.96875,94437500.0,0.32295803124999994,,,,5.67704196875
quartz,kripke.exe,--niter 15 --pmethod bj --groups 32 --legendre 1,1,0.1833,47666666.66666666,263638888.88888893,58972222.22222222,588750000.0,5333333.333333333,7444444.444444444,277777.7777777777,333333.33333333326,6.7361111111111125,121952639.625,80311984.06944445,525.0555555555555,30141.91666666667,36000000.0,0.10708156944444444,,,,10.890918430555555
quartz,kripke.exe,"--niter 15 --pmethod bj --groups 32 --legendre 1 --procs 4,4,2",32,0.0833,223937500.0,755750000.0,229500000.0,1987437500.0,3937500.0,10000000.0,0.0,0.0,1156.28125,276039845.71875,181020194.5,69912.75,2106186.96875,99125000.0,0.39330846875,,,,4.60469153125
quartz,kripke.exe,--niter 15 --pmethod bj --groups 32 --legendre 2,1,0.2166,88555555.55555555,455777777.77777785,99500000.0,1041861111.1111113,7027777.777777777,11333333.333333336,388888.88888888893,333333.33333333326,16.13888888888889,192423212.875,79811776.69444445,525.0555555555555,30141.91666666667,37416666.66666666,0.15551487499999994,,,,12.840485124999999
quartz,kripke.exe,"--niter 15 --pmethod bj --groups 32 --legendre 2 --procs 4,4,2",32,0.0833,313062500.0,1197250000.0,324000000.0,3026250000.0,8625000.0,11625000.0,0.0,0.0,1163.5625,434966753.75,181686057.53125,69880.75,2106185.96875,87562500.0,0.5047611875,,,,4.4932388125000005
quartz,kripke.exe,--niter 15 --pmethod bj --groups 32 --legendre 3,1,0.3,145638888.88888893,724666666.6666666,156194444.44444445,1676166666.6666667,8500000.0,16694444.444444446,444444.44444444455,361111.11111111107,14.041666666666664,291037652.8888889,80022450.79166667,525.0555555555555,30141.91666666667,36500000.0,0.21636754166666666,,,,17.783632458333333
quartz,kripke.exe,"--niter 15 --pmethod bj --groups 32 --legendre 3 --procs 4,4,2",32,0.1,453125000.0,1831375000.0,464937500.0,4538687500.0,13000000.0,14687500.0,0.0,0.0,1174.75,656851383.59375,182125810.5625,69912.75,2106186.96875,82562500.0,0.687377375,,,,5.312622625
quartz,kripke.exe,--niter 15 --pmethod bj --groups 32 --legendre 4,1,0.4,219416666.66666663,1070722222.2222222,229194444.44444445,2492388888.888889,12027777.777777778,23722222.222222224,694444.4444444445,333333.33333333326,5.652777777777778,417839570.5416667,79813875.29166666,525.0555555555555,30141.91666666667,39555555.55555555,0.3017407777777777,,,,23.698259222222223
quartz,kripke.exe,"--niter 15 --pmethod bj --groups 32 --legendre 4 --procs 4,4,2",32,0.1,644250000.0,2659500000.0,651437500.0,6526312500.0,24500000.0,18187500.0,0.0,0.0,1173.125,942152255.59375,184030721.375,67700.0,2106053.34375,76500000.0,0.87451646875,,,,5.12548353125
quartz,kripke.exe,--niter 15 --pmethod bj --groups 8 --legendre 0,1,0.05,4916666.666666667,33333333.33333333,8194444.444444444,71000000.0,1277777.7777777778,1250000.0,55555.555555555555,55555.555555555555,7.722222222222222,19257774.388888888,20128755.43055556,525.0555555555555,30141.91666666667,6861111.111111111,0.01988288888888889,,,,2.9801171111111113
quartz,kripke.exe,"--niter 15 --pmethod bj --groups 8 --legendre 0 --procs 4,4,2",32,0.0833,73250000.0,149562500.0,59187500.0,449375000.0,1437500.0,2000000.0,0.0,0.0,1138.96875,43173206.09375,45532284.21875,67700.0,2106053.34375,11562500.0,0.105865625,,,,4.892134375
quartz,kripke.exe,--niter 15 --pmethod bj --groups 8 --legendre 1,1,0.05,8222222.222222223,50444444.44444445,12777777.777777778,113222222.22222222,1388888.888888889,1750000.0,55555.555555555555,83333.33333333331,15.041666666666664,27799334.597222224,20108859.166666664,525.0555555555555,30141.91666666667,6666666.666666668,0.022229986111111117,,,,2.9777700138888887
quartz,kripke.exe,"--niter 15 --pmethod bj --groups 8 --legendre 1 --procs 4,4,2",32,0.0666,105250000.0,215812500.0,83375000.0,643000000.0,1125000.0,1937500.0,0.0,0.0,1163.1875,61828074.28125,45477505.3125,67669.0,2106052.375,13937500.0,0.10696262499999998,,,,3.8890373750000005
quartz,kripke.exe,--niter 15 --pmethod bj --groups 8 --legendre 2,1,0.0666,13138888.888888888,78305555.55555555,20333333.33333333,181833333.3333333,1555555.5555555557,2611111.111111111,55555.555555555555,83333.33333333331,13.277777777777779,42028188.75,20049906.069444444,525.0555555555555,30141.91666666667,8305555.555555556,0.03167111111111112,,,,3.9643288888888892
quartz,kripke.exe,"--niter 15 --pmethod bj --groups 8 --legendre 2 --procs 4,4,2",32,0.1,123812500.0,289562500.0,105625000.0,833062500.0,1375000.0,1937500.0,0.0,0.0,1154.59375,92925667.8125,44928921.34375,67700.0,2106053.34375,14687500.0,0.12643168750000006,,,,5.8735683125
quartz,kripke.exe,--niter 15 --pmethod bj --groups 8 --legendre 3,1,0.0833,20388888.888888888,117750000.0,30972222.222222224,278944444.4444444,1777777.7777777778,3833333.333333334,83333.33333333331,83333.33333333331,22.94444444444445,61953500.93055555,20109043.277777776,525.0555555555555,30141.91666666667,8277777.777777777,0.045325902777777774,,,,4.952674097222222
quartz,kripke.exe,"--niter 15 --pmethod bj --groups 8 --legendre 3 --procs 4,4,2",32,0.0833,102500000.0,335062500.0,109812500.0,901750000.0,3750000.0,2000000.0,0.0,0.0,1192.40625,141577627.90625,47231694.0625,69880.75,2106185.96875,17437500.0,0.16510965625,,,,4.83289034375
quartz,kripke.exe,--niter 15 --pmethod bj --groups 8 --legendre 4,1,0.1166,29527777.777777776,168222222.22222218,44611111.11111111,403250000.0,1805555.555555556,5388888.888888889,83333.33333333331,83333.33333333331,7.0694444444444455,87584204.63888891,20097952.416666664,525.0555555555555,30141.91666666667,9583333.333333334,0.05435070833333334,,,,6.941649291666666
quartz,kripke.exe,"--niter 15 --pmethod bj --groups 8 --legendre 4 --procs 4,4,2",32,0.0833,129875000.0,468375000.0,148125000.0,1236062500.0,7875000.0,1937500.0,0.0,0.0,1160.75,199181635.71875,47124771.375,69912.75,2106186.96875,20875000.0,0.204241875,,,,4.793758125
quartz,kripke.exe,--niter 15 --pmethod sweep --groups 16 --legendre 0,1,0.0666,6416666.666666668,65138888.88888889,12694444.444444446,119833333.33333331,2611111.111111111,2027777.7777777773,111111.11111111114,111111.11111111114,13.055555555555555,38967764.55555555,40080400.277777776,525.0555555555555,30141.91666666667,18055555.55555556,0.0344666388888889,,,,3.9615333611111114
quartz,kripke.exe,"--niter 15 --pmethod sweep --groups 16 --legendre 0 --procs 4,4,2",32,0.0666,93125000.0,240812500.0,76312500.0,603000000.0,1062500.0,1500000.0,0.0,0.0,1122.78125,86081633.78125,93607059.03125,69912.75,2106186.96875,51062500.0,0.16915565625000006,,,,3.8268443437500004
quartz,kripke.exe,--niter 15 --pmethod sweep --groups 16 --legendre 1,1,0.0833,14527777.777777778,106750000.0,22805555.55555556,220277777.77777785,2611111.111111111,3111111.111111112,138888.88888888888,111111.11111111114,10.652777777777779,57371496.08333334,40294292.20833333,525.0555555555555,30141.91666666667,18555555.55555556,0.044040083333333334,,,,4.953959916666667
quartz,kripke.exe,"--niter 15 --pmethod sweep --groups 16 --legendre 1 --procs 4,4,2",32,0.0833,112750000.0,344437500.0,101937500.0,850812500.0,2125000.0,2000000.0,0.0,0.0,1181.53125,130632087.15625,96199593.6875,67669.0,2106052.375,54625000.0,0.18383153125000004,,,,4.81416846875
quartz,kripke.exe,--niter 15 --pmethod sweep --groups 16 --legendre 2,1,0.1166,28194444.444444444,176250000.0,39694444.44444445,388111111.1111111,3333333.333333333,4916666.666666667,166666.66666666663,111111.11111111114,25.23611111111111,88161573.97222222,39799769.222222224,525.0555555555555,30141.902777777777,18277777.777777776,0.06425275,,,,6.93174725
quartz,kripke.exe,"--niter 15 --pmethod sweep --groups 16 --legendre 2 --procs 4,4,2",32,0.1,153125000.0,517000000.0,147562500.0,1279750000.0,3437500.0,2000000.0,0.0,0.0,1204.46875,200089476.9375,96436729.375,69912.75,2106186.96875,51625000.0,0.23397009375,,,,5.76602990625
quartz,kripke.exe,--niter 15 --pmethod sweep --groups 16 --legendre 3,1,0.15,47388888.88888889,273638888.8888889,63333333.33333334,623277777.7777778,4055555.555555557,7388888.888888889,222222.22222222228,111111.11111111114,9.194444444444443,131130710.15277778,40031733.972222224,525.0555555555555,30141.91666666667,18916666.666666668,0.091393875,,,,8.908606125
quartz,kripke.exe,"--niter 15 --pmethod sweep --groups 16 --legendre 3 --procs 4,4,2",32,0.0833,188375000.0,718750000.0,196562500.0,1765062500.0,6437500.0,1937500.0,0.0,0.0,1116.46875,287454817.125,95943861.71875,67700.0,2106053.34375,51687500.0,0.29052734375,,,,4.70747265625
quartz,kripke.exe,--niter 15 --pmethod sweep --groups 16 --legendre 4,1,0.2,71916666.66666667,398694444.4444444,93694444.44444443,925305555.5555557,4611111.111111111,10694444.444444444,250000.0,138888.88888888888,23.06944444444445,186440206.86111107,39972555.09722222,525.0555555555555,30141.902777777777,19694444.444444444,0.12253516666666668,,,,11.877464833333333
quartz,kripke.exe,"--niter 15 --pmethod sweep --groups 16 --legendre 4 --procs 4,4,2",32,0.1166,254312500.0,1039062500.0,278750000.0,2546687500.0,14312500.0,1937500.0,0.0,0.0,1171.75,407910488.9375,93630073.4375,69880.75,2106185.96875,51125000.0,0.39510978125,,,,6.600890218749999
quartz,kripke.exe,--niter 15 --pmethod sweep --groups 32 --legendre 0,1,0.1166,15138888.888888888,140388888.88888893,26694444.444444444,261750000.0,5222222.222222222,4111111.111111112,277777.7777777777,222222.22222222228,17.26388888888889,79659434.43055555,80065413.61111109,525.0555555555555,30141.91666666667,35638888.88888889,0.07011320833333329,,,,6.925886791666667
quartz,kripke.exe,"--niter 15 --pmethod sweep --groups 32 --legendre 0 --procs 4,4,2",32,0.1166,150250000.0,467937500.0,133625000.0,1106437500.0,1625000.0,2000000.0,0.0,0.0,1175.8125,180641012.15625,188658046.375,67699.0625,2106053.3125,84062500.0,0.27738296875,,,,6.71861703125
quartz,kripke.exe,--niter 15 --pmethod sweep --groups 32 --legendre 1,1,0.1333,39694444.44444445,255694444.44444445,51027777.77777778,533694444.4444444,5277777.777777778,6472222.222222223,277777.7777777777,222222.22222222228,13.583333333333336,121944646.33333331,80191592.34722222,525.0555555555555,30141.91666666667,36166666.66666666,0.09957048611111108,,,,7.898429513888889
quartz,kripke.exe,"--niter 15 --pmethod sweep --groups 32 --legendre 1 --procs 4,4,2",32,0.0833,198125000.0,726562500.0,187000000.0,1707000000.0,5062500.0,4000000.0,0.0,0.0,1172.78125,276062385.0,188641210.4375,69912.75,2106186.96875,97750000.0,0.35348884374999984,,,,4.64451115625
quartz,kripke.exe,--niter 15 --pmethod sweep --groups 32 --legendre 2,1,0.2333,80500000.0,447722222.22222215,91527777.77777778,986583333.3333334,6833333.333333332,10333333.333333334,388888.88888888893,222222.22222222228,19.777777777777786,192379540.01388893,79726488.40277779,525.0555555555555,30141.902777777777,37777777.777777776,0.14946316666666667,,,,13.848536833333334
quartz,kripke.exe,"--niter 15 --pmethod sweep --groups 32 --legendre 2 --procs 4,4,2",32,0.1,296875000.0,1151312500.0,282937500.0,2732375000.0,6500000.0,4000000.0,0.0,0.0,1167.84375,434528279.4375,188959764.78125,69911.78125,2106186.9375,73625000.0,0.4682159375000001,,,,5.5317840625
quartz,kripke.exe,--niter 15 --pmethod sweep --groups 32 --legendre 3,1,0.2833,137777777.77777782,716750000.0,148277777.77777782,1621111111.1111116,8777777.777777778,15694444.444444446,472222.22222222225,250000.0,13.416666666666664,291034621.9861111,79841346.47222222,525.0555555555555,30141.91666666667,37638888.88888889,0.21276445833333324,,,,16.78523554166667
quartz,kripke.exe,"--niter 15 --pmethod sweep --groups 32 --legendre 3 --procs 4,4,2",32,0.1,441375000.0,1817375000.0,429437500.0,4313625000.0,13562500.0,7375000.0,0.0,0.0,1169.1875,656511287.09375,189801159.96875,67668.0625,2106052.34375,83125000.0,0.6279434375,,,,5.3720565625
quartz,kripke.exe,--niter 15 --pmethod sweep --groups 32 --legendre 4,1,0.4166,211388888.88888893,1062611111.1111113,221250000.0,2436805555.5555553,10055555.555555556,22750000.0,500000.0,250000.0,6.5694444444444455,417823476.7083333,80370393.15277778,525.0555555555555,30141.91666666667,38861111.11111111,0.3045085555555554,,,,24.69149144444445
quartz,kripke.exe,"--niter 15 --pmethod sweep --groups 32 --legendre 4 --procs 4,4,2",32,0.0833,613125000.0,2623562500.0,606562500.0,6227562500.0,23312500.0,11125000.0,0.0,0.0,1144.75,912295367.375,184895206.0,69880.75,2106185.96875,77750000.0,0.8692082499999999,,,,4.12879175
quartz,kripke.exe,--niter 15 --pmethod sweep --groups 8 --legendre 0,1,0.05,2972222.222222222,31388888.88888889,6194444.444444444,57388888.88888889,1277777.7777777778,1000000.0,55555.555555555555,27777.777777777777,11.486111111111107,19273593.666666668,20051317.791666664,525.0555555555555,30141.91666666667,6611111.111111111,0.017169569444444446,,,,2.9828304305555555
quartz,kripke.exe,"--niter 15 --pmethod sweep --groups 8 --legendre 0 --procs 4,4,2",32,0.0833,75375000.0,151625000.0,53375000.0,412937500.0,0.0,0.0,0.0,0.0,1184.8125,44779444.6875,48986986.65625,67638.0,2106051.40625,9875000.0,0.09220746875,,,,4.90579253125
quartz,kripke.exe,--niter 15 --pmethod sweep --groups 8 --legendre 1,1,0.05,6055555.555555556,48250000.0,10750000.0,98916666.66666669,1388888.888888889,1500000.0,55555.555555555555,55555.555555555555,15.527777777777779,27840316.25,20041662.09722222,525.0555555555555,30141.91666666667,6611111.111111111,0.02160393055555556,,,,2.9783960694444445
quartz,kripke.exe,"--niter 15 --pmethod sweep --groups 8 --legendre 1 --procs 4,4,2",32,0.0666,78750000.0,187062500.0,62625000.0,496625000.0,875000.0,0.0,0.0,0.0,1153.03125,61927189.40625,47471564.21875,69912.75,2106186.96875,11312500.0,0.10689899999999998,,,,3.8891010000000006
quartz,kripke.exe,--niter 15 --pmethod sweep --groups 8 --legendre 2,1,0.0666,11277777.777777778,76472222.22222222,18361111.111111112,168472222.22222218,1555555.5555555557,2388888.888888889,55555.555555555555,55555.555555555555,12.305555555555555,42044875.972222224,20129171.138888888,525.0555555555555,30141.91666666667,7805555.555555556,0.02992211111111111,,,,3.9660778888888895
quartz,kripke.exe,"--niter 15 --pmethod sweep --groups 8 --legendre 2 --procs 4,4,2",32,0.0666,90062500.0,253250000.0,80875000.0,659312500.0,2125000.0,0.0,0.0,0.0,1165.09375,92892150.65625,47277635.59375,69880.75,2106185.96875,12125000.0,0.12926296875,,,,3.8667370312500005
quartz,kripke.exe,--niter 15 --pmethod sweep --groups 8 --legendre 3,1,0.0833,18333333.33333333,115666666.66666669,28972222.222222224,264944444.44444445,1777777.7777777778,3583333.333333333,83333.33333333331,55555.555555555555,15.236111111111107,61991615.15277778,20171684.694444444,525.0555555555555,30141.91666666667,8333333.333333332,0.03833969444444444,,,,4.9596603055555555
quartz,kripke.exe,"--niter 15 --pmethod sweep --groups 8 --legendre 3 --procs 4,4,2",32,0.0833,112625000.0,345375000.0,108125000.0,896937500.0,2937500.0,0.0,0.0,0.0,1180.40625,141656102.78125,48594393.03125,67648.65625,2106051.71875,14937500.0,0.15068462500000002,,,,4.847315375
quartz,kripke.exe,--niter 15 --pmethod sweep --groups 8 --legendre 4,1,0.1166,27583333.33333333,166305555.55555555,42638888.88888889,389694444.4444444,1805555.555555556,5166666.666666667,83333.33333333331,55555.555555555555,15.111111111111107,87636346.26388891,20256531.847222224,525.0555555555555,30141.91666666667,9638888.888888888,0.05151080555555557,,,,6.944489194444444
quartz,kripke.exe,"--niter 15 --pmethod sweep --groups 8 --legendre 4 --procs 4,4,2",32,0.1166,129937500.0,468062500.0,141375000.0,1192937500.0,4500000.0,0.0,0.0,0.0,1172.125,199661675.0625,48716502.625,67700.0,2106053.34375,16687500.0,0.188407125,,,,6.807592874999999
quartz,kripke.exe,--niter 40 --pmethod sweep --groups 16 --legendre 0,1,0.1666,16611111.111111112,173055555.55555555,33666666.666666664,317444444.4444444,6944444.444444444,5444444.444444444,361111.11111111107,305555.55555555556,19.48611111111111,103799327.63888893,106817349.61111107,525.0555555555555,30141.91666666667,48611111.11111111,0.08742436111111106,,,,9.90857563888889
quartz,kripke.exe,"--niter 40 --pmethod sweep --groups 16 --legendre 0 --procs 4,4,2",32,0.1666,180000000.0,576000000.0,167937500.0,1348937500.0,4500000.0,4000000.0,0.0,0.0,1204.0625,234703564.3125,263259086.375,69912.75,2106186.96875,139062500.0,0.35272328125,,,,9.64327671875
quartz,kripke.exe,--niter 40 --pmethod sweep --groups 16 --legendre 1,1,0.1833,38361111.11111111,284138888.8888889,60638888.88888889,585638888.8888887,7000000.0,8361111.111111111,361111.11111111107,305555.55555555556,9.847222222222221,152953145.31944445,107034039.81944443,525.0555555555555,30141.91666666667,48777777.77777778,0.11776426388888885,,,,10.88023573611111
quartz,kripke.exe,"--niter 40 --pmethod sweep --groups 16 --legendre 1 --procs 4,4,2",32,0.0833,231062500.0,850562500.0,235625000.0,2004250000.0,7750000.0,4500000.0,0.0,0.0,1167.21875,345668275.8125,263113043.6875,69880.75,2106185.96875,154500000.0,0.4464285312499999,,,,4.551571468750001
quartz,kripke.exe,--niter 40 --pmethod sweep --groups 16 --legendre 2,1,0.2666,74833333.33333333,469527777.77777785,105666666.66666669,1033277777.7777778,9055555.555555556,13166666.666666664,527777.7777777779,333333.33333333326,14.166666666666664,234894276.75,106296212.61111107,525.0555555555555,30141.91666666667,46222222.22222222,0.16643386111111108,,,,15.82956613888889
quartz,kripke.exe,"--niter 40 --pmethod sweep --groups 16 --legendre 2 --procs 4,4,2",32,0.0666,323750000.0,1295125000.0,349875000.0,3092937500.0,11062500.0,5812500.0,0.0,0.0,1176.40625,530479562.53125,262945070.84375,69912.75,2106186.96875,145875000.0,0.6717515312499999,,,,3.3242484687500005
quartz,kripke.exe,--niter 40 --pmethod sweep --groups 16 --legendre 3,1,0.3166,125888888.88888893,729083333.3333334,168694444.44444445,1660083333.3333333,11361111.111111112,19805555.55555556,638888.8888888889,333333.33333333326,15.708333333333336,349624439.3194444,106516160.84722222,525.0555555555555,30141.91666666667,47916666.66666666,0.22967086111111115,,,,18.76632913888889
quartz,kripke.exe,"--niter 40 --pmethod sweep --groups 16 --legendre 3 --procs 4,4,2",32,0.2666,869687500.0,2358937500.0,724562500.0,6199875000.0,18875000.0,6000000.0,0.0,0.0,1134.0625,763510266.5625,254440593.3125,69880.75,2106185.96875,149437500.0,0.7433906875,,,,15.2526093125
quartz,kripke.exe,--niter 40 --pmethod sweep --groups 16 --legendre 4,1,0.4333,191416666.66666663,1062722222.2222222,249666666.66666663,2465722222.2222233,12138888.888888888,28555555.55555556,666666.6666666665,361111.11111111107,13.277777777777779,497069201.34722215,106381093.97222222,525.0555555555555,30141.91666666667,53083333.33333334,0.3232615972222221,,,,25.67473840277778
quartz,kripke.exe,"--niter 40 --pmethod sweep --groups 16 --legendre 4 --procs 4,4,2",32,0.1833,601562500.0,2632375000.0,690562500.0,6368187500.0,21062500.0,8000000.0,0.0,0.0,1163.75,1120026336.625,264689564.0625,69912.75,2106186.96875,148125000.0,1.5638190937500005,,,,9.434180906249999
quartz,kripke.exe,--niter 40 --pmethod sweep --groups 32 --legendre 0,1,0.25,39972222.222222224,373805555.5555557,70833333.33333333,695777777.7777778,13916666.666666664,11027777.777777778,722222.222222222,611111.1111111111,8.402777777777779,212423965.63888893,213559811.72222224,525.0555555555555,30141.91666666667,93833333.33333331,0.17706290277777775,,,,14.822937097222223
quartz,kripke.exe,"--niter 40 --pmethod sweep --groups 32 --legendre 0 --procs 4,4,2",32,0.1,313187500.0,1161500000.0,309875000.0,2615937500.0,6750000.0,7812500.0,0.0,0.0,1198.0,479382258.96875,515655927.3125,67700.0,2106053.34375,233312500.0,0.6678255624999999,,,,5.3321744375
quartz,kripke.exe,--niter 40 --pmethod sweep --groups 32 --legendre 1,1,0.35,105472222.22222222,681333333.3333334,135694444.44444445,1421166666.6666667,14138888.888888888,17333333.333333332,750000.0,638888.8888888889,13.180555555555555,325156465.7638889,213838768.0833333,525.0555555555555,30141.91666666667,96138888.88888893,0.2586922777777778,,,,20.74130772222222
quartz,kripke.exe,"--niter 40 --pmethod sweep --groups 32 --legendre 1 --procs 4,4,2",32,0.0833,467562500.0,1881750000.0,467375000.0,4325375000.0,14750000.0,10750000.0,187500.0,0.0,1164.8125,732835313.0625,516325626.25,69911.78125,2106186.9375,253437500.0,0.87767490625,,,,4.12032509375
quartz,kripke.exe,--niter 40 --pmethod sweep --groups 32 --legendre 2,1,0.5,214444444.44444445,1193583333.3333333,243777777.77777785,2629333333.333333,18277777.777777776,27666666.66666667,1000000.0,638888.8888888889,9.25,513012041.5694444,212515580.90277776,525.0555555555555,30141.91666666667,98250000.0,0.3903854305555555,,,,29.609614569444446
quartz,kripke.exe,"--niter 40 --pmethod sweep --groups 32 --legendre 2 --procs 4,4,2",32,0.0833,759000000.0,3117437500.0,748187500.0,7306562500.0,25812500.0,13750000.0,750000.0,0.0,1165.75,1155676781.09375,522728066.8125,69880.75,2106185.96875,207312500.0,1.2110540312499996,,,,3.7869459687500004
quartz,kripke.exe,--niter 40 --pmethod sweep --groups 32 --legendre 3,1,0.7333,366972222.22222215,1910972222.2222226,394972222.22222215,4321527777.777778,22250000.0,41944444.44444445,1166666.666666667,694444.4444444445,6.3055555555555545,776023257.9444442,213083220.54166663,525.0555555555555,30141.91666666667,101250000.0,0.5706333888888888,,,,43.42736661111111
quartz,kripke.exe,"--niter 40 --pmethod sweep --groups 32 --legendre 3 --procs 4,4,2",32,0.1,1077937500.0,4644187500.0,1078250000.0,10914562500.0,49125000.0,21562500.0,1000000.0,0.0,1129.1875,1692899697.40625,504147688.90625,67700.0,2106053.34375,209437500.0,1.6157607499999995,,,,4.38423925
quartz,kripke.exe,--niter 40 --pmethod sweep --groups 32 --legendre 4,1,1.0333,563222222.2222222,2833055555.5555553,589611111.1111113,6496194444.444447,30750000.0,60750000.0,1416666.666666667,694444.4444444445,14.763888888888893,1114194807.1944444,212622605.80555555,525.0555555555555,30141.91666666667,100527777.77777778,0.7888930277777771,,,,61.20910697222223
quartz,kripke.exe,"--niter 40 --pmethod sweep --groups 32 --legendre 4 --procs 4,4,2",32,0.1666,1518062500.0,6719375000.0,1531875000.0,15840062500.0,70062500.0,31187500.0,1625000.0,0.0,1138.84375,2429811015.4375,506381938.5625,67700.0,2106053.34375,206562500.0,2.227068125,,,,7.768931875
quartz,kripke.exe,--niter 40 --pmethod sweep --groups 8 --legendre 0,1,0.0666,7583333.333333332,83194444.44444445,16416666.666666664,151555555.55555555,3444444.4444444445,2694444.4444444445,166666.66666666663,138888.88888888888,22.36111111111111,51335479.01388889,53461543.84722222,525.0555555555555,30141.91666666667,18416666.666666668,0.04105336111111112,,,,3.9549466388888894
quartz,kripke.exe,"--niter 40 --pmethod sweep --groups 8 --legendre 0 --procs 4,4,2",32,0.0833,109375000.0,303750000.0,94062500.0,741500000.0,1750000.0,2000000.0,0.0,0.0,1168.5625,116810616.90625,133629523.46875,69848.75,2106184.96875,26000000.0,0.188115,,,,4.809885
quartz,kripke.exe,--niter 40 --pmethod sweep --groups 8 --legendre 1,1,0.1,15750000.0,128138888.88888893,28555555.55555556,262222222.22222215,3694444.444444445,4083333.333333334,194444.4444444445,138888.88888888888,15.041666666666664,74126649.26388891,53360339.44444445,525.0555555555555,30141.91666666667,18972222.222222224,0.052912944444444436,,,,5.9470870555555555
quartz,kripke.exe,"--niter 40 --pmethod sweep --groups 8 --legendre 1 --procs 4,4,2",32,0.0833,127562500.0,406000000.0,122437500.0,994625000.0,2875000.0,2000000.0,0.0,0.0,1180.8125,168215987.46875,132097043.875,69912.75,2106186.96875,30500000.0,0.2149618125,,,,4.7830381875
quartz,kripke.exe,--niter 40 --pmethod sweep --groups 8 --legendre 2,1,0.1166,29416666.66666667,203055555.55555555,48805555.55555555,446722222.22222215,4166666.666666666,6388888.888888889,194444.4444444445,138888.88888888888,11.111111111111107,112091281.38888893,53423191.63888889,525.0555555555555,30141.91666666667,21222222.222222224,0.0735447361111111,,,,6.922455263888889
quartz,kripke.exe,"--niter 40 --pmethod sweep --groups 8 --legendre 2 --procs 4,4,2",32,0.1,170562500.0,604937500.0,179937500.0,1493500000.0,4312500.0,2000000.0,0.0,0.0,1147.1875,245865083.0625,128928907.4375,67669.0,2106052.375,30562500.0,0.26636612499999995,,,,5.733633875
quartz,kripke.exe,--niter 40 --pmethod sweep --groups 8 --legendre 3,1,0.1666,48583333.33333334,308027777.77777785,77138888.88888891,705222222.2222222,4750000.0,9611111.111111112,250000.0,166666.66666666663,7.833333333333332,165223552.75,53724425.58333333,525.0555555555555,30141.91666666667,21944444.444444444,0.09917025000000004,,,,9.89682975
quartz,kripke.exe,"--niter 40 --pmethod sweep --groups 8 --legendre 3 --procs 4,4,2",32,0.1166,216562500.0,854875000.0,249687500.0,2112250000.0,7437500.0,1937500.0,0.0,0.0,1205.21875,373948833.6875,132747592.15625,67700.0,2106053.34375,38375000.0,0.3431049062499999,,,,6.65289509375
quartz,kripke.exe,--niter 40 --pmethod sweep --groups 8 --legendre 4,1,0.2,73250000.0,443027777.77777785,113583333.33333331,1037694444.4444443,4944444.444444444,13777777.777777778,222222.22222222228,166666.66666666663,10.569444444444443,233498969.3333333,53610395.5,525.0555555555555,30141.91666666667,25722222.222222224,0.13702747222222225,,,,11.862972527777778
quartz,kripke.exe,"--niter 40 --pmethod sweep --groups 8 --legendre 4 --procs 4,4,2",32,0.15,267937500.0,1140062500.0,329750000.0,2821125000.0,13000000.0,3875000.0,0.0,0.0,1134.125,511297734.8125,130111609.0,69880.75,2106185.96875,45000000.0,0.458152375,,,,8.541847625
quartz,kripke.exe,--niter 5 --pmethod bj --groups 16 --legendre 0,1,0.0333,3666666.666666666,23305555.55555556,5638888.888888889,49944444.44444445,861111.1111111111,833333.3333333335,27777.777777777777,27777.777777777777,15.680555555555555,13013510.694444446,13287588.736111112,525.0555555555555,30141.91666666667,5638888.888888889,0.014379125,,,,1.9836208750000002
quartz,kripke.exe,"--niter 5 --pmethod bj --groups 16 --legendre 0 --procs 4,4,2",32,0.0666,64812500.0,117625000.0,48000000.0,363500000.0,0.0,0.0,0.0,0.0,900.84375,30648598.03125,31524236.5625,69880.75,2106185.96875,15625000.0,0.0801538125,,,,3.9158461875000006
quartz,kripke.exe,--niter 5 --pmethod bj --groups 16 --legendre 1,1,0.05,6333333.333333332,37111111.11111111,9027777.777777778,83250000.0,861111.1111111111,1194444.4444444443,27777.777777777777,55555.555555555555,11.625,19171340.541666668,13378544.861111112,525.0555555555555,30141.91666666667,5888888.888888889,0.034171361111111104,,,,2.965828638888889
quartz,kripke.exe,"--niter 5 --pmethod bj --groups 16 --legendre 1 --procs 4,4,2",32,0.0666,64875000.0,144062500.0,52875000.0,419437500.0,1375000.0,0.0,0.0,0.0,856.15625,44248951.96875,31528716.34375,67700.0,2106053.34375,17187500.0,0.08831396875,,,,3.9076860312500004
quartz,kripke.exe,--niter 5 --pmethod bj --groups 16 --legendre 2,1,0.0666,10888888.888888888,60277777.77777778,14638888.888888888,139250000.0,1138888.888888889,1777777.7777777778,55555.555555555555,55555.555555555555,15.388888888888893,29398936.152777776,13232018.472222222,525.0555555555555,30141.902777777777,5944444.444444444,0.02410648611111112,,,,3.9718935138888893
quartz,kripke.exe,"--niter 5 --pmethod bj --groups 16 --legendre 2 --procs 4,4,2",32,0.0666,76125000.0,199062500.0,66875000.0,553875000.0,812500.0,2000000.0,0.0,0.0,888.0,67608157.6875,31165270.03125,69911.78125,2106186.9375,16125000.0,0.10501537499999998,,,,3.8909846250000006
quartz,kripke.exe,--niter 5 --pmethod bj --groups 16 --legendre 3,1,0.0833,17222222.222222224,92666666.66666669,22500000.0,217472222.22222215,1250000.0,2611111.111111111,55555.555555555555,55555.555555555555,17.180555555555557,43737331.30555555,13260889.430555554,525.0555555555555,30141.91666666667,6250000.0,0.031868499999999994,,,,4.9661315
quartz,kripke.exe,"--niter 5 --pmethod bj --groups 16 --legendre 3 --procs 4,4,2",32,0.0666,89375000.0,267937500.0,83937500.0,720625000.0,1750000.0,1937500.0,0.0,0.0,800.125,100506008.09375,31104152.5625,69911.78125,2106186.9375,17625000.0,0.12607587499999998,,,,3.8699241250000003
quartz,kripke.exe,--niter 5 --pmethod bj --groups 16 --legendre 4,1,0.0833,25444444.444444444,134444444.44444445,32638888.88888889,318277777.77777785,1527777.7777777778,3694444.444444445,83333.33333333331,55555.555555555555,13.25,62185984.54166666,13404889.527777778,525.0555555555555,30141.91666666667,6166666.666666668,0.04368004166666668,,,,4.9543199583333335
quartz,kripke.exe,"--niter 5 --pmethod bj --groups 16 --legendre 4 --procs 4,4,2",32,0.0833,112875000.0,368500000.0,110500000.0,970000000.0,3437500.0,1937500.0,0.0,0.0,866.96875,137378906.25,30641466.125,69912.75,2106186.96875,16812500.0,0.16036456249999995,,,,4.8376354375
quartz,kripke.exe,--niter 5 --pmethod bj --groups 32 --legendre 0,1,0.0666,7944444.444444444,49750000.0,11694444.444444446,106638888.88888893,1722222.2222222222,1666666.666666667,83333.33333333331,83333.33333333331,19.125,26622280.0,26613367.402777776,525.0555555555555,30141.91666666667,11583333.333333336,0.027461097222222224,,,,3.9685389027777784
quartz,kripke.exe,"--niter 5 --pmethod bj --groups 32 --legendre 0 --procs 4,4,2",32,0.0833,83062500.0,190937500.0,71375000.0,555625000.0,1125000.0,2000000.0,0.0,0.0,855.3125,59521949.53125,59274941.90625,69912.75,2106186.96875,28875000.0,0.13053337499999998,,,,4.8674666250000005
quartz,kripke.exe,--niter 5 --pmethod bj --groups 32 --legendre 1,1,0.0666,16222222.222222222,88305555.55555555,19833333.33333333,197666666.66666663,1750000.0,2444444.4444444445,83333.33333333331,83333.33333333331,15.319444444444445,40738410.625,26683038.194444444,525.0555555555555,30141.91666666667,11694444.444444446,0.037538638888888885,,,,3.9584613611111115
quartz,kripke.exe,"--niter 5 --pmethod bj --groups 32 --legendre 1 --procs 4,4,2",32,0.0833,101625000.0,279812500.0,90750000.0,766687500.0,1562500.0,2000000.0,0.0,0.0,786.1875,90441473.65625,59111147.3125,67699.0625,2106053.3125,29812500.0,0.155793625,,,,4.842206375
quartz,kripke.exe,--niter 5 --pmethod bj --groups 32 --legendre 2,1,0.1,29638888.88888889,152111111.11111107,33305555.55555556,348083333.3333333,2305555.5555555555,3750000.0,111111.11111111114,83333.33333333331,15.819444444444445,64210045.05555555,26461983.73611111,525.0555555555555,30141.91666666667,12083333.333333336,0.05403954166666666,,,,5.945960458333333
quartz,kripke.exe,"--niter 5 --pmethod bj --groups 32 --legendre 2 --procs 4,4,2",32,0.0666,130500000.0,417562500.0,120062500.0,1090250000.0,3937500.0,4000000.0,0.0,0.0,864.90625,141694836.59375,59333535.09375,67700.0,2106053.34375,23312500.0,0.1897150625,,,,3.8062849375000005
quartz,kripke.exe,--niter 5 --pmethod bj --groups 32 --legendre 3,1,0.1166,48750000.0,241777777.77777785,52222222.22222222,559583333.3333334,2666666.666666666,5527777.777777778,111111.11111111114,111111.11111111114,25.36111111111111,97030809.63888893,26672848.75,525.0555555555555,30141.902777777777,12611111.111111112,0.07643493055555556,,,,6.919565069444444
quartz,kripke.exe,"--niter 5 --pmethod bj --groups 32 --legendre 3 --procs 4,4,2",32,0.1,202812500.0,651000000.0,179562500.0,1682687500.0,6000000.0,4000000.0,0.0,0.0,862.21875,220600993.25,61154541.59375,69911.78125,2106186.9375,26125000.0,0.25415393750000004,,,,5.7458460625
quartz,kripke.exe,--niter 5 --pmethod bj --groups 32 --legendre 4,1,0.1666,73277777.77777778,357111111.1111111,76527777.77777778,831555555.5555558,3555555.5555555555,7861111.111111111,194444.4444444445,111111.11111111114,12.486111111111107,139358003.61111107,26590756.444444444,525.0555555555555,30141.91666666667,12888888.888888888,0.10430770833333332,,,,9.891692291666667
quartz,kripke.exe,"--niter 5 --pmethod bj --groups 32 --legendre 4 --procs 4,4,2",32,0.0833,232375000.0,904875000.0,226312500.0,2244375000.0,7312500.0,5812500.0,0.0,0.0,904.875,315296194.625,61541781.28125,67699.0625,2106053.3125,25000000.0,0.319080375,,,,4.678919625
quartz,kripke.exe,--niter 5 --pmethod bj --groups 8 --legendre 0,1,0.05,1777777.7777777778,11305555.555555554,2777777.777777778,24250000.0,416666.66666666674,388888.88888888893,0.0,0.0,15.236111111111107,6458844.583333332,6740388.527777777,525.0555555555555,30141.902777777777,2194444.4444444445,0.006886263888888888,,,,2.9931137361111113
quartz,kripke.exe,"--niter 5 --pmethod bj --groups 8 --legendre 0 --procs 4,4,2",32,0.0666,51250000.0,77812500.0,33375000.0,252562500.0,0.0,0.0,0.0,0.0,857.71875,15695945.5625,16470939.09375,67668.0625,2106052.34375,3750000.0,0.0533004375,,,,3.9426995625000005
quartz,kripke.exe,--niter 5 --pmethod bj --groups 8 --legendre 1,1,0.0333,2805555.5555555555,16916666.666666668,4305555.555555556,38111111.11111111,444444.44444444455,583333.3333333335,0.0,0.0,11.944444444444445,9283094.180555556,6781823.430555556,525.0555555555555,30141.902777777777,2194444.4444444445,0.008733625,,,,1.9892663750000001
quartz,kripke.exe,"--niter 5 --pmethod bj --groups 8 --legendre 1 --procs 4,4,2",32,0.0666,55375000.0,93187500.0,38125000.0,292562500.0,0.0,0.0,0.0,0.0,853.96875,21671532.9375,15667467.34375,69911.78125,2106186.9375,4000000.0,0.06490281250000003,,,,3.9310971875000003
quartz,kripke.exe,--niter 5 --pmethod bj --groups 8 --legendre 2,1,0.05,4583333.333333333,26361111.11111111,6833333.333333332,61388888.88888889,500000.0,861111.1111111111,0.0,27777.777777777777,11.611111111111107,14031503.416666664,6672082.291666668,525.0555555555555,30141.91666666667,2555555.5555555555,0.011269847222222221,,,,2.988730152777778
quartz,kripke.exe,"--niter 5 --pmethod bj --groups 8 --legendre 2 --procs 4,4,2",32,0.0833,69437500.0,126250000.0,49562500.0,386250000.0,0.0,0.0,0.0,0.0,887.59375,33003590.25,15952203.1875,69912.75,2106053.34375,4250000.0,0.06243825,,,,4.935561750000001
quartz,kripke.exe,--niter 5 --pmethod bj --groups 8 --legendre 3,1,0.05,7027777.777777777,39555555.55555555,10388888.888888888,93833333.33333331,583333.3333333335,1250000.0,27777.777777777777,27777.777777777777,21.805555555555557,20709845.138888888,6707951.652777777,525.0555555555555,30141.91666666667,2555555.5555555555,0.013941097222222221,,,,2.9860589027777777
quartz,kripke.exe,"--niter 5 --pmethod bj --groups 8 --legendre 3 --procs 4,4,2",32,0.0666,59062500.0,138187500.0,49375000.0,396875000.0,875000.0,0.0,0.0,0.0,910.53125,48412092.65625,16213580.03125,69912.75,2106186.96875,5562500.0,0.08026878125000002,,,,3.9157312187500004
quartz,kripke.exe,--niter 5 --pmethod bj --groups 8 --legendre 4,1,0.05,10055555.555555556,56361111.11111111,14944444.444444446,135250000.0,583333.3333333335,1777777.7777777778,27777.777777777777,27777.777777777777,14.0,29275458.11111111,6592343.680555556,525.0555555555555,30141.91666666667,3138888.888888888,0.019493944444444446,,,,2.9805060555555554
quartz,kripke.exe,"--niter 5 --pmethod bj --groups 8 --legendre 4 --procs 4,4,2",32,0.0833,73625000.0,188437500.0,65000000.0,529687500.0,1375000.0,0.0,0.0,0.0,859.9375,65317786.6875,15674894.15625,67699.0625,2106053.3125,6062500.0,0.08641559374999998,,,,4.91158440625
quartz,kripke.exe,--niter 5 --pmethod sweep --groups 16 --legendre 0,1,0.0333,2250000.0,21861111.111111112,4305555.555555556,40472222.222222224,861111.1111111111,666666.6666666665,27777.777777777777,27777.777777777777,18.70833333333333,13045972.375,13357888.680555554,525.0555555555555,30141.91666666667,5750000.0,0.012663222222222222,,,,1.985336777777778
quartz,kripke.exe,"--niter 5 --pmethod sweep --groups 16 --legendre 0 --procs 4,4,2",32,0.0833,58875000.0,109375000.0,39625000.0,308187500.0,0.0,0.0,0.0,0.0,759.65625,29428531.65625,31238196.125,69912.75,2106186.96875,16062500.0,0.07522337500000001,,,,4.922776625
quartz,kripke.exe,--niter 5 --pmethod sweep --groups 16 --legendre 1,1,0.05,5111111.111111111,35916666.666666664,7694444.444444444,74472222.22222222,861111.1111111111,1027777.777777778,27777.777777777777,27777.777777777777,9.680555555555557,19174145.722222224,13323028.069444446,525.0555555555555,30141.902777777777,5861111.111111111,0.017074180555555558,,,,2.9829258194444446
quartz,kripke.exe,"--niter 5 --pmethod sweep --groups 16 --legendre 1 --procs 4,4,2",32,0.0833,63500000.0,141625000.0,47312500.0,382875000.0,0.0,0.0,0.0,0.0,835.90625,43317785.59375,31186727.84375,69912.75,2106186.96875,17562500.0,0.08535143749999999,,,,4.9126485625
quartz,kripke.exe,--niter 5 --pmethod sweep --groups 16 --legendre 2,1,0.05,9555555.555555556,58972222.22222222,13305555.555555554,130083333.33333331,1111111.111111111,1611111.111111111,55555.555555555555,27777.777777777777,4.305555555555555,29436712.222222224,13251835.597222222,525.0555555555555,30141.902777777777,5638888.888888889,0.02326698611111111,,,,2.976733013888889
quartz,kripke.exe,"--niter 5 --pmethod sweep --groups 16 --legendre 2 --procs 4,4,2",32,0.0666,82062500.0,205062500.0,65437500.0,546812500.0,1000000.0,0.0,0.0,0.0,855.75,65148678.0625,31506175.5,67699.0625,2106053.3125,15687500.0,0.09674337499999998,,,,3.8992566250000005
quartz,kripke.exe,--niter 5 --pmethod sweep --groups 16 --legendre 3,1,0.0666,16000000.0,91500000.0,21194444.444444444,208722222.22222215,1250000.0,2444444.4444444445,55555.555555555555,27777.777777777777,13.416666666666664,43756444.23611111,13285598.472222222,525.0555555555555,30141.91666666667,6166666.666666668,0.032141055555555555,,,,3.963858944444445
quartz,kripke.exe,"--niter 5 --pmethod sweep --groups 16 --legendre 3 --procs 4,4,2",32,0.25,442375000.0,641812500.0,262937500.0,2036312500.0,1375000.0,0.0,0.0,0.0,894.0,100045170.3125,32288028.65625,69911.78125,2106186.9375,17250000.0,0.12476024999999998,,,,14.87523975
quartz,kripke.exe,--niter 5 --pmethod sweep --groups 16 --legendre 4,1,0.0666,24277777.777777776,133305555.55555557,31333333.33333333,309638888.8888889,1666666.666666667,3527777.777777778,83333.33333333331,27777.777777777777,3.8472222222222223,62203809.68055555,13375100.527777778,525.0555555555555,30141.902777777777,6388888.888888889,0.041797708333333336,,,,3.9542022916666673
quartz,kripke.exe,"--niter 5 --pmethod sweep --groups 16 --legendre 4 --procs 4,4,2",32,0.0833,108437500.0,363062500.0,103562500.0,924437500.0,2125000.0,0.0,0.0,0.0,850.78125,137792194.0625,31331438.4375,67669.0,2106052.375,15375000.0,0.15009046875,,,,4.84790953125
quartz,kripke.exe,--niter 5 --pmethod sweep --groups 32 --legendre 0,1,0.05,5250000.0,47055555.55555555,9055555.555555556,88222222.22222222,1722222.2222222222,1333333.333333333,83333.33333333331,55555.555555555555,21.180555555555557,26585128.222222224,26766810.59722222,525.0555555555555,30141.91666666667,11888888.888888888,0.025583041666666667,,,,2.9744169583333333
quartz,kripke.exe,"--niter 5 --pmethod sweep --groups 32 --legendre 0 --procs 4,4,2",32,0.0833,76125000.0,183125000.0,58187500.0,469750000.0,0.0,0.0,0.0,0.0,820.6875,61383670.6875,62997613.75,67699.0625,2106053.3125,26250000.0,0.2510868125,,,,4.746913187500001
quartz,kripke.exe,--niter 5 --pmethod sweep --groups 32 --legendre 1,1,0.0833,13583333.333333336,85666666.66666667,17166666.666666668,179333333.33333334,1750000.0,2138888.888888889,83333.33333333331,55555.555555555555,13.333333333333336,40702451.375,26724090.72222222,525.0555555555555,30141.902777777777,11861111.111111112,0.03457194444444446,,,,4.963428055555556
quartz,kripke.exe,"--niter 5 --pmethod sweep --groups 32 --legendre 1 --procs 4,4,2",32,0.0666,94437500.0,271687500.0,77187500.0,678625000.0,1125000.0,0.0,0.0,0.0,828.59375,92983264.78125,63014238.90625,67669.0,2106052.375,27812500.0,0.13525921875,,,,3.8607407812500005
quartz,kripke.exe,--niter 5 --pmethod sweep --groups 32 --legendre 2,1,0.0833,26972222.222222224,149416666.66666666,30666666.66666667,329638888.8888889,2222222.222222222,3416666.666666666,111111.11111111114,55555.555555555555,16.48611111111111,64141582.83333334,26628645.375,525.0555555555555,30141.91666666667,12305555.555555554,0.054896888888888884,,,,4.943103111111111
quartz,kripke.exe,"--niter 5 --pmethod sweep --groups 32 --legendre 2 --procs 4,4,2",32,0.1333,129125000.0,415187500.0,110187500.0,1027437500.0,2062500.0,0.0,0.0,0.0,849.03125,145832257.3125,63365679.84375,69912.75,2106186.96875,24250000.0,0.31952146875,,,,7.678478531250001
quartz,kripke.exe,--niter 5 --pmethod sweep --groups 32 --legendre 3,1,0.15,46055555.55555555,239111111.11111107,49555555.55555555,541166666.6666666,2833333.333333333,5194444.444444444,138888.88888888888,55555.555555555555,4.319444444444445,97086100.23611107,26672454.125,525.0555555555555,30141.91666666667,12083333.333333336,0.15089833333333333,,,,8.849101666666666
quartz,kripke.exe,"--niter 5 --pmethod sweep --groups 32 --legendre 3 --procs 4,4,2",32,0.1166,169312500.0,628625000.0,154812500.0,1523562500.0,312500.0,1937500.0,0.0,0.0,830.0625,220088545.84375,63045855.40625,67638.0,2106051.40625,24125000.0,0.29016753124999994,,,,6.70583246875
quartz,kripke.exe,--niter 5 --pmethod sweep --groups 32 --legendre 4,1,0.15,70611111.11111109,354388888.8888889,73888888.88888891,813083333.3333334,3333333.333333333,7555555.555555556,166666.66666666663,83333.33333333331,11.277777777777779,139338820.65277782,26663306.61111111,525.0555555555555,30141.91666666667,13138888.888888888,0.10274477777777777,,,,8.897255222222222
quartz,kripke.exe,"--niter 5 --pmethod sweep --groups 32 --legendre 4 --procs 4,4,2",32,0.1,223687500.0,873687500.0,209062500.0,2109937500.0,4437500.0,3187500.0,0.0,0.0,857.28125,314926429.875,63640037.25,69912.75,2106186.96875,25312500.0,0.5225854687500001,,,,5.47741453125
quartz,kripke.exe,--niter 5 --pmethod sweep --groups 8 --legendre 0,1,0.0333,1277777.7777777778,10833333.333333334,2138888.888888889,20166666.666666668,416666.66666666674,305555.55555555556,0.0,0.0,12.208333333333336,6478693.277777777,6722623.152777777,525.0555555555555,30141.91666666667,2083333.333333333,0.00686925,,,,1.9911307500000002
quartz,kripke.exe,"--niter 5 --pmethod sweep --groups 8 --legendre 0 --procs 4,4,2",32,0.0666,46875000.0,73187500.0,29125000.0,222000000.0,0.0,0.0,0.0,0.0,825.9375,15134977.78125,16340301.8125,69912.75,2106186.96875,2937500.0,0.05073659375,,,,3.9452634062500005
quartz,kripke.exe,--niter 5 --pmethod sweep --groups 8 --legendre 1,1,0.0333,2166666.666666666,16277777.777777778,3638888.8888888885,33527777.777777776,444444.44444444455,500000.0,0.0,0.0,13.472222222222221,9287385.375,6729215.083333334,525.0555555555555,30141.902777777777,2166666.666666666,0.008040194444444444,,,,1.9899598055555558
quartz,kripke.exe,"--niter 5 --pmethod sweep --groups 8 --legendre 1 --procs 4,4,2",32,0.0666,53312500.0,90875000.0,34875000.0,270375000.0,0.0,0.0,0.0,0.0,793.90625,22088206.34375,16352723.4375,67698.125,2106053.28125,3750000.0,0.05223728125000001,,,,3.9437627187500004
quartz,kripke.exe,--niter 5 --pmethod sweep --groups 8 --legendre 2,1,0.0333,3888888.8888888885,25666666.66666667,6166666.666666668,56694444.44444445,500000.0,777777.777777778,0.0,0.0,9.25,14047894.486111112,6659738.305555556,525.0555555555555,30141.902777777777,2555555.5555555555,0.010777375,,,,1.9872226250000002
quartz,kripke.exe,"--niter 5 --pmethod sweep --groups 8 --legendre 2 --procs 4,4,2",32,0.0833,54312500.0,108250000.0,39125000.0,309875000.0,0.0,0.0,0.0,0.0,824.53125,33417835.59375,16329205.6875,67700.0,2106053.34375,3875000.0,0.06276221875,,,,4.935237781250001
quartz,kripke.exe,--niter 5 --pmethod sweep --groups 8 --legendre 3,1,0.0333,6250000.0,38750000.0,9722222.222222222,88888888.88888891,583333.3333333335,1166666.666666667,27777.777777777777,0.0,12.777777777777779,20695062.33333333,6704824.375,525.0555555555555,30141.902777777777,2555555.5555555555,0.01427711111111111,,,,1.9837228888888891
quartz,kripke.exe,"--niter 5 --pmethod sweep --groups 8 --legendre 3 --procs 4,4,2",32,0.0666,57312500.0,135750000.0,46125000.0,375562500.0,687500.0,0.0,0.0,0.0,836.78125,48766975.75,16242681.28125,69878.8125,2106185.90625,4750000.0,0.07096581250000003,,,,3.9250341875000005
quartz,kripke.exe,--niter 5 --pmethod sweep --groups 8 --legendre 4,1,0.05,9305555.555555556,55611111.11111111,14250000.0,130444444.44444443,583333.3333333335,1694444.4444444443,27777.777777777777,0.0,23.75,29214884.45833333,6754834.958333334,525.0555555555555,30141.888888888887,3222222.222222222,0.019449333333333332,,,,2.980550666666667
quartz,kripke.exe,"--niter 5 --pmethod sweep --groups 8 --legendre 4 --procs 4,4,2",32,0.1,65500000.0,176000000.0,57562500.0,475812500.0,812500.0,0.0,0.0,0.0,862.25,65970532.0625,16053845.5625,69912.75,2106186.96875,5937500.0,0.08539743750000002,,,,5.9146025625
quartz,laghos,-p 1 -dim 2 -rs 1 -tf 3,1,0.05,2426000000.0,3356000000.0,968000000.0,11516000000.0,32000000.0,12000000.0,0.0,0.0,1556948.0,1461157318.0,1076277724.0,37771.0,2190229.0,116000000.0,1.765572,,,,1.234428
quartz,laghos,-p 1 -dim 2 -rs 1 -tf 3.5,1,0.0666,2792000000.0,3862000000.0,1114000000.0,13250000000.0,26000000.0,16000000.0,0.0,0.0,1789740.0,1680159170.0,1238203078.0,37771.0,2193037.0,140000000.0,2.0251959999999998,,,,1.9708040000000007
quartz,laghos,-p 1 -dim 2 -rs 1 -tf 3.5 -pa,1,0.0666,2792000000.0,3862000000.0,1108000000.0,13250000000.0,38000000.0,14000000.0,0.0,0.0,1790082.0,1681196754.0,1238368945.0,37771.0,2193037.0,136000000.0,2.0196000000000005,,,,1.9764
quartz,laghos,-p 1 -dim 2 -rs 1 -tf 3 -pa,1,0.05,2426000000.0,3356000000.0,968000000.0,11516000000.0,32000000.0,12000000.0,0.0,0.0,1556449.0,1460442876.0,1077872352.0,37771.0,2190229.0,116000000.0,1.7715010000000002,,,,1.2284989999999998
quartz,laghos,-p 1 -dim 2 -rs 1 -tf 4,1,0.0666,3154000000.0,4360000000.0,1258000000.0,14964000000.0,30000000.0,16000000.0,0.0,0.0,2021762.0,1896564610.0,1396403653.0,37771.0,2195719.0,150000000.0,2.2762050000000005,,,,1.719795
quartz,laghos,-p 1 -dim 2 -rs 1 -tf 4.5,1,0.0666,3434000000.0,4746000000.0,1368000000.0,16294000000.0,36000000.0,18000000.0,0.0,0.0,2202499.0,2065152466.0,1520600593.0,37771.0,2197853.0,170000000.0,2.663958000000001,,,,1.3320419999999995
quartz,laghos,-p 1 -dim 2 -rs 1 -tf 4.5 -pa,1,0.0666,3434000000.0,4746000000.0,1368000000.0,16292000000.0,32000000.0,20000000.0,0.0,0.0,2202362.0,2065421903.0,1520505953.0,37771.0,2197855.0,172000000.0,2.4667090000000003,,,,1.5292910000000002
quartz,laghos,-p 1 -dim 2 -rs 1 -tf 4 -pa,1,0.0666,3152000000.0,4358000000.0,1258000000.0,14960000000.0,30000000.0,18000000.0,0.0,0.0,2022435.0,1897379725.0,1397572057.0,37771.0,2195719.0,142000000.0,2.260415,,,,1.7355850000000004
quartz,laghos,-p 1 -dim 2 -rs 1 -tf 5,1,0.0666,3640000000.0,5040000000.0,1452000000.0,17290000000.0,42000000.0,18000000.0,2000000.0,0.0,2337750.0,2193317921.0,1615712489.0,37771.0,2199440.0,180000000.0,2.6446680000000002,,,,1.3513320000000002
quartz,laghos,-p 1 -dim 2 -rs 1 -tf 5.5,1,0.0666,3788000000.0,5244000000.0,1512000000.0,17994000000.0,50000000.0,20000000.0,0.0,0.0,2430175.0,2282039382.0,1680659639.0,37771.0,2200601.0,186000000.0,2.711485,,,,1.2845150000000003
quartz,laghos,-p 1 -dim 2 -rs 1 -tf 5.5 -pa,1,0.0666,3792000000.0,5244000000.0,1514000000.0,17998000000.0,44000000.0,20000000.0,2000000.0,0.0,2431784.0,2282041862.0,1681138751.0,37771.0,2200600.0,186000000.0,2.703367,,,,1.2926330000000004
quartz,laghos,-p 1 -dim 2 -rs 1 -tf 5 -pa,1,0.0833,3644000000.0,5036000000.0,1450000000.0,17290000000.0,34000000.0,18000000.0,0.0,0.0,2338564.0,2191995118.0,1614181110.0,37771.0,2199439.0,178000000.0,2.6297780000000004,,,,2.368222
quartz,laghos,-p 1 -dim 2 -rs 2 -tf 3,1,0.1833,8200000000.0,19434000000.0,6256000000.0,59954000000.0,202000000.0,160000000.0,6000000.0,4000000.0,3259234.0,11407387387.0,8376314544.0,37771.0,2205834.0,912000000.0,8.763434000000004,,,,2.2345659999999956
quartz,laghos,-p 1 -dim 2 -rs 2 -tf 3.1,1,0.1833,8434000000.0,19982000000.0,6430000000.0,61650000000.0,158000000.0,164000000.0,6000000.0,4000000.0,3351149.0,11738569930.0,8619167310.0,37771.0,2206811.0,906000000.0,9.042081000000003,,,,1.9559189999999962
quartz,laghos,-p 1 -dim 2 -rs 2 -tf 3.1 -pa,1,0.2,8436000000.0,19982000000.0,6428000000.0,61650000000.0,156000000.0,164000000.0,6000000.0,4000000.0,3352208.0,11739221393.0,8612430035.0,37771.0,2206811.0,920000000.0,8.973249000000003,,,,3.0267509999999973
quartz,laghos,-p 1 -dim 2 -rs 2 -tf 3.2,1,0.2,8656000000.0,20510000000.0,6600000000.0,63296000000.0,174000000.0,168000000.0,8000000.0,4000000.0,3441544.0,12054554619.0,8845604406.0,37771.0,2207787.0,926000000.0,9.568805,,,,2.4311950000000007
quartz,laghos,-p 1 -dim 2 -rs 2 -tf 3.2 -pa,1,0.2,8656000000.0,20514000000.0,6602000000.0,63300000000.0,160000000.0,168000000.0,6000000.0,4000000.0,3441253.0,12055275233.0,8843459323.0,37771.0,2207787.0,930000000.0,9.947772000000002,,,,2.0522279999999977
quartz,laghos,-p 1 -dim 2 -rs 2 -tf 3.3,1,0.2,8884000000.0,21048000000.0,6776000000.0,64954000000.0,194000000.0,172000000.0,8000000.0,6000000.0,3530031.0,12369803432.0,9079541763.0,37771.0,2208763.0,998000000.0,9.526539,,,,2.4734610000000004
quartz,laghos,-p 1 -dim 2 -rs 2 -tf 3,32,0.4666,22753062500.0,35795187500.0,12467125000.0,96878062500.0,77000000.0,32125000.0,12562500.0,8687500.0,12734.5625,361169574.03125,5501768475.625,69873.9375,2107283.1875,1029437500.0,7.056628843750002,,,,20.93937115625
quartz,laghos,-p 1 -dim 2 -rs 2 -tf 3.3 -pa,1,0.1833,8882000000.0,21050000000.0,6776000000.0,64954000000.0,220000000.0,172000000.0,8000000.0,4000000.0,3530903.0,12370920406.0,9081305625.0,37771.0,2208763.0,992000000.0,10.018331000000003,,,,0.9796689999999959
quartz,laghos,-p 1 -dim 2 -rs 2 -tf 3.4,1,0.2333,9120000000.0,21602000000.0,6956000000.0,66652000000.0,174000000.0,176000000.0,8000000.0,6000000.0,3621742.0,12694755774.0,9315030669.0,37771.0,2209678.0,986000000.0,9.750920999999998,,,,4.247079000000003
quartz,laghos,-p 1 -dim 2 -rs 2 -tf 3.4 -pa,1,0.2166,9114000000.0,21602000000.0,6950000000.0,66644000000.0,180000000.0,176000000.0,8000000.0,6000000.0,3622301.0,12692280402.0,9315450277.0,37771.0,2209678.0,1006000000.0,9.985573000000004,,,,3.0104269999999946
quartz,laghos,-p 1 -dim 2 -rs 2 -tf 3.5,1,0.2333,9346000000.0,22146000000.0,7130000000.0,68328000000.0,176000000.0,186000000.0,8000000.0,6000000.0,3713148.0,13003334800.0,9548958313.0,37771.0,2210655.0,1052000000.0,9.921400000000002,,,,4.076599999999999
quartz,laghos,-p 1 -dim 2 -rs 2 -tf 3.5,32,0.5666,26936687500.0,42333687500.0,14706500000.0,114552562500.0,88875000.0,37750000.0,14687500.0,10000000.0,12281.0625,411652374.78125,6290329888.03125,69867.90625,2107433.65625,1161312500.0,8.146281125,,,,25.849718875
quartz,laghos,-p 1 -dim 2 -rs 2 -tf 3.5 -pa,1,0.2166,9346000000.0,22142000000.0,7130000000.0,68326000000.0,232000000.0,186000000.0,8000000.0,6000000.0,3713446.0,13005317291.0,9545360358.0,37771.0,2210655.0,1064000000.0,10.460111999999997,,,,2.5358880000000017
quartz,laghos,-p 1 -dim 2 -rs 2 -tf 3.5 -pa,32,0.5666,27875437500.0,43774500000.0,15174375000.0,118429812500.0,89937500.0,39125000.0,14437500.0,10000000.0,12395.375,411638680.78125,6379871222.875,69874.90625,2107433.875,1161187500.0,8.280306562500002,,,,25.7156934375
quartz,laghos,-p 1 -dim 2 -rs 2 -tf 3.6,1,0.2166,9580000000.0,22698000000.0,7304000000.0,70038000000.0,258000000.0,186000000.0,8000000.0,6000000.0,3806382.0,13338036393.0,9789337350.0,37771.0,2211630.0,1042000000.0,10.180706000000002,,,,2.815293999999996
quartz,laghos,-p 1 -dim 2 -rs 2 -tf 3.6 -pa,1,0.2166,9576000000.0,22698000000.0,7304000000.0,70032000000.0,190000000.0,186000000.0,8000000.0,6000000.0,3805973.0,13337946079.0,9786834224.0,37771.0,2211630.0,1056000000.0,10.395079000000004,,,,2.6009209999999943
quartz,laghos,-p 1 -dim 2 -rs 2 -tf 3.7,1,0.2166,9800000000.0,23220000000.0,7474000000.0,71634000000.0,194000000.0,192000000.0,8000000.0,6000000.0,3893262.0,13642293589.0,10008097348.0,37771.0,2212545.0,1066000000.0,10.451857,,,,2.5441429999999983
quartz,laghos,-p 1 -dim 2 -rs 2 -tf 3.7 -pa,1,0.2166,9798000000.0,23212000000.0,7470000000.0,71630000000.0,206000000.0,190000000.0,8000000.0,6000000.0,3893742.0,13640150148.0,10013663625.0,37771.0,2212545.0,1054000000.0,10.663852,,,,2.3321479999999983
quartz,laghos,-p 1 -dim 2 -rs 2 -tf 3.8,1,0.2333,10016000000.0,23732000000.0,7638000000.0,73218000000.0,192000000.0,192000000.0,8000000.0,6000000.0,3979723.0,13944095142.0,10234398047.0,37771.0,2213400.0,1084000000.0,11.176431000000004,,,,2.8215689999999967
quartz,laghos,-p 1 -dim 2 -rs 2 -tf 3.8 -pa,1,0.2166,10018000000.0,23732000000.0,7640000000.0,73214000000.0,184000000.0,194000000.0,8000000.0,6000000.0,3979767.0,13947369364.0,10233864375.0,37771.0,2213400.0,1094000000.0,11.28784,,,,1.7081599999999995
quartz,laghos,-p 1 -dim 2 -rs 2 -tf 3.9,1,0.2166,10232000000.0,24240000000.0,7802000000.0,74788000000.0,190000000.0,200000000.0,10000000.0,6000000.0,4065174.0,14242923146.0,10454137261.0,37771.0,2214315.0,1104000000.0,11.450939000000002,,,,1.545060999999997
quartz,laghos,-p 1 -dim 2 -rs 2 -tf 3.9 -pa,1,0.2166,10228000000.0,24242000000.0,7802000000.0,74788000000.0,250000000.0,198000000.0,10000000.0,6000000.0,4065042.0,14245590273.0,10451213667.0,37771.0,2214315.0,1086000000.0,10.896725000000002,,,,2.099274999999997
quartz,laghos,-p 1 -dim 2 -rs 2 -tf 3 -pa,1,0.1833,8204000000.0,19430000000.0,6256000000.0,59958000000.0,202000000.0,164000000.0,6000000.0,4000000.0,3259806.0,11407505373.0,8373560008.0,37771.0,2205834.0,916000000.0,8.836722,,,,2.1612779999999994
quartz,laghos,-p 1 -dim 2 -rs 2 -tf 3 -pa,32,0.55,24537187500.0,38530437500.0,13353062500.0,104240250000.0,76500000.0,32812500.0,12500000.0,8625000.0,12854.59375,361168484.09375,5647632963.65625,69874.90625,2107283.21875,1022625000.0,7.062784468750002,,,,25.937215531249997
quartz,laghos,-p 1 -dim 2 -rs 2 -tf 4,1,0.2333,10432000000.0,24720000000.0,7958000000.0,76272000000.0,208000000.0,204000000.0,10000000.0,6000000.0,4145484.0,14515349497.0,10651864773.0,37771.0,2215167.0,1178000000.0,11.168597999999998,,,,2.8294020000000035
quartz,laghos,-p 1 -dim 2 -rs 2 -tf 4.1,1,0.25,10720000000.0,25408000000.0,8178000000.0,78382000000.0,214000000.0,208000000.0,10000000.0,6000000.0,4260727.0,14930403680.0,10957595377.0,37771.0,2216404.0,1162000000.0,11.397580999999995,,,,3.6024190000000047
quartz,laghos,-p 1 -dim 2 -rs 2 -tf 4.1 -pa,1,0.2333,10724000000.0,25408000000.0,8180000000.0,78396000000.0,214000000.0,208000000.0,8000000.0,6000000.0,4260179.0,14928736729.0,10956162871.0,37771.0,2216404.0,1174000000.0,11.841604000000002,,,,2.156395999999999
quartz,laghos,-p 1 -dim 2 -rs 2 -tf 4.2,1,0.2333,11098000000.0,26292000000.0,8462000000.0,81124000000.0,272000000.0,216000000.0,10000000.0,6000000.0,4409289.0,15445551739.0,11342593544.0,37771.0,2217929.0,1226000000.0,11.844478,,,,2.1535220000000006
quartz,laghos,-p 1 -dim 2 -rs 2 -tf 4.2 -pa,1,0.2833,11096000000.0,26292000000.0,8464000000.0,81128000000.0,230000000.0,216000000.0,10000000.0,6000000.0,4409381.0,15449003223.0,11342077033.0,37771.0,2217929.0,1220000000.0,12.217343,,,,4.7806570000000015
quartz,laghos,-p 1 -dim 2 -rs 2 -tf 4.3,1,0.2333,11470000000.0,27174000000.0,8748000000.0,83856000000.0,242000000.0,224000000.0,10000000.0,6000000.0,4557599.0,15970032930.0,11721167593.0,37771.0,2219454.0,1276000000.0,12.205594,,,,1.7924060000000015
quartz,laghos,-p 1 -dim 2 -rs 2 -tf 4,32,0.6,30166875000.0,47394062500.0,16465750000.0,128261125000.0,99000000.0,42500000.0,15937500.0,11125000.0,13018.0,459483361.5625,7289946623.46875,69875.875,2107574.90625,1299562500.0,8.956693750000003,,,,27.043306249999997
quartz,laghos,-p 1 -dim 2 -rs 2 -tf 4.3 -pa,1,0.2666,11470000000.0,27178000000.0,8748000000.0,83852000000.0,212000000.0,224000000.0,10000000.0,6000000.0,4557602.0,15969248410.0,11725589776.0,37771.0,2219454.0,1256000000.0,12.228887999999998,,,,3.7671120000000027
quartz,laghos,-p 1 -dim 2 -rs 2 -tf 4.4,1,0.2666,11838000000.0,28054000000.0,9026000000.0,86572000000.0,236000000.0,230000000.0,10000000.0,8000000.0,4705391.0,16487498382.0,12099299129.0,37771.0,2220979.0,1306000000.0,12.603778999999996,,,,3.3922210000000046
quartz,laghos,-p 1 -dim 2 -rs 2 -tf 4.4 -pa,1,0.2666,11844000000.0,28058000000.0,9032000000.0,86568000000.0,290000000.0,230000000.0,10000000.0,6000000.0,4705783.0,16485404032.0,12145568809.0,37771.0,2220979.0,1308000000.0,12.972289000000002,,,,3.0237109999999987
quartz,laghos,-p 1 -dim 2 -rs 2 -tf 4.5,1,0.2666,12200000000.0,28910000000.0,9304000000.0,89206000000.0,228000000.0,238000000.0,12000000.0,8000000.0,4848386.0,16975164540.0,12467356577.0,37771.0,2222505.0,1360000000.0,12.998832000000002,,,,2.9971679999999985
quartz,laghos,-p 1 -dim 2 -rs 2 -tf 4.5,32,0.6833,34831812500.0,54758562500.0,19035500000.0,148179562500.0,117312500.0,50375000.0,19500000.0,13312500.0,12507.0,537350851.71875,8274867496.03125,69874.90625,2107804.15625,1537687500.0,10.679586843750004,,,,30.318413156250003
quartz,laghos,-p 1 -dim 2 -rs 2 -tf 4.5 -pa,1,0.2666,12208000000.0,28916000000.0,9308000000.0,89202000000.0,224000000.0,244000000.0,10000000.0,8000000.0,4849573.0,16976720607.0,12466432240.0,37771.0,2222504.0,1358000000.0,12.953582,,,,3.0424179999999996
quartz,laghos,-p 1 -dim 2 -rs 2 -tf 4.5 -pa,32,0.6666,33639437500.0,52929250000.0,18442500000.0,143264375000.0,116750000.0,50437500.0,19312500.0,13187500.0,11606.15625,537309617.84375,8382172669.03125,69874.90625,2107804.15625,1523375000.0,10.503508656250002,,,,29.492491343749993
quartz,laghos,-p 1 -dim 2 -rs 2 -tf 4.6,1,0.2666,12512000000.0,29642000000.0,9544000000.0,91464000000.0,240000000.0,244000000.0,10000000.0,8000000.0,4971605.0,17419709121.0,12783646437.0,37771.0,2223785.0,1398000000.0,13.538991000000005,,,,2.457008999999996
quartz,laghos,-p 1 -dim 2 -rs 2 -tf 4.6 -pa,1,0.2666,12514000000.0,29644000000.0,9544000000.0,91470000000.0,256000000.0,244000000.0,10000000.0,6000000.0,4970990.0,17419425795.0,12781494386.0,37771.0,2223785.0,1370000000.0,13.325094,,,,2.6709060000000004
quartz,laghos,-p 1 -dim 2 -rs 2 -tf 4.7,1,0.2833,12772000000.0,30264000000.0,9738000000.0,93364000000.0,308000000.0,248000000.0,12000000.0,8000000.0,5073133.0,17780120327.0,13047088872.0,37771.0,2224883.0,1372000000.0,14.255513000000002,,,,2.742486999999999
quartz,laghos,-p 1 -dim 2 -rs 2 -tf 4.7 -pa,1,0.2833,12752000000.0,30256000000.0,9736000000.0,93348000000.0,274000000.0,248000000.0,10000000.0,8000000.0,5073415.0,17780826272.0,13052836725.0,37771.0,2224883.0,1414000000.0,13.577990000000002,,,,3.4200099999999996
quartz,laghos,-p 1 -dim 2 -rs 2 -tf 4.8,1,0.3,12980000000.0,30766000000.0,9904000000.0,94926000000.0,308000000.0,252000000.0,12000000.0,8000000.0,5158167.0,18081091326.0,13307562804.0,37771.0,2225798.0,1410000000.0,13.860394,,,,4.139606000000001
quartz,laghos,-p 1 -dim 2 -rs 2 -tf 4.8 -pa,1,0.2833,12984000000.0,30770000000.0,9904000000.0,94928000000.0,270000000.0,252000000.0,10000000.0,8000000.0,5157172.0,18081243355.0,13271856000.0,37771.0,2225798.0,1374000000.0,13.800371000000002,,,,3.197628999999999
quartz,laghos,-p 1 -dim 2 -rs 2 -tf 4.9,1,0.2833,13190000000.0,31274000000.0,10066000000.0,96488000000.0,240000000.0,258000000.0,10000000.0,8000000.0,5242257.0,18373667127.0,13487821184.0,37771.0,2226712.0,1468000000.0,14.596217999999999,,,,2.4017820000000025
quartz,laghos,-p 1 -dim 2 -rs 2 -tf 4.9 -pa,1,0.2833,13196000000.0,31272000000.0,10068000000.0,96484000000.0,318000000.0,256000000.0,12000000.0,8000000.0,5242825.0,18378500991.0,13492135109.0,37771.0,2226713.0,1466000000.0,14.146435,,,,2.851565000000001
quartz,laghos,-p 1 -dim 2 -rs 2 -tf 4 -pa,1,0.2333,10434000000.0,24722000000.0,7956000000.0,76272000000.0,194000000.0,208000000.0,8000000.0,6000000.0,4145256.0,14515482284.0,10663130064.0,37771.0,2215168.0,1158000000.0,11.133866000000001,,,,2.864134
quartz,laghos,-p 1 -dim 2 -rs 2 -tf 4 -pa,32,0.6333,30823562500.0,48416812500.0,16791625000.0,130989062500.0,99062500.0,42750000.0,16250000.0,11250000.0,13602.03125,459474050.09375,7108839799.90625,69843.875,2107573.90625,1310000000.0,9.036614718750002,,,,28.961385281249996
quartz,laghos,-p 1 -dim 2 -rs 2 -tf 5,1,0.2833,13414000000.0,31788000000.0,10234000000.0,98084000000.0,260000000.0,268000000.0,12000000.0,8000000.0,5327972.0,18669205808.0,13707819626.0,37771.0,2227626.0,1476000000.0,14.237394999999996,,,,2.7606050000000053
quartz,laghos,-p 1 -dim 2 -rs 2 -tf 5,32,0.75,38249812500.0,60141500000.0,20903562500.0,162728250000.0,127062500.0,54687500.0,21687500.0,14750000.0,12479.09375,590905211.25,9194638736.84375,69875.875,2107964.28125,1647375000.0,11.378156218749998,,,,33.62184378125
quartz,laghos,-p 1 -dim 2 -rs 2 -tf 5.5,1,0.3166,14330000000.0,33958000000.0,10930000000.0,104776000000.0,274000000.0,280000000.0,12000000.0,8000000.0,5693421.0,19940213461.0,14646269092.0,37771.0,2231350.0,1578000000.0,15.260753,,,,3.7352469999999993
quartz,laghos,-p 1 -dim 2 -rs 2 -tf 5.5,32,0.8,40889812500.0,64285500000.0,22345562500.0,173955687500.0,135312500.0,57500000.0,22937500.0,15687500.0,12573.84375,631197204.875,9609875075.65625,69875.875,2108080.65625,1775250000.0,12.7298411875,,,,35.2701588125
quartz,laghos,-p 1 -dim 2 -rs 2 -tf 5.5 -pa,1,0.3,14334000000.0,33956000000.0,10930000000.0,104776000000.0,290000000.0,282000000.0,10000000.0,8000000.0,5693653.0,19940866966.0,14700631894.0,37771.0,2231350.0,1586000000.0,15.324182999999998,,,,2.675817000000002
quartz,laghos,-p 1 -dim 2 -rs 2 -tf 5.5 -pa,32,0.8166,40480000000.0,63665437500.0,22144625000.0,172276937500.0,135000000.0,57625000.0,22750000.0,15687500.0,12809.90625,631220572.28125,9641429366.53125,69843.875,2108079.65625,1786875000.0,12.20363775,,,,36.792362250000004
quartz,laghos,-p 1 -dim 2 -rs 2 -tf 5 -pa,1,0.2833,13414000000.0,31786000000.0,10232000000.0,98078000000.0,274000000.0,268000000.0,12000000.0,8000000.0,5328433.0,18667069458.0,13705153244.0,37771.0,2227626.0,1534000000.0,14.364917999999996,,,,2.6330820000000053
quartz,laghos,-p 1 -dim 2 -rs 2 -tf 5 -pa,32,0.8,41112562500.0,64511312500.0,22323812500.0,174511687500.0,126625000.0,54125000.0,21500000.0,14562500.0,13397.0625,590922033.15625,8964935821.90625,69875.875,2107964.28125,1683875000.0,11.672238218750005,,,,36.32776178125
quartz,laghos,-p 1 -dim 2 -rs 3 -tf 3.1,1,1.2166,45242000000.0,150562000000.0,50340000000.0,443654000000.0,1370000000.0,1782000000.0,60000000.0,62000000.0,7177326.0,97871869846.0,71885072777.0,37771.0,2242736.0,7556000000.0,64.38596100000002,,,,8.610038999999972
quartz,laghos,-p 1 -dim 2 -rs 3 -tf 3,1,1.2333,43954000000.0,146322000000.0,48920000000.0,431182000000.0,1448000000.0,1734000000.0,102000000.0,74000000.0,6987658.0,95304034184.0,69996416403.0,37771.0,2240844.0,7392000000.0,63.670267,,,,10.327733000000002
quartz,laghos,-p 1 -dim 2 -rs 3 -tf 3.1 -pa,1,1.2833,45234000000.0,150556000000.0,50338000000.0,443662000000.0,1444000000.0,1778000000.0,84000000.0,68000000.0,7180161.0,97869481067.0,71898138726.0,37771.0,2242736.0,7670000000.0,64.76945500000001,,,,12.228544999999997
quartz,laghos,-p 1 -dim 2 -rs 3 -tf 3.2,1,1.2833,46370000000.0,154364000000.0,51606000000.0,454880000000.0,1470000000.0,1826000000.0,78000000.0,80000000.0,7361241.0,100368538520.0,73733457441.0,37771.0,2244566.0,8020000000.0,66.28409800000001,,,,10.71390199999999
quartz,laghos,-p 1 -dim 2 -rs 3 -tf 3.2 -pa,1,1.2666,46380000000.0,154364000000.0,51610000000.0,454882000000.0,1476000000.0,1826000000.0,90000000.0,74000000.0,7361172.0,100368441152.0,73597730664.0,37771.0,2244566.0,7920000000.0,66.48702400000002,,,,9.508975999999976
quartz,laghos,-p 1 -dim 2 -rs 3 -tf 3.3,1,1.3166,47448000000.0,157906000000.0,52792000000.0,465284000000.0,1434000000.0,1868000000.0,66000000.0,68000000.0,7526744.0,102647036873.0,75511465623.0,37771.0,2246212.0,8284000000.0,68.80397300000001,,,,10.192026999999982
quartz,laghos,-p 1 -dim 2 -rs 3 -tf 3,32,1.0333,52785375000.0,84759375000.0,29436625000.0,230487250000.0,221062500.0,118437500.0,38562500.0,27000000.0,11360.375,2996194010.09375,14937098212.9375,69842.90625,2108376.25,2610500000.0,18.2055011875,,,,43.7924988125
quartz,laghos,-p 1 -dim 2 -rs 3 -tf 3.3 -pa,1,1.3166,47442000000.0,157906000000.0,52792000000.0,465296000000.0,1484000000.0,1866000000.0,90000000.0,70000000.0,7532261.0,102649307196.0,75398455870.0,37771.0,2246212.0,7996000000.0,68.88793400000004,,,,10.108065999999951
quartz,laghos,-p 1 -dim 2 -rs 3 -tf 3.4,1,1.3333,48428000000.0,161148000000.0,53878000000.0,474856000000.0,1468000000.0,1906000000.0,74000000.0,68000000.0,7683092.0,104759467751.0,76842674941.0,37771.0,2247738.0,8350000000.0,73.63560200000002,,,,6.3623979999999705
quartz,laghos,-p 1 -dim 2 -rs 3 -tf 3.4 -pa,1,1.3333,48416000000.0,161144000000.0,53876000000.0,474850000000.0,1478000000.0,1904000000.0,98000000.0,78000000.0,7686980.0,104756188537.0,76954768266.0,37771.0,2247738.0,8200000000.0,70.66231100000003,,,,9.33568899999996
quartz,laghos,-p 1 -dim 2 -rs 3 -tf 3.5,1,1.3833,49292000000.0,164086000000.0,54858000000.0,483508000000.0,1666000000.0,1944000000.0,80000000.0,88000000.0,7837567.0,106869539535.0,78551812364.0,37771.0,2249202.0,9088000000.0,72.58819700000005,,,,10.409802999999954
quartz,laghos,-p 1 -dim 2 -rs 3 -tf 3.5,32,1.15,58548062500.0,94070312500.0,32692687500.0,255828875000.0,247937500.0,131250000.0,43250000.0,30250000.0,11717.75,3359517258.875,16187868207.1875,69843.875,2108635.59375,3008937500.0,20.99445009375,,,,48.005549906249996
quartz,laghos,-p 1 -dim 2 -rs 3 -tf 3.5 -pa,1,1.35,49312000000.0,164100000000.0,54870000000.0,483520000000.0,1664000000.0,1944000000.0,78000000.0,72000000.0,7837189.0,106870855605.0,78542752735.0,37771.0,2249202.0,8332000000.0,71.75157200000002,,,,9.248427999999976
quartz,laghos,-p 1 -dim 2 -rs 3 -tf 3.5 -pa,32,1.15,58193375000.0,93528687500.0,32519437500.0,254382437500.0,247937500.0,136687500.0,43000000.0,30437500.0,11544.0,3359651945.21875,16713930297.625,69843.875,2108635.59375,2950562500.0,20.46328725,,,,48.53671275
quartz,laghos,-p 1 -dim 2 -rs 3 -tf 3.6,1,1.35,50278000000.0,167310000000.0,55940000000.0,492998000000.0,1546000000.0,1980000000.0,94000000.0,86000000.0,7978507.0,108787460831.0,79871432126.0,37771.0,2250605.0,8512000000.0,74.270041,,,,6.729958999999994
quartz,laghos,-p 1 -dim 2 -rs 3 -tf 3.6 -pa,1,1.4,50262000000.0,167292000000.0,55930000000.0,492990000000.0,1544000000.0,1978000000.0,70000000.0,72000000.0,7978797.0,108783402780.0,79934855655.0,37771.0,2250605.0,8546000000.0,73.08142300000003,,,,10.91857699999997
quartz,laghos,-p 1 -dim 2 -rs 3 -tf 3.7,1,1.4333,51202000000.0,170402000000.0,56972000000.0,502136000000.0,1674000000.0,2016000000.0,78000000.0,70000000.0,8127369.0,110801134612.0,81251079153.0,37771.0,2252069.0,8560000000.0,73.85835200000002,,,,12.13964799999998
quartz,laghos,-p 1 -dim 2 -rs 3 -tf 3.7 -pa,1,1.4166,51224000000.0,170426000000.0,56982000000.0,502168000000.0,1564000000.0,2014000000.0,88000000.0,84000000.0,8127582.0,110801997147.0,81425990355.0,37771.0,2252069.0,8560000000.0,73.539224,,,,11.456776000000005
quartz,laghos,-p 1 -dim 2 -rs 3 -tf 3.8,1,1.4333,52096000000.0,173462000000.0,57988000000.0,511200000000.0,1592000000.0,2050000000.0,92000000.0,80000000.0,8273518.0,112788414713.0,83076457671.0,37771.0,2253533.0,8740000000.0,75.22446000000005,,,,10.773539999999954
quartz,laghos,-p 1 -dim 2 -rs 3 -tf 3.8 -pa,1,1.4,52132000000.0,173484000000.0,58006000000.0,511230000000.0,1600000000.0,2052000000.0,86000000.0,74000000.0,8273505.0,112788282828.0,82874164851.0,37771.0,2253533.0,8730000000.0,77.836409,,,,6.163590999999997
quartz,laghos,-p 1 -dim 2 -rs 3 -tf 3.9,1,1.4666,53006000000.0,176472000000.0,58996000000.0,520046000000.0,1686000000.0,2088000000.0,76000000.0,74000000.0,8417230.0,114770439566.0,84297742994.0,37771.0,2254955.0,8860000000.0,76.67785300000003,,,,11.318146999999968
quartz,laghos,-p 1 -dim 2 -rs 3 -tf 3.9 -pa,1,1.4333,53024000000.0,176488000000.0,59006000000.0,520070000000.0,1612000000.0,2088000000.0,72000000.0,74000000.0,8415471.0,114768288905.0,84334165752.0,37771.0,2254954.0,8850000000.0,77.161681,,,,8.836319000000003
quartz,laghos,-p 1 -dim 2 -rs 3 -tf 3 -pa,1,1.2,43964000000.0,146336000000.0,48924000000.0,431188000000.0,1494000000.0,1732000000.0,80000000.0,72000000.0,6993352.0,95305056532.0,69973653799.0,37771.0,2240843.0,7534000000.0,62.53292,,,,9.467080000000003
quartz,laghos,-p 1 -dim 2 -rs 3 -tf 3 -pa,32,1.0333,53084375000.0,85247125000.0,29588687500.0,231767375000.0,221375000.0,119187500.0,38812500.0,26937500.0,11563.875,2995708539.65625,14524503246.8125,69873.9375,2108375.3125,2600562500.0,18.090018406250003,,,,43.90798159375
quartz,laghos,-p 1 -dim 2 -rs 3 -tf 4.1,1,1.6666,57982000000.0,193054000000.0,64542000000.0,568874000000.0,1750000000.0,2282000000.0,98000000.0,78000000.0,9209490.0,125624724926.0,92248688261.0,37771.0,2262896.0,9800000000.0,84.48716100000007,,,,15.508838999999938
quartz,laghos,-p 1 -dim 2 -rs 3 -tf 4,1,1.5,55010000000.0,183080000000.0,61218000000.0,539434000000.0,1722000000.0,2170000000.0,90000000.0,82000000.0,8728818.0,119065056942.0,87395861298.0,37771.0,2258117.0,9440000000.0,79.49543600000001,,,,10.504563999999988
quartz,laghos,-p 1 -dim 2 -rs 3 -tf 4.1 -pa,1,1.6333,57992000000.0,193058000000.0,64548000000.0,568876000000.0,1814000000.0,2282000000.0,106000000.0,84000000.0,9207800.0,125626435772.0,92285015512.0,37771.0,2262895.0,9826000000.0,85.71744500000003,,,,12.280554999999978
quartz,laghos,-p 1 -dim 2 -rs 3 -tf 4.2,1,1.6666,61444000000.0,204598000000.0,68406000000.0,602900000000.0,1966000000.0,2420000000.0,112000000.0,100000000.0,9757093.0,133092484188.0,97997123930.0,37771.0,2268343.0,10650000000.0,91.37896600000002,,,,8.61703399999999
quartz,laghos,-p 1 -dim 2 -rs 3 -tf 4.2 -pa,1,1.6833,61466000000.0,204608000000.0,68414000000.0,602920000000.0,1936000000.0,2422000000.0,100000000.0,94000000.0,9758276.0,133090784928.0,97801707721.0,37771.0,2268343.0,10318000000.0,87.77005500000001,,,,13.227944999999991
quartz,laghos,-p 1 -dim 2 -rs 3 -tf 4.3,1,1.8,65418000000.0,217884000000.0,72840000000.0,642070000000.0,1984000000.0,2578000000.0,130000000.0,104000000.0,10389404.0,141736565158.0,104158461865.0,37771.0,2274566.0,11082000000.0,94.72576500000004,,,,13.274234999999962
quartz,laghos,-p 1 -dim 2 -rs 3 -tf 4,32,1.2833,65882500000.0,105790000000.0,36747562500.0,287705250000.0,277250000.0,150750000.0,48937500.0,34062500.0,11845.71875,3746125996.15625,17944072762.15625,69842.90625,2108917.96875,3283750000.0,23.19665378125001,,,,53.80134621875
quartz,laghos,-p 1 -dim 2 -rs 3 -tf 4.3 -pa,1,1.8,65480000000.0,217924000000.0,72868000000.0,642136000000.0,1988000000.0,2576000000.0,92000000.0,90000000.0,10392343.0,141736218206.0,104177085242.0,37771.0,2274566.0,11194000000.0,94.63970800000004,,,,13.360291999999959
quartz,laghos,-p 1 -dim 2 -rs 3 -tf 4.4,1,1.8833,69288000000.0,230612000000.0,77106000000.0,679552000000.0,2140000000.0,2728000000.0,98000000.0,100000000.0,10996139.0,150000750132.0,110267524919.0,37771.0,2280544.0,11704000000.0,98.58619800000004,,,,14.411801999999966
quartz,laghos,-p 1 -dim 2 -rs 3 -tf 4.4 -pa,1,1.9,69266000000.0,230608000000.0,77106000000.0,679532000000.0,2226000000.0,2728000000.0,130000000.0,108000000.0,10996962.0,150002044422.0,110217536381.0,37771.0,2280544.0,11726000000.0,100.16104500000004,,,,13.838954999999956
quartz,laghos,-p 1 -dim 2 -rs 3 -tf 4.5,1,1.9666,72274000000.0,240576000000.0,80442000000.0,708862000000.0,2392000000.0,2850000000.0,116000000.0,102000000.0,11482814.0,156645570770.0,115099330272.0,37771.0,2285302.0,12154000000.0,103.37875600000004,,,,14.617243999999957
quartz,laghos,-p 1 -dim 2 -rs 3 -tf 4.5,32,1.65,84884687500.0,136386562500.0,47357500000.0,370784187500.0,354625000.0,190812500.0,62625000.0,44562500.0,11193.125,4928548950.59375,24488283828.625,69874.90625,2109753.25,4275187500.0,29.64774418750001,,,,69.35225581249999
quartz,laghos,-p 1 -dim 2 -rs 3 -tf 4.5 -pa,1,2.0,72260000000.0,240568000000.0,80436000000.0,708856000000.0,2384000000.0,2848000000.0,132000000.0,130000000.0,11483660.0,156648038166.0,114991455809.0,37771.0,2285304.0,12330000000.0,106.40995600000004,,,,13.590043999999963
quartz,laghos,-p 1 -dim 2 -rs 3 -tf 4.5 -pa,32,1.6166,85841750000.0,137817062500.0,47841312500.0,374724062500.0,364125000.0,196187500.0,63812500.0,44750000.0,11400.0,4838677679.90625,23702947220.53125,69875.875,2109753.28125,4288687500.0,29.670644125,,,,67.32535587500001
quartz,laghos,-p 1 -dim 2 -rs 3 -tf 4.6,1,2.0,74378000000.0,247654000000.0,82800000000.0,729796000000.0,2340000000.0,2932000000.0,138000000.0,126000000.0,11810668.0,161060567895.0,118372298642.0,37771.0,2288535.0,12528000000.0,106.58649500000007,,,,13.41350499999993
quartz,laghos,-p 1 -dim 2 -rs 3 -tf 4.6 -pa,1,2.0166,74396000000.0,247668000000.0,82810000000.0,729808000000.0,2310000000.0,2930000000.0,128000000.0,128000000.0,11808640.0,161061438625.0,118452548030.0,37771.0,2288536.0,12634000000.0,107.45976100000004,,,,13.536238999999952
quartz,laghos,-p 1 -dim 2 -rs 3 -tf 4.7,1,2.0666,75910000000.0,252712000000.0,84498000000.0,744676000000.0,2312000000.0,2990000000.0,110000000.0,108000000.0,12051124.0,164350123416.0,120934888869.0,37771.0,2290929.0,12916000000.0,110.40372600000003,,,,13.592273999999975
quartz,laghos,-p 1 -dim 2 -rs 3 -tf 4.7 -pa,1,2.1,75934000000.0,252724000000.0,84506000000.0,744708000000.0,2318000000.0,2992000000.0,106000000.0,104000000.0,12046964.0,164352356918.0,120787624708.0,37771.0,2290930.0,12702000000.0,109.74004900000007,,,,16.25995099999993
quartz,laghos,-p 1 -dim 2 -rs 3 -tf 4.8,1,2.15,78116000000.0,260170000000.0,86980000000.0,766694000000.0,2478000000.0,3080000000.0,130000000.0,138000000.0,12407731.0,169223234167.0,124254539101.0,37771.0,2294486.0,13190000000.0,113.31415300000006,,,,15.685846999999939
quartz,laghos,-p 1 -dim 2 -rs 3 -tf 4.8 -pa,1,2.1,78146000000.0,260190000000.0,86986000000.0,766732000000.0,2374000000.0,3076000000.0,138000000.0,120000000.0,12403484.0,169223682201.0,124442206563.0,37771.0,2294486.0,13694000000.0,112.08167300000004,,,,13.918326999999962
quartz,laghos,-p 1 -dim 2 -rs 3 -tf 4.9,1,2.2333,80780000000.0,268914000000.0,89914000000.0,792454000000.0,2442000000.0,3182000000.0,114000000.0,110000000.0,12819555.0,174896118469.0,128621895270.0,37771.0,2298512.0,13744000000.0,116.71844000000004,,,,17.279559999999947
quartz,laghos,-p 1 -dim 2 -rs 3 -tf 4.9 -pa,1,2.2,80764000000.0,268908000000.0,89906000000.0,792450000000.0,2524000000.0,3182000000.0,130000000.0,144000000.0,12821560.0,174893694511.0,128504066738.0,37771.0,2298513.0,13460000000.0,120.28253700000003,,,,11.717462999999967
quartz,laghos,-p 1 -dim 2 -rs 3 -tf 4 -pa,1,1.5,54990000000.0,183070000000.0,61214000000.0,539412000000.0,1754000000.0,2168000000.0,128000000.0,96000000.0,8727180.0,119064294204.0,87556119460.0,37771.0,2258118.0,9302000000.0,79.382186,,,,10.617813999999996
quartz,laghos,-p 1 -dim 2 -rs 3 -tf 4 -pa,32,1.2666,66125062500.0,106196875000.0,36863250000.0,288718000000.0,274625000.0,148937500.0,48312500.0,33625000.0,11488.71875,3745715100.78125,18541998562.78125,69874.90625,2108918.96875,3303875000.0,23.36092721875001,,,,52.63507278124999
quartz,laghos,-p 1 -dim 2 -rs 3 -tf 5,1,2.3166,83436000000.0,277654000000.0,92846000000.0,818162000000.0,2710000000.0,3292000000.0,182000000.0,146000000.0,13257360.0,180771722204.0,132827054510.0,37771.0,2302598.0,14140000000.0,121.17791200000003,,,,17.818087999999975
quartz,laghos,-p 1 -dim 2 -rs 3 -tf 5,32,1.85,99429250000.0,159744875000.0,55486625000.0,434351375000.0,413687500.0,224000000.0,73437500.0,51375000.0,11470.15625,5691268367.8125,27783427292.34375,69875.875,2110247.40625,4918625000.0,33.96220343750001,,,,77.03779656249999
quartz,laghos,-p 1 -dim 2 -rs 3 -tf 5.5,1,2.5833,93430000000.0,311080000000.0,104006000000.0,916736000000.0,3024000000.0,3688000000.0,134000000.0,138000000.0,14852424.0,202572241999.0,148868671845.0,37771.0,2318277.0,15916000000.0,134.10261100000002,,,,20.895388999999966
quartz,laghos,-p 1 -dim 2 -rs 3 -tf 5.5,32,1.9833,107125812500.0,172328812500.0,59961562500.0,468706562500.0,464062500.0,252562500.0,81437500.0,57750000.0,11344.28125,6283262191.125,30743430871.625,69843.875,2110786.53125,5667937500.0,39.18778937499999,,,,79.81021062500002
quartz,laghos,-p 1 -dim 2 -rs 3 -tf 5.5 -pa,1,2.55,93462000000.0,311102000000.0,104026000000.0,916756000000.0,3026000000.0,3686000000.0,140000000.0,134000000.0,14852316.0,202572236426.0,148842279085.0,37771.0,2318278.0,16520000000.0,137.16670299999998,,,,15.833297000000016
quartz,laghos,-p 1 -dim 2 -rs 3 -tf 5.5 -pa,32,2.0833,111832937500.0,179504687500.0,62300500000.0,488071187500.0,468062500.0,253187500.0,84187500.0,58812500.0,11317.0,6378038372.28125,30799224188.875,69843.875,2110736.375,5644937500.0,39.138989468749976,,,,85.85901053125002
quartz,laghos,-p 1 -dim 2 -rs 3 -tf 5 -pa,1,2.3666,83376000000.0,277618000000.0,92822000000.0,818110000000.0,2714000000.0,3290000000.0,128000000.0,116000000.0,13252974.0,180772485206.0,132823025209.0,37771.0,2302599.0,14426000000.0,119.08794100000004,,,,22.908058999999966
quartz,laghos,-p 1 -dim 2 -rs 3 -tf 5 -pa,32,1.9,99693812500.0,160112375000.0,55626062500.0,435451500000.0,421562500.0,228187500.0,73250000.0,52062500.0,11338.625,5691152046.8125,28195245068.75,69875.875,2110247.40625,4972000000.0,34.743095062500004,,,,79.2569049375
quartz,laghos,-p 1 -dim 3 -rs 1 -tf 3,1,0.7333,18722000000.0,77512000000.0,27208000000.0,220670000000.0,688000000.0,712000000.0,50000000.0,30000000.0,30887939.0,77792290434.0,37168079192.0,37771.0,2189549.0,5748000000.0,38.54632799999999,,,,5.451672000000009
quartz,laghos,-p 1 -dim 3 -rs 1 -tf 3,32,0.6,29098437500.0,45337750000.0,16517187500.0,126313250000.0,150875000.0,98937500.0,27437500.0,18250000.0,877977.59375,2441696659.875,8667590992.28125,69875.875,2106774.375,1816687500.0,13.436914875,,,,22.563085125
quartz,laghos,-p 1 -dim 3 -rs 1 -tf 3.5,1,0.9,23430000000.0,96882000000.0,34004000000.0,275976000000.0,842000000.0,894000000.0,44000000.0,28000000.0,37530644.0,97270317507.0,46548092112.0,37771.0,2193877.0,7080000000.0,49.21778499999998,,,,4.782215000000022
quartz,laghos,-p 1 -dim 3 -rs 1 -tf 3.5,32,0.7333,35964687500.0,56082187500.0,20447562500.0,156247750000.0,188875000.0,123875000.0,34062500.0,22812500.0,1060727.6875,3053258062.75,10897858995.375,69874.90625,2106909.625,2246437500.0,16.801952468750002,,,,27.196047531249995
quartz,laghos,-p 1 -dim 3 -rs 1 -tf 3.5 -pa,1,0.9333,23410000000.0,96868000000.0,33998000000.0,275962000000.0,832000000.0,886000000.0,46000000.0,28000000.0,37528035.0,97269516692.0,46601606642.0,37771.0,2193877.0,7172000000.0,48.35072699999999,,,,7.647273000000013
quartz,laghos,-p 1 -dim 3 -rs 1 -tf 3.5 -pa,32,0.75,36527312500.0,56886750000.0,20722875000.0,158510500000.0,188875000.0,123437500.0,33562500.0,22687500.0,1060607.3125,3053348774.6875,10838375698.34375,69843.875,2106908.65625,2264437500.0,16.8162921875,,,,28.1837078125
quartz,laghos,-p 1 -dim 3 -rs 1 -tf 3 -pa,1,0.75,18722000000.0,77512000000.0,27208000000.0,220672000000.0,712000000.0,712000000.0,40000000.0,24000000.0,30885180.0,77796755598.0,37167429328.0,37771.0,2189547.0,5680000000.0,38.542706,,,,6.457293999999997
quartz,laghos,-p 1 -dim 3 -rs 1 -tf 3 -pa,32,0.6,28018250000.0,43730375000.0,15984312500.0,121903125000.0,151000000.0,98750000.0,27187500.0,18000000.0,877844.125,2441625420.03125,8599874615.0625,69875.875,2106774.375,1812000000.0,13.47541534375,,,,22.52458465625
quartz,laghos,-p 1 -dim 3 -rs 1 -tf 4,1,1.1166,28932000000.0,119614000000.0,41974000000.0,340666000000.0,1048000000.0,1098000000.0,64000000.0,38000000.0,45827495.0,120072165245.0,57354272808.0,37771.0,2199060.0,8742000000.0,58.927596999999984,,,,8.068403000000025
quartz,laghos,-p 1 -dim 3 -rs 1 -tf 4,32,0.9166,46582312500.0,72461875000.0,26313812500.0,201766875000.0,235375000.0,154562500.0,42875000.0,28437500.0,1291407.8125,3768517512.96875,13530766860.90625,69874.90625,2107071.59375,2801375000.0,20.786600968750005,,,,34.20939903124999
quartz,laghos,-p 1 -dim 3 -rs 1 -tf 4.5,1,1.3166,33672000000.0,139286000000.0,48864000000.0,396510000000.0,1202000000.0,1278000000.0,66000000.0,42000000.0,52841105.0,139772408323.0,66583516862.0,37771.0,2203455.0,10208000000.0,70.25949999999999,,,,8.736500000000007
quartz,laghos,-p 1 -dim 3 -rs 1 -tf 4.5,32,1.0,51387375000.0,80156375000.0,29244250000.0,223335875000.0,273562500.0,179750000.0,49562500.0,33000000.0,1485828.875,4386654371.8125,15606138978.40625,69875.875,2107208.9375,3280937500.0,24.4805519375,,,,35.519448062500004
quartz,laghos,-p 1 -dim 3 -rs 1 -tf 4.5 -pa,1,1.3166,33638000000.0,139258000000.0,48848000000.0,396472000000.0,1228000000.0,1276000000.0,66000000.0,40000000.0,52842274.0,139771616931.0,66520384369.0,37771.0,2203455.0,10120000000.0,69.97196100000001,,,,9.024038999999988
quartz,laghos,-p 1 -dim 3 -rs 1 -tf 4.5 -pa,32,0.9833,51008250000.0,79576562500.0,29062937500.0,221792500000.0,273312500.0,178875000.0,48875000.0,33062500.0,1485954.65625,4386556263.34375,15534772132.6875,69874.90625,2107208.90625,3264750000.0,24.723665375,,,,34.274334624999995
quartz,laghos,-p 1 -dim 3 -rs 1 -tf 4 -pa,1,1.1333,28912000000.0,119602000000.0,41966000000.0,340642000000.0,1046000000.0,1100000000.0,88000000.0,50000000.0,45820563.0,120067460428.0,57318960230.0,37771.0,2199060.0,8646000000.0,64.708801,,,,3.2891990000000106
quartz,laghos,-p 1 -dim 3 -rs 1 -tf 4 -pa,32,0.8833,44988062500.0,70075937500.0,25534875000.0,195266062500.0,234125000.0,154000000.0,41812500.0,28500000.0,1291325.5625,3768891748.28125,13343359077.40625,69843.875,2107070.625,2776187500.0,20.8623233125,,,,32.135676687499995
quartz,laghos,-p 1 -dim 3 -rs 1 -tf 5,1,1.4666,37626000000.0,155758000000.0,54636000000.0,443244000000.0,1354000000.0,1430000000.0,78000000.0,50000000.0,57829759.0,156264785041.0,74223078074.0,37771.0,2207296.0,11358000000.0,78.77810799999997,,,,9.21789200000002
quartz,laghos,-p 1 -dim 3 -rs 1 -tf 5,32,1.1166,57890812500.0,90233125000.0,32917687500.0,251472875000.0,306125000.0,200000000.0,56625000.0,37437500.0,1620399.1875,4905395665.40625,17300132841.53125,69875.875,2107328.96875,3676250000.0,27.34279890625,,,,39.65320109375001
quartz,laghos,-p 1 -dim 3 -rs 1 -tf 5.5,1,1.5833,40972000000.0,169684000000.0,59530000000.0,482758000000.0,1510000000.0,1566000000.0,76000000.0,46000000.0,61894902.0,170219982725.0,80802717875.0,37771.0,2210591.0,12370000000.0,84.166428,,,,10.831571999999994
quartz,laghos,-p 1 -dim 3 -rs 1 -tf 5.5,32,1.2166,63058125000.0,98347625000.0,35844250000.0,273943687500.0,333062500.0,217812500.0,61750000.0,40875000.0,1730346.1875,5342602630.03125,19157815461.25,69874.90625,2107431.9375,3956750000.0,30.35295618750001,,,,42.64304381249998
quartz,laghos,-p 1 -dim 3 -rs 1 -tf 5.5 -pa,1,1.6,40924000000.0,169658000000.0,59510000000.0,482716000000.0,1508000000.0,1562000000.0,112000000.0,66000000.0,61886440.0,170217178958.0,80808344848.0,37771.0,2210591.0,12452000000.0,83.91909600000002,,,,12.080903999999975
quartz,laghos,-p 1 -dim 3 -rs 1 -tf 5.5 -pa,32,1.1833,62311000000.0,97208375000.0,35480500000.0,270889250000.0,332062500.0,216750000.0,59875000.0,40500000.0,1730407.96875,5341817275.53125,18811330537.3125,69842.90625,2107430.9375,4012562500.0,29.6702716875,,,,41.3277283125
quartz,laghos,-p 1 -dim 3 -rs 1 -tf 5 -pa,1,1.4666,37640000000.0,155764000000.0,54640000000.0,443260000000.0,1342000000.0,1432000000.0,76000000.0,44000000.0,57828703.0,156270302649.0,74232723108.0,37771.0,2207296.0,11480000000.0,77.88895199999997,,,,10.10704800000002
quartz,laghos,-p 1 -dim 3 -rs 1 -tf 5 -pa,32,1.1166,58499750000.0,91176562500.0,33213562500.0,253972250000.0,304437500.0,199562500.0,55750000.0,37625000.0,1620358.25,4905068440.125,17247315524.3125,69874.90625,2107328.9375,3630687500.0,27.14786240625,,,,39.84813759375001
quartz,laghos,-p 1 -dim 3 -rs 2 -tf 3,1,13.1666,322884000000.0,1589148000000.0,558380000000.0,4431640000000.0,23698000000.0,15880000000.0,2086000000.0,2114000000.0,605937214.0,1655157158114.0,769302964487.0,37771.0,2215571.0,128942000000.0,798.9337320000003,,,,-8.93773200000021
quartz,laghos,-p 1 -dim 3 -rs 2 -tf 3,32,2.3,106151000000.0,192762687500.0,70531500000.0,543545562500.0,1022250000.0,976125000.0,153437500.0,103375000.0,17797829.78125,51838730789.8125,52121133229.90625,69875.875,2107587.53125,9979062500.0,76.40125421875,,,,61.59874578125
quartz,laghos,-p 1 -dim 3 -rs 2 -tf 3.5,1,19.2833,430974000000.0,2123232000000.0,745640000000.0,5916822000000.0,31732000000.0,21260000000.0,3176000000.0,2858000000.0,779943430.0,2210569402519.0,1022537831150.0,37771.0,2230207.0,173332000000.0,1058.203394000001,,,,98.79460599999902
quartz,laghos,-p 1 -dim 3 -rs 2 -tf 3.5,32,3.0333,138447687500.0,252670000000.0,92604125000.0,712535500000.0,1365812500.0,1308187500.0,207250000.0,139250000.0,22872635.40625,69233669462.125,69600591368.125,69874.90625,2108044.84375,13385312500.0,103.1360260625,,,,78.86197393750003
quartz,laghos,-p 1 -dim 3 -rs 2 -tf 3.5 -pa,1,19.2166,431278000000.0,2123474000000.0,745776000000.0,5917176000000.0,31810000000.0,21198000000.0,2672000000.0,2824000000.0,780217789.0,2210568659988.0,1022682619564.0,37771.0,2230207.0,170688000000.0,1050.9271010000011,,,,102.06889899999896
quartz,laghos,-p 1 -dim 3 -rs 2 -tf 3.5 -pa,32,3.1666,146067375000.0,263910562500.0,96328562500.0,743496625000.0,1371937500.0,1307687500.0,213000000.0,142000000.0,22872580.46875,69234217648.34375,69807776211.53125,69875.875,2108044.875,13250687500.0,105.83687649999999,,,,84.15912349999999
quartz,laghos,-p 1 -dim 3 -rs 2 -tf 3 -pa,1,13.2333,322948000000.0,1589196000000.0,558410000000.0,4431704000000.0,23714000000.0,15854000000.0,2036000000.0,2060000000.0,605288880.0,1655156705924.0,769246651223.0,37771.0,2215571.0,129406000000.0,801.3889180000003,,,,-7.390918000000283
quartz,laghos,-p 1 -dim 3 -rs 2 -tf 3 -pa,32,2.3666,108814250000.0,196659812500.0,71836000000.0,554337187500.0,1020625000.0,976000000.0,154500000.0,105062500.0,17797556.375,51838361646.65625,52485683634.0625,69842.90625,2107586.5,9976250000.0,77.08473318749998,,,,64.91126681250003
quartz,laghos,-p 1 -dim 3 -rs 2 -tf 4,1,24.4333,537290000000.0,2646634000000.0,929314000000.0,7370410000000.0,39752000000.0,26498000000.0,3776000000.0,3900000000.0,909924798.0,2753848527198.0,1269606643594.0,37771.0,2244601.0,211366000000.0,1339.6306320000006,,,,126.36736799999949
quartz,laghos,-p 1 -dim 3 -rs 2 -tf 4,32,3.8,176875062500.0,321387000000.0,117526375000.0,905586750000.0,1701875000.0,1635812500.0,261812500.0,175937500.0,26631743.625,86247765018.5,86304665403.34375,69875.875,2108494.6875,16730125000.0,128.7681208125,,,,99.2318791875
quartz,laghos,-p 1 -dim 3 -rs 2 -tf 4.5,1,26.1,580464000000.0,2862444000000.0,1004800000000.0,7969446000000.0,42988000000.0,28638000000.0,3726000000.0,4100000000.0,954590079.0,2978094093364.0,1370941003246.0,37771.0,2250458.0,233938000000.0,1417.8695920000007,,,,148.1304079999993
quartz,laghos,-p 1 -dim 3 -rs 2 -tf 4.5,32,4.0666,190472125000.0,346367187500.0,126696000000.0,975981062500.0,1843812500.0,1769625000.0,280312500.0,187187500.0,27938015.96875,93270366938.625,94296229398.28123,69874.90625,2108677.75,17962562500.0,137.63969234374997,,,,106.35630765625004
quartz,laghos,-p 1 -dim 3 -rs 2 -tf 4.5 -pa,1,26.3833,580776000000.0,2862614000000.0,1004938000000.0,7969710000000.0,42956000000.0,28624000000.0,3974000000.0,4052000000.0,954452993.0,2978091354153.0,1369598648927.0,37771.0,2250458.0,234966000000.0,1426.5117490000007,,,,156.48625099999913
quartz,laghos,-p 1 -dim 3 -rs 2 -tf 4.5 -pa,32,4.1333,193668187500.0,351058375000.0,128278812500.0,989012125000.0,1848812500.0,1771750000.0,280250000.0,189937500.0,27937993.15625,93270654058.03123,93194190810.46877,69875.875,2108677.78125,18146625000.0,138.19851981249997,,,,109.79948018750005
quartz,laghos,-p 1 -dim 3 -rs 2 -tf 4 -pa,1,23.8666,536316000000.0,2645964000000.0,928862000000.0,7369366000000.0,39754000000.0,26522000000.0,3680000000.0,3552000000.0,909344312.0,2753848923785.0,1268862423700.0,37771.0,2244600.0,216164000000.0,1313.9603160000008,,,,118.03568399999904
quartz,laghos,-p 1 -dim 3 -rs 2 -tf 4 -pa,32,3.7833,173418937500.0,316259625000.0,115833250000.0,891518250000.0,1703875000.0,1631125000.0,264562500.0,178687500.0,26631877.59375,86247681837.75,85817275675.75,69875.875,2108494.6875,16706375000.0,127.96674065624998,,,,99.03125934375004
quartz,laghos,-p 1 -dim 3 -rs 2 -tf 5,1,28.7666,636374000000.0,3135850000000.0,1100906000000.0,8727634000000.0,47078000000.0,31442000000.0,4348000000.0,4064000000.0,1000674127.0,3261209005823.0,1498365502215.0,37771.0,2258111.0,256346000000.0,1561.7372060000016,,,,164.2587939999985
quartz,laghos,-p 1 -dim 3 -rs 2 -tf 5,32,4.3833,205446375000.0,374728875000.0,137231750000.0,1056103250000.0,2020500000.0,1937437500.0,308937500.0,206625000.0,29274896.15625,102139071905.21877,103672186114.1875,69874.90625,2108916.90625,19668875000.0,149.75744749999996,,,,113.24055250000004
quartz,laghos,-p 1 -dim 3 -rs 2 -tf 5.5,1,33.5333,741024000000.0,3656610000000.0,1284010000000.0,10175170000000.0,54730000000.0,36628000000.0,4946000000.0,4740000000.0,1107051892.0,3802597087013.0,1746939910800.0,37771.0,2273181.0,299586000000.0,1790.2119380000015,,,,221.7860619999983
quartz,laghos,-p 1 -dim 3 -rs 2 -tf 5.5,32,5.1666,240893937500.0,438971062500.0,160638250000.0,1236794812500.0,2345437500.0,2251437500.0,357937500.0,241062500.0,32357040.34375,119091061181.40625,118731562480.0,69875.875,2109387.84375,23036875000.0,174.80342443749996,,,,135.19257556250002
quartz,laghos,-p 1 -dim 3 -rs 2 -tf 5.5 -pa,1,33.7,740600000000.0,3656274000000.0,1283816000000.0,10174686000000.0,54558000000.0,36592000000.0,5136000000.0,4920000000.0,1106701299.0,3802596498505.0,1746912414620.0,37771.0,2273181.0,298706000000.0,1791.634582,,,,230.36541800000032
quartz,laghos,-p 1 -dim 3 -rs 2 -tf 5.5 -pa,32,5.3166,251069562500.0,454044125000.0,165657812500.0,1278283562500.0,2349687500.0,2256250000.0,353750000.0,240687500.0,32356767.8125,119095103068.5,118261910270.5,69875.875,2109387.84375,23108875000.0,176.18633771875002,,,,142.80966228125
quartz,laghos,-p 1 -dim 3 -rs 2 -tf 5 -pa,1,28.8166,635710000000.0,3135318000000.0,1100600000000.0,8726872000000.0,46828000000.0,31420000000.0,4116000000.0,4368000000.0,1000579724.0,3261208613826.0,1498014578648.0,37771.0,2258112.0,255702000000.0,1554.430646000001,,,,174.56535399999916
quartz,laghos,-p 1 -dim 3 -rs 2 -tf 5 -pa,32,4.45,208087687500.0,378600625000.0,138528562500.0,1066837750000.0,2018687500.0,1939187500.0,307562500.0,206750000.0,29274545.9375,102137651510.3125,102314280244.78123,69874.90625,2108916.90625,19708000000.0,150.95708953125,,,,116.04291046875
quartz,laghos,-p 1 -dim 3 -rs 3 -tf 3,32,22.8166,710253562500.0,1964119750000.0,708394750000.0,5556457687500.0,16942750000.0,14521812500.0,2301687500.0,1847812500.0,466550980.09375,1379020666549.7812,783203291728.5625,69843.875,2110557.09375,128533812500.0,1085.1766907187503,,,,283.81930928124984
quartz,laghos,-p 1 -dim 3 -rs 3 -tf 3.5,32,26.1,818389250000.0,2261463687500.0,815544562500.0,6395800562500.0,19542625000.0,16738125000.0,2640687500.0,2148125000.0,512289247.25,1581020900946.0938,896480344770.0,69842.90625,2111192.5625,147462125000.0,1245.4136252812516,,,,320.5863747187484
quartz,laghos,-p 1 -dim 3 -rs 3 -tf 3.5 -pa,32,26.3833,830960750000.0,2282488375000.0,823000187500.0,6455705687500.0,19608937500.0,16804750000.0,2665687500.0,2153125000.0,513717136.0625,1586468793077.3438,899830637941.5625,69875.875,2111193.59375,147447750000.0,1244.8443111875008,,,,338.153688812499
quartz,laghos,-p 1 -dim 3 -rs 3 -tf 3 -pa,32,22.75,714307000000.0,1965514250000.0,708782500000.0,5560587187500.0,16913625000.0,14492187500.0,2298375000.0,1859250000.0,463103349.8125,1366694449694.1562,778858118605.6562,69842.90625,2110532.28125,128316625000.0,1079.9553665625008,,,,285.0446334374992
quartz,laghos,-p 1 -dim 3 -rs 3 -tf 4,32,29.2166,920123937500.0,2531411437500.0,912965062500.0,7159236812500.0,21585562500.0,18520750000.0,2959500000.0,2362062500.0,546448573.21875,1753641535062.5312,994776341782.8438,69875.875,2111736.78125,163301437500.0,1378.9651905625005,,,,374.03080943749956
quartz,laghos,-p 1 -dim 3 -rs 3 -tf 4.5,32,31.0666,978299312500.0,2693553187500.0,971280062500.0,7616167375000.0,23172312500.0,19858875000.0,3153250000.0,2538812500.0,574710377.15625,1874953206639.0933,1060779057243.7812,69875.875,2112113.0,175778000000.0,1479.283963562502,,,,384.712036437498
quartz,laghos,-p 1 -dim 3 -rs 3 -tf 4.5 -pa,32,31.4666,993737250000.0,2722596812500.0,981653375000.0,7698650250000.0,23181375000.0,19859875000.0,3155125000.0,2527312500.0,576125236.75,1880243976443.4373,1066478649248.7188,69843.875,2112112.0,174817125000.0,1476.4784305312512,,,,411.5175694687489
quartz,laghos,-p 1 -dim 3 -rs 3 -tf 4 -pa,32,28.9166,909102437500.0,2506877812500.0,903922187500.0,7088168875000.0,21623000000.0,18524312500.0,2942562500.0,2378500000.0,544893346.71875,1748599431099.1562,987467811433.6876,69875.875,2111736.78125,163613187500.0,1379.5124752187505,,,,355.48352478124934
quartz,laghos,-p 1 -dim 3 -rs 3 -tf 5,32,34.35,1083762250000.0,2980872687500.0,1075222125000.0,8430194187500.0,25611062500.0,21939375000.0,3450687500.0,2825312500.0,624290321.75,2077332680817.875,1184158764713.9688,69874.90625,2112773.0625,194646812500.0,1639.5289166250013,,,,421.47108337499867
quartz,laghos,-p 1 -dim 3 -rs 3 -tf 5.5,32,47.5666,1507554750000.0,4133486312500.0,1491051812500.0,11691954625000.0,35462625000.0,30419312500.0,4819500000.0,3916250000.0,821297390.6875,2871214092442.0938,1631232422703.0625,69875.875,2115255.03125,269603437500.0,2285.397739375002,,,,568.5982606249981
quartz,laghos,-p 1 -dim 3 -rs 3 -tf 5.5 -pa,32,47.4333,1505190750000.0,4115995062500.0,1485017625000.0,11644435250000.0,35273312500.0,30238187500.0,4792625000.0,3848562500.0,820997929.96875,2870552754968.625,1631108190608.4375,69875.875,2115213.09375,269000937500.0,2273.762423562502,,,,572.2355764374979
quartz,laghos,-p 1 -dim 3 -rs 3 -tf 5 -pa,32,34.85,1106057937500.0,3012554437500.0,1086103812500.0,8519468500000.0,25618062500.0,21950500000.0,3473187500.0,2817687500.0,624289930.0625,2077332511565.2808,1177401259457.875,69843.875,2112766.375,193646562500.0,1635.0013145000016,,,,455.9986854999984
quartz,laghos,-p 2 -dim 2 -rs 1 -tf 3,1,0.05,1756000000.0,2510000000.0,734000000.0,8498000000.0,18000000.0,8000000.0,0.0,0.0,1118229.0,1118039287.0,809434728.0,37771.0,2188654.0,98000000.0,1.327392,,,,1.672608
quartz,laghos,-p 2 -dim 2 -rs 1 -tf 3.5,1,0.0666,2042000000.0,2918000000.0,856000000.0,9888000000.0,30000000.0,10000000.0,0.0,0.0,1298632.0,1299900069.0,939595815.0,37771.0,2191342.0,122000000.0,1.5333890000000003,,,,2.462611
quartz,laghos,-p 2 -dim 2 -rs 1 -tf 3.5 -pa,1,0.0666,2042000000.0,2920000000.0,856000000.0,9890000000.0,22000000.0,10000000.0,0.0,0.0,1299480.0,1300076279.0,938308742.0,37771.0,2191342.0,120000000.0,1.5332200000000002,,,,2.4627800000000004
quartz,laghos,-p 2 -dim 2 -rs 1 -tf 3 -pa,1,0.05,1754000000.0,2512000000.0,736000000.0,8502000000.0,24000000.0,8000000.0,0.0,0.0,1117884.0,1116848268.0,806487653.0,37771.0,2188656.0,100000000.0,1.301731,,,,1.698269
quartz,laghos,-p 2 -dim 2 -rs 1 -tf 4,1,0.0666,2200000000.0,3148000000.0,922000000.0,10662000000.0,30000000.0,10000000.0,0.0,0.0,1400032.0,1401966766.0,1012713190.0,37771.0,2192865.0,122000000.0,1.6653159999999998,,,,2.3306840000000006
quartz,laghos,-p 2 -dim 2 -rs 1 -tf 4.5,1,0.05,2380000000.0,3412000000.0,996000000.0,11550000000.0,30000000.0,12000000.0,2000000.0,0.0,1517696.0,1516191867.0,1097863627.0,37771.0,2194669.0,132000000.0,1.776994,,,,1.223006
quartz,laghos,-p 2 -dim 2 -rs 1 -tf 4.5 -pa,1,0.05,2384000000.0,3412000000.0,998000000.0,11546000000.0,38000000.0,12000000.0,0.0,0.0,1518686.0,1517516256.0,1098457626.0,37771.0,2194669.0,136000000.0,1.7837720000000001,,,,1.2162279999999999
quartz,laghos,-p 2 -dim 2 -rs 1 -tf 4 -pa,1,0.0666,2202000000.0,3150000000.0,922000000.0,10660000000.0,34000000.0,12000000.0,2000000.0,0.0,1400057.0,1400545188.0,1015182301.0,37771.0,2192864.0,130000000.0,1.747685,,,,2.2483150000000007
quartz,laghos,-p 2 -dim 2 -rs 1 -tf 5,1,0.0666,2672000000.0,3822000000.0,1120000000.0,12942000000.0,26000000.0,14000000.0,0.0,0.0,1700048.0,1698003620.0,1230008106.0,37771.0,2197352.0,158000000.0,2.005884,,,,1.9901160000000004
quartz,laghos,-p 2 -dim 2 -rs 1 -tf 5.5,1,0.0833,2916000000.0,4172000000.0,1220000000.0,14128000000.0,40000000.0,14000000.0,2000000.0,0.0,1857673.0,1855232293.0,1339019933.0,37771.0,2199671.0,172000000.0,2.319004,,,,2.678996
quartz,laghos,-p 2 -dim 2 -rs 1 -tf 5.5 -pa,1,0.0666,2918000000.0,4172000000.0,1222000000.0,14126000000.0,46000000.0,16000000.0,2000000.0,0.0,1855347.0,1854279639.0,1339390396.0,37771.0,2199672.0,170000000.0,2.1998570000000006,,,,1.7961429999999998
quartz,laghos,-p 2 -dim 2 -rs 1 -tf 5 -pa,1,0.0666,2672000000.0,3822000000.0,1118000000.0,12944000000.0,38000000.0,12000000.0,0.0,0.0,1699667.0,1700449752.0,1229324495.0,37771.0,2197352.0,160000000.0,2.00699,,,,1.9890100000000004
quartz,laghos,-p 2 -dim 2 -rs 2 -tf 3,1,0.2,8380000000.0,20164000000.0,6518000000.0,61854000000.0,200000000.0,168000000.0,8000000.0,6000000.0,3312123.0,11848127229.0,8459776126.0,37771.0,2210870.0,966000000.0,8.921564,,,,3.078436
quartz,laghos,-p 2 -dim 2 -rs 2 -tf 3,32,0.5,24319062500.0,38246437500.0,13239437500.0,103386750000.0,78062500.0,33375000.0,12625000.0,8500000.0,12273.8125,374479994.03125,5353670043.875,69875.875,2107440.625,1025687500.0,7.278401937499999,,,,22.7215980625
quartz,laghos,-p 2 -dim 2 -rs 2 -tf 3.5,1,0.2166,9580000000.0,23056000000.0,7454000000.0,70716000000.0,200000000.0,192000000.0,8000000.0,6000000.0,3786790.0,13544381142.0,9661557876.0,37771.0,2216423.0,1118000000.0,10.558424,,,,2.437575999999998
quartz,laghos,-p 2 -dim 2 -rs 2 -tf 3.5,32,0.5666,26488312500.0,41713875000.0,14485625000.0,112792187500.0,89312500.0,37937500.0,14812500.0,9875000.0,13038.71875,428087164.65625,6222552693.1875,69843.875,2107613.15625,1175562500.0,8.163866218750002,,,,25.83213378125
quartz,laghos,-p 2 -dim 2 -rs 2 -tf 3.5 -pa,1,0.2166,9568000000.0,23052000000.0,7448000000.0,70710000000.0,236000000.0,190000000.0,10000000.0,6000000.0,3786498.0,13541617296.0,9667786310.0,37771.0,2216422.0,1120000000.0,10.172935999999998,,,,2.8230640000000005
quartz,laghos,-p 2 -dim 2 -rs 2 -tf 3.5 -pa,32,0.5666,27704937500.0,43569312500.0,15087562500.0,117792437500.0,89500000.0,37937500.0,15187500.0,9875000.0,13298.46875,428084028.40625,6328871239.0,69843.875,2107613.15625,1176437500.0,8.273859031250002,,,,25.72214096875
quartz,laghos,-p 2 -dim 2 -rs 2 -tf 3 -pa,1,0.2,8380000000.0,20168000000.0,6520000000.0,61850000000.0,240000000.0,168000000.0,8000000.0,6000000.0,3312251.0,11849191558.0,8455499087.0,37771.0,2210870.0,980000000.0,8.893593000000003,,,,3.1064069999999973
quartz,laghos,-p 2 -dim 2 -rs 2 -tf 3 -pa,32,0.5,24786812500.0,38951187500.0,13471750000.0,105308437500.0,78062500.0,33000000.0,12812500.0,8500000.0,12634.15625,374465004.9375,5573401358.84375,69875.875,2107440.625,1029687500.0,7.196961437500002,,,,22.8030385625
quartz,laghos,-p 2 -dim 2 -rs 2 -tf 4,1,0.2333,10228000000.0,24622000000.0,7958000000.0,75506000000.0,232000000.0,204000000.0,10000000.0,8000000.0,4041972.0,14466353387.0,10328948034.0,37771.0,2219491.0,1186000000.0,11.416751,,,,2.5812490000000015
quartz,laghos,-p 2 -dim 2 -rs 2 -tf 4,32,0.5666,27915687500.0,43961625000.0,15282437500.0,118896562500.0,95187500.0,39812500.0,15937500.0,10812500.0,11801.9375,457191690.375,6779617799.65625,69875.875,2107710.0,1231562500.0,8.813869343750003,,,,25.18213065625
quartz,laghos,-p 2 -dim 2 -rs 2 -tf 4.5,1,0.2333,11170000000.0,26890000000.0,8692000000.0,82486000000.0,272000000.0,224000000.0,12000000.0,6000000.0,4415216.0,15793695645.0,11283377627.0,37771.0,2223938.0,1330000000.0,11.925637999999998,,,,2.0723620000000036
quartz,laghos,-p 2 -dim 2 -rs 2 -tf 4.5,32,0.65,32028062500.0,50382500000.0,17456875000.0,136217375000.0,104187500.0,44000000.0,17500000.0,11750000.0,12520.1875,499414347.6875,7150914934.0,69875.875,2107848.96875,1349375000.0,9.5244659375,,,,29.4755340625
quartz,laghos,-p 2 -dim 2 -rs 2 -tf 4.5 -pa,1,0.2666,11172000000.0,26888000000.0,8692000000.0,82484000000.0,220000000.0,224000000.0,10000000.0,6000000.0,4414645.0,15801578838.0,11284240191.0,37771.0,2223938.0,1308000000.0,13.556022,,,,2.439978
quartz,laghos,-p 2 -dim 2 -rs 2 -tf 4.5 -pa,32,0.6333,31862750000.0,50128000000.0,17375187500.0,135536187500.0,105812500.0,45312500.0,17125000.0,11812500.0,13238.96875,499359905.15625,7201774675.46875,69875.875,2107848.96875,1378000000.0,9.5996455,,,,28.398354499999996
quartz,laghos,-p 2 -dim 2 -rs 2 -tf 4 -pa,1,0.25,10228000000.0,24614000000.0,7956000000.0,75516000000.0,234000000.0,204000000.0,10000000.0,8000000.0,4041983.0,14465784300.0,10330133682.0,37771.0,2219491.0,1170000000.0,10.956007000000001,,,,4.043992999999999
quartz,laghos,-p 2 -dim 2 -rs 2 -tf 4 -pa,32,0.5833,28494812500.0,44844812500.0,15570125000.0,121282625000.0,95625000.0,39937500.0,16062500.0,10562500.0,12838.5,457225960.0625,6877920862.53125,69843.875,2107709.0,1249437500.0,8.798682156249997,,,,26.19931784375001
quartz,laghos,-p 2 -dim 2 -rs 2 -tf 5,1,0.2666,12566000000.0,30246000000.0,9778000000.0,92782000000.0,310000000.0,252000000.0,12000000.0,8000000.0,4965776.0,17768576200.0,12697720781.0,37771.0,2230463.0,1446000000.0,14.613785,,,,1.3822150000000004
quartz,laghos,-p 2 -dim 2 -rs 2 -tf 5,32,0.7166,35569437500.0,55983562500.0,19409687500.0,151348000000.0,118125000.0,49625000.0,19750000.0,13375000.0,12368.09375,561803898.21875,8183672284.84375,69875.875,2108052.875,1525375000.0,10.631736812500002,,,,32.3642631875
quartz,laghos,-p 2 -dim 2 -rs 2 -tf 5.5,1,0.2833,13582000000.0,32702000000.0,10572000000.0,100296000000.0,270000000.0,272000000.0,14000000.0,10000000.0,5366379.0,19209515153.0,13718614740.0,37771.0,2235223.0,1600000000.0,14.471437000000005,,,,2.526562999999996
quartz,laghos,-p 2 -dim 2 -rs 2 -tf 5.5,32,0.75,39076562500.0,61473125000.0,21290187500.0,166177187500.0,126125000.0,53937500.0,21500000.0,14562500.0,12813.0625,607372789.96875,8774683192.5,69875.875,2108201.65625,1675687500.0,11.6143600625,,,,33.3856399375
quartz,laghos,-p 2 -dim 2 -rs 2 -tf 5.5 -pa,1,0.2833,13582000000.0,32694000000.0,10568000000.0,100296000000.0,330000000.0,268000000.0,14000000.0,10000000.0,5366214.0,19213326415.0,13715676222.0,37771.0,2235222.0,1588000000.0,14.838844,,,,2.159156000000001
quartz,laghos,-p 2 -dim 2 -rs 2 -tf 5.5 -pa,32,0.7666,38646437500.0,60816375000.0,21078062500.0,164410875000.0,127312500.0,53875000.0,21437500.0,14562500.0,12388.03125,607381500.21875,9036523247.09375,69875.875,2108201.625,1653250000.0,11.488010281250002,,,,34.50798971875
quartz,laghos,-p 2 -dim 2 -rs 2 -tf 5 -pa,1,0.2833,12568000000.0,30246000000.0,9778000000.0,92780000000.0,336000000.0,250000000.0,12000000.0,8000000.0,4966253.0,17772514198.0,12693414672.0,37771.0,2230463.0,1480000000.0,13.416020000000001,,,,3.5819799999999997
quartz,laghos,-p 2 -dim 2 -rs 2 -tf 5 -pa,32,0.7166,33930937500.0,53441437500.0,18594375000.0,144560750000.0,118250000.0,49812500.0,19750000.0,13500000.0,12022.75,561818530.6875,8319708804.78125,69875.875,2108052.875,1532687500.0,10.608748625000002,,,,32.387251375
quartz,laghos,-p 2 -dim 3 -rs 1 -tf 3,1,0.6833,16596000000.0,67398000000.0,24292000000.0,197684000000.0,554000000.0,606000000.0,34000000.0,22000000.0,15302116.0,68484369335.0,37906470860.0,37771.0,2188660.0,5098000000.0,36.39926199999999,,,,4.5987380000000115
quartz,laghos,-p 2 -dim 3 -rs 1 -tf 3,32,0.5,22863687500.0,35743187500.0,13083312500.0,99840687500.0,123000000.0,80625000.0,22125000.0,14500000.0,409190.09375,2149376221.40625,7397266537.71875,69875.875,2106746.5625,1486812500.0,11.27108796875,,,,18.728912031249997
quartz,laghos,-p 2 -dim 3 -rs 1 -tf 3.5,1,0.8,19312000000.0,78470000000.0,28272000000.0,230138000000.0,660000000.0,704000000.0,38000000.0,24000000.0,17830455.0,79734773545.0,44082996231.0,37771.0,2191346.0,5984000000.0,42.30512999999997,,,,5.69487000000003
quartz,laghos,-p 2 -dim 3 -rs 1 -tf 3.5,32,0.5833,27899375000.0,43508937500.0,15861562500.0,121450375000.0,143187500.0,94437500.0,26062500.0,17187500.0,475619.5625,2501775659.3125,8539342598.125,69843.875,2106829.53125,1709625000.0,13.164626812500002,,,,21.8333731875
quartz,laghos,-p 2 -dim 3 -rs 1 -tf 3.5 -pa,1,0.8166,19318000000.0,78474000000.0,28276000000.0,230142000000.0,638000000.0,704000000.0,38000000.0,22000000.0,17830366.0,79736081466.0,44079176428.0,37771.0,2191345.0,6088000000.0,42.449818999999984,,,,6.5461810000000185
quartz,laghos,-p 2 -dim 3 -rs 1 -tf 3.5 -pa,32,0.5833,27369562500.0,42713125000.0,15602250000.0,119285812500.0,143937500.0,93875000.0,26000000.0,17312500.0,475213.75,2502461873.28125,8615977181.875,69875.875,2106830.53125,1701937500.0,13.04329240625,,,,21.954707593750005
quartz,laghos,-p 2 -dim 3 -rs 1 -tf 3 -pa,1,0.6833,16594000000.0,67392000000.0,24292000000.0,197680000000.0,574000000.0,604000000.0,38000000.0,22000000.0,15301633.0,68483149268.0,37893007872.0,37771.0,2188660.0,5152000000.0,36.08320199999998,,,,4.914798000000026
quartz,laghos,-p 2 -dim 3 -rs 1 -tf 3 -pa,32,0.55,23959625000.0,37367125000.0,13619687500.0,104296375000.0,123062500.0,79625000.0,22187500.0,14750000.0,409340.9375,2148695480.28125,7522894590.15625,69874.90625,2106746.53125,1492312500.0,11.430725750000002,,,,21.56927425
quartz,laghos,-p 2 -dim 3 -rs 1 -tf 4,1,0.8666,20846000000.0,84638000000.0,30500000000.0,248196000000.0,718000000.0,760000000.0,44000000.0,26000000.0,19215046.0,85985976622.0,47484732095.0,37771.0,2192868.0,6482000000.0,46.650095999999984,,,,5.345904000000019
quartz,laghos,-p 2 -dim 3 -rs 1 -tf 4,32,0.6,28754875000.0,44964187500.0,16453750000.0,125573250000.0,154875000.0,100687500.0,27875000.0,18625000.0,511126.875,2699550232.1875,9155401322.96875,69842.90625,2106877.09375,1853000000.0,14.052165250000002,,,,21.94783475
quartz,laghos,-p 2 -dim 3 -rs 1 -tf 4.5,1,0.95,22568000000.0,91706000000.0,33040000000.0,268926000000.0,784000000.0,826000000.0,56000000.0,30000000.0,20841195.0,93175950474.0,51444975407.0,37771.0,2194674.0,6918000000.0,50.85138299999996,,,,6.148617000000037
quartz,laghos,-p 2 -dim 3 -rs 1 -tf 4.5,32,0.6833,31772250000.0,49618125000.0,18131000000.0,138554250000.0,167500000.0,109750000.0,30812500.0,20375000.0,553602.90625,2924864926.03125,10337133908.28125,69875.875,2106934.53125,1997062500.0,15.23806540625,,,,25.759934593750003
quartz,laghos,-p 2 -dim 3 -rs 1 -tf 4.5 -pa,1,0.9333,22590000000.0,91720000000.0,33050000000.0,268952000000.0,752000000.0,824000000.0,46000000.0,26000000.0,20847379.0,93176577029.0,51446070550.0,37771.0,2194674.0,6982000000.0,50.29040999999997,,,,5.707590000000032
quartz,laghos,-p 2 -dim 3 -rs 1 -tf 4.5 -pa,32,0.6666,32137312500.0,50128312500.0,18309937500.0,140009062500.0,168375000.0,109625000.0,30625000.0,20125000.0,553758.25,2925109460.65625,10051694837.875,69875.875,2106934.53125,2004562500.0,15.2486855625,,,,24.747314437499995
quartz,laghos,-p 2 -dim 3 -rs 1 -tf 4 -pa,1,0.8666,20840000000.0,84634000000.0,30492000000.0,248194000000.0,696000000.0,760000000.0,48000000.0,28000000.0,19215052.0,85986988805.0,47490839474.0,37771.0,2192869.0,6544000000.0,46.353808,,,,5.642192000000001
quartz,laghos,-p 2 -dim 3 -rs 1 -tf 4 -pa,32,0.6,28817750000.0,45041250000.0,16481125000.0,125804687500.0,154937500.0,101500000.0,28000000.0,18562500.0,512136.84375,2699003153.46875,9397658028.34375,69843.875,2106877.125,1853500000.0,14.033402187499998,,,,21.9665978125
quartz,laghos,-p 2 -dim 3 -rs 1 -tf 5,1,1.05,25314000000.0,102806000000.0,37036000000.0,301430000000.0,878000000.0,924000000.0,54000000.0,34000000.0,23357825.0,104437641339.0,57616458509.0,37771.0,2197356.0,7964000000.0,55.41671499999996,,,,7.583285000000039
quartz,laghos,-p 2 -dim 3 -rs 1 -tf 5,32,0.7333,36937312500.0,57595250000.0,20976125000.0,160713750000.0,189000000.0,124437500.0,34125000.0,22937500.0,619859.65625,3278204451.75,11327035537.21875,69843.875,2107017.34375,2237687500.0,16.989531125000006,,,,27.00846887499999
quartz,laghos,-p 2 -dim 3 -rs 1 -tf 5.5,1,1.15,27638000000.0,112254000000.0,40434000000.0,329114000000.0,926000000.0,1008000000.0,56000000.0,34000000.0,25498933.0,114025520143.0,62877930907.0,37771.0,2199676.0,8576000000.0,60.23650399999998,,,,8.763496000000018
quartz,laghos,-p 2 -dim 3 -rs 1 -tf 5.5,32,0.8333,41167625000.0,64120312500.0,23313875000.0,178878000000.0,205437500.0,134625000.0,37625000.0,25187500.0,674790.84375,3579310294.375,12684270532.09375,69875.875,2107090.84375,2485812500.0,18.782732031250006,,,,31.21526796875
quartz,laghos,-p 2 -dim 3 -rs 1 -tf 5.5 -pa,1,1.1333,27632000000.0,112248000000.0,40434000000.0,329110000000.0,926000000.0,1006000000.0,64000000.0,34000000.0,25499510.0,114031959659.0,62892310881.0,37771.0,2199675.0,8454000000.0,60.71222799999998,,,,7.285772000000023
quartz,laghos,-p 2 -dim 3 -rs 1 -tf 5.5 -pa,32,0.7833,38019875000.0,59431000000.0,21768000000.0,166046875000.0,205250000.0,133562500.0,37562500.0,25062500.0,675535.46875,3578333117.1875,12182239312.28125,69875.875,2107090.84375,2462750000.0,19.3440799375,,,,27.6539200625
quartz,laghos,-p 2 -dim 3 -rs 1 -tf 5 -pa,1,1.05,25324000000.0,102816000000.0,37040000000.0,301440000000.0,840000000.0,924000000.0,48000000.0,30000000.0,23356744.0,104436363874.0,57611953223.0,37771.0,2197356.0,7890000000.0,56.86564399999998,,,,6.134356000000018
quartz,laghos,-p 2 -dim 3 -rs 1 -tf 5 -pa,32,0.7333,35897062500.0,56044875000.0,20468437500.0,156479375000.0,188937500.0,122875000.0,35562500.0,23125000.0,618887.65625,3277735993.5,11108251379.21875,69874.90625,2107018.3125,2253812500.0,17.0085628125,,,,26.9894371875
quartz,laghos,-p 2 -dim 3 -rs 2 -tf 3,1,13.1,286042000000.0,1362548000000.0,488976000000.0,3905084000000.0,20022000000.0,13924000000.0,1824000000.0,1800000000.0,249981662.0,1429720370114.0,750333006898.0,37771.0,2210881.0,111512000000.0,718.1115879999999,,,,67.88841200000013
quartz,laghos,-p 2 -dim 3 -rs 2 -tf 3,32,2.05,91030750000.0,164905062500.0,60474875000.0,467820375000.0,837375000.0,810875000.0,131750000.0,88750000.0,7425694.3125,44783764816.90625,46169315173.6875,69875.875,2107440.96875,8311187500.0,65.75362499999996,,,,57.24637500000003
quartz,laghos,-p 2 -dim 3 -rs 2 -tf 3.5,1,13.7333,327364000000.0,1558536000000.0,559288000000.0,4466142000000.0,22928000000.0,15918000000.0,2164000000.0,1942000000.0,285389839.0,1635141278273.0,862312527087.0,37771.0,2216434.0,127034000000.0,818.5450139999997,,,,5.452986000000351
quartz,laghos,-p 2 -dim 3 -rs 2 -tf 3.5,32,2.2333,101095000000.0,184166312500.0,67683875000.0,522761437500.0,963312500.0,929812500.0,149750000.0,101875000.0,8518245.46875,51214784232.0,52830098171.40625,69875.875,2107614.5,9632875000.0,75.4843605,,,,58.5136395
quartz,laghos,-p 2 -dim 3 -rs 2 -tf 3.5 -pa,1,13.9333,327248000000.0,1558428000000.0,559230000000.0,4465994000000.0,22854000000.0,15880000000.0,2046000000.0,1938000000.0,286900777.0,1634959165162.0,857619274471.0,37771.0,2216432.0,126370000000.0,832.4903039999997,,,,3.5076960000002373
quartz,laghos,-p 2 -dim 3 -rs 2 -tf 3.5 -pa,32,2.2666,101656375000.0,185061375000.0,67976562500.0,525158750000.0,963375000.0,927437500.0,144437500.0,98687500.0,8512736.71875,51208952059.6875,53149461318.65625,69874.90625,2107614.46875,9634312500.0,75.33576281249998,,,,60.66023718750003
quartz,laghos,-p 2 -dim 3 -rs 2 -tf 3 -pa,1,13.1833,286166000000.0,1362656000000.0,489028000000.0,3905232000000.0,19866000000.0,13894000000.0,1700000000.0,1720000000.0,249901207.0,1429723989408.0,750418591728.0,37771.0,2210881.0,110876000000.0,719.0188569999997,,,,71.97914300000025
quartz,laghos,-p 2 -dim 3 -rs 2 -tf 3 -pa,32,2.0333,91416437500.0,165540625000.0,60657250000.0,469433562500.0,839937500.0,812000000.0,128687500.0,86625000.0,7424801.78125,44781855033.125,46853391197.1875,69875.875,2107440.96875,8364500000.0,65.80287428124998,,,,56.19512571875002
quartz,laghos,-p 2 -dim 3 -rs 2 -tf 4,32,2.3833,107621375000.0,196265562500.0,72135937500.0,557050562500.0,1029687500.0,992937500.0,158625000.0,107000000.0,9087365.875,54717091451.46875,57262573198.0625,69875.875,2107710.34375,10220625000.0,79.6858646875,,,,63.31213531250002
quartz,laghos,-p 2 -dim 3 -rs 2 -tf 4.5,32,2.6,117140875000.0,213789875000.0,78579562500.0,606797750000.0,1123375000.0,1085125000.0,183312500.0,118937500.0,9938417.46875,59785010372.28125,62693181119.46875,69875.875,2107849.3125,11136187500.0,87.20352328124994,,,,68.79647671875006
quartz,laghos,-p 2 -dim 3 -rs 2 -tf 4.5 -pa,32,2.6666,120599562500.0,218839000000.0,80282875000.0,620808000000.0,1129312500.0,1084187500.0,176125000.0,117375000.0,9942631.28125,59784615693.8125,62874037788.0625,69842.90625,2107848.28125,11245937500.0,87.70002121874997,,,,72.29597878125001
quartz,laghos,-p 2 -dim 3 -rs 2 -tf 4 -pa,32,2.4,108285937500.0,197241562500.0,72446812500.0,559719437500.0,1026812500.0,992875000.0,159375000.0,106562500.0,9087817.90625,54721172987.1875,57028232601.21875,69842.90625,2107709.3125,10214500000.0,81.04741984375,,,,62.952580156249994
quartz,laghos,-p 2 -dim 3 -rs 2 -tf 5,32,2.9,131249375000.0,239690187500.0,88156062500.0,680484562500.0,1257750000.0,1218437500.0,192687500.0,130062500.0,11196040.84375,67271299960.75,70126932930.875,69875.875,2108053.21875,12546250000.0,98.55380640624996,,,,75.44619359375004
quartz,laghos,-p 2 -dim 3 -rs 2 -tf 5.5,32,3.25,149219687500.0,269841312500.0,98918125000.0,765455812500.0,1370875000.0,1320937500.0,214250000.0,146937500.0,12113000.53125,72765791312.5625,75051629110.6875,69875.875,2108202.0,13549000000.0,105.77283099999998,,,,89.22716900000002
quartz,laghos,-p 2 -dim 3 -rs 2 -tf 5.5 -pa,32,3.2166,145954312500.0,265143062500.0,97306937500.0,752242625000.0,1368625000.0,1321687500.0,217187500.0,146312500.0,12113322.53125,72763678106.59375,74777508494.6875,69875.875,2108202.0,13648500000.0,106.18944878125,,,,86.80655121875002
quartz,laghos,-p 2 -dim 3 -rs 2 -tf 5 -pa,32,3.0,137109125000.0,248264875000.0,91037687500.0,704284875000.0,1272062500.0,1221937500.0,198500000.0,133437500.0,11196276.8125,67274830127.875,70353727829.21875,69842.90625,2108052.1875,12596687500.0,98.87631565625,,,,81.12368434375
quartz,laghos,-p 3 -dim 2 -rs 1 -tf 3,1,0.0333,270000000.0,370000000.0,106000000.0,1272000000.0,2000000.0,0.0,0.0,0.0,175215.0,161233229.0,116009903.0,37771.0,2173738.0,12000000.0,0.225497,,,,1.7725030000000002
quartz,laghos,-p 3 -dim 2 -rs 1 -tf 3.5,1,0.05,314000000.0,430000000.0,124000000.0,1482000000.0,4000000.0,0.0,0.0,0.0,203407.0,189095070.0,136410165.0,37771.0,2174048.0,14000000.0,0.239083,,,,2.760917
quartz,laghos,-p 3 -dim 2 -rs 1 -tf 3.5 -pa,1,0.0333,314000000.0,430000000.0,124000000.0,1482000000.0,4000000.0,0.0,0.0,0.0,204461.0,189000920.0,136132143.0,37771.0,2174046.0,14000000.0,0.25783500000000004,,,,1.7401650000000002
quartz,laghos,-p 3 -dim 2 -rs 1 -tf 3 -pa,1,0.0166,270000000.0,368000000.0,106000000.0,1272000000.0,4000000.0,0.0,0.0,0.0,174251.0,160404192.0,116615484.0,37771.0,2173739.0,14000000.0,0.22536800000000004,,,,0.770632
quartz,laghos,-p 3 -dim 2 -rs 1 -tf 4,1,0.0333,360000000.0,492000000.0,142000000.0,1692000000.0,4000000.0,0.0,0.0,0.0,232186.0,215808727.0,155734796.0,37771.0,2174351.0,18000000.0,0.272745,,,,1.7252550000000002
quartz,laghos,-p 3 -dim 2 -rs 1 -tf 4.5,1,0.0333,404000000.0,552000000.0,158000000.0,1902000000.0,6000000.0,0.0,0.0,0.0,261358.0,240836523.0,174050489.0,37771.0,2174657.0,20000000.0,0.3119270000000001,,,,1.6860730000000002
quartz,laghos,-p 3 -dim 2 -rs 1 -tf 4.5 -pa,1,0.0333,404000000.0,552000000.0,158000000.0,1900000000.0,6000000.0,0.0,0.0,0.0,260847.0,240919198.0,174391164.0,37771.0,2174658.0,18000000.0,0.29984000000000005,,,,1.6981600000000001
quartz,laghos,-p 3 -dim 2 -rs 1 -tf 4 -pa,1,0.05,360000000.0,492000000.0,142000000.0,1692000000.0,4000000.0,0.0,0.0,0.0,231261.0,213268610.0,154300642.0,37771.0,2174351.0,16000000.0,0.269742,,,,2.730258
quartz,laghos,-p 3 -dim 2 -rs 1 -tf 5,1,0.0333,448000000.0,614000000.0,176000000.0,2112000000.0,4000000.0,2000000.0,0.0,0.0,291033.0,268238836.0,193661793.0,37771.0,2174959.0,22000000.0,0.35495800000000005,,,,1.6430420000000001
quartz,laghos,-p 3 -dim 2 -rs 1 -tf 5.5,1,0.05,492000000.0,676000000.0,194000000.0,2322000000.0,6000000.0,2000000.0,0.0,0.0,318597.0,294705151.0,212096112.0,37771.0,2175330.0,24000000.0,0.36759200000000003,,,,2.632408
quartz,laghos,-p 3 -dim 2 -rs 1 -tf 5.5 -pa,1,0.0666,492000000.0,672000000.0,194000000.0,2320000000.0,6000000.0,2000000.0,0.0,0.0,317967.0,293128235.0,212070358.0,37771.0,2175330.0,24000000.0,0.363939,,,,3.632061
quartz,laghos,-p 3 -dim 2 -rs 1 -tf 5 -pa,1,0.0333,446000000.0,614000000.0,176000000.0,2114000000.0,6000000.0,2000000.0,0.0,0.0,291211.0,268352327.0,193840155.0,37771.0,2174962.0,20000000.0,0.340609,,,,1.6573910000000003
quartz,laghos,-p 3 -dim 2 -rs 2 -tf 3,1,0.05,1042000000.0,2424000000.0,776000000.0,7526000000.0,44000000.0,20000000.0,0.0,0.0,419863.0,1418845986.0,1017911203.0,37771.0,2175633.0,114000000.0,1.172088,,,,1.827912
quartz,laghos,-p 3 -dim 2 -rs 2 -tf 3,32,0.1666,3273812500.0,5136625000.0,1776437500.0,13892312500.0,9062500.0,3437500.0,312500.0,125000.0,12092.46875,44968418.0,721877205.5,69874.90625,2106339.46875,131187500.0,0.9733864999999999,,,,9.0226135
quartz,laghos,-p 3 -dim 2 -rs 2 -tf 3.5,1,0.05,1216000000.0,2828000000.0,906000000.0,8782000000.0,50000000.0,22000000.0,0.0,0.0,490468.0,1655664716.0,1184027904.0,37771.0,2176245.0,134000000.0,1.2874560000000002,,,,1.7125439999999998
quartz,laghos,-p 3 -dim 2 -rs 2 -tf 3.5,32,0.2166,3809062500.0,5972937500.0,2067312500.0,16160500000.0,9875000.0,3625000.0,1187500.0,125000.0,12769.03125,52454093.4375,863225067.5625,69874.90625,2106358.59375,150000000.0,1.09528759375,,,,11.90071240625
quartz,laghos,-p 3 -dim 2 -rs 2 -tf 3.5 -pa,1,0.0666,1216000000.0,2826000000.0,906000000.0,8780000000.0,52000000.0,22000000.0,0.0,0.0,490091.0,1654315299.0,1186637190.0,37771.0,2176245.0,134000000.0,1.2861740000000002,,,,2.7098260000000005
quartz,laghos,-p 3 -dim 2 -rs 2 -tf 3.5 -pa,32,0.2,3549750000.0,5578500000.0,1938625000.0,15094062500.0,9937500.0,3750000.0,1250000.0,125000.0,12759.28125,52423851.4375,837183881.0,69874.90625,2106358.59375,150625000.0,1.1352624062500003,,,,10.86473759375
quartz,laghos,-p 3 -dim 2 -rs 2 -tf 3 -pa,1,0.05,1042000000.0,2424000000.0,776000000.0,7526000000.0,44000000.0,20000000.0,0.0,0.0,420220.0,1420711422.0,1017222387.0,37771.0,2175633.0,108000000.0,1.10488,,,,1.89512
quartz,laghos,-p 3 -dim 2 -rs 2 -tf 3 -pa,32,0.1666,3059250000.0,4806187500.0,1670187500.0,13005812500.0,8562500.0,2875000.0,250000.0,62500.0,13033.90625,44957711.375,743643584.90625,69874.90625,2106339.46875,126750000.0,0.9747337500000004,,,,9.02126625
quartz,laghos,-p 3 -dim 2 -rs 2 -tf 4,1,0.05,1386000000.0,3224000000.0,1034000000.0,10012000000.0,28000000.0,26000000.0,0.0,0.0,559471.0,1884760362.0,1353871740.0,37771.0,2176853.0,156000000.0,1.4630140000000005,,,,1.5369859999999995
quartz,laghos,-p 3 -dim 2 -rs 2 -tf 4,32,0.15,4011750000.0,6304000000.0,2192062500.0,17061187500.0,11750000.0,4312500.0,1437500.0,125000.0,12304.8125,59744556.6875,977326077.5,69842.90625,2106376.59375,171500000.0,1.29180753125,,,,7.70819246875
quartz,laghos,-p 3 -dim 2 -rs 2 -tf 4.5,1,0.05,1560000000.0,3628000000.0,1162000000.0,11266000000.0,34000000.0,30000000.0,0.0,0.0,629824.0,2123626474.0,1525678313.0,37771.0,2177525.0,176000000.0,1.633633,,,,1.366367
quartz,laghos,-p 3 -dim 2 -rs 2 -tf 4.5,32,0.1666,4442875000.0,6985250000.0,2431312500.0,18905187500.0,13625000.0,5250000.0,1937500.0,500000.0,12487.0,67183907.6875,1100480878.34375,69874.90625,2106398.625,193375000.0,1.4128041562500004,,,,8.58319584375
quartz,laghos,-p 3 -dim 2 -rs 2 -tf 4.5 -pa,1,0.0666,1560000000.0,3628000000.0,1162000000.0,11266000000.0,66000000.0,30000000.0,0.0,0.0,628809.0,2121870870.0,1522905350.0,37771.0,2177526.0,156000000.0,1.6298770000000002,,,,2.366123
quartz,laghos,-p 3 -dim 2 -rs 2 -tf 4.5 -pa,32,0.15,4475937500.0,7035937500.0,2447625000.0,19041062500.0,13562500.0,5000000.0,1937500.0,500000.0,12208.1875,67177413.3125,1103727157.0,69874.90625,2106398.625,194437500.0,2.3186016250000003,,,,6.681398375
quartz,laghos,-p 3 -dim 2 -rs 2 -tf 4 -pa,1,0.0666,1388000000.0,3226000000.0,1034000000.0,10014000000.0,36000000.0,26000000.0,0.0,0.0,559651.0,1886199521.0,1350636205.0,37771.0,2176853.0,150000000.0,1.473355,,,,2.5226450000000007
quartz,laghos,-p 3 -dim 2 -rs 2 -tf 4 -pa,32,0.1833,4213875000.0,6613375000.0,2292750000.0,17894312500.0,11750000.0,4437500.0,1500000.0,125000.0,12594.4375,59717052.03125,963918869.09375,69874.90625,2106377.59375,172500000.0,1.2862403437500003,,,,9.711759656249999
quartz,laghos,-p 3 -dim 2 -rs 2 -tf 5,1,0.0833,1734000000.0,4032000000.0,1292000000.0,12518000000.0,72000000.0,32000000.0,0.0,0.0,698558.0,2353534877.0,1689966155.0,37771.0,2178134.0,192000000.0,1.8280380000000005,,,,3.169962
quartz,laghos,-p 3 -dim 2 -rs 2 -tf 5,32,0.2,5061125000.0,7949750000.0,2763250000.0,21516937500.0,14812500.0,5750000.0,1937500.0,1187500.0,12440.09375,74657558.0625,1185400990.8125,69875.875,2106417.65625,216375000.0,1.5492067500000004,,,,10.45079325
quartz,laghos,-p 3 -dim 2 -rs 2 -tf 5.5,1,0.0666,1906000000.0,4434000000.0,1420000000.0,13768000000.0,36000000.0,36000000.0,0.0,0.0,769008.0,2594289873.0,1856228401.0,37771.0,2178808.0,214000000.0,2.1304780000000005,,,,1.865522
quartz,laghos,-p 3 -dim 2 -rs 2 -tf 5.5,32,0.1833,5825125000.0,9142875000.0,3167562500.0,24733062500.0,16500000.0,6500000.0,2187500.0,1437500.0,12250.21875,82091435.0625,1421773821.78125,69843.875,2106437.6875,235937500.0,1.6922425312500005,,,,9.305757468749999
quartz,laghos,-p 3 -dim 2 -rs 2 -tf 5.5 -pa,1,0.0666,1908000000.0,4434000000.0,1422000000.0,13772000000.0,72000000.0,36000000.0,0.0,0.0,769289.0,2592575083.0,1856787335.0,37771.0,2178808.0,212000000.0,2.010209,,,,1.9857910000000003
quartz,laghos,-p 3 -dim 2 -rs 2 -tf 5.5 -pa,32,0.1833,5389250000.0,8474875000.0,2951312500.0,22936062500.0,17062500.0,6687500.0,2187500.0,1375000.0,13150.09375,82100872.40625,1361418656.09375,69843.875,2106437.6875,233000000.0,1.7183919687500009,,,,9.279608031249998
quartz,laghos,-p 3 -dim 2 -rs 2 -tf 5 -pa,1,0.05,1732000000.0,4030000000.0,1290000000.0,12516000000.0,34000000.0,32000000.0,0.0,0.0,699465.0,2359745512.0,1689886540.0,37771.0,2178135.0,186000000.0,1.8350600000000004,,,,1.1649399999999996
quartz,laghos,-p 3 -dim 2 -rs 2 -tf 5 -pa,32,0.1833,5039375000.0,7919812500.0,2752750000.0,21430312500.0,15187500.0,6062500.0,2000000.0,1125000.0,12304.125,74635335.28125,1199388971.78125,69875.875,2106417.65625,214437500.0,1.6012018437500002,,,,9.39679815625
quartz,laghos,-p 3 -dim 2 -rs 3 -tf 5.0,1,0.2666,9136000000.0,29980000000.0,9994000000.0,88842000000.0,328000000.0,358000000.0,18000000.0,16000000.0,1484337.0,19493037773.0,13974828229.0,37771.0,2184484.0,1602000000.0,13.326448,,,,2.6695520000000013
quartz,laghos,-p 3 -dim 2 -rs 3 -tf 5.0,32,0.2833,12113625000.0,19357937500.0,6694125000.0,52620937500.0,45437500.0,23875000.0,7187500.0,4812500.0,11225.90625,613383786.625,3111593340.96875,69842.90625,2106615.03125,546437500.0,3.85009446875,,,,13.14790553125
quartz,laghos,-p 3 -dim 2 -rs 3 -tf 5.0,64,0.35,6597437500.0,11566921875.0,3694765625.0,30484484375.0,22375000.0,10734375.0,3562500.0,2234375.0,10806.7578125,153671879.0546875,1974508597.75,37146.515625,1055176.8828125,266093750.0,2.8142485703125,,,,18.1857514296875
quartz,laghos,-p 3 -dim 3 -rs 1 -tf 3,1,0.15,2272000000.0,9294000000.0,3240000000.0,26382000000.0,88000000.0,84000000.0,4000000.0,2000000.0,2306746.0,9268968800.0,4217693424.0,37771.0,2173742.0,646000000.0,4.538443000000001,,,,4.461556999999999
quartz,laghos,-p 3 -dim 3 -rs 1 -tf 3,32,0.15,3793812500.0,5887125000.0,2140000000.0,16398312500.0,18062500.0,11125000.0,2687500.0,1437500.0,69979.84375,291139113.96875,1158872068.90625,69874.90625,2106280.4375,225125000.0,1.76604025,,,,7.23395975
quartz,laghos,-p 3 -dim 3 -rs 1 -tf 3.5,1,0.1333,2646000000.0,10828000000.0,3774000000.0,30734000000.0,92000000.0,98000000.0,4000000.0,2000000.0,2685867.0,10802153263.0,4915589638.0,37771.0,2174048.0,750000000.0,5.788539000000001,,,,2.2094609999999992
quartz,laghos,-p 3 -dim 3 -rs 1 -tf 3.5,32,0.1833,4181125000.0,6510375000.0,2376250000.0,18137312500.0,21187500.0,12812500.0,3312500.0,2000000.0,80140.4375,339447593.03125,1314578278.71875,69874.90625,2106290.03125,260812500.0,2.03873175,,,,8.95926825
quartz,laghos,-p 3 -dim 3 -rs 1 -tf 3.5 -pa,1,0.1166,2646000000.0,10828000000.0,3774000000.0,30734000000.0,136000000.0,98000000.0,4000000.0,2000000.0,2686101.0,10797168461.0,4915747371.0,37771.0,2174049.0,758000000.0,5.254812000000002,,,,1.7411879999999975
quartz,laghos,-p 3 -dim 3 -rs 1 -tf 3.5 -pa,32,0.15,4321937500.0,6716812500.0,2445562500.0,18710500000.0,21000000.0,12625000.0,3187500.0,1937500.0,79794.71875,339393236.3125,1358960405.375,69875.875,2106290.0625,260000000.0,2.04849546875,,,,6.95150453125
quartz,laghos,-p 3 -dim 3 -rs 1 -tf 3 -pa,1,0.1166,2270000000.0,9292000000.0,3238000000.0,26380000000.0,92000000.0,84000000.0,4000000.0,2000000.0,2306971.0,9270038957.0,4218867650.0,37771.0,2173742.0,642000000.0,4.522251000000002,,,,2.473748999999998
quartz,laghos,-p 3 -dim 3 -rs 1 -tf 3 -pa,32,0.15,3828312500.0,5939937500.0,2157250000.0,16541375000.0,17875000.0,10625000.0,2625000.0,1375000.0,69940.84375,291309641.15625,1159612800.28125,69874.90625,2106280.4375,223375000.0,1.7558355625000004,,,,7.244164437499999
quartz,laghos,-p 3 -dim 3 -rs 1 -tf 4,1,0.15,3020000000.0,12362000000.0,4308000000.0,35092000000.0,164000000.0,112000000.0,6000000.0,2000000.0,3065892.0,12333546944.0,5613524447.0,37771.0,2174353.0,842000000.0,5.989286000000001,,,,3.0107139999999992
quartz,laghos,-p 3 -dim 3 -rs 1 -tf 4,32,0.2,4953937500.0,7697437500.0,2802000000.0,21442312500.0,24500000.0,15625000.0,3562500.0,2250000.0,89677.0,387586030.21875,1526326932.65625,69875.875,2106299.53125,295250000.0,2.38169571875,,,,9.61830428125
quartz,laghos,-p 3 -dim 3 -rs 1 -tf 4.5,1,0.15,3394000000.0,13896000000.0,4842000000.0,39444000000.0,120000000.0,126000000.0,6000000.0,4000000.0,3442562.0,13863268786.0,6311309609.0,37771.0,2174660.0,970000000.0,6.7397750000000025,,,,2.2602249999999975
quartz,laghos,-p 3 -dim 3 -rs 1 -tf 4.5,32,0.2166,5578250000.0,8667062500.0,3154000000.0,24140750000.0,27562500.0,17500000.0,4250000.0,2437500.0,99869.71875,435832288.90625,1715305266.53125,69843.875,2106308.125,339000000.0,2.5917908125,,,,10.404209187499998
quartz,laghos,-p 3 -dim 3 -rs 1 -tf 4.5 -pa,1,0.15,3394000000.0,13894000000.0,4842000000.0,39442000000.0,124000000.0,126000000.0,8000000.0,4000000.0,3443986.0,13861510156.0,6319451928.0,37771.0,2174660.0,970000000.0,6.738729000000001,,,,2.261270999999999
quartz,laghos,-p 3 -dim 3 -rs 1 -tf 4.5 -pa,32,0.1833,5334875000.0,8307625000.0,3035125000.0,23151500000.0,27437500.0,16687500.0,4375000.0,2562500.0,99492.5,435717553.21875,1686431684.28125,69843.875,2106308.125,330562500.0,2.5646704375,,,,8.433329562499999
quartz,laghos,-p 3 -dim 3 -rs 1 -tf 4 -pa,1,0.1333,3018000000.0,12362000000.0,4308000000.0,35092000000.0,120000000.0,112000000.0,4000000.0,2000000.0,3064000.0,12331430124.0,5620710160.0,37771.0,2174353.0,866000000.0,6.0056720000000015,,,,1.9923279999999988
quartz,laghos,-p 3 -dim 3 -rs 1 -tf 4 -pa,32,0.1666,4986375000.0,7747500000.0,2817937500.0,21575875000.0,24437500.0,15062500.0,3562500.0,2250000.0,90246.46875,387676123.625,1481651913.34375,69875.875,2106299.53125,300562500.0,2.3147491875000004,,,,7.6812508125
quartz,laghos,-p 3 -dim 3 -rs 1 -tf 5.0,1,0.1666,3768000000.0,15428000000.0,5376000000.0,43790000000.0,138000000.0,142000000.0,6000000.0,2000000.0,3822773.0,15394488121.0,7008865353.0,37771.0,2174962.0,1066000000.0,7.5249830000000015,,,,2.471016999999999
quartz,laghos,-p 3 -dim 3 -rs 1 -tf 5.0,32,0.2,6318687500.0,9804187500.0,3562812500.0,27309000000.0,30812500.0,19750000.0,4875000.0,2875000.0,109208.84375,483965514.21875,1793669232.90625,69874.90625,2106318.5625,368375000.0,2.880829125,,,,9.119170875
quartz,laghos,-p 3 -dim 3 -rs 1 -tf 5.0,64,0.2333,3490375000.0,5956843750.0,1981718750.0,16019953125.0,,,,,25107.6484375,121339052.421875,1053472449.484375,37146.515625,1055102.515625,184890625.0,1.8136955000000001,,,,12.184304500000001
quartz,laghos,-p 3 -dim 3 -rs 1 -tf 5,1,0.1666,3768000000.0,15428000000.0,5376000000.0,43792000000.0,134000000.0,142000000.0,6000000.0,4000000.0,3822783.0,15393082253.0,7008122182.0,37771.0,2174963.0,1074000000.0,7.751217000000001,,,,2.244782999999999
quartz,laghos,-p 3 -dim 3 -rs 1 -tf 5,32,0.2166,6078937500.0,9458687500.0,3446000000.0,26342562500.0,30750000.0,19375000.0,4875000.0,2875000.0,109336.4375,483995059.21875,1797129232.6875,69875.875,2106318.59375,366687500.0,2.8653714687500003,,,,10.130628531249998
quartz,laghos,-p 3 -dim 3 -rs 1 -tf 5.5,1,0.1833,4142000000.0,16964000000.0,5912000000.0,48152000000.0,154000000.0,154000000.0,8000000.0,4000000.0,4202324.0,16925917887.0,7707252812.0,37771.0,2175329.0,1172000000.0,8.998724000000003,,,,1.9992759999999965
quartz,laghos,-p 3 -dim 3 -rs 1 -tf 5.5,32,0.2,6547812500.0,10193750000.0,3721312500.0,28405000000.0,33375000.0,21062500.0,5500000.0,3375000.0,118974.0625,532113745.125,2144972425.90625,69874.90625,2106330.0625,410437500.0,3.1555466875,,,,8.8444533125
quartz,laghos,-p 3 -dim 3 -rs 1 -tf 5.5 -pa,1,0.1833,4146000000.0,16968000000.0,5914000000.0,48156000000.0,148000000.0,154000000.0,6000000.0,4000000.0,4200832.0,16924577184.0,7705228341.0,37771.0,2175330.0,1174000000.0,8.861904000000003,,,,2.1360959999999967
quartz,laghos,-p 3 -dim 3 -rs 1 -tf 5.5 -pa,32,0.2,6430437500.0,10019125000.0,3663187500.0,27925125000.0,33375000.0,20000000.0,5437500.0,3250000.0,119098.03125,532153719.40625,2016626221.03125,69875.875,2106330.09375,407187500.0,3.19007453125,,,,8.80992546875
quartz,laghos,-p 3 -dim 3 -rs 1 -tf 5 -pa,1,0.1666,3768000000.0,15426000000.0,5374000000.0,43792000000.0,134000000.0,140000000.0,6000000.0,2000000.0,3821881.0,15393526562.0,7010856410.0,37771.0,2174962.0,1078000000.0,7.470986000000003,,,,2.525013999999998
quartz,laghos,-p 3 -dim 3 -rs 1 -tf 5 -pa,32,0.2166,6301937500.0,9785750000.0,3555062500.0,27247500000.0,30875000.0,19375000.0,4812500.0,2812500.0,108971.0625,483862436.9375,1859018874.40625,69842.90625,2106317.5625,368125000.0,3.1742309062500005,,,,9.821769093749998
quartz,laghos,-p 3 -dim 3 -rs 2 -tf 2.0 -pa,1,1.0,22318000000.0,109362000000.0,38038000000.0,303072000000.0,1740000000.0,1130000000.0,172000000.0,168000000.0,21051649.0,113227745330.0,49144489729.0,37771.0,2174359.0,8330000000.0,54.779156999999984,,,,5.220843000000016
quartz,laghos,-p 3 -dim 3 -rs 2 -tf 2.0 -pa,32,0.2666,7967812500.0,14270437500.0,5202250000.0,40138062500.0,74687500.0,69187500.0,10375000.0,6312500.0,624520.90625,3550443386.40625,3724683794.65625,69874.90625,2106299.6875,693125000.0,5.528688406249999,,,,10.46731159375
quartz,laghos,-p 3 -dim 3 -rs 2 -tf 2.0 -pa,64,0.2666,3900718750.0,7101718750.0,2403843750.0,19322265625.0,32890625.0,25625000.0,4140625.0,2203125.0,164038.6640625,885662784.9765625,1507844055.1484375,37162.515625,1055098.03125,281156250.0,2.7841927265625,,,,13.2118072734375
quartz,laghos,-p 3 -dim 3 -rs 2 -tf 3,1,1.4833,33326000000.0,163474000000.0,56852000000.0,453004000000.0,2572000000.0,1692000000.0,276000000.0,252000000.0,31282623.0,169302172716.0,73493061249.0,37770.0,2175638.0,12484000000.0,79.53637899999998,,,,9.461621000000022
quartz,laghos,-p 3 -dim 3 -rs 2 -tf 3,32,0.35,11711687500.0,21041875000.0,7677437500.0,59189250000.0,117937500.0,103187500.0,16750000.0,10250000.0,924817.46875,5309021293.46875,5516216023.15625,69873.9375,2106339.6875,1044562500.0,8.16731953125,,,,12.83268046875
quartz,laghos,-p 3 -dim 3 -rs 2 -tf 3.5,1,1.7166,38854000000.0,190564000000.0,66278000000.0,528046000000.0,3032000000.0,1974000000.0,288000000.0,282000000.0,36370259.0,197356349900.0,85664102280.0,37771.0,2176252.0,14542000000.0,90.95711400000002,,,,12.038885999999977
quartz,laghos,-p 3 -dim 3 -rs 2 -tf 3.5,32,0.4166,14045812500.0,25082125000.0,9140125000.0,70569312500.0,130875000.0,121625000.0,18437500.0,12062500.0,1074773.09375,6184823164.84375,6444464919.90625,69874.90625,2106358.84375,1228000000.0,9.495037687500002,,,,15.5009623125
quartz,laghos,-p 3 -dim 3 -rs 2 -tf 3.5 -pa,1,1.6833,38852000000.0,190560000000.0,66276000000.0,528042000000.0,2988000000.0,1972000000.0,270000000.0,268000000.0,36479666.0,197355842786.0,85706954635.0,37771.0,2176252.0,14542000000.0,91.22405400000001,,,,9.773945999999995
quartz,laghos,-p 3 -dim 3 -rs 2 -tf 3.5 -pa,32,0.45,13600125000.0,24452625000.0,8924187500.0,68788437500.0,132187500.0,121125000.0,18812500.0,12250000.0,1074862.375,6186470480.09375,6446574055.8125,69842.90625,2106357.84375,1210687500.0,9.467205437500002,,,,17.532794562499998
quartz,laghos,-p 3 -dim 3 -rs 2 -tf 3 -pa,1,1.4666,33330000000.0,163476000000.0,56856000000.0,453010000000.0,2584000000.0,1692000000.0,228000000.0,230000000.0,31275433.0,169300274987.0,73481659010.0,37771.0,2175640.0,12440000000.0,77.86360200000001,,,,10.13239799999998
quartz,laghos,-p 3 -dim 3 -rs 2 -tf 3 -pa,32,0.3666,11953687500.0,21396937500.0,7795625000.0,60172562500.0,112562500.0,103687500.0,15437500.0,10000000.0,924827.59375,5308189725.4375,5708987966.28125,69874.90625,2106339.71875,1042812500.0,8.177258531249999,,,,13.81874146875
quartz,laghos,-p 3 -dim 3 -rs 2 -tf 4,1,1.95,44266000000.0,217056000000.0,75498000000.0,601434000000.0,3424000000.0,2248000000.0,284000000.0,298000000.0,41450418.0,224790088260.0,97609049078.0,37771.0,2176861.0,16520000000.0,105.09247,,,,11.907529999999994
quartz,laghos,-p 3 -dim 3 -rs 2 -tf 4,32,0.4166,15541500000.0,27923500000.0,10188125000.0,78552125000.0,145312500.0,138812500.0,21250000.0,13812500.0,1221872.4375,7047287950.1875,7319101858.625,69842.90625,2106376.875,1390687500.0,10.86804365625,,,,14.127956343750002
quartz,laghos,-p 3 -dim 3 -rs 2 -tf 4.5,1,2.1333,49638000000.0,243968000000.0,84830000000.0,676104000000.0,3856000000.0,2528000000.0,360000000.0,326000000.0,46737692.0,252763260227.0,109791037620.0,37771.0,2177534.0,18468000000.0,120.61966800000006,,,,7.378331999999958
quartz,laghos,-p 3 -dim 3 -rs 2 -tf 4.5,32,0.4833,17539437500.0,31491687500.0,11485687500.0,88583750000.0,166500000.0,156062500.0,23625000.0,15437500.0,1371634.71875,7922054210.90625,8141334909.28125,69874.90625,2106398.90625,1556562500.0,12.059491406250006,,,,16.938508593749994
quartz,laghos,-p 3 -dim 3 -rs 2 -tf 4.5 -pa,1,2.1833,49756000000.0,244048000000.0,84884000000.0,676230000000.0,3848000000.0,2530000000.0,332000000.0,330000000.0,46611866.0,252763875550.0,109757414042.0,37771.0,2177534.0,18574000000.0,117.25092400000004,,,,13.74707599999995
quartz,laghos,-p 3 -dim 3 -rs 2 -tf 4.5 -pa,32,0.45,17606500000.0,31599062500.0,11520562500.0,88864500000.0,163687500.0,156312500.0,23812500.0,16187500.0,1371807.40625,7925976826.84375,8135740022.09375,69874.90625,2106398.90625,1570437500.0,12.06362675,,,,14.93637325
quartz,laghos,-p 3 -dim 3 -rs 2 -tf 4 -pa,1,2.0166,44222000000.0,217022000000.0,75478000000.0,601384000000.0,3412000000.0,2250000000.0,328000000.0,284000000.0,41489382.0,224791728154.0,97600050819.0,37771.0,2176861.0,16574000000.0,105.09018799999998,,,,15.905812000000012
quartz,laghos,-p 3 -dim 3 -rs 2 -tf 4 -pa,32,0.4666,15835500000.0,28353125000.0,10333687500.0,79746187500.0,147125000.0,138875000.0,21625000.0,13937500.0,1221864.03125,7046656855.625,7359844776.40625,69875.875,2106377.90625,1389062500.0,10.7494990625,,,,17.246500937500002
quartz,laghos,-p 3 -dim 3 -rs 2 -tf 5.0,1,2.4666,55268000000.0,271086000000.0,94290000000.0,751142000000.0,4316000000.0,2806000000.0,368000000.0,356000000.0,51848337.0,280771365104.0,121947121967.0,37771.0,2178142.0,20660000000.0,130.49184499999998,,,,17.504155000000026
quartz,laghos,-p 3 -dim 3 -rs 2 -tf 5.0,32,0.5166,19664937500.0,35236562500.0,12853687500.0,99142625000.0,185687500.0,173125000.0,27750000.0,17937500.0,1521621.28125,8799718770.53125,9150272843.53125,69874.90625,2106417.9375,1723625000.0,14.061234250000002,,,,16.934765749999993
quartz,laghos,-p 3 -dim 3 -rs 2 -tf 5.0,64,0.5333,9970828125.0,18117906250.0,6110453125.0,49251671875.0,80546875.0,64921875.0,10718750.0,6218750.0,388366.78125,2196919123.71875,3754988313.3828135,37146.515625,1055127.34375,695968750.0,7.0571896328125,,,,24.940810367187503
quartz,laghos,-p 3 -dim 3 -rs 2 -tf 5.0 -pa,1,2.4666,55288000000.0,271102000000.0,94300000000.0,751164000000.0,4296000000.0,2806000000.0,376000000.0,358000000.0,51752402.0,280774449299.0,121927643842.0,37771.0,2178142.0,20728000000.0,133.33801200000008,,,,14.657987999999932
quartz,laghos,-p 3 -dim 3 -rs 2 -tf 5.0 -pa,32,0.4666,18983625000.0,34245875000.0,12515437500.0,96372812500.0,188375000.0,172687500.0,28125000.0,17750000.0,1522031.03125,8800182901.0,9217892232.0,69874.90625,2106417.9375,1728750000.0,13.879292062499998,,,,14.116707937500005
quartz,laghos,-p 3 -dim 3 -rs 2 -tf 5.0 -pa,64,0.5666,9710000000.0,17682437500.0,5977937500.0,48088640625.0,79906250.0,65437500.0,10546875.0,6234375.0,388399.828125,2197351618.8125,3821616158.078125,37162.03125,1055127.578125,701171875.0,7.191441,,,,26.804559
quartz,laghos,-p 3 -dim 3 -rs 2 -tf 5,1,2.4666,55258000000.0,271078000000.0,94288000000.0,751130000000.0,4258000000.0,2800000000.0,344000000.0,370000000.0,51952630.0,280773411063.0,121979193529.0,37771.0,2178142.0,20708000000.0,130.93531000000004,,,,17.060689999999965
quartz,laghos,-p 3 -dim 3 -rs 2 -tf 5,32,0.4833,19888375000.0,35571625000.0,12959250000.0,100050625000.0,190062500.0,172125000.0,27500000.0,17625000.0,1521829.4375,8798143943.6875,8975375282.9375,69875.875,2106417.96875,1725062500.0,13.468896875,,,,15.529103125
quartz,laghos,-p 3 -dim 3 -rs 2 -tf 5.5,1,2.7166,60728000000.0,298088000000.0,103674000000.0,825996000000.0,4724000000.0,3086000000.0,408000000.0,448000000.0,57230461.0,308783940577.0,134090999483.0,37771.0,2178816.0,22796000000.0,143.94800600000005,,,,19.04799399999996
quartz,laghos,-p 3 -dim 3 -rs 2 -tf 5.5,32,0.55,21517312500.0,38604812500.0,14077562500.0,108584125000.0,208000000.0,190375000.0,30375000.0,19562500.0,1671745.78125,9681247250.75,10029644615.53125,69875.875,2106439.0,1915812500.0,14.885906062499995,,,,18.114093937500005
quartz,laghos,-p 3 -dim 3 -rs 2 -tf 5.5 -pa,1,2.7,60786000000.0,298130000000.0,103700000000.0,826062000000.0,4736000000.0,3090000000.0,412000000.0,414000000.0,57060699.0,308784642636.0,134123814349.0,37771.0,2178816.0,22602000000.0,142.908579,,,,19.091420999999997
quartz,laghos,-p 3 -dim 3 -rs 2 -tf 5.5 -pa,32,0.5333,21068187500.0,37945687500.0,13860437500.0,106774500000.0,203250000.0,190375000.0,30000000.0,19875000.0,1671468.78125,9679322753.6875,9946631540.9375,69875.875,2106439.0,1913437500.0,14.789725531250005,,,,17.208274468749998
quartz,laghos,-p 3 -dim 3 -rs 2 -tf 5 -pa,1,2.4333,55252000000.0,271072000000.0,94284000000.0,751118000000.0,4264000000.0,2806000000.0,366000000.0,360000000.0,51904794.0,280773294453.0,121892650138.0,37771.0,2178142.0,20706000000.0,128.20937099999998,,,,17.788629000000014
quartz,laghos,-p 3 -dim 3 -rs 2 -tf 5 -pa,32,0.5,19346812500.0,34786875000.0,12693250000.0,97853500000.0,183937500.0,173125000.0,27437500.0,17875000.0,1521828.96875,8796758589.09375,9135689296.3125,69874.90625,2106417.9375,1731375000.0,13.402501125,,,,16.597498875
quartz,miniFE.x,-nx 100 -ny 100 -nz 100,1,0.2166,3027000000.0,11875000000.0,1213000000.0,26613000000.0,244000000.0,61000000.0,72000000.0,3000000.0,45.5,3226588921.5,131706763.5,24789.5,1303.5,69000000.0,5.654979000000001,,,,7.341020999999998
quartz,miniFE.x,-nx 100 -ny 100 -nz 100,32,0.1,125531250.0,432906250.0,61937500.0,995312500.0,21406250.0,2000000.0,5218750.0,0.0,45.328125,113459106.15625,4842989.734375,120629.59375,10749.53125,4656250.0,0.690265828125,,,,5.309734171875
quartz,miniFE.x,-nx 100 -ny 100 -nz 50,1,0.1333,1514000000.0,5936000000.0,609000000.0,13322000000.0,126000000.0,31000000.0,36000000.0,1000000.0,5.5,1616285189.5,65839252.5,24789.5,1304.5,33000000.0,3.1013820000000005,,,,4.896618
quartz,miniFE.x,-nx 100 -ny 100 -nz 50,32,0.1,66875000.0,226562500.0,34968750.0,524500000.0,6750000.0,1000000.0,1156250.0,0.0,30.765625,59869370.640625,2627363.703125,120629.59375,10749.625,3687500.0,0.44808778125,,,,5.55191221875
quartz,miniFE.x,-nx 100 -ny 50 -nz 50,1,0.0666,754000000.0,2957000000.0,306000000.0,6647000000.0,133000000.0,15000000.0,31000000.0,0.0,3.0,809344882.5,32906175.5,24789.5,1307.0,18000000.0,1.5282715,,,,2.4677285000000007
quartz,miniFE.x,-nx 100 -ny 50 -nz 50,32,0.1,38250000.0,125375000.0,22093750.0,293812500.0,3593750.0,0.0,0.0,0.0,28.765625,30758479.5,1452856.546875,120583.09375,10749.5625,1375000.0,0.314950953125,,,,5.685049046875
quartz,miniFE.x,-nx 100 -ny 75 -nz 50,1,0.1166,1134000000.0,4448000000.0,455000000.0,9984000000.0,92000000.0,23000000.0,25000000.0,1000000.0,4.0,1212437473.5,49368997.0,24789.5,1306.5,25000000.0,2.1280600000000005,,,,4.867939999999999
quartz,miniFE.x,-nx 100 -ny 75 -nz 50,32,0.1,52031250.0,174125000.0,28000000.0,404656250.0,3875000.0,0.0,468750.0,0.0,32.765625,45695592.25,2032823.109375,120629.59375,10749.625,2593750.0,0.4033669218750001,,,,5.5966330781249995
quartz,miniFE.x,-nx 100 -ny 75 -nz 75,1,0.1333,1702000000.0,6676000000.0,681000000.0,14971000000.0,140000000.0,34000000.0,41000000.0,2000000.0,4.5,1817475685.0,73980881.5,24789.5,1304.5,41000000.0,3.157099,,,,4.840901000000001
quartz,miniFE.x,-nx 100 -ny 75 -nz 75,32,0.1,72468750.0,247906250.0,36375000.0,572750000.0,10906250.0,1000000.0,2343750.0,0.0,36.9375,66099802.328125,2880511.546875,120629.59375,10749.5625,4187500.0,0.4759628125,,,,5.5240371875
quartz,miniFE.x,-nx 125 -ny 100 -nz 100,1,0.2666,3783000000.0,14844000000.0,1507000000.0,33249000000.0,274000000.0,77000000.0,86000000.0,3000000.0,4.5,4031746836.0,164320482.0,24789.5,1299.5,89000000.0,6.8692515000000025,,,,9.126748499999998
quartz,miniFE.x,-nx 125 -ny 100 -nz 100,32,0.1166,154531250.0,535781250.0,75062500.0,1229687500.0,20937500.0,2000000.0,5062500.0,0.0,27.609375,141043549.078125,5988772.4375,120583.09375,10749.546875,5687500.0,0.7925934374999998,,,,6.2034065625
quartz,miniFE.x,-nx 125 -ny 100 -nz 50,1,0.15,1896000000.0,7430000000.0,756000000.0,16662000000.0,140000000.0,38000000.0,44000000.0,2000000.0,5.5,2019752655.5,82230718.5,24789.5,1301.0,46000000.0,3.6147260000000014,,,,5.385273999999999
quartz,miniFE.x,-nx 125 -ny 100 -nz 50,32,0.1166,81062500.0,277781250.0,41625000.0,641093750.0,12718750.0,1000000.0,2937500.0,0.0,19.609375,74190517.4375,3242116.796875,120629.59375,10749.453125,4343750.0,0.522957640625,,,,6.4730423593749995
quartz,miniFE.x,-nx 125 -ny 125 -nz 125,1,0.4166,5936000000.0,23285000000.0,2351000000.0,52109000000.0,454000000.0,120000000.0,125000000.0,6000000.0,6.0,6298377241.5,256768967.5,24789.5,1300.5,155000000.0,11.0157625,,,,13.980237500000003
quartz,miniFE.x,-nx 125 -ny 125 -nz 125,32,0.1333,234750000.0,821062500.0,110000000.0,1877625000.0,38500000.0,4000000.0,9406250.0,0.0,46.0,215867924.71875,9051566.625,120629.59375,10749.4375,6812500.0,1.1153501874999998,,,,6.8826498125
quartz,miniFE.x,-nx 125 -ny 125 -nz 50,1,0.1833,2379000000.0,9318000000.0,944000000.0,20883000000.0,171000000.0,48000000.0,54000000.0,2000000.0,4.5,2522376081.5,102747627.0,24789.5,1302.5,53000000.0,4.602338,,,,6.395662
quartz,miniFE.x,-nx 125 -ny 125 -nz 50,32,0.1,100187500.0,344062500.0,50437500.0,792875000.0,16750000.0,1000000.0,4000000.0,0.0,41.25,91589810.5,3952289.671875,120629.59375,10749.40625,4968750.0,0.5938456875,,,,5.4061543125
quartz,miniFE.x,-nx 125 -ny 50 -nz 50,1,0.0833,941000000.0,3692000000.0,379000000.0,8296000000.0,247000000.0,19000000.0,56000000.0,0.0,5.0,1012213372.0,41154861.0,24789.5,1304.5,23000000.0,1.777276,,,,3.220724
quartz,miniFE.x,-nx 125 -ny 50 -nz 50,32,0.0833,44562500.0,148343750.0,24656250.0,345156250.0,5281250.0,0.0,656250.0,0.0,13.421875,38415865.71875,1761085.5625,120583.09375,10749.640625,2062500.0,0.347701953125,,,,4.650298046875
quartz,miniFE.x,-nx 125 -ny 75 -nz 50,1,0.1166,1423000000.0,5573000000.0,568000000.0,12503000000.0,118000000.0,29000000.0,31000000.0,1000000.0,5.0,1515348611.5,61738626.0,24789.5,1302.5,35000000.0,2.6455730000000006,,,,4.350426999999999
quartz,miniFE.x,-nx 125 -ny 75 -nz 50,32,0.1,60656250.0,207937500.0,30968750.0,481062500.0,10187500.0,1000000.0,1750000.0,0.0,30.71875,56557492.125,2491544.078125,120629.59375,10749.53125,3625000.0,0.4479618593750001,,,,5.552038140625
quartz,miniFE.x,-nx 125 -ny 75 -nz 75,1,0.1666,2128000000.0,8352000000.0,849000000.0,18722000000.0,178000000.0,43000000.0,50000000.0,2000000.0,5.0,2270419503.0,92420498.5,24789.5,1302.0,47000000.0,4.117013,,,,5.878987
quartz,miniFE.x,-nx 125 -ny 75 -nz 75,32,0.0833,88125000.0,305125000.0,43375000.0,703468750.0,9625000.0,1000000.0,2031250.0,0.0,14.03125,82270621.359375,3560455.328125,120629.59375,10749.53125,4343750.0,0.5646846562500001,,,,4.43331534375
quartz,miniFE.x,-nx 150 -ny 100 -nz 100,1,0.3333,4541000000.0,17825000000.0,1816000000.0,39925000000.0,381000000.0,92000000.0,103000000.0,5000000.0,4.0,4838575452.0,197291250.5,24789.5,1298.5,110000000.0,8.467139500000002,,,,11.530860499999996
quartz,miniFE.x,-nx 150 -ny 100 -nz 100,32,0.1166,185218750.0,642125000.0,90000000.0,1472250000.0,19312500.0,3000000.0,4875000.0,0.0,31.4375,168437711.421875,7131396.859375,120583.09375,10749.34375,6218750.0,0.915701203125,,,,6.080298796875
quartz,miniFE.x,-nx 150 -ny 100 -nz 50,1,0.1666,2273000000.0,8911000000.0,912000000.0,19987000000.0,193000000.0,46000000.0,51000000.0,2000000.0,4.5,2423609809.0,98783749.0,24789.5,1300.5,51000000.0,4.1528045,,,,5.8431955
quartz,miniFE.x,-nx 150 -ny 100 -nz 50,32,0.1,98406250.0,335468750.0,50937500.0,773843750.0,15843750.0,1000000.0,3656250.0,0.0,14.921875,88857641.75,3838798.03125,120583.09375,10749.484375,4562500.0,0.57728234375,,,,5.42271765625
quartz,miniFE.x,-nx 150 -ny 125 -nz 125,1,0.4833,7130000000.0,27959000000.0,2824000000.0,62556000000.0,611000000.0,143000000.0,161000000.0,9000000.0,5.0,7555310932.5,308158559.0,24789.5,1300.0,179000000.0,13.305719000000005,,,,15.692280999999996
quartz,miniFE.x,-nx 150 -ny 125 -nz 125,32,0.1333,290218750.0,1005000000.0,139875000.0,2300687500.0,46687500.0,4000000.0,11093750.0,0.0,20.53125,258331725.984375,10811673.75,120629.59375,10749.453125,8500000.0,1.282578125,,,,6.7154218750000005
quartz,miniFE.x,-nx 150 -ny 125 -nz 50,1,0.2166,2846000000.0,11164000000.0,1133000000.0,25020000000.0,241000000.0,58000000.0,63000000.0,3000000.0,5.0,3025951351.0,123324632.0,24789.5,1301.5,68000000.0,5.194372,,,,7.801627999999998
quartz,miniFE.x,-nx 150 -ny 125 -nz 50,32,0.1,117812500.0,408093750.0,58593750.0,938562500.0,17375000.0,1843750.0,4156250.0,0.0,15.421875,109669518.359375,4707357.828125,120629.59375,10749.453125,4906250.0,0.6628030624999999,,,,5.3371969375
quartz,miniFE.x,-nx 150 -ny 150 -nz 150,1,0.7333,10279000000.0,40316000000.0,4070000000.0,90175000000.0,881000000.0,205000000.0,227000000.0,11000000.0,4.0,10876358251.0,443898538.5,24789.5,1298.5,233000000.0,19.601003500000008,,,,24.39699649999999
quartz,miniFE.x,-nx 150 -ny 150 -nz 150,32,0.1333,421843750.0,1449281250.0,207062500.0,3309625000.0,43093750.0,6156250.0,9718750.0,0.0,13.609375,366393112.9375,15272360.234375,120629.59375,10749.46875,12843750.0,1.7522326718750003,,,,6.245767328125
quartz,miniFE.x,-nx 150 -ny 150 -nz 50,1,0.25,3442000000.0,13471000000.0,1366000000.0,30175000000.0,290000000.0,69000000.0,78000000.0,3000000.0,4.5,3631340575.5,148055956.5,24789.5,1300.5,82000000.0,6.496696000000001,,,,8.503304
quartz,miniFE.x,-nx 150 -ny 150 -nz 50,32,0.1166,149437500.0,505937500.0,78250000.0,1164000000.0,13875000.0,2000000.0,3281250.0,0.0,13.03125,130699694.109375,5586235.484375,120629.59375,10749.484375,6125000.0,0.746296125,,,,6.249703875
quartz,miniFE.x,-nx 150 -ny 50 -nz 50,1,0.1,1132000000.0,4439000000.0,458000000.0,9976000000.0,80000000.0,23000000.0,24000000.0,1000000.0,4.5,1213483503.0,49262718.5,24789.5,1302.0,25000000.0,2.0909945000000008,,,,3.9090054999999992
quartz,miniFE.x,-nx 150 -ny 50 -nz 50,32,0.1,53656250.0,178281250.0,29875000.0,414968750.0,7187500.0,31250.0,1375000.0,0.0,16.59375,46357181.078125,2096253.234375,120629.59375,10749.53125,2625000.0,0.3842586874999999,,,,5.6157413125
quartz,miniFE.x,-nx 150 -ny 75 -nz 50,1,0.1333,1703000000.0,6678000000.0,681000000.0,14980000000.0,144000000.0,34000000.0,38000000.0,2000000.0,4.5,1817503138.5,74128405.5,24789.5,1301.0,41000000.0,3.0866985000000007,,,,4.9113014999999995
quartz,miniFE.x,-nx 150 -ny 75 -nz 50,32,0.1,72562500.0,248875000.0,36812500.0,575406250.0,11625000.0,1000000.0,2437500.0,0.0,15.4375,67539420.125,2954505.734375,120583.09375,10749.453125,3875000.0,0.50207090625,,,,5.49792909375
quartz,miniFE.x,-nx 150 -ny 75 -nz 75,1,0.2,2549000000.0,10007000000.0,1020000000.0,22434000000.0,214000000.0,52000000.0,57000000.0,3000000.0,4.0,2724595517.0,111019517.0,24789.5,1300.5,60000000.0,4.6499135,,,,7.3500865
quartz,miniFE.x,-nx 150 -ny 75 -nz 75,32,0.1,104156250.0,362343750.0,50875000.0,833375000.0,16531250.0,1000000.0,3656250.0,0.0,21.640625,98058226.3125,4228480.078125,120629.59375,10749.453125,4687500.0,0.6163775000000001,,,,5.3836224999999995
quartz,miniFE.x,-nx 175 -ny 100 -nz 100,1,0.3666,5296000000.0,20792000000.0,2108000000.0,46555000000.0,456000000.0,107000000.0,120000000.0,5000000.0,4.5,5646049022.5,230398910.0,24789.5,1298.5,122000000.0,9.734266000000003,,,,12.261733999999995
quartz,miniFE.x,-nx 175 -ny 100 -nz 100,32,0.1333,214406250.0,745875000.0,103093750.0,1709718750.0,23625000.0,3000000.0,5906250.0,0.0,39.0625,196350927.40625,8280457.15625,120629.59375,10749.4375,6656250.0,1.0095508281250003,,,,6.988449171875
quartz,miniFE.x,-nx 175 -ny 100 -nz 50,1,0.2,2654000000.0,10404000000.0,1058000000.0,23321000000.0,224000000.0,54000000.0,59000000.0,2000000.0,4.5,2827560127.0,115100986.0,24789.5,1299.5,63000000.0,4.8246635,,,,7.1753365
quartz,miniFE.x,-nx 175 -ny 100 -nz 50,32,0.1,111437500.0,384031250.0,56187500.0,884718750.0,14187500.0,1187500.0,3031250.0,0.0,21.796875,103127556.8125,4427962.140625,120583.09375,10749.40625,5062500.0,0.63271465625,,,,5.36728534375
quartz,miniFE.x,-nx 175 -ny 125 -nz 125,1,0.5833,8322000000.0,32630000000.0,3291000000.0,72994000000.0,718000000.0,167000000.0,193000000.0,8000000.0,4.5,8814501187.0,360303299.0,24789.5,1298.5,194000000.0,15.707550499999995,,,,19.29044950000001
quartz,miniFE.x,-nx 175 -ny 125 -nz 125,32,0.1333,338875000.0,1170562500.0,164875000.0,2676281250.0,62593750.0,5000000.0,14812500.0,0.0,30.234375,300729544.40625,12556008.90625,120583.09375,10749.375,10968750.0,1.46051446875,,,,6.537485531250001
quartz,miniFE.x,-nx 175 -ny 125 -nz 50,1,0.25,3318000000.0,13008000000.0,1321000000.0,29151000000.0,284000000.0,67000000.0,72000000.0,3000000.0,11.5,3532691654.0,143950925.0,24789.5,1298.0,82000000.0,6.016005500000002,,,,8.983994499999998
quartz,miniFE.x,-nx 175 -ny 125 -nz 50,32,0.1166,137593750.0,475718750.0,68562500.0,1093562500.0,23312500.0,2000000.0,5343750.0,0.0,45.109375,127405805.0625,5461858.421875,120629.59375,10749.390625,5687500.0,0.7279793906249998,,,,6.268020609375
quartz,miniFE.x,-nx 175 -ny 150 -nz 150,1,0.8333,12017000000.0,47093000000.0,4736000000.0,105289000000.0,1043000000.0,239000000.0,263000000.0,12000000.0,6.5,12688355479.0,517674799.5,24789.5,1298.5,298000000.0,22.67897899999999,,,,27.319021000000014
quartz,miniFE.x,-nx 175 -ny 150 -nz 150,32,0.1333,489875000.0,1690531250.0,237468750.0,3863000000.0,51437500.0,7687500.0,10718750.0,0.0,11.21875,426571099.28125,17759471.359375,120583.09375,10749.453125,14687500.0,2.0312253125,,,,5.9667746875
quartz,miniFE.x,-nx 175 -ny 150 -nz 50,1,0.3,4011000000.0,15701000000.0,1585000000.0,35160000000.0,347000000.0,81000000.0,90000000.0,4000000.0,5.5,4238335438.5,172648210.0,24789.5,1299.5,92000000.0,7.540371000000002,,,,10.459628999999998
quartz,miniFE.x,-nx 175 -ny 150 -nz 50,32,0.1166,162375000.0,563812500.0,79750000.0,1294031250.0,25843750.0,2000000.0,6250000.0,0.0,17.75,152124440.28125,6458893.609375,120629.59375,10749.390625,6437500.0,0.8237492812500002,,,,6.172250718749999
quartz,miniFE.x,-nx 175 -ny 175 -nz 175,1,1.1666,16395000000.0,64228000000.0,6441000000.0,143537000000.0,1493000000.0,325000000.0,369000000.0,19000000.0,4.0,17267165229.5,704562923.5,24789.5,1298.0,449000000.0,31.507722499999996,,,,38.48827750000001
quartz,miniFE.x,-nx 175 -ny 175 -nz 175,32,0.1833,650937500.0,2264062500.0,305750000.0,5161875000.0,62187500.0,10000000.0,11000000.0,0.0,25.609375,574961352.6875,23841448.96875,120629.59375,10749.328125,18000000.0,2.674774671875,,,,8.323225328125
quartz,miniFE.x,-nx 175 -ny 175 -nz 50,1,0.3333,4671000000.0,18291000000.0,1849000000.0,40959000000.0,392000000.0,95000000.0,102000000.0,4000000.0,3.5,4941205851.5,201416801.5,24789.5,1301.0,103000000.0,8.883992499999998,,,,11.1140075
quartz,miniFE.x,-nx 175 -ny 175 -nz 50,32,0.1166,193062500.0,665968750.0,96031250.0,1528250000.0,23312500.0,3000000.0,5656250.0,0.0,31.453125,176585461.375,7495531.859375,120629.59375,10749.453125,6437500.0,0.92586459375,,,,6.0701354062499995
quartz,miniFE.x,-nx 175 -ny 50 -nz 50,1,0.1,1323000000.0,5187000000.0,530000000.0,11646000000.0,115000000.0,27000000.0,29000000.0,1000000.0,5.0,1415237361.5,57501690.0,24789.5,1302.0,30000000.0,2.411286500000001,,,,3.588713499999999
quartz,miniFE.x,-nx 175 -ny 50 -nz 50,32,0.1,59062500.0,200500000.0,31406250.0,465375000.0,8687500.0,968750.0,1531250.0,0.0,24.734375,53986426.34375,2401636.484375,120629.59375,10749.53125,3250000.0,0.4324233124999999,,,,5.5675766875
quartz,miniFE.x,-nx 175 -ny 75 -nz 50,1,0.1666,1993000000.0,7813000000.0,793000000.0,17519000000.0,185000000.0,40000000.0,48000000.0,1000000.0,5.0,2122789240.5,86492604.0,24786.0,1300.0,48000000.0,3.656534500000001,,,,6.339465499999999
quartz,miniFE.x,-nx 175 -ny 75 -nz 50,32,0.1,84937500.0,291406250.0,43562500.0,673062500.0,14531250.0,1000000.0,3312500.0,0.0,26.4375,78945915.0625,3439966.421875,120629.59375,10749.46875,4343750.0,0.522539265625,,,,5.477460734375
quartz,miniFE.x,-nx 175 -ny 75 -nz 75,1,0.2166,2976000000.0,11679000000.0,1188000000.0,26176000000.0,254000000.0,60000000.0,66000000.0,2000000.0,4.5,3178965967.5,129602543.0,24789.5,1298.0,73000000.0,5.4957385000000025,,,,7.500261499999996
quartz,miniFE.x,-nx 175 -ny 75 -nz 75,32,0.1166,121375000.0,422687500.0,59156250.0,972250000.0,7500000.0,2000000.0,2000000.0,0.0,28.3125,114459845.90625,4893230.375,120583.09375,10749.390625,5125000.0,0.6774501093749999,,,,6.3185498906249995
quartz,miniFE.x,-nx 200 -ny 100 -nz 100,1,0.4333,6071000000.0,23818000000.0,2418000000.0,53324000000.0,480000000.0,122000000.0,134000000.0,6000000.0,4.5,6450943162.5,263029910.0,24789.5,1296.0,139000000.0,11.371100499999995,,,,14.626899500000006
quartz,miniFE.x,-nx 200 -ny 100 -nz 100,32,0.1333,247687500.0,859281250.0,120468750.0,1969656250.0,17906250.0,3968750.0,4187500.0,0.0,36.09375,224042609.015625,9429217.203125,120583.09375,10749.359375,7875000.0,1.0988816093750002,,,,6.899118390625
quartz,miniFE.x,-nx 200 -ny 100 -nz 50,1,0.2333,3037000000.0,11904000000.0,1215000000.0,26687000000.0,247000000.0,61000000.0,72000000.0,3000000.0,5.0,3228372379.5,131602477.5,24789.5,1297.5,76000000.0,5.5321565,,,,8.465843500000002
quartz,miniFE.x,-nx 200 -ny 100 -nz 50,32,0.1166,130437500.0,444906250.0,67281250.0,1025000000.0,26187500.0,2000000.0,5843750.0,0.0,21.734375,117814339.5,5047038.34375,120629.59375,10749.421875,5593750.0,0.6944174062500001,,,,6.301582593749999
quartz,miniFE.x,-nx 200 -ny 125 -nz 125,1,0.6666,9508000000.0,37286000000.0,3763000000.0,83405000000.0,797000000.0,190000000.0,204000000.0,11000000.0,4.5,10073272522.0,410838873.0,24789.5,1296.5,216000000.0,17.852263000000004,,,,22.14373699999999
quartz,miniFE.x,-nx 200 -ny 125 -nz 125,32,0.1333,386031250.0,1336312500.0,186375000.0,3054312500.0,49750000.0,6000000.0,10656250.0,0.0,39.8125,342829855.3125,14319480.84375,120583.09375,10749.328125,11375000.0,1.6424509375,,,,6.3555490625
quartz,miniFE.x,-nx 200 -ny 125 -nz 50,1,0.2833,3814000000.0,14933000000.0,1511000000.0,33448000000.0,318000000.0,77000000.0,84000000.0,4000000.0,4.5,4035559623.5,164432573.0,24789.5,1298.5,96000000.0,7.208269,,,,9.789731000000002
quartz,miniFE.x,-nx 200 -ny 125 -nz 50,32,0.1166,159718750.0,548843750.0,80562500.0,1261187500.0,26250000.0,2000000.0,5906250.0,0.0,39.015625,145865908.28125,6200168.984375,120629.59375,10749.34375,6312500.0,0.8232639531250001,,,,6.172736046874999
quartz,miniFE.x,-nx 200 -ny 150 -nz 150,1,0.95,13763000000.0,53925000000.0,5425000000.0,120548000000.0,1241000000.0,273000000.0,321000000.0,15000000.0,5.0,14502378109.0,591746164.5,24789.5,1296.0,294000000.0,26.307395500000002,,,,30.692604499999998
quartz,miniFE.x,-nx 200 -ny 150 -nz 150,32,0.1666,556937500.0,1925375000.0,267718750.0,4397437500.0,63375000.0,8812500.0,11937500.0,0.0,14.296875,486949283.53125,20252431.875,120629.59375,10749.34375,15843750.0,2.2492563906250007,,,,7.746743609375
quartz,miniFE.x,-nx 200 -ny 150 -nz 50,1,0.3166,4592000000.0,17971000000.0,1820000000.0,40242000000.0,392000000.0,92000000.0,105000000.0,5000000.0,5.0,4842024436.5,197328007.5,24789.5,1297.0,116000000.0,8.600737000000002,,,,10.395262999999996
quartz,miniFE.x,-nx 200 -ny 150 -nz 50,32,0.1166,193687500.0,663250000.0,98343750.0,1524218750.0,30937500.0,3000000.0,7031250.0,0.0,20.859375,173725341.453125,7370130.203125,120629.59375,10749.40625,6656250.0,0.903712609375,,,,6.092287390625
quartz,miniFE.x,-nx 200 -ny 175 -nz 175,1,1.3333,18765000000.0,73498000000.0,7364000000.0,164224000000.0,1733000000.0,371000000.0,451000000.0,26000000.0,4.0,19734415022.5,805446707.5,24789.5,1297.0,407000000.0,36.1294385,,,,43.86856149999999
quartz,miniFE.x,-nx 200 -ny 175 -nz 175,32,0.1833,740875000.0,2583312500.0,344531250.0,5888593750.0,94531250.0,12000000.0,16531250.0,0.0,26.171875,656487373.078125,27226259.21875,120629.59375,10749.328125,21062500.0,3.0548944062499994,,,,7.9431055937499995
quartz,miniFE.x,-nx 200 -ny 175 -nz 50,1,0.3833,5359000000.0,20972000000.0,2113000000.0,46945000000.0,451000000.0,108000000.0,117000000.0,6000000.0,4.5,5647324742.5,230076237.5,24789.5,1297.5,135000000.0,9.8782645,,,,13.119735499999997
quartz,miniFE.x,-nx 200 -ny 175 -nz 50,32,0.1166,218250000.0,756781250.0,107375000.0,1735437500.0,15343750.0,3000000.0,3906250.0,0.0,21.046875,200891904.984375,8520910.421875,120629.59375,10749.390625,7375000.0,1.0172719843750002,,,,5.978728015624999
quartz,miniFE.x,-nx 200 -ny 200 -nz 200,1,1.7833,24539000000.0,96062000000.0,9638000000.0,214607000000.0,2377000000.0,483000000.0,581000000.0,25000000.0,4.5,25767982350.5,1051784219.5,24789.5,1299.5,592000000.0,50.067367499999996,,,,56.93063250000001
quartz,miniFE.x,-nx 200 -ny 200 -nz 200,32,0.2333,987375000.0,3410906250.0,470375000.0,7769968750.0,142250000.0,15500000.0,24812500.0,1000000.0,10.953125,851290595.15625,35180681.078125,120629.59375,10749.296875,26156250.0,3.9044736093749988,,,,10.093526390625001
quartz,miniFE.x,-nx 200 -ny 200 -nz 50,1,0.4333,6130000000.0,23987000000.0,2424000000.0,53695000000.0,512000000.0,123000000.0,141000000.0,6000000.0,5.5,6453014172.5,263222221.5,24789.5,1296.5,146000000.0,11.712288000000001,,,,14.285712
quartz,miniFE.x,-nx 200 -ny 200 -nz 50,32,0.1333,248781250.0,862500000.0,121906250.0,1976156250.0,35687500.0,4000000.0,7843750.0,0.0,12.984375,228857898.265625,9677857.984375,120629.59375,10749.359375,8156250.0,1.128259828125,,,,6.869740171875
quartz,miniFE.x,-nx 200 -ny 50 -nz 50,1,0.1166,1517000000.0,5946000000.0,610000000.0,13349000000.0,133000000.0,31000000.0,35000000.0,1000000.0,30.0,1616501717.0,65760082.0,24789.5,1299.0,37000000.0,2.7670605000000013,,,,4.228939499999998
quartz,miniFE.x,-nx 200 -ny 50 -nz 50,32,0.1,65812500.0,224968750.0,34281250.0,520718750.0,9312500.0,1000000.0,1781250.0,0.0,11.859375,61864248.8125,2737783.296875,120629.59375,10749.5,3531250.0,0.4592171875000001,,,,5.5407828125
quartz,miniFE.x,-nx 200 -ny 75 -nz 50,1,0.1666,2286000000.0,8950000000.0,908000000.0,20064000000.0,198000000.0,46000000.0,53000000.0,2000000.0,4.5,2424276720.5,98731914.5,24789.5,1297.0,52000000.0,4.4492135,,,,5.5467865000000005
quartz,miniFE.x,-nx 200 -ny 75 -nz 50,32,0.1166,95718750.0,329562500.0,48562500.0,759906250.0,16093750.0,1000000.0,3500000.0,0.0,29.296875,89948513.984375,3910364.078125,120629.59375,10749.390625,4468750.0,0.569148578125,,,,6.426851421875
quartz,miniFE.x,-nx 200 -ny 75 -nz 75,1,0.25,3406000000.0,13365000000.0,1359000000.0,29949000000.0,288000000.0,69000000.0,77000000.0,4000000.0,5.0,3631380691.5,147929794.5,24789.5,1297.5,75000000.0,6.2384840000000015,,,,8.761515999999999
quartz,miniFE.x,-nx 200 -ny 75 -nz 75,32,0.1,136875000.0,478218750.0,66312500.0,1098125000.0,18906250.0,2000000.0,4250000.0,0.0,17.65625,130324344.734375,5566932.21875,120629.59375,10749.34375,5375000.0,0.7234245468750001,,,,5.276575453125
quartz,miniFE.x,-nx 50 -ny 50 -nz 50,1,0.05,344000000.0,1311000000.0,145000000.0,3004000000.0,21000000.0,6000000.0,7000000.0,0.0,48.0,390142986.5,16605196.0,24789.5,1270.0,7000000.0,0.627903,,,,2.372097
quartz,miniFE.x,-nx 50 -ny 50 -nz 50,32,0.0833,18343750.0,57437500.0,11218750.0,137468750.0,1625000.0,0.0,0.0,0.0,22.5,15310648.953125,762220.390625,120629.59375,10748.546875,843750.0,0.27459140624999995,,,,4.72340859375
quartz,miniFE.x,-nx 75 -ny 50 -nz 50,1,0.05,564000000.0,2211000000.0,228000000.0,4972000000.0,102000000.0,11000000.0,22000000.0,0.0,4.5,610089126.0,24742388.5,24789.5,1309.0,12000000.0,1.0335434999999995,,,,1.9664565000000005
quartz,miniFE.x,-nx 75 -ny 50 -nz 50,32,0.1,27562500.0,90656250.0,15625000.0,212031250.0,3625000.0,0.0,0.0,0.0,27.109375,23237689.640625,1118942.859375,120583.09375,10749.703125,1406250.0,0.2761608125,,,,5.7238391875
quartz,miniFE.x,-nx 75 -ny 75 -nz 50,1,0.0833,852000000.0,3337000000.0,341000000.0,7493000000.0,80000000.0,17000000.0,23000000.0,0.0,4.5,911453142.0,37055673.5,24789.5,1307.0,20000000.0,1.5935625000000002,,,,3.4044375000000002
quartz,miniFE.x,-nx 75 -ny 75 -nz 50,32,0.1,39531250.0,131250000.0,21500000.0,305593750.0,5343750.0,0.0,218750.0,0.0,20.015625,33751662.359375,1565742.453125,120629.59375,10749.6875,1718750.0,0.3245983593750001,,,,5.675401640625
quartz,miniFE.x,-nx 75 -ny 75 -nz 75,1,0.1,1272000000.0,4994000000.0,510000000.0,11206000000.0,85000000.0,26000000.0,28000000.0,1000000.0,33.0,1362970631.0,55482337.0,24789.5,1305.0,27000000.0,2.3129435000000007,,,,3.6870564999999993
quartz,miniFE.x,-nx 75 -ny 75 -nz 75,32,0.1,55781250.0,189812500.0,28843750.0,439718750.0,8343750.0,250000.0,1562500.0,0.0,11.84375,49881222.90625,2198357.65625,120629.59375,10749.5,3031250.0,0.395420953125,,,,5.604579046875
quartz,minigan,,1,0.0333,225416666.66666663,320416666.6666667,35583333.333333336,802611111.1111113,0.0,27777.777777777777,0.0,0.0,9581.458333333334,24425780.18055556,4462536.125,525.0555555555555,30141.902777777777,18916666.666666668,0.4185851111111112,,,,1.579414888888889
quartz,minigan,,1,0.0333,336722222.22222215,496361111.1111111,60083333.33333334,1246666666.6666667,138888.88888888888,55555.555555555555,0.0,27777.777777777777,27141.41666666667,54701036.43055555,12219846.944444446,525.0555555555555,30141.902777777777,55916666.66666666,0.6990859583333333,,,,1.298914041666667
quartz,minigan,,1,0.05,192888888.88888893,272138888.8888889,29611111.11111111,681777777.7777778,27777.777777777777,27777.777777777777,0.0,0.0,6128.3611111111095,14791285.402777778,3200073.875,525.0555555555555,30141.902777777777,18500000.0,0.3796605972222222,,,,2.6203394027777778
quartz,minigan,,1,0.05,280388888.8888889,410111111.1111111,48472222.22222222,1029888888.8888887,27777.777777777777,27777.777777777777,0.0,0.0,20018.791666666668,41620070.875,8883175.13888889,525.0555555555555,30141.902777777777,41916666.66666666,0.6896929722222225,,,,2.3103070277777773
quartz,minigan,,1,0.05,330083333.3333333,471000000.0,51972222.22222222,1178500000.0,27777.777777777777,0.0,0.0,0.0,14272.583333333336,29742957.277777776,6332422.138888889,525.0555555555555,30141.888888888887,29222222.222222224,0.456322,,,,2.543678
quartz,minigan,,1,0.05,377472222.22222215,564388888.8888887,70055555.55555555,1418416666.6666667,1722222.2222222222,55555.555555555555,0.0,27777.777777777777,35667.444444444445,73537297.70833333,16087750.833333336,525.0555555555555,30141.902777777777,78722222.22222222,0.8467450972222218,,,,2.1532549027777783
quartz,minigan,,1,0.05,443055555.5555557,667416666.6666666,84944444.44444445,1678944444.4444444,1805555.555555556,138888.88888888888,0.0,27777.777777777777,46674.694444444445,93078590.56944443,20380351.027777776,525.0555555555555,30141.902777777777,99000000.0,0.8411450694444443,,,,2.1588549305555556
quartz,minigan,,27,0.1,1112370370.3703704,2294518518.5185184,933407407.4074074,6823259259.259259,21111111.111111112,21037037.03703704,4222222.222222222,2222222.222222222,771215.222222222,1484491244.4074075,265338131.8148148,53501.33333333334,2105161.037037037,324000000.0,1.873831777777777,,,,4.126168222222223
quartz,minigan,,27,0.1166,1558814814.8148148,3244222222.2222233,1318074074.074074,9637481481.481482,35851851.85185185,28370370.37037037,6444444.444444444,3703703.703703704,1097586.666666667,2120986831.6296296,391562573.25925934,58651.851851851854,2105430.2962962957,474074074.07407415,2.5862571111111112,,,,4.409742888888888
quartz,minigan,,27,0.1333,2023481481.4814816,4337111111.111111,1724888888.8888884,12740814814.814816,50074074.07407408,39259259.25925926,8592592.592592593,4740740.740740742,1535159.7777777778,2978434781.592593,529800728.5925926,53500.62962962963,2105161.074074074,617111111.1111113,3.5188495925925927,,,,4.479150407407408
quartz,minigan,,27,0.1,358592592.59259266,844740740.7407408,346074074.07407415,2471111111.111111,15259259.25925926,8370370.37037037,1555555.5555555557,666666.6666666665,344952.96296296304,657484141.1481483,117406516.81481482,53501.37037037037,2105161.111111111,129407407.4074074,0.7170874814814815,,,,5.282912518518518
quartz,minigan,,27,0.1,522666666.6666667,1287629629.6296294,534814814.81481487,3761037037.037037,25259259.25925925,12962962.962962965,3555555.5555555555,1407407.4074074074,543948.2222222221,1041073755.0,189023827.1851852,58697.814814814825,2105431.925925926,214518518.5185185,1.051961259259259,,,,4.948038740740741
quartz,minigan,,27,0.15,2977777777.7777767,6011777777.777778,2537925925.925925,18161259259.25926,65629629.62962963,52888888.88888889,11037037.037037035,6518518.518518519,2090054.0,4056754224.1481476,746635841.2962964,56077.62962962963,2105295.777777778,870518518.5185188,4.859639851851852,,,,4.140360148148148
quartz,minigan,,27,0.1666,3492444444.444445,7446740740.740741,3026370370.3703704,22046518518.51852,98666666.66666669,68740740.74074075,18000000.0,8000000.0,2708395.222222222,5251880421.777778,936064195.7407408,61296.111111111124,2105567.4814814813,1167111111.1111116,6.2727215925925925,,,,3.723278407407408
quartz,miniqmc,,1,0.0333,412000000.0,587888888.8888887,65305555.55555555,1474111111.1111116,27777.777777777777,55555.555555555555,0.0,0.0,18545.20833333333,39454580.152777776,8436323.861111112,525.0555555555555,30141.888888888887,39111111.11111111,0.7567937916666665,,,,1.2412062083333337
quartz,miniqmc,,1,0.05,250611111.11111107,352805555.55555564,38638888.88888889,885222222.2222222,55555.555555555555,0.0,0.0,0.0,7948.319444444444,21331856.18055556,4297165.5,525.0555555555555,30141.888888888887,17444444.444444444,0.6240817083333335,,,,2.3759182916666663
quartz,miniqmc,,1,0.05,342194444.4444444,485666666.6666667,53194444.44444445,1215916666.6666667,0.0,27777.777777777777,0.0,0.0,12505.388888888889,31270260.319444444,5968108.208333332,525.0555555555555,30141.888888888887,33027777.777777776,0.3988480694444442,,,,2.601151930555556
quartz,miniqmc,,1,0.05,351916666.6666667,515972222.22222215,62000000.0,1295694444.4444444,416666.66666666674,0.0,0.0,0.0,26422.625,55735466.0,11844056.708333332,525.0555555555555,30141.902777777777,61888888.88888889,0.807838180555556,,,,2.192161819444444
quartz,miniqmc,,1,0.05,422361111.1111111,625722222.2222222,76472222.22222222,1572027777.7777774,1500000.0,83333.33333333331,0.0,0.0,35865.625,73982926.30555555,16295386.736111112,525.0555555555555,30141.902777777777,73638888.88888891,1.0795354027777784,,,,1.9204645972222216
quartz,miniqmc,,1,0.05,530833333.3333333,789500000.0,97194444.44444443,1982833333.3333333,1666666.666666667,277777.7777777777,0.0,27777.777777777777,47372.27777777778,98314698.93055557,21271712.861111112,525.0555555555555,30141.888888888887,97166666.66666669,1.2688500138888894,,,,1.7311499861111106
quartz,miniqmc,,1,0.05,639722222.2222222,955833333.3333334,119222222.22222222,2403305555.5555553,2055555.555555556,2000000.0,0.0,55555.555555555555,61250.47222222223,121561576.19444443,27072942.58333333,525.0555555555555,30141.888888888887,124611111.11111107,1.5376497361111117,,,,1.4623502638888883
quartz,miniqmc,,27,0.1166,1541407407.4074075,3185777777.7777767,1306962962.9629624,9415185185.185184,38888888.88888889,28222222.222222224,6962962.962962963,3037037.037037037,1075597.962962963,2069342983.5925925,462895393.48148143,58651.814814814825,2105430.222222222,437037037.037037,2.5196522592592596,,,,4.47634774074074
quartz,miniqmc,,27,0.1166,2212666666.6666665,4537037037.037037,1890370370.3703704,13489925925.925926,58370370.37037037,38296296.2962963,9777777.777777778,5333333.333333333,1526959.259259259,2959965456.5185184,676696742.1111113,53501.33333333334,2105161.037037037,607851851.8518517,3.4502692222222238,,,,3.545730777777776
quartz,miniqmc,,27,0.1,448444444.4444444,1115037037.0370374,467185185.18518513,3245481481.4814816,14814814.814814815,11481481.48148148,2000000.0,1333333.333333333,458785.2962962964,874508931.962963,179669684.88888887,63868.40740740741,2105701.8518518517,177703703.70370367,0.9404522592592592,,,,5.059547740740741
quartz,miniqmc,,27,0.15,2694296296.296296,5889185185.185185,2331555555.5555553,17091333333.333334,56740740.74074074,53037037.03703704,11037037.037037035,6592592.592592592,2046623.7777777773,3969132370.407407,895382252.1481483,61296.07407407407,2105567.4074074067,859259259.2592592,4.66465751851852,,,,4.33534248148148
quartz,miniqmc,,27,0.1,624370370.3703704,1685555555.5555556,647333333.3333334,4709629629.62963,31407407.40740741,18000000.0,5259259.259259258,2074074.0740740744,724075.074074074,1385995976.4074075,289471046.3333334,61295.259259259255,2105567.4444444445,293481481.4814815,1.404287148148148,,,,4.595712851851852
quartz,miniqmc,,27,0.1833,3522740740.740741,7796296296.296295,3184666666.6666665,22806740740.74074,99703703.7037037,71703703.7037037,16888888.888888888,9037037.037037035,2779402.777777778,5398086199.888889,1272835907.6666667,56055.59259259259,2105294.888888889,1152444444.4444444,6.500807888888887,,,,4.497192111111112
quartz,miniqmc,,27,0.2,4986666666.666667,10503407407.407408,4465925925.925926,31303703703.703705,116074074.07407407,90222222.22222222,22518518.51851852,11481481.48148148,3448976.5925925933,6679013628.555553,1461233058.8148148,53501.37037037037,2105161.111111111,1515851851.851852,8.07123937037037,,,,3.9287606296296307
quartz,minitri,,1,0.05,276000000.0,391416666.6666667,43944444.44444445,981805555.5555557,0.0,0.0,0.0,0.0,9814.847222222224,22952674.402777776,5325253.222222223,525.0555555555555,30141.888888888887,28638888.88888889,0.5751196805555557,,,,2.424880319444444
quartz,minitri,,1,0.05,338888888.8888889,494305555.5555557,58972222.22222222,1242138888.8888884,388888.88888888893,27777.777777777777,0.0,0.0,22992.79166666667,52131670.0,10512477.472222222,525.0555555555555,30141.888888888887,46694444.44444445,0.7414427083333336,,,,2.2585572916666665
quartz,minitri,,1,0.05,394944444.4444444,560527777.7777778,61472222.22222222,1406916666.6666667,0.0,55555.555555555555,0.0,0.0,15544.388888888889,34669825.0,7388681.138888889,525.0555555555555,30141.902777777777,39138888.88888889,0.6570618472222223,,,,2.3429381527777777
quartz,minitri,,1,0.05,456722222.22222215,668305555.5555558,79583333.33333333,1677722222.2222226,1361111.111111111,55555.555555555555,0.0,0.0,32728.819444444438,68736750.44444445,14799208.152777778,525.0555555555555,30141.902777777777,64638888.88888889,1.2746770972222223,,,,1.7253229027777777
quartz,minitri,,1,0.05,504138888.8888889,749305555.5555558,92916666.66666669,1882666666.6666667,1666666.666666667,194444.4444444445,0.0,0.0,44579.319444444445,92674329.11111107,20328253.541666668,525.0555555555555,30141.902777777777,98777777.77777778,0.9011768194444444,,,,2.0988231805555557
quartz,minitri,,1,0.05,613111111.1111113,917611111.1111113,114888888.88888893,2305194444.444445,2722222.222222222,1861111.111111111,0.0,55555.555555555555,59334.22222222223,122557352.5,26649786.73611111,525.0555555555555,30141.902777777777,119694444.44444443,1.6228500555555558,,,,1.3771499444444442
quartz,minitri,,1,0.05,783805555.5555558,1174000000.0,146694444.44444445,2949500000.0,3500000.0,2000000.0,0.0,55555.555555555555,76363.47222222223,149232712.18055555,33841763.375,525.0555555555555,30141.902777777777,157361111.11111107,1.8275962222222224,,,,1.1724037777777776
quartz,minitri,,27,0.0833,532888888.8888889,1361111111.1111116,535925925.92592585,3856148148.1481476,23037037.03703704,15037037.037037035,3555555.5555555555,1777777.7777777778,556657.3703703703,1066364420.0,270784468.8518519,63862.0,2105701.740740741,217777777.77777785,1.1709999629629628,,,,3.8270000370370374
quartz,minitri,,27,0.1166,1942888888.8888886,4080148148.1481476,1636074074.074074,11880888888.888893,48888888.88888889,35333333.333333336,9333333.333333334,3703703.703703704,1341708.5925925926,2584916932.888889,697524032.8888887,63894.33333333334,2105702.888888889,555555555.5555557,3.05604862962963,,,,3.9399513703703697
quartz,minitri,,27,0.1333,2728370370.3703704,5756296296.296296,2424296296.296296,17013481481.481482,68074074.07407407,47925925.92592593,12222222.222222222,6296296.296296298,1864982.7777777773,3609230110.185185,1031085151.8888887,48304.18518518518,2104890.111111111,745555555.5555558,4.3145277037037015,,,,3.6834722962962987
quartz,minitri,,27,0.1666,3495259259.2592587,7521111111.111111,2976444444.444445,21772444444.444443,105481481.48148148,68370370.37037037,17703703.703703705,8888888.888888888,2614190.8518518517,5074570105.888889,1381464787.8888884,61296.07407407407,2105567.4074074067,1088296296.2962964,5.859346703703703,,,,4.136653296296298
quartz,minitri,,27,0.1,846666666.6666666,2211851851.851852,885925925.925926,6260962962.962963,32962962.96296297,22814814.81481481,6222222.222222223,2888888.888888888,902745.9629629628,1729691347.7407408,396551066.7407407,63893.444444444445,2105702.8518518517,368222222.22222215,1.7439141111111107,,,,4.256085888888889
quartz,minitri,,27,0.2,4797851851.85185,10288370370.37037,4186518518.518519,30001925925.925926,107925925.92592593,90592592.5925926,19555555.55555556,11777777.777777778,3473356.9259259263,6743077173.888889,1872885814.2222226,56099.62962962963,2105296.5925925933,1449259259.2592592,7.5843617407407375,,,,4.4156382592592625
quartz,minitri,,27,0.25,6143851851.85185,13159111111.111107,5395259259.259259,38521851851.85185,125555555.55555557,116518518.51851852,26000000.0,14592592.592592593,4510672.851851852,8741768309.592592,2255886941.555556,58697.0,2105431.888888889,1961629629.6296296,10.200119111111107,,,,4.799880888888893
quartz,miniVite,-l -p 1 -n 128,1,0.05,8876712.328767123,11150684.93150685,1589041.095890411,30821917.80821918,0.0,0.0,0.0,0.0,0.0136986301369863,3622.712328767123,13368.068493150686,679.1643835616437,29.575342465753426,27397.260273972603,0.03571880821917808,,,,2.964281191780822
quartz,miniVite,-l -p 1 -n 16384,32,0.1166,15781250.0,25093750.0,7468750.0,69437500.0,0.0,0.0,0.0,0.0,0.984375,1975172.78125,3831526.828125,116859.921875,10521.078125,593750.0,0.29337385937500005,,,,6.702626140624999
quartz,miniVite,-l -p 1 -n 256,1,0.0333,9287671.232876712,11643835.616438355,1726027.397260274,32273972.602739725,0.0,0.0,0.0,0.0,0.0136986301369863,7577.2054794520545,16587.67123287671,679.1643835616437,29.575342465753426,0.0,0.012378931506849315,,,,1.985621068493151
quartz,miniVite,-l -p 1 -n 32,1,0.0333,3863013.698630137,4876712.328767124,739726.0273972603,13479452.05479452,0.0,0.0,0.0,0.0,0.0136986301369863,281.6575342465753,4973.356164383562,679.1643835616437,29.56164383561644,0.0,0.02408109589041096,,,,1.9739189041095893
quartz,miniVite,-l -p 1 -n 4096,32,0.1,7156250.0,13937500.0,6093750.0,36375000.0,0.0,0.0,0.0,0.0,0.953125,178477.734375,766958.625,116859.921875,10521.03125,531250.0,0.29375106249999994,,,,5.7062489375
quartz,miniVite,-l -p 1 -n 512,1,0.0333,7671232.876712329,9753424.657534247,1397260.2739726028,26904109.58904109,0.0,0.0,0.0,0.0,0.0136986301369863,37234.23287671233,75047.69863013699,679.1643835616437,29.616438356164387,0.0,0.07972901369863013,,,,1.91827098630137
quartz,miniVite,-l -p 1 -n 64,1,0.0333,2958904.109589041,3643835.616438356,493150.68493150687,10191780.821917808,0.0,0.0,0.0,0.0,0.0136986301369863,718.3561643835617,4607.095890410958,679.1643835616437,29.589041095890412,27397.260273972603,0.05677139726027398,,,,1.9412286027397263
quartz,miniVite,-l -p 1 -n 8192,32,0.1,9843750.0,18375000.0,7218750.0,50250000.0,0.0,0.0,0.0,0.0,0.859375,654315.59375,1302132.890625,120629.59375,10860.265625,593750.0,0.2820677187499999,,,,5.71793228125
quartz,miniVite,-l -p 2 -n 128,1,0.0333,7342465.7534246575,9232876.712328767,1369863.01369863,25616438.356164385,0.0,0.0,0.0,0.0,0.0273972602739726,1034.5616438356162,16204.424657534248,679.1643835616437,29.56164383561644,0.0,0.030694424657534244,,,,1.967305575342466
quartz,miniVite,-l -p 2 -n 16384,32,0.1,19437500.0,30093750.0,8812500.0,84250000.0,0.0,0.0,0.0,0.0,0.8125,2317257.5625,4088858.421875,109320.546875,9842.6875,562500.0,0.29446187500000004,,,,5.705538125
quartz,miniVite,-l -p 2 -n 256,1,0.0333,15369863.01369863,19479452.05479452,2821917.808219178,53890410.95890411,0.0,0.0,0.0,0.0,0.0136986301369863,4157.383561643836,34513.04109589041,679.1643835616437,29.602739726027398,0.0,0.03621413698630137,,,,1.9617858630136988
quartz,miniVite,-l -p 2 -n 32,1,0.0333,5726027.397260274,7260273.97260274,1041095.8904109588,19890410.95890411,0.0,0.0,0.0,0.0,0.0273972602739726,381.8082191780822,3988.356164383562,679.1643835616437,29.56164383561644,0.0,0.037198,,,,1.9608020000000002
quartz,miniVite,-l -p 2 -n 4096,32,0.1,12187500.0,20812500.0,6750000.0,55375000.0,0.0,0.0,0.0,0.0,0.484375,272115.21875,867816.03125,113090.3125,10181.828125,500000.0,0.2604235625000001,,,,5.7395764375
quartz,miniVite,-l -p 2 -n 512,1,0.0333,21452054.79452055,26958904.10958904,3726027.397260274,74301369.86301371,0.0,0.0,0.0,0.0,0.0136986301369863,37225.3698630137,83656.42465753424,679.1643835616437,29.616438356164387,0.0,0.05175769863013698,,,,1.9462423013698633
quartz,miniVite,-l -p 2 -n 64,1,0.0333,6109589.04109589,7698630.136986301,1068493.1506849315,21397260.273972604,0.0,0.0,0.0,0.0,0.0136986301369863,463.35616438356163,3762.753424657534,679.1643835616437,29.56164383561644,0.0,0.030235465753424662,,,,1.9677645342465755
quartz,miniVite,-l -p 2 -n 8192,32,0.1,15187500.0,25218750.0,7843750.0,67812500.0,0.0,0.0,0.0,0.0,0.703125,650619.109375,1400261.078125,116859.875,10521.0,500000.0,0.26459035937500003,,,,5.735409640625
quartz,miniVite,-l -p 3 -n 128,1,0.0333,4410958.904109589,5561643.835616439,767123.2876712328,15369863.01369863,0.0,0.0,0.0,0.0,0.0136986301369863,1677.917808219178,11888.671232876712,679.1643835616437,29.56164383561644,27397.260273972603,0.006051602739726026,,,,1.9919483972602743
quartz,miniVite,-l -p 3 -n 16384,32,0.1,14406250.0,24687500.0,9000000.0,66468750.0,250000.0,0.0,0.0,0.0,0.78125,2006658.859375,4200660.640625,116859.984375,10521.09375,531250.0,0.2959003750000001,,,,5.704099625
quartz,miniVite,-l -p 3 -n 256,1,0.0333,16191780.821917808,20575342.465753425,2931506.8493150687,56794520.54794521,0.0,0.0,0.0,0.0,0.0136986301369863,6887.821917808219,16282.424657534246,679.1643835616437,29.602739726027398,0.0,0.08660047945205479,,,,1.9113995205479455
quartz,miniVite,-l -p 3 -n 32,1,0.0333,7616438.356164384,9561643.835616438,1369863.01369863,26520547.94520548,0.0,0.0,0.0,0.0,0.0136986301369863,269.68493150684935,3809.246575342466,679.1643835616437,29.56164383561644,0.0,0.03582223287671233,,,,1.9621777671232878
quartz,miniVite,-l -p 3 -n 4096,32,0.1,7343750.0,15187500.0,6031250.0,36750000.0,0.0,0.0,0.0,0.0,0.78125,253153.265625,770139.078125,116859.984375,10521.03125,500000.0,0.270775359375,,,,5.729224640625
quartz,miniVite,-l -p 3 -n 512,1,0.05,27780821.91780822,35205479.45205479,4958904.109589041,97178082.19178082,0.0,0.0,0.0,0.0,0.0136986301369863,22305.027397260277,30771.83561643837,679.1643835616437,29.616438356164387,0.0,0.053704397260273984,,,,2.946295602739726
quartz,miniVite,-l -p 3 -n 64,1,0.0333,2958904.109589041,3671232.8767123288,520547.9452054794,10328767.12328767,0.0,0.0,0.0,0.0,0.0136986301369863,1092.5890410958903,6528.027397260274,679.1643835616437,29.589041095890412,0.0,0.0295581095890411,,,,1.968441890410959
quartz,miniVite,-l -p 3 -n 8192,32,0.1,18406250.0,27468750.0,7406250.0,75250000.0,0.0,0.0,0.0,0.0,0.78125,686751.390625,1212462.046875,120629.59375,10860.265625,593750.0,0.28506785937499995,,,,5.714932140625
quartz,miniVite,-l -p 4 -n 128,1,0.0333,2904109.589041096,3698630.1369863013,547945.205479452,10273972.602739723,0.0,0.0,0.0,0.0,0.0136986301369863,2853.3150684931506,7294.945205479452,679.1643835616437,29.589041095890412,0.0,0.036762041095890416,,,,1.9612379589041098
quartz,miniVite,-l -p 4 -n 16384,32,0.1,16468750.0,25343750.0,7625000.0,72656250.0,0.0,0.0,0.0,0.0,0.71875,2028748.359375,4144357.84375,113090.328125,10181.890625,593750.0,0.2894386250000001,,,,5.710561375
quartz,miniVite,-l -p 4 -n 256,1,0.0333,14849315.06849315,18794520.547945205,2575342.4657534244,52000000.0,0.0,0.0,0.0,0.0,0.0136986301369863,4054.027397260274,26155.50684931507,679.1643835616437,29.589041095890412,0.0,0.01290313698630137,,,,1.985096863013699
quartz,miniVite,-l -p 4 -n 32,1,0.05,3972602.739726028,4904109.589041096,712328.7671232877,13753424.657534247,0.0,0.0,0.0,0.0,0.0136986301369863,187.84931506849315,5181.712328767123,679.1643835616437,29.56164383561644,0.0,0.012703,,,,2.987297
quartz,miniVite,-l -p 4 -n 4096,32,0.1,6843750.0,13562500.0,5593750.0,36500000.0,0.0,0.0,0.0,0.0,0.9375,185757.171875,735728.265625,120583.09375,10860.265625,687500.0,0.2920370781250001,,,,5.707962921875
quartz,miniVite,-l -p 4 -n 512,1,0.05,16849315.06849315,21315068.493150685,3041095.890410959,58958904.10958904,0.0,0.0,0.0,0.0,0.0136986301369863,24045.369863013697,38779.76712328767,679.1643835616437,29.616438356164387,0.0,0.05000130136986302,,,,2.949998698630137
quartz,miniVite,-l -p 4 -n 64,1,0.05,6575342.465753425,8246575.342465754,1150684.9315068494,22821917.80821918,0.0,0.0,0.0,0.0,0.0136986301369863,660.6849315068494,4754.013698630138,679.1643835616437,29.56164383561644,27397.260273972603,0.00610409589041096,,,,2.993895904109589
quartz,miniVite,-l -p 4 -n 8192,32,0.0833,12406250.0,21500000.0,8593750.0,58906250.0,0.0,0.0,0.0,0.0,0.96875,779840.6875,1156311.453125,116859.921875,10521.0625,625000.0,0.27940096875000003,,,,4.71859903125
quartz,miniVite,-l -p 5 -n 128,1,0.0333,2630136.98630137,3287671.2328767125,465753.4246575342,9150684.93150685,0.0,0.0,0.0,0.0,0.0136986301369863,3414.5616438356165,6885.027397260274,679.1643835616437,29.602739726027398,0.0,0.036170287671232884,,,,1.9618297123287674
quartz,miniVite,-l -p 5 -n 16384,32,0.1,15125000.0,25593750.0,9843750.0,69937500.0,0.0,0.0,0.0,0.0,0.921875,2056234.671875,3776054.171875,113090.328125,10181.734375,718750.0,0.285534796875,,,,5.714465203125
quartz,miniVite,-l -p 5 -n 256,1,0.0333,13671232.87671233,17315068.493150685,2410958.9041095893,47917808.21917808,0.0,0.0,0.0,0.0,0.0136986301369863,7457.808219178082,19044.082191780824,679.1643835616437,29.589041095890412,0.0,0.047688602739726034,,,,1.9503113972602741
quartz,miniVite,-l -p 5 -n 32,1,0.0333,3041095.890410959,3835616.438356165,547945.205479452,10712328.767123288,0.0,0.0,0.0,0.0,0.0136986301369863,193.26027397260282,5162.328767123288,679.1643835616437,29.56164383561644,0.0,0.02320980821917808,,,,1.9747901917808222
quartz,miniVite,-l -p 5 -n 4096,32,0.1,10125000.0,16656250.0,5843750.0,46812500.0,0.0,0.0,0.0,0.0,0.796875,221407.828125,927063.5,120629.59375,10860.25,406250.0,0.28713646875,,,,5.71286353125
quartz,miniVite,-l -p 5 -n 512,1,0.05,19835616.438356165,25123287.671232875,3589041.095890411,69232876.71232876,0.0,0.0,0.0,0.0,0.0136986301369863,31434.342465753423,48616.34246575343,679.1643835616437,29.575342465753426,0.0,0.05387539726027397,,,,2.946124602739726
quartz,miniVite,-l -p 5 -n 64,1,0.0333,1780821.917808219,2246575.342465753,328767.12328767125,6301369.863013699,0.0,0.0,0.0,0.0,0.0136986301369863,698.2602739726027,8706.876712328767,679.1643835616437,29.589041095890412,0.0,0.023600849315068492,,,,1.9743991506849317
quartz,miniVite,-l -p 5 -n 8192,32,0.1,12343750.0,20062500.0,6531250.0,54687500.0,0.0,0.0,0.0,0.0,0.96875,717234.265625,1139449.96875,116859.875,10521.0625,656250.0,0.27150726562499994,,,,5.728492734375
quartz,miniVite,-l -p 6 -n 128,1,0.0333,10931506.849315068,13753424.657534247,1945205.4794520547,38027397.26027397,0.0,0.0,0.0,0.0,0.0136986301369863,1221.7808219178082,8492.78082191781,679.1643835616437,29.602739726027398,0.0,0.07367208219178083,,,,1.9243279178082193
quartz,miniVite,-l -p 6 -n 16384,32,0.1,16593750.0,26906250.0,10875000.0,76187500.0,375000.0,0.0,0.0,0.0,0.625,2009436.1875,4330504.859375,116859.875,10520.984375,625000.0,0.2912281250000001,,,,5.708771875
quartz,miniVite,-l -p 6 -n 256,1,0.05,19123287.671232875,24136986.301369864,3452054.794520548,66657534.24657534,0.0,0.0,0.0,0.0,0.0136986301369863,4745.767123287671,13218.027397260274,679.1643835616437,29.602739726027398,27397.260273972603,0.07300438356164382,,,,2.926995616438356
quartz,miniVite,-l -p 6 -n 32,1,0.0333,767123.2876712328,931506.8493150685,136986.301369863,2630136.98630137,0.0,0.0,0.0,0.0,0.0136986301369863,192.3013698630137,3243.6027397260273,679.1643835616437,29.56164383561644,27397.260273972603,0.02430346575342466,,,,1.9736965342465755
quartz,miniVite,-l -p 6 -n 4096,32,0.1,9968750.0,16625000.0,4875000.0,45000000.0,0.0,0.0,0.0,0.0,0.921875,269766.5,865091.875,116859.9375,10521.0625,500000.0,0.294402046875,,,,5.705597953125
quartz,miniVite,-l -p 6 -n 512,1,0.0333,18164383.561643835,22958904.10958904,3287671.2328767125,63616438.35616438,0.0,0.0,0.0,0.0,0.0136986301369863,27946.64383561644,42561.657534246566,679.1643835616437,29.616438356164387,0.0,0.05675783561643835,,,,1.9412421643835618
quartz,miniVite,-l -p 6 -n 64,1,0.0333,4630136.98630137,5808219.178082191,821917.8082191781,16000000.0,0.0,0.0,0.0,0.0,0.0136986301369863,660.2465753424657,4813.904109589042,679.1643835616437,29.575342465753426,27397.260273972603,0.02011454794520548,,,,1.9778854520547948
quartz,miniVite,-l -p 6 -n 8192,32,0.1,12218750.0,20000000.0,6625000.0,56812500.0,0.0,0.0,0.0,0.0,0.796875,741398.578125,1319753.3125,113090.265625,10181.84375,593750.0,0.271573125,,,,5.728426875
quartz,miniVite,-l -p 7 -n 128,1,0.05,3561643.835616438,4520547.94520548,657534.2465753425,12657534.246575342,0.0,0.0,0.0,0.0,0.0136986301369863,2049.6301369863013,23426.54794520548,679.1643835616437,29.602739726027398,0.0,0.017400342465753425,,,,2.9825996575342466
quartz,miniVite,-l -p 7 -n 16384,32,0.1,17531250.0,27000000.0,8562500.0,76093750.0,0.0,0.0,0.0,0.0,0.9375,1900796.046875,4268571.609375,113046.640625,10181.890625,468750.0,0.29162253124999993,,,,5.70837746875
quartz,miniVite,-l -p 7 -n 256,1,0.05,14602739.726027396,18438356.16438356,2630136.98630137,51041095.89041096,0.0,0.0,0.0,0.0,0.0273972602739726,13693.90410958904,25007.410958904107,679.1643835616437,29.602739726027398,27397.260273972603,0.0690339315068493,,,,2.930966068493151
quartz,miniVite,-l -p 7 -n 32,1,0.0333,0.0,0.0,0.0,54794.520547945205,0.0,0.0,0.0,0.0,0.0136986301369863,437.73972602739724,4514.835616438356,679.1643835616437,29.56164383561644,0.0,0.012073671232876712,,,,1.9859263287671236
quartz,miniVite,-l -p 7 -n 4096,32,0.1,13781250.0,23062500.0,7281250.0,60593750.0,0.0,0.0,0.0,0.0,0.59375,216924.65625,841512.734375,120629.59375,10860.265625,593750.0,0.2704816875,,,,5.7295183125
quartz,miniVite,-l -p 7 -n 512,1,0.0333,20273972.602739725,25506849.31506849,3698630.1369863013,70246575.34246576,0.0,0.0,0.0,0.0,0.0273972602739726,22788.301369863013,138377.02739726027,679.1643835616437,29.63013698630137,27397.260273972603,0.05583202739726028,,,,1.9421679726027399
quartz,miniVite,-l -p 7 -n 64,1,0.0333,1260273.9726027395,1561643.8356164384,219178.0821917808,4328767.123287671,0.0,0.0,0.0,0.0,0.0136986301369863,380.2739726027397,5521.767123287671,679.1643835616437,29.589041095890412,27397.260273972603,0.043464589041095895,,,,1.9545354109589044
quartz,miniVite,-l -p 7 -n 8192,32,0.1,17281250.0,26843750.0,7500000.0,72218750.0,0.0,0.0,0.0,0.0,0.953125,763477.8125,1194639.75,120629.59375,10860.28125,593750.0,0.2732967187500001,,,,5.72670328125
quartz,miniVite,-l -p 8 -n 128,1,0.0333,6000000.0,7616438.356164384,1068493.1506849315,20931506.84931507,0.0,0.0,0.0,0.0,0.0136986301369863,5474.0821917808225,12387.068493150686,679.1643835616437,29.589041095890412,0.0,0.030420273972602743,,,,1.9675797260273975
quartz,miniVite,-l -p 8 -n 16384,32,0.1,16843750.0,27312500.0,9187500.0,78437500.0,593750.0,0.0,0.0,0.0,0.75,1811949.390625,4322019.375,113046.765625,10181.875,750000.0,0.28776784375,,,,5.71223215625
quartz,miniVite,-l -p 8 -n 256,1,0.0333,10493150.684931507,13232876.712328767,1890410.9589041097,36602739.7260274,0.0,0.0,0.0,0.0,0.0136986301369863,4044.698630136986,31527.90410958904,679.1643835616437,29.602739726027398,0.0,0.0563745205479452,,,,1.941625479452055
quartz,miniVite,-l -p 8 -n 32,1,0.0333,27397.260273972603,27397.260273972603,0.0,82191.78082191781,0.0,0.0,0.0,0.0,0.0273972602739726,122.75342465753424,4229.219178082191,679.1643835616437,29.56164383561644,0.0,0.03476667123287671,,,,1.9632333287671235
quartz,miniVite,-l -p 8 -n 4096,32,0.1,15187500.0,23062500.0,6843750.0,61281250.0,0.0,0.0,0.0,0.0,0.5625,270582.875,858488.21875,105550.9375,9503.421875,531250.0,0.25075493750000005,,,,5.7492450625
quartz,miniVite,-l -p 8 -n 512,1,0.0333,15616438.356164385,19726027.397260275,2794520.5479452056,54575342.46575342,0.0,0.0,0.0,0.0,0.0136986301369863,19901.547945205482,138633.86301369866,679.1643835616437,29.63013698630137,0.0,0.07116934246575342,,,,1.9268306575342469
quartz,miniVite,-l -p 8 -n 64,1,0.0333,3342465.7534246575,4219178.082191781,630136.9863013697,11726027.397260275,0.0,0.0,0.0,0.0,0.0136986301369863,399.6849315068493,5256.890410958904,679.1643835616437,29.589041095890412,27397.260273972603,0.02433775342465753,,,,1.9736622465753426
quartz,miniVite,-l -p 8 -n 8192,32,0.0833,9656250.0,16218750.0,6093750.0,46781250.0,0.0,0.0,0.0,0.0,0.984375,792912.578125,1369656.0,113090.328125,10181.859375,781250.0,0.2871787812500001,,,,4.7108212187500005
quartz,miniVite,-l -p 9 -n 128,1,0.0333,6986301.369863014,8821917.808219178,1232876.7123287672,24273972.602739725,0.0,0.0,0.0,0.0,0.0136986301369863,2393.876712328767,7500.958904109589,679.1643835616437,29.589041095890412,27397.260273972603,0.018844013698630136,,,,1.9791559863013701
quartz,miniVite,-l -p 9 -n 16384,32,0.1,12375000.0,20875000.0,8625000.0,58843750.0,468750.0,0.0,0.0,0.0,0.828125,1956802.8125,4100009.1875,113090.265625,10181.890625,656250.0,0.291121,,,,5.708879
quartz,miniVite,-l -p 9 -n 256,1,0.0333,16684931.506849315,21013698.630136985,3123287.671232877,57972602.73972603,0.0,0.0,0.0,0.0,0.0136986301369863,5697.273972602739,33332.068493150684,679.1643835616437,29.575342465753426,0.0,0.08748347945205477,,,,1.9105165205479455
quartz,miniVite,-l -p 9 -n 32,1,0.0333,1369863.01369863,1698630.1369863013,246575.34246575343,4602739.7260273965,0.0,0.0,0.0,0.0,0.0136986301369863,104.86301369863014,3757.123287671233,679.1643835616437,29.575342465753426,0.0,0.022914246575342467,,,,1.9750857534246578
quartz,miniVite,-l -p 9 -n 4096,32,0.1,10218750.0,16375000.0,6250000.0,46718750.0,0.0,0.0,0.0,0.0,0.6875,198214.265625,685533.828125,113090.203125,10181.859375,718750.0,0.26241610937500004,,,,5.737583890625
quartz,miniVite,-l -p 9 -n 512,1,0.0333,22082191.78082192,27753424.657534245,3945205.479452055,76876712.32876712,0.0,0.0,0.0,0.0,0.0136986301369863,22742.84931506849,78255.49315068492,679.1643835616437,29.616438356164387,0.0,0.12359493150684933,,,,1.8744050684931508
quartz,miniVite,-l -p 9 -n 64,1,0.05,3178082.191780822,4000000.0,575342.4657534247,11095890.410958903,0.0,0.0,0.0,0.0,0.0136986301369863,808.8630136986301,4603.068493150685,679.1643835616437,29.602739726027398,27397.260273972603,0.023835821917808225,,,,2.976164178082192
quartz,miniVite,-l -p 9 -n 8192,32,0.1,11125000.0,18406250.0,6437500.0,51031250.0,0.0,0.0,0.0,0.0,0.953125,767378.765625,1372052.40625,116859.984375,10521.0625,656250.0,0.268142953125,,,,5.731857046875
quartz,miniVite,-p 1 -n 128,1,0.05,11917808.219178082,15013698.630136987,2109589.04109589,41534246.57534247,0.0,0.0,0.0,0.0,0.0,1336.7260273972604,6645.397260273973,679.1643835616437,29.575342465753426,0.0,0.029853246575342458,,,,2.9701467534246575
quartz,miniVite,-p 1 -n 16384,32,0.1166,28281250.0,43812500.0,12000000.0,121093750.0,0.0,0.0,0.0,0.0,0.0,1907090.421875,3225827.984375,120583.09375,10860.296875,562500.0,0.289609234375,,,,6.706390765625
quartz,miniVite,-p 1 -n 256,1,0.05,7013698.630136986,8849315.06849315,1287671.2328767122,24493150.684931505,0.0,0.0,0.0,0.0,0.0,4086.232876712329,21770.082191780817,679.1643835616437,29.589041095890412,27397.260273972603,0.033170534246575345,,,,2.966829465753425
quartz,miniVite,-p 1 -n 32,1,0.0333,2931506.8493150687,3671232.8767123288,493150.68493150687,10191780.821917808,0.0,0.0,0.0,0.0,0.0,149.80821917808217,3551.9452054794524,679.1643835616437,29.575342465753426,0.0,0.006935958904109591,,,,1.9910640410958906
quartz,miniVite,-p 1 -n 4096,32,0.2,12250000.0,19875000.0,7062500.0,52812500.0,0.0,0.0,0.0,0.0,0.0,167728.453125,570472.375,109274.96875,9842.59375,500000.0,0.25844312499999994,,,,11.741556875
quartz,miniVite,-p 1 -n 512,1,0.0333,10821917.808219178,13616438.356164385,1945205.4794520547,37589041.09589041,0.0,0.0,0.0,0.0,0.0,47736.50684931507,40828.86301369863,679.1643835616437,29.63013698630137,0.0,0.07488606849315067,,,,1.9231139315068495
quartz,miniVite,-p 1 -n 64,1,0.05,4219178.082191781,5369863.01369863,767123.2876712328,14794520.547945205,0.0,0.0,0.0,0.0,0.0,1394.2054794520548,3695.493150684932,679.1643835616437,29.56164383561644,0.0,0.024310205479452056,,,,2.975689794520548
quartz,miniVite,-p 1 -n 8192,32,0.1166,7906250.0,15343750.0,7437500.0,40656250.0,0.0,0.0,0.0,0.0,0.0,620429.15625,1381046.625,116814.9375,10521.0625,250000.0,0.289810296875,,,,6.706189703124999
quartz,miniVite,-p 2 -n 128,1,0.0333,9479452.05479452,12027397.260273973,1698630.1369863013,33205479.452054795,0.0,0.0,0.0,0.0,0.0,2852.904109589041,9799.397260273972,679.1643835616437,29.589041095890412,0.0,0.04169954794520548,,,,1.9563004520547946
quartz,miniVite,-p 2 -n 16384,32,0.1,16593750.0,27625000.0,8437500.0,73937500.0,0.0,0.0,0.0,0.0,0.0,1751984.53125,3031147.890625,105550.9375,9503.46875,468750.0,0.27492284375,,,,5.72507715625
quartz,miniVite,-p 2 -n 256,1,0.0333,9589041.09589041,12082191.780821918,1780821.917808219,33479452.05479452,0.0,0.0,0.0,0.0,0.0,10693.123287671231,21481.589041095893,679.1643835616437,29.602739726027398,0.0,0.09259579452054796,,,,1.9054042054794522
quartz,miniVite,-p 2 -n 32,1,0.0333,0.0,27397.260273972603,0.0,82191.78082191781,0.0,0.0,0.0,0.0,0.0,120.87671232876713,3809.027397260274,679.1643835616437,29.575342465753426,0.0,0.013441123287671232,,,,1.984558876712329
quartz,miniVite,-p 2 -n 4096,32,0.1,10750000.0,18156250.0,6968750.0,48781250.0,0.0,0.0,0.0,0.0,0.0,195127.625,570307.765625,116814.921875,10521.015625,625000.0,0.2693488125,,,,5.7306511875
quartz,miniVite,-p 2 -n 512,1,0.05,15178082.191780822,19123287.671232875,2739726.02739726,53013698.63013699,0.0,0.0,0.0,0.0,0.0,32722.013698630137,30676.109589041094,679.1643835616437,29.63013698630137,0.0,0.05989908219178083,,,,2.9401009178082194
quartz,miniVite,-p 2 -n 64,1,0.0333,4575342.465753425,5671232.876712329,821917.8082191781,15780821.91780822,0.0,0.0,0.0,0.0,0.0,507.71232876712327,5645.589041095891,679.1643835616437,29.575342465753426,27397.260273972603,0.019248041095890414,,,,1.9787519589041098
quartz,miniVite,-p 2 -n 8192,32,0.1166,18656250.0,28218750.0,9437500.0,78125000.0,0.0,0.0,0.0,0.0,0.0,559720.59375,1363067.375,109278.46875,9842.625,500000.0,0.248755421875,,,,6.747244578125
quartz,miniVite,-p 3 -n 128,1,0.05,3561643.835616438,4410958.904109589,630136.9863013697,12328767.12328767,0.0,0.0,0.0,0.0,0.0,1451.4246575342465,11024.684931506848,679.1643835616437,29.589041095890412,0.0,0.04509861643835617,,,,2.954901383561644
quartz,miniVite,-p 3 -n 16384,32,0.1,15406250.0,25500000.0,9062500.0,68218750.0,0.0,0.0,0.0,0.0,0.0,1781093.25,3133180.734375,120629.59375,10860.3125,562500.0,0.2897356875,,,,5.7102643125
quartz,miniVite,-p 3 -n 256,1,0.0333,6410958.904109589,8054794.520547945,1150684.9315068494,22356164.383561645,0.0,0.0,0.0,0.0,0.0,3742.4657534246576,26600.410958904107,679.1643835616437,29.602739726027398,0.0,0.055579479452054784,,,,1.9424205205479455
quartz,miniVite,-p 3 -n 32,1,0.05,4273972.602739726,5369863.01369863,821917.8082191781,14876712.328767125,0.0,0.0,0.0,0.0,0.0,129.84931506849315,3332.547945205479,679.1643835616437,29.575342465753426,0.0,0.02487058904109589,,,,2.975129410958904
quartz,miniVite,-p 3 -n 4096,32,0.1,12812500.0,19937500.0,6531250.0,55000000.0,0.0,0.0,0.0,0.0,0.0,124768.0625,579105.5,120629.59375,10860.25,593750.0,0.29804931249999994,,,,5.7019506875
quartz,miniVite,-p 3 -n 512,1,0.05,9013698.630136987,11506849.315068493,1589041.095890411,31835616.438356165,0.0,0.0,0.0,0.0,0.0,12820.246575342466,42804.35616438357,679.1643835616437,29.616438356164387,0.0,0.11966476712328768,,,,2.8803352328767122
quartz,miniVite,-p 3 -n 64,1,0.05,3095890.4109589043,3890410.958904109,547945.205479452,10849315.06849315,0.0,0.0,0.0,0.0,0.0,459.5342465753425,4796.616438356165,679.1643835616437,29.575342465753426,0.0,0.05862384931506848,,,,2.9413761506849316
quartz,miniVite,-p 3 -n 8192,32,0.1,12312500.0,20656250.0,7531250.0,56000000.0,0.0,0.0,0.0,0.0,0.0,572542.078125,1228258.390625,120629.59375,10860.265625,531250.0,0.27164707812500005,,,,5.728352921875
quartz,miniVite,-p 4 -n 128,1,0.0333,11589041.09589041,14657534.246575342,2136986.301369863,40465753.42465753,0.0,0.0,0.0,0.0,0.0,3607.986301369863,10110.575342465754,679.068493150685,29.616438356164387,27397.260273972603,0.05591464383561643,,,,1.9420853561643838
quartz,miniVite,-p 4 -n 16384,32,0.1,11031250.0,19000000.0,7687500.0,51312500.0,437500.0,0.0,0.0,0.0,0.0,1784416.390625,3038311.359375,120583.09375,10860.3125,656250.0,0.2928775625000001,,,,5.7071224375
quartz,miniVite,-p 4 -n 256,1,0.0333,23780821.91780822,30027397.26027397,4246575.342465754,83205479.4520548,0.0,0.0,0.0,0.0,0.0,4518.657534246576,14228.95890410959,679.1643835616437,29.589041095890412,27397.260273972603,0.0568973698630137,,,,1.9411026301369865
quartz,miniVite,-p 4 -n 32,1,0.05,2986301.3698630137,3753424.657534247,520547.9452054794,10356164.383561643,0.0,0.0,0.0,0.0,0.0,188.76712328767124,4008.301369863014,679.1643835616437,29.54794520547945,27397.260273972603,0.011880657534246577,,,,2.9881193424657533
quartz,miniVite,-p 4 -n 4096,32,0.1,8031250.0,15656250.0,7062500.0,41125000.0,0.0,0.0,0.0,0.0,0.0,192483.546875,589896.421875,116859.875,10521.0625,500000.0,0.28467528125,,,,5.71532471875
quartz,miniVite,-p 4 -n 512,1,0.05,15589041.09589041,19780821.91780822,2849315.0684931506,54465753.42465753,0.0,0.0,0.0,0.0,0.0,14769.04109589041,51299.602739726026,679.1643835616437,29.616438356164387,0.0,0.0368148904109589,,,,2.963185109589041
quartz,miniVite,-p 4 -n 64,1,0.0333,3972602.739726028,4986301.369863014,739726.0273972603,13890410.95890411,0.0,0.0,0.0,0.0,0.0,383.8767123287671,4445.5616438356155,679.1643835616437,29.589041095890412,0.0,0.042581931506849316,,,,1.9554180684931508
quartz,miniVite,-p 4 -n 8192,32,0.1166,9406250.0,18781250.0,7718750.0,48406250.0,0.0,0.0,0.0,0.0,0.0,558034.1875,1238279.640625,113046.703125,10181.859375,656250.0,0.27971653125,,,,6.7162834687499995
quartz,miniVite,-p 5 -n 128,1,0.0333,15342465.753424658,19315068.493150685,2739726.02739726,53424657.53424658,0.0,0.0,0.0,0.0,0.0,4032.3561643835615,5827.520547945205,679.1643835616437,29.575342465753426,0.0,0.03629105479452055,,,,1.9617089452054797
quartz,miniVite,-p 5 -n 16384,32,0.1,15187500.0,26093750.0,9937500.0,72281250.0,625000.0,0.0,0.0,0.0,0.0,1795365.390625,3296491.25,113090.328125,10181.875,593750.0,0.29049728125,,,,5.70950271875
quartz,miniVite,-p 5 -n 256,1,0.05,6136986.301369863,7698630.136986301,1123287.6712328766,21369863.01369863,0.0,0.0,0.0,0.0,0.0,6872.684931506849,18525.09589041096,679.1643835616437,29.602739726027398,0.0,0.08220779452054794,,,,2.917792205479452
quartz,miniVite,-p 5 -n 32,1,0.0166,3890410.958904109,4849315.068493151,739726.0273972603,13589041.09589041,0.0,0.0,0.0,0.0,0.0,171.4383561643836,3784.767123287672,679.1643835616437,29.589041095890412,0.0,0.07523830136986302,,,,0.920761698630137
quartz,miniVite,-p 5 -n 4096,32,0.1,7031250.0,13312500.0,5968750.0,34875000.0,0.0,0.0,0.0,0.0,0.0,182219.90625,582722.921875,120583.09375,10860.265625,562500.0,0.28280200000000005,,,,5.717198
quartz,miniVite,-p 5 -n 512,1,0.0333,14328767.12328767,18164383.561643835,2602739.726027397,50136986.30136986,0.0,0.0,0.0,0.0,0.0,29117.95890410959,54704.15068493151,679.1643835616437,29.63013698630137,0.0,0.08794483561643836,,,,1.910055164383562
quartz,miniVite,-p 5 -n 64,1,0.0333,2931506.8493150687,3726027.397260274,575342.4657534247,10273972.602739723,0.0,0.0,0.0,0.0,0.0,732.068493150685,4743.95890410959,679.1643835616437,29.589041095890412,0.0,0.029526191780821918,,,,1.9684738082191784
quartz,miniVite,-p 5 -n 8192,32,0.1166,14218750.0,21656250.0,7187500.0,60187500.0,0.0,0.0,0.0,0.0,0.0,633187.78125,1400825.171875,109320.609375,9842.65625,656250.0,0.26133389062499995,,,,6.7346661093749995
quartz,miniVite,-p 6 -n 128,1,0.0333,6383561.643835616,8136986.301369863,1178082.1917808221,22465753.42465753,0.0,0.0,0.0,0.0,0.0,2005.4931506849318,9060.835616438355,679.1643835616437,29.616438356164387,0.0,0.0420846301369863,,,,1.9559153698630138
quartz,miniVite,-p 6 -n 16384,32,0.1,18250000.0,31062500.0,9125000.0,83156250.0,0.0,0.0,0.0,0.0,0.0,1743464.71875,3286065.46875,116814.859375,10521.09375,843750.0,0.28326178125,,,,5.71673821875
quartz,miniVite,-p 6 -n 256,1,0.05,10054794.520547943,12821917.808219178,1835616.4383561644,35178082.19178082,0.0,0.0,0.0,0.0,0.0,10335.136986301372,14159.90410958904,679.1643835616437,29.589041095890412,0.0,0.05014356164383561,,,,2.9498564383561643
quartz,miniVite,-p 6 -n 32,1,0.0333,0.0,0.0,0.0,82191.78082191781,0.0,0.0,0.0,0.0,0.0,191.6438356164384,3536.205479452055,679.1643835616437,29.575342465753426,0.0,0.01786990410958904,,,,1.9801300958904111
quartz,miniVite,-p 6 -n 4096,32,0.1166,9468750.0,16468750.0,5687500.0,43187500.0,0.0,0.0,0.0,0.0,0.0,161348.734375,614643.453125,120583.09375,10860.265625,406250.0,0.28295509375,,,,6.7130449062499995
quartz,miniVite,-p 6 -n 512,1,0.05,33671232.87671233,42520547.94520548,6164383.561643835,117890410.9589041,0.0,0.0,0.0,0.0,0.0,35046.20547945205,47856.78082191781,679.1643835616437,29.616438356164387,0.0,0.07871930136986302,,,,2.921280698630137
quartz,miniVite,-p 6 -n 64,1,0.05,5534246.575342466,6958904.109589041,986301.3698630136,19232876.71232877,0.0,0.0,0.0,0.0,0.0,495.5616438356165,4515.780821917809,679.1643835616437,29.575342465753426,27397.260273972603,0.012137205479452054,,,,2.987862794520548
quartz,miniVite,-p 6 -n 8192,32,0.1,14031250.0,24218750.0,9062500.0,66781250.0,0.0,0.0,0.0,0.0,0.0,659823.34375,1503162.25,116859.984375,10521.046875,562500.0,0.27703065625,,,,5.72296934375
quartz,miniVite,-p 7 -n 128,1,0.05,11041095.89041096,13972602.739726027,1972602.7397260275,38520547.94520548,0.0,0.0,0.0,0.0,0.0,6028.109589041096,10121.726027397259,679.1643835616437,29.589041095890412,27397.260273972603,0.030381219178082192,,,,2.969618780821918
quartz,miniVite,-p 7 -n 16384,32,0.1166,16250000.0,26500000.0,9593750.0,74062500.0,0.0,0.0,0.0,0.0,0.0,1791076.09375,3150466.734375,116859.921875,10521.078125,750000.0,0.3000536562499999,,,,6.695946343749999
quartz,miniVite,-p 7 -n 256,1,0.05,13726027.397260275,17315068.493150685,2520547.94520548,48082191.78082192,0.0,0.0,0.0,0.0,0.0,6983.6164383561645,14196.191780821917,679.1643835616437,29.602739726027398,27397.260273972603,0.04709576712328768,,,,2.9529042328767123
quartz,miniVite,-p 7 -n 32,1,0.0333,0.0,27397.260273972603,0.0,109589.0410958904,0.0,0.0,0.0,0.0,0.0,154.64383561643837,3689.3698630136987,679.1643835616437,29.575342465753426,0.0,0.02876421917808219,,,,1.969235780821918
quartz,miniVite,-p 7 -n 4096,32,0.1,14031250.0,21531250.0,7125000.0,58687500.0,0.0,0.0,0.0,0.0,0.0,169841.625,655898.8125,120629.59375,10860.265625,218750.0,0.277897171875,,,,5.722102828125
quartz,miniVite,-p 7 -n 512,1,0.05,15698630.136986302,19808219.17808219,2849315.0684931506,54767123.28767123,0.0,0.0,0.0,0.0,0.0,16474.80821917808,51421.16438356164,679.1643835616437,29.616438356164387,27397.260273972603,0.06990231506849312,,,,2.930097684931507
quartz,miniVite,-p 7 -n 64,1,0.0333,4712328.7671232885,5945205.479452055,876712.3287671233,16438356.164383562,0.0,0.0,0.0,0.0,0.0,481.83561643835617,11763.342465753423,679.1643835616437,29.589041095890412,27397.260273972603,0.0551874383561644,,,,1.9428125616438359
quartz,miniVite,-p 7 -n 8192,32,0.1,16687500.0,27093750.0,9906250.0,73281250.0,0.0,0.0,0.0,0.0,0.0,527616.875,1382832.3125,113043.0625,10181.84375,468750.0,0.2856628125,,,,5.7143371875
quartz,miniVite,-p 8 -n 128,1,0.0333,10849315.06849315,13835616.438356165,1917808.2191780824,38136986.30136986,0.0,0.0,0.0,0.0,0.0,3255.6301369863013,10593.08219178082,679.1643835616437,29.602739726027398,0.0,0.02415226027397261,,,,1.9738477397260277
quartz,miniVite,-p 8 -n 16384,32,0.1,17750000.0,29625000.0,10750000.0,79656250.0,0.0,0.0,0.0,0.0,0.0,1678615.296875,3099996.234375,113090.21875,10181.90625,562500.0,0.2933265625,,,,5.7066734375
quartz,miniVite,-p 8 -n 256,1,0.0333,11013698.630136987,13863013.698630136,1972602.7397260275,38520547.94520548,0.0,0.0,0.0,0.0,0.0,12469.424657534246,22242.109589041094,679.1643835616437,29.602739726027398,27397.260273972603,0.037506273972602734,,,,1.9604937260273976
quartz,miniVite,-p 8 -n 32,1,0.05,4438356.164383561,5589041.095890411,821917.8082191781,15506849.315068493,0.0,0.0,0.0,0.0,0.0,325.7671232876712,3680.4246575342468,679.1643835616437,29.575342465753426,0.0,0.011808301369863014,,,,2.988191698630137
quartz,miniVite,-p 8 -n 4096,32,0.1166,13656250.0,22406250.0,7312500.0,61093750.0,0.0,0.0,0.0,0.0,0.0,218375.171875,624279.328125,116859.984375,10521.046875,593750.0,0.2795594375000001,,,,6.716440562499999
quartz,miniVite,-p 8 -n 512,1,0.0333,26465753.42465753,33506849.31506849,4712328.7671232885,92438356.16438356,0.0,0.0,0.0,0.0,0.0,28807.64383561644,35882.054794520554,679.1643835616437,29.64383561643836,0.0,0.07345086301369863,,,,1.9245491369863017
quartz,miniVite,-p 8 -n 64,1,0.0333,5369863.01369863,6794520.547945205,931506.8493150685,18767123.287671234,0.0,0.0,0.0,0.0,0.0,623.0,4969.794520547946,679.1643835616437,29.602739726027398,0.0,0.03335483561643835,,,,1.9646451643835618
quartz,miniVite,-p 8 -n 8192,32,0.1166,13312500.0,22218750.0,9250000.0,62468750.0,0.0,0.0,0.0,0.0,0.0,609933.109375,1527162.65625,116859.921875,10521.0625,531250.0,0.28068396875,,,,6.7153160312499995
quartz,miniVite,-p 9 -n 128,1,0.0333,4356164.383561644,5506849.315068494,794520.5479452055,15205479.452054795,0.0,0.0,0.0,0.0,0.0,1221.7397260273974,11382.04109589041,679.1643835616437,29.602739726027398,0.0,0.03835676712328767,,,,1.9596432328767126
quartz,miniVite,-p 9 -n 16384,32,0.1166,14781250.0,26000000.0,10000000.0,70406250.0,593750.0,0.0,0.0,0.0,0.0,1968643.9375,3431757.75,109278.546875,9842.6875,625000.0,0.283119234375,,,,6.712880765625
quartz,miniVite,-p 9 -n 256,1,0.0333,8986301.369863013,11452054.794520548,1561643.8356164384,31506849.31506849,0.0,0.0,0.0,0.0,0.0,5732.767123287671,19262.16438356164,679.1643835616437,29.589041095890412,27397.260273972603,0.041153835616438365,,,,1.956846164383562
quartz,miniVite,-p 9 -n 32,1,0.05,1506849.3150684931,1890410.9589041097,246575.34246575343,5260273.97260274,0.0,0.0,0.0,0.0,0.0,196.17808219178082,4589.123287671233,679.1643835616437,29.54794520547945,27397.260273972603,0.018150534246575343,,,,2.9818494657534247
quartz,miniVite,-p 9 -n 4096,32,0.0833,7718750.0,15718750.0,6906250.0,42281250.0,0.0,0.0,0.0,0.0,0.0,161262.71875,585617.546875,113046.765625,10181.71875,468750.0,0.27070662500000003,,,,4.727293375
quartz,miniVite,-p 9 -n 512,1,0.0333,31616438.356164385,39890410.95890411,5753424.657534246,110383561.64383562,0.0,0.0,0.0,0.0,0.0,27736.986301369863,63279.397260273974,679.1643835616437,29.63013698630137,27397.260273972603,0.10313460273972604,,,,1.8948653972602743
quartz,miniVite,-p 9 -n 64,1,0.0333,9232876.712328767,11753424.657534247,1698630.1369863013,32465753.42465753,0.0,0.0,0.0,0.0,0.0,559.3698630136987,6276.890410958904,679.1643835616437,29.575342465753426,27397.260273972603,0.00623968493150685,,,,1.9917603150684933
quartz,miniVite,-p 9 -n 8192,32,0.1166,18312500.0,26875000.0,8468750.0,73375000.0,0.0,0.0,0.0,0.0,0.0,574484.171875,1439482.671875,105550.9375,9503.4375,468750.0,0.25584095312500005,,,,6.740159046874999
quartz,miniVite,-w -l -p 1 -n 128,1,0.0333,3369863.01369863,4273972.602739726,630136.9863013697,11780821.91780822,0.0,0.0,0.0,0.0,0.0136986301369863,6047.657534246576,9217.575342465752,679.1643835616437,29.602739726027398,0.0,0.04361021917808218,,,,1.954389780821918
quartz,miniVite,-w -l -p 1 -n 16384,32,0.1166,17781250.0,28937500.0,10343750.0,81625000.0,0.0,0.0,0.0,0.0,0.71875,2246103.765625,4139019.5625,116814.9375,10521.078125,625000.0,0.2941013125,,,,6.7018986875
quartz,miniVite,-w -l -p 1 -n 256,1,0.0333,7424657.534246575,9397260.273972604,1342465.7534246577,26054794.520547945,0.0,0.0,0.0,0.0,0.0136986301369863,13011.13698630137,22953.04109589041,679.1643835616437,29.534246575342465,0.0,0.028476767123287675,,,,1.9695232328767125
quartz,miniVite,-w -l -p 1 -n 32,1,0.0333,4767123.2876712335,6027397.2602739725,876712.3287671233,16684931.506849315,0.0,0.0,0.0,0.0,0.0136986301369863,155.5205479452055,4569.698630136986,679.1643835616437,29.56164383561644,0.0,0.04243854794520548,,,,1.9555614520547948
quartz,miniVite,-w -l -p 1 -n 4096,32,0.1166,10875000.0,20312500.0,7343750.0,51312500.0,0.0,0.0,0.0,0.0,0.484375,233076.5625,747067.28125,113046.703125,10181.84375,468750.0,0.261201421875,,,,6.734798578125
quartz,miniVite,-w -l -p 1 -n 512,1,0.0333,21205479.452054795,26849315.06849315,3863013.698630137,74191780.8219178,0.0,0.0,0.0,0.0,0.0136986301369863,14516.698630136987,39769.23287671233,679.1643835616437,29.602739726027398,27397.260273972603,0.04858756164383561,,,,1.9494124383561646
quartz,miniVite,-w -l -p 1 -n 64,1,0.0333,2986301.3698630137,3726027.397260274,520547.9452054794,10438356.164383562,0.0,0.0,0.0,0.0,0.0136986301369863,977.4246575342464,4018.5205479452056,679.1643835616437,29.56164383561644,0.0,0.01161535616438356,,,,1.9863846438356167
quartz,miniVite,-w -l -p 1 -n 8192,32,0.1,10218750.0,19531250.0,8187500.0,52625000.0,0.0,0.0,0.0,0.0,0.515625,589258.296875,1416021.5,120583.09375,10860.265625,468750.0,0.2824947343750001,,,,5.717505265625
quartz,miniVite,-w -l -p 2 -n 128,1,0.0333,2383561.6438356163,3095890.4109589043,465753.4246575342,8493150.684931507,0.0,0.0,0.0,0.0,0.0136986301369863,3865.671232876712,7464.534246575343,679.1643835616437,29.602739726027398,27397.260273972603,0.06292327397260274,,,,1.9350767260273976
quartz,miniVite,-w -l -p 2 -n 16384,32,0.1,12750000.0,23125000.0,9531250.0,64093750.0,0.0,0.0,0.0,0.0,0.890625,2000908.890625,4207750.421875,113046.6875,10181.859375,562500.0,0.28301625,,,,5.71698375
quartz,miniVite,-w -l -p 2 -n 256,1,0.0333,19616438.356164385,24739726.02739726,3479452.0547945206,68438356.16438356,0.0,0.0,0.0,0.0,0.0136986301369863,11311.794520547945,24793.410958904107,679.1643835616437,29.602739726027398,0.0,0.01225354794520548,,,,1.9857464520547947
quartz,miniVite,-w -l -p 2 -n 32,1,0.0333,27397.260273972603,27397.260273972603,0.0,54794.520547945205,0.0,0.0,0.0,0.0,0.0136986301369863,152.82191780821918,3615.506849315069,679.1643835616437,29.56164383561644,27397.260273972603,0.027934506849315068,,,,1.9700654931506851
quartz,miniVite,-w -l -p 2 -n 4096,32,0.1,13187500.0,22625000.0,8906250.0,63125000.0,0.0,0.0,0.0,0.0,0.90625,223890.75,762766.265625,120583.09375,10860.265625,593750.0,0.301419328125,,,,5.698580671875
quartz,miniVite,-w -l -p 2 -n 512,1,0.05,30410958.90410959,38356164.38356164,5424657.534246575,105890410.95890407,0.0,0.0,0.0,0.0,0.0273972602739726,36679.86301369863,37855.931506849316,679.1643835616437,29.616438356164387,0.0,0.04804121917808219,,,,2.9519587808219176
quartz,miniVite,-w -l -p 2 -n 64,1,0.0333,3287671.2328767125,4164383.561643836,575342.4657534247,11534246.575342465,0.0,0.0,0.0,0.0,0.0136986301369863,683.3424657534248,4093.6301369863013,679.1643835616437,29.575342465753426,27397.260273972603,0.028183342465753426,,,,1.9698166575342468
quartz,miniVite,-w -l -p 2 -n 8192,32,0.1,13593750.0,23625000.0,8218750.0,64031250.0,0.0,0.0,0.0,0.0,0.9375,681288.203125,1172942.578125,120583.09375,10860.265625,687500.0,0.295807640625,,,,5.704192359375
quartz,miniVite,-w -l -p 3 -n 128,1,0.0333,3890410.958904109,4958904.109589041,712328.7671232877,13726027.397260275,0.0,0.0,0.0,0.0,0.0136986301369863,3955.041095890411,6895.328767123287,679.1643835616437,29.602739726027398,0.0,0.011931835616438357,,,,1.9860681643835618
quartz,miniVite,-w -l -p 3 -n 16384,32,0.1,15781250.0,26968750.0,9406250.0,74187500.0,0.0,0.0,0.0,0.0,0.84375,1893372.171875,3869643.40625,116814.859375,10521.09375,562500.0,0.312711921875,,,,5.687288078125
quartz,miniVite,-w -l -p 3 -n 256,1,0.0333,20273972.602739725,25589041.09589041,3698630.1369863013,70767123.28767124,0.0,0.0,0.0,0.0,0.0136986301369863,3972.438356164384,22645.657534246577,679.1643835616437,29.575342465753426,0.0,0.03396536986301369,,,,1.9640346301369864
quartz,miniVite,-w -l -p 3 -n 32,1,0.05,3589041.095890411,4547945.205479451,630136.9863013697,12520547.94520548,0.0,0.0,0.0,0.0,0.0136986301369863,359.1506849315069,4442.7945205479455,679.1643835616437,29.56164383561644,0.0,0.011977232876712329,,,,2.9880227671232875
quartz,miniVite,-w -l -p 3 -n 4096,32,0.1166,9343750.0,19125000.0,8062500.0,49062500.0,0.0,0.0,0.0,0.0,0.921875,215837.390625,758280.015625,105510.3125,9503.390625,375000.0,0.2884407343750001,,,,6.707559265624999
quartz,miniVite,-w -l -p 3 -n 512,1,0.0333,25616438.356164385,32465753.42465753,4438356.164383561,89616438.35616438,0.0,0.0,0.0,0.0,0.0273972602739726,24284.08219178082,39605.15068493151,679.1643835616437,29.616438356164387,27397.260273972603,0.05532821917808218,,,,1.942671780821918
quartz,miniVite,-w -l -p 3 -n 64,1,0.0333,6876712.328767124,8739726.02739726,1260273.9726027395,24136986.301369864,0.0,0.0,0.0,0.0,0.0136986301369863,862.3150684931506,6579.301369863013,679.1643835616437,29.575342465753426,27397.260273972603,0.024530698630136984,,,,1.9734693013698632
quartz,miniVite,-w -l -p 3 -n 8192,32,0.1166,11625000.0,21031250.0,7562500.0,56875000.0,0.0,0.0,0.0,0.0,0.84375,790267.890625,1372322.90625,116814.921875,10521.046875,593750.0,0.2788508125,,,,6.7171491875
quartz,miniVite,-w -l -p 4 -n 128,1,0.0333,9917808.219178082,12575342.465753425,1835616.4383561644,34821917.80821918,0.0,0.0,0.0,0.0,0.0273972602739726,1842.2876712328768,8178.287671232877,679.1643835616437,29.602739726027398,0.0,0.03161713698630137,,,,1.9663828630136988
quartz,miniVite,-w -l -p 4 -n 16384,32,0.1,21093750.0,31406250.0,9656250.0,88375000.0,0.0,0.0,0.0,0.0,0.765625,2214249.15625,4159628.90625,113046.6875,10181.875,500000.0,0.28294676562500004,,,,5.717053234375
quartz,miniVite,-w -l -p 4 -n 256,1,0.05,11342465.753424658,14410958.90410959,2054794.5205479453,39726027.39726027,0.0,0.0,0.0,0.0,0.0136986301369863,3857.1369863013697,130530.16438356164,679.1643835616437,29.534246575342465,0.0,0.10367895890410958,,,,2.8963210410958906
quartz,miniVite,-w -l -p 4 -n 32,1,0.0333,4109589.0410958906,5178082.191780821,712328.7671232877,14410958.90410959,0.0,0.0,0.0,0.0,0.0136986301369863,379.16438356164383,3462.8630136986303,679.1643835616437,29.534246575342465,0.0,0.030476808219178086,,,,1.9675231917808222
quartz,miniVite,-w -l -p 4 -n 4096,32,0.1,9218750.0,17718750.0,7468750.0,47281250.0,0.0,0.0,0.0,0.0,0.84375,176756.828125,924300.28125,113046.703125,10181.828125,625000.0,0.27457939062500003,,,,5.725420609375
quartz,miniVite,-w -l -p 4 -n 512,1,0.0333,22712328.76712329,28684931.506849315,4136986.301369863,79369863.01369864,0.0,0.0,0.0,0.0,0.0273972602739726,22152.369863013697,35827.821917808214,679.1643835616437,29.575342465753426,0.0,0.05021487671232877,,,,1.9477851232876715
quartz,miniVite,-w -l -p 4 -n 64,1,0.0333,3342465.7534246575,4082191.7808219176,602739.7260273972,11506849.315068493,0.0,0.0,0.0,0.0,0.0136986301369863,413.3150684931507,4358.684931506848,679.1643835616437,29.589041095890412,0.0,0.0776308904109589,,,,1.9203691095890414
quartz,miniVite,-w -l -p 4 -n 8192,32,0.1,18031250.0,28656250.0,9312500.0,79125000.0,0.0,0.0,0.0,0.0,0.953125,790808.53125,1434587.71875,116814.859375,10521.046875,593750.0,0.275025109375,,,,5.724974890625
quartz,miniVite,-w -l -p 5 -n 128,1,0.0333,6356164.383561644,8082191.780821918,1150684.9315068494,22383561.64383561,0.0,0.0,0.0,0.0,0.0136986301369863,2632.5616438356165,8149.986301369862,679.1643835616437,29.589041095890412,0.0,0.0248298904109589,,,,1.9731701095890413
quartz,miniVite,-w -l -p 5 -n 16384,32,0.0833,15562500.0,26750000.0,11156250.0,75468750.0,0.0,0.0,0.0,0.0,0.75,2045593.5625,4203765.1875,116814.921875,10521.09375,562500.0,0.2944817812500001,,,,4.70351821875
quartz,miniVite,-w -l -p 5 -n 256,1,0.0333,8794520.547945205,11150684.93150685,1561643.8356164384,30739726.02739726,0.0,0.0,0.0,0.0,0.0136986301369863,4638.4931506849325,35034.13698630137,679.1643835616437,29.575342465753426,27397.260273972603,0.05687219178082191,,,,1.9411278082191783
quartz,miniVite,-w -l -p 5 -n 32,1,0.0333,1479452.0547945206,1835616.4383561644,246575.34246575343,5178082.191780821,0.0,0.0,0.0,0.0,0.0136986301369863,165.20547945205482,3947.315068493151,679.1643835616437,29.56164383561644,0.0,0.025290671232876715,,,,1.9727093287671236
quartz,miniVite,-w -l -p 5 -n 4096,32,0.1,17875000.0,28156250.0,8437500.0,74406250.0,0.0,0.0,0.0,0.0,0.984375,264703.296875,844132.03125,113046.703125,10181.71875,562500.0,0.27990723437500004,,,,5.720092765625
quartz,miniVite,-w -l -p 5 -n 512,1,0.0333,16904109.589041095,21369863.01369863,3095890.4109589043,59205479.45205479,0.0,0.0,0.0,0.0,0.0136986301369863,20447.46575342465,116202.05479452055,679.1643835616437,29.63013698630137,0.0,0.034817027397260274,,,,1.9631829726027399
quartz,miniVite,-w -l -p 5 -n 64,1,0.0333,4547945.205479451,5671232.876712329,849315.0684931506,15780821.91780822,0.0,0.0,0.0,0.0,0.0136986301369863,630.6575342465752,5817.027397260274,679.1643835616437,29.575342465753426,27397.260273972603,0.022879260273972604,,,,1.9751207397260275
quartz,miniVite,-w -l -p 5 -n 8192,32,0.0833,16593750.0,25625000.0,7593750.0,71781250.0,0.0,0.0,0.0,0.0,0.828125,803685.4375,1246340.125,113046.765625,10181.859375,500000.0,0.26770967187499994,,,,4.730290328125
quartz,miniVite,-w -l -p 6 -n 128,1,0.05,4767123.2876712335,6000000.0,821917.8082191781,16657534.246575342,0.0,0.0,0.0,0.0,0.0136986301369863,7474.3835616438355,10758.260273972604,679.1643835616437,29.575342465753426,0.0,0.02970046575342465,,,,2.9702995342465752
quartz,miniVite,-w -l -p 6 -n 16384,32,0.1166,16406250.0,25812500.0,7531250.0,71281250.0,0.0,0.0,0.0,0.0,0.515625,1797651.421875,4296967.171875,116814.921875,10521.09375,625000.0,0.28771585937499994,,,,6.708284140625
quartz,miniVite,-w -l -p 6 -n 256,1,0.0333,15753424.657534247,19890410.95890411,2904109.589041096,55178082.19178082,0.0,0.0,0.0,0.0,0.0136986301369863,10806.986301369865,54197.04109589041,679.1643835616437,29.602739726027398,0.0,0.04792009589041096,,,,1.9500799041095893
quartz,miniVite,-w -l -p 6 -n 32,1,0.0333,5863013.698630137,7397260.273972603,1041095.8904109588,20520547.94520548,0.0,0.0,0.0,0.0,0.0136986301369863,288.01369863013696,4665.301369863014,679.1643835616437,29.56164383561644,27397.260273972603,0.00657009589041096,,,,1.9914299041095893
quartz,miniVite,-w -l -p 6 -n 4096,32,0.1,10906250.0,19593750.0,6781250.0,50781250.0,0.0,0.0,0.0,0.0,0.921875,183452.328125,676510.625,116814.859375,10521.046875,250000.0,0.27934226562500003,,,,5.720657734375
quartz,miniVite,-w -l -p 6 -n 512,1,0.0333,24876712.328767125,31342465.75342466,4520547.94520548,86712328.76712328,0.0,0.0,0.0,0.0,0.0136986301369863,26613.31506849315,42786.82191780821,679.1643835616437,29.616438356164387,0.0,0.053100452054794516,,,,1.9448995479452058
quartz,miniVite,-w -l -p 6 -n 64,1,0.0333,2465753.4246575343,3095890.4109589043,465753.4246575342,8684931.506849315,0.0,0.0,0.0,0.0,0.0136986301369863,662.4109589041096,4897.2602739726035,679.1643835616437,29.56164383561644,0.0,0.0317808904109589,,,,1.9662191095890413
quartz,miniVite,-w -l -p 6 -n 8192,32,0.1,14437500.0,22843750.0,7031250.0,64187500.0,0.0,0.0,0.0,0.0,0.921875,621795.90625,1487319.4375,109278.53125,9842.640625,312500.0,0.27502809375,,,,5.72497190625
quartz,miniVite,-w -l -p 7 -n 128,1,0.0333,4684931.506849315,5890410.95890411,849315.0684931506,16356164.383561645,0.0,0.0,0.0,0.0,0.0136986301369863,2283.3150684931506,8308.054794520549,679.1643835616437,29.602739726027398,27397.260273972603,0.030635041095890405,,,,1.9673649589041098
quartz,miniVite,-w -l -p 7 -n 16384,32,0.1,18000000.0,28000000.0,9156250.0,80156250.0,0.0,0.0,0.0,0.0,0.78125,2181473.375,4500447.765625,105510.3125,9503.46875,625000.0,0.269855515625,,,,5.730144484375
quartz,miniVite,-w -l -p 7 -n 256,1,0.0333,8849315.06849315,11260273.97260274,1589041.095890411,31123287.671232875,0.0,0.0,0.0,0.0,0.0136986301369863,4178.301369863014,35650.027397260266,679.068493150685,29.602739726027398,0.0,0.057357890410958914,,,,1.9406421095890414
quartz,miniVite,-w -l -p 7 -n 32,1,0.0333,4794520.547945205,6082191.780821918,821917.8082191781,16739726.02739726,0.0,0.0,0.0,0.0,0.0136986301369863,489.17808219178085,4771.465753424657,679.1643835616437,29.56164383561644,0.0,0.05159491780821918,,,,1.946405082191781
quartz,miniVite,-w -l -p 7 -n 4096,32,0.1,13593750.0,23093750.0,7343750.0,60718750.0,0.0,0.0,0.0,0.0,0.9375,150473.078125,714317.703125,113046.703125,10181.828125,62500.0,0.268878953125,,,,5.731121046875
quartz,miniVite,-w -l -p 7 -n 512,1,0.0333,4547945.205479451,5698630.136986301,794520.5479452055,15835616.438356165,0.0,0.0,0.0,0.0,0.0136986301369863,22990.438356164384,73757.54794520549,679.1643835616437,29.63013698630137,27397.260273972603,0.04875342465753425,,,,1.949246575342466
quartz,miniVite,-w -l -p 7 -n 64,1,0.0333,7150684.931506849,8958904.10958904,1287671.2328767122,24958904.10958904,0.0,0.0,0.0,0.0,0.0136986301369863,749.6164383561644,4950.4931506849325,679.1643835616437,29.589041095890412,0.0,0.025813863013698632,,,,1.9721861369863016
quartz,miniVite,-w -l -p 7 -n 8192,32,0.1166,11375000.0,18281250.0,6437500.0,51000000.0,0.0,0.0,0.0,0.0,0.96875,681149.3125,1279273.796875,120583.09375,10860.28125,375000.0,0.288426703125,,,,6.707573296874999
quartz,miniVite,-w -l -p 8 -n 128,1,0.0333,12273972.602739725,15479452.05479452,2246575.342465753,42876712.32876712,0.0,0.0,0.0,0.0,0.0136986301369863,6620.1506849315065,10132.08219178082,679.1643835616437,29.589041095890412,0.0,0.052999821917808214,,,,1.945000178082192
quartz,miniVite,-w -l -p 8 -n 16384,32,0.1,16468750.0,27031250.0,10000000.0,75687500.0,0.0,0.0,0.0,0.0,0.921875,1836345.46875,3619697.328125,113043.015625,10181.859375,468750.0,0.2954421406250001,,,,5.704557859375
quartz,miniVite,-w -l -p 8 -n 256,1,0.0333,19095890.410958905,24164383.561643835,3479452.0547945206,66767123.28767123,0.0,0.0,0.0,0.0,0.0136986301369863,10961.6301369863,22123.342465753423,679.1643835616437,29.602739726027398,27397.260273972603,0.05862212328767125,,,,1.9393778767123289
quartz,miniVite,-w -l -p 8 -n 32,1,0.0333,0.0,27397.260273972603,27397.260273972603,82191.78082191781,0.0,0.0,0.0,0.0,0.0136986301369863,384.4246575342466,4221.575342465753,679.1643835616437,29.56164383561644,0.0,0.029393273972602725,,,,1.9686067260273974
quartz,miniVite,-w -l -p 8 -n 4096,32,0.1,7250000.0,13875000.0,6093750.0,36343750.0,0.0,0.0,0.0,0.0,0.5625,206925.40625,777084.9375,113046.6875,10181.828125,156250.0,0.27214679687499993,,,,5.727853203125
quartz,miniVite,-w -l -p 8 -n 512,1,0.0333,21890410.95890411,27698630.136986304,3945205.479452055,76575342.46575342,0.0,0.0,0.0,0.0,0.0136986301369863,31132.054794520547,103933.5205479452,679.1643835616437,29.616438356164387,27397.260273972603,0.05354705479452055,,,,1.9444529452054797
quartz,miniVite,-w -l -p 8 -n 64,1,0.0333,7013698.630136986,8821917.808219178,1232876.7123287672,24383561.64383561,0.0,0.0,0.0,0.0,0.0136986301369863,648.3150684931506,8369.041095890412,679.1643835616437,29.602739726027398,0.0,0.030229808219178082,,,,1.9677701917808221
quartz,miniVite,-w -l -p 8 -n 8192,32,0.1,15281250.0,23187500.0,7750000.0,67750000.0,0.0,0.0,0.0,0.0,0.78125,738138.328125,1290045.0,116814.9375,10521.046875,343750.0,0.280348078125,,,,5.719651921875
quartz,miniVite,-w -l -p 9 -n 128,1,0.0333,12821917.808219178,16164383.561643835,2410958.9041095893,44904109.5890411,0.0,0.0,0.0,0.0,0.0136986301369863,4860.2602739726035,6253.45205479452,679.1643835616437,29.616438356164387,0.0,0.030651602739726024,,,,1.967348397260274
quartz,miniVite,-w -l -p 9 -n 16384,32,0.1,15093750.0,25562500.0,8562500.0,69687500.0,0.0,0.0,0.0,0.0,0.8125,2042580.96875,3876398.96875,116814.875,10521.09375,250000.0,0.268351109375,,,,5.731648890625
quartz,miniVite,-w -l -p 9 -n 256,1,0.0333,16931506.84931507,21424657.53424657,3013698.6301369863,59150684.93150685,0.0,0.0,0.0,0.0,0.0136986301369863,4370.164383561644,36281.91780821917,679.1643835616437,29.602739726027398,27397.260273972603,0.04899450684931507,,,,1.949005493150685
quartz,miniVite,-w -l -p 9 -n 32,1,0.0333,4986301.369863014,6273972.602739726,931506.8493150685,17479452.05479452,0.0,0.0,0.0,0.0,0.0136986301369863,159.28767123287668,3932.4109589041095,678.8767123287671,29.54794520547945,0.0,0.011288383561643836,,,,1.9867116164383565
quartz,miniVite,-w -l -p 9 -n 4096,32,0.1,16468750.0,25343750.0,7500000.0,68312500.0,0.0,0.0,0.0,0.0,0.75,163249.828125,842225.796875,120583.09375,10860.28125,625000.0,0.3144946562499999,,,,5.68550534375
quartz,miniVite,-w -l -p 9 -n 512,1,0.0333,10849315.06849315,13698630.136986302,1972602.7397260275,37890410.95890411,0.0,0.0,0.0,0.0,0.0136986301369863,26539.20547945205,76891.23287671234,679.1643835616437,29.63013698630137,0.0,0.034338068493150686,,,,1.9636619315068495
quartz,miniVite,-w -l -p 9 -n 64,1,0.0333,9013698.630136987,11369863.01369863,1561643.8356164384,31589041.09589041,0.0,0.0,0.0,0.0,0.0136986301369863,1143.150684931507,4771.630136986301,679.1643835616437,29.575342465753426,0.0,0.006029794520547944,,,,1.9919702054794524
quartz,miniVite,-w -l -p 9 -n 8192,32,0.1,21687500.0,33531250.0,9781250.0,91312500.0,0.0,0.0,0.0,0.0,1.0,697471.140625,1166184.515625,113046.765625,10181.859375,343750.0,0.269155796875,,,,5.730844203125
quartz,miniVite,-w -p 1 -n 128,1,0.0333,11150684.93150685,14191780.821917808,1972602.7397260275,39178082.19178082,0.0,0.0,0.0,0.0,0.0,2883.5479452054797,11594.054794520547,679.1643835616437,29.575342465753426,27397.260273972603,0.0494492602739726,,,,1.9485507397260275
quartz,miniVite,-w -p 1 -n 16384,32,0.1,19031250.0,31000000.0,10687500.0,83812500.0,0.0,0.0,0.0,0.0,0.0,1853175.734375,3184478.390625,113090.203125,10181.734375,531250.0,0.25883948437500004,,,,5.741160515625
quartz,miniVite,-w -p 1 -n 256,1,0.0333,16109589.04109589,20547945.20547945,2904109.589041096,56547945.20547945,0.0,0.0,0.0,0.0,0.0,9063.657534246577,22215.50684931507,679.1643835616437,29.52054794520548,0.0,0.04098072602739727,,,,1.957019273972603
quartz,miniVite,-w -p 1 -n 32,1,0.05,1479452.0547945206,1863013.698630137,273972.602739726,5205479.452054795,0.0,0.0,0.0,0.0,0.0,333.1506849315069,3560.287671232877,679.1643835616437,29.54794520547945,0.0,0.028296616438356164,,,,2.971703383561644
quartz,miniVite,-w -p 1 -n 4096,32,0.1166,15093750.0,25062500.0,8312500.0,67687500.0,0.0,0.0,0.0,0.0,0.0,171526.78125,526026.21875,116814.859375,10521.046875,312500.0,0.29221235937499995,,,,6.703787640624999
quartz,miniVite,-w -p 1 -n 512,1,0.05,25013698.630136985,31561643.83561644,4465753.424657534,87369863.01369864,0.0,0.0,0.0,0.0,0.0,49155.356164383564,43251.06849315069,679.1643835616437,29.616438356164387,0.0,0.04875541095890412,,,,2.951244589041096
quartz,miniVite,-w -p 1 -n 64,1,0.0333,2739726.02739726,3561643.835616438,493150.68493150687,9671232.87671233,0.0,0.0,0.0,0.0,0.0,621.4383561643834,5251.7397260273965,679.1643835616437,29.54794520547945,27397.260273972603,0.04150382191780823,,,,1.956496178082192
quartz,miniVite,-w -p 1 -n 8192,32,0.1,12375000.0,23531250.0,9031250.0,61687500.0,0.0,0.0,0.0,0.0,0.0,599704.40625,2024956.78125,113046.703125,10181.84375,437500.0,0.284587765625,,,,5.715412234375
quartz,miniVite,-w -p 2 -n 128,1,0.0333,9972602.739726027,12493150.684931507,1835616.4383561644,34602739.7260274,0.0,0.0,0.0,0.0,0.0,1429.2054794520548,10133.767123287673,679.1643835616437,29.602739726027398,0.0,0.04984849315068493,,,,1.9481515068493154
quartz,miniVite,-w -p 2 -n 16384,32,0.1,19593750.0,31062500.0,10593750.0,86562500.0,0.0,0.0,0.0,0.0,0.0,1629173.6875,3015610.6875,116859.921875,10521.09375,593750.0,0.2770809375,,,,5.7229190625
quartz,miniVite,-w -p 2 -n 256,1,0.0333,27342465.75342466,34438356.16438356,4739726.02739726,95260273.97260274,0.0,0.0,0.0,0.0,0.0,4967.095890410958,21718.46575342465,679.1643835616437,29.589041095890412,0.0,0.04024436986301369,,,,1.9577556301369865
quartz,miniVite,-w -p 2 -n 32,1,0.0333,3013698.6301369863,3753424.657534247,520547.9452054794,10356164.383561643,0.0,0.0,0.0,0.0,0.0,257.60273972602744,4314.342465753425,679.1643835616437,29.56164383561644,0.0,0.016880397260273967,,,,1.9811196027397262
quartz,miniVite,-w -p 2 -n 4096,32,0.1,11968750.0,20687500.0,8281250.0,56406250.0,0.0,0.0,0.0,0.0,0.0,172612.796875,613337.21875,116859.984375,10521.046875,437500.0,0.287342796875,,,,5.712657203125
quartz,miniVite,-w -p 2 -n 512,1,0.0333,9671232.87671233,12273972.602739725,1780821.917808219,34054794.52054795,0.0,0.0,0.0,0.0,0.0,46909.520547945205,77810.58904109588,679.1643835616437,29.63013698630137,0.0,0.06959547945205477,,,,1.9284045205479454
quartz,miniVite,-w -p 2 -n 64,1,0.05,3424657.534246576,4246575.342465754,602739.7260273972,11808219.178082192,0.0,0.0,0.0,0.0,0.0,425.8219178082192,4492.383561643836,679.1643835616437,29.575342465753426,0.0,0.012156876712328771,,,,2.9878431232876714
quartz,miniVite,-w -p 2 -n 8192,32,0.1166,15343750.0,25281250.0,8750000.0,68812500.0,0.0,0.0,0.0,0.0,0.0,540640.6875,1331501.078125,113090.328125,10181.84375,593750.0,0.289983046875,,,,6.706016953124999
quartz,miniVite,-w -p 3 -n 128,1,0.05,7863013.698630137,9945205.479452057,1424657.5342465753,27589041.09589041,0.0,0.0,0.0,0.0,0.0,1676.4657534246576,19563.438356164384,679.1643835616437,29.589041095890412,27397.260273972603,0.023860150684931504,,,,2.9761398493150684
quartz,miniVite,-w -p 3 -n 16384,32,0.1166,18968750.0,31062500.0,9937500.0,86093750.0,0.0,0.0,0.0,0.0,0.0,1947156.015625,3210215.34375,116814.859375,10521.078125,437500.0,0.3020728593750001,,,,6.693927140624999
quartz,miniVite,-w -p 3 -n 256,1,0.0333,12410958.90410959,15671232.87671233,2164383.561643836,43452054.79452055,0.0,0.0,0.0,0.0,0.0,5576.54794520548,18014.589041095893,679.1643835616437,29.602739726027398,0.0,0.05140109589041096,,,,1.9465989041095892
quartz,miniVite,-w -p 3 -n 32,1,0.0333,3013698.6301369863,3808219.178082192,547945.205479452,10520547.94520548,0.0,0.0,0.0,0.0,0.0,308.0,5166.54794520548,679.1643835616437,29.56164383561644,0.0,0.02446253424657534,,,,1.9735374657534248
quartz,miniVite,-w -p 3 -n 4096,32,0.1166,17218750.0,28218750.0,9593750.0,75781250.0,0.0,0.0,0.0,0.0,0.0,171394.484375,529088.921875,116814.9375,10521.0625,562500.0,0.2709719375,,,,6.7250280625
quartz,miniVite,-w -p 3 -n 512,1,0.0333,15041095.89041096,18849315.06849315,2684931.506849315,52246575.34246575,0.0,0.0,0.0,0.0,0.0,22793.136986301368,45568.49315068493,679.1643835616437,29.63013698630137,0.0,0.06380349315068494,,,,1.9341965068493152
quartz,miniVite,-w -p 3 -n 64,1,0.0333,6219178.082191781,7863013.698630137,1205479.4520547944,21863013.698630136,0.0,0.0,0.0,0.0,0.0,486.24657534246575,3704.342465753425,679.1643835616437,29.56164383561644,0.0,0.0241872191780822,,,,1.973812780821918
quartz,miniVite,-w -p 3 -n 8192,32,0.1166,12781250.0,21937500.0,7875000.0,60062500.0,0.0,0.0,0.0,0.0,0.0,570746.703125,1588317.203125,116814.859375,10521.046875,562500.0,0.34686481249999995,,,,6.6491351875
quartz,miniVite,-w -p 4 -n 128,1,0.05,11424657.534246575,14493150.684931507,2109589.04109589,40000000.0,0.0,0.0,0.0,0.0,0.0,2299.0684931506853,7553.726027397261,679.1643835616437,29.602739726027398,0.0,0.06725597260273973,,,,2.9327440273972605
quartz,miniVite,-w -p 4 -n 16384,32,0.1166,16718750.0,26656250.0,9406250.0,74218750.0,0.0,0.0,0.0,0.0,0.0,1749332.578125,3271778.96875,116814.859375,10521.09375,625000.0,0.3004820468750001,,,,6.695517953124999
quartz,miniVite,-w -p 4 -n 256,1,0.0333,6493150.684931506,8191780.821917809,1232876.7123287672,22630136.98630137,0.0,0.0,0.0,0.0,0.0,7427.561643835616,13025.465753424658,679.1643835616437,29.589041095890412,0.0,0.05227475342465753,,,,1.9457252465753427
quartz,miniVite,-w -p 4 -n 32,1,0.05,1534246.5753424657,1890410.9589041097,301369.8630136986,5369863.01369863,0.0,0.0,0.0,0.0,0.0,185.0958904109589,4024.4657534246576,679.1643835616437,29.575342465753426,0.0,0.017251657534246574,,,,2.9827483424657535
quartz,miniVite,-w -p 4 -n 4096,32,0.1,11718750.0,19812500.0,7000000.0,52593750.0,0.0,0.0,0.0,0.0,0.0,197480.578125,796010.640625,113046.703125,10181.828125,625000.0,0.28060553125,,,,5.71939446875
quartz,miniVite,-w -p 4 -n 512,1,0.0333,21287671.23287671,26986301.36986301,3753424.657534247,74328767.12328768,0.0,0.0,0.0,0.0,0.0,17208.80821917808,51453.219178082196,679.1643835616437,29.589041095890412,0.0,0.11254278082191782,,,,1.8854572191780825
quartz,miniVite,-w -p 4 -n 64,1,0.05,12739726.02739726,16136986.301369864,2301369.8630136987,44493150.68493151,0.0,0.0,0.0,0.0,0.0,643.2465753424657,4143.8493150684935,679.1643835616437,29.575342465753426,0.0,0.030228821917808218,,,,2.969771178082192
quartz,miniVite,-w -p 4 -n 8192,32,0.1166,13531250.0,23093750.0,7968750.0,61687500.0,0.0,0.0,0.0,0.0,0.0,487675.421875,1475685.609375,116814.9375,10521.0625,718750.0,0.303275640625,,,,6.692724359374999
quartz,miniVite,-w -p 5 -n 128,1,0.0333,1479452.0547945204,1835616.4383561644,273972.602739726,5150684.931506849,0.0,0.0,0.0,0.0,0.0,1631.164383561644,9642.465753424658,679.1643835616437,29.589041095890412,0.0,0.018764452054794524,,,,1.9792355479452057
quartz,miniVite,-w -p 5 -n 16384,32,0.1,18093750.0,30625000.0,9968750.0,84062500.0,0.0,0.0,0.0,0.0,0.0,2010871.71875,3323446.890625,116814.859375,10521.09375,625000.0,0.2928079687500001,,,,5.70719203125
quartz,miniVite,-w -p 5 -n 256,1,0.0333,14191780.821917808,18000000.0,2520547.94520548,49671232.87671233,0.0,0.0,0.0,0.0,0.0,12057.246575342466,18944.657534246573,679.1643835616437,29.575342465753426,27397.260273972603,0.0355518904109589,,,,1.9624481095890414
quartz,miniVite,-w -p 5 -n 32,1,0.0333,4246575.342465754,5452054.794520549,767123.2876712328,15095890.410958905,0.0,0.0,0.0,0.0,0.0,227.82191780821918,3424.8904109589043,679.1643835616437,29.54794520547945,0.0,0.05603931506849315,,,,1.941960684931507
quartz,miniVite,-w -p 5 -n 4096,32,0.1,16125000.0,25843750.0,8125000.0,70125000.0,0.0,0.0,0.0,0.0,0.0,165709.9375,628991.96875,116814.859375,10521.046875,593750.0,0.26597817187499995,,,,5.734021828125
quartz,miniVite,-w -p 5 -n 512,1,0.0333,47123287.67123288,59287671.23287671,8520547.94520548,164027397.26027396,0.0,0.0,0.0,0.0,0.0,23632.178082191782,37701.931506849316,679.1643835616437,29.616438356164387,27397.260273972603,0.05067569863013699,,,,1.9473243013698633
quartz,miniVite,-w -p 5 -n 64,1,0.0333,0.0,27397.260273972603,27397.260273972603,109589.0410958904,0.0,0.0,0.0,0.0,0.0,470.1506849315069,9683.068493150686,679.1643835616437,29.56164383561644,27397.260273972603,0.011879780821917806,,,,1.9861202191780825
quartz,miniVite,-w -p 5 -n 8192,32,0.1,15250000.0,24062500.0,7531250.0,64750000.0,0.0,0.0,0.0,0.0,0.0,536642.0625,1376264.859375,113046.6875,10181.84375,656250.0,0.2835893750000001,,,,5.716410625
quartz,miniVite,-w -p 6 -n 128,1,0.0333,7616438.356164384,9561643.835616438,1369863.01369863,26410958.90410959,0.0,0.0,0.0,0.0,0.0,1401.3150684931506,8593.64383561644,679.1643835616437,29.616438356164387,27397.260273972603,0.03161191780821918,,,,1.966388082191781
quartz,miniVite,-w -p 6 -n 16384,32,0.1166,17375000.0,28375000.0,9343750.0,78031250.0,0.0,0.0,0.0,0.0,0.0,1785707.375,3189314.96875,109278.546875,9842.6875,593750.0,0.298600328125,,,,6.697399671875
quartz,miniVite,-w -p 6 -n 256,1,0.0333,13315068.493150685,16821917.80821918,2493150.684931507,46410958.90410959,0.0,0.0,0.0,0.0,0.0,12269.657534246577,21795.232876712333,679.1643835616437,29.589041095890412,27397.260273972603,0.02411379452054794,,,,1.9738862054794524
quartz,miniVite,-w -p 6 -n 32,1,0.0333,1589041.095890411,2027397.2602739725,273972.602739726,5506849.315068494,0.0,0.0,0.0,0.0,0.0,389.63013698630135,4207.04109589041,679.1643835616437,29.56164383561644,0.0,0.006004479452054797,,,,1.9919955205479454
quartz,miniVite,-w -p 6 -n 4096,32,0.1,13781250.0,23375000.0,7875000.0,62062500.0,0.0,0.0,0.0,0.0,0.0,193269.515625,652790.96875,116814.921875,10521.046875,312500.0,0.278879296875,,,,5.721120703125
quartz,miniVite,-w -p 6 -n 512,1,0.05,36246575.34246575,45698630.1369863,6465753.424657534,126520547.94520548,0.0,0.0,0.0,0.0,0.0,20839.780821917808,84181.24657534248,679.1643835616437,29.616438356164387,0.0,0.050101972602739735,,,,2.94989802739726
quartz,miniVite,-w -p 6 -n 64,1,0.05,6136986.301369863,7753424.657534246,1068493.1506849315,21561643.83561644,0.0,0.0,0.0,0.0,0.0,617.9726027397261,5771.219178082192,679.1643835616437,29.56164383561644,0.0,0.006570767123287672,,,,2.9934292328767125
quartz,miniVite,-w -p 6 -n 8192,32,0.1,12250000.0,22000000.0,8000000.0,58656250.0,0.0,0.0,0.0,0.0,0.0,525584.078125,1394943.171875,120583.09375,10860.265625,187500.0,0.283159484375,,,,5.716840515625
quartz,miniVite,-w -p 7 -n 128,1,0.05,5369863.01369863,6767123.287671233,958904.1095890412,18931506.84931507,0.0,0.0,0.0,0.0,0.0,3101.4657534246576,7848.369863013699,679.1643835616437,29.589041095890412,0.0,0.06851923287671233,,,,2.9314807671232876
quartz,miniVite,-w -p 7 -n 16384,32,0.1166,13968750.0,23343750.0,8625000.0,64687500.0,0.0,0.0,0.0,0.0,0.0,1752004.390625,3199841.71875,113046.703125,10181.875,531250.0,0.2910544062500001,,,,6.70494559375
quartz,miniVite,-w -p 7 -n 256,1,0.0333,17808219.17808219,22410958.90410959,3205479.4520547944,62027397.26027397,0.0,0.0,0.0,0.0,0.0,11593.383561643835,19341.35616438356,679.1643835616437,29.616438356164387,0.0,0.06947527397260272,,,,1.9285247260273974
quartz,miniVite,-w -p 7 -n 32,1,0.05,0.0,0.0,27397.260273972603,109589.0410958904,0.0,0.0,0.0,0.0,0.0,198.027397260274,4249.808219178082,679.1643835616437,29.56164383561644,0.0,0.017367643835616443,,,,2.9826323561643835
quartz,miniVite,-w -p 7 -n 4096,32,0.1166,10343750.0,17875000.0,7468750.0,47718750.0,0.0,0.0,0.0,0.0,0.0,170100.515625,623023.765625,116814.9375,10521.0625,93750.0,0.286295421875,,,,6.709704578125
quartz,miniVite,-w -p 7 -n 512,1,0.0333,17753424.657534245,22575342.465753425,3287671.2328767125,62301369.86301371,0.0,0.0,0.0,0.0,0.0,16248.438356164384,45527.54794520548,679.1643835616437,29.616438356164387,27397.260273972603,0.05847219178082193,,,,1.9395278082191783
quartz,miniVite,-w -p 7 -n 64,1,0.0333,4328767.123287671,5424657.534246575,767123.2876712328,14958904.10958904,0.0,0.0,0.0,0.0,0.0,386.1917808219178,4742.301369863013,679.1643835616437,29.575342465753426,0.0,0.02302656164383561,,,,1.9749734383561646
quartz,miniVite,-w -p 7 -n 8192,32,0.1166,15218750.0,23875000.0,9000000.0,66562500.0,0.0,0.0,0.0,0.0,0.0,582694.28125,1548866.828125,116814.859375,10521.046875,500000.0,0.3060100937500001,,,,6.689989906249999
quartz,miniVite,-w -p 8 -n 128,1,0.0333,1479452.0547945206,1863013.698630137,301369.8630136986,5205479.452054795,0.0,0.0,0.0,0.0,0.0,1573.123287671233,6647.082191780822,679.1643835616437,29.56164383561644,0.0,0.013385410958904113,,,,1.984614589041096
quartz,miniVite,-w -p 8 -n 16384,32,0.1,17312500.0,26875000.0,9375000.0,76750000.0,0.0,0.0,0.0,0.0,0.0,1665590.78125,3187083.0,113046.71875,10181.875,406250.0,0.28766084374999995,,,,5.71233915625
quartz,miniVite,-w -p 8 -n 256,1,0.0333,10082191.780821918,12630136.98630137,1808219.1780821919,34986301.36986301,0.0,0.0,0.0,0.0,0.0,3916.082191780822,13869.602739726028,679.1643835616437,29.589041095890412,0.0,0.08433531506849315,,,,1.913664684931507
quartz,miniVite,-w -p 8 -n 32,1,0.0333,4383561.643835616,5534246.575342466,794520.5479452055,15205479.452054795,0.0,0.0,0.0,0.0,0.0,221.20547945205482,5118.602739726028,679.1643835616437,29.575342465753426,0.0,0.016716328767123288,,,,1.981283671232877
quartz,miniVite,-w -p 8 -n 4096,32,0.1,11531250.0,19906250.0,8000000.0,53093750.0,0.0,0.0,0.0,0.0,0.0,171894.640625,664410.203125,120583.09375,10860.28125,562500.0,0.2738425781250001,,,,5.7261574218749995
quartz,miniVite,-w -p 8 -n 512,1,0.0333,27835616.438356165,35150684.93150685,5178082.191780821,97397260.2739726,0.0,0.0,0.0,0.0,0.0,13782.520547945205,29764.575342465752,679.1643835616437,29.63013698630137,0.0,0.10765887671232878,,,,1.8903411232876715
quartz,miniVite,-w -p 8 -n 64,1,0.0333,0.0,27397.260273972603,0.0,109589.0410958904,0.0,0.0,0.0,0.0,0.0,725.4246575342465,3896.328767123288,679.1643835616437,29.575342465753426,27397.260273972603,0.024675657534246567,,,,1.9733243424657536
quartz,miniVite,-w -p 8 -n 8192,32,0.1166,16750000.0,25281250.0,7718750.0,70187500.0,0.0,0.0,0.0,0.0,0.0,616215.859375,1576452.953125,109278.53125,9842.640625,375000.0,0.274088890625,,,,6.721911109374999
quartz,miniVite,-w -p 9 -n 128,1,0.0333,1369863.01369863,1726027.397260274,246575.34246575343,4821917.808219179,0.0,0.0,0.0,0.0,0.0,3906.506849315069,9392.589041095893,679.1643835616437,29.602739726027398,27397.260273972603,0.036605027397260265,,,,1.96139497260274
quartz,miniVite,-w -p 9 -n 16384,32,0.1,10062500.0,17906250.0,6656250.0,49750000.0,0.0,0.0,0.0,0.0,0.0,1799205.296875,2907054.15625,113046.703125,10181.890625,468750.0,0.279133953125,,,,5.720866046875
quartz,miniVite,-w -p 9 -n 256,1,0.0333,11808219.178082192,14931506.849315068,2054794.5205479453,41452054.79452055,0.0,0.0,0.0,0.0,0.0,9328.027397260274,7840.945205479452,679.1643835616437,29.602739726027398,0.0,0.02317750684931507,,,,1.9748224931506853
quartz,miniVite,-w -p 9 -n 32,1,0.0333,1589041.095890411,1972602.7397260275,301369.8630136986,5479452.05479452,0.0,0.0,0.0,0.0,0.0,238.65753424657527,4640.904109589042,679.1643835616437,29.56164383561644,0.0,0.0181622602739726,,,,1.9798377397260276
quartz,miniVite,-w -p 9 -n 4096,32,0.1,13437500.0,21843750.0,7593750.0,58250000.0,0.0,0.0,0.0,0.0,0.0,187548.59375,621368.75,116814.921875,10521.0625,500000.0,0.2743915312500001,,,,5.72560846875
quartz,miniVite,-w -p 9 -n 512,1,0.0333,30767123.287671234,38684931.50684932,5479452.05479452,107315068.49315068,0.0,0.0,0.0,0.0,0.0,33591.57534246575,56497.24657534247,679.1643835616437,29.64383561643836,27397.260273972603,0.050149890410958894,,,,1.9478501095890413
quartz,miniVite,-w -p 9 -n 64,1,0.0333,219178.0821917808,273972.602739726,27397.260273972603,712328.7671232877,0.0,0.0,0.0,0.0,0.0,633.3287671232878,4629.58904109589,679.1643835616437,29.602739726027398,0.0,0.010796205479452056,,,,1.987203794520548
quartz,miniVite,-w -p 9 -n 8192,32,0.1,13468750.0,22906250.0,9375000.0,62500000.0,0.0,0.0,0.0,0.0,0.0,614652.21875,1423806.578125,113046.765625,10181.84375,125000.0,0.26451759375,,,,5.73548240625
quartz,sw4lite,/usr/WS1/dnicho/summer2022/repos/sw4lite/tests/cartesian/basic.in,1,0.0833,435555555.5555557,1235527777.7777774,192194444.44444445,2783416666.6666665,42416666.66666666,6916666.666666668,11527777.777777778,2027777.7777777773,2.958333333333333,138755578.63888893,38105685.5,550.1388888888888,30160.16666666667,250500000.0,2.341336527777778,,,,2.656663472222222
quartz,sw4lite,/usr/WS1/dnicho/summer2022/repos/sw4lite/tests/cartesian/basic.in,32,0.1166,1490687500.0,2983437500.0,1061875000.0,8492062500.0,49000000.0,11500000.0,5187500.0,3687500.0,195.375,298655424.0625,86349953.0,67175.8125,2106015.03125,187000000.0,1.8091223125,,,,5.186877687499999
quartz,sw4lite,/usr/WS1/dnicho/summer2022/repos/sw4lite/tests/cartesian/skinny.in,1,0.1,568111111.1111113,1896916666.6666667,311472222.22222215,4213527777.777777,82638888.88888891,16750000.0,17138888.888888888,4027777.777777778,3.9722222222222223,236867340.90277785,67471186.18055555,548.4166666666666,30160.222222222223,451000000.0,3.6037434027777775,,,,2.3962565972222225
quartz,sw4lite,/usr/WS1/dnicho/summer2022/repos/sw4lite/tests/cartesian/skinny.in,32,0.15,2858250000.0,5492625000.0,2029125000.0,15906375000.0,65687500.0,22875000.0,9187500.0,9437500.0,189.875,553674506.34375,163987518.96875,69323.8125,2106148.8125,466000000.0,3.5083040312500007,,,,5.491695968749999
quartz,sw4lite,/usr/WS1/dnicho/summer2022/repos/sw4lite/tests/cartesian/uni.in,1,0.1,443194444.4444444,1263472222.2222226,202277777.77777785,2859166666.6666665,44000000.0,7027777.777777777,12194444.444444446,2027777.7777777773,0.6388888888888888,183353260.3333333,80617505.56944445,551.8333333333334,30161.305555555562,268861111.1111111,3.710816138888889,,,,2.289183861111111
quartz,sw4lite,/usr/WS1/dnicho/summer2022/repos/sw4lite/tests/cartesian/uni.in,32,0.1,1540812500.0,3090812500.0,1132437500.0,8774750000.0,60312500.0,11437500.0,6187500.0,3750000.0,208.96875,442691126.34375,213462160.5,71805.84375,2106283.84375,197062500.0,1.9181573437500008,,,,4.081842656249999
quartz,sw4lite,/usr/WS1/dnicho/summer2022/repos/sw4lite/tests/cartesian/uni_rev.in,1,0.0833,492194444.4444444,1073388888.8888887,151277777.77777782,2471888888.888889,45805555.55555555,6111111.111111111,12277777.777777778,2027777.7777777773,2.4722222222222223,85518248.63888891,90554484.70833331,551.8611111111112,30161.305555555562,360138888.8888889,4.023353194444447,,,,0.9746468055555528
quartz,sw4lite,/usr/WS1/dnicho/summer2022/repos/sw4lite/tests/cartesian/uni_rev.in,32,0.0833,1165750000.0,2165125000.0,810250000.0,6271750000.0,53250000.0,13187500.0,7125000.0,5687500.0,188.40625,240687871.5,220271568.125,65020.875,2105883.8125,223875000.0,1.6609517500000002,,,,3.33704825
quartz,sw4lite,/usr/WS1/dnicho/summer2022/repos/sw4lite/tests/loh1/LOH.1-h100.in,1,3.8,46195611111.11112,101708777777.77776,13663111111.111107,231047777777.7777,4973333333.333333,758944444.4444442,2230472222.2222233,272361111.1111111,2.9027777777777777,3921400492.819445,4651602623.958333,575.9722222222222,30158.45833333333,56353027777.77778,224.97888331944256,,,,3.0211166805574408
quartz,sw4lite,/usr/WS1/dnicho/summer2022/repos/sw4lite/tests/loh1/LOH.1-h100.in,32,2.4833,116640625000.0,215593250000.0,76956562500.0,613688500000.0,5672312500.0,1207875000.0,677312500.0,424812500.0,303.84375,18975176403.65625,9339133988.71875,68891.375,2106010.1875,15623937500.0,135.3625204999997,,,,13.635479500000287
quartz,sw4lite,/usr/WS1/dnicho/summer2022/repos/sw4lite/tests/loh1/LOH.1-h50.in,1,54.3166,391618583333.3333,1135035194444.4443,167427166666.66666,2478212972222.2217,80134472222.22223,11311750000.0,43777694444.444435,4207916666.6666665,1.1111111111111112,68821010797.16667,72602858005.27779,575.9166666666666,30161.08333333333,883197472222.2222,3174.673626791295,,,,84.3223732087049
quartz,sw4lite,/usr/WS1/dnicho/summer2022/repos/sw4lite/tests/loh1/LOH.1-h50.in,32,34.75,1640617000000.0,3064998687500.0,1104176562500.0,8757922750000.0,80853875000.0,15538562500.0,9447437500.0,5690625000.0,287.6875,192388939207.90625,137756903326.0,71244.71875,2106150.65625,208840687500.0,1956.6442130312107,,,,128.3557869687893
quartz,sw4lite,/usr/WS1/dnicho/summer2022/repos/sw4lite/tests/loh2/LOH.2-h100.in,1,3.9666,50719250000.0,108189916666.66667,14418416666.666666,247078638888.8889,4954416666.666667,747250000.0,2238777777.7777767,271777777.77777785,500.6805555555555,4095509691.111111,4707151019.25,10093.694444444445,31333.388888888887,56674361111.11112,226.14741447222067,,,,11.848585527779335
quartz,sw4lite,/usr/WS1/dnicho/summer2022/repos/sw4lite/tests/loh2/LOH.2-h100.in,32,2.5,117062875000.0,217500812500.0,78669250000.0,620251437500.0,5751062500.0,1215687500.0,759687500.0,426937500.0,2734.65625,19492794256.71875,9536872477.96875,735078.71875,2108787.375,15891875000.0,136.26778937499978,,,,13.73221062500022
quartz,sw4lite,/usr/WS1/dnicho/summer2022/repos/sw4lite/tests/loh2/LOH.2-h50.in,1,53.75,390262138888.8889,1133886888888.8892,167508194444.44446,2475056944444.4443,80271305555.55556,11303916666.666666,43921194444.444435,4201250000.0,2186.597222222222,69191714603.86111,72714736778.09723,10097.541666666666,35295.375,859771944444.4445,3209.7198468884058,,,,15.280153111594245
quartz,sw4lite,/usr/WS1/dnicho/summer2022/repos/sw4lite/tests/loh2/LOH.2-h50.in,32,34.85,1560059687500.0,2984551812500.0,1059151500000.0,8449230250000.0,77994312500.0,15003187500.0,9394500000.0,5504437500.0,6730.28125,196364719180.375,139314337815.28125,711647.0,2117569.875,203512562500.0,1941.8723814999105,,,,149.1276185000895
quartz,sw4lite,/usr/WS1/dnicho/summer2022/repos/sw4lite/tests/pointsource/point-source-dg.in,1,0.0166,166666.66666666663,222222.22222222228,27777.777777777777,555555.5555555555,0.0,0.0,0.0,0.0,2.6805555555555562,3861.291666666666,984.6388888888887,533.0416666666666,30152.013888888887,0.0,0.0009309027777777778,,,,0.9950690972222223
quartz,sw4lite,/usr/WS1/dnicho/summer2022/repos/sw4lite/tests/pointsource/pointsource.in,1,0.1,972083333.3333334,1789750000.0,223166666.66666663,4204000000.0,58722222.22222222,8388888.888888888,17888888.888888888,2194444.4444444445,1.0,70842519.5,64158708.13888889,533.0555555555555,30160.66666666667,535861111.1111111,4.153448194444444,,,,1.8465518055555563
quartz,sw4lite,/usr/WS1/dnicho/summer2022/repos/sw4lite/tests/pointsource/pointsource.in,32,0.1,1471625000.0,2714125000.0,989062500.0,7761812500.0,75437500.0,16500000.0,9062500.0,5562500.0,200.28125,334782214.34375,147300739.15625,68255.15625,2106149.71875,236062500.0,1.854700625,,,,4.1452993750000005
quartz,sw4lite,/usr/WS1/dnicho/summer2022/repos/sw4lite/tests/pointsource/ps2.in,1,1.3,16184972222.22222,42137805555.55557,6332611111.111111,95481444444.44444,1551888888.8888884,287805555.55555564,868388888.8888887,84972222.22222222,4.111111111111111,4194503849.569445,955663130.625,532.9166666666666,30161.20833333333,8372805555.555554,75.16625315277736,,,,2.833746847222642
quartz,sw4lite,/usr/WS1/dnicho/summer2022/repos/sw4lite/tests/pointsource/ps2.in,32,0.95,42089500000.0,89383250000.0,30946250000.0,249049125000.0,1716312500.0,390437500.0,135562500.0,120625000.0,214.84375,11654237593.40625,2139242175.0,66015.15625,2106017.09375,3780562500.0,48.17303834374998,,,,8.82696165625002
quartz,sw4lite,/usr/WS1/dnicho/summer2022/repos/sw4lite/tests/topo/gaussianHill.in,1,0.9833,16310194444.444445,38519722222.22222,6327666666.666667,87694111111.11111,1539972222.2222226,812305555.5555558,275000000.0,45916666.66666666,4.180555555555555,2164421541.6805553,855344292.5416667,545.7777777777778,30161.875,5508472222.222222,56.09173555555557,,,,2.9062644444444246
quartz,sw4lite,/usr/WS1/dnicho/summer2022/repos/sw4lite/tests/topo/gaussianHill.in,32,0.9166,41052875000.0,84140937500.0,31792375000.0,235347625000.0,1502250000.0,779000000.0,131375000.0,92875000.0,430.15625,8147426307.46875,2017870210.90625,69142.5625,2106152.53125,6850562500.0,45.91978337500004,,,,9.076216624999958
quartz,sw4lite,/usr/WS1/dnicho/summer2022/repos/sw4lite/tests/topo/gaussianHill-rev.in,1,1.1166,6450944444.444447,24375888888.88889,4112583333.3333335,52157861111.11112,2346500000.0,425527777.77777785,570888888.8888887,104611111.11111107,4.2222222222222205,1378701853.9861116,1919241666.4722226,547.2222222222222,30159.819444444438,15286694444.444445,61.9154497361111,,,,5.0805502638889095
quartz,sw4lite,/usr/WS1/dnicho/summer2022/repos/sw4lite/tests/topo/gaussianHill-rev.in,32,1.1333,48418437500.0,86407500000.0,32249500000.0,251189312500.0,1953500000.0,535500000.0,280625000.0,232625000.0,464.75,3984057753.09375,4339946263.03125,64718.1875,2105880.15625,9976375000.0,58.881256812499934,,,,9.11674318750007
quartz,sw4lite,/usr/WS1/dnicho/summer2022/repos/sw4lite/tests/topo/skinny.in,1,2.5166,11347666666.666666,83199166666.66667,16324833333.333334,175265194444.44446,5148638888.888889,1587694444.4444444,1484166666.6666667,267916666.66666663,5.236111111111111,13518900870.430555,3980255699.8194437,545.75,30160.388888888887,26563888888.88889,146.7603745694446,,,,4.235625430555416
quartz,sw4lite,/usr/WS1/dnicho/summer2022/repos/sw4lite/tests/topo/skinny.in,32,3.3333,153032187500.0,314665437500.0,113169187500.0,887902375000.0,4828312500.0,1522375000.0,515250000.0,518062500.0,417.875,28450107278.21875,9203715229.3125,66881.375,2106015.5,22034312500.0,179.7124953437494,,,,20.285504656250595
quartz,sw4lite,/usr/WS1/dnicho/summer2022/repos/sw4lite/tests/topo/skinny-rev.in,1,2.5833,12698444444.444445,58417111111.11112,10598888888.888893,123267750000.0,5530472222.222222,1161000000.0,1558083333.3333333,271833333.3333333,3.3055555555555562,3427822139.875,4925206347.138888,545.7777777777778,30160.388888888887,42989000000.0,148.95801900000012,,,,6.0399809999998695
quartz,sw4lite,/usr/WS1/dnicho/summer2022/repos/sw4lite/tests/topo/skinny-rev.in,32,2.7333,127724250000.0,227803312500.0,87858625000.0,668017375000.0,5125625000.0,1330750000.0,736125000.0,570437500.0,454.46875,9950813563.0,10870380321.28125,62336.65625,2105747.25,25839937500.0,152.55764668749956,,,,11.440353312500434
quartz,TestDfft,10 100,1,0.0666,1178000000.0,1196000000.0,646000000.0,6298000000.0,64000000.0,82000000.0,34000000.0,40000000.0,3028.0,99499593.0,3349460.0,37797.0,2173193.0,268000000.0,1.4605489999999999,,,,2.5354510000000006
quartz,TestDfft,10 120,1,0.1,2064000000.0,2236000000.0,1224000000.0,11432000000.0,104000000.0,142000000.0,64000000.0,78000000.0,2585.0,202560745.0,7721012.0,37804.0,2173201.0,714000000.0,2.7799840000000002,,,,3.2200159999999998
quartz,TestDfft,10 120,32,0.0666,358000000.0,810500000.0,372437500.0,2650562500.0,5187500.0,4000000.0,1187500.0,0.0,1118.46875,76874693.8125,46372219.46875,69909.84375,2106280.1875,33500000.0,0.4769946250000001,,,,3.5190053750000003
quartz,TestDfft,10 128,1,0.0833,2466000000.0,2954000000.0,1630000000.0,14710000000.0,246000000.0,242000000.0,110000000.0,116000000.0,3060.0,152771732.0,2831102.0,37804.0,2173200.0,2554000000.0,4.3237239999999995,,,,0.6742760000000008
quartz,TestDfft,10 128,32,0.0833,349937500.0,567125000.0,256812500.0,1943062500.0,7750000.0,6000000.0,3750000.0,2000000.0,1112.71875,23302186.0625,54848194.15625,69909.84375,2106280.1875,67250000.0,0.4014999375000001,,,,4.5965000625000005
quartz,TestDfft,10 140,1,0.1,3100000000.0,2878000000.0,1562000000.0,16042000000.0,304000000.0,226000000.0,148000000.0,124000000.0,2036.0,216107024.0,3715511.0,37804.0,2173819.0,802000000.0,4.3821330000000005,,,,1.6178669999999995
quartz,TestDfft,10 160,1,0.1833,4636000000.0,4402000000.0,2386000000.0,24250000000.0,320000000.0,398000000.0,170000000.0,194000000.0,1731.0,317196248.0,5572217.0,37804.0,2173201.0,2760000000.0,6.854841000000001,,,,4.143158999999998
quartz,TestDfft,10 160,32,0.1333,752750000.0,1186437500.0,535687500.0,4073062500.0,11500000.0,11812500.0,4000000.0,3375000.0,1084.90625,67392550.96875,116467298.5625,69877.84375,2106279.1875,162000000.0,0.91354496875,,,,7.08445503125
quartz,TestDfft,10 180,1,0.2,6590000000.0,6574000000.0,3392000000.0,35102000000.0,488000000.0,484000000.0,268000000.0,282000000.0,2075.0,470206041.0,9402284.0,37804.0,2173199.0,2346000000.0,9.554459000000003,,,,2.445540999999997
quartz,TestDfft,10 200,1,0.2666,8916000000.0,8066000000.0,4378000000.0,45796000000.0,512000000.0,674000000.0,342000000.0,388000000.0,3441.0,554798441.0,6150266.0,37804.0,2173201.0,3414000000.0,13.247938999999995,,,,2.748061000000005
quartz,TestDfft,10 200,32,0.1333,1404437500.0,1879375000.0,847562500.0,6691437500.0,24062500.0,22000000.0,9000000.0,6000000.0,1094.6875,75927187.59375,208750965.84375,69909.84375,2106280.1875,323062500.0,1.7388225000000002,,,,6.2591775
quartz,TestDfft,10 220,1,0.3333,12026000000.0,12740000000.0,6718000000.0,66508000000.0,770000000.0,886000000.0,450000000.0,510000000.0,2794.0,667214692.0,2140012.0,37804.0,2173832.0,3726000000.0,18.184673,,,,1.8133269999999975
quartz,TestDfft,10 240,1,0.4166,15412000000.0,13574000000.0,7810000000.0,78274000000.0,1042000000.0,1350000000.0,578000000.0,674000000.0,3143.0,988375427.0,12387149.0,37804.0,2173212.0,7256000000.0,23.274089,,,,1.7219110000000022
quartz,TestDfft,10 240,32,0.1666,2774000000.0,3772125000.0,1704000000.0,13240000000.0,32437500.0,36000000.0,13812500.0,14000000.0,1114.0,149944864.9375,359892085.0625,69909.84375,2106280.53125,481687500.0,3.2786044999999997,,,,6.7173955
quartz,TestDfft,10 256,1,0.6833,18550000000.0,15452000000.0,9102000000.0,91458000000.0,1952000000.0,1634000000.0,1606000000.0,1130000000.0,2595.0,1046559997.0,4282318.0,37804.0,2173212.0,11742000000.0,36.72502499999999,,,,4.272975000000017
quartz,TestDfft,10 256,32,0.1166,3287250000.0,3942500000.0,1750937500.0,14094000000.0,51500000.0,52000000.0,23625000.0,24125000.0,1081.03125,66733339.96875,499107790.6875,69909.84375,2106280.53125,812062500.0,3.76508396875,,,,3.2309160312499996
quartz,TestDfft,10 32,1,0.0166,52000000.0,92000000.0,46000000.0,384000000.0,4000000.0,4000000.0,2000000.0,0.0,2197.0,22257308.0,669218.0,37804.0,2173178.0,24000000.0,0.069725,,,,0.926275
quartz,TestDfft,10 32,32,0.0666,54312500.0,105687500.0,41187500.0,306687500.0,,,,,1110.5625,4342227.1875,11126254.90625,69877.84375,2106278.5,1562500.0,0.07142240625000001,,,,3.9245775937500005
quartz,TestDfft,10 64,1,0.0333,338000000.0,560000000.0,308000000.0,2486000000.0,42000000.0,36000000.0,12000000.0,10000000.0,2871.0,112093988.0,1709704.0,37804.0,2173189.0,166000000.0,0.4248329999999999,,,,1.5731670000000002
quartz,TestDfft,10 64,32,0.0833,93562500.0,208250000.0,89937500.0,639250000.0,62500.0,0.0,0.0,0.0,1111.625,13121830.875,18075436.21875,69909.84375,2106279.84375,9750000.0,0.131199375,,,,4.866800625
quartz,TestDfft,12 128,1,0.1,2930000000.0,3354000000.0,1852000000.0,17024000000.0,288000000.0,284000000.0,120000000.0,126000000.0,3132.0,177961457.0,2891119.0,37804.0,2173773.0,2706000000.0,4.8629180000000005,,,,1.1370819999999995
quartz,TestDfft,12 128,32,0.0666,410750000.0,638062500.0,287000000.0,2196875000.0,7500000.0,8000000.0,4000000.0,2000000.0,1119.5625,24048074.84375,65251467.5625,69909.84375,2106298.0625,74937500.0,0.4568311875000001,,,,3.5391688125000003
quartz,TestDfft,12 256,1,0.8166,22246000000.0,18504000000.0,10902000000.0,109698000000.0,2144000000.0,1962000000.0,1842000000.0,1306000000.0,2446.0,1249692130.0,4315438.0,37804.0,2173786.0,13906000000.0,44.465362,,,,4.530638000000003
quartz,TestDfft,12 256,32,0.15,3863812500.0,4592875000.0,2035500000.0,16475562500.0,53437500.0,62000000.0,25812500.0,29437500.0,1067.96875,72088096.0625,639656522.90625,69909.84375,2106298.46875,1028375000.0,4.440376812500001,,,,4.559623187499999
quartz,TestDfft,12 32,1,0.0333,60000000.0,98000000.0,50000000.0,422000000.0,6000000.0,4000000.0,2000000.0,0.0,2470.0,21382518.0,642229.0,37804.0,2173747.0,32000000.0,0.074705,,,,1.9232950000000002
quartz,TestDfft,12 32,32,0.0833,61750000.0,117250000.0,44937500.0,338125000.0,,,,,1084.875,4280209.46875,13688599.46875,69876.875,2106296.21875,2000000.0,0.07632021875000003,,,,4.92167978125
quartz,TestDfft,12 64,1,0.0333,396000000.0,610000000.0,338000000.0,2782000000.0,50000000.0,40000000.0,16000000.0,12000000.0,3462.0,113211236.0,1649389.0,37804.0,2173760.0,140000000.0,0.504834,,,,1.4931660000000002
quartz,TestDfft,12 64,32,0.0666,105437500.0,225250000.0,96375000.0,690625000.0,1375000.0,0.0,0.0,0.0,1094.28125,13210699.8125,19645789.375,69909.84375,2106297.65625,11750000.0,0.14076115624999996,,,,3.8552388437500005
quartz,TestDfft,14 128,1,0.1166,3394000000.0,3746000000.0,2070000000.0,19306000000.0,412000000.0,324000000.0,176000000.0,158000000.0,3755.0,205100345.0,2899514.0,37804.0,2174345.0,3058000000.0,5.6336020000000016,,,,1.362397999999998
quartz,TestDfft,14 128,32,0.0833,473500000.0,711875000.0,318062500.0,2460687500.0,9562500.0,9187500.0,4000000.0,4000000.0,1115.46875,24853935.0,76569932.625,69909.84375,2106315.9375,83562500.0,0.50754234375,,,,4.49045765625
quartz,TestDfft,14 256,1,0.9166,25870000000.0,22056000000.0,12610000000.0,129588000000.0,2708000000.0,2288000000.0,2244000000.0,1576000000.0,4000.0,1450949192.0,4359847.0,37804.0,2174360.0,20566000000.0,52.035281999999974,,,,2.9607180000000213
quartz,TestDfft,14 256,32,0.1666,4367875000.0,5131937500.0,2287125000.0,18538625000.0,62625000.0,72000000.0,30500000.0,34562500.0,1109.15625,79246514.8125,740330605.90625,69909.84375,2106316.40625,1199687500.0,5.17764478125,,,,4.818355218750001
quartz,TestDfft,14 32,1,0.0166,68000000.0,106000000.0,54000000.0,460000000.0,6000000.0,6000000.0,2000000.0,0.0,3012.0,18285747.0,637961.0,37804.0,2174314.0,34000000.0,0.07877400000000001,,,,0.917226
quartz,TestDfft,14 32,32,0.0666,68000000.0,127062500.0,48312500.0,364062500.0,,,,,1133.59375,4327184.71875,15255309.15625,69877.84375,2106314.0,2000000.0,0.07971234374999997,,,,3.9162876562500006
quartz,TestDfft,14 64,1,0.0333,456000000.0,662000000.0,366000000.0,3086000000.0,56000000.0,46000000.0,18000000.0,14000000.0,3490.0,115248289.0,1679490.0,37804.0,2174330.0,150000000.0,0.5348329999999999,,,,1.4631670000000003
quartz,TestDfft,14 64,32,0.0833,116875000.0,241000000.0,102250000.0,739000000.0,1625000.0,0.0,0.0,0.0,1079.8125,13278182.875,21412404.21875,69877.84375,2106314.46875,13187500.0,0.1507785625,,,,4.8472214375
quartz,TestDfft,15 100,1,0.0666,1734000000.0,1646000000.0,902000000.0,8996000000.0,178000000.0,124000000.0,72000000.0,62000000.0,3707.0,131388340.0,3422047.0,37804.0,2174629.0,416000000.0,2.088555,,,,1.9074450000000005
quartz,TestDfft,15 120,1,0.0833,3022000000.0,3046000000.0,1712000000.0,16234000000.0,138000000.0,214000000.0,92000000.0,118000000.0,3677.0,255035892.0,7721467.0,37804.0,2174631.0,1056000000.0,3.9884370000000002,,,,1.009563
quartz,TestDfft,15 120,32,0.0833,468125000.0,937812500.0,427000000.0,3114625000.0,5812500.0,6000000.0,2000000.0,2000000.0,1084.90625,78569319.8125,64882019.59375,69877.84375,2106323.875,44562500.0,0.56840609375,,,,4.42959390625
quartz,TestDfft,15 140,1,0.15,4614000000.0,4248000000.0,2270000000.0,23890000000.0,394000000.0,340000000.0,204000000.0,190000000.0,2995.0,301116090.0,3755675.0,37804.0,2175560.0,1322000000.0,6.329615000000001,,,,2.6703849999999987
quartz,TestDfft,15 160,1,0.1833,6892000000.0,6208000000.0,3484000000.0,35198000000.0,442000000.0,598000000.0,242000000.0,290000000.0,3031.0,444732292.0,5813397.0,37804.0,2174631.0,3342000000.0,10.022818,,,,0.9751820000000002
quartz,TestDfft,15 160,32,0.1,1069625000.0,1546250000.0,692312500.0,5386750000.0,18687500.0,16000000.0,7250000.0,4812500.0,1095.875,71163333.5625,167591910.71875,69909.84375,2106324.875,243875000.0,1.25153675,,,,4.74846325
quartz,TestDfft,15 180,1,0.2833,9806000000.0,9512000000.0,4926000000.0,51924000000.0,608000000.0,724000000.0,364000000.0,426000000.0,3661.0,646730985.0,9374469.0,37804.0,2174631.0,3320000000.0,13.832303,,,,3.1656970000000015
quartz,TestDfft,15 200,1,0.3666,13314000000.0,11830000000.0,6436000000.0,67892000000.0,872000000.0,1010000000.0,558000000.0,578000000.0,3608.0,797921749.0,6163421.0,37804.0,2174631.0,4808000000.0,19.459884,,,,2.536116
quartz,TestDfft,15 200,32,0.1333,2061437500.0,2614875000.0,1172562500.0,9394625000.0,25875000.0,32000000.0,11625000.0,10000000.0,1097.53125,83628702.5,300741469.46875,69908.875,2106324.84375,464500000.0,2.45298271875,,,,5.545017281250001
quartz,TestDfft,15 220,1,0.5,17822000000.0,19148000000.0,9970000000.0,99428000000.0,1086000000.0,1328000000.0,658000000.0,768000000.0,3458.0,985433592.0,2209779.0,37804.0,2175577.0,5576000000.0,26.98559199999999,,,,3.01440800000001
quartz,TestDfft,15 240,1,0.6166,22992000000.0,19800000000.0,11442000000.0,115792000000.0,1590000000.0,2024000000.0,876000000.0,1016000000.0,4163.0,1408813458.0,12663485.0,37804.0,2174647.0,10452000000.0,34.10557899999999,,,,2.8904210000000106
quartz,TestDfft,15 240,32,0.15,4042000000.0,5195500000.0,2335125000.0,18423375000.0,40625000.0,56000000.0,20000000.0,22062500.0,1089.09375,163863068.9375,542499423.03125,69909.84375,2106325.375,816375000.0,4.64856875,,,,4.35143125
quartz,TestDfft,16 128,1,0.1333,3860000000.0,4142000000.0,2292000000.0,21622000000.0,428000000.0,366000000.0,190000000.0,182000000.0,3226.0,230824375.0,2850919.0,37804.0,2174917.0,3242000000.0,6.198375,,,,1.7996249999999998
quartz,TestDfft,16 128,32,0.0833,529687500.0,776187500.0,345562500.0,2696562500.0,11375000.0,10000000.0,5687500.0,4000000.0,1115.375,25688948.0625,86317126.21875,69876.875,2106332.78125,97125000.0,0.5625810624999998,,,,4.435418937500001
quartz,TestDfft,16 256,1,1.05,29638000000.0,24546000000.0,14470000000.0,145836000000.0,2904000000.0,2616000000.0,2476000000.0,1786000000.0,4575.0,1653872017.0,4370334.0,37804.0,2174933.0,24928000000.0,60.83969899999988,,,,2.1603010000001177
quartz,TestDfft,16 256,32,0.1833,5014125000.0,5852437500.0,2608937500.0,21170125000.0,70500000.0,84000000.0,34437500.0,39625000.0,1071.125,87242567.84375,785216715.75,69907.90625,2106334.28125,1381187500.0,5.926427249999999,,,,5.0715727500000005
quartz,TestDfft,16 32,1,0.0166,76000000.0,112000000.0,56000000.0,498000000.0,8000000.0,6000000.0,4000000.0,0.0,3380.0,15081627.0,642892.0,37804.0,2174882.0,38000000.0,0.105161,,,,0.8908389999999999
quartz,TestDfft,16 32,32,0.0833,75375000.0,138250000.0,52375000.0,395000000.0,,,,,1164.65625,4372257.125,16341841.90625,69877.84375,2106331.75,2000000.0,0.08399715625,,,,4.9140028437500005
quartz,TestDfft,16 64,1,0.0166,514000000.0,710000000.0,396000000.0,3370000000.0,34000000.0,52000000.0,16000000.0,16000000.0,3225.0,121127612.0,1656294.0,37804.0,2174899.0,162000000.0,0.6053069999999999,,,,0.39069300000000007
quartz,TestDfft,16 64,32,0.0833,128125000.0,257812500.0,108437500.0,788375000.0,1312500.0,1750000.0,0.0,0.0,1124.09375,13427714.3125,24423505.1875,69909.84375,2106333.28125,15437500.0,0.15498696875,,,,4.84301303125
quartz,TestDfft,18 128,1,0.1333,4324000000.0,4538000000.0,2512000000.0,24010000000.0,518000000.0,406000000.0,212000000.0,192000000.0,3541.0,253121449.0,2934804.0,37804.0,2175491.0,3562000000.0,7.017222,,,,0.9807779999999999
quartz,TestDfft,18 128,32,0.0833,592687500.0,850000000.0,376812500.0,2959687500.0,12875000.0,12000000.0,6000000.0,4000000.0,1093.1875,26552475.5625,98134214.3125,69877.84375,2106350.75,104437500.0,0.60736771875,,,,4.39063228125
quartz,TestDfft,18 256,1,1.2,33332000000.0,27566000000.0,16252000000.0,163792000000.0,3382000000.0,2944000000.0,2848000000.0,2006000000.0,4309.0,1852277309.0,4335881.0,37804.0,2175510.0,22428000000.0,66.17178799999982,,,,5.828212000000178
quartz,TestDfft,18 256,32,0.1833,5791500000.0,6787812500.0,2996687500.0,24361687500.0,77437500.0,94000000.0,38187500.0,44750000.0,1086.03125,92807998.25,921501277.28125,69876.875,2106351.3125,1530125000.0,6.653381093750001,,,,4.344618906249998
quartz,TestDfft,18 32,1,0.0166,84000000.0,118000000.0,60000000.0,534000000.0,8000000.0,6000000.0,4000000.0,0.0,3576.0,15503380.0,653340.0,37804.0,2175452.0,42000000.0,0.09967899999999999,,,,0.896321
quartz,TestDfft,18 32,32,0.0666,81125000.0,146875000.0,55312500.0,419437500.0,,,,,1194.28125,4440950.625,16607374.21875,69876.875,2106349.53125,2062500.0,0.0863705625,,,,3.9096294375000005
quartz,TestDfft,18 64,1,0.0333,572000000.0,762000000.0,424000000.0,3672000000.0,48000000.0,56000000.0,20000000.0,18000000.0,4277.0,129548170.0,1644413.0,37804.0,2175472.0,238000000.0,0.62412,,,,1.3738800000000002
quartz,TestDfft,18 64,32,0.0833,141000000.0,275750000.0,114937500.0,842812500.0,1812500.0,2000000.0,0.0,0.0,1143.84375,13465634.875,26961108.0,69909.84375,2106351.15625,16500000.0,0.16681528125,,,,4.83118471875
quartz,TestDfft,20 100,1,0.0666,2290000000.0,2098000000.0,1156000000.0,11686000000.0,238000000.0,164000000.0,96000000.0,82000000.0,4955.0,160067563.0,3452507.0,37804.0,2176063.0,540000000.0,2.731789,,,,1.2642110000000004
quartz,TestDfft,20 120,1,0.1166,3980000000.0,3790000000.0,2124000000.0,20784000000.0,256000000.0,286000000.0,142000000.0,156000000.0,4898.0,306987505.0,7725026.0,37804.0,2176065.0,1630000000.0,4.982803,,,,2.013197
quartz,TestDfft,20 120,32,0.0833,577812500.0,1062500000.0,481062500.0,3573750000.0,7937500.0,9500000.0,2000000.0,2000000.0,1118.71875,80139507.15625,80181079.40625,69907.90625,2106369.625,57875000.0,0.67661,,,,4.32139
quartz,TestDfft,20 128,1,0.15,4790000000.0,4940000000.0,2734000000.0,26368000000.0,558000000.0,448000000.0,242000000.0,220000000.0,5062.0,279110751.0,2894288.0,37804.0,2176065.0,3778000000.0,7.687363000000001,,,,1.3126369999999987
quartz,TestDfft,20 128,32,0.0833,647062500.0,911500000.0,403812500.0,3187250000.0,14062500.0,12000000.0,6000000.0,4250000.0,1083.1875,27205115.15625,107779240.96875,69908.875,2106369.65625,118375000.0,0.6565581562499998,,,,4.34144184375
quartz,TestDfft,20 140,1,0.1666,6132000000.0,5558000000.0,2978000000.0,31494000000.0,396000000.0,454000000.0,234000000.0,258000000.0,4516.0,380190057.0,3800412.0,37804.0,2177305.0,1732000000.0,8.255625,,,,1.7403750000000002
quartz,TestDfft,20 160,1,0.2666,9152000000.0,8092000000.0,4558000000.0,46438000000.0,638000000.0,798000000.0,340000000.0,388000000.0,3957.0,567434881.0,5915841.0,37804.0,2176065.0,4606000000.0,12.78757,,,,3.20843
quartz,TestDfft,20 160,32,0.1,1366375000.0,1882125000.0,838375000.0,6623000000.0,17812500.0,22000000.0,8375000.0,7875000.0,1097.875,76538237.46875,227036636.09375,69877.84375,2106368.6875,317812500.0,1.5635084375000006,,,,4.4364915625
quartz,TestDfft,20 180,1,0.35,13018000000.0,12436000000.0,6452000000.0,68472000000.0,870000000.0,966000000.0,506000000.0,566000000.0,4834.0,822484495.0,9456408.0,37804.0,2176065.0,4176000000.0,18.859729999999995,,,,2.1402700000000046
quartz,TestDfft,20 200,1,0.4666,17710000000.0,15248000000.0,8500000000.0,88990000000.0,1044000000.0,1346000000.0,706000000.0,766000000.0,3992.0,1035895335.0,6243142.0,37804.0,2176065.0,6702000000.0,25.202821,,,,2.793179000000002
quartz,TestDfft,20 200,32,0.1166,2750500000.0,3392312500.0,1513312500.0,12230625000.0,38250000.0,44000000.0,16125000.0,14000000.0,1106.46875,91494119.9375,414216903.84375,69909.84375,2106369.6875,638375000.0,3.199984125,,,,3.7960158749999997
quartz,TestDfft,20 220,1,0.65,23746000000.0,25464000000.0,13260000000.0,132644000000.0,1488000000.0,1770000000.0,892000000.0,1016000000.0,3956.0,1305251335.0,2198428.0,37804.0,2177326.0,7382000000.0,35.490843,,,,3.509157000000002
quartz,TestDfft,20 240,1,0.8166,30574000000.0,26030000000.0,15076000000.0,153058000000.0,2086000000.0,2700000000.0,1158000000.0,1358000000.0,5161.0,1820572347.0,12610584.0,37804.0,2176086.0,14182000000.0,45.13501599999999,,,,3.860984000000009
quartz,TestDfft,20 240,32,0.1833,5365187500.0,6660437500.0,2995250000.0,23808062500.0,70187500.0,74000000.0,29937500.0,29937500.0,1068.71875,176178007.25,675902545.15625,69877.84375,2106369.34375,1131062500.0,6.009287218749997,,,,4.988712781250002
quartz,TestDfft,20 256,1,1.2833,36970000000.0,31168000000.0,17826000000.0,183474000000.0,3780000000.0,3270000000.0,3144000000.0,2272000000.0,3965.0,2055747337.0,4384309.0,37804.0,2176085.0,19978000000.0,70.99630800000007,,,,6.0016919999999345
quartz,TestDfft,20 256,32,0.2,6331375000.0,7391750000.0,3264125000.0,26588500000.0,96687500.0,104000000.0,45687500.0,49625000.0,1114.0,99570288.625,978696353.03125,69908.875,2106370.3125,1734250000.0,7.323210312500001,,,,4.676789687499999
quartz,TestDfft,20 32,1,0.0333,94000000.0,124000000.0,64000000.0,572000000.0,10000000.0,8000000.0,4000000.0,2000000.0,4051.0,20673045.0,702505.0,37804.0,2176022.0,50000000.0,0.10598099999999998,,,,1.8920190000000003
quartz,TestDfft,20 32,32,0.0666,91000000.0,162437500.0,60625000.0,461125000.0,,,,,1149.0625,4395258.28125,19608527.25,69877.84375,2106367.375,2062500.0,0.091389125,,,,3.9046108750000004
quartz,TestDfft,20 64,1,0.0333,630000000.0,810000000.0,454000000.0,3964000000.0,78000000.0,62000000.0,24000000.0,18000000.0,4488.0,130006895.0,1694650.0,37804.0,2176044.0,186000000.0,0.698168,,,,1.2998320000000003
quartz,TestDfft,20 64,32,0.0833,145812500.0,281312500.0,118062500.0,864750000.0,1437500.0,2000000.0,0.0,0.0,1126.09375,13611079.125,27212681.6875,69908.875,2106369.0,18437500.0,0.1996044062500001,,,,4.7983955937500005
quartz,XSBench,-m event -s large -G hash,1,1.35,524000000.0,650000000.0,312000000.0,2160000000.0,32000000.0,14000000.0,10000000.0,0.0,0.0,24280065.0,48303909.0,0.0,0.0,16000000.0,0.763193,,,,80.236807
quartz,XSBench,-m event -s large -G nuclide,1,4.2,524000000.0,650000000.0,312000000.0,2160000000.0,32000000.0,14000000.0,10000000.0,0.0,0.0,24250438.0,48310190.0,0.0,0.0,16000000.0,0.75416,,,,251.24584
quartz,XSBench,-m event -s large -G unionized,1,1.3833,6754000000.0,4016000000.0,2002000000.0,22650000000.0,50000000.0,30000000.0,20000000.0,0.0,0.0,24407849.0,48360436.0,0.0,0.0,98000000.0,6.190045000000005,,,,76.80795499999999
quartz,XSBench,-m event -s small -G hash,1,0.2333,100000000.0,124000000.0,60000000.0,416000000.0,6000000.0,2000000.0,2000000.0,0.0,0.0,5028609.0,9363602.0,0.0,0.0,2000000.0,0.17792400000000005,,,,13.820076
quartz,XSBench,-m event -s small -G nuclide,1,0.9166,100000000.0,124000000.0,60000000.0,416000000.0,6000000.0,2000000.0,2000000.0,0.0,0.0,4913505.0,9522386.0,0.0,0.0,2000000.0,0.178815,,,,54.817184999999995
quartz,XSBench,-m event -s small -G unionized,1,0.3,394000000.0,312000000.0,154000000.0,1422000000.0,8000000.0,4000000.0,2000000.0,0.0,0.0,4742281.0,9379119.0,0.0,0.0,14000000.0,0.438015,,,,17.561985
quartz,XSBench,-m event -s XL -G hash,1,3.0666,13388000000.0,16880000000.0,7798000000.0,54742000000.0,1248000000.0,430000000.0,752000000.0,66000000.0,0.0,509208193.0,1018047644.0,0.0,0.0,970000000.0,22.44879599999999,,,,161.54720400000002
quartz,XSBench,-m event -s XL -G nuclide,1,9.1333,13386000000.0,16878000000.0,7798000000.0,54742000000.0,1248000000.0,430000000.0,752000000.0,66000000.0,0.0,509041942.0,1017950639.0,0.0,0.0,980000000.0,22.22012899999999,,,,525.777871
quartz,XSBench,-m event -s XL -G unionized,1,2.05,25350000000.0,28078000000.0,13452000000.0,99144000000.0,1522000000.0,622000000.0,880000000.0,72000000.0,0.0,509010061.0,1017700357.0,0.0,0.0,3354000000.0,32.554087999999986,,,,90.44591199999999
quartz,XSBench,-m event -s XXL -G hash,1,4.4166,29282000000.0,37034000000.0,16988000000.0,119554000000.0,3036000000.0,932000000.0,1846000000.0,164000000.0,0.0,1068820452.0,2191799168.0,0.0,0.0,2512000000.0,49.76978499999996,,,,215.22621500000002
quartz,XSBench,-m event -s XXL -G nuclide,1,11.0666,29280000000.0,37034000000.0,16986000000.0,119554000000.0,3032000000.0,930000000.0,1844000000.0,162000000.0,0.0,1068632750.0,2191496255.0,0.0,0.0,2538000000.0,50.32166899999997,,,,613.674331
quartz,XSBench,-m event -s XXL -G unionized,1,5.6333,54784000000.0,60984000000.0,29082000000.0,214226000000.0,3616000000.0,1342000000.0,2122000000.0,174000000.0,0.0,1068397294.0,2191265106.0,0.0,0.0,7786000000.0,72.02853799999998,,,,265.969462
quartz,XSBench,-m history -s large -G hash,1,1.2666,524000000.0,650000000.0,312000000.0,2160000000.0,32000000.0,14000000.0,10000000.0,0.0,0.0,24407811.0,48260413.0,0.0,0.0,14000000.0,0.7624780000000001,,,,75.233522
quartz,XSBench,-m history -s large -G nuclide,1,4.1833,524000000.0,650000000.0,312000000.0,2160000000.0,32000000.0,14000000.0,10000000.0,0.0,0.0,24402566.0,48424689.0,0.0,0.0,16000000.0,0.7659290000000001,,,,250.232071
quartz,XSBench,-m history -s large -G unionized,1,1.2666,6754000000.0,4014000000.0,2002000000.0,22650000000.0,50000000.0,30000000.0,20000000.0,0.0,0.0,24145026.0,48317037.0,0.0,0.0,100000000.0,6.106293000000008,,,,69.88970699999999
quartz,XSBench,-m history -s small -G hash,1,0.2333,100000000.0,124000000.0,60000000.0,416000000.0,6000000.0,2000000.0,2000000.0,0.0,0.0,4723448.0,9359689.0,0.0,0.0,2000000.0,0.16173400000000002,,,,13.836266000000002
quartz,XSBench,-m history -s small -G nuclide,1,0.8833,100000000.0,124000000.0,60000000.0,416000000.0,6000000.0,2000000.0,2000000.0,0.0,0.0,4646383.0,9306679.0,0.0,0.0,2000000.0,0.162279,,,,52.835721
quartz,XSBench,-m history -s small -G unionized,1,0.3,394000000.0,312000000.0,154000000.0,1422000000.0,8000000.0,4000000.0,2000000.0,0.0,0.0,4949821.0,9231379.0,0.0,0.0,12000000.0,0.4369380000000001,,,,17.563062
quartz,XSBench,-m history -s XL -G hash,1,3.05,13388000000.0,16878000000.0,7798000000.0,54742000000.0,1248000000.0,430000000.0,752000000.0,66000000.0,0.0,508948854.0,1017993458.0,0.0,0.0,970000000.0,22.523420999999992,,,,160.47657900000002
quartz,XSBench,-m history -s XL -G nuclide,1,8.9666,13382000000.0,16876000000.0,7798000000.0,54738000000.0,1248000000.0,430000000.0,750000000.0,66000000.0,0.0,508777977.0,1018356907.0,0.0,0.0,878000000.0,21.872494999999986,,,,516.123505
quartz,XSBench,-m history -s XL -G unionized,1,1.35,25342000000.0,28074000000.0,13450000000.0,99138000000.0,1522000000.0,622000000.0,880000000.0,72000000.0,0.0,508943338.0,1017589552.0,0.0,0.0,3400000000.0,32.81307499999999,,,,48.18692500000001
quartz,XSBench,-m history -s XXL -G hash,1,4.4166,29278000000.0,37032000000.0,16986000000.0,119552000000.0,3034000000.0,932000000.0,1846000000.0,162000000.0,0.0,1068817784.0,2190014888.0,0.0,0.0,2598000000.0,50.26826599999998,,,,214.727734
quartz,XSBench,-m history -s XXL -G nuclide,1,11.0166,29276000000.0,37030000000.0,16984000000.0,119548000000.0,3034000000.0,932000000.0,1846000000.0,162000000.0,0.0,1068499451.0,2191790510.0,0.0,0.0,2542000000.0,51.134042999999984,,,,609.861957
quartz,XSBench,-m history -s XXL -G unionized,1,5.5833,54770000000.0,60974000000.0,29074000000.0,214212000000.0,3608000000.0,1342000000.0,2122000000.0,174000000.0,0.0,1068594380.0,2191032900.0,0.0,0.0,7954000000.0,71.11690799999997,,,,263.8810920000001
ruby,amg,-problem 1 -P 2 2 1 -n 128 128 64,32,0.1,0.0,0.0,0.0,2000000.0,,,,,0.0,132.21875,18824.6875,105803.9375,2107258.9375,0.0,0.04669328125,,,,5.95330671875
ruby,amg,-problem 1 -P 2 2 1 -n 16 16 8,32,0.0666,0.0,0.0,0.0,2000000.0,,,,,0.0,90.84375,16731.59375,105803.9375,2107258.9375,0.0,0.23865778125,,,,3.7573422187500003
ruby,amg,-problem 1 -P 2 2 1 -n 32 32 16,32,0.1,0.0,0.0,0.0,2000000.0,,,,,0.0,102.96875,17162.46875,105835.9375,2107259.9375,0.0,0.04159071875,,,,5.95840928125
ruby,amg,-problem 1 -P 2 2 1 -n 64 64 32,32,0.0833,0.0,0.0,0.0,2000000.0,,,,,0.0,115.34375,16228.71875,105835.9375,2107259.9375,0.0,0.046594375,,,,4.9514056250000005
ruby,amg,-problem 1 -P 2 2 1 -n 8 8 4,32,0.0833,0.0,0.0,0.0,2000000.0,,,,,0.0,123.40625,17322.1875,105803.9375,2107258.9375,0.0,0.04212984375,,,,4.9558701562500005
ruby,amg,-problem 1 -P 4 4 2 -n 128 128 64,32,0.4,16603375000.0,26143437500.0,7385312500.0,73890187500.0,175625000.0,20812500.0,18812500.0,7500000.0,664.375,990987273.96875,1225451156.53125,59583.53125,2105406.625,464187500.0,18.32962865625001,,,,5.670371343749991
ruby,amg,-problem 1 -P 4 4 2 -n 16 16 8,32,0.1,53187500.0,76812500.0,23000000.0,222312500.0,0.0,0.0,0.0,0.0,1158.8125,1855402.28125,4372343.3125,89282.75,2106608.5625,2187500.0,0.10605303125,,,,5.89394696875
ruby,amg,-problem 1 -P 4 4 2 -n 32 32 16,32,0.0833,156937500.0,291437500.0,56625000.0,747312500.0,1625000.0,125000.0,0.0,0.0,854.96875,14812022.65625,15478628.625,99230.34375,2107010.59375,11625000.0,0.28015909375000003,,,,4.71784090625
ruby,amg,-problem 1 -P 4 4 2 -n 64 64 32,32,0.1166,1351250000.0,2423062500.0,552875000.0,6421375000.0,18687500.0,3125000.0,2062500.0,437500.0,908.1875,122732127.53125,154860009.59375,69494.53125,2105807.5625,60812500.0,1.9217656875,,,,5.0742343125
ruby,amg,-problem 1 -P 4 4 2 -n 8 8 4,32,0.0833,38062500.0,47937500.0,18625000.0,149750000.0,0.0,0.0,0.0,0.0,1127.875,225846.15625,2864124.03125,89318.25,2106609.625,875000.0,0.25231546875,,,,4.74568453125
ruby,amg,-problem 2 -P 1 1 1 -n 128 128 128,1,0.3833,5574928571.428572,9514375000.0,788267857.1428572,22309464285.714287,67375000.0,8625000.0,14589285.714285715,4071428.5714285714,35.267857142857146,314966636.6339286,158337944.88392857,938.7232142857144,19688.651785714286,887000000.0,20.377176714285728,,,,2.6208232857142697
ruby,amg,-problem 2 -P 1 1 1 -n 16 16 16,1,0.05,246678571.42857143,341250000.0,34000000.0,852107142.8571428,17857.14285714286,17857.14285714286,0.0,0.0,30.125,566510.5178571428,378250.5714285714,938.7142857142856,19688.64285714286,5428571.428571428,0.6612844732142859,,,,2.3387155267857143
ruby,amg,-problem 2 -P 1 1 1 -n 256 256 256,1,2.25,20875196428.57143,43763410714.28571,3108696428.571429,97328625000.0,593803571.4285715,52839285.71428572,77982142.85714285,24178571.42857143,35.625,2534970395.419643,1266740050.2589285,938.7232142857144,19688.651785714286,3341892857.142857,129.81713610714291,,,,5.182863892857085
ruby,amg,-problem 2 -P 1 1 1 -n 32 32 32,1,0.0333,344464285.71428573,498696428.5714286,47785714.28571428,1228696428.5714285,839285.7142857143,35714.28571428572,0.0,0.0,32.19642857142857,4725014.616071428,2554051.7232142854,938.7232142857144,19688.651785714286,13553571.42857143,1.3126589821428574,,,,0.6853410178571429
ruby,amg,-problem 2 -P 1 1 1 -n 64 64 64,1,0.1,1308785714.2857144,2022750000.0,181017857.1428572,4882142857.142858,9785714.285714284,142857.14285714287,3053571.4285714286,17857.14285714286,36.607142857142854,38899152.3125,19966189.54464285,938.7232142857144,19688.651785714286,56642857.14285714,4.421066098214284,,,,1.5789339017857156
ruby,amg,-problem 2 -P 1 1 1 -n 8 8 8,1,0.05,91071428.57142857,124946428.57142857,12428571.42857143,313196428.5714286,0.0,0.0,0.0,0.0,20.142857142857142,64705.767857142855,81493.16964285714,938.7142857142856,19688.64285714286,1642857.1428571432,0.12229701785714285,,,,2.877702982142857
ruby,amg,-problem 2 -P 4 4 2 -n 128 128 64,32,3.0666,126119812500.0,220434125000.0,50023000000.0,582850625000.0,1793437500.0,197000000.0,217312500.0,96250000.0,952.0,10555042452.5625,17283776754.375,86040.5,2106476.75,7203875000.0,172.18412775000007,,,,11.811872249999936
ruby,amg,-problem 2 -P 4 4 2 -n 16 16 8,32,0.0833,365437500.0,601937500.0,180250000.0,1662812500.0,7687500.0,2937500.0,0.0,500000.0,894.15625,21628209.75,39960093.90625,69495.8125,2105807.625,24437500.0,0.41254884375,,,,4.58545115625
ruby,amg,-problem 2 -P 4 4 2 -n 32 32 16,32,0.1166,1451000000.0,2858812500.0,578750000.0,7212375000.0,31625000.0,7375000.0,2062500.0,1625000.0,887.03125,165448082.53125,203139864.71875,59584.53125,2105406.5,107000000.0,2.09854984375,,,,4.89745015625
ruby,amg,-problem 2 -P 4 4 2 -n 64 64 32,32,0.3833,11368687500.0,22478500000.0,4630000000.0,56789000000.0,208687500.0,35875000.0,28437500.0,12625000.0,972.71875,1310616253.71875,1706953674.0,82710.78125,2106342.3125,956375000.0,17.60372415625,,,,5.394275843749998
ruby,amg,-problem 2 -P 4 4 2 -n 8 8 4,32,0.0833,211875000.0,291875000.0,103500000.0,866437500.0,5312500.0,1875000.0,0.0,0.0,870.09375,2939908.59375,17183241.9375,89316.5625,2106609.5,18500000.0,0.25062353125000003,,,,4.74737646875
ruby,comd,,1,0.0166,61767857.14285714,85946428.57142857,8892857.142857144,215857142.85714287,0.0,0.0,0.0,0.0,2299.455357142857,4630452.741071428,410818.1428571429,938.7232142857144,19688.723214285714,2017857.1428571432,0.16049310714285714,,,,0.8355068928571429
ruby,comd,,1,0.0166,89607142.85714285,129785714.28571428,15000000.0,326839285.71428573,0.0,0.0,0.0,0.0,7880.053571428572,14428023.848214285,1596697.6964285716,938.7232142857144,19688.723214285714,12392857.142857146,0.2749954642857144,,,,0.7210045357142856
ruby,comd,,1,0.0333,135303571.42857143,194857142.85714287,21714285.71428572,489642857.14285713,0.0,17857.14285714286,0.0,0.0,8476.098214285714,16164062.419642854,2054921.1696428573,938.7142857142856,19688.696428571428,11857142.857142854,0.27357273214285704,,,,1.724427267857143
ruby,comd,,1,0.0333,157285714.2857143,228160714.2857143,26053571.42857143,573375000.0,0.0,17857.14285714286,0.0,0.0,11420.4375,21368287.5625,2605353.1785714286,938.7232142857144,19688.714285714286,20375000.0,0.2822907767857144,,,,1.7157092232142859
ruby,comd,,1,0.0333,81053571.42857143,114446428.57142857,12482142.857142854,287642857.14285713,0.0,0.0,0.0,0.0,4355.258928571428,7789552.732142857,824643.3392857143,938.7232142857144,19688.723214285714,5035714.285714285,0.21027889285714288,,,,1.7877211071428574
ruby,comd,,1,0.0333,84267857.14285715,117625000.0,12535714.285714285,294946428.5714286,0.0,0.0,0.0,0.0,4186.267857142857,7271533.035714285,592507.0803571428,938.7321428571428,19688.714285714286,2821428.571428572,0.16701864285714293,,,,1.8309813571428573
ruby,comd,,1,0.0333,95553571.42857143,136107142.85714287,14857142.857142854,341464285.71428573,0.0,0.0,0.0,0.0,5136.892857142857,9579489.82142857,1188501.160714286,938.7142857142856,19688.696428571428,4839285.714285715,0.2503586339285716,,,,1.7476413660714285
ruby,comd,,27,0.0666,225703703.7037037,558444444.4444443,204518518.5185185,1601296296.2962966,7111111.111111111,4703703.703703703,0.0,0.0,227940.2962962963,431156810.1851852,50695983.96296296,52605.16666666666,1053633.537037037,57851851.85185185,0.5531675925925926,,,,3.442832407407408
ruby,comd,,27,0.0666,413111111.1111111,1016592592.5925926,375555555.5555557,2923666666.6666665,13592592.592592593,8629629.629629629,222222.22222222228,74074.07407407407,412104.1296296296,785006475.7777778,91751623.4074074,50658.444444444445,1053565.7592592593,114814814.81481482,0.9949049074074076,,,,3.001095092592593
ruby,comd,,27,0.0666,55259259.25925926,154111111.11111107,54777777.77777778,434111111.1111111,962962.9629629628,851851.8518518519,0.0,0.0,71372.55555555556,130142922.72222222,15205231.537037035,50659.388888888876,1053565.7962962964,14444444.444444446,0.15515751851851853,,,,3.840842481481482
ruby,comd,,27,0.0833,303444444.4444444,755962962.962963,278407407.4074074,2170259259.2592587,7888888.888888889,6370370.37037037,0.0,0.0,312953.40740740736,589572801.5,68681822.27777778,50659.388888888876,1053565.7962962964,81111111.11111109,0.7429669444444444,,,,4.255033055555556
ruby,comd,,27,0.0833,78703703.7037037,233592592.59259257,84629629.62962963,654444444.4444442,1629629.6296296297,1777777.7777777778,0.0,0.0,109387.83333333331,203673106.3148148,23826702.592592593,52605.16666666666,1053633.537037037,26185185.18518519,0.2366882037037037,,,,4.7613117962962965
ruby,comd,,27,0.1,166185185.1851852,400814814.8148148,146740740.74074075,1153370370.3703706,4148148.1481481483,3074074.0740740737,0.0,0.0,162396.75925925927,305386332.42592585,34630641.55555555,52605.16666666666,1053633.537037037,39037037.03703704,0.3817251481481482,,,,5.618274851851852
ruby,comd,,27,0.1,543074074.074074,1328111111.1111116,495962962.962963,3836000000.0,16777777.777777776,13000000.0,1222222.2222222222,370370.3703703704,529646.9259259261,1010420559.2592592,115113950.12962964,48713.611111111124,1053498.0555555557,146444444.44444445,1.3088222407407406,,,,4.69117775925926
ruby,cosmoflow,,1,0.0166,136375000.0,194303571.42857143,21410714.285714287,487303571.4285714,0.0,0.0,0.0,0.0,6375.3482142857165,15044255.63392857,1621694.5446428573,938.7232142857144,19688.714285714286,9160714.285714284,0.4181607232142861,,,,0.5778392767857139
ruby,cosmoflow,,1,0.0166,157553571.42857143,220571428.57142857,23375000.0,552625000.0,17857.14285714286,0.0,0.0,0.0,5033.473214285715,12926306.82142857,1164719.910714286,938.7232142857144,19688.723214285714,8357142.857142857,0.3224621428571429,,,,0.6735378571428571
ruby,cosmoflow,,1,0.0333,167892857.14285713,240321428.57142857,27357142.85714286,603125000.0,0.0,17857.14285714286,0.0,0.0,9254.607142857143,22440743.5,2357476.6160714286,938.7232142857144,19688.714285714286,14803571.42857143,0.3817258214285715,,,,1.6162741785714287
ruby,cosmoflow,,1,0.0333,215053571.42857143,314250000.0,36750000.0,789196428.5714285,17857.14285714286,0.0,0.0,0.0,15878.625,34542915.928571425,4128557.3839285714,938.7232142857144,19688.714285714286,17535714.285714287,0.6758053214285713,,,,1.322194678571429
ruby,cosmoflow,,1,0.0333,231410714.2857143,331928571.4285714,37232142.85714286,832839285.7142857,17857.14285714286,17857.14285714286,0.0,0.0,12119.571428571433,25738670.72321429,3115926.535714285,938.7232142857144,19688.714285714286,13500000.0,0.6484850000000003,,,,1.3495149999999998
ruby,cosmoflow,,1,0.0333,285607142.85714287,416857142.85714287,48982142.85714286,1046875000.0,17857.14285714286,35714.28571428572,0.0,0.0,20451.535714285714,40823760.98214286,5053756.857142857,938.7232142857144,19688.714285714286,33017857.14285714,0.7121743839285715,,,,1.2858256160714288
ruby,cosmoflow,,1,0.0333,94571428.57142857,132553571.42857143,14571428.57142857,332696428.5714286,0.0,0.0,0.0,0.0,3195.375,8007922.0625,807939.8035714284,938.7321428571428,19688.714285714286,2535714.285714286,0.5126478839285713,,,,1.485352116071429
ruby,cosmoflow,,27,0.0666,103555555.55555557,297851851.8518519,106407407.4074074,833851851.8518517,2629629.6296296297,2555555.5555555555,0.0,0.0,137381.53703703705,254548112.09259257,30070596.31481481,48701.111111111124,1053497.5925925926,30000000.0,0.3067397037037037,,,,3.689260296296297
ruby,cosmoflow,,27,0.0666,326962962.962963,793185185.1851853,289518518.5185185,2273444444.444445,8777777.777777778,7148148.148148147,0.0,0.0,318975.0,599626039.2222222,69081650.0,48714.055555555555,1053498.0740740742,75888888.88888891,0.7539665925925928,,,,3.2420334074074075
ruby,cosmoflow,,27,0.0833,152407407.4074074,458777777.77777785,165185185.1851852,1278777777.7777774,4185185.185185185,4333333.333333333,0.0,0.0,215192.7962962963,403410092.40740734,47284454.70370371,52591.66666666666,1053633.037037037,52037037.03703704,0.4597723148148147,,,,4.538227685185186
ruby,cosmoflow,,27,0.0833,446592592.5925926,1102444444.4444444,404148148.1481481,3162666666.6666665,14888888.888888888,9962962.962962965,0.0,111111.11111111114,447817.3148148148,847788831.462963,99479836.35185184,52605.16666666666,1053633.537037037,114888888.88888893,1.1048520185185184,,,,3.893147981481482
ruby,cosmoflow,,27,0.1166,1013851851.8518516,2558814814.814815,932333333.3333334,7306666666.666667,33592592.59259259,26370370.37037037,3148148.1481481483,1740740.740740741,1052989.7037037036,2007077220.0185184,231246426.59259257,48714.055555555555,1053498.0740740742,306407407.40740734,2.516354,,,,4.479645999999999
ruby,cosmoflow,,27,0.1,614777777.7777778,1510888888.8888884,555888888.8888887,4340333333.333333,16888888.888888888,13925925.925925925,592592.5925925926,814814.8148148148,616378.3333333335,1168761220.648148,135867910.8333333,52605.64814814815,1053633.5555555557,160259259.25925925,1.4617331666666666,,,,4.538266833333333
ruby,cosmoflow,,27,0.1,825148148.1481483,2024074074.0740736,752777777.7777778,5834444444.444447,27851851.85185185,18074074.074074075,2000000.0,1000000.0,813023.1111111111,1545476582.574074,182222517.70370367,50659.388888888876,1053565.7962962964,223259259.25925925,1.9403697592592588,,,,4.059630240740741
ruby,deepcam,,1,0.1333,2028035714.2857144,3075910714.285714,395785714.2857143,7747053571.428572,12696428.57142857,6071428.571428573,17857.14285714286,89285.71428571429,229752.4553571429,489572121.04464287,56642899.59821428,938.7232142857144,19688.714285714286,333410714.28571427,6.089985821428567,,,,1.9080141785714329
ruby,deepcam,,1,0.2333,3753125000.0,5722982142.857142,743607142.8571428,14413857142.857143,23714285.71428572,14000000.0,1732142.8571428568,178571.42857142858,447842.9910714286,923562974.625,112409884.47321431,938.7232142857144,19688.723214285714,675821428.5714285,11.316764357142887,,,,2.6812356428571142
ruby,deepcam,,1,0.2333,3895142857.142857,5948785714.285714,776750000.0,14988196428.571428,24714285.71428572,14232142.857142854,1803571.4285714286,196428.57142857145,475332.0267857143,985671100.25,116074916.47321431,938.7232142857144,19688.714285714286,785000000.0,11.673152026785758,,,,2.3248479732142435
ruby,deepcam,,1,0.2333,4070446428.571429,6264964285.714286,831839285.7142857,15793321428.571428,28107142.85714286,16214285.714285715,1892857.1428571432,339285.71428571426,533252.7678571428,1077474856.607143,130090709.25,938.7321428571428,19688.714285714286,813017857.1428572,13.309417223214341,,,,0.68858277678566
ruby,deepcam,,1,0.25,3953250000.0,6068625000.0,799982142.8571428,15291107142.857143,26375000.0,16071428.57142857,1821428.5714285718,214285.7142857143,503566.2678571429,1036285269.7857145,124630133.76785716,938.7232142857144,19688.723214285714,772767857.1428572,12.438931910714333,,,,2.5610680892856674
ruby,deepcam,,1,0.2833,4767964285.714286,7341982142.857142,975000000.0,18508035714.285717,34142857.14285714,19660714.285714287,1982142.8571428568,732142.8571428572,628542.2589285715,1251816771.669643,152597602.10714284,938.7232142857144,19688.714285714286,1063571428.5714283,14.292887151785774,,,,2.7051128482142275
ruby,deepcam,,1,0.2833,4887321428.571428,7422017857.142858,953267857.1428572,18692982142.857143,37089285.71428572,18053571.42857143,1946428.5714285718,303571.4285714286,563871.6160714285,1126975207.107143,137064967.61607143,938.7232142857144,19688.714285714286,875964285.7142857,13.873979062500055,,,,3.124020937499946
ruby,deepcam,,1,0.2833,4914517857.142858,7502267857.142858,975035714.2857145,18899017857.142857,32553571.42857143,18071428.57142857,1892857.1428571432,785714.2857142857,595454.3392857143,1184822412.3392856,149555324.0,938.7232142857144,19688.714285714286,1030482142.8571428,14.750056142857206,,,,2.247943857142795
ruby,deepcam,,1,0.3166,5212178571.428572,8041303571.428572,1072071428.5714283,20272232142.857143,36196428.571428575,21892857.14285714,2017857.1428571432,1928571.4285714286,698342.8035714285,1389291578.7767856,173340694.38392857,938.7232142857144,19688.723214285714,1167535714.2857144,15.612980321428662,,,,3.383019678571337
ruby,deepcam,,1,0.3166,5369589285.714286,8209750000.0,1072732142.8571428,20681464285.714287,34553571.428571425,20321428.57142857,1946428.5714285718,2017857.1428571432,662868.0535714285,1314172346.5089285,160487397.92857143,938.7232142857144,19688.723214285714,1121982142.857143,15.550142214285795,,,,3.445857785714203
ruby,deepcam,,1,0.35,5893732142.857142,9022839285.714285,1179892857.142857,22730660714.285717,38892857.14285714,22410714.285714287,2178571.4285714286,2160714.285714286,734919.5982142857,1464167055.7857144,181539986.5803572,938.7232142857144,19688.723214285714,1112642857.142857,17.85933847321439,,,,3.1406615267856104
ruby,deepcam,,1,0.3666,5976750000.0,9183607142.857143,1212839285.7142856,23142767857.142857,41428571.42857143,24446428.57142857,2821428.571428572,2250000.0,773014.8928571428,1535392648.4642856,186043448.8303572,938.7232142857144,19688.714285714286,1387910714.2857144,17.212414642857258,,,,4.783585357142741
ruby,deepcam,,27,0.6166,12858814814.814816,32408592592.592594,11487629629.62963,90693481481.48148,510037037.037037,316814814.8148148,57185185.18518519,34407407.40740741,12490143.777777778,23895251839.55556,4191031003.592593,52605.16666666666,1053633.537037037,4225407407.407407,31.982914500000025,,,,5.013085499999978
ruby,deepcam,,27,1.3333,26560222222.222214,64855407407.40741,23312888888.88889,182853703703.7037,920111111.1111113,619814814.8148147,117814814.81481482,67222222.22222222,24390362.25925925,46423496120.72222,8377999333.944444,52605.64814814815,1053633.5555555557,7695555555.555554,72.93914162962962,,,,7.058858370370373
ruby,deepcam,,27,1.4,27875814814.814816,68563481481.481476,24705259259.25926,193253962962.96286,961962962.9629632,656222222.2222222,118925925.92592593,71666666.66666667,25882447.18518519,49246459599.27778,8777393740.648148,50659.40740740741,1053565.7962962964,8406370370.37037,77.22357048148146,,,,6.77642951851854
ruby,deepcam,,27,1.4833,29397703703.703705,72401185185.18518,26206814814.814816,204249148148.14816,1033185185.1851852,693814814.8148147,130555555.55555557,74259259.25925925,27435315.35185185,52186947109.03704,9363909084.592592,52605.16666666666,1053633.537037037,8970111111.111109,82.61765057407403,,,,6.380349425925971
ruby,deepcam,,27,1.5666,31144185185.18518,76613555555.55556,27822962962.962963,216347925925.926,1089370370.3703704,736777777.7777778,140222222.22222218,80555555.55555555,29046672.222222224,55241326024.31481,9898084435.055555,50646.388888888876,1053565.3148148148,9554037037.037035,87.84231292592588,,,,6.153687074074114
ruby,deepcam,,27,1.65,30900518518.51852,78395148148.14815,28183888888.88889,220059518518.51846,1550222222.2222226,776592592.5925926,145814814.8148148,84296296.2962963,30721870.05555556,58431366661.518524,10648428837.907408,50658.90740740741,1053565.7777777778,10208703703.703705,93.11408612962965,,,,5.885913870370345
ruby,deepcam,,27,1.7666,35375074074.074066,86306666666.66667,31607148148.14815,244649666666.66666,1231185185.1851852,816740740.7407408,149074074.07407406,88481481.48148148,32254801.48148148,61332182865.37038,11318773753.981482,50659.388888888876,1053565.7962962964,11036185185.185184,100.27477722222228,,,,5.721222777777712
ruby,deepcam,,27,1.8833,36287851851.85185,89537444444.44444,33005851851.85185,253861037037.03705,1322777777.7777774,873185185.1851853,163888888.88888893,93111111.11111107,34262917.11111111,65150691606.57407,11883822291.185184,50658.90740740741,1053565.7777777778,11953074074.074074,105.05574942592592,,,,7.94225057407408
ruby,deepcam,,27,1.9833,36392592592.59259,92343629629.62962,33789518518.51852,260442888888.8889,1352888888.8888884,913407407.4074074,172148148.14814815,99592592.5925926,36131093.722222224,68704443252.31481,12735604475.25926,50672.388888888876,1053566.2777777778,12553629629.62963,111.39623479629627,,,,7.601765203703735
ruby,deepcam,,27,2.1,37801444444.444435,96327185185.18518,35183481481.48148,271433703703.7037,1454666666.6666667,958666666.6666666,178703703.70370367,103074074.07407407,38066403.722222224,72377962193.7963,13414235299.333334,50672.388888888876,1053566.2777777778,13486851851.851852,117.75359066666668,,,,8.246409333333318
ruby,deepcam,,27,2.2333,43172296296.296295,105538851851.85184,39265185185.18519,300262407407.4074,1492444444.4444444,1012629629.6296297,187444444.44444445,109481481.48148148,40068912.0,76185817566.75926,14135394311.981482,52605.16666666666,1053633.537037037,14470222222.22222,124.49550181481487,,,,9.502498185185118
ruby,deepcam,,27,2.3666,43495777777.77778,108992037037.03703,40496037037.03704,308863407407.4074,1594740740.7407408,1072666666.6666666,198444444.44444445,114074074.07407407,41874333.42592593,79600343518.31482,14419809561.388891,50659.388888888876,1053565.7962962964,15054481481.481482,132.1737320185185,,,,9.822267981481502
ruby,kripke.exe,--niter 10 --pmethod bj --groups 16 --legendre 0,1,0.05,4482142.857142857,29642857.14285714,7142857.142857143,63321428.57142858,1178571.4285714286,785714.2857142857,35714.28571428572,35714.28571428572,6.4017857142857135,16715289.92857143,13546052.669642858,938.7232142857144,19688.723214285714,1535714.2857142857,0.011943080357142857,,,,2.9880569196428572
ruby,kripke.exe,"--niter 10 --pmethod bj --groups 16 --legendre 0 --procs 4,4,2",32,0.0666,64625000.0,165812500.0,61812500.0,476937500.0,0.0,2000000.0,0.0,0.0,969.375,60419673.125,48146727.8125,105845.65625,2107278.21875,19500000.0,0.08463503125,,,,3.9113649687500005
ruby,kripke.exe,--niter 10 --pmethod bj --groups 16 --legendre 1,1,0.05,8125000.0,47660714.28571428,11482142.857142854,106875000.0,1196428.5714285714,767857.1428571428,35714.28571428572,35714.28571428572,10.339285714285714,24634842.95535714,13646610.151785715,938.7142857142856,19688.714285714286,1571428.5714285714,0.015165901785714288,,,,2.984834098214286
ruby,kripke.exe,"--niter 10 --pmethod bj --groups 16 --legendre 1 --procs 4,4,2",32,0.0666,80750000.0,234875000.0,80062500.0,649000000.0,0.0,2000000.0,0.0,0.0,914.3125,88218908.53125,46311640.375,105845.65625,2107278.21875,17937500.0,0.100082625,,,,3.8959173750000002
ruby,kripke.exe,--niter 10 --pmethod bj --groups 16 --legendre 2,1,0.0666,13839285.714285715,77250000.0,18678571.42857143,178339285.7142857,1553571.4285714286,767857.1428571428,35714.28571428572,35714.28571428572,7.5892857142857135,37787414.54464286,13571254.9375,938.7321428571428,19688.723214285714,1857142.8571428568,0.02110676785714285,,,,3.9748932321428576
ruby,kripke.exe,"--niter 10 --pmethod bj --groups 16 --legendre 2 --procs 4,4,2",32,0.0833,103812500.0,345437500.0,108062500.0,919000000.0,0.0,2000000.0,0.0,0.0,996.53125,134595129.8125,46391406.03125,105875.6875,2107279.15625,18937500.0,0.12426709375,,,,4.87373290625
ruby,kripke.exe,--niter 10 --pmethod bj --groups 16 --legendre 3,1,0.0833,22089285.71428572,119000000.0,28767857.14285714,279267857.14285713,1964285.7142857143,785714.2857142857,35714.28571428572,35714.28571428572,5.991071428571429,56244093.03571428,13651670.375,938.7232142857144,19688.723214285714,2000000.0,0.029509455357142857,,,,4.968490544642857
ruby,kripke.exe,"--niter 10 --pmethod bj --groups 16 --legendre 3 --procs 4,4,2",32,0.0666,126687500.0,479875000.0,140437500.0,1238687500.0,0.0,2000000.0,0.0,0.0,894.625,199460919.84375,47004083.25,105844.71875,2107278.1875,19375000.0,0.14988196874999998,,,,3.8461180312500005
ruby,kripke.exe,--niter 10 --pmethod bj --groups 16 --legendre 4,1,0.1,32642857.14285714,172589285.7142857,41732142.85714286,408750000.0,2410714.285714286,785714.2857142857,35714.28571428572,35714.28571428572,7.383928571428571,79919896.8125,13552237.651785715,938.7232142857144,19688.723214285714,2214285.714285714,0.03986300892857142,,,,5.960136991071429
ruby,kripke.exe,"--niter 10 --pmethod bj --groups 16 --legendre 4 --procs 4,4,2",32,0.0666,166000000.0,672062500.0,189375000.0,1708937500.0,1875000.0,2000000.0,0.0,0.0,957.3125,282247818.09375,46426311.71875,102541.65625,2107144.59375,16937500.0,0.1907298125,,,,3.8052701875000006
ruby,kripke.exe,--niter 10 --pmethod bj --groups 32 --legendre 0,1,0.0666,10000000.0,63660714.28571428,14839285.714285715,136232142.85714287,2357142.8571428573,1553571.4285714286,107142.85714285713,53571.428571428565,3.9732142857142856,34181468.66071428,27095979.60714286,938.7232142857144,19688.723214285714,3392857.1428571427,0.023644071428571427,,,,3.972355928571429
ruby,kripke.exe,"--niter 10 --pmethod bj --groups 32 --legendre 0 --procs 4,4,2",32,0.0833,124875000.0,337312500.0,120187500.0,951750000.0,0.0,4000000.0,0.0,0.0,885.6875,121760474.65625,92528988.03125,105812.71875,2107277.1875,52437500.0,0.16423568749999998,,,,4.8337643125000005
ruby,kripke.exe,--niter 10 --pmethod bj --groups 32 --legendre 1,1,0.0833,20535714.285714287,113035714.28571428,25214285.71428572,252750000.0,2446428.5714285714,1535714.2857142857,107142.85714285713,53571.428571428565,18.053571428571427,52306683.02678572,27054722.57142857,938.7232142857144,19688.73214285714,3750000.0,0.03415170535714285,,,,4.963848294642857
ruby,kripke.exe,"--niter 10 --pmethod bj --groups 32 --legendre 1 --procs 4,4,2",32,0.0666,151375000.0,504437500.0,153500000.0,1333250000.0,0.0,4000000.0,0.0,0.0,931.6875,185673142.375,92534314.0,105877.65625,2107279.21875,44312500.0,0.1996306875,,,,3.7963693125000004
ruby,kripke.exe,--niter 10 --pmethod bj --groups 32 --legendre 2,1,0.1166,38053571.42857143,195339285.7142857,42517857.14285714,447000000.0,3071428.571428572,1553571.4285714286,125000.0,71428.57142857142,7.5357142857142865,82454013.90178572,27127263.95535714,938.7142857142856,19688.70535714286,3982142.857142857,0.051052464285714284,,,,6.944947535714285
ruby,kripke.exe,"--niter 10 --pmethod bj --groups 32 --legendre 2 --procs 4,4,2",32,0.0666,217437500.0,805625000.0,219812500.0,2051187500.0,2000000.0,4000000.0,0.0,0.0,898.03125,281950519.3125,89381829.46875,105844.71875,2107278.1875,37687500.0,0.25436696875000003,,,,3.7416330312500006
ruby,kripke.exe,--niter 10 --pmethod bj --groups 32 --legendre 3,1,0.15,62535714.28571428,310446428.5714286,66732142.85714286,718714285.7142857,4017857.142857143,1571428.5714285714,125000.0,71428.57142857142,10.4375,124791461.50892857,27118821.82142857,938.7232142857144,19688.723214285714,3928571.4285714286,0.07242599999999999,,,,8.927574
ruby,kripke.exe,"--niter 10 --pmethod bj --groups 32 --legendre 3 --procs 4,4,2",32,0.0833,329875000.0,1248125000.0,323062500.0,3131375000.0,2312500.0,3875000.0,0.0,0.0,949.875,439373758.375,96042758.3125,105844.6875,2107278.1875,33812500.0,0.335811875,,,,4.662188125
ruby,kripke.exe,--niter 10 --pmethod bj --groups 32 --legendre 4,1,0.2166,94160714.28571428,458678571.4285714,97875000.0,1068553571.4285717,4875000.0,1571428.5714285714,160714.2857142857,71428.57142857142,9.303571428571429,179140880.1875,27140910.64285714,938.7321428571428,19688.723214285714,4625000.0,0.1007746785714286,,,,12.89522532142857
ruby,kripke.exe,"--niter 10 --pmethod bj --groups 32 --legendre 4 --procs 4,4,2",32,0.0833,404125000.0,1702125000.0,412875000.0,4169125000.0,4000000.0,4000000.0,0.0,0.0,930.6875,629508420.21875,101969880.6875,105844.71875,2107278.1875,31437500.0,0.4405633125,,,,4.5574366875
ruby,kripke.exe,--niter 10 --pmethod bj --groups 8 --legendre 0,1,0.0333,2214285.714285714,14392857.142857146,3517857.1428571427,30803571.42857143,553571.4285714285,392857.1428571429,0.0,17857.14285714286,7.678571428571429,8294193.571428573,6861066.1875,938.7142857142856,19688.714285714286,714285.7142857143,0.0063059374999999964,,,,1.9916940625000001
ruby,kripke.exe,"--niter 10 --pmethod bj --groups 8 --legendre 0 --procs 4,4,2",32,0.0666,49875000.0,98750000.0,39500000.0,301125000.0,0.0,0.0,0.0,0.0,893.03125,29425713.28125,24067664.59375,105845.65625,2107278.21875,3562500.0,0.049698937500000005,,,,3.9463010625000003
ruby,kripke.exe,--niter 10 --pmethod bj --groups 8 --legendre 1,1,0.0333,3500000.0,21571428.57142857,5464285.714285715,48482142.85714286,607142.8571428572,392857.1428571429,0.0,17857.14285714286,3.0625,11934530.36607143,6752163.241071427,938.7232142857144,19688.723214285714,732142.8571428572,0.0078110178571428575,,,,1.9901889821428573
ruby,kripke.exe,"--niter 10 --pmethod bj --groups 8 --legendre 1 --procs 4,4,2",32,0.0666,54625000.0,124437500.0,46562500.0,364500000.0,0.0,0.0,0.0,0.0,929.9375,43568680.28125,23400858.78125,105845.65625,2107278.21875,3875000.0,0.05552321874999999,,,,3.9404767812500006
ruby,kripke.exe,--niter 10 --pmethod bj --groups 8 --legendre 2,1,0.05,5821428.571428573,33785714.28571428,8714285.714285715,78571428.57142857,696428.5714285715,392857.1428571429,0.0,17857.14285714286,7.419642857142858,18066345.535714287,6801909.526785715,938.7232142857144,19688.73214285714,839285.7142857143,0.010055607142857142,,,,2.9899443928571428
ruby,kripke.exe,"--niter 10 --pmethod bj --groups 8 --legendre 2 --procs 4,4,2",32,0.0666,60812500.0,165937500.0,57812500.0,465687500.0,0.0,0.0,0.0,0.0,993.5625,65076544.9375,23808707.46875,102540.75,2107144.5625,3687500.0,0.06795231249999999,,,,3.9280476875000003
ruby,kripke.exe,--niter 10 --pmethod bj --groups 8 --legendre 3,1,0.05,8821428.57142857,50535714.28571428,13250000.0,119857142.85714284,803571.4285714284,392857.1428571429,0.0,17857.14285714286,6.75,26582694.23214286,6816837.5625,938.7232142857144,19688.73214285714,928571.4285714284,0.013592116071428573,,,,2.9864078839285715
ruby,kripke.exe,"--niter 10 --pmethod bj --groups 8 --legendre 3 --procs 4,4,2",32,0.0833,76750000.0,236437500.0,78312500.0,644750000.0,0.0,0.0,0.0,0.0,936.1875,95771777.0,23634809.96875,105877.65625,2107279.21875,4562500.0,0.08064953124999998,,,,4.9173504687500005
ruby,kripke.exe,--niter 10 --pmethod bj --groups 8 --legendre 4,1,0.05,12821428.57142857,72250000.0,19089285.71428572,173392857.14285713,1035714.2857142857,392857.1428571429,17857.14285714286,17857.14285714286,3.258928571428572,37543874.58928572,6781382.071428571,938.7321428571428,19688.723214285714,928571.4285714284,0.017497901785714292,,,,2.982502098214286
ruby,kripke.exe,"--niter 10 --pmethod bj --groups 8 --legendre 4 --procs 4,4,2",32,0.0666,90750000.0,315875000.0,100312500.0,840375000.0,0.0,0.0,0.0,0.0,909.5,134213780.6875,23493376.4375,105875.6875,2107279.15625,5062500.0,0.10054171875,,,,3.8954582812500003
ruby,kripke.exe,--niter 10 --pmethod sweep --groups 16 --legendre 0,1,0.0333,2875000.0,28053571.42857143,5464285.714285715,51785714.28571428,1178571.4285714286,589285.7142857143,35714.28571428572,17857.14285714286,10.669642857142858,16730073.0625,13592711.30357143,938.7321428571428,19688.723214285714,1660714.2857142857,0.010158669642857143,,,,1.9878413303571432
ruby,kripke.exe,"--niter 10 --pmethod sweep --groups 16 --legendre 0 --procs 4,4,2",32,0.0666,63937500.0,161312500.0,51375000.0,408812500.0,0.0,0.0,0.0,0.0,946.40625,60326422.625,49186230.8125,105877.65625,2107279.21875,17750000.0,0.07368237500000001,,,,3.9223176250000003
ruby,kripke.exe,--niter 10 --pmethod sweep --groups 16 --legendre 1,1,0.05,6303571.428571427,45821428.57142858,9767857.142857144,94714285.71428572,1196428.5714285714,589285.7142857143,35714.28571428572,17857.14285714286,6.3392857142857135,24620163.5625,13582736.821428573,938.7232142857144,19688.723214285714,1714285.7142857143,0.014312803571428572,,,,2.9856871964285716
ruby,kripke.exe,"--niter 10 --pmethod sweep --groups 16 --legendre 1 --procs 4,4,2",32,0.0666,74375000.0,222562500.0,66312500.0,555062500.0,0.0,0.0,0.0,0.0,864.78125,88676259.46875,47541901.65625,102541.65625,2107144.59375,15562500.0,0.08738825000000001,,,,3.9086117500000004
ruby,kripke.exe,--niter 10 --pmethod sweep --groups 16 --legendre 2,1,0.0666,12125000.0,75553571.42857143,16964285.714285713,166535714.2857143,1517857.1428571432,589285.7142857143,35714.28571428572,17857.14285714286,5.9017857142857135,37805532.16964286,13583619.544642858,938.7232142857144,19688.723214285714,1839285.7142857143,0.019986205357142853,,,,3.9760137946428578
ruby,kripke.exe,"--niter 10 --pmethod sweep --groups 16 --legendre 2 --procs 4,4,2",32,0.0666,100625000.0,341562500.0,97000000.0,847937500.0,0.0,0.0,0.0,0.0,979.9375,134343120.0625,47267891.0625,105845.65625,2107278.21875,16437500.0,0.11878706249999996,,,,3.8772129375000004
ruby,kripke.exe,--niter 10 --pmethod sweep --groups 16 --legendre 3,1,0.0666,20303571.42857143,117196428.57142857,27053571.42857143,267196428.57142857,1964285.7142857143,607142.8571428572,35714.28571428572,17857.14285714286,5.785714285714287,56243438.28571428,13489004.55357143,938.7232142857144,19688.723214285714,2142857.1428571427,0.027461303571428567,,,,3.968538696428572
ruby,kripke.exe,"--niter 10 --pmethod sweep --groups 16 --legendre 3 --procs 4,4,2",32,0.0666,134500000.0,487187500.0,135375000.0,1210687500.0,0.0,0.0,0.0,0.0,943.96875,199361123.46875,47569086.09375,105844.71875,2107278.1875,16812500.0,0.144106125,,,,3.8518938750000005
ruby,kripke.exe,--niter 10 --pmethod sweep --groups 16 --legendre 4,1,0.1,30910714.28571429,170875000.0,40035714.28571428,396964285.7142857,2428571.4285714286,607142.8571428572,35714.28571428572,17857.14285714286,3.0446428571428568,79931052.625,13463639.705357146,938.7232142857144,19688.73214285714,2303571.4285714286,0.038274848214285714,,,,5.961725151785714
ruby,kripke.exe,"--niter 10 --pmethod sweep --groups 16 --legendre 4 --procs 4,4,2",32,0.0666,173375000.0,695187500.0,187000000.0,1711812500.0,1000000.0,0.0,0.0,0.0,933.03125,281128695.03125,47006358.21875,105845.65625,2107278.21875,16437500.0,0.1900081875,,,,3.8059918125000003
ruby,kripke.exe,--niter 10 --pmethod sweep --groups 32 --legendre 0,1,0.0666,6892857.142857143,60660714.28571428,11482142.857142854,113607142.85714284,2339285.714285714,1196428.5714285714,107142.85714285713,53571.428571428565,4.241071428571429,34198387.70535714,27095020.01785714,938.7232142857144,19688.723214285714,3285714.2857142864,0.02119009821428572,,,,3.9748099017857146
ruby,kripke.exe,"--niter 10 --pmethod sweep --groups 32 --legendre 0 --procs 4,4,2",32,0.0666,99312500.0,309250000.0,88125000.0,733875000.0,0.0,0.0,0.0,0.0,887.90625,117204587.3125,93928124.28125,105813.65625,2107277.21875,43750000.0,0.13539940624999994,,,,3.8606005937500005
ruby,kripke.exe,--niter 10 --pmethod sweep --groups 32 --legendre 1,1,0.0833,17160714.285714287,109696428.57142857,21821428.57142857,229285714.2857143,2446428.5714285714,1178571.4285714286,107142.85714285713,53571.428571428565,4.232142857142857,52314296.625,27070846.63392857,938.7321428571428,19688.723214285714,3535714.2857142864,0.03165337499999999,,,,4.966346625
ruby,kripke.exe,"--niter 10 --pmethod sweep --groups 32 --legendre 1 --procs 4,4,2",32,0.0666,139625000.0,479812500.0,126625000.0,1147812500.0,0.0,0.0,0.0,0.0,944.25,179839124.65625,91339163.09375,102541.65625,2107144.59375,35937500.0,0.16557846875000004,,,,3.8304215312500003
ruby,kripke.exe,--niter 10 --pmethod sweep --groups 32 --legendre 2,1,0.1166,34642857.14285714,191946428.57142857,39107142.85714286,423428571.4285714,2964285.7142857136,1178571.4285714286,107142.85714285713,53571.428571428565,7.205357142857142,82503709.47321428,27153547.49107143,938.7232142857144,19688.723214285714,4035714.2857142864,0.0471745625,,,,6.948825437499999
ruby,kripke.exe,"--niter 10 --pmethod sweep --groups 32 --legendre 2 --procs 4,4,2",32,0.0666,205750000.0,791812500.0,194875000.0,1885500000.0,2000000.0,0.0,0.0,0.0,946.125,281731972.71875,90414871.21875,105845.65625,2107278.21875,33250000.0,0.23071303124999995,,,,3.7652869687500004
ruby,kripke.exe,--niter 10 --pmethod sweep --groups 32 --legendre 3,1,0.1666,59125000.0,307053571.4285714,63321428.57142858,695107142.8571428,3892857.142857143,1196428.5714285714,125000.0,53571.428571428565,3.8571428571428568,124762597.15178572,27173388.66071429,938.7232142857144,19688.723214285714,4142857.142857143,0.07067208928571428,,,,9.925327910714286
ruby,kripke.exe,"--niter 10 --pmethod sweep --groups 32 --legendre 3 --procs 4,4,2",32,0.0666,281500000.0,1167875000.0,275000000.0,2772312500.0,2312500.0,0.0,0.0,0.0,953.46875,439230013.3125,97594330.40625,105845.65625,2107278.21875,30437500.0,0.31556546875,,,,3.6804345312500004
ruby,kripke.exe,--niter 10 --pmethod sweep --groups 32 --legendre 4,1,0.2166,90625000.0,455142857.14285713,94428571.42857143,1044625000.0,4571428.571428572,1214285.7142857143,142857.14285714287,53571.428571428565,5.5892857142857135,179120008.0,27212941.83035714,938.7142857142856,19688.714285714286,4589285.714285715,0.09838283035714288,,,,12.897617169642857
ruby,kripke.exe,"--niter 10 --pmethod sweep --groups 32 --legendre 4 --procs 4,4,2",32,0.0833,407437500.0,1744937500.0,402125000.0,4147312500.0,4000000.0,0.0,0.0,0.0,928.09375,629496959.09375,98269103.25,105844.71875,2107278.1875,29625000.0,0.41921303125,,,,4.57878696875
ruby,kripke.exe,--niter 10 --pmethod sweep --groups 8 --legendre 0,1,0.0333,1339285.7142857143,13517857.142857146,2660714.285714286,24803571.42857143,553571.4285714285,303571.4285714286,0.0,0.0,6.008928571428571,8271573.526785715,6893031.0,938.7142857142856,19688.70535714286,732142.8571428572,0.005970276785714285,,,,1.9920297232142858
ruby,kripke.exe,"--niter 10 --pmethod sweep --groups 8 --legendre 0 --procs 4,4,2",32,0.0666,49500000.0,99437500.0,35125000.0,273562500.0,0.0,0.0,0.0,0.0,963.90625,31114466.5625,25269220.90625,105877.65625,2107279.21875,3062500.0,0.04458909374999999,,,,3.9514109062500005
ruby,kripke.exe,--niter 10 --pmethod sweep --groups 8 --legendre 1,1,0.0333,2714285.714285714,20821428.57142857,4625000.0,42803571.42857143,607142.8571428572,285714.2857142857,0.0,0.0,9.946428571428571,11970718.607142854,6795893.303571427,938.7142857142856,19688.714285714286,732142.8571428572,0.006856526785714286,,,,1.9911434732142859
ruby,kripke.exe,"--niter 10 --pmethod sweep --groups 8 --legendre 1 --procs 4,4,2",32,0.0666,58875000.0,130875000.0,44562500.0,354750000.0,0.0,0.0,0.0,0.0,926.0,44034050.5,23825083.75,105877.65625,2107279.21875,3625000.0,0.0541356875,,,,3.9418643125000004
ruby,kripke.exe,--niter 10 --pmethod sweep --groups 8 --legendre 2,1,0.05,4857142.857142857,32803571.42857143,7857142.857142857,72339285.71428572,696428.5714285715,303571.4285714286,0.0,0.0,4.0,18024031.375,6778032.928571427,938.7232142857144,19688.723214285714,839285.7142857143,0.00914425,,,,2.99085575
ruby,kripke.exe,"--niter 10 --pmethod sweep --groups 8 --legendre 2 --procs 4,4,2",32,0.0833,64687500.0,172875000.0,56000000.0,457812500.0,0.0,0.0,0.0,0.0,912.09375,65302002.78125,24167900.90625,102540.75,2107144.5625,3812500.0,0.05877115625000001,,,,4.9392288437500005
ruby,kripke.exe,--niter 10 --pmethod sweep --groups 8 --legendre 3,1,0.05,7946428.571428573,49660714.28571428,12392857.142857146,113910714.28571428,803571.4285714284,303571.4285714286,0.0,0.0,4.0625,26596857.19642857,6715295.607142857,938.7232142857144,19688.723214285714,964285.7142857143,0.012449339285714284,,,,2.9875506607142857
ruby,kripke.exe,"--niter 10 --pmethod sweep --groups 8 --legendre 3 --procs 4,4,2",32,0.0666,74875000.0,234125000.0,72875000.0,607500000.0,0.0,0.0,0.0,0.0,895.8125,95431278.21875,24050629.6875,102541.65625,2107144.59375,3875000.0,0.07281737499999998,,,,3.9231826250000004
ruby,kripke.exe,--niter 10 --pmethod sweep --groups 8 --legendre 4,1,0.0666,11910714.285714285,71321428.57142857,18232142.85714286,167303571.42857143,1053571.4285714286,303571.4285714286,17857.14285714286,0.0,7.696428571428571,37586021.508928575,6770860.875,938.7232142857144,19688.73214285714,1053571.4285714286,0.016409874999999997,,,,3.9795901250000005
ruby,kripke.exe,"--niter 10 --pmethod sweep --groups 8 --legendre 4 --procs 4,4,2",32,0.0833,90625000.0,315000000.0,95812500.0,810437500.0,0.0,0.0,0.0,0.0,911.375,135037258.8125,23870910.25,105845.65625,2107278.21875,4250000.0,0.0954415625,,,,4.902558437500001
ruby,kripke.exe,--niter 15 --pmethod bj --groups 16 --legendre 0,1,0.0666,6714285.714285715,44428571.42857143,10678571.42857143,94821428.57142857,1767857.1428571432,1178571.4285714286,35714.28571428572,53571.428571428565,6.705357142857142,25069336.70535714,20350157.52678572,938.7232142857144,19688.723214285714,2517857.1428571427,0.016581767857142857,,,,3.9794182321428577
ruby,kripke.exe,"--niter 15 --pmethod bj --groups 16 --legendre 0 --procs 4,4,2",32,0.0833,89312500.0,241562500.0,89062500.0,686250000.0,0.0,4000000.0,0.0,0.0,1152.1875,89333294.65625,72572200.09375,105843.6875,2107278.15625,30687500.0,0.11911440625,,,,4.878885593750001
ruby,kripke.exe,--niter 15 --pmethod bj --groups 16 --legendre 1,1,0.0666,11964285.714285715,71196428.57142857,17160714.285714287,159517857.14285713,1803571.4285714286,1160714.2857142857,53571.428571428565,53571.428571428565,10.205357142857142,36910106.02678572,20380266.9375,938.7321428571428,19688.723214285714,2535714.285714286,0.022718339285714286,,,,3.973281660714286
ruby,kripke.exe,"--niter 15 --pmethod bj --groups 16 --legendre 1 --procs 4,4,2",32,0.0833,109625000.0,340937500.0,114312500.0,928937500.0,0.0,4000000.0,0.0,0.0,1142.5,132268836.28125,71246439.25,105844.6875,2107278.1875,27812500.0,0.14090240624999995,,,,4.85709759375
ruby,kripke.exe,--niter 15 --pmethod bj --groups 16 --legendre 2,1,0.0833,20750000.0,115875000.0,27982142.85714286,267464285.7142857,2428571.4285714286,1178571.4285714286,53571.428571428565,53571.428571428565,3.3035714285714284,56635166.82142858,20386751.45535714,938.7232142857144,19688.723214285714,2785714.285714286,0.03173045535714285,,,,4.9662695446428575
ruby,kripke.exe,"--niter 15 --pmethod bj --groups 16 --legendre 2 --procs 4,4,2",32,0.0666,139000000.0,490875000.0,151000000.0,1291062500.0,1437500.0,4000000.0,0.0,0.0,1167.53125,200510476.125,71959480.25,105812.6875,2107277.1875,31125000.0,0.17504909375000002,,,,3.8209509062500002
ruby,kripke.exe,--niter 15 --pmethod bj --groups 16 --legendre 3,1,0.1166,32982142.85714286,178303571.42857143,43089285.71428572,418285714.2857143,2964285.7142857136,1178571.4285714286,53571.428571428565,53571.428571428565,6.366071428571429,84306659.96428572,20367684.67857143,938.7232142857144,19688.73214285714,2910714.2857142864,0.04322050892857142,,,,6.9527794910714285
ruby,kripke.exe,"--niter 15 --pmethod bj --groups 16 --legendre 3 --procs 4,4,2",32,0.0833,183687500.0,730500000.0,211000000.0,1871312500.0,2000000.0,4000000.0,0.0,0.0,1185.375,298219619.125,70775100.75,105876.6875,2107279.1875,30375000.0,0.21542221875,,,,4.7825777812500005
ruby,kripke.exe,--niter 15 --pmethod bj --groups 16 --legendre 4,1,0.1333,48857142.85714286,258750000.0,62553571.42857143,612750000.0,3678571.4285714286,1196428.5714285714,53571.428571428565,53571.428571428565,10.946428571428573,119875420.96428572,20437198.35714285,938.7142857142856,19688.714285714286,3428571.4285714286,0.05942148214285715,,,,7.938578517857143
ruby,kripke.exe,"--niter 15 --pmethod bj --groups 16 --legendre 4 --procs 4,4,2",32,0.0833,247937500.0,1009437500.0,283375000.0,2559875000.0,2000000.0,4000000.0,0.0,0.0,1152.46875,421252659.34375,70379028.375,102571.71875,2107145.53125,28250000.0,0.27088115625000003,,,,4.7271188437500005
ruby,kripke.exe,--niter 15 --pmethod bj --groups 32 --legendre 0,1,0.1,14910714.285714285,95357142.85714284,22178571.42857143,203821428.57142857,3535714.2857142864,2357142.8571428573,160714.2857142857,89285.71428571429,6.794642857142858,51207083.40178572,40852180.67857143,938.7142857142856,19688.714285714286,4803571.428571428,0.03466541964285714,,,,5.965334580357143
ruby,kripke.exe,"--niter 15 --pmethod bj --groups 32 --legendre 0 --procs 4,4,2",32,0.0666,156625000.0,465125000.0,162125000.0,1288437500.0,62500.0,7687500.0,0.0,0.0,1170.28125,181358749.78125,142204448.375,105876.71875,2107279.1875,80875000.0,0.245535875,,,,3.7504641250000006
ruby,kripke.exe,--niter 15 --pmethod bj --groups 32 --legendre 1,1,0.1333,30714285.71428572,169464285.7142857,37750000.0,378750000.0,3660714.2857142864,2321428.5714285714,160714.2857142857,89285.71428571429,2.9285714285714284,78378952.17857143,40741297.84821428,938.7142857142856,19688.714285714286,5142857.142857143,0.0503929107142857,,,,7.9476070892857145
ruby,kripke.exe,"--niter 15 --pmethod bj --groups 32 --legendre 1 --procs 4,4,2",32,0.0666,217000000.0,747375000.0,225000000.0,1960625000.0,2000000.0,7750000.0,0.0,0.0,1128.0,267960520.6875,136988224.28125,105844.6875,2107278.1875,68562500.0,0.290444625,,,,3.7055553750000003
ruby,kripke.exe,--niter 15 --pmethod bj --groups 32 --legendre 2,1,0.1666,56928571.42857143,292821428.5714286,63678571.42857143,669928571.4285715,4678571.428571428,2339285.714285714,178571.42857142858,107142.85714285713,4.883928571428571,123735978.04464284,40690142.66071428,938.7321428571428,19688.723214285714,5696428.571428573,0.07452622321428573,,,,9.921473776785716
ruby,kripke.exe,"--niter 15 --pmethod bj --groups 32 --legendre 2 --procs 4,4,2",32,0.0833,315625000.0,1198437500.0,324375000.0,3035687500.0,3562500.0,7812500.0,0.0,0.0,1168.125,435778619.1875,139212234.0,102510.65625,2107143.625,56062500.0,0.36323975,,,,4.63476025
ruby,kripke.exe,--niter 15 --pmethod bj --groups 32 --legendre 3,1,0.25,93857142.85714284,465732142.85714287,100035714.28571428,1078017857.142857,5875000.0,2375000.0,196428.57142857145,107142.85714285713,6.6517857142857135,187145684.2053572,40809266.85714286,938.7142857142856,19688.714285714286,6196428.571428573,0.10821800000000001,,,,14.891782
ruby,kripke.exe,"--niter 15 --pmethod bj --groups 32 --legendre 3 --procs 4,4,2",32,0.0833,449125000.0,1825437500.0,460812500.0,4523000000.0,4375000.0,7625000.0,0.0,0.0,1166.90625,657545192.65625,139773661.5625,102539.75,2107144.53125,48437500.0,0.4903583125000001,,,,4.5076416875000005
ruby,kripke.exe,--niter 15 --pmethod bj --groups 32 --legendre 4,1,0.3333,141142857.14285713,687857142.8571428,146732142.85714287,1602285714.2857144,7107142.857142857,2375000.0,232142.8571428572,107142.85714285713,6.178571428571429,268655535.1339286,40710046.85714286,938.7232142857144,19688.723214285714,6946428.571428573,0.15027929464285714,,,,19.84772070535714
ruby,kripke.exe,"--niter 15 --pmethod bj --groups 32 --legendre 4 --procs 4,4,2",32,0.0833,622000000.0,2633687500.0,637125000.0,6440750000.0,6000000.0,8000000.0,0.0,0.0,1191.6875,943343444.0,150895413.71875,105812.6875,2107277.1875,47875000.0,0.6714842812500001,,,,4.3265157187500005
ruby,kripke.exe,--niter 15 --pmethod bj --groups 8 --legendre 0,1,0.0333,3196428.571428572,21428571.42857143,5250000.0,45732142.85714286,839285.7142857143,589285.7142857143,17857.14285714286,17857.14285714286,3.4107142857142856,12407284.785714285,10216640.196428573,938.7321428571428,19688.723214285714,1035714.2857142857,0.008616187499999999,,,,1.9893838125000003
ruby,kripke.exe,"--niter 15 --pmethod bj --groups 8 --legendre 0 --procs 4,4,2",32,0.0666,59562500.0,134562500.0,52062500.0,397187500.0,0.0,1937500.0,0.0,0.0,1179.375,45028289.71875,36374233.84375,105876.6875,2107279.1875,5500000.0,0.0650665,,,,3.9309335000000005
ruby,kripke.exe,--niter 15 --pmethod bj --groups 8 --legendre 1,1,0.0333,5250000.0,32357142.85714286,8178571.428571427,72678571.42857143,910714.2857142857,589285.7142857143,17857.14285714286,17857.14285714286,10.785714285714288,17888597.160714287,10260410.017857144,938.7232142857144,19688.723214285714,1107142.857142857,0.011155285714285715,,,,1.9868447142857144
ruby,kripke.exe,"--niter 15 --pmethod bj --groups 8 --legendre 1 --procs 4,4,2",32,0.0833,73750000.0,182125000.0,66875000.0,522687500.0,0.0,2000000.0,0.0,0.0,1197.75,64544632.625,36507138.1875,105877.65625,2107279.21875,6250000.0,0.07430331249999997,,,,4.923696687500001
ruby,kripke.exe,--niter 15 --pmethod bj --groups 8 --legendre 2,1,0.05,8517857.142857144,50392857.14285714,13035714.285714285,117107142.85714284,1035714.2857142857,589285.7142857143,17857.14285714286,17857.14285714286,3.9553571428571432,27070715.34821429,10198407.598214287,938.7142857142856,19688.714285714286,1178571.4285714286,0.013591276785714285,,,,2.9864087232142857
ruby,kripke.exe,"--niter 15 --pmethod bj --groups 8 --legendre 2 --procs 4,4,2",32,0.0666,80875000.0,243625000.0,82937500.0,669500000.0,0.0,2000000.0,0.0,0.0,1205.84375,96861835.0,35634214.375,102540.71875,2107144.5625,6312500.0,0.08738590624999998,,,,3.9086140937500007
ruby,kripke.exe,--niter 15 --pmethod bj --groups 8 --legendre 3,1,0.05,13160714.285714285,75714285.71428572,19857142.85714286,179500000.0,1232142.857142857,589285.7142857143,17857.14285714286,17857.14285714286,3.1160714285714284,39882382.9375,10315654.857142858,938.7142857142856,19688.714285714286,1410714.2857142857,0.01990138392857143,,,,2.9800986160714285
ruby,kripke.exe,"--niter 15 --pmethod bj --groups 8 --legendre 3 --procs 4,4,2",32,0.0666,99375000.0,338812500.0,109687500.0,906437500.0,0.0,2000000.0,0.0,0.0,1165.75,141698759.28125,36132773.96875,105843.6875,2107278.15625,6875000.0,0.11475856249999995,,,,3.8812414375000004
ruby,kripke.exe,--niter 15 --pmethod bj --groups 8 --legendre 4,1,0.0833,19125000.0,108232142.85714284,28607142.85714286,259660714.2857143,1571428.5714285714,589285.7142857143,17857.14285714286,17857.14285714286,11.160714285714288,56339020.03571428,10339276.973214287,938.7232142857144,19688.73214285714,1482142.8571428568,0.026370901785714284,,,,4.971629098214286
ruby,kripke.exe,"--niter 15 --pmethod bj --groups 8 --legendre 4 --procs 4,4,2",32,0.0833,119375000.0,457000000.0,142250000.0,1197250000.0,0.0,2000000.0,0.0,0.0,1184.25,200149533.8125,35828209.0625,102541.65625,2107144.59375,8000000.0,0.13539796875000004,,,,4.86260203125
ruby,kripke.exe,--niter 15 --pmethod sweep --groups 16 --legendre 0,1,0.05,4125000.0,41839285.71428572,8125000.0,77000000.0,1767857.1428571432,892857.1428571428,35714.28571428572,35714.28571428572,6.392857142857142,25082920.33928572,20441652.875,938.7232142857144,19688.73214285714,2482142.8571428573,0.01508008035714286,,,,2.984919919642857
ruby,kripke.exe,"--niter 15 --pmethod sweep --groups 16 --legendre 0 --procs 4,4,2",32,0.0833,85375000.0,237375000.0,72937500.0,581437500.0,0.0,0.0,0.0,0.0,1181.8125,86997034.375,72075032.625,105812.6875,2107277.1875,25000000.0,0.10487359375,,,,4.89312640625
ruby,kripke.exe,--niter 15 --pmethod sweep --groups 16 --legendre 1,1,0.05,9357142.857142856,68571428.57142857,14607142.857142854,141625000.0,1785714.2857142857,892857.1428571428,53571.428571428565,35714.28571428572,11.223214285714288,36936145.946428575,20322288.33035714,938.7321428571428,19688.723214285714,2678571.4285714286,0.02133878571428572,,,,2.9786612142857143
ruby,kripke.exe,"--niter 15 --pmethod sweep --groups 16 --legendre 1 --procs 4,4,2",32,0.0666,105187500.0,335625000.0,97625000.0,821500000.0,0.0,0.0,0.0,0.0,1131.6875,131079564.09375,72252202.0625,102540.71875,2107144.5625,25125000.0,0.1206830625,,,,3.8753169375000005
ruby,kripke.exe,--niter 15 --pmethod sweep --groups 16 --legendre 2,1,0.0833,18125000.0,113232142.85714284,25410714.28571429,249500000.0,2267857.1428571427,892857.1428571428,53571.428571428565,35714.28571428572,4.919642857142857,56664712.41964286,20315495.25,938.7232142857144,19688.723214285714,2732142.8571428573,0.02996961607142857,,,,4.968030383928571
ruby,kripke.exe,"--niter 15 --pmethod sweep --groups 16 --legendre 2 --procs 4,4,2",32,0.0833,138250000.0,500562500.0,139562500.0,1223250000.0,437500.0,0.0,0.0,0.0,1193.5625,200482481.09375,72088847.28125,105811.6875,2107277.15625,24875000.0,0.16064693749999998,,,,4.8373530625
ruby,kripke.exe,--niter 15 --pmethod sweep --groups 16 --legendre 3,1,0.1,30464285.71428572,175803571.42857143,40535714.28571428,400750000.0,3160714.2857142864,910714.2857142857,53571.428571428565,35714.28571428572,4.294642857142857,84316698.9375,20400835.08035714,938.7232142857144,19688.723214285714,3053571.4285714286,0.04205685714285714,,,,5.957943142857143
ruby,kripke.exe,"--niter 15 --pmethod sweep --groups 16 --legendre 3 --procs 4,4,2",32,0.0833,190000000.0,736625000.0,200250000.0,1805000000.0,2000000.0,0.0,0.0,0.0,1182.40625,288906723.5625,70280025.875,105876.6875,2107279.1875,25437500.0,0.21468015625,,,,4.78331984375
ruby,kripke.exe,--niter 15 --pmethod sweep --groups 16 --legendre 4,1,0.1333,46339285.71428572,256267857.1428572,60017857.14285714,595196428.5714285,3642857.142857143,910714.2857142857,53571.428571428565,35714.28571428572,5.214285714285714,119858231.58928572,20303229.348214287,938.7232142857144,19688.723214285714,3392857.1428571427,0.05785239285714287,,,,7.940147607142857
ruby,kripke.exe,"--niter 15 --pmethod sweep --groups 16 --legendre 4 --procs 4,4,2",32,0.0666,245875000.0,1028812500.0,273062500.0,2514750000.0,2000000.0,0.0,0.0,0.0,1186.625,420817309.96875,71810530.375,105845.65625,2107278.21875,26375000.0,0.26758453125,,,,3.7284154687500006
ruby,kripke.exe,--niter 15 --pmethod sweep --groups 32 --legendre 0,1,0.0833,9839285.714285716,90321428.57142857,17089285.714285713,168571428.57142857,3535714.2857142864,1803571.4285714286,160714.2857142857,71428.57142857142,5.303571428571429,51232922.20535714,40755416.36607143,938.7142857142856,19688.714285714286,5017857.142857143,0.031018866071428543,,,,4.966981133928572
ruby,kripke.exe,"--niter 15 --pmethod sweep --groups 32 --legendre 0 --procs 4,4,2",32,0.0833,142750000.0,459375000.0,129375000.0,1078750000.0,125000.0,0.0,0.0,0.0,1141.78125,180865989.3125,146313836.8125,105843.6875,2107278.15625,67937500.0,0.193211,,,,4.804789
ruby,kripke.exe,--niter 15 --pmethod sweep --groups 32 --legendre 1,1,0.1166,25553571.42857143,164303571.42857143,32660714.28571429,343196428.5714286,3678571.4285714286,1767857.1428571432,160714.2857142857,71428.57142857142,4.973214285714286,78430877.58035715,40686295.40178571,938.7232142857144,19688.723214285714,5375000.0,0.047210124999999985,,,,6.948789874999999
ruby,kripke.exe,"--niter 15 --pmethod sweep --groups 32 --legendre 1 --procs 4,4,2",32,0.0833,194500000.0,705812500.0,182187500.0,1665187500.0,2000000.0,0.0,0.0,0.0,1131.09375,267707224.96875,139248552.0625,105845.65625,2107278.21875,55437500.0,0.25010246875,,,,4.7478975312500005
ruby,kripke.exe,--niter 15 --pmethod sweep --groups 32 --legendre 2,1,0.1666,51875000.0,287803571.4285714,58589285.71428572,634732142.8571428,4535714.285714285,1785714.2857142857,178571.42857142858,71428.57142857142,3.991071428571429,123720429.8125,40770199.67857143,938.7321428571428,19688.723214285714,5875000.0,0.06919941071428573,,,,9.926800589285715
ruby,kripke.exe,"--niter 15 --pmethod sweep --groups 32 --legendre 2 --procs 4,4,2",32,0.0833,302187500.0,1182625000.0,289125000.0,2806437500.0,2812500.0,0.0,0.0,0.0,1179.28125,435084969.78125,141956555.375,102571.71875,2107145.53125,48250000.0,0.328549625,,,,4.669450375
ruby,kripke.exe,--niter 15 --pmethod sweep --groups 32 --legendre 3,1,0.2166,88660714.28571428,460553571.4285714,94910714.28571428,1042428571.4285717,5875000.0,1821428.5714285718,196428.57142857145,71428.57142857142,3.1160714285714284,187123854.55357143,40796800.91964286,938.7142857142856,19688.70535714286,5857142.857142857,0.10206860714285712,,,,12.89393139285714
ruby,kripke.exe,"--niter 15 --pmethod sweep --groups 32 --legendre 3 --procs 4,4,2",32,0.0666,911562500.0,2270437500.0,664750000.0,6023062500.0,4312500.0,0.0,0.0,0.0,1156.5625,657210291.59375,144688046.40625,105811.6875,2107277.15625,45250000.0,0.4647587187500001,,,,3.5312412812500003
ruby,kripke.exe,--niter 15 --pmethod sweep --groups 32 --legendre 4,1,0.3166,135946428.57142857,682696428.5714285,141607142.85714287,1566785714.2857144,7178571.428571427,1821428.5714285718,232142.8571428572,71428.57142857142,11.258928571428573,268661226.52678573,40751056.82142857,938.7142857142856,19688.714285714286,6839285.714285715,0.14842365178571426,,,,18.847576348214286
ruby,kripke.exe,"--niter 15 --pmethod sweep --groups 32 --legendre 4 --procs 4,4,2",32,0.0833,611375000.0,2619000000.0,603312500.0,6222375000.0,6000000.0,0.0,0.0,0.0,1130.5,942921705.59375,147691184.75,105875.6875,2107279.15625,46875000.0,0.6251089375000001,,,,4.3728910625
ruby,kripke.exe,--niter 15 --pmethod sweep --groups 8 --legendre 0,1,0.05,1964285.7142857143,20232142.85714286,3982142.857142857,37053571.42857143,839285.7142857143,446428.5714285714,17857.14285714286,17857.14285714286,11.607142857142858,12435917.651785715,10225832.732142858,938.7142857142856,19688.70535714286,1160714.2857142857,0.007025250000000002,,,,2.99297475
ruby,kripke.exe,"--niter 15 --pmethod sweep --groups 8 --legendre 0 --procs 4,4,2",32,0.0666,68500000.0,143375000.0,49937500.0,386625000.0,0.0,0.0,0.0,0.0,1125.875,45463141.78125,38113945.25,102539.75,2107144.53125,4937500.0,0.06323790625000003,,,,3.9327620937500005
ruby,kripke.exe,--niter 15 --pmethod sweep --groups 8 --legendre 1,1,0.0333,4000000.0,31125000.0,6910714.285714285,63910714.28571428,910714.2857142857,446428.5714285714,17857.14285714286,17857.14285714286,4.178571428571429,17893017.92857143,10232736.598214287,938.7142857142856,19688.714285714286,1142857.142857143,0.00997844642857143,,,,1.9880215535714287
ruby,kripke.exe,"--niter 15 --pmethod sweep --groups 8 --legendre 1 --procs 4,4,2",32,0.0833,65312500.0,169687500.0,54687500.0,440500000.0,0.0,0.0,0.0,0.0,1145.5625,65116984.125,37561611.03125,105844.6875,2107278.1875,5312500.0,0.06949625000000001,,,,4.92850375
ruby,kripke.exe,--niter 15 --pmethod sweep --groups 8 --legendre 2,1,0.05,7375000.0,49303571.42857143,11767857.142857146,108750000.0,1035714.2857142857,446428.5714285714,17857.14285714286,17857.14285714286,7.446428571428571,27071546.375,10276397.017857144,938.7232142857144,19688.723214285714,1303571.4285714286,0.013661491071428573,,,,2.9863385089285712
ruby,kripke.exe,"--niter 15 --pmethod sweep --groups 8 --legendre 2 --procs 4,4,2",32,0.0666,84937500.0,247500000.0,78000000.0,640062500.0,0.0,0.0,0.0,0.0,1163.84375,98027964.9375,36458187.09375,102541.65625,2107144.59375,5500000.0,0.08753075000000002,,,,3.9084692500000005
ruby,kripke.exe,--niter 15 --pmethod sweep --groups 8 --legendre 3,1,0.05,11910714.285714285,74464285.71428572,18571428.57142857,170696428.57142857,1214285.7142857143,446428.5714285714,17857.14285714286,17857.14285714286,9.464285714285714,39876800.60714286,10306549.669642858,938.7232142857144,19688.723214285714,1446428.5714285714,0.018706178571428568,,,,2.9812938214285714
ruby,kripke.exe,"--niter 15 --pmethod sweep --groups 8 --legendre 3 --procs 4,4,2",32,0.0833,99062500.0,338000000.0,102500000.0,861562500.0,0.0,0.0,0.0,0.0,1220.09375,142513373.28125,36571710.3125,105876.71875,2107279.1875,6375000.0,0.10791196875000003,,,,4.89008803125
ruby,kripke.exe,--niter 15 --pmethod sweep --groups 8 --legendre 4,1,0.0833,17892857.14285714,107017857.14285716,27339285.71428572,250946428.57142857,1571428.5714285714,446428.5714285714,17857.14285714286,17857.14285714286,10.544642857142858,56320652.22321428,10258023.80357143,938.7232142857144,19688.723214285714,1571428.5714285714,0.024869187500000004,,,,4.9731308125
ruby,kripke.exe,"--niter 15 --pmethod sweep --groups 8 --legendre 4 --procs 4,4,2",32,0.0666,125125000.0,461500000.0,137625000.0,1173875000.0,0.0,0.0,0.0,0.0,1131.9375,193618435.96875,35662840.28125,102540.71875,2107144.5625,6937500.0,0.13244378125,,,,3.8635562187500003
ruby,kripke.exe,--niter 40 --pmethod sweep --groups 16 --legendre 0,1,0.1,10750000.0,111267857.14285716,21553571.42857143,204285714.2857143,4714285.714285715,2428571.4285714286,142857.14285714287,107142.85714285713,4.321428571428571,66738341.66071428,54451570.91964286,938.7232142857144,19688.73214285714,6982142.857142857,0.037201749999999985,,,,5.96279825
ruby,kripke.exe,"--niter 40 --pmethod sweep --groups 16 --legendre 0 --procs 4,4,2",32,0.0666,179187500.0,587937500.0,169875000.0,1369812500.0,1937500.0,1937500.0,0.0,0.0,1203.03125,235408708.53125,202847979.5,102540.71875,2107144.5625,70312500.0,0.21782540625,,,,3.7781745937500006
ruby,kripke.exe,--niter 40 --pmethod sweep --groups 16 --legendre 1,1,0.1166,24678571.42857143,182553571.42857143,38821428.571428575,376535714.2857143,4803571.428571428,2375000.0,142857.14285714287,107142.85714285713,10.580357142857142,98328798.48214284,54410753.70535714,938.7321428571428,19688.723214285714,7321428.571428573,0.10841634821428564,,,,6.887583651785714
ruby,kripke.exe,"--niter 40 --pmethod sweep --groups 16 --legendre 1 --procs 4,4,2",32,0.0833,239062500.0,857937500.0,239937500.0,2038250000.0,2375000.0,2000000.0,0.0,0.0,1212.0,346663996.75,197482523.21875,102541.65625,2107144.59375,65125000.0,0.27961806250000004,,,,4.7183819375
ruby,kripke.exe,--niter 40 --pmethod sweep --groups 16 --legendre 2,1,0.1666,48125000.0,301660714.28571427,67642857.14285715,664392857.1428572,5928571.428571427,2392857.1428571427,142857.14285714287,107142.85714285713,6.178571428571429,150988553.7767857,54356943.76785714,938.7142857142856,19688.714285714286,7553571.428571427,0.07753708035714282,,,,9.918462919642858
ruby,kripke.exe,"--niter 40 --pmethod sweep --groups 16 --legendre 2 --procs 4,4,2",32,0.0833,314625000.0,1284375000.0,344062500.0,3058375000.0,3875000.0,1937500.0,0.0,0.0,1204.375,531111797.46875,196509103.34375,102540.71875,2107144.5625,64375000.0,0.3862388125,,,,4.6117611875
ruby,kripke.exe,--niter 40 --pmethod sweep --groups 16 --legendre 3,1,0.2333,80875000.0,468303571.4285714,107982142.85714284,1067107142.8571428,7910714.285714285,2428571.4285714286,160714.2857142857,107142.85714285713,11.4375,224724403.4107143,54479372.45535714,938.7232142857144,19688.723214285714,8517857.142857144,0.10759372321428567,,,,13.890406276785715
ruby,kripke.exe,"--niter 40 --pmethod sweep --groups 16 --legendre 3 --procs 4,4,2",32,0.0666,429937500.0,1889312500.0,494812500.0,4523500000.0,5937500.0,2000000.0,0.0,0.0,1159.9375,789144705.6875,196211742.28125,105842.71875,2107278.125,70750000.0,0.4988576250000002,,,,3.497142375
ruby,kripke.exe,--niter 40 --pmethod sweep --groups 16 --legendre 4,1,0.3166,123000000.0,682625000.0,159839285.7142857,1585053571.4285715,10642857.142857144,2482142.8571428573,178571.42857142858,107142.85714285713,4.973214285714286,319506255.10714287,54440756.58035714,938.7232142857144,19688.723214285714,8910714.285714285,0.15166396428571427,,,,18.844336035714285
ruby,kripke.exe,"--niter 40 --pmethod sweep --groups 16 --legendre 4 --procs 4,4,2",32,0.0833,581812500.0,2673875000.0,690562500.0,6423500000.0,6812500.0,1937500.0,0.0,0.0,1180.09375,1120510531.78125,197920111.90625,102540.71875,2107144.5625,69875000.0,0.6716910625000001,,,,4.3263089375
ruby,kripke.exe,--niter 40 --pmethod sweep --groups 32 --legendre 0,1,0.1666,25696428.57142857,240142857.1428572,45321428.57142858,447250000.0,9446428.57142857,4821428.571428572,428571.4285714286,214285.7142857143,7.4732142857142865,136585993.89285713,108950281.91964288,938.7142857142856,19688.70535714286,12339285.714285715,0.07976814285714284,,,,9.916231857142858
ruby,kripke.exe,"--niter 40 --pmethod sweep --groups 32 --legendre 0 --procs 4,4,2",32,0.0833,331062500.0,1180562500.0,319000000.0,2689875000.0,3750000.0,2562500.0,0.0,0.0,1159.8125,464657312.96875,386377757.84375,105844.6875,2107278.1875,183875000.0,0.4785101875,,,,4.5194898125
ruby,kripke.exe,--niter 40 --pmethod sweep --groups 32 --legendre 1,1,0.2666,67660714.28571428,437553571.4285714,86803571.42857143,913250000.0,9803571.42857143,4750000.0,446428.5714285714,214285.7142857143,4.205357142857143,209008271.63392857,108750571.29464288,938.7142857142856,19688.714285714286,14625000.0,0.12336386607142864,,,,15.872636133928571
ruby,kripke.exe,"--niter 40 --pmethod sweep --groups 32 --legendre 1 --procs 4,4,2",32,0.0833,473375000.0,1842125000.0,462437500.0,4270562500.0,5500000.0,2937500.0,0.0,0.0,1202.96875,733275837.375,387774456.375,105845.65625,2107278.21875,159312500.0,0.6181269999999999,,,,4.379873
ruby,kripke.exe,--niter 40 --pmethod sweep --groups 32 --legendre 2,1,0.4,137767857.14285713,766714285.7142857,155982142.85714287,1690160714.2857144,12285714.285714285,4785714.285714285,500000.0,214285.7142857143,4.008928571428571,329783686.5,108836144.55357143,938.7232142857144,19688.73214285714,16017857.142857146,0.18607169642857133,,,,23.81392830357143
ruby,kripke.exe,"--niter 40 --pmethod sweep --groups 32 --legendre 2 --procs 4,4,2",32,0.0833,735125000.0,3087125000.0,733250000.0,7211375000.0,9437500.0,2625000.0,0.0,0.0,1155.90625,1156440687.1875,382695078.4375,105842.71875,2107278.125,138500000.0,0.8531725,,,,4.1448275
ruby,kripke.exe,--niter 40 --pmethod sweep --groups 32 --legendre 3,1,0.5666,236053571.42857143,1227660714.2857144,252892857.1428572,2778142857.142857,15892857.142857146,4857142.857142857,553571.4285714285,214285.7142857143,7.4107142857142865,498857283.75,108928260.9107143,938.7321428571428,19688.723214285714,16946428.57142857,0.27624103571428565,,,,33.71975896428572
ruby,kripke.exe,"--niter 40 --pmethod sweep --groups 32 --legendre 3 --procs 4,4,2",32,0.0833,1116375000.0,4668000000.0,1093625000.0,11060562500.0,12500000.0,2500000.0,0.0,0.0,1140.03125,1693339345.4375,380585954.40625,105844.6875,2107278.1875,127375000.0,1.17852821875,,,,3.8194717812500003
ruby,kripke.exe,--niter 40 --pmethod sweep --groups 32 --legendre 4,1,0.8,362017857.14285713,1819982142.857143,377321428.5714286,4176250000.0,18767857.14285714,4875000.0,589285.7142857143,232142.8571428572,3.75,716239725.3482143,108787776.58928572,938.7142857142856,19688.714285714286,18196428.57142857,0.39585671428571395,,,,47.60414328571429
ruby,kripke.exe,"--niter 40 --pmethod sweep --groups 32 --legendre 4 --procs 4,4,2",32,0.1,1549437500.0,6909125000.0,1565687500.0,16282562500.0,17187500.0,2875000.0,0.0,0.0,1198.71875,2510248011.8125,435328354.65625,105844.6875,2107278.1875,131250000.0,1.6314960312500002,,,,4.36850396875
ruby,kripke.exe,--niter 40 --pmethod sweep --groups 8 --legendre 0,1,0.0666,4875000.0,53464285.71428572,10500000.0,97446428.57142857,2232142.8571428573,1214285.7142857143,53571.428571428565,53571.428571428565,9.258928571428571,33030751.72321429,27294497.27678572,938.7142857142856,19688.70535714286,3089285.7142857136,0.01843273214285714,,,,3.977567267857143
ruby,kripke.exe,"--niter 40 --pmethod sweep --groups 8 --legendre 0 --procs 4,4,2",32,0.0666,113812500.0,313937500.0,97250000.0,769375000.0,0.0,0.0,0.0,0.0,1118.78125,113937122.65625,99713831.90625,102539.75,2107144.53125,13375000.0,0.11603121874999996,,,,3.8799687812500006
ruby,kripke.exe,--niter 40 --pmethod sweep --groups 8 --legendre 1,1,0.0666,10107142.857142856,82285714.28571428,18285714.285714287,168446428.57142857,2464285.714285714,1214285.7142857143,53571.428571428565,53571.428571428565,4.321428571428571,47659273.01785714,27387815.34821429,938.7232142857144,19688.723214285714,3160714.2857142864,0.024642133928571425,,,,3.971357866071429
ruby,kripke.exe,"--niter 40 --pmethod sweep --groups 8 --legendre 1 --procs 4,4,2",32,0.0833,124250000.0,410062500.0,122125000.0,997875000.0,1125000.0,0.0,0.0,0.0,1162.25,168809556.96875,99976800.46875,105844.6875,2107278.1875,14375000.0,0.143278375,,,,4.854721625
ruby,kripke.exe,--niter 40 --pmethod sweep --groups 8 --legendre 2,1,0.1,18946428.57142857,130500000.0,31250000.0,287321428.5714286,2803571.4285714286,1214285.7142857143,53571.428571428565,53571.428571428565,5.25,72082532.75,27332649.33928572,938.7232142857144,19688.723214285714,3375000.0,0.03436492857142857,,,,5.965635071428571
ruby,kripke.exe,"--niter 40 --pmethod sweep --groups 8 --legendre 2 --procs 4,4,2",32,0.0666,152312500.0,570937500.0,166812500.0,1396812500.0,2000000.0,0.0,0.0,0.0,1179.78125,246661194.875,96251453.375,102540.71875,2107144.5625,15312500.0,0.17911884374999998,,,,3.8168811562500005
ruby,kripke.exe,--niter 40 --pmethod sweep --groups 8 --legendre 3,1,0.1166,31267857.14285714,197928571.42857143,49410714.28571428,453500000.0,3267857.1428571427,1232142.857142857,53571.428571428565,53571.428571428565,7.5267857142857135,106226245.91071428,27266759.51785714,938.7232142857144,19688.723214285714,4053571.4285714286,0.045478035714285714,,,,6.950521964285714
ruby,kripke.exe,"--niter 40 --pmethod sweep --groups 8 --legendre 3 --procs 4,4,2",32,0.0833,214750000.0,832187500.0,243750000.0,2066375000.0,1937500.0,0.0,0.0,0.0,1143.75,374183395.96875,99747395.34375,102571.71875,2107145.53125,16750000.0,0.2323670625,,,,4.7656329375
ruby,kripke.exe,--niter 40 --pmethod sweep --groups 8 --legendre 4,1,0.15,47089285.71428572,284625000.0,72732142.85714285,667178571.4285715,4178571.4285714286,1232142.857142857,71428.57142857142,53571.428571428565,4.553571428571429,150112091.17857143,27430999.83035714,938.7232142857144,19688.723214285714,4464285.714285715,0.06360147321428572,,,,8.936398526785714
ruby,kripke.exe,"--niter 40 --pmethod sweep --groups 8 --legendre 4 --procs 4,4,2",32,0.0833,276625000.0,1175062500.0,338687500.0,2912875000.0,3875000.0,0.0,0.0,0.0,1154.71875,528754315.1875,98518717.34375,102571.71875,2107145.53125,18312500.0,0.3152921875,,,,4.6827078125
ruby,kripke.exe,--niter 5 --pmethod bj --groups 16 --legendre 0,1,0.0333,2428571.4285714286,15053571.42857143,3625000.0,32321428.57142857,589285.7142857143,392857.1428571429,17857.14285714286,17857.14285714286,5.1875,8386269.741071427,6687231.116071427,938.7142857142856,19688.714285714286,750000.0,0.0063082053571428594,,,,1.9916917946428574
ruby,kripke.exe,"--niter 5 --pmethod bj --groups 16 --legendre 0 --procs 4,4,2",32,0.0666,48375000.0,98562500.0,38750000.0,296562500.0,0.0,0.0,0.0,0.0,873.53125,31807194.84375,24605560.875,105844.71875,2107278.1875,9500000.0,0.05252828124999999,,,,3.9434717187500006
ruby,kripke.exe,--niter 5 --pmethod bj --groups 16 --legendre 1,1,0.0333,4125000.0,23910714.28571429,5785714.285714285,53696428.57142858,589285.7142857143,375000.0,17857.14285714286,17857.14285714286,5.151785714285714,12322379.69642857,6768721.955357143,938.7321428571428,19688.723214285714,821428.5714285716,0.008630866071428572,,,,1.9893691339285717
ruby,kripke.exe,"--niter 5 --pmethod bj --groups 16 --legendre 1 --procs 4,4,2",32,0.0833,55812500.0,131312500.0,47500000.0,379062500.0,0.0,0.0,0.0,0.0,797.96875,44587557.65625,23764445.59375,105876.6875,2107279.1875,8812500.0,0.060155656250000016,,,,4.93784434375
ruby,kripke.exe,--niter 5 --pmethod bj --groups 16 --legendre 2,1,0.05,7071428.571428573,38821428.571428575,9392857.142857144,89732142.85714285,839285.7142857143,375000.0,17857.14285714286,17857.14285714286,4.258928571428571,18908716.973214287,6760526.205357143,938.7232142857144,19688.73214285714,857142.8571428572,0.011359044642857141,,,,2.988640955357143
ruby,kripke.exe,"--niter 5 --pmethod bj --groups 16 --legendre 2 --procs 4,4,2",32,0.0833,72000000.0,193937500.0,64312500.0,536750000.0,0.0,0.0,0.0,0.0,885.0,68141213.90625,24406278.9375,105844.6875,2107278.1875,9187500.0,0.07461134375,,,,4.92338865625
ruby,kripke.exe,--niter 5 --pmethod bj --groups 16 --legendre 3,1,0.05,11125000.0,59607142.85714286,14428571.42857143,139964285.7142857,964285.7142857143,392857.1428571429,17857.14285714286,17857.14285714286,5.1875,28121004.03571429,6787502.830357143,938.7232142857144,19688.723214285714,910714.2857142857,0.015201526785714287,,,,2.9847984732142856
ruby,kripke.exe,"--niter 5 --pmethod bj --groups 16 --legendre 3 --procs 4,4,2",32,0.0833,91812500.0,275500000.0,86000000.0,741187500.0,0.0,0.0,0.0,0.0,808.09375,101613999.78125,24044192.09375,102540.75,2107144.5625,8125000.0,0.08666778125,,,,4.91133221875
ruby,kripke.exe,--niter 5 --pmethod bj --groups 16 --legendre 4,1,0.0666,16446428.57142857,86464285.71428572,20910714.285714287,204892857.1428572,1339285.7142857143,392857.1428571429,17857.14285714286,17857.14285714286,4.053571428571429,39958640.52678572,6736933.125,938.7232142857144,19688.723214285714,1035714.2857142857,0.02042979464285714,,,,3.975570205357143
ruby,kripke.exe,"--niter 5 --pmethod bj --groups 16 --legendre 4 --procs 4,4,2",32,0.0666,98625000.0,352812500.0,102812500.0,915312500.0,0.0,0.0,0.0,0.0,892.75,142509481.90625,24051735.75,102538.8125,2107144.5,7750000.0,0.10597246874999998,,,,3.8900275312500003
ruby,kripke.exe,--niter 5 --pmethod bj --groups 32 --legendre 0,1,0.05,5089285.714285715,31928571.42857143,7482142.857142857,68482142.85714285,1178571.4285714286,767857.1428571428,53571.428571428565,17857.14285714286,9.508928571428571,17142128.6875,13552251.071428573,938.7232142857144,19688.723214285714,1642857.1428571432,0.012790928571428576,,,,2.9872090714285715
ruby,kripke.exe,"--niter 5 --pmethod bj --groups 32 --legendre 0 --procs 4,4,2",32,0.0833,67062500.0,173625000.0,62500000.0,494875000.0,0.0,1937500.0,0.0,0.0,894.34375,61868350.59375,48128307.40625,102540.71875,2107144.5625,23062500.0,0.09184453125,,,,4.906155468750001
ruby,kripke.exe,--niter 5 --pmethod bj --groups 32 --legendre 1,1,0.05,10321428.57142857,56589285.71428572,12678571.42857143,126696428.57142857,1232142.857142857,767857.1428571428,53571.428571428565,17857.14285714286,5.330357142857143,26188501.19642857,13529604.964285715,938.7142857142856,19688.70535714286,1803571.4285714286,0.01770385714285714,,,,2.982296142857143
ruby,kripke.exe,"--niter 5 --pmethod bj --groups 32 --legendre 1 --procs 4,4,2",32,0.0666,86000000.0,257750000.0,81000000.0,694750000.0,0.0,1937500.0,0.0,0.0,914.0625,93660197.40625,48060364.46875,102540.71875,2107144.5625,18500000.0,0.11154628125,,,,3.8844537187500006
ruby,kripke.exe,--niter 5 --pmethod bj --groups 32 --legendre 2,1,0.0833,19107142.85714286,97767857.14285716,21321428.57142857,223875000.0,1535714.2857142857,767857.1428571428,53571.428571428565,17857.14285714286,7.205357142857142,41304454.08035714,13520913.05357143,938.7232142857144,19688.73214285714,1946428.5714285718,0.02593095535714285,,,,4.972069044642858
ruby,kripke.exe,"--niter 5 --pmethod bj --groups 32 --legendre 2 --procs 4,4,2",32,0.0833,122687500.0,417812500.0,117187500.0,1079750000.0,0.0,2000000.0,0.0,0.0,813.0625,142252723.34375,45712938.8125,105844.6875,2107278.1875,18000000.0,0.13958487499999994,,,,4.8584151250000005
ruby,kripke.exe,--niter 5 --pmethod bj --groups 32 --legendre 3,1,0.1,31375000.0,155357142.85714287,33446428.57142857,359821428.5714286,1892857.1428571432,785714.2857142857,53571.428571428565,35714.28571428572,3.2053571428571432,62377783.09821428,13583246.86607143,938.7321428571428,19688.723214285714,2071428.5714285718,0.03710445535714285,,,,5.9628955446428575
ruby,kripke.exe,"--niter 5 --pmethod bj --groups 32 --legendre 3 --procs 4,4,2",32,0.0833,174187500.0,634062500.0,166437500.0,1602312500.0,500000.0,2000000.0,0.0,0.0,889.4375,214488118.21875,45785452.8125,105876.6875,2107279.1875,15687500.0,0.18040728124999994,,,,4.81759271875
ruby,kripke.exe,--niter 5 --pmethod bj --groups 32 --legendre 4,1,0.1166,47214285.71428572,229535714.2857143,49000000.0,534964285.7142857,2392857.1428571427,785714.2857142857,71428.57142857142,35714.28571428572,2.821428571428572,89613793.73214285,13499910.767857146,938.7232142857144,19688.723214285714,2267857.1428571427,0.05162208035714287,,,,6.944377919642856
ruby,kripke.exe,"--niter 5 --pmethod bj --groups 32 --legendre 4 --procs 4,4,2",32,0.0833,223562500.0,873812500.0,217812500.0,2168062500.0,2000000.0,2000000.0,0.0,0.0,938.875,317113864.9375,50449963.28125,105876.6875,2107279.1875,14812500.0,0.23073896875000005,,,,4.76726103125
ruby,kripke.exe,--niter 5 --pmethod bj --groups 8 --legendre 0,1,0.0166,1142857.142857143,7250000.0,1785714.2857142857,15553571.42857143,267857.14285714284,196428.57142857145,0.0,0.0,3.3125,4156509.330357143,3439779.473214285,938.7232142857144,19688.73214285714,303571.4285714286,0.003362080357142857,,,,0.9926379196428572
ruby,kripke.exe,"--niter 5 --pmethod bj --groups 8 --legendre 0 --procs 4,4,2",32,0.0666,39437500.0,65375000.0,27500000.0,208562500.0,0.0,0.0,0.0,0.0,815.90625,15769093.125,13268822.65625,105844.71875,2107278.1875,2000000.0,0.03563134375000001,,,,3.9603686562500005
ruby,kripke.exe,--niter 5 --pmethod bj --groups 8 --legendre 1,1,0.0333,1857142.8571428568,10928571.42857143,2767857.1428571427,24660714.28571429,303571.4285714286,196428.57142857145,0.0,0.0,6.285714285714287,5970380.955357143,3387247.508928572,938.7232142857144,19688.723214285714,339285.71428571426,0.004226375,,,,1.9937736250000002
ruby,kripke.exe,"--niter 5 --pmethod bj --groups 8 --legendre 1 --procs 4,4,2",32,0.0833,42375000.0,79312500.0,31437500.0,243187500.0,0.0,0.0,0.0,0.0,832.90625,22457071.125,12583083.25,105844.6875,2107278.1875,1937500.0,0.04008421875,,,,4.9579157812500005
ruby,kripke.exe,--niter 5 --pmethod bj --groups 8 --legendre 2,1,0.0333,3035714.2857142864,17053571.42857143,4392857.142857143,39732142.85714286,339285.71428571426,196428.57142857145,0.0,0.0,10.732142857142858,9063499.55357143,3379211.5535714286,938.7232142857144,19688.723214285714,392857.1428571429,0.0057683125,,,,1.9922316875000001
ruby,kripke.exe,"--niter 5 --pmethod bj --groups 8 --legendre 2 --procs 4,4,2",32,0.0666,48250000.0,103500000.0,38437500.0,305875000.0,0.0,0.0,0.0,0.0,858.09375,33952615.03125,12850343.53125,105844.6875,2107278.1875,2000000.0,0.04541631249999999,,,,3.9505836875000004
ruby,kripke.exe,--niter 5 --pmethod bj --groups 8 --legendre 3,1,0.05,4535714.285714285,25428571.42857143,6660714.285714285,60375000.0,410714.2857142858,196428.57142857145,0.0,0.0,4.410714285714286,13322680.99107143,3399026.4732142864,938.7321428571428,19688.723214285714,410714.2857142858,0.007422785714285714,,,,2.9925772142857143
ruby,kripke.exe,"--niter 5 --pmethod bj --groups 8 --legendre 3 --procs 4,4,2",32,0.0666,53875000.0,134750000.0,47375000.0,383125000.0,0.0,0.0,0.0,0.0,845.125,49328033.59375,12682912.59375,105844.71875,2107278.1875,2000000.0,0.0502168125,,,,3.9457831875000005
ruby,kripke.exe,--niter 5 --pmethod bj --groups 8 --legendre 4,1,0.05,6446428.571428573,36178571.42857143,9571428.57142857,86839285.71428572,517857.1428571429,196428.57142857145,0.0,0.0,5.0,18789316.1875,3351615.160714285,938.7232142857144,19688.723214285714,464285.7142857143,0.009389553571428571,,,,2.990610446428571
ruby,kripke.exe,"--niter 5 --pmethod bj --groups 8 --legendre 4 --procs 4,4,2",32,0.1,63062500.0,176875000.0,59250000.0,489750000.0,0.0,0.0,0.0,0.0,837.21875,66890978.625,11907734.78125,105876.6875,2107279.1875,2000000.0,0.05785153125,,,,5.94214846875
ruby,kripke.exe,--niter 5 --pmethod sweep --groups 16 --legendre 0,1,0.0166,1517857.1428571432,14125000.0,2767857.1428571427,26250000.0,589285.7142857143,285714.2857142857,17857.14285714286,0.0,8.410714285714286,8411668.419642856,6679616.125,938.7142857142856,19688.714285714286,803571.4285714284,0.005788383928571429,,,,0.9902116160714286
ruby,kripke.exe,"--niter 5 --pmethod sweep --groups 16 --legendre 0 --procs 4,4,2",32,0.0833,48375000.0,99937500.0,34437500.0,271687500.0,0.0,0.0,0.0,0.0,942.8125,30000831.90625,24555735.28125,102571.71875,2107145.53125,7562500.0,0.04381074999999999,,,,4.954189250000001
ruby,kripke.exe,--niter 5 --pmethod sweep --groups 16 --legendre 1,1,0.0333,3232142.8571428573,23017857.14285714,4928571.428571428,47696428.57142858,589285.7142857143,285714.2857142857,17857.14285714286,0.0,2.607142857142857,12350738.142857146,6686729.857142857,938.7232142857144,19688.723214285714,857142.8571428572,0.008180839285714286,,,,1.9898191607142859
ruby,kripke.exe,"--niter 5 --pmethod sweep --groups 16 --legendre 1 --procs 4,4,2",32,0.0666,56187500.0,131437500.0,42937500.0,350500000.0,0.0,0.0,0.0,0.0,923.375,45354874.8125,24671281.5,105844.6875,2107278.1875,7375000.0,0.05546103125000002,,,,3.9405389687500003
ruby,kripke.exe,--niter 5 --pmethod sweep --groups 16 --legendre 2,1,0.05,6178571.428571427,37928571.42857143,8535714.285714285,83732142.85714285,839285.7142857143,285714.2857142857,17857.14285714286,0.0,5.6517857142857135,18944179.9375,6716844.116071427,938.7232142857144,19688.723214285714,875000.0,0.011235642857142856,,,,2.9887643571428573
ruby,kripke.exe,"--niter 5 --pmethod sweep --groups 16 --legendre 2 --procs 4,4,2",32,0.0833,64687500.0,182750000.0,55250000.0,473437500.0,0.0,0.0,0.0,0.0,930.25,67685377.625,24278822.46875,105844.6875,2107278.1875,7562500.0,0.06983459375,,,,4.928165406250001
ruby,kripke.exe,--niter 5 --pmethod sweep --groups 16 --legendre 3,1,0.05,10250000.0,58714285.71428572,13571428.57142857,133982142.85714284,928571.4285714284,285714.2857142857,17857.14285714286,0.0,3.0892857142857144,28106602.13392857,6753323.642857143,938.7232142857144,19688.723214285714,1000000.0,0.014887535714285713,,,,2.9851124642857143
ruby,kripke.exe,"--niter 5 --pmethod sweep --groups 16 --legendre 3 --procs 4,4,2",32,0.0833,82250000.0,264812500.0,76500000.0,675000000.0,0.0,0.0,0.0,0.0,849.375,101489471.1875,24591389.96875,105844.6875,2107278.1875,7687500.0,0.08497981249999996,,,,4.9130201875
ruby,kripke.exe,--niter 5 --pmethod sweep --groups 16 --legendre 4,1,0.0666,15535714.285714285,85535714.28571428,20053571.42857143,198839285.7142857,1232142.857142857,303571.4285714286,17857.14285714286,0.0,2.607142857142857,39986943.85714286,6746409.160714285,938.7232142857144,19688.73214285714,1053571.4285714286,0.01984534821428572,,,,3.976154651785715
ruby,kripke.exe,"--niter 5 --pmethod sweep --groups 16 --legendre 4 --procs 4,4,2",32,0.0666,99375000.0,361062500.0,100125000.0,905437500.0,0.0,0.0,0.0,0.0,866.96875,138014784.53125,23545443.4375,105876.6875,2107279.1875,7500000.0,0.1051846875,,,,3.8908153125000005
ruby,kripke.exe,--niter 5 --pmethod sweep --groups 32 --legendre 0,1,0.0333,3410714.2857142864,30285714.28571429,5803571.428571427,56821428.57142858,1160714.2857142857,589285.7142857143,53571.428571428565,17857.14285714286,5.321428571428571,17121712.25892857,13535158.901785715,938.7321428571428,19688.723214285714,1482142.8571428568,0.011765580357142858,,,,1.9862344196428574
ruby,kripke.exe,"--niter 5 --pmethod sweep --groups 32 --legendre 0 --procs 4,4,2",32,0.0666,67125000.0,173062500.0,52875000.0,434312500.0,0.0,0.0,0.0,0.0,907.5625,61297715.125,49223591.40625,105844.6875,2107278.1875,19750000.0,0.07995353125,,,,3.9160464687500003
ruby,kripke.exe,--niter 5 --pmethod sweep --groups 32 --legendre 1,1,0.05,8678571.42857143,54964285.71428572,10982142.857142856,115125000.0,1214285.7142857143,589285.7142857143,53571.428571428565,17857.14285714286,4.098214285714286,26166601.29464286,13520770.8125,938.7142857142856,19688.714285714286,1750000.0,0.016024526785714286,,,,2.9839754732142856
ruby,kripke.exe,"--niter 5 --pmethod sweep --groups 32 --legendre 1 --procs 4,4,2",32,0.0833,89000000.0,265562500.0,74062500.0,658312500.0,0.0,0.0,0.0,0.0,870.78125,93699917.8125,48090560.1875,105876.6875,2107279.1875,17000000.0,0.0952745625,,,,4.9027254375
ruby,kripke.exe,--niter 5 --pmethod sweep --groups 32 --legendre 2,1,0.0666,17428571.42857143,96107142.85714284,19625000.0,212196428.57142857,1500000.0,589285.7142857143,53571.428571428565,17857.14285714286,4.571428571428571,41266956.946428575,13432004.535714287,938.7232142857144,19688.723214285714,2196428.5714285714,0.0260241875,,,,3.9699758125000004
ruby,kripke.exe,"--niter 5 --pmethod sweep --groups 32 --legendre 2 --procs 4,4,2",32,0.0666,117875000.0,403000000.0,104000000.0,984125000.0,0.0,0.0,0.0,0.0,884.5,141506143.65625,46227764.625,105876.6875,2107279.1875,14687500.0,0.1255226875,,,,3.8704773125000003
ruby,kripke.exe,--niter 5 --pmethod sweep --groups 32 --legendre 3,1,0.0833,29678571.42857143,153678571.42857143,31732142.85714286,348089285.71428573,1946428.5714285718,589285.7142857143,53571.428571428565,17857.14285714286,9.857142857142858,62408815.625,13623500.383928573,938.7232142857144,19688.73214285714,1964285.7142857143,0.035488008928571416,,,,4.962511991071429
ruby,kripke.exe,"--niter 5 --pmethod sweep --groups 32 --legendre 3 --procs 4,4,2",32,0.0666,158000000.0,601875000.0,146312500.0,1452687500.0,500000.0,0.0,0.0,0.0,937.9375,220894982.0,47754800.125,102540.75,2107144.5625,14625000.0,0.16023262499999993,,,,3.8357673750000005
ruby,kripke.exe,--niter 5 --pmethod sweep --groups 32 --legendre 4,1,0.1166,45500000.0,227803571.42857143,47303571.42857143,523035714.2857143,2410714.285714286,607142.8571428572,71428.57142857142,17857.14285714286,10.464285714285714,89543100.42857143,13497395.3125,938.7321428571428,19688.723214285714,2089285.7142857143,0.050017330357142856,,,,6.945982669642857
ruby,kripke.exe,"--niter 5 --pmethod sweep --groups 32 --legendre 4 --procs 4,4,2",32,0.0833,221500000.0,890875000.0,210250000.0,2142312500.0,1937500.0,0.0,0.0,0.0,868.375,316416342.34375,52759993.1875,105844.6875,2107278.1875,13875000.0,0.228728625,,,,4.769271375000001
ruby,kripke.exe,--niter 5 --pmethod sweep --groups 8 --legendre 0,1,0.0166,750000.0,6857142.857142857,1357142.857142857,12714285.714285715,267857.14285714284,142857.14285714287,0.0,0.0,4.232142857142857,4176373.7767857136,3414875.7410714286,938.7142857142856,19688.696428571428,339285.71428571426,0.0030873482142857143,,,,0.9929126517857143
ruby,kripke.exe,"--niter 5 --pmethod sweep --groups 8 --legendre 0 --procs 4,4,2",32,0.0666,42187500.0,68125000.0,26500000.0,203812500.0,0.0,0.0,0.0,0.0,906.78125,15335400.0,12777691.53125,105809.75,2107277.09375,1812500.0,0.034704312499999994,,,,3.9612956875000003
ruby,kripke.exe,--niter 5 --pmethod sweep --groups 8 --legendre 1,1,0.0333,1482142.8571428568,10571428.57142857,2339285.714285714,21892857.14285714,303571.4285714286,142857.14285714287,0.0,0.0,4.464285714285714,6021597.357142857,3384767.2053571427,938.7142857142856,19688.70535714286,357142.85714285716,0.0036899464285714287,,,,1.9943100535714289
ruby,kripke.exe,"--niter 5 --pmethod sweep --groups 8 --legendre 1 --procs 4,4,2",32,0.0833,42250000.0,79062500.0,28875000.0,228125000.0,0.0,0.0,0.0,0.0,906.21875,23231245.125,12277326.34375,102537.875,2107144.46875,1937500.0,0.034220500000000015,,,,4.9637795
ruby,kripke.exe,--niter 5 --pmethod sweep --groups 8 --legendre 2,1,0.0333,2482142.8571428573,16464285.714285715,3946428.5714285714,36392857.14285714,339285.71428571426,142857.14285714287,0.0,0.0,4.357142857142857,9076391.285714284,3417451.7321428573,938.7142857142856,19688.70535714286,410714.2857142858,0.005065910714285715,,,,1.9929340892857146
ruby,kripke.exe,"--niter 5 --pmethod sweep --groups 8 --legendre 2 --procs 4,4,2",32,0.0833,564187500.0,648937500.0,302437500.0,2257375000.0,0.0,0.0,0.0,0.0,932.8125,34031144.5,12917259.9375,102540.75,2107144.5625,1937500.0,0.038651843749999984,,,,4.95934815625
ruby,kripke.exe,--niter 5 --pmethod sweep --groups 8 --legendre 3,1,0.0333,4053571.4285714286,24928571.42857143,6232142.857142857,57250000.0,392857.1428571429,142857.14285714287,0.0,0.0,10.955357142857142,13310294.223214285,3454606.857142857,938.7142857142856,19688.696428571428,446428.5714285714,0.0066580982142857145,,,,1.9913419017857146
ruby,kripke.exe,"--niter 5 --pmethod sweep --groups 8 --legendre 3 --procs 4,4,2",32,0.0666,74500000.0,153875000.0,54875000.0,440937500.0,0.0,0.0,0.0,0.0,907.84375,49115910.46875,12559517.875,105844.71875,2107278.1875,2000000.0,0.04558746875,,,,3.9504125312500005
ruby,kripke.exe,--niter 5 --pmethod sweep --groups 8 --legendre 4,1,0.0333,6071428.571428573,35821428.57142857,9142857.142857144,84107142.85714285,517857.1428571429,142857.14285714287,0.0,0.0,4.5,18826674.44642857,3445928.0625,938.7142857142856,19688.70535714286,482142.85714285716,0.009271401785714286,,,,1.988728598214286
ruby,kripke.exe,"--niter 5 --pmethod sweep --groups 8 --legendre 4 --procs 4,4,2",32,0.0666,65937500.0,179500000.0,58375000.0,484875000.0,0.0,0.0,0.0,0.0,942.59375,66497069.6875,11957272.6875,105844.71875,2107278.1875,2000000.0,0.0556169375,,,,3.9403830625000005
ruby,laghos,-p 1 -dim 2 -rs 2 -tf 3,1,0.15,8200000000.0,19396000000.0,6214000000.0,59934000000.0,148000000.0,116000000.0,0.0,0.0,3259321.0,11408071539.0,5963227690.0,105104.0,2240753.0,260000000.0,6.572249,,,,2.4277509999999998
ruby,laghos,-p 1 -dim 2 -rs 2 -tf 3.1,1,0.1333,8428000000.0,19944000000.0,6390000000.0,61630000000.0,162000000.0,120000000.0,0.0,0.0,3351209.0,11734268534.0,6122195039.0,105105.0,2241731.0,262000000.0,6.778034000000003,,,,1.2199659999999977
ruby,laghos,-p 1 -dim 2 -rs 2 -tf 3.1 -pa,1,0.15,8426000000.0,19942000000.0,6388000000.0,61626000000.0,162000000.0,118000000.0,0.0,0.0,3351557.0,11729692183.0,6126649140.0,105104.0,2241732.0,260000000.0,6.7817370000000015,,,,2.2182629999999985
ruby,laghos,-p 1 -dim 2 -rs 2 -tf 3.2,1,0.15,8658000000.0,20480000000.0,6562000000.0,63274000000.0,168000000.0,124000000.0,0.0,0.0,3441472.0,12049886535.0,6287297521.0,105104.0,2242707.0,268000000.0,7.0123190000000015,,,,1.9876809999999985
ruby,laghos,-p 1 -dim 2 -rs 2 -tf 3.2 -pa,1,0.15,8658000000.0,20480000000.0,6562000000.0,63280000000.0,166000000.0,124000000.0,0.0,0.0,3440535.0,12050147262.0,6289120064.0,105104.0,2242708.0,262000000.0,6.932646000000001,,,,2.067353999999999
ruby,laghos,-p 1 -dim 2 -rs 2 -tf 3.3,1,0.15,8882000000.0,21016000000.0,6734000000.0,64930000000.0,170000000.0,126000000.0,0.0,0.0,3530032.0,12365049872.0,6474048625.0,105103.0,2243681.0,276000000.0,7.177675999999999,,,,1.822324000000001
ruby,laghos,-p 1 -dim 2 -rs 2 -tf 3.3 -pa,1,0.1666,8880000000.0,21014000000.0,6732000000.0,64938000000.0,172000000.0,126000000.0,0.0,0.0,3530788.0,12361102737.0,6454868939.0,105103.0,2243681.0,270000000.0,7.122713000000001,,,,2.8732869999999995
ruby,laghos,-p 1 -dim 2 -rs 2 -tf 3.4,1,0.15,9112000000.0,21554000000.0,6906000000.0,66622000000.0,176000000.0,130000000.0,0.0,0.0,3622104.0,12683629752.0,6622783170.0,105105.0,2244598.0,284000000.0,7.362699,,,,1.637301
ruby,laghos,-p 1 -dim 2 -rs 2 -tf 3.4 -pa,1,0.15,9108000000.0,21562000000.0,6908000000.0,66626000000.0,176000000.0,130000000.0,0.0,0.0,3622725.0,12683111991.0,6644579302.0,105104.0,2244599.0,276000000.0,7.3224740000000015,,,,1.6775259999999985
ruby,laghos,-p 1 -dim 2 -rs 2 -tf 3.5,1,0.15,9344000000.0,22108000000.0,7084000000.0,68308000000.0,170000000.0,132000000.0,0.0,0.0,3713080.0,13007135350.0,6786328251.0,105104.0,2245574.0,292000000.0,7.512060000000001,,,,1.4879399999999992
ruby,laghos,-p 1 -dim 2 -rs 2 -tf 3.5,56,0.5333,26450428571.42857,41672107142.85714,14322107142.857143,112358821428.57144,79678571.42857143,29321428.57142857,10464285.714285716,7678571.428571427,25953.125,239195776.9107143,7354674481.482143,108901.75,2109550.9464285714,1557392857.142857,10.053070089285717,,,,21.944929910714286
ruby,laghos,-p 1 -dim 2 -rs 2 -tf 3,56,0.4833,22812642857.142857,35977892857.14286,12364785714.285715,96942392857.14284,69964285.71428572,25571428.57142857,9071428.57142857,6464285.714285715,23731.785714285717,209875204.1428572,6475068041.089286,108899.76785714287,2109464.8214285714,1367178571.4285715,8.884578107142858,,,,20.113421892857144
ruby,laghos,-p 1 -dim 2 -rs 2 -tf 3.5 -pa,1,0.15,9334000000.0,22106000000.0,7082000000.0,68304000000.0,170000000.0,132000000.0,0.0,0.0,3713147.0,13007105914.0,6782195441.0,105104.0,2245574.0,290000000.0,7.522385000000001,,,,1.4776149999999992
ruby,laghos,-p 1 -dim 2 -rs 2 -tf 3.5 -pa,56,0.5,26200392857.142857,41308250000.0,14187142857.142857,111302107142.85716,79535714.28571428,29071428.57142857,10464285.714285716,7642857.142857143,23955.642857142866,239210358.69642857,7365586318.107142,108901.75,2109550.9464285714,1544714285.7142856,10.305381982142855,,,,19.694618017857145
ruby,laghos,-p 1 -dim 2 -rs 2 -tf 3.6,1,0.1666,9574000000.0,22658000000.0,7260000000.0,70012000000.0,184000000.0,136000000.0,0.0,0.0,3807153.0,13329279629.0,6997196760.0,105104.0,2246551.0,292000000.0,7.723261999999999,,,,2.2727380000000013
ruby,laghos,-p 1 -dim 2 -rs 2 -tf 3.6 -pa,1,0.1666,9578000000.0,22656000000.0,7260000000.0,70014000000.0,184000000.0,136000000.0,0.0,0.0,3807273.0,13330119633.0,6962952454.0,105104.0,2246551.0,294000000.0,7.6833170000000015,,,,2.312682999999999
ruby,laghos,-p 1 -dim 2 -rs 2 -tf 3.7,1,0.2166,9792000000.0,23176000000.0,7426000000.0,71610000000.0,192000000.0,140000000.0,0.0,0.0,3893505.0,13632517105.0,7118164667.0,105104.0,2247466.0,304000000.0,7.857596000000001,,,,5.138403999999998
ruby,laghos,-p 1 -dim 2 -rs 2 -tf 3.7 -pa,1,0.2,9794000000.0,23172000000.0,7424000000.0,71608000000.0,190000000.0,140000000.0,0.0,0.0,3894182.0,13631358759.0,7120541954.0,105104.0,2247465.0,304000000.0,7.981994,,,,4.018006
ruby,laghos,-p 1 -dim 2 -rs 2 -tf 3.8,1,0.1833,10010000000.0,23690000000.0,7590000000.0,73196000000.0,198000000.0,142000000.0,0.0,0.0,3979042.0,13933312759.0,7272204894.0,105104.0,2248319.0,310000000.0,8.518199000000001,,,,2.4798009999999984
ruby,laghos,-p 1 -dim 2 -rs 2 -tf 3.8 -pa,1,0.1666,10002000000.0,23680000000.0,7586000000.0,73182000000.0,192000000.0,142000000.0,0.0,0.0,3979983.0,13938357463.0,7276385179.0,105104.0,2248319.0,310000000.0,8.037107,,,,1.9588929999999998
ruby,laghos,-p 1 -dim 2 -rs 2 -tf 3.9,1,0.1666,10220000000.0,24194000000.0,7752000000.0,74762000000.0,198000000.0,146000000.0,0.0,0.0,4065311.0,14234824562.0,7468478009.0,105104.0,2249235.0,316000000.0,8.387908000000001,,,,1.6080919999999992
ruby,laghos,-p 1 -dim 2 -rs 2 -tf 3.9 -pa,1,0.1833,10224000000.0,24196000000.0,7752000000.0,74762000000.0,196000000.0,146000000.0,0.0,0.0,4065410.0,14234087701.0,7431734701.0,105104.0,2249235.0,316000000.0,8.223251000000003,,,,2.7747489999999964
ruby,laghos,-p 1 -dim 2 -rs 2 -tf 3 -pa,1,0.1333,8196000000.0,19392000000.0,6210000000.0,59936000000.0,150000000.0,116000000.0,0.0,0.0,3260591.0,11411835794.0,5947028764.0,105104.0,2240753.0,256000000.0,6.617439,,,,1.3805610000000001
ruby,laghos,-p 1 -dim 2 -rs 2 -tf 3 -pa,56,0.5,23329571428.57143,36779035714.28571,12612321428.571428,99063000000.0,69428571.42857143,25392857.14285714,9000000.0,6428571.428571427,24916.92857142857,209852623.6607143,6621737854.142857,108901.75,2109464.8571428573,1353678571.4285715,8.838080124999998,,,,21.161919875000002
ruby,laghos,-p 1 -dim 2 -rs 2 -tf 4,1,0.1666,10430000000.0,24678000000.0,7906000000.0,76240000000.0,190000000.0,148000000.0,0.0,0.0,4146026.0,14517560928.0,7571605811.0,105104.0,2250086.0,328000000.0,9.026961,,,,0.9690390000000004
ruby,laghos,-p 1 -dim 2 -rs 2 -tf 4.1,1,0.1833,10718000000.0,25362000000.0,8126000000.0,78364000000.0,208000000.0,152000000.0,0.0,0.0,4261272.0,14918300105.0,7787852129.0,105105.0,2251323.0,328000000.0,8.616882000000002,,,,2.381117999999997
ruby,laghos,-p 1 -dim 2 -rs 2 -tf 4.1 -pa,1,0.1833,10718000000.0,25358000000.0,8126000000.0,78364000000.0,206000000.0,154000000.0,0.0,0.0,4260132.0,14917428628.0,7791971653.0,105104.0,2251323.0,332000000.0,8.596846000000001,,,,2.4011539999999982
ruby,laghos,-p 1 -dim 2 -rs 2 -tf 4.2,1,0.1833,11090000000.0,26242000000.0,8408000000.0,81096000000.0,212000000.0,158000000.0,0.0,0.0,4409386.0,15438197870.0,8058897913.0,105104.0,2252848.0,342000000.0,8.893442,,,,2.104557999999999
ruby,laghos,-p 1 -dim 2 -rs 2 -tf 4.2 -pa,1,0.1666,11094000000.0,26248000000.0,8410000000.0,81100000000.0,214000000.0,158000000.0,0.0,0.0,4409107.0,15438980381.0,8060143728.0,105104.0,2252849.0,344000000.0,8.918262,,,,1.077738
ruby,laghos,-p 1 -dim 2 -rs 2 -tf 4.3,1,0.1833,11462000000.0,27128000000.0,8690000000.0,83826000000.0,222000000.0,164000000.0,0.0,0.0,4558164.0,15958414128.0,8344189776.0,105104.0,2254374.0,354000000.0,9.247217999999998,,,,1.750782000000001
ruby,laghos,-p 1 -dim 2 -rs 2 -tf 4.3 -pa,1,0.1833,11468000000.0,27130000000.0,8692000000.0,83828000000.0,222000000.0,164000000.0,0.0,0.0,4558575.0,15960227884.0,8360458783.0,105105.0,2254373.0,354000000.0,9.193506,,,,1.804494
ruby,laghos,-p 1 -dim 2 -rs 2 -tf 4.4,1,0.2166,11836000000.0,28008000000.0,8972000000.0,86540000000.0,228000000.0,168000000.0,0.0,0.0,4706267.0,16473571596.0,8598963568.0,105103.0,2255896.0,364000000.0,9.558152999999999,,,,3.4378469999999997
ruby,laghos,-p 1 -dim 2 -rs 2 -tf 4.4 -pa,1,0.2,11836000000.0,28008000000.0,8972000000.0,86548000000.0,228000000.0,168000000.0,0.0,0.0,4705668.0,16477859575.0,8600674369.0,105104.0,2255898.0,366000000.0,9.562810999999998,,,,2.437189000000002
ruby,laghos,-p 1 -dim 2 -rs 2 -tf 4.5,1,0.1833,12196000000.0,28858000000.0,9246000000.0,89178000000.0,224000000.0,172000000.0,0.0,0.0,4848539.0,16978740610.0,8851567165.0,105104.0,2257423.0,386000000.0,10.268243999999996,,,,0.7297560000000036
ruby,laghos,-p 1 -dim 2 -rs 2 -tf 4.5,56,0.6166,34194357142.857143,53917214285.71429,18521607142.857143,145285607142.85715,104571428.57142857,38785714.28571428,14178571.42857143,10000000.0,23659.696428571428,312246532.4464286,10032247935.053572,108901.75,2109762.5714285714,1997107142.857143,13.515499660714287,,,,23.480500339285715
ruby,laghos,-p 1 -dim 2 -rs 2 -tf 4,56,0.5833,29450571428.57143,46408357142.85714,15946250000.0,125107857142.85715,88892857.14285715,32892857.14285714,12035714.285714285,8428571.42857143,23745.946428571428,267027192.5892857,8171914508.553572,108957.75,2109632.535714286,1742500000.0,11.161939035714287,,,,23.836060964285718
ruby,laghos,-p 1 -dim 2 -rs 2 -tf 4.5 -pa,1,0.2,12200000000.0,28860000000.0,9246000000.0,89172000000.0,224000000.0,172000000.0,0.0,0.0,4848952.0,16976266120.0,8859637510.0,105104.0,2257423.0,386000000.0,10.328576,,,,1.671424
ruby,laghos,-p 1 -dim 2 -rs 2 -tf 4.5 -pa,56,0.65,34005928571.42857,53618571428.571434,18439000000.0,144535607142.85715,104642857.14285716,38678571.42857143,14107142.857142854,10107142.857142856,25249.071428571428,312224332.9464286,9609897693.517859,108845.75,2109761.5714285714,2041857142.857143,13.050004392857144,,,,25.949995607142856
ruby,laghos,-p 1 -dim 2 -rs 2 -tf 4.6,1,0.2,12508000000.0,29592000000.0,9482000000.0,91436000000.0,242000000.0,178000000.0,0.0,0.0,4970756.0,17407415234.0,9084055210.0,105104.0,2258704.0,380000000.0,10.073474999999998,,,,1.9265250000000016
ruby,laghos,-p 1 -dim 2 -rs 2 -tf 4.6 -pa,1,0.2,12500000000.0,29588000000.0,9480000000.0,91438000000.0,240000000.0,178000000.0,0.0,0.0,4971860.0,17404468259.0,9085248843.0,105104.0,2258705.0,388000000.0,10.078251000000002,,,,1.9217489999999984
ruby,laghos,-p 1 -dim 2 -rs 2 -tf 4.7,1,0.2,12768000000.0,30204000000.0,9678000000.0,93332000000.0,244000000.0,182000000.0,0.0,0.0,5072992.0,17766335112.0,9277978430.0,105104.0,2259804.0,398000000.0,10.638194,,,,1.3618059999999996
ruby,laghos,-p 1 -dim 2 -rs 2 -tf 4.7 -pa,1,0.2,12762000000.0,30204000000.0,9676000000.0,93324000000.0,246000000.0,182000000.0,0.0,0.0,5073890.0,17768327110.0,9283089966.0,105105.0,2259803.0,396000000.0,10.742926000000002,,,,1.2570739999999976
ruby,laghos,-p 1 -dim 2 -rs 2 -tf 4.8,1,0.2,12974000000.0,30708000000.0,9842000000.0,94896000000.0,250000000.0,186000000.0,0.0,0.0,5158364.0,18066185776.0,9432301138.0,105104.0,2260719.0,402000000.0,11.463034,,,,0.5369659999999996
ruby,laghos,-p 1 -dim 2 -rs 2 -tf 4.8 -pa,1,0.2166,12974000000.0,30714000000.0,9842000000.0,94902000000.0,250000000.0,182000000.0,0.0,0.0,5157176.0,18069338810.0,9436618156.0,105103.0,2260715.0,404000000.0,10.423718,,,,2.5722819999999995
ruby,laghos,-p 1 -dim 2 -rs 2 -tf 4.9,1,0.2333,13186000000.0,31218000000.0,10004000000.0,96460000000.0,254000000.0,186000000.0,0.0,0.0,5242662.0,18367547115.0,9592878687.0,105104.0,2261633.0,414000000.0,10.974090000000002,,,,3.023909999999999
ruby,laghos,-p 1 -dim 2 -rs 2 -tf 4.9 -pa,1,0.2166,13188000000.0,31222000000.0,10004000000.0,96456000000.0,254000000.0,188000000.0,0.0,0.0,5242545.0,18367268150.0,9591879994.0,105104.0,2261634.0,410000000.0,11.308077,,,,1.6879229999999978
ruby,laghos,-p 1 -dim 2 -rs 2 -tf 4 -pa,1,0.1666,10428000000.0,24672000000.0,7906000000.0,76248000000.0,190000000.0,148000000.0,0.0,0.0,4146039.0,14517576716.0,7574279006.0,105104.0,2250086.0,324000000.0,8.893197000000002,,,,1.102802999999998
ruby,laghos,-p 1 -dim 2 -rs 2 -tf 4 -pa,56,0.5666,29468464285.714287,46450000000.0,15946535714.285715,125159000000.0,88821428.57142857,32535714.28571429,12035714.285714285,8500000.0,24775.214285714286,267008905.55357143,8095689005.446428,108901.75,2109631.535714286,1753035714.2857144,11.318299464285722,,,,22.67770053571428
ruby,laghos,-p 1 -dim 2 -rs 2 -tf 5,1,0.2166,13410000000.0,31734000000.0,10168000000.0,98050000000.0,244000000.0,190000000.0,0.0,0.0,5328932.0,18665444081.0,9738774415.0,105104.0,2262546.0,418000000.0,10.939343,,,,2.0566569999999995
ruby,laghos,-p 1 -dim 2 -rs 2 -tf 5.5,1,0.2166,14324000000.0,33896000000.0,10860000000.0,104742000000.0,262000000.0,204000000.0,0.0,0.0,5694009.0,19941754149.0,10463359718.0,105104.0,2266269.0,442000000.0,12.239875999999999,,,,0.7561239999999998
ruby,laghos,-p 1 -dim 2 -rs 2 -tf 5.5,56,0.6833,39909000000.0,62919607142.85714,21622714285.714287,169555000000.0,123642857.14285716,46071428.57142858,16642857.142857146,12035714.285714285,23804.696428571428,366750122.89285713,11298050000.357143,108902.73214285713,2109920.535714286,2360250000.0,15.360567714285715,,,,25.63743228571429
ruby,laghos,-p 1 -dim 2 -rs 2 -tf 5,56,0.6666,37203750000.0,58672107142.85714,20165607142.857143,158094321428.5714,115357142.85714284,42392857.14285714,15535714.285714285,11285714.285714285,25920.517857142866,343334180.23214287,10466525803.910715,108957.75,2109855.035714286,2197750000.0,14.341038946428574,,,,25.65496105357142
ruby,laghos,-p 1 -dim 2 -rs 2 -tf 5.5 -pa,1,0.2166,14324000000.0,33896000000.0,10860000000.0,104742000000.0,262000000.0,204000000.0,0.0,0.0,5693743.0,19941070234.0,10406889017.0,105104.0,2266270.0,444000000.0,12.368848,,,,0.6271519999999988
ruby,laghos,-p 1 -dim 2 -rs 2 -tf 5.5 -pa,56,0.7166,40181607142.85714,63362678571.42857,21758928571.42857,170711285714.2857,123178571.42857143,45285714.28571428,16678571.42857143,12071428.57142857,26268.089285714286,366749157.9107143,11114521994.035713,108902.73214285713,2109920.535714286,2379607142.857143,15.369306928571431,,,,27.62669307142857
ruby,laghos,-p 1 -dim 2 -rs 2 -tf 5 -pa,1,0.2166,13408000000.0,31734000000.0,10168000000.0,98044000000.0,246000000.0,190000000.0,0.0,0.0,5329061.0,18670365360.0,9735260383.0,105104.0,2262546.0,422000000.0,11.467666,,,,1.5283339999999992
ruby,laghos,-p 1 -dim 2 -rs 2 -tf 5 -pa,56,0.7,37436678571.428566,59003071428.57143,20283071428.57143,159039678571.42856,115500000.0,42750000.0,15535714.285714285,11285714.285714285,26261.910714285717,343367348.08928573,10396733215.321428,108901.75,2109854.035714286,2242321428.571429,14.455014839285724,,,,27.544985160714276
ruby,laghos,-p 1 -dim 2 -rs 3 -tf 3,1,0.8833,43946000000.0,146054000000.0,48612000000.0,431178000000.0,1176000000.0,1078000000.0,14000000.0,28000000.0,7003484.0,95302695137.0,49618616516.0,105104.0,2275702.0,2166000000.0,48.12737100000001,,,,4.870628999999987
ruby,laghos,-p 1 -dim 2 -rs 3 -tf 3.1,1,0.9166,45200000000.0,150154000000.0,49982000000.0,443240000000.0,1340000000.0,1108000000.0,16000000.0,28000000.0,7190552.0,97874056462.0,50855595690.0,105104.0,2277718.0,2222000000.0,48.93283100000002,,,,6.063168999999974
ruby,laghos,-p 1 -dim 2 -rs 3 -tf 3.1 -pa,1,0.9166,45210000000.0,150156000000.0,49984000000.0,443242000000.0,1336000000.0,1106000000.0,18000000.0,28000000.0,7189135.0,97875363712.0,50981650755.0,105104.0,2277717.0,2228000000.0,49.10252100000001,,,,5.893478999999985
ruby,laghos,-p 1 -dim 2 -rs 3 -tf 3.2,1,0.9333,46358000000.0,153982000000.0,51258000000.0,454548000000.0,1372000000.0,1138000000.0,16000000.0,26000000.0,7370959.0,100368662570.0,52178312726.0,105105.0,2279486.0,2274000000.0,49.48636800000001,,,,6.511631999999992
ruby,laghos,-p 1 -dim 2 -rs 3 -tf 3.2 -pa,1,0.95,46352000000.0,153984000000.0,51254000000.0,454536000000.0,1370000000.0,1136000000.0,16000000.0,30000000.0,7371388.0,100368237752.0,52152244557.0,105105.0,2279486.0,2264000000.0,50.407621000000006,,,,6.592378999999994
ruby,laghos,-p 1 -dim 2 -rs 3 -tf 3.3,1,0.95,47414000000.0,157480000000.0,52422000000.0,464876000000.0,1400000000.0,1160000000.0,20000000.0,30000000.0,7537365.0,102647786997.0,53352542041.0,105105.0,2281194.0,2366000000.0,51.64895500000002,,,,5.351044999999978
ruby,laghos,-p 1 -dim 2 -rs 3 -tf 3.3 -pa,1,0.9666,47410000000.0,157474000000.0,52422000000.0,464870000000.0,1404000000.0,1162000000.0,20000000.0,30000000.0,7539113.0,102647917365.0,53365829465.0,105104.0,2281194.0,2342000000.0,51.70294200000001,,,,6.293057999999995
ruby,laghos,-p 1 -dim 2 -rs 3 -tf 3.4,1,0.9666,48378000000.0,160712000000.0,53496000000.0,474418000000.0,1432000000.0,1188000000.0,16000000.0,30000000.0,7693300.0,104757248972.0,54602278538.0,105104.0,2282720.0,2390000000.0,52.827784,,,,5.168216000000001
ruby,laghos,-p 1 -dim 2 -rs 3 -tf 3.4 -pa,1,0.9666,48384000000.0,160718000000.0,53498000000.0,474420000000.0,1444000000.0,1188000000.0,18000000.0,30000000.0,7693202.0,104754771257.0,54528813191.0,105104.0,2282718.0,2390000000.0,52.17091800000001,,,,5.825081999999995
ruby,laghos,-p 1 -dim 2 -rs 3 -tf 3.5,1,0.9833,49326000000.0,163804000000.0,54530000000.0,483538000000.0,1322000000.0,1206000000.0,18000000.0,32000000.0,7846156.0,106870928063.0,55559561627.0,105104.0,2284062.0,2518000000.0,54.07935100000001,,,,4.918648999999988
ruby,laghos,-p 1 -dim 2 -rs 3 -tf 3.5,56,1.0,56910642857.14286,91065750000.0,31338785714.285717,246224035714.2857,224642857.1428572,94428571.42857143,32821428.57142857,27357142.85714286,24385.107142857134,1927723150.0,17523080903.696426,108902.73214285713,2110237.714285714,2466035714.285714,23.232551142857147,,,,36.76744885714285
ruby,laghos,-p 1 -dim 2 -rs 3 -tf 3,56,0.9,51268107142.85714,82039500000.0,28200321428.57143,221741464285.7143,201000000.0,84464285.71428572,29250000.0,24142857.14285714,24299.196428571428,1718978158.3214285,15599698824.357143,108901.75,2110088.4285714286,2183928571.428571,20.719855464285725,,,,33.28014453571427
ruby,laghos,-p 1 -dim 2 -rs 3 -tf 3.5 -pa,1,0.9833,49320000000.0,163802000000.0,54528000000.0,483526000000.0,1316000000.0,1210000000.0,20000000.0,32000000.0,7845880.0,106871164545.0,55651301809.0,105104.0,2284062.0,2488000000.0,53.804595000000006,,,,5.193404999999991
ruby,laghos,-p 1 -dim 2 -rs 3 -tf 3.5 -pa,56,0.9666,57412000000.0,91843428571.42856,31584500000.0,248296571428.57144,225142857.1428572,94428571.42857143,32857142.85714286,27321428.57142857,24393.857142857134,1927803751.732143,17611821988.107143,108958.73214285713,2110238.714285714,2480357142.857143,23.299558660714286,,,,34.69644133928571
ruby,laghos,-p 1 -dim 2 -rs 3 -tf 3.6,1,1.0166,50226000000.0,166884000000.0,55548000000.0,492648000000.0,1484000000.0,1234000000.0,16000000.0,28000000.0,7987262.0,108786207246.0,56612861431.0,105104.0,2285587.0,2488000000.0,54.11985700000001,,,,6.876142999999985
ruby,laghos,-p 1 -dim 2 -rs 3 -tf 3.6 -pa,1,1.0166,50224000000.0,166884000000.0,55548000000.0,492642000000.0,1484000000.0,1232000000.0,22000000.0,30000000.0,7988272.0,108784542386.0,56557997346.0,105105.0,2285586.0,2420000000.0,53.40277400000002,,,,7.593225999999973
ruby,laghos,-p 1 -dim 2 -rs 3 -tf 3.7,1,1.0166,51168000000.0,169982000000.0,56576000000.0,501792000000.0,1518000000.0,1258000000.0,20000000.0,30000000.0,8135450.0,110800844569.0,57706634900.0,105105.0,2287050.0,2540000000.0,55.19902,,,,5.796979999999998
ruby,laghos,-p 1 -dim 2 -rs 3 -tf 3.7 -pa,1,1.0333,51178000000.0,169984000000.0,56584000000.0,501800000000.0,1520000000.0,1254000000.0,18000000.0,30000000.0,8134979.0,110801591335.0,57625340572.0,105103.0,2287048.0,2496000000.0,55.629309,,,,6.368691000000005
ruby,laghos,-p 1 -dim 2 -rs 3 -tf 3.8,1,1.0333,52108000000.0,173050000000.0,57606000000.0,510826000000.0,1542000000.0,1276000000.0,18000000.0,30000000.0,8281426.0,112791786161.0,58704608009.0,105105.0,2288514.0,2518000000.0,55.632488,,,,6.3655120000000025
ruby,laghos,-p 1 -dim 2 -rs 3 -tf 3.8 -pa,1,1.0333,52096000000.0,173044000000.0,57604000000.0,510806000000.0,1538000000.0,1282000000.0,20000000.0,40000000.0,8280163.0,112790831884.0,58664317102.0,105104.0,2288515.0,2568000000.0,56.26314300000001,,,,5.734856999999998
ruby,laghos,-p 1 -dim 2 -rs 3 -tf 3.9,1,1.0666,52986000000.0,176060000000.0,58600000000.0,519740000000.0,1576000000.0,1306000000.0,20000000.0,30000000.0,8425715.0,114772489331.0,59663085113.0,105105.0,2289917.0,2594000000.0,57.09977900000001,,,,6.89622099999999
ruby,laghos,-p 1 -dim 2 -rs 3 -tf 3.9 -pa,1,1.0333,52984000000.0,176058000000.0,58602000000.0,519722000000.0,1568000000.0,1306000000.0,22000000.0,34000000.0,8423809.0,114771534519.0,59677377112.0,105103.0,2289916.0,2606000000.0,57.12377600000001,,,,4.874223999999998
ruby,laghos,-p 1 -dim 2 -rs 3 -tf 3 -pa,1,0.8833,43936000000.0,146042000000.0,48608000000.0,431162000000.0,1180000000.0,1078000000.0,18000000.0,30000000.0,6998460.0,95306271654.0,49584732518.0,105104.0,2275702.0,2218000000.0,48.081901,,,,4.9160989999999956
ruby,laghos,-p 1 -dim 2 -rs 3 -tf 3 -pa,56,0.8666,51271071428.571434,82012035714.28572,28201107142.857143,221720392857.14285,201000000.0,84607142.85714285,29285714.28571429,24250000.0,24006.42857142857,1718961238.0892856,15594215439.982143,108901.75,2110088.4285714286,2178750000.0,20.704159017857155,,,,31.291840982142848
ruby,laghos,-p 1 -dim 2 -rs 3 -tf 4,1,1.1166,55026000000.0,182760000000.0,60840000000.0,539442000000.0,1468000000.0,1346000000.0,20000000.0,34000000.0,8738068.0,119066924013.0,61959228187.0,105104.0,2293099.0,2826000000.0,59.55181700000001,,,,7.444183000000002
ruby,laghos,-p 1 -dim 2 -rs 3 -tf 4.1,1,1.1666,57992000000.0,192714000000.0,64148000000.0,568864000000.0,1718000000.0,1424000000.0,26000000.0,38000000.0,9217837.0,125624398228.0,65303332220.0,105105.0,2297816.0,2860000000.0,62.55721800000003,,,,7.438781999999982
ruby,laghos,-p 1 -dim 2 -rs 3 -tf 4.1 -pa,1,1.15,57956000000.0,192692000000.0,64134000000.0,568838000000.0,1712000000.0,1422000000.0,24000000.0,36000000.0,9218376.0,125624860166.0,65340194060.0,105105.0,2297816.0,2880000000.0,63.33629400000003,,,,5.663705999999969
ruby,laghos,-p 1 -dim 2 -rs 3 -tf 4.2,1,1.2166,61438000000.0,204168000000.0,67962000000.0,602678000000.0,1816000000.0,1512000000.0,22000000.0,38000000.0,9765276.0,133089050761.0,69241571831.0,105104.0,2303264.0,2980000000.0,66.66370500000002,,,,6.332294999999974
ruby,laghos,-p 1 -dim 2 -rs 3 -tf 4.2 -pa,1,1.2333,61440000000.0,204170000000.0,67970000000.0,602688000000.0,1822000000.0,1514000000.0,26000000.0,44000000.0,9774957.0,133094643870.0,69233062229.0,105104.0,2303263.0,3010000000.0,65.49213700000004,,,,8.505862999999962
ruby,laghos,-p 1 -dim 2 -rs 3 -tf 4.3,1,1.3,65460000000.0,217444000000.0,72390000000.0,641848000000.0,1936000000.0,1606000000.0,20000000.0,42000000.0,10401205.0,141738275648.0,73808882630.0,105105.0,2309486.0,3230000000.0,71.03948700000002,,,,6.9605129999999775
ruby,laghos,-p 1 -dim 2 -rs 3 -tf 4.3 -pa,1,1.3166,65442000000.0,217432000000.0,72382000000.0,641840000000.0,1934000000.0,1614000000.0,18000000.0,42000000.0,10400296.0,141733883020.0,73700252959.0,105104.0,2309487.0,3204000000.0,70.36900100000003,,,,8.62699899999997
ruby,laghos,-p 1 -dim 2 -rs 3 -tf 4.4,1,1.3833,69228000000.0,230096000000.0,76592000000.0,679252000000.0,2052000000.0,1700000000.0,30000000.0,44000000.0,11008313.0,150003006551.0,78030453837.0,105105.0,2315464.0,3408000000.0,74.85569600000007,,,,8.142303999999939
ruby,laghos,-p 1 -dim 2 -rs 3 -tf 4.4 -pa,1,1.3666,69256000000.0,230110000000.0,76604000000.0,679274000000.0,2068000000.0,1702000000.0,26000000.0,42000000.0,11010488.0,149999944930.0,77982496050.0,105104.0,2315464.0,3396000000.0,74.47073000000003,,,,7.525269999999978
ruby,laghos,-p 1 -dim 2 -rs 3 -tf 4.5,1,1.45,72284000000.0,240142000000.0,79944000000.0,708874000000.0,1944000000.0,1770000000.0,28000000.0,48000000.0,11490692.0,156647823053.0,81437244503.0,105104.0,2320162.0,3596000000.0,79.52763700000007,,,,7.47236299999993
ruby,laghos,-p 1 -dim 2 -rs 3 -tf 4.5,56,1.4,84159464285.71428,134663428571.42854,46286607142.85714,364002107142.8571,328892857.14285713,138571428.57142857,48535714.28571428,40285714.28571428,24557.821428571428,2822220816.767857,25598096154.482143,108901.75,2110872.535714286,3550071428.571429,33.91135630357143,,,,50.08864369642857
ruby,laghos,-p 1 -dim 2 -rs 3 -tf 4,56,1.0833,64030071428.57143,102463464285.71428,35221928571.428566,276952785714.2857,251857142.85714287,105392857.14285716,36678571.42857143,30571428.57142857,24432.821428571428,2151204940.910714,19499350986.55357,108901.76785714287,2110395.8035714286,2716071428.571429,26.140751732142874,,,,38.857248267857116
ruby,laghos,-p 1 -dim 2 -rs 3 -tf 4.5 -pa,1,1.4333,72252000000.0,240118000000.0,79930000000.0,708840000000.0,1946000000.0,1770000000.0,28000000.0,44000000.0,11490923.0,156643877762.0,81460981154.0,105104.0,2320161.0,3696000000.0,79.08335200000003,,,,6.914647999999971
ruby,laghos,-p 1 -dim 2 -rs 3 -tf 4.5 -pa,56,1.3833,84488000000.0,135076000000.0,46478321428.571434,365323928571.4286,328428571.4285714,139214285.7142857,48500000.0,40142857.14285714,24172.857142857134,2822127064.410714,25558495754.80357,108901.75,2110872.535714286,3572678571.428571,34.086201107142855,,,,48.91179889285715
ruby,laghos,-p 1 -dim 2 -rs 3 -tf 4.6,1,1.4666,74336000000.0,247052000000.0,82238000000.0,729318000000.0,2202000000.0,1824000000.0,28000000.0,52000000.0,11817131.0,161063201985.0,83818480877.0,105104.0,2323517.0,3674000000.0,80.44284100000003,,,,7.553158999999965
ruby,laghos,-p 1 -dim 2 -rs 3 -tf 4.6 -pa,1,1.45,74376000000.0,247084000000.0,82256000000.0,729364000000.0,2194000000.0,1832000000.0,24000000.0,40000000.0,11815322.0,161060937321.0,83814704457.0,105105.0,2323516.0,3668000000.0,81.01287600000006,,,,5.9871239999999375
ruby,laghos,-p 1 -dim 2 -rs 3 -tf 4.7,1,1.5166,75828000000.0,252080000000.0,83906000000.0,744182000000.0,2248000000.0,1862000000.0,30000000.0,48000000.0,12056000.0,164354087986.0,85579259876.0,105103.0,2325909.0,3750000000.0,82.25270700000007,,,,8.743292999999923
ruby,laghos,-p 1 -dim 2 -rs 3 -tf 4.7 -pa,1,1.5,75896000000.0,252134000000.0,83940000000.0,744260000000.0,2244000000.0,1862000000.0,34000000.0,46000000.0,12059606.0,164349597115.0,85550615489.0,105104.0,2325910.0,3796000000.0,82.81850400000006,,,,7.181495999999939
ruby,laghos,-p 1 -dim 2 -rs 3 -tf 4.8,1,1.5666,78158000000.0,259616000000.0,86434000000.0,766330000000.0,2310000000.0,1920000000.0,28000000.0,46000000.0,12411861.0,169226094514.0,88133783097.0,105105.0,2329406.0,3848000000.0,84.19056100000007,,,,9.805438999999922
ruby,laghos,-p 1 -dim 2 -rs 3 -tf 4.8 -pa,1,1.5333,78122000000.0,259594000000.0,86420000000.0,766288000000.0,2324000000.0,1916000000.0,30000000.0,52000000.0,12410444.0,169221545445.0,88103765464.0,105104.0,2329407.0,3760000000.0,82.86155100000005,,,,9.136448999999956
ruby,laghos,-p 1 -dim 2 -rs 3 -tf 4.9,1,1.6,80734000000.0,268280000000.0,89310000000.0,791984000000.0,2396000000.0,1984000000.0,26000000.0,44000000.0,12829551.0,174893410356.0,90972648033.0,105105.0,2333493.0,3968000000.0,87.5841360000001,,,,8.4158639999999
ruby,laghos,-p 1 -dim 2 -rs 3 -tf 4.9 -pa,1,1.65,80760000000.0,268302000000.0,89318000000.0,792020000000.0,2396000000.0,1982000000.0,36000000.0,54000000.0,12830157.0,174894282714.0,90903510813.0,105104.0,2333493.0,3946000000.0,87.41530000000006,,,,11.584699999999941
ruby,laghos,-p 1 -dim 2 -rs 3 -tf 4 -pa,1,1.1,54976000000.0,182724000000.0,60820000000.0,539384000000.0,1474000000.0,1346000000.0,22000000.0,34000000.0,8738390.0,119066366339.0,61992888106.0,105105.0,2293098.0,2760000000.0,60.07654000000001,,,,5.9234599999999915
ruby,laghos,-p 1 -dim 2 -rs 3 -tf 4 -pa,56,1.05,63745142857.14286,101984000000.0,35088571428.571434,275751928571.4286,250178571.42857143,107107142.85714284,36428571.42857143,30607142.85714286,24135.607142857134,2151237971.910714,19335918506.303574,108957.75,2110398.9821428573,2720142857.142857,26.126660410714287,,,,36.87333958928571
ruby,laghos,-p 1 -dim 2 -rs 3 -tf 5,1,1.65,83378000000.0,277104000000.0,92236000000.0,818108000000.0,2244000000.0,2046000000.0,30000000.0,50000000.0,13262163.0,180772105790.0,93974343287.0,105104.0,2337457.0,4208000000.0,91.67781200000006,,,,7.32218799999994
ruby,laghos,-p 1 -dim 2 -rs 3 -tf 5.5,1,1.8666,93446000000.0,310516000000.0,103360000000.0,916752000000.0,2494000000.0,2292000000.0,34000000.0,56000000.0,14848316.0,202574185837.0,105425843476.0,105105.0,2353136.0,4728000000.0,106.34387500000008,,,,5.652124999999927
ruby,laghos,-p 1 -dim 2 -rs 3 -tf 5.5,56,1.7666,109423178571.42856,175016714285.7143,60156250000.0,473126928571.4286,420321428.5714286,180464285.7142857,62571428.57142858,51964285.71428572,24268.0,3645696228.571429,33195353401.125,108901.76785714287,2111466.8035714286,4491607142.857142,44.441096035714295,,,,61.5549039642857
ruby,laghos,-p 1 -dim 2 -rs 3 -tf 5,56,1.6,97909464285.71428,156564821428.57144,53807678571.428566,423272964285.7143,377392857.14285713,158928571.42857143,55928571.42857143,46571428.57142858,23927.625,3257388145.5,29562903336.125,108902.73214285713,2111182.4821428573,4114107142.857143,40.096392678571426,,,,55.903607321428574
ruby,laghos,-p 1 -dim 2 -rs 3 -tf 5.5 -pa,1,1.85,93462000000.0,310530000000.0,103374000000.0,916782000000.0,2502000000.0,2296000000.0,36000000.0,56000000.0,14848318.0,202574538271.0,105306574645.0,105104.0,2353136.0,4778000000.0,100.68797900000007,,,,10.31202099999993
ruby,laghos,-p 1 -dim 2 -rs 3 -tf 5.5 -pa,56,1.7833,110217500000.0,176301714285.7143,60529678571.42857,476415500000.0,426571428.5714286,180678571.42857143,62821428.57142858,52428571.42857143,23930.285714285717,3651049707.214286,33418831342.392857,108958.73214285713,2111463.464285714,4561857142.857142,43.78555212500002,,,,63.21244787499999
ruby,laghos,-p 1 -dim 2 -rs 3 -tf 5 -pa,1,1.6833,83426000000.0,277144000000.0,92260000000.0,818152000000.0,2238000000.0,2048000000.0,20000000.0,50000000.0,13262873.0,180774600684.0,93965061815.0,105104.0,2337457.0,4140000000.0,92.00516200000007,,,,8.992837999999935
ruby,laghos,-p 1 -dim 2 -rs 3 -tf 5 -pa,56,1.6666,96234785714.28572,153982464285.7143,52990571428.571434,416353607142.8571,371571428.5714286,159000000.0,55392857.14285714,46178571.42857143,24143.17857142857,3257349110.696429,29629504914.375,108846.73214285713,2111181.4821428573,4121357142.857143,39.11134644642857,,,,60.88465355357144
ruby,laghos,-p 1 -dim 3 -rs 1 -tf 3,1,0.55,18720000000.0,77366000000.0,27042000000.0,220658000000.0,672000000.0,502000000.0,14000000.0,10000000.0,30893165.0,77798859731.0,25750544940.0,105104.0,2224469.0,1712000000.0,29.431342999999995,,,,3.5686570000000053
ruby,laghos,-p 1 -dim 3 -rs 1 -tf 3.5,1,0.6833,23424000000.0,96700000000.0,33796000000.0,275976000000.0,844000000.0,628000000.0,18000000.0,14000000.0,37522067.0,97272561689.0,32182235696.0,105104.0,2228799.0,2254000000.0,37.167709,,,,3.8302910000000026
ruby,laghos,-p 1 -dim 3 -rs 1 -tf 3.5,56,0.6666,35490678571.428566,55088821428.571434,19756178571.42857,152146214285.7143,186464285.7142857,92928571.42857143,23678571.42857143,15357142.857142854,622697.4107142857,1749263486.5714285,11480525295.410713,108901.75,2109252.9464285714,2192928571.428571,19.779851571428573,,,,20.216148428571422
ruby,laghos,-p 1 -dim 3 -rs 1 -tf 3,56,0.5666,28630821428.57143,44450071428.571434,15916750000.0,122693071428.57146,149250000.0,74285714.28571428,18857142.85714286,12107142.857142854,517195.4464285714,1399100514.1964285,9220658589.910713,108958.73214285713,2109176.660714286,1725464285.7142856,16.098347696428572,,,,17.89765230357143
ruby,laghos,-p 1 -dim 3 -rs 1 -tf 3.5 -pa,1,0.7166,23434000000.0,96706000000.0,33800000000.0,275992000000.0,842000000.0,630000000.0,20000000.0,14000000.0,37511430.0,97268708641.0,32204816500.0,105104.0,2228797.0,2336000000.0,37.86474199999999,,,,5.13125800000001
ruby,laghos,-p 1 -dim 3 -rs 1 -tf 3.5 -pa,56,0.6666,35627142857.14286,55320392857.14286,19818321428.57143,152708321428.57144,186214285.7142857,92642857.14285716,23750000.0,15250000.0,622880.3214285715,1749280837.8392856,11460628719.714285,108901.76785714287,2109252.9464285714,2141178571.4285715,19.68985626785713,,,,20.306143732142864
ruby,laghos,-p 1 -dim 3 -rs 1 -tf 3 -pa,1,0.55,18720000000.0,77366000000.0,27040000000.0,220672000000.0,674000000.0,504000000.0,16000000.0,10000000.0,30885813.0,77791779538.0,25745009552.0,105104.0,2224469.0,1834000000.0,29.840148,,,,3.1598520000000008
ruby,laghos,-p 1 -dim 3 -rs 1 -tf 3 -pa,56,0.6166,28384178571.42857,44071750000.0,15795714285.714285,121674928571.42854,149214285.7142857,74392857.14285715,18785714.285714287,12000000.0,518308.4107142858,1399096897.5714285,9176737644.857143,108846.73214285713,2109174.660714286,1739428571.4285715,16.127466571428574,,,,20.86853342857143
ruby,laghos,-p 1 -dim 3 -rs 1 -tf 4,1,0.8333,28908000000.0,119378000000.0,41704000000.0,340638000000.0,1038000000.0,776000000.0,22000000.0,16000000.0,45815995.0,120073739371.0,39643887017.0,105104.0,2233981.0,2848000000.0,46.28100799999999,,,,3.716992000000012
ruby,laghos,-p 1 -dim 3 -rs 1 -tf 4.5,1,0.9666,33668000000.0,139030000000.0,48566000000.0,396490000000.0,1212000000.0,904000000.0,28000000.0,20000000.0,52841983.0,139775617783.0,45996438218.0,105104.0,2238376.0,3304000000.0,53.983153,,,,4.012847000000001
ruby,laghos,-p 1 -dim 3 -rs 1 -tf 4.5,56,0.8833,51300107142.85714,79624642857.14285,28540500000.0,219867035714.2857,267964285.7142857,133571428.57142857,34535714.28571428,22392857.14285714,865463.9642857143,2513735256.196429,16531706550.160715,108957.75,2109424.964285714,3126678571.428571,28.566513017857147,,,,24.43148698214285
ruby,laghos,-p 1 -dim 3 -rs 1 -tf 4,56,0.7833,44113357142.85714,68456535714.28571,24536250000.0,189049785714.2857,229392857.1428572,115000000.0,29642857.14285714,19107142.85714286,754813.2321428572,2159174592.517857,13987065218.25,108957.75,2109346.5,2690250000.0,25.162909249999995,,,,21.835090750000003
ruby,laghos,-p 1 -dim 3 -rs 1 -tf 4.5 -pa,1,0.9666,33664000000.0,139016000000.0,48562000000.0,396496000000.0,1212000000.0,904000000.0,26000000.0,20000000.0,52846566.0,139774886170.0,46014530258.0,105104.0,2238374.0,3294000000.0,54.46002799999998,,,,3.5359720000000223
ruby,laghos,-p 1 -dim 3 -rs 1 -tf 4.5 -pa,56,0.9,51325392857.14285,79757964285.71428,28542821428.57143,220016964285.7143,268571428.5714286,134535714.2857143,34500000.0,22357142.85714286,865889.9464285716,2513680295.125,16522735898.642857,108902.73214285713,2109423.9821428573,3122678571.428571,28.468835321428585,,,,25.531164678571415
ruby,laghos,-p 1 -dim 3 -rs 1 -tf 4 -pa,1,0.8333,28918000000.0,119390000000.0,41716000000.0,340646000000.0,1042000000.0,778000000.0,24000000.0,18000000.0,45822705.0,120071357765.0,39629497166.0,105104.0,2233981.0,2810000000.0,46.40776699999999,,,,3.590233000000012
ruby,laghos,-p 1 -dim 3 -rs 1 -tf 4 -pa,56,0.7833,43958321428.571434,68191000000.0,24458285714.285717,188376357142.85715,230071428.57142857,114500000.0,29571428.57142857,19071428.57142857,753611.1071428572,2159238027.732143,14110041559.285713,108901.75,2109345.5,2689571428.571429,24.287122142857147,,,,22.71087785714285
ruby,laghos,-p 1 -dim 3 -rs 1 -tf 5,1,1.1,37624000000.0,155472000000.0,54304000000.0,443246000000.0,1350000000.0,1014000000.0,30000000.0,22000000.0,57820257.0,156267250140.0,51366048170.0,105104.0,2242216.0,3704000000.0,60.085882,,,,5.914118000000002
ruby,laghos,-p 1 -dim 3 -rs 1 -tf 5.5,1,1.1666,40964000000.0,169372000000.0,59164000000.0,482752000000.0,1472000000.0,1104000000.0,32000000.0,26000000.0,61888290.0,170223339548.0,55923763028.0,105105.0,2245512.0,4000000000.0,65.41893799999998,,,,4.577062000000026
ruby,laghos,-p 1 -dim 3 -rs 1 -tf 5.5,56,1.1,62739928571.42857,97246500000.0,34884714285.71429,268746821428.57144,324714285.71428573,163000000.0,42321428.571428575,27464285.71428572,1004801.6785714284,3061358777.232143,20138312465.589287,108957.75,2109552.410714286,3811571428.571429,34.58585464285714,,,,31.414145357142857
ruby,laghos,-p 1 -dim 3 -rs 1 -tf 5,56,0.9666,57041964285.71429,88565964285.71428,31762892857.142857,244567250000.0,299857142.85714287,150428571.42857143,38892857.14285714,25107142.85714286,942867.6428571428,2810298249.660714,18483927786.482143,108901.75,2109492.5535714286,3496785714.285714,31.99659032142857,,,,25.999409678571432
ruby,laghos,-p 1 -dim 3 -rs 1 -tf 5.5 -pa,1,1.1666,40958000000.0,169358000000.0,59162000000.0,482740000000.0,1478000000.0,1108000000.0,34000000.0,24000000.0,61886044.0,170221108544.0,55985694975.0,105104.0,2245513.0,4092000000.0,65.80893199999998,,,,4.187068000000025
ruby,laghos,-p 1 -dim 3 -rs 1 -tf 5.5 -pa,56,1.05,62682392857.14286,97317000000.0,34848178571.428566,268611500000.0,327321428.5714286,164214285.7142857,42285714.28571428,27428571.42857143,1005039.9285714284,3061525697.714286,20026508742.125,108901.75,2109551.410714286,3763107142.857143,34.49511771428572,,,,28.50488228571428
ruby,laghos,-p 1 -dim 3 -rs 1 -tf 5 -pa,1,1.0833,37640000000.0,155482000000.0,54308000000.0,443264000000.0,1356000000.0,1016000000.0,32000000.0,24000000.0,57821633.0,156268948027.0,51338682554.0,105104.0,2242217.0,3954000000.0,60.351094999999994,,,,4.646904999999997
ruby,laghos,-p 1 -dim 3 -rs 1 -tf 5 -pa,56,0.9666,57217785714.28571,88825571428.57143,31841857142.857143,245259535714.2857,300500000.0,150000000.0,38857142.85714286,25178571.42857143,943640.1785714284,2810543722.821429,18482636659.857143,108901.75,2109492.5535714286,3502750000.0,32.59464741071429,,,,25.401352589285715
ruby,laghos,-p 1 -dim 3 -rs 2 -tf 3,1,10.7833,322798000000.0,1584794000000.0,553512000000.0,4431702000000.0,22588000000.0,11134000000.0,636000000.0,592000000.0,610056523.0,1655159571402.0,531700433755.0,105104.0,2250491.0,39346000000.0,595.0276649999997,,,,51.97033500000032
ruby,laghos,-p 1 -dim 3 -rs 2 -tf 3.5,1,13.25,431046000000.0,2117498000000.0,739212000000.0,5917090000000.0,30334000000.0,14894000000.0,720000000.0,504000000.0,785532147.0,2210571170999.0,707229317404.0,105104.0,2265126.0,52410000000.0,796.2699750000003,,,,-1.2699750000002723
ruby,laghos,-p 1 -dim 3 -rs 2 -tf 3.5,56,2.4333,135067607142.85715,229731928571.42856,84075571428.57143,645317107142.8572,1295750000.0,825714285.7142857,141178571.42857143,111642857.14285716,13084674.19642857,39608428533.78571,50955822158.66071,108958.73214285713,2109899.464285714,7916107142.857142,91.3153552142857,,,,54.68264478571429
ruby,laghos,-p 1 -dim 3 -rs 2 -tf 3,56,1.8166,99726107142.85716,169847071428.57144,62275035714.28571,477434607142.8571,968500000.0,617642857.1428572,105000000.0,83250000.0,10184840.5,29656117678.392857,38362451356.875,108901.75,2109637.1071428573,5873750000.0,67.72138403571428,,,,41.274615964285715
ruby,laghos,-p 1 -dim 3 -rs 2 -tf 3.5 -pa,1,13.3333,430952000000.0,2117412000000.0,739168000000.0,5916966000000.0,30232000000.0,14880000000.0,808000000.0,754000000.0,786282460.0,2210570137368.0,707330267327.0,105104.0,2265126.0,52480000000.0,795.2175340000003,,,,4.780465999999592
ruby,laghos,-p 1 -dim 3 -rs 2 -tf 3.5 -pa,56,2.3833,133764928571.42854,227990607142.85715,83449500000.0,640208285714.2858,1295571428.5714285,827321428.5714285,141214285.7142857,111714285.71428572,13084705.017857146,39609247490.0,51449618968.51786,108958.73214285713,2109899.464285714,7869714285.714286,90.75513646428568,,,,52.242863535714335
ruby,laghos,-p 1 -dim 3 -rs 2 -tf 3 -pa,1,10.8166,322624000000.0,1584658000000.0,553432000000.0,4431496000000.0,22562000000.0,11138000000.0,590000000.0,440000000.0,609509724.0,1655156310019.0,531770750933.0,105104.0,2250491.0,39266000000.0,600.5728740000002,,,,48.4231259999998
ruby,laghos,-p 1 -dim 3 -rs 2 -tf 3 -pa,56,1.85,100953214285.71428,171655285714.2857,62830964285.71429,482325857142.8571,968000000.0,616750000.0,104857142.85714284,83178571.42857143,10184890.035714284,29656465480.482143,38486291138.21428,108901.75,2109637.1071428573,5903285714.285714,68.38074266071429,,,,42.61925733928571
ruby,laghos,-p 1 -dim 3 -rs 2 -tf 4,1,17.85,537058000000.0,2639596000000.0,921268000000.0,7371444000000.0,37642000000.0,18586000000.0,966000000.0,618000000.0,914495565.0,2753849904033.0,878324050481.0,105104.0,2279520.0,64660000000.0,990.4164600000006,,,,80.5835399999994
ruby,laghos,-p 1 -dim 3 -rs 2 -tf 4.5,1,19.2666,580896000000.0,2854958000000.0,996300000000.0,7970236000000.0,40778000000.0,20076000000.0,1114000000.0,938000000.0,961609827.0,2978093437706.0,947520559869.0,105104.0,2285379.0,71098000000.0,1069.9102310000007,,,,86.08576899999935
ruby,laghos,-p 1 -dim 3 -rs 2 -tf 4.5,56,3.2,180570357142.85715,307799357142.8571,112655571428.57146,864043892857.1428,1747821428.5714285,1117607142.857143,191142857.1428572,151000000.0,15979179.232142854,53361114115.821434,68726201577.85715,108901.76785714287,2110260.125,10809000000.0,122.58930580357142,,,,69.41069419642858
ruby,laghos,-p 1 -dim 3 -rs 2 -tf 4,56,3.0166,168996000000.0,287396500000.0,105106214285.71428,806946214285.7142,1617071428.5714285,1030428571.4285717,176321428.57142857,139714285.7142857,15232738.75,49345317644.01786,63014639786.625,108958.73214285713,2110156.5178571427,9916750000.0,113.43953264285707,,,,67.55646735714294
ruby,laghos,-p 1 -dim 3 -rs 2 -tf 4.5 -pa,1,19.3166,580674000000.0,2854798000000.0,996198000000.0,7969986000000.0,40854000000.0,20118000000.0,1000000000.0,698000000.0,961308295.0,2978093949599.0,948152256344.0,105104.0,2285379.0,70558000000.0,1072.876613000001,,,,86.11938699999905
ruby,laghos,-p 1 -dim 3 -rs 2 -tf 4.5 -pa,56,3.2666,183235535714.2857,311643678571.4286,113916000000.0,874756821428.5714,1745678571.4285715,1115178571.4285717,190857142.85714287,151178571.42857143,15978985.19642857,53362537002.35714,68726743210.75,108901.76785714287,2110260.125,10681964285.714285,121.80154073214285,,,,74.19445926785716
ruby,laghos,-p 1 -dim 3 -rs 2 -tf 4 -pa,1,17.8666,537158000000.0,2639720000000.0,921316000000.0,7371614000000.0,37690000000.0,18608000000.0,890000000.0,716000000.0,916677196.0,2753849169896.0,878208304162.0,105104.0,2279520.0,65608000000.0,993.8368420000003,,,,78.1591579999996
ruby,laghos,-p 1 -dim 3 -rs 2 -tf 4 -pa,56,3.0333,167858928571.42856,285661285714.2857,104612607142.85716,802424821428.5714,1618035714.2857144,1032178571.4285717,176142857.14285713,139821428.57142857,15234463.107142854,49353724993.98214,64190376489.30357,108901.75,2110155.5,9917821428.571428,113.4146700714285,,,,68.58332992857152
ruby,laghos,-p 1 -dim 3 -rs 2 -tf 5,1,21.0833,635372000000.0,3126554000000.0,1090924000000.0,8726908000000.0,44566000000.0,21982000000.0,1272000000.0,1058000000.0,1006544981.0,3261208697694.0,1037107430153.0,105104.0,2293033.0,77458000000.0,1177.7041110000016,,,,87.29388899999844
ruby,laghos,-p 1 -dim 3 -rs 2 -tf 5.5,1,24.6333,740992000000.0,3646660000000.0,1272906000000.0,10175620000000.0,52252000000.0,25806000000.0,1334000000.0,1088000000.0,1110044697.0,3802596241053.0,1209966231194.0,105105.0,2308101.0,90650000000.0,1366.8708540000005,,,,111.12714599999936
ruby,laghos,-p 1 -dim 3 -rs 2 -tf 5.5,56,4.0666,228911750000.0,390026107142.8571,143087000000.0,1096143892857.1428,2228892857.142857,1421857142.857143,243464285.7142857,193035714.2857143,18504182.14285714,68136173804.875,87263450071.23215,108901.76785714287,2110665.875,13862571428.571428,157.14124837500006,,,,86.85475162499995
ruby,laghos,-p 1 -dim 3 -rs 2 -tf 5,56,3.4666,198230214285.7143,337756178571.4286,123613785714.28572,948236357142.8572,1919321428.5714285,1224714285.7142856,208714285.7142857,165821428.57142857,16743185.267857146,58434861811.21429,75883125375.89285,108901.75,2110396.785714286,11853392857.142857,134.44942867857142,,,,73.54657132142859
ruby,laghos,-p 1 -dim 3 -rs 2 -tf 5.5 -pa,1,24.7333,740950000000.0,3646676000000.0,1272886000000.0,10175624000000.0,51936000000.0,25786000000.0,1294000000.0,1088000000.0,1109852932.0,3802597702952.0,1210029995387.0,105105.0,2308101.0,90312000000.0,1365.7899970000008,,,,118.20800299999928
ruby,laghos,-p 1 -dim 3 -rs 2 -tf 5.5 -pa,56,4.0333,230083285714.2857,391910392857.1429,143587500000.0,1100906000000.0,2232321428.571429,1425928571.4285715,243714285.7142857,192928571.42857143,18502698.625,68125608603.46429,87388482270.17856,108845.75,2110664.875,14144821428.571428,158.74731619642856,,,,83.25068380357143
ruby,laghos,-p 1 -dim 3 -rs 2 -tf 5 -pa,1,21.1666,635944000000.0,3126974000000.0,1091184000000.0,8727510000000.0,44676000000.0,22056000000.0,1200000000.0,1084000000.0,1005030067.0,3261208728926.0,1037882029284.0,105104.0,2293033.0,77230000000.0,1175.0912890000009,,,,94.904710999999
ruby,laghos,-p 1 -dim 3 -rs 2 -tf 5 -pa,56,3.6,200232500000.0,340541964285.7143,124549928571.42854,956093250000.0,1911285714.2857144,1223678571.4285715,208642857.1428572,165821428.57142857,16742948.94642857,58435278377.46429,75851965434.76785,108902.73214285713,2110396.8035714286,11789642857.142857,133.6387502142857,,,,82.3612497857143
ruby,laghos,-p 2 -dim 2 -rs 2 -tf 3,1,0.1333,8376000000.0,20126000000.0,6476000000.0,61866000000.0,168000000.0,118000000.0,0.0,0.0,3312397.0,11845955886.0,6090512454.0,105104.0,2245789.0,278000000.0,6.8775280000000025,,,,1.1204719999999977
ruby,laghos,-p 2 -dim 2 -rs 2 -tf 3.5,1,0.15,9576000000.0,23010000000.0,7404000000.0,70726000000.0,194000000.0,134000000.0,0.0,0.0,3785940.0,13546642461.0,6952957182.0,105104.0,2251343.0,308000000.0,8.551961999999998,,,,0.44803800000000216
ruby,laghos,-p 2 -dim 2 -rs 2 -tf 3.5,56,0.5,26574928571.42857,41941285714.28571,14365678571.428572,112899821428.57146,81500000.0,30071428.57142857,10357142.857142856,7500000.0,25367.375,248593650.80357143,7369847945.160714,108901.76785714287,2109653.9464285714,1497000000.0,10.16739173214286,,,,19.83260826785714
ruby,laghos,-p 2 -dim 2 -rs 2 -tf 3,56,0.4666,23260642857.142857,36720178571.428566,12573821428.571428,98829035714.28572,70750000.0,25785714.28571429,8821428.57142857,6357142.857142857,26396.92857142857,217440842.0892857,6514652471.607142,108957.75,2109555.785714286,1373500000.0,9.26883153571429,,,,18.72716846428571
ruby,laghos,-p 2 -dim 2 -rs 2 -tf 3.5 -pa,1,0.15,9584000000.0,23014000000.0,7404000000.0,70732000000.0,192000000.0,136000000.0,0.0,0.0,3786612.0,13546343522.0,6955977902.0,105103.0,2251340.0,306000000.0,8.433639,,,,0.5663610000000006
ruby,laghos,-p 2 -dim 2 -rs 2 -tf 3.5 -pa,56,0.5166,26406607142.857143,41665821428.571434,14294428571.428572,112231714285.71428,81107142.85714285,30000000.0,10357142.857142856,7571428.571428573,24660.017857142866,248628809.94642857,7367410211.410714,108957.75,2109654.9464285714,1558321428.5714285,10.982097375000004,,,,20.013902624999993
ruby,laghos,-p 2 -dim 2 -rs 2 -tf 3 -pa,1,0.1333,8380000000.0,20130000000.0,6478000000.0,61866000000.0,170000000.0,118000000.0,0.0,0.0,3311133.0,11848903621.0,6117620276.0,105104.0,2245789.0,268000000.0,6.747109000000003,,,,1.2508909999999975
ruby,laghos,-p 2 -dim 2 -rs 2 -tf 3 -pa,56,0.4666,23213321428.57143,36638178571.428566,12554000000.0,98638964285.71428,70892857.14285715,25928571.42857143,8857142.857142856,6392857.142857143,23205.946428571428,217446204.32142857,6465579597.946428,108957.75,2109555.785714286,1409500000.0,9.101718196428576,,,,18.894281803571424
ruby,laghos,-p 2 -dim 2 -rs 2 -tf 4,1,0.1666,10234000000.0,24576000000.0,7910000000.0,75540000000.0,208000000.0,144000000.0,0.0,0.0,4042501.0,14463178268.0,7438615524.0,105104.0,2254409.0,328000000.0,8.703341000000002,,,,1.2926589999999987
ruby,laghos,-p 2 -dim 2 -rs 2 -tf 4.5,1,0.1833,11174000000.0,26838000000.0,8640000000.0,82502000000.0,224000000.0,158000000.0,0.0,0.0,4415017.0,15799785862.0,8114649125.0,105103.0,2258854.0,372000000.0,9.108228000000002,,,,1.8897719999999971
ruby,laghos,-p 2 -dim 2 -rs 2 -tf 4.5,56,0.5833,31083142857.142857,49057678571.428566,16794964285.714285,132037392857.14287,95357142.85714284,35214285.71428572,12357142.857142854,8678571.42857143,25222.089285714286,290021375.98214287,8567800465.964286,108901.75,2109788.160714286,1774214285.7142856,12.144946410714288,,,,22.853053589285715
ruby,laghos,-p 2 -dim 2 -rs 2 -tf 4,56,0.5333,28224535714.285717,44536285714.28571,15274357142.857143,119952250000.0,86714285.71428572,31464285.71428572,11142857.142857144,8107142.857142857,24097.821428571428,265513628.8392857,7959247187.517858,108957.76785714287,2109709.714285714,1608321428.5714285,11.186978232142858,,,,20.81102176785714
ruby,laghos,-p 2 -dim 2 -rs 2 -tf 4.5 -pa,1,0.2,11176000000.0,26842000000.0,8640000000.0,82504000000.0,226000000.0,158000000.0,0.0,0.0,4414890.0,15800522703.0,8114529204.0,105103.0,2258854.0,358000000.0,9.462583,,,,2.5374169999999996
ruby,laghos,-p 2 -dim 2 -rs 2 -tf 4.5 -pa,56,0.5666,30955428571.42857,48847785714.28571,16733821428.571428,131502857142.85715,94928571.42857143,35214285.71428572,12321428.57142857,8642857.142857144,24979.071428571428,289987888.5,8623871765.964285,108957.76785714287,2109789.160714286,1782714285.7142856,11.888226464285712,,,,22.10777353571429
ruby,laghos,-p 2 -dim 2 -rs 2 -tf 4 -pa,1,0.1666,10232000000.0,24576000000.0,7908000000.0,75536000000.0,206000000.0,146000000.0,0.0,0.0,4041026.0,14462993303.0,7427186357.0,105104.0,2254409.0,328000000.0,8.483432,,,,1.512568
ruby,laghos,-p 2 -dim 2 -rs 2 -tf 4 -pa,56,0.55,28080428571.42857,44321535714.28571,15201214285.714285,119366500000.0,86964285.71428572,32321428.57142857,11214285.714285716,8178571.428571427,25880.75,265506919.375,8005700798.946429,108845.75,2109707.714285714,1675535714.2857144,11.179370232142864,,,,21.820629767857135
ruby,laghos,-p 2 -dim 2 -rs 2 -tf 5,1,0.2166,12574000000.0,30200000000.0,9720000000.0,92812000000.0,254000000.0,178000000.0,0.0,0.0,4966049.0,17775729006.0,9146253809.0,105104.0,2265381.0,412000000.0,10.732366,,,,2.263633999999998
ruby,laghos,-p 2 -dim 2 -rs 2 -tf 5.5,1,0.2166,13592000000.0,32652000000.0,10510000000.0,100332000000.0,276000000.0,192000000.0,0.0,0.0,5367572.0,19217477548.0,9874373731.0,105104.0,2270142.0,438000000.0,11.048056999999998,,,,1.9479430000000004
ruby,laghos,-p 2 -dim 2 -rs 2 -tf 5.5,56,0.6833,39757178571.428566,62861964285.71429,21401035714.285717,168872607142.85715,115250000.0,42642857.14285714,15250000.0,11071428.57142857,24214.839285714286,352680052.16071427,10371016322.625,108901.76785714287,2109989.6785714286,2175392857.142857,14.423498928571437,,,,26.574501071428568
ruby,laghos,-p 2 -dim 2 -rs 2 -tf 5,56,0.6833,34808928571.428566,54946821428.571434,18829071428.57143,147936285714.2857,107535714.28571428,40178571.42857143,14035714.285714285,10000000.0,25743.214285714286,326226708.98214287,9698909091.446428,108901.76785714287,2109904.6785714286,1993678571.4285715,13.258710125000002,,,,27.739289875000004
ruby,laghos,-p 2 -dim 2 -rs 2 -tf 5.5 -pa,1,0.2166,13590000000.0,32648000000.0,10506000000.0,100326000000.0,274000000.0,194000000.0,0.0,0.0,5367378.0,19216329200.0,9873639365.0,105104.0,2270142.0,436000000.0,10.99249,,,,2.0035099999999986
ruby,laghos,-p 2 -dim 2 -rs 2 -tf 5.5 -pa,56,0.6833,37760250000.0,59591214285.71429,20405035714.285717,160401142857.14285,115857142.85714284,42750000.0,15285714.285714285,11107142.857142856,24033.767857142866,352693375.48214287,10471317590.464287,108958.73214285713,2109990.6964285714,2170000000.0,14.565337071428573,,,,26.432662928571432
ruby,laghos,-p 2 -dim 2 -rs 2 -tf 5 -pa,1,0.2166,12570000000.0,30200000000.0,9718000000.0,92812000000.0,254000000.0,178000000.0,0.0,0.0,4966937.0,17774283835.0,9125539008.0,105104.0,2265381.0,408000000.0,10.602344,,,,2.3936559999999982
ruby,laghos,-p 2 -dim 2 -rs 2 -tf 5 -pa,56,0.6333,34963892857.14286,55188928571.428566,18893535714.285717,148533321428.5714,106928571.42857143,39714285.71428572,14000000.0,10035714.285714284,24000.0,326226233.0535714,9882044206.964287,108957.75,2109905.6785714286,2024714285.7142856,14.234011678571427,,,,23.76398832142857
ruby,laghos,-p 2 -dim 3 -rs 1 -tf 3,1,0.5333,16592000000.0,67262000000.0,24144000000.0,197672000000.0,558000000.0,430000000.0,14000000.0,10000000.0,15312427.0,68486728049.0,26195602745.0,105105.0,2223579.0,1690000000.0,28.25984900000001,,,,3.7381509999999913
ruby,laghos,-p 2 -dim 3 -rs 1 -tf 3.5,1,0.6166,19324000000.0,78324000000.0,28108000000.0,230140000000.0,652000000.0,500000000.0,16000000.0,12000000.0,17821991.0,79734434849.0,30441594831.0,105104.0,2226266.0,1976000000.0,33.006615999999994,,,,3.9893840000000083
ruby,laghos,-p 2 -dim 3 -rs 1 -tf 3.5,56,0.5333,27244785714.285717,42254500000.0,15163178571.428572,116903892857.14287,141928571.42857143,71107142.85714285,17750000.0,11321428.57142857,289654.375,1435373785.4642856,9036377321.803572,108901.75,2109207.7321428573,1631000000.0,15.591217232142865,,,,16.406782767857138
ruby,laghos,-p 2 -dim 3 -rs 1 -tf 3,56,0.4833,23382750000.0,36265750000.0,13015035714.285715,100337928571.42856,121107142.85714284,60785714.28571428,15285714.285714285,9500000.0,251936.55357142852,1232922610.357143,7739248553.910716,108957.75,2109160.7678571427,1418750000.0,13.475413857142858,,,,15.522586142857143
ruby,laghos,-p 2 -dim 3 -rs 1 -tf 3.5 -pa,1,0.6,19308000000.0,78314000000.0,28100000000.0,230124000000.0,654000000.0,500000000.0,16000000.0,12000000.0,17819254.0,79735689749.0,30481394733.0,105104.0,2226265.0,2000000000.0,33.191705,,,,2.808295000000001
ruby,laghos,-p 2 -dim 3 -rs 1 -tf 3.5 -pa,56,0.5666,27265607142.857143,42292285714.28571,15171000000.0,116986142857.14285,141535714.2857143,70964285.71428572,17714285.714285713,11321428.57142857,288560.7857142857,1435173297.017857,8888791515.660715,108957.75,2109208.7321428573,1644464285.7142856,15.34622764285714,,,,18.64977235714286
ruby,laghos,-p 2 -dim 3 -rs 1 -tf 3 -pa,1,0.5166,16592000000.0,67264000000.0,24144000000.0,197672000000.0,560000000.0,430000000.0,14000000.0,12000000.0,15290916.0,68480014527.0,26168886974.0,105105.0,2223579.0,1712000000.0,28.489571999999995,,,,2.5064279999999997
ruby,laghos,-p 2 -dim 3 -rs 1 -tf 3 -pa,56,0.4833,23409464285.714287,36323357142.85714,13030035714.285715,100467928571.42856,121000000.0,60821428.57142858,15285714.285714285,9500000.0,251405.7142857143,1232935329.982143,7791065907.928571,108845.75,2109158.7678571427,1399821428.5714285,13.148844107142859,,,,15.849155892857143
ruby,laghos,-p 2 -dim 3 -rs 1 -tf 4,1,0.6666,20832000000.0,84464000000.0,30308000000.0,248164000000.0,704000000.0,540000000.0,18000000.0,14000000.0,19216685.0,85989468696.0,32799319598.0,105104.0,2227788.0,2080000000.0,35.62776399999999,,,,4.368236000000003
ruby,laghos,-p 2 -dim 3 -rs 1 -tf 4.5,1,0.7,22576000000.0,91528000000.0,32844000000.0,268924000000.0,762000000.0,584000000.0,18000000.0,14000000.0,20829757.0,93178904371.0,35553307916.0,105104.0,2229593.0,2354000000.0,38.63012199999999,,,,3.369878000000007
ruby,laghos,-p 2 -dim 3 -rs 1 -tf 4.5,56,0.6166,31732428571.42857,49236500000.0,17676142857.142857,136218857142.85715,165535714.2857143,82785714.28571428,20892857.14285714,13392857.142857146,334705.3035714286,1676940929.8392856,10571988575.0,108957.75,2109268.160714286,1902642857.142857,17.927100821428574,,,,19.068899178571428
ruby,laghos,-p 2 -dim 3 -rs 1 -tf 4,56,0.5833,29494678571.42857,45755750000.0,16408428571.428572,126548714285.71428,153071428.57142857,76750000.0,19178571.42857143,12285714.285714285,310178.8214285714,1547604616.75,9769756277.303572,108958.73214285713,2109235.9464285714,1787142857.142857,17.044488625,,,,17.953511375000005
ruby,laghos,-p 2 -dim 3 -rs 1 -tf 4.5 -pa,1,0.7,22586000000.0,91540000000.0,32846000000.0,268932000000.0,762000000.0,584000000.0,18000000.0,14000000.0,20832537.0,93179930493.0,35533476716.0,105104.0,2229594.0,2326000000.0,38.51309499999999,,,,3.4869050000000072
ruby,laghos,-p 2 -dim 3 -rs 1 -tf 4.5 -pa,56,0.6333,31754750000.0,49253214285.71429,17680785714.285713,136275678571.42854,166392857.14285713,83214285.71428572,20857142.85714286,13392857.142857146,334408.125,1676898078.75,10576332361.892859,108957.75,2109268.160714286,1911500000.0,17.801052357142858,,,,20.19694764285714
ruby,laghos,-p 2 -dim 3 -rs 1 -tf 4 -pa,1,0.65,20838000000.0,84466000000.0,30310000000.0,248174000000.0,704000000.0,538000000.0,20000000.0,12000000.0,19215482.0,85987685660.0,32803114972.0,105104.0,2227788.0,2088000000.0,35.187614999999994,,,,3.812385000000006
ruby,laghos,-p 2 -dim 3 -rs 1 -tf 4 -pa,56,0.5666,29414178571.42857,45599857142.85714,16367500000.0,126188107142.85715,152750000.0,76214285.71428572,19214285.71428572,12285714.285714285,309992.08928571426,1547644361.607143,9709547814.910715,108957.75,2109235.9285714286,1773500000.0,17.37921580357143,,,,16.616784196428572
ruby,laghos,-p 2 -dim 3 -rs 1 -tf 5,1,0.7833,25308000000.0,102606000000.0,36812000000.0,301430000000.0,856000000.0,656000000.0,22000000.0,16000000.0,23348119.0,104440672564.0,39801449628.0,105104.0,2232275.0,2648000000.0,42.895643,,,,4.102356999999998
ruby,laghos,-p 2 -dim 3 -rs 1 -tf 5.5,1,0.8666,27630000000.0,112036000000.0,40190000000.0,329110000000.0,934000000.0,716000000.0,24000000.0,18000000.0,25499286.0,114033137276.0,43467709587.0,105104.0,2234595.0,2800000000.0,47.18199999999999,,,,4.814000000000014
ruby,laghos,-p 2 -dim 3 -rs 1 -tf 5.5,56,0.7,39091357142.85714,60647571428.57143,21749678571.42857,167732142857.14285,203428571.42857143,101892857.14285716,25928571.42857143,16642857.142857146,403649.5178571429,2051773589.732143,12953850147.392857,108901.75,2109356.4821428573,2349178571.428571,22.208805142857152,,,,19.791194857142848
ruby,laghos,-p 2 -dim 3 -rs 1 -tf 5,56,0.6833,35656785714.28571,55319571428.571434,19852428571.42857,153032607142.85715,186214285.7142857,93464285.71428572,23464285.71428572,15142857.142857146,371067.5,1879438156.3035715,11816430147.5,108901.76785714287,2109315.0535714286,2137607142.857143,20.33363146428572,,,,20.664368535714285
ruby,laghos,-p 2 -dim 3 -rs 1 -tf 5.5 -pa,1,0.8666,27622000000.0,112038000000.0,40186000000.0,329098000000.0,934000000.0,716000000.0,24000000.0,18000000.0,25497629.0,114035637660.0,43431960021.0,105105.0,2234595.0,2844000000.0,47.13067799999999,,,,4.865322000000013
ruby,laghos,-p 2 -dim 3 -rs 1 -tf 5.5 -pa,56,0.7,38922428571.428566,60394428571.42857,21674250000.0,167058535714.2857,203071428.57142857,102357142.85714284,25785714.28571429,16571428.57142857,402132.0714285714,2051832602.6785715,12956038586.553572,108957.75,2109357.4821428573,2371000000.0,22.165144946428576,,,,19.834855053571424
ruby,laghos,-p 2 -dim 3 -rs 1 -tf 5 -pa,1,0.7833,25312000000.0,102610000000.0,36816000000.0,301436000000.0,856000000.0,654000000.0,20000000.0,16000000.0,23347750.0,104434147814.0,39831486186.0,105104.0,2232275.0,2616000000.0,43.11943699999999,,,,3.878563000000007
ruby,laghos,-p 2 -dim 3 -rs 1 -tf 5 -pa,56,0.6666,35908178571.428566,55725178571.428566,19971035714.285717,154071928571.42856,185857142.85714287,94071428.57142857,23571428.57142857,15107142.857142854,370971.1607142858,1879443834.375,11656346926.892859,108901.75,2109315.0535714286,2160250000.0,20.162840410714285,,,,19.83315958928571
ruby,laghos,-p 2 -dim 3 -rs 2 -tf 3,1,9.9333,286012000000.0,1358748000000.0,484796000000.0,3904996000000.0,18288000000.0,8736000000.0,514000000.0,588000000.0,246537016.0,1429907870520.0,518291263699.0,105105.0,2245801.0,34720000000.0,554.2688319999997,,,,41.729168000000186
ruby,laghos,-p 2 -dim 3 -rs 2 -tf 3,56,1.5833,83458892857.14285,142300250000.0,52262678571.428566,401675714285.7143,795071428.5714285,512607142.85714287,86714285.71428572,68678571.42857143,4258608.232142857,25620988053.160717,33137110731.625,108901.75,2109553.3571428573,4875464285.714286,57.44173803571427,,,,37.55626196428572
ruby,laghos,-p 2 -dim 3 -rs 2 -tf 3 -pa,1,10.0,286202000000.0,1358920000000.0,484882000000.0,3905226000000.0,18168000000.0,8748000000.0,498000000.0,374000000.0,246130305.0,1429907417247.0,518631803572.0,105104.0,2245801.0,33784000000.0,552.587679,,,,47.41232100000002
ruby,laghos,-p 2 -dim 3 -rs 2 -tf 3 -pa,56,1.5666,83617035714.28572,142410500000.0,52352928571.428566,402262035714.2857,796000000.0,511285714.2857143,86821428.57142857,68607142.85714285,4258740.767857143,25620024189.767857,33052062873.285717,108958.73214285713,2109554.375,4846321428.571428,57.24496200000002,,,,36.75103799999997
ruby,laghos,-p 3 -dim 2 -rs 1 -tf 3,1,0.0166,270000000.0,370000000.0,106000000.0,1270000000.0,2000000.0,0.0,0.0,0.0,176803.0,162340892.0,83083708.0,105104.0,2208661.0,2000000.0,0.156879,,,,0.839121
ruby,laghos,-p 3 -dim 2 -rs 1 -tf 3.5,1,0.0166,314000000.0,430000000.0,124000000.0,1484000000.0,2000000.0,0.0,0.0,0.0,203509.0,190262350.0,96771557.0,105104.0,2208969.0,2000000.0,0.181331,,,,0.814669
ruby,laghos,-p 3 -dim 2 -rs 1 -tf 3.5 -pa,1,0.0166,314000000.0,430000000.0,122000000.0,1482000000.0,2000000.0,0.0,0.0,0.0,203931.0,190061427.0,96800919.0,105105.0,2208968.0,2000000.0,0.17537800000000006,,,,0.820622
ruby,laghos,-p 3 -dim 2 -rs 1 -tf 3 -pa,1,0.0166,270000000.0,368000000.0,106000000.0,1272000000.0,2000000.0,0.0,0.0,0.0,175664.0,160538012.0,82809991.0,105104.0,2208661.0,2000000.0,0.15808800000000006,,,,0.837912
ruby,laghos,-p 3 -dim 2 -rs 1 -tf 4,1,0.0166,360000000.0,490000000.0,140000000.0,1694000000.0,2000000.0,0.0,0.0,0.0,232055.0,213640598.0,110953956.0,105104.0,2209271.0,2000000.0,0.200217,,,,0.795783
ruby,laghos,-p 3 -dim 2 -rs 1 -tf 4.5,1,0.0166,404000000.0,552000000.0,158000000.0,1902000000.0,2000000.0,0.0,0.0,0.0,260335.0,240456749.0,123248521.0,105104.0,2209578.0,2000000.0,0.2318490000000001,,,,0.7641509999999999
ruby,laghos,-p 3 -dim 2 -rs 1 -tf 4.5 -pa,1,0.0166,404000000.0,552000000.0,158000000.0,1902000000.0,2000000.0,0.0,0.0,0.0,261309.0,243021443.0,123453176.0,105104.0,2209578.0,2000000.0,0.235257,,,,0.760743
ruby,laghos,-p 3 -dim 2 -rs 1 -tf 4 -pa,1,0.0333,358000000.0,490000000.0,140000000.0,1692000000.0,2000000.0,0.0,0.0,0.0,231816.0,213712921.0,110897568.0,105104.0,2209271.0,2000000.0,0.206321,,,,1.7916790000000002
ruby,laghos,-p 3 -dim 2 -rs 1 -tf 5,1,0.0333,448000000.0,612000000.0,176000000.0,2112000000.0,4000000.0,0.0,0.0,0.0,292232.0,268504667.0,138440772.0,105104.0,2209882.0,2000000.0,0.260156,,,,1.7378440000000002
ruby,laghos,-p 3 -dim 2 -rs 1 -tf 5.5,1,0.0333,492000000.0,672000000.0,192000000.0,2322000000.0,4000000.0,0.0,0.0,0.0,320373.0,295175232.0,151732892.0,105105.0,2210249.0,4000000.0,0.281224,,,,1.7167760000000003
ruby,laghos,-p 3 -dim 2 -rs 1 -tf 5.5 -pa,1,0.0333,492000000.0,674000000.0,192000000.0,2324000000.0,4000000.0,0.0,0.0,0.0,320188.0,294954688.0,151586347.0,105103.0,2210248.0,4000000.0,0.28020500000000004,,,,1.7177950000000002
ruby,laghos,-p 3 -dim 2 -rs 1 -tf 5 -pa,1,0.0166,448000000.0,612000000.0,174000000.0,2114000000.0,4000000.0,0.0,0.0,0.0,290317.0,269691394.0,138480857.0,105105.0,2209881.0,2000000.0,0.256567,,,,0.739433
ruby,laghos,-p 3 -dim 2 -rs 2 -tf 3,1,0.0333,1042000000.0,2418000000.0,772000000.0,7528000000.0,20000000.0,14000000.0,0.0,0.0,419921.0,1417597680.0,729251088.0,105104.0,2210553.0,30000000.0,0.861175,,,,1.1368250000000002
ruby,laghos,-p 3 -dim 2 -rs 2 -tf 3.5,1,0.0333,1216000000.0,2822000000.0,900000000.0,8780000000.0,24000000.0,16000000.0,0.0,0.0,490433.0,1655998993.0,846379160.0,105103.0,2211163.0,34000000.0,0.991011,,,,1.0069890000000004
ruby,laghos,-p 3 -dim 2 -rs 2 -tf 3.5,56,0.2,3555607142.857143,5603428571.428572,1922571428.5714285,15099321428.571428,9642857.142857144,2785714.285714286,250000.0,35714.28571428572,25836.535714285717,30532844.39285714,997484462.8392855,108901.75,2108936.5,209000000.0,1.3928608928571429,,,,10.607139107142856
ruby,laghos,-p 3 -dim 2 -rs 2 -tf 3,56,0.2,3073392857.142857,4842142857.142858,1660750000.0,13048285714.285715,8107142.857142857,2321428.5714285714,71428.57142857142,35714.28571428572,23741.982142857134,26164903.23214286,859891118.0178571,108951.75,2108926.464285714,174357142.85714287,1.1958276785714286,,,,10.804172321428572
ruby,laghos,-p 3 -dim 2 -rs 2 -tf 3.5 -pa,1,0.0333,1218000000.0,2822000000.0,900000000.0,8784000000.0,24000000.0,16000000.0,0.0,0.0,489829.0,1658641999.0,844816633.0,105104.0,2211166.0,34000000.0,0.9804870000000001,,,,1.0175130000000001
ruby,laghos,-p 3 -dim 2 -rs 2 -tf 3.5 -pa,56,0.2,3581428571.428571,5643535714.285714,1934500000.0,15202571428.571428,9571428.57142857,2821428.571428572,250000.0,35714.28571428572,26482.321428571428,30515258.23214286,999398875.9642855,108958.73214285713,2108937.5178571427,206785714.2857143,1.403124642857143,,,,10.596875357142856
ruby,laghos,-p 3 -dim 2 -rs 2 -tf 3 -pa,1,0.0333,1042000000.0,2418000000.0,772000000.0,7526000000.0,20000000.0,14000000.0,0.0,0.0,419683.0,1420968260.0,723138782.0,105103.0,2210551.0,30000000.0,0.8262639999999999,,,,1.1717360000000003
ruby,laghos,-p 3 -dim 2 -rs 2 -tf 3 -pa,56,0.2,3046607142.857143,4801392857.142858,1647500000.0,12938107142.857143,8071428.571428573,2392857.1428571427,71428.57142857142,35714.28571428572,23963.821428571428,26166164.85714286,863669610.8035715,108901.75,2108925.5714285714,173892857.14285713,1.8405946071428567,,,,10.159405392857144
ruby,laghos,-p 3 -dim 2 -rs 2 -tf 4,1,0.0333,1388000000.0,3220000000.0,1028000000.0,10016000000.0,24000000.0,18000000.0,0.0,0.0,559200.0,1887147560.0,963323779.0,105104.0,2211774.0,40000000.0,1.120264,,,,0.8777360000000003
ruby,laghos,-p 3 -dim 2 -rs 2 -tf 4.5,1,0.0333,1560000000.0,3620000000.0,1154000000.0,11266000000.0,30000000.0,20000000.0,0.0,0.0,629999.0,2122336655.0,1082581156.0,105104.0,2212446.0,44000000.0,1.2157930000000001,,,,0.7822070000000001
ruby,laghos,-p 3 -dim 2 -rs 2 -tf 4.5,56,0.2166,4571892857.142858,7206392857.142858,2470928571.428571,19413357142.857143,12428571.42857143,4000000.0,785714.2857142857,285714.2857142857,25126.30357142857,39109410.89285714,1248786778.4821427,108951.75,2108960.2678571427,259607142.85714287,1.7622508928571428,,,,11.233749107142856
ruby,laghos,-p 3 -dim 2 -rs 2 -tf 4,56,0.2,4059857142.857143,6399107142.857142,2193642857.142857,17235821428.57143,11000000.0,3464285.7142857136,535714.2857142857,107142.85714285713,24353.30357142857,34770670.64285714,1133711294.7142856,108958.73214285713,2108948.375,232357142.85714287,1.5637292499999995,,,,10.43627075
ruby,laghos,-p 3 -dim 2 -rs 2 -tf 4.5 -pa,1,0.0333,1562000000.0,3622000000.0,1156000000.0,11270000000.0,30000000.0,20000000.0,0.0,0.0,628543.0,2124943126.0,1087088299.0,105104.0,2212447.0,44000000.0,1.936302,,,,0.06169800000000025
ruby,laghos,-p 3 -dim 2 -rs 2 -tf 4.5 -pa,56,0.2,4562642857.142858,7188571428.571428,2465392857.142857,19367285714.285717,12464285.714285715,4000000.0,785714.2857142857,285714.2857142857,24894.410714285717,39126721.66071428,1255393470.5,108902.73214285713,2108959.3928571427,262142857.1428572,1.765132964285714,,,,10.234867035714286
ruby,laghos,-p 3 -dim 2 -rs 2 -tf 4 -pa,1,0.0333,1388000000.0,3220000000.0,1026000000.0,10014000000.0,26000000.0,18000000.0,0.0,0.0,559481.0,1886822811.0,964562167.0,105104.0,2211773.0,40000000.0,1.076773,,,,0.9212270000000002
ruby,laghos,-p 3 -dim 2 -rs 2 -tf 4 -pa,56,0.2166,4077964285.714286,6424250000.0,2203535714.285714,17312428571.42857,11071428.57142857,3607142.857142857,500000.0,107142.85714285713,26251.196428571428,34781125.07142857,1130412120.0357144,108901.75,2108947.3571428573,234321428.57142857,1.575587892857143,,,,11.420412107142855
ruby,laghos,-p 3 -dim 2 -rs 2 -tf 5,1,0.0333,1734000000.0,4022000000.0,1282000000.0,12518000000.0,34000000.0,22000000.0,0.0,0.0,698592.0,2358539227.0,1204160802.0,105104.0,2213055.0,50000000.0,1.3807479999999999,,,,0.6172520000000004
ruby,laghos,-p 3 -dim 2 -rs 2 -tf 5.5,1,0.0666,1908000000.0,4428000000.0,1412000000.0,13770000000.0,36000000.0,24000000.0,0.0,0.0,769857.0,2597566166.0,1323217645.0,105104.0,2213727.0,54000000.0,1.516637,,,,2.479363
ruby,laghos,-p 3 -dim 2 -rs 2 -tf 5.5,56,0.2166,5520071428.571428,8703535714.285715,2984607142.857143,23439750000.0,15642857.142857146,5214285.714285715,1464285.7142857143,571428.5714285715,25357.232142857134,47786478.76785714,1543205643.375,108845.75,2108981.25,325392857.14285713,2.8381444642857145,,,,10.157855535714283
ruby,laghos,-p 3 -dim 2 -rs 2 -tf 5,56,0.2333,5016892857.142858,7904250000.0,2714285714.285714,21304357142.857143,14107142.857142854,4750000.0,1178571.4285714286,428571.4285714286,24750.071428571428,43469930.76785714,1432659902.642857,108958.73214285713,2108971.25,292928571.4285714,1.956844267857143,,,,12.041155732142858
ruby,laghos,-p 3 -dim 2 -rs 2 -tf 5.5 -pa,1,0.0666,1906000000.0,4428000000.0,1412000000.0,13774000000.0,36000000.0,24000000.0,0.0,0.0,769803.0,2596097496.0,1323877411.0,105104.0,2213727.0,54000000.0,1.5864969999999998,,,,2.409503000000001
ruby,laghos,-p 3 -dim 2 -rs 2 -tf 5.5 -pa,56,0.2166,5524107142.857142,8705142857.142857,2988107142.857143,23459107142.857143,15392857.142857146,5285714.285714285,1464285.7142857143,571428.5714285715,24013.107142857134,47785552.48214286,1532513981.5535715,108957.75,2108983.25,323857142.85714287,2.1472653214285717,,,,10.848734678571427
ruby,laghos,-p 3 -dim 2 -rs 2 -tf 5 -pa,1,0.05,1732000000.0,4024000000.0,1282000000.0,12520000000.0,34000000.0,20000000.0,0.0,0.0,698892.0,2357695681.0,1209100481.0,105105.0,2213054.0,50000000.0,1.41135,,,,1.58865
ruby,laghos,-p 3 -dim 2 -rs 2 -tf 5 -pa,56,0.2,4967500000.0,7833178571.428572,2689321428.571429,21102035714.285717,14000000.0,4714285.714285715,1178571.4285714286,428571.4285714286,26741.30357142857,43438275.875,1387420209.7857144,108901.76785714287,2108970.2321428573,286035714.28571427,1.9232524464285716,,,,10.076747553571428
ruby,laghos,-p 3 -dim 3 -rs 1 -tf 3,1,0.0833,2270000000.0,9274000000.0,3218000000.0,26376000000.0,80000000.0,58000000.0,0.0,0.0,2303614.0,9272703422.0,2938233930.0,105104.0,2208663.0,208000000.0,3.4973840000000003,,,,1.500616
ruby,laghos,-p 3 -dim 3 -rs 1 -tf 3.5,1,0.1,2646000000.0,10806000000.0,3750000000.0,30730000000.0,94000000.0,68000000.0,0.0,0.0,2684341.0,10803083173.0,3420701263.0,105104.0,2208970.0,238000000.0,4.0066000000000015,,,,1.9933999999999985
ruby,laghos,-p 3 -dim 3 -rs 1 -tf 3.5,56,0.2,4315678571.428572,6685214285.714286,2389250000.0,18449178571.42857,21071428.57142857,9857142.857142856,2071428.5714285718,928571.4285714284,63335.732142857145,194500689.55357143,1409741276.5892856,108901.75,2108898.8928571427,254285714.2857143,2.3623967678571427,,,,9.637603232142858
ruby,laghos,-p 3 -dim 3 -rs 1 -tf 3,56,0.1833,3688857142.857143,5713642857.142858,2043464285.7142856,15772571428.571428,17678571.42857143,8392857.142857144,1500000.0,535714.2857142857,57760.25,166899513.64285713,1219032644.482143,108901.75,2108893.410714286,216214285.7142857,2.0472757678571427,,,,8.950724232142857
ruby,laghos,-p 3 -dim 3 -rs 1 -tf 3.5 -pa,1,0.1,2646000000.0,10804000000.0,3750000000.0,30730000000.0,94000000.0,68000000.0,0.0,0.0,2687222.0,10803527269.0,3417088118.0,105105.0,2208970.0,246000000.0,4.021407000000001,,,,1.9785929999999992
ruby,laghos,-p 3 -dim 3 -rs 1 -tf 3.5 -pa,56,0.2166,4305785714.285714,6671178571.428572,2384678571.428571,18408964285.714287,20964285.71428572,10000000.0,2071428.5714285718,928571.4285714284,63195.05357142857,194503611.2142857,1406084351.9642859,108901.75,2108898.8928571427,252571428.57142857,2.3625445535714285,,,,10.63345544642857
ruby,laghos,-p 3 -dim 3 -rs 1 -tf 3 -pa,1,0.0833,2270000000.0,9274000000.0,3218000000.0,26376000000.0,80000000.0,58000000.0,0.0,0.0,2305432.0,9270940824.0,2934075228.0,105104.0,2208663.0,204000000.0,3.4920730000000004,,,,1.5059269999999998
ruby,laghos,-p 3 -dim 3 -rs 1 -tf 3 -pa,56,0.1833,3704928571.428571,5740500000.0,2050928571.4285715,15838857142.857143,17642857.14285714,8392857.142857144,1500000.0,535714.2857142857,58397.0,166961724.0892857,1214689532.767857,108901.75,2108893.410714286,219464285.7142857,2.056259160714286,,,,8.941740839285714
ruby,laghos,-p 3 -dim 3 -rs 1 -tf 4,1,0.1,3020000000.0,12340000000.0,4282000000.0,35088000000.0,108000000.0,78000000.0,2000000.0,0.0,3063273.0,12331415956.0,3904465153.0,105104.0,2209273.0,278000000.0,4.583014000000001,,,,1.4169859999999987
ruby,laghos,-p 3 -dim 3 -rs 1 -tf 4.5,1,0.1166,3394000000.0,13868000000.0,4812000000.0,39436000000.0,122000000.0,88000000.0,2000000.0,0.0,3444526.0,13866508850.0,4390802653.0,105104.0,2209580.0,312000000.0,5.489472000000001,,,,1.5065279999999985
ruby,laghos,-p 3 -dim 3 -rs 1 -tf 4.5,56,0.2333,5466178571.428572,8473964285.714286,3032000000.0,23386000000.0,27285714.28571429,13142857.142857146,2821428.571428572,1535714.2857142857,74227.14285714286,249751222.6607143,1820620782.482143,108957.75,2108910.785714286,328857142.85714287,3.050157232142858,,,,10.947842767857143
ruby,laghos,-p 3 -dim 3 -rs 1 -tf 4,56,0.2166,4879035714.285714,7559000000.0,2704642857.142857,20866142857.142857,23892857.14285714,11500000.0,2321428.5714285714,1214285.7142857143,68567.78571428571,222091570.10714287,1596638354.8392859,108902.73214285713,2108904.3214285714,291035714.28571427,2.6880851071428573,,,,10.307914892857141
ruby,laghos,-p 3 -dim 3 -rs 1 -tf 4.5 -pa,1,0.1166,3390000000.0,13868000000.0,4812000000.0,39434000000.0,122000000.0,88000000.0,2000000.0,0.0,3442470.0,13859987077.0,4393456516.0,105104.0,2209580.0,312000000.0,5.172541000000002,,,,1.823458999999998
ruby,laghos,-p 3 -dim 3 -rs 1 -tf 4.5 -pa,56,0.2333,5463928571.428572,8469892857.142858,3031321428.571429,23376928571.42857,27107142.85714286,12928571.42857143,2785714.285714286,1500000.0,75288.41071428571,249683818.9107143,1809386455.8392856,108901.75,2108909.785714286,330392857.14285713,3.0378498750000014,,,,10.960150125
ruby,laghos,-p 3 -dim 3 -rs 1 -tf 4 -pa,1,0.1,3022000000.0,12340000000.0,4282000000.0,35086000000.0,108000000.0,78000000.0,2000000.0,0.0,3063572.0,12337010417.0,3908932345.0,105104.0,2209273.0,278000000.0,4.595895000000001,,,,1.4041049999999986
ruby,laghos,-p 3 -dim 3 -rs 1 -tf 4 -pa,56,0.2166,4901214285.714286,7596321428.571428,2716535714.285714,20962750000.0,23892857.14285714,11500000.0,2321428.5714285714,1214285.7142857143,69201.51785714286,222080074.48214287,1614360387.5714285,108901.75,2108904.3035714286,289285714.28571427,2.6832343928571434,,,,10.312765607142856
ruby,laghos,-p 3 -dim 3 -rs 1 -tf 5,1,0.1166,3768000000.0,15398000000.0,5342000000.0,43782000000.0,136000000.0,98000000.0,2000000.0,2000000.0,3822085.0,15390065284.0,4878178039.0,105104.0,2209883.0,340000000.0,5.767648000000001,,,,1.2283519999999983
ruby,laghos,-p 3 -dim 3 -rs 1 -tf 5.5,1,0.1166,4146000000.0,16936000000.0,5876000000.0,48150000000.0,148000000.0,108000000.0,2000000.0,2000000.0,4203273.0,16927680827.0,5368520709.0,105104.0,2210251.0,394000000.0,6.519141,,,,0.47685899999999926
ruby,laghos,-p 3 -dim 3 -rs 1 -tf 5.5,56,0.2333,6648642857.142858,10303250000.0,3688678571.428571,28442250000.0,33392857.14285714,16142857.142857146,3500000.0,1928571.4285714286,85818.55357142858,304836778.5535714,2194081967.875,108901.75,2108921.7678571427,396928571.4285714,4.444943232142858,,,,9.553056767857143
ruby,laghos,-p 3 -dim 3 -rs 1 -tf 5,56,0.25,6099035714.285714,9453107142.857143,3380321428.571429,26085678571.42857,30214285.71428572,14678571.42857143,3214285.7142857136,1714285.7142857143,79103.91071428571,277263563.48214287,2002539375.9642856,108901.75,2108915.1964285714,361285714.2857143,3.3576299464285717,,,,11.642370053571428
ruby,laghos,-p 3 -dim 3 -rs 1 -tf 5.5 -pa,1,0.1333,4142000000.0,16932000000.0,5874000000.0,48142000000.0,148000000.0,108000000.0,2000000.0,2000000.0,4198983.0,16924148890.0,5357886935.0,105104.0,2210251.0,370000000.0,6.323946000000001,,,,1.674053999999999
ruby,laghos,-p 3 -dim 3 -rs 1 -tf 5.5 -pa,56,0.25,6656035714.285714,10321071428.571428,3693071428.571429,28481178571.42857,33321428.57142857,16142857.142857146,3500000.0,1892857.1428571432,85717.30357142858,304881024.8035714,2202236220.928571,108957.75,2108922.7678571427,389607142.85714287,4.0124185,,,,10.987581500000001
ruby,laghos,-p 3 -dim 3 -rs 1 -tf 5 -pa,1,0.1166,3770000000.0,15400000000.0,5344000000.0,43790000000.0,134000000.0,98000000.0,2000000.0,2000000.0,3822664.0,15396553981.0,4871317373.0,105104.0,2209883.0,340000000.0,6.017222000000001,,,,0.9787779999999984
ruby,laghos,-p 3 -dim 3 -rs 1 -tf 5 -pa,56,0.25,6060821428.571428,9394107142.857143,3362142857.142857,25929428571.42857,30107142.85714286,14571428.57142857,3214285.7142857136,1714285.7142857143,80571.89285714286,277295370.0,2012995888.9285715,108957.75,2108916.1964285714,363107142.85714287,3.3478890000000012,,,,11.652110999999998
ruby,laghos,-p 3 -dim 3 -rs 2 -tf 3,1,1.0833,33342000000.0,163032000000.0,56358000000.0,453018000000.0,2352000000.0,1078000000.0,50000000.0,52000000.0,31220045.0,169307424626.0,51138474546.0,105104.0,2210562.0,3718000000.0,59.30660299999998,,,,5.691397000000009
ruby,laghos,-p 3 -dim 3 -rs 2 -tf 3.5,1,1.2833,38850000000.0,190028000000.0,65688000000.0,528034000000.0,2754000000.0,1256000000.0,56000000.0,40000000.0,36363976.0,197369248020.0,59689602015.0,105104.0,2211175.0,4294000000.0,69.16844699999999,,,,7.829553000000018
ruby,laghos,-p 3 -dim 3 -rs 2 -tf 3.5,56,0.35,12797464285.714285,21625392857.142857,7936321428.571428,60767642857.14285,122428571.42857143,77821428.57142857,12678571.42857143,9964285.714285716,628929.0714285715,3539582574.660714,4739259447.178571,108957.75,2108936.035714286,756392857.1428572,8.538961267857143,,,,12.461038732142857
ruby,laghos,-p 3 -dim 3 -rs 2 -tf 3,56,0.3166,10987964285.714285,18616714285.714287,6809392857.142858,52198928571.428566,105107142.85714284,66428571.42857143,10535714.285714284,8428571.42857143,543203.5535714285,3036117595.910714,4054363408.517857,108957.75,2108925.1071428573,647428571.4285715,7.603417714285714,,,,11.392582285714285
ruby,laghos,-p 3 -dim 3 -rs 2 -tf 3.5 -pa,1,1.2666,38854000000.0,190034000000.0,65690000000.0,528042000000.0,2758000000.0,1256000000.0,54000000.0,44000000.0,36321693.0,197363382583.0,59664938765.0,105104.0,2211174.0,4346000000.0,70.1722,,,,5.823799999999991
ruby,laghos,-p 3 -dim 3 -rs 2 -tf 3.5 -pa,56,0.35,12892107142.857143,21814250000.0,7976357142.857142,61178178571.42857,122785714.28571428,77642857.14285715,12678571.42857143,9928571.42857143,629578.3928571428,3538296570.017857,4702443747.035714,108957.76785714287,2108936.035714286,756857142.8571428,8.585027499999999,,,,12.414972500000001
ruby,laghos,-p 3 -dim 3 -rs 2 -tf 3 -pa,1,1.0833,33330000000.0,163020000000.0,56352000000.0,453004000000.0,2370000000.0,1078000000.0,86000000.0,66000000.0,31287617.0,169304809114.0,51174939331.0,105104.0,2210562.0,3720000000.0,59.62230299999999,,,,5.375697000000002
ruby,laghos,-p 3 -dim 3 -rs 2 -tf 3 -pa,56,0.3166,11001071428.571428,18630107142.857143,6814678571.428572,52244607142.85714,105107142.85714284,66571428.57142858,10535714.285714284,8428571.42857143,543229.1785714285,3036356925.964286,4071027744.553571,108901.75,2108924.1071428573,650107142.8571428,7.623797339285713,,,,11.372202660714287
ruby,laghos,-p 3 -dim 3 -rs 2 -tf 4,1,1.45,44194000000.0,216406000000.0,74794000000.0,601350000000.0,3138000000.0,1430000000.0,70000000.0,70000000.0,41297897.0,224796542756.0,67941394440.0,105104.0,2211782.0,4888000000.0,78.99808,,,,8.001919999999998
ruby,laghos,-p 3 -dim 3 -rs 2 -tf 4.5,1,1.6166,49730000000.0,243350000000.0,84120000000.0,676190000000.0,3534000000.0,1608000000.0,74000000.0,48000000.0,46433883.0,252772721165.0,76527471407.0,105104.0,2212456.0,5526000000.0,88.340469,,,,8.65553100000001
ruby,laghos,-p 3 -dim 3 -rs 2 -tf 4.5,56,0.4,16472642857.142857,27894214285.714287,10199464285.714285,78215428571.42857,157678571.42857143,99892857.14285716,16571428.57142857,13107142.857142854,799621.9464285716,4534444055.821428,6120324125.160714,108901.75,2108957.9285714286,970035714.2857145,10.886559500000004,,,,13.113440499999996
ruby,laghos,-p 3 -dim 3 -rs 2 -tf 4,56,0.3833,14562000000.0,24664071428.57143,9025142857.142857,69181714285.71428,139928571.42857143,88500000.0,14571428.57142857,11392857.142857146,713098.9107142857,4032528116.392857,5466853523.982142,108901.75,2108945.8928571427,862392857.1428572,9.70022067857143,,,,13.297779321428568
ruby,laghos,-p 3 -dim 3 -rs 2 -tf 4.5 -pa,1,1.6333,49754000000.0,243368000000.0,84132000000.0,676216000000.0,3516000000.0,1614000000.0,72000000.0,50000000.0,46501993.0,252769280250.0,76451475030.0,105104.0,2212455.0,5466000000.0,88.76142400000003,,,,9.236575999999971
ruby,laghos,-p 3 -dim 3 -rs 2 -tf 4.5 -pa,56,0.4166,16495142857.142857,27919785714.285717,10209928571.428572,78302071428.57144,157857142.85714287,99714285.71428572,16607142.857142854,13000000.0,798720.7857142857,4535665936.964286,6067261351.928572,108957.75,2108958.9285714286,981535714.2857145,10.915684750000004,,,,14.080315249999998
ruby,laghos,-p 3 -dim 3 -rs 2 -tf 4 -pa,1,1.4333,44242000000.0,216434000000.0,74818000000.0,601400000000.0,3130000000.0,1430000000.0,70000000.0,106000000.0,41418494.0,224797861778.0,67922355787.0,105104.0,2211782.0,4834000000.0,79.55348200000002,,,,6.444517999999988
ruby,laghos,-p 3 -dim 3 -rs 2 -tf 4 -pa,56,0.3666,14578642857.142857,24700750000.0,9035000000.0,69266428571.42857,139928571.42857143,88928571.42857143,14571428.57142857,11428571.42857143,713757.3571428572,4031003682.178571,5409707162.196428,108901.75,2108945.8928571427,859178571.4285715,9.933450964285717,,,,12.062549035714282
ruby,laghos,-p 3 -dim 3 -rs 2 -tf 5,1,1.8,55260000000.0,270324000000.0,93452000000.0,751122000000.0,3914000000.0,1788000000.0,86000000.0,76000000.0,51560532.0,280783777202.0,84904167916.0,105104.0,2213063.0,6208000000.0,98.80833600000004,,,,9.19166399999996
ruby,laghos,-p 3 -dim 3 -rs 2 -tf 5.5,1,2.0,60694000000.0,297238000000.0,102738000000.0,825952000000.0,4290000000.0,1968000000.0,92000000.0,78000000.0,56660660.0,308800086848.0,93341367017.0,105104.0,2213737.0,6720000000.0,109.12863200000002,,,,10.871367999999975
ruby,laghos,-p 3 -dim 3 -rs 2 -tf 5.5,56,0.4666,20060142857.142857,33972607142.857143,12426464285.714285,95275642857.14284,192678571.42857143,122250000.0,20250000.0,16035714.285714285,970212.0714285716,5541421143.982142,7392859768.142858,108901.75,2108980.8214285714,1187607142.857143,14.060384249999998,,,,13.935615750000004
ruby,laghos,-p 3 -dim 3 -rs 2 -tf 5,56,0.4333,18144250000.0,30750035714.285717,11254857142.857143,86248142857.14285,174785714.2857143,111285714.28571428,18535714.285714287,14464285.714285715,884459.4285714284,5040048805.535714,6740411719.482143,108901.75,2108968.8035714286,1092285714.2857144,12.114337357142858,,,,13.883662642857143
ruby,laghos,-p 3 -dim 3 -rs 2 -tf 5.5 -pa,1,1.95,60720000000.0,297254000000.0,102750000000.0,825980000000.0,4308000000.0,1966000000.0,108000000.0,102000000.0,56536720.0,308799347266.0,93359245753.0,105105.0,2213737.0,6850000000.0,108.95772100000003,,,,8.042278999999965
ruby,laghos,-p 3 -dim 3 -rs 2 -tf 5.5 -pa,56,0.4666,20122678571.42857,34069642857.142857,12459321428.571428,95543821428.57144,192714285.7142857,122107142.85714284,20357142.85714286,16000000.0,970329.0714285716,5540870985.892858,7378344594.892858,108901.75,2108980.8214285714,1181750000.0,13.280771553571432,,,,14.71522844642857
ruby,laghos,-p 3 -dim 3 -rs 2 -tf 5 -pa,1,1.8,55182000000.0,270272000000.0,93416000000.0,751036000000.0,3932000000.0,1786000000.0,88000000.0,74000000.0,51523216.0,280788401330.0,84849543130.0,105104.0,2213063.0,5940000000.0,96.785709,,,,11.214291000000003
ruby,laghos,-p 3 -dim 3 -rs 2 -tf 5 -pa,56,0.4666,18131928571.42857,30729321428.57143,11247500000.0,86193821428.57143,175178571.42857143,111107142.85714284,18607142.85714286,14428571.42857143,884515.8214285716,5037974563.017858,6713470433.571428,108901.75,2108968.8035714286,1083285714.2857144,12.116595696428574,,,,15.879404303571429
ruby,miniFE.x,-nx 50 -ny 50 -nz 50,1,0.0333,345000000.0,1310000000.0,143000000.0,3005000000.0,19000000.0,1000000.0,10000000.0,0.0,7.0,393231838.5,11361660.0,56484.5,1276.5,4000000.0,0.590542,,,,1.407458
ruby,miniFE.x,-nx 50 -ny 50 -nz 50,32,0.1,17281250.0,54718750.0,9968750.0,131031250.0,0.0,0.0,0.0,0.0,21.78125,17597797.28125,553361.234375,152307.15625,10866.578125,187500.0,0.2808365,,,,5.7191635
ruby,miniFE.x,-nx 75 -ny 50 -nz 50,1,0.0333,563000000.0,2209000000.0,225000000.0,4971000000.0,33000000.0,3000000.0,18000000.0,0.0,6.5,608773334.0,16957260.5,56484.0,1314.5,7000000.0,0.9046784999999999,,,,1.0933215000000003
ruby,miniFE.x,-nx 75 -ny 50 -nz 50,32,0.1166,27593750.0,89843750.0,15187500.0,211187500.0,1000000.0,0.0,0.0,0.0,19.46875,24258509.140625,794630.71875,152306.65625,10867.75,500000.0,0.294056171875,,,,6.701943828125
ruby,minigan,,1,0.0333,181625000.0,255785714.2857143,27410714.28571429,642821428.5714285,0.0,0.0,0.0,0.0,6447.982142857143,19444892.58928572,1730669.8214285716,938.7232142857144,19688.714285714286,12839285.714285715,0.4882337857142858,,,,1.5097662142857144
ruby,minigan,,1,0.0333,196714285.7142857,274232142.85714287,28553571.42857143,687410714.2857143,17857.14285714286,17857.14285714286,0.0,0.0,4006.696428571429,12115520.580357146,1211790.142857143,938.7232142857144,19688.723214285714,5375000.0,0.6944832142857145,,,,1.3035167857142858
ruby,minigan,,1,0.0333,258000000.0,364285714.2857143,39267857.14285714,914607142.8571428,17857.14285714286,0.0,0.0,0.0,9440.07142857143,28052364.15178572,2463914.8214285714,938.7232142857144,19688.714285714286,15178571.42857143,0.5355814553571432,,,,1.462418544642857
ruby,minigan,,1,0.05,248696428.57142857,369928571.4285714,45625000.0,931589285.7142855,35714.28571428572,35714.28571428572,0.0,0.0,23255.0,49014013.22321428,6036394.446428571,938.7232142857144,19688.714285714286,42803571.42857143,0.7933291339285714,,,,2.2066708660714287
ruby,minigan,,1,0.05,250303571.42857143,359285714.28571427,40214285.71428572,900892857.1428572,17857.14285714286,17857.14285714286,0.0,0.0,12988.071428571433,27784828.40178572,3415588.1517857136,938.7232142857144,19688.714285714286,27785714.28571429,0.5782211339285716,,,,2.4217788660714286
ruby,minigan,,1,0.05,267214285.7142857,387785714.2857143,45250000.0,974785714.2857145,17857.14285714286,35714.28571428572,0.0,0.0,17662.51785714286,39474986.17857143,4650732.482142857,938.7321428571428,19688.714285714286,37607142.85714286,0.6613649196428575,,,,2.3386350803571423
ruby,minigan,,1,0.05,281660714.28571427,424482142.85714287,54410714.28571428,1069839285.7142855,17857.14285714286,35714.28571428572,0.0,0.0,29848.160714285717,62271244.15178572,7653104.732142857,938.7232142857144,19688.723214285714,52875000.0,1.115688598214286,,,,1.884311401785714
ruby,minigan,,27,0.0666,230777777.77777785,686185185.1851853,247370370.37037042,1915296296.2962968,6925925.925925926,6888888.888888889,0.0,0.0,320388.6481481481,602372268.5,70805501.7037037,50672.388888888876,1053566.2777777778,77703703.7037037,0.7171629259259261,,,,3.278837074074074
ruby,minigan,,27,0.0833,158592592.5925926,449740740.7407407,160740740.74074075,1258592592.5925925,4666666.666666667,4333333.333333333,0.0,0.0,202033.0,377002254.3333333,44499259.16666666,50659.388888888876,1053565.7962962964,45481481.48148149,0.4441943888888889,,,,4.553805611111112
ruby,minigan,,27,0.0833,507296296.2962963,1203111111.1111116,443481481.4814816,3471814814.814815,13555555.555555554,11259259.25925926,0.0,185185.1851851852,472102.8703703704,890227605.0555557,103666936.7962963,48726.111111111124,1053498.5185185184,112518518.51851852,1.1274254629629628,,,,3.8705745370370375
ruby,minigan,,27,0.1333,1192740740.7407408,2974074074.074075,1095000000.0,8530740740.740741,42370370.37037037,27444444.444444444,3370370.3703703713,2222222.222222222,1223580.388888889,2329089392.6666665,274987765.57407403,50672.851851851854,1053566.2962962964,340407407.40740734,2.9066269999999985,,,,5.091373000000002
ruby,minigan,,27,0.1333,915000000.0,2255111111.111111,828481481.4814812,6474074074.074074,25222222.222222224,20407407.407407407,1740740.740740741,962962.9629629628,921798.351851852,1746875266.2592592,200989735.37037042,50672.388888888876,1053566.2777777778,240740740.74074075,2.171138185185186,,,,5.826861814814814
ruby,minigan,,27,0.15,1580666666.6666667,3891185185.185185,1432962962.9629624,11178555555.555555,51444444.44444445,40222222.222222224,5296296.296296297,3037037.037037037,1576622.240740741,3006359147.092593,344501148.5,52605.16666666666,1053633.537037037,448074074.07407415,3.726532055555555,,,,5.2734679444444446
ruby,minigan,,27,0.1,679148148.1481483,1665555555.5555556,616222222.2222222,4792888888.888889,22481481.48148148,14925925.925925925,592592.5925925926,703703.7037037037,673848.8888888889,1274510835.2037034,151212810.8148148,48726.555555555555,1053498.537037037,170148148.14814815,1.5899323333333333,,,,4.4100676666666665
ruby,miniqmc,,1,0.0333,237928571.42857143,331839285.71428573,34964285.71428572,832589285.7142857,17857.14285714286,0.0,0.0,0.0,5236.223214285715,13234721.9375,1611424.7321428573,938.7142857142856,19688.696428571428,15678571.42857143,0.5975157857142861,,,,1.4004842142857141
ruby,miniqmc,,1,0.0333,238339285.7142857,347785714.28571427,41446428.571428575,874000000.0,17857.14285714286,17857.14285714286,0.0,0.0,17242.91964285714,49958217.1875,4639023.0,938.7232142857144,19688.714285714286,33607142.85714286,0.7616264285714286,,,,1.2363735714285715
ruby,miniqmc,,1,0.0333,377214285.7142857,555535714.2857144,67357142.85714285,1397339285.7142856,1035714.2857142857,17857.14285714286,0.0,17857.14285714286,30774.785714285717,66500267.07142858,8083655.401785715,938.7232142857144,19688.714285714286,43357142.85714286,1.4954690982142853,,,,0.5025309017857149
ruby,miniqmc,,1,0.05,325267857.14285713,454910714.2857143,47821428.57142858,1141589285.7142856,0.0,0.0,0.0,0.0,8110.2857142857165,19783661.723214287,2252141.0089285714,938.7232142857144,19688.723214285714,15250000.0,0.6500355267857145,,,,2.3499644732142855
ruby,miniqmc,,1,0.05,346642857.14285713,489357142.85714287,52857142.85714286,1228285714.2857144,17857.14285714286,35714.28571428572,0.0,0.0,12009.776785714286,28532813.95535714,3208518.7410714286,938.7232142857144,19688.714285714286,18250000.0,0.7655548839285716,,,,2.2344451160714285
ruby,miniqmc,,1,0.05,427250000.0,614285714.2857143,69589285.71428572,1542303571.4285715,0.0,35714.28571428572,0.0,17857.14285714286,23130.482142857134,53668292.86607143,6225646.955357143,938.7232142857144,19688.714285714286,56500000.0,0.903941,,,,2.096059
ruby,miniqmc,,1,0.0833,508035714.2857143,746178571.4285715,89357142.85714285,1876107142.857143,1625000.0,35714.28571428572,0.0,17857.14285714286,39585.330357142855,83965956.02678572,10209124.473214287,938.7232142857144,19688.714285714286,69857142.85714285,1.5769775982142862,,,,3.421022401785714
ruby,miniqmc,,27,0.0833,211851851.85185185,602481481.4814812,210555555.55555555,1670222222.2222226,6444444.444444444,5740740.740740743,0.0,0.0,269013.11111111107,504763567.037037,63207665.14814815,50672.388888888876,1053566.2777777778,59259259.25925926,0.5868597592592595,,,,4.411140240740741
ruby,miniqmc,,27,0.0833,305629629.6296296,917888888.8888887,328111111.1111111,2548888888.888889,9777777.777777778,9518518.51851852,0.0,111111.11111111114,424028.0925925926,802053710.6851853,99194891.24074076,48713.611111111124,1053498.0555555557,102370370.37037036,0.9080864444444446,,,,4.0899135555555555
ruby,miniqmc,,27,0.0833,659925925.925926,1604888888.8888884,583037037.037037,4574222222.222222,18444444.444444444,15444444.444444446,148148.14814814815,629629.6296296297,627278.1851851853,1186760853.1851852,159306341.46296296,48714.055555555555,1053498.0740740742,149074074.07407406,1.5083320555555555,,,,3.4896679444444447
ruby,miniqmc,,27,0.1166,1210407407.4074075,3039074074.074075,1098222222.2222226,8613259259.25926,33925925.925925925,27814814.81481481,2333333.333333333,2000000.0,1218994.4074074074,2309612668.037037,306086144.42592597,48726.12962962963,1053498.5185185184,318037037.037037,2.868077018518517,,,,4.127922981481483
ruby,miniqmc,,27,0.1333,1587000000.0,4012851851.851853,1453185185.1851852,11378518518.518518,57259259.25925926,36851851.85185185,4777777.777777778,3259259.2592592593,1631197.666666667,3097113950.462963,417037646.25925934,52618.66666666666,1053634.037037037,448851851.8518519,3.881587277777778,,,,4.116412722222222
ruby,miniqmc,,27,0.1833,2086555555.5555558,5238444444.444447,1921259259.2592595,14918296296.296297,68666666.66666667,53629629.62962963,7222222.222222223,4333333.333333333,2101243.574074074,4000800789.462963,522287404.3518519,52618.68518518518,1053634.037037037,612851851.8518517,4.980412907407407,,,,6.017587092592592
ruby,miniqmc,,27,0.1,896888888.8888887,2238814814.814815,814148148.1481483,6364148148.14815,29851851.85185185,20518518.51851852,1333333.333333333,888888.8888888889,890553.277777778,1684336774.1296294,224761241.94444445,50672.388888888876,1053566.2777777778,228296296.2962963,2.1154494814814813,,,,3.8845505185185187
ruby,minitri,,1,0.0333,260589285.7142857,365535714.2857143,39142857.14285714,915642857.1428572,35714.28571428572,17857.14285714286,0.0,0.0,6343.6607142857165,21573507.91964286,2039634.1875,938.7232142857144,19688.723214285714,13767857.142857146,0.9123856517857136,,,,1.0856143482142866
ruby,minitri,,1,0.0333,409982142.85714287,573196428.5714285,60267857.14285714,1437178571.4285715,17857.14285714286,17857.14285714286,0.0,0.0,10035.455357142857,30781419.15178572,2865114.160714285,938.7232142857144,19688.714285714286,11892857.142857146,1.2612715089285724,,,,0.7367284910714278
ruby,minitri,,1,0.0333,429946428.5714286,607428571.4285715,65428571.42857143,1523553571.4285715,17857.14285714286,17857.14285714286,0.0,17857.14285714286,15015.491071428567,36614351.21428572,4006782.8839285714,938.7232142857144,19688.714285714286,17750000.0,1.3170595535714285,,,,0.6809404464285718
ruby,minitri,,1,0.05,370892857.14285713,535464285.7142857,61785714.28571428,1344553571.4285715,35714.28571428572,35714.28571428572,0.0,0.0,20986.401785714286,48036312.51785714,5678030.928571427,938.7232142857144,19688.714285714286,49660714.28571428,0.9999774017857151,,,,2.0000225982142847
ruby,minitri,,1,0.05,523696428.5714286,753625000.0,85517857.14285715,1892910714.2857144,142857.14285714287,35714.28571428572,0.0,17857.14285714286,28637.723214285717,60419099.47321428,7606029.008928571,938.7232142857144,19688.714285714286,42607142.85714286,1.4712503839285718,,,,1.5287496160714282
ruby,minitri,,1,0.05,526910714.2857143,770446428.5714285,91017857.14285716,1937678571.4285715,1571428.5714285714,17857.14285714286,0.0,0.0,38047.34821428572,81918496.26785715,10038218.696428573,938.7232142857144,19688.714285714286,71625000.0,1.597377991071429,,,,1.402622008928571
ruby,minitri,,1,0.05,561035714.2857144,833303571.4285715,102428571.42857143,2096160714.2857144,1464285.7142857143,53571.428571428565,0.0,17857.14285714286,49277.1875,108409444.5,12854003.964285715,938.7142857142856,19688.6875,90357142.85714284,1.827765544642857,,,,1.172234455357143
ruby,minitri,,27,0.0833,263740740.74074075,754518518.5185188,265296296.2962963,2088259259.2592595,7888888.888888889,6962962.962962963,0.0,0.0,334513.18518518517,630826817.6296296,83051460.85185185,52604.18518518518,1053633.5,77370370.37037037,0.7290437962962963,,,,4.268956203703704
ruby,minitri,,27,0.1,1085555555.5555556,2777703703.703704,990703703.7037038,7808407407.407408,37851851.85185185,25925925.925925925,1962962.9629629632,1407407.4074074074,1117860.7037037036,2117859120.7407405,309571070.09259266,52618.66666666666,1053634.037037037,287592592.59259266,2.6544790185185185,,,,3.3455209814814815
ruby,minitri,,27,0.1,373888888.8888889,1142740740.7407408,402111111.1111111,3149407407.4074073,12444444.444444446,12222222.222222222,0.0,629629.6296296297,528292.6481481482,999743338.6851852,131106971.01851852,52605.64814814815,1053633.5555555557,130518518.51851852,1.1372739074074076,,,,4.862726092592593
ruby,minitri,,27,0.15,1455962962.9629624,3771777777.777777,1347000000.0,10592444444.444445,43592592.59259259,35481481.481481485,3296296.296296296,2925925.9259259263,1530880.888888889,2903578997.5555553,419322632.25925934,52605.16666666666,1053633.537037037,397740740.7407407,3.593544111111111,,,,5.406455888888889
ruby,minitri,,27,0.15,1984296296.2962968,5063407407.407408,1831370370.3703704,14304185185.185184,71037037.03703703,45851851.85185185,6148148.148148147,4222222.222222222,2035600.3148148144,3865951059.351853,573118054.074074,50659.388888888876,1053565.7962962964,537888888.8888887,4.8402253148148136,,,,4.1597746851851864
ruby,minitri,,27,0.1666,2572703703.703704,6552888888.888889,2350407407.4074073,18463444444.444443,86259259.25925925,67333333.33333333,9222222.222222222,5851851.851851853,2640512.4814814813,5031629297.574074,715636914.9444442,52590.68518518518,1053633.0,770629629.6296296,6.243049296296297,,,,3.7529507037037035
ruby,minitri,,27,0.1,813074074.074074,2008666666.6666667,722296296.2962962,5678518518.5185175,23185185.18518519,19370370.37037037,444444.44444444455,592592.5925925926,787342.6296296297,1489781903.4814816,219816551.79629636,48726.12962962963,1053498.5185185184,189703703.70370367,1.8712099074074071,,,,4.128790092592593
ruby,miniVite,-l -p 1 -n 128,1,0.0333,5415929.203539823,6814159.292035397,955752.2123893808,18831858.407079645,0.0,0.0,0.0,0.0,0.008849557522123894,1699.716814159292,3618.982300884956,999.716814159292,19.123893805309734,0.0,0.014640353982300885,,,,1.9833596460176994
ruby,miniVite,-l -p 1 -n 16384,32,0.1,42031250.0,56437500.0,11031250.0,156937500.0,0.0,0.0,0.0,0.0,0.828125,2091022.6875,3069653.578125,104710.953125,7468.140625,0.0,0.2691898125,,,,5.7308101875
ruby,miniVite,-l -p 1 -n 256,1,0.0333,6000000.0,7592920.353982301,1061946.9026548672,20938053.09734513,0.0,0.0,0.0,0.0,0.008849557522123894,3464.1858407079644,6932.867256637169,999.716814159292,19.11504424778761,0.0,0.08048915044247787,,,,1.9175108495575224
ruby,miniVite,-l -p 1 -n 32,1,0.0333,2743362.8318584072,3433628.318584072,513274.3362831858,9486725.663716814,0.0,0.0,0.0,0.0,0.008849557522123894,121.99115044247787,3286.079646017699,999.716814159292,19.088495575221238,0.0,0.022191548672566373,,,,1.9758084513274339
ruby,miniVite,-l -p 1 -n 4096,32,0.1,24125000.0,34031250.0,7531250.0,93687500.0,0.0,0.0,0.0,0.0,0.40625,258137.9375,434765.84375,128464.21875,9164.21875,0.0,0.344450171875,,,,5.655549828125
ruby,miniVite,-l -p 1 -n 512,1,0.0333,6761061.946902655,8566371.681415929,1238938.0530973452,23646017.699115045,0.0,0.0,0.0,0.0,0.017699115044247787,13603.592920353982,21849.33628318584,999.7256637168144,19.123893805309734,0.0,0.09310535398230088,,,,1.9048946460176994
ruby,miniVite,-l -p 1 -n 64,1,0.0333,7132743.362831857,9026548.672566373,1256637.168141593,24849557.522123896,0.0,0.0,0.0,0.0,0.008849557522123894,278.8141592920354,2731.2300884955757,999.716814159292,19.10619469026549,0.0,0.013557725663716814,,,,1.9844422743362835
ruby,miniVite,-l -p 1 -n 8192,32,0.1166,14750000.0,24562500.0,7593750.0,64781250.0,0.0,0.0,0.0,0.0,0.390625,753150.03125,1721689.203125,99951.359375,7128.9375,0.0,0.23727409375000005,,,,6.75872590625
ruby,miniVite,-l -p 2 -n 128,1,0.0333,2814159.292035398,3522123.8938053087,513274.3362831858,9787610.619469026,0.0,0.0,0.0,0.0,0.008849557522123894,1679.5221238938052,13378.522123893803,999.716814159292,19.11504424778761,0.0,0.04365824778761062,,,,1.9543417522123896
ruby,miniVite,-l -p 2 -n 16384,32,0.1166,20031250.0,32156250.0,9406250.0,87156250.0,0.0,0.0,0.0,0.0,0.359375,1413899.171875,1917160.5,104710.796875,7468.1875,0.0,0.317076703125,,,,6.678923296874999
ruby,miniVite,-l -p 2 -n 256,1,0.05,10070796.460176993,12707964.601769913,1805309.7345132744,35221238.9380531,0.0,0.0,0.0,0.0,0.008849557522123894,2926.353982300885,7047.849557522123,999.7256637168144,19.123893805309734,0.0,0.019418946902654863,,,,2.980581053097345
ruby,miniVite,-l -p 2 -n 32,1,0.0333,2353982.300884956,2938053.0973451333,407079.64601769904,8123893.805309732,0.0,0.0,0.0,0.0,0.008849557522123894,215.88495575221242,2976.9646017699115,999.7256637168144,19.088495575221238,0.0,0.04052660176991151,,,,1.9574733982300887
ruby,miniVite,-l -p 2 -n 4096,32,0.1,25593750.0,35437500.0,7781250.0,97468750.0,0.0,0.0,0.0,0.0,0.5625,241112.453125,635565.421875,118989.703125,8485.78125,0.0,0.24833959375,,,,5.75166040625
ruby,miniVite,-l -p 2 -n 512,1,0.0333,8106194.690265488,10159292.03539823,1451327.4336283188,28194690.265486725,0.0,0.0,0.0,0.0,0.017699115044247787,16213.070796460175,74282.69911504425,999.716814159292,19.11504424778761,0.0,0.05291313274336283,,,,1.9450868672566375
ruby,miniVite,-l -p 2 -n 64,1,0.0333,3097345.1327433637,3893805.309734513,548672.5663716814,10849557.522123894,0.0,0.0,0.0,0.0,0.008849557522123894,295.11504424778764,2462.566371681416,999.7256637168144,19.10619469026549,0.0,0.04518578761061946,,,,1.9528142123893808
ruby,miniVite,-l -p 2 -n 8192,32,0.1166,23593750.0,34968750.0,8562500.0,95500000.0,0.0,0.0,0.0,0.0,0.546875,780590.90625,1633391.6875,128508.6875,9164.203125,0.0,0.282798671875,,,,6.713201328125
ruby,miniVite,-l -p 3 -n 128,1,0.0166,3486725.663716813,4407079.6460177,619469.0265486726,12230088.49557522,0.0,0.0,0.0,0.0,0.008849557522123894,1098.0176991150445,11114.0796460177,999.7256637168144,19.11504424778761,0.0,0.031249955752212392,,,,0.9647500442477877
ruby,miniVite,-l -p 3 -n 16384,32,0.1166,22125000.0,32968750.0,8937500.0,92968750.0,0.0,0.0,0.0,0.0,0.4375,1969286.359375,2804694.515625,104711.03125,7468.015625,0.0,0.32869431250000003,,,,6.6673056875
ruby,miniVite,-l -p 3 -n 256,1,0.0333,9946902.654867256,12584070.796460178,1787610.6194690266,34884955.75221239,0.0,0.0,0.0,0.0,0.008849557522123894,15966.707964601768,19350.41592920354,999.716814159292,19.13274336283186,0.0,0.01965003539823009,,,,1.9783499646017702
ruby,miniVite,-l -p 3 -n 32,1,0.0333,5115044.247787612,6407079.6460177,902654.8672566372,17716814.159292035,0.0,0.0,0.0,0.0,0.008849557522123894,193.30973451327444,3439.911504424779,999.7256637168144,19.088495575221238,0.0,0.02124469911504425,,,,1.9767553008849559
ruby,miniVite,-l -p 3 -n 4096,32,0.1166,20625000.0,31250000.0,9156250.0,86656250.0,0.0,0.0,0.0,0.0,0.65625,244015.9375,484726.953125,114229.796875,8146.578125,0.0,0.3251080625,,,,6.6708919374999995
ruby,miniVite,-l -p 3 -n 512,1,0.0333,20088495.57522124,25362831.85840708,3628318.584070797,70318584.07079646,0.0,0.0,0.0,0.0,0.008849557522123894,9222.548672566372,91673.90265486727,999.716814159292,19.13274336283186,0.0,0.09306542477876106,,,,1.9049345752212392
ruby,miniVite,-l -p 3 -n 64,1,0.0333,8920353.982300885,11274336.283185845,1592920.353982301,31292035.39823009,0.0,0.0,0.0,0.0,0.008849557522123894,254.63716814159287,3169.8938053097345,999.7256637168144,19.097345132743364,0.0,0.02579654867256637,,,,1.9722034513274338
ruby,miniVite,-l -p 3 -n 8192,32,0.1166,27781250.0,39312500.0,8812500.0,106281250.0,0.0,0.0,0.0,0.0,0.765625,798722.34375,1740486.75,147547.109375,10521.0625,0.0,0.342245359375,,,,6.653754640624999
ruby,miniVite,-l -p 4 -n 128,1,0.0333,4778761.0619469015,6017699.115044247,831858.4070796459,16707964.601769913,0.0,0.0,0.0,0.0,0.008849557522123894,1562.6017699115046,3753.7787610619466,999.716814159292,19.097345132743364,0.0,0.07621873451327434,,,,1.921781265486726
ruby,miniVite,-l -p 4 -n 16384,32,0.1166,29468750.0,41875000.0,10375000.0,116218750.0,0.0,0.0,0.0,0.0,0.765625,2163109.671875,2449727.359375,118989.5625,8485.8125,0.0,0.28562159375,,,,6.710378406249999
ruby,miniVite,-l -p 4 -n 256,1,0.0333,9840707.96460177,12424778.761061948,1752212.389380531,34495575.22123894,0.0,0.0,0.0,0.0,0.008849557522123894,13095.230088495577,12251.088495575219,999.716814159292,19.11504424778761,0.0,0.0586725221238938,,,,1.9393274778761065
ruby,miniVite,-l -p 4 -n 32,1,0.0166,7982300.884955753,10088495.57522124,1415929.2035398232,27982300.88495576,0.0,0.0,0.0,0.0,0.008849557522123894,124.09734513274336,3293.495575221239,999.716814159292,19.088495575221238,0.0,0.05358353097345132,,,,0.9424164690265486
ruby,miniVite,-l -p 4 -n 4096,32,0.1333,20875000.0,31062500.0,7843750.0,84562500.0,0.0,0.0,0.0,0.0,0.59375,340762.9375,503921.546875,138027.9375,9842.640625,0.0,0.3030066875,,,,7.6949933125
ruby,miniVite,-l -p 4 -n 512,1,0.0333,12938053.097345132,16283185.840707965,2318584.0707964604,45238938.05309735,0.0,0.0,0.0,0.0,0.008849557522123894,22787.778761061938,99246.93805309734,999.7256637168144,19.13274336283186,0.0,0.0819516814159292,,,,1.916048318584071
ruby,miniVite,-l -p 4 -n 64,1,0.05,5309734.513274336,6707964.601769911,955752.2123893808,18442477.876106195,0.0,0.0,0.0,0.0,0.008849557522123894,217.4336283185841,3847.946902654867,999.716814159292,19.097345132743364,0.0,0.0683939203539823,,,,2.9316060796460177
ruby,miniVite,-l -p 4 -n 8192,32,0.1,35906250.0,48875000.0,9656250.0,135500000.0,0.0,0.0,0.0,0.0,0.328125,482525.796875,1188149.015625,118989.734375,8485.75,0.0,0.27551390625,,,,5.72448609375
ruby,miniVite,-l -p 5 -n 128,1,0.0333,1646017.699115044,2053097.3451327442,300884.9557522124,5699115.044247787,0.0,0.0,0.0,0.0,0.017699115044247787,1239.0796460176994,5632.424778761062,999.716814159292,19.11504424778761,0.0,0.011372548672566369,,,,1.9866274513274338
ruby,miniVite,-l -p 5 -n 16384,32,0.1,31562500.0,43718750.0,9218750.0,121437500.0,0.0,0.0,0.0,0.0,0.65625,1492827.609375,1908421.40625,109432.53125,7807.375,0.0,0.277543515625,,,,5.722456484375
ruby,miniVite,-l -p 5 -n 256,1,0.0166,7292035.398230089,9238938.053097343,1309734.5132743362,25575221.23893805,0.0,0.0,0.0,0.0,0.008849557522123894,2649.991150442478,28871.415929203537,999.716814159292,19.123893805309734,0.0,0.0443516814159292,,,,0.9516483185840708
ruby,miniVite,-l -p 5 -n 32,1,0.0333,4389380.530973451,5433628.3185840715,796460.1769911505,15203539.82300885,0.0,0.0,0.0,0.0,0.008849557522123894,132.36283185840708,3660.6106194690265,999.7256637168144,19.088495575221238,0.0,0.028353672566371682,,,,1.9696463274336284
ruby,miniVite,-l -p 5 -n 4096,32,0.1,12000000.0,21343750.0,7687500.0,57156250.0,0.0,0.0,0.0,0.0,0.71875,295304.5,570521.25,142787.546875,10181.84375,0.0,0.306255875,,,,5.693744125
ruby,miniVite,-l -p 5 -n 512,1,0.0333,11858407.079646016,14938053.097345132,2088495.5752212391,41292035.39823009,0.0,0.0,0.0,0.0,0.017699115044247787,12501.212389380533,60279.14159292035,999.716814159292,19.11504424778761,0.0,0.09711632743362833,,,,1.9008836725663718
ruby,miniVite,-l -p 5 -n 64,1,0.0333,884955.7522123894,1097345.1327433628,141592.9203539823,3044247.7876106193,0.0,0.0,0.0,0.0,0.008849557522123894,239.94690265486724,7429.938053097345,999.716814159292,19.097345132743364,0.0,0.06685209734513274,,,,1.9311479026548675
ruby,miniVite,-l -p 5 -n 8192,32,0.1166,14000000.0,23250000.0,8218750.0,62593750.0,0.0,0.0,0.0,0.0,0.859375,948316.65625,2173368.203125,114230.09375,8146.46875,0.0,0.3400255625,,,,6.655974437499999
ruby,miniVite,-l -p 6 -n 128,1,0.0333,14123893.805309735,17787610.619469028,2477876.1061946903,49274336.28318584,0.0,0.0,0.0,0.0,0.008849557522123894,1729.8849557522126,9146.991150442476,999.716814159292,19.11504424778761,0.0,0.0477176017699115,,,,1.9502823982300888
ruby,miniVite,-l -p 6 -n 16384,32,0.1,27968750.0,41000000.0,10750000.0,114937500.0,0.0,0.0,0.0,0.0,0.34375,1537700.203125,2412054.328125,95191.875,6789.71875,0.0,0.256229609375,,,,5.743770390625
ruby,miniVite,-l -p 6 -n 256,1,0.0333,9469026.548672566,11929203.539823007,1681415.92920354,33079646.017699115,0.0,0.0,0.0,0.0,0.008849557522123894,2646.6725663716816,26779.778761061938,999.716814159292,19.13274336283186,0.0,0.03563486725663717,,,,1.962365132743363
ruby,miniVite,-l -p 6 -n 32,1,0.0333,1858407.0796460172,2318584.0707964604,353982.3008849557,6460176.9911504425,0.0,0.0,0.0,0.0,0.008849557522123894,158.33628318584067,1698.1327433628321,999.716814159292,19.088495575221238,0.0,0.03730292920353983,,,,1.9606970707964604
ruby,miniVite,-l -p 6 -n 4096,32,0.1,21718750.0,31343750.0,7562500.0,84031250.0,0.0,0.0,0.0,0.0,0.71875,211107.25,519679.671875,90432.234375,6450.5,0.0,0.266016515625,,,,5.733983484375
ruby,miniVite,-l -p 6 -n 512,1,0.0333,13451327.43362832,16955752.21238938,2407079.646017699,46796460.17699115,0.0,0.0,0.0,0.0,0.008849557522123894,20826.292035398234,46067.34513274337,999.716814159292,19.13274336283186,0.0,0.05943212389380531,,,,1.9385678761061949
ruby,miniVite,-l -p 6 -n 64,1,0.0333,6176991.150442477,7769911.504424779,1097345.1327433628,21469026.548672568,0.0,0.0,0.0,0.0,0.008849557522123894,1404.3982300884954,2647.1858407079644,999.716814159292,19.097345132743364,0.0,0.026261628318584068,,,,1.971738371681416
ruby,miniVite,-l -p 6 -n 8192,32,0.1166,31468750.0,44218750.0,9437500.0,121531250.0,0.0,0.0,0.0,0.0,0.40625,779458.15625,1576346.109375,114230.125,8146.546875,0.0,0.285692359375,,,,6.7103076406249995
ruby,miniVite,-l -p 7 -n 128,1,0.0166,4070796.4601769913,5185840.707964602,707964.6017699116,14265486.725663714,0.0,0.0,0.0,0.0,0.008849557522123894,3192.814159292036,4481.0265486725675,999.716814159292,19.13274336283186,0.0,0.06075556637168144,,,,0.9352444336283185
ruby,miniVite,-l -p 7 -n 16384,32,0.1,39250000.0,55031250.0,11468750.0,150968750.0,0.0,0.0,0.0,0.0,0.578125,1631121.4375,2117630.71875,114230.125,8146.59375,0.0,0.29247740625,,,,5.70752259375
ruby,miniVite,-l -p 7 -n 256,1,0.0333,5044247.787610618,6371681.415929204,884955.7522123894,17592920.3539823,0.0,0.0,0.0,0.0,0.008849557522123894,15554.451327433628,20364.06194690265,999.716814159292,19.123893805309734,0.0,0.032858203539823,,,,1.9651417964601772
ruby,miniVite,-l -p 7 -n 32,1,0.0333,7557522.123893805,9522123.89380531,1433628.318584071,26371681.4159292,0.0,0.0,0.0,0.0,0.008849557522123894,147.30973451327438,3010.3982300884954,999.716814159292,19.088495575221238,0.0,0.02405933628318584,,,,1.9739406637168144
ruby,miniVite,-l -p 7 -n 4096,32,0.1,21906250.0,31593750.0,6656250.0,86593750.0,0.0,0.0,0.0,0.0,0.75,270299.21875,507671.03125,114230.140625,8146.578125,0.0,0.3244755625,,,,5.6755244375
ruby,miniVite,-l -p 7 -n 512,1,0.0166,11362831.85840708,14265486.725663714,2035398.2300884959,39663716.81415929,0.0,0.0,0.0,0.0,0.008849557522123894,53884.29203539823,63952.212389380526,999.716814159292,19.13274336283186,0.0,0.046601115044247785,,,,0.9493988849557522
ruby,miniVite,-l -p 7 -n 64,1,0.0333,1274336.2831858408,1592920.353982301,230088.49557522128,4389380.530973451,0.0,0.0,0.0,0.0,0.008849557522123894,1469.6106194690265,2538.0973451327427,999.716814159292,19.11504424778761,0.0,0.07854974336283185,,,,1.9194502566371683
ruby,miniVite,-l -p 7 -n 8192,32,0.1166,23562500.0,35656250.0,9406250.0,98093750.0,0.0,0.0,0.0,0.0,0.75,724006.671875,1707262.53125,152306.65625,10860.28125,0.0,0.41185840625,,,,6.584141593749999
ruby,miniVite,-l -p 8 -n 128,1,0.0333,3734513.274336283,4743362.831858407,654867.2566371681,13097345.132743362,0.0,0.0,0.0,0.0,0.008849557522123894,1027.3097345132744,8152.575221238938,999.716814159292,19.13274336283186,0.0,0.04275521238938053,,,,1.9552447876106196
ruby,miniVite,-l -p 8 -n 16384,32,0.1166,35937500.0,49937500.0,11343750.0,138625000.0,0.0,0.0,0.0,0.0,0.78125,2030501.65625,2920707.328125,109470.5625,7807.375,0.0,0.28518784375,,,,6.710812156249999
ruby,miniVite,-l -p 8 -n 256,1,0.0333,10088495.57522124,12690265.486725666,1805309.7345132744,35221238.93805309,0.0,0.0,0.0,0.0,0.008849557522123894,14229.840707964602,20366.530973451325,999.716814159292,19.123893805309734,0.0,0.02467133628318584,,,,1.9733286637168144
ruby,miniVite,-l -p 8 -n 32,1,0.0333,2336283.185840708,2902654.8672566367,424778.76106194686,8070796.460176991,0.0,0.0,0.0,0.0,0.008849557522123894,95.5132743362832,3204.849557522124,999.716814159292,19.079646017699112,0.0,0.031495999999999996,,,,1.9665040000000003
ruby,miniVite,-l -p 8 -n 4096,32,0.1166,29156250.0,40281250.0,8156250.0,111000000.0,0.0,0.0,0.0,0.0,0.390625,192217.828125,442408.375,114230.109375,8146.546875,0.0,0.25795617187500003,,,,6.738043828125
ruby,miniVite,-l -p 8 -n 512,1,0.0166,15787610.619469024,19946902.654867254,2867256.637168141,55203539.82300885,0.0,0.0,0.0,0.0,0.008849557522123894,16607.619469026547,79951.71681415927,999.716814159292,19.141592920353986,0.0,0.07163446017699114,,,,0.9243655398230088
ruby,miniVite,-l -p 8 -n 64,1,0.0333,3486725.663716813,4336283.185840708,619469.0265486726,12053097.345132746,0.0,0.0,0.0,0.0,0.008849557522123894,1478.4513274336286,2593.495575221239,999.716814159292,19.11504424778761,0.0,0.03616510619469026,,,,1.96183489380531
ruby,miniVite,-l -p 8 -n 8192,32,0.1,32562500.0,44375000.0,9531250.0,121718750.0,0.0,0.0,0.0,0.0,0.734375,598491.859375,1422748.59375,128508.4375,9164.203125,0.0,0.27700734375,,,,5.72299265625
ruby,miniVite,-l -p 9 -n 128,1,0.0333,4831858.407079646,6088495.575221239,849557.5221238937,16938053.097345132,0.0,0.0,0.0,0.0,0.008849557522123894,1722.3274336283189,10514.672566371679,999.7256637168144,19.123893805309734,0.0,0.09217022123893803,,,,1.905829778761062
ruby,miniVite,-l -p 9 -n 16384,32,0.1166,24031250.0,36812500.0,10718750.0,100812500.0,0.0,0.0,0.0,0.0,0.75,2015596.28125,3400980.65625,133222.171875,9503.4375,62500.0,0.322680296875,,,,6.673319703124999
ruby,miniVite,-l -p 9 -n 256,1,0.0166,8353982.3008849565,10530973.451327434,1486725.663716814,29238938.053097345,0.0,0.0,0.0,0.0,0.008849557522123894,15751.194690265489,25772.83185840708,999.716814159292,19.141592920353986,0.0,0.00945753982300885,,,,0.9865424601769911
ruby,miniVite,-l -p 9 -n 32,1,0.0333,1646017.699115044,2106194.690265487,318584.0707964602,5805309.7345132725,0.0,0.0,0.0,0.0,0.008849557522123894,117.98230088495576,2556.9646017699115,999.716814159292,19.079646017699112,0.0,0.0407184778761062,,,,1.957281522123894
ruby,miniVite,-l -p 9 -n 4096,32,0.1166,27031250.0,38125000.0,8687500.0,105218750.0,0.0,0.0,0.0,0.0,0.75,271908.3125,560731.0625,118989.546875,8485.765625,0.0,0.279144046875,,,,6.716855953124999
ruby,miniVite,-l -p 9 -n 512,1,0.0333,9610619.469026547,12106194.690265484,1663716.8141592918,33486725.66371681,0.0,0.0,0.0,0.0,0.008849557522123894,12702.53982300885,64850.82300884956,999.716814159292,19.141592920353986,0.0,0.06283541592920354,,,,1.9351645840707967
ruby,miniVite,-l -p 9 -n 64,1,0.0333,4000000.0,4991150.442477876,690265.4867256639,13964601.769911505,0.0,0.0,0.0,0.0,0.008849557522123894,276.15929203539815,2900.4955752212386,999.716814159292,19.10619469026549,0.0,0.07111369026548672,,,,1.9268863097345135
ruby,miniVite,-l -p 9 -n 8192,32,0.1166,23062500.0,34312500.0,9031250.0,94843750.0,0.0,0.0,0.0,0.0,0.765625,705672.390625,1229440.921875,109470.5,7807.34375,0.0,0.27127946875,,,,6.72472053125
ruby,miniVite,-p 1 -n 128,1,0.0333,4743362.831858407,6000000.0,831858.4070796459,16566371.681415927,0.0,0.0,0.0,0.0,0.0,690.6106194690268,6025.920353982301,999.716814159292,19.11504424778761,0.0,0.04391287610619468,,,,1.9540871238938056
ruby,miniVite,-p 1 -n 16384,32,0.1,37343750.0,50187500.0,10781250.0,139125000.0,0.0,0.0,0.0,0.0,0.0,1745370.671875,2715775.46875,109470.453125,7807.375,0.0,0.27975659375,,,,5.72024340625
ruby,miniVite,-p 1 -n 256,1,0.0166,11893805.309734516,14991150.442477874,2106194.690265487,41557522.12389381,0.0,0.0,0.0,0.0,0.0,7357.849557522124,10534.33628318584,999.716814159292,19.123893805309734,0.0,0.041028707964601764,,,,0.9549712920353982
ruby,miniVite,-p 1 -n 32,1,0.0333,2619469.0265486725,3292035.398230088,460176.9911504425,9115044.24778761,0.0,0.0,0.0,0.0,0.0,74.70796460176993,2025.4070796460176,999.716814159292,19.10619469026549,0.0,0.010102831858407078,,,,1.9878971681415931
ruby,miniVite,-p 1 -n 4096,32,0.1166,18343750.0,27531250.0,7031250.0,75000000.0,0.0,0.0,0.0,0.0,0.0,185739.390625,484464.859375,114230.078125,8146.546875,0.0,0.258270015625,,,,6.737729984374999
ruby,miniVite,-p 1 -n 512,1,0.05,17044247.78761062,21592920.3539823,2991150.4424778763,59716814.15929204,0.0,0.0,0.0,0.0,0.0,28685.06194690265,15722.858407079646,999.716814159292,19.13274336283186,0.0,0.10526089380530974,,,,2.8947391061946903
ruby,miniVite,-p 1 -n 64,1,0.0333,6566371.6814159285,8371681.415929204,1185840.7079646015,23044247.78761062,0.0,0.0,0.0,0.0,0.0,394.1061946902655,1383.283185840708,999.716814159292,19.10619469026549,0.0,0.032289769911504416,,,,1.9657102300884959
ruby,miniVite,-p 1 -n 8192,32,0.1166,18718750.0,28562500.0,7750000.0,77031250.0,0.0,0.0,0.0,0.0,0.0,580069.265625,1277958.5625,114230.1875,8146.53125,0.0,0.265713421875,,,,6.730286578125
ruby,miniVite,-p 2 -n 128,1,0.0333,5716814.159292038,7203539.823008847,1008849.557522124,19964601.769911505,0.0,0.0,0.0,0.0,0.0,802.8672566371681,6264.061946902655,999.716814159292,19.088495575221238,0.0,0.027113203539823008,,,,1.9708867964601773
ruby,miniVite,-p 2 -n 16384,32,0.1,31687500.0,45031250.0,11812500.0,123687500.0,0.0,0.0,0.0,0.0,0.0,1672222.578125,2364548.65625,104710.890625,7468.15625,0.0,0.32214984375,,,,5.67785015625
ruby,miniVite,-p 2 -n 256,1,0.0333,9433628.318584073,11893805.309734516,1681415.92920354,32955752.21238938,0.0,0.0,0.0,0.0,0.0,5071.991150442478,11022.008849557522,999.716814159292,19.13274336283186,0.0,0.0659573982300885,,,,1.9320426017699117
ruby,miniVite,-p 2 -n 32,1,0.0333,1805309.7345132744,2230088.4955752213,318584.0707964602,6247787.610619469,0.0,0.0,0.0,0.0,0.0,296.7610619469026,1461.6725663716811,999.716814159292,19.10619469026549,0.0,0.015417407079646015,,,,1.9825825929203542
ruby,miniVite,-p 2 -n 4096,32,0.1166,20562500.0,30343750.0,9031250.0,84750000.0,0.0,0.0,0.0,0.0,0.0,126469.359375,357603.96875,95191.796875,6789.71875,0.0,0.2944996875,,,,6.7015003124999994
ruby,miniVite,-p 2 -n 512,1,0.0333,8778761.061946902,11115044.24778761,1557522.1238938053,30778761.061946906,0.0,0.0,0.0,0.0,0.0,23939.66371681416,39061.8407079646,999.716814159292,19.13274336283186,0.0,0.05699011504424779,,,,1.9410098849557524
ruby,miniVite,-p 2 -n 64,1,0.0333,5150442.477876106,6460176.9911504425,938053.0973451328,17982300.884955753,0.0,0.0,0.0,0.0,0.0,550.9734513274336,4075.3893805309735,999.716814159292,19.097345132743364,0.0,0.019885575221238936,,,,1.9781144247787612
ruby,miniVite,-p 2 -n 8192,32,0.1166,21468750.0,35156250.0,10562500.0,92218750.0,0.0,0.0,0.0,0.0,0.0,406456.828125,1136408.5625,118989.625,8485.765625,0.0,0.28422540625000003,,,,6.7117745937499995
ruby,miniVite,-p 3 -n 128,1,0.0333,1823008.8495575225,2336283.185840708,336283.185840708,6424778.761061948,0.0,0.0,0.0,0.0,0.0,1079.8672566371679,6119.1238938053075,999.716814159292,19.10619469026549,0.0,0.024263973451327428,,,,1.9737360265486728
ruby,miniVite,-p 3 -n 16384,32,0.1166,20687500.0,29812500.0,8062500.0,85281250.0,0.0,0.0,0.0,0.0,0.0,1525557.65625,2682882.0,104711.34375,7468.15625,0.0,0.279582734375,,,,6.716417265624999
ruby,miniVite,-p 3 -n 256,1,0.0333,9238938.053097343,11716814.159292035,1663716.8141592918,32530973.45132743,0.0,0.0,0.0,0.0,0.0,4546.212389380531,19279.53097345133,999.716814159292,19.13274336283186,0.0,0.04588123008849557,,,,1.9521187699115046
ruby,miniVite,-p 3 -n 32,1,0.0333,3327433.6283185836,4212389.380530974,584070.7964601768,11592920.353982301,0.0,0.0,0.0,0.0,0.0,78.00884955752213,2982.0,999.716814159292,19.097345132743364,0.0,0.033279044247787604,,,,1.9647209557522127
ruby,miniVite,-p 3 -n 4096,32,0.1333,23062500.0,34406250.0,9031250.0,93250000.0,0.0,0.0,0.0,0.0,0.0,155182.46875,473008.515625,123748.90625,8824.984375,0.0,0.363794859375,,,,7.634205140625
ruby,miniVite,-p 3 -n 512,1,0.0333,9168141.592920354,11575221.238938052,1646017.699115044,32088495.57522124,0.0,0.0,0.0,0.0,0.0,36688.94690265487,31260.54867256637,999.716814159292,19.13274336283186,0.0,0.08630520353982299,,,,1.9116947964601771
ruby,miniVite,-p 3 -n 64,1,0.0333,4743362.831858407,6053097.345132742,831858.4070796459,16743362.831858408,0.0,0.0,0.0,0.0,0.0,524.7345132743363,2812.079646017699,999.716814159292,19.10619469026549,0.0,0.0252301592920354,,,,1.9727698407079648
ruby,miniVite,-p 3 -n 8192,32,0.1,21375000.0,31156250.0,8531250.0,86125000.0,0.0,0.0,0.0,0.0,0.0,746955.1875,1287415.328125,104710.953125,7468.125,0.0,0.275842234375,,,,5.724157765625
ruby,miniVite,-p 4 -n 128,1,0.0333,8194690.2654867275,10283185.840707963,1486725.663716814,28654867.25663717,0.0,0.0,0.0,0.0,0.0,1175.2035398230091,9942.814159292036,999.716814159292,19.123893805309734,0.0,0.07304838938053097,,,,1.9249516106194693
ruby,miniVite,-p 4 -n 16384,32,0.1166,18750000.0,28593750.0,8906250.0,80375000.0,0.0,0.0,0.0,0.0,0.0,1439609.78125,2221300.921875,85672.796875,6111.28125,0.0,0.29957068750000004,,,,6.696429312499999
ruby,miniVite,-p 4 -n 256,1,0.0333,7327433.628318584,9238938.053097343,1345132.743362832,25610619.46902655,0.0,0.0,0.0,0.0,0.0,6127.24778761062,12734.654867256635,999.716814159292,19.123893805309734,0.0,0.04039483185840708,,,,1.9576051681415931
ruby,miniVite,-p 4 -n 32,1,0.0333,1646017.699115044,2070796.4601769908,300884.9557522124,5752212.389380531,0.0,0.0,0.0,0.0,0.0,96.38053097345131,2502.061946902655,999.716814159292,19.10619469026549,0.0,0.02122262831858408,,,,1.976777371681416
ruby,miniVite,-p 4 -n 4096,32,0.1,20875000.0,29937500.0,7531250.0,82406250.0,0.0,0.0,0.0,0.0,0.0,128867.734375,420976.546875,118989.234375,8485.765625,0.0,0.262918390625,,,,5.737081609375
ruby,miniVite,-p 4 -n 512,1,0.0333,16584070.796460178,20884955.75221239,3008849.5575221237,57663716.81415929,0.0,0.0,0.0,0.0,0.0,23031.796460177004,24932.15044247788,999.7256637168144,19.13274336283186,0.0,0.033103752212389384,,,,1.9648962477876109
ruby,miniVite,-p 4 -n 64,1,0.0333,4601769.911504425,5787610.619469026,814159.2920353981,16035398.230088495,0.0,0.0,0.0,0.0,0.0,759.3716814159293,2720.0973451327427,999.716814159292,19.10619469026549,0.0,0.0294679203539823,,,,1.968532079646018
ruby,miniVite,-p 4 -n 8192,32,0.1,27625000.0,39500000.0,9156250.0,106843750.0,0.0,0.0,0.0,0.0,0.0,532263.53125,1149001.984375,104711.28125,7468.109375,0.0,0.276627171875,,,,5.723372828125
ruby,miniVite,-p 5 -n 128,1,0.0333,4619469.0265486725,5840707.96460177,831858.4070796459,16141592.920353984,0.0,0.0,0.0,0.0,0.0,1451.1327433628321,2546.212389380531,999.7256637168144,19.13274336283186,0.0,0.015095610619469029,,,,1.9829043893805312
ruby,miniVite,-p 5 -n 16384,32,0.1,35562500.0,48968750.0,11125000.0,135812500.0,125000.0,0.0,0.0,0.0,0.0,1802547.828125,2580288.015625,123706.28125,8825.03125,0.0,0.382712328125,,,,5.617287671875
ruby,miniVite,-p 5 -n 256,1,0.05,16283185.840707965,20566371.68141593,2955752.2123893807,56938053.09734514,0.0,0.0,0.0,0.0,0.0,8480.247787610619,14852.274336283186,999.716814159292,19.13274336283186,0.0,0.02054562831858407,,,,2.979454371681416
ruby,miniVite,-p 5 -n 32,1,0.0333,17699.115044247792,17699.115044247792,0.0,53097.34513274337,0.0,0.0,0.0,0.0,0.0,96.45132743362831,3460.4778761061943,999.7256637168144,19.097345132743364,0.0,0.015225681415929206,,,,1.982774318584071
ruby,miniVite,-p 5 -n 4096,32,0.1,29468750.0,40250000.0,8562500.0,110125000.0,0.0,0.0,0.0,0.0,0.0,133376.484375,462826.03125,95191.390625,6789.6875,0.0,0.20721090625,,,,5.79278909375
ruby,miniVite,-p 5 -n 512,1,0.0333,13292035.398230087,16814159.292035393,2336283.185840708,46460176.99115044,0.0,0.0,0.0,0.0,0.0,27494.654867256642,17326.513274336285,999.7256637168144,19.123893805309734,0.0,0.0884936371681416,,,,1.9095063628318587
ruby,miniVite,-p 5 -n 64,1,0.0333,4530973.451327434,5734513.274336282,831858.4070796459,15893805.309734516,0.0,0.0,0.0,0.0,0.0,429.12389380530976,2998.3185840707965,999.716814159292,19.097345132743364,0.0,0.010598761061946904,,,,1.9874012389380533
ruby,miniVite,-p 5 -n 8192,32,0.1,14062500.0,21562500.0,6500000.0,60406250.0,0.0,0.0,0.0,0.0,0.0,503617.46875,1061410.375,104710.921875,7468.109375,0.0,0.259720984375,,,,5.740279015625
ruby,miniVite,-p 6 -n 128,1,0.0333,1876106.1946902648,2371681.415929204,336283.185840708,6584070.796460178,0.0,0.0,0.0,0.0,0.0,1171.575221238938,7126.24778761062,999.7256637168144,19.123893805309734,0.0,0.02578826548672566,,,,1.9722117345132746
ruby,miniVite,-p 6 -n 16384,32,0.1,38781250.0,53031250.0,10593750.0,146406250.0,0.0,0.0,0.0,0.0,0.0,1565095.71875,2446338.265625,99951.421875,7128.96875,0.0,0.329912171875,,,,5.670087828125
ruby,miniVite,-p 6 -n 256,1,0.0333,13256637.168141592,16707964.601769913,2371681.415929204,46318584.07079646,0.0,0.0,0.0,0.0,0.0,6648.486725663717,15487.141592920354,999.7256637168144,19.13274336283186,0.0,0.009748831858407078,,,,1.988251168141593
ruby,miniVite,-p 6 -n 32,1,0.0333,831858.4070796459,1044247.7876106192,159292.0353982301,2902654.8672566367,0.0,0.0,0.0,0.0,0.0,89.59292035398232,2083.858407079646,999.7256637168144,19.11504424778761,0.0,0.010461495575221238,,,,1.987538504424779
ruby,miniVite,-p 6 -n 4096,32,0.1,14562500.0,24218750.0,7750000.0,64656250.0,0.0,0.0,0.0,0.0,0.0,161965.703125,466485.90625,99951.09375,7128.9375,0.0,0.265662859375,,,,5.734337140625
ruby,miniVite,-p 6 -n 512,1,0.0166,14743362.831858408,18619469.026548672,2690265.486725664,51522123.89380531,0.0,0.0,0.0,0.0,0.0,23102.681415929204,38234.51327433629,999.716814159292,19.13274336283186,0.0,0.052558584070796464,,,,0.9434414159292035
ruby,miniVite,-p 6 -n 64,1,0.0333,2566371.681415929,3203539.8230088493,442477.8761061947,8920353.982300885,0.0,0.0,0.0,0.0,0.0,343.4424778761062,4104.230088495575,999.716814159292,19.10619469026549,0.0,0.009837035398230087,,,,1.9881629646017702
ruby,miniVite,-p 6 -n 8192,32,0.1,19437500.0,28906250.0,8250000.0,79656250.0,0.0,0.0,0.0,0.0,0.0,505038.390625,1146877.078125,109470.484375,7807.3125,0.0,0.23702259375,,,,5.76297740625
ruby,miniVite,-p 7 -n 128,1,0.0333,7132743.362831857,9044247.78761062,1292035.3982300884,24955752.21238938,0.0,0.0,0.0,0.0,0.0,713.7433628318587,5017.1858407079635,999.716814159292,19.123893805309734,0.0,0.029865362831858405,,,,1.9681346371681419
ruby,miniVite,-p 7 -n 16384,32,0.1,35031250.0,48125000.0,11031250.0,134500000.0,0.0,0.0,0.0,0.0,0.0,1729842.8125,2633146.203125,95191.828125,6789.734375,0.0,0.296374859375,,,,5.703625140625
ruby,miniVite,-p 7 -n 256,1,0.05,19292035.398230087,24424778.76106195,3486725.663716813,67557522.12389381,0.0,0.0,0.0,0.0,0.0,4818.699115044248,7587.292035398231,999.7256637168144,19.123893805309734,0.0,0.046361097345132746,,,,2.953638902654867
ruby,miniVite,-p 7 -n 32,1,0.0333,814159.2920353981,1026548.6725663716,159292.0353982301,2938053.0973451333,0.0,0.0,0.0,0.0,0.0,124.38053097345131,3011.9557522123896,999.716814159292,19.10619469026549,0.0,0.03296364601769912,,,,1.965036353982301
ruby,miniVite,-p 7 -n 4096,32,0.1,25906250.0,36875000.0,8625000.0,100437500.0,0.0,0.0,0.0,0.0,0.0,169052.6875,532046.640625,104711.0,7468.09375,0.0,0.241463984375,,,,5.758536015625
ruby,miniVite,-p 7 -n 512,1,0.0333,14123893.805309735,17681415.92920354,2442477.8761061947,49168141.59292036,0.0,0.0,0.0,0.0,0.0,26850.451327433628,17233.106194690263,999.7256637168144,19.13274336283186,0.0,0.1296501592920354,,,,1.8683498407079648
ruby,miniVite,-p 7 -n 64,1,0.0333,4035398.230088496,5097345.132743363,743362.831858407,14070796.460176993,0.0,0.0,0.0,0.0,0.0,829.5398230088498,2648.982300884956,999.7256637168144,19.097345132743364,0.0,0.04558643362831858,,,,1.9524135663716817
ruby,miniVite,-p 7 -n 8192,32,0.1,28718750.0,40500000.0,9875000.0,113375000.0,0.0,0.0,0.0,0.0,0.0,439262.796875,1073058.984375,123749.140625,8825.015625,0.0,0.289566046875,,,,5.710433953125
ruby,miniVite,-p 8 -n 128,1,0.0333,5486725.663716815,6938053.097345132,991150.442477876,19150442.477876104,0.0,0.0,0.0,0.0,0.0,1439.3451327433634,3723.858407079646,999.7256637168144,19.123893805309734,0.0,0.05497195575221239,,,,1.9430280442477879
ruby,miniVite,-p 8 -n 16384,32,0.1,28156250.0,42218750.0,11281250.0,117375000.0,0.0,0.0,0.0,0.0,0.0,1938096.46875,2615281.5625,71393.890625,5093.703125,0.0,0.30413856250000004,,,,5.6958614375
ruby,miniVite,-p 8 -n 256,1,0.0333,9168141.592920354,11557522.123893805,1628318.584070796,32017699.11504425,0.0,0.0,0.0,0.0,0.0,4888.230088495575,9957.309734513274,999.7256637168144,19.10619469026549,0.0,0.044591601769911504,,,,1.9534083982300887
ruby,miniVite,-p 8 -n 32,1,0.0333,0.0,17699.115044247792,0.0,53097.34513274337,0.0,0.0,0.0,0.0,0.0,146.91150442477874,2839.929203539823,999.716814159292,19.10619469026549,0.0,0.015067955752212387,,,,1.9829320442477878
ruby,miniVite,-p 8 -n 4096,32,0.1,20187500.0,30531250.0,7093750.0,80968750.0,0.0,0.0,0.0,0.0,0.0,128194.53125,561623.609375,114230.109375,8146.53125,0.0,0.2708781875,,,,5.7291218125
ruby,miniVite,-p 8 -n 512,1,0.0333,12973451.327433627,16353982.300884955,2353982.300884956,45256637.1681416,0.0,0.0,0.0,0.0,0.0,20641.90265486725,24398.699115044248,999.7256637168144,19.123893805309734,0.0,0.10312315044247787,,,,1.8948768495575223
ruby,miniVite,-p 8 -n 64,1,0.0333,2053097.3451327442,2566371.681415929,389380.5309734513,7150442.477876106,0.0,0.0,0.0,0.0,0.0,267.929203539823,3852.6637168141588,999.7256637168144,19.10619469026549,0.0,0.030053203539823006,,,,1.9679467964601771
ruby,miniVite,-p 8 -n 8192,32,0.1166,31781250.0,43375000.0,9750000.0,119781250.0,0.0,0.0,0.0,0.0,0.0,479409.328125,1102295.0625,128508.859375,9164.203125,0.0,0.296845171875,,,,6.699154828125
ruby,miniVite,-p 9 -n 128,1,0.0333,4000000.0,5044247.787610618,725663.7168141594,13982300.884955753,0.0,0.0,0.0,0.0,0.0,6332.221238938053,7649.814159292035,999.716814159292,19.123893805309734,0.0,0.02640371681415929,,,,1.971596283185841
ruby,miniVite,-p 9 -n 16384,32,0.1166,20968750.0,33062500.0,9437500.0,89687500.0,0.0,0.0,0.0,0.0,0.0,1748916.984375,2550523.796875,104710.96875,7468.1875,281250.0,0.30071481250000004,,,,6.6952851875
ruby,miniVite,-p 9 -n 256,1,0.0333,12867256.63716814,16230088.49557522,2230088.4955752213,44796460.17699115,0.0,0.0,0.0,0.0,0.0,4953.017699115044,13810.194690265484,999.7256637168144,19.13274336283186,0.0,0.04275105309734513,,,,1.955248946902655
ruby,miniVite,-p 9 -n 32,1,0.0333,601769.9115044248,761061.9469026548,123893.80530973453,2123893.8053097343,0.0,0.0,0.0,0.0,0.0,92.27433628318585,2585.053097345133,999.716814159292,19.079646017699112,0.0,0.06648038053097345,,,,1.9315196194690267
ruby,miniVite,-p 9 -n 4096,32,0.1166,17718750.0,27187500.0,7156250.0,73750000.0,0.0,0.0,0.0,0.0,0.0,147762.578125,369754.921875,118989.640625,8485.78125,0.0,0.264664578125,,,,6.7313354218749994
ruby,miniVite,-p 9 -n 512,1,0.0166,12495575.221238935,15752212.389380533,2212389.380530973,43734513.27433629,0.0,0.0,0.0,0.0,0.0,30592.955752212387,21107.19469026548,999.716814159292,19.141592920353986,0.0,0.09870406194690266,,,,0.8972959380530974
ruby,miniVite,-p 9 -n 64,1,0.0166,1787610.6194690266,2265486.725663717,336283.185840708,6300884.955752213,0.0,0.0,0.0,0.0,0.0,568.0442477876106,2842.0088495575233,999.716814159292,19.11504424778761,0.0,0.06137412389380531,,,,0.9346258761061947
ruby,miniVite,-p 9 -n 8192,32,0.1,34281250.0,48125000.0,10312500.0,130843750.0,0.0,0.0,0.0,0.0,0.0,575106.640625,1146935.0625,118989.6875,8485.78125,0.0,0.2795494375,,,,5.7204505625
ruby,miniVite,-w -l -p 1 -n 128,1,0.0333,6654867.256637167,8442477.876106195,1185840.7079646015,23398230.08849557,0.0,0.0,0.0,0.0,0.008849557522123894,1123.7256637168139,12251.398230088496,999.716814159292,19.123893805309734,0.0,0.021023256637168145,,,,1.976976743362832
ruby,miniVite,-w -l -p 1 -n 16384,32,0.1166,25781250.0,37437500.0,9281250.0,103250000.0,0.0,0.0,0.0,0.0,0.421875,1829581.203125,2635124.703125,99951.421875,7128.953125,0.0,0.3268614375,,,,6.6691385625
ruby,miniVite,-w -l -p 1 -n 256,1,0.0333,7663716.814159293,9716814.159292037,1345132.743362832,26849557.522123896,0.0,0.0,0.0,0.0,0.008849557522123894,3246.504424778761,7728.938053097346,999.716814159292,19.10619469026549,0.0,0.0459108407079646,,,,1.9520891592920355
ruby,miniVite,-w -l -p 1 -n 32,1,0.0333,5681415.92920354,7185840.707964603,1026548.6725663716,19911504.42477876,0.0,0.0,0.0,0.0,0.008849557522123894,102.09734513274336,3153.1150442477874,999.716814159292,19.079646017699112,0.0,0.01503041592920354,,,,1.9829695840707966
ruby,miniVite,-w -l -p 1 -n 4096,32,0.1166,27937500.0,38468750.0,8250000.0,106687500.0,0.0,0.0,0.0,0.0,0.625,247719.953125,643409.734375,114230.203125,8146.5625,0.0,0.353002828125,,,,6.642997171875
ruby,miniVite,-w -l -p 1 -n 512,1,0.0333,13946902.654867254,17575221.238938052,2477876.1061946903,48566371.68141593,0.0,0.0,0.0,0.0,0.008849557522123894,12836.469026548672,15646.707964601768,999.716814159292,19.13274336283186,0.0,0.10736264601769913,,,,1.8906373539823011
ruby,miniVite,-w -l -p 1 -n 64,1,0.0333,1752212.389380531,2194690.2654867256,318584.0707964602,6070796.460176991,0.0,0.0,0.0,0.0,0.008849557522123894,703.5221238938052,2463.5132743362838,999.716814159292,19.097345132743364,0.0,0.02399916814159292,,,,1.9740008318584072
ruby,miniVite,-w -l -p 1 -n 8192,32,0.1,21125000.0,31937500.0,8625000.0,86812500.0,0.0,0.0,0.0,0.0,0.703125,709485.125,1321138.453125,138027.9375,9842.640625,0.0,0.309079515625,,,,5.690920484375
ruby,miniVite,-w -l -p 2 -n 128,1,0.0333,8796460.17699115,11150442.477876106,1575221.2389380531,30884955.75221239,0.0,0.0,0.0,0.0,0.008849557522123894,2754.823008849557,4699.920353982301,999.716814159292,19.11504424778761,0.0,0.036236982300884964,,,,1.9617630176991152
ruby,miniVite,-w -l -p 2 -n 16384,32,0.1166,29875000.0,44687500.0,10812500.0,123156250.0,0.0,0.0,0.0,0.0,0.828125,1856735.265625,3341391.328125,95191.859375,6789.75,0.0,0.28044571875,,,,6.715554281249999
ruby,miniVite,-w -l -p 2 -n 256,1,0.0333,3840707.96460177,4867256.637168142,672566.3716814159,13504424.778761065,0.0,0.0,0.0,0.0,0.008849557522123894,2535.9026548672573,15166.097345132745,999.716814159292,19.123893805309734,0.0,0.0448807610619469,,,,1.9531192389380534
ruby,miniVite,-w -l -p 2 -n 32,1,0.0333,2619469.0265486725,3345132.743362832,477876.1061946904,9168141.592920354,0.0,0.0,0.0,0.0,0.008849557522123894,95.53982300884957,3297.769911504425,999.716814159292,19.088495575221238,0.0,0.04782532743362832,,,,1.950174672566372
ruby,miniVite,-w -l -p 2 -n 4096,32,0.1,18343750.0,28375000.0,8218750.0,77500000.0,0.0,0.0,0.0,0.0,0.359375,237759.703125,604561.140625,114229.96875,8146.546875,0.0,0.26100409375,,,,5.7389959062500004
ruby,miniVite,-w -l -p 2 -n 512,1,0.0333,16743362.831858408,21044247.78761062,3008849.5575221237,58353982.30088496,0.0,0.0,0.0,0.0,0.008849557522123894,14746.787610619467,20730.070796460168,999.716814159292,19.141592920353986,0.0,0.040685938053097344,,,,1.957314061946903
ruby,miniVite,-w -l -p 2 -n 64,1,0.0333,3592920.3539823014,4513274.3362831855,637168.1415929204,12477876.10619469,0.0,0.0,0.0,0.0,0.008849557522123894,246.30973451327444,2172.283185840708,999.716814159292,19.10619469026549,0.0,0.03945500884955752,,,,1.9585449911504427
ruby,miniVite,-w -l -p 2 -n 8192,32,0.1,21843750.0,34343750.0,9187500.0,93312500.0,0.0,0.0,0.0,0.0,0.8125,662834.03125,1669944.6875,152306.65625,10860.234375,0.0,0.3291405625,,,,5.6708594375
ruby,miniVite,-w -l -p 3 -n 128,1,0.0333,1734513.274336283,2176991.1504424782,283185.8407079646,6000000.0,0.0,0.0,0.0,0.0,0.008849557522123894,3662.9557522123896,4259.849557522124,999.716814159292,19.123893805309734,0.0,0.03440477876106194,,,,1.9635952212389383
ruby,miniVite,-w -l -p 3 -n 16384,32,0.1,27625000.0,40937500.0,10031250.0,111125000.0,0.0,0.0,0.0,0.0,0.84375,1981666.46875,2650951.828125,80913.109375,5772.109375,0.0,0.337533484375,,,,5.662466515625
ruby,miniVite,-w -l -p 3 -n 256,1,0.0333,10849557.522123894,13610619.469026547,1964601.7699115044,37734513.27433629,0.0,0.0,0.0,0.0,0.008849557522123894,3830.221238938053,7008.088495575222,999.716814159292,19.123893805309734,0.0,0.07463062831858408,,,,1.9233693716814162
ruby,miniVite,-w -l -p 3 -n 32,1,0.0333,849557.5221238937,1115044.2477876106,159292.0353982301,3008849.5575221237,0.0,0.0,0.0,0.0,0.008849557522123894,117.39823008849558,2685.805309734513,999.716814159292,19.097345132743364,0.0,0.0441593185840708,,,,1.9538406814159295
ruby,miniVite,-w -l -p 3 -n 4096,32,0.1,28625000.0,41781250.0,9437500.0,113343750.0,0.0,0.0,0.0,0.0,0.578125,367589.390625,375781.359375,138027.96875,9842.59375,0.0,0.31366575,,,,5.68633425
ruby,miniVite,-w -l -p 3 -n 512,1,0.0333,20849557.522123896,26230088.49557522,3699115.0442477874,72548672.56637168,0.0,0.0,0.0,0.0,0.008849557522123894,13437.849557522124,23799.849557522124,999.716814159292,19.13274336283186,0.0,0.08178625663716814,,,,1.9162137433628321
ruby,miniVite,-w -l -p 3 -n 64,1,0.0333,831858.4070796459,1044247.7876106192,159292.0353982301,2902654.8672566367,0.0,0.0,0.0,0.0,0.008849557522123894,269.8849557522124,2464.274336283185,999.716814159292,19.10619469026549,0.0,0.05592278761061946,,,,1.9420772123893808
ruby,miniVite,-w -l -p 3 -n 8192,32,0.1,24625000.0,36625000.0,10281250.0,101000000.0,0.0,0.0,0.0,0.0,0.78125,870506.8125,1600797.140625,128508.796875,9164.1875,0.0,0.295977109375,,,,5.704022890625
ruby,miniVite,-w -l -p 4 -n 128,1,0.0333,7610619.469026549,9610619.469026547,1362831.8584070795,26654867.25663717,0.0,0.0,0.0,0.0,0.008849557522123894,2735.353982300885,3667.3805309734503,999.716814159292,19.123893805309734,0.0,0.02851559292035398,,,,1.9694844070796462
ruby,miniVite,-w -l -p 4 -n 16384,32,0.1,17093750.0,27125000.0,8968750.0,74531250.0,0.0,0.0,0.0,0.0,0.75,1751871.734375,2382231.53125,109470.46875,7807.40625,0.0,0.26561125,,,,5.73438875
ruby,miniVite,-w -l -p 4 -n 256,1,0.05,12371681.415929206,15646017.699115045,2230088.4955752213,43238938.05309735,0.0,0.0,0.0,0.0,0.008849557522123894,2289.3097345132737,6107.946902654867,999.716814159292,19.13274336283186,0.0,0.05158249557522124,,,,2.948417504424779
ruby,miniVite,-w -l -p 4 -n 32,1,0.0166,2831858.4070796464,3522123.8938053087,513274.3362831858,9823008.849557525,0.0,0.0,0.0,0.0,0.008849557522123894,112.28318584070793,3633.424778761062,999.716814159292,19.079646017699112,0.0,0.02634754867256637,,,,0.9696524513274336
ruby,miniVite,-w -l -p 4 -n 4096,32,0.1,23062500.0,33093750.0,7718750.0,91500000.0,0.0,0.0,0.0,0.0,0.40625,289059.34375,564202.546875,114230.125,8146.546875,0.0,0.27135771875,,,,5.72864228125
ruby,miniVite,-w -l -p 4 -n 512,1,0.0333,14584070.796460178,18407079.6460177,2566371.681415929,50955752.21238938,0.0,0.0,0.0,0.0,0.008849557522123894,20736.380530973453,37526.398230088496,999.716814159292,19.13274336283186,0.0,0.08543522123893807,,,,1.9125647787610622
ruby,miniVite,-w -l -p 4 -n 64,1,0.0333,8194690.2654867275,10336283.185840707,1451327.4336283188,28530973.45132743,0.0,0.0,0.0,0.0,0.008849557522123894,275.46902654867256,2513.362831858407,999.716814159292,19.097345132743364,0.0,0.03077466371681416,,,,1.967225336283186
ruby,miniVite,-w -l -p 4 -n 8192,32,0.1166,14562500.0,24343750.0,8000000.0,66656250.0,0.0,0.0,0.0,0.0,0.515625,705581.765625,1363440.734375,128509.21875,9164.046875,0.0,0.279025515625,,,,6.716974484374999
ruby,miniVite,-w -l -p 5 -n 128,1,0.0333,6867256.637168143,8548672.566371681,1203539.8230088495,23769911.50442478,0.0,0.0,0.0,0.0,0.008849557522123894,1185.5575221238935,14784.194690265484,999.716814159292,19.123893805309734,0.0,0.039243610619469016,,,,1.958756389380531
ruby,miniVite,-w -l -p 5 -n 16384,32,0.1,33281250.0,46000000.0,10000000.0,126250000.0,0.0,0.0,0.0,0.0,0.609375,1846030.75,2874628.453125,109470.5,7807.296875,0.0,0.391925375,,,,5.608074625
ruby,miniVite,-w -l -p 5 -n 256,1,0.0333,7858407.079646017,10000000.0,1380530.9734513278,27628318.5840708,0.0,0.0,0.0,0.0,0.008849557522123894,4725.477876106193,7574.663716814159,999.716814159292,19.13274336283186,0.0,0.02089907964601769,,,,1.9771009203539824
ruby,miniVite,-w -l -p 5 -n 32,1,0.0166,1876106.1946902648,2371681.415929204,318584.0707964602,6566371.6814159285,0.0,0.0,0.0,0.0,0.008849557522123894,106.41592920353979,2583.433628318584,999.716814159292,19.088495575221238,0.0,0.04299497345132743,,,,0.9530050265486726
ruby,miniVite,-w -l -p 5 -n 4096,32,0.1,25843750.0,35843750.0,7843750.0,100281250.0,0.0,0.0,0.0,0.0,0.578125,292571.078125,597846.015625,123749.65625,8824.984375,0.0,0.2868041875,,,,5.7131958125
ruby,miniVite,-w -l -p 5 -n 512,1,0.0333,11362831.85840708,14407079.6460177,1982300.884955752,39681415.92920354,0.0,0.0,0.0,0.0,0.008849557522123894,9185.778761061949,46598.5575221239,999.716814159292,19.123893805309734,0.0,0.05631946902654868,,,,1.9416805309734515
ruby,miniVite,-w -l -p 5 -n 64,1,0.0333,3362831.85840708,4212389.380530974,584070.7964601768,11769911.50442478,0.0,0.0,0.0,0.0,0.008849557522123894,232.72566371681413,3341.4778761061943,999.716814159292,19.10619469026549,0.0,0.03147832743362833,,,,1.966521672566372
ruby,miniVite,-w -l -p 5 -n 8192,32,0.1,16187500.0,28156250.0,9718750.0,76500000.0,0.0,0.0,0.0,0.0,0.421875,538096.375,1575301.671875,118989.625,8485.78125,0.0,0.281101890625,,,,5.718898109375
ruby,miniVite,-w -l -p 6 -n 128,1,0.0333,7787610.619469026,9858407.079646016,1433628.318584071,27168141.592920355,0.0,0.0,0.0,0.0,0.008849557522123894,5923.6902654867245,5972.24778761062,999.716814159292,19.123893805309734,0.0,0.057818362831858414,,,,1.9401816371681417
ruby,miniVite,-w -l -p 6 -n 16384,32,0.1,22406250.0,33843750.0,10281250.0,92093750.0,0.0,0.0,0.0,0.0,0.703125,2304233.359375,2233681.546875,99951.328125,7128.9375,0.0,0.29718325,,,,5.70281675
ruby,miniVite,-w -l -p 6 -n 256,1,0.0333,8141592.920353983,10318584.07079646,1504424.7787610618,28513274.336283185,0.0,0.0,0.0,0.0,0.008849557522123894,8214.486725663717,13799.132743362832,999.716814159292,19.123893805309734,0.0,0.0972268849557522,,,,1.900773115044248
ruby,miniVite,-w -l -p 6 -n 32,1,0.0166,2460176.9911504425,3097345.1327433637,424778.76106194686,8601769.911504425,0.0,0.0,0.0,0.0,0.017699115044247787,172.27433628318585,3012.185840707965,999.716814159292,19.088495575221238,0.0,0.03822396460176992,,,,0.9577760353982301
ruby,miniVite,-w -l -p 6 -n 4096,32,0.1166,19406250.0,28625000.0,7781250.0,79625000.0,0.0,0.0,0.0,0.0,0.375,268750.0,581407.171875,128508.78125,9164.234375,0.0,0.356161671875,,,,6.639838328124999
ruby,miniVite,-w -l -p 6 -n 512,1,0.0333,15929203.539823007,20123893.80530973,2867256.637168141,55592920.3539823,0.0,0.0,0.0,0.0,0.008849557522123894,44095.522123893796,80691.58407079648,999.716814159292,19.123893805309734,0.0,0.06063949557522124,,,,1.937360504424779
ruby,miniVite,-w -l -p 6 -n 64,1,0.0333,3362831.85840708,4265486.725663717,584070.7964601768,11681415.92920354,0.0,0.0,0.0,0.0,0.008849557522123894,206.6194690265487,2309.088495575221,999.716814159292,19.097345132743364,0.0,0.010554610619469024,,,,1.9874453893805313
ruby,miniVite,-w -l -p 6 -n 8192,32,0.1,23343750.0,34125000.0,8375000.0,93343750.0,0.0,0.0,0.0,0.0,0.75,582219.5,1564976.859375,128508.734375,9164.203125,0.0,0.28603790625,,,,5.71396209375
ruby,miniVite,-w -l -p 7 -n 128,1,0.05,4017699.1150442483,5061946.902654869,707964.6017699116,14088495.57522124,0.0,0.0,0.0,0.0,0.008849557522123894,1932.8938053097345,9226.938053097343,999.716814159292,19.13274336283186,0.0,0.06352550442477876,,,,2.9364744955752213
ruby,miniVite,-w -l -p 7 -n 16384,32,0.1,27187500.0,39437500.0,9406250.0,110406250.0,0.0,0.0,0.0,0.0,0.359375,1594472.703125,2338814.296875,90432.28125,6450.53125,0.0,0.240971,,,,5.759029
ruby,miniVite,-w -l -p 7 -n 256,1,0.0333,8513274.336283186,10814159.2920354,1557522.1238938053,29876106.194690265,0.0,0.0,0.0,0.0,0.008849557522123894,7000.230088495575,10249.176991150442,999.716814159292,19.123893805309734,0.0,0.05092326548672567,,,,1.9470767345132745
ruby,miniVite,-w -l -p 7 -n 32,1,0.0333,1840707.9646017696,2300884.955752213,336283.185840708,6371681.415929204,0.0,0.0,0.0,0.0,0.008849557522123894,184.6814159292036,3051.743362831858,999.7256637168144,19.088495575221238,0.0,0.031324743362831864,,,,1.9666752566371684
ruby,miniVite,-w -l -p 7 -n 4096,32,0.1,10718750.0,18343750.0,6281250.0,49406250.0,0.0,0.0,0.0,0.0,0.734375,204753.53125,536077.1875,128509.25,9164.234375,0.0,0.27264740625,,,,5.72735259375
ruby,miniVite,-w -l -p 7 -n 512,1,0.0333,19929203.53982301,25132743.36283185,3539823.0088495575,69469026.54867257,0.0,0.0,0.0,0.0,0.008849557522123894,38673.86725663717,50943.97345132744,999.716814159292,19.13274336283186,0.0,0.056731061946902674,,,,1.9412689380530976
ruby,miniVite,-w -l -p 7 -n 64,1,0.0333,4477876.10619469,5716814.159292038,796460.1769911505,15734513.274336286,0.0,0.0,0.0,0.0,0.008849557522123894,1234.9734513274334,2949.7256637168152,999.716814159292,19.088495575221238,0.0,0.03533917699115044,,,,1.9626608230088498
ruby,miniVite,-w -l -p 7 -n 8192,32,0.1,21812500.0,33625000.0,9437500.0,93500000.0,0.0,0.0,0.0,0.0,0.765625,963498.78125,1844603.0,128508.875,9164.21875,0.0,0.284871796875,,,,5.715128203125
ruby,miniVite,-w -l -p 8 -n 128,1,0.0333,6584070.796460178,8265486.725663718,1150442.4778761065,22920353.982300885,0.0,0.0,0.0,0.0,0.008849557522123894,1977.0442477876104,11145.566371681416,999.716814159292,19.123893805309734,0.0,0.0540956814159292,,,,1.943904318584071
ruby,miniVite,-w -l -p 8 -n 16384,32,0.1,32156250.0,44781250.0,10562500.0,124968750.0,0.0,0.0,0.0,0.0,0.421875,1863386.6875,2751940.6875,138027.90625,9842.40625,0.0,0.39807228125,,,,5.60192771875
ruby,miniVite,-w -l -p 8 -n 256,1,0.0333,10867256.63716814,13752212.389380533,1946902.6548672563,38159292.03539823,0.0,0.0,0.0,0.0,0.008849557522123894,2658.8318584070803,33620.371681415934,999.7256637168144,19.123893805309734,0.0,0.0513136017699115,,,,1.9466863982300888
ruby,miniVite,-w -l -p 8 -n 32,1,0.05,0.0,17699.115044247792,0.0,35398.230088495584,0.0,0.0,0.0,0.0,0.008849557522123894,88.0,3402.0,999.716814159292,19.088495575221238,0.0,0.023720920353982298,,,,2.9762790796460177
ruby,miniVite,-w -l -p 8 -n 4096,32,0.1166,16062500.0,22781250.0,6343750.0,63843750.0,0.0,0.0,0.0,0.0,0.5,364099.375,527054.921875,109470.609375,7807.328125,0.0,0.247809984375,,,,6.748190015624999
ruby,miniVite,-w -l -p 8 -n 512,1,0.0333,14000000.0,17699115.044247787,2548672.5663716816,48938053.09734514,0.0,0.0,0.0,0.0,0.008849557522123894,26257.30973451328,89863.97345132742,999.7256637168144,19.13274336283186,0.0,0.1006389115044248,,,,1.8973610884955754
ruby,miniVite,-w -l -p 8 -n 64,1,0.0333,2690265.486725664,3433628.318584072,477876.1061946904,9486725.663716814,0.0,0.0,0.0,0.0,0.008849557522123894,215.55752212389385,2509.486725663717,999.716814159292,19.123893805309734,0.0,0.08341817699115045,,,,1.9145818230088498
ruby,miniVite,-w -l -p 8 -n 8192,32,0.1,26656250.0,38562500.0,9312500.0,104156250.0,0.0,0.0,0.0,0.0,0.640625,588669.234375,1206032.09375,114230.1875,8146.5625,0.0,0.27319203125,,,,5.72680796875
ruby,miniVite,-w -l -p 9 -n 128,1,0.0333,4300884.9557522135,5469026.548672566,743362.831858407,15115044.24778761,0.0,0.0,0.0,0.0,0.008849557522123894,1187.0,10067.75221238938,999.716814159292,19.123893805309734,0.0,0.03984064601769911,,,,1.958159353982301
ruby,miniVite,-w -l -p 9 -n 16384,32,0.1166,20375000.0,30937500.0,8406250.0,86000000.0,0.0,0.0,0.0,0.0,0.671875,1739206.390625,2909484.0625,118989.625,8485.796875,0.0,0.298417265625,,,,6.697582734375
ruby,miniVite,-w -l -p 9 -n 256,1,0.0333,15557522.123893805,19610619.469026547,2743362.8318584072,54194690.26548673,0.0,0.0,0.0,0.0,0.008849557522123894,2581.1150442477874,39123.02654867257,999.716814159292,19.11504424778761,0.0,0.04144400884955753,,,,1.9565559911504427
ruby,miniVite,-w -l -p 9 -n 32,1,0.0333,0.0,0.0,17699.115044247792,53097.34513274337,0.0,0.0,0.0,0.0,0.008849557522123894,82.61946902654867,2099.938053097345,999.7256637168144,19.088495575221238,0.0,0.010027203539823008,,,,1.9879727964601772
ruby,miniVite,-w -l -p 9 -n 4096,32,0.1,16718750.0,25750000.0,7312500.0,69468750.0,0.0,0.0,0.0,0.0,0.453125,292177.3125,553935.546875,114230.140625,8146.5625,0.0,0.28069753125,,,,5.71930246875
ruby,miniVite,-w -l -p 9 -n 512,1,0.05,20371681.4159292,25681415.92920354,3646017.699115045,71150442.47787611,0.0,0.0,0.0,0.0,0.017699115044247787,10862.097345132745,19267.256637168146,999.7256637168144,19.150442477876105,0.0,0.04104891150442478,,,,2.958951088495575
ruby,miniVite,-w -l -p 9 -n 64,1,0.0333,4867256.637168142,6176991.150442477,849557.5221238937,17026548.672566373,0.0,0.0,0.0,0.0,0.008849557522123894,265.8230088495576,2806.699115044248,999.716814159292,19.11504424778761,0.0,0.06743378761061948,,,,1.9305662123893808
ruby,miniVite,-w -l -p 9 -n 8192,32,0.1,18562500.0,28093750.0,7812500.0,77812500.0,0.0,0.0,0.0,0.0,0.265625,439680.40625,1514028.375,95191.71875,6789.703125,0.0,0.229374125,,,,5.770625875
ruby,miniVite,-w -p 1 -n 128,1,0.05,4300884.9557522135,5345132.743362832,743362.831858407,14831858.407079645,0.0,0.0,0.0,0.0,0.0,774.6814159292038,3952.221238938053,999.716814159292,19.11504424778761,0.0,0.03803410619469027,,,,2.96196589380531
ruby,miniVite,-w -p 1 -n 16384,32,0.1166,23593750.0,37312500.0,10906250.0,102187500.0,0.0,0.0,0.0,0.0,0.0,1611838.0625,2592085.703125,90432.265625,6450.484375,0.0,0.319965578125,,,,6.676034421874999
ruby,miniVite,-w -p 1 -n 256,1,0.0333,7522123.89380531,9469026.548672566,1345132.743362832,26300884.95575221,0.0,0.0,0.0,0.0,0.0,12353.548672566372,10416.45132743363,999.716814159292,19.11504424778761,0.0,0.0675206814159292,,,,1.930479318584071
ruby,miniVite,-w -p 1 -n 32,1,0.0333,725663.7168141594,938053.0973451328,141592.9203539823,2601769.9115044246,0.0,0.0,0.0,0.0,0.0,179.01769911504425,2964.46017699115,999.716814159292,19.097345132743364,0.0,0.050832778761061945,,,,1.9471672212389384
ruby,miniVite,-w -p 1 -n 4096,32,0.1,22781250.0,35500000.0,9093750.0,94031250.0,0.0,0.0,0.0,0.0,0.0,157234.03125,392810.890625,138028.0,9842.640625,0.0,0.295193890625,,,,5.704806109375
ruby,miniVite,-w -p 1 -n 512,1,0.0333,21238938.053097345,26743362.83185841,3752212.3893805314,73964601.7699115,0.0,0.0,0.0,0.0,0.0,10976.83185840708,20559.89380530973,999.7256637168144,19.13274336283186,0.0,0.09901070796460176,,,,1.8989892920353983
ruby,miniVite,-w -p 1 -n 64,1,0.0333,5504424.778761062,6920353.982300885,973451.3274336284,19185840.707964607,0.0,0.0,0.0,0.0,0.0,539.9026548672566,3113.9734513274348,999.716814159292,19.10619469026549,0.0,0.014687415929203541,,,,1.9833125840707966
ruby,miniVite,-w -p 1 -n 8192,32,0.1,25062500.0,36687500.0,9406250.0,99875000.0,0.0,0.0,0.0,0.0,0.0,601012.609375,1033917.4375,128508.8125,9164.1875,0.0,0.287460234375,,,,5.712539765625
ruby,miniVite,-w -p 2 -n 128,1,0.0333,7929203.539823009,10000000.0,1398230.0884955751,27646017.699115045,0.0,0.0,0.0,0.0,0.0,1741.7433628318586,7239.327433628317,999.716814159292,19.11504424778761,0.0,0.06909837168141593,,,,1.9289016283185842
ruby,miniVite,-w -p 2 -n 16384,32,0.1166,39625000.0,54531250.0,11656250.0,149562500.0,0.0,0.0,0.0,0.0,0.0,1524424.484375,2324289.609375,95191.890625,6789.609375,0.0,0.255085953125,,,,6.740914046875
ruby,miniVite,-w -p 2 -n 256,1,0.0333,10424778.761061948,13256637.168141592,1858407.0796460172,36619469.02654868,0.0,0.0,0.0,0.0,0.0,9315.477876106197,12514.486725663715,999.716814159292,19.123893805309734,0.0,0.052833610619469035,,,,1.945166389380531
ruby,miniVite,-w -p 2 -n 32,1,0.0333,2017699.115044248,2530973.4513274343,353982.3008849557,7026548.672566373,0.0,0.0,0.0,0.0,0.0,90.81415929203541,2965.646017699115,999.716814159292,19.097345132743364,0.0,0.0048376548672566366,,,,1.9931623451327436
ruby,miniVite,-w -p 2 -n 4096,32,0.1166,17281250.0,28718750.0,9281250.0,78781250.0,0.0,0.0,0.0,0.0,0.0,146330.515625,590696.734375,114230.0,8146.546875,0.0,0.277681484375,,,,6.718318515625
ruby,miniVite,-w -p 2 -n 512,1,0.0333,16513274.336283185,20938053.09734513,2973451.327433628,58088495.57522124,0.0,0.0,0.0,0.0,0.0,32859.353982300876,36257.30973451327,999.716814159292,19.13274336283186,0.0,0.16596552212389382,,,,1.8320344778761064
ruby,miniVite,-w -p 2 -n 64,1,0.05,2407079.646017699,3061946.9026548667,442477.8761061947,8477876.10619469,0.0,0.0,0.0,0.0,0.0,598.787610619469,2006.283185840708,999.716814159292,19.10619469026549,0.0,0.014481106194690266,,,,2.9855188938053097
ruby,miniVite,-w -p 2 -n 8192,32,0.1166,28750000.0,43218750.0,11187500.0,115593750.0,0.0,0.0,0.0,0.0,0.0,525730.765625,1143143.6875,109470.625,7807.3125,0.0,0.315415953125,,,,6.6805840468749995
ruby,miniVite,-w -p 3 -n 128,1,0.0333,6230088.495575221,7858407.079646017,1150442.4778761065,21752212.38938053,0.0,0.0,0.0,0.0,0.0,1191.9203539823006,4211.5398230088485,999.716814159292,19.123893805309734,0.0,0.020919433628318586,,,,1.9770805663716817
ruby,miniVite,-w -p 3 -n 16384,32,0.1,28218750.0,41656250.0,11156250.0,115593750.0,0.0,0.0,0.0,0.0,0.0,1662939.6875,2490926.3125,95191.78125,6789.75,0.0,0.305926140625,,,,5.694073859375
ruby,miniVite,-w -p 3 -n 256,1,0.0333,6938053.097345132,8778761.061946902,1203539.8230088495,24300884.95575221,0.0,0.0,0.0,0.0,0.0,9593.575221238938,10863.061946902657,999.7256637168144,19.123893805309734,0.0,0.04647507079646017,,,,1.9515249292035401
ruby,miniVite,-w -p 3 -n 32,1,0.0333,2831858.4070796464,3557522.123893805,495575.2212389381,9911504.42477876,0.0,0.0,0.0,0.0,0.0,184.86725663716808,3163.3097345132733,999.716814159292,19.088495575221238,0.0,0.030545265486725662,,,,1.9674547345132745
ruby,miniVite,-w -p 3 -n 4096,32,0.1166,31750000.0,44031250.0,9437500.0,119156250.0,0.0,0.0,0.0,0.0,0.0,146003.28125,581024.421875,99951.34375,7128.921875,0.0,0.214888125,,,,6.781111875
ruby,miniVite,-w -p 3 -n 512,1,0.0333,15946902.654867254,20194690.265486725,2884955.7522123894,55805309.73451328,0.0,0.0,0.0,0.0,0.0,24428.433628318584,16194.522123893803,999.716814159292,19.123893805309734,0.0,0.11738054867256635,,,,1.880619451327434
ruby,miniVite,-w -p 3 -n 64,1,0.0166,4442477.876106195,5575221.238938053,814159.2920353981,15522123.89380531,0.0,0.0,0.0,0.0,0.0,451.6814159292034,2762.3982300884954,999.716814159292,19.10619469026549,0.0,0.023957221238938054,,,,0.9720427787610619
ruby,miniVite,-w -p 3 -n 8192,32,0.1,36812500.0,49687500.0,10406250.0,137593750.0,0.0,0.0,0.0,0.0,0.0,509622.609375,1153935.96875,109470.625,7807.328125,0.0,0.263440421875,,,,5.736559578125
ruby,miniVite,-w -p 4 -n 128,1,0.0166,4265486.725663717,5398230.088495575,761061.9469026548,14920353.982300885,0.0,0.0,0.0,0.0,0.0,1899.283185840708,4658.345132743362,999.716814159292,19.13274336283186,0.0,0.004842884955752211,,,,0.9911571150442477
ruby,miniVite,-w -p 4 -n 16384,32,0.1333,17625000.0,28218750.0,9375000.0,80656250.0,0.0,0.0,0.0,0.0,0.0,1524257.609375,2412608.234375,85672.609375,6111.328125,0.0,0.281846953125,,,,7.716153046875
ruby,miniVite,-w -p 4 -n 256,1,0.0333,6017699.115044247,7592920.353982301,1115044.2477876106,21132743.362831853,0.0,0.0,0.0,0.0,0.0,4429.557522123894,11957.353982300883,999.716814159292,19.13274336283186,0.0,0.038108389380530974,,,,1.9598916106194693
ruby,miniVite,-w -p 4 -n 32,1,0.0333,4849557.522123894,6106194.690265488,867256.6371681415,16831858.407079645,0.0,0.0,0.0,0.0,0.0,133.23008849557522,2215.504424778761,999.7256637168144,19.097345132743364,0.0,0.019850000000000003,,,,1.9781500000000003
ruby,miniVite,-w -p 4 -n 4096,32,0.1166,18375000.0,29437500.0,8375000.0,72843750.0,0.0,0.0,0.0,0.0,0.0,145722.109375,462598.46875,114229.71875,8146.578125,0.0,0.260641078125,,,,6.735358921874999
ruby,miniVite,-w -p 4 -n 512,1,0.0333,17433628.31858407,22000000.0,3221238.9380530976,61061946.90265486,0.0,0.0,0.0,0.0,0.0,25489.592920353974,40406.16814159292,999.716814159292,19.123893805309734,0.0,0.11729033628318584,,,,1.8807096637168144
ruby,miniVite,-w -p 4 -n 64,1,0.0333,1964601.7699115044,2460176.9911504425,353982.3008849557,6849557.522123894,0.0,0.0,0.0,0.0,0.0,358.25663716814165,3594.8318584070794,999.716814159292,19.10619469026549,0.0,0.01974473451327434,,,,1.9782552654867258
ruby,miniVite,-w -p 4 -n 8192,32,0.1,19281250.0,32343750.0,10093750.0,86968750.0,0.0,0.0,0.0,0.0,0.0,519530.875,1011185.34375,114230.140625,8146.578125,0.0,0.247942734375,,,,5.752057265625
ruby,miniVite,-w -p 5 -n 128,1,0.0666,3982300.8849557517,4991150.442477876,725663.7168141594,13946902.654867254,0.0,0.0,0.0,0.0,0.0,1106.4601769911503,7919.6194690265465,999.716814159292,19.13274336283186,0.0,0.05249126548672566,,,,3.9435087345132747
ruby,miniVite,-w -p 5 -n 16384,32,0.1,29531250.0,42562500.0,9500000.0,116500000.0,0.0,0.0,0.0,0.0,0.0,1567715.8125,2271621.046875,128508.78125,9164.21875,0.0,0.312194234375,,,,5.687805765625
ruby,miniVite,-w -p 5 -n 256,1,0.0333,8902654.867256638,11309734.513274334,1628318.584070796,31274336.28318584,0.0,0.0,0.0,0.0,0.0,9499.176991150442,14437.619469026547,999.716814159292,19.13274336283186,0.0,0.04992938053097345,,,,1.9480706194690267
ruby,miniVite,-w -p 5 -n 32,1,0.0333,2495575.221238938,3168141.5929203536,424778.76106194686,8814159.292035399,0.0,0.0,0.0,0.0,0.0,145.30973451327438,2681.5132743362838,999.716814159292,19.097345132743364,0.0,0.005075796460176993,,,,1.9929242035398231
ruby,miniVite,-w -p 5 -n 4096,32,0.1,21250000.0,31312500.0,7937500.0,84937500.0,0.0,0.0,0.0,0.0,0.0,135355.109375,534329.0,142787.9375,10181.828125,0.0,0.37598221875,,,,5.62401778125
ruby,miniVite,-w -p 5 -n 512,1,0.0333,19628318.5840708,24796460.17699115,3504424.778761062,68672566.37168142,0.0,0.0,0.0,0.0,0.0,20496.87610619469,19307.106194690263,999.716814159292,19.13274336283186,0.0,0.06800830088495577,,,,1.9299916991150445
ruby,miniVite,-w -p 5 -n 64,1,0.0333,867256.6371681415,1097345.1327433628,141592.9203539823,3008849.5575221237,0.0,0.0,0.0,0.0,0.0,606.7610619469026,4610.389380530974,999.7256637168144,19.10619469026549,0.0,0.015255407079646016,,,,1.9827445929203542
ruby,miniVite,-w -p 5 -n 8192,32,0.1166,25812500.0,36281250.0,9937500.0,101218750.0,0.0,0.0,0.0,0.0,0.0,559746.234375,1173544.78125,104710.953125,7468.125,0.0,0.25533845312500003,,,,6.740661546875
ruby,miniVite,-w -p 6 -n 128,1,0.0333,4460176.9911504425,5610619.469026549,814159.2920353981,15557522.123893805,0.0,0.0,0.0,0.0,0.0,1708.3185840707965,9517.442477876106,999.716814159292,19.123893805309734,0.0,0.02468809734513274,,,,1.9733119026548676
ruby,miniVite,-w -p 6 -n 16384,32,0.1,24625000.0,35843750.0,9375000.0,98031250.0,0.0,0.0,0.0,0.0,0.0,1990396.765625,2843236.984375,138027.96875,9842.65625,0.0,0.297479046875,,,,5.702520953125
ruby,miniVite,-w -p 6 -n 256,1,0.0333,18902654.86725664,23911504.42477876,3327433.6283185836,66106194.69026549,0.0,0.0,0.0,0.0,0.0,6055.929203539823,6591.920353982301,999.716814159292,19.123893805309734,0.0,0.07216196460176992,,,,1.9258380353982303
ruby,miniVite,-w -p 6 -n 32,1,0.0166,3380530.9734513275,4247787.610619469,584070.7964601768,11769911.50442478,0.0,0.0,0.0,0.0,0.0,144.46902654867256,3078.716814159292,999.7256637168144,19.097345132743364,0.0,0.02136470796460177,,,,0.9746352920353982
ruby,miniVite,-w -p 6 -n 4096,32,0.1166,23687500.0,34343750.0,8843750.0,94625000.0,0.0,0.0,0.0,0.0,0.0,163524.078125,501550.515625,95191.515625,6789.6875,0.0,0.26963425,,,,6.726365749999999
ruby,miniVite,-w -p 6 -n 512,1,0.0333,15362831.85840708,19345132.74336284,2707964.601769912,53486725.66371682,0.0,0.0,0.0,0.0,0.0,30207.256637168146,26138.884955752208,999.716814159292,19.123893805309734,0.0,0.09824446902654868,,,,1.8997555309734515
ruby,miniVite,-w -p 6 -n 64,1,0.0333,10548672.56637168,13274336.283185845,1876106.1946902648,36814159.2920354,0.0,0.0,0.0,0.0,0.0,454.9380530973451,9165.938053097347,999.716814159292,19.097345132743364,0.0,0.01957629203539823,,,,1.978423707964602
ruby,miniVite,-w -p 6 -n 8192,32,0.1166,34687500.0,47500000.0,9687500.0,129750000.0,0.0,0.0,0.0,0.0,0.0,521556.203125,1207238.90625,147547.109375,10521.0625,0.0,0.314914265625,,,,6.681085734374999
ruby,miniVite,-w -p 7 -n 128,1,0.0333,6123893.805309732,7699115.044247787,1061946.9026548672,21309734.51327433,0.0,0.0,0.0,0.0,0.0,1270.212389380531,5517.654867256637,999.716814159292,19.13274336283186,0.0,0.02155058407079646,,,,1.9764494159292039
ruby,miniVite,-w -p 7 -n 16384,32,0.1333,34812500.0,48593750.0,11093750.0,133812500.0,0.0,0.0,0.0,0.0,0.0,1937611.75,2672936.859375,104674.703125,7468.203125,0.0,0.261934453125,,,,7.736065546875
ruby,miniVite,-w -p 7 -n 256,1,0.0333,5327433.628318585,6707964.601769911,938053.0973451328,18566371.68141593,0.0,0.0,0.0,0.0,0.0,9670.601769911504,6707.610619469026,999.7256637168144,19.11504424778761,0.0,0.03573161061946903,,,,1.9622683893805313
ruby,miniVite,-w -p 7 -n 32,1,0.0333,1097345.1327433628,1380530.9734513278,212389.38053097343,3893805.309734513,0.0,0.0,0.0,0.0,0.0,156.23008849557522,2350.6814159292035,999.7256637168144,19.097345132743364,0.0,0.024784787610619467,,,,1.9732152123893807
ruby,miniVite,-w -p 7 -n 4096,32,0.1166,17843750.0,26687500.0,7281250.0,72656250.0,0.0,0.0,0.0,0.0,0.0,114379.0625,402761.671875,118989.640625,8485.78125,0.0,0.25205115625,,,,6.743948843749999
ruby,miniVite,-w -p 7 -n 512,1,0.0166,12283185.840707965,15522123.89380531,2141592.9203539817,42991150.44247787,0.0,0.0,0.0,0.0,0.0,25731.22123893805,35079.61946902655,999.716814159292,19.13274336283186,0.0,0.0657263982300885,,,,0.9302736017699115
ruby,miniVite,-w -p 7 -n 64,1,0.0333,4672566.371681416,5858407.079646017,849557.5221238937,16212389.380530976,0.0,0.0,0.0,0.0,0.0,549.1504424778761,5717.141592920354,999.716814159292,19.097345132743364,0.0,0.02021738053097345,,,,1.9777826194690267
ruby,miniVite,-w -p 7 -n 8192,32,0.1166,14718750.0,24093750.0,7718750.0,63687500.0,0.0,0.0,0.0,0.0,0.0,450809.96875,1057496.46875,123749.1875,8825.0,0.0,0.2728415625,,,,6.7231584374999995
ruby,miniVite,-w -p 8 -n 128,1,0.0333,3858407.0796460174,4831858.407079646,690265.4867256639,13433628.318584073,0.0,0.0,0.0,0.0,0.0,1580.3805309734516,6304.150442477876,999.716814159292,19.13274336283186,0.0,0.03689709734513274,,,,1.9611029026548674
ruby,miniVite,-w -p 8 -n 16384,32,0.1166,20937500.0,31031250.0,9406250.0,87406250.0,0.0,0.0,0.0,0.0,0.0,1814962.1875,2828385.078125,123749.296875,8825.015625,0.0,0.3198756875,,,,6.6761243125
ruby,miniVite,-w -p 8 -n 256,1,0.0333,5787610.619469026,7292035.398230089,1061946.9026548672,20300884.955752213,0.0,0.0,0.0,0.0,0.0,5806.424778761062,11105.840707964602,999.716814159292,19.123893805309734,0.0,0.03108264601769912,,,,1.966917353982301
ruby,miniVite,-w -p 8 -n 32,1,0.0166,1061946.9026548672,1327433.628318584,194690.26548672566,3769911.5044247773,0.0,0.0,0.0,0.0,0.0,125.06194690265488,3048.637168141593,999.716814159292,19.10619469026549,0.0,0.009688584070796459,,,,0.9863114159292036
ruby,miniVite,-w -p 8 -n 4096,32,0.1,18312500.0,28343750.0,7281250.0,75656250.0,0.0,0.0,0.0,0.0,0.0,168854.5625,431759.328125,128508.671875,9164.203125,0.0,0.303760390625,,,,5.696239609375
ruby,miniVite,-w -p 8 -n 512,1,0.0333,22973451.32743363,29044247.78761062,4070796.4601769913,80336283.18584071,0.0,0.0,0.0,0.0,0.0,29810.99115044248,20652.4778761062,999.716814159292,19.141592920353986,0.0,0.0696324778761062,,,,1.928367522123894
ruby,miniVite,-w -p 8 -n 64,1,0.0333,3823008.8495575218,4796460.176991152,690265.4867256639,13309734.513274334,0.0,0.0,0.0,0.0,0.0,877.5929203539822,2763.442477876107,999.716814159292,19.10619469026549,0.0,0.03492422123893805,,,,1.9630757787610622
ruby,miniVite,-w -p 8 -n 8192,32,0.1,18406250.0,27437500.0,8687500.0,75718750.0,0.0,0.0,0.0,0.0,0.0,477757.96875,1032484.140625,123749.234375,8824.859375,0.0,0.5516753906249999,,,,5.448324609375
ruby,miniVite,-w -p 9 -n 128,1,0.05,3539823.0088495575,4442477.876106195,619469.0265486726,12353982.300884955,0.0,0.0,0.0,0.0,0.0,752.4424778761063,4270.123893805308,999.716814159292,19.123893805309734,0.0,0.02535843362831858,,,,2.974641566371681
ruby,miniVite,-w -p 9 -n 16384,32,0.1,26562500.0,39156250.0,9687500.0,108218750.0,0.0,0.0,0.0,0.0,0.0,1776487.046875,2715918.734375,138027.921875,9842.65625,0.0,0.42324396875,,,,5.57675603125
ruby,miniVite,-w -p 9 -n 256,1,0.0333,7911504.424778761,9982300.884955753,1415929.2035398232,27628318.5840708,0.0,0.0,0.0,0.0,0.0,7777.5929203539845,15492.610619469031,999.716814159292,19.13274336283186,0.0,0.06958355752212389,,,,1.9284164424778762
ruby,miniVite,-w -p 9 -n 32,1,0.0333,902654.8672566372,1132743.3628318585,176991.1504424779,3150442.4778761063,0.0,0.0,0.0,0.0,0.0,317.3451327433628,3184.8672566371692,999.716814159292,19.079646017699112,0.0,0.004915628318584069,,,,1.9930843716814162
ruby,miniVite,-w -p 9 -n 4096,32,0.1,13218750.0,20843750.0,6531250.0,56281250.0,0.0,0.0,0.0,0.0,0.0,142716.734375,480435.234375,85642.875,6111.28125,0.0,0.194723703125,,,,5.805276296875
ruby,miniVite,-w -p 9 -n 512,1,0.0333,17433628.31858407,22000000.0,3026548.672566372,60814159.2920354,0.0,0.0,0.0,0.0,0.0,30226.50442477877,19723.681415929204,999.716814159292,19.150442477876105,0.0,0.07998612389380531,,,,1.918013876106195
ruby,miniVite,-w -p 9 -n 64,1,0.0333,3292035.398230088,4141592.9203539817,566371.6814159292,11362831.85840708,0.0,0.0,0.0,0.0,0.0,363.5840707964602,2728.300884955752,999.716814159292,19.11504424778761,0.0,0.014782,,,,1.9832180000000001
ruby,miniVite,-w -p 9 -n 8192,32,0.1,14281250.0,23750000.0,7875000.0,64250000.0,0.0,0.0,0.0,0.0,0.0,415207.625,1110858.40625,123749.234375,8824.96875,0.0,0.28294481250000003,,,,5.7170551875
ruby,sw4lite,/usr/WS1/dnicho/summer2022/repos/sw4lite/tests/cartesian/basic.in,1,0.05,338750000.0,873982142.8571428,129053571.42857143,1991053571.4285715,20964285.71428572,2125000.0,0.0,0.0,0.4375,85097093.98214285,14434351.696428573,954.8392857142856,19700.491071428565,79553571.42857143,1.5839151517857144,,,,1.4160848482142856
ruby,sw4lite,/usr/WS1/dnicho/summer2022/repos/sw4lite/tests/cartesian/basic.in,56,0.15,1071321428.5714283,2154392857.142857,790178571.4285715,6124285714.285714,20571428.57142857,6000000.0,0.0,2000000.0,378.21428571428567,410329369.9107143,34499366.78571428,110684.73214285713,2108922.464285714,118214285.71428572,1.1688852857142855,,,,7.8311147142857145
ruby,sw4lite,/usr/WS1/dnicho/summer2022/repos/sw4lite/tests/cartesian/skinny.in,1,0.0666,367571428.5714286,1221375000.0,196839285.7142857,2717107142.857143,43410714.28571428,6232142.857142857,178571.42857142858,17857.14285714286,0.4821428571428572,154933234.86607143,25901012.88392857,953.7321428571428,19700.526785714286,130142857.14285716,2.872304571428572,,,,1.1236954285714282
ruby,sw4lite,/usr/WS1/dnicho/summer2022/repos/sw4lite/tests/cartesian/skinny.in,56,0.1666,2050178571.4285715,3982678571.428571,1494607142.857143,11463857142.857143,37821428.571428575,11857142.857142854,2000000.0,6000000.0,269.35714285714283,725014997.0535715,68674768.71428572,110672.73214285713,2108924.535714286,293821428.5714286,2.1424701785714286,,,,7.853529821428571
ruby,sw4lite,/usr/WS1/dnicho/summer2022/repos/sw4lite/tests/cartesian/uni.in,1,0.0666,420446428.5714286,996535714.2857145,145250000.0,2300910714.285714,20732142.85714286,2125000.0,0.0,0.0,4.339285714285714,114853548.45535716,37772241.52678572,955.9285714285713,19701.178571428565,77821428.57142857,2.706344991071429,,,,1.2896550089285714
ruby,sw4lite,/usr/WS1/dnicho/summer2022/repos/sw4lite/tests/cartesian/uni.in,56,0.15,1064071428.5714283,2178964285.714286,802571428.5714285,6185750000.0,20500000.0,6000000.0,0.0,1964285.7142857143,339.4642857142857,496844435.2142857,103236040.39285716,110806.73214285713,2108923.8571428573,120750000.0,1.211327375,,,,7.788672625
ruby,sw4lite,/usr/WS1/dnicho/summer2022/repos/sw4lite/tests/cartesian/uni_rev.in,1,0.0833,334982142.85714287,714446428.5714285,97964285.71428572,1652285714.2857144,23571428.57142857,2107142.8571428573,4553571.428571428,232142.8571428572,0.4375,55457018.85714286,40558928.27678572,955.9464285714287,19701.1875,171107142.85714287,3.149168375000001,,,,1.8488316249999994
ruby,sw4lite,/usr/WS1/dnicho/summer2022/repos/sw4lite/tests/cartesian/uni_rev.in,56,0.15,1022321428.5714283,1896071428.5714285,735714285.7142857,5505321428.571428,24428571.42857143,7035714.285714285,1428571.4285714286,3964285.7142857136,341.67857142857144,424859337.98214287,113856926.76785716,110920.73214285713,2108925.875,173357142.85714287,1.137666875,,,,7.862333125
ruby,sw4lite,/usr/WS1/dnicho/summer2022/repos/sw4lite/tests/loh1/LOH.1-h100.in,1,2.6,34911500000.0,72409732142.85715,9245571428.571428,166324321428.57144,2619000000.0,334892857.14285713,466178571.4285714,126446428.57142857,3.803571428571429,2486610345.044643,1651579982.5089285,971.4553571428572,19699.366071428565,19859892857.142857,146.94342159821468,,,,9.056578401785316
ruby,sw4lite,/usr/WS1/dnicho/summer2022/repos/sw4lite/tests/loh1/LOH.1-h100.in,56,1.3666,66645107142.85714,134391571428.57146,48003250000.0,375023250000.0,2821142857.142857,614321428.5714285,117035714.28571428,230392857.1428572,473.5535714285714,20092394110.857143,3725568941.321429,112601.73214285714,2108921.214285714,9821821428.571428,68.26632055357149,,,,13.72967944642852
ruby,sw4lite,/usr/WS1/dnicho/summer2022/repos/sw4lite/tests/loh1/LOH.1-h50.in,1,33.0333,273680875000.0,758720339285.7142,107655321428.57144,1668188285714.2856,43201000000.0,5255803571.428572,10514571428.571428,2118053571.4285715,3.8303571428571432,44307517133.428566,25359467933.267857,971.4107142857144,19701.035714285714,328072375000.0,1960.6205232764146,,,,21.377476723585232
ruby,sw4lite,/usr/WS1/dnicho/summer2022/repos/sw4lite/tests/loh1/LOH.1-h50.in,56,17.2333,826534892857.1428,1720931607142.8572,593386678571.4286,4762886892857.144,47462535714.28571,7453214285.714286,1963571428.5714285,2897821428.571429,427.69642857142856,143902468430.4643,52398929596.64285,112597.73214285714,2108924.5714285714,110422892857.14284,951.288260464278,,,,82.70973953572206
ruby,sw4lite,/usr/WS1/dnicho/summer2022/repos/sw4lite/tests/loh2/LOH.2-h100.in,1,2.8833,41140142857.14286,81098125000.0,10153464285.714285,187954875000.0,2635553571.428571,332071428.5714286,489642857.14285713,126875000.0,351.92857142857144,2628856459.839286,1683863500.4285715,7089.991071428572,20454.678571428565,19417178571.42857,159.24941408035653,,,,13.748585919643489
ruby,sw4lite,/usr/WS1/dnicho/summer2022/repos/sw4lite/tests/loh2/LOH.2-h100.in,56,1.6,89914964285.71428,159596500000.0,60144107142.85714,464672285714.2857,2881607142.857143,614571428.5714285,172035714.2857143,230928571.42857143,2724.660714285714,20352516018.607143,3810945955.410714,797933.7321428572,2110432.839285714,9105321428.571428,84.07389191071438,,,,11.92610808928562
ruby,sw4lite,/usr/WS1/dnicho/summer2022/repos/sw4lite/tests/loh2/LOH.2-h50.in,1,32.1833,242778107142.85715,716786232142.8572,103846500000.0,1563394642857.1428,43236892857.14286,5242375000.0,10534035714.285715,2116946428.5714285,1463.3214285714291,44557937106.9375,25423542405.33036,7092.6517857142835,23001.86607142857,331976446428.5714,1964.406274106788,,,,-33.408274106787985
ruby,sw4lite,/usr/WS1/dnicho/summer2022/repos/sw4lite/tests/loh2/LOH.2-h50.in,56,17.2833,814290928571.4286,1709111071428.5715,587362857142.8572,4717533000000.0,47538321428.571434,7465535714.285714,2042428571.4285715,2895892857.142857,4272.053571428572,144398220718.9107,52604254880.51786,798231.7321428572,2115527.1964285714,110528464285.71428,946.3160009642778,,,,90.68199903572224
ruby,sw4lite,/usr/WS1/dnicho/summer2022/repos/sw4lite/tests/pointsource/point-source-dg.in,1,0.0166,196428.57142857145,232142.8571428572,17857.14285714286,625000.0,0.0,0.0,0.0,0.0,4.285714285714286,766.1428571428571,576.1696428571427,943.8571428571428,19695.214285714286,0.0,0.0013071607142857145,,,,0.9946928392857143
ruby,sw4lite,/usr/WS1/dnicho/summer2022/repos/sw4lite/tests/pointsource/pointsource.in,1,0.0833,758821428.5714285,1331964285.7142856,157589285.7142857,3159982142.857143,30303571.42857143,3392857.1428571427,4125000.0,71428.57142857142,4.339285714285714,45465354.19642858,29213789.94642857,943.8660714285713,19700.785714285714,243535714.2857143,3.43789625,,,,1.5601037500000001
ruby,sw4lite,/usr/WS1/dnicho/summer2022/repos/sw4lite/tests/pointsource/pointsource.in,56,0.1666,874392857.1428572,1606857142.857143,609035714.2857143,4671750000.0,40857142.85714286,7750000.0,928571.4285714284,1964285.7142857143,316.76785714285717,165884603.4642857,70209409.30357143,109511.73214285713,2108924.0714285714,133107142.85714284,0.9768800178571428,,,,9.019119982142858
ruby,sw4lite,/usr/WS1/dnicho/summer2022/repos/sw4lite/tests/pointsource/ps2.in,1,0.65,7549339285.714286,23154517857.142857,3624107142.857143,51649071428.571434,753357142.8571428,112839285.71428572,28071428.57142857,24839285.71428572,5.830357142857142,2695861257.598214,433337853.9642857,943.7767857142856,19701.053571428565,2028964285.7142856,37.71600671428581,,,,1.283993285714189
ruby,sw4lite,/usr/WS1/dnicho/summer2022/repos/sw4lite/tests/pointsource/ps2.in,56,0.5833,25030500000.0,55290714285.71429,19159571428.57143,152837500000.0,985678571.4285717,190857142.85714287,23535714.28571429,63607142.85714286,269.7857142857143,9265274715.642857,928843122.7142855,109501.73214285713,2108924.5535714286,2177321428.571429,24.96387062500001,,,,10.034129374999996
ruby,sw4lite,/usr/WS1/dnicho/summer2022/repos/sw4lite/tests/topo/gaussianHill.in,1,0.6833,10628946428.571428,24929928571.42857,4030839285.714286,56881035714.28571,904339285.7142855,432375000.0,30285714.28571429,13785714.285714285,4.241071428571429,1373435422.8839285,295478942.57142854,952.0357142857144,19701.553571428565,1546482142.857143,36.333722401785685,,,,4.664277598214319
ruby,sw4lite,/usr/WS1/dnicho/summer2022/repos/sw4lite/tests/topo/gaussianHill.in,56,0.5833,26240571428.57143,53643142857.14286,20526678571.42857,150871821428.57144,798071428.5714285,366071428.5714286,22928571.42857143,47964285.71428572,703.8392857142858,11330986091.232143,773386029.9107143,110483.73214285713,2108926.625,2554142857.142857,24.997476446428585,,,,10.00052355357142
ruby,sw4lite,/usr/WS1/dnicho/summer2022/repos/sw4lite/tests/topo/gaussianHill-rev.in,1,0.7333,4670803571.428572,16366107142.857143,2646125000.0,35322107142.85714,1249392857.142857,193071428.57142857,221750000.0,53982142.85714286,3.8928571428571432,907212895.3392855,672476051.8660715,952.9732142857144,19700.14285714286,6262982142.857142,39.51097760714283,,,,4.48702239285717
ruby,sw4lite,/usr/WS1/dnicho/summer2022/repos/sw4lite/tests/topo/gaussianHill-rev.in,56,0.85,40253500000.0,74221964285.71428,28701392857.142857,214761642857.14285,1079178571.4285717,330250000.0,72500000.0,138964285.7142857,680.1785714285714,13563365716.089285,1835784279.696429,110587.73214285713,2108923.7678571427,6971214285.714286,39.15951550000003,,,,11.840484499999967
ruby,sw4lite,/usr/WS1/dnicho/summer2022/repos/sw4lite/tests/topo/skinny.in,1,1.4333,10481500000.0,57771839285.71429,10728517857.142857,123538928571.42854,2801875000.0,732357142.8571428,142089285.7142857,89910714.28571428,3.2678571428571432,8786589428.3125,1480495561.7321427,952.0267857142856,19700.60714285714,7863446428.571428,82.21926300000007,,,,3.7787369999999356
ruby,sw4lite,/usr/WS1/dnicho/summer2022/repos/sw4lite/tests/topo/skinny.in,56,2.1166,108449392857.14284,222723250000.0,81880107142.85715,628422714285.7144,2435071428.571429,859142857.1428572,125428571.42857143,302178571.4285714,700.6785714285713,42490948571.553566,3761202607.928571,110481.73214285713,2108924.6964285714,12731785714.285715,109.89675203571434,,,,17.099247964285667
ruby,sw4lite,/usr/WS1/dnicho/summer2022/repos/sw4lite/tests/topo/skinny-rev.in,1,1.7,9667464285.714285,39562053571.428566,6845321428.571428,84382160714.28572,2950321428.571429,514553571.4285714,592678571.4285715,141767857.14285713,7.125,2254861622.607143,1708059609.2410715,952.0446428571428,19700.60714285714,16989607142.857143,97.90685102678577,,,,4.093148973214227
ruby,sw4lite,/usr/WS1/dnicho/summer2022/repos/sw4lite/tests/topo/skinny-rev.in,56,1.9666,102425250000.0,191531464285.7143,74106964285.71428,552146428571.4286,2978392857.142857,928392857.1428572,187750000.0,355321428.5714286,780.6071428571429,35597237305.28571,4672754608.482142,110427.73214285713,2108923.6964285714,17466571428.57143,100.51664460714298,,,,17.479355392857016
ruby,TestDfft,10 120,1,0.0666,2096000000.0,2438000000.0,1322000000.0,12104000000.0,86000000.0,120000000.0,52000000.0,56000000.0,2060.0,229350628.0,6306913.0,105137.0,2208120.0,924000000.0,2.7230090000000002,,,,1.2729910000000002
ruby,TestDfft,10 120,32,0.0833,406062500.0,980562500.0,444562500.0,3187625000.0,2000000.0,2125000.0,0.0,0.0,1144.96875,104723349.5625,40674402.84375,105841.78125,2107371.40625,20500000.0,0.41523084375,,,,4.58276915625
ruby,TestDfft,10 128,1,0.0833,2474000000.0,2902000000.0,1640000000.0,14612000000.0,204000000.0,210000000.0,80000000.0,80000000.0,2055.0,166003146.0,2307648.0,105137.0,2208120.0,3044000000.0,4.005808000000001,,,,0.9921919999999993
ruby,TestDfft,10 128,32,0.0833,385437500.0,659000000.0,298625000.0,2238562500.0,4000000.0,6000000.0,0.0,0.0,1166.59375,33401603.0625,46080081.03125,105873.78125,2107372.40625,45312500.0,0.5651221875,,,,4.4328778125
ruby,TestDfft,10 160,1,0.1333,4654000000.0,4340000000.0,2454000000.0,24166000000.0,272000000.0,330000000.0,130000000.0,134000000.0,2046.0,354784438.0,4881012.0,105137.0,2208121.0,3488000000.0,6.716223999999999,,,,1.2817760000000016
ruby,TestDfft,10 160,32,0.0833,801125000.0,1328312500.0,598875000.0,4537125000.0,6000000.0,8000000.0,1875000.0,2000000.0,1044.4375,88487713.4375,92502659.4375,105841.78125,2107371.40625,109687500.0,0.70112178125,,,,4.29687821875
ruby,TestDfft,10 200,1,0.25,8934000000.0,7916000000.0,4508000000.0,45514000000.0,450000000.0,546000000.0,280000000.0,264000000.0,2048.0,585003115.0,5284654.0,105137.0,2208120.0,3888000000.0,13.677552999999996,,,,1.322447000000004
ruby,TestDfft,10 200,32,0.1,1524750000.0,2133812500.0,949375000.0,7472125000.0,11812500.0,16000000.0,3812500.0,4000000.0,1050.8125,98345446.6875,176891187.3125,105841.78125,2107371.40625,265312500.0,1.2652341875,,,,4.7347658125
ruby,TestDfft,10 240,1,0.4166,15458000000.0,13818000000.0,7902000000.0,79258000000.0,944000000.0,1102000000.0,484000000.0,458000000.0,2038.0,1045874302.0,10486772.0,105138.0,2208131.0,9072000000.0,24.352284,,,,0.6437160000000013
ruby,TestDfft,10 240,32,0.1333,2735562500.0,3926250000.0,1771750000.0,13742875000.0,20000000.0,29562500.0,6000000.0,8000000.0,1055.65625,207008423.5,320639436.09375,105873.8125,2107372.75,471375000.0,2.31258021875,,,,5.68541978125
ruby,TestDfft,10 256,1,0.6166,18512000000.0,15280000000.0,8836000000.0,91278000000.0,1766000000.0,1346000000.0,700000000.0,664000000.0,2036.0,1065501958.0,3383707.0,105137.0,2208131.0,14652000000.0,34.19775600000002,,,,2.7982439999999826
ruby,TestDfft,10 256,32,0.1166,3473750000.0,4248812500.0,1870625000.0,15051812500.0,31875000.0,48000000.0,15625000.0,18000000.0,1069.71875,80723613.75,510971839.78125,105841.78125,2107371.75,864562500.0,2.91365215625,,,,4.08234784375
ruby,TestDfft,10 32,1,0.0166,52000000.0,100000000.0,50000000.0,410000000.0,0.0,2000000.0,0.0,0.0,2226.0,19185656.0,513189.0,105137.0,2208098.0,6000000.0,0.055031,,,,0.9409689999999999
ruby,TestDfft,10 32,32,0.0833,52375000.0,109437500.0,42937500.0,320000000.0,,,,,1176.5,8018199.53125,12140098.75,105873.78125,2107371.71875,0.0,0.0557485625,,,,4.9422514375
ruby,TestDfft,10 64,1,0.0166,344000000.0,584000000.0,320000000.0,2568000000.0,16000000.0,34000000.0,8000000.0,8000000.0,2087.0,153799213.0,1378660.0,105137.0,2208109.0,114000000.0,0.371792,,,,0.624208
ruby,TestDfft,10 64,32,0.0666,96187500.0,233062500.0,101375000.0,718000000.0,,,,,1097.8125,23086373.6875,17438422.625,105873.78125,2107372.0625,6000000.0,0.10613309375,,,,3.8898669062500004
ruby,TestDfft,12 128,1,0.1,2938000000.0,3276000000.0,1856000000.0,16870000000.0,240000000.0,252000000.0,94000000.0,94000000.0,2457.0,189960539.0,2298703.0,105137.0,2208692.0,3108000000.0,4.6100400000000015,,,,1.3899599999999985
ruby,TestDfft,12 128,32,0.0833,430750000.0,697312500.0,314875000.0,2394062500.0,4000000.0,6000000.0,0.0,0.0,1139.71875,35607108.03125,54778234.75,105842.75,2107389.3125,52687500.0,0.607388375,,,,4.390611625
ruby,TestDfft,12 256,1,0.7333,22200000000.0,18278000000.0,10568000000.0,109534000000.0,2116000000.0,1616000000.0,858000000.0,790000000.0,2442.0,1264628810.0,3473786.0,105137.0,2208706.0,17468000000.0,40.969139000000034,,,,3.0288609999999636
ruby,TestDfft,12 256,32,0.1333,4033375000.0,4848687500.0,2138375000.0,17291750000.0,39437500.0,57687500.0,19187500.0,22000000.0,1062.125,85035825.6875,600300875.875,105841.78125,2107389.6875,1076625000.0,3.41752675,,,,4.580473250000001
ruby,TestDfft,12 32,1,0.0166,62000000.0,110000000.0,56000000.0,460000000.0,0.0,4000000.0,0.0,0.0,2599.0,28916761.0,502419.0,105137.0,2208666.0,6000000.0,0.076514,,,,0.919486
ruby,TestDfft,12 32,32,0.0666,59812500.0,120250000.0,46500000.0,350062500.0,,,,,1110.5,11527781.90625,12444538.0625,105873.78125,2107389.46875,0.0,0.06047565625,,,,3.9355243437500005
ruby,TestDfft,12 64,1,0.0166,404000000.0,642000000.0,352000000.0,2882000000.0,20000000.0,40000000.0,8000000.0,10000000.0,2447.0,134584824.0,1427732.0,105137.0,2208679.0,132000000.0,0.396074,,,,0.599926
ruby,TestDfft,12 64,32,0.0833,107125000.0,247437500.0,106812500.0,762750000.0,,,,,1157.75,18344374.71875,17797399.0625,105873.78125,2107389.875,6500000.0,0.11016759375,,,,4.88783240625
ruby,TestDfft,14 128,1,0.1333,3404000000.0,3650000000.0,2074000000.0,19114000000.0,274000000.0,288000000.0,108000000.0,108000000.0,2828.0,213815907.0,2308830.0,105137.0,2209264.0,3758000000.0,5.3397960000000015,,,,2.6582039999999987
ruby,TestDfft,14 128,32,0.1,492687500.0,767625000.0,345562500.0,2650125000.0,4000000.0,8000000.0,1812500.0,1687500.0,1098.125,34822832.3125,63404614.75,105841.78125,2107407.15625,58750000.0,0.68177625,,,,5.31822375
ruby,TestDfft,14 256,1,0.8333,25876000000.0,21206000000.0,12274000000.0,127172000000.0,2478000000.0,1874000000.0,1014000000.0,962000000.0,2828.0,1467460620.0,3399670.0,105137.0,2209280.0,18108000000.0,47.33979300000002,,,,2.658206999999983
ruby,TestDfft,14 256,32,0.15,4794562500.0,5737375000.0,2527687500.0,20439562500.0,45437500.0,67000000.0,22000000.0,25375000.0,1072.34375,92595854.65625,681768440.34375,105873.78125,2107408.625,1251000000.0,3.92955321875,,,,5.07044678125
ruby,TestDfft,14 32,1,0.0166,70000000.0,114000000.0,56000000.0,486000000.0,2000000.0,4000000.0,0.0,0.0,2922.0,25594503.0,487051.0,105137.0,2209235.0,6000000.0,0.05503,,,,0.94097
ruby,TestDfft,14 32,32,0.0833,67062500.0,131812500.0,50812500.0,381937500.0,,,,,1214.625,8742443.75,15787259.1875,105842.75,2107406.25,187500.0,0.06574071875,,,,4.93225928125
ruby,TestDfft,14 64,1,0.0166,462000000.0,690000000.0,380000000.0,3176000000.0,22000000.0,44000000.0,10000000.0,12000000.0,2854.0,152090136.0,1372534.0,105137.0,2209250.0,134000000.0,0.446292,,,,0.549708
ruby,TestDfft,14 64,32,0.0666,119375000.0,265000000.0,113500000.0,816625000.0,,,,,1086.4375,19457924.96875,20768390.25,105842.75,2107406.71875,7875000.0,0.12088121875,,,,3.8751187812500003
ruby,TestDfft,15 120,1,0.1,3046000000.0,3178000000.0,1764000000.0,16664000000.0,122000000.0,182000000.0,76000000.0,84000000.0,3017.0,280304388.0,6355349.0,105137.0,2209550.0,1380000000.0,3.916382,,,,2.083618
ruby,TestDfft,15 120,32,0.0833,526687500.0,1115500000.0,502375000.0,3681875000.0,4000000.0,4000000.0,0.0,0.0,1092.8125,106580146.09375,57390959.53125,105873.78125,2107417.09375,30312500.0,0.4903000625,,,,4.5076999375
ruby,TestDfft,15 160,1,0.1833,6912000000.0,6162000000.0,3486000000.0,35004000000.0,408000000.0,496000000.0,196000000.0,202000000.0,3009.0,474737151.0,4900732.0,105138.0,2209550.0,4950000000.0,10.349526,,,,0.6484740000000002
ruby,TestDfft,15 160,32,0.1,1150500000.0,1743000000.0,777937500.0,6020625000.0,8000000.0,14000000.0,2000000.0,2000000.0,1112.5625,97169252.21875,147231049.375,105841.78125,2107416.09375,166375000.0,1.194739875,,,,4.805260125
ruby,TestDfft,15 200,1,0.3666,13332000000.0,11492000000.0,6548000000.0,67046000000.0,682000000.0,808000000.0,420000000.0,398000000.0,3571.0,819145683.0,5279777.0,105137.0,2209551.0,5596000000.0,20.039545,,,,1.9564549999999983
ruby,TestDfft,15 200,32,0.1333,2209437500.0,2906375000.0,1287500000.0,10291125000.0,16750000.0,26000000.0,5375000.0,6000000.0,1076.75,110595093.75,278833670.96875,105873.8125,2107417.09375,388500000.0,1.7804514999999999,,,,6.2175485
ruby,TestDfft,15 240,1,0.6333,23034000000.0,19988000000.0,11500000000.0,116400000000.0,1410000000.0,1672000000.0,724000000.0,690000000.0,2982.0,1455347930.0,10362770.0,105137.0,2209566.0,13864000000.0,36.14694499999999,,,,1.8510550000000094
ruby,TestDfft,15 240,32,0.1333,4054375000.0,5422312500.0,2420437500.0,19115000000.0,30000000.0,44000000.0,10000000.0,12000000.0,1051.96875,209219743.375,497046657.875,105841.78125,2107416.59375,679562500.0,3.25000665625,,,,4.74799334375
ruby,TestDfft,16 128,1,0.1166,3866000000.0,4010000000.0,2286000000.0,21302000000.0,310000000.0,322000000.0,120000000.0,122000000.0,3187.0,239822865.0,2299596.0,105137.0,2209836.0,4128000000.0,5.932309000000001,,,,1.0636909999999986
ruby,TestDfft,16 128,32,0.1,552125000.0,834312500.0,374125000.0,2894000000.0,6000000.0,8000000.0,2000000.0,2000000.0,1141.65625,37448429.0,72722871.71875,105842.75,2107425.0625,67187500.0,0.440596,,,,5.559404
ruby,TestDfft,16 256,1,0.9333,29562000000.0,24190000000.0,14004000000.0,145392000000.0,2846000000.0,2144000000.0,1180000000.0,1152000000.0,3187.0,1668493591.0,3521009.0,105137.0,2209853.0,19680000000.0,53.32035900000007,,,,2.6776409999999373
ruby,TestDfft,16 256,32,0.15,5295437500.0,6294812500.0,2762812500.0,22479375000.0,52000000.0,76062500.0,25437500.0,28250000.0,1104.375,98664908.59375,825872590.84375,105842.75,2107425.59375,1385812500.0,4.4669208125,,,,4.5330791875
ruby,TestDfft,16 32,1,0.0166,78000000.0,120000000.0,60000000.0,526000000.0,2000000.0,4000000.0,0.0,0.0,3262.0,25950441.0,535595.0,105137.0,2209803.0,8000000.0,0.07004099999999999,,,,0.925959
ruby,TestDfft,16 32,32,0.0666,72375000.0,140625000.0,53812500.0,406062500.0,,,,,1212.40625,10431442.59375,16173954.125,105873.78125,2107424.96875,1875000.0,0.30562115625,,,,3.6903788437500005
ruby,TestDfft,16 64,1,0.0166,518000000.0,728000000.0,404000000.0,3440000000.0,24000000.0,48000000.0,12000000.0,14000000.0,3211.0,162452061.0,1375659.0,105137.0,2209820.0,154000000.0,0.491446,,,,0.504554
ruby,TestDfft,16 64,32,0.0833,126125000.0,270812500.0,114875000.0,834375000.0,0.0,62500.0,0.0,0.0,1107.65625,18728467.40625,23384715.0,105842.75,2107424.53125,8687500.0,0.1259895625,,,,4.8720104375
ruby,TestDfft,18 128,1,0.1333,4334000000.0,4396000000.0,2510000000.0,23606000000.0,344000000.0,362000000.0,134000000.0,136000000.0,3582.0,262276851.0,2299779.0,105137.0,2210411.0,4462000000.0,6.4773400000000025,,,,1.5206599999999977
ruby,TestDfft,18 128,32,0.1,612625000.0,904562500.0,404625000.0,3150000000.0,6000000.0,10000000.0,2000000.0,2000000.0,1189.28125,38162117.125,81275725.6875,105873.78125,2107443.96875,74625000.0,0.4800171875,,,,5.5199828125
ruby,TestDfft,18 256,1,1.0333,33246000000.0,27156000000.0,15726000000.0,163368000000.0,3172000000.0,2418000000.0,1272000000.0,1210000000.0,3576.0,1871096080.0,3418920.0,105137.0,2210429.0,24666000000.0,61.09822800000014,,,,0.8997719999998637
ruby,TestDfft,18 256,32,0.1666,6050625000.0,7126875000.0,3142437500.0,25530500000.0,59187500.0,86187500.0,29062500.0,32437500.0,1083.25,105069817.28125,877527184.875,105873.78125,2107444.5625,1522000000.0,4.9823469375,,,,5.0136530625
ruby,TestDfft,18 32,1,0.0166,86000000.0,128000000.0,64000000.0,566000000.0,2000000.0,6000000.0,0.0,0.0,3746.0,26467050.0,511554.0,105137.0,2210373.0,10000000.0,0.070038,,,,0.925962
ruby,TestDfft,18 32,32,0.0666,79687500.0,151687500.0,57250000.0,435875000.0,,,,,1098.03125,10529734.8125,17458334.9375,105873.78125,2107442.78125,1937500.0,0.0755915625,,,,3.9204084375000003
ruby,TestDfft,18 64,1,0.0166,580000000.0,788000000.0,438000000.0,3766000000.0,28000000.0,56000000.0,12000000.0,16000000.0,3580.0,164146427.0,1383973.0,105137.0,2210391.0,172000000.0,0.5618340000000001,,,,0.43416599999999994
ruby,TestDfft,18 64,32,0.0833,137312500.0,290312500.0,123062500.0,895875000.0,0.0,2000000.0,0.0,0.0,1102.59375,21474856.25,25221914.15625,105873.78125,2107443.375,10500000.0,0.13041334375,,,,4.86758665625
ruby,TestDfft,20 120,1,0.1,4004000000.0,3962000000.0,2224000000.0,21394000000.0,164000000.0,244000000.0,100000000.0,112000000.0,3955.0,331733006.0,6386579.0,105137.0,2210984.0,1778000000.0,5.076418,,,,0.9235819999999997
ruby,TestDfft,20 120,32,0.0833,637000000.0,1238312500.0,556500000.0,4139750000.0,4000000.0,6000000.0,0.0,0.0,1075.09375,109377671.15625,73599937.84375,105873.78125,2107461.90625,38625000.0,0.79742303125,,,,4.20057696875
ruby,TestDfft,20 128,1,0.15,4798000000.0,4772000000.0,2728000000.0,25840000000.0,380000000.0,390000000.0,148000000.0,150000000.0,3966.0,293063772.0,2321079.0,105137.0,2210984.0,5046000000.0,7.283607000000003,,,,1.7163929999999974
ruby,TestDfft,20 128,32,0.1,696812500.0,1012062500.0,450250000.0,3520000000.0,6000000.0,10000000.0,2000000.0,2000000.0,1122.09375,37383365.875,86956523.96875,105841.78125,2107460.90625,81562500.0,0.7515403125,,,,5.2484596875000005
ruby,TestDfft,20 160,1,0.25,9174000000.0,8044000000.0,4608000000.0,46284000000.0,544000000.0,664000000.0,260000000.0,270000000.0,3957.0,592170320.0,4802054.0,105136.0,2210982.0,6720000000.0,12.829108999999995,,,,2.1708910000000046
ruby,TestDfft,20 160,32,0.0833,1491687500.0,2131875000.0,947937500.0,7429125000.0,11875000.0,18000000.0,3812500.0,4000000.0,1157.4375,103103206.375,193220208.90625,105841.78125,2107460.90625,232562500.0,1.41826753125,,,,3.5797324687500005
ruby,TestDfft,20 200,1,0.4833,17720000000.0,15072000000.0,8610000000.0,88502000000.0,878000000.0,1090000000.0,542000000.0,530000000.0,3967.0,1061497527.0,5275147.0,105137.0,2210984.0,7224000000.0,26.40863599999999,,,,2.5893640000000104
ruby,TestDfft,20 200,32,0.1333,2880500000.0,3656812500.0,1621812500.0,13062250000.0,22750000.0,34000000.0,7687500.0,9125000.0,1127.34375,119685963.28125,362132537.53125,105871.8125,2107461.84375,522125000.0,3.05331728125,,,,4.94468271875
ruby,TestDfft,20 240,1,0.85,30630000000.0,26270000000.0,15148000000.0,153984000000.0,1884000000.0,2228000000.0,966000000.0,920000000.0,3991.0,1881703556.0,10704150.0,105137.0,2211005.0,19446000000.0,46.96454399999998,,,,4.035456000000018
ruby,TestDfft,20 240,32,0.15,5347812500.0,6861625000.0,3051687500.0,24345000000.0,40000000.0,59000000.0,12000000.0,16000000.0,1061.0625,223152167.78125,625646206.6875,105873.78125,2107462.5625,919937500.0,4.19210565625,,,,4.80789434375
ruby,TestDfft,20 256,1,1.1833,36922000000.0,30096000000.0,17432000000.0,181272000000.0,3548000000.0,2710000000.0,1332000000.0,1310000000.0,3977.0,2071487491.0,3503144.0,105137.0,2211005.0,25734000000.0,66.06183800000017,,,,4.93616199999984
ruby,TestDfft,20 256,32,0.1666,6809000000.0,8026937500.0,3514125000.0,28613750000.0,65125000.0,96000000.0,31625000.0,36125000.0,1062.0,112997905.1875,1134704120.84375,105873.78125,2107462.5625,1716000000.0,5.53731240625,,,,4.458687593750001
ruby,TestDfft,20 32,1,0.0333,96000000.0,136000000.0,70000000.0,610000000.0,2000000.0,6000000.0,0.0,0.0,4164.0,26325659.0,546169.0,105137.0,2210943.0,12000000.0,0.07003699999999999,,,,1.9279630000000003
ruby,TestDfft,20 32,32,0.0833,83437500.0,156562500.0,59062500.0,450437500.0,,,,,1094.9375,8226203.3125,18946032.21875,105873.78125,2107460.59375,1937500.0,0.07500865625,,,,4.922991343750001
ruby,TestDfft,20 64,1,0.0166,636000000.0,830000000.0,462000000.0,4052000000.0,30000000.0,58000000.0,14000000.0,18000000.0,3979.0,147144953.0,1329486.0,105137.0,2210963.0,190000000.0,0.591357,,,,0.404643
ruby,TestDfft,20 64,32,0.0666,145375000.0,300937500.0,127375000.0,930812500.0,0.0,2000000.0,0.0,0.0,1199.0,19450102.4375,27179993.3125,105841.78125,2107460.25,12062500.0,0.3751424375,,,,3.6208575625000003
ruby,XSBench,-m event -s large -G hash,1,1.0833,686000000.0,720000000.0,316000000.0,3006000000.0,30000000.0,4000000.0,0.0,0.0,0.0,24115408.0,36234966.0,0.0,0.0,6000000.0,0.5870690000000002,,,,64.41093099999999
ruby,XSBench,-m event -s large -G nuclide,1,3.9,524000000.0,644000000.0,306000000.0,2160000000.0,30000000.0,4000000.0,0.0,0.0,0.0,24664062.0,36313730.0,0.0,0.0,6000000.0,0.5907530000000001,,,,233.409247
ruby,XSBench,-m event -s large -G unionized,1,1.0666,6754000000.0,3996000000.0,1986000000.0,22648000000.0,44000000.0,10000000.0,4000000.0,0.0,0.0,24466568.0,36267862.0,0.0,0.0,106000000.0,4.641038000000003,,,,59.354962
ruby,XSBench,-m event -s small -G hash,1,0.2333,130000000.0,138000000.0,60000000.0,578000000.0,16000000.0,0.0,0.0,0.0,0.0,4893335.0,6949856.0,0.0,0.0,0.0,0.169478,,,,13.828522000000001
ruby,XSBench,-m event -s small -G nuclide,1,0.75,100000000.0,124000000.0,58000000.0,416000000.0,4000000.0,0.0,0.0,0.0,0.0,5149057.0,7045299.0,0.0,0.0,0.0,0.125353,,,,44.874647
ruby,XSBench,-m event -s small -G unionized,1,0.25,394000000.0,308000000.0,152000000.0,1422000000.0,6000000.0,0.0,0.0,0.0,0.0,4936398.0,7174000.0,0.0,0.0,12000000.0,0.3359480000000001,,,,14.664052
ruby,XSBench,-m event -s XL -G hash,1,2.6333,13592000000.0,16798000000.0,7642000000.0,55810000000.0,1240000000.0,136000000.0,528000000.0,38000000.0,0.0,509263308.0,763296296.0,0.0,0.0,832000000.0,20.863900999999988,,,,137.13409900000002
ruby,XSBench,-m event -s XL -G nuclide,1,8.55,13380000000.0,16702000000.0,7630000000.0,54714000000.0,1124000000.0,136000000.0,488000000.0,38000000.0,0.0,509072142.0,763618447.0,0.0,0.0,862000000.0,19.20292399999998,,,,493.797076
ruby,XSBench,-m event -s XL -G unionized,1,0.9666,25342000000.0,27774000000.0,13164000000.0,99100000000.0,1180000000.0,274000000.0,510000000.0,40000000.0,0.0,509220898.0,763797657.0,0.0,0.0,5682000000.0,27.70677399999999,,,,30.289226000000014
ruby,XSBench,-m event -s XXL -G hash,1,3.5666,29498000000.0,36756000000.0,16642000000.0,120652000000.0,2858000000.0,334000000.0,1276000000.0,126000000.0,0.0,1068783545.0,1603106383.0,0.0,0.0,2734000000.0,46.50264799999999,,,,167.49335200000002
ruby,XSBench,-m event -s XXL -G nuclide,1,10.4666,29274000000.0,36662000000.0,16632000000.0,119500000000.0,2724000000.0,332000000.0,1214000000.0,124000000.0,0.0,1068764276.0,1603045344.0,0.0,0.0,2736000000.0,44.038626999999984,,,,583.957373
ruby,XSBench,-m event -s XXL -G unionized,1,2.5,54758000000.0,60332000000.0,28460000000.0,214118000000.0,2842000000.0,634000000.0,1260000000.0,130000000.0,0.0,1068581351.0,1603265946.0,0.0,0.0,14278000000.0,62.898682999999984,,,,87.10131700000002
ruby,XSBench,-m history -s large -G hash,1,1.0833,684000000.0,720000000.0,316000000.0,3006000000.0,30000000.0,4000000.0,0.0,0.0,0.0,24425255.0,36360746.0,0.0,0.0,8000000.0,0.8743070000000002,,,,64.12369299999999
ruby,XSBench,-m history -s large -G nuclide,1,3.8666,524000000.0,644000000.0,306000000.0,2160000000.0,30000000.0,4000000.0,0.0,0.0,0.0,24139891.0,36203218.0,0.0,0.0,6000000.0,0.600655,,,,231.39534500000002
ruby,XSBench,-m history -s large -G unionized,1,1.0333,6754000000.0,3996000000.0,1986000000.0,22648000000.0,44000000.0,10000000.0,4000000.0,0.0,0.0,24157148.0,36200304.0,0.0,0.0,104000000.0,4.544896,,,,57.453104
ruby,XSBench,-m history -s small -G hash,1,0.1833,130000000.0,138000000.0,60000000.0,578000000.0,16000000.0,0.0,0.0,0.0,0.0,4936206.0,7160082.0,0.0,0.0,0.0,0.17627600000000004,,,,10.821724
ruby,XSBench,-m history -s small -G nuclide,1,0.7166,100000000.0,124000000.0,58000000.0,416000000.0,4000000.0,0.0,0.0,0.0,0.0,4949242.0,7097668.0,0.0,0.0,0.0,0.12166500000000001,,,,42.874335
ruby,XSBench,-m history -s small -G unionized,1,0.2833,394000000.0,308000000.0,152000000.0,1422000000.0,6000000.0,0.0,0.0,0.0,0.0,4953547.0,7116126.0,0.0,0.0,10000000.0,0.3503000000000001,,,,16.6477
ruby,XSBench,-m history -s XL -G hash,1,2.5666,13592000000.0,16798000000.0,7642000000.0,55810000000.0,1242000000.0,136000000.0,528000000.0,38000000.0,0.0,508804575.0,763627134.0,0.0,0.0,856000000.0,20.93128299999998,,,,133.06471700000003
ruby,XSBench,-m history -s XL -G nuclide,1,8.4333,13380000000.0,16702000000.0,7630000000.0,54714000000.0,1124000000.0,136000000.0,488000000.0,38000000.0,0.0,509062411.0,763490666.0,0.0,0.0,836000000.0,19.583117999999985,,,,486.4148819999999
ruby,XSBench,-m history -s XL -G unionized,1,0.7333,25338000000.0,27772000000.0,13164000000.0,99096000000.0,1180000000.0,278000000.0,512000000.0,40000000.0,0.0,508813099.0,763771546.0,0.0,0.0,5704000000.0,27.655606999999986,,,,16.342393000000012
ruby,XSBench,-m history -s XXL -G hash,1,3.5666,29500000000.0,36760000000.0,16642000000.0,120656000000.0,2860000000.0,330000000.0,1280000000.0,124000000.0,0.0,1068759357.0,1603236378.0,0.0,0.0,2712000000.0,46.22748299999997,,,,167.76851700000003
ruby,XSBench,-m history -s XXL -G nuclide,1,10.3833,29276000000.0,36660000000.0,16632000000.0,119500000000.0,2724000000.0,330000000.0,1216000000.0,122000000.0,0.0,1068450465.0,1603189800.0,0.0,0.0,2736000000.0,43.96415899999998,,,,579.033841
ruby,XSBench,-m history -s XXL -G unionized,1,2.5,54762000000.0,60334000000.0,28462000000.0,214122000000.0,2842000000.0,634000000.0,1260000000.0,132000000.0,0.0,1068616272.0,1603317774.0,0.0,0.0,14318000000.0,62.49708899999999,,,,87.50291100000001
