no,corona,quartz,lassen,ruby
0,1266.0208,3719.0407,1081.2612,1533.243
1,503.4654,1311.6236,349.24,513.4095
2,686.4308,2787.3086,649.0709,1102.7544
3,729.8041,2109.5793,509.8682,815.9913
4,1248.4998,4979.8034,1274.9879,2040.1304
5,1404.5039,3073.2778,693.5697,1190.6216
6,1171.9819,2597.4424,710.4806,1053.3389
7,1657.9023,2390.1949,488.5776,1010.4259
8,460.2435,1528.2744,376.8886,648.426
9,1255.2545,5260.7128,1215.0881,2154.4261
10,1165.1682,1403.7227,378.0626,566.7584
11,1857.5627,6801.8282,1671.1835,2756.7499
12,414.8637,1382.7621,340.0857,548.373
13,1372.5801,2758.7189,703.0228,1078.0613
14,979.6589,2266.7555,613.9443,931.5488
15,1434.8601,3140.724,901.5119,1199.1142
16,1588.3908,4876.1265,1360.7414,1934.8317
17,18.0608,36.0917,8.688,13.628
18,557.6166,1959.5538,430.8884,803.1315
19,445.4724,1880.9728,573.5377,718.695
20,1206.6747,2157.7251,488.9967,897.1299
21,1055.7372,3498.547,929.5595,1389.7375
22,2159.2634,2618.6842,649.7799,1021.0918
23,283.6825,496.954,107.2742,203.3644
24,2248.0903,5319.2506,1395.0117,6697.0587
25,1990.7171,5463.6246,1459.8072,2333.364
26,185.3773,627.1205,141.1327,249.8058
27,356.0646,778.9578,225.7477,299.633
28,1407.5326,1637.0989,361.7853,670.3875
29,909.9484,1074.9745,256.3029,466.4285
30,1608.2473,1912.019,490.2708,806.2049
31,297.2682,1203.1019,308.285,492.4354
32,416.7723,835.1908,228.805,317.2949
33,1663.7055,3344.2551,663.3818,1294.3402
34,1957.5286,3774.4453,766.858,1526.8092
35,158.7753,430.6271,110.4943,160.4323
36,1712.3897,6171.35,1539.011,2350.6659
37,1227.8504,1390.0172,342.0334,1680.3715
38,598.0542,1342.2823,360.7903,499.0225
39,1859.761,6753.8662,1849.6273,2714.1383
40,471.7014,861.0362,244.6792,330.6391
41,2065.5545,6431.9638,1732.3998,2452.3797
42,127.5082,406.8097,107.5436,174.6864
43,2120.1704,5698.8398,1363.7099,2254.7312
44,1476.0728,5079.1022,1529.0235,1901.8262
45,1339.1081,4559.9433,1282.718,1843.9951
46,2266.1644,6466.0107,2025.3481,2612.8013
47,911.4278,1097.2177,275.121,445.7774
48,173.7873,570.4233,146.8901,233.088
49,1017.337,4291.2709,1110.6311,1687.7209
50,1865.5527,4311.6973,1041.0341,1628.0655
51,1228.5305,1701.0817,458.103,675.6986
52,2075.7581,3842.9395,1060.7042,1520.7845
53,1401.1836,4692.4839,1245.4777,1783.1734
54,425.3726,1347.3801,287.1615,496.4512
55,1177.3092,2005.1566,485.4987,820.4959
56,1947.0373,7702.4214,1874.8272,3013.4414
57,1876.3414,6412.0479,1697.8211,7684.574
58,247.2283,1003.5728,251.0883,1329.9723
59,1082.1951,2121.6191,501.1378,853.4123
60,1622.0571,5591.0721,1455.463,2094.655
61,104.3432,404.4962,85.9671,150.288
62,2136.267,6737.5559,1638.6827,2624.197
63,963.0304,3671.8241,973.4535,1507.8219
64,1891.9018,2981.5575,844.3083,1218.7137
65,1607.8296,6813.787,1446.5826,2667.2687
66,1645.9044,2435.3949,607.2896,971.0686
67,1651.6075,4956.5741,1353.7937,1892.9117
68,828.2425,2728.5114,683.1777,1145.0184
69,219.0826,529.2321,142.1389,200.2937
70,841.168,3258.3621,799.157,1300.1633
71,1499.452,4161.8397,881.0038,1728.2108
72,2154.6356,4339.6494,1433.4977,1835.2191
73,916.939,2802.5093,598.988,1159.5995
74,1954.3996,2359.2307,554.0319,843.8564
75,1429.6863,2296.3168,551.3223,951.7188
76,837.3756,2383.1433,598.9837,3041.1728
77,1477.8548,4585.8866,1005.1187,1776.0056
78,682.6937,2074.4194,640.7682,842.2478
79,1596.921,2261.2868,611.0428,858.9397
80,46.6007,115.7682,25.6378,46.2336
81,701.9036,2915.9901,877.5891,1191.2211
82,1545.1635,5333.1817,1173.2026,2088.1776
83,2172.7936,6781.5899,1771.7781,2887.1877
84,591.8627,2267.9797,583.0302,925.0021
85,426.4549,1119.496,259.8073,464.9984
86,1477.7302,2361.0007,608.9429,911.3637
87,2265.1416,4850.7969,1205.1963,1884.9103
88,1783.5357,4941.5935,1236.8137,1906.5845
89,1772.3167,4236.4535,1189.6392,1763.342
90,678.3414,2146.7097,3043.5396,860.7668
91,61.0639,81.0265,19.5437,31.7756
92,580.4606,1153.3196,280.3871,448.2786
93,178.7494,712.8129,228.8524,292.5183
94,866.1212,1952.3086,458.1434,813.4851
95,1073.3384,2198.8488,498.2257,903.172
96,1161.6516,1343.5106,333.5229,575.5074
97,353.8659,760.8416,183.1363,293.5077
98,1287.8039,1691.6026,391.018,726.9517
99,517.09,785.0183,231.3425,308.3794
100,1821.5661,5483.6717,1155.1536,2140.6379
101,1990.0158,3142.8147,765.6687,1276.2143
102,178.8226,581.8506,148.8293,752.51
103,1485.0033,2427.5385,740.9788,933.1506
104,261.5662,938.5259,238.3494,377.3481
105,1952.0726,4313.4514,1022.4571,1741.8658
106,300.5313,779.9105,185.5258,304.4968
107,1849.7255,6411.9538,2079.9705,2796.1109
108,165.6587,308.474,66.7547,121.9102
109,1680.7399,3164.9541,703.1959,1261.6768
110,1342.3985,2237.1604,567.7111,853.447
111,1660.8151,6168.6604,1592.8463,2454.3941
112,722.2337,945.8825,210.3237,371.0923
113,1193.2288,4503.7344,1145.2319,1742.9343
114,23.6832,54.9261,13.5691,20.7804
115,1605.6695,4355.2028,1028.9455,1701.8251
116,690.5293,990.7709,289.904,377.2241
117,534.316,2184.9694,530.0343,908.9848
118,1553.6775,5976.4653,1618.8245,2295.84
119,996.2001,3645.0669,915.7614,1487.409
120,1460.3988,5189.6924,1602.3473,2011.3167
121,1374.2726,4460.841,1188.5384,1736.0442
122,1986.4965,5470.2196,1222.9371,2198.6003
123,1655.1386,2667.4625,674.4331,1139.1575
124,587.1251,1189.8208,266.2069,433.4217
125,343.6898,1294.3276,376.1457,525.4259
126,693.0997,2385.7157,632.03,941.8493
127,872.5972,3336.7662,941.2558,1347.2325
128,1309.1061,3467.2964,711.4156,1344.0987
129,862.7086,3064.4218,721.2597,1306.57
130,1954.8835,3598.036,778.7551,1329.9438
131,1634.1888,4121.8221,919.9324,1569.9476
132,2117.7705,5904.2371,1485.2266,8011.464
133,764.3627,1541.5717,371.3253,631.294
134,1015.6016,1136.2812,267.8048,462.7325
135,2141.0937,8470.19,1887.6789,3537.1057
136,812.3603,2931.7795,646.2352,1139.3025
137,414.4097,1454.5314,448.0414,592.3105
138,23.1762,42.6985,9.634,17.0032
139,1685.9659,4849.0672,1119.1579,1934.6603
140,1248.3968,2575.663,711.1178,1061.6101
141,280.0033,1009.3613,237.5577,364.2716
142,1112.4317,1216.1764,350.5896,484.7585
143,295.4382,507.7073,122.0567,203.5791
144,1305.4523,2913.727,697.8105,1177.6937
145,2004.344,5194.3418,1264.6644,2211.9269
146,1984.0163,5786.3274,8324.5799,2489.2721
147,684.9768,779.8016,156.0713,324.5187
148,178.1072,514.3345,131.7932,210.2792
149,1141.509,4842.3,1211.0079,1912.135
150,438.4068,1236.2891,242.7134,507.8727
151,428.9332,520.3221,124.2157,209.1073
152,2013.0413,8057.2532,2475.421,3276.1921
153,574.5164,1708.3849,390.984,699.8276
154,1204.1464,1534.2961,417.8485,1908.4669
155,1346.5748,2142.0853,597.4422,794.081
156,1294.8831,5069.8843,1494.9595,2115.0675
157,1287.1945,2219.2084,609.4021,903.7963
158,963.0515,1746.1372,431.7815,794.1225
159,566.8962,2239.4286,615.0115,919.3897
160,1128.5521,1889.9277,506.3434,764.8421
161,710.7513,1893.1738,487.0636,738.1125
162,1829.7267,2420.5234,615.6519,964.4476
163,2252.4981,6059.7506,1487.2439,7717.8167
164,617.4331,1660.9665,479.911,658.0093
165,1924.8952,2602.2374,553.5909,991.0373
166,512.9709,1702.2121,400.5453,652.0767
167,1403.8261,4558.2655,1089.5659,1832.8339
168,2142.5912,7369.36,1907.0267,2894.6318
169,1382.2091,4951.5994,1113.0435,2000.0829
170,2110.9496,5082.9647,1393.3568,2167.3565
171,806.6013,1036.2904,259.3525,396.0448
172,1819.282,6040.7315,1535.1408,2369.7794
173,647.6864,956.9331,194.8793,392.2368
174,1208.7295,2742.8502,715.8319,1100.5575
175,523.7434,958.1724,241.7538,370.842
176,745.8737,1731.3484,407.676,701.4672
177,1567.4073,3284.9009,739.7359,1452.0914
178,492.3117,1982.8379,600.1308,754.1728
179,684.2094,991.0318,264.8415,411.5783
180,1452.577,4599.9795,1396.4953,1784.9353
181,1382.3521,1878.3372,437.3846,838.5073
182,1173.5069,4356.1485,1236.1105,1655.2072
183,1248.9885,3568.9079,928.9159,1462.9744
184,1113.0262,3953.5161,883.0576,1769.0428
185,835.287,2002.0361,598.2941,761.1781
186,928.009,1964.1441,408.91,765.8775
187,703.4158,2912.2743,692.4279,1173.1092
188,1029.585,1757.3238,479.8133,708.0712
189,610.0309,860.5894,206.6725,337.318
190,1706.8724,5971.7903,1756.4464,2396.9452
191,226.2958,781.681,180.6336,303.5332
192,802.2249,3026.0923,806.3854,1259.6781
193,292.263,900.0612,210.1022,346.9306
194,58.4608,151.7619,37.5297,60.6677
195,198.0178,697.4553,161.0434,282.113
196,2023.2062,5174.6736,1060.9115,2094.9375
197,39.2794,126.3595,37.3547,48.1942
198,1753.955,7440.9169,1705.2539,2906.7476
199,263.8851,546.1609,136.7672,227.9019
200,1939.7167,7633.5179,2293.5195,3062.6694
201,605.054,2381.8776,602.3596,1054.4265
202,1520.2843,1655.7894,424.582,702.591
203,429.8411,1282.6157,348.9908,528.63
204,2190.5824,7229.2121,1735.1311,2976.9304
205,602.5721,1170.5833,312.1938,432.6775
206,310.0698,382.3583,83.41,167.3395
207,1767.0004,4559.2006,1246.1932,1756.3776
208,435.0864,1769.9519,434.9193,671.9319
209,1156.2151,3936.6897,1326.7175,1551.9132
210,912.1952,1662.8232,390.0874,660.1363
211,1440.9973,4940.4206,1429.8415,1912.0798
212,662.1993,2070.8477,563.3252,773.8095
213,1438.4468,5264.8376,1281.3357,2033.4103
214,1100.1107,1967.5331,463.7366,766.7425
215,774.0233,2740.5758,573.0787,1092.2145
216,455.4423,505.7871,121.9268,194.1855
217,1266.3987,4651.4185,1007.7756,1894.1153
218,621.6279,2064.8671,509.0123,811.2354
219,1283.5599,4764.7892,1084.7859,1849.5022
220,1575.3551,3807.9748,979.049,1603.4313
221,1068.9356,3048.8804,765.5919,3915.7937
222,896.1166,2308.5491,550.0701,971.9763
223,2137.7106,3287.1966,785.5667,1396.9425
224,968.2671,2965.519,741.5529,1218.5089
225,133.4754,275.4437,74.1695,103.8659
226,1265.8043,1877.1996,515.3675,768.0197
227,1104.489,3499.0645,844.6361,1445.5949
228,38.6195,128.9879,35.1865,55.5827
229,999.2826,2027.851,583.6738,850.014
230,532.303,1065.4965,287.8503,410.0518
231,775.06,2395.6166,622.0212,1011.7539
232,978.8201,1133.4709,275.461,472.343
233,1108.9977,3675.4406,966.1741,1455.4753
234,1105.9321,1222.2479,251.1234,494.2885
235,1830.1111,6505.6975,1775.3248,2476.117
236,1.2131,2.7667,1.0209,1.1241
237,161.9119,643.3443,139.0615,826.3203
238,441.7326,729.292,160.93,299.0002
239,229.4492,714.2644,180.2374,302.6057
240,605.1002,1278.6646,345.2367,486.1026
241,2220.9826,2595.7129,782.3135,1031.3767
242,343.5964,1358.4838,395.2225,1610.3384
243,143.1862,498.751,155.6175,202.5013
244,1167.555,4906.902,1251.237,1936.1359
245,1996.5987,5670.1822,1203.1822,2219.2846
246,965.4181,3614.8187,930.9295,1421.0908
247,1062.8791,2615.0811,670.8804,1026.4684
248,1538.9782,5244.4109,1210.267,2188.8182
249,1571.4673,3431.8554,757.2237,1361.5053
250,1781.0593,7407.1459,2019.3705,2958.1513
251,2234.5381,7545.2957,1956.6127,2898.3938
252,353.3447,1264.2496,1662.9559,499.2542
253,1646.3137,6702.6994,1654.6816,2681.4304
254,2122.8352,4219.3538,890.4922,1688.2342
255,1023.9319,3605.2,853.6671,4140.9937
256,218.464,353.8476,91.1731,137.1654
257,337.954,955.5173,234.6286,400.9116
258,474.8743,1806.3748,577.9905,719.3753
259,2138.1686,6189.0783,1497.5398,2546.0714
260,1929.8422,6296.1361,1688.9409,2560.3204
261,1911.6495,3189.0888,809.7501,1421.4676
262,801.8384,3014.202,790.4693,3529.5331
263,2078.3413,6481.4486,1949.0536,2669.7236
264,410.2166,922.8196,258.0785,380.3131
265,1440.0876,2153.9433,571.4275,812.2255
266,1112.7879,2656.8941,778.6499,998.2384
267,461.6726,924.44,206.949,348.4183
268,537.3809,2024.863,472.6497,765.0426
269,2019.5169,2923.8217,679.0113,1179.4592
270,243.7855,270.0004,56.7079,108.6915
271,2257.8239,4715.1525,1228.8509,1899.6211
272,1771.5587,6307.5586,1490.5019,2618.9572
273,541.9475,1433.9496,398.1295,604.4084
274,1454.5307,5708.0432,1356.4062,2168.2727
275,1728.645,5232.564,1231.4611,2083.9807
276,1678.5425,6804.9448,1810.0398,2748.3985
277,2108.4722,4152.039,5850.1948,1627.931
278,348.1502,870.7182,254.6787,353.8034
279,1473.8239,3489.4021,820.958,1345.6303
280,560.7886,1440.0804,377.8016,556.047
281,1790.9554,3921.162,919.6848,4729.2583
282,1061.4149,2389.1632,572.4593,1018.8703
283,619.8828,1897.254,546.1579,727.879
284,963.5312,1279.6964,336.544,513.2163
285,867.7033,3354.7041,809.4248,1243.0236
286,1262.407,2129.2204,480.3017,904.9147
287,2042.4659,6839.4807,1786.1077,2748.2007
288,602.4979,1773.8721,423.9068,702.886
289,1471.8885,3949.7027,993.2468,1525.675
290,408.2527,1552.0312,513.5098,634.9527
291,1777.2126,2764.6408,613.4471,1172.4564
292,627.1649,1216.2032,2122.5561,451.6362
293,1410.1463,2516.8795,570.6027,1045.458
294,917.3992,2313.7851,501.1729,2755.8097
295,516.6802,2041.458,544.4155,799.5909
296,1330.4028,4768.0486,1216.2998,1816.9909
297,492.4237,1301.9161,297.2047,567.3174
298,308.0024,612.0236,145.2567,249.3208
299,1312.0497,3607.8172,936.9174,1436.8245
300,1489.724,2382.705,592.0216,872.9482
301,109.4111,145.4143,40.9605,59.0451
302,2034.2087,6472.9974,1532.1947,2650.6713
303,241.0568,965.332,258.4446,369.2507
304,932.8702,1969.6588,520.0245,755.621
305,423.4413,677.0347,180.7231,262.1373
306,1640.3865,2015.8464,457.7558,810.1458
307,486.8162,677.6088,187.8096,256.1818
308,1207.0329,2596.4913,698.7783,1004.0717
309,1970.6852,2972.8792,837.3605,1058.5432
310,2182.1443,8550.6318,1927.5214,10980.0997
311,1038.3958,1354.2202,376.1687,518.5638
312,379.4786,1499.5656,344.408,586.8884
313,138.1226,360.7991,87.3132,140.5136
314,1070.0611,1326.3742,375.3859,503.1509
315,475.6499,1291.6616,322.1936,520.4553
316,164.683,250.9925,52.7143,97.2967
317,724.16,2661.4384,687.2135,1081.5825
318,816.6528,1159.9065,346.4585,480.239
319,1363.9024,4745.6326,1200.7009,1779.3153
320,1394.7332,5522.7027,1341.3995,2113.0687
321,1457.132,2988.4084,751.5545,1258.5184
322,317.0507,775.7766,230.1152,303.636
323,1982.7621,7571.2695,1810.1865,2979.5603
324,2072.0973,5929.1173,1364.9972,2285.4315
325,75.876,123.1101,29.3666,48.4386
326,1623.8981,2673.2115,3594.0894,1062.7295
327,1672.5718,3016.9839,689.1853,1223.7495
328,774.8921,1263.6324,348.1042,530.7099
329,111.1973,390.1341,111.759,153.3436
330,585.2189,1236.7162,375.9328,1506.4316
331,1824.6575,2902.0262,740.9037,1209.2894
332,861.6458,3456.7581,821.7624,1374.8235
333,1161.2195,3117.3756,907.0792,1307.4208
334,1109.524,4657.3224,1177.1925,1786.125
335,924.3753,1239.2874,377.8774,505.7958
336,659.7671,1006.859,213.1031,390.9241
337,907.6188,1852.8992,466.0124,715.182
338,2040.4728,6540.1641,1923.3058,2696.0302
339,1727.2743,4092.6011,1101.2326,1697.3806
340,2011.4488,7471.8144,1860.6726,2982.18
341,2070.6681,5434.6118,1325.971,2126.616
342,999.72,4178.474,911.715,1599.1008
343,1128.1655,2931.8275,721.6122,1207.9579
344,1749.5251,6824.3966,1681.8604,8380.5497
345,1501.0475,3948.89,1087.4521,1615.6245
346,879.1985,1690.2768,475.5808,670.725
347,1245.4867,3115.3639,851.4734,1349.4555
348,1509.3283,4809.3633,1383.1413,2023.6339
349,1966.5313,2233.3846,616.606,857.0821
350,1933.4232,3395.3621,826.3239,1307.9555
351,1397.3279,4776.8668,1064.9294,1867.8097
352,1935.6019,5732.1265,1409.9139,2376.3486
353,1674.5789,5330.2957,1429.4121,2347.515
354,1706.9326,6173.2764,1549.2263,2453.7057
355,1573.9585,6088.2405,1495.5233,2446.344
356,378.4669,431.5307,105.3633,166.757
357,881.0268,1502.9755,365.4055,628.2678
358,2215.0949,3846.9197,878.4213,1426.0242
359,896.5666,1543.8715,348.5621,590.6971
360,243.7366,346.2466,82.0314,131.8162
361,2280.4958,4834.2381,1195.9276,2014.6364
362,1972.9671,2667.2084,622.8482,1037.6055
363,132.9269,287.768,78.2678,117.7424
364,203.1742,599.3493,167.8378,247.4302
365,1216.6501,2486.0787,653.9176,1050.8364
366,1565.5473,4813.5451,1328.6093,1818.1363
367,640.5775,1915.1919,484.9005,771.6498
368,2274.0399,3779.9698,988.272,1509.7218
369,491.9978,793.502,230.9503,300.4337
370,716.9287,2944.9268,649.3641,1179.6637
371,1528.3221,2599.8673,743.5553,1081.188
372,284.5646,1076.8535,314.4049,410.9643
373,1251.3687,3158.4469,764.6366,1266.7099
374,866.007,3340.4474,708.7826,1391.023
375,348.2089,937.9461,211.7019,393.6266
376,602.9197,2044.0242,547.1423,826.6446
377,1773.7703,6838.6771,1818.1895,2609.8727
378,1407.1132,1816.7888,448.2512,751.076
379,1550.6149,3502.4209,927.4583,1496.1657
380,1911.4949,3844.2916,979.7,1505.2319
381,802.1917,2756.3597,759.5278,1074.78
382,169.8374,224.997,64.1267,88.552
383,2006.5225,3049.7338,899.9432,1210.7359
384,2100.2242,5888.1214,1335.0887,2385.2735
385,4.7378,10.9139,2.6671,4.1051
386,693.2153,1343.6623,1839.008,527.0576
387,150.0247,523.1937,115.5152,227.115
388,512.6894,1836.953,453.7635,694.1465
389,2230.8715,7805.2268,2664.7305,3142.0791
390,2275.2152,3639.1731,1061.5369,1539.5977
391,2163.7928,6392.4401,1569.9354,2894.7999
392,1089.3867,2537.2343,578.8121,956.6994
393,1024.1024,3018.4109,704.0163,1252.0559
394,477.1179,793.6027,190.9147,296.3383
395,1565.4863,2485.9697,599.2279,963.7982
396,44.4064,140.7204,35.9761,57.6375
397,2114.3026,8875.4077,2435.5948,3615.469
398,1935.1303,7499.9087,2012.8199,9784.292
399,582.0303,1647.0344,363.0007,666.8604
400,567.3652,970.2712,285.5873,392.6654
401,644.7486,1376.8858,321.1957,556.1981
402,1853.5604,5376.5253,1608.0036,2235.8068
403,1505.1467,3175.4498,923.1291,1349.4753
404,1504.0332,3696.0299,897.5487,1436.2837
405,1200.3867,3885.1327,1049.5825,1602.0895
406,2138.3668,6343.0762,1741.4571,2434.9442
407,1792.1949,2019.0789,3177.4748,754.055
408,1813.0225,4190.1015,962.7669,1708.3564
409,2052.7975,5940.456,1401.2345,2388.6733
410,469.4899,1420.289,1889.6919,560.8361
411,2126.5759,5065.1128,1069.4226,5930.4253
412,1913.5964,7442.1137,2432.7636,3033.9178
413,50.6246,183.043,50.5861,69.6034
414,1183.5769,3797.0895,961.119,4691.7443
415,248.1019,470.6334,141.2978,193.4535
416,989.8416,1711.2107,429.5725,666.3281
417,2136.8675,5557.2351,1391.1146,2227.9306
418,1218.5039,4794.44,1156.6267,2005.2655
419,920.0091,2303.0829,544.5578,911.0613
420,1707.0187,5593.0285,1600.9652,2263.3854
421,224.7459,477.3911,108.1817,187.5244
422,2054.3961,7102.5795,1677.5705,2846.9998
423,1115.4689,2931.1552,681.4565,1107.9711
424,1760.201,3637.0707,1115.995,1525.9886
425,874.8904,1539.8303,427.3348,615.7273
426,126.7547,453.8045,120.2155,167.0236
427,1783.6978,6949.4535,1701.5364,2666.4178
428,2085.4622,6897.927,1872.2718,2870.1403
429,2045.3091,3197.4655,831.7491,1252.5222
430,1537.1128,3033.7888,704.0588,3734.4773
431,1938.3641,2932.5927,737.1696,1201.9583
432,1632.1235,6766.9532,1401.079,2787.9365
433,2254.0445,6191.6662,1541.8462,2548.7599
434,297.7332,739.6178,175.1676,297.4785
435,791.3262,1217.0231,284.9771,530.8849
436,141.6996,412.3249,86.835,163.0068
437,742.2663,1088.3596,309.5707,415.9826
438,439.1784,1610.0254,375.9602,615.1568
439,1550.7161,3763.0961,999.7437,1410.325
440,1040.8645,3086.7367,757.0319,1154.1108
441,1130.2634,4589.0988,1061.014,1840.1079
442,124.5924,308.1009,69.6058,122.4266
443,747.0115,2642.6108,742.0539,997.382
444,191.7363,737.5616,240.3661,299.7639
445,1678.6645,3220.9659,958.8425,1323.9414
446,1767.2983,2958.1153,763.9717,1116.0735
447,536.3578,1306.7586,338.3138,509.0574
448,2052.4788,2882.2205,726.4788,1176.1795
449,15.0982,22.1127,5.4158,8.9698
450,677.9226,2605.3555,671.5438,3328.7295
451,955.1166,2613.648,668.4511,1018.8498
452,1403.6581,2922.1399,679.698,1085.6729
453,287.1431,926.4166,220.6641,360.0088
454,1737.3578,3807.5156,942.5239,4164.3368
455,2188.5552,3713.4626,1143.7586,1405.6386
456,749.9808,2226.3566,645.9473,886.3722
457,1004.0788,3585.7406,885.6836,1446.2234
458,1971.4992,3866.6275,1044.2658,1676.8256
459,2242.9148,8884.2687,2385.8364,3856.8072
460,1143.7649,2432.4459,597.8684,964.9183
461,1062.7487,4307.055,1044.3299,5092.6108
462,247.8782,775.4705,210.9802,323.2142
463,1236.4141,2727.0487,647.2649,1018.9727
464,1619.6779,5789.8171,1211.1305,2234.2998
465,2155.0288,6382.5136,1393.4938,2502.8036
466,1971.9676,7723.7684,1809.7171,3018.2572
467,1635.9707,2307.614,671.3653,905.5507
468,1426.9347,1777.7913,479.9402,711.3077
469,886.4884,2000.8617,482.1235,840.1933
470,2228.5432,7788.4797,2069.5141,3085.6743
471,360.2708,837.9896,186.3886,335.9181
472,1661.7298,5819.9479,1291.1999,2303.5436
473,1683.3101,3247.0765,846.168,1239.2759
474,586.6217,1455.6359,332.6861,637.9841
475,2074.6389,6497.6632,1746.7922,2659.4908
476,1415.1596,4163.9551,1208.9604,1708.1516
477,1124.6533,2818.1893,721.4279,1053.1512
478,1282.7875,4551.6132,1186.9354,1825.9052
479,300.8094,1135.1423,307.3797,465.1397
480,235.073,403.7607,112.0434,157.5339
481,565.9075,2087.6142,526.4257,793.6563
482,1800.0976,4938.2078,1150.5636,1962.373
483,1908.0553,2909.2296,723.48,1136.2745
484,670.0141,778.5711,188.5352,289.2251
485,417.9814,1245.3431,336.4343,539.9873
486,755.7643,1344.0835,336.4158,512.1568
487,1563.3404,2437.8732,656.3678,942.2594
488,833.1879,914.6904,181.3587,358.0848
489,391.8399,534.8778,132.5787,213.8851
490,1923.9212,2195.1705,519.9071,910.5004
491,2181.7203,5094.1359,1188.3187,2002.9829
492,1385.6098,4753.997,6520.6073,1918.2573
493,1919.2747,7479.2038,1664.2428,2999.2201
494,344.3241,926.8161,229.6453,376.4048
495,2005.5605,7659.3139,1956.0992,3365.4485
496,1548.4275,2711.5563,617.9677,3295.7339
497,1059.422,2445.4085,599.7689,890.0247
498,1277.1611,1738.4825,426.1598,639.0333
499,1141.9245,2218.7585,588.455,822.2537
500,131.8923,401.0295,91.0089,162.3968
501,1212.5871,4277.0968,1163.9088,1684.8746
502,24.687,84.185,21.0167,34.7348
503,88.4916,279.5833,75.8018,109.4025
504,673.2128,1320.3592,297.6089,527.4028
505,795.18,1116.022,288.0304,430.3935
506,920.9141,3078.9537,692.5736,1251.9854
507,1629.6656,2620.9231,708.291,1119.2482
508,1883.645,7359.0013,1891.7843,2985.3427
509,185.1786,446.744,131.1567,168.1715
510,150.6322,321.0935,86.5233,132.7788
511,274.9953,1128.5483,230.8816,409.3928
512,2244.3692,8203.5188,1696.0958,3451.5313
513,474.6298,880.3236,242.0965,339.9121
514,285.1339,342.347,93.9583,121.1816
515,1362.6503,3435.4179,914.886,1342.5762
516,556.9303,779.9134,189.9508,296.5864
517,1701.547,5974.5003,8542.3758,2514.8251
518,1797.7999,5281.5025,1231.8294,2078.7233
519,598.6272,1573.6693,352.9691,609.5182
520,624.7392,2650.5802,582.9736,1073.714
521,770.1228,3075.2775,832.9246,1292.2311
522,1076.1367,1206.3602,333.8222,489.4939
523,2066.1605,3959.6836,995.3421,1541.2797
524,1506.5615,2780.2781,749.8489,1157.1145
525,1277.0232,3607.7748,823.0625,1571.8129
526,878.5675,3197.4407,695.5356,1348.2042
527,1438.1147,4421.9479,1251.0949,1786.4029
528,757.3259,2043.0261,544.0881,799.4892
529,2043.8333,2929.0337,697.109,1160.9424
530,1490.0384,2109.0343,484.0533,872.9678
531,559.994,1258.0883,294.9615,502.659
532,314.3544,730.715,181.1571,305.95
533,1212.3203,4768.7695,963.6742,1929.168
534,287.2527,315.8923,93.4975,130.635
535,327.1912,993.7895,267.1835,389.7347
536,945.7667,3291.2037,923.248,1297.8065
537,1503.5093,4048.8333,1100.1125,1625.4765
538,1637.1525,5223.1687,1346.6732,2096.4933
539,292.989,894.13,220.3563,378.1168
540,2199.4172,5181.6496,1324.4287,1966.1202
541,1688.6956,3671.6678,1065.1754,1429.3353
542,1798.2433,2224.1881,527.5242,933.0813
543,689.2375,2904.8351,786.2895,1347.8371
544,915.5564,3581.2956,887.0498,1454.3442
545,1510.2436,2573.1414,726.4055,1109.6312
546,1670.5735,3640.2496,845.8915,1500.5202
547,832.5053,1493.5099,372.8466,603.8827
548,1837.7581,4138.2646,1104.9945,1689.5422
549,620.2562,1156.9783,318.3026,466.4768
550,1120.1038,4741.8738,1303.5272,1858.7756
551,1881.6611,5757.2024,1208.3265,2287.6568
552,959.9575,1639.3891,469.7317,688.9533
553,505.8298,647.0042,202.7548,243.8477
554,964.0996,1800.5567,518.5747,709.9986
555,2128.701,8778.6648,2357.5723,10645.598
556,1367.6332,1997.1918,523.6423,757.2278
557,602.4917,1301.816,356.3835,515.6511
558,1439.6343,2647.4056,640.4176,1101.1906
559,654.4791,1767.8078,439.9875,749.8804
560,756.1411,1833.3426,444.7036,751.2944
561,1942.1137,4686.3341,1393.4431,1993.5732
562,145.1028,233.2408,69.5865,93.0841
563,642.6116,2025.7425,3023.0257,823.7784
564,336.9683,1117.4277,226.8715,449.8783
565,1563.9404,6235.2314,1458.5238,2581.2205
566,1226.4995,3211.8047,826.8631,1225.5615
567,1332.4649,4604.5055,1003.9094,1704.1373
568,1748.0987,3588.1143,870.9229,1389.3189
569,1122.8864,1796.3675,483.3403,730.5796
570,945.6428,3458.9297,871.4617,1383.6745
571,855.162,1275.4429,323.2818,518.8587
572,1918.3831,4653.5353,1396.4383,1985.0358
573,1253.9762,2624.9977,818.7755,3291.1862
574,1064.8369,3189.1166,722.8173,1263.6803
575,921.979,1393.6142,385.8661,551.5327
576,956.7086,3402.3153,830.3003,1331.6388
577,1354.3191,1984.545,528.5239,784.3361
578,1741.7586,2819.4932,731.6546,1060.611
579,996.5551,1835.7113,703.5848,721.1645
580,882.1263,3152.4915,689.0014,1215.1143
581,543.8609,2098.197,540.6847,839.0394
582,744.2219,2037.7199,556.9555,870.5823
583,1781.5563,5831.6236,1412.1919,2311.7654
584,454.5471,1868.0998,514.5966,750.4764
585,624.2794,1503.9341,347.0567,652.2802
586,1242.2461,2208.2412,511.4948,2838.8796
587,469.9436,1345.0221,389.0173,579.9204
588,951.4901,3982.3744,852.7117,1616.0448
589,2187.0229,8064.5024,2129.0102,3199.3002
590,1886.0649,7258.6925,1822.3395,3022.9213
591,986.8318,2570.8491,533.2229,1074.3359
592,1155.6145,2476.1383,589.8828,1015.4661
593,436.9797,1028.4086,232.9964,431.2726
594,239.9338,838.8716,232.6582,340.3366
595,1386.2534,1515.9269,448.8267,615.1263
596,748.0244,1025.532,253.1717,419.1485
597,1806.887,4691.1551,1162.8501,1823.3655
598,1559.6205,3993.2166,1211.4118,1659.0999
599,430.6343,1733.8144,496.9494,2379.7027
600,1625.0461,3693.6242,1016.5019,1441.4661
601,2000.1831,5822.3252,1257.037,2265.1445
602,610.2875,842.9161,220.0583,304.8961
603,1401.3874,4876.5017,1245.9521,1865.6219
604,872.2085,3097.8489,704.0695,1247.4453
605,1371.5631,5243.7642,1300.1708,2084.5885
606,1846.2565,4076.1945,1084.3297,1564.6597
607,508.8414,946.965,234.3106,1094.5345
608,1092.7079,2541.4124,624.8435,3226.9296
609,160.4941,590.1015,159.4696,233.2109
610,1651.5339,6304.791,1511.0991,2683.0305
611,2125.7055,6521.1468,1317.0256,2634.2811
612,179.6585,264.8471,75.8574,105.1543
613,1662.5203,4848.7171,1210.509,1930.6909
614,1424.6825,5979.7578,1828.2711,2330.9427
615,1462.689,2329.4184,578.556,868.3892
616,1678.5361,3411.7773,841.876,1399.7848
617,475.8708,1239.5155,376.9927,470.4478
618,135.3372,198.5879,50.534,80.4443
619,2182.5547,7700.2614,2090.5867,3159.0504
620,1110.898,3577.145,996.0758,1360.8176
621,342.4419,868.1533,249.0793,368.6731
622,1711.2654,6575.7614,1663.2691,2628.302
623,2186.9684,5065.2972,1498.1671,2042.0431
624,2111.686,5936.9291,1380.3734,2480.1737
625,1802.3487,3331.7326,821.4435,1352.0786
626,430.278,679.7021,169.9739,272.3233
627,306.8607,899.8127,213.4009,351.2181
628,1481.4347,4338.5889,1033.8757,1878.702
629,1709.2324,6509.9878,1472.0126,2537.3223
630,220.2739,818.2592,168.7051,357.7567
631,610.1423,1971.7404,490.1045,824.4468
632,860.1898,2530.2036,577.4583,981.4612
633,1002.9345,1438.8136,334.1155,601.1221
634,1442.3835,4065.4572,924.2561,1624.5923
635,818.5281,1407.5529,311.4113,602.14
636,54.8624,201.4806,55.694,79.4116
637,1119.9554,3898.3901,1234.3276,1641.4505
638,594.4618,1570.622,365.9169,623.3646
639,1933.8001,4776.3397,1059.6331,1985.1884
640,1943.6567,3584.9492,785.1916,1458.1398
641,2084.5376,8061.6936,2077.094,3190.1355
642,304.1708,618.1657,165.4002,241.0491
643,421.8742,1747.1806,455.4002,696.3914
644,874.4982,2327.9085,585.8348,885.1097
645,979.0793,1834.2937,463.7272,732.5145
646,667.4082,789.0106,188.9763,329.0037
647,267.2257,508.802,145.7295,198.4362
648,1884.8025,7262.167,1937.6395,2677.9417
649,1418.7052,2627.2829,737.6858,1076.3947
650,2003.5411,2539.5508,536.6299,941.6203
651,1233.9023,2370.9143,493.4947,892.3132
652,1980.7767,6897.3486,1658.8609,2582.5416
653,427.419,734.2165,203.1521,293.4512
654,1749.3026,6827.3276,2148.5123,2516.2049
655,502.7983,1542.8434,399.4326,630.5732
656,1897.5384,4058.5911,944.1806,1595.4275
657,1087.3313,3032.8793,647.7682,1182.9088
658,504.2655,1301.9739,376.4488,489.6608
659,576.5352,1392.3243,307.3511,576.8733
660,1115.8096,1351.308,313.261,540.1112
661,1635.5027,2636.0634,601.3774,1083.8891
662,2223.5459,3007.5025,659.5776,1201.5409
663,1732.6634,5496.8733,1709.8596,2203.5996
664,1041.1778,1695.0561,474.032,708.8266
665,1717.6471,7241.9278,1786.4121,2766.5973
666,693.5462,1352.6237,381.5862,559.7645
667,2197.7576,3430.2798,919.0518,1345.9096
668,1990.7799,5580.7981,1318.1061,2175.5789
669,1576.2526,1725.4922,492.1364,710.9994
670,1476.1678,2598.11,659.0467,1014.1864
671,793.754,1535.2695,457.1474,656.3032
672,67.325,129.6613,32.5922,50.8054
673,3.3803,6.3584,1.5257,2.6654
674,316.6686,706.391,166.9271,277.9099
675,1565.9507,4542.261,1113.7381,1742.2033
676,2125.5013,2781.5873,3810.0697,1088.593
677,128.3679,424.058,111.0332,166.6264
678,1405.0123,3310.2392,706.3107,1255.5679
679,1878.2247,3829.8188,971.7102,1529.3079
680,390.3312,433.8703,107.3014,172.7351
681,789.165,1794.2581,439.826,684.0313
682,285.2844,1132.0492,299.7507,430.7282
683,1674.728,3331.6968,812.0557,1327.3547
684,1280.4683,3541.5031,848.436,1432.8441
685,1056.8733,3749.8515,1065.2515,1513.5915
686,1839.2918,7279.384,10145.3132,2740.9396
687,2274.4426,6968.6951,1879.2966,2799.0865
688,341.3654,1017.2086,238.4389,400.5673
689,144.8143,439.0352,126.7494,164.1141
690,722.7422,1694.3791,374.1986,688.0582
691,589.8659,697.9391,171.8383,276.3521
692,109.4426,235.8939,67.0968,92.1074
693,210.5592,530.7254,130.7753,207.7559
694,2143.7226,3093.7442,792.8491,1267.8521
695,2008.3897,4022.8208,987.5311,1655.8494
696,638.2397,1042.7206,241.9721,426.0504
697,1259.3765,2455.1234,578.4405,1078.6784
698,373.3567,1377.9507,295.4472,550.3153
699,87.4893,351.7929,90.3796,146.86
700,629.7423,2151.2077,510.9271,784.7859
701,315.6634,1050.3851,290.3221,422.4175
702,286.3886,651.7065,175.3433,264.2604
703,1019.543,1483.523,395.1807,614.7527
704,867.5805,962.2631,219.695,393.7298
705,673.8601,1661.1314,415.2545,664.9538
706,988.0752,1585.7841,324.3672,671.1706
707,1134.2217,2339.6044,556.9399,933.2498
708,540.7611,734.076,200.634,294.0579
709,1672.3198,5935.6176,1432.0528,2486.716
710,1866.1624,6349.1145,1448.4452,2618.8343
711,678.066,1132.5166,325.0666,453.3289
712,23.1132,30.4574,7.0358,12.5213
713,25.0635,99.7438,23.3967,40.8533
714,627.3475,1962.8238,599.2641,804.9111
715,1100.3587,2390.3807,554.035,892.5089
716,2031.2294,4861.1739,1093.5734,1930.5559
717,1758.6566,6847.2762,1689.3335,2763.9164
718,276.2277,622.9542,139.6983,267.3323
719,345.5518,1319.2078,320.9736,503.8742
720,1706.2847,4761.6166,1293.3271,1831.9063
721,499.2473,1063.803,224.7016,498.6717
722,1377.2307,2159.392,3257.1371,860.5556
723,1858.5311,5667.1095,1517.2033,2260.8438
724,1485.6825,2053.3381,463.2665,873.6546
725,2252.0817,4867.203,1314.8029,1918.2435
726,699.5635,961.575,221.2439,345.7659
727,747.3956,1996.9733,473.6056,804.986
728,1173.7714,2551.4257,640.3334,1029.7698
729,1643.4598,5234.1707,1308.1827,2014.9977
730,1557.0955,5148.0938,1215.8488,1990.9336
731,1324.2996,4934.1697,1247.53,2104.1487
732,51.7621,101.2528,25.9029,40.8534
733,1714.3222,6906.456,1991.801,2607.7069
734,1181.5013,4751.2918,7170.6924,1901.9923
735,185.3886,485.511,121.9968,193.6221
736,906.9778,1511.8833,365.7021,639.0194
737,916.0677,2555.7795,577.9706,1061.2057
738,1285.3643,5221.9974,1360.4538,2132.0406
739,2283.5676,6558.2242,1565.4299,2701.5084
740,445.1227,1570.9164,354.7761,662.0348
741,1598.3727,1984.2383,455.2846,795.9832
742,1250.7703,4718.2829,1228.0992,1849.4408
743,1408.487,1616.7412,2469.919,611.4867
744,894.4535,3075.4611,646.0693,1267.4559
745,1295.5546,4384.1944,1054.0133,1734.0804
746,1646.5427,6837.2715,1708.3212,2666.0147
747,123.0754,286.2779,71.9413,117.3865
748,1745.7787,5812.3073,1325.6688,2326.1167
749,583.2597,1346.7899,336.4312,499.2939
750,2044.7303,4693.9875,6297.3864,1880.2551
751,2137.9608,8901.903,1945.4538,3598.3768
752,1912.1132,6021.4992,1650.3355,2445.0085
753,321.771,1264.0702,310.1215,519.8367
754,998.5675,3545.1205,854.4926,1407.5569
755,2245.1118,4540.3123,1271.015,1895.7024
756,1169.2341,1796.9699,470.9508,708.125
757,1822.5984,5784.7785,1755.291,2353.1327
758,1382.9586,4420.5617,986.9201,1680.2421
759,1985.741,8049.6842,2250.6793,3133.2769
760,372.1919,588.186,200.3768,249.5052
761,923.0771,3527.8068,789.394,1391.4603
762,1702.1576,4120.1563,1068.1091,1674.4196
763,192.0898,763.2631,186.3697,944.5771
764,114.2468,177.4638,46.6089,69.8677
765,1413.0941,4645.1699,1129.6503,5474.8017
766,237.0596,594.8269,179.186,241.5961
767,2175.5743,9002.3718,2468.2939,3501.8156
768,1043.6976,2857.168,698.306,1186.0712
769,1888.7574,7613.736,1877.2386,3268.0139
770,1135.5844,3979.0932,1149.1568,1560.7182
771,1221.5516,2825.3851,737.0004,1171.6737
772,1534.1278,5609.8926,1485.2455,2110.1429
773,2002.8157,8272.1719,2475.7247,3262.0741
774,222.8101,462.0525,127.4993,182.2803
775,1352.2928,4593.483,1086.6321,1796.748
776,2105.9953,6569.2359,1666.9622,2628.2402
777,10.6465,45.2142,10.6012,17.992
778,1900.5633,5344.2689,1384.8624,2092.2411
779,221.3779,672.4798,163.8599,257.3831
780,1098.5227,3444.3899,927.5039,1343.7402
781,2248.7623,6404.8285,1421.6243,2494.6059
782,778.7906,2902.8921,724.4895,1149.0531
783,1927.3731,5787.4161,1490.6776,2403.5747
784,901.5538,3335.5907,719.3434,1288.4775
785,2246.9615,4251.9492,993.4096,1644.8262
786,1630.4907,2971.7989,785.3342,1141.8458
787,201.618,779.8305,185.1061,304.4483
788,60.2941,143.4272,37.4758,56.6512
789,1530.9796,6128.1156,1924.9406,2423.9889
790,748.5556,1191.2524,272.9672,500.2791
791,1175.3723,2186.7255,523.6842,2772.0342
792,1944.0755,4930.0198,6824.3024,2064.5881
793,1212.2283,2509.6146,601.4388,974.1012
794,184.058,695.5,152.0963,279.4631
795,919.8964,3133.2044,797.9249,1322.6632
796,1644.1554,4996.3692,1311.7046,2037.6087
797,1981.0893,6292.0339,1348.4407,2505.5096
798,669.2368,1009.0335,1366.2016,423.4918
799,1549.6858,4199.9876,1070.2126,1818.9931
800,904.6774,3754.0643,1012.4244,1531.0404
801,844.2225,3013.5381,737.2581,1267.0646
802,2170.8628,8997.058,2337.4986,10469.9287
803,2061.4606,6729.936,1597.474,2580.5591
804,395.2754,1514.5895,368.7435,589.0373
805,812.6545,2659.9069,674.8601,1087.2441
806,485.8111,1420.9832,293.6144,545.313
807,1676.2047,3702.2569,843.831,1433.6195
808,1500.3615,6043.976,1541.5204,2469.9608
809,1665.9733,5339.0631,1236.7779,2052.9385
810,2043.3309,7167.1039,1757.5603,2861.9737
811,1771.8994,5466.4879,1341.6402,2078.2237
812,1916.0964,3227.7408,950.2049,1291.0855
813,661.6709,2069.1887,520.3071,844.8165
814,1924.6261,6867.1676,1583.922,2739.9218
815,1385.5991,4246.2952,1126.6289,1670.1247
816,1032.6627,3850.3257,813.3007,1539.4533
817,722.6904,2638.9045,630.2738,946.3627
818,1120.5385,3407.7052,876.6279,1412.6752
819,1478.5168,2255.0632,503.1778,883.2898
820,1850.9355,4179.079,1003.5594,5261.4031
821,1721.3087,6572.4449,1709.1401,2592.441
822,1765.3901,2317.8293,529.655,971.8742
823,202.4473,305.839,70.3838,121.0188
824,1663.0329,5722.943,1528.3084,2276.9457
825,140.0232,391.7097,103.6311,156.3127
826,1158.5765,1913.2057,516.8078,750.061
827,291.2645,509.8061,141.0839,217.8536
828,1816.3865,4559.7764,1064.3099,1804.9434
829,1910.6385,4677.4717,1098.4902,1958.7679
830,149.994,191.5305,46.5203,83.0011
831,171.8899,202.1761,44.4915,83.1957
832,1276.884,3895.9675,851.1379,1652.7555
833,1396.8751,5614.0484,1457.4276,2438.0544
834,1553.8025,1725.0012,461.7661,704.1874
835,655.7319,2290.9769,567.3411,851.6977
836,1877.0797,2847.3386,699.4396,1131.5941
837,1840.2384,5256.9416,1299.6921,1959.1434
838,1534.0626,3939.5235,935.9092,1640.352
839,237.6113,897.1159,224.6115,348.1643
840,1437.8218,5236.7627,1259.0375,2203.6502
841,1878.2415,7291.407,1986.1916,3008.1825
842,1501.0553,5273.7852,1613.4575,2068.4134
843,1048.096,2597.2215,686.8291,1141.983
844,1878.9045,6479.239,1561.6475,2499.3671
845,348.8552,468.4336,99.0806,176.5633
846,1149.5201,2201.4119,565.0703,851.3053
847,1900.4757,4831.1538,1357.3326,1984.7782
848,729.9461,1780.8904,424.389,783.5558
849,1645.2658,1871.1386,516.7884,727.6219
850,124.8105,460.3133,116.7395,173.689
851,1448.4712,2128.6345,487.2107,887.7743
852,2174.2652,2698.7246,770.5712,1085.8909
853,1580.8641,5506.0597,1141.7128,2361.8061
854,1849.4437,5038.7687,1406.3586,1979.6348
855,1034.0736,3607.1423,1090.7612,1405.8431
856,2081.2149,2297.2669,601.8451,938.7001
857,73.5957,195.0446,54.1271,219.0094
858,1742.9649,5703.7426,1230.8263,2199.3876
859,1632.5295,4557.7514,1071.3416,1810.4138
860,1037.6223,1527.5277,410.9111,598.1654
861,1866.8372,6656.7354,1707.8584,2551.3948
862,441.9059,764.478,184.3986,1041.5694
863,115.3009,458.3267,125.3947,181.5901
864,1561.7549,3417.5112,1075.2018,1340.8029
865,924.1566,3149.1334,684.4543,1219.1285
866,444.6081,1038.1537,251.7366,403.6026
867,1841.2361,2774.2963,688.2229,1090.7634
868,108.0859,176.4993,43.121,75.4649
869,1963.3778,4727.8366,1181.1072,1849.8021
870,1690.9131,5233.8535,1441.3004,2115.2018
871,2114.3568,5469.3549,1542.3987,2080.1501
872,756.0463,976.6469,1376.0487,388.2623
873,401.8649,910.6583,219.3192,371.7992
874,1127.9282,4507.25,1159.4991,1741.1529
875,2167.6269,4746.0474,1260.7044,1918.0857
876,1571.7566,2535.4977,621.7799,1043.76
877,998.9591,2905.0118,820.1141,1234.8183
878,2202.5302,3678.5962,925.7009,1519.409
879,39.5854,54.8612,78.6035,24.4134
880,783.3775,1735.5203,420.7965,695.7795
881,1229.7363,3560.8091,840.624,4459.4913
882,142.5784,225.7713,68.6231,93.575
883,253.465,322.674,85.9305,133.4884
884,1480.7902,2078.4543,542.9036,919.6696
885,2232.7886,2686.9571,643.9001,1042.269
886,805.9554,1696.202,380.4554,663.7055
887,658.6424,2446.5677,3680.5125,911.4445
888,2204.3169,5062.1051,1214.9935,2062.6052
889,354.7086,418.1435,99.648,162.1753
890,572.8073,1882.4399,2817.8144,727.8476
891,1935.6625,7052.0319,1657.6839,2688.2033
892,930.1728,2308.8179,609.0737,2782.6481
893,796.948,2517.6099,710.1468,989.66
894,671.1452,1844.8107,2677.5723,713.9128
895,1450.1393,3524.4025,938.8221,1294.2213
896,1614.471,2565.9023,643.4025,1014.4154
897,1490.1392,3640.7473,1011.3637,1426.9325
898,1366.1938,3319.242,811.2446,1350.0139
899,382.0793,1352.0748,392.8119,517.5604
900,1345.0848,2995.1485,748.7908,1097.8896
901,2022.0788,2504.3769,693.4465,986.1197
902,1266.6526,4259.8395,1012.4347,5099.9027
903,546.2553,2210.3696,533.3422,813.9417
904,485.0266,1293.0403,298.4007,530.0945
905,882.2802,3283.8593,762.4325,1362.1459
906,1173.3584,4772.9183,961.5347,1954.3119
907,2002.7826,3848.6059,1126.9758,1530.3587
908,807.9578,2882.3589,732.9247,1122.4275
909,1121.9341,3029.7635,595.6639,1263.5224
910,323.6127,990.313,282.7628,400.4532
911,40.1226,163.8439,39.3518,65.603
912,533.1293,614.4901,129.244,254.6193
913,1345.9699,4892.4458,1189.3272,1899.5315
914,302.1683,371.0632,90.276,148.2813
915,1307.7216,3068.5495,954.9654,1224.4471
916,1360.6956,3579.6033,1036.8315,1507.1151
917,520.9826,1888.9389,422.2289,726.858
918,1575.6953,3576.5591,867.0025,1566.3089
919,2185.0259,4420.7832,1157.9951,1680.0804
920,906.3038,2351.4682,571.1203,934.4979
921,2067.636,2890.093,646.117,1121.6214
922,575.6052,908.1649,231.2535,378.8023
923,166.5649,200.9466,46.7512,80.4619
924,1282.8164,2212.8434,641.5089,880.8247
925,722.2132,1478.3992,379.7628,597.3314
926,1581.8851,5701.3533,1372.3269,2285.8748
927,281.4971,1105.0512,286.8565,459.4563
928,683.708,2530.0262,542.9125,3009.416
929,961.1845,4085.1963,963.5944,1532.8081
930,148.7396,585.583,154.9215,233.7457
931,2219.0733,3989.665,973.7945,1541.4951
932,1723.5001,4505.3966,1018.9497,1737.3443
933,460.2937,1624.8575,399.1735,639.3857
934,669.2718,1391.6496,299.3237,548.5813
935,97.9568,413.0469,126.3395,549.5488
936,294.2042,528.0703,160.6519,208.7145
937,733.9759,1975.9162,416.8498,795.6681
938,1428.8139,2458.3564,612.1284,3219.251
939,1610.1604,4970.8416,1147.3992,2003.4387
940,349.75,784.2389,193.6519,323.5582
941,2209.9149,8550.0926,2072.2267,3499.3959
942,1975.9802,8031.5829,1887.6807,3182.0094
943,1912.7956,4484.8412,1341.4447,1856.8583
944,393.6524,1273.7758,344.3416,495.2018
945,613.3324,859.2735,223.8352,334.0689
946,2009.0027,5543.0174,1416.9138,2128.0259
947,2041.8771,6620.8271,1558.7542,8317.8679
948,1286.1235,2001.7451,435.0151,801.2343
949,1042.4855,2762.8604,703.3703,1134.2152
950,619.4881,2229.3629,637.404,995.8921
951,939.3243,2317.2587,590.0406,922.1893
952,862.6573,1880.7589,461.0741,731.1181
953,1282.9316,5010.209,1314.8107,1862.4647
954,1290.7855,1737.556,480.3011,689.2871
955,977.1998,4058.3541,925.2155,1481.536
956,1262.1365,2346.3741,714.6198,921.1004
957,1159.9477,3766.9636,821.9341,1524.6672
958,825.4795,1144.3858,316.041,461.8893
959,951.4911,3481.3773,794.7364,4369.3195
960,851.8274,2472.1682,514.3912,927.8299
961,2271.4637,3428.5423,819.4527,1405.415
962,1228.7388,3367.0781,835.641,1363.7211
963,1111.2387,4487.5457,1244.6725,1806.7121
964,1836.6979,4287.1877,931.9265,1679.5614
965,1260.494,1704.3059,426.7123,666.0957
966,2253.8577,3864.6144,895.5745,1514.6563
967,1901.0482,6409.4364,1619.9122,2583.7102
968,2005.2179,3024.4242,781.8422,1196.4664
969,2210.3602,3497.331,799.1571,1338.0687
970,1945.6155,4544.109,1125.2921,1860.2447
971,548.6401,893.6316,215.7575,1066.656
972,1916.734,6100.5049,1449.9079,2515.563
973,603.3954,2172.9883,583.7988,854.2425
974,1450.4035,3929.5266,967.1305,1617.5884
975,1085.5176,2288.9626,679.5526,915.0664
976,1175.2063,2731.1099,729.0334,1066.6523
977,504.0072,914.3944,213.9233,369.0542
978,1836.8545,2623.4038,717.7416,1009.7772
979,2007.3794,8279.3829,1685.0949,3250.9496
980,1770.4864,6811.1311,1829.2243,2720.5454
981,1653.9738,5785.2206,1269.1685,2287.4423
982,2115.214,8552.9114,13223.1811,3471.7876
983,981.0233,1443.4904,434.565,578.2626
984,969.5083,3167.8574,702.8003,1273.0632
985,507.9748,1974.5094,541.2373,766.8371
986,2139.3164,5229.5325,1304.0701,1930.5408
987,1210.3844,2276.0569,557.1326,848.2873
988,626.3475,685.2889,154.4784,265.8178
989,2171.0152,4630.3005,1196.8034,1913.435
990,838.7292,2884.0948,754.4584,1187.005
991,1375.8948,4727.957,1152.2246,1966.3057
992,1967.0776,5219.0576,1327.9488,6668.5277
993,417.5582,767.5978,189.9595,318.7446
994,1139.269,2576.1847,736.7305,1009.7384
995,1698.1001,2199.8409,611.8086,908.6336
996,1199.3897,1452.9232,358.8353,575.0228
997,443.8221,1267.0503,316.9671,525.9308
998,664.2761,2091.0766,485.148,2560.3889
999,1963.6096,2464.5544,594.1415,1050.1383
1000,170.4404,337.0409,72.3642,134.5542
1001,566.3944,2075.1587,499.9212,825.156
1002,532.1546,1630.124,398.6818,605.1728
1003,1043.2135,2420.6061,619.2874,947.7641
1004,1715.6457,3067.6641,616.1696,3848.5667
1005,980.761,2277.6204,523.3825,844.0931
1006,459.263,1443.9701,398.2249,592.2895
1007,921.2368,2375.3232,521.6901,889.2055
1008,1474.1037,5193.7517,1322.6608,2406.4835
1009,16.7659,19.2196,4.7029,7.79
1010,1484.7129,3456.0206,878.9688,1280.1729
1011,1193.2974,3479.6503,788.8897,1362.1849
1012,702.5403,1576.3969,423.0995,594.0222
1013,1743.7074,4792.1141,1514.9386,1984.811
1014,555.0188,826.0647,214.5192,300.4749
1015,959.3851,4074.72,1169.2142,1573.3756
1016,1396.2431,1941.7486,501.5537,840.384
1017,2161.8288,4593.6096,1042.4665,1748.7066
1018,2193.788,4499.6386,1051.0061,1803.5459
1019,5.262,12.6765,2.9281,5.1784
1020,1223.2116,2609.7678,585.4696,1074.7687
1021,1901.1418,3374.9991,810.9701,1393.8848
1022,1040.5417,4203.8468,1173.0146,1665.8848
1023,2111.2382,6651.4476,1947.5037,2734.4763
1024,2234.3592,4345.4397,1053.6004,1736.3933
1025,1597.1371,5607.3913,1293.2672,2176.6908
1026,384.5252,1292.8033,329.9084,510.2628
1027,1895.1667,5678.4656,1763.1584,2262.0212
1028,1284.9615,2110.5068,470.2448,921.9558
1029,399.0461,699.3546,182.6424,289.6933
1030,1400.0536,3074.1452,758.6527,4259.9578
1031,655.4294,1409.3149,341.6254,552.2514
1032,2142.7066,5944.9461,1446.7089,2331.4999
1033,149.6288,467.8515,135.3126,190.7219
1034,450.2502,1563.0733,374.4306,626.3192
1035,2014.1002,2195.462,552.7953,828.5434
1036,355.2123,1085.9598,249.6757,423.8528
1037,1384.5615,2605.9171,601.0155,1003.7961
1038,1850.661,5827.4336,1396.7172,2350.2586
1039,806.1298,2440.9233,544.8618,935.3711
1040,2152.4183,7855.8942,1869.9369,3302.1604
1041,2181.4412,5890.7562,1649.2754,2633.6766
1042,2174.4477,5550.444,1400.4035,2260.7811
1043,974.3293,3412.3761,962.3621,1473.6188
1044,715.9027,2311.799,542.7377,907.1971
1045,1881.7744,4286.7601,1095.1949,1755.1484
1046,1484.7179,2089.5118,638.5827,860.0603
1047,950.5353,1207.2471,296.3354,462.4006
1048,905.7613,3593.4034,883.4034,1402.3816
1049,74.4218,202.2986,49.8218,74.5746
1050,1646.0019,2372.6176,499.3126,911.7827
1051,1431.9465,2213.6574,517.8163,828.1402
1052,1600.5257,3646.885,1192.0494,1540.705
1053,551.666,2277.7262,578.3009,906.3887
1054,1300.7106,1683.0388,501.6079,651.6989
1055,897.0227,1673.4135,464.3124,638.5681
1056,865.8478,1757.1466,450.6001,685.4546
1057,45.8239,62.6306,16.6936,25.8286
1058,1646.3951,5857.4104,1602.5527,2333.595
1059,1792.3723,3447.951,897.2572,1494.2288
1060,2116.4689,8378.1473,2184.7406,3734.9608
1061,1815.602,7205.249,2112.5133,2940.6776
1062,1715.2998,2442.3558,708.7752,958.8083
1063,1294.4448,3409.2052,730.6152,1347.8499
1064,2209.5934,2534.532,589.405,1007.3634
1065,2028.1493,3887.0338,1105.5348,1578.4329
1066,1394.8,3123.2824,705.1292,4214.254
1067,2063.5638,5625.2813,1576.7672,2398.3029
1068,2259.1241,4575.13,1128.4182,1776.4574
1069,1101.6278,4532.2086,990.2275,1752.5565
1070,738.7609,1486.7175,359.588,609.5995
1071,1757.0398,3749.1518,956.8257,1499.0717
1072,1864.974,5055.5604,1257.1546,1961.5632
1073,2044.8561,8480.1923,2141.0438,3277.3122
1074,1854.0939,4520.187,1223.2774,1870.5384
1075,983.4157,2458.3791,602.8828,945.8976
1076,60.764,158.5428,39.3989,64.2506
1077,251.9049,600.5467,141.7745,247.276
1078,61.7338,106.3578,25.3726,42.1755
1079,2082.1475,4054.1011,1187.8558,1663.2739
1080,1838.6769,2361.5899,530.1477,969.761
1081,1075.0263,2878.8514,711.6455,1152.9973
1082,1853.539,3515.7441,742.7585,1436.0579
1083,1822.7839,2902.8598,662.6119,1230.1075
1084,1302.3171,3931.7025,900.9017,1658.855
1085,1224.7419,3452.8595,891.2014,1432.207
1086,1547.2223,4613.206,1193.1709,1876.279
1087,698.4549,999.4144,218.3824,410.0842
1088,2089.6939,6215.3514,1473.0105,2387.7549
1089,271.3957,448.9279,138.3696,186.3421
1090,1949.2896,8191.1761,2243.0883,3178.297
1091,464.1022,1549.607,374.8198,621.3963
1092,1026.2448,1293.2694,382.1577,526.1647
1093,1896.9972,4512.7757,1245.9776,1887.645
1094,311.5074,533.663,140.7904,201.6961
1095,2220.8228,3126.2094,663.7889,1266.3432
1096,1585.072,2621.9541,571.4665,1057.5326
1097,1627.7757,6647.7203,1502.7017,2600.5302
1098,637.1007,1553.7798,377.8288,629.9286
1099,811.0997,938.1608,239.9259,360.4121
1100,155.1939,558.6161,144.3998,230.1059
1101,497.2717,1781.6288,395.627,2260.6278
1102,1304.5766,3026.8393,676.2338,1247.8055
1103,418.097,1434.8267,314.5106,583.5978
1104,1042.4991,3562.6625,935.0193,1519.1178
1105,1397.5872,3444.1649,879.2478,1369.2746
1106,830.3083,2289.3272,3281.3798,969.6742
1107,1814.601,3473.578,799.6624,1437.6554
1108,1039.6683,3148.9517,729.9726,1252.7946
1109,579.8257,1680.9247,405.0762,679.0768
1110,2004.1265,7227.5354,2075.7852,2860.3691
1111,701.3507,1237.6605,257.4753,497.2859
1112,710.0381,1611.7368,406.8276,654.41
1113,682.0981,1402.1176,339.5946,1681.7421
1114,1948.2436,4038.9318,1130.2196,1762.4808
1115,1535.2319,2068.876,533.4876,808.3025
1116,2099.5044,2958.267,820.6105,1167.8264
1117,177.6027,745.7141,211.1083,282.778
1118,1432.4404,5397.8005,1456.8766,2137.5686
1119,713.2059,2315.1085,538.7984,950.4434
1120,1997.2921,7456.4859,1549.2424,2884.9695
1121,2040.6068,5112.4332,1251.0499,2169.4704
1122,31.1817,92.756,24.8342,115.7023
1123,1147.9364,1262.2114,1778.0036,486.58
1124,1984.0662,3066.2271,905.8342,1265.1
1125,1337.9114,1682.8374,384.7087,663.4925
1126,348.0876,1323.9358,381.3691,553.9566
1127,681.7308,2360.5567,542.2731,963.8628
1128,994.2594,3065.9031,739.4649,1242.7036
1129,1045.6984,1242.9496,317.6589,503.0458
1130,683.8124,910.682,225.1955,386.2603
1131,2005.5449,7411.2579,1832.517,2847.056
1132,1481.4982,5390.7359,1347.2429,2276.5059
1133,1900.4535,8005.8522,1962.4514,10193.6125
1134,1043.4385,1342.8122,324.1237,519.2426
1135,591.5422,1293.1489,313.1614,529.112
1136,1869.4598,3558.6516,857.543,1396.7066
1137,828.1759,2279.8159,533.268,933.0234
1138,1491.8143,5372.1622,1495.1673,2134.0814
1139,2264.4284,6472.7754,1596.4344,2482.8777
1140,2064.0483,5884.7331,1785.5529,2426.698
1141,1649.8467,3825.8884,1092.8355,1646.3323
1142,2153.6937,8390.7568,2068.5811,3507.3824
1143,223.8091,311.4938,67.1927,128.4547
1144,2232.6667,8304.7627,2298.5977,3532.4967
1145,1865.1628,3702.6287,877.2925,1470.8214
1146,1060.8253,2346.5517,659.9549,874.5704
1147,835.2012,2825.0159,686.3286,1120.3938
1148,2108.135,6316.7319,1700.1403,2417.2436
1149,651.7908,1859.0836,496.9584,715.3165
1150,1723.8662,3633.8536,1130.541,1518.2923
1151,269.2721,844.1572,199.4491,350.4694
1152,2264.7381,5150.0635,1159.54,2200.9427
1153,885.503,2430.7133,820.7948,937.8627
1154,813.2867,2174.0489,540.3467,845.5688
1155,1401.7651,3250.7637,754.0718,1247.5732
1156,166.1998,216.4374,48.7851,82.7772
1157,223.7108,858.2045,207.5978,338.807
1158,739.9318,1873.1783,432.3167,700.1146
1159,1487.3104,5788.1571,1286.3068,2233.8446
1160,827.4967,1299.0294,317.7512,544.8184
1161,837.3747,1200.0637,331.8463,448.9562
1162,3.2943,13.236,3.3165,5.2232
1163,1200.6771,1706.3892,495.1385,669.2251
1164,39.291,145.2548,34.3738,59.4813
1165,623.044,2082.4002,475.9197,806.4324
1166,984.8723,1893.343,471.9754,742.2063
1167,344.5144,812.7851,221.2913,339.4016
1168,893.7744,2616.1311,674.7098,1045.0581
1169,363.2842,959.2261,221.1515,394.3999
1170,1980.7583,3127.1862,702.3097,3797.2745
1171,1662.4444,5445.3348,1384.6185,2220.4542
1172,1371.5308,3281.8733,835.2232,1378.7349
1173,1645.3925,4352.1067,1078.4572,1779.9094
1174,1238.1718,3812.2982,1024.2346,1593.8088
1175,357.7143,897.0938,195.3161,367.9616
1176,55.8526,229.119,53.9056,87.7324
1177,1996.3496,8456.3416,2084.7306,3238.9795
1178,1767.2293,6132.3729,1938.083,2342.8495
1179,1902.3567,3923.6631,1009.017,5456.4444
1180,1940.1384,7580.1709,2058.8499,2987.525
1181,182.3718,547.1309,121.3532,214.4455
1182,1833.0167,6832.5561,1805.6037,2737.2438
1183,2191.0229,8270.3489,2038.301,3399.9652
1184,1893.0835,2454.3532,850.7906,1019.7966
1185,1741.1122,7053.3764,1836.3812,2775.427
1186,2158.6194,4291.6095,993.8062,1715.326
1187,492.7661,1820.6814,472.7195,693.9492
1188,2247.8519,5845.5099,1255.7542,2276.12
1189,1764.9556,3477.6371,873.4173,1381.5713
1190,1346.1747,4345.1427,1231.1392,1740.3556
1191,1326.2377,3500.3409,974.909,1425.006
1192,1268.4194,4138.6777,1041.4127,1717.3341
1193,311.4957,1079.6569,284.3482,413.4059
1194,360.0478,1485.9957,347.2974,570.4312
1195,118.5082,419.5885,104.7363,162.426
1196,1875.4183,3530.5004,1025.0718,1339.4622
1197,1447.796,6048.4262,1471.7804,2448.0014
1198,2142.1461,5023.4663,1209.8756,2043.3485
1199,1607.4361,4842.876,1351.7961,1874.2588
1200,1498.5096,6051.5136,1656.135,2545.7762
1201,1019.6181,1253.7809,307.0986,524.0044
1202,144.7701,501.3929,136.0196,186.0849
1203,854.0984,3269.117,880.0789,1308.3321
1204,133.8044,180.6604,50.1038,68.4702
1205,287.8074,710.8356,177.6489,283.2795
1206,1321.9264,1869.5185,521.1094,734.5132
1207,206.9724,505.4129,130.3309,202.7653
1208,2087.0991,7842.3364,1647.412,3194.7743
1209,756.6656,1914.4466,567.0694,760.4483
1210,1719.8355,6751.4414,1584.7981,2588.569
1211,998.0223,1389.7341,393.1729,559.4333
1212,241.9399,956.1569,217.8103,361.7346
1213,1959.8677,7473.1059,1705.3047,3152.6288
1214,2007.6407,7906.7982,1758.9805,3188.7425
1215,1625.1378,2152.4378,479.8484,854.1444
1216,1486.0285,2377.6124,690.3714,951.2159
1217,1337.6366,3889.6163,991.871,1638.724
1218,1727.7876,2568.3631,631.5952,978.9842
1219,1877.2163,6434.4258,1684.0175,2614.1914
1220,1399.8257,2282.7746,588.051,945.8433
1221,1862.3304,6923.6191,1791.861,2583.1599
1222,1414.2451,1885.3514,436.6395,770.1473
1223,1325.9418,4824.09,1155.5556,1845.9741
1224,1735.8267,7322.5131,2065.1636,2759.9735
1225,1987.6676,4296.5974,1202.9899,1756.6125
1226,126.2795,314.132,71.4525,125.4318
1227,1944.8387,6970.2438,1997.7138,2643.5196
1228,2149.2128,2715.5513,712.893,1119.5156
1229,1011.3098,3584.8783,939.0888,1322.4581
1230,348.5307,454.397,114.9345,600.1246
1231,1948.9455,2683.855,626.8711,1071.3315
1232,1065.1277,1871.3676,556.8646,765.8169
1233,1269.2977,1545.0936,437.1307,639.1462
1234,1731.8089,2541.1692,595.2708,1006.4103
1235,1038.5651,4064.3373,965.5136,1611.0476
1236,17.0129,38.9634,9.8431,15.6419
1237,1156.2254,2789.576,717.9111,1063.2733
1238,1029.9675,4285.0741,1154.2268,1699.7002
1239,1740.8942,4958.8133,1231.5049,6246.4359
1240,58.7593,179.3725,49.9712,71.0862
1241,71.8175,96.2413,24.1085,38.7069
1242,324.3907,690.9409,161.4277,854.503
1243,929.3472,2337.6741,537.0243,986.5136
1244,761.7838,1711.5398,413.5292,667.0449
1245,464.7035,1686.0181,353.6507,2177.6875
1246,109.0732,201.1106,47.0401,80.5069
1247,2074.2942,2268.8118,605.4559,936.3266
1248,745.1136,2059.3912,521.6317,825.5915
1249,385.2701,1250.7626,275.2002,488.8565
1250,1096.4811,1195.0613,340.1326,453.49
1251,2025.7203,3658.2881,1027.5982,1404.2253
1252,295.4066,686.4724,183.1236,272.7928
1253,1542.7092,5506.2291,1112.3143,2187.6708
1254,1754.5702,3458.7981,823.7915,4763.8555
1255,391.5735,585.8612,140.2466,232.5449
1256,360.6188,900.2558,209.8111,370.8622
1257,1310.0768,2531.3185,622.4624,975.2859
1258,1729.2717,2531.4367,584.7326,1039.5831
1259,668.4321,2105.1932,485.8145,832.0546
1260,725.8084,1104.8484,251.7767,479.8033
1261,898.8512,3129.9319,919.1317,1249.7323
1262,83.0767,94.3354,24.2042,36.942
1263,1292.6695,3869.6539,1044.4871,1493.9754
1264,935.7773,3687.2821,1060.0751,1428.624
1265,643.9766,1207.9232,318.2096,477.2109
1266,2084.2526,4032.9624,1085.0906,1632.4238
1267,1219.559,4385.4654,1177.3714,1804.8276
1268,2249.5334,4590.7223,1112.5794,1835.2182
1269,206.3514,413.1231,105.5109,163.4298
1270,1602.083,5347.6087,1508.2931,2161.9389
1271,264.2126,538.744,145.2668,225.411
1272,822.5459,1937.4151,450.3328,785.4354
1273,2264.6176,3041.1372,702.3522,3507.6569
1274,1517.6223,3213.9949,828.7992,1273.4164
1275,1042.1039,4025.6127,1094.3554,1586.7188
1276,1884.2473,2501.3259,648.0064,1004.1439
1277,1613.882,1809.5247,464.133,708.1746
1278,1202.9807,2731.3201,683.3272,1070.2997
1279,639.7712,2013.2892,2849.064,780.9113
1280,1535.3384,6395.3975,1995.7355,2878.5099
1281,416.0358,860.3972,224.5817,329.3308
1282,1864.3675,2089.521,3265.9351,841.4147
1283,1482.5177,1753.6442,372.2751,704.4861
1284,1041.6869,3489.8035,848.5117,1400.7965
1285,2061.2408,4703.8477,1023.5103,1834.0745
1286,1893.2209,3218.9535,836.2124,3847.4849
1287,1530.199,1947.9442,524.0013,781.356
1288,800.9401,1209.0739,283.1071,511.7205
1289,2218.0882,4802.3979,1083.5894,1869.5667
1290,1402.6671,1660.2239,392.7173,678.4492
1291,301.5727,588.2768,154.861,223.3828
1292,1606.8421,5320.573,1200.1902,2098.1963
1293,2127.2319,8420.6357,2392.111,3456.2087
1294,1739.1524,5635.3539,1393.5392,2259.6492
1295,961.2749,2182.8651,501.3677,890.8891
1296,1692.0088,2097.837,532.1586,804.8393
1297,1654.7305,4160.8694,928.8962,1747.0146
1298,421.1771,664.3499,161.3863,275.6957
1299,2228.9203,3245.7061,778.3795,1259.0736
1300,411.865,1198.5556,258.3331,477.7442
1301,345.8613,1452.3156,326.4865,565.2209
1302,1916.0193,4295.7942,1107.1872,1617.7211
1303,2141.563,5317.6337,1643.3529,2052.4527
1304,2096.6881,7861.6115,2067.4371,3215.0838
1305,326.4593,1098.3794,270.9503,420.7229
1306,600.4985,1326.6069,357.702,534.3898
1307,636.4556,1828.8904,385.6432,708.4634
1308,1461.1894,1945.7353,495.3775,748.615
1309,428.8938,680.878,167.4142,279.8022
1310,290.8328,461.4937,121.4372,184.3633
1311,2025.8404,3884.9033,849.6937,1512.8119
1312,1287.6237,3223.6724,790.0003,1238.5148
1313,1508.8386,5468.4186,1578.3929,2172.3387
1314,169.2258,477.4595,128.9708,209.5129
1315,1708.3754,5255.9747,1302.63,2099.1633
1316,1991.9467,4767.7436,1346.5501,1848.4826
1317,1583.1525,2903.3879,714.2204,3448.2953
1318,546.5464,734.3156,196.9753,303.3475
1319,1055.4504,1250.2741,338.8266,506.3618
1320,1527.9055,5008.1516,1279.6871,1991.8065
1321,1867.1849,5212.7279,1349.9398,2015.5182
1322,990.2525,3138.2221,732.3437,1197.1808
1323,2179.6522,4859.6935,1252.6607,1791.5989
1324,1194.5917,1615.0696,410.2397,702.914
1325,1895.0069,5067.0892,1318.5035,5795.0697
1326,1771.6463,4247.6992,1083.3914,1590.7138
1327,1393.3458,3419.5412,948.2925,1357.488
1328,1237.6241,2969.8389,774.0078,1207.265
1329,1598.3734,6011.5278,1266.3627,2561.822
1330,1875.5415,2281.9569,524.3596,994.3398
1331,670.0504,2480.1571,568.4449,978.5285
1332,714.3138,1887.7266,485.1959,731.627
1333,571.0182,2088.1649,553.8691,849.1254
1334,893.9259,3454.5187,770.7472,1355.4817
1335,1756.0117,2802.1449,812.2974,1091.9614
1336,442.6417,672.4383,145.668,262.1637
1337,854.1666,2922.8357,672.0483,1214.6776
1338,1105.4362,2643.2522,621.9366,999.1438
1339,347.7876,684.4889,182.9791,280.0175
1340,754.1931,1855.1889,539.169,828.6524
1341,1458.885,4012.5597,943.7093,1540.063
1342,1941.8719,4048.519,1255.0266,1645.3776
1343,900.726,2627.5776,700.7756,1006.0754
1344,719.0197,1168.8848,288.7408,473.2963
1345,2165.5715,2852.0284,676.3903,1170.0015
1346,793.3489,1314.7175,403.7021,519.8607
1347,1490.5912,2438.5685,716.3818,945.8343
1348,1730.8679,5831.0444,1382.8234,2200.4089
1349,1215.4679,4675.2629,1088.616,1808.0836
1350,573.4359,1561.5567,431.1284,598.9199
1351,1226.3592,1504.0477,402.9445,566.1794
1352,465.7866,1279.1542,311.5668,497.0027
1353,2225.9956,6987.3085,2233.234,2738.6684
1354,1668.0603,2771.102,786.1599,1043.5434
1355,1586.1718,5207.8356,1214.1703,2062.5565
1356,2192.5704,5948.4729,1301.5216,2373.2328
1357,277.8548,1091.3503,300.2037,440.5264
1358,953.9439,1578.2232,405.8091,604.9059
1359,758.1865,1441.3586,365.9799,570.032
1360,2265.6808,7621.5486,2010.7968,3139.2107
1361,1860.2042,7008.7788,1670.8263,2675.4398
1362,23.7064,90.2995,22.5908,37.5951
1363,2111.7496,6968.4719,1729.8039,2804.1559
1364,1027.2224,3081.2226,743.2508,1175.1018
1365,2278.9894,3498.5547,868.173,1453.6541
1366,526.2823,1980.9015,438.6153,845.059
1367,1512.9702,2842.9682,766.3317,1150.6454
1368,1065.7095,3765.1418,821.1771,1512.8181
1369,475.8584,926.0349,207.4583,378.891
1370,1721.7032,6576.4795,1597.1337,2615.3402
1371,703.8738,1642.7952,392.5578,664.3492
1372,1279.9452,5159.758,1376.2015,2257.8576
1373,1275.1553,3340.3169,922.5338,4426.7909
1374,919.0187,1314.7631,386.932,513.1447
1375,421.4002,702.0173,202.0068,300.4747
1376,1912.6503,3499.1153,905.9861,1346.9569
1377,1892.9203,4210.9995,1054.2178,1682.1394
1378,1525.3845,6094.4369,1643.0653,2433.3346
1379,524.91,2103.2679,632.5975,876.1958
1380,899.9657,2559.454,669.1282,1132.4891
1381,1108.0664,2470.7885,616.485,1012.1309
1382,2108.4966,4895.3964,1178.7675,1863.0755
1383,857.4471,1241.329,297.7778,463.1181
1384,521.1504,1373.8708,387.5801,508.6736
1385,1471.2955,1687.8449,449.763,679.4795
1386,1580.8028,2687.5848,611.628,1097.263
1387,1596.8742,4986.2231,1219.218,2018.5372
1388,2020.7796,4409.4961,1164.8389,1768.1824
1389,95.1254,302.111,71.7321,126.1477
1390,386.1258,611.6751,175.4252,234.8123
1391,590.0734,2090.8776,471.9801,827.0811
1392,1224.8735,4687.9022,1154.5812,1891.6392
1393,1400.5103,5596.6168,1267.1658,2352.4578
1394,628.1218,2294.0488,724.3191,954.4732
1395,1302.4595,4667.3514,1167.9941,1966.7269
1396,2221.457,4832.7126,1393.2143,1892.6437
1397,1360.1003,1542.1895,323.8512,2032.2005
1398,338.609,529.5153,143.4298,206.2446
1399,1401.9266,4348.8809,1302.295,1756.1388
1400,427.7601,1041.8773,267.6786,414.8631
1401,1757.543,2379.7692,579.6519,936.801
1402,1532.5236,2772.1479,747.6236,1118.6262
1403,674.8439,2228.8391,592.2604,925.7301
1404,855.4745,3517.3859,736.2914,1478.0918
1405,1497.1107,4787.3902,1368.0082,1904.8654
1406,624.893,1536.4857,351.7078,630.0809
1407,801.3934,3237.0543,5043.8367,1302.5137
1408,1082.9511,4126.2369,1025.9126,1735.9927
1409,1587.6804,5029.5502,1142.0464,1959.0916
1410,1990.3577,8376.8019,1779.9993,3339.1484
1411,240.7595,753.4778,170.7365,290.5237
1412,816.3654,2782.536,760.6086,1125.7954
1413,2114.4087,4033.0766,1105.5677,1702.4417
1414,1980.5013,8114.445,2120.3348,3245.7431
1415,206.4343,305.6203,82.9932,121.7696
1416,409.0677,544.0845,140.9902,221.3236
1417,2242.5175,9518.6275,2239.386,3563.7375
1418,1029.8886,1170.4412,275.2321,461.9343
1419,892.3953,3350.533,905.7637,1359.4969
1420,246.1029,287.1667,69.4175,114.7493
1421,963.2977,1907.7168,465.3634,766.0271
1422,1575.1741,4392.8205,1216.3221,1692.0627
1423,103.8217,211.0313,51.1757,85.5164
1424,1998.1458,7379.1873,1734.0329,2789.453
1425,2210.5667,2785.0674,659.0804,1065.5927
1426,1203.898,3167.8098,742.6721,1267.9075
1427,1075.5725,2398.3465,588.0714,991.7268
1428,1238.1963,4957.1837,1277.103,1953.6523
1429,473.8174,1686.6628,2607.871,692.5014
1430,1344.7867,1933.0728,459.6499,768.3719
1431,1425.2366,5105.8687,1278.1685,1836.5043
1432,968.2382,1593.4928,470.8574,615.6408
1433,2097.5496,6371.8883,1466.3813,2553.001
1434,2199.9394,3825.5092,864.7042,1533.4795
1435,1534.4939,5174.865,1316.5019,1877.2598
1436,3.3375,5.6734,1.3954,2.3561
1437,794.4226,2684.5644,717.6728,1074.253
1438,271.6593,877.1513,203.0189,348.3516
1439,1670.6197,3832.9534,932.0152,1709.9681
1440,2161.2435,4697.1187,1247.9143,6301.3475
1441,1757.0748,6146.1281,1500.8907,2398.5536
1442,918.361,2542.0079,576.2483,1001.552
1443,775.2555,983.7514,211.2556,387.1136
1444,2047.6687,6456.6803,1765.5886,2645.0885
1445,2032.485,8441.9603,1694.6943,3370.1255
1446,1518.5718,4480.1569,1113.8693,1858.1686
1447,65.2517,168.171,35.44,65.5248
1448,244.9993,314.7692,97.5842,123.8631
1449,1571.8725,5038.0656,1380.7053,1954.0166
1450,1883.2211,3381.9391,860.6022,1287.9432
1451,124.064,275.9126,83.3716,116.1146
1452,2238.9835,4820.4528,1536.903,1915.9404
1453,1930.4926,8045.2398,2178.5043,3148.8642
1454,1814.1601,7484.163,2019.3187,2964.6355
1455,1791.4151,4633.488,1069.5782,1662.0736
1456,326.4295,1102.1039,254.6475,485.5807
1457,905.9572,3710.5151,999.1939,1423.8408
1458,313.4555,841.7473,189.9092,1039.8376
1459,1012.2935,1475.9555,339.5748,638.9786
1460,1325.5946,1937.8146,453.3119,811.1264
1461,2176.3898,6759.8391,1603.8049,2609.1542
1462,2165.4926,5112.9908,6882.6659,2076.2375
1463,2280.1383,6106.5945,1273.0842,2317.2994
1464,810.0324,1995.5162,424.2109,835.4716
1465,1613.9788,6267.2786,1690.2549,2397.5299
1466,1633.3878,6543.9634,1499.8321,2575.5397
1467,2022.1501,5431.9153,1472.0916,1958.2001
1468,1005.7985,3611.1885,1008.1488,1394.4779
1469,422.4253,1714.8434,438.0223,661.5554
1470,1376.9521,1662.8093,445.5793,666.48
1471,1131.7365,2120.4661,509.3725,863.3521
1472,1612.2602,5304.6247,1392.0119,2228.3191
1473,1621.6739,3084.0037,751.2363,1228.1408
1474,1576.7899,3620.6577,970.2943,1541.036
1475,1187.6531,2471.3828,697.1046,931.523
1476,2147.0394,7300.7841,1773.516,2777.4746
1477,505.0326,850.2137,188.2778,364.9499
1478,1212.783,4170.0109,965.6458,1734.7064
1479,2234.8063,7854.1109,2076.3936,3053.2047
1480,2110.7247,8951.3724,2090.0594,3277.7488
1481,1382.6644,1876.6521,424.7946,745.9484
1482,1616.8872,2179.7449,647.3591,882.1407
1483,477.5195,880.2158,213.227,374.2795
1484,538.449,1906.6973,481.3692,721.5781
1485,2136.9093,8655.9517,2024.7864,3536.7344
1486,944.1896,2567.564,709.1203,1044.8787
1487,1466.3446,3772.4697,947.7308,4453.0869
1488,1490.8199,2674.0664,676.0924,1066.559
1489,1612.9558,5058.8512,1166.2127,2061.2592
1490,495.7461,883.5504,241.1569,375.4789
1491,1509.1965,3030.8414,883.6201,1169.8385
1492,1257.3392,4324.2522,1145.3356,1819.8282
1493,1973.235,5935.8717,1455.8361,2472.2507
1494,1392.175,4036.5346,913.6229,1611.2196
1495,37.4655,157.5258,40.2209,63.741
1496,37.0647,60.7942,15.2948,24.3508
1497,1141.5039,3884.8266,903.6653,1671.1407
1498,212.9458,780.6438,169.64,318.9954
1499,1520.0023,3821.9494,838.0912,1596.3128
1500,1690.3429,2386.9045,640.296,918.2042
1501,1499.4532,5448.9556,1756.7093,2226.1906
1502,313.5274,381.2518,89.4134,152.8597
1503,1293.7373,4787.1664,1344.4945,1923.2445
1504,2182.0935,4531.7828,1272.2649,1936.5559
1505,1049.9508,3271.7823,771.5959,4392.3457
1506,146.6782,159.3621,43.5461,63.7534
1507,475.3642,986.5091,226.1914,391.5611
1508,2030.4479,2342.6637,620.321,972.8718
1509,1609.1584,5307.938,1264.6174,2128.2183
1510,788.7206,1714.8181,452.5881,702.1911
1511,703.3142,2009.5503,477.575,757.0764
1512,2060.9961,6746.3956,1568.8343,2664.8888
1513,915.0407,1083.9462,261.1673,411.8845
1514,976.7446,2091.1645,540.6848,830.7797
1515,2162.4692,2851.6195,665.2294,3401.8481
1516,606.495,1379.8207,348.8805,517.6217
1517,479.0952,1961.7361,523.5336,794.8224
1518,1362.8547,1798.1875,413.7897,667.4753
1519,772.6341,2290.3401,495.8212,877.4928
1520,977.372,1294.3232,322.7251,522.2833
1521,2228.3215,3604.178,890.8346,1503.8592
1522,1463.2524,3738.2392,945.239,1443.6605
1523,575.9386,1717.1249,468.8317,699.4615
1524,2059.4515,3393.5465,1219.1382,1491.197
1525,331.4839,1018.7644,255.9228,388.7502
1526,689.348,2375.8866,525.8433,977.1543
1527,98.9218,257.8712,66.8284,102.9604
1528,459.1513,1908.1862,479.6535,755.3555
1529,145.1676,457.2057,150.5661,195.1484
1530,1249.4887,2718.9839,651.6038,1143.0695
1531,968.564,2757.4853,702.872,1091.6971
1532,84.2408,128.6195,31.6099,50.2685
1533,542.3002,1378.4957,364.8049,547.6832
1534,312.7922,766.3363,176.332,301.3118
1535,926.0347,2964.6633,798.4863,1181.1603
1536,128.01,370.081,98.8654,149.1842
1537,1354.4976,2650.6475,3983.0916,1077.1485
1538,1441.1218,5956.773,1456.9507,2423.5577
1539,1732.8434,2125.4434,481.8611,886.6119
1540,903.4071,3698.1164,905.9879,1438.4937
1541,858.9533,3497.4369,966.9845,1347.4616
1542,350.1713,1233.7451,339.407,476.4469
1543,2282.049,8929.9639,2332.1261,3621.9527
1544,1127.878,2571.3514,501.9347,1033.3047
1545,612.221,2492.3571,625.5048,1052.4298
1546,894.6273,2998.8204,593.6559,1249.8924
1547,666.5068,1373.962,438.2449,517.1555
1548,1961.4941,3327.6728,831.7977,1432.4718
1549,789.0675,1306.2266,319.6868,535.6988
1550,519.7667,1790.2095,482.0608,709.2354
1551,1927.5898,7876.063,2167.7986,3270.1393
1552,1776.1285,2931.6765,690.602,1166.7265
1553,1251.2,3131.2882,831.3826,1227.2548
1554,995.5775,3668.4342,1044.3344,1462.5254
1555,1013.592,1427.6511,402.6706,546.8983
1556,758.9509,1264.8258,326.6818,477.1457
1557,865.8705,3433.0905,775.5994,1323.9932
1558,1310.7764,4345.8614,1028.3839,1749.5294
1559,1308.7138,5429.0341,1204.1424,2223.4769
1560,627.7695,2330.8918,511.3862,3202.6627
1561,207.8717,731.1821,155.8337,281.6303
1562,342.9678,502.0027,124.5269,202.5648
1563,1236.5636,2252.9339,552.6397,912.6546
1564,1514.9735,5397.9784,1338.5884,6721.0193
1565,2043.4574,7252.4642,1689.569,2971.218
1566,274.17,407.7387,97.9279,158.0886
1567,1564.3624,3691.2734,1080.7388,1532.2996
1568,1708.0572,3287.9247,854.2319,1364.9797
1569,534.3383,1238.9529,306.5395,498.9008
1570,1604.5457,3881.5314,918.1634,1525.8672
1571,2085.1568,6586.7716,1808.1839,2669.9329
1572,287.1723,675.2834,179.1079,270.7678
1573,1452.059,5476.3235,1609.9268,2225.9276
1574,1067.0239,1840.1003,513.8759,704.7896
1575,1844.9503,7818.1892,1832.7239,3312.7442
1576,227.0775,443.2091,116.3307,177.6921
1577,1555.8077,2217.3093,599.5187,875.8577
1578,1545.7959,5520.0965,1312.8433,2414.4142
1579,900.0764,2587.9667,523.0065,968.4365
1580,837.9804,1231.2124,339.9317,472.8873
1581,1064.0597,2289.3162,489.5503,981.326
1582,1972.3745,6285.157,1713.4122,2607.3172
1583,2219.7387,2936.9269,704.9275,1230.1805
1584,916.2022,2497.4208,760.3043,1003.3839
1585,28.4463,54.7889,12.9807,22.9059
1586,1586.6223,4310.6201,1287.4348,1754.2718
1587,297.8416,765.9796,177.5602,306.2132
1588,708.1751,1524.8046,361.9477,628.8494
1589,578.1399,2306.3019,503.945,899.03
1590,338.2402,793.668,202.7983,339.0876
1591,538.52,1914.9846,473.6546,734.8612
1592,2062.2691,3958.2787,1091.6377,1621.5842
1593,779.9895,2117.3727,451.569,818.2271
1594,1296.3428,2842.8684,683.9084,1138.8147
1595,527.3336,1889.264,383.4084,2224.5149
1596,442.1558,1309.5918,329.8888,513.8274
1597,206.7229,818.0413,181.7253,339.6004
1598,1105.2625,2052.7798,561.5306,848.3252
1599,1764.4295,5251.3716,1181.2121,2105.6035
1600,2279.1055,9309.8976,2360.7006,3790.9771
1601,1828.7304,3370.4603,958.1708,1291.0572
1602,547.7883,1606.3627,429.662,630.6211
1603,1490.5323,6286.1443,1931.6117,2395.6555
1604,1922.5971,5555.6346,1212.0497,2287.8093
1605,575.8597,1268.6132,290.6457,519.748
1606,701.8501,2272.7927,546.7623,879.1197
1607,1146.7588,4367.1754,1243.1464,1735.5261
1608,1906.9654,6751.1322,1855.6304,2633.0705
1609,769.4142,1226.4639,306.3826,504.3391
1610,111.5501,421.0094,111.4009,159.1891
1611,1750.3223,6743.8806,1891.7947,2642.4611
1612,761.1631,2226.377,534.409,2731.7761
1613,2230.1254,4638.9191,1222.8027,1793.0647
1614,1791.1947,4816.0012,1155.5394,1879.854
1615,1483.0262,6258.8823,1713.9492,2539.7226
1616,865.0533,1745.1495,396.6706,706.086
1617,471.0345,1810.9972,478.3436,728.5389
1618,1217.0581,5132.131,7586.7448,2084.6371
1619,374.8047,934.113,243.0959,366.9451
1620,1797.1026,3379.7398,851.262,1374.0001
1621,1430.5818,3993.7214,1001.6662,1586.7359
1622,1640.8681,3723.2021,849.5234,1473.9445
1623,1419.144,2069.6304,502.0171,2561.9873
1624,796.2545,1518.2633,373.5008,1819.4638
1625,2276.839,4031.8446,1115.7295,1533.3694
1626,1870.3506,2828.7492,890.5178,1043.6549
1627,1681.8689,2889.1252,655.4099,1265.3482
1628,910.8294,3385.4055,4765.1166,1350.628
1629,1334.845,4771.9519,1120.2153,1867.3729
1630,1153.4516,3217.2384,814.8534,1238.752
1631,1406.9404,4084.3942,1031.003,1658.7141
1632,98.511,371.6154,97.4046,154.6839
1633,1455.2679,5310.6139,1178.276,2046.9947
1634,1577.6479,4726.3806,1415.9072,1884.2054
1635,2272.491,4789.8537,997.8809,1870.201
1636,522.4358,2118.3365,642.8912,837.8359
1637,498.7248,2092.1805,610.184,882.3656
1638,366.4372,892.5201,239.6699,349.7334
1639,1352.2728,3366.0968,966.3365,1464.8767
1640,689.0209,902.0851,260.7108,358.0916
1641,644.2255,2131.3899,505.3999,842.9819
1642,343.669,954.4309,248.0511,390.0856
1643,1600.0227,2023.4902,509.7702,794.0286
1644,80.522,276.6636,71.8905,122.3497
1645,737.8117,2854.9309,814.7924,1106.5847
1646,1646.9346,4871.2445,1255.6622,1961.0254
1647,1068.4689,3848.7592,919.0701,1573.0485
1648,1002.4078,3844.5545,957.2272,1507.6226
1649,761.0792,2145.0368,552.7767,835.1142
1650,1634.2664,2532.7988,637.9468,1003.0392
1651,2200.642,2457.8588,558.9345,1000.7943
1652,1073.1077,3790.3357,942.0632,1403.781
1653,2089.0315,7073.9397,1732.1277,2836.5137
1654,2179.3967,8512.3777,1948.3755,3450.7155
1655,60.5176,120.9392,27.4618,48.0661
1656,2120.1627,6194.4534,1471.7373,2503.1517
1657,2038.3335,7989.6505,2142.4843,3071.8083
1658,2195.3902,2784.2377,641.7217,3398.8626
1659,584.7607,1196.3497,305.0771,461.4215
1660,2204.274,9166.2385,2267.7076,3702.4331
1661,1888.4144,3914.216,988.711,1664.367
1662,1920.3856,4677.3178,1065.4163,5773.7418
1663,963.0572,4026.7896,995.3561,1587.4607
1664,2257.5417,3069.0955,4759.4025,1204.6268
1665,636.3199,2553.1672,757.7642,3156.4516
1666,457.0652,1520.1681,459.5343,659.1089
1667,739.6472,1500.0706,362.5808,656.2672
1668,563.0918,1608.4404,332.4926,607.9221
1669,370.5881,1201.9638,316.4933,484.2356
1670,958.5481,4071.568,1014.0658,1622.5836
1671,1091.1494,1510.9916,355.3099,568.2114
1672,1591.6418,3942.4772,1031.3988,1638.8678
1673,1529.0533,6414.4732,1709.5129,7961.1608
1674,1803.486,5563.1546,1246.8866,2166.6521
1675,1031.2897,3231.949,878.5598,4304.9194
1676,885.181,2728.0227,688.3559,1187.8092
1677,1511.5351,2679.208,719.9131,1143.2735
1678,443.8819,1809.6621,413.3293,710.3501
1679,1243.0491,4561.143,1200.7812,1769.1444
1680,1085.7898,2599.5047,567.6238,1019.1364
1681,1538.3643,4173.5257,1084.7139,1616.4144
1682,601.2519,2056.4896,517.6695,794.2375
1683,29.8547,52.8388,13.1177,21.0556
1684,770.8108,1886.8541,455.5315,720.2179
1685,1469.4285,4794.554,1174.4367,1905.0199
1686,1512.0789,3711.4902,898.5796,1513.8784
1687,542.3245,767.4752,225.0395,302.0486
1688,189.4301,258.3449,67.705,354.7264
1689,2172.3433,3636.8377,872.578,1433.4408
1690,503.2491,1357.0837,369.9095,563.1759
1691,1242.2325,1862.4341,530.508,755.0771
1692,2076.8953,3189.7096,995.5989,1303.2873
1693,554.0527,725.6698,199.9575,274.2134
1694,1731.0284,2651.7382,679.3394,3659.0611
1695,168.975,312.4716,86.9644,117.9954
1696,153.2833,520.3804,140.5129,195.3862
1697,2204.1673,4418.3638,936.3322,1934.3517
1698,368.4368,764.0089,164.2122,310.9003
1699,1991.0566,3716.8319,1019.3181,1452.5599
1700,81.5801,185.9956,39.9233,72.1781
1701,1540.1641,2538.5135,627.3757,1044.1054
1702,387.5477,1488.8548,333.7803,583.0047
1703,733.7413,2377.2015,510.2653,890.8839
1704,2142.8497,3864.5506,873.2158,1534.8114
1705,566.2926,1559.7148,399.0642,616.5129
1706,577.1948,1544.2119,401.791,596.5361
1707,1248.1605,1758.7759,432.2169,687.9286
1708,969.8166,3838.6523,972.1801,1553.3922
1709,2023.4693,2819.4916,820.8031,1067.6973
1710,1482.752,5341.6059,1145.5659,2182.8542
1711,2029.2996,3588.6845,918.5737,1520.9641
1712,1499.0043,6083.8126,1977.3944,2358.7897
1713,1339.6571,5215.0733,1257.7293,2160.4687
1714,493.5056,1234.7395,299.9279,501.1895
1715,667.2781,2381.195,557.553,937.7118
1716,797.9227,3351.2336,811.4114,1408.3456
1717,149.2538,395.3521,110.4946,164.5147
1718,1750.1586,5806.6687,1403.5353,6794.404
1719,773.0758,3121.045,765.5228,1356.8475
1720,1842.2861,4288.4051,1185.1903,1705.7271
1721,366.6698,477.0977,110.1231,195.1513
1722,805.7941,3196.1089,682.4786,1235.6672
1723,1918.7066,7185.4859,1813.3663,2973.5753
1724,583.3152,1531.2794,421.037,611.0459
1725,632.3754,727.2973,185.3352,272.0597
1726,1164.0883,2806.3908,648.4171,1137.4119
1727,593.4235,1101.4928,326.1566,425.634
1728,1210.4369,3935.9023,881.4164,1502.6983
1729,264.0644,856.9018,203.1103,311.2628
1730,1151.0447,3383.9011,824.9134,4461.4504
1731,1353.1756,3174.3735,733.233,1266.4455
1732,529.6605,2013.8504,478.7478,834.58
1733,1072.98,2296.8456,565.5605,920.7476
1734,314.6096,840.96,246.143,359.9101
1735,2162.4117,5376.0216,1353.9024,2285.8764
1736,938.8175,1819.6153,430.4038,723.4227
1737,1682.4437,2242.8615,472.3242,887.172
1738,1198.9963,2592.977,594.5196,1020.2655
1739,641.8902,1695.4688,459.8623,681.8057
1740,569.4854,1118.1111,285.8971,471.8598
1741,264.3035,577.9818,114.0276,224.6626
1742,1625.9333,3239.731,813.1569,1307.6785
1743,1949.3529,2436.1026,544.5475,1040.2327
1744,116.7425,168.7557,39.4398,67.6507
1745,34.8075,108.4411,30.4408,43.1604
1746,300.6892,872.7598,216.6896,353.29
1747,213.9007,537.4639,122.0327,213.9052
1748,818.8334,3265.0293,4569.3043,1411.1364
1749,1368.6496,3963.656,950.5819,1623.9622
1750,1138.8349,4142.2983,1142.4014,1677.9626
1751,1648.1337,4884.12,1219.6441,1901.867
1752,2140.3011,8579.7181,2145.0285,3284.1841
1753,1272.8663,3064.4097,851.4449,1234.9846
1754,346.5673,1116.1837,247.4277,429.7249
1755,1807.0741,6681.6115,1800.8456,2747.7629
1756,258.3604,712.4175,192.9171,284.1835
1757,1962.053,4386.0377,1230.1201,1887.2799
1758,231.7919,396.4334,83.3959,514.3556
1759,411.2255,909.31,234.7412,375.6817
1760,2013.4495,7254.9271,1959.9446,2759.2781
1761,775.1857,2658.8559,688.7998,960.8554
1762,1574.8768,6010.54,1464.337,2421.1977
1763,1006.1778,2197.3024,694.2476,845.4791
1764,1253.1537,2896.6171,645.5896,1179.8456
1765,838.5515,2330.6266,546.3375,996.2572
1766,2080.2954,3222.1907,750.3707,1363.0267
1767,863.8273,3180.9928,871.4323,1225.3948
1768,44.668,59.0377,14.2811,70.03
1769,2026.6538,8195.6046,1913.8034,3285.464
1770,241.8536,504.2469,120.7928,202.6701
1771,2007.31,6793.8162,1969.6926,2838.3847
1772,2058.2509,3206.1417,764.0179,3636.979
1773,934.1635,3086.9017,815.132,1188.315
1774,1758.3789,3263.7547,706.5036,1238.2566
1775,199.8509,600.9615,130.9232,231.0452
1776,1355.7603,5246.7821,1408.0469,2018.8604
1777,1893.0096,7611.5564,1934.6397,3228.6149
1778,1692.4567,4622.9407,989.0718,1929.3227
1779,1697.7755,7119.5462,1642.1438,2774.7508
1780,263.6979,574.5544,151.2552,217.7154
1781,1561.7801,6086.2563,1431.995,7110.2427
1782,309.2104,441.3622,126.788,163.4538
1783,1118.6743,4313.3654,932.9189,1805.8904
1784,2219.5693,6808.954,1693.5786,2685.7174
1785,1540.5206,1924.2129,482.4096,724.3743
1786,620.387,2324.0876,638.6295,902.2703
1787,2202.8659,3834.4767,1086.0954,1572.1453
1788,1316.9166,5071.9544,1273.8569,2102.0288
1789,1348.9244,2506.4475,635.3539,996.4072
1790,844.4509,1869.2402,427.9243,756.3732
1791,725.0428,1664.7737,537.4249,726.4161
1792,1336.665,3814.6407,796.5958,1644.748
1793,2097.8071,4198.5991,1252.7126,1697.0317
1794,1811.2189,3585.0932,944.2569,1569.5951
1795,882.9131,2561.3814,633.105,1075.211
1796,1214.6774,4376.6101,1123.3171,1805.6973
1797,1847.2201,6495.7615,1631.5952,2428.6815
1798,2223.3159,3017.6932,980.7751,1209.4948
1799,1067.0527,3907.8363,898.3099,1394.9535
1800,1092.5268,3461.2771,961.1701,1354.6239
1801,1233.8378,1656.223,390.2348,663.6549
1802,1383.1815,3145.1234,645.4621,1200.5395
1803,289.882,808.1201,190.8599,323.4373
1804,848.6113,1145.9247,295.6767,429.6079
1805,1053.2749,3557.307,974.3913,1343.4053
1806,1779.5736,7353.2595,1993.7189,2953.9551
1807,1343.0768,3386.1408,969.5392,1392.7699
1808,152.1974,351.6099,84.2003,144.4828
1809,334.9932,826.8084,209.4345,301.2555
1810,395.8324,1055.8053,242.7183,424.0277
1811,2063.7415,7944.2014,2074.9564,3181.9888
1812,1007.007,2396.2959,556.99,926.3098
1813,994.8125,1612.5666,407.6773,649.8272
1814,1063.391,2945.7936,749.7089,1243.8929
1815,701.0126,2666.6579,687.2285,1088.8301
1816,189.1469,481.8719,119.5365,193.8182
1817,1964.8386,5087.3314,1551.7306,1961.8429
1818,556.0775,608.8499,136.8065,259.3354
1819,1101.2314,2949.3237,772.4632,1220.6433
1820,539.8586,1469.0929,358.097,628.4208
1821,1843.3181,4126.0414,1063.615,1608.0886
1822,2144.8603,4284.8497,1073.8197,1677.5648
1823,369.8688,714.4161,169.4075,291.18
1824,359.7482,695.3425,192.8465,286.6981
1825,147.3436,237.8598,58.6125,94.5667
1826,1964.9548,3889.9079,950.0508,1520.36
1827,1773.0416,5885.0924,1597.0635,2388.3321
1828,694.5222,2537.036,612.6431,1098.6861
1829,654.6759,785.982,163.3826,319.6933
1830,1740.7408,2152.4663,509.2933,863.5227
1831,1896.1827,3668.7484,921.9938,1450.2716
1832,1684.4496,2869.5318,610.7,1178.0653
1833,1784.8009,2066.1376,587.2779,825.2269
1834,380.1655,1514.5567,335.7356,581.1225
1835,438.5542,1202.6388,287.2207,471.3804
1836,878.5976,2919.5474,668.1384,1151.9765
1837,350.2285,1343.171,2021.2895,545.6922
1838,1396.4151,4047.6467,804.773,1680.7153
1839,1445.5695,3399.4576,914.1953,1308.1283
1840,550.8579,598.8443,151.3465,755.4376
1841,1153.6306,1744.2519,428.9271,759.9549
1842,1555.0164,2920.8134,643.1092,1171.6771
1843,1237.1579,2907.1867,786.2211,1177.0557
1844,819.6999,2474.5583,616.2606,1065.6811
1845,1075.6865,3405.3353,1050.329,1327.8379
1846,631.009,1559.9648,344.1588,633.7902
1847,1477.422,5000.8755,1171.9416,1852.8749
1848,1066.3911,3739.2989,1135.6001,1562.8443
1849,1300.4771,1690.9915,374.5359,650.3838
1850,2036.5793,2363.6251,766.0779,926.0065
1851,1401.6212,1805.9211,456.4217,716.5896
1852,1780.4224,7226.2833,1685.7463,2947.2903
1853,1732.7863,6140.1125,1565.2907,2496.9674
1854,1668.3813,3538.9566,824.7459,1375.1864
1855,1485.1264,6074.0834,1554.7595,2548.9346
1856,1525.2481,5833.8137,1372.7285,2528.7755
1857,83.9438,294.6988,76.2254,115.1995
1858,1490.8435,4008.1698,908.8373,1764.357
1859,1241.0139,3649.1907,969.2482,1449.2127
1860,1667.8682,5546.195,1301.4891,2123.98
1861,1263.2886,2223.9703,530.5222,848.0533
1862,1242.4673,3840.6156,909.365,1437.9503
1863,1403.2415,4039.2307,918.0971,1585.5768
1864,803.6534,1655.884,436.3842,698.8163
1865,1326.3289,2864.0862,701.9521,1182.3621
1866,1228.3466,2782.9213,712.9249,1075.6777
1867,1093.0056,2519.3314,731.8522,1086.0288
1868,1221.5105,2292.5756,681.3932,3037.4761
1869,1163.7273,3041.8988,730.6827,1307.4336
1870,972.8342,2690.9433,682.3546,1100.3571
1871,155.5572,568.8245,135.5084,233.869
1872,423.4608,1478.46,361.8058,576.9062
1873,1831.3335,2270.5469,3491.4373,900.7867
1874,1136.4682,3926.6129,1206.8117,1574.3505
1875,1873.1423,2805.3475,734.1689,1088.4783
1876,1095.9263,2272.3863,689.1143,938.2985
1877,1162.2145,3217.1886,839.9863,1308.1916
1878,500.4972,834.5431,190.3888,330.2658
1879,1789.2958,4481.9421,1229.5936,1779.9708
1880,1041.0335,3588.1147,856.7222,1543.5101
1881,1795.4614,6577.1068,1725.7723,2590.7354
1882,1093.449,1509.4694,330.7992,590.2864
1883,217.6876,458.435,126.3238,186.6972
1884,289.3996,748.4757,217.1342,296.9194
1885,2227.2356,4730.6455,1215.4102,1799.9484
1886,243.906,1008.1224,275.15,403.7492
1887,1524.759,1874.707,455.8091,768.0594
1888,817.8243,2606.132,3844.0994,1064.8484
1889,50.8132,137.4551,30.7616,57.8056
1890,814.4507,3390.1932,880.4813,1397.1485
1891,2186.215,5894.8098,1500.32,2312.2135
1892,1653.5838,2799.4485,665.0739,1158.8145
1893,58.87,216.6653,48.5738,250.5256
1894,1358.2477,4731.0659,1123.783,1994.5405
1895,1159.5272,4780.4136,1265.5368,1993.7864
1896,583.6735,1825.7608,468.2745,731.9967
1897,94.4245,293.7492,67.0027,120.0369
1898,1703.2049,5301.7711,1606.9715,2211.9758
1899,474.7241,1953.1282,465.3048,765.8811
1900,565.4482,1115.6059,301.7449,432.0028
1901,1045.5712,3834.4266,992.224,4851.3143
1902,1579.5829,2213.1922,606.8956,915.8312
1903,1237.0549,4633.7766,1468.1045,2043.9299
1904,1428.6466,4104.6863,1014.4485,1556.3015
1905,1694.2171,3301.5168,740.1847,1347.6605
1906,475.0737,980.5429,227.4728,388.914
1907,965.5992,3321.5492,756.3231,1361.2923
1908,1937.2213,5802.7815,1268.8042,2437.6399
1909,826.2493,3225.4634,757.2869,1243.4362
1910,2098.9692,7796.0082,2039.6132,2893.2753
1911,172.9175,721.1669,196.0102,280.0444
1912,743.4114,2447.9597,520.4727,1034.5559
1913,1734.1952,6121.4173,1480.3627,2412.5189
1914,2062.8874,5760.6367,1471.9898,2278.1526
1915,734.4999,1214.3299,292.3857,454.7164
1916,1505.0429,4267.7612,1018.4875,1612.2017
1917,1811.1,5708.7443,1569.0212,2297.2485
1918,390.7252,1192.0918,280.829,491.7159
1919,1034.7883,1442.9554,349.2383,589.7855
1920,976.5396,2704.1224,620.1248,1123.3063
1921,731.0498,1653.1588,398.8627,652.6787
1922,2111.5741,7541.9953,1934.2995,3251.0539
1923,1224.36,1993.2861,508.0441,826.7923
1924,879.0107,1278.0999,355.9584,510.2821
1925,2043.5299,3694.1036,933.174,1559.604
1926,1249.8002,2302.6422,515.9535,970.9491
1927,1601.165,3652.5323,970.2419,1536.5564
1928,299.3933,1027.8949,249.5536,403.3126
1929,1977.7072,2905.0618,604.2243,1192.5586
1930,1328.4437,4662.1081,1047.9232,1941.222
1931,566.3317,870.2771,226.1185,352.721
1932,611.9357,1234.3229,297.1654,469.6435
1933,1754.1857,2890.3726,815.5706,1167.3347
1934,948.2338,2974.0264,766.7578,1226.4128
1935,2188.8211,5164.5859,1295.527,2051.4193
1936,883.4398,1682.4776,478.1697,713.4728
1937,1895.5075,4078.31,1211.4531,1691.5572
1938,1100.5398,3712.0607,914.6158,1627.4033
1939,1450.8403,6130.6523,1741.6061,2500.3975
1940,1955.2323,3927.4517,1144.7254,1565.1259
1941,1925.6453,6693.1788,1729.444,2716.3287
1942,238.0977,976.0982,281.0639,383.5437
1943,1836.1068,4497.7495,1154.6687,1783.2473
1944,622.7547,1913.9639,476.4541,750.0988
1945,423.2004,512.4331,114.499,212.4155
1946,42.6762,50.9525,14.7966,20.5216
1947,156.9825,481.2423,103.3432,188.4239
1948,1573.4823,4130.7382,1025.6096,1576.9445
1949,1306.1552,2833.018,744.3829,1099.3275
1950,297.5308,359.4315,80.0824,146.0296
1951,2015.3277,5849.5915,1683.9444,2190.8324
1952,1010.4796,2406.2908,583.2652,955.3953
1953,555.5544,1266.8422,289.8494,529.5259
1954,2060.5676,5167.237,1548.0597,2296.0027
1955,2057.2894,4537.9866,1164.9328,1749.786
1956,1166.4733,4060.7017,999.804,1649.5063
1957,458.5865,1923.2165,571.5654,771.71
1958,419.0622,1692.8548,471.1863,675.4876
1959,390.5807,750.699,176.1014,300.6683
1960,126.409,280.2135,83.6399,111.9492
1961,1945.9345,3305.9194,709.3543,1331.5029
1962,1161.1046,3695.8801,1062.6486,1614.7199
1963,1812.7488,6588.1506,1477.7514,2571.065
1964,133.2872,187.6844,52.4676,73.1412
1965,315.248,626.9203,165.3905,247.391
1966,2245.2927,9519.5182,2287.9688,3869.6168
1967,123.2953,135.0405,34.672,54.6289
1968,533.984,781.0406,207.0464,308.8263
1969,822.0003,3007.3229,804.7018,1329.2426
1970,1295.3027,1943.3309,479.586,768.0476
1971,1578.6337,4602.7148,1209.6046,1806.0454
1972,254.9603,427.5639,108.4724,167.4528
1973,211.3523,440.872,102.3934,173.685
1974,983.9744,1725.1951,415.7791,751.4905
1975,867.8447,3548.0217,902.7159,1509.4094
1976,824.6841,2304.356,637.2951,946.9323
1977,276.7402,749.4014,197.3186,317.6915
1978,1947.625,6279.7354,1475.2238,2496.591
1979,365.2204,593.0729,153.9908,237.8464
1980,1504.2996,2408.4137,623.9219,947.2128
1981,1911.4698,4653.5027,1335.8737,1896.6012
1982,43.2094,104.0381,25.2164,41.5922
1983,1879.2797,7811.7109,1843.4472,3088.5395
1984,112.9571,219.3622,52.1982,94.9077
1985,1949.3625,8129.344,2315.2551,3212.9289
1986,2199.7222,4204.2722,1073.9096,1723.8069
1987,1981.0901,7919.4968,1814.1558,3308.1453
1988,909.9033,1082.2747,318.2231,427.982
1989,1465.0494,5091.6569,1249.0335,2099.1892
1990,1131.4328,1353.2308,325.9054,543.6786
1991,209.6102,415.7275,120.2168,171.8423
1992,50.5416,141.3381,43.1704,59.2633
1993,1431.696,2086.0924,524.0637,827.9619
1994,1927.0535,3061.7701,762.405,1305.6182
1995,1996.6926,4907.4576,1151.1159,1994.8048
1996,1727.8086,5320.691,1467.909,2115.2121
1997,1596.643,3821.5651,1015.9949,1491.7775
1998,1435.5344,5299.6844,1184.358,2088.3355
1999,1083.503,3442.2621,773.8381,1383.0977
2000,1589.9314,6604.0586,1636.1322,2662.4298
2001,1554.5292,4040.9769,1054.4435,1635.709
2002,1558.8487,6246.3861,1829.2094,2338.6297
2003,948.5559,3968.0937,1060.8228,1566.934
2004,350.4596,1237.1085,328.0571,503.6012
2005,1169.1644,2202.1257,483.7473,913.409
2006,1353.1403,2075.9541,452.0634,825.5741
2007,1309.3637,2355.5893,564.7329,944.6072
2008,37.5643,133.4355,30.5616,57.5456
2009,1883.8964,3412.5131,740.5344,1319.4211
2010,630.743,1485.1923,369.848,580.6939
2011,864.0863,2044.1426,629.7219,856.9949
2012,1746.2427,5104.1598,1262.7587,1949.573
2013,1846.4444,5618.4521,1407.458,2098.5539
2014,2074.0348,2811.5557,702.2952,1199.4109
2015,179.2244,721.3507,154.7828,285.2955
2016,57.0523,62.0016,15.7173,25.1322
2017,104.8293,223.6899,56.672,90.117
2018,1329.7668,2670.0994,637.3915,3171.9252
2019,1305.7952,3669.9003,968.9645,1525.4353
2020,1962.7025,4452.9694,1073.7957,1705.6769
2021,1826.3675,3187.9687,940.8181,1354.656
2022,1027.1755,2012.6849,467.861,843.5687
2023,147.5868,599.1339,114.9469,224.1953
2024,1996.9228,2301.9936,551.5471,960.9946
2025,1181.8763,2546.1739,667.306,991.6126
2026,2053.8296,5675.2918,1384.1507,2305.0693
2027,1049.5319,1567.6501,428.1962,619.9887
2028,608.167,1173.0884,246.2659,458.2816
2029,1729.7221,3688.2754,953.6182,1395.5562
2030,2257.8258,8233.4332,2464.6548,3471.0342
2031,945.0679,1222.1324,351.9707,490.8085
2032,1156.6146,1317.3921,272.5153,537.7507
2033,403.3047,1544.3458,389.466,653.1971
2034,371.3863,475.2609,94.8605,585.5127
2035,17.065,47.7309,11.5309,19.3748
2036,1667.4705,4114.9724,1126.838,1663.1413
2037,308.5514,616.2082,163.2619,255.4964
2038,346.4736,705.5671,919.5995,273.882
2039,34.5649,107.867,27.7774,44.8508
2040,2186.2906,5063.6571,1375.8345,2005.4768
2041,499.3281,666.4321,159.5086,275.6084
2042,1159.788,3707.8595,5202.9658,1525.065
2043,56.366,144.0156,28.7564,56.7686
2044,1425.4283,1866.909,485.2634,742.9037
2045,895.5746,1616.6363,393.3711,617.878
2046,135.1283,232.545,58.6747,98.041
2047,2244.0177,3047.8822,817.4213,1244.6605
2048,311.2195,584.047,154.9825,229.0646
2049,1332.6877,3275.8002,981.6686,1259.7897
2050,938.3074,2994.0072,721.7114,1164.6343
2051,204.3331,400.7791,98.8583,160.7669
2052,2233.9608,4281.4161,1071.4145,1629.3901
2053,1055.9575,4090.4756,939.0902,1653.0513
2054,129.9444,197.1508,53.1143,76.7572
2055,1885.9808,2983.9544,782.8002,1200.234
2056,1517.8117,2261.8846,541.6745,935.2088
2057,976.5255,1114.0117,283.433,426.7247
2058,659.1009,1353.2817,412.0448,532.1957
2059,1794.935,3315.5292,717.2848,1265.9634
2060,963.7402,1191.5552,299.4629,466.3018
2061,377.0526,1551.3798,2241.387,692.7555
2062,372.4034,460.015,126.365,183.3341
2063,1260.2164,3502.859,979.3104,1342.2117
2064,414.3864,1030.2102,235.1664,398.4033
2065,120.3747,143.7518,43.6487,59.6357
2066,732.7349,2459.8019,621.7615,951.8753
2067,1868.602,2189.0864,519.0296,820.1762
2068,413.7283,1605.4811,405.32,621.9977
2069,380.7131,980.6794,247.6325,401.7519
2070,1644.6325,4684.9237,1259.6588,5376.2778
2071,899.1715,3039.8441,869.0231,1151.2103
2072,534.7952,1499.3502,401.9404,568.0465
2073,1147.7673,1933.8551,466.5577,819.0761
2074,1256.0337,3906.664,955.0497,1594.747
2075,2020.2377,8065.7352,2073.7272,3226.4112
2076,817.814,3317.6484,837.0822,1338.1655
2077,1047.1696,3477.6426,899.8587,1368.9365
2078,959.6962,2920.2147,640.3323,1179.8016
2079,1405.5312,4927.5386,1054.2295,1941.5687
2080,1869.7191,3297.0264,773.8408,1313.2091
2081,56.2436,222.4679,61.1953,91.856
2082,1696.9595,6171.4855,1496.2524,2312.9693
2083,877.5759,1305.0769,318.5752,536.1903
2084,2034.7817,5883.9258,1627.3089,2324.4793
2085,1662.7228,4676.5826,1155.351,1819.7274
2086,1501.7361,2665.8755,665.8838,1157.9451
2087,505.681,988.3111,285.9114,385.4759
2088,1253.6972,2596.3687,695.6021,1026.2838
2089,2132.4046,7443.4152,1724.9584,8232.1399
2090,611.8496,1305.3923,338.8027,501.8873
2091,681.7443,2080.1358,474.2049,768.227
2092,1322.4237,4776.9449,1103.6135,2051.9292
2093,129.4534,410.2929,103.0805,151.5171
2094,129.4906,167.3868,48.8804,66.6858
2095,1195.0867,4135.6659,990.7205,1588.0502
2096,1115.7175,1542.58,390.3151,603.3632
2097,986.9794,1116.7979,265.6886,466.8964
2098,1154.356,2099.0569,485.6238,858.5171
2099,1901.7614,5080.3779,1334.0413,2066.0539
2100,1264.1018,3283.5205,759.4193,1267.0917
2101,1633.3241,6285.2003,1625.9837,7900.5649
2102,2063.502,7327.4267,1858.5434,2923.4469
2103,1134.2638,3468.0628,766.5446,1472.744
2104,2136.9445,7663.0635,2210.7934,2949.2362
2105,1285.5105,3661.5927,967.5754,1454.7352
2106,2109.7441,3228.2245,718.6868,1289.9145
2107,1458.9664,4019.1264,1039.9919,1511.796
2108,694.5758,1239.2385,307.6371,503.971
2109,466.0975,1429.9933,287.4203,571.765
2110,1046.8414,1515.2563,396.8492,597.6887
2111,1061.0498,3739.4303,881.8022,1550.2912
2112,1593.1613,2331.7289,542.7145,888.392
2113,2129.7855,6524.2973,1634.4255,2660.9533
2114,735.6451,3040.8662,792.9803,1202.2043
2115,61.6697,71.1527,18.2244,27.7665
2116,743.4897,1389.9758,349.0064,577.8865
2117,947.5213,2069.7069,481.7304,819.4776
2118,1149.5262,4712.5883,1314.4467,1891.2315
2119,1116.9397,4720.3988,913.6474,1883.9506
2120,540.2535,1117.3598,324.7371,413.7034
2121,2058.3948,6115.0972,1669.6833,2646.1302
2122,1745.8344,4245.119,1021.2318,1704.9153
2123,79.3938,135.418,30.933,56.1578
2124,2030.031,4566.1794,1124.8899,1837.0614
2125,129.3139,475.9912,114.7519,635.945
2126,1154.3791,1388.1148,313.1593,542.951
2127,1383.9777,2244.4113,564.8627,859.5208
2128,1768.9056,3013.2023,805.9609,1230.6095
2129,1413.9371,4613.2064,1290.419,1927.6175
2130,526.8235,1253.5992,273.6842,1453.4082
2131,1731.7451,3663.6147,928.4961,1409.8918
2132,1860.5611,3880.2173,831.1443,1551.3349
2133,1412.9125,2692.593,619.8986,1035.0235
2134,1851.8841,2211.008,574.4993,865.2618
2135,1357.3164,1884.9724,489.0893,746.6251
2136,229.6184,335.3672,87.9816,128.0159
2137,929.1274,3812.0307,1012.2359,1551.5413
2138,718.8883,1759.1762,421.6667,677.2649
2139,1638.5031,5132.8552,1160.2118,2063.0149
2140,1321.3049,5562.274,1229.3273,2193.9453
2141,1603.3738,4376.4906,1016.6558,1716.2948
2142,2151.6433,9075.4863,1897.0854,3633.5132
2143,361.917,525.4572,130.3382,207.4788
2144,1345.528,5422.7308,1265.5835,2100.8449
2145,605.9405,746.5075,202.0953,282.8968
2146,893.0436,3561.5533,866.6042,1455.9989
2147,867.8894,1361.0332,369.9791,570.1897
2148,2253.9133,3269.1162,728.9441,1395.176
2149,95.1589,231.0593,66.3713,92.445
2150,1333.5233,4317.6748,1127.6202,1831.5689
2151,1629.5019,2544.8753,621.2917,994.7286
2152,1413.5325,2105.5642,521.0527,832.1637
2153,1871.4611,4997.2543,1352.29,2029.893
2154,792.182,1043.0326,248.7014,401.8264
2155,91.2445,306.6027,104.9469,127.1501
2156,1076.9668,4372.8917,913.6614,1783.5691
2157,1248.2516,4918.5909,1270.9437,1928.8529
2158,1575.1819,4963.1101,1306.8746,1917.6901
2159,1496.6193,3900.878,980.5205,1591.2504
2160,2109.3462,5849.5842,1394.0879,2285.984
2161,1029.9018,1831.468,425.3872,703.969
2162,1703.9514,3727.2852,905.3657,1455.9656
2163,1653.8229,2403.3696,648.809,1022.8991
2164,360.5816,561.6401,143.8266,719.937
2165,1775.8777,2239.9522,515.9293,862.8821
2166,2189.4327,4669.4616,1184.746,1849.9148
2167,1625.2033,4432.2266,969.0819,1873.2939
2168,1611.4494,4539.424,1159.5095,1823.434
2169,2121.9942,6262.7254,1614.8749,2510.5369
2170,2131.8401,3658.0978,898.5246,1409.7518
2171,971.2232,2914.3233,631.9413,1204.8024
2172,1533.5211,5062.2867,1361.8924,1936.0964
2173,824.9572,1877.7648,419.9999,772.5811
2174,190.011,411.6528,111.7657,172.0953
2175,2242.2452,5931.014,1544.7415,2466.5205
2176,383.7911,712.5273,167.6787,285.9061
2177,2206.806,5226.1004,1200.2526,2164.1093
2178,1044.6561,3930.1266,941.6015,4591.7413
2179,152.1666,422.1843,118.9743,158.8993
2180,1570.6948,2507.6741,679.9301,1005.3729
2181,364.4414,704.7012,234.6662,291.6978
2182,609.2021,668.3264,164.3224,262.2563
2183,2056.7017,4800.9387,1108.6114,2013.1711
2184,26.5395,51.841,15.1564,23.493
2185,1086.9771,2899.3831,700.9074,1066.9894
2186,1603.6885,6519.3532,1567.4778,2604.2272
2187,110.2815,418.3112,118.9499,169.0098
2188,65.6899,100.2998,22.6182,40.7435
2189,1157.6074,4873.849,1242.2908,1862.4462
2190,503.0523,1955.8179,440.14,808.865
2191,83.8213,245.1014,55.981,93.069
2192,1292.0494,4887.5386,1262.3646,1979.6171
2193,661.8936,2201.6788,533.2848,2541.6717
2194,1911.9463,7647.7299,1628.4896,3024.5339
2195,20.5044,29.2789,6.8068,11.7568
2196,589.6922,1258.7955,302.3821,493.3937
2197,553.3284,1896.8917,483.8211,781.3698
2198,1198.1614,2157.3293,566.6071,885.4718
2199,1288.9787,3330.9678,826.8603,1271.9851
2200,1872.4414,3252.4373,755.5687,1210.3793
2201,679.8697,2294.2023,635.5538,910.6621
2202,2149.6809,6930.2954,1725.2141,2819.6531
2203,2027.7839,7610.9517,1974.7107,3055.1884
2204,1172.7164,1343.4071,301.4313,526.1756
2205,1737.4984,7071.0841,1623.0089,2783.4903
2206,1067.3021,2269.9536,438.8456,930.8483
2207,662.2369,2189.2248,520.2981,881.5291
2208,638.0259,1958.982,442.6445,714.7452
2209,161.3832,586.5531,145.4425,260.8185
2210,607.142,1932.9116,458.3343,783.491
2211,1018.4888,1897.1254,530.8932,748.78
2212,1124.4964,3863.1553,1020.2964,1580.5003
2213,339.089,869.0451,229.0148,352.0802
2214,930.7996,3919.3045,930.0452,1650.8154
2215,1078.1139,3005.4109,661.4271,1091.1656
2216,305.4321,967.8261,269.5447,399.7126
2217,1720.0684,2652.0796,733.411,1087.0582
2218,533.3111,1928.1889,501.1409,764.4684
2219,1281.4318,4786.7416,1331.8457,1813.5773
2220,909.0999,1520.1736,363.5289,588.143
2221,1390.3756,4014.6043,997.1713,1519.1101
2222,1253.5409,1963.7223,496.067,779.136
2223,1112.9665,4265.1915,995.8144,1823.6458
2224,2151.1795,8869.9834,2039.2353,3484.5813
2225,2100.31,4580.1961,1291.1768,1843.6119
2226,1802.7413,6540.517,1650.5859,2814.8908
2227,707.8965,2074.0782,464.1407,857.4452
2228,1676.8525,4240.0639,994.1263,1713.0611
2229,205.932,411.7689,109.5606,158.2529
2230,1771.037,2871.1427,4208.9699,1204.9264
2231,238.4191,379.2433,86.4836,148.6868
2232,2278.7297,2514.748,657.1273,1028.1819
2233,132.8132,220.0973,50.2459,92.8188
2234,253.29,308.5193,98.916,350.3418
2235,440.3199,1739.0406,457.0401,693.3052
2236,1864.2884,2720.303,578.265,1104.3461
2237,935.1077,2544.4768,688.2814,1007.1897
2238,1370.7667,2932.7049,806.911,1271.0488
2239,552.3346,1487.4655,496.0447,634.2268
2240,758.7714,1902.1703,399.2879,786.446
2241,1541.733,4596.6587,1551.3696,1908.1941
2242,42.4041,86.3988,22.4534,35.5916
2243,23.1758,89.035,21.9421,33.9809
2244,1793.6474,3875.2878,810.5322,1628.6894
2245,1309.3556,1988.3993,536.1288,732.2383
2246,1781.464,6110.949,1641.5986,2491.9308
2247,1758.0994,6964.9412,1710.541,2750.8425
2248,2137.0538,6076.0133,1397.9524,2468.3862
2249,2014.5677,3471.3903,1034.2423,1374.7535
2250,1727.0133,3452.0189,913.2032,1309.7294
2251,2021.1329,3877.0467,893.0629,1549.3429
2252,792.3256,2415.2352,483.884,986.0666
2253,687.2679,975.1849,217.9859,363.613
2254,15.1205,23.5888,5.9811,26.841
2255,172.0219,443.1379,111.9396,175.5947
2256,1606.3615,4573.9182,1164.6327,1833.2931
2257,420.3447,1633.7741,366.7156,684.1224
2258,1912.4214,5494.7841,1583.7933,2198.5922
2259,1517.1236,4612.3561,1119.5447,2038.0057
2260,818.9234,1332.4161,308.357,573.4864
2261,1593.0807,5550.2151,1289.913,2199.139
2262,841.0872,1455.6881,371.7697,641.4454
2263,82.1614,101.9299,24.1587,40.424
2264,1164.0854,3540.7689,863.9588,1545.6768
2265,325.6838,949.4814,211.2335,389.0025
2266,212.2585,715.8048,206.8472,276.8308
2267,1990.3045,5585.3317,1355.9117,2193.455
2268,642.1955,1850.3871,403.993,721.5583
2269,1948.8567,3234.6603,926.5242,1403.0418
2270,690.0805,2362.2127,589.6981,2705.87
2271,1441.2243,1649.1425,378.5971,643.5352
2272,1669.0002,6044.2632,1692.3003,2379.7714
2273,423.5987,1237.3959,385.7647,477.1507
2274,2160.1328,7174.0469,1527.7509,2747.3196
2275,1269.574,4639.2235,6934.5146,1802.8723
2276,574.3694,1247.6099,297.0826,512.4971
2277,1697.6812,4927.9978,1511.2754,2103.8777
2278,717.6306,1267.0448,310.346,493.8073
2279,1133.036,1960.1725,451.8374,833.4586
2280,2252.0381,3914.0982,1049.4681,1557.2002
2281,245.1549,486.8869,107.624,194.9418
2282,534.2144,671.8337,168.4244,286.5358
2283,1558.9939,5063.6893,1254.4034,1987.1689
2284,1495.7399,2931.2749,657.6311,1156.6436
2285,1805.8468,2357.6639,3686.6428,1059.3963
2286,600.7651,1937.4246,539.633,817.2118
2287,1595.3443,2824.8896,733.2336,1135.1104
2288,607.6076,2104.8907,450.4778,819.6698
2289,1187.3679,4964.1189,1265.9619,1934.1435
2290,497.4223,1104.9412,254.8733,474.3044
2291,410.7532,1318.1687,342.2149,524.9502
2292,1323.3851,3604.9756,972.4033,1568.3855
2293,104.3386,370.9715,97.0684,139.2907
2294,655.2624,1229.9787,317.4486,503.2633
2295,1933.286,6493.7971,1488.9737,2642.214
2296,1985.7057,5930.7818,1401.7008,2405.4922
2297,1592.9359,6205.2382,1680.4323,2456.0798
2298,1255.1383,1419.9521,342.9218,586.5685
2299,1095.4805,3033.2291,661.6046,1179.371
2300,396.4302,1452.0575,365.8072,563.7233
2301,393.6889,670.407,184.2667,263.0645
2302,1244.9943,4285.7,1063.4616,1668.7154
2303,124.3155,387.4063,85.489,152.3595
2304,930.0548,3061.616,723.7386,1263.6686
2305,1020.3902,1761.1806,490.7454,640.6832
2306,163.0097,498.2025,136.429,215.3727
2307,1199.8485,1978.8424,488.637,2731.4173
2308,1543.4066,5794.8889,1594.6046,2498.465
2309,1346.63,3866.1635,946.3838,1602.0463
2310,1989.8873,4690.8124,1174.3918,1977.2759
2311,1028.2357,3083.6558,754.7764,1210.2038
2312,167.5073,650.0408,152.2609,266.0419
2313,377.4278,1185.1051,266.8054,461.0189
2314,1041.6516,3830.7606,945.734,1521.5442
2315,1040.6168,2429.2894,538.4125,956.216
2316,1111.7678,1495.042,420.6038,554.7781
2317,646.0592,1985.6206,534.5246,799.7685
2318,2054.5729,4149.6428,959.198,5786.2568
2319,484.0784,687.1286,188.639,267.1863
2320,930.1198,3883.0076,909.0945,1462.7291
2321,1028.9335,4180.3165,1052.1394,1806.3073
2322,2226.4817,2592.376,667.6945,1076.5114
2323,927.4862,1891.7208,448.3844,762.315
2324,2157.4514,6459.325,1430.355,2511.4702
2325,455.2834,930.7477,223.1753,367.9211
2326,576.3892,797.5537,235.0974,340.5884
2327,489.7206,836.1337,210.301,330.7232
2328,1981.8851,7272.606,2139.8374,2969.8363
2329,1754.5051,4313.8702,992.9783,1825.1422
2330,1241.1056,3387.2489,767.5237,1348.1283
2331,2124.9355,2853.4543,688.2125,3508.4556
2332,2058.4952,2832.4796,636.9022,1102.7486
2333,983.5947,2342.3248,528.2896,974.0628
2334,926.0601,3862.4048,5571.4492,1479.3571
2335,1442.2318,3514.4878,1130.5549,4427.1543
2336,1847.4017,3732.7533,867.8334,1448.9679
2337,1344.9716,2535.5828,615.6823,3007.2857
2338,125.6098,407.2408,99.0474,524.1747
2339,1850.3253,6702.4735,1756.0886,2755.8777
2340,1442.1038,3181.9946,781.1015,3538.6327
2341,547.6357,1187.3785,325.6435,488.7861
2342,1699.4773,6518.4926,1751.066,2801.2763
2343,217.4987,684.0121,173.5188,271.6884
2344,790.4884,2876.3286,777.2246,1212.8062
2345,1387.956,5780.1452,1606.5061,2394.7461
2346,1321.7687,3713.9975,916.7034,1583.1364
2347,960.5957,1905.8604,562.9132,762.7695
2348,1921.3665,8028.651,1953.0894,3083.7531
2349,742.5017,1391.821,322.7711,508.5461
2350,1396.0242,4943.8298,1405.2988,1817.013
2351,1005.7533,2170.1079,520.8613,870.8395
2352,500.7051,548.3569,133.3032,206.7491
2353,2035.5761,5171.0816,1409.3505,2122.7701
2354,749.6925,1256.6218,312.0832,468.2933
2355,2068.4343,7074.2112,1926.1739,2922.5122
2356,201.8708,588.7633,127.917,224.2177
2357,1502.4107,6295.0625,1654.2659,2524.5598
2358,184.6453,418.6234,100.0676,181.4811
2359,343.5069,646.6279,171.7337,253.4764
2360,1332.6708,4489.4744,1332.3647,1684.2391
2361,2216.2824,8248.9168,2431.0089,3524.4005
2362,2282.2822,4041.5649,5246.2442,1580.2075
2363,1922.584,3386.2168,885.3196,1252.1086
2364,1870.2002,6487.2145,1541.5837,2663.6485
2365,22.0434,39.9337,9.4953,17.06
2366,2230.6856,5119.5258,1342.098,2111.1536
2367,2263.2861,9198.0164,2287.0395,3655.075
2368,2213.8001,5810.0281,1498.1241,2248.2286
2369,406.8275,724.8749,197.9156,290.0127
2370,2270.3169,8587.2463,2150.4423,3434.1966
2371,996.9601,1168.162,288.1847,473.1434
2372,1381.6792,5329.961,1499.7514,2190.3077
2373,540.5754,1376.8292,350.4217,610.5948
2374,425.9527,937.5249,246.4282,368.3191
2375,243.855,906.8124,199.1647,363.3895
2376,1254.8583,1756.2458,408.0029,693.4631
2377,917.8625,3776.0366,863.5266,1514.4439
2378,295.2705,1015.905,266.1024,411.1465
2379,1077.8954,3344.6473,803.3653,1394.7504
2380,221.1395,241.1508,56.5163,100.1719
2381,1595.8957,1780.0106,490.3991,702.4866
2382,1971.8768,3858.2131,983.9855,1537.9628
2383,348.9368,838.165,229.4054,337.7243
2384,1785.9449,5928.3336,1441.1627,2369.2381
2385,1075.9027,2543.544,3522.1541,982.5255
2386,547.0533,1295.9679,314.418,535.3691
2387,1956.2821,4419.8285,5916.6127,1734.3832
2388,108.8658,317.2671,86.3262,123.6468
2389,568.2163,1227.8978,350.9727,491.7237
2390,1992.2602,2293.0499,430.0565,926.1075
2391,2142.4534,4799.3131,1144.1226,2052.7218
2392,661.1182,1935.5111,486.913,794.941
2393,962.2638,1545.5267,361.9765,644.1537
2394,99.7313,159.9054,38.1958,205.1066
2395,1916.1992,7445.0589,1806.1416,2926.658
2396,780.7474,1560.7756,384.3109,709.1067
2397,1492.9432,4738.1153,1361.9532,1831.423
2398,991.5791,1168.4243,279.1947,483.4366
2399,509.1112,829.0372,207.9449,322.6195
2400,1562.847,6642.442,1534.1471,2725.2435
2401,334.7589,1188.4668,384.9784,472.9954
2402,768.2722,2343.9777,572.5962,2806.0402
2403,628.508,2408.5941,626.5999,941.6067
2404,2186.1955,9041.5598,2293.6028,3746.656
2405,1097.3974,2052.6801,612.0231,868.4788
2406,1633.4571,4199.4423,980.6544,1649.4054
2407,2240.4777,6005.233,9827.7047,2516.4289
2408,1204.6355,2824.4673,758.0304,3627.7736
2409,405.3139,1602.5187,2165.8573,694.0557
2410,11.9985,18.0014,5.1002,6.9751
2411,630.5416,1955.4913,529.6352,738.6982
2412,81.2517,280.3581,68.2457,110.3628
2413,993.1306,1130.1503,263.5787,420.9673
2414,222.1721,610.667,143.7411,252.0109
2415,1195.9002,1696.1136,411.3321,665.2448
2416,1248.8935,2554.657,580.8054,1054.5475
2417,2163.9265,9020.0855,2424.457,10988.0026
2418,38.8747,82.5295,20.6626,32.7388
2419,2044.2069,5684.948,1764.0878,2153.1707
2420,467.8952,1889.4651,507.2304,749.7507
2421,611.4984,711.9493,173.0685,287.438
2422,956.8035,2389.4874,556.5586,1059.9379
2423,2019.6315,5858.6219,1343.2835,2328.9466
2424,223.3582,452.5103,99.2327,203.5981
2425,1900.1875,5257.9804,1406.5961,1988.264
2426,2228.4189,4130.3975,1301.647,1655.7762
2427,673.5707,1373.0625,358.0479,535.1862
2428,1765.6942,2066.49,486.6309,913.8908
2429,267.6554,818.8381,245.7642,324.2762
2430,1038.3745,1924.1308,538.9009,781.0021
2431,1997.9461,3162.3302,701.8029,1313.2038
2432,1525.0641,4252.6867,1166.6226,1598.9404
2433,2055.3148,5861.0228,1345.2024,2116.803
2434,949.3117,1156.0482,320.3822,435.5152
2435,571.2495,1589.9105,447.8813,676.2928
2436,586.7997,828.8577,226.6561,1027.0437
2437,2050.4338,4421.8732,1127.7182,1749.3342
2438,1532.415,2214.7965,554.4442,827.2604
2439,294.0034,475.346,131.0977,192.0127
2440,776.4301,912.8273,243.2898,376.5296
2441,1244.8787,1759.1011,477.4055,732.5625
2442,1347.3481,1689.8222,379.8604,690.7482
2443,1955.9397,5746.5437,1379.1766,2261.8608
2444,1799.5833,4664.6183,1333.8208,1990.1507
2445,2012.8302,4565.0599,1167.957,1813.6265
2446,283.6136,941.45,1378.7948,384.7887
2447,57.6588,153.5521,35.7771,59.3167
2448,33.0881,89.6342,20.9731,35.3563
2449,513.781,2117.7578,477.5361,830.1566
2450,814.8905,2814.3767,777.1093,1076.8004
2451,2182.2462,6061.2101,1467.7558,2421.1719
2452,180.4427,341.0325,80.8325,125.815
2453,1351.2415,5331.1513,1553.8,2170.3147
2454,1910.0647,4784.9867,1051.1185,1987.579
2455,1167.9553,2791.2462,740.7079,1086.1476
2456,1426.7879,5235.3983,1421.2807,2068.9843
2457,1891.197,4617.6646,1025.9197,1803.3634
2458,1787.705,4576.9734,1257.976,1796.5829
2459,1744.5331,4298.8767,968.6407,1613.6714
2460,631.2349,1095.0424,298.6692,419.9229
2461,287.2238,1144.2153,266.1343,466.3891
2462,140.8268,471.4363,98.0552,186.4841
2463,1022.809,3791.9582,949.1551,1537.5758
2464,1947.229,8228.5255,2041.9976,3267.2626
2465,2237.3847,7930.9996,2052.4804,3023.7563
2466,170.2015,403.2102,87.4462,156.846
2467,526.1829,1370.9268,310.3402,556.5494
2468,1363.7468,1996.8741,460.6148,787.7365
2469,2027.3006,8320.8941,2281.4586,3193.7741
2470,1611.7209,3472.1859,815.1985,1370.8548
2471,1744.7888,3699.4849,918.9688,1478.2494
2472,38.6687,63.059,15.506,25.1921
2473,1126.1087,3050.5273,837.9647,1174.8483
2474,2156.2918,6953.419,1871.2864,2640.8257
2475,27.8027,43.5178,11.0567,16.3905
2476,1868.5674,7548.5836,1841.5408,2915.2324
2477,1060.6304,3963.8376,994.0415,4917.8915
2478,1707.5036,7252.6298,1882.6991,2768.6299
2479,1504.4452,4047.365,1183.4977,4757.5608
2480,379.336,1445.274,402.5168,605.0878
2481,844.0675,2370.6949,655.5512,900.146
2482,978.0264,2703.4724,681.2604,3524.6953
2483,655.5723,1430.5357,366.0647,565.2697
2484,1078.9357,3811.1147,922.6648,1509.5147
2485,903.637,3793.2544,1077.223,1500.3586
2486,773.2629,1173.1097,309.9937,459.4271
2487,868.7016,2793.7981,694.0906,1171.9672
2488,1183.6253,4796.4649,1286.0837,1984.068
2489,886.2793,3701.7518,940.4224,1507.6036
2490,2025.5583,6978.8821,1705.0808,2724.197
2491,116.8621,486.8186,118.2194,199.2054
2492,1411.0001,3879.0876,959.1667,1637.1709
2493,1581.2423,3016.1909,742.7264,1215.9516
2494,2178.5154,8268.6153,2119.0821,3403.0354
2495,1315.7592,3619.8478,897.7151,1372.9782
2496,1858.6394,2585.0925,651.7156,1072.3299
2497,1933.6263,5573.4139,1259.6532,2157.407
2498,1011.3701,2174.9246,467.0941,919.7665
2499,138.8475,231.6061,49.3287,89.552
2500,1088.2768,4203.9446,1122.1101,5890.4905
2501,1195.257,1425.4478,2004.2247,570.025
2502,876.4432,2490.8813,578.9874,1074.1036
2503,166.5975,682.3627,182.3504,284.006
2504,1455.9865,6099.8672,1799.833,2473.5169
2505,1660.5279,5890.5058,1329.4283,2348.9004
2506,2216.5722,3605.465,967.4593,1440.8251
2507,749.1372,1695.6956,485.2372,743.7913
2508,1923.6959,6125.4263,1619.3458,2310.6041
2509,61.8464,123.8126,32.2086,49.7706
2510,1774.1549,4520.8725,1332.3664,1741.4173
2511,391.8602,1515.97,426.954,598.973
2512,862.2385,1105.8961,278.3807,436.1349
2513,419.7348,517.01,137.714,197.318
2514,860.6887,1588.4707,414.6009,633.491
2515,97.5237,152.4877,35.9739,66.2354
2516,721.9911,2775.9933,644.3869,1141.9212
2517,2068.7818,2290.8879,646.0267,3047.9835
2518,2284.0226,4280.071,1075.7526,6632.5303
2519,342.6359,1436.1826,318.0061,598.7991
2520,2198.0901,6083.2158,1435.7556,2557.1477
2521,474.8504,1953.4677,489.0111,799.7238
2522,2253.6866,8994.5324,2327.0157,3947.7293
2523,95.7455,336.3598,75.7961,136.4362
2524,694.6646,1079.1042,317.5444,445.6079
2525,1449.6035,5149.2633,1407.497,2105.3719
2526,14.0995,33.908,9.3818,13.4103
2527,280.1933,919.7908,259.298,399.6955
2528,599.9955,2077.9522,549.6387,829.9788
2529,31.3047,40.272,8.775,16.1299
2530,819.8195,1145.8115,253.3247,459.0332
2531,1603.247,6746.3659,1670.2997,2805.1998
2532,627.5381,1484.8873,400.6708,594.2615
2533,1172.1452,1542.4592,416.6257,617.2741
2534,2125.3908,5736.4227,1445.1082,2299.1299
2535,1985.6612,5893.2249,1440.0972,2312.0621
2536,798.1318,2363.1567,522.9505,913.4178
2537,2135.6662,3270.7246,1014.1831,1298.4872
2538,2067.0184,6787.279,1802.9345,2871.0967
2539,1809.6548,4121.7736,914.0064,1580.0569
2540,1857.9704,7885.7747,2236.2409,10378.5599
2541,369.9249,1375.7515,297.4261,570.4634
2542,228.0823,762.8864,257.5554,299.2361
2543,1663.3427,3729.893,786.9202,1412.7233
2544,1611.7327,3841.4518,937.384,1427.397
2545,768.9784,1028.0449,224.8777,434.5927
2546,1953.2885,2930.8049,791.5338,1087.7624
2547,1211.2024,4188.8924,1065.073,1661.4065
2548,1446.603,3320.9159,927.8662,1376.1316
2549,941.0592,1379.6482,316.9721,566.9327
2550,816.0177,2437.9716,602.3319,950.4114
2551,701.2905,2589.9176,620.5545,1011.7345
2552,418.0487,660.3761,151.3736,253.4154
2553,1300.2667,1743.339,422.8894,689.9793
2554,666.3532,2121.5121,666.4629,858.9211
2555,1019.401,1710.249,420.917,668.1757
2556,455.739,1519.8086,370.4891,620.9859
2557,2257.034,5797.9529,1690.9686,2300.02
2558,58.5566,120.2794,36.528,149.6228
2559,2003.2843,3895.3934,855.3144,1500.9548
2560,1923.8303,6954.952,1662.2477,2824.0567
2561,2013.5288,5845.3467,1264.2201,2108.1324
2562,2150.2455,6174.6455,1457.7485,2454.3111
2563,789.2465,1372.065,355.4362,547.4544
2564,2198.8651,6459.9375,1836.518,2630.1032
2565,1386.1243,3385.8129,1031.5876,1405.6713
2566,213.969,841.9633,192.688,346.2977
2567,1666.7804,5415.9203,1497.1171,2160.0332
2568,505.8118,1921.8951,485.0459,781.6969
2569,168.0731,550.7496,141.8467,223.4091
2570,1545.1016,5565.6651,1406.6597,2242.2864
2571,1141.35,4290.2475,993.0163,1637.4257
2572,180.0249,679.5559,160.8325,262.101
2573,1116.4479,3147.821,764.5244,1262.1278
2574,2225.6012,9031.6617,2095.9309,3839.5769
2575,1512.7344,1866.5892,389.6057,752.3034
2576,1663.3163,2337.2382,589.5843,974.5319
2577,1451.3364,3362.0509,910.5089,1283.9873
2578,2000.4793,3939.2226,1079.8701,1497.806
2579,1698.1227,4262.0341,918.5708,1648.6305
2580,1880.2088,3050.6638,897.2168,1194.582
2581,1095.7725,2630.2282,688.7284,1049.4684
2582,2272.5784,3924.3243,1146.2692,1564.3914
2583,2110.6743,5196.4164,1473.0965,1957.5774
2584,764.3637,2064.659,589.407,842.1717
2585,887.3895,1266.2138,345.184,530.8983
2586,1691.8911,4159.0252,999.9795,5177.9775
2587,2179.6273,3436.057,875.7497,1335.1598
2588,506.6599,769.851,190.9561,309.6205
2589,374.9589,628.5562,138.0327,235.7207
2590,1885.5599,6883.9501,1810.1103,2743.7415
2591,2248.1602,8207.4565,2137.0594,3385.6513
2592,764.1127,1193.6697,332.7077,468.363
2593,1525.3637,1679.1842,349.6931,742.3441
2594,1002.2488,3390.7868,899.4747,1289.5511
2595,360.6487,1440.7376,409.901,594.9474
2596,671.2694,2660.2423,609.5141,1100.9736
2597,1671.2027,6751.3004,1745.4134,2790.9002
2598,1833.1159,2261.5725,536.0732,973.3159
2599,1832.5082,2979.9778,741.577,1203.5934
2600,494.1746,1201.7059,259.7871,479.9378
2601,1192.1908,4857.9866,1666.6064,2023.3254
2602,62.753,241.4086,63.1724,96.194
2603,1969.5637,3906.4956,941.5798,1474.5412
2604,1619.5345,6353.5603,1417.8491,2315.4497
2605,382.4413,1366.5031,328.2305,530.7421
2606,1065.1957,2760.7715,4557.3359,1156.6687
2607,616.2923,1841.2457,434.8249,701.696
2608,2135.5323,7955.1474,2022.6578,3026.0941
2609,1811.816,6287.9453,1457.3485,2536.9937
2610,973.6434,3322.1313,777.0074,1431.7882
2611,1482.3785,5787.0662,1413.1356,2287.9887
2612,1526.3307,4398.6251,1048.1694,1939.4104
2613,570.0155,1337.2937,322.9425,538.1794
2614,640.5252,2219.0577,611.3513,841.1722
2615,1034.1653,1249.761,346.9039,1512.7904
2616,481.5103,921.5942,229.256,383.967
2617,2203.4119,4524.963,1493.7968,2015.6571
2618,1232.6795,2048.8791,452.7148,802.8046
2619,656.6987,1155.9245,266.0012,412.9729
2620,1389.2379,5446.2254,1747.2764,2326.1273
2621,2054.8664,4073.6811,974.7333,1552.6828
2622,2225.4244,6251.395,1510.6198,2598.9633
2623,1111.0812,2508.9269,684.4249,1041.1814
2624,1229.485,2159.2167,574.0684,894.8249
2625,659.4445,775.5096,194.1598,309.2135
2626,1057.1037,2706.5099,707.7613,1191.4461
2627,1749.8312,6224.5254,1635.2968,2360.1429
2628,1005.3721,4112.7616,1007.9763,1654.3077
2629,401.7087,1655.2158,442.56,2302.5669
2630,2156.3989,2869.5491,763.1142,1134.7919
2631,201.2795,608.5455,162.738,250.1724
2632,635.0421,2070.8759,666.851,813.7446
2633,600.3385,1160.7218,319.4991,1278.6493
2634,1876.8453,4748.4526,1260.7103,1916.0656
2635,1895.1666,7255.2877,1992.1922,3128.9304
2636,31.3868,63.6801,19.6479,27.3854
2637,1429.8986,2020.3953,494.9267,795.6151
2638,1641.3796,4954.5181,1491.3341,1987.4395
2639,709.5332,2528.9853,607.5062,1032.5502
2640,849.3156,1346.2178,339.7086,559.9637
2641,2101.2349,8658.7528,2292.0673,3557.7945
2642,1638.8758,4554.1566,1300.0267,1872.5992
2643,620.5837,984.8913,263.2006,366.225
2644,624.4343,1596.1283,363.4367,631.3855
2645,1697.1806,2426.5638,589.7231,1023.1272
2646,961.3724,1395.7493,367.7836,596.8549
2647,2116.7358,4251.4143,1048.806,1620.508
2648,726.0768,2404.9331,524.1679,976.2247
2649,1248.5722,4112.3467,1198.7675,1648.6179
2650,1048.2345,2494.7286,659.479,1009.2245
2651,1834.4648,5014.049,1413.7385,1966.5879
2652,815.198,1533.4558,336.9327,623.4459
2653,315.4877,605.5199,139.8677,240.8607
2654,993.1386,3180.8258,742.6769,1257.577
2655,2160.8855,5945.3158,1652.5141,2454.5683
2656,1193.8277,1850.3616,441.2025,2073.8092
2657,1758.4291,4863.8384,1197.7498,1966.0875
2658,2237.4982,6966.8856,1917.0035,2740.1971
2659,2123.9533,7035.7958,1862.0378,2832.2376
2660,1899.7174,4714.9511,1142.7993,1982.3077
2661,707.7715,1729.7345,511.2626,711.1159
2662,691.9082,2528.5593,647.9921,3551.3208
2663,1087.7811,3047.4379,815.1856,1197.3769
2664,159.5269,394.3441,117.377,148.5053
2665,2173.2662,4752.4338,1346.565,1920.4022
2666,809.9252,2386.0562,550.902,976.854
2667,578.8517,838.296,197.7843,326.8088
2668,169.241,257.7124,57.4214,101.2988
2669,1752.1088,2736.6102,712.4944,1161.2207
2670,1252.3815,2494.8846,629.3115,979.6
2671,617.1492,1073.1303,225.216,390.0701
2672,1253.3994,3712.1132,842.179,1458.9285
2673,480.7066,1124.8531,291.8513,465.8453
2674,67.4677,186.6174,48.7594,73.1862
2675,242.4013,581.8286,175.4572,225.6381
2676,175.537,211.5531,53.5813,84.5515
2677,653.2975,1525.5299,368.538,610.8223
2678,1459.6571,2108.2811,501.5401,816.5262
2679,1671.2576,4995.1656,1264.5595,2012.537
2680,1870.8532,2552.6722,601.7614,1003.9574
2681,2055.1882,7988.6184,2384.5485,3198.6219
2682,1918.0625,5401.0895,1364.6977,2179.6112
2683,271.4321,850.0608,195.2897,314.9762
2684,1360.1216,1872.2757,482.7437,784.7787
2685,214.0158,287.0523,65.3198,112.46
2686,578.5029,2363.2026,611.6183,983.9671
2687,118.1045,491.7126,123.8852,205.213
2688,883.1583,2290.8013,510.3879,862.885
2689,2173.5428,7189.6295,1522.9057,2938.4573
2690,1341.608,1642.5009,387.374,667.3387
2691,1475.1565,2399.2241,637.9483,954.0851
2692,408.6478,985.9792,247.7961,399.3955
2693,902.6102,2627.9771,702.8251,1076.8271
2694,663.5787,813.338,183.7774,327.7137
2695,586.4666,1046.5216,283.3933,435.5493
2696,1928.2907,3168.9562,743.6117,1316.1458
2697,1653.5462,3179.5823,757.1795,1252.3933
2698,615.7459,937.5147,255.4929,382.88
2699,387.2229,1528.0206,362.2379,630.2719
2700,1303.7093,3906.6744,935.5026,1504.3896
2701,1160.5765,3539.9763,724.5666,1362.1935
2702,283.8285,812.1866,192.9829,323.6394
2703,298.2953,828.9382,212.719,339.5039
2704,1753.3579,2648.5098,654.6461,1062.1061
2705,996.1973,3334.9852,773.9427,1426.6849
2706,656.0249,1080.2567,264.1774,427.9908
2707,1223.565,4955.7965,1189.6857,1937.6697
2708,2039.0597,4792.9394,1222.2831,1977.6624
2709,379.5742,903.5497,226.8489,387.7729
2710,842.291,1396.496,334.3916,580.5783
2711,1591.7278,2186.6458,549.6638,926.2586
2712,2191.0857,4977.5415,1232.8666,2180.3825
2713,2136.0651,3322.8846,943.7819,1356.7932
2714,1383.6652,2231.6194,491.2816,969.4079
2715,703.275,1457.3893,358.473,623.0358
2716,2239.5035,9104.7192,2546.721,3431.4051
2717,1630.9247,4339.0924,1312.6772,1862.0022
2718,1963.8074,6345.7479,1516.8646,2582.306
2719,636.2622,1765.356,495.2418,708.4593
2720,207.0991,712.6948,163.5081,278.8445
2721,477.0414,1206.7584,267.3564,428.4969
2722,1017.419,2430.3121,584.1874,3027.9297
2723,495.2498,1993.8662,456.9227,790.5651
2724,225.8234,907.9228,228.9224,335.7942
2725,749.8886,1193.5695,288.646,466.7394
2726,1769.9314,5384.2764,1220.7478,2138.1502
2727,313.8344,969.3032,230.403,390.9724
2728,1808.8708,4931.8627,1245.0155,1826.9536
2729,93.2925,385.3677,94.158,144.1422
2730,273.6579,939.1812,190.7032,367.318
2731,358.8718,461.2862,693.4606,192.0059
2732,1720.7389,2309.8642,553.4273,934.0343
2733,986.4155,2038.0,599.5596,774.1109
2734,181.9931,435.0132,112.0296,190.4104
2735,53.1199,152.2526,38.5304,57.4229
2736,208.374,614.0034,166.4501,233.8454
2737,1527.0702,3412.12,979.4957,1461.1588
2738,706.2277,2878.2491,848.8571,1134.1376
2739,57.9045,244.8581,71.1257,98.1862
2740,546.9916,2240.9341,533.257,918.5506
2741,1277.6616,4565.0948,1078.4236,1726.8314
2742,2065.6017,7917.3138,1695.6983,3183.0849
2743,226.6296,649.7496,177.4774,248.0888
2744,345.4075,1275.1992,319.9887,1571.1245
2745,1452.1581,2646.9464,598.0409,1118.5039
2746,818.4318,3442.2743,793.8155,1421.5126
2747,939.2859,3348.5102,796.1091,1341.9144
2748,1800.0163,6544.8114,1536.854,2651.3361
2749,1419.4876,4167.827,997.7466,1733.6636
2750,2199.6749,4449.04,997.8999,1735.0251
2751,1792.2717,6161.1333,1517.8992,2400.5809
2752,1081.4853,1672.9098,334.9682,691.8226
2753,617.2571,1667.0144,491.5526,695.2433
2754,2061.5467,6107.7231,1640.9158,7288.5345
2755,18.7316,70.0572,16.1396,28.976
2756,944.279,2966.8462,702.7598,1197.0698
2757,1667.0771,3863.8296,1174.533,1554.1645
2758,2027.1968,7876.4829,1632.573,3158.9139
2759,1471.0618,4643.9369,1122.8938,1814.0127
2760,2148.0024,3102.0963,719.1347,1193.5008
2761,1325.016,5528.5601,1312.5377,2407.8547
2762,1868.4524,5447.5005,1582.3205,2195.85
2763,912.8687,3406.594,950.5583,1354.4743
2764,653.1234,1260.9737,300.1119,502.1205
2765,1631.3128,6441.3179,1534.5147,2700.5387
2766,1685.1892,7152.9324,1704.3463,2773.4789
2767,2139.2894,7613.4931,1833.9604,2927.6559
2768,1147.2272,3584.0601,1101.4555,1545.5832
2769,534.3774,1398.3934,400.3173,583.2033
2770,86.6708,171.854,47.8426,73.1469
2771,1975.3702,3414.5708,1022.4094,1410.2409
2772,631.6364,1180.3753,267.3493,452.9726
2773,361.8403,1521.7755,337.2293,601.9935
2774,2183.6034,9103.3733,1985.0052,3622.2284
2775,2213.3846,7198.9261,2770.292,2787.8859
2776,648.981,2536.9471,606.0667,1038.3323
2777,951.0048,2032.2933,511.7628,849.9478
2778,1122.1128,3144.4988,839.3663,1332.9438
2779,1484.7365,3125.2149,745.4615,1208.8988
2780,899.6139,2161.9775,523.1704,898.3642
2781,189.4628,474.838,101.0891,200.5615
2782,1411.8651,5251.8096,7406.5962,2037.6187
2783,1597.7095,5788.9084,1340.909,2197.0781
2784,965.7906,2362.9021,632.2362,931.3105
2785,2213.7427,3116.4991,805.7525,1229.0062
2786,220.2545,260.5204,55.8595,106.326
2787,1707.2717,4755.8512,1234.5658,1976.2355
2788,2230.4685,8003.9848,1788.3445,3650.0783
2789,917.9552,1242.4483,336.2988,480.6082
2790,279.0159,1053.5902,241.5272,448.8531
2791,996.6418,1645.517,423.3159,643.1754
2792,1223.1071,2829.5061,681.227,1115.9133
2793,562.4592,2041.832,547.942,784.757
2794,238.2123,709.9183,217.5474,256.2554
2795,1234.2902,4139.8127,1107.7782,1654.791
2796,1602.6898,2505.9498,623.7493,1009.2167
2797,425.9898,1160.9506,371.3088,455.6567
2798,1923.8548,3617.1503,862.6838,1569.9794
2799,300.2096,1204.3876,299.0662,468.7947
2800,479.2198,1396.4821,386.4861,584.8004
2801,1165.5318,1540.0609,418.8552,628.5521
2802,2108.8439,2577.009,692.1733,1054.7592
2803,47.5029,105.8304,27.9054,42.036
2804,781.3248,2831.0803,745.5067,1058.8496
2805,1481.5569,5143.2857,1438.0493,2178.135
2806,1849.3161,7587.5681,1909.3641,3025.826
2807,426.8712,1689.0007,609.7973,658.4228
2808,285.2977,358.2964,80.1411,148.4344
2809,1726.0137,5427.7522,1343.5417,2321.4249
2810,1771.7322,4505.3696,1477.5575,1809.1654
2811,1513.4943,3065.3211,753.5143,1185.4304
2812,1332.7387,2114.7322,449.1232,830.5033
2813,753.6059,2554.7055,688.4686,1074.525
2814,1362.1766,4625.1685,1261.9527,1834.3418
2815,41.8677,172.5995,55.5094,68.5099
2816,786.8035,998.7279,1260.9063,397.8949
2817,1684.277,5256.3111,1319.7925,2020.6319
2818,940.7032,1336.8285,323.8137,534.5575
2819,2069.6436,6580.5657,2067.8905,2609.6953
2820,1394.172,1980.8753,471.4427,740.2398
2821,470.1137,1598.6165,372.2522,668.9518
2822,2134.8774,8904.3931,2421.8093,3443.2688
2823,1331.9459,2381.6009,634.3005,988.0869
2824,1399.1872,5444.6013,1266.1179,7046.177
2825,2043.8317,6578.6076,1982.2209,2559.5695
2826,1003.3765,4135.4144,989.9878,1645.8196
2827,1093.9039,1396.8796,356.0984,1548.0442
2828,801.1194,1253.5377,296.7503,526.4629
2829,574.4097,2131.8531,511.9494,829.3742
2830,1009.3538,1236.3298,280.1321,1541.5073
2831,1986.3395,2429.3089,670.5117,962.3332
2832,1798.5188,6479.5568,1747.7087,2654.1309
2833,1696.9701,5895.0411,1665.012,2397.9143
2834,1496.4902,3026.6689,794.6528,1251.3459
2835,125.5711,165.8174,43.17,66.6589
2836,1228.9511,2066.3166,413.9315,841.3949
2837,400.505,446.6145,132.2973,165.72
2838,1295.4131,5317.0256,1364.0766,2085.7057
2839,1969.9204,2280.9245,572.6359,841.4541
2840,2076.4553,6582.0239,1547.6318,2574.1391
2841,731.4814,903.8354,209.592,363.8817
2842,1985.4229,3919.9251,834.5769,1646.3982
2843,338.2008,456.5004,107.8566,168.9334
2844,997.1867,3218.0161,780.8708,1223.7913
2845,1769.912,3581.2696,962.7237,1409.804
2846,1726.4112,5765.9476,1339.8867,2392.0322
2847,1508.9047,3050.2868,720.7025,1286.875
2848,1321.0712,3178.3722,713.5936,1180.8221
2849,508.3016,1577.0322,450.3008,694.3868
2850,402.7468,1427.7047,351.4952,569.0648
2851,1873.5088,5115.6875,1211.4701,2129.5548
2852,1464.326,5524.1315,1468.4878,2183.3947
2853,2134.4102,4750.0394,1306.3485,1875.2262
2854,302.6319,603.5549,155.5621,227.0159
2855,552.2893,1521.0773,438.5397,579.7443
2856,633.2897,2304.7339,642.6444,910.4043
2857,1881.7664,5992.9093,1717.7311,2281.8687
2858,89.782,206.2542,54.8674,79.2923
2859,275.9289,369.2974,76.9368,153.1831
2860,1251.7574,3520.3142,939.0818,1375.5916
2861,1791.292,3921.3037,1130.29,1581.6517
2862,1947.5612,6199.5213,1560.723,2453.0988
2863,411.039,578.1484,144.6719,216.959
2864,135.7437,505.0056,128.6548,205.476
2865,117.9278,475.3518,105.5147,182.6786
2866,1079.7689,3754.375,774.6354,1413.6165
2867,575.2896,1943.5513,494.438,768.2337
2868,1034.764,1887.403,518.589,766.7671
2869,1790.43,4506.3606,1214.7686,1709.6115
2870,1943.3294,3117.4256,773.8593,1194.6722
2871,203.868,248.8869,63.6638,105.6013
2872,744.2918,1706.0199,439.216,645.0015
2873,1874.4633,7101.0529,1886.341,2971.2941
2874,687.7653,1518.9234,392.4744,628.2348
2875,205.4314,561.3867,123.4219,222.5267
2876,1435.5604,3879.6796,1084.0109,1517.1082
2877,2118.5868,2705.1417,788.6297,1069.7416
2878,1467.8947,3791.6763,1011.7503,1528.6378
2879,55.2643,60.5789,18.7259,24.6796
2880,1811.9036,7633.6479,2093.435,3224.596
2881,1638.2696,6124.0931,1515.7031,2274.6771
2882,203.177,533.4348,130.3316,211.5168
2883,2237.524,9183.4567,1948.8581,3481.9926
2884,1102.6166,3272.1277,825.9637,1316.1129
2885,1972.3514,2151.8462,608.964,872.6256
2886,152.7139,346.1284,90.1211,129.4797
2887,451.4773,563.8928,142.8711,229.7663
2888,989.6112,3499.6294,911.7497,1373.481
2889,198.2217,368.4494,91.102,141.2491
2890,692.8042,1185.5176,308.64,497.975
2891,34.4231,120.1942,30.328,51.087
2892,1488.5544,2861.6721,678.1921,1156.6978
2893,972.6944,2889.8497,3872.873,1159.5945
2894,2078.6827,5627.4407,1685.8445,2237.8584
2895,893.7225,1136.383,259.7336,461.9807
2896,308.9428,1215.5823,302.0748,1757.9051
2897,1529.7148,2981.5752,846.481,1137.879
2898,1604.3404,5051.3096,1333.2602,5860.7866
2899,1860.8736,5709.8773,1614.4309,2318.516
2900,888.8351,3477.1997,1121.2566,1369.5987
2901,329.5962,1055.0015,286.2179,436.3503
2902,2121.0026,4729.4242,1077.4706,1841.2108
2903,861.2931,1425.7293,343.1339,563.1581
2904,2015.1953,7792.1261,2087.8634,3245.2286
2905,1488.8572,3737.4595,1060.3525,1427.1678
2906,188.7841,609.8912,137.1888,239.6869
2907,1763.1373,6404.1483,1587.4897,2569.3952
2908,1009.5064,3854.5879,882.7662,1590.7254
2909,2088.2205,4336.8015,975.2101,1791.7412
2910,1953.7691,6330.1544,1627.74,2354.3917
2911,1025.0502,3757.5807,1293.4941,1448.5589
2912,1437.2462,3460.4087,877.7845,1337.499
2913,71.2487,229.0765,64.2408,94.3309
2914,934.5565,2010.352,435.0066,733.6741
2915,1109.9749,2329.5153,526.8212,855.67
2916,897.3308,3355.5707,747.087,1278.8316
2917,129.5243,424.4331,101.9914,178.8333
2918,361.1648,448.6201,110.5692,177.9269
2919,365.2954,1204.1941,344.9448,492.6559
2920,366.84,1286.0633,285.4702,519.3384
2921,1598.1919,2732.8712,756.1671,1136.3574
2922,1623.2074,5912.3409,1457.7264,2382.6946
2923,156.5783,246.7476,356.6547,95.9393
2924,1046.7979,3223.904,723.3401,1262.174
2925,1825.9751,7318.7619,1807.7934,3049.9351
2926,940.3324,3385.5324,835.4626,1410.3691
2927,1823.9968,5750.9629,1353.8063,2600.7777
2928,309.7264,734.0617,212.116,293.7495
2929,366.4516,1543.4594,454.8511,612.851
2930,234.5244,849.2301,1111.6387,347.9286
2931,2150.0029,6026.8396,1447.5638,2483.3443
2932,854.8556,3615.3883,811.9315,1423.1862
2933,314.2672,1189.6628,266.9632,475.9249
2934,543.3367,2139.6378,686.2289,909.3847
2935,264.1888,879.3275,238.4867,381.0809
2936,142.0262,295.4522,84.0866,118.3676
2937,1035.4168,2354.0271,594.055,873.3846
2938,582.3755,1851.7312,472.0062,727.0633
2939,1702.2709,4018.3707,1010.8509,1615.7022
2940,114.2324,237.1332,67.4484,93.7919
2941,521.5195,1174.1596,260.0088,454.0277
2942,937.3498,3357.8514,856.867,1384.7231
2943,2105.0928,3988.1285,905.6424,1565.8377
2944,2140.5523,6540.3896,1704.0823,2576.4252
2945,1276.8377,2546.7192,591.9833,1030.9076
2946,179.7107,760.3159,216.6699,326.259
2947,1474.833,2943.8272,756.7289,1284.5858
2948,496.7289,1317.5904,289.9272,534.7252
2949,1151.7362,1267.8641,320.972,485.1185
2950,950.5263,1732.0549,369.267,2322.7723
2951,1190.2745,3867.7341,1009.7076,1506.5933
2952,2008.3525,3496.6303,920.1478,1416.0381
2953,1519.4194,2132.3626,447.6776,2745.2438
2954,1599.0495,2537.503,756.5632,1025.3679
2955,1463.7776,3988.664,968.3816,1681.8429
2956,2065.6038,5007.9165,1351.2983,2048.9495
2957,28.6717,41.5977,10.1594,18.0587
2958,2273.8125,6756.6631,1738.4418,2974.098
2959,1208.1894,1986.8918,493.5998,787.96
2960,1437.698,1968.5631,495.2058,738.4592
2961,13.164,21.6467,4.6579,8.4213
2962,633.3422,765.7382,163.234,297.0736
2963,1886.1313,2699.6177,623.3968,1058.7713
2964,1747.6514,4765.0652,1104.4784,2045.105
2965,296.6358,340.4707,90.9888,135.0049
2966,43.4868,132.2873,31.4536,54.4158
2967,302.4398,791.39,181.136,310.7892
2968,880.6193,3407.763,789.4071,1340.152
2969,1762.4107,3129.61,759.2361,1227.413
2970,389.8445,1439.5317,334.9114,562.0585
2971,352.2516,459.0559,117.8799,184.8415
2972,1337.0417,1610.7023,401.261,622.8649
2973,1303.0144,4557.4161,1245.6677,1929.3639
2974,1004.1703,2868.8298,664.5046,1176.2755
2975,368.8076,1361.6813,306.2245,515.6389
2976,1215.7567,2841.6853,959.7959,1173.0344
2977,479.1343,1905.0892,394.5844,771.1294
2978,1921.7618,6269.3348,1663.5781,2614.4961
2979,116.4016,226.6012,61.6655,87.317
2980,517.6303,1863.423,442.6845,707.1488
2981,1103.5049,2547.6104,640.2127,995.5628
2982,1154.0915,1400.2041,384.3395,567.6369
2983,468.5044,1053.9171,222.5139,433.7944
2984,1565.01,2586.501,712.827,1021.7478
2985,1028.2353,1182.0685,280.9066,485.4029
2986,1063.9237,4043.7973,1001.139,5498.7606
2987,517.0678,1770.1109,426.7645,691.1156
2988,2147.4309,5859.5573,1425.6576,2380.4621
2989,2267.5866,7993.9107,2027.3884,3263.809
2990,709.5433,2736.829,605.5939,1125.4953
2991,888.5778,2543.7209,643.2248,1016.4152
2992,1134.7103,3372.2848,702.4759,1384.7644
2993,1048.0828,1243.8266,316.3406,494.2905
2994,1962.5467,4485.1677,1018.1659,1749.3737
2995,1324.2164,4552.3269,1098.0822,1836.3916
2996,1041.8708,3465.6554,960.7923,1372.8531
2997,1741.2784,3981.744,1002.5718,1657.0842
2998,1980.879,2479.4317,566.0807,988.7408
2999,1677.4292,6759.8713,1624.901,2766.3026
3000,957.065,2346.1074,543.4279,942.4704
3001,1986.0245,2430.4617,661.0552,978.8949
3002,1726.3593,6345.3768,1487.2786,2487.2639
3003,1964.2827,7568.2995,1987.6645,2852.1249
3004,726.721,2162.3224,595.2114,888.8525
3005,1552.8416,6195.0023,1912.7255,2490.2005
3006,34.8033,39.4734,10.4627,14.9841
3007,287.341,382.1203,98.5586,152.4942
3008,1158.476,2695.0863,649.7501,1046.0154
3009,1796.3597,5495.9426,1354.1127,2189.7578
3010,376.401,1075.1223,292.4247,1407.8069
3011,1264.7003,3494.872,858.7206,1346.7836
3012,2085.3209,7558.4067,1715.6906,2926.7186
3013,1957.5954,3608.0223,964.4507,1590.1323
3014,855.3614,2470.4245,577.2853,1011.3087
3015,1384.6998,5709.1365,1248.587,2353.2562
3016,1532.5635,2650.5775,666.7169,1107.8631
3017,1407.2215,3328.4125,939.1697,1298.8398
3018,1648.6043,6533.0592,1599.876,2550.0661
3019,807.7012,3207.4832,666.1551,1332.2631
3020,1480.7468,3850.2585,980.4129,1409.3727
3021,957.1373,2610.9713,519.579,1083.7903
3022,614.6896,1459.3122,335.1088,576.1776
3023,1504.6929,5792.5059,1475.9881,2331.1328
3024,1025.641,2018.4092,497.568,815.7396
3025,1469.4073,1785.519,604.8966,702.5592
3026,904.7252,3680.9349,915.263,1514.0037
3027,650.8206,1069.2498,300.2049,421.6126
3028,1517.1381,5690.9992,1349.501,2356.8013
3029,795.0763,1324.7599,332.0745,542.0614
3030,1474.112,5266.7704,1406.505,2169.4936
3031,1688.3834,5168.6953,1147.6421,2219.5015
3032,2173.1205,3863.9515,939.2446,1557.7581
3033,2202.3576,5871.9147,1315.3161,2183.9457
3034,483.2579,1649.2349,420.6952,649.9487
3035,1489.3409,2051.9534,474.9357,838.8523
3036,805.3302,1362.3905,376.637,538.2892
3037,980.3003,3838.291,972.2435,4877.8506
3038,1670.6333,4068.4371,960.5158,1679.0886
3039,2113.4038,7875.943,2006.4179,3182.002
3040,180.9379,510.0447,134.3133,207.561
3041,439.9966,1529.598,385.3406,632.0014
3042,521.6516,1652.0057,403.6279,736.9343
3043,93.3354,123.5234,30.6594,48.6237
3044,901.678,3504.0578,854.4624,1361.7678
3045,255.8295,466.2634,87.9081,189.4454
3046,2257.3692,3272.7265,931.0149,1357.9758
3047,1591.958,3161.8668,896.6414,1348.2321
3048,611.7272,1459.8969,2158.4117,554.5045
3049,907.4814,3387.485,948.6138,1352.2999
3050,1918.9985,3228.8099,697.2978,1286.2941
3051,580.8733,1573.5312,408.1581,662.429
3052,131.3322,540.6023,125.4056,223.9751
3053,185.0834,494.1202,159.3016,195.2315
3054,34.2906,111.4022,27.174,42.7159
3055,6.5651,25.4167,6.827,10.863
3056,1025.0477,1186.3251,299.5418,488.943
3057,296.5742,1172.623,269.6709,490.0428
3058,1173.5835,3027.4881,711.323,1141.3265
3059,396.921,1276.4323,340.6884,517.7884
3060,463.0603,915.3641,229.7743,336.6431
3061,1824.501,7714.3082,1739.6151,3044.2431
3062,433.6572,633.6382,158.6615,240.8966
3063,1655.4586,1910.557,437.5828,767.8799
3064,2110.973,2932.78,720.7869,1093.7329
3065,2139.3496,3382.1224,824.6341,1327.6035
3066,206.1069,406.2111,93.2522,157.3244
3067,893.2715,1536.1581,397.4181,647.5923
3068,205.0831,285.7865,82.2034,117.9896
3069,1035.412,3439.6653,938.0232,1336.5687
3070,300.2868,1179.5412,248.6815,501.1542
3071,52.3007,135.8405,27.7475,53.7262
3072,2133.951,5478.4394,1376.8823,2225.5174
3073,793.281,2285.4256,573.3226,915.7792
3074,1537.5261,5736.4192,1567.9755,2206.7398
3075,1478.4538,2664.0851,625.6822,3090.0724
3076,1807.0581,3110.3756,777.0241,1192.0499
3077,1439.7237,4903.4461,1087.6248,5886.7687
3078,394.1621,713.0458,168.4328,297.3995
3079,2054.7371,7288.724,1742.9017,2778.8658
3080,896.2395,3335.3207,1041.973,1376.0435
3081,751.6556,1423.0834,407.4537,575.2831
3082,1863.0479,2024.3303,513.5463,780.3956
3083,1132.5999,1864.2625,572.0575,696.7866
3084,2281.3776,6510.1774,1517.3203,2534.9689
3085,1010.926,3924.4311,972.8177,1677.9199
3086,1026.027,3856.7669,813.4931,1448.4166
3087,543.5178,1950.9991,487.1719,819.3825
3088,26.232,49.1085,13.5763,18.6345
3089,1704.6001,3161.2154,785.5422,1230.9166
3090,749.089,980.5483,228.6493,385.6111
3091,448.4432,1137.0888,306.1469,454.9807
3092,2127.6114,8921.9358,1979.5882,3609.2135
3093,2234.5434,7735.4455,1717.8799,8918.6301
3094,230.6692,761.9008,178.749,305.4056
3095,338.4861,838.7123,185.5065,340.3687
3096,590.5803,1999.9912,513.0664,777.8852
3097,2208.5887,5310.5148,1295.8366,2209.0126
3098,286.5362,1011.2022,271.6578,416.6366
3099,1127.4083,2787.1402,886.864,1068.3871
3100,1428.6399,5523.1753,1370.5972,2314.6482
3101,1323.6176,1463.7859,353.3895,602.2172
3102,213.4008,552.6391,139.3678,221.7853
3103,1598.7194,2820.4955,774.2764,1095.7355
3104,1967.2464,7707.8601,1799.1486,3042.7133
3105,1333.5768,4115.131,943.1322,1589.8979
3106,897.5372,2122.7522,623.3777,883.5365
3107,2076.8331,8254.8097,2283.468,3451.0499
3108,1604.6604,2338.3138,604.5022,959.0217
3109,1363.0492,5024.4488,1208.4843,2127.7111
3110,1580.4951,4659.9585,1060.641,1718.6584
3111,1551.8637,2612.197,589.6486,1088.5741
3112,1656.007,5441.333,1488.1658,2242.5125
3113,1762.4881,3663.4374,907.7526,1424.3633
3114,1976.2042,6230.9845,1812.3085,2404.8383
3115,1601.4294,3631.4683,972.1451,1455.9868
3116,1662.8324,4396.0182,1122.1749,1887.8186
3117,1024.3168,1682.2193,438.5163,695.0794
3118,725.4598,974.3658,196.5323,379.7493
3119,299.1515,538.2853,133.4185,668.4186
3120,1669.0513,6352.0782,1627.8692,2491.4951
3121,729.4315,1131.4482,273.9208,458.419
3122,1140.905,2152.3433,540.5505,896.3404
3123,893.2951,1069.3211,300.6303,1332.1482
3124,188.9023,339.1633,98.7928,136.5253
3125,1556.3112,5563.362,1400.9913,2392.478
3126,1341.0584,3038.992,582.6009,1280.0702
3127,439.7088,1770.4464,448.4735,712.7042
3128,2120.496,8378.0811,1786.6026,3727.4719
3129,1019.7372,3729.4285,883.3567,1460.2506
3130,927.3674,3000.317,751.4291,1224.821
3131,2258.7789,7343.9395,2080.0208,3062.3195
3132,1090.2842,1878.7235,465.3537,756.8073
3133,336.9374,458.9362,118.8043,185.5797
3134,209.0979,791.0654,164.3205,335.637
3135,1111.0761,1898.4637,457.7299,789.582
3136,1618.6855,2110.4367,506.4667,858.6787
3137,148.5649,507.8805,121.4521,193.0994
3138,2.9325,8.083,2.9187,3.1573
3139,773.3279,2697.0285,676.428,1078.6888
3140,1048.2949,3222.2779,901.8122,1178.8678
3141,631.1476,729.8376,196.5687,291.4268
3142,285.0417,400.1854,94.2649,168.6782
3143,2198.4649,8905.3806,2296.1438,3586.7812
3144,1298.6835,3269.3898,908.1927,1334.2616
3145,810.2369,1624.2147,403.3204,626.9054
3146,1691.1602,5652.4845,1423.8695,2265.5127
3147,2074.1564,4559.2416,1111.6451,1724.2672
3148,1295.3845,2764.5947,787.4154,1181.9741
3149,1493.9861,1998.784,430.9323,843.6607
3150,687.3625,1240.4935,316.4271,518.6552
3151,1778.6354,2106.8194,499.3363,824.3426
3152,282.802,1189.4848,259.1242,478.9092
3153,1718.7237,5911.5549,1340.7365,7261.7472
3154,951.8264,1221.6148,369.9269,478.7181
3155,305.2324,631.7856,198.5803,265.7
3156,67.1458,252.5412,61.5487,99.9834
3157,190.7927,683.2442,159.9176,257.4471
3158,321.1357,797.1921,219.3916,309.9219
3159,681.625,793.8138,202.8738,326.3646
3160,2223.3418,2519.7699,599.8277,3487.5026
3161,910.4218,1318.0319,296.3152,1584.6155
3162,769.4922,1252.5384,298.7142,512.2633
3163,1559.2831,2256.4241,476.6876,860.2267
3164,1486.5781,4175.9289,787.667,1582.4048
3165,912.8034,2660.8352,571.029,1099.8383
3166,1447.759,2657.4659,790.0391,927.6294
3167,1510.9637,4660.804,1037.5634,1815.6817
3168,2215.158,5614.9175,1363.7696,2291.4422
3169,501.9786,1034.2446,257.5107,381.6458
3170,882.8187,1733.0602,462.0776,711.4501
3171,1355.2717,3029.4735,736.0485,1303.4045
3172,1065.1322,4046.1441,937.2191,1585.7191
3173,1342.1985,4776.7154,1184.8213,1810.3368
3174,1175.7804,3266.6605,834.5369,1324.7582
3175,1581.8265,2003.9644,490.1809,2364.7835
3176,2047.2537,6392.1909,1638.6366,2457.1012
3177,641.9895,2702.9787,688.0663,1104.6805
3178,1932.3609,2739.9536,677.9325,1032.9263
3179,1627.5887,4904.951,1283.303,1848.1477
3180,214.441,658.5855,146.0293,265.9443
3181,1843.7894,2018.288,548.332,831.9856
3182,1489.0139,2821.3732,716.8059,1106.942
3183,1899.4845,3948.5447,1036.3578,1562.9164
3184,123.1844,508.2599,118.4929,201.8476
3185,303.419,503.4121,114.9267,601.6615
3186,1992.175,3098.5343,740.0119,1225.7741
3187,542.7607,1621.5242,362.3702,630.0758
3188,1159.2119,4153.0832,979.2315,1629.2348
3189,892.8773,1667.9191,383.9091,634.0805
3190,452.0268,1096.0579,217.1104,431.9911
3191,240.5698,842.2272,227.5122,325.9195
3192,565.0878,1920.3551,370.4824,768.7088
3193,2229.2434,3653.3288,850.9419,1382.9734
3194,614.3603,1344.6653,290.5961,541.9977
3195,1163.2921,3027.7655,833.9567,3959.3764
3196,1461.4488,2186.3012,554.1706,855.3957
3197,1353.7945,4660.3532,1117.123,1846.4053
3198,151.6097,637.0445,151.6176,743.3067
3199,1488.6344,3727.4304,903.33,1491.9945
3200,2074.1856,8525.0804,1831.1972,3306.427
3201,472.221,780.3139,189.4636,322.1584
3202,498.2782,1158.2391,378.0379,1414.1152
3203,64.8687,226.4429,62.166,91.4683
3204,331.5838,700.7295,185.5845,289.0834
3205,2204.6862,3950.35,937.7229,1623.4154
3206,1004.9406,2072.8089,614.8687,873.7475
3207,261.1644,409.5276,588.3335,172.1254
3208,625.9961,1772.7137,470.1706,721.0002
3209,180.7324,586.3044,159.8417,248.6991
3210,994.2461,2432.8563,632.4885,3221.1707
3211,941.4423,3837.7098,912.8929,1508.3251
3212,657.6946,1552.8874,384.5398,2056.6836
3213,959.6449,3937.6717,862.7108,1480.3421
3214,351.7801,388.7896,111.3487,154.7645
3215,1027.942,2116.1599,496.843,771.9845
3216,769.1944,1725.3758,473.3966,675.0861
3217,2189.139,7766.9515,2073.0456,3184.1555
3218,425.8835,713.2682,197.5662,287.5838
3219,152.467,362.44,90.3335,143.2659
3220,509.0481,1309.7761,373.4038,502.8591
3221,669.5672,866.5429,215.9978,351.4852
3222,2095.0257,4840.9386,1301.7276,1991.1795
3223,162.115,320.122,89.1019,378.763
3224,39.7638,90.72,20.0194,33.6679
3225,1492.7686,2794.0739,640.3402,1099.605
3226,386.5062,1454.8874,335.7825,1807.8799
3227,1722.5727,2834.7662,662.3891,1095.6401
3228,1451.5607,5118.5614,1313.1916,2178.2977
3229,1863.7609,3857.1836,978.3719,1403.8963
3230,1231.3009,2970.5708,729.0341,1229.1794
3231,477.6438,1191.4192,398.8878,469.8162
3232,1674.1962,3906.8101,1156.6729,1590.7003
3233,403.9628,1084.2454,231.0223,424.7125
3234,863.378,1098.6898,254.6384,425.445
3235,1788.8748,6759.6092,2132.5529,2718.8281
3236,2121.795,4098.5102,1012.5415,1603.8476
3237,96.3106,152.3259,40.145,64.1514
3238,237.6981,602.0709,146.6485,225.5937
3239,1930.9695,3258.5625,818.1162,1346.2213
3240,719.3465,2239.7001,538.0108,869.5425
3241,1852.4898,5045.7274,1124.8979,1942.5256
3242,1601.5038,4305.691,1109.088,1685.9859
3243,982.5943,2253.4931,703.8334,896.3242
3244,1407.5293,3129.3776,803.9382,1235.7076
3245,938.2323,3398.6525,898.4761,1336.0019
3246,1794.7947,3248.1885,926.4713,1338.777
3247,12.2682,32.9061,8.6579,13.541
3248,873.1949,2131.4796,526.8389,868.7465
3249,241.9377,479.2441,130.5944,185.2562
3250,2246.8548,6382.481,1651.537,2395.7268
3251,1897.1012,4500.3781,1197.0939,1744.5966
3252,1326.1626,2973.6484,802.3181,1214.4319
3253,986.1071,3094.2669,751.7638,1208.0145
3254,2088.148,4101.5408,1063.022,1507.9687
3255,1029.9722,3386.1133,944.3065,1344.9819
3256,395.3846,909.5884,204.1393,392.1826
3257,408.6504,458.3203,137.7999,185.2622
3258,1691.4625,4594.073,1051.7101,1744.6587
3259,69.7666,127.785,25.9377,48.5295
3260,611.0158,2588.0216,526.2533,1008.013
3261,1267.7029,5107.1268,1103.8788,2077.0823
3262,1307.4148,5131.8917,1146.3106,1974.951
3263,47.2841,121.0988,26.2454,50.9914
3264,1338.4151,4567.9283,1411.5461,1789.8393
3265,17.0427,20.2928,4.7124,25.5164
3266,1963.7037,3915.3459,1031.8389,1607.9182
3267,61.3221,189.2287,43.6139,76.6094
3268,1186.9223,1313.4301,274.099,529.3656
3269,2265.2772,6074.4932,1423.8156,2381.7044
3270,1599.6756,5255.0664,1439.8746,2147.8153
3271,682.2871,2417.6491,585.4207,998.3615
3272,1993.2168,2252.236,518.213,854.8682
3273,1418.7065,2951.8814,650.1489,3546.5069
3274,1360.9432,1824.5588,436.0836,769.3758
3275,411.5307,1532.7973,345.2056,626.5375
3276,1336.6884,1789.3462,455.3093,714.1823
3277,974.0027,2681.0906,662.3611,1090.1579
3278,1433.7044,3129.725,923.2853,1263.1548
3279,506.8245,1907.7265,420.8665,782.3644
3280,469.469,1686.9135,431.5541,646.953
3281,858.7762,1159.6444,245.6927,445.5179
3282,1990.3571,6783.1317,1923.0796,2496.676
3283,914.557,1359.465,368.3679,1590.5051
3284,1449.307,4630.6429,1033.9708,1822.546
3285,1484.1054,2436.1394,513.4207,969.1309
3286,462.0383,1464.3828,348.5725,586.6531
3287,562.74,1106.4795,304.0268,413.4733
3288,1525.7974,2290.5126,559.4287,956.2565
3289,1362.2571,3103.8721,752.1636,1221.4663
3290,17.6834,35.5923,10.2322,14.7113
3291,1972.8306,3163.7692,709.9118,1296.7353
3292,2106.2562,2412.9481,651.5212,1089.0617
3293,761.0391,2512.5759,704.3113,966.9548
3294,199.9569,607.5282,144.1871,235.4969
3295,1654.2795,1869.6043,418.6459,727.4013
3296,843.2703,2660.866,697.5439,1100.7731
3297,1218.8202,1804.1182,380.1104,676.4676
3298,309.1714,713.3704,170.3021,272.4435
3299,1455.0838,6177.8972,1458.9274,2416.3139
3300,53.8186,217.049,58.5903,90.0755
3301,388.673,938.9082,204.8185,377.1565
3302,1260.8119,2958.9063,974.7483,1162.9131
3303,656.4036,884.2859,217.9839,359.5653
3304,199.7806,756.9373,197.0789,278.8234
3305,846.1861,2163.3013,481.8176,2909.9664
3306,1174.1971,4183.4991,1182.3336,1649.3844
3307,1725.2861,6251.8377,1541.7325,2582.5309
3308,558.0346,1323.0859,352.2296,536.0724
3309,913.3014,1571.6763,400.3566,634.7601
3310,1394.5648,4912.2984,1200.3648,2005.2183
3311,1706.224,4655.6308,1188.617,1760.1919
3312,699.4784,2605.6535,640.8686,985.1629
3313,155.7421,563.4019,136.6238,253.2787
3314,181.5787,261.4553,64.2888,111.5481
3315,1825.7856,5757.936,1373.315,2112.1176
3316,986.1231,3583.819,760.8439,1383.2053
3317,1567.53,5617.9731,1247.1133,2241.666
3318,814.8755,1865.361,465.53,749.776
3319,797.722,2787.0472,834.6528,1169.9573
3320,2147.3868,6838.7521,1561.5636,2630.018
3321,1388.8903,5779.4142,1435.6765,2245.3706
3322,249.1135,892.1915,201.8194,344.8465
3323,2070.4784,8028.5771,2005.6439,3153.6456
3324,1300.2845,1912.6198,486.9356,767.6308
3325,1090.6334,4480.8462,1152.7354,1778.4816
3326,620.8507,2596.7779,618.9904,3356.9467
3327,1203.424,4733.4523,1346.4754,1843.338
3328,599.0556,2119.4317,508.5949,844.2921
3329,766.9851,1327.0181,379.879,552.0419
3330,763.226,1431.7184,405.7791,586.6505
3331,1493.7804,5860.8759,1532.5102,2395.7709
3332,2150.7559,6346.4226,1583.3074,2459.8005
3333,874.393,1811.3389,520.3823,2194.1272
3334,494.8742,684.9091,210.6467,287.7632
3335,493.6732,1087.7485,1369.049,461.112
3336,1874.1405,4954.6117,1316.9232,6638.7374
3337,1056.1027,3148.6378,940.9362,4005.4019
3338,915.2459,1707.0255,475.719,673.9006
3339,1621.115,6262.2487,1559.6705,2530.7836
3340,441.9718,1804.4108,436.8778,719.979
3341,158.9237,334.2434,94.6049,138.0276
3342,2012.3625,2905.7051,772.9248,1191.5706
3343,1356.5019,2290.8292,571.4819,2520.3798
3344,235.5054,973.2676,258.8534,362.8291
3345,836.7647,1187.1582,343.6629,1603.5389
3346,635.5982,2494.5454,740.0217,964.8604
3347,1872.6305,2822.4431,683.2616,1102.4184
3348,1489.4056,4876.1838,1372.583,1944.2493
3349,1570.2151,2345.573,523.6466,2817.5979
3350,104.2786,406.42,86.6985,156.5767
3351,1162.1226,1669.6271,359.4168,694.8204
3352,355.2736,1209.2597,358.8381,491.5747
3353,1587.723,4020.6098,1107.5714,1584.3571
3354,1901.5634,6422.0433,1496.8038,8000.4163
3355,1211.6373,3352.4256,855.4277,1311.3263
3356,1257.268,2181.302,493.8884,851.2959
3357,1483.7979,4434.65,1139.6885,1662.1753
3358,1461.4755,4021.6008,957.2449,1638.1878
3359,954.9152,4000.8152,975.152,1510.7029
3360,1698.1625,5527.1471,1378.5179,8111.9731
3361,967.6021,3661.4964,993.2558,1516.744
3362,500.763,750.2312,146.9717,909.0595
3363,1073.8141,1651.8281,452.2902,714.0602
3364,114.3573,165.9243,46.9517,63.7751
3365,576.849,2033.8521,500.5849,771.2937
3366,1472.8221,3547.8919,892.7758,1362.8022
3367,1749.5961,3979.3623,894.6914,1548.878
3368,70.0238,111.8968,26.7751,42.9662
3369,1993.5133,3856.0399,875.14,4773.4692
3370,590.4137,1852.7177,428.2408,756.594
3371,1463.615,4930.3954,1267.1351,2035.7002
3372,2187.5784,4848.318,1217.1734,1971.8825
3373,1632.0711,3839.0428,827.3392,1629.2174
3374,313.9078,928.7668,218.6889,349.9315
3375,796.4828,2827.8159,708.676,1109.051
3376,1768.4265,3857.3029,873.6507,1570.6255
3377,92.9598,237.6366,61.388,101.2658
3378,159.6955,593.0902,158.5959,221.6656
3379,1877.2602,2725.8959,771.2401,1093.9829
3380,193.9225,792.343,253.4657,307.5813
3381,243.8292,835.2792,196.258,316.0019
3382,614.6182,1027.6851,232.6305,406.1111
3383,1621.7273,6781.4514,1601.7297,2637.8567
3384,419.8881,579.8614,138.8473,231.0054
3385,472.889,1278.4189,313.0634,503.8
3386,850.9882,2014.4114,622.5136,798.4483
3387,1726.1559,2411.2636,620.4005,944.0532
3388,1366.7493,2233.2236,542.6451,971.1409
3389,1277.1051,3509.768,819.5254,1332.5653
3390,2141.3289,5823.7946,1327.2225,2196.1491
3391,985.1614,3117.1085,739.6953,1206.4956
3392,1893.0145,4402.9423,1157.9145,1703.5316
3393,65.3662,223.9369,50.1946,89.3024
3394,2162.061,7357.1861,1999.2545,2966.5749
3395,1368.2323,2674.7289,783.0798,1139.0065
3396,568.1923,1260.007,324.9256,523.4075
3397,875.5362,2774.7278,596.8369,1143.0609
3398,1969.6938,4573.8347,1069.2904,1722.0022
3399,681.5678,2247.8251,531.8329,922.2504
3400,1867.0636,6020.0423,1756.1322,7747.5526
3401,127.3893,404.5697,92.6877,165.2177
3402,970.0425,2780.813,733.8721,1059.3502
3403,1807.6779,2767.8656,817.2648,1083.5695
3404,1046.9861,1149.4515,324.7134,457.6058
3405,2051.098,2244.2314,578.2328,846.4198
3406,681.3128,908.8184,233.9194,372.9756
3407,1165.1381,1866.2591,451.2128,774.3071
3408,50.7799,102.0739,21.5846,39.3048
3409,123.7586,371.4291,88.4818,151.7846
3410,1703.0213,5988.3516,1448.9332,2428.5152
3411,1493.1776,2329.2064,700.5291,2759.6748
3412,1726.9144,3665.6913,834.2867,1430.6125
3413,771.1699,2293.9886,582.1645,1009.3591
3414,1780.3169,5297.6408,1114.2804,2171.5169
3415,132.0251,536.4353,152.84,222.1958
3416,798.1556,1681.7729,493.9897,640.0734
3417,2164.6171,7499.2247,2054.6568,2921.361
3418,952.1834,3162.4321,737.9337,1223.8499
3419,1168.9323,1925.8344,457.9173,686.3766
3420,572.1278,2116.0887,646.5754,858.3097
3421,1426.105,5227.8195,1477.3377,2115.1724
3422,1766.3593,5691.2372,1396.9354,2191.6804
3423,1961.631,6268.7146,1533.5246,2586.6337
3424,1510.7504,2362.2474,543.2766,939.8926
3425,150.0477,580.6049,159.7494,229.5406
3426,1945.5022,6421.1983,1493.4578,2499.7819
3427,968.552,3134.4106,850.1967,1258.1351
3428,646.3185,2282.3616,591.4349,951.0266
3429,715.9794,788.5844,175.557,322.8561
3430,413.0669,875.4733,209.6563,334.6835
3431,1922.6887,2296.292,527.9486,871.3664
3432,491.9686,1903.4699,520.2527,719.2992
3433,218.755,732.5409,194.3902,294.0151
3434,1055.5977,1724.7041,452.9771,726.5459
3435,1796.8091,2308.1566,540.9182,3165.0732
3436,925.8372,2117.4892,535.2168,866.8626
3437,1887.5218,7608.1882,1799.2483,3155.5777
3438,1125.9656,4055.4297,898.9165,1608.0755
3439,931.2491,1453.4162,374.2768,555.7198
3440,722.9676,1045.6409,269.1777,423.0012
3441,1001.9246,3062.5643,742.7465,1224.4462
3442,1591.2217,2188.4163,568.8064,840.575
3443,1972.5719,4412.4598,1256.4921,1643.9717
3444,1741.0538,3926.2387,1067.8732,1567.4664
3445,183.7685,779.1628,188.6666,308.5479
3446,460.4195,1921.9529,437.3815,768.8018
3447,214.8469,566.2692,157.8739,229.6738
3448,142.0434,282.9432,428.5248,115.6678
3449,34.9786,76.4647,18.0448,32.3466
3450,1162.8746,1375.7851,443.5616,529.3893
3451,408.107,573.3652,160.5023,227.278
3452,2.084,5.1906,1.229,2.2241
3453,1669.3187,2599.8294,715.3081,1011.407
3454,1992.3878,3837.3091,905.3215,1469.8608
3455,1024.5028,2573.1834,698.609,978.3787
3456,1031.03,4311.2006,1063.8302,5244.8521
3457,2195.2477,6703.1872,1714.3921,2680.9913
3458,626.1316,715.9169,173.4183,297.5857
3459,31.0423,97.6562,21.199,39.3639
3460,642.3983,728.5201,170.4535,280.5877
3461,841.5506,3255.1839,684.3529,1286.8076
3462,1871.2264,5533.7939,1513.0235,2266.4813
3463,1867.4022,7045.0914,1590.6314,2665.1847
3464,507.2455,1506.9058,344.9937,621.2678
3465,99.3129,221.8461,60.0565,91.6392
3466,1777.079,4325.7658,1078.2352,1842.1126
3467,1178.335,1433.4925,308.2768,592.5122
3468,2020.9245,4500.1117,1072.3385,1977.9622
3469,1716.5758,5918.0116,1996.7598,2365.7405
3470,1261.6808,4658.4204,1319.3357,1932.8718
3471,1472.5337,3045.5847,4264.0319,1169.5924
3472,1376.2174,3855.0318,984.1866,1522.9432
3473,1509.7973,1869.838,535.4024,744.8211
3474,385.5091,508.3495,127.0199,664.6276
3475,696.9952,2679.3834,645.1349,3090.835
3476,176.5138,313.0087,73.7928,120.1054
3477,1200.879,2840.0503,707.1874,1154.8267
3478,631.3904,728.4943,184.6583,285.3071
3479,595.0134,2338.9587,642.1622,975.2393
3480,800.8861,2860.7344,773.1904,1197.4748
3481,151.5104,191.4072,38.6791,80.1787
3482,1145.9472,2430.008,627.8579,884.9867
3483,1181.7441,3734.5621,831.0598,1572.052
3484,1134.2278,4772.0801,1150.6871,1797.5986
3485,1806.1899,6147.3981,1612.948,2446.7565
3486,37.8467,150.768,34.4362,60.1111
3487,1975.0016,5732.5865,1359.3918,2212.8004
3488,146.6724,395.3835,93.871,159.4489
3489,1937.1395,6129.73,1642.2514,2415.8523
3490,130.5588,304.466,69.8275,126.6097
3491,1882.4773,2786.6547,583.841,1060.4616
3492,712.9537,1580.4156,441.8516,640.3232
3493,2088.6599,8755.1419,2003.9091,3424.3631
3494,915.7612,1163.5152,289.0478,467.3091
3495,440.4928,1836.4569,2599.7913,719.8228
3496,2125.5677,7393.319,1944.991,2865.0644
3497,1783.5883,4772.7958,1153.8873,1945.1364
3498,970.024,3560.3338,768.934,1408.4352
3499,222.8679,421.3746,124.5216,174.3202
3500,2278.2975,6271.4032,1355.9528,2505.4816
3501,1745.7994,5718.2404,1314.6257,2361.8166
3502,2231.3457,4125.4452,1076.2213,1724.0588
3503,1395.4637,2115.153,503.8825,873.5092
3504,14.4172,43.4676,10.989,16.0096
3505,1906.9877,4067.6049,829.3593,1704.2248
3506,1463.46,4116.2533,1035.4932,1687.4343
3507,665.8746,2568.0913,594.0854,959.3317
3508,1253.0412,5246.8234,1649.6085,2047.5745
3509,1682.5258,4427.6961,1174.99,1905.4091
3510,2026.4175,6813.4961,2073.7346,2735.7804
3511,1410.4363,4053.8326,1235.7749,1642.884
3512,1726.1948,5226.1644,1494.518,2125.5587
3513,1492.7143,3498.7565,797.4443,1382.6348
3514,1160.1119,2604.3767,585.0962,1087.7702
3515,2216.1939,3539.9067,993.526,1421.6258
3516,1155.8135,3396.0505,902.0878,4095.5528
3517,2280.5328,7833.1345,1811.6572,3137.0836
3518,2045.3931,3923.6544,824.3251,5068.2174
3519,536.8222,1860.1204,459.247,728.4945
3520,1861.4156,7793.1414,1614.8681,3003.8675
3521,328.2497,839.5185,240.2004,988.3431
3522,66.7251,83.3131,23.6809,31.8774
3523,2169.1229,4488.5986,989.4781,1733.0696
3524,1766.936,3588.1997,1143.947,1413.9497
3525,2277.4657,7553.3501,1974.9246,2873.1064
3526,1356.2461,2841.2371,806.2703,1128.7774
3527,1595.8172,6781.9135,1528.9628,2718.4885
3528,1287.0846,2875.4435,721.4356,1134.2185
3529,1547.3498,6520.1575,1598.6947,2648.3251
3530,434.8819,1679.4573,388.4756,631.4267
3531,843.3738,2740.3647,616.9045,1175.5619
3532,38.7098,137.3145,33.007,53.4896
3533,1418.2975,2088.6316,588.362,800.2485
3534,1513.5157,3484.457,922.0549,1369.2575
3535,87.373,187.5204,45.602,75.7118
3536,2035.6882,7698.3883,1867.4767,3081.368
3537,1219.879,2473.1561,598.2497,956.1811
3538,689.1316,1678.2839,419.8771,661.1206
3539,1200.7721,3036.6015,785.7988,1171.6595
3540,472.3873,1123.0697,280.1998,422.6451
3541,1166.464,4685.546,1291.2833,1959.5599
3542,1385.5613,5772.3073,1550.5711,2288.5155
3543,371.9553,1126.958,281.2326,451.048
3544,429.3621,1444.2179,364.4236,585.0626
3545,722.665,1554.0806,388.7916,622.2075
3546,1017.2808,1804.2313,521.003,710.3696
3547,1446.9931,3384.0097,767.9921,1399.5553
3548,1492.5464,3381.4018,877.7275,1415.4857
3549,1249.8764,4104.5214,1400.6267,1695.4766
3550,1323.7885,2238.7165,682.574,893.9828
3551,2036.2057,2412.8816,565.3581,958.4133
3552,2061.645,2260.2929,613.0435,934.0084
3553,1903.1968,6537.1709,1718.2744,9132.2534
3554,1651.779,5738.2629,1456.8557,2367.4309
3555,833.8506,1822.5693,464.0094,690.5933
3556,381.0341,1533.6579,442.6387,611.3694
3557,57.5156,172.7626,40.2556,65.2751
3558,1066.5144,3980.3509,1041.719,1523.9072
3559,2201.8804,7435.6261,1607.4831,2967.5189
3560,759.8383,1787.3539,412.2077,728.6218
3561,602.8458,1228.0578,339.7792,546.6685
3562,2073.6522,8356.5482,2313.8115,10240.1406
3563,735.8786,1123.9952,295.3459,416.3758
3564,1218.884,2824.266,830.8263,1104.5393
3565,161.6878,387.7618,96.5809,158.8634
3566,1392.2012,4707.6415,1059.1564,1913.2932
3567,2010.1233,7515.7974,1678.7829,3225.5459
3568,1773.5246,3134.2225,769.7262,1369.8139
3569,276.5109,1075.0092,298.2043,412.2544
3570,637.6113,1941.477,435.3423,731.7065
3571,1939.9923,5375.6332,1278.5552,2142.9901
3572,368.3127,1385.7384,401.5009,1822.8576
3573,1871.3652,4785.6923,1238.5032,6042.7681
3574,1301.581,2134.879,527.3101,769.9704
3575,845.6212,1402.7881,390.0793,559.1781
3576,703.137,2156.8112,540.1817,857.6157
3577,1373.7279,3029.453,595.6658,1212.7104
3578,1394.3354,3476.6812,774.462,1398.6276
3579,718.365,1159.7624,271.9726,473.7846
3580,1063.3551,1929.0671,400.9259,771.3817
3581,1832.6573,3578.8201,810.0615,1408.0724
3582,1013.3644,2174.8686,518.0806,852.8531
3583,624.7542,2647.2696,703.1606,978.1527
3584,692.4759,1066.4248,284.7539,432.5764
3585,2133.7062,4620.568,1214.9282,1870.3545
3586,26.1577,94.4377,26.7943,37.0801
3587,1265.0892,4701.5809,912.2836,1855.3926
3588,361.0148,1259.7709,284.1718,510.7833
3589,323.022,524.449,133.4737,204.6617
3590,650.234,2712.7356,691.1738,1112.6108
3591,1184.4449,3120.0664,801.9209,1231.5686
3592,647.856,1189.7183,315.1736,480.4424
3593,2085.2841,6418.1467,1445.5915,2529.0437
3594,1410.4293,4816.5924,1299.1113,1894.3323
3595,1230.9893,1392.0157,397.4272,1685.7844
3596,374.0801,751.2502,170.759,309.2598
3597,1857.0931,4074.1997,953.3438,1574.4911
3598,211.5626,602.4163,187.6829,239.3476
3599,28.4567,82.4687,23.4177,34.032
3600,2055.3825,6021.1728,1935.7001,2503.2214
3601,2198.7275,6193.0083,1558.2873,2440.9722
3602,1576.1511,2257.6462,545.9672,918.9629
3603,333.1603,678.1641,177.4917,274.9927
3604,1447.6536,6099.9407,1548.6553,2260.8218
3605,80.9549,305.3697,75.1384,118.6696
3606,953.2567,1779.5596,451.9085,735.2435
3607,284.2717,896.5576,234.331,354.6602
3608,302.6565,1025.9897,278.0924,433.3799
3609,1387.9771,2107.3407,478.7206,799.3585
3610,1427.6879,2000.0193,533.9938,751.8372
3611,89.1824,140.9347,33.1734,59.0432
3612,1756.7011,4494.1363,980.4555,1868.344
3613,1833.5903,6692.7907,1522.6671,2693.2037
3614,494.6959,1345.7607,353.6281,576.009
3615,450.9001,1648.993,423.3113,2097.9543
3616,1995.1184,5198.2913,1320.6171,1937.7575
3617,1096.6783,3284.322,832.0457,1298.5394
3618,1722.157,4575.18,1156.2791,1803.6502
3619,2201.1869,4373.3731,888.129,1618.9778
3620,959.7829,2359.2283,643.6545,879.2808
3621,1456.8726,2439.6728,575.6864,997.5785
3622,1411.7048,3277.7076,736.6814,1296.0967
3623,543.137,1524.7051,365.5827,607.6128
3624,509.0164,2131.4973,520.7889,854.2606
3625,1622.5725,2602.5637,731.4286,1044.2743
3626,2233.9492,5494.587,1157.0312,2209.4317
3627,1320.6243,4657.0427,1058.3386,2047.0216
3628,23.1219,41.7393,10.8313,18.3178
3629,1546.7597,6111.4906,1482.4721,2341.963
3630,1132.8976,3812.5099,909.4344,1530.7993
3631,570.249,1175.43,293.6137,483.3112
3632,920.9523,1169.4833,320.8301,1572.9254
3633,723.4609,2917.2509,724.9596,1215.1496
3634,38.6947,116.4497,25.94,44.8173
3635,1745.9977,6185.3335,1358.5582,2488.0985
3636,1205.4241,3917.1074,1109.3161,1433.3982
3637,819.5104,2133.5811,489.7624,889.4346
3638,1649.9569,3647.4788,1011.9451,1407.9044
3639,2068.6254,6899.3339,1716.8123,2754.4544
3640,1470.6185,5102.3501,1387.115,1962.271
3641,1332.1854,5526.8815,1596.4346,2243.9242
3642,24.4285,73.6487,15.9221,32.4844
3643,162.325,364.313,88.7642,150.3885
3644,40.5987,131.958,31.4058,53.0732
3645,129.7232,189.354,43.9722,72.3262
3646,313.6796,412.4,136.7003,161.3166
3647,2270.7087,9341.1389,2102.9584,3605.8848
3648,964.4443,3069.9471,698.0664,1174.9919
3649,1917.3348,7416.6248,1675.0457,2999.5779
3650,1043.8932,2694.9095,662.4557,1107.007
3651,1951.861,6759.8536,1578.1646,2702.2864
3652,159.1544,648.6899,838.3053,252.5129
3653,1682.3174,4388.5009,6414.8711,1825.4188
3654,142.1497,480.0049,115.5862,581.7806
3655,957.0556,2729.0824,717.5056,1027.9835
3656,1880.9867,3831.2871,877.0383,4732.6421
3657,789.6374,1715.3382,408.9044,710.9028
3658,1143.246,1372.4232,363.4753,554.4163
3659,2070.9001,2512.9162,569.8579,975.7814
3660,9.8384,40.5158,10.3429,17.0071
3661,1183.1271,3970.1858,874.7192,1574.9336
3662,451.2515,625.3027,150.2548,253.6629
3663,54.6424,132.6028,31.7216,54.5345
3664,574.7278,909.1871,276.5848,376.8003
3665,1376.0924,3965.303,983.9961,1564.441
3666,1246.6543,3647.2294,1060.0811,1362.5772
3667,284.4434,910.101,208.2618,375.7028
3668,1901.4811,2663.5486,545.4579,1043.6491
3669,1244.0032,2560.6487,615.3633,1021.0315
3670,443.1146,1291.6266,297.2349,501.1897
3671,1694.9216,2929.3133,962.742,1118.3392
3672,1165.7805,4942.9246,1203.8529,1963.0344
3673,1432.9561,5245.8824,1818.503,2031.3633
3674,2023.9562,5873.5944,1258.8244,2369.6724
3675,1484.0811,3257.2914,778.3997,1358.6627
3676,607.722,1112.3894,278.9614,425.9439
3677,1041.1939,3032.537,652.9567,3717.9071
3678,1361.362,3476.3789,908.768,1359.996
3679,1400.4505,5292.8106,1241.5407,2129.4566
3680,1201.852,4840.3485,1364.8337,1948.5922
3681,654.1501,1067.6741,268.6155,450.1977
3682,833.3574,1466.3763,377.2344,579.7364
3683,944.9863,1588.7945,360.5676,673.6702
3684,461.357,1712.7279,435.2774,679.8248
3685,534.4409,2235.4952,647.9847,875.5471
3686,2231.6082,7681.3232,1893.6188,3116.7494
3687,54.3141,135.9554,33.039,51.7194
3688,900.8746,2765.5257,625.0864,1142.2598
3689,1542.5669,4141.9382,874.5656,1653.0831
3690,1423.0935,5189.4184,1219.8543,2062.6229
3691,959.2159,1456.9581,366.2841,566.451
3692,2061.6871,3691.9218,935.6074,1501.1404
3693,428.1256,685.1273,170.397,264.2847
3694,596.0485,1444.1699,335.8865,586.0184
3695,918.8978,2220.2829,711.3414,921.6968
3696,596.4179,1236.7588,320.0498,506.7434
3697,2012.8338,8293.7313,1823.862,3383.5318
3698,673.7037,1374.9125,344.527,557.0138
3699,686.8049,2828.4729,647.2123,1089.5064
3700,99.8764,291.3464,68.8201,116.7476
3701,1111.1112,2716.9805,815.642,1090.2486
3702,915.2819,2017.2988,511.5487,761.3065
3703,343.1281,934.6091,305.5029,382.065
3704,1106.9544,3373.5137,912.6048,1360.5185
3705,439.7814,1266.0462,331.0666,525.4422
3706,1752.7644,2909.2908,614.8895,1200.2031
3707,758.6973,1663.8671,438.3304,654.0566
3708,338.6901,1048.4832,312.5823,445.732
3709,152.5118,527.7231,121.2462,218.2522
3710,660.3915,2565.0426,596.823,989.4611
3711,137.5474,476.6492,137.4969,196.4931
3712,897.1463,2835.7736,700.6171,1122.3529
3713,383.193,636.0434,179.8332,251.9411
3714,1080.8362,4470.771,1367.192,1821.4901
3715,1194.083,2940.12,734.9105,1115.9227
3716,2251.2673,3630.0247,1098.2551,1461.0636
3717,1998.097,8051.2399,11352.0231,10259.2982
3718,1429.7932,5528.788,1589.6891,2239.7774
3719,271.3425,575.0411,119.0651,218.3747
3720,1519.3643,5721.1754,7751.2856,2240.9601
3721,2273.0146,2953.1389,736.9418,1135.973
3722,1547.7068,2399.0997,625.8469,995.1242
3723,2193.3984,9319.96,13420.4407,3691.057
3724,1354.1655,2869.9324,743.001,1141.8289
3725,1214.6217,4899.0611,1120.19,1868.8803
3726,2171.3169,4200.1984,6045.4331,1660.3431
3727,1544.4488,2097.4927,526.5902,820.2387
3728,1145.3064,4085.9302,823.2028,1561.6006
3729,1796.7003,7581.0976,1734.081,3057.4654
3730,2043.2842,3600.4062,827.6115,1428.405
3731,796.6098,2209.8575,623.2454,867.4844
3732,160.6404,346.8415,87.8187,140.165
3733,796.2184,1887.9677,550.0084,710.4931
3734,1848.4545,7228.037,1718.7027,2854.1941
3735,1979.7692,5434.3433,1404.0823,6935.4935
3736,165.429,592.4197,135.4951,249.237
3737,1566.0577,2774.5089,604.072,1076.932
3738,1484.2403,5965.7312,1842.6776,2317.7622
3739,371.4975,767.1626,208.0183,317.5789
3740,1288.0919,4104.8789,1035.5693,1624.1074
3741,40.9746,114.4107,25.7726,45.9379
3742,1035.2189,3739.6129,1062.2684,1550.5911
3743,174.7436,247.5537,72.9935,94.7437
3744,1361.4603,4143.0039,864.161,5410.0808
3745,2282.6566,8751.712,2273.3295,3497.886
3746,270.726,900.051,216.547,350.0552
3747,1568.5257,2675.1884,677.1958,1056.4229
3748,1154.2354,3615.9206,4822.5621,1493.6482
3749,122.0465,227.5583,56.0203,85.4915
3750,798.9682,2345.9187,515.7069,959.506
3751,1109.7726,4504.8364,972.3079,1886.446
3752,1789.2577,2100.2256,560.129,839.2315
3753,415.4095,882.8668,217.495,330.1018
3754,1251.7101,2653.5035,713.906,1090.29
3755,134.3409,267.6882,70.5444,113.2164
3756,744.3053,2353.227,528.3701,936.2039
3757,1155.9949,3608.5323,811.5332,1432.9614
3758,868.9016,1137.8396,267.694,452.2813
3759,1820.1592,2344.1504,597.6701,919.4247
3760,514.3155,1567.8234,345.6805,708.9904
3761,901.4085,2194.5789,609.8131,2677.7373
3762,929.1055,3822.2217,1307.5928,1452.6371
3763,896.1437,1315.7026,298.9498,1658.3008
3764,1948.5353,4275.8956,1280.2963,1700.0528
3765,216.9301,806.2,199.8518,314.3512
3766,931.7117,2804.3803,593.0411,1028.7737
3767,2177.5738,8907.3527,2069.8923,3527.0804
3768,257.9571,490.4208,144.236,185.4936
3769,1058.8338,1915.3408,521.8987,784.8826
3770,977.1215,3572.3414,915.3899,1355.4863
3771,290.3273,816.7531,192.9738,317.535
3772,413.4984,1525.1514,355.5178,643.3407
3773,2010.9974,3440.8446,870.7337,1425.9408
3774,55.7922,194.8417,50.0841,77.1217
3775,1915.3275,6229.0881,1683.6415,2440.9934
3776,202.2487,572.9363,137.3779,240.279
3777,1551.2342,3661.475,1181.675,1390.9966
3778,1256.116,3163.5565,832.3715,1341.7537
3779,790.8164,1402.7846,358.012,509.0031
3780,457.9015,1128.8189,262.0992,475.8283
3781,762.6857,1444.0265,365.0794,549.6593
3782,1334.6993,1918.7189,495.36,788.5374
3783,2001.2709,6750.1754,1927.3369,2648.5215
3784,1216.87,4189.2362,1057.5676,1683.3321
3785,989.338,1821.8817,466.9949,764.7402
3786,1051.2369,3617.9623,896.9664,1446.1
3787,551.0472,1576.1037,458.8046,603.3717
3788,1409.8707,5007.4044,1305.1036,2012.6162
3789,150.8747,609.7585,153.2715,233.6006
3790,1043.0769,3001.6214,744.0048,1214.565
3791,48.6472,193.9322,46.3891,77.0026
3792,152.0247,211.3773,56.7948,83.9309
3793,1287.7532,2660.1344,728.3212,1120.3482
3794,1699.3454,7101.6408,1672.7544,2715.1456
3795,1832.6526,2373.1125,602.2824,1018.4757
3796,758.2366,2204.4658,675.3077,856.7868
3797,990.9,1760.3663,533.683,706.8365
3798,978.3798,4064.1871,942.8524,1588.7353
3799,794.0707,2458.3522,572.0341,1010.217
3800,2074.6149,2681.236,662.9409,1039.3817
3801,469.2003,1703.6501,413.8958,664.2678
3802,342.4395,1012.4318,234.4956,429.6168
3803,1714.4912,4009.4774,934.3764,1545.594
3804,1146.3655,1677.2848,508.8395,658.0679
3805,2142.2027,5851.4116,1402.8187,2436.3447
3806,320.1387,887.9334,214.6256,365.8723
3807,1550.6272,6029.236,1542.1531,2400.6282
3808,2174.3642,5688.2646,1292.1623,2376.4563
3809,109.9553,436.3552,105.5659,171.6573
3810,499.4337,809.6579,217.1714,313.5085
3811,1977.9848,3330.4782,831.7868,1328.9796
3812,40.3957,114.0048,28.6267,46.4377
3813,1642.4514,5521.0926,1307.8641,7435.6261
3814,2163.1539,4341.3061,1304.9078,1771.1429
3815,681.5704,2164.7531,611.2017,853.0784
3816,1034.2216,4073.8968,967.8232,5706.1511
3817,1834.2417,5596.7301,1439.808,2296.5369
3818,23.9129,68.5608,102.9781,26.8984
3819,528.6505,1126.7094,289.9242,425.3689
3820,1435.3218,3767.1707,996.5495,1483.571
3821,339.9353,606.2189,155.1081,240.5797
3822,1317.0312,3700.1618,872.9087,1517.7422
3823,2276.1038,3281.4404,923.9957,1301.9491
3824,788.2398,1494.3963,417.6305,601.4067
3825,255.0329,966.8139,242.9071,372.6961
3826,901.8444,2477.3953,594.7051,941.8721
3827,2096.4258,7911.6983,1834.7534,3233.7721
3828,690.005,823.0503,210.0819,324.2772
3829,102.2028,181.4863,41.3394,71.6765
3830,1445.6427,4728.1557,1075.386,2118.7224
3831,932.6993,1309.0509,367.6278,505.8869
3832,109.7842,194.6079,57.4496,84.3309
3833,1939.3745,2601.1252,643.7718,1008.9742
3834,1342.1752,3385.9853,829.7178,1357.0586
3835,2037.903,8107.4766,1789.6124,3203.6862
3836,1768.4784,2593.5515,717.9693,1040.2515
3837,1049.2947,3945.7369,959.1255,1673.7857
3838,2135.1713,6872.4762,1953.9953,2578.3948
3839,153.4891,646.6641,148.0211,259.1919
3840,1402.7763,2439.8586,573.9478,999.5946
3841,1179.3874,4571.1971,1209.7751,6599.759
3842,1779.7356,4924.8259,1441.66,2045.1331
3843,1120.9852,3858.6211,1030.0894,1540.0178
3844,394.7954,801.6994,186.048,310.3296
3845,0.2918,115.6199,32.1861,43.2957
3846,0.5321,230.0193,77.1617,94.0418
3847,2.1639,860.1169,180.1509,336.1716
3848,0.076,24.2538,7.0496,9.685
3849,1.2138,276.0619,56.6063,114.3884
3850,0.5938,164.3445,41.99,68.0044
3851,0.3121,114.1989,24.7158,44.0152
3852,0.652,63.6622,14.0808,27.4841
3853,1.517,411.1395,94.9774,164.346
3854,1.1944,534.1094,120.1526,223.9014
3855,0.4946,22.9466,6.4879,8.8532
3856,0.2714,127.9375,41.6304,49.4839
3857,1.2928,172.9236,37.1776,70.4067
3858,0.6259,118.5443,27.7878,45.9192
3859,0.8426,135.4815,27.8365,179.0129
3860,1.3094,97.9425,25.4743,39.065
3861,0.1087,42.1242,12.6528,16.0141
3862,1.0835,438.3811,118.3332,183.8709
3863,0.9893,36.6706,8.5072,14.4825
3864,1.0243,39.9203,8.9422,15.7503
3865,0.6223,273.562,71.6607,107.2833
3866,1.6479,41.4011,10.1841,17.2396
3867,0.4294,122.8355,29.5587,47.1597
3868,2.1438,653.369,168.6913,280.8533
3869,0.1351,22.1883,5.4526,8.8721
3870,0.7236,202.0465,51.7672,81.059
3871,1.0301,436.6981,115.8759,178.3741
3872,0.0842,33.0164,8.8718,13.1943
3873,0.3116,4.7858,1.278,1.8597
3874,0.5087,66.9682,16.8562,28.3614
3875,0.0718,25.6122,6.2738,10.4775
3876,2.0551,792.1298,177.6107,316.2614
3877,1.6462,344.0016,96.5925,128.119
3878,0.5654,0.9288,0.2325,0.3966
3879,2.0035,470.5368,128.8105,196.116
3880,0.311,124.501,34.3073,49.6683
3881,1.4832,280.5942,73.868,120.8947
3882,0.4088,169.6397,39.0884,70.2012
3883,1.5438,204.5287,48.4651,273.0303
3884,1.4516,540.835,139.0083,221.3049
3885,2.0478,743.702,177.4304,291.2768
3886,0.8923,7.9503,2.1822,3.1049
3887,0.1976,45.7438,14.4884,19.7024
3888,1.7913,81.1407,24.5335,31.81
3889,1.0261,119.9817,30.9474,45.8964
3890,0.8279,191.7047,48.5339,78.196
3891,0.8543,116.5375,24.7572,46.5283
3892,1.8554,667.5014,195.5851,248.8068
3893,1.4796,436.3766,102.8799,171.0548
3894,2.0095,185.8427,47.4388,72.9833
3895,0.0574,24.0587,6.4364,9.9751
3896,1.5692,74.6306,16.2223,29.6621
3897,0.566,110.8452,25.1857,44.9274
3898,1.7042,228.7438,61.8279,88.0009
3899,0.0252,4.7692,1.1687,1.8342
3900,0.518,27.8302,6.7236,10.7297
3901,1.7738,795.863,179.9659,324.099
3902,1.1499,372.7654,102.7139,142.5919
3903,1.5775,297.1464,74.3022,110.4688
3904,1.4478,467.1229,105.9101,190.73
3905,0.2309,2.8786,0.7739,1.1976
3906,0.9176,148.6114,31.2629,189.3907
3907,1.9276,854.4928,237.2137,335.3143
3908,1.5652,698.4109,169.4362,303.2025
3909,0.3262,16.8967,3.8075,7.135
3910,0.4892,115.5308,27.6539,45.8009
3911,1.866,297.8068,70.4567,117.1788
3912,1.6972,221.8081,70.5148,89.73
3913,0.5118,202.1043,44.6589,81.6419
3914,0.7862,51.8588,13.1989,19.5277
3915,1.4331,678.0996,184.1947,278.3222
3916,0.0566,26.3725,7.4871,10.7833
3917,0.449,77.385,23.4745,33.4983
3918,0.0722,29.8,7.5136,12.0031
3919,0.9121,328.5096,83.0093,136.7944
3920,0.4575,23.7868,6.4748,9.5937
3921,0.7572,352.065,77.5482,138.4083
3922,1.8277,81.9911,21.2058,32.4194
3923,0.2767,95.7116,26.0453,38.895
3924,0.7292,278.956,71.7893,116.0222
3925,0.3345,92.1503,24.4175,36.9443
3926,0.8487,347.2557,92.3942,133.7713
3927,0.3781,96.1537,22.1022,37.0846
3928,1.9039,887.1859,196.8557,353.4097
3929,0.7452,27.5132,9.0259,37.59
3930,1.6865,405.9234,113.8829,149.7643
3931,0.7483,347.122,74.1912,145.4105
3932,0.5992,228.7989,57.9323,86.9038
3933,0.6714,152.0033,47.4511,56.3355
3934,1.2207,70.9473,17.4605,31.367
3935,1.3746,295.4512,68.5372,116.8119
3936,0.4101,3.1807,0.7167,1.2923
3937,1.2691,416.2828,119.6259,159.7751
3938,1.786,313.1652,77.2688,126.4864
3939,0.5043,131.9368,39.2707,55.6535
3940,2.0532,71.951,16.8152,27.363
3941,0.1879,3.0927,0.7469,1.2159
3942,0.425,82.3644,20.2026,34.9458
3943,0.8547,62.9235,13.3843,24.4378
3944,0.351,42.5247,10.9226,17.3012
3945,1.6621,36.3412,9.8731,15.1405
3946,0.1142,44.1693,10.4338,17.9039
3947,1.6625,443.4723,104.8302,176.3068
3948,0.4947,161.9656,34.416,67.9667
3949,1.5306,115.0913,26.9166,48.7505
3950,1.9927,616.0704,159.9371,251.9614
3951,0.0804,28.7644,7.5213,11.2326
3952,1.4192,389.786,98.5813,163.4951
3953,0.9064,273.097,66.8808,103.1833
3954,0.9063,381.2399,84.6551,143.8733
3955,2.071,422.0688,111.1648,166.7395
3956,2.0694,520.8698,110.8315,219.5991
3957,1.9206,332.8861,99.4185,136.1238
3958,0.6117,14.3801,3.4875,5.957
3959,0.8534,387.6473,94.8377,156.0226
3960,2.202,59.3828,13.2678,24.2241
3961,0.3139,13.7483,3.8684,5.3421
3962,0.5098,177.0903,37.5109,71.0792
3963,1.4623,520.5513,133.3814,240.3172
3964,1.4092,392.6288,92.2879,144.951
3965,0.1677,17.8151,4.4086,7.155
3966,0.3677,39.7652,11.4858,50.4716
3967,0.7345,226.8401,57.5437,92.6497
3968,0.3489,118.054,29.3739,46.2343
3969,0.3122,136.1778,34.9913,55.8613
3970,2.0654,364.524,80.5154,135.2568
3971,0.3879,174.3008,41.4098,69.0348
3972,0.3658,153.643,37.1481,58.8703
3973,0.1852,75.8568,23.2978,30.3127
3974,2.2064,1001.748,305.8846,426.1668
3975,0.8193,74.5078,18.6484,28.8284
3976,0.796,349.8119,93.7047,142.7456
3977,1.3792,147.6491,36.8316,58.3793
3978,0.7479,70.2449,17.0871,28.1922
3979,0.9953,192.5158,45.7056,75.8168
3980,0.6144,16.6291,3.8202,6.6611
3981,1.5484,39.8476,8.7877,16.1758
3982,1.9641,705.8423,168.324,290.2577
3983,0.7215,216.3584,49.7165,86.824
3984,0.6271,63.3516,14.4162,25.1692
3985,1.1039,3.7523,0.9834,1.5264
3986,1.0221,242.393,56.5465,98.7422
3987,0.1163,49.0381,11.0049,19.6171
3988,1.2395,408.2388,103.2461,176.3624
3989,0.4097,60.4975,14.2659,26.5671
3990,0.3652,118.347,35.9235,50.087
3991,0.651,18.5771,4.9277,6.6695
3992,1.1277,97.1828,27.9976,40.593
3993,0.3739,119.0908,30.5092,49.4265
3994,0.6596,214.9967,54.3619,91.1238
3995,1.9009,263.1474,56.5161,103.9761
3996,1.7373,492.8964,117.9778,191.3054
3997,0.7723,17.5699,4.8695,7.2259
3998,0.3803,104.6031,24.7748,41.4689
3999,1.3253,488.7951,111.6,192.7629
4000,1.0505,406.5581,94.61,153.0054
4001,1.2006,12.6005,3.6107,4.7522
4002,1.803,704.8555,177.592,281.8009
4003,0.6875,197.7399,51.0075,76.0416
4004,0.0938,2.0218,0.5535,0.8026
4005,1.4053,106.2319,27.9126,40.1097
4006,0.9471,20.5295,5.8722,8.544
4007,0.3017,77.2298,19.49,30.8946
4008,1.9346,126.6576,189.4088,50.8122
4009,1.6656,148.7875,39.0658,60.7287
4010,1.6811,514.4485,148.289,206.5232
4011,0.6673,261.8342,74.9399,103.8147
4012,0.8094,149.2425,38.1982,60.116
4013,1.9747,181.0383,42.3031,66.0993
4014,0.83,310.9625,77.3591,126.3592
4015,1.0856,126.721,33.3667,52.2253
4016,1.517,373.1224,94.7674,158.4608
4017,0.126,49.5888,13.6071,20.6513
4018,0.5169,12.4538,2.7999,4.897
4019,2.1733,959.1214,244.5356,374.9939
4020,1.4164,423.6517,122.2566,178.1953
4021,1.4797,309.55,72.618,131.6549
4022,1.4234,573.9217,199.4751,647.6224
4023,0.6418,29.4628,7.7969,12.1993
4024,2.1049,756.8425,215.7634,315.2233
4025,0.0096,1.8482,0.4568,0.7551
4026,0.7931,177.5768,44.917,223.8387
4027,1.4778,437.838,128.4965,175.6155
4028,1.0533,198.7176,51.9711,78.2181
4029,1.785,624.9423,148.5571,236.6971
4030,2.0858,276.2989,65.149,115.5228
4031,1.0405,337.9667,83.9456,128.1393
4032,0.0484,17.383,25.1989,7.7376
4033,0.4864,42.0328,10.2127,16.2504
4034,0.1815,0.5578,0.1294,0.2278
4035,0.1524,43.654,11.1134,17.0488
4036,0.426,78.7409,19.609,30.1405
4037,1.591,472.1745,148.7658,190.3002
4038,0.6393,229.5891,69.1562,86.5034
4039,0.0955,22.6307,5.879,8.3051
4040,0.7326,17.8582,5.5974,22.2692
4041,1.2248,444.8033,117.0892,194.9041
4042,0.6655,273.5668,391.6179,109.4202
4043,0.3046,19.0667,4.609,7.4992
4044,1.4866,695.676,159.7764,277.5009
4045,0.3532,58.1646,12.9143,22.4771
4046,0.4998,224.8611,56.823,96.8736
4047,1.3318,576.9471,156.6532,245.0548
4048,1.4335,229.663,51.7987,84.9913
4049,0.5905,147.1663,38.3165,58.0255
4050,0.3082,59.2867,15.6629,24.3924
4051,0.7393,114.8566,29.5783,46.1356
4052,1.8331,821.3431,202.2136,313.2685
4053,0.1738,19.0001,5.096,7.5593
4054,1.1442,49.6067,13.8148,21.0004
4055,0.5839,52.246,11.4109,19.1633
4056,1.2485,484.0328,128.3813,193.631
4057,2.0531,721.5162,183.4367,270.1483
4058,1.8029,541.8321,147.3671,196.7646
4059,0.9014,409.419,88.6208,158.2419
4060,1.0862,244.5414,61.921,99.4016
4061,1.3061,610.1685,155.2308,246.9657
4062,1.3255,344.5105,97.2561,142.9359
4063,0.2205,103.8589,29.0949,43.1945
4064,0.6256,282.9379,64.2792,112.4746
4065,2.1408,272.5592,68.1342,105.3738
4066,1.663,626.6786,137.9334,258.8522
4067,0.4198,102.0373,21.4957,41.5096
4068,1.8461,415.1275,102.5262,161.4386
4069,1.5176,45.2663,10.7198,55.6141
4070,1.9917,921.8243,213.1858,386.2922
4071,1.5618,590.7148,146.1808,250.1807
4072,1.6353,95.0557,22.1929,38.2514
4073,0.8018,197.2705,45.639,79.9499
4074,0.2197,30.8215,6.9023,13.0308
4075,0.592,194.4214,53.706,73.252
4076,0.6064,195.7559,45.5504,77.3403
4077,1.9415,813.4023,205.6996,324.4731
4078,1.9492,129.9575,32.2661,52.891
4079,0.5999,152.8467,37.1577,65.8144
4080,0.7766,114.3054,27.5033,41.9861
4081,1.6332,666.3103,186.9544,268.0867
4082,1.4229,405.0816,116.7065,158.6054
4083,0.0592,11.4375,2.5605,4.4611
4084,1.0724,238.4049,62.4156,93.6896
4085,1.9607,430.8671,117.4733,546.7878
4086,1.3841,244.6768,56.3697,93.8564
4087,1.4558,221.8103,57.1776,84.6268
4088,1.2873,29.0859,6.8372,11.569
4089,1.1308,299.8289,68.0507,128.7142
4090,2.1867,820.9519,218.54,317.2187
4091,0.6331,235.6261,49.6013,95.9271
4092,0.8048,341.3251,85.8502,138.4914
4093,0.9725,246.8123,67.3422,97.5523
4094,0.5541,69.1474,17.974,28.6859
4095,1.9436,36.3088,11.1066,14.3341
4096,1.5412,348.2159,92.8412,141.3634
4097,0.4436,32.5096,8.2484,12.7645
4098,1.3141,16.3115,4.0127,6.1881
4099,0.6791,53.7202,12.4386,21.3362
4100,0.0889,32.8722,9.309,12.9217
4101,2.1728,577.7,160.8019,214.5899
4102,1.0719,481.1378,136.6986,577.0573
4103,0.4433,3.2095,0.7196,1.3299
4104,0.0508,22.3069,6.2602,8.9665
4105,0.3816,61.5872,13.2109,24.8362
4106,1.3227,50.0949,11.6241,20.035
4107,1.5519,258.002,57.4739,105.4751
4108,0.5773,94.2398,20.1715,37.6601
4109,1.0799,65.9843,15.7911,26.4844
4110,2.0472,105.6573,25.1422,44.4279
4111,1.2157,445.0631,126.393,176.1589
4112,1.7529,97.656,22.9147,37.8529
4113,1.8647,526.4657,136.7849,205.2462
4114,1.7185,599.681,141.6986,241.1368
4115,0.6668,163.6273,37.1555,65.2352
4116,2.1701,113.5931,27.9218,46.3504
4117,2.0887,668.1706,135.2902,261.4159
4118,2.1201,763.4734,187.1426,330.2814
4119,1.0302,205.7473,50.3179,81.6289
4120,1.6448,303.642,71.7806,132.9241
4121,0.2163,101.1714,136.0322,41.2631
4122,0.133,44.2645,9.8056,17.1098
4123,0.9537,127.4245,24.8616,49.0904
4124,0.3704,67.1661,18.2465,26.9579
4125,1.7082,712.2771,202.4429,884.4769
4126,1.9657,502.0014,116.345,194.9646
4127,0.778,187.895,45.5167,75.5735
4128,2.13,592.8659,132.723,238.5084
4129,0.9231,196.7346,54.7724,79.63
4130,0.1671,44.6409,12.0027,17.5598
4131,0.7441,57.648,13.4257,24.2989
4132,1.3642,72.7835,19.7688,27.4633
4133,2.1493,863.6541,203.4269,323.3199
4134,2.0415,261.8311,64.3584,108.281
4135,1.4993,10.1597,2.3542,3.9273
4136,1.859,775.7465,203.4326,304.0988
4137,1.9708,821.437,230.6505,325.3797
4138,0.5369,86.0059,18.9881,33.2263
4139,0.1493,53.0585,12.595,22.2793
4140,1.8911,534.9138,131.1862,203.4421
4141,1.2386,538.3364,123.9358,212.1411
4142,1.5321,277.0759,68.4149,112.4632
4143,0.6383,29.8106,9.4448,12.3397
4144,1.718,433.2577,97.6329,171.3474
4145,0.3991,156.8394,35.9272,62.9411
4146,0.5925,175.2487,42.585,71.5166
4147,0.7588,147.8645,33.8099,190.8011
4148,0.1049,5.6686,1.4155,2.3052
4149,2.1446,518.8134,121.9295,204.8929
4150,1.0553,256.0275,57.7059,94.7856
4151,0.3159,22.2195,5.7372,8.548
4152,1.4277,160.4183,32.6992,60.8914
4153,1.1455,383.6846,110.4896,157.1555
4154,0.7512,235.9331,58.2655,94.3712
4155,0.7173,224.4851,323.7738,95.0875
4156,0.9333,233.8496,57.1393,95.5514
4157,0.3133,79.3518,19.8066,32.9655
4158,1.2541,447.8686,118.1335,180.9111
4159,1.0793,6.2683,1.553,2.5163
4160,0.0346,12.4305,2.725,4.6867
4161,0.0756,30.1363,6.0838,12.52
4162,0.288,127.8747,25.8929,54.2355
4163,0.4815,22.074,4.7035,9.3752
4164,0.8452,116.5939,35.6091,46.6408
4165,1.1285,382.0551,108.6732,151.2081
4166,1.3938,631.285,156.5827,259.2403
4167,2.1873,92.6862,26.8866,36.3301
4168,2.1281,403.8698,95.1581,160.6134
4169,0.8075,24.3675,5.8528,10.0044
4170,0.992,61.8766,17.8551,24.9227
4171,1.0408,173.2891,50.4806,69.2168
4172,1.0325,90.6417,20.606,37.4164
4173,0.5446,237.6567,59.0345,100.7952
4174,1.697,494.8725,675.0561,206.5444
4175,0.8876,204.3464,57.3754,85.6045
4176,1.4155,252.1474,84.2639,102.2895
4177,1.7756,504.4552,131.199,193.2739
4178,0.7604,64.9854,15.8982,25.3928
4179,1.0807,369.4515,107.5082,153.302
4180,2.0854,373.7044,95.0938,153.6284
4181,1.5985,584.298,146.9906,234.2588
4182,1.7289,625.9703,191.2069,238.394
4183,0.1434,29.8923,7.7655,11.7668
4184,2.1456,418.9979,111.3502,176.5286
4185,1.1227,221.9701,54.9512,90.172
4186,0.0883,23.7432,6.2846,9.0851
4187,1.2742,601.9246,133.1088,244.0502
4188,0.0946,12.9311,2.7679,15.7731
4189,0.4756,117.1174,29.5316,48.4885
4190,0.3053,64.5811,16.3593,26.4698
4191,1.6645,544.7508,137.0641,215.5254
4192,0.5632,246.9935,64.9783,103.6437
4193,0.643,29.7409,7.8571,12.5758
4194,1.026,257.3398,67.634,106.6011
4195,1.9639,298.0435,77.9353,127.8964
4196,2.0464,894.3853,284.6056,363.4505
4197,1.6587,599.4586,142.5898,242.7342
4198,0.6313,243.8995,57.1916,105.6852
4199,1.9788,526.0172,121.8333,214.8929
4200,1.4161,263.288,70.2181,99.1749
4201,1.6725,290.6166,72.3934,119.3773
4202,1.6791,771.9205,177.7678,317.5253
4203,1.0192,66.5938,15.6921,26.9917
4204,2.0547,901.0045,262.7697,1179.2574
4205,1.7791,487.6318,124.1595,200.5569
4206,0.0131,0.3015,0.08,0.1191
4207,0.5955,16.401,4.0727,6.5533
4208,0.9192,217.5035,50.7792,84.0535
4209,0.9949,257.3136,60.2891,107.7132
4210,1.9242,317.9467,72.782,129.3003
4211,2.2067,183.191,43.7757,76.4183
4212,1.4741,429.2577,142.8118,166.4557
4213,0.116,4.9947,1.2625,1.9928
4214,1.6154,563.0912,144.8823,227.2294
4215,0.577,98.7203,24.7283,38.7219
4216,0.3416,127.1034,32.3552,51.6314
4217,0.3089,16.17,4.1849,6.4762
4218,2.0712,93.5128,19.3004,39.8778
4219,0.9936,67.6482,18.4595,26.6155
4220,0.8145,208.9603,50.3565,79.9642
4221,0.9719,41.7074,9.7026,16.9741
4222,0.2827,82.5978,25.2056,32.5207
4223,0.2993,40.9049,10.5376,16.406
4224,2.2007,1010.7105,279.2083,429.4489
4225,2.2081,222.4627,53.6491,91.2162
4226,1.6718,244.2386,68.478,101.3369
4227,0.4959,35.2076,9.105,13.6378
4228,1.8689,634.519,177.4085,237.4805
4229,1.3527,346.1713,92.2454,141.4201
4230,1.3165,303.4627,83.8313,124.9539
4231,0.5539,127.4975,34.1363,53.9312
4232,1.0506,354.3817,83.2731,145.4
4233,0.6585,177.544,40.9674,68.0755
4234,0.8946,176.4192,42.1368,68.0219
4235,2.1647,277.7269,439.7342,348.7064
4236,0.0469,1.7179,0.4036,0.7224
4237,0.6361,9.1068,2.4666,3.7908
4238,1.0613,415.4609,91.8856,169.8507
4239,1.2236,16.6948,4.6349,6.776
4240,0.6114,184.3535,47.8236,76.6379
4241,1.6148,85.7356,19.4834,36.7003
4242,1.5788,656.3275,194.9524,252.6088
4243,2.1445,576.2685,137.0383,228.705
4244,0.4881,5.4095,1.4212,2.3005
4245,1.6511,640.963,144.8098,253.7493
4246,0.3009,21.4515,5.6309,8.9791
4247,0.2629,122.2025,31.7753,50.559
4248,1.5545,273.438,68.589,110.4636
4249,1.8938,13.0207,3.4987,5.3011
4250,0.9095,1.8116,0.4625,0.7219
4251,0.3783,147.7938,42.2187,60.6455
4252,0.9207,0.2242,0.053,0.093
4253,0.6633,168.1994,38.9614,65.7866
4254,0.9112,398.3661,105.2838,156.1484
4255,1.3575,94.4592,20.4731,38.7141
4256,2.1874,784.5347,206.0085,306.4575
4257,1.3683,209.365,52.568,77.7644
4258,0.538,57.0437,14.0726,23.8043
4259,0.2496,42.8954,10.4551,17.2264
4260,0.9388,200.0578,50.1379,85.0603
4261,0.2187,48.3084,11.5375,18.6764
4262,1.265,59.4289,15.8989,22.0408
4263,0.0158,7.0474,1.9279,2.6693
4264,1.4458,260.1667,65.4641,99.2398
4265,0.364,9.1748,2.2489,3.7077
4266,1.0011,420.9865,109.8918,176.3643
4267,2.1761,247.8965,65.0207,307.534
4268,1.9785,82.1817,18.2157,30.9096
4269,2.0724,58.6986,82.5366,23.7576
4270,1.9383,385.6398,94.9794,145.868
4271,1.4893,390.9983,568.2696,160.3576
4272,1.8006,362.5536,86.078,151.3053
4273,1.8428,663.5466,161.156,272.4357
4274,0.7598,270.9447,74.5701,107.5686
4275,0.8874,301.5979,77.2296,119.0114
4276,0.5405,138.6735,33.7738,53.5745
4277,0.8846,147.0046,40.028,56.1271
4278,0.1653,43.6567,12.1858,17.9659
4279,2.1087,614.6748,194.0747,242.3531
4280,1.0279,28.717,7.6549,11.2935
4281,0.0085,0.7342,0.1923,0.2804
4282,1.5512,235.5546,54.3272,93.3842
4283,1.062,4.2889,0.9826,1.7264
4284,0.119,26.0015,6.5449,10.4759
4285,1.6248,728.3738,174.4288,282.933
4286,2.1663,344.3155,80.3269,138.1847
4287,0.8209,49.2886,11.0105,19.699
4288,0.1062,22.1279,7.2416,9.2593
4289,1.9577,222.7261,55.6459,89.6037
4290,0.8934,364.3272,88.1206,145.0816
4291,1.4125,613.9131,151.3267,247.3386
4292,1.234,462.037,114.7226,181.8264
4293,0.9112,186.9916,45.992,77.3137
4294,0.0078,1.4553,0.3883,0.6057
4295,1.8234,447.2014,630.5474,176.8788
4296,1.7927,808.1227,189.7228,350.1875
4297,0.5592,34.5784,7.6666,13.6541
4298,0.2641,57.3506,13.9538,23.6267
4299,1.1621,162.8003,45.5483,67.6453
4300,0.1482,1.8532,0.5188,0.763
4301,0.3114,126.3126,33.1503,159.6335
4302,1.5149,133.3748,31.5232,53.3225
4303,0.1184,2.625,0.6693,0.9815
4304,1.6894,31.8514,7.3719,36.3399
4305,1.5761,303.2009,72.2639,125.8248
4306,0.1647,57.8325,13.9861,23.6327
4307,2.1888,325.5761,81.75,126.9742
4308,1.3594,576.7023,128.2229,231.0523
4309,0.1196,23.501,5.7789,9.0701
4310,1.8674,51.5999,13.4957,21.9852
4311,2.1935,34.6169,8.161,14.2029
4312,1.6354,194.5032,46.6474,80.1324
4313,2.0255,270.9487,75.22,108.4484
4314,2.0706,979.3288,235.4829,370.7013
4315,1.8227,620.8995,159.676,233.3922
4316,1.0689,414.8501,119.2586,153.8705
4317,0.0891,42.0911,10.1455,16.6679
4318,0.7047,186.0687,48.391,78.5108
4319,0.8189,250.6987,59.4351,101.513
4320,1.0082,332.5422,81.9213,130.3449
4321,1.3957,497.1585,114.7063,636.689
4322,0.738,124.5965,31.9721,48.5199
4323,1.0437,480.4421,131.612,188.8759
4324,2.1213,832.3675,243.062,928.0679
4325,1.7125,240.7904,59.0362,97.8742
4326,0.1281,54.6873,11.8301,22.7233
4327,0.2412,34.0486,8.6683,13.5638
4328,0.1563,68.5785,17.3664,27.1569
4329,2.0854,311.3494,76.0394,123.3027
4330,1.3149,302.6759,73.3767,116.8008
4331,1.4574,204.7733,48.8161,79.0182
4332,0.7005,3.8663,1.0294,1.549
4333,1.5098,657.1906,177.0758,266.2673
4334,2.0717,521.7917,159.5758,211.3414
4335,0.5013,45.5864,12.2244,18.6257
4336,1.7956,191.4166,43.7762,78.9548
4337,0.3771,126.7168,32.126,51.1283
4338,1.9279,823.0403,198.2357,316.663
4339,0.495,209.9742,44.8445,87.1446
4340,0.3374,25.2003,6.0377,10.1107
4341,2.1534,907.7866,210.7868,358.6988
4342,0.3086,74.7196,16.6134,29.1696
4343,0.9519,339.735,84.7339,136.6067
4344,0.5165,186.7727,60.2171,77.9032
4345,1.0596,144.7652,34.9251,56.8047
4346,1.4043,250.2433,56.3058,99.0639
4347,1.9245,872.1182,191.1989,356.5633
4348,0.5907,227.2336,54.5178,82.3429
4349,0.2525,2.5556,0.7176,1.0474
4350,1.3767,21.5683,7.4846,8.3658
4351,2.1643,348.5162,79.6434,141.2827
4352,1.9274,239.0696,61.3621,98.2253
4353,1.2371,398.2623,84.5045,477.6903
4354,2.1979,750.125,154.1408,303.6204
4355,1.2272,450.4445,100.1775,171.3814
4356,1.9421,776.6488,194.7986,289.9601
4357,0.4553,20.9779,6.0099,8.2411
4358,2.0446,614.3449,141.9529,252.807
4359,0.2372,105.5721,28.3935,45.169
4360,0.2218,7.1055,1.9643,9.1169
4361,1.4008,205.0084,49.6911,83.6009
4362,1.9304,166.4864,41.5528,66.3895
4363,0.3902,97.015,23.2082,37.2509
4364,1.9434,485.2674,123.2237,212.7807
4365,0.5886,161.8999,39.559,65.251
4366,0.4011,141.4999,33.59,55.6179
4367,0.8059,273.6438,79.6731,119.635
4368,0.1011,45.1634,11.6994,18.2837
4369,1.8227,538.9958,139.1791,205.5598
4370,0.1577,21.119,4.7301,28.6669
4371,1.0055,453.0752,140.6197,172.5779
4372,0.1902,82.8795,21.1589,110.8705
4373,0.9293,173.7634,42.2861,70.6152
4374,0.6356,107.4941,26.3138,45.506
4375,0.039,3.1183,0.6564,1.2542
4376,2.1286,897.2682,231.7477,364.0682
4377,0.1254,20.4367,5.3333,8.1665
4378,1.6941,114.0536,31.1759,47.9695
4379,2.1303,712.1466,172.0222,271.7401
4380,0.6033,112.1507,32.4587,45.9547
4381,2.202,389.5193,97.799,466.5101
4382,1.1854,350.2334,90.5616,144.1645
4383,1.646,217.2773,42.3997,84.0195
4384,1.6894,703.2199,186.5904,290.8796
4385,0.3412,137.1592,39.7158,54.144
4386,1.1028,16.99,3.7458,6.9389
4387,1.4486,213.0387,55.671,85.3706
4388,1.0087,269.9292,55.5533,102.737
4389,0.9621,225.2759,50.9691,88.0268
4390,1.6768,289.8932,83.0844,124.8755
4391,2.0984,858.1689,217.1836,330.1067
4392,1.139,36.3061,10.8108,14.5789
4393,2.0402,857.0627,223.7107,347.6946
4394,0.6396,275.6057,61.0971,106.1246
4395,1.1376,536.8069,131.9918,230.0999
4396,1.5787,123.8073,25.3232,50.9102
4397,1.7969,141.8821,32.0679,55.3888
4398,1.1177,207.6306,54.2723,84.6202
4399,1.9658,404.9526,95.5642,162.5302
4400,1.9551,406.615,90.4557,153.4556
4401,0.8473,24.2793,5.3966,9.494
4402,1.4262,223.8446,55.4897,85.2741
4403,1.3777,250.8721,64.4448,305.4055
4404,1.9311,424.8101,127.2087,173.4883
4405,2.0314,38.3281,51.4861,15.7938
4406,1.9259,648.1452,165.8869,263.3592
4407,1.5279,620.0027,176.6067,238.6901
4408,1.6515,705.1297,182.1858,278.7118
4409,1.4727,359.8034,98.0364,151.9921
4410,0.2834,120.4037,26.8679,50.7415
4411,1.7948,68.7016,16.0941,26.7786
4412,1.2243,554.2679,171.3644,219.6678
4413,0.2312,43.057,10.2547,17.5046
4414,1.6664,82.345,24.3261,33.2288
4415,0.3566,6.7719,10.8541,2.845
4416,0.0836,17.8492,3.8441,7.2229
4417,1.088,475.3518,122.5065,199.6786
4418,1.9399,375.5768,92.8167,147.4867
4419,0.9585,434.5869,124.0649,166.9813
4420,1.7764,383.5445,89.314,158.6765
4421,0.7156,227.4229,55.8151,89.9097
4422,2.1944,768.6709,198.2039,309.3452
4423,2.0908,831.7866,200.1208,333.7587
4424,1.0085,149.4911,34.2793,56.8107
4425,0.4998,95.5889,24.1345,130.1866
4426,1.2997,503.3077,126.3497,210.0893
4427,0.7646,158.6183,40.0584,65.8233
4428,1.5175,306.2114,76.247,123.3252
4429,0.0112,1.8932,0.439,0.7546
4430,1.5853,595.0984,144.186,238.0402
4431,1.544,112.8137,31.3563,43.461
4432,0.2571,103.141,25.2497,42.0489
4433,0.5722,55.8912,15.6581,22.8089
4434,0.2817,19.6284,5.4777,7.8397
4435,1.6514,650.0848,169.0618,259.5591
4436,1.3862,453.3902,108.8995,189.1459
4437,2.0088,884.1951,192.8363,346.7037
4438,0.508,165.7742,36.5219,71.3322
4439,1.5336,91.1162,19.4321,35.9158
4440,0.685,110.4224,29.6017,44.0155
4441,1.6328,447.1537,108.6469,180.2044
4442,0.5923,175.1456,42.1596,70.1698
4443,1.1584,125.2559,27.4945,49.8506
4444,2.1691,266.9024,70.6635,105.4177
4445,1.1544,300.2792,70.1475,117.6591
4446,1.8486,167.7594,40.2357,63.7969
4447,0.7003,229.4505,60.9807,94.0418
4448,0.4082,82.0469,20.5385,32.6243
4449,0.1062,43.4071,10.5014,49.9083
4450,1.267,594.3694,154.7705,234.6708
4451,1.0591,391.0001,96.6073,156.8058
4452,1.3474,417.4719,88.2085,172.015
4453,0.311,142.9488,35.9576,56.934
4454,0.9815,452.9097,123.6096,179.4562
4455,0.1885,66.386,94.661,27.0981
4456,1.8032,58.4278,16.1971,25.6325
4457,0.1623,62.3366,16.6712,24.1034
4458,0.533,13.0968,3.5866,5.0472
4459,1.3734,375.0018,79.3517,153.3725
4460,2.1147,17.3504,4.5322,7.0182
4461,0.1643,54.9205,14.8258,21.9759
4462,1.899,709.4414,178.171,277.4943
4463,1.2631,130.4806,31.049,52.6025
4464,0.9471,38.2014,9.1444,15.8426
4465,1.1356,124.6138,30.6663,44.9674
4466,0.1587,30.5078,7.6923,11.6445
4467,0.1958,21.4437,5.2885,9.052
4468,0.3369,25.5487,5.5591,9.2626
4469,0.085,34.3382,8.3236,13.0803
4470,0.1869,36.1216,7.9414,14.7032
4471,1.2254,20.34,4.9238,8.2855
4472,1.4853,649.1811,159.9729,259.4769
4473,1.0286,28.4446,6.8159,10.8875
4474,0.7847,24.0331,6.6142,9.2741
4475,2.2152,820.0086,199.689,319.5887
4476,0.9558,319.3092,81.4566,122.845
4477,0.6475,256.5942,64.3295,105.4699
4478,0.7975,59.9689,15.4089,25.4251
4479,1.7868,778.0934,1122.6136,329.014
4480,0.0307,2.2654,0.6637,0.8601
4481,0.3563,2.0566,0.5406,0.7965
4482,1.6203,282.1727,72.1692,119.594
4483,1.5599,153.6329,36.9888,62.6274
4484,0.7684,256.6591,64.0068,100.8579
4485,2.1227,803.3802,212.1512,321.8649
4486,1.0997,514.452,114.3257,209.5127
4487,0.4759,90.3303,20.3167,37.618
4488,1.8975,723.1614,155.1541,300.2723
4489,1.9244,757.5777,244.8463,314.1472
4490,1.2258,273.0717,53.2707,111.0671
4491,1.9108,539.5276,143.7639,203.3687
4492,0.8804,172.3123,37.9648,74.3232
4493,1.1857,542.9549,129.855,217.6201
4494,2.1601,568.5563,163.4816,220.952
4495,1.832,560.2679,150.4686,228.4247
4496,1.2853,225.3936,59.1571,85.5466
4497,0.1972,33.1382,10.055,13.2473
4498,1.24,528.6558,129.2151,205.5855
4499,1.076,280.0542,61.7173,376.0385
4500,1.2412,349.3365,93.8989,144.3714
4501,0.1416,37.1538,9.8095,15.1116
4502,1.4697,77.1788,19.2455,29.4814
4503,1.3025,202.7624,53.4016,81.0618
4504,0.6184,80.6273,112.3827,30.7123
4505,2.1053,556.1488,136.588,221.613
4506,0.9959,266.2619,55.5958,108.2835
4507,1.8542,741.5647,178.8574,959.4643
4508,0.5824,120.7154,32.2017,48.8596
4509,1.8123,285.6044,70.9896,112.6431
4510,0.0272,10.5389,2.3834,4.2255
4511,1.737,418.6569,119.2482,164.1061
4512,1.9878,20.8131,6.0997,7.8456
4513,0.6332,159.1016,42.043,59.6726
4514,0.9156,390.2623,109.9531,160.4555
4515,0.327,143.0242,40.1764,56.1527
4516,0.4407,124.0245,31.6965,49.8934
4517,0.4166,6.273,1.6211,2.5365
4518,1.6084,449.1507,115.2397,171.1079
4519,1.3841,305.5465,69.5486,413.0952
4520,2.045,102.771,23.6654,42.5963
4521,1.4062,610.9567,147.2571,246.5068
4522,0.6016,35.9313,9.6448,43.4101
4523,1.8329,122.0252,31.1302,51.4506
4524,1.225,188.5704,41.1482,73.9994
4525,1.866,718.6407,162.093,269.1539
4526,0.8941,134.5379,33.4028,57.3565
4527,1.5095,318.2375,108.6319,125.289
4528,0.4252,123.0273,30.6423,51.0003
4529,0.6735,31.1256,7.0994,13.4112
4530,0.4153,65.771,17.6205,25.7901
4531,0.5823,13.1753,3.2169,15.1284
4532,0.4259,148.4101,34.2799,53.9568
4533,0.7289,144.3119,36.7111,54.6179
4534,0.5193,129.4882,35.6441,52.6938
4535,2.2193,133.7865,29.2105,52.8307
4536,0.7228,196.2051,47.3239,81.5172
4537,0.209,60.732,15.442,22.9134
4538,2.108,606.2685,210.241,231.6469
4539,1.9961,29.6583,6.5429,10.8684
4540,2.0752,23.1148,5.0272,9.1807
4541,1.0864,40.0345,8.4849,15.2049
4542,0.8335,49.8682,13.2434,19.1163
4543,1.3558,495.1507,105.4233,196.3312
4544,1.227,472.0593,132.7615,184.5293
4545,0.7338,238.2011,69.3279,98.169
4546,0.1047,4.044,1.0061,1.5631
4547,1.5393,433.5916,95.7589,173.5632
4548,0.6139,94.1878,25.3423,36.9417
4549,2.1731,846.9495,206.7555,352.446
4550,0.2017,90.3123,24.4523,35.1726
4551,0.3042,52.4934,71.0943,22.1384
4552,0.358,115.7133,27.8693,47.5154
4553,1.917,380.4756,95.7049,151.2154
4554,0.1906,10.2897,2.4661,4.4342
4555,1.1862,302.6557,72.1909,121.6796
4556,1.82,661.5133,152.4342,268.8556
4557,1.2462,589.1819,153.6247,245.7765
4558,1.4525,97.0112,23.1865,36.3511
4559,0.6749,285.1806,76.4841,115.4032
4560,0.5813,38.389,9.4355,15.0157
4561,1.7563,173.3904,43.8278,68.5104
4562,0.7874,263.2786,76.6214,102.5216
4563,1.4659,225.2376,56.1605,284.3938
4564,1.1082,474.8357,103.68,182.9401
4565,1.4898,654.2891,169.1979,257.9817
4566,0.1632,65.6857,15.6329,78.3253
4567,0.9408,362.8233,88.5955,147.3785
4568,1.9817,855.2177,197.0287,358.0787
4569,1.6514,719.2999,1005.1078,298.1755
4570,1.8244,179.1497,52.5492,69.6593
4571,0.6527,299.9065,68.7878,113.4974
4572,1.7629,496.4886,124.9893,204.0102
4573,0.3982,46.8452,10.7743,18.4535
4574,0.7636,33.633,7.4316,14.1388
4575,0.268,11.7838,2.9,4.6479
4576,1.3652,75.0307,17.4682,29.3303
4577,0.7427,285.0851,71.2498,111.3748
4578,2.2151,379.1029,537.8579,152.9757
4579,1.5894,651.1164,142.4803,257.6111
4580,1.3684,464.7314,120.4758,185.7409
4581,0.6736,118.8403,31.6011,153.4957
4582,1.9914,126.3703,48.2064,50.5354
4583,1.2855,292.0457,70.5451,120.4049
4584,1.4325,602.0247,159.2224,236.9669
4585,1.8037,379.5143,561.7888,151.1203
4586,0.3398,5.6265,1.6126,2.2526
4587,0.7861,93.4871,23.4274,38.2165
4588,2.1631,564.7255,143.272,220.1233
4589,0.1434,27.5108,7.0971,11.0445
4590,0.9541,124.3211,28.539,49.4219
4591,0.6527,119.5423,33.3055,48.8491
4592,1.7308,305.2319,73.0201,123.6846
4593,1.5968,641.1262,147.802,252.4614
4594,2.2094,888.6841,233.9566,345.453
4595,1.4323,165.9969,46.0223,65.6048
4596,1.7375,815.946,213.7998,313.1679
4597,1.3514,379.035,85.0846,151.5548
4598,0.3531,150.3311,30.837,59.4305
4599,1.9746,773.1473,189.3969,321.412
4600,0.6186,59.6631,14.2519,22.5969
4601,2.1179,379.5078,90.9666,149.7471
4602,1.5986,542.4637,152.708,221.5557
4603,1.6481,231.1864,51.2225,92.9957
4604,1.1825,73.649,19.2088,30.6533
4605,0.628,156.989,44.453,61.3935
4606,0.5319,196.6945,41.2915,77.5934
4607,1.6056,91.7717,23.7207,35.3061
4608,1.6343,759.9593,222.2695,319.7953
4609,1.5214,501.379,112.125,594.2798
4610,0.9429,444.6177,90.1731,174.4155
4611,0.8833,293.016,71.6489,120.668
4612,1.3896,439.7233,136.1838,170.7728
4613,2.0688,349.6837,83.8345,140.8373
4614,1.9457,155.8316,50.6708,65.3669
4615,1.7059,82.0904,23.8732,34.0778
4616,0.2086,73.888,22.8616,29.7864
4617,1.4823,64.0158,14.6931,24.8146
4618,1.8831,625.378,163.7726,244.9201
4619,2.0654,752.3648,172.0581,305.531
4620,0.9348,407.723,587.5087,162.4749
4621,1.7566,116.763,30.5978,46.3778
4622,0.2613,108.9664,29.955,42.6777
4623,1.6918,447.8829,102.3045,173.26
4624,1.8314,9.3412,1.9998,3.5458
4625,2.2013,636.4833,144.1196,230.7367
4626,0.9454,15.4856,3.4946,6.2505
4627,1.4489,150.5445,34.3354,57.8446
4628,0.4719,77.0592,17.264,30.4338
4629,0.7809,250.2615,77.9098,97.6389
4630,1.91,265.967,59.8129,98.4009
4631,1.2316,435.6905,105.4322,178.1811
4632,1.3149,155.8921,38.6435,61.5138
4633,1.0726,466.3774,153.3373,196.2724
4634,1.0543,35.0588,8.2043,45.7098
4635,1.2421,243.4452,55.0507,98.9508
4636,0.5191,187.745,48.553,212.5862
4637,0.0369,1.3711,0.3968,0.5678
4638,1.2832,406.2687,100.6979,161.3893
4639,1.886,220.5855,64.9799,87.6058
4640,0.1,5.0775,1.352,5.5855
4641,0.3243,45.7969,12.4879,19.2912
4642,0.7057,200.6104,67.2738,78.2556
4643,1.2071,409.6574,100.8509,165.7179
4644,0.9376,165.8926,39.2148,67.8057
4645,1.208,437.2592,98.3731,181.2464
4646,0.4745,67.3504,13.2736,27.4468
4647,0.2503,61.964,16.2555,23.0482
4648,0.9461,398.0663,101.5907,186.0957
4649,0.9712,31.5229,9.0956,12.9698
4650,1.1785,355.3497,80.0302,134.7602
4651,1.7177,226.267,45.9178,87.7813
4652,0.2765,122.7817,27.8554,50.8057
4653,0.5138,219.6366,49.9372,88.5719
4654,0.6067,128.4544,35.7717,55.3885
4655,0.2031,33.7947,7.3509,13.4142
4656,0.6587,108.2353,35.8685,43.2564
4657,1.2779,197.9926,50.0803,81.0885
4658,0.1982,12.5362,3.522,5.3947
4659,1.074,342.3744,73.729,140.8858
4660,0.1308,50.3005,14.1546,19.8323
4661,0.2267,49.6616,15.3207,20.4685
4662,1.9158,823.9211,212.8941,318.9553
4663,1.8921,308.9084,80.064,115.1184
4664,1.746,344.224,88.1881,146.1888
4665,0.9932,88.8907,25.1279,37.0087
4666,1.0127,455.6694,119.4287,191.1589
4667,0.1745,58.9359,12.9187,24.5419
4668,1.2673,324.8526,95.5618,129.7823
4669,1.9685,321.4033,75.3783,128.1849
4670,1.4449,221.1309,60.2407,94.525
4671,0.0394,7.4374,1.8669,3.2331
4672,1.5085,64.8788,95.5221,26.1806
4673,1.5898,227.5386,59.4291,92.3373
4674,1.2616,69.9449,16.035,27.5419
4675,0.5704,246.944,58.0827,105.1287
4676,0.2712,8.2078,2.0311,3.4229
4677,0.5302,70.0776,18.3775,27.5047
4678,1.3615,643.0475,169.5788,263.7398
4679,1.0458,380.6559,93.433,145.9607
4680,1.8108,637.9086,175.3352,250.4639
4681,1.1289,143.4756,38.076,164.8811
4682,0.696,150.5215,34.8736,57.1717
4683,0.1533,55.2057,13.8299,23.7714
4684,0.1344,52.2708,11.9325,20.7085
4685,1.5408,162.8902,40.7988,61.2182
4686,0.7765,265.2674,62.6608,109.7845
4687,0.4669,134.736,37.7345,57.0134
4688,1.0921,271.1568,78.4376,112.158
4689,0.879,96.4975,23.1995,37.5343
4690,0.0136,3.0119,0.7363,1.2923
4691,0.2815,67.0731,16.6794,25.1942
4692,1.0464,406.0143,95.8295,158.6901
4693,0.2649,85.8838,20.9298,33.7561
4694,1.6298,574.1552,138.5881,234.8016
4695,1.5923,485.625,119.1512,182.2967
4696,0.9319,172.314,234.2993,69.6537
4697,0.0334,15.3718,4.5528,6.5942
4698,1.375,63.9259,14.7944,23.8427
4699,2.022,885.7067,242.1091,358.4171
4700,1.9188,242.2147,60.815,101.8778
4701,1.4357,281.9605,64.1803,114.9782
4702,0.1157,36.763,11.5552,16.0612
4703,0.3374,140.686,39.2863,59.7508
4704,0.0194,9.1715,2.2683,3.7334
4705,0.5519,33.0102,7.4557,41.0518
4706,0.7859,337.0161,78.579,139.4733
4707,0.4063,88.3502,25.6342,35.5197
4708,1.1625,126.4858,27.835,50.853
4709,1.1709,275.8891,72.4605,111.2698
4710,1.812,454.4697,98.4692,179.4925
4711,0.1076,7.3302,1.6812,2.7467
4712,0.0183,8.4652,2.076,3.3138
4713,1.0119,282.8094,69.8359,116.6134
4714,1.941,808.4599,232.7888,927.5413
4715,1.8055,119.1043,34.7044,46.9645
4716,0.7275,288.5877,69.0591,111.0862
4717,0.0093,2.2219,0.5632,0.9327
4718,0.2416,12.9804,2.9318,5.1811
4719,0.0169,6.1459,1.6283,2.5246
4720,1.8162,834.621,174.6211,324.0897
4721,0.6683,232.8804,57.8554,92.9803
4722,1.1546,505.1854,133.2366,202.7873
4723,1.8275,433.9233,110.2406,167.8178
4724,1.5233,378.6611,100.6185,155.6499
4725,1.921,460.477,113.5211,199.538
4726,0.3838,81.9459,19.582,32.5445
4727,1.509,600.9054,122.8328,256.9063
4728,0.3413,152.2214,44.0728,63.3831
4729,1.3363,12.2839,2.9864,4.8478
4730,0.5777,172.6238,41.4563,217.5601
4731,0.5399,233.9381,53.0631,99.5526
4732,1.0304,236.347,315.195,97.4616
4733,0.0523,22.0093,5.7161,8.3609
4734,1.9245,505.8401,112.9976,188.7021
4735,0.3078,80.8352,19.783,32.9641
4736,0.326,17.4316,3.8571,6.9336
4737,0.8244,357.2962,87.4078,140.6657
4738,2.2134,492.2847,115.9189,202.1337
4739,0.9635,400.5894,104.9445,158.56
4740,2.1772,14.2593,3.8673,6.0153
4741,1.1091,510.8167,145.1986,207.3829
4742,1.746,108.5418,24.8617,44.6829
4743,0.49,151.81,34.9769,56.0181
4744,1.5199,56.6772,14.5133,23.124
4745,1.5494,594.8817,179.7254,825.1868
4746,0.0114,4.3976,1.2306,1.7574
4747,1.5933,635.142,150.3614,249.216
4748,0.9576,370.8608,88.082,151.669
4749,0.5487,200.8248,46.9794,246.3352
4750,2.1954,142.5906,34.4804,58.7881
4751,0.1554,36.0116,8.7892,15.2003
4752,1.8685,656.4762,154.9689,284.5239
4753,0.1597,5.3153,1.2527,2.0973
4754,0.1427,63.5178,14.289,25.5632
4755,0.7231,301.743,80.9153,111.3272
4756,0.4751,90.8802,22.4196,37.1807
4757,0.3234,53.778,70.1773,21.221
4758,0.7917,187.3914,50.5333,75.6364
4759,1.0092,81.9022,18.9541,32.5232
4760,2.2144,40.7839,12.2407,16.4313
4761,2.1184,724.7716,216.9344,286.3487
4762,0.2353,82.5449,21.2287,33.5383
4763,0.3999,99.3932,23.0272,37.7638
4764,0.2362,106.4635,27.4149,42.078
4765,0.0348,12.0802,3.2205,5.1723
4766,0.7229,333.1385,83.4876,132.1562
4767,1.3234,358.1112,103.4476,137.0576
4768,1.628,186.9617,43.5568,70.0483
4769,0.2924,121.4771,29.0988,49.6321
4770,1.9762,588.6168,133.4375,228.7873
4771,2.06,909.5893,223.4745,362.809
4772,0.7007,131.0089,29.2504,50.5121
4773,0.2211,16.0512,4.1321,6.7297
4774,1.5887,139.9033,35.6431,58.6066
4775,1.1532,521.0027,124.4928,206.9085
4776,0.1297,20.6408,5.9273,8.2063
4777,2.1875,667.2453,176.7773,270.2075
4778,0.3268,102.8702,25.9346,39.7167
4779,0.3339,4.9795,1.2088,2.157
4780,1.2752,122.5379,29.5586,49.5729
4781,1.1458,102.4534,22.4174,39.8646
4782,1.7725,181.6738,41.9343,68.1805
4783,1.6363,634.4588,151.025,253.7649
4784,0.7725,65.124,13.9912,26.6043
4785,1.1349,358.0619,96.5912,140.9484
4786,0.8362,47.8314,11.1916,19.8111
4787,1.1915,536.0071,117.497,214.9588
4788,0.1797,1.5889,0.4276,0.689
4789,2.2215,962.7378,227.3265,382.2366
4790,1.8135,196.6799,61.2693,76.4257
4791,1.4663,293.6544,62.0885,118.3101
4792,0.9869,16.2092,4.1829,6.2836
4793,1.1252,397.5408,102.5798,544.101
4794,0.7244,44.1268,11.4395,17.4848
4795,1.0777,307.75,88.8776,129.372
4796,0.2291,99.9143,25.498,43.5998
4797,0.0673,20.6575,4.9561,8.1354
4798,0.1298,33.6304,7.6587,13.0181
4799,0.2251,80.9387,22.2464,33.9668
4800,0.4867,183.4821,50.3229,73.1759
4801,0.599,46.5956,11.848,18.6426
4802,0.1735,64.9171,17.3009,24.9182
4803,0.5903,246.7414,58.0809,96.1432
4804,0.4936,204.0941,53.996,81.8636
4805,2.2257,39.2004,9.5183,16.9981
4806,0.5692,239.994,59.4425,99.1368
4807,0.0291,5.0048,1.2774,1.93
4808,1.1623,97.2894,27.8887,37.9861
4809,1.2697,208.0116,51.8277,80.2442
4810,1.4328,118.7149,26.2369,47.4717
4811,1.6757,535.9877,119.4659,220.5393
4812,1.2034,174.4169,34.7624,77.6437
4813,2.2252,634.0293,164.4877,248.1282
4814,1.4505,656.8676,150.5205,261.5937
4815,0.689,10.6262,2.4189,4.0765
4816,1.1333,102.8888,22.4297,40.1176
4817,1.1896,376.869,104.9117,154.6158
4818,1.5362,461.1001,142.5686,181.3573
4819,1.5817,160.7793,40.5814,64.2455
4820,2.0684,968.6765,227.9122,390.8184
4821,2.071,118.6095,24.3355,48.5153
4822,0.667,139.4996,35.4172,56.0731
4823,1.9174,357.0031,84.8495,140.1656
4824,0.4149,20.1149,5.2372,7.5096
4825,1.0382,326.9754,95.9854,139.9737
4826,1.784,608.789,162.9756,249.0069
4827,0.8323,168.7706,49.3127,66.0382
4828,0.4121,44.0022,9.9391,16.6326
4829,1.5123,406.9482,110.1882,160.6686
4830,0.2789,61.5859,16.7439,25.0261
4831,0.9136,270.5157,67.5696,104.634
4832,0.0678,30.4005,39.8794,12.543
4833,0.0434,5.8191,1.6458,2.3018
4834,1.6623,140.5221,32.56,58.3963
4835,2.1545,180.5045,46.111,73.4819
4836,1.7484,129.1122,29.9385,52.2395
4837,0.4131,94.4638,24.3257,37.9513
4838,1.5233,108.8329,27.0134,39.1754
4839,0.9626,251.1852,61.579,104.2585
4840,0.9606,363.1498,108.2488,139.1836
4841,2.1234,975.5875,1291.5746,391.8743
4842,0.7026,303.0428,430.2986,119.2924
4843,0.7885,157.0055,45.8283,63.6769
4844,1.4958,7.5482,1.7089,2.7721
4845,0.4591,28.4612,6.7001,11.5893
4846,0.1349,37.5496,10.611,14.3865
4847,0.5305,99.5482,24.4141,43.1175
4848,0.6155,85.4571,23.2054,32.3056
4849,0.5792,50.2602,14.7954,18.6857
4850,0.3595,155.2211,35.8503,63.0204
4851,1.3687,569.4297,136.8154,681.5524
4852,1.8764,413.5844,98.1679,157.558
4853,0.8604,67.1412,15.0966,82.9023
4854,1.5216,453.977,646.9859,177.342
4855,0.7831,66.4495,19.1771,26.0331
4856,1.7665,576.6321,168.8341,227.1418
4857,0.066,3.7501,1.0096,1.4747
4858,0.9899,87.6772,21.9568,35.8816
4859,0.946,256.2631,62.4943,94.9814
4860,0.5629,236.6083,53.6597,99.1253
4861,1.309,525.4652,132.4418,601.2343
4862,1.1772,31.0074,7.805,11.9187
4863,1.7674,647.0543,160.8103,258.461
4864,1.2862,560.6469,135.9506,206.7324
4865,1.2507,416.4308,118.7678,165.2992
4866,0.5616,182.1544,46.029,72.2316
4867,0.9471,248.2944,65.3129,96.8053
4868,1.1444,103.8508,34.2084,39.4079
4869,1.2281,492.383,109.0812,192.8698
4870,0.6074,196.4225,42.8967,78.6307
4871,0.8116,381.6738,88.8309,144.7482
4872,0.4079,146.4355,38.0242,58.2166
4873,0.8414,13.5552,3.5237,5.029
4874,1.4105,98.8058,27.0144,127.9128
4875,1.3541,263.3374,63.8205,106.5783
4876,1.6896,631.5474,159.7897,247.1285
4877,0.8785,72.3895,22.563,29.9186
4878,1.6067,655.6274,160.7198,263.863
4879,0.7919,153.7021,34.4102,62.5696
4880,0.809,282.4568,75.7781,108.564
4881,2.1777,282.6042,70.1085,112.5941
4882,0.0447,1.1948,0.2956,0.4782
4883,2.1513,353.403,91.2448,134.3209
4884,1.8156,465.6104,119.7707,177.1557
4885,0.4598,72.2567,14.6364,31.4061
4886,0.9252,325.4423,78.9813,126.0821
4887,0.2119,63.0581,18.6735,26.1272
4888,1.6656,652.7484,160.8388,251.732
4889,0.9559,284.1001,65.201,112.7272
4890,1.1411,331.2342,92.2268,133.7635
4891,1.1467,531.733,122.8296,205.1242
4892,0.3765,9.4894,1.9468,3.7691
4893,1.8079,537.4151,105.3478,208.7994
4894,0.3379,101.3862,25.3507,38.5689
4895,1.0355,211.9506,54.6602,85.5419
4896,2.0429,386.3599,112.2206,159.9556
4897,0.5326,94.3469,20.9098,36.8022
4898,1.9209,338.6172,67.2837,133.9442
4899,2.0942,568.8741,139.2582,213.1974
4900,1.288,161.5862,40.5568,65.716
4901,1.5233,567.6212,151.3636,215.2961
4902,0.5849,158.4977,36.17,62.965
4903,0.3089,71.6565,17.5086,26.6117
4904,0.7257,56.8274,12.8618,24.1522
4905,0.1984,1.488,0.3608,0.5792
4906,0.1066,40.0934,9.0813,15.6142
4907,1.9124,619.5469,144.1701,238.687
4908,1.373,408.919,81.7511,158.6158
4909,1.8332,210.5591,65.848,79.5295
4910,1.6187,180.2651,41.9702,73.6452
4911,1.6888,376.0224,89.6372,153.9342
4912,0.2001,35.9221,8.0625,14.6778
4913,2.1239,670.0603,195.5339,256.0606
4914,0.6006,261.9693,66.8684,105.9161
4915,1.2933,361.1114,91.7781,141.5397
4916,1.8616,477.0016,114.2496,173.3703
4917,1.1904,553.0715,132.3878,210.1096
4918,0.4479,142.2964,36.3604,53.5771
4919,1.0125,306.6452,84.8021,118.1089
4920,0.5532,30.1553,8.4882,12.9038
4921,1.0675,460.1376,118.0487,178.4773
4922,2.1861,541.8362,137.4482,220.3769
4923,0.5241,97.6239,26.4384,36.6805
4924,1.42,35.1248,8.4753,13.8076
4925,1.3929,529.9524,127.4937,202.6331
4926,0.1836,13.3041,3.5159,5.3828
4927,1.1401,245.8929,64.1003,100.3927
4928,1.0718,323.218,79.5084,127.3761
4929,2.0969,194.6336,56.4843,76.908
4930,1.0424,149.0377,43.4589,63.9803
4931,2.208,95.4916,22.3219,38.4434
4932,1.0043,150.5648,42.507,60.7724
4933,1.6811,577.219,164.0649,253.2417
4934,2.0771,420.3047,119.5935,166.242
4935,0.3603,29.6405,6.9848,11.3101
4936,1.1532,159.4715,38.844,67.2027
4937,1.4103,269.4664,60.49,98.9575
4938,1.5368,490.607,682.845,194.0046
4939,0.4067,43.0566,10.5265,18.4074
4940,1.9277,252.7477,66.6544,97.5477
4941,2.1465,725.8658,171.8261,282.9201
4942,0.3997,54.2952,12.4592,23.01
4943,1.6522,445.7966,108.5642,184.0371
4944,1.6921,178.3723,42.9827,71.9552
4945,0.4867,9.5828,2.3402,11.2692
4946,1.9524,250.5753,62.1452,100.4485
4947,1.0184,264.8636,65.473,102.0469
4948,1.5806,353.388,86.7435,131.7215
4949,1.2976,45.4788,12.3067,17.5543
4950,0.2732,48.9366,13.5724,18.7927
4951,0.4956,88.22,19.7397,34.5928
4952,1.4268,472.6048,140.0198,197.1215
4953,1.873,148.7732,33.8201,60.0464
4954,0.407,34.7091,7.9892,13.9684
4955,1.6522,338.3887,90.594,127.8409
4956,0.5873,126.4327,28.8436,55.2593
4957,1.7832,299.249,60.1054,117.487
4958,1.6661,239.0401,62.2481,95.1
4959,2.2161,527.2629,142.0259,227.6785
4960,2.1685,420.2694,115.1351,167.5727
4961,0.189,24.4211,5.4157,10.5694
4962,1.3186,599.5612,155.0359,250.4975
4963,0.9548,274.5905,70.7661,104.2129
4964,0.9445,422.7375,89.6875,483.6481
4965,0.0107,0.8609,0.198,0.3504
4966,2.1723,547.4262,125.9194,222.6117
4967,2.0676,267.4471,60.1549,102.9161
4968,0.2555,107.0726,26.1227,40.4765
4969,0.159,26.6752,6.5757,10.5193
4970,1.9392,83.319,18.7584,34.0479
4971,1.3701,271.6709,86.4256,364.6789
4972,1.9676,789.2215,193.462,297.0115
4973,1.8326,302.9801,80.1752,119.6752
4974,0.7177,244.1626,50.9529,95.8699
4975,1.8396,648.1545,173.1977,269.1318
4976,1.7373,474.6357,115.8411,191.0343
4977,0.3736,67.3847,16.6922,26.3898
4978,0.1404,54.9865,13.982,21.8884
4979,2.0303,52.5662,13.349,21.8534
4980,0.9309,245.6534,66.5919,98.0145
4981,0.1301,9.5893,2.4341,3.622
4982,0.5587,40.221,9.1819,15.4287
4983,0.0675,22.2892,6.4329,26.733
4984,2.2158,171.1926,39.7257,72.9239
4985,1.8326,218.9505,51.3163,85.3928
4986,1.9394,818.7687,218.2495,336.5965
4987,1.3286,377.0598,102.6115,151.5032
4988,0.4773,96.1822,24.4517,38.8832
4989,1.333,505.3324,119.2056,210.1373
4990,1.6897,374.0725,86.193,152.7263
4991,1.7372,453.4101,107.3278,192.237
4992,1.8878,513.1864,109.8407,212.0964
4993,0.0393,11.1322,2.8311,4.3885
4994,1.6689,654.2967,183.9915,262.8305
4995,1.3504,87.2936,21.4602,34.6078
4996,1.276,504.8132,125.3821,200.502
4997,0.4146,104.6697,155.6316,40.4355
4998,1.6985,439.9451,147.5456,171.1641
4999,0.3017,13.5881,3.0669,5.5551
5000,1.009,405.0562,103.0751,165.8757
5001,0.4429,60.9458,14.1072,26.3408
5002,1.2687,282.0301,76.8377,113.4423
5003,0.0931,16.3019,4.2022,6.8095
5004,0.2688,104.367,26.3232,44.2269
5005,0.7094,5.9909,1.7641,2.3012
5006,0.914,269.0178,68.0627,111.5629
5007,2.0354,366.3141,97.3207,452.7408
5008,1.5433,20.2976,5.2102,7.9425
5009,1.3569,171.7471,38.0505,71.1869
5010,1.7329,740.0284,161.5566,295.3642
5011,1.1884,530.6318,141.8756,691.9112
5012,1.7988,219.9523,53.6686,90.2654
5013,1.1441,488.4417,140.8149,197.7736
5014,0.6301,221.8881,50.3117,91.9444
5015,1.7518,536.0036,121.6042,210.9401
5016,0.7179,263.0816,63.5205,100.0469
5017,2.2004,799.8585,194.7718,320.64
5018,1.5182,244.7718,61.5676,100.3811
5019,0.8715,152.8313,37.3826,60.8534
5020,1.2969,217.8552,63.0218,84.7458
5021,1.5226,199.2302,50.4668,90.0301
5022,0.1474,5.0503,1.3494,1.9502
5023,0.4099,121.5377,29.9829,44.4688
5024,1.3618,530.7927,154.2647,237.3997
5025,0.8417,206.1319,47.7909,84.2842
5026,1.1688,79.6094,16.9235,30.0698
5027,0.9954,192.2265,62.8288,81.3277
5028,0.6947,299.7723,95.0088,128.1281
5029,1.2654,271.5379,68.8976,110.1795
5030,1.4946,614.1142,125.946,259.7793
5031,1.3236,262.4585,67.1854,105.4419
5032,0.0259,6.572,1.8024,2.5064
5033,0.8221,64.9897,19.4969,26.7607
5034,1.7741,396.4944,95.5905,155.7154
5035,0.0683,28.0497,6.9359,10.9228
5036,1.304,490.8631,134.9215,207.5094
5037,1.4937,5.4195,1.6476,2.166
5038,1.0366,39.9575,12.3211,17.1109
5039,0.943,419.6649,97.9019,169.5125
5040,0.4459,165.839,39.275,67.6824
5041,0.9908,334.0963,93.08,132.2821
5042,1.2884,71.572,18.3945,28.8442
5043,1.662,585.9582,136.9216,243.5072
5044,1.5892,365.4158,97.8345,146.5811
5045,1.6282,399.3812,90.4114,160.3701
5046,0.977,392.1856,101.2731,154.3918
5047,1.6071,334.5968,92.6903,130.2872
5048,0.8374,27.8482,7.6811,11.0249
5049,0.8852,24.8159,7.8763,9.6382
5050,1.8011,352.8692,85.464,143.971
5051,1.0724,193.3074,51.5428,81.462
5052,0.472,160.6764,40.0648,63.0477
5053,0.4386,42.5116,11.2062,16.884
5054,1.6435,743.3621,178.3404,285.5271
5055,1.4777,349.4029,91.4455,139.197
5056,0.3893,34.2791,7.9143,13.8918
5057,0.0145,3.5321,0.9812,1.4388
5058,0.729,248.4528,54.8728,104.0464
5059,0.3389,53.7166,11.3134,21.994
5060,1.4553,64.5726,15.4392,26.5016
5061,1.0572,100.8596,24.5934,39.6617
5062,1.8298,838.5608,208.9674,339.1394
5063,1.1621,240.7882,60.9484,98.6317
5064,1.1008,185.1108,40.7324,74.6819
5065,1.7799,634.0324,131.6155,255.2447
5066,1.9494,915.5813,214.1741,346.0288
5067,0.6006,13.6815,3.9492,5.1184
5068,2.1986,296.9355,82.9548,118.7645
5069,1.2396,378.2533,94.8028,157.798
5070,1.5771,709.1897,170.2257,299.3563
5071,2.1942,855.021,272.5946,334.2734
5072,2.0886,626.9896,153.6237,237.5214
5073,1.2473,172.3473,43.0141,66.6492
5074,1.5266,482.5119,117.4639,194.6965
5075,1.3485,78.4443,16.9736,30.8474
5076,1.6789,28.624,7.3107,11.7297
5077,0.4828,102.4454,30.8631,40.3161
5078,0.7944,246.4286,65.3617,97.8881
5079,1.6367,428.9896,119.744,174.1193
5080,1.6642,594.3298,141.8034,237.3698
5081,0.5085,229.5137,54.0222,91.4235
5082,1.256,223.6243,56.7851,91.2911
5083,0.8308,251.9728,67.5783,102.0923
5084,1.06,372.2838,100.9158,154.8471
5085,1.6957,20.7997,5.0559,7.5366
5086,1.5828,414.4755,96.2503,164.9227
5087,2.0871,301.0022,478.7873,111.4163
5088,1.9988,472.1872,117.0615,186.0774
5089,1.1731,22.2895,6.0727,9.0858
5090,1.2574,558.1404,159.4373,232.2183
5091,0.9631,58.8396,12.1677,25.3228
5092,1.1107,256.0026,59.4361,102.7151
5093,0.7487,280.2928,74.3651,110.7464
5094,0.8838,74.3822,17.5717,29.9047
5095,0.2153,61.4828,16.3527,26.339
5096,0.1385,42.5483,12.0236,17.1965
5097,0.9555,417.2539,107.4931,175.2092
5098,0.7007,5.9782,1.6647,2.3764
5099,1.2029,39.8596,8.97,16.5399
5100,1.4685,96.9306,23.8473,38.7725
5101,0.5034,130.1107,37.0097,50.8447
5102,0.4046,137.5538,44.3836,56.7465
5103,0.6428,297.2483,66.727,120.3915
5104,1.9357,767.8273,200.5185,327.1319
5105,0.6967,47.6046,12.0822,19.6336
5106,2.1649,123.0403,34.0758,48.7471
5107,0.9816,164.0775,52.2883,68.4068
5108,1.341,361.2021,97.0437,149.3742
5109,1.8984,656.778,159.2989,275.0696
5110,0.1135,9.5687,2.0637,3.9366
5111,1.8144,671.1533,171.031,256.4396
5112,1.0782,302.8316,78.2203,124.5883
5113,1.0083,388.8758,104.5268,153.3965
5114,2.1984,563.4775,166.0951,238.606
5115,0.1815,16.2402,21.884,6.4672
5116,1.4102,546.6774,171.377,228.2104
5117,0.4687,61.2527,16.7607,24.335
5118,1.5813,535.5369,136.3157,215.5293
5119,1.5868,589.1033,139.4587,231.6306
5120,1.0298,108.6101,23.3376,140.3274
5121,0.6894,180.0695,48.7295,71.1992
5122,1.8578,52.8973,12.4306,21.2465
5123,2.0581,446.1817,116.36,186.9929
5124,0.7551,312.9813,72.347,120.8269
5125,1.529,323.001,72.9139,124.2834
5126,1.7265,705.0025,172.3098,277.1244
5127,1.0774,6.9935,1.6658,2.6647
5128,2.031,264.5404,62.8418,102.1937
5129,1.0639,3.2894,0.8155,4.1308
5130,1.7045,136.7799,35.6664,53.9588
5131,0.0309,14.0633,3.0012,5.8229
5132,1.3916,562.6133,166.4021,232.8419
5133,0.3126,131.6348,28.5354,50.7445
5134,0.9553,175.3489,39.0192,66.681
5135,1.0003,362.6948,498.0302,136.4612
5136,0.0176,0.7587,0.1966,0.319
5137,1.5871,366.6598,554.2624,146.4557
5138,0.8564,161.4316,39.0224,65.2408
5139,0.7187,328.9002,79.1719,125.9743
5140,0.9785,455.3665,129.3235,185.9988
5141,0.5421,119.3676,25.7133,44.3359
5142,0.2042,66.9661,17.2661,27.152
5143,1.5477,313.5523,87.6412,121.9196
5144,1.1535,184.9784,46.7493,72.7829
5145,0.5955,167.9586,57.8294,64.6572
5146,0.0096,0.667,0.1885,0.274
5147,2.0931,119.4005,29.6675,47.2643
5148,0.817,59.1266,13.1579,23.2909
5149,1.9197,634.8644,150.9259,273.7406
5150,2.0655,289.8801,65.8803,119.077
5151,0.6535,90.2969,21.7634,33.8956
5152,0.6786,84.1404,26.0766,34.2055
5153,0.3156,73.897,16.6238,30.3728
5154,1.28,314.4422,85.2235,111.276
5155,0.0298,4.1849,0.9989,1.7132
5156,0.4848,181.847,52.2638,75.2084
5157,0.9253,328.7233,77.6961,135.3445
5158,0.0944,7.5906,1.8224,2.9838
5159,0.1501,68.5802,16.5675,25.8229
5160,2.1803,232.6229,54.3013,91.0644
5161,0.9751,185.5201,43.6176,73.1453
5162,1.5695,457.0994,131.6583,194.4016
5163,0.5929,99.978,19.9758,39.2508
5164,0.2603,35.062,9.833,15.1993
5165,0.5411,211.6504,51.0126,82.0277
5166,2.0813,632.9564,187.5945,247.8417
5167,2.166,727.3753,177.3948,274.8909
5168,1.76,148.7873,53.2203,61.6979
5169,0.9361,395.8248,95.4431,164.286
5170,2.1311,697.7628,211.3695,894.9099
5171,1.7549,91.161,19.5999,35.6001
5172,0.4831,227.103,62.7216,85.4471
5173,1.3253,588.502,134.3836,234.9345
5174,0.7482,96.7693,25.6713,36.3904
5175,1.6087,234.5911,61.9502,97.2256
5176,0.0563,14.5379,3.3932,5.3611
5177,0.5206,60.6736,17.4956,24.918
5178,1.9028,110.462,26.5681,43.4702
5179,0.024,6.0674,1.4814,2.4382
5180,0.5149,75.5781,18.8876,92.5289
5181,1.2329,466.6313,105.1612,179.6098
5182,1.6006,102.1366,24.2878,43.7324
5183,1.4337,553.4553,147.0942,231.6825
5184,1.0919,307.5353,68.3207,116.2057
5185,1.3275,69.2242,14.6364,28.3403
5186,0.5133,163.7503,38.1089,62.101
5187,1.9979,657.0233,139.164,257.8727
5188,1.7033,644.9404,157.6245,267.7763
5189,1.3922,450.0795,111.1644,171.1052
5190,0.9809,450.5961,116.0753,174.3275
5191,0.7049,2.3689,0.5973,0.912
5192,0.0683,30.9476,8.5431,12.8695
5193,1.1323,223.4114,52.4885,94.0675
5194,1.1368,368.8675,95.5188,141.1945
5195,0.4867,135.0952,34.4666,52.805
5196,0.636,235.2776,69.2626,96.9676
5197,1.5492,140.2726,32.9175,58.4006
5198,0.189,30.0336,7.5728,12.4549
5199,0.5049,11.7731,2.668,4.709
5200,2.0009,515.8901,133.6286,206.4664
5201,2.1769,544.5814,145.4974,223.6367
5202,1.0378,405.5161,104.7504,153.2591
5203,2.1877,1018.1365,295.6533,412.5885
5204,0.7696,40.6722,8.4107,16.7536
5205,1.6056,741.506,163.0211,310.197
5206,2.06,126.5551,31.0677,47.7501
5207,1.269,471.413,118.0982,182.984
5208,0.9153,92.2879,25.9956,125.3965
5209,1.8727,827.3529,215.4167,341.1001
5210,0.6105,144.6053,40.9978,57.7597
5211,0.5798,78.3276,19.234,30.4811
5212,1.2876,377.7587,87.2622,491.6521
5213,0.8998,264.1892,56.8986,99.2667
5214,0.7308,278.2966,72.5886,116.1878
5215,1.0091,217.2778,63.5394,84.7152
5216,1.684,464.2021,119.1024,189.2144
5217,0.7339,32.0452,8.7941,12.1514
5218,0.2448,26.6243,7.0538,9.9701
5219,2.008,50.5201,10.8119,21.4103
5220,1.1576,239.3919,61.1819,101.2738
5221,1.6589,71.105,21.9886,28.4454
5222,0.1141,17.7203,4.8732,7.1027
5223,1.736,151.3747,37.8465,182.892
5224,1.5738,64.6208,14.0761,25.7497
5225,1.3905,443.6027,110.9876,186.9798
5226,1.7985,157.1911,38.4543,66.691
5227,0.007,3.2975,0.7536,1.3357
5228,1.9889,395.1195,86.5315,159.1401
5229,0.2867,115.2815,25.0181,49.245
5230,0.7401,183.9321,37.6168,75.3847
5231,1.3023,61.2679,14.2014,24.1005
5232,1.9589,150.1596,35.6527,60.26
5233,1.8431,4.8591,1.4843,6.0565
5234,0.2603,19.6308,4.5767,7.6674
5235,0.912,29.8016,6.9819,11.2134
5236,1.1133,335.4431,86.8664,140.6391
5237,1.8941,422.6945,107.7032,168.8279
5238,1.1779,137.9976,33.5982,58.3176
5239,0.3611,47.3444,12.0217,17.9036
5240,2.0014,814.8657,201.6067,281.9595
5241,0.6683,91.4399,25.4504,37.8624
5242,1.3544,490.7824,146.903,195.9264
5243,0.6183,76.9966,24.1239,30.96
5244,0.6128,205.2269,58.2639,87.1121
5245,0.7448,199.7352,53.2555,77.8491
5246,1.4429,285.2777,70.5939,110.8079
5247,0.803,363.7752,96.3447,149.6485
5248,1.592,272.7832,75.5699,112.9965
5249,2.0126,674.4447,222.602,258.9288
5250,1.9466,145.539,30.7998,54.2764
5251,1.7118,700.9172,197.0118,275.855
5252,1.621,315.6953,81.83,129.2574
5253,1.9603,389.9331,90.8664,144.564
5254,0.532,169.7096,36.0171,64.9123
5255,1.0965,263.0522,73.0609,105.6944
5256,0.057,9.0504,2.1113,3.4447
5257,1.904,548.6852,135.8412,226.659
5258,1.8747,498.533,131.6416,201.4723
5259,0.5861,131.9063,34.9636,55.5086
5260,2.1743,475.6377,117.9993,182.6516
5261,0.5813,125.8809,33.7283,50.7641
5262,2.0185,947.1593,224.7517,369.8847
5263,0.507,46.147,12.0822,18.2623
5264,1.0919,313.8583,74.7319,129.4856
5265,0.475,188.1166,285.8586,71.8881
5266,0.4034,161.9665,40.1411,63.496
5267,1.855,680.3301,172.8487,285.7538
5268,0.1614,4.7234,1.0234,1.9331
5269,0.8181,165.7852,35.9374,64.0338
5270,0.8666,223.5283,56.8865,93.9026
5271,0.1387,23.3153,5.9628,9.4796
5272,1.5324,343.4435,87.8696,144.2103
5273,1.8155,78.271,18.9,30.7816
5274,2.1949,506.2158,142.6636,205.5724
5275,0.9555,383.8367,90.0978,157.3943
5276,1.8024,88.2831,20.5428,38.7493
5277,2.2154,332.5474,69.5544,135.7694
5278,0.1226,28.1329,6.9749,11.9113
5279,1.5712,518.6681,120.2476,204.4184
5280,1.7684,160.7097,38.3207,68.3765
5281,0.8909,26.5296,5.5451,11.1817
5282,2.1643,994.4221,254.9018,408.6079
5283,0.2222,79.7547,17.6727,32.3285
5284,1.1464,520.0444,146.2161,218.6327
5285,0.8483,34.2235,9.2919,14.0222
5286,0.0095,1.265,0.3497,0.5015
5287,0.5224,83.4747,23.5484,32.7367
5288,1.3403,454.1236,122.0184,178.2073
5289,1.423,612.3722,144.1365,240.1958
5290,1.1243,123.5002,37.8586,50.11
5291,1.1288,388.8953,94.7827,165.8005
5292,1.4988,26.7878,46.2127,11.9312
5293,1.2027,46.9916,10.1391,17.7507
5294,1.0428,442.4616,103.4563,181.5189
5295,1.3667,276.5508,74.5092,116.8198
5296,1.778,602.0893,152.8776,234.3795
5297,1.7329,650.6205,163.7955,281.1969
5298,0.033,5.624,1.2932,2.2154
5299,1.9832,279.238,66.8096,114.2628
5300,0.9647,450.5192,112.2104,183.0396
5301,0.8134,341.0306,90.5088,136.3205
5302,1.5364,340.0253,75.0927,147.9297
5303,2.004,335.6239,90.269,132.453
5304,2.06,442.4089,124.3816,176.9197
5305,2.0375,363.8401,115.9176,143.967
5306,0.1464,59.7989,14.5945,22.56
5307,0.7291,153.5574,36.039,57.9202
5308,0.2673,9.4417,2.3811,4.0345
5309,1.2263,262.7206,66.5741,107.0422
5310,1.6644,567.9801,146.8196,236.1954
5311,1.1294,208.7776,44.2987,85.2887
5312,0.6293,44.1152,9.7509,17.9008
5313,0.2151,88.2962,20.2463,35.5665
5314,0.9432,383.3051,94.8888,153.7079
5315,0.4641,189.2368,39.9895,73.6858
5316,1.2566,334.2942,79.9888,130.2502
5317,2.185,907.2261,253.9182,374.7255
5318,1.4469,642.8047,152.8023,251.2978
5319,1.848,690.2182,211.5521,263.67
5320,1.803,127.5944,32.0338,49.1846
5321,1.7207,33.3502,7.6013,13.105
5322,1.4444,369.3415,93.863,150.9365
5323,2.1226,238.2337,56.3696,96.9025
5324,0.5561,91.9592,20.0279,34.8959
5325,2.1735,660.3651,163.1727,290.6426
5326,0.5445,197.2289,48.62,78.6037
5327,0.1498,70.4804,16.4053,29.2717
5328,1.7331,115.3653,29.2803,44.2592
5329,0.4945,161.2671,38.2618,67.0395
5330,0.8725,179.1045,45.4598,77.9786
5331,0.4138,45.6158,12.3602,20.4272
5332,0.0133,0.7147,0.2305,0.2746
5333,1.3104,153.823,34.7046,56.8331
5334,1.5994,223.0408,56.6624,92.1258
5335,0.2108,34.578,7.9429,41.8052
5336,0.2928,80.3414,21.5879,30.792
5337,2.1636,25.529,7.6753,10.047
5338,1.3294,54.5618,11.6217,22.3338
5339,1.2837,337.2266,89.7536,138.2896
5340,1.3207,188.2835,46.6221,77.2472
5341,0.0188,6.5267,1.6292,2.3164
5342,1.5608,265.9949,64.6923,105.4037
5343,0.8672,44.8609,11.1397,17.423
5344,1.9152,825.013,244.6295,317.3398
5345,1.1377,158.0031,41.869,61.2223
5346,0.6852,261.8573,65.9276,103.69
5347,1.0446,475.9271,123.6387,202.3024
5348,1.0456,63.8536,16.9706,25.1103
5349,2.1734,633.3938,142.1279,263.2675
5350,1.0379,106.4957,21.3818,43.136
5351,1.2009,512.9149,128.5136,233.0199
5352,2.2219,923.6093,218.8388,354.2464
5353,1.9824,442.1807,101.9864,182.4517
5354,2.1658,188.7703,51.4579,73.4741
5355,0.8324,389.5598,89.0607,159.3954
5356,1.3966,418.719,104.5959,175.2148
5357,1.9817,334.7076,84.4183,138.3655
5358,0.2327,48.6106,11.9274,18.3126
5359,1.9103,729.5839,180.353,306.9406
5360,0.8214,10.9445,3.2894,3.9314
5361,0.7703,201.7212,47.8726,80.5894
5362,0.3169,93.8316,27.6615,34.0613
5363,2.0803,27.1419,7.0474,10.2029
5364,2.1693,951.91,277.832,370.3947
5365,1.0332,170.0994,36.2471,69.0413
5366,1.0623,431.3377,116.0079,177.8805
5367,0.1123,37.4758,10.1404,15.8385
5368,0.0652,30.7156,7.2832,12.4488
5369,0.4995,79.712,19.8513,31.2927
5370,0.0112,0.3645,0.0829,0.15
5371,2.2119,404.9516,94.7852,479.5415
5372,0.3072,28.4448,7.2003,11.1608
5373,1.3334,335.037,82.3189,138.9689
5374,1.0614,175.2348,40.1933,71.3275
5375,1.2297,500.0596,116.3001,205.5355
5376,1.6641,125.7971,28.3415,52.7226
5377,1.4304,604.486,122.8204,255.8608
5378,2.1594,589.5392,132.6727,230.8082
5379,1.5473,359.2746,77.9856,140.8826
5380,0.1116,34.3261,8.1137,14.8447
5381,1.8629,7.4048,2.1019,3.023
5382,0.9994,406.8029,100.7212,168.941
5383,0.8864,109.9817,24.2425,44.3861
5384,1.9974,630.2948,145.4103,770.4372
5385,2.1912,194.9481,49.8315,74.6634
5386,1.008,168.2211,49.6095,66.9478
5387,0.1722,32.7838,7.3886,13.3105
5388,0.8091,233.0284,60.0472,89.1889
5389,1.6307,319.7792,78.9766,130.7972
5390,2.2132,251.9712,53.0084,286.9865
5391,1.5237,345.6378,83.0167,132.5812
5392,0.3004,14.2259,3.4582,6.0572
5393,0.2292,33.7233,8.6997,12.5067
5394,1.0278,25.5359,5.79,10.3881
5395,1.6772,658.6723,180.9078,259.8931
5396,1.1491,256.5615,67.6832,99.3632
5397,0.7885,178.1903,38.9528,67.6867
5398,1.915,368.9608,104.5611,152.2087
5399,1.352,563.1587,139.5059,231.625
5400,1.4109,398.4918,98.6565,165.5239
5401,0.7499,192.3367,46.8531,77.731
5402,0.7591,147.8735,34.3828,59.1935
5403,0.6489,107.168,28.7951,43.4638
5404,1.1991,181.9422,49.3091,71.0888
5405,0.964,301.4577,74.9192,117.6538
5406,1.2819,257.3077,77.2389,109.1984
5407,0.9279,188.8496,52.1369,70.2929
5408,1.9509,621.0055,151.2615,251.8797
5409,0.998,442.8233,106.9565,177.7353
5410,1.1452,344.745,85.3604,124.0576
5411,0.1094,17.5942,4.6461,6.8662
5412,0.442,158.6153,49.4405,69.2562
5413,0.4059,38.8444,10.1191,51.471
5414,1.5298,645.3174,169.0435,254.4188
5415,0.0709,18.9078,4.4467,7.4534
5416,0.2529,42.2144,9.5262,17.0826
5417,1.199,81.7494,20.6982,31.1254
5418,1.1006,489.9424,127.2908,198.559
5419,1.9269,494.3026,108.8075,188.0448
5420,1.7812,453.2694,98.6173,530.4507
5421,1.8163,414.1644,85.0679,158.9564
5422,2.0005,233.3498,59.9582,93.9076
5423,2.2075,295.0528,78.4267,118.5325
5424,1.4783,555.0228,144.1211,217.2117
5425,1.177,192.3015,43.3785,237.2967
5426,1.4399,546.1179,138.1319,228.5255
5427,0.1048,27.7694,42.8717,11.338
5428,1.3524,511.1316,715.2905,222.9866
5429,0.1483,36.715,8.0927,14.9589
5430,1.2024,514.869,123.0185,211.7628
5431,2.0154,226.1076,58.9711,91.1699
5432,0.9661,450.44,103.8627,173.8332
5433,0.2209,4.0204,0.9319,1.5608
5434,0.2399,62.6374,16.1334,24.7106
5435,1.8785,761.2926,198.2213,292.261
5436,0.8763,407.0122,95.5648,164.6172
5437,1.7252,345.2128,99.4364,143.1508
5438,1.2565,31.2084,7.8322,13.0371
5439,1.3896,121.2416,33.4435,46.784
5440,1.769,271.8925,67.0634,105.4683
5441,0.6779,64.2894,15.435,26.7794
5442,1.5489,574.4074,120.8488,243.9226
5443,0.8761,175.5081,40.6155,69.9504
5444,0.5368,124.6373,25.1785,48.9152
5445,0.4643,166.4198,39.442,60.6067
5446,0.2825,25.5746,5.3498,10.6175
5447,2.0546,582.1406,142.7939,241.644
5448,1.0084,216.0303,51.8963,87.3056
5449,0.8143,148.827,35.8845,57.368
5450,0.3406,116.8518,28.1072,47.0118
5451,1.276,197.7156,52.643,81.54
5452,1.452,380.9345,92.3775,154.7316
5453,0.3914,1.078,0.3331,0.4258
5454,0.205,94.6078,18.2794,38.7236
5455,1.6908,96.4202,137.9619,37.5242
5456,0.0312,11.3677,3.4224,4.6551
5457,1.3142,377.2531,101.6093,445.3619
5458,1.4013,320.609,76.5739,126.3661
5459,1.2912,391.1431,94.681,154.5001
5460,1.6336,740.8303,194.435,295.969
5461,0.3371,156.0896,40.4928,63.704
5462,1.6267,3.4265,0.9619,1.3133
5463,1.9635,165.4989,34.4241,68.2684
5464,1.9829,933.8081,202.2882,380.3504
5465,1.5629,664.119,155.3649,280.1919
5466,1.9168,847.7847,208.7379,332.7855
5467,0.8119,276.7281,86.1599,112.389
5468,0.4334,42.1483,9.353,16.6155
5469,0.8914,340.816,71.9879,136.8535
5470,0.6921,264.6135,64.2075,109.0782
5471,0.6599,230.8695,53.5732,88.7618
5472,1.7516,420.9154,107.4305,174.3269
5473,2.0424,958.3204,236.9515,386.9937
5474,0.536,24.2277,6.6709,29.8595
5475,0.8462,101.6002,25.0838,39.4725
5476,0.7045,200.8333,43.1111,81.7447
5477,0.1054,34.6824,7.9187,14.3979
5478,0.806,119.4713,25.1938,48.6955
5479,1.6704,403.2787,93.0248,160.4047
5480,0.9243,350.8919,92.4898,129.5419
5481,0.3761,129.7397,29.7,51.393
5482,1.2625,340.5816,95.8244,124.9434
5483,1.1039,38.0866,8.227,16.1788
5484,0.5444,46.7424,11.2241,19.1723
5485,0.074,20.8099,5.6746,8.2381
5486,0.1137,38.5025,10.9625,15.4572
5487,0.8202,4.7393,1.2383,1.7833
5488,1.8937,123.6382,29.572,50.0664
5489,0.2409,30.0669,7.7235,12.6182
5490,2.179,666.9687,189.8271,272.2262
5491,1.7242,565.4276,155.4163,220.7092
5492,0.7675,311.0853,79.1856,121.8911
5493,1.4618,294.7786,80.2399,128.5085
5494,1.5315,561.8238,147.5695,231.1687
5495,1.8028,137.8467,30.3267,53.6988
5496,2.0931,553.6884,155.8935,234.2571
5497,1.0255,372.18,88.898,150.6168
5498,0.4657,41.725,9.9235,16.8265
5499,0.3394,105.3455,28.0383,43.388
5500,0.9952,159.6032,41.0323,60.7478
5501,0.8636,141.3292,35.0274,59.0585
5502,1.1676,220.2688,55.0398,294.5436
5503,1.9948,394.5104,89.8271,165.8134
5504,1.6175,568.4049,168.2052,238.7027
5505,0.7023,4.1604,1.075,5.9922
5506,0.5298,227.9861,294.058,96.8368
5507,1.7587,121.3963,35.2298,50.2281
5508,0.1025,47.5148,10.7447,18.6619
5509,1.1368,307.3014,71.0287,124.7859
5510,1.9343,552.4139,135.7437,213.265
5511,1.9335,672.576,170.8763,252.2169
5512,0.5318,126.621,29.6015,164.8536
5513,0.1185,55.1324,15.2629,21.4893
5514,1.543,456.2785,103.9428,189.1021
5515,1.4056,381.9503,108.1378,148.5516
5516,2.0985,502.3386,116.9113,200.204
5517,1.7245,530.0412,121.334,215.9412
5518,1.6842,455.6058,117.1665,185.5061
5519,1.8948,305.9295,71.3242,125.1913
5520,1.4382,43.7602,10.4731,18.2096
5521,1.3175,439.8529,108.1395,175.0476
5522,0.232,29.2699,7.4699,11.8831
5523,0.3642,148.485,36.4302,59.1625
5524,1.3448,603.4958,140.5862,234.3271
5525,0.6648,147.9054,38.6278,58.8117
5526,1.313,205.4405,51.7046,77.5113
5527,2.1745,640.6727,152.9006,252.8085
5528,0.5279,173.1922,40.4367,67.463
5529,1.7935,796.1405,183.6992,304.918
5530,0.8853,38.1119,9.6196,15.6122
5531,1.8283,513.754,145.7361,645.9749
5532,0.4812,11.8506,2.4852,4.4519
5533,1.8819,547.8621,136.9179,215.8692
5534,1.6543,551.9259,142.6592,212.678
5535,0.6511,52.6867,12.5443,21.2669
5536,2.2058,153.2018,41.617,60.9355
5537,1.1643,229.575,57.3529,94.0328
5538,1.9746,307.5669,67.1392,124.4349
5539,1.2512,398.2255,93.6985,156.3742
5540,1.7427,692.6592,158.9118,814.7396
5541,0.7689,252.8962,70.8082,96.8736
5542,1.0839,282.751,65.1886,109.7628
5543,1.9339,289.3064,74.4075,110.572
5544,2.1848,1029.7615,280.3682,396.1466
5545,0.9428,350.1691,84.8047,139.296
5546,1.8679,43.6284,10.7082,17.3346
5547,1.0727,21.5748,5.6091,8.3775
5548,1.5326,291.0577,74.4944,114.467
5549,0.9152,294.9697,70.3801,116.1995
5550,1.9402,656.3063,185.7879,257.4664
5551,0.7414,22.5057,5.0562,9.679
5552,0.1331,37.1652,9.7763,14.8081
5553,0.4938,225.4288,58.2013,88.1534
5554,0.5258,73.198,18.7528,29.5953
5555,1.6374,374.4238,83.0499,143.25
5556,0.6919,181.8697,48.9223,72.5256
5557,0.2734,118.3509,29.8538,133.6518
5558,2.1253,903.9208,195.6518,364.3968
5559,0.3972,92.2376,22.3836,35.0986
5560,2.0769,833.294,220.4939,1138.2911
5561,1.6399,19.8302,5.0778,8.0957
5562,2.0625,626.1629,200.7986,254.8659
5563,1.7151,326.1806,89.5202,143.2643
5564,1.9642,476.5821,119.7209,190.2834
5565,0.9898,103.3419,31.4794,40.3253
5566,1.7858,470.6941,107.3954,182.6231
5567,0.9155,157.943,33.8116,61.218
5568,2.2189,513.8096,116.7549,203.27
5569,0.6911,223.7202,56.9562,88.5314
5570,0.9067,138.6004,31.0644,54.5615
5571,0.8787,0.7059,0.1828,0.2889
5572,1.5057,706.8777,221.0266,281.0957
5573,0.952,148.9889,33.4251,61.0873
5574,1.3517,54.7572,15.2006,21.1955
5575,1.2474,531.4693,125.7177,210.7517
5576,0.6339,35.0748,8.624,13.4953
5577,2.0259,766.0891,181.7343,305.6802
5578,1.4564,569.0075,146.0288,220.4967
5579,2.0737,775.2238,210.8334,307.6511
5580,2.0017,930.5583,270.8833,359.2702
5581,1.6747,119.3305,32.8807,46.4221
5582,0.6739,210.2201,52.3313,90.0079
5583,1.2392,437.1279,101.1182,175.6988
5584,1.002,284.0877,67.2294,113.5792
5585,1.6751,71.471,18.4732,28.9262
5586,2.1259,615.7062,174.1888,241.9025
5587,1.5542,681.1099,146.5833,254.7433
5588,1.4684,262.7534,67.9755,109.2554
5589,2.0209,339.2329,77.4972,138.1507
5590,0.4541,132.5965,35.0179,56.0143
5591,0.201,49.8528,12.8097,21.1813
5592,0.8477,299.9037,76.8407,116.902
5593,1.8029,777.0911,192.5999,314.222
5594,0.9481,301.1852,74.7114,117.5238
5595,0.1443,10.6525,2.6563,4.432
5596,1.12,90.8185,22.5793,37.1845
5597,0.7025,4.9096,1.1335,1.8876
5598,1.6633,115.9118,30.6342,44.9669
5599,0.5109,179.8854,44.5186,73.6487
5600,0.5318,145.2577,34.6274,55.8534
5601,1.5561,115.1294,34.046,47.524
5602,1.7846,734.6866,183.7277,277.3964
5603,1.6023,129.638,34.2268,51.4565
5604,0.4852,42.2556,9.8635,17.3518
5605,1.0376,125.5958,31.0188,47.8782
5606,1.2587,180.9549,39.2926,73.481
5607,1.5538,244.8781,57.7224,95.0589
5608,1.6973,6.829,1.9261,2.6366
5609,2.1216,19.5156,4.6486,7.8312
5610,1.7342,595.0648,151.3447,230.5521
5611,0.7889,3.0396,0.7107,1.1296
5612,0.2396,22.9333,6.3501,8.5504
5613,0.5125,114.8513,31.5711,45.3032
5614,1.0941,480.0373,131.1016,193.6418
5615,0.5568,7.2322,1.7885,2.914
5616,1.4349,263.3748,63.7292,105.356
5617,2.0804,728.8537,212.694,281.9385
5618,0.7122,251.0876,57.9488,107.6777
5619,1.2506,464.2435,115.953,184.6693
5620,1.9876,378.9467,94.8858,143.048
5621,0.2535,67.2442,16.474,85.862
5622,0.6896,208.0609,46.9812,87.1471
5623,1.6316,579.8747,158.2103,232.2306
5624,1.4061,532.9143,130.6351,223.404
5625,0.9932,456.6941,127.0255,193.809
5626,0.2213,100.9967,24.015,40.6177
5627,1.2045,79.6875,20.6994,31.2659
5628,1.4262,59.6606,14.9486,22.9936
5629,1.5356,714.1516,172.7517,276.0538
5630,0.5066,229.2463,59.3732,96.4673
5631,1.2946,431.075,119.1108,175.8116
5632,0.0161,2.1258,0.5547,0.8161
5633,0.3826,84.4179,17.727,34.6013
5634,2.1026,189.6398,41.5734,76.0942
5635,2.206,591.2975,142.1836,251.6722
5636,0.9478,163.4311,47.4441,65.6638
5637,0.0429,1.7118,0.4699,0.688
5638,1.7799,737.2885,190.1086,299.7338
5639,0.0386,8.6169,2.2393,3.733
5640,2.147,664.1441,148.5403,265.5581
5641,1.7581,367.0015,86.3016,138.784
5642,0.4435,39.8045,11.5771,16.4695
5643,0.9891,321.7499,70.5281,124.2361
5644,0.9287,377.987,91.2984,147.2795
5645,1.236,378.7055,120.9945,156.8428
5646,0.316,53.5915,13.7372,22.0538
5647,0.2462,44.3006,10.6991,17.2568
5648,0.5287,65.3739,14.8845,26.843
5649,1.472,440.4663,119.135,182.4599
5650,0.0632,19.4689,4.2945,7.3635
5651,0.2752,66.2341,16.8775,27.2993
5652,0.5065,132.3769,35.0267,52.0046
5653,2.1814,410.5141,99.6968,167.4411
5654,1.9327,874.1393,216.6285,349.7551
5655,0.5002,143.8435,36.3433,58.2379
5656,0.4186,2.551,0.7431,0.9966
5657,0.551,243.5935,67.925,103.2767
5658,1.2237,40.3467,10.4363,15.8072
5659,1.7998,54.6054,12.4542,21.4036
5660,0.7181,137.8536,39.2307,52.8868
5661,1.5939,301.803,68.2893,123.1636
5662,2.1282,261.1986,67.6198,109.0637
5663,1.3562,252.7409,65.1974,95.868
5664,2.1442,547.1831,147.4704,223.2655
5665,0.3155,65.4743,14.1297,26.6402
5666,2.0268,65.7365,17.9813,26.5912
5667,0.2171,96.1649,23.117,38.4723
5668,0.3124,136.0433,37.2916,57.687
5669,0.8815,31.5714,7.839,12.1516
5670,1.425,589.6486,174.2877,227.8944
5671,0.3149,99.1155,23.3101,38.6782
5672,0.5794,23.7716,7.4566,9.9187
5673,2.0745,314.25,69.84,374.6335
5674,0.0456,9.7341,2.667,4.1369
5675,0.7237,223.8932,54.8025,88.2639
5676,2.2023,822.9527,217.4354,341.3147
5677,1.693,339.8937,90.7826,140.427
5678,0.0268,6.1803,1.7004,2.583
5679,2.1,66.386,15.9129,24.8843
5680,1.1302,383.2814,80.4616,154.4962
5681,0.9988,116.0815,33.1671,45.7749
5682,1.6603,455.2888,115.9608,594.7603
5683,0.8212,130.3737,36.6092,52.5064
5684,0.9441,199.2586,46.8464,76.7472
5685,0.3569,135.7449,34.2629,56.5849
5686,1.6256,35.7792,8.5032,14.2818
5687,0.4899,181.6942,46.1558,71.5895
5688,2.2253,995.2341,269.4343,415.1738
5689,1.9559,6.7014,1.718,2.7012
5690,0.0231,5.319,1.3186,2.101
5691,1.0455,35.1249,9.3281,14.4517
5692,1.6437,482.8328,135.6194,185.7829
5693,2.1001,734.8968,176.6273,999.9407
5694,0.4782,156.1856,47.7557,67.2422
5695,0.1538,18.6836,5.3858,7.211
5696,0.4284,36.4247,8.658,14.3563
5697,1.5779,478.1417,134.5684,189.7619
5698,1.4944,181.7276,43.8008,79.1061
5699,1.5544,284.0462,66.7047,120.9146
5700,0.898,236.3609,51.1387,89.0401
5701,1.7427,28.4939,7.9537,10.9574
5702,0.9144,115.5212,26.4794,45.3389
5703,0.5957,169.5735,38.6443,68.591
5704,1.571,369.1773,111.1885,142.7249
5705,1.6751,118.831,29.2543,48.305
5706,2.1663,485.9576,127.4048,205.6385
5707,0.2085,71.4691,100.29,27.9521
5708,0.0889,26.0223,6.1704,10.7315
5709,0.083,8.776,1.8667,3.497
5710,0.4961,211.734,54.0008,91.4794
5711,2.1218,86.9695,21.2563,36.8406
5712,1.4156,426.3727,101.4132,166.7122
5713,0.1587,45.5163,12.7267,18.5781
5714,1.3221,187.9783,44.9661,80.7884
5715,1.2877,316.1582,79.6364,119.8447
5716,0.2067,32.9082,6.5592,13.8814
5717,1.6041,562.4311,140.1305,219.251
5718,0.7629,94.9851,24.5632,40.8272
5719,1.8378,476.3027,116.422,185.7078
5720,1.5566,12.6943,3.3583,17.0499
5721,2.1247,820.6785,237.5632,328.0086
5722,0.7422,89.2389,24.1095,37.8842
5723,1.3249,416.8124,105.6506,167.0478
5724,1.3673,383.967,111.3061,150.764
5725,1.9599,400.1833,111.504,153.028
5726,0.0208,5.3501,1.4431,2.1509
5727,1.3363,431.3954,119.5683,161.1734
5728,1.1923,417.0934,113.3661,184.1211
5729,1.0842,326.7555,72.29,141.7389
5730,2.1583,656.6235,200.5517,267.2825
5731,1.2711,463.5277,696.6247,181.7239
5732,1.5167,497.057,125.9816,198.0177
5733,1.7281,741.8175,166.2111,287.0363
5734,1.9812,718.2409,193.3426,296.1277
5735,1.7113,377.3554,92.9328,148.5034
5736,1.7753,380.5329,76.3829,158.9491
5737,0.0833,12.8769,2.9187,5.7051
5738,0.0292,5.2389,1.2835,2.0305
5739,0.3052,97.7604,32.5331,37.7121
5740,1.7679,270.4464,80.5776,108.2032
5741,1.6268,453.6728,103.1726,169.5338
5742,2.071,6.3168,2.0113,7.8908
5743,1.3966,54.7833,12.1384,72.6046
5744,0.2723,57.1047,15.7285,22.1381
5745,1.7059,616.1429,187.5642,254.5801
5746,0.2327,101.0071,28.7563,123.5762
5747,0.8043,137.0465,34.7814,52.2445
5748,0.703,7.6474,1.7605,3.3498
5749,1.2445,333.9159,78.5161,127.9352
5750,0.9919,97.6075,23.7358,125.936
5751,0.0102,4.3259,1.199,1.7154
5752,0.1616,70.3553,20.7169,83.2387
5753,1.7355,304.4848,74.1177,114.8894
5754,0.7261,6.4757,1.6603,2.5725
5755,0.3215,41.7921,10.9079,15.6092
5756,1.0551,97.9821,25.7532,39.0726
5757,1.1951,88.413,21.7966,35.7854
5758,1.9325,508.8006,115.827,197.4813
5759,0.5396,21.1988,5.2568,25.5537
5760,0.4284,68.7545,14.6428,26.3341
5761,1.3482,535.1601,120.2262,202.9414
5762,2.1392,799.3324,182.7277,340.3251
5763,2.1588,167.4687,51.412,67.2648
5764,1.2952,371.4699,91.7018,147.1748
5765,1.7319,244.8976,55.7203,102.5627
5766,1.5731,19.8562,5.1312,7.9559
5767,0.5844,227.7013,61.8337,88.0587
5768,1.6353,721.7962,193.9959,281.4984
5769,1.7858,15.8808,3.26,21.219
5770,0.3028,83.6927,24.5563,37.6243
5771,1.4153,333.4859,87.4002,131.7582
5772,1.0129,290.5133,88.6748,127.6465
5773,1.5683,341.0037,83.5506,139.5058
5774,1.6137,0.4281,0.1116,0.1719
5775,1.3973,479.0667,109.9664,193.5878
5776,0.0369,5.5811,7.6643,2.3205
5777,0.1834,70.9954,18.5661,96.5156
5778,1.9283,271.9129,66.6225,116.7229
5779,0.2635,51.8551,13.0258,22.5585
5780,0.4669,4.3019,1.0027,1.7529
5781,0.5237,64.1088,16.0007,26.386
5782,0.0465,4.9949,1.5104,2.0241
5783,1.0449,200.2686,59.4706,89.8021
5784,0.0524,11.5846,3.058,4.9594
5785,1.6355,453.2909,136.8407,181.6653
5786,0.0849,6.4018,1.7807,2.4938
5787,0.8652,235.0062,70.6588,90.4135
5788,0.104,22.3641,4.6858,8.4924
5789,0.3043,85.6998,18.6641,33.7485
5790,0.9506,360.3517,96.6719,150.9556
5791,1.4336,48.386,13.4705,20.4265
5792,1.4164,284.9383,60.5169,341.5221
5793,1.9214,458.5321,133.1646,179.2126
5794,0.7747,139.162,41.8903,55.9323
5795,0.7083,150.9877,36.4767,58.7366
5796,0.6061,48.3273,14.7206,19.9851
5797,1.2056,312.0509,77.0735,127.7864
5798,1.641,734.1688,179.5585,284.8837
5799,0.37,127.0138,30.881,51.9332
5800,0.711,313.4426,78.2976,419.618
5801,0.7353,248.5811,60.4128,325.5761
5802,2.0471,556.9562,125.8382,227.0736
5803,0.855,190.2591,51.3563,75.6241
5804,0.1299,46.0884,12.5692,19.0784
5805,0.1561,19.5636,5.2811,8.3819
5806,0.4419,55.937,12.8016,22.6263
5807,0.2672,9.3994,2.3691,3.8577
5808,1.286,422.6302,103.4858,162.4637
5809,1.0033,216.4391,53.8649,90.1847
5810,0.6944,323.7218,96.291,131.7367
5811,0.674,76.3902,19.1336,30.4879
5812,2.1827,494.1397,104.6916,195.4904
5813,1.1478,293.3665,60.7699,116.9953
5814,0.6842,110.4344,29.0859,42.7862
5815,1.4342,505.9917,133.2154,189.9466
5816,2.1637,132.7312,31.4172,51.9372
5817,0.0122,0.8911,0.303,0.3405
5818,0.3972,68.0787,18.4638,27.1184
5819,2.1236,380.9103,93.3266,167.2295
5820,1.9743,400.7565,83.684,158.7109
5821,0.5835,146.2039,29.8131,57.0359
5822,1.9313,850.383,250.8684,341.5383
5823,1.7869,258.6193,69.4085,106.2325
5824,1.3423,439.8309,111.8142,187.1344
5825,0.3251,100.5198,22.7664,40.7591
5826,0.0807,33.6005,7.63,13.2818
5827,1.7459,550.435,122.7501,208.253
5828,0.7489,17.2697,4.1967,6.8741
5829,1.6259,632.9116,143.8872,251.2667
5830,0.8802,116.2777,27.5077,45.9194
5831,0.7308,126.7989,30.8111,53.5478
5832,1.8891,632.221,154.1423,243.18
5833,0.7428,185.1441,49.0394,76.2191
5834,1.6157,433.6943,137.2958,180.1464
5835,2.1428,681.0218,172.5145,268.1795
5836,1.7308,45.3926,9.5359,18.7464
5837,1.0584,329.9657,86.0905,137.3691
5838,1.9745,177.7099,44.7633,70.0069
5839,1.9768,643.2753,166.2132,255.7256
5840,1.2344,164.4963,48.0146,64.6251
5841,2.2191,827.1708,201.49,332.6451
5842,2.1079,802.4529,184.4188,312.7078
5843,2.1418,683.7894,152.3732,273.5663
5844,2.0398,6.0156,1.5297,2.3373
5845,2.2026,264.4887,55.6364,109.2372
5846,1.63,284.6531,67.4426,118.7845
5847,0.2411,34.9756,9.0009,13.9673
5848,0.4168,84.5053,21.5737,34.0109
5849,0.7435,200.1082,44.1327,238.4354
5850,1.0821,180.7469,50.0044,76.9772
5851,1.434,220.983,63.2551,89.0282
5852,1.7424,770.5716,173.8923,292.37
5853,1.7866,260.8643,65.6141,106.3336
5854,1.7442,90.6793,23.4159,35.8396
5855,2.1292,105.1917,28.4943,41.7347
5856,1.5521,186.0402,46.3086,71.8847
5857,1.8535,200.3581,48.1573,89.784
5858,0.7968,307.5349,74.4548,128.0448
5859,1.5516,312.5516,76.3218,128.3008
5860,0.3325,88.0477,22.2867,34.9259
5861,0.6119,51.4174,14.6422,19.667
5862,1.7441,261.0997,66.0591,107.9423
5863,1.5577,490.4324,104.4608,192.1655
5864,0.0473,13.3678,3.6448,5.2547
5865,2.1353,473.5368,98.2642,188.6248
5866,0.8518,198.6949,50.144,80.957
5867,1.8017,134.041,33.8589,53.8862
5868,1.9109,86.1992,21.0551,36.5914
5869,1.9191,14.5629,3.6088,17.9897
5870,1.8666,459.4287,128.2944,189.0626
5871,0.7029,31.7716,7.0135,12.6933
5872,1.2255,28.3583,7.0979,11.5186
5873,0.0307,8.7495,2.1274,3.6216
5874,1.3661,409.0636,106.452,167.2028
5875,0.6408,187.6497,44.1832,69.216
5876,0.6765,171.7468,42.5263,66.5386
5877,1.6631,755.7904,169.7231,288.5416
5878,0.668,87.6598,22.6405,35.1025
5879,1.2011,472.8169,125.0984,190.4323
5880,2.11,489.3141,126.1303,186.6344
5881,1.9096,223.7343,52.1823,86.3444
5882,0.6313,143.0623,43.5419,59.4048
5883,0.3016,72.5581,17.9697,28.3494
5884,0.67,291.2053,69.1458,114.226
5885,2.0108,123.8017,30.3269,50.0941
5886,1.334,601.301,814.4277,235.0584
5887,1.4925,132.4406,32.6671,53.326
5888,1.1392,154.0977,38.741,60.4878
5889,0.9605,177.8161,44.6003,71.8973
5890,2.2084,705.3911,166.4831,267.1371
5891,0.3469,43.8188,9.4703,16.2918
5892,0.1244,19.301,5.0543,7.643
5893,0.1433,13.2963,3.4422,5.4826
5894,1.3421,105.07,24.4128,42.7569
5895,1.5985,701.8474,152.7146,303.6262
5896,1.4473,39.878,11.7726,15.2756
5897,0.0533,9.6571,2.0666,4.1211
5898,0.8502,62.8282,14.7732,24.5238
5899,1.1895,228.2924,60.0599,87.0233
5900,1.6574,228.6738,46.4017,95.4945
5901,2.0319,246.1693,63.6272,102.7319
5902,1.7311,99.3916,24.1483,40.0012
5903,1.1798,353.0211,75.2958,125.4963
5904,0.5007,20.9075,4.7444,8.3639
5905,0.7557,94.5491,21.1943,36.628
5906,0.7135,2.9706,0.6325,1.1924
5907,1.0634,363.2972,83.9871,153.2488
5908,0.3335,59.8508,16.9199,25.1227
5909,1.4626,677.6452,929.8251,277.9316
5910,0.3721,65.0722,15.3133,26.3015
5911,1.2238,429.2076,86.715,176.5261
5912,1.6212,735.5654,173.374,276.1866
5913,1.9074,518.6446,131.9979,199.9544
5914,0.7244,86.9335,23.4081,33.7114
5915,2.1626,369.7821,86.269,155.7065
5916,0.8469,260.1423,65.7389,100.3526
5917,2.1637,239.7885,64.2199,97.3976
5918,0.4421,160.9395,37.485,62.9904
5919,1.9681,913.3865,230.7748,343.9334
5920,1.4465,575.3735,125.8106,236.3376
5921,0.4555,53.1176,13.8924,20.6043
5922,1.0518,305.4233,73.4349,120.2506
5923,1.2535,64.7091,19.406,24.3778
5924,0.883,235.2578,59.0068,92.4403
5925,1.8665,481.9461,130.3669,191.2519
5926,0.2985,86.8676,17.5808,35.5397
5927,0.1335,35.1784,8.9099,13.6303
5928,2.2195,98.4958,25.2633,39.281
5929,0.5014,46.3765,12.7933,17.7196
5930,0.2614,65.1044,15.9784,24.5132
5931,0.8102,70.4879,18.7847,28.9119
5932,1.1886,63.9932,18.2932,24.4943
5933,0.9598,335.069,86.486,127.3268
5934,0.9872,142.2218,33.882,60.7727
5935,1.5793,315.8449,68.7497,127.5039
5936,0.425,177.2282,47.7377,71.8887
5937,0.0744,5.5909,1.4046,2.141
5938,1.3531,553.9386,139.3017,232.1254
5939,2.1377,554.6472,129.537,207.979
5940,1.2482,89.7598,20.1568,35.9402
5941,0.137,60.1871,15.5481,23.6186
5942,0.0514,6.6907,1.6803,2.6816
5943,0.809,75.068,20.3233,30.0291
5944,0.5907,160.6411,39.4922,66.4097
5945,1.9841,604.3452,151.1869,220.8834
5946,1.9007,181.3439,38.6732,77.2737
5947,0.6603,169.9009,42.2091,66.0413
5948,1.5565,521.0963,135.6703,221.2695
5949,0.8289,103.5838,26.2349,39.0039
5950,0.0938,20.6369,5.032,8.1006
5951,1.7745,815.5568,205.5251,324.3552
5952,0.2933,102.5242,27.2255,42.8378
5953,1.9241,8.7455,2.2305,3.2995
5954,1.5256,554.8692,128.2184,223.6068
5955,1.0484,261.4519,62.1293,106.1661
5956,1.6789,700.7422,210.0454,880.5218
5957,0.2749,26.0363,6.0391,10.6915
5958,0.7007,259.8048,79.773,101.0616
5959,1.6027,187.1176,46.3835,76.6824
5960,0.8196,83.2103,20.3209,101.1124
5961,1.8043,190.4672,250.0969,76.9503
5962,1.4543,318.0838,87.8318,127.2792
5963,1.758,301.8394,68.1786,112.9344
5964,0.9752,224.2519,72.7593,86.5853
5965,1.1412,235.1202,56.6691,91.7434
5966,0.3596,93.1505,132.9753,36.669
5967,1.7948,132.0448,33.6126,51.5969
5968,1.5558,201.1969,52.8823,79.4299
5969,1.6287,348.325,92.4778,146.2577
5970,0.0633,10.1152,3.054,3.9057
5971,1.0082,331.2089,82.2246,129.5586
5972,0.0327,14.6374,3.568,5.81
5973,2.1146,247.7099,390.8436,97.0034
5974,0.3203,17.6381,4.7011,7.2264
5975,1.1491,20.1571,5.2255,8.2086
5976,2.0309,521.912,127.0362,210.2804
5977,0.7763,77.3888,24.7706,32.1164
5978,2.0793,209.0665,60.98,85.1727
5979,1.3146,454.9335,104.7608,177.2515
5980,0.1526,23.4661,6.1832,9.7275
5981,1.1248,234.5491,75.1219,92.1582
5982,0.997,336.6179,86.8671,138.2225
5983,0.8605,373.4433,96.7037,144.46
5984,0.5134,65.0081,16.3438,25.5859
5985,0.7795,190.0501,56.4884,73.7006
5986,0.7817,352.3682,67.649,142.2275
5987,0.3861,51.3788,11.9548,20.5098
5988,0.7002,277.7391,70.1734,358.4271
5989,1.3132,102.1438,22.5036,39.0098
5990,0.3203,23.5809,5.6299,9.9817
5991,1.5888,669.3302,164.1658,276.7172
5992,1.5644,154.8664,38.8358,62.0177
5993,0.6169,158.3354,38.8159,63.7968
5994,2.1502,272.7246,84.9182,107.4949
5995,0.9224,105.5437,27.8547,43.7981
5996,0.6461,278.9756,69.8881,114.8461
5997,0.3149,31.175,8.1532,12.8015
5998,1.1402,59.9583,15.5952,86.0893
5999,1.9789,518.5495,147.2613,208.014
6000,0.3461,71.1551,22.1248,29.2024
6001,0.2944,125.4073,28.4487,48.6394
6002,0.1461,62.0459,17.6147,24.2258
6003,1.2685,46.0426,12.159,18.1251
6004,1.2705,445.5274,135.5631,186.5658
6005,1.1072,339.5028,90.0857,143.6337
6006,0.108,8.5188,2.5836,3.3958
6007,0.4336,99.4437,21.5227,37.3735
6008,1.1327,257.7325,66.601,100.3475
6009,0.5742,136.1068,33.0364,54.3278
6010,1.6518,614.8013,158.5718,261.969
6011,0.2434,22.8575,5.1241,8.7727
6012,2.1148,495.7662,129.0426,201.2582
6013,2.1057,241.8595,50.5447,96.9687
6014,0.0475,4.4737,0.9623,1.7467
6015,1.1161,194.7451,49.6309,76.8844
6016,0.914,40.5581,9.5814,16.9662
6017,0.4759,64.8874,15.8622,27.736
6018,1.7607,456.4925,128.0135,178.2738
6019,1.7902,562.037,128.813,219.0879
6020,0.1385,24.5696,7.2038,10.3033
6021,0.2437,72.0993,17.5494,29.7462
6022,0.2418,7.3917,2.1858,3.0051
6023,0.7539,258.5932,66.8093,100.6833
6024,0.471,57.4114,13.632,21.5077
6025,2.1787,145.5057,40.2836,57.143
6026,0.6387,37.0579,9.8978,15.2935
6027,2.1603,262.3765,64.573,106.232
6028,0.9806,356.7742,85.7647,137.8067
6029,0.5133,80.2345,20.3165,33.1972
6030,1.1363,113.5829,30.9261,42.848
6031,1.2501,243.7083,58.178,97.4815
6032,1.4177,279.6133,72.6277,107.2326
6033,0.2843,117.9731,28.4862,44.803
6034,1.1221,254.1642,69.1013,99.5554
6035,0.7055,71.6609,17.4392,93.231
6036,0.9086,329.5742,90.1444,125.906
6037,0.281,45.3127,10.3369,17.7777
6038,0.6802,214.8529,48.8269,87.5238
6039,0.3737,9.0063,2.5112,3.6774
6040,1.0458,351.8249,92.9026,133.0639
6041,0.0853,20.6852,5.3605,8.0204
6042,1.157,21.0812,5.0252,8.2794
6043,0.5343,137.4896,34.5354,51.8129
6044,1.3527,211.2107,50.3389,84.341
6045,1.6905,497.0088,152.0212,179.9127
6046,1.6487,139.6377,35.9889,54.3502
6047,0.3644,95.114,24.1438,36.5392
6048,1.0267,261.6865,57.663,103.2608
6049,1.1078,150.8423,45.1294,56.7203
6050,0.4988,147.7693,35.9099,57.6475
6051,0.5655,263.6566,64.3678,109.5924
6052,2.0639,964.8288,192.3036,381.7674
6053,0.9406,143.6101,35.5488,58.7679
6054,1.7639,705.9578,180.1723,928.6368
6055,2.1723,554.5745,133.3174,224.3714
6056,1.3787,235.256,54.1527,97.7286
6057,1.3937,613.4893,140.6124,247.9567
6058,0.1735,17.2876,4.7717,7.0157
6059,0.2559,74.5889,19.1655,99.7006
6060,1.4752,44.2716,10.5599,16.771
6061,0.0915,9.5887,2.9525,3.8209
6062,1.8992,146.6982,32.7652,56.6612
6063,1.3702,272.4667,65.436,117.5554
6064,1.5964,4.4734,1.0471,1.8069
6065,1.6169,91.8231,22.7348,38.3199
6066,0.3241,145.4449,36.7074,58.1111
6067,0.1355,63.1513,15.414,25.9948
6068,2.0517,229.1856,59.2011,89.5299
6069,0.9715,4.2056,1.0191,1.6452
6070,1.6617,18.1883,4.0928,7.5256
6071,0.2828,94.025,19.7466,38.4195
6072,2.2046,678.3662,149.9444,279.9475
6073,1.6844,244.1241,69.3828,101.0971
6074,0.8051,242.0755,57.7843,96.8144
6075,1.9628,875.0239,209.8006,340.1815
6076,1.0759,219.1066,55.7324,302.281
6077,0.4494,124.0928,30.3244,51.2746
6078,0.8984,404.0039,94.736,159.3404
6079,0.2036,58.1301,16.4086,21.0684
6080,0.585,34.7181,7.9378,14.0628
6081,1.4183,255.3775,58.6652,102.919
6082,1.1796,239.0047,56.9205,93.9051
6083,0.2413,107.2141,24.7176,44.3088
6084,0.1045,11.5167,2.6846,4.6278
6085,0.8955,128.5558,28.5335,52.1953
6086,1.0895,260.7492,54.0138,101.1569
6087,0.1477,65.8841,18.3923,24.552
6088,1.7345,210.588,59.181,82.2254
6089,1.3105,336.6568,84.966,141.6565
6090,0.7256,321.7864,83.621,122.7831
6091,0.7964,174.4048,46.4784,70.8753
6092,1.5382,1.2272,0.2942,0.5268
6093,0.8884,101.0242,34.3236,38.5893
6094,1.3056,19.9734,5.6507,7.9873
6095,0.7735,114.3006,31.7897,48.9805
6096,0.9417,144.2104,28.2564,63.4808
6097,0.4902,151.17,41.1776,63.2869
6098,2.0582,228.1134,52.3191,93.8875
6099,0.0521,9.4995,2.4299,3.7878
6100,1.4722,479.9083,117.9876,190.6002
6101,1.6089,542.381,133.4497,219.7763
6102,1.3963,595.0688,148.5286,227.957
6103,0.5448,186.3026,54.9875,71.7978
6104,1.9099,864.2995,249.63,1127.6772
6105,1.5114,115.6907,170.8862,48.5178
6106,1.2823,278.0094,64.9699,107.4211
6107,0.3374,55.2113,14.0656,21.9092
6108,0.4586,119.978,28.47,50.7803
6109,1.9076,144.2116,37.1775,56.1326
6110,0.4081,148.3142,40.1371,58.1384
6111,1.836,761.3426,199.9412,990.9081
6112,2.0253,38.7717,9.0917,15.6698
6113,0.8348,23.9074,6.4865,9.7081
6114,1.5947,147.0551,34.3029,57.3065
6115,1.7757,636.3343,159.888,704.6555
6116,0.0908,4.9489,1.4245,1.8087
6117,1.7799,194.491,42.7179,79.894
6118,0.8081,103.4708,24.5231,41.1376
6119,1.9912,181.4485,46.3516,73.7659
6120,0.1791,66.7354,19.3845,87.7925
6121,0.3727,89.3469,26.1455,35.8574
6122,1.5656,108.6882,24.6417,42.4785
6123,2.1333,0.3881,0.1126,0.1585
6124,0.2659,60.1922,14.9438,24.2773
6125,0.5638,197.3225,39.4576,75.6314
6126,0.0541,5.503,1.2586,2.1724
6127,0.4325,28.2568,7.3955,11.5027
6128,0.285,52.1171,11.9879,63.0014
6129,0.8711,151.0247,37.733,61.4851
6130,1.3297,31.4755,7.9608,12.8099
6131,0.62,241.7075,65.1614,105.1532
6132,0.3746,155.2089,45.2827,66.7302
6133,0.1736,15.0142,3.9858,6.1475
6134,0.726,272.5035,67.4858,109.0916
6135,1.8004,470.3211,112.5062,186.3277
6136,0.7244,247.5952,60.822,95.2012
6137,1.0934,110.4465,28.6092,45.4882
6138,2.1775,319.0696,86.3896,131.0258
6139,1.8498,155.1205,38.087,61.3042
6140,0.7759,208.2079,45.1424,86.9886
6141,2.0385,525.374,149.7989,209.0682
6142,1.4779,228.7097,55.1732,89.7354
6143,0.9928,269.4087,64.097,106.1319
6144,1.8524,806.2699,205.7362,309.2314
6145,1.8185,515.6347,128.8784,200.4807
6146,0.8309,384.235,103.005,141.4367
6147,1.2815,585.3798,119.4587,253.6388
6148,0.3024,3.1819,0.8433,1.236
6149,1.1496,184.3294,45.7057,74.057
6150,1.3021,322.0451,93.7111,124.058
6151,0.6771,185.9184,46.2905,76.5093
6152,0.7681,212.9236,50.7292,262.4422
6153,0.4522,168.7155,45.3027,63.0118
6154,1.9661,379.3788,88.3224,154.6548
6155,0.8772,29.1402,7.0266,12.4064
6156,1.6324,565.3289,133.7859,217.4844
6157,0.9647,75.4181,16.8742,30.1028
6158,2.0647,913.5369,232.2713,366.2213
6159,2.005,641.3287,209.8648,256.5112
6160,1.829,591.7823,143.3781,244.394
6161,1.2891,371.1627,80.2716,151.5904
6162,0.1458,4.7193,1.2651,1.9656
6163,0.5047,74.2506,17.977,31.4023
6164,1.2561,22.1918,5.6657,9.1086
6165,0.8888,19.653,5.2156,7.8105
6166,1.0889,348.2848,88.2687,146.2444
6167,1.2948,164.3636,37.4266,66.9595
6168,0.6757,293.8882,69.5541,429.4682
6169,1.764,669.39,142.5026,261.6132
6170,2.1632,506.9479,128.3333,198.1734
6171,1.3867,579.8556,148.2799,225.5767
6172,1.2231,275.7744,58.8886,109.4291
6173,0.5376,205.909,45.9374,84.0639
6174,0.0237,9.9835,2.3977,3.9448
6175,2.1309,771.1141,216.6704,334.3068
6176,1.2184,121.6458,32.1111,49.2645
6177,1.9061,665.1967,143.5108,263.8347
6178,0.4995,177.1775,36.6651,72.5602
6179,1.2122,54.8896,12.6645,21.3063
6180,1.5626,379.0599,117.9259,148.7662
6181,1.2096,205.6696,56.3651,82.7631
6182,0.8387,317.9158,81.5967,127.1651
6183,1.772,575.5934,139.1418,225.6071
6184,0.8381,138.9616,29.2452,55.9954
6185,0.3608,9.6966,2.718,3.7848
6186,2.1635,854.7059,218.9774,1112.4319
6187,0.1169,44.946,14.3771,16.956
6188,0.1296,31.3651,8.4469,12.4631
6189,0.1147,24.6775,7.3564,9.9209
6190,1.352,333.658,84.9242,130.2768
6191,0.4844,166.2137,42.7137,68.9977
6192,1.6886,273.8307,67.6574,110.1272
6193,1.8338,538.4761,164.1215,217.9239
6194,1.3647,351.7968,87.212,146.7572
6195,2.0907,608.2169,139.83,252.5358
6196,0.1871,10.9726,2.4599,13.3323
6197,0.2109,13.7053,3.874,5.1414
6198,1.0783,130.4078,32.2599,51.4889
6199,1.1535,181.2029,48.2608,69.8389
6200,2.0222,214.1249,53.2848,86.6388
6201,0.2239,9.5718,2.2968,3.7717
6202,1.48,691.8164,199.804,274.7604
6203,1.5016,361.281,87.0801,151.3165
6204,2.0698,454.5188,122.9459,189.5427
6205,2.062,562.6234,146.2701,224.3629
6206,1.3511,326.0534,80.3725,127.6098
6207,0.0508,21.119,6.2941,8.4166
6208,0.48,224.2892,50.9376,95.9216
6209,1.9534,332.3749,83.3537,138.8961
6210,0.5088,209.826,54.411,88.2665
6211,0.3151,134.0483,32.1838,52.7917
6212,1.9171,124.8783,34.1943,54.3237
6213,1.1538,242.37,64.325,94.4987
6214,0.0745,14.1241,3.1814,5.503
6215,0.7643,96.8509,26.3267,39.203
6216,1.7487,373.6077,87.1682,148.249
6217,0.8009,109.7153,167.4636,45.0053
6218,1.8468,731.7974,219.1787,299.1195
6219,1.0028,309.6926,77.7953,128.7235
6220,0.3329,10.613,2.5747,4.2809
6221,1.6439,698.23,1047.6843,269.3719
6222,1.5291,593.7488,156.3332,237.2914
6223,0.5824,247.2504,61.6711,96.9057
6224,0.1605,65.2376,14.4149,26.2548
6225,1.3766,304.7817,83.4278,383.1271
6226,0.6879,164.1957,49.3543,63.8523
6227,0.4032,43.6915,9.9646,17.3937
6228,2.0463,99.6744,27.9679,40.9557
6229,1.0797,72.3359,18.7513,29.3485
6230,1.0185,250.477,65.5034,101.7562
6231,0.2228,82.8661,23.0671,32.6483
6232,0.832,297.0622,75.3303,116.774
6233,0.6312,113.8646,25.9367,44.6092
6234,0.9121,322.0064,78.2553,126.449
6235,0.5036,108.0773,23.8137,45.131
6236,0.3504,101.2678,26.659,38.7159
6237,0.0539,14.1735,4.1005,5.8127
6238,0.8337,19.9943,6.0673,8.6691
6239,0.8629,277.9693,64.9321,108.3347
6240,2.1872,741.6426,172.9226,290.1422
6241,1.7385,517.5566,668.8217,202.4331
6242,0.4995,83.4724,19.5079,34.9214
6243,1.74,620.884,142.3692,233.5105
6244,2.0037,579.4934,155.8464,217.9483
6245,1.2413,43.4766,10.7466,17.4232
6246,0.8039,354.5732,93.5849,472.0923
6247,0.283,91.1048,22.6174,35.9984
6248,1.7522,635.1956,175.3858,248.2063
6249,2.0347,14.4936,3.5413,5.6952
6250,1.9147,64.6471,15.0038,24.5935
6251,1.089,313.6032,79.8498,127.3227
6252,1.8959,563.7529,139.2236,219.2219
6253,0.9483,169.4749,36.1477,70.2887
6254,1.9303,899.8903,218.9898,381.1833
6255,2.0488,870.4608,193.8325,347.7
6256,1.8085,130.8471,30.9302,53.3161
6257,0.6864,201.7073,49.2425,80.1062
6258,0.5994,24.8046,5.4346,10.3187
6259,0.6533,242.3151,59.3133,93.3478
6260,1.34,20.8182,6.0687,27.3279
6261,0.5265,234.7135,64.8904,90.2079
6262,1.0043,188.2225,55.3775,74.6896
6263,0.9575,344.9454,84.6193,147.3925
6264,1.7531,581.1386,150.1805,235.1357
6265,1.3702,50.1344,10.7688,20.2966
6266,1.1836,133.7741,30.7057,53.1547
6267,0.509,184.8839,50.76,69.596
6268,0.4499,143.8542,28.8168,59.6855
6269,0.9704,78.3074,16.7334,33.1901
6270,1.8664,744.2716,190.8849,289.3525
6271,1.201,504.9259,133.5325,204.5611
6272,1.9654,862.6048,247.6568,1025.7003
6273,1.026,23.9117,5.4365,9.9556
6274,1.6186,651.825,141.6685,241.092
6275,0.8338,99.0641,25.2927,37.2648
6276,0.5102,142.9654,34.5994,58.1061
6277,1.9482,553.3274,169.9374,629.829
6278,1.1284,510.907,126.564,198.2084
6279,1.1508,219.3207,55.1649,83.4819
6280,2.1735,797.2528,222.6402,324.6266
6281,0.7905,140.5456,42.0476,54.5438
6282,0.8993,334.7545,98.1409,136.4818
6283,0.8071,177.2907,45.3101,68.9965
6284,0.272,57.9041,78.9622,22.6977
6285,1.0153,10.255,3.1696,3.9199
6286,0.5707,199.2927,42.6105,81.6152
6287,0.3011,42.7489,10.0153,17.0903
6288,1.522,423.8244,108.4934,164.8041
6289,2.0023,615.2173,179.7366,232.0657
6290,2.0031,642.736,144.621,256.1157
6291,2.0333,177.7833,44.6141,68.045
6292,0.9069,85.5803,21.616,32.8872
6293,0.0223,1.3939,0.3422,0.552
6294,0.0455,8.243,1.7869,3.1765
6295,1.8076,323.6959,85.4217,133.1043
6296,1.3182,281.8035,65.2619,104.614
6297,2.1476,928.9907,256.0689,380.9413
6298,0.5104,187.149,45.6428,74.9304
6299,0.287,16.5531,3.454,6.7109
6300,1.5834,698.6123,164.9693,276.1414
6301,1.333,599.7788,139.7531,248.4304
6302,1.9129,392.6124,83.7571,154.3919
6303,2.2058,639.1727,166.8913,244.7125
6304,1.1566,228.1256,73.3231,96.6949
6305,1.1786,21.5228,5.417,9.1409
6306,0.2277,27.9631,6.8935,32.5512
6307,0.2564,18.2643,5.0007,6.9218
6308,0.5729,79.6342,19.0838,33.4254
6309,0.5063,81.104,18.5997,32.7065
6310,2.051,148.2804,42.7482,58.282
6311,1.3717,408.4128,110.0169,159.5483
6312,1.0089,250.556,56.5974,102.4635
6313,1.1905,121.8755,28.8859,50.3074
6314,1.7966,299.4457,74.6874,119.1343
6315,0.6557,183.2953,49.9452,73.1693
6316,0.4216,113.0141,32.8496,45.523
6317,0.8097,113.9768,34.5112,48.4529
6318,0.2081,72.9786,20.4552,29.3185
6319,0.1796,31.7296,6.487,12.3507
6320,1.7733,449.8394,626.9906,180.9467
6321,1.4584,130.8412,33.247,52.2782
6322,0.3969,149.2676,39.141,63.1766
6323,1.7363,527.9785,140.9984,206.5518
6324,1.7315,563.86,143.1545,220.7877
6325,1.5791,233.927,57.7192,93.1214
6326,0.8492,323.8461,91.92,132.111
6327,1.6924,373.0337,95.2678,155.9746
6328,0.7011,200.0854,52.2198,74.6787
6329,1.3167,199.0939,51.8763,82.6041
6330,2.0923,186.9043,44.5396,72.7106
6331,0.0876,17.5318,5.1985,6.6492
6332,2.0351,959.3497,1441.7387,388.5059
6333,1.3552,480.1976,146.3997,201.5789
6334,0.6919,82.2857,22.7766,35.5498
6335,0.8725,26.6378,6.7134,10.9016
6336,1.5569,707.8203,166.4905,280.5109
6337,0.0217,3.2655,0.7795,1.2769
6338,1.8631,254.2729,58.2563,102.2248
6339,0.8797,18.8475,5.6957,7.5583
6340,1.9826,763.1282,207.2422,304.7033
6341,1.1731,536.4203,111.9332,229.9512
6342,0.4163,14.8149,3.7056,5.8138
6343,0.6702,185.6901,53.2193,71.0246
6344,0.3237,82.3622,24.301,32.4994
6345,0.3716,10.6752,2.9354,4.3968
6346,1.6113,311.1774,74.7289,122.331
6347,0.4509,36.3738,8.733,13.3236
6348,0.2319,46.8433,11.2856,16.9789
6349,0.6268,87.4867,21.2332,34.0082
6350,0.7358,9.555,2.5752,3.7439
6351,1.3025,223.6446,52.3368,87.5207
6352,0.0943,35.1467,7.6794,13.188
6353,0.8908,360.2044,84.2329,144.0477
6354,0.1425,12.8369,3.1718,4.8062
6355,0.6831,2.2731,0.6469,0.9808
6356,1.6174,219.2216,62.4985,84.3947
6357,2.1484,99.3985,23.4555,39.2915
6358,1.3517,130.9211,28.6826,55.1942
6359,0.9842,87.8333,26.5386,36.957
6360,0.0632,8.1058,1.8991,3.2256
6361,0.6754,116.3169,30.421,152.5627
6362,0.6516,295.0474,69.0413,105.0154
6363,0.524,0.6803,0.1817,0.2668
6364,2.1661,268.3918,60.6311,114.3197
6365,0.3185,149.4736,48.6631,59.9226
6366,0.1069,21.4212,5.3932,8.1705
6367,0.7309,238.7976,57.6501,92.0538
6368,0.9415,195.0514,46.9669,80.3614
6369,0.5096,35.8948,8.0052,13.003
6370,0.3509,47.2409,13.4731,19.4601
6371,2.0774,914.8716,225.3297,354.7537
6372,1.8793,454.437,130.7616,191.684
6373,0.9507,206.8837,52.294,80.0039
6374,0.849,99.4858,22.7464,39.3731
6375,0.6544,217.1991,57.9179,91.7243
6376,0.8844,405.5001,99.4861,156.9685
6377,0.1093,49.55,11.793,19.9514
6378,0.0879,31.2956,8.4724,13.3577
6379,1.8212,750.6874,176.435,312.0972
6380,0.1615,8.0397,1.8948,3.2169
6381,2.1158,453.716,99.2638,171.7715
6382,1.7423,723.8135,184.566,976.142
6383,1.5359,353.1788,79.8088,139.4196
6384,2.1464,88.7605,21.6833,34.5472
6385,1.2151,436.9619,116.6296,163.5502
6386,1.0311,451.0048,129.1488,172.1175
6387,2.1066,13.9855,3.412,5.6397
6388,1.5268,37.454,8.5768,15.6382
6389,0.0575,9.2477,2.3005,3.8636
6390,1.2942,100.6504,23.5201,40.3474
6391,2.1589,980.3857,247.0424,387.7824
6392,2.1107,880.9434,187.6548,358.6895
6393,1.9362,667.0487,184.4559,285.0678
6394,1.9796,38.618,9.9006,15.7294
6395,2.1237,438.1137,91.1138,175.5267
6396,2.058,473.4062,96.2319,180.4093
6397,0.4537,80.6782,20.113,33.0825
6398,0.4812,201.1793,54.8178,83.5677
6399,1.3241,504.3056,118.4004,207.7577
6400,2.0738,441.3324,104.5024,168.2015
6401,1.652,350.7383,97.6824,137.7189
6402,0.2795,34.4154,9.8303,14.935
6403,1.5425,498.9211,124.2878,184.2682
6404,2.15,881.024,246.8222,330.1635
6405,0.1339,16.9094,4.2392,7.0175
6406,0.0929,26.2564,7.591,10.6092
6407,0.8348,236.1221,62.6222,91.8059
6408,0.5498,150.0974,35.9836,58.5349
6409,2.1644,219.0614,58.1999,82.4286
6410,1.3695,217.9727,52.4574,86.3923
6411,1.4141,6.5953,1.5886,8.2979
6412,1.1895,393.2033,101.6997,554.4891
6413,1.777,117.1057,30.7646,46.9566
6414,1.9027,289.1291,63.9648,110.1435
6415,0.2605,14.6236,3.9203,5.9004
6416,0.1063,35.1327,9.77,14.8119
6417,0.0979,46.3405,11.085,20.3424
6418,1.4359,378.6916,90.1101,475.6525
6419,1.3403,595.5172,154.0265,252.1923
6420,1.8456,592.007,138.3601,224.2258
6421,1.0693,247.5316,62.5083,102.2111
6422,1.7688,837.365,224.2759,329.8566
6423,1.1102,436.7834,119.3926,177.7567
6424,2.1492,383.9731,94.5482,154.9198
6425,2.2086,410.7667,96.2754,163.4635
6426,0.229,90.6786,21.9684,36.7242
6427,1.5142,335.7299,84.3218,131.4726
6428,0.8846,331.9828,77.722,129.116
6429,0.1812,18.8077,4.2747,7.3981
6430,1.6996,202.2252,51.8584,82.8716
6431,0.6671,53.7814,15.5632,21.0071
6432,0.3864,105.6441,25.6529,43.7494
6433,0.8015,272.2661,62.2772,110.1297
6434,0.239,43.2964,12.6082,16.1299
6435,0.6329,285.0822,78.4183,105.9223
6436,1.8115,547.4323,140.6899,216.9676
6437,1.7084,52.2361,10.9555,20.5576
6438,0.5364,157.7747,38.1659,68.8356
6439,1.2275,286.8523,80.1391,115.1717
6440,0.7133,185.6407,48.5257,75.6115
6441,0.1211,44.5066,11.9287,18.8083
6442,0.9456,355.3303,93.7639,151.8618
6443,1.0114,90.8853,19.8867,35.8162
6444,0.8675,52.1318,12.207,20.5251
6445,2.0446,510.5537,128.7308,213.2665
6446,1.6701,74.2017,19.1247,27.5289
6447,2.1621,132.249,32.1595,53.5577
6448,0.1937,45.2811,10.2106,16.5312
6449,1.748,96.6032,29.923,130.873
6450,2.1305,942.7897,246.8508,394.4357
6451,0.2577,33.4634,8.8463,14.0609
6452,0.5855,80.2986,21.2714,31.1279
6453,0.175,79.9582,21.7497,35.3176
6454,0.1676,36.9015,8.7645,14.1678
6455,0.834,230.7374,69.7174,102.9256
6456,1.4632,4.0799,1.0926,1.6413
6457,1.3318,609.2152,853.6489,239.8621
6458,0.5355,154.0792,37.4047,59.112
6459,2.2133,194.8816,45.1976,72.3402
6460,0.6767,62.4126,15.0197,26.2656
6461,0.5247,57.782,12.1106,23.3376
6462,0.7003,281.4209,74.1364,110.5278
6463,1.8947,87.6928,20.8291,32.8668
6464,1.0416,246.994,63.9834,91.7294
6465,2.0634,84.9528,22.0851,36.1367
6466,0.7681,216.7787,52.9186,90.9331
6467,1.539,572.8911,140.1054,217.6791
6468,1.2495,528.3053,120.7305,210.3357
6469,1.3178,151.3728,34.1555,56.2428
6470,0.6771,222.935,48.5398,89.8199
6471,0.9528,170.2048,41.957,65.903
6472,1.4961,248.9455,60.317,106.6828
6473,1.9447,176.3985,54.6194,66.5477
6474,0.7689,231.9385,57.2424,96.6353
6475,0.2492,41.6414,9.247,17.2494
6476,1.8317,167.2672,54.6581,65.6106
6477,1.5627,297.6891,77.9293,132.5587
6478,1.9201,60.0973,14.9407,24.5578
6479,1.7514,38.8792,10.1363,14.6488
6480,0.3597,57.9758,14.0476,22.33
6481,0.4335,190.1428,49.4892,77.9437
6482,1.0525,340.4133,76.5697,130.9647
6483,0.5209,99.3309,25.236,40.7134
6484,1.7616,6.9737,1.6206,2.7337
6485,1.2515,541.3853,174.1856,212.2801
6486,1.7886,533.9104,165.905,224.103
6487,1.5934,166.2939,34.8892,68.0562
6488,2.1664,495.9488,110.6072,208.7701
6489,0.5286,98.7915,27.4536,40.0019
6490,0.4593,139.186,31.9904,55.1425
6491,1.1815,395.9494,96.1823,157.9785
6492,1.4232,174.2226,42.6418,69.2987
6493,1.1576,237.9066,60.937,94.0783
6494,1.5271,569.827,142.8143,218.3748
6495,1.4708,217.2076,46.3309,92.1438
6496,0.8025,298.0904,70.2183,124.4131
6497,1.8611,745.5187,182.6315,284.9505
6498,1.1671,352.2454,87.7563,447.24
6499,0.675,258.6612,69.4703,98.2909
6500,1.5588,232.3605,61.5449,102.8812
6501,0.2025,8.5712,2.3467,3.2084
6502,1.6576,554.7652,152.4467,651.3535
6503,0.5139,16.9184,4.715,6.4116
6504,0.4623,112.988,24.9891,45.8385
6505,0.5778,171.9234,46.0405,68.6984
6506,1.347,139.3019,33.724,56.1213
6507,1.2425,185.1133,45.8435,77.2712
6508,0.3025,15.5044,4.2098,6.1416
6509,1.947,133.9123,34.8261,52.0464
6510,2.1767,763.6656,215.2511,927.1587
6511,1.8578,876.7977,221.3815,349.667
6512,2.0291,26.4872,6.2186,10.805
6513,0.0741,12.8797,3.0276,4.8338
6514,1.6451,219.2382,46.0672,83.4849
6515,0.632,89.9582,21.4139,36.6235
6516,1.7257,737.8535,155.0251,270.7919
6517,1.208,399.5932,85.5323,170.8056
6518,0.4132,127.9619,26.3853,50.9578
6519,1.7731,387.173,120.1643,151.6761
6520,1.1228,15.7755,3.9643,6.098
6521,1.2423,66.5725,17.9599,27.4494
6522,1.4518,182.6177,45.4191,75.7204
6523,1.9286,593.727,145.6134,228.4144
6524,0.729,166.2252,39.6603,60.119
6525,0.8173,10.9204,2.5666,13.412
6526,1.2907,469.1316,124.5903,177.4503
6527,1.1211,3.5398,1.0938,1.3735
6528,1.5343,364.0281,88.5911,144.1705
6529,0.1809,47.7515,12.2727,18.5832
6530,1.2757,232.7645,56.6657,87.9385
6531,0.5465,18.6379,5.2831,7.4031
6532,1.7876,311.6865,74.7471,128.9191
6533,1.4934,79.7692,24.6826,32.9589
6534,1.9355,380.5096,93.9647,159.6946
6535,1.8606,576.9471,148.9594,223.1157
6536,0.1479,41.2626,10.7239,16.694
6537,1.1925,511.0257,115.3651,194.4781
6538,1.4201,160.6849,36.9402,66.9767
6539,2.0998,514.4769,124.5931,207.8472
6540,0.0152,4.2352,1.094,1.5885
6541,1.842,284.5583,72.4692,116.1168
6542,1.0957,514.8567,131.8198,200.6018
6543,0.6299,74.5907,17.272,29.5754
6544,1.2181,245.0533,60.0845,98.7287
6545,0.1408,55.7333,14.7943,20.077
6546,0.9413,56.9842,15.2743,71.5517
6547,0.1752,25.6988,6.4605,10.2028
6548,0.1725,7.3322,1.5951,3.0428
6549,2.0494,826.2046,219.5184,1095.5439
6550,0.408,145.7792,40.0381,56.7815
6551,2.0208,498.8264,125.1099,192.1454
6552,0.1037,16.95,3.5859,6.813
6553,0.5714,169.1722,46.2435,69.7034
6554,1.3143,449.801,105.536,174.5314
6555,0.9606,152.1355,37.7647,58.1864
6556,1.0522,431.46,98.9124,184.0451
6557,1.8643,77.6189,19.2753,31.2017
6558,1.084,119.5872,32.1158,50.1343
6559,1.7655,625.3538,173.0381,239.5193
6560,1.5998,453.2566,120.3872,184.9615
6561,1.8337,778.9332,268.9217,310.0057
6562,1.4783,353.0193,95.7131,458.045
6563,0.3908,118.899,30.3848,46.7363
6564,0.0381,0.0555,0.0164,0.0222
6565,1.0974,483.6632,110.471,188.8699
6566,2.1855,97.1685,26.255,38.4653
6567,0.8912,168.3192,40.06,68.7706
6568,2.1233,771.9179,188.6411,304.9093
6569,0.9827,362.8882,83.749,146.3616
6570,1.8565,477.6144,127.6493,188.1989
6571,0.7147,117.3734,27.5833,45.4689
6572,0.4346,86.4286,21.4654,31.8969
6573,1.719,491.2004,113.4325,190.9243
6574,1.8214,71.521,19.5272,27.0478
6575,1.6569,610.0739,151.845,228.6265
6576,1.148,255.5464,57.478,106.9988
6577,1.656,260.0656,64.9742,107.2365
6578,0.8446,270.441,72.179,363.0693
6579,0.8973,389.5613,95.4595,153.0636
6580,1.7404,86.5993,19.8772,33.7804
6581,1.241,212.3781,54.1086,85.6607
6582,2.0506,362.3567,86.477,156.8824
6583,0.6896,51.9484,13.9305,20.8005
6584,1.6162,19.2329,5.6549,7.461
6585,0.0669,29.5728,7.5371,11.9387
6586,1.9196,885.9054,213.3168,349.9303
6587,0.116,33.6187,9.8919,13.9439
6588,0.5228,233.3719,54.8003,95.0583
6589,1.077,473.6753,116.8037,182.2855
6590,1.0544,402.4116,95.0422,173.8849
6591,1.7675,474.2823,108.5157,172.5135
6592,1.513,20.8534,5.6701,8.3436
6593,1.3719,89.1674,21.4737,34.8735
6594,0.4528,42.9208,10.1717,16.848
6595,1.4442,521.1592,109.467,215.4837
6596,0.8214,205.6815,46.462,80.967
6597,0.5931,112.2754,143.0243,41.9641
6598,1.9339,31.57,7.4245,13.7369
6599,1.1951,297.2841,68.6064,118.4134
6600,2.0308,327.63,81.1222,132.79
6601,0.6162,247.0371,61.763,100.3879
6602,0.8923,240.9841,61.729,92.1566
6603,0.74,62.921,16.469,23.4631
6604,0.6347,205.9538,45.2967,80.0885
6605,0.6902,95.4267,22.8529,39.2876
6606,1.8392,398.846,113.8354,153.9231
6607,0.8285,240.8568,59.0664,98.5432
6608,1.7443,730.8164,187.9404,290.2299
6609,1.8793,189.9356,51.5685,76.8986
6610,0.7689,229.5356,61.3608,87.5366
6611,0.569,29.4066,8.0152,12.423
6612,1.8845,826.1349,224.3166,311.0665
6613,0.7729,312.0456,83.1724,139.3105
6614,2.0918,774.176,179.7353,297.7108
6615,1.9328,252.1376,60.0013,341.7967
6616,1.7173,228.6162,56.1077,83.6945
6617,0.8153,228.0232,52.3087,93.1094
6618,1.4556,291.8408,83.1984,114.4929
6619,2.14,174.7267,47.2785,67.1244
6620,1.9863,151.8982,35.4339,58.5185
6621,0.1531,33.1972,7.9985,14.7253
6622,0.996,189.7307,43.269,75.093
6623,1.0208,478.6851,121.3668,196.2721
6624,0.0121,0.7571,0.1898,0.2921
6625,0.6943,100.5229,143.1829,41.6918
6626,0.5583,108.5646,24.6893,41.528
6627,1.1554,199.6106,281.5958,76.6427
6628,0.3875,2.5081,0.5156,0.9903
6629,0.9106,387.617,91.1627,165.0476
6630,1.4241,203.7006,57.1134,87.0571
6631,0.5435,184.6407,48.1916,77.5145
6632,0.9773,459.744,119.2679,183.3453
6633,1.3944,225.2937,58.6776,87.3764
6634,2.091,982.6384,213.9462,405.5129
6635,2.0498,927.4556,229.0437,391.0489
6636,1.7672,2.1818,0.5761,0.8946
6637,1.1114,471.2331,117.7421,181.7683
6638,1.5972,345.0039,74.7373,132.4394
6639,1.0705,264.9662,69.5537,107.3175
6640,1.5776,178.4389,47.1837,73.2906
6641,0.1398,15.871,3.9839,6.3679
6642,0.6623,254.7148,70.5788,103.8577
6643,0.4152,171.5762,42.8179,64.9173
6644,1.0756,128.2486,34.3603,50.7531
6645,0.8087,214.4459,48.3079,87.4391
6646,1.8707,836.1885,199.838,332.9008
6647,1.0695,300.1804,79.314,126.108
6648,2.1406,390.0563,117.3807,153.0188
6649,0.6402,102.0016,29.0009,42.3226
6650,0.4714,130.848,37.44,53.5282
6651,1.6648,620.535,160.363,246.6885
6652,2.1656,14.7678,3.4193,5.8203
6653,0.9607,114.0115,26.1975,46.7064
6654,0.819,202.6584,51.8284,79.8827
6655,1.8122,692.9692,201.798,282.9439
6656,1.7537,428.798,110.0027,163.3581
6657,0.7206,181.7126,44.7815,70.9155
6658,0.6068,159.4342,31.8902,64.1473
6659,1.8773,93.8522,24.1579,36.7708
6660,0.4496,189.1836,38.8553,234.793
6661,0.992,375.1904,95.5923,141.692
6662,1.8597,16.4007,3.8983,6.0426
6663,2.2104,449.3153,100.6402,183.7406
6664,1.5896,313.76,76.3031,127.99
6665,2.0476,468.2278,116.4951,174.4706
6666,1.8957,51.6482,12.1306,19.8766
6667,1.7904,740.8669,189.3491,293.6183
6668,2.1635,122.6504,30.8438,49.6195
6669,0.38,158.5915,38.251,176.6408
6670,1.7047,264.0033,56.4556,101.6267
6671,2.2137,836.3074,195.6243,317.8381
6672,0.8266,178.7095,256.4468,205.5269
6673,2.0716,183.9076,52.7158,70.0252
6674,0.2487,11.0396,2.2355,4.4072
6675,1.1245,360.8521,88.6758,146.0062
6676,1.408,49.5887,12.7053,19.8034
6677,1.7653,311.077,72.7281,132.2964
6678,0.0604,7.3031,1.8204,2.7717
6679,0.0164,1.9441,0.4749,0.8114
6680,1.4753,125.9215,35.5066,50.4911
6681,2.0827,1.7246,0.3879,2.2821
6682,1.9729,834.5668,223.2227,309.4749
6683,1.4761,694.2717,183.5762,268.2449
6684,1.1632,443.9087,107.0471,176.8279
6685,0.3544,53.5397,12.4157,23.1156
6686,0.8652,372.9559,101.5343,158.2007
6687,0.6839,252.0198,57.4609,104.3794
6688,1.0102,321.4637,74.9077,142.6864
6689,1.7012,345.2316,96.0679,146.9731
6690,0.4556,192.7693,40.6342,81.2518
6691,2.1557,886.5524,194.6899,351.8163
6692,1.6898,523.5694,139.9167,208.3461
6693,1.712,273.2483,70.3842,111.0643
6694,1.0844,352.4099,85.5614,145.3397
6695,0.101,38.389,8.3732,15.215
6696,1.6553,319.4401,77.6617,370.746
6697,2.0433,808.1285,217.4702,353.0689
6698,1.5516,115.8343,25.494,46.7601
6699,0.9168,354.3177,76.1284,140.035
6700,2.2197,490.2754,111.7226,189.8281
6701,1.5867,277.7078,67.2964,112.2418
6702,1.3391,181.6936,37.6175,72.9023
6703,0.8863,257.751,83.3638,103.1308
6704,0.3679,121.8405,32.2435,49.4555
6705,1.08,369.1167,95.604,141.0079
6706,0.1272,53.3136,14.4305,20.8564
6707,0.2617,96.4386,22.2162,37.593
6708,1.2534,161.4197,50.3637,68.5569
6709,0.1095,1.7922,0.5627,0.7661
6710,0.3726,128.8655,34.4095,49.6786
6711,0.7528,245.0324,63.7376,99.0665
6712,1.088,318.7571,77.7095,127.1517
6713,2.201,888.4844,285.4738,359.8294
6714,0.5675,35.5792,8.463,47.7859
6715,0.1189,12.9241,3.4771,5.5193
6716,1.5146,110.9749,29.1454,43.5403
6717,1.4699,74.8265,17.9868,29.6421
6718,1.7608,219.7027,48.8859,84.4636
6719,1.0356,377.3419,91.704,154.4868
6720,0.3176,30.1754,7.8183,11.703
6721,1.2064,47.114,70.6108,56.27
6722,0.2751,104.0724,27.141,44.4004
6723,0.9306,361.6023,75.9696,144.2383
6724,1.3924,169.2593,44.5474,69.3724
6725,1.3974,103.859,29.0882,118.1559
6726,1.1345,301.5386,90.7522,121.751
6727,0.9158,152.0092,41.1488,58.0315
6728,2.1981,340.4176,87.099,138.7271
6729,0.7852,303.2117,76.0296,124.1372
6730,2.01,377.9133,483.0584,140.5464
6731,1.0588,305.6457,70.9342,123.2742
6732,1.8125,348.9939,82.928,133.674
6733,1.6315,580.5893,144.1844,247.8606
6734,1.0186,242.5033,55.327,315.1886
6735,1.3017,578.862,137.5173,232.5007
6736,0.1613,39.0257,8.3776,15.1124
6737,1.3679,562.2544,140.5816,217.0551
6738,0.1149,17.5299,4.4343,21.4096
6739,2.1499,216.9304,54.4429,83.679
6740,0.3114,77.0126,20.9548,31.4726
6741,1.2454,503.954,109.4954,191.2211
6742,0.7385,118.4844,36.0843,47.5736
6743,0.9599,391.4261,93.3585,486.9233
6744,1.312,211.1299,50.3125,87.3327
6745,1.0882,486.9872,110.2899,193.2406
6746,0.7431,66.5755,16.3853,27.0155
6747,2.0273,411.962,101.0887,169.3367
6748,1.7049,447.4207,93.1128,183.6754
6749,1.8628,69.7455,16.2078,27.3937
6750,2.1563,6.0277,1.7519,2.4266
6751,1.3449,575.6919,155.1522,264.8093
6752,2.1219,108.4524,26.5633,42.6889
6753,0.7816,356.2409,100.6698,137.5155
6754,0.5922,115.4505,30.1887,45.0304
6755,1.6832,720.1689,161.2677,277.2036
6756,0.8943,101.3954,22.5216,40.5851
6757,0.007,1.933,0.4906,0.7697
6758,1.7563,741.6179,186.9328,289.1292
6759,2.0296,857.9179,232.3431,353.2039
6760,1.3358,375.7024,493.8969,145.9613
6761,1.6687,563.577,127.8674,244.268
6762,0.1822,6.8612,1.8486,2.5794
6763,1.4649,72.8843,19.41,29.3793
6764,2.0156,800.1107,216.0084,319.6987
6765,1.7671,33.7091,7.2592,12.8742
6766,1.4283,363.9618,91.6932,151.5077
6767,0.7782,314.6861,75.5012,118.0699
6768,1.0017,327.0351,77.1438,131.1899
6769,1.5992,500.4687,761.3263,193.4544
6770,0.732,153.6418,41.6538,63.9739
6771,0.7258,158.3623,225.2407,63.8786
6772,1.2251,509.3928,125.3852,210.0389
6773,1.0307,129.3548,31.2492,57.139
6774,1.4994,415.1338,90.8533,173.1592
6775,0.048,19.9938,5.2017,8.1773
6776,1.4329,67.5619,19.8276,26.7066
6777,0.5244,188.0076,51.8644,75.4214
6778,1.4639,534.0564,128.2703,219.609
6779,1.932,781.7901,187.2883,312.7138
6780,2.0683,506.5016,126.004,206.0965
6781,0.5891,222.9223,53.1754,89.3922
6782,0.7197,61.5397,14.8874,24.6715
6783,0.0194,2.6879,0.6649,1.1055
6784,1.0864,497.5798,123.2327,579.2788
6785,1.1155,452.8885,103.7933,181.1772
6786,1.1597,68.51,18.4989,27.5205
6787,1.481,530.9894,134.9218,216.7378
6788,0.6564,158.7506,44.2614,62.8405
6789,0.6743,42.9251,11.9368,17.1126
6790,0.9504,170.8792,35.8108,66.6873
6791,1.3708,145.881,38.0296,57.3966
6792,0.0125,1.9735,0.525,0.8001
6793,1.7401,564.845,142.5675,222.494
6794,0.4459,95.8992,134.9014,39.4859
6795,0.2755,107.7483,28.6169,42.593
6796,0.8479,75.7284,16.6585,31.3211
6797,2.0128,326.5359,78.8775,130.5129
6798,0.8517,169.626,43.9109,66.3406
6799,0.6437,236.8127,62.6718,92.9706
6800,0.5087,186.711,47.6612,77.9108
6801,0.5575,61.3302,17.6561,26.0055
6802,0.7746,232.5914,54.974,93.7478
6803,1.8051,78.1914,21.2201,30.0449
6804,2.1485,425.0831,96.0777,177.2221
6805,0.7274,196.3281,264.1637,79.9082
6806,1.0217,343.92,81.3733,129.792
6807,0.3945,125.0713,33.6469,51.8654
6808,1.4587,670.9167,154.8974,270.8255
6809,0.1444,53.7613,16.9425,20.5469
6810,0.8788,292.4124,70.9597,119.5977
6811,1.1713,385.9946,96.5551,154.2352
6812,0.4288,54.2167,11.282,22.0618
6813,1.7313,756.1568,186.1246,291.5398
6814,2.1487,871.5102,216.0748,325.3592
6815,1.8886,68.3796,18.0524,27.6969
6816,1.0621,474.2915,93.8605,192.5945
6817,2.0615,86.0609,23.4427,36.7674
6818,2.1615,756.1822,189.1735,294.9558
6819,0.0692,5.4089,1.19,2.2269
6820,0.0817,7.0172,1.8054,8.486
6821,2.128,18.5904,5.2071,7.0501
6822,1.174,366.5219,93.4962,150.284
6823,1.614,90.1312,19.8459,37.4355
6824,0.8413,370.2124,128.7229,142.7593
6825,0.7685,335.1541,84.4246,135.7663
6826,1.3929,245.5508,56.1379,97.8274
6827,0.4248,50.3033,72.8643,18.6599
6828,0.3132,24.1448,6.3889,10.1178
6829,0.0765,26.6474,6.422,10.6884
6830,0.9305,114.8496,30.1302,45.0568
6831,1.3027,317.1157,86.6881,127.2897
6832,0.8462,288.9614,80.798,112.1315
6833,1.9837,876.0213,220.581,364.7268
6834,1.9164,374.7267,83.9931,458.2771
6835,1.6608,719.9779,177.2928,291.6337
6836,1.0392,148.0583,28.6376,54.5352
6837,2.1632,777.0853,178.2453,307.0327
6838,1.3526,306.9087,84.5041,127.9553
6839,1.3314,529.2641,115.3662,203.82
6840,0.5623,170.9097,40.6572,64.7264
6841,1.8772,803.5407,181.6293,299.1351
6842,1.3798,245.884,63.7761,98.3089
6843,1.9641,536.1499,136.664,217.2423
6844,1.4965,297.8579,62.983,121.9812
6845,0.9242,41.3273,11.5387,17.0831
6846,1.3913,56.3429,16.1354,21.502
6847,1.3733,269.5708,63.9024,108.3031
6848,1.344,4.1583,1.0598,1.562
6849,0.2396,10.8754,3.0927,4.2215
6850,1.3904,657.6125,183.6528,258.9622
6851,0.1555,31.1488,7.0637,36.6065
6852,2.0039,94.3382,21.8136,39.5416
6853,1.8033,23.378,5.9581,8.9723
6854,1.678,781.7489,225.7448,333.6851
6855,0.3748,19.5043,4.6496,7.6779
6856,1.1143,347.8579,76.1832,145.8857
6857,0.863,286.7147,76.9407,112.8832
6858,2.1352,523.1725,140.6066,198.0131
6859,0.5106,118.9565,27.3585,50.0795
6860,0.0773,4.6256,1.1239,1.7643
6861,1.9573,480.6373,122.2855,202.6371
6862,1.8525,390.1,107.398,160.353
6863,1.8945,619.6409,139.3821,259.8044
6864,0.7359,90.0337,18.8307,35.1192
6865,0.1644,59.3455,13.6012,22.7147
6866,0.4476,93.9282,25.9192,37.6135
6867,0.4462,121.9146,29.2588,47.4097
6868,1.4768,166.5431,35.0338,66.9725
6869,1.6953,11.0378,3.2127,4.3868
6870,1.1528,134.3167,35.4468,53.0903
6871,1.1186,2.3227,0.5338,0.9224
6872,0.946,268.9927,59.4543,107.6792
6873,0.6429,63.6296,15.4343,26.3901
6874,1.0745,276.3345,60.1182,109.0821
6875,0.4384,176.506,48.2346,65.4937
6876,1.8629,532.0936,150.3113,213.563
6877,0.5734,30.2176,7.0443,13.1314
6878,1.0237,374.0654,89.8712,149.0741
6879,0.2196,21.8101,5.2465,8.8183
6880,1.2557,32.7853,7.1657,13.0469
6881,2.1938,386.2888,91.8987,149.7771
6882,0.8668,88.2602,22.2807,33.6928
6883,1.628,118.4126,28.7335,46.8127
6884,0.0854,0.5107,0.1234,0.2009
6885,0.0639,2.7248,0.8021,1.0871
6886,2.1741,740.6489,193.3783,291.4185
6887,1.4941,443.8111,121.6303,181.3668
6888,0.9718,91.1079,24.4544,37.2662
6889,1.563,330.2036,90.2397,136.0691
6890,1.7129,209.08,62.8716,79.742
6891,1.9233,813.2018,199.0132,313.7788
6892,0.2525,103.3051,30.6636,42.3659
6893,1.1212,2.7391,0.7957,1.0643
6894,0.5426,228.8027,52.5615,95.429
6895,0.4496,94.5,21.7945,39.5567
6896,1.884,885.0076,229.195,345.4296
6897,0.6512,170.7553,41.1226,66.2605
6898,0.5595,256.3222,63.2491,105.0827
6899,0.3717,113.1316,28.3901,49.9286
6900,0.3729,126.5838,34.1255,53.4031
6901,2.0406,859.6676,195.2464,328.1922
6902,0.1897,63.4477,14.9409,25.162
6903,1.631,614.1984,164.3969,246.8986
6904,1.6933,170.3614,45.3193,67.6452
6905,1.3404,416.9572,105.9837,173.6878
6906,1.8278,469.8843,133.4185,178.847
6907,1.3358,615.6777,133.9483,248.6447
6908,0.0205,0.0408,0.0104,0.0156
6909,0.3135,14.4286,3.5286,5.5101
6910,1.8523,821.0984,181.9214,323.6103
6911,1.8564,385.0784,84.804,148.5772
6912,1.0172,4.8932,1.4942,1.9607
6913,0.6175,54.5302,14.2404,21.172
6914,1.421,648.3151,164.1861,255.3624
6915,1.1422,46.3191,11.7439,19.6246
6916,0.4617,180.0545,50.5751,71.6491
6917,0.278,59.5168,14.1934,23.6649
6918,0.3095,15.9168,4.3168,6.2951
6919,1.2555,228.3693,56.4706,93.1955
6920,2.2084,167.0254,43.3672,68.0728
6921,1.042,75.477,18.1776,93.3097
6922,1.0673,72.1265,17.2426,29.1009
6923,1.8483,319.4138,83.8539,124.8021
6924,0.5243,177.8728,47.4258,72.2344
6925,0.7704,179.4318,38.8563,78.4729
6926,1.7615,475.6293,108.2294,199.315
6927,1.2835,97.3585,24.4925,38.9461
6928,0.8905,245.4173,60.4905,94.5804
6929,1.1137,231.8249,65.9888,94.9173
6930,0.2225,32.2104,8.9745,12.3978
6931,1.8902,419.8327,93.2915,163.8175
6932,0.9697,211.8378,56.3109,83.8622
6933,0.0204,5.5394,1.5787,2.0815
6934,0.8739,93.3173,23.0505,36.0551
6935,0.9231,203.3137,44.9599,75.8504
6936,0.6035,121.4537,25.5034,50.2658
6937,0.0204,0.8842,0.2096,0.3445
6938,1.4895,371.756,89.7781,148.8237
6939,0.9779,73.5553,20.1532,28.5334
6940,1.3899,384.9584,94.7452,148.8545
6941,0.6799,255.1635,69.393,93.6643
6942,1.584,117.6661,29.5879,44.2441
6943,0.21,43.3739,9.6327,17.1834
6944,0.3417,158.1505,36.8489,60.5635
6945,0.972,184.9063,41.71,71.2635
6946,1.761,807.9306,188.2505,319.7046
6947,0.6943,304.6396,76.7887,126.9416
6948,1.8078,396.934,95.7242,153.1061
6949,2.0919,334.5935,86.7797,126.022
6950,1.1141,398.274,94.509,162.7799
6951,1.76,808.1681,178.5653,314.5358
6952,1.2265,473.2399,117.5562,200.2107
6953,1.599,54.9616,13.2839,23.7391
6954,0.2253,18.3046,4.0077,6.9655
6955,0.4964,173.623,44.7431,70.8997
6956,1.6521,657.2872,152.3631,262.5962
6957,1.2846,481.7217,118.7347,180.3541
6958,0.6776,232.0957,69.0619,96.5499
6959,1.8176,201.9247,47.6572,78.7001
6960,0.4352,35.4972,8.1385,15.2928
6961,1.9298,189.9793,267.3891,74.7165
6962,1.0258,145.0892,38.4853,58.2387
6963,1.8374,355.484,93.7861,136.2659
6964,2.1295,754.4374,186.8564,296.8904
6965,1.2848,188.1688,45.3493,73.6207
6966,1.7535,442.1593,111.3497,172.6436
6967,1.1967,306.1103,84.3561,122.9234
6968,1.0035,90.6209,24.3113,38.5332
6969,0.5484,166.526,48.9623,64.1435
6970,0.694,174.0825,48.4931,67.8895
6971,1.9399,378.9609,100.4269,146.9514
6972,0.5167,103.1316,26.4991,122.9386
6973,2.1843,514.8752,124.1062,199.208
6974,2.1691,710.2818,182.5557,272.0704
6975,0.9499,296.7181,72.4459,124.7954
6976,0.1419,12.4192,2.886,4.8617
6977,0.0757,19.0433,4.4871,23.618
6978,0.0358,0.0111,0.0027,0.0044
6979,0.1859,81.8012,17.4418,32.9167
6980,1.901,310.5858,86.9537,121.4262
6981,1.5449,214.1976,55.4405,83.1599
6982,0.6369,216.3206,64.2813,83.5195
6983,0.9985,425.8482,578.6662,165.5336
6984,0.33,28.8241,7.0244,11.2905
6985,0.9206,4.8087,1.1707,1.9803
6986,0.6017,118.1961,183.4614,46.7996
6987,0.9526,55.7527,13.852,21.5622
6988,0.1543,38.0761,9.1571,15.8008
6989,1.3374,556.9738,121.3935,221.7147
6990,0.4967,78.9549,17.4864,30.6359
6991,1.8808,863.9569,259.8492,332.3971
6992,1.454,209.6972,55.4772,81.7394
6993,0.678,168.1801,35.7807,67.2732
6994,2.0042,0.116,0.0278,0.0439
6995,1.9755,131.1425,34.6192,53.3522
6996,0.8894,344.8337,81.737,143.9125
6997,1.8905,394.7104,101.4304,166.6206
6998,0.6218,28.4465,7.2782,11.0818
6999,1.0179,211.802,54.0491,88.6715
7000,0.2551,113.0986,25.3517,44.3184
7001,0.3913,127.2965,35.2164,51.6037
7002,1.5055,522.1303,137.8366,199.2758
7003,1.8639,869.5415,1152.652,375.1307
7004,0.0157,1.1903,0.3275,0.4799
7005,0.5922,233.8721,50.9449,100.7684
7006,1.1657,545.1875,147.3632,221.7923
7007,1.2815,371.8229,89.6589,135.8834
7008,1.2326,359.8972,81.48,141.2796
7009,1.0447,447.5058,102.6277,176.8363
7010,0.351,32.513,7.9877,43.6563
7011,0.9354,49.9265,12.3708,18.6196
7012,1.4692,242.9194,57.1203,103.4558
7013,0.0124,1.9186,0.5209,0.7514
7014,1.5116,338.9994,75.8558,133.327
7015,2.0962,80.8482,21.3146,35.5741
7016,1.2141,84.4334,20.7363,103.4043
7017,1.0843,341.0512,93.6296,137.7853
7018,0.0453,3.9175,1.0715,1.636
7019,1.9874,405.2517,102.8629,160.5156
7020,1.6757,27.2756,6.7369,10.6454
7021,1.1659,121.4178,34.2324,49.0412
7022,0.0933,22.6463,5.8008,8.5695
7023,0.3019,82.3401,19.141,31.7147
7024,1.7711,84.6982,22.8469,106.7391
7025,1.9015,421.0098,104.8191,168.0889
7026,1.14,43.1191,8.8272,16.424
7027,1.2094,165.6725,35.2445,69.201
7028,1.3244,384.4998,99.8949,151.3003
7029,2.2263,1018.5921,244.9933,435.6639
7030,2.0938,48.2059,10.5533,18.4998
7031,1.329,409.2947,105.1514,156.8833
7032,1.213,142.8607,193.6197,58.4557
7033,1.8961,778.1462,200.4467,286.4961
7034,0.9394,96.5741,22.647,40.3068
7035,1.9712,291.8802,83.4104,124.9472
7036,0.8811,374.2265,93.3911,151.6876
7037,2.1288,454.3885,112.1756,174.1636
7038,1.8229,698.6169,159.2176,289.431
7039,0.7924,358.5387,82.1906,149.0235
7040,1.7173,610.0218,158.1705,250.4808
7041,0.3611,159.5703,40.2256,188.2572
7042,0.9904,78.5072,18.7912,30.3295
7043,0.2719,127.1637,35.0861,53.4205
7044,0.1422,55.022,14.9903,22.7373
7045,1.2231,447.9314,109.0088,179.7872
7046,1.5176,231.1949,54.4172,89.9113
7047,1.1192,108.7343,28.5782,44.5398
7048,0.4784,165.321,43.0252,64.5026
7049,1.7438,314.0599,72.1039,122.8936
7050,1.6771,139.5785,33.4241,56.0377
7051,2.1138,63.478,14.6723,24.0026
7052,2.0077,342.0692,86.3217,441.32
7053,1.0389,14.8433,4.4616,6.0298
7054,0.6805,174.396,46.6736,72.1768
7055,1.2058,247.0174,67.512,97.086
7056,0.6773,300.3399,80.6329,118.0155
7057,2.0107,52.472,14.9965,20.544
7058,1.9069,857.6653,209.0861,369.6238
7059,0.5159,108.183,22.9175,151.0796
7060,0.157,41.9081,16.0103,16.7834
7061,1.47,484.7938,152.1851,193.9957
7062,1.8166,843.1582,189.0867,967.3976
7063,1.6228,397.9701,106.4767,162.1763
7064,0.5081,177.9789,47.0557,231.6423
7065,0.8078,232.5997,61.3687,94.3954
7066,0.6253,109.1721,25.2951,45.8766
7067,0.5407,135.0369,29.2358,54.61
7068,2.1073,856.4956,234.9162,1096.5621
7069,0.3213,31.6935,7.5808,13.284
7070,0.5417,50.6642,11.6733,19.9881
7071,0.1115,15.3734,3.4604,6.0659
7072,0.4391,62.1798,15.9476,24.603
7073,1.7931,590.1962,160.8746,237.7701
7074,1.0663,466.3875,127.4873,175.2886
7075,1.81,44.6601,11.919,17.5048
7076,0.3517,63.5331,17.4557,26.1727
7077,0.7099,301.4523,80.8261,125.3664
7078,1.177,501.4277,150.1952,186.0517
7079,1.358,413.5611,105.5161,168.7457
7080,1.8098,434.0976,106.935,178.5179
7081,1.0672,328.071,79.8423,134.1347
7082,0.5388,232.565,64.7509,102.7104
7083,1.2382,498.0417,128.8193,195.5892
7084,1.4296,404.8088,99.9022,151.9043
7085,1.805,354.3894,77.4408,130.6053
7086,1.7554,266.7195,67.6332,111.3259
7087,0.3502,53.1724,15.7098,22.2514
7088,1.2674,43.4353,13.4538,17.0473
7089,1.2765,155.1378,47.2448,62.208
7090,1.1269,328.8074,97.2721,128.53
7091,0.7129,140.7975,30.5589,55.1066
7092,0.3806,79.1849,21.1635,33.5327
7093,1.6345,129.8679,31.502,49.7116
7094,1.0552,471.1683,125.7045,185.0186
7095,0.1985,34.3209,9.2887,14.1407
7096,1.8644,771.1544,195.6449,301.069
7097,0.9873,275.2109,58.9244,111.6326
7098,0.4603,106.2379,30.6781,43.7204
7099,0.5727,37.2824,9.0251,14.8862
7100,1.9851,487.2341,128.8083,180.0905
7101,1.962,316.8718,430.1246,133.134
7102,1.3444,236.9578,52.7192,88.6653
7103,0.9253,191.8352,54.8021,78.2396
7104,0.6843,132.1684,32.0999,165.737
7105,0.4793,157.2205,36.054,63.3521
7106,0.7062,76.3574,17.1636,29.0349
7107,0.9913,102.2929,26.7025,41.2388
7108,0.1197,1.0502,0.2726,0.4608
7109,1.6707,371.6892,96.8481,145.9671
7110,2.2201,443.9919,107.776,560.5956
7111,1.6875,298.0263,63.496,120.8868
7112,0.5413,110.4081,30.9165,40.6595
7113,0.1481,19.2469,5.0824,7.9144
7114,0.9283,417.23,105.045,162.4686
7115,1.7672,608.2078,142.7849,246.5924
7116,1.6653,234.6922,50.6477,97.939
7117,1.1746,146.0746,42.8852,59.7798
7118,0.6912,3.3131,0.8223,1.2709
7119,1.7758,731.1938,173.3488,302.6671
7120,0.249,35.2199,8.0994,14.4615
7121,2.1023,171.3849,44.4708,68.6075
7122,0.6562,198.0556,42.9183,81.168
7123,1.214,353.5924,84.7501,139.1254
7124,1.0225,108.7987,22.5246,44.2927
7125,1.562,292.3272,78.4555,114.7786
7126,0.994,387.239,90.7015,146.2762
7127,2.1304,161.5336,37.6609,65.6325
7128,1.9183,81.4186,25.679,30.1333
7129,1.2234,525.4465,102.9808,214.5986
7130,0.9278,301.7942,72.9116,345.536
7131,2.0983,804.1702,197.1967,330.9889
7132,1.9357,503.4621,134.8376,202.5417
7133,0.4207,147.6766,32.4139,61.639
7134,0.6002,116.4551,31.4739,45.0392
7135,0.9529,398.5353,105.2742,538.5986
7136,1.9806,905.9493,202.939,390.6804
7137,1.8944,489.3556,115.3693,191.8748
7138,1.5973,287.4103,62.6314,113.5586
7139,0.2114,44.6477,11.0079,16.485
7140,1.7912,522.713,115.8799,209.1563
7141,1.9131,525.258,124.392,218.0117
7142,0.8394,3.4895,1.345,1.3526
7143,0.7955,340.1757,86.4912,137.3854
7144,1.1687,529.2427,136.7727,220.0112
7145,1.0642,83.6696,18.9312,34.4629
7146,1.505,16.4445,4.8885,6.4898
7147,0.8118,346.6885,106.1796,144.1614
7148,1.0352,343.4971,83.3241,137.9651
7149,1.7582,524.9495,131.0026,212.6362
7150,0.392,163.2019,37.9271,64.2433
7151,0.1236,51.2398,13.1677,19.8941
7152,1.033,39.878,9.5145,16.2362
7153,1.2668,144.0398,38.1904,55.6123
7154,0.1816,43.1417,11.6697,17.8264
7155,0.7593,97.5167,24.8692,40.3588
7156,0.5395,29.1475,7.0889,10.7133
7157,0.8198,103.4986,27.8437,41.0828
7158,1.4245,200.275,55.152,79.8137
7159,1.7935,706.4638,156.9238,280.0405
7160,0.0395,13.029,2.9493,4.9419
7161,1.3958,197.9751,52.7172,77.8048
7162,1.0864,277.1166,448.5308,114.6327
7163,2.1114,863.281,222.0717,337.6837
7164,0.6846,115.338,31.4786,47.6684
7165,0.5263,156.7951,31.8189,66.641
7166,0.6872,224.9174,54.8529,99.3034
7167,0.2387,91.8552,24.8214,36.4534
7168,0.3424,7.9277,2.1435,3.1377
7169,2.1156,883.3921,249.1474,351.5806
7170,2.2193,1021.7995,270.441,385.2525
7171,0.1593,32.4035,9.0632,12.1406
7172,2.1048,263.1339,57.2738,106.2724
7173,0.2288,32.3303,8.5992,13.2267
7174,0.8863,139.2019,31.9016,53.4127
7175,1.7236,551.9628,136.4158,211.2108
7176,1.2964,80.4621,18.2379,32.7225
7177,2.1067,117.9469,29.9451,50.8841
7178,0.5238,80.0051,17.2652,100.1865
7179,1.8383,53.3135,14.4562,21.0313
7180,0.6288,248.1453,63.9576,102.5945
7181,0.7721,182.7712,44.5463,72.7963
7182,0.8382,93.6278,21.9165,39.4398
7183,1.1052,25.8556,5.5172,31.9087
7184,0.311,62.4286,13.5209,25.5819
7185,2.2262,831.57,207.54,329.0992
7186,0.2381,30.5763,7.7733,12.5816
7187,2.2214,832.3039,222.4482,314.8715
7188,1.0395,389.2565,80.6694,150.4531
7189,1.6305,586.212,143.3262,242.6463
7190,0.7593,85.9028,19.0271,36.1134
7191,0.1441,17.034,4.5248,6.9456
7192,0.202,69.6848,20.0261,30.4575
7193,1.1732,478.7349,118.2711,180.8774
7194,2.2093,753.5878,186.7902,318.0885
7195,0.1111,3.5522,0.8279,1.3593
7196,1.3211,146.2146,30.8877,62.4301
7197,0.5678,28.0033,7.7839,10.8577
7198,1.3878,524.4701,113.5631,210.7401
7199,0.9866,377.6906,84.8704,148.9434
7200,0.3608,109.027,27.4084,45.4951
7201,0.5637,178.4654,49.1842,72.8211
7202,0.014,4.6974,1.1382,1.8084
7203,1.7531,526.8148,128.0213,213.9899
7204,1.711,240.1921,57.0918,96.5305
7205,1.1324,281.9941,70.1216,109.5549
7206,0.1838,32.6292,7.2915,12.5717
7207,1.864,53.6933,13.633,19.579
7208,1.4508,68.5123,15.0827,28.0346
7209,0.5673,146.1733,35.0103,59.5846
7210,1.1461,250.8419,74.5145,95.2358
7211,0.3907,12.7329,3.34,5.1959
7212,2.1042,868.2018,216.4518,363.1221
7213,1.8292,851.5857,227.7877,328.1763
7214,1.7412,358.0282,74.6869,148.2106
7215,1.7551,324.6538,78.9081,132.6905
7216,2.0704,219.416,56.823,88.1337
7217,0.5318,248.8862,75.1635,99.2396
7218,1.0235,227.8609,60.7406,95.0156
7219,1.6804,132.0179,30.9194,53.6746
7220,0.9,268.283,64.0456,108.1816
7221,0.8786,264.1735,69.6371,105.2581
7222,2.158,647.34,172.6793,233.6937
7223,2.0702,962.617,1334.9669,371.7172
7224,1.2043,162.5686,46.1359,69.3426
7225,0.6259,272.0049,72.5283,101.4154
7226,1.7281,801.0007,210.3443,313.2726
7227,0.8318,60.5143,20.5185,26.4198
7228,1.092,94.5613,25.4128,37.518
7229,2.0538,421.1806,112.8366,166.9102
7230,0.5173,97.2459,26.1606,37.8115
7231,2.1586,301.5661,75.6356,121.0969
7232,1.6582,768.7415,190.8915,331.1511
7233,0.0541,24.0032,5.8123,9.8066
7234,0.0863,3.4617,1.0149,1.3216
7235,1.6057,488.0882,118.49,649.8815
7236,1.4818,23.1172,6.0758,9.0744
7237,2.0678,858.9175,261.3129,305.6906
7238,0.4674,99.784,23.6151,40.203
7239,0.539,209.2277,49.1932,77.3523
7240,1.0962,512.6577,131.0101,204.4085
7241,0.1666,10.3889,2.7573,4.1791
7242,0.3908,15.7634,4.2201,6.1182
7243,2.0573,722.3018,153.8074,297.7707
7244,0.6939,72.4442,98.8482,91.8446
7245,2.1711,313.3673,79.7914,441.7979
7246,0.1697,65.2532,16.9627,26.9797
7247,0.4277,18.7249,4.3093,7.9954
7248,0.6395,185.1654,45.5995,72.6169
7249,0.1276,16.387,3.9896,6.4298
7250,0.3543,14.6495,3.7256,5.8689
7251,0.9401,142.237,42.3703,57.7177
7252,1.4902,686.5016,155.3156,275.3221
7253,0.275,73.7905,20.6452,28.6256
7254,0.5563,15.5289,3.274,6.0179
7255,1.5322,546.9409,157.5237,215.4867
7256,1.3384,462.1262,108.2966,187.0931
7257,2.2066,196.8407,43.5748,78.614
7258,0.9533,214.9163,56.092,265.9018
7259,0.896,395.9109,121.3606,153.9481
7260,2.0844,52.5327,13.7239,19.9353
7261,0.0955,20.362,5.9534,8.6222
7262,2.1917,988.7776,244.4101,387.4511
7263,1.2203,6.3705,1.4209,2.5291
7264,1.2918,190.2926,43.3051,70.5225
7265,0.2525,30.5539,8.2629,11.7594
7266,0.6651,70.9818,17.0378,26.4003
7267,0.4174,34.629,8.7548,13.1575
7268,0.8539,354.5633,100.3053,139.2838
7269,1.4112,579.2572,142.332,225.9205
7270,1.1584,139.3898,39.3243,56.1159
7271,0.5609,218.2549,52.3941,80.487
7272,1.0994,404.9811,103.2084,166.8732
7273,0.6978,312.2982,89.1931,122.9162
7274,0.6674,283.4913,67.1269,115.8246
7275,1.1609,433.3687,122.0959,170.4514
7276,1.568,213.9529,58.4735,85.4813
7277,0.0382,13.7893,3.0322,5.1421
7278,0.2789,128.0207,29.2311,51.2211
7279,1.5247,534.3445,140.6781,227.1895
7280,0.3978,2.6316,0.5984,1.0203
7281,1.1052,189.1001,55.5805,71.1453
7282,1.1507,418.188,88.0814,164.4405
7283,1.3725,98.7356,26.5951,38.648
7284,0.5669,166.8119,40.29,64.1767
7285,0.0945,10.5694,3.1255,4.3247
7286,1.3632,496.4123,131.7374,184.8362
7287,1.1165,190.4999,46.35,75.2183
7288,1.5109,610.9784,172.2972,246.64
7289,1.1757,12.9083,4.0817,5.0045
7290,1.0885,203.0223,44.5323,83.2353
7291,0.7348,130.3426,35.115,54.3785
7292,0.5349,132.9597,32.2382,52.0814
7293,1.2663,270.2136,66.3313,99.274
7294,1.9037,782.4233,203.8095,320.8602
7295,1.1774,121.561,33.407,46.3068
7296,1.583,737.3251,169.1806,301.4694
7297,0.2274,49.9507,12.7954,20.1903
7298,1.2398,66.1272,16.564,26.8502
7299,2.0905,612.8741,156.215,250.5554
7300,1.3013,573.7432,139.6559,225.9972
7301,1.8869,530.8535,139.8571,211.1455
7302,1.0031,346.4343,85.8778,136.5869
7303,1.6823,605.1085,145.9095,231.3771
7304,1.6467,756.589,177.4267,303.0952
7305,1.814,274.8523,61.8005,118.3064
7306,1.0187,280.2307,85.3887,121.1077
7307,0.0455,6.2907,1.568,2.4577
7308,1.7374,159.435,42.7574,64.3153
7309,1.1868,530.9142,137.7481,204.4125
7310,1.9955,702.5053,191.5316,299.717
7311,0.7175,237.0034,55.331,90.6882
7312,1.9672,96.8652,21.1385,39.8638
7313,1.9751,756.7222,206.0959,295.1806
7314,2.096,95.6082,26.19,39.6394
7315,0.082,36.8851,10.0743,14.6085
7316,0.2843,39.1967,11.1232,14.1965
7317,2.1657,672.1818,157.4203,261.7264
7318,0.6712,293.956,83.6552,115.4173
7319,0.6628,193.4766,56.5104,76.971
7320,0.6496,67.7179,17.3581,29.8135
7321,0.8601,205.143,45.0231,80.3856
7322,1.3507,64.3268,15.3478,25.562
7323,1.941,778.8541,204.3823,307.1138
7324,0.0248,8.1907,1.6747,3.0435
7325,2.1187,421.366,118.0051,166.8458
7326,1.8094,41.5192,10.0383,16.1915
7327,0.9672,215.3088,52.5443,85.2665
7328,1.4672,603.7963,146.7824,243.9026
7329,1.6231,347.5908,92.49,142.6957
7330,2.1443,329.161,75.704,137.0865
7331,0.6754,135.5525,32.5067,57.0965
7332,2.2186,711.6848,237.2653,280.0998
7333,2.1861,143.5179,34.1568,55.7953
7334,1.0561,239.3977,60.2825,328.4885
7335,2.181,328.173,86.8505,127.7079
7336,0.757,289.3479,71.1885,111.3619
7337,0.7709,234.5419,61.7032,90.5828
7338,0.6623,39.9581,8.9972,15.9208
7339,1.4737,555.3055,860.9489,228.1329
7340,2.1193,613.2785,178.0474,235.3341
7341,1.0056,52.0643,12.2734,21.5875
7342,2.1424,944.9759,250.9842,376.6631
7343,0.0728,34.3889,7.594,13.5666
7344,1.3934,560.5694,143.6328,218.7638
7345,0.3812,1.4127,0.3419,0.5721
7346,0.9791,96.9167,20.5546,39.9961
7347,0.3481,162.5525,40.6069,66.5284
7348,1.5308,328.0787,88.7695,124.4038
7349,1.3583,579.4531,151.162,228.3291
7350,1.5606,321.4806,82.5309,131.7457
7351,0.6195,77.8646,18.6358,30.316
7352,0.9654,186.113,45.2189,237.2403
7353,1.2657,292.0767,71.6467,374.3878
7354,0.9925,281.555,70.8109,122.6165
7355,1.6486,488.7843,116.9329,207.9771
7356,1.551,97.7104,26.4934,35.6313
7357,1.1923,492.3156,113.5763,192.0759
7358,0.8397,297.4193,69.0283,113.8117
7359,0.5683,4.4115,1.1008,1.746
7360,1.6089,649.4877,182.2776,260.8995
7361,0.432,169.7458,49.9089,64.3278
7362,0.4094,191.4616,52.7693,77.0971
7363,2.0455,758.0006,202.1762,291.4714
7364,1.7463,475.4288,102.8032,188.3001
7365,0.186,24.0448,6.7146,9.5606
7366,0.3386,86.5777,22.7612,35.5404
7367,1.2381,146.1194,43.2604,60.2415
7368,0.6306,52.3196,10.0799,19.0435
7369,0.3521,157.7146,40.0733,60.1918
7370,0.8013,119.3267,162.1815,47.5777
7371,1.8419,72.4035,20.6332,27.3006
7372,2.1635,612.4125,165.7649,242.7632
7373,0.4802,66.9272,14.0617,27.5645
7374,0.5398,87.5869,21.6357,36.6404
7375,0.9489,395.1365,96.0753,162.334
7376,0.559,250.4567,63.818,102.322
7377,0.6325,98.7582,24.6964,40.4967
7378,1.0725,287.0898,80.3954,112.7773
7379,0.1721,65.0134,15.2205,26.5265
7380,1.8006,26.3587,6.6323,9.8584
7381,0.8994,398.9352,103.4369,147.6495
7382,1.6451,644.8817,162.6883,259.784
7383,0.9598,265.6948,60.9991,100.4876
7384,0.7702,278.8159,59.4441,107.0596
7385,0.9579,439.838,98.8083,171.2961
7386,0.3819,81.381,21.1572,32.9793
7387,1.9258,75.9539,17.8603,29.3989
7388,2.1298,74.8402,21.4911,28.1803
7389,1.5239,43.8051,10.8148,17.8822
7390,0.484,158.4458,46.8185,67.1069
7391,1.5554,590.8897,136.1004,237.0952
7392,0.2396,24.0101,5.7089,9.7801
7393,1.2444,269.8876,66.6969,112.1001
7394,0.5075,65.8055,17.0736,27.0257
7395,1.9243,753.257,181.2616,318.2653
7396,0.1865,63.4955,17.2594,27.3321
7397,1.7817,731.9911,1025.144,290.3356
7398,1.36,67.079,15.816,28.9588
7399,0.1382,36.1747,8.476,14.4614
7400,1.6269,213.638,58.7949,90.3289
7401,0.2531,95.1208,24.5788,40.1428
7402,0.7406,141.2548,42.1914,56.5808
7403,1.086,237.3172,66.2896,102.5559
7404,0.1169,3.1148,0.6979,1.2107
7405,1.5159,690.8398,177.5001,293.5001
7406,2.0062,793.0442,190.234,318.5241
7407,1.9266,117.736,27.4644,47.3346
7408,0.0574,11.1843,3.2191,4.3104
7409,1.2918,187.4199,279.3383,71.2578
7410,1.6697,118.7886,27.8729,48.059
7411,1.3182,43.244,9.3818,16.7186
7412,0.8094,95.5104,21.1464,37.005
7413,2.2018,30.4281,8.5702,12.2751
7414,1.1834,335.1673,77.1475,144.5476
7415,0.9132,162.8892,51.957,62.1229
7416,0.7671,299.5279,75.3815,116.3687
7417,0.5702,246.9063,60.8731,96.7015
7418,0.4571,210.2101,52.9249,86.3923
7419,1.6922,91.1562,20.8334,35.1982
7420,0.0604,2.0586,0.6132,0.887
7421,1.2599,147.0402,34.9081,56.2514
7422,0.8355,328.4354,75.1012,131.6103
7423,2.209,601.3317,138.6929,256.4083
7424,1.2741,469.0886,140.0107,179.5494
7425,1.0369,116.7772,27.6285,45.9072
7426,1.9359,0.0356,0.0085,0.0146
7427,0.4757,11.3418,2.9,4.7272
7428,0.9887,139.7252,36.6782,54.5808
7429,1.6963,268.9319,62.0467,111.5295
7430,1.4268,28.5632,5.9684,11.6742
7431,1.1831,481.5656,108.5091,187.2205
7432,1.1487,433.3469,88.9225,182.045
7433,1.1099,411.123,98.9859,163.9877
7434,0.7279,55.7704,15.3787,22.3554
7435,1.0026,104.1729,24.5916,42.1488
7436,1.1393,537.5397,122.5115,705.5518
7437,0.255,27.6026,7.285,10.8654
7438,1.8596,445.8477,106.8642,180.0314
7439,1.4897,534.804,151.0068,221.2389
7440,1.4276,253.962,61.8358,102.0714
7441,1.8939,447.3689,118.6994,180.9175
7442,0.7098,184.2012,47.0578,80.5223
7443,1.5644,139.2951,30.1631,54.4131
7444,0.0816,11.118,2.9787,4.5611
7445,0.5901,243.8377,50.3429,99.7853
7446,1.9595,589.5814,157.4769,242.4775
7447,0.9082,319.429,81.9993,127.3046
7448,0.8562,268.3126,57.3875,361.4776
7449,0.3908,149.1649,39.08,179.4465
7450,0.1138,34.5692,9.371,14.0327
7451,2.0539,687.8651,152.5742,271.805
7452,0.9613,217.2394,51.0285,84.3449
7453,0.9118,187.1078,41.4249,75.3147
7454,1.948,70.7208,19.6235,28.5688
7455,0.7972,17.6828,4.8938,7.0681
7456,0.3289,145.4861,35.3564,57.4284
7457,0.6809,114.4894,26.7306,47.5139
7458,0.6137,62.2995,15.3976,26.1065
7459,1.6285,248.4955,54.5958,98.5568
7460,1.0538,424.7268,107.1478,547.7434
7461,0.3458,108.3405,27.1751,43.4565
7462,2.0383,495.6782,104.6179,203.3089
7463,0.5118,110.5751,30.1823,43.9853
7464,1.8778,176.8564,37.3026,69.4276
7465,1.4795,578.6467,155.5488,212.9034
7466,1.653,635.2096,145.7471,247.703
7467,1.1219,372.6844,80.4372,158.0039
7468,0.4497,103.2793,23.5782,39.767
7469,2.0153,845.4167,196.5303,336.0807
7470,0.1767,0.4821,0.1398,0.1992
7471,0.5259,182.8414,47.5624,73.7701
7472,1.3193,256.0408,56.7672,102.5414
7473,1.6547,338.5484,86.9004,123.6563
7474,0.4301,76.1871,19.486,29.907
7475,0.7047,326.8499,81.7356,137.8436
7476,1.8441,340.2825,81.5982,138.7189
7477,0.7708,70.0548,19.1664,28.7571
7478,1.2258,139.9547,35.6549,54.8972
7479,1.9782,816.9537,185.3025,313.625
7480,0.6055,12.0153,2.8024,5.003
7481,1.4301,531.2877,116.0904,214.2177
7482,0.7739,160.7562,39.509,64.8767
7483,1.7548,394.9956,87.5245,158.7311
7484,1.2644,354.4552,94.6902,137.8519
7485,1.1043,137.911,39.5692,55.6164
7486,1.8042,664.1678,182.4922,238.5902
7487,1.6407,185.1002,49.2673,76.5046
7488,1.2555,462.6906,116.7401,193.8631
7489,0.7774,113.65,32.2287,45.184
7490,0.5163,216.5267,55.2404,91.6851
7491,1.1867,475.6642,144.7676,191.4833
7492,0.0105,3.3667,0.8948,1.3349
7493,0.1287,59.4243,15.2871,23.5398
7494,1.0536,458.8926,122.7554,188.0582
7495,2.0617,49.179,12.6595,19.0494
7496,0.3195,16.3225,4.5513,6.61
7497,1.1566,328.1065,82.6884,124.824
7498,1.0506,92.1969,24.1251,34.609
7499,1.5278,538.2393,685.2396,213.168
7500,1.4085,360.5724,81.3517,145.5503
7501,2.1342,355.708,87.7617,144.0226
7502,1.6014,713.782,180.4394,275.7189
7503,1.085,477.1543,124.8098,189.3055
7504,1.8306,584.4298,132.8496,211.6108
7505,0.0372,13.9648,4.0606,5.7332
7506,0.7411,205.4234,44.8154,84.6761
7507,0.8216,356.0609,81.5942,151.5819
7508,1.5513,46.9319,12.2928,19.2001
7509,0.7746,327.2636,91.9147,136.1703
7510,0.2693,27.3312,6.2734,10.36
7511,1.4089,504.5046,133.2934,187.9893
7512,1.6784,492.0878,122.5483,193.6026
7513,1.386,162.723,36.4754,65.318
7514,1.0948,300.6063,62.3914,113.2637
7515,0.2445,56.9351,14.3527,23.0778
7516,0.7499,126.5653,33.7746,51.75
7517,0.19,70.0218,17.8739,27.5707
7518,2.1734,345.9591,75.6286,143.4242
7519,0.7364,275.3187,75.8989,105.2032
7520,1.9972,530.217,153.9465,225.4754
7521,1.926,345.4739,89.6473,135.8944
7522,0.4459,137.0507,30.8534,54.0637
7523,1.6586,513.0233,112.0265,207.5008
7524,0.5674,14.3129,4.0791,6.1156
7525,0.5691,38.4279,9.185,16.1958
7526,1.8259,727.7547,171.4549,298.5029
7527,0.13,53.7367,13.4476,20.4444
7528,0.3876,47.9176,13.0935,18.6964
7529,0.6094,62.9022,17.1252,24.6115
7530,0.5706,39.8996,9.839,15.6354
7531,1.5148,462.1275,87.931,181.296
7532,0.2745,13.9993,4.3246,5.6743
7533,0.9841,389.1121,93.2103,154.7547
7534,0.8687,76.9518,30.7336,96.2498
7535,1.1851,486.9267,126.9795,193.7711
7536,0.4816,195.921,45.7517,76.8993
7537,1.6647,399.715,94.8252,149.925
7538,1.9346,712.4442,163.2837,290.1559
7539,1.0859,481.6633,112.8297,205.026
7540,0.3049,123.4743,32.7347,147.8965
7541,0.6553,10.9541,2.8527,4.2349
7542,1.3062,405.4171,96.2874,153.647
7543,1.5375,98.5634,22.2189,39.6677
7544,0.9598,299.8507,83.5358,113.2971
7545,1.8037,703.1508,192.0249,297.7749
7546,0.0487,13.8817,3.3576,5.6436
7547,1.9895,812.4072,286.8146,313.8883
7548,0.1678,42.6332,11.1014,18.34
7549,1.6735,512.0136,118.0779,210.4719
7550,1.0462,304.79,68.7344,127.1972
7551,1.8907,78.5515,16.1483,28.3289
7552,1.8126,312.1749,85.4611,122.508
7553,0.2362,78.3022,20.0921,32.1916
7554,0.9293,258.1531,75.6403,94.3179
7555,1.8435,631.7403,186.1889,251.8814
7556,1.3155,265.4475,64.3762,102.7658
7557,1.5736,72.4038,15.0139,29.1473
7558,2.1344,838.1251,235.3841,344.2129
7559,0.9654,443.6947,116.3572,186.4192
7560,1.8213,36.4164,9.5239,14.9307
7561,0.8762,374.3546,111.8665,149.7879
7562,1.2609,568.7613,164.5035,217.3703
7563,0.189,23.6218,6.0911,9.3864
7564,0.1806,63.7198,16.3972,27.3765
7565,0.8246,195.3088,49.2103,80.6793
7566,1.2484,544.4796,126.6996,212.8891
7567,0.8634,26.13,5.9602,32.9823
7568,0.1265,10.8588,2.5274,4.3468
7569,0.6317,88.985,24.5887,33.5058
7570,2.1508,343.1369,103.8805,137.166
7571,1.4272,401.021,110.2387,164.968
7572,0.5476,190.2956,45.1716,72.6914
7573,0.7849,21.341,5.9847,8.8187
7574,0.2555,109.0248,28.9059,43.3679
7575,0.8741,101.2881,24.1596,40.809
7576,0.051,8.829,2.2743,3.6835
7577,1.793,292.3555,80.4823,118.0521
7578,1.4602,88.1682,19.5133,33.8553
7579,1.0668,461.8456,122.193,195.7265
7580,1.1869,241.0517,58.8383,93.7676
7581,1.3735,523.661,117.1251,208.555
7582,1.1164,408.8389,106.7061,162.7824
7583,1.3365,19.1271,4.3453,7.3591
7584,0.7207,81.2095,17.6853,30.4627
7585,0.7931,39.4758,10.6082,14.2163
7586,0.0076,0.6832,0.181,0.2815
7587,1.8539,827.8336,239.4599,334.7003
7588,1.9836,131.0665,25.4093,53.8821
7589,0.6611,310.5448,95.7881,115.8051
7590,0.0224,4.2476,1.2984,1.5987
7591,1.6862,411.7287,98.0954,152.3895
7592,2.0133,845.1051,197.5589,311.6689
7593,0.9002,200.8234,51.557,81.8694
7594,2.2246,137.9681,37.1025,52.9169
7595,0.1414,46.7737,13.1328,17.498
7596,2.171,600.1209,136.7738,239.5602
7597,1.276,532.4268,122.3242,219.6126
7598,1.9167,479.0441,138.5267,184.4608
7599,0.6953,154.9341,43.0858,59.7929
7600,1.6003,115.4894,35.2395,46.4307
7601,0.8463,190.7956,52.8009,80.3938
7602,0.1325,44.6826,11.0487,17.8827
7603,0.1359,16.9035,4.7223,7.2493
7604,0.8421,364.0445,91.1522,139.3794
7605,2.0053,786.8476,197.299,318.2557
7606,0.5602,220.2592,64.7691,83.2618
7607,1.2031,468.8526,130.1361,173.892
7608,0.5781,82.9737,22.4923,33.7822
7609,1.6693,290.1398,78.8866,123.02
7610,1.9848,98.5404,21.2667,41.9545
7611,2.0246,702.1343,193.792,285.5862
7612,0.7447,62.1109,17.2897,26.2656
7613,0.2854,85.8972,22.714,32.7132
7614,2.1928,656.1019,170.4654,270.5688
7615,0.0609,11.3064,2.8806,4.6578
7616,1.3687,92.0016,25.0953,39.7865
7617,0.427,132.6356,31.6895,185.6533
7618,1.9063,795.2483,217.4233,316.2601
7619,1.8517,739.0627,193.9594,302.7603
7620,1.8596,216.0658,57.3973,87.0261
7621,0.5585,190.8882,45.1091,77.282
7622,1.5129,690.7387,167.0061,273.7476
7623,0.204,76.2711,18.4976,29.7139
7624,1.4326,270.391,71.0715,106.2686
7625,1.6972,49.4522,13.2371,19.8942
7626,0.2346,19.8924,5.1592,8.0719
7627,0.7186,248.5434,59.0851,97.4762
7628,0.6424,180.4993,243.3233,69.1374
7629,1.596,671.7432,150.018,251.1587
7630,0.9533,309.8697,70.1999,127.1424
7631,0.8825,297.0138,62.7785,114.028
7632,0.2585,78.7666,18.9616,31.9936
7633,1.2333,461.8451,97.5553,509.0155
7634,0.7736,36.9611,8.8581,14.8712
7635,1.343,46.3636,11.2922,17.8056
7636,0.9891,105.2457,29.5646,40.3604
7637,0.1811,77.2113,17.1589,31.3849
7638,0.9057,273.6045,70.3804,115.4485
7639,1.1907,422.7893,105.5546,186.998
7640,1.7041,764.451,187.1443,312.0237
7641,0.3675,124.7316,30.7743,51.2139
7642,2.2147,31.2224,9.705,12.8704
7643,1.7748,556.4958,134.9357,221.1234
7644,0.77,311.4022,75.4106,122.5666
7645,0.0312,7.2716,1.7948,2.9241
7646,2.0032,879.3235,219.087,353.6853
7647,0.3884,53.2154,14.6244,20.9795
7648,1.5666,587.1512,170.459,250.6055
7649,0.1627,36.0051,10.2244,15.2216
7650,0.263,27.948,6.7987,11.5833
7651,1.7163,369.0688,92.7344,139.5234
7652,0.6446,295.5611,72.8926,123.5209
7653,1.214,68.6844,17.2114,28.5595
7654,0.6539,148.7165,39.4192,58.0375
7655,1.2935,266.6485,63.6333,107.1829
7656,2.1343,225.1126,55.605,92.1705
7657,0.6969,175.3421,51.9204,70.3437
7658,1.1141,426.1844,114.7432,162.8685
7659,1.3185,537.2471,118.51,225.4662
7660,1.5003,464.4658,110.2098,182.6887
7661,0.8744,373.729,93.6204,425.6362
7662,1.7912,610.2658,148.346,807.9507
7663,2.0152,880.9644,197.0762,350.797
7664,1.2008,139.2927,31.7087,54.4796
7665,0.9107,300.5284,62.2896,121.2792
7666,1.2036,258.0136,67.3995,105.6365
7667,0.1177,22.0171,5.5382,8.1666
7668,0.0999,44.6337,10.7619,16.9054
7669,0.2995,28.7239,7.5955,11.8398
7670,1.7742,210.3497,50.4158,79.6744
7671,1.5083,366.9511,83.5999,144.4425
7672,2.0912,485.8467,157.8649,190.9288
7673,0.9499,9.5889,2.7264,3.9043
7674,0.4261,163.0697,39.825,64.5136
7675,1.7514,655.7065,143.8978,255.76
7676,0.6963,267.5449,57.0452,110.1371
7677,0.0395,6.0418,1.608,2.436
7678,1.1008,383.2684,97.3324,148.0428
7679,0.8179,263.5285,50.3267,111.5633
7680,0.5864,208.8161,60.0209,85.2707
7681,1.2101,389.6923,88.277,156.0755
7682,1.8886,659.7828,149.8659,259.1895
7683,1.1144,137.4711,32.1285,56.6902
7684,1.5339,284.594,67.6759,115.3847
7685,1.1042,469.4195,113.7376,191.9719
7686,2.044,233.9738,64.3691,88.5726
7687,1.9412,808.4829,180.3871,328.1206
7688,1.6933,349.6581,73.1332,137.5649
7689,0.3031,29.2851,6.1872,10.8174
7690,31.8802,35.9045,8.9215,14.0712
7691,65.4234,67.5652,18.8728,27.6161
7692,112.3668,131.6343,37.2288,53.8997
7693,136.4661,112.1302,30.0066,46.7008
7694,66.3344,47.6772,11.6616,19.3116
7695,44.0322,64.4489,16.3001,27.6062
7696,158.898,72.6286,18.4508,30.293
7697,66.6919,79.4673,19.1571,30.129
7698,28.4157,15.9038,4.0224,6.1664
7699,140.1855,166.3331,38.6683,64.8613
7700,187.804,106.1312,27.788,40.206
7701,58.4739,82.648,21.5265,32.6093
7702,166.4394,71.5003,14.8978,94.6343
7703,17.9728,28.4769,6.3672,12.0448
7704,51.4061,82.8467,21.6294,31.2486
7705,109.4523,65.7679,18.0376,26.9898
7706,178.9497,140.0641,34.1673,53.6804
7707,29.0049,31.4724,7.5433,12.5924
7708,134.8299,206.3525,49.5435,82.9956
7709,109.2428,105.4062,24.1486,39.3945
7710,141.3315,92.0035,22.0863,38.8525
7711,139.9929,153.29,34.199,183.6661
7712,109.8564,139.0509,38.48,56.5704
7713,76.5767,97.8974,23.4231,39.1807
7714,54.0417,27.7971,8.008,11.0827
7715,28.4615,31.0361,8.9895,12.1877
7716,15.2116,17.9685,4.322,7.6225
7717,34.7338,40.2286,9.3012,16.1613
7718,139.9579,194.8095,53.7016,76.4337
7719,175.2225,224.6964,57.9533,89.4862
7720,69.458,44.104,9.2869,18.1453
7721,138.3134,236.187,59.5806,94.5689
7722,159.6425,83.4083,19.4389,35.0576
7723,105.0113,170.824,41.0361,68.2274
7724,120.2507,182.6847,42.8303,68.1963
7725,62.0133,40.5805,9.3775,18.3012
7726,185.7566,306.0781,72.7463,125.1889
7727,11.5632,13.4594,3.5881,5.2187
7728,27.5952,41.6736,10.437,16.9048
7729,183.0733,275.8878,385.6725,109.6286
7730,171.5602,205.6182,55.4355,85.3913
7731,58.2767,86.5205,23.3978,106.8668
7732,162.1706,243.6278,70.7461,96.88
7733,51.5876,53.083,13.1751,21.7056
7734,42.0106,45.0434,12.01,18.3946
7735,102.2738,147.9678,33.1438,62.5891
7736,43.4193,20.7458,5.9995,8.3271
7737,38.2982,17.1366,4.6435,6.5704
7738,41.8311,61.2911,17.9669,23.528
7739,13.9448,15.0383,3.3145,6.2675
7740,153.2725,99.2202,26.8541,40.4875
7741,89.5314,100.7386,26.4627,41.3621
7742,186.3109,205.838,59.3697,258.0318
7743,162.6431,175.7471,43.5165,71.4672
7744,102.2724,172.9471,40.3675,63.8922
7745,68.7153,60.8237,14.8317,24.3994
7746,149.6614,190.8421,44.8447,78.1548
7747,187.0871,125.1762,28.0485,51.5173
7748,88.4621,97.4026,24.8345,38.7685
7749,146.8239,105.9521,24.9571,44.1906
7750,72.4296,64.0845,17.2959,26.5089
7751,169.8052,157.0607,44.5814,58.8844
7752,26.4753,33.4818,9.3662,12.7455
7753,41.6215,58.3608,13.5907,25.1351
7754,88.978,77.1969,23.1582,33.3014
7755,17.3947,11.5452,3.4322,4.802
7756,154.3528,78.9338,23.0959,30.928
7757,3.5105,3.2758,0.7304,1.3248
7758,113.3595,159.1571,38.4335,64.2998
7759,107.5591,169.8279,38.7945,69.1278
7760,97.5353,160.4122,46.4316,64.9637
7761,110.6579,130.3991,32.715,50.1843
7762,66.7536,44.7068,12.6955,17.6274
7763,163.0581,178.7228,47.0474,72.1278
7764,80.7242,120.905,35.1487,47.9966
7765,118.2291,65.6805,15.7098,25.7273
7766,106.1452,52.234,12.9009,19.6363
7767,120.8679,177.6357,46.1839,69.3816
7768,22.1906,29.7354,7.7589,12.3741
7769,129.1714,113.53,26.5991,46.7829
7770,41.7761,65.4078,19.3299,28.7199
7771,44.3771,74.4717,20.4642,30.9923
7772,182.5016,277.7066,71.8134,114.9342
7773,20.1433,19.3618,5.0135,22.9209
7774,82.1684,116.306,27.005,44.4626
7775,10.2553,13.8405,2.9526,5.719
7776,32.6778,48.05,11.7009,20.6124
7777,93.0334,99.6301,24.8431,120.4958
7778,43.0055,48.9866,10.111,20.615
7779,193.1154,85.8247,19.0396,37.1
7780,87.4346,110.2836,24.5688,43.1143
7781,99.2819,54.5048,14.7191,20.911
7782,134.7725,95.6811,27.8232,37.4479
7783,61.369,81.6268,20.0866,101.9953
7784,156.7707,118.0595,29.8309,48.3228
7785,93.9066,67.9301,17.6687,26.9492
7786,25.9306,16.1888,4.8155,6.1071
7787,138.8564,165.9345,51.4082,65.8842
7788,46.9463,40.4379,10.0506,15.505
7789,88.9274,79.3264,21.6673,31.1323
7790,67.9894,66.7095,15.9494,27.3705
7791,178.233,182.2087,40.4618,77.5245
7792,70.1264,66.8822,18.5621,29.2259
7793,40.6029,37.0773,7.9321,14.4766
7794,92.5049,102.99,28.5883,41.058
7795,37.7537,41.0801,10.1768,16.3223
7796,144.8637,121.9326,34.3185,49.3963
7797,91.7567,60.9918,14.4469,24.1276
7798,123.5374,85.9509,18.0688,98.4039
7799,17.0608,26.0606,8.4768,10.4624
7800,54.6643,44.0533,10.5169,17.7858
7801,186.1406,291.8037,78.7984,118.1495
7802,132.061,166.0159,42.1409,63.6304
7803,36.8695,54.9308,13.7506,20.4661
7804,170.8571,84.701,18.1003,32.1371
7805,157.9494,180.9821,42.2934,72.1325
7806,66.6287,28.2525,6.09,11.1799
7807,168.4946,236.486,62.2608,92.7571
7808,47.0879,68.8626,16.8934,26.2859
7809,23.7525,18.7265,4.5658,7.3275
7810,44.7898,69.2569,14.9855,27.7998
7811,61.5912,104.3492,27.4452,42.9125
7812,7.4614,3.628,0.8581,1.4829
7813,51.4997,80.4872,19.0937,32.9078
7814,76.6262,99.9416,30.1991,38.8066
7815,101.9081,162.8678,40.5093,65.3729
7816,71.8637,84.9242,19.1276,33.2956
7817,187.3263,284.8769,75.2903,105.185
7818,50.2432,35.9735,7.8478,13.9036
7819,186.5072,234.6131,63.6422,100.2927
7820,52.7664,39.3911,9.4097,16.0766
7821,72.8043,78.3683,25.3833,32.3492
7822,89.3442,65.3536,16.4613,27.0251
7823,102.6491,68.8858,18.7692,85.5369
7824,123.949,162.4721,42.9564,62.0381
7825,180.1448,83.6854,23.445,34.2314
7826,91.6095,39.6771,11.4224,15.9135
7827,169.5034,86.2796,24.019,34.9929
7828,5.2376,3.9394,0.9429,1.5226
7829,145.3704,183.2075,49.887,73.7198
7830,157.1524,69.65,18.5553,28.2616
7831,157.8625,251.5526,84.6227,98.5364
7832,168.8378,98.7366,21.6125,40.3299
7833,61.6062,40.1026,9.9098,15.6599
7834,47.137,76.2778,20.3895,31.9249
7835,8.115,13.3729,3.5803,5.0957
7836,71.1166,65.8543,16.4201,28.4575
7837,46.7789,42.4594,60.4868,17.426
7838,60.1415,35.5431,7.4084,14.3447
7839,9.08,6.5328,1.5546,2.6024
7840,52.8651,25.0513,5.3583,30.836
7841,115.8416,100.562,25.5631,42.3811
7842,142.3141,176.7719,49.3192,70.3822
7843,188.773,137.0257,32.1489,57.2361
7844,96.906,156.6393,37.0013,62.8948
7845,35.8126,21.2486,5.5819,8.4884
7846,181.5008,282.5412,68.2748,108.9856
7847,138.3708,70.5779,19.1497,28.2551
7848,191.5824,276.0953,65.7519,111.909
7849,24.8393,35.7514,8.219,14.5322
7850,120.6764,203.7417,45.0661,80.5668
7851,107.9489,103.5812,137.3559,41.1769
7852,131.353,97.8484,22.534,40.3065
7853,23.8992,40.5349,12.6724,16.8542
7854,143.9801,110.7998,25.1505,45.3177
7855,4.6942,5.9522,1.509,2.292
7856,32.4696,18.5065,4.7918,7.4939
7857,86.7214,43.7753,10.5263,55.7317
7858,61.9231,27.481,6.9616,11.01
7859,124.7578,66.989,19.937,27.0412
7860,32.5276,36.2271,10.3845,14.9586
7861,191.6135,214.2879,56.8243,80.31
7862,155.6238,95.3424,23.9919,35.4749
7863,160.3175,262.9441,56.4809,110.6665
7864,80.4364,40.1569,8.8692,15.6472
7865,54.8745,92.2085,22.0397,35.3914
7866,42.2723,67.9216,16.5832,28.3335
7867,45.4791,29.7051,7.7642,11.9903
7868,145.8571,115.9673,30.4576,47.0403
7869,130.9409,121.9201,30.5965,52.753
7870,113.7278,53.2712,13.1368,20.9864
7871,118.9916,123.4535,35.2732,150.2642
7872,131.7161,192.1383,44.9385,77.0635
7873,163.594,83.2875,21.7396,33.0134
7874,7.426,6.6074,1.7356,2.7487
7875,162.5409,71.7978,16.3626,30.7382
7876,59.943,24.8524,7.028,10.2602
7877,85.9411,89.1484,21.1545,36.9894
7878,58.0143,40.7894,8.6195,16.2455
7879,8.2728,13.0008,2.9586,5.4825
7880,83.4905,132.7563,29.5427,51.6908
7881,127.4823,86.6549,22.5783,33.8009
7882,156.8353,200.1927,52.6257,81.3589
7883,176.6929,145.1393,41.348,59.0715
7884,95.1207,42.4308,10.4107,50.7253
7885,57.3467,87.0377,19.651,33.6912
7886,178.7916,242.2977,63.9799,95.3468
7887,162.4468,109.1261,24.3571,46.0884
7888,100.1188,52.138,14.3213,20.5182
7889,96.3513,73.5559,16.9517,29.679
7890,43.4477,52.6658,14.8184,20.3308
7891,145.7095,88.0091,20.4428,35.8018
7892,85.3339,56.3291,12.9676,23.6464
7893,154.8536,231.7724,67.3059,90.3261
7894,89.2142,72.6916,18.65,30.2047
7895,186.9605,196.1881,49.229,79.493
7896,54.8426,79.7265,20.7427,32.1156
7897,176.2216,76.2995,20.6874,29.5664
7898,168.1382,108.3904,31.98,44.119
7899,26.2376,18.9118,5.1243,7.3809
7900,91.9147,123.1277,30.6614,50.0102
7901,36.151,20.6837,5.7182,7.7284
7902,91.9361,60.5937,14.1451,24.3607
7903,157.4827,147.0968,34.1891,55.389
7904,47.9449,66.5985,17.0538,26.7216
7905,188.0719,182.1714,40.9594,78.5227
7906,163.968,213.027,61.443,274.0309
7907,90.9568,38.5693,8.4931,14.4291
7908,189.7226,242.1783,58.0871,96.5117
7909,40.3764,53.4454,12.5183,20.7654
7910,47.185,65.76,17.8696,26.3028
7911,185.6775,136.8919,35.8101,58.2002
7912,146.3291,135.4366,36.7002,53.2947
7913,136.6576,208.2193,62.3812,81.4708
7914,188.5288,211.094,62.3274,89.2624
7915,100.0906,58.9946,13.9407,24.7591
7916,115.8101,122.831,35.9141,53.6394
7917,8.1903,13.3919,3.6482,5.3273
7918,100.9459,48.3025,11.8769,19.0483
7919,147.6779,201.0769,64.6537,80.7615
7920,27.7252,19.4348,4.7575,22.4377
7921,68.3408,70.2477,16.8296,28.0422
7922,149.8524,103.1848,29.3145,40.0398
7923,78.9533,104.1935,23.4481,41.9391
7924,127.5298,126.9531,29.2793,51.412
7925,183.962,295.8836,77.9205,122.3707
7926,89.5381,126.3949,35.7681,54.3174
7927,109.4181,124.1289,30.2271,48.3776
7928,65.8116,54.2366,13.6845,21.5446
7929,40.8587,48.1283,12.1005,19.3822
7930,79.0199,90.2555,22.1014,35.666
7931,44.9458,25.7594,6.0238,10.2449
7932,172.667,110.5398,27.2499,43.469
7933,24.5528,15.4583,4.3207,5.5315
7934,184.7893,288.5137,65.6814,116.6777
7935,87.8433,39.6998,9.6747,16.0404
7936,180.9418,100.2295,27.4472,37.986
7937,186.7517,104.3661,24.8925,43.312
7938,87.7418,145.4879,37.0976,59.6128
7939,10.5521,16.5105,4.268,19.4534
7940,32.3662,14.9117,3.9833,5.9994
7941,53.1135,48.5607,12.8079,19.7468
7942,79.1215,99.6024,27.3345,38.4409
7943,154.3339,187.6749,45.6409,73.9055
7944,2.7927,4.4928,1.3208,5.8266
7945,38.1907,44.0675,9.3762,16.5905
7946,44.6131,29.5997,8.757,11.5583
7947,36.7218,26.7582,6.3957,10.2488
7948,175.3931,240.8327,55.5267,95.8902
7949,76.458,79.7295,19.1382,33.576
7950,9.2913,11.0147,3.005,4.4266
7951,130.4436,220.804,57.512,91.9054
7952,163.6687,69.0229,16.5475,26.3844
7953,41.1425,56.8518,12.9626,23.7555
7954,139.416,118.8244,32.6679,47.5566
7955,13.5586,8.5588,2.709,3.6122
7956,79.28,83.5224,21.5481,33.6465
7957,84.773,86.1484,18.4745,36.6585
7958,66.6376,99.8348,24.3435,38.5856
7959,111.904,101.7717,22.3543,39.0401
7960,102.6768,143.0767,37.5352,55.4356
7961,9.1672,13.7489,3.0414,5.6163
7962,41.5814,55.8999,12.0811,21.663
7963,190.6298,123.3946,27.7705,51.1531
7964,123.9698,142.0024,37.4217,55.3472
7965,27.5026,31.7927,6.7483,12.4423
7966,137.0293,93.8468,144.354,36.3018
7967,189.1858,240.4566,54.464,98.7113
7968,1.0631,0.4779,0.1194,0.1878
7969,133.0391,141.1139,33.3943,54.8006
7970,184.672,101.1419,28.0186,39.5259
7971,47.3139,28.7796,7.9017,11.7302
7972,145.5779,107.2146,26.4511,44.3138
7973,48.6142,45.1901,12.2156,19.1817
7974,4.2222,6.0829,1.3969,2.42
7975,146.1349,213.7911,51.6306,79.1268
7976,51.9676,83.8238,23.8739,35.2232
7977,161.7915,248.8785,54.3331,95.5956
7978,40.0628,61.7822,13.0752,26.3706
7979,4.7673,3.2909,0.8055,1.316
7980,60.0779,36.4539,8.1229,14.3629
7981,57.8496,96.6036,21.1865,35.8107
7982,116.6366,77.6569,17.2816,32.7064
7983,6.1465,3.3945,0.9026,1.4937
7984,15.4529,18.7535,4.7656,7.7036
7985,98.3049,145.4342,33.6994,58.3496
7986,112.3075,149.0175,41.5648,56.4198
7987,109.5587,49.9717,11.208,20.1288
7988,161.0361,223.2109,55.5932,90.9427
7989,44.0295,42.7944,11.6025,16.904
7990,16.4472,17.0023,4.435,6.9294
7991,73.6064,109.0066,24.32,41.2339
7992,11.5484,18.6448,5.5402,7.5109
7993,191.6364,199.9379,56.9476,81.1134
7994,54.8308,40.24,12.5781,15.8687
7995,49.9626,46.8535,10.8118,19.8911
7996,31.8782,50.4429,13.3632,20.889
7997,64.2742,63.1196,19.9484,24.8438
7998,169.2978,223.5538,56.7583,82.9904
7999,3.5657,3.4512,0.6824,1.3431
8000,10.0421,7.9762,1.8873,3.1793
8001,163.7156,253.5047,67.3877,101.9667
8002,67.8945,66.9413,18.1004,28.7306
8003,18.3522,8.8888,2.2569,3.8093
8004,74.2271,102.8336,24.0408,41.9282
8005,163.2452,246.1448,74.0879,96.7446
8006,67.3439,78.2931,20.855,30.8627
8007,8.053,5.758,1.605,2.3528
8008,34.1987,53.1376,13.7854,21.6868
8009,14.7403,17.7625,4.1793,7.0309
8010,136.9629,126.935,30.0619,52.4033
8011,163.6304,84.7329,22.8753,34.3826
8012,112.2388,71.4361,17.6773,28.3389
8013,51.421,39.5562,9.8039,16.0511
8014,28.0198,34.1589,12.3345,14.1108
8015,170.4875,140.1433,39.127,56.0958
8016,163.3574,96.0086,25.076,39.4009
8017,119.3383,155.86,39.6618,63.0173
8018,114.1282,160.6228,45.3588,65.339
8019,54.0063,73.1691,20.7763,28.7194
8020,103.097,62.6328,15.1097,26.2344
8021,129.6157,201.6546,64.1268,79.585
8022,64.4858,88.7828,19.6395,35.8416
8023,75.1708,56.616,15.7288,21.6721
8024,84.6614,60.5421,16.173,26.0535
8025,13.0866,5.9694,1.7261,2.4737
8026,97.2269,104.6801,22.8692,42.9771
8027,17.2235,7.6424,1.9881,2.8392
8028,68.8524,33.9137,8.9561,13.3246
8029,19.7865,18.5505,4.1124,7.2299
8030,183.3934,286.4076,67.9732,110.0647
8031,177.3086,260.1079,57.5901,105.7847
8032,126.7043,103.1433,26.421,42.2611
8033,73.254,49.1754,10.2653,19.6489
8034,172.5037,206.6474,49.6899,81.9937
8035,3.9728,3.8528,0.9783,1.5874
8036,60.2976,71.7151,21.1355,27.1179
8037,93.2583,92.9929,25.8789,35.7965
8038,140.0337,65.2845,15.7725,26.9974
8039,110.9822,115.7778,26.8573,47.0657
8040,104.8435,99.737,25.286,39.1337
8041,97.6384,71.3841,17.5084,79.8124
8042,150.3462,194.137,51.5319,224.0825
8043,109.033,136.9388,35.3744,161.512
8044,24.9607,21.7667,5.3079,8.638
8045,78.9659,113.1497,26.6743,46.1926
8046,122.4059,117.3359,27.1673,45.7515
8047,125.7091,88.0755,17.1729,34.0337
8048,140.5421,144.9047,33.5906,61.0183
8049,121.1877,202.4845,45.1108,79.1773
8050,114.3102,136.2744,31.3381,52.3619
8051,170.7651,79.1989,18.7129,30.6498
8052,11.804,13.0502,3.4911,5.2811
8053,157.1115,255.9133,66.7771,97.5824
8054,132.6746,187.2917,50.2186,73.0179
8055,29.5318,37.6328,10.5656,14.3525
8056,104.4286,121.2422,30.4919,51.5298
8057,132.7025,220.1129,63.4868,97.0948
8058,110.0023,152.5276,37.7049,57.6797
8059,176.0855,146.5248,40.3849,167.3737
8060,65.8465,63.4279,16.814,27.5174
8061,84.4888,144.4326,35.8882,57.7402
8062,83.265,46.4866,10.8477,17.4024
8063,47.5081,75.6216,93.1928,32.207
8064,64.2904,108.0578,26.4916,45.4115
8065,76.3576,43.9175,10.3597,17.8452
8066,166.1289,255.4832,63.663,99.9027
8067,114.4591,72.3316,14.7319,28.3531
8068,108.2741,78.3514,19.3435,31.2054
8069,85.2815,125.4495,25.8212,50.4829
8070,106.7002,70.4225,19.2525,26.9795
8071,2.7659,4.5958,1.1014,1.8875
8072,167.9251,257.4316,60.9082,101.4414
8073,37.0093,24.7654,6.7789,10.2488
8074,179.0641,170.2876,35.8492,68.9148
8075,23.6598,35.0576,8.3705,14.7246
8076,87.3643,39.2833,9.8093,18.0285
8077,118.717,51.7026,12.5364,21.342
8078,68.6576,57.1353,13.1563,24.3286
8079,52.4861,31.0191,6.5992,12.7391
8080,154.3911,160.3069,46.4792,59.9659
8081,168.157,262.9664,79.1295,415.7118
8082,179.9359,211.3336,57.8864,83.7076
8083,101.0316,74.4251,19.7572,27.4151
8084,51.4604,58.8421,13.3904,22.7446
8085,67.3232,81.7141,22.5185,32.2684
8086,183.951,293.36,71.0543,123.5663
8087,168.0651,187.8606,37.8921,75.8622
8088,58.7193,54.5602,16.6921,24.2664
8089,70.3676,109.6606,27.9336,45.5519
8090,190.0548,120.5221,28.9964,50.3052
8091,140.971,90.546,21.8156,35.0603
8092,67.2897,109.0393,25.0831,43.8216
8093,173.7664,203.1833,46.3742,79.9701
8094,163.7357,138.9955,32.1385,57.026
8095,62.6284,82.3496,20.4866,32.2489
8096,97.1455,131.6661,29.4535,169.1872
8097,75.344,49.2116,12.8653,20.4677
8098,113.3509,65.0324,17.3037,28.1958
8099,9.8434,16.1538,4.1025,20.3316
8100,79.1278,37.9738,10.0456,14.7737
8101,97.8673,164.8801,37.2726,65.0349
8102,191.7532,309.8156,74.3395,135.2079
8103,180.8848,121.1521,27.4014,48.7746
8104,70.7299,40.0815,10.5088,15.6515
8105,10.5945,11.0929,2.6978,4.5737
8106,90.8597,69.1591,19.2848,28.4159
8107,42.3489,51.5825,12.4797,20.3975
8108,69.4463,45.1411,11.5894,18.1022
8109,45.7528,68.4058,18.0052,28.0717
8110,126.568,178.9073,39.8167,68.5485
8111,6.3514,6.652,1.6204,2.6795
8112,121.9093,90.3477,21.203,37.0521
8113,41.0743,32.6153,7.5376,13.4457
8114,131.967,54.6066,17.1746,22.5169
8115,70.6809,66.9769,16.4192,24.8635
8116,120.6336,153.0717,38.245,194.2078
8117,126.8081,58.3794,14.6738,23.2714
8118,156.386,203.594,56.6561,87.3882
8119,18.8025,10.27,2.2409,4.1178
8120,109.363,97.2585,22.1989,39.3465
8121,77.1815,59.0724,15.8528,23.2439
8122,170.7811,254.6747,50.0588,109.6878
8123,124.1888,95.1616,24.8928,39.0052
8124,143.9572,110.6061,28.0659,44.5696
8125,81.1468,137.0835,33.0396,49.0629
8126,106.0448,114.4437,28.3422,44.1635
8127,72.3027,100.2696,27.6537,44.9094
8128,92.7451,151.045,39.7592,64.0351
8129,180.0607,125.054,33.1146,51.2048
8130,78.0538,77.0926,21.531,32.4801
8131,183.894,308.8622,76.1647,126.391
8132,112.4375,150.8943,37.6857,62.9254
8133,148.8054,230.4255,58.7147,90.1263
8134,0.2331,0.306,0.0833,0.1255
8135,20.3442,29.1706,7.1549,11.0568
8136,172.7534,249.7356,53.0459,300.8019
8137,188.6545,107.5601,25.5681,40.3665
8138,62.8001,33.3777,8.9483,12.5803
8139,5.6593,5.2837,1.3662,2.1853
8140,171.7801,178.7058,46.8314,73.0954
8141,34.8678,32.7521,8.216,12.6859
8142,94.3911,71.6929,21.22,30.6845
8143,59.1228,86.9966,29.9266,35.3878
8144,53.0998,72.8956,17.7691,27.9691
8145,141.1204,105.5623,26.589,45.6836
8146,77.0404,116.9548,28.751,48.6026
8147,33.6251,51.8882,14.9875,19.7932
8148,141.5765,233.0388,50.0546,91.2692
8149,71.8598,37.7819,11.8605,16.0743
8150,120.1161,168.5593,35.4614,68.8876
8151,122.5194,168.3335,50.793,71.1573
8152,137.1865,163.1067,38.2686,58.7575
8153,35.9007,57.7233,15.0609,22.8746
8154,70.6517,37.4329,8.2685,15.8061
8155,111.9021,183.4111,46.5276,72.0985
8156,148.712,78.6401,25.0421,30.0537
8157,48.1977,77.0693,21.3645,103.7435
8158,142.4198,149.4556,32.8726,62.3816
8159,112.0609,81.3694,22.1317,31.5047
8160,57.1808,29.0424,7.9473,11.6412
8161,69.04,106.5039,24.4367,44.1691
8162,29.4092,13.0682,3.1099,5.3946
8163,92.4808,92.0029,23.5973,37.7093
8164,121.5842,173.3426,42.3474,65.9683
8165,181.6453,216.5986,67.5594,83.7858
8166,9.46,12.2779,3.3507,4.9946
8167,108.9753,65.5986,16.4163,25.7234
8168,130.7258,65.1532,15.3399,24.9257
8169,114.4215,91.5437,23.0592,37.5615
8170,110.3953,181.4056,53.7111,76.7636
8171,75.0883,126.3947,30.6059,52.7114
8172,146.887,140.6643,35.0778,57.8416
8173,11.6937,7.4423,1.7718,2.9589
8174,135.7016,92.9774,27.1106,35.9173
8175,26.7141,15.2557,3.9673,5.8947
8176,180.0992,187.7946,39.7733,77.3321
8177,192.8671,278.6061,63.2197,113.6305
8178,143.4713,189.9058,41.0204,82.8499
8179,55.6218,51.5648,12.1693,19.5021
8180,156.9708,220.1366,50.0483,91.0308
8181,69.7416,47.7476,12.1833,18.0881
8182,12.2892,6.3311,1.5539,2.5582
8183,24.7234,10.9018,2.8556,4.3543
8184,63.2899,69.3578,17.8556,28.876
8185,46.3468,22.3537,5.6024,8.1794
8186,64.9561,67.0332,16.3537,25.6554
8187,30.5003,20.3465,5.8756,8.2073
8188,48.5193,73.5554,18.3983,29.6849
8189,97.5983,160.7992,39.6629,62.6728
8190,138.3253,213.4042,56.1497,83.8453
8191,98.7417,123.8696,33.2703,49.3662
8192,149.0761,251.2482,57.3767,100.3868
8193,42.9672,30.1824,8.0538,12.4617
8194,76.1152,130.0107,34.4901,54.214
8195,138.7506,144.6157,33.204,57.4266
8196,91.9468,105.9746,24.7836,41.4785
8197,87.0102,70.2519,17.2149,29.5892
8198,79.082,36.6927,7.9418,13.9229
8199,39.2211,47.8036,11.8527,18.9913
8200,57.3666,48.1849,11.2299,18.0164
8201,9.3124,6.4727,1.9218,2.4624
8202,183.418,242.277,65.1931,97.7161
8203,84.3134,46.8514,10.4718,19.6798
8204,147.1326,108.5267,30.1836,40.0484
8205,151.1306,238.3835,69.2713,313.2847
8206,86.3266,130.6974,33.7305,51.2822
8207,180.6269,185.7813,41.8866,74.3835
8208,111.8316,80.6547,19.6942,31.9327
8209,6.6809,3.6971,0.8975,1.4678
8210,9.1154,5.429,1.3931,1.983
8211,163.8596,177.3968,47.1062,73.2537
8212,54.3796,75.6231,18.517,30.9352
8213,139.1194,130.359,28.8061,51.7478
8214,192.0549,155.1598,40.0693,63.2112
8215,57.6616,83.6725,25.2032,34.1651
8216,12.6615,6.6739,1.6758,2.7694
8217,74.1062,104.3196,21.5425,42.2012
8218,6.9483,7.9494,2.0501,10.1241
8219,192.471,299.4684,77.2708,114.78
8220,111.8741,151.7879,39.2089,59.3721
8221,59.6648,69.0117,21.8857,26.9481
8222,70.3621,29.6312,8.0786,11.4213
8223,156.7164,159.0448,34.6635,62.6809
8224,41.4078,20.0684,5.4171,7.854
8225,168.3727,134.2166,31.8952,55.6219
8226,126.4542,211.0185,55.1342,83.1389
8227,31.408,21.8689,5.4319,8.6266
8228,70.2613,44.6814,10.2454,57.2929
8229,21.4466,31.2784,8.1828,13.2737
8230,188.2785,214.9471,54.1123,88.683
8231,132.4433,143.2997,36.3861,61.9322
8232,94.0849,67.1337,15.9464,27.953
8233,115.9339,120.4623,27.4798,48.3205
8234,166.4001,133.4706,33.2057,51.9167
8235,162.5649,111.5212,25.6337,45.9694
8236,113.8101,189.8848,51.4694,72.4951
8237,116.446,158.1962,41.2962,64.3895
8238,46.3172,40.8124,10.4514,16.2528
8239,61.6279,92.5003,19.991,36.0788
8240,46.7708,57.8255,16.2756,21.8163
8241,132.3815,121.0275,33.3086,46.1876
8242,97.1649,107.8396,26.9408,45.4907
8243,147.2681,84.118,21.0141,31.8215
8244,110.3576,175.119,47.5758,68.4689
8245,173.8059,176.1176,42.702,71.7863
8246,99.268,98.8199,25.9702,40.1143
8247,0.5601,0.829,0.2156,0.3521
8248,90.2677,96.1835,33.0559,40.4593
8249,161.5245,189.9347,44.6629,79.3642
8250,96.3541,53.1813,12.138,20.7767
8251,110.9875,55.7371,13.2588,20.7191
8252,71.1943,86.1584,106.8873,34.7724
8253,47.6316,67.749,16.7614,25.9533
8254,132.1898,128.3282,28.2826,49.6313
8255,130.4276,99.0821,28.044,42.634
8256,153.5488,85.1999,21.8345,34.8141
8257,20.0869,15.8774,4.1363,6.4199
8258,152.186,254.2515,63.7029,100.6501
8259,33.8148,22.5879,6.6104,9.2136
8260,152.4092,115.3663,31.5027,42.7303
8261,121.3324,162.9791,42.2539,64.5561
8262,7.921,12.7069,3.4467,5.2262
8263,12.2452,5.5669,7.0897,2.2911
8264,63.1293,90.3334,140.2168,37.2438
8265,78.6077,67.9504,18.8744,25.4419
8266,75.2422,122.0555,30.3579,47.8401
8267,116.3416,72.8182,19.5805,27.7247
8268,55.2622,59.4683,14.765,25.35
8269,128.0741,99.4485,21.758,40.6928
8270,101.5017,129.4024,36.2405,49.4452
8271,14.5273,14.8722,4.6332,5.9549
8272,176.3688,233.2447,60.3345,90.9994
8273,154.3841,73.1851,21.3604,31.4568
8274,163.9161,82.9837,22.0491,31.3943
8275,137.7554,99.1485,28.1148,40.6022
8276,192.9138,280.8032,66.0617,114.6081
8277,166.8817,137.6989,40.0406,52.9588
8278,93.9134,80.8471,21.3667,30.9337
8279,174.0325,230.3295,64.1115,89.4216
8280,161.7688,149.5006,34.6171,54.9122
8281,32.5193,35.2307,9.2678,13.6704
8282,104.1363,136.0708,35.4023,55.3579
8283,92.6042,144.4874,40.2418,57.3791
8284,178.4541,288.5325,369.2394,115.693
8285,158.9702,203.3814,59.4922,80.696
8286,165.1126,155.4076,43.3616,65.6528
8287,155.4595,144.6321,48.0125,63.9831
8288,134.2552,81.3233,22.2446,32.1815
8289,142.8986,88.4349,24.1522,33.0013
8290,151.3565,179.8273,49.7618,73.2241
8291,160.4477,173.2688,46.1472,68.031
8292,114.1701,193.4467,47.7156,77.1258
8293,81.5952,60.4643,16.3677,22.3673
8294,138.7992,235.3668,62.1462,93.5231
8295,109.1968,167.9904,33.1474,67.8991
8296,0.6808,0.3615,0.0841,0.1402
8297,125.908,107.0932,31.745,44.462
8298,72.1393,73.3539,19.7445,28.0739
8299,169.6562,283.7965,68.448,107.6576
8300,160.1756,102.3423,38.3435,40.3986
8301,189.1156,147.4346,43.8231,61.9082
8302,15.9648,20.5537,4.8586,8.6274
8303,80.7968,94.5918,24.5182,123.1578
8304,116.4318,174.6113,47.3294,65.7438
8305,19.1285,31.9662,8.0916,13.0518
8306,9.5228,12.0438,3.0787,4.9157
8307,126.4028,122.6785,29.2725,149.1689
8308,51.3016,65.5868,14.713,28.3809
8309,20.2212,16.3754,3.9641,6.6905
8310,5.4506,5.7503,1.6919,2.2189
8311,166.0083,69.1167,16.0029,26.2428
8312,14.5215,11.1803,2.6524,4.249
8313,43.6383,38.3309,10.7434,15.2228
8314,176.6455,91.7911,28.307,34.6787
8315,79.487,34.3417,8.2556,13.0591
8316,117.0045,143.4529,37.9581,53.7399
8317,161.3535,176.6386,45.483,226.9055
8318,171.3945,94.8262,21.1625,37.8666
8319,157.6141,70.1074,18.6136,26.4763
8320,101.9706,91.6357,20.8501,36.608
8321,136.4192,161.1035,43.5642,64.7367
8322,37.9186,64.4894,15.2203,25.2894
8323,120.7476,119.9293,39.4576,46.6684
8324,94.0974,139.3065,30.9772,55.4077
8325,65.8764,32.1809,7.6752,13.3807
8326,11.1826,7.4652,1.9118,3.1276
8327,159.9443,185.7683,46.654,70.3956
8328,163.0426,98.5509,21.4866,127.3492
8329,135.0567,65.0994,16.7677,26.7618
8330,184.9116,304.0008,75.2551,374.7069
8331,74.7798,78.985,17.8728,31.9255
8332,43.0766,38.947,10.4552,15.5508
8333,20.1187,28.2022,6.9232,11.3249
8334,25.0026,17.7493,4.2217,6.9611
8335,141.3229,179.1795,45.3296,76.1823
8336,141.5723,136.4835,35.1005,53.1344
8337,178.7528,252.6481,55.0213,97.9146
8338,9.4226,6.2808,1.4718,2.4693
8339,44.8655,76.304,19.2487,31.1839
8340,83.7346,55.6056,14.8819,21.7327
8341,47.9543,47.6889,10.5957,19.3367
8342,87.9537,39.509,10.0447,16.6258
8343,137.9747,82.2997,26.014,30.8006
8344,156.7356,89.5373,24.3185,36.2604
8345,184.4948,133.2811,29.8459,51.6148
8346,9.1826,13.4186,3.1553,16.5489
8347,19.9608,9.8695,2.4607,3.8165
8348,140.0522,80.2808,19.977,31.5859
8349,7.6,6.4524,1.8331,2.5348
8350,119.3318,187.6946,42.1003,76.6681
8351,146.4235,120.0349,31.8535,51.1644
8352,0.3748,0.6194,0.1456,0.2367
8353,140.0133,165.4,38.6592,68.2542
8354,145.1241,186.0284,54.4497,73.0106
8355,44.0945,27.9016,6.8923,11.1901
8356,156.1613,254.8045,49.1828,105.3559
8357,169.6468,168.4084,39.8511,68.2393
8358,53.4377,25.6811,6.882,10.3812
8359,123.9125,53.3503,11.8707,24.12
8360,66.1059,71.7407,15.5497,30.0826
8361,42.5543,23.7018,5.6043,9.2442
8362,22.4163,34.26,10.276,13.9781
8363,162.052,219.265,67.8354,87.3955
8364,104.2571,66.3141,16.7158,26.1523
8365,21.8665,24.5312,6.6465,9.9456
8366,159.8277,175.7211,46.7035,69.2436
8367,87.3572,142.7143,30.1776,56.7602
8368,176.9378,134.9108,29.1885,58.6069
8369,13.2871,12.2263,2.7549,4.7859
8370,85.7557,140.8558,33.42,56.094
8371,88.41,90.1178,19.69,35.1236
8372,102.6913,140.9972,38.3574,56.5408
8373,178.7551,260.2366,59.1803,101.7151
8374,65.121,45.3436,11.2453,17.5289
8375,10.5791,4.349,1.1519,1.8953
8376,0.169,0.0936,0.0258,0.0386
8377,13.4663,18.6739,4.9673,7.3937
8378,27.1425,32.1265,7.9193,13.8049
8379,130.727,182.7271,41.49,69.9396
8380,20.0203,14.3558,3.2799,6.0945
8381,150.4739,65.9713,16.0519,25.2917
8382,6.6974,4.4588,1.1221,1.7284
8383,182.4243,81.0204,21.2389,33.4977
8384,36.8925,38.0454,9.1694,14.1785
8385,76.8978,114.8656,27.9364,43.7411
8386,24.5002,35.3587,9.1522,13.6949
8387,41.0125,49.4387,14.957,60.0649
8388,72.929,64.5143,16.2474,25.2121
8389,76.9026,116.3889,26.7899,44.3285
8390,69.6535,80.2803,19.7494,31.0494
8391,183.0693,290.9028,69.1683,109.441
8392,55.9884,52.7582,13.545,20.1801
8393,0.4988,0.457,0.1397,0.1817
8394,63.771,50.6519,13.7225,20.2507
8395,111.2683,121.1002,30.4552,50.4206
8396,17.201,12.9296,3.8936,5.3928
8397,127.7016,120.9837,30.763,47.2433
8398,181.4116,217.2385,51.8315,90.963
8399,192.4403,300.3309,75.6552,109.7102
8400,92.1045,116.0966,26.7229,42.7649
8401,175.7782,241.1583,58.5086,90.3455
8402,156.8593,228.159,56.0086,100.8942
8403,177.5291,139.5886,27.4103,52.0751
8404,35.7909,16.3531,3.638,6.5423
8405,119.5282,144.864,34.1611,57.5596
8406,133.8865,199.4041,46.0754,76.0935
8407,101.9327,140.7117,41.4033,57.275
8408,84.6122,131.3721,30.4674,55.7657
8409,55.6621,78.8638,19.2533,30.3839
8410,160.709,92.8098,25.8949,36.5337
8411,3.1707,5.2871,1.2326,2.0592
8412,154.3656,195.4593,52.7222,80.0627
8413,15.6445,17.6563,5.0343,6.9602
8414,155.3038,148.5039,51.7191,59.0361
8415,167.9024,91.6452,21.5769,35.083
8416,4.3307,4.7077,1.2475,1.8447
8417,131.7142,205.4329,64.5679,84.0783
8418,24.0211,11.8009,15.8887,4.4652
8419,188.3659,182.3831,42.1937,74.1065
8420,141.9792,157.3025,45.2799,63.2877
8421,137.8353,100.7399,23.8205,40.0734
8422,166.2941,257.3891,59.0286,108.0124
8423,18.5054,11.1816,2.916,4.5167
8424,154.0857,189.2884,44.8826,78.3435
8425,14.9186,16.7647,4.7499,6.4922
8426,101.1439,172.0922,47.0699,67.9672
8427,34.3448,44.2785,11.5651,16.3853
8428,0.3772,0.2146,0.0487,0.0846
8429,86.7899,81.0016,19.6986,31.0485
8430,182.609,150.8282,36.2625,60.7999
8431,48.3319,67.9268,18.336,26.8754
8432,80.7702,42.7615,11.1833,18.2659
8433,157.2651,78.9347,18.5434,31.9803
8434,147.6986,252.2529,61.923,96.0075
8435,138.2857,93.9151,19.6355,38.2966
8436,14.5648,24.2077,5.7408,9.5763
8437,86.0082,52.9566,14.4399,20.3542
8438,138.3007,102.2319,28.0671,41.6498
8439,102.1826,64.3135,14.5836,25.7615
8440,180.5952,291.335,58.0264,119.3332
8441,31.8556,35.111,9.5207,13.7743
8442,37.9548,47.866,12.0909,18.1334
8443,173.0565,234.9674,53.0468,85.4318
8444,152.3634,203.268,56.2565,85.3073
8445,73.5598,78.328,17.4375,31.6501
8446,105.3164,55.5949,15.2292,22.6406
8447,112.1137,162.0306,38.2617,65.307
8448,97.7317,123.5702,26.4959,50.2661
8449,182.9597,213.1339,44.4174,84.9341
8450,25.0315,13.1472,3.5019,5.5499
8451,43.9934,49.9564,12.936,19.7967
8452,50.2262,28.0637,7.5776,11.2864
8453,95.595,136.6119,36.6709,52.7836
8454,190.2343,303.4557,72.8799,116.0763
8455,1.5208,1.5545,0.3969,0.6303
8456,35.6217,27.2857,7.4321,11.1489
8457,113.8525,162.5503,38.7429,67.9783
8458,43.3742,24.9886,5.9994,10.5641
8459,51.8468,43.1256,10.9445,17.464
8460,57.5786,87.6875,22.0047,32.4862
8461,74.3446,123.302,25.6625,51.3574
8462,160.8217,87.5445,19.3355,35.9695
8463,192.4644,224.1831,61.8769,93.0269
8464,53.0241,79.5335,21.2511,32.9769
8465,57.3142,32.1818,9.1142,12.8096
8466,20.0339,20.9837,4.3049,8.243
8467,29.3488,42.098,10.9194,16.3083
8468,156.016,68.1858,17.1913,25.8755
8469,42.4991,45.6017,10.1684,17.6589
8470,170.6505,84.8855,22.9518,34.8602
8471,178.1866,113.7477,26.7271,152.6925
8472,111.2888,96.3995,126.7265,37.8203
8473,35.6254,38.8274,9.8975,16.6003
8474,168.8858,194.409,51.5772,85.7822
8475,164.2652,177.7182,53.2572,66.5045
8476,100.2764,47.3073,10.5462,18.9292
8477,103.4177,137.181,40.5356,53.2534
8478,147.0571,92.4391,22.055,36.9065
8479,0.3528,0.5499,0.1283,0.2179
8480,142.4367,113.2574,26.6403,40.947
8481,84.6405,99.1344,22.5388,39.2869
8482,45.3623,72.2691,14.8065,26.8993
8483,110.7738,49.8735,12.0943,20.8298
8484,83.7221,131.7742,29.4023,50.2873
8485,191.7771,215.8205,44.4957,79.7643
8486,89.1647,145.718,38.5067,60.3789
8487,100.256,53.0922,15.7778,23.1501
8488,49.0935,80.1584,19.491,30.5062
8489,22.1078,18.5568,4.7482,7.3105
8490,72.7429,78.9131,16.2153,32.0876
8491,183.1939,164.2907,40.2283,72.6572
8492,28.4829,47.7124,11.6841,19.4444
8493,23.7463,13.589,3.6679,5.544
8494,190.9595,251.8849,350.8793,106.5758
8495,190.7824,156.5662,39.9509,62.8346
8496,157.24,139.381,35.0289,59.0529
8497,140.7794,214.7843,51.085,81.7516
8498,94.7495,132.0708,38.6051,55.1661
8499,26.7141,25.3898,6.4229,9.7489
8500,141.9466,111.8707,27.685,43.7638
8501,113.6168,51.0584,13.4934,19.9134
8502,64.6481,97.508,25.6877,37.6296
8503,30.1596,18.1296,5.4123,7.1792
8504,105.2655,68.5898,16.4017,27.6603
8505,108.9855,123.964,32.371,51.003
8506,53.0479,32.776,10.7625,13.1603
8507,116.4583,180.9896,42.9853,70.7985
8508,53.0605,72.9978,20.2443,93.0247
8509,77.781,37.7334,8.7796,14.8079
8510,46.3779,40.261,9.2115,16.2121
8511,166.8259,194.2435,52.4327,77.1289
8512,177.9546,165.3035,42.8084,65.1665
8513,168.8984,205.8681,44.2363,80.6429
8514,25.0382,12.6142,2.9548,5.3608
8515,57.3381,28.7705,6.8904,11.7331
8516,145.3943,183.107,51.6572,74.9141
8517,38.5352,41.2154,62.9128,16.063
8518,32.9215,36.87,10.7728,14.0039
8519,180.5326,156.1274,39.7465,67.4358
8520,63.545,79.5347,20.1991,33.5141
8521,116.0791,113.1304,23.8274,147.4466
8522,156.0505,124.0447,32.4932,51.4933
8523,6.7437,5.7024,1.2494,2.2836
8524,161.5523,139.5934,37.1233,56.6649
8525,42.725,27.7331,6.8026,11.1317
8526,3.3038,2.608,0.6864,1.0613
8527,81.2818,108.0905,22.4095,43.5558
8528,171.4546,215.4631,49.1536,85.8648
8529,1.7152,2.3428,0.6794,0.9058
8530,60.515,46.2488,11.9631,18.8582
8531,25.9242,38.6666,9.0752,14.8218
8532,57.7102,87.8721,20.3249,35.2036
8533,54.2925,35.0056,7.9816,13.9776
8534,186.6434,78.3969,16.1353,30.4158
8535,80.5404,73.7715,18.9784,29.5468
8536,48.848,57.2271,15.3497,23.3345
8537,116.6427,197.0647,61.2976,74.9493
8538,10.6923,10.9587,2.7055,4.3603
8539,139.9152,187.5356,264.5811,73.389
8540,122.0313,53.1798,11.4911,21.9152
8541,105.1659,105.8004,29.0659,42.2427
8542,163.8685,154.2304,38.7273,59.4915
8543,109.2497,158.6523,39.4527,60.2879
8544,26.3477,32.5332,8.4152,12.4098
8545,41.7906,18.579,4.5023,7.6795
8546,173.7344,205.6613,48.1352,85.2073
8547,50.8234,25.0924,7.7371,9.9266
8548,48.6348,73.5717,17.588,28.0521
8549,0.7497,1.1891,0.2949,0.4571
8550,119.6893,55.7935,14.3895,24.4299
8551,64.8427,48.9759,11.6655,19.5139
8552,169.0875,192.67,58.1089,74.0132
8553,13.6315,21.9173,6.1833,8.5488
8554,140.5589,66.1261,14.9005,26.6321
8555,169.3082,210.0184,49.4034,80.5113
8556,163.2398,226.525,54.1566,87.9935
8557,32.5497,36.1459,9.6562,14.4083
8558,177.9365,133.8862,34.5049,51.3584
8559,122.4372,99.2125,23.8687,39.6869
8560,151.5687,216.2409,52.5562,89.3161
8561,95.9635,149.1815,40.4189,58.4445
8562,192.7425,179.2417,42.3415,70.9749
8563,0.8366,1.1495,0.2995,0.48
8564,83.3171,70.6479,18.0419,28.4956
8565,70.3133,111.2434,26.5448,41.6006
8566,51.8272,73.8088,18.8324,28.6843
8567,45.6672,56.3274,14.2594,22.7681
8568,163.6369,131.8777,34.0421,52.8329
8569,12.265,13.8884,3.4615,5.3107
8570,78.8268,117.2274,30.7005,47.0647
8571,56.5633,77.1656,18.0951,30.972
8572,99.8226,46.7867,10.3125,19.0788
8573,94.9578,151.3664,30.6493,57.1864
8574,63.8687,108.7458,25.4169,43.5718
8575,100.0501,84.7358,17.3152,34.0806
8576,184.3567,124.8189,37.281,49.945
8577,49.6069,27.5453,7.1067,10.859
8578,173.381,174.8981,42.0631,69.0433
8579,81.3569,56.7362,14.3018,23.3169
8580,73.7073,30.6001,6.6941,12.2105
8581,179.1946,98.0239,27.6142,38.9733
8582,158.1603,163.0892,49.037,68.2063
8583,108.0599,99.241,23.6887,38.0036
8584,103.5302,124.0367,30.9713,54.3391
8585,150.5773,164.4465,53.5065,69.592
8586,22.9001,38.1764,8.9882,15.6248
8587,183.5382,155.0977,45.1083,60.6268
8588,155.974,246.3498,66.6264,96.6451
8589,165.8597,269.8943,64.0832,109.502
8590,44.4535,69.0724,16.0607,29.5594
8591,170.0564,147.2921,35.9105,61.5927
8592,42.3801,19.6444,4.4965,7.2377
8593,62.8962,70.734,19.5441,28.375
8594,79.6241,90.6803,21.33,35.3033
8595,166.2956,131.9048,30.7219,52.7423
8596,78.2572,54.7557,12.787,20.5277
8597,101.6231,56.3054,12.6633,22.6801
8598,161.519,207.5869,58.4883,83.9232
8599,168.6781,86.188,21.41,34.963
8600,138.1683,224.4068,63.6051,87.7636
8601,2.9098,4.6689,1.1763,1.8057
8602,104.6635,98.9055,29.0285,39.3659
8603,34.2812,27.8445,5.5869,11.282
8604,97.8526,44.729,9.4967,18.1479
8605,12.1315,10.6351,3.1305,4.0901
8606,20.0971,25.3553,6.3537,9.6225
8607,77.985,98.1404,22.1318,38.0756
8608,126.6221,198.4975,56.2861,78.2104
8609,127.0235,57.7057,16.7451,22.976
8610,13.0546,7.9831,1.8611,3.2336
8611,2.8747,4.2563,1.2416,1.6991
8612,30.9229,28.8651,6.1101,11.9396
8613,45.5215,68.5867,17.8442,26.8826
8614,62.6704,64.7325,15.6905,25.2231
8615,174.1275,126.4412,28.6675,50.5867
8616,65.4425,37.7327,11.4355,15.3924
8617,117.8914,73.3473,18.9619,29.0699
8618,89.0,125.7447,174.5865,56.089
8619,70.9578,94.0828,24.1325,37.2676
8620,8.1622,10.1195,2.2997,4.024
8621,162.0074,103.7462,22.8609,40.7957
8622,131.1337,74.3294,18.3978,30.2369
8623,162.6107,108.1952,33.2588,43.5458
8624,177.7688,157.8978,41.3407,70.3687
8625,21.1814,14.1735,20.2128,5.5824
8626,169.4384,269.3114,64.9835,104.1148
8627,129.5811,205.0951,62.8575,256.9745
8628,45.2071,21.1572,5.8835,8.6866
8629,15.713,13.401,3.5174,5.1646
8630,172.8428,155.4328,44.7495,59.9798
8631,84.1855,110.5974,24.6964,45.9043
8632,85.1832,117.8489,28.6803,49.3248
8633,33.9312,18.5764,4.6727,21.8951
8634,100.6161,94.9342,126.2065,39.0905
8635,22.9017,33.2579,9.1204,12.6164
8636,173.4149,161.4419,45.9521,62.4795
8637,27.2447,40.7385,9.0524,16.4929
8638,78.1187,38.0202,9.2654,15.0363
8639,117.3521,187.6932,59.6819,71.8153
8640,29.651,17.7954,5.3895,7.7706
8641,15.7644,25.3874,5.9988,9.7654
8642,58.7819,39.0013,9.1248,16.0623
8643,42.8848,71.3585,19.7123,30.0369
8644,90.3957,91.9184,28.088,37.3103
8645,2.5291,2.2011,0.649,0.9209
8646,89.6725,140.1178,33.5979,58.1295
8647,179.5399,213.8264,61.5419,82.9468
8648,52.2611,58.4439,15.052,21.6634
8649,44.6847,70.5149,18.6594,26.3061
8650,168.7234,122.3766,34.2147,50.021
8651,151.6187,239.7704,55.8601,97.85
8652,172.7826,104.1394,24.4426,41.5429
8653,130.1523,137.1998,35.8064,55.6493
8654,6.8347,8.2167,2.4626,3.5455
8655,44.4306,46.6951,11.7092,18.0972
8656,32.0985,51.3707,15.0014,20.4377
8657,18.7358,31.6574,7.8392,13.6454
8658,163.498,206.7043,48.3959,85.0406
8659,106.7712,169.522,49.1186,66.1457
8660,101.5962,103.0166,26.6521,128.4228
8661,68.8385,94.9303,21.3096,41.6335
8662,80.6026,73.7347,18.2918,30.2955
8663,27.9653,26.3982,7.5865,10.7995
8664,31.2807,33.2856,8.1054,13.1549
8665,127.065,71.3369,17.4872,26.7348
8666,156.8252,116.0209,27.1252,45.3215
8667,145.7147,168.2228,44.0431,62.2576
8668,75.9595,117.1761,28.5904,48.3447
8669,97.4153,154.8434,36.527,59.9449
8670,162.2721,261.3023,63.6818,106.3497
8671,162.0624,86.0439,22.9403,33.7975
8672,67.5043,32.8121,9.4385,40.7391
8673,167.5651,215.1536,60.8399,82.0268
8674,90.4259,81.4998,19.0596,32.9249
8675,169.4126,288.633,60.5274,113.7137
8676,166.754,233.6853,54.5003,87.894
8677,37.1025,37.1849,8.5827,15.6861
8678,151.333,248.7371,72.5495,103.6425
8679,44.7152,58.8203,14.6156,24.5059
8680,113.4712,163.9909,40.0154,70.5402
8681,155.2713,106.5976,28.2935,41.7233
8682,59.1634,38.8274,10.2567,16.3753
8683,111.2569,125.2325,159.2115,49.727
8684,156.841,258.5979,57.3762,99.2638
8685,91.7647,66.0213,16.8979,25.8121
8686,121.2125,125.674,32.4548,47.443
8687,92.432,141.6545,38.3061,177.6492
8688,55.6646,70.4585,19.7457,28.7565
8689,0.4602,0.3837,0.0903,0.1522
8690,187.0958,243.0184,51.7318,96.0956
8691,30.6791,28.156,8.5775,11.3053
8692,111.1432,180.2167,46.9103,71.22
8693,34.2891,23.8405,6.4348,9.3113
8694,24.0911,25.9146,6.5277,10.6389
8695,91.4011,70.1381,19.7385,27.0737
8696,56.6742,33.3979,8.4734,13.1943
8697,80.0505,64.0032,17.7959,26.3904
8698,112.756,175.8752,52.7058,64.9956
8699,98.2027,140.4719,36.0075,54.8489
8700,27.3554,28.4828,7.0689,11.7419
8701,50.9211,62.1327,17.3689,25.5998
8702,146.3574,205.8082,57.811,87.5734
8703,166.73,245.188,63.343,99.1106
8704,67.9885,108.552,26.0151,44.4796
8705,172.3119,261.0669,72.7978,108.9067
8706,46.855,58.8634,13.0184,23.5238
8707,104.0633,60.3852,13.9243,22.9098
8708,37.191,46.0436,11.3002,18.9148
8709,181.3533,228.6051,53.4069,93.4886
8710,25.9246,14.933,3.9382,18.0161
8711,56.8929,56.4973,16.1445,23.3552
8712,50.3278,42.7992,10.0621,17.0706
8713,0.2154,0.2724,0.0641,0.1048
8714,34.2854,48.9445,12.9163,20.0076
8715,124.9614,186.3761,45.3096,75.3508
8716,21.594,22.4398,34.7294,9.5582
8717,185.9006,151.4331,36.6867,186.1229
8718,140.358,81.7428,22.645,31.7549
8719,161.2174,108.0892,35.1834,41.596
8720,122.049,161.3976,45.1146,62.965
8721,32.5578,49.9311,11.2295,20.6436
8722,110.9388,124.7968,30.44,47.499
8723,90.7519,57.2205,17.1717,23.2132
8724,175.6453,279.2792,62.0683,108.0983
8725,84.3142,94.7718,26.7693,37.9384
8726,78.7458,82.0648,20.1094,38.0274
8727,95.0023,81.5832,21.2328,31.6605
8728,104.5737,126.2465,39.3148,49.5765
8729,8.0276,10.7084,2.8346,4.4804
8730,172.5598,244.8199,61.3956,100.4893
8731,93.9186,88.3276,24.7467,33.2415
8732,84.0425,59.0906,18.5911,24.4985
8733,2.7596,2.1308,0.6327,0.8383
8734,106.9948,171.4546,37.8564,68.1771
8735,66.9652,107.8173,25.4193,43.2136
8736,129.0696,216.3286,55.9175,86.2214
8737,57.0027,93.0876,23.5595,36.9259
8738,137.5227,94.8106,22.9321,38.1168
8739,186.9467,242.6265,64.04,96.3863
8740,67.3992,33.2344,7.8551,14.1645
8741,49.0564,30.0824,7.6953,11.515
8742,94.5871,50.3395,13.166,20.2731
8743,59.7553,87.9395,19.165,32.8121
8744,158.0143,109.6772,30.8572,45.2614
8745,26.6768,21.2954,5.2021,8.972
8746,190.2268,246.1779,68.5984,102.2651
8747,175.4499,237.8198,57.7402,90.7884
8748,116.1998,152.3136,36.4894,64.8422
8749,116.578,111.1826,28.4649,44.357
8750,144.156,137.9777,36.3502,55.3268
8751,5.7419,4.2647,1.0021,1.5747
8752,133.3054,208.1972,50.8808,258.2862
8753,182.9244,153.7333,35.2593,63.731
8754,156.9125,191.4975,46.593,81.1516
8755,159.6737,176.0058,49.739,77.7631
8756,116.3697,189.3434,57.1841,72.8373
8757,125.1029,53.8404,14.623,71.1077
8758,87.7306,89.139,19.245,37.9188
8759,178.1188,230.9719,59.4315,94.6315
8760,17.1288,25.4093,6.0907,10.5899
8761,134.1911,144.2772,37.0,54.0169
8762,137.0847,74.9579,17.5233,30.4324
8763,67.6475,96.8597,24.1612,38.9489
8764,130.0838,96.3391,19.3548,38.5826
8765,12.3105,15.1214,3.3859,5.9899
8766,172.6356,148.5627,36.5828,60.0098
8767,94.5897,45.6486,11.6587,18.1449
8768,57.2972,63.7097,15.5973,26.6912
8769,30.2008,44.7232,9.9956,18.4593
8770,85.2093,109.4687,30.2511,45.6323
8771,7.573,5.6003,1.7063,2.2395
8772,37.7017,62.6009,15.7958,25.591
8773,183.8246,308.8842,73.3968,127.8924
8774,187.9788,238.0368,63.1276,346.6707
8775,28.2423,38.7947,9.0186,16.5134
8776,148.8443,250.2654,60.9889,99.265
8777,26.8858,13.2206,3.2495,5.3048
8778,121.5602,166.3029,43.2279,63.0898
8779,107.0411,65.5866,16.5691,28.0626
8780,64.8626,53.6616,12.7219,21.4633
8781,23.0881,36.9554,8.283,14.98
8782,15.3655,14.8268,3.5954,5.8037
8783,166.1356,156.9845,40.8368,202.1098
8784,81.5631,78.8108,21.5383,28.8193
8785,27.3823,39.4766,9.9904,15.0938
8786,116.9784,144.6574,30.6905,63.4497
8787,162.717,173.1282,265.4204,70.411
8788,93.2649,157.2063,37.204,61.6189
8789,136.2723,146.7334,34.8096,57.9854
8790,8.69,5.95,1.3467,2.378
8791,46.4391,58.4621,14.4521,24.6048
8792,180.6344,276.3262,65.4941,112.64
8793,182.848,193.9354,48.1657,73.0554
8794,173.516,269.761,76.2196,111.5735
8795,15.5416,18.7294,4.7371,7.0882
8796,97.6456,163.8946,47.9823,65.9143
8797,118.8587,48.9892,12.2923,19.3061
8798,155.2099,158.1991,40.0997,58.7953
8799,67.6273,62.5502,17.1243,25.2504
8800,189.1936,284.7932,90.1779,103.9698
8801,12.4167,5.9458,1.4138,2.3821
8802,190.389,257.1233,69.447,107.7812
8803,42.6209,44.8942,10.3263,18.2779
8804,85.9993,91.434,19.8919,37.233
8805,170.449,89.5292,23.6516,112.1432
8806,170.9837,197.2614,52.9178,76.1423
8807,84.5322,113.1494,25.996,47.757
8808,36.8762,32.6274,7.7732,13.2073
8809,141.0066,150.1371,39.4879,55.3296
8810,42.3277,37.0807,9.8069,39.3775
8811,104.9438,75.3475,18.1035,29.1462
8812,142.5165,187.034,48.9448,79.7562
8813,145.1077,224.912,52.4061,87.3142
8814,89.2829,69.8489,15.6869,30.6493
8815,154.554,163.3839,37.3465,61.4884
8816,165.9063,239.7031,79.9314,97.6246
8817,155.5832,146.2151,46.6715,62.0318
8818,72.559,91.6417,23.3093,36.0293
8819,171.7351,278.9274,62.6537,113.0609
8820,192.3919,304.1474,84.0755,119.109
8821,57.2813,54.9089,16.27,20.8442
8822,158.2422,195.7531,54.6038,78.4959
8823,163.0174,69.6696,16.4816,29.1157
8824,55.961,62.2072,14.9619,25.6654
8825,92.9301,97.0432,26.5634,40.5342
8826,1.2966,1.9334,0.4716,0.7828
8827,127.9288,128.3392,33.2295,53.7148
8828,71.803,39.8484,8.6636,14.9727
8829,162.9788,214.7493,51.3126,82.0824
8830,5.2892,5.1944,1.5825,2.107
8831,82.9513,140.7333,27.5972,56.4562
8832,185.0883,252.8795,66.8513,101.0666
8833,163.0563,277.1134,68.5909,112.2844
8834,180.8176,106.62,26.0568,44.0486
8835,94.1975,119.0848,32.1347,47.5197
8836,170.5322,282.7272,79.3141,115.3128
8837,138.545,179.4807,42.7165,72.3436
8838,72.3822,35.7266,7.7325,14.5775
8839,141.9966,84.2769,20.3227,32.4773
8840,13.7369,11.2724,2.7744,13.7779
8841,36.9251,57.4496,14.6161,20.7891
8842,76.8775,131.0216,31.6307,54.876
8843,63.6587,42.7593,8.9937,16.7194
8844,131.3435,132.6389,34.8934,51.5723
8845,96.4143,159.3191,34.1717,62.1458
8846,97.7358,105.1693,30.2742,40.6799
8847,192.24,278.4585,62.9446,114.7537
8848,147.491,79.9952,16.9406,32.1087
8849,62.2512,32.915,9.0454,13.9381
8850,162.2764,177.2609,49.0177,66.9236
8851,15.216,18.1211,5.3555,7.0735
8852,177.1326,232.6035,62.8366,93.4395
8853,6.4112,5.0683,1.5473,2.0129
8854,143.337,181.0947,50.5213,71.0769
8855,25.1913,26.9583,7.5229,10.6268
8856,74.2829,80.2075,18.6257,32.7914
8857,124.4844,94.396,25.0297,38.9222
8858,170.2102,113.9541,30.6422,46.7122
8859,89.88,146.2274,47.3225,55.5839
8860,162.1791,70.2671,16.0617,28.1143
8861,44.5951,42.5568,10.908,17.304
8862,171.4703,172.5354,42.8323,67.4143
8863,59.7532,66.4006,15.4796,27.0735
8864,105.8703,90.2809,23.6065,117.5573
8865,121.7683,164.5015,40.8894,64.3325
8866,20.1227,8.5722,1.8308,3.4964
8867,78.083,130.0547,32.3985,53.2288
8868,173.8137,287.7777,81.8421,112.6873
8869,77.0469,47.7298,10.9785,57.7805
8870,130.2988,151.7926,39.5229,60.8787
8871,74.4124,70.1275,16.917,28.8032
8872,129.341,59.1613,15.3905,25.795
8873,63.0534,39.7451,9.5078,15.426
8874,157.6057,180.953,49.4143,76.5847
8875,125.6576,57.9922,14.4667,22.544
8876,160.0382,197.4452,48.206,80.1305
8877,60.4998,75.7039,22.6752,28.7367
8878,129.0223,158.8084,37.5219,62.6188
8879,185.5454,93.6925,27.8522,123.5413
8880,13.4376,7.8685,2.513,3.2053
8881,76.1292,79.9585,17.6098,29.9344
8882,36.5569,19.9717,4.9674,8.1748
8883,185.1818,295.1567,97.6517,120.4581
8884,85.1096,38.6811,8.7075,15.2579
8885,54.3478,57.9139,13.474,23.5129
8886,94.1049,144.6556,42.78,61.2502
8887,157.7427,81.8065,20.876,31.7452
8888,46.2271,40.1922,9.917,16.2891
8889,92.5599,83.257,22.413,33.502
8890,28.6467,44.8878,12.0575,17.4133
8891,93.8943,139.5157,35.8146,52.839
8892,108.6548,129.6727,24.6537,53.3167
8893,145.2683,245.537,54.9108,101.6588
8894,63.249,65.3807,15.869,25.8811
8895,65.2204,41.8358,10.5824,15.2009
8896,132.7643,129.2209,33.903,54.4899
8897,112.0757,131.9586,42.5049,52.9003
8898,165.2052,219.3643,62.6283,94.4595
8899,141.15,197.0637,54.7325,75.5901
8900,84.1336,42.2079,9.8508,17.3877
8901,87.4222,68.2188,16.4409,28.2065
8902,187.8688,302.1238,71.6467,125.8259
8903,108.091,57.8951,14.7452,22.1936
8904,72.0307,87.8147,18.37,36.2372
8905,177.7893,178.0498,43.8366,71.6193
8906,153.9643,185.6312,47.6886,78.2887
8907,8.9103,11.7532,2.8718,4.9873
8908,163.2638,85.2914,21.358,32.9082
8909,172.0726,293.538,69.5014,111.5173
8910,118.7793,83.5659,19.1989,35.3634
8911,106.4435,79.7615,20.0603,30.6348
8912,96.1703,99.4407,26.6293,44.151
8913,131.929,173.1059,37.6881,69.0812
8914,4.0838,1.7156,0.3808,0.6809
8915,72.8002,46.0878,13.8927,19.825
8916,102.3356,55.5613,14.5237,24.68
8917,144.8824,122.1119,36.5568,48.9508
8918,127.2894,147.3687,36.2918,57.9096
8919,84.6768,89.1787,125.7653,36.0444
8920,37.0419,62.0121,15.3627,25.4256
8921,181.0992,307.2918,67.6392,114.3269
8922,80.5906,120.6266,26.7248,142.2497
8923,97.0894,151.2319,42.0076,61.1647
8924,176.7734,238.3926,61.7001,93.8102
8925,32.5934,47.5606,12.1437,19.0048
8926,35.5647,40.8041,9.0575,17.0466
8927,168.2367,143.0739,31.8175,58.4479
8928,55.5145,82.2322,17.985,34.7484
8929,55.9895,26.919,6.2362,11.0881
8930,90.4404,116.5865,34.5644,46.2744
8931,42.2612,20.1044,4.6024,27.6403
8932,107.8435,59.6945,14.1302,23.3138
8933,69.3355,59.9317,13.5153,23.0158
8934,141.8697,150.196,41.1718,56.8586
8935,5.7049,5.951,1.6854,2.4829
8936,27.0719,30.8099,8.0318,12.2091
8937,166.0261,194.8542,54.4553,78.122
8938,130.7958,69.4779,17.9949,29.1672
8939,88.8526,70.555,23.3965,29.0783
8940,164.4375,252.523,80.6041,101.4378
8941,120.6835,84.9847,18.975,34.1069
8942,67.2728,108.2975,29.5297,45.8561
8943,6.1642,8.3138,1.6075,3.3707
8944,140.6523,190.0522,45.0607,246.751
8945,19.4768,13.9062,3.7832,5.8437
8946,174.1793,185.3179,53.1582,76.4715
8947,122.0106,193.3593,56.1909,77.4481
8948,0.5827,0.5501,0.124,0.2379
8949,184.5079,232.1307,54.3138,84.2002
8950,136.0101,87.2226,20.4001,35.3798
8951,34.8767,58.6825,13.9334,22.6373
8952,186.4562,261.1527,99.0768,105.6501
8953,138.8156,59.5246,12.3942,23.0408
8954,12.3199,19.1543,4.93,7.6741
8955,57.1145,53.2338,13.3071,20.5609
8956,121.4729,70.8939,18.7409,28.9034
8957,22.0872,14.6605,3.7391,5.8464
8958,69.498,83.9694,20.0632,31.9741
8959,54.7231,51.1942,11.7871,20.0125
8960,50.6801,34.8207,8.2751,13.2284
8961,141.9668,72.4809,17.9094,27.6731
8962,62.9792,32.1678,7.343,13.4056
8963,21.7794,33.4133,8.2054,14.1673
8964,166.6522,223.7294,56.2798,84.4648
8965,182.7129,247.9145,66.4209,102.1839
8966,15.1965,17.5624,4.7906,7.5087
8967,120.7843,113.5553,30.2627,129.0512
8968,114.4778,90.479,22.6426,36.2896
8969,51.5243,36.0141,9.5284,13.6873
8970,144.2972,155.8136,37.3673,64.1695
8971,102.496,105.4748,22.0987,131.1642
8972,155.5095,120.9119,24.8685,46.6639
8973,74.1727,107.8447,28.3246,44.6739
8974,134.7426,174.4234,39.9473,72.6259
8975,188.3588,134.1905,39.471,53.2711
8976,64.4625,48.1127,11.7045,18.691
8977,32.2954,51.4401,10.8148,20.4592
8978,163.7543,225.1519,53.6579,94.2785
8979,175.4197,74.1524,14.8022,31.3676
8980,64.8191,100.3925,24.5159,42.5757
8981,52.2879,37.7107,11.1428,15.3953
8982,133.6127,86.7563,22.152,34.3251
8983,147.9653,214.9867,58.6311,94.4709
8984,75.064,54.8329,14.1108,23.4271
8985,136.9218,181.1177,42.4261,73.3224
8986,143.2905,208.1274,65.2627,85.3457
8987,161.9322,106.7551,33.8771,42.9165
8988,32.2155,35.3307,8.8989,14.4118
8989,70.1518,109.7185,28.1347,44.8396
8990,105.6802,109.1368,25.1924,42.401
8991,182.8934,99.0307,20.9982,39.5869
8992,133.7716,189.4339,40.492,71.5716
8993,77.8412,101.5367,24.441,43.0567
8994,132.8604,128.3117,31.2805,52.5973
8995,167.8442,185.5213,38.326,75.7554
8996,167.4611,188.7874,49.2268,75.1673
8997,20.3635,21.1054,5.8288,8.2574
8998,129.0529,143.2852,34.4159,60.4816
8999,132.5246,109.0093,24.7999,44.0024
9000,120.7077,110.3252,30.5501,44.083
9001,65.2824,91.2128,21.8513,39.3766
9002,69.8169,33.3328,7.9879,13.5593
9003,89.6989,142.5655,43.3854,57.6624
9004,189.2369,318.0072,69.9001,135.6604
9005,82.7504,39.6597,9.1843,15.2287
9006,85.0162,76.3611,108.1043,30.3545
9007,191.849,215.6073,63.3077,80.8591
9008,135.1528,91.5463,23.7508,35.4556
9009,187.5646,99.7595,25.5082,38.8568
9010,64.1995,100.4822,25.5809,133.6757
9011,146.9596,250.7552,53.6077,100.0064
9012,34.4394,21.5925,5.5641,9.5596
9013,82.3674,72.6545,20.8221,28.0528
9014,57.3299,79.7254,24.0506,30.9054
9015,182.5647,241.3345,49.9308,91.5808
9016,77.9949,78.7637,122.5482,32.4428
9017,114.0746,80.9062,24.0225,31.6691
9018,155.2476,242.1909,60.5898,96.0316
9019,190.3784,233.8766,57.1558,98.5032
9020,146.9956,180.4967,52.1013,233.5427
9021,186.864,89.0182,20.2907,34.8352
9022,13.0341,13.0362,3.067,5.1129
9023,7.9127,10.7903,2.4738,4.3647
9024,143.7356,95.6298,21.0836,37.509
9025,133.3725,125.7244,28.5956,52.5281
9026,4.0107,3.8709,1.0337,1.5567
9027,54.0022,52.6283,15.2702,71.6445
9028,125.3975,62.6597,16.2908,25.1348
9029,102.3768,90.7329,23.3259,38.2985
9030,98.7552,127.7769,29.5058,49.8957
9031,103.572,159.7408,42.2081,62.9897
9032,154.1176,256.159,51.7042,103.7104
9033,15.3053,7.7092,1.9641,2.8942
9034,80.4329,121.553,32.9223,48.2203
9035,50.5731,48.7168,13.1475,18.6271
9036,61.1151,104.2308,23.4994,41.4111
9037,98.818,163.9913,45.8072,67.5467
9038,85.5375,99.5272,24.4622,37.7726
9039,45.1199,29.0472,6.8771,11.3935
9040,77.6535,116.3542,30.1485,46.3549
9041,113.931,86.1058,20.3335,32.944
9042,138.9567,64.7897,19.1841,26.8225
9043,50.2861,38.8648,9.0542,15.5912
9044,108.2961,54.2421,12.3266,21.4119
9045,152.9345,107.0312,27.2452,43.5523
9046,100.9234,123.4447,29.3789,48.4418
9047,96.9415,161.7861,37.8806,65.0798
9048,79.6484,75.2842,19.9221,30.6557
9049,190.4891,80.1271,18.1373,100.5884
9050,29.2789,31.405,7.8975,12.0458
9051,2.4227,2.1653,0.4859,0.8656
9052,64.9637,52.9272,11.7561,19.7644
9053,147.2629,74.99,17.4205,31.8091
9054,116.8382,195.1381,46.3092,78.8897
9055,149.5601,92.401,21.0338,123.2065
9056,150.3217,179.6165,50.3803,69.8545
9057,6.9678,9.1546,2.61,3.618
9058,89.8578,43.6458,11.5138,17.6585
9059,77.4975,94.0006,21.9254,33.1849
9060,65.8949,106.6102,29.3457,42.4091
9061,69.7601,74.953,117.1351,32.4347
9062,55.3837,81.6698,20.251,32.4137
9063,187.2888,152.0437,35.5431,56.837
9064,19.2232,20.8207,5.2322,8.265
9065,127.2194,165.4134,42.0906,63.7645
9066,153.3599,126.1453,30.4658,50.7799
9067,31.6542,49.7734,12.1859,21.9369
9068,85.0471,122.8263,27.9797,49.4469
9069,45.2536,61.2356,17.7516,25.7508
9070,32.5239,29.9645,7.308,11.7248
9071,140.556,68.7477,19.7131,28.4113
9072,2.7834,4.4566,1.0066,1.8634
9073,124.3394,204.7011,49.1814,86.9668
9074,162.4863,192.5507,42.1801,73.3385
9075,173.6524,128.7965,29.7336,53.5353
9076,115.4378,180.0539,50.7934,71.2013
9077,36.0481,54.4973,12.6129,21.4693
9078,171.352,79.6246,20.1631,32.1103
9079,114.9996,65.8202,12.7884,26.2421
9080,93.4002,81.6475,20.666,31.4047
9081,106.1633,172.616,44.4564,206.9614
9082,130.4923,62.6145,18.3364,23.9531
9083,98.4702,102.7197,27.9621,40.8364
9084,131.3849,78.4862,19.1388,31.1672
9085,190.0751,139.4936,39.4125,56.7578
9086,87.4848,73.7362,19.2597,29.3659
9087,114.9482,136.3651,37.4748,52.353
9088,186.1726,160.766,44.2537,68.528
9089,191.0591,324.9856,83.9125,117.7306
9090,151.0164,62.5231,14.3572,25.8161
9091,121.213,202.8783,45.9205,83.3152
9092,11.8173,13.4369,2.7341,5.3518
9093,186.572,220.4473,58.4863,92.1636
9094,17.567,9.7824,2.5988,4.1513
9095,130.4954,213.635,60.1677,84.691
9096,26.6408,12.2087,2.7501,4.8437
9097,75.9297,60.1165,15.1932,23.4016
9098,24.8317,15.6852,4.2541,6.3872
9099,16.2867,8.509,2.01,3.6169
9100,92.2253,81.3077,17.5236,30.5788
9101,47.7894,81.5124,17.4296,31.4522
9102,42.4164,23.9817,5.5776,9.5225
9103,80.5753,109.0068,24.4854,42.7606
9104,2.1422,3.4402,0.8716,1.3919
9105,111.8155,186.5895,46.5438,72.896
9106,50.5727,68.398,17.4198,27.8
9107,124.5825,106.7919,23.8081,42.9562
9108,67.3263,67.7016,16.3917,27.0781
9109,137.9025,167.868,48.4482,68.0941
9110,105.496,71.4402,18.2843,25.0689
9111,22.5319,13.6571,2.9925,5.5467
9112,7.2608,6.7178,1.7708,2.7454
9113,76.1636,93.294,26.6565,39.9178
9114,184.7173,198.6999,45.3424,79.1755
9115,142.4168,100.0979,29.1061,40.8002
9116,109.6993,165.0527,42.0841,67.3976
9117,163.927,229.0127,57.4672,85.8968
9118,116.2486,73.3833,17.7299,28.7227
9119,91.8462,155.6953,35.8137,60.6485
9120,70.447,46.5063,12.5124,18.3617
9121,66.2455,68.1415,16.302,27.398
9122,97.688,89.1676,25.5014,36.4134
9123,103.56,120.0444,26.0989,48.7424
9124,97.4473,110.9791,30.719,42.5485
9125,101.0766,158.2281,35.9275,61.7453
9126,126.2379,111.7578,27.1965,47.0397
9127,90.2487,149.303,31.6087,57.0611
9128,3.4834,3.4938,0.8543,1.4619
9129,90.0337,103.4512,33.1814,40.232
9130,138.1887,158.0552,37.1509,63.5587
9131,95.5847,94.5062,22.4077,39.2085
9132,109.3965,165.7762,34.3535,69.8419
9133,82.2708,39.8278,12.5975,15.8788
9134,186.4217,162.3237,36.1348,67.0013
9135,44.7983,38.6003,9.167,16.3713
9136,104.0205,173.7388,46.048,70.6299
9137,127.0532,146.8062,38.2235,60.3786
9138,48.2203,40.1673,9.0453,16.0212
9139,182.0165,300.5877,83.3767,118.0019
9140,97.8265,43.938,11.3612,18.2084
9141,106.837,64.8994,15.7207,25.5856
9142,20.3828,32.6029,7.8612,13.6723
9143,12.8835,16.9893,4.0445,6.6535
9144,171.0113,173.9375,50.5062,69.1779
9145,43.7123,63.2947,17.1297,24.0887
9146,25.6483,24.2053,6.8688,9.6679
9147,132.7831,198.5319,48.7398,77.8765
9148,2.0692,0.9086,0.2575,1.12
9149,61.7439,30.1101,8.1469,11.8406
9150,150.3172,229.479,46.1229,91.3268
9151,30.4737,19.6986,4.4855,7.7903
9152,80.4233,109.6125,23.1065,43.3846
9153,99.4949,81.4876,17.7309,30.5354
9154,190.1435,197.0129,41.8429,83.2848
9155,14.5813,8.1619,1.8073,3.1338
9156,46.3538,55.3337,14.2806,22.6886
9157,53.0395,78.0519,20.3776,32.176
9158,0.6163,0.8044,0.2408,0.3213
9159,178.9583,174.5366,46.1823,68.7517
9160,4.2927,4.5729,6.3377,1.6422
9161,11.0017,17.649,4.1228,6.6692
9162,100.5253,111.4867,28.7473,40.0713
9163,31.7099,48.7034,12.7011,19.4944
9164,8.6723,10.5322,3.4502,4.3377
9165,185.7241,254.3002,73.7577,101.3702
9166,6.0159,3.6982,0.8661,1.5275
9167,170.6637,78.9666,19.4126,32.7712
9168,46.3063,22.8887,6.1644,8.6536
9169,88.6052,141.7857,34.5488,56.2264
9170,116.1801,141.732,36.5913,57.0328
9171,136.1812,131.7876,28.7979,54.5504
9172,25.3898,35.8308,9.3383,14.3559
9173,174.897,153.7847,33.7202,57.4016
9174,20.5175,31.9182,8.9886,13.0427
9175,73.0258,77.7843,18.4768,31.9895
9176,182.2312,87.5265,22.189,39.0457
9177,4.655,7.5791,1.731,2.9221
9178,140.857,155.2636,35.2053,61.9331
9179,191.9804,289.2373,60.4559,120.7417
9180,125.7404,82.7354,20.054,33.9187
9181,99.2068,62.8437,15.8951,25.6548
9182,90.8891,49.4841,10.7885,19.7385
9183,131.3311,167.5385,40.8952,71.8272
9184,17.0514,27.1834,7.4819,10.8701
9185,57.3345,79.4049,18.2349,31.897
9186,0.1773,0.095,0.0245,0.0385
9187,179.5493,90.6204,21.9229,36.9721
9188,107.9553,104.2312,27.5991,40.6455
9189,30.2807,27.0544,8.2217,10.308
9190,3.2859,4.6568,1.1054,1.7931
9191,56.5222,83.6381,17.43,34.0188
9192,99.3795,103.2024,25.0572,41.0291
9193,182.2575,267.421,78.0412,110.3485
9194,23.5743,12.0525,2.7242,4.9382
9195,1.3114,1.4906,0.3763,0.5706
9196,137.725,133.1493,38.1052,54.0416
9197,165.0724,124.4192,27.465,49.6349
9198,142.8145,152.6928,39.0908,63.9412
9199,142.1448,237.6688,56.0708,93.4338
9200,152.1686,179.5228,42.4301,74.3713
9201,130.0082,154.029,38.2324,61.7985
9202,83.2125,43.258,10.6259,17.2212
9203,123.739,180.9523,46.8633,71.5331
9204,189.311,223.9401,54.8625,84.4891
9205,57.8913,24.8445,6.6818,9.4294
9206,111.1077,133.0583,33.2455,52.5907
9207,85.9805,71.5086,20.6366,27.9928
9208,166.0858,204.5715,51.0523,82.4573
9209,7.3058,7.9599,2.01,2.963
9210,39.5494,65.7636,17.1199,25.6726
9211,38.3182,55.0946,13.32,22.8772
9212,113.0474,191.2573,48.998,235.6834
9213,26.491,38.1215,9.1915,16.277
9214,76.1092,113.2702,27.4253,42.7305
9215,158.8913,128.691,30.9815,57.291
9216,58.8904,81.9639,18.6511,34.7593
9217,193.3954,101.8808,21.1786,42.5692
9218,3.7715,4.0143,1.1121,1.5294
9219,45.5666,76.7675,17.3059,31.257
9220,92.8993,105.2507,26.8108,40.8764
9221,76.3351,85.6809,21.516,33.1179
9222,47.2146,40.2071,11.7259,15.7112
9223,131.7206,183.7257,46.1576,76.8235
9224,106.4186,93.9879,23.976,38.1511
9225,94.7422,44.7909,13.7302,17.6039
9226,41.6022,29.8397,8.2237,12.2488
9227,98.6473,99.4266,23.0118,124.9697
9228,86.1777,123.6822,31.0494,48.1285
9229,32.1504,22.2235,5.4432,8.9505
9230,67.4,114.1772,30.8618,43.0533
9231,78.3062,48.1617,10.6113,18.47
9232,189.4459,163.0942,40.766,68.3164
9233,37.9066,61.4595,16.0937,72.2495
9234,23.3205,20.8316,4.8731,8.2554
9235,113.6345,141.8858,37.1351,55.6568
9236,129.6194,66.7427,15.7928,28.6884
9237,28.9835,19.5391,4.9989,7.4607
9238,188.1257,107.0934,23.4595,42.1857
9239,31.724,19.9012,4.5155,8.3724
9240,173.5826,260.0303,61.4414,106.7722
9241,130.2889,173.745,47.6186,70.9088
9242,0.994,1.1639,0.3051,0.4621
9243,86.7668,113.3776,31.1936,45.9618
9244,98.2248,78.9273,18.4897,33.0346
9245,145.3494,183.3465,41.6771,76.3745
9246,121.252,186.5418,36.9643,77.8328
9247,152.8674,153.2346,42.1565,63.5385
9248,144.0506,195.6568,49.139,74.4052
9249,143.895,143.9387,33.4008,56.5103
9250,97.7439,60.2598,19.9211,23.2096
9251,100.1964,116.4875,28.4084,44.7511
9252,58.2137,31.6463,8.6734,12.187
9253,68.8449,32.7567,8.4513,12.784
9254,93.1876,88.7369,20.1711,36.2882
9255,185.9264,196.9376,52.2961,78.0892
9256,129.4874,74.2568,20.2103,29.1649
9257,8.5118,3.7308,0.9118,1.4928
9258,181.1856,182.9328,46.4076,77.7902
9259,139.9999,89.0331,23.3526,34.6477
9260,89.1374,135.8401,31.8464,51.1914
9261,5.1797,6.5173,1.7016,2.6194
9262,156.8942,166.0146,43.0933,197.1652
9263,108.0629,151.467,36.9672,60.3697
9264,22.0573,10.6929,2.8093,4.5917
9265,35.6168,40.0657,10.8729,16.1816
9266,81.724,130.7026,32.1794,51.3225
9267,161.117,150.1982,31.736,60.2998
9268,87.6012,92.7757,23.2314,35.1332
9269,152.3167,70.4849,18.1474,28.2712
9270,145.7157,239.8004,63.2617,89.4568
9271,14.2591,15.0166,4.1136,5.8444
9272,111.5899,126.115,30.8671,48.6241
9273,117.8805,145.2334,33.9666,57.438
9274,50.0611,26.9748,5.6788,10.7417
9275,156.0014,143.2944,36.3895,54.0587
9276,106.5878,64.8944,14.3239,26.8126
9277,57.1042,81.7445,20.7586,32.8966
9278,79.7878,132.1274,31.1868,53.9353
9279,33.1392,32.4673,7.2964,13.1048
9280,46.6266,54.6112,13.3412,22.0702
9281,161.0069,77.3401,20.2268,29.0143
9282,57.2312,70.6545,19.6754,28.8309
9283,56.625,86.5477,22.818,33.1072
9284,150.2354,65.8577,15.0701,24.9784
9285,36.7165,15.4281,23.8108,6.1567
9286,95.7039,116.7014,27.2384,48.5104
9287,121.589,134.7571,37.4905,50.6511
9288,117.8274,135.1385,30.5559,56.8298
9289,63.9935,77.0568,18.0761,30.5661
9290,79.5337,78.6863,21.0439,31.7016
9291,108.655,138.9017,36.464,51.9673
9292,48.0718,70.3036,18.0579,27.7124
9293,40.4272,33.4181,8.5146,13.4056
9294,152.6617,69.0448,17.8376,27.0554
9295,89.9466,121.9637,33.6351,47.429
9296,121.2392,191.9224,48.3723,266.8822
9297,22.5347,28.2682,5.8032,11.2884
9298,131.8974,165.5464,46.6922,66.7998
9299,100.8713,157.1836,40.897,60.7567
9300,131.7753,77.7816,18.5832,30.2585
9301,66.1239,80.8391,18.5848,31.458
9302,45.5612,34.269,9.1671,14.0551
9303,144.2632,146.5415,35.0412,58.2766
9304,123.2961,163.1857,43.2782,63.0652
9305,119.6624,162.0433,41.1955,64.1861
9306,23.4772,31.2304,7.7447,12.3334
9307,69.1979,90.3906,27.1463,35.4441
9308,52.307,48.4407,13.0883,20.5652
9309,94.4291,115.1656,26.9408,44.6337
9310,136.656,204.3951,57.4026,80.5871
9311,189.6475,164.4624,36.3479,64.513
9312,135.3142,166.6465,46.811,64.2647
9313,14.0253,7.0698,1.5403,2.7269
9314,77.1999,50.2619,12.6209,19.5681
9315,12.5307,14.0334,3.1436,5.7738
9316,71.3492,98.5462,23.3291,38.2494
9317,159.6076,237.6041,57.163,98.029
9318,130.8405,126.8927,28.0156,51.505
9319,124.3048,89.8785,22.2326,36.6574
9320,26.2394,29.6467,7.8938,11.7338
9321,151.6836,253.7799,69.2145,96.1676
9322,167.4767,199.0494,49.564,83.4426
9323,114.2576,65.5756,16.1475,26.173
9324,153.9885,204.1159,49.7528,82.7494
9325,123.8253,72.1291,18.049,29.1468
9326,108.2737,89.0174,25.4962,105.9329
9327,60.1849,32.101,7.5571,12.478
9328,43.7432,49.6906,12.8101,19.2562
9329,33.4584,54.014,11.7263,22.4691
9330,156.4424,220.4078,53.7224,83.8313
9331,88.8202,117.4913,31.9876,46.8579
9332,80.8062,52.1738,13.1014,22.0897
9333,19.7715,30.0735,6.7622,11.906
9334,33.4395,33.4711,7.2922,13.8504
9335,153.0059,251.4238,68.6278,100.2135
9336,104.3144,156.3363,38.6993,59.4974
9337,166.7693,111.9471,29.776,45.7962
9338,2.815,3.6543,0.9336,1.4812
9339,180.0101,125.3553,32.6013,48.2655
9340,189.979,158.6116,36.0537,61.1143
9341,136.923,108.9141,25.0391,42.3477
9342,80.2796,67.178,17.9298,25.6145
9343,123.4425,141.7059,32.4342,58.1206
9344,161.7365,185.7785,49.404,76.5193
9345,70.2535,32.3,8.6051,13.0601
9346,164.6,241.8065,59.3915,97.4292
9347,96.6542,74.5442,27.536,28.7403
9348,177.154,109.5144,25.0624,43.5711
9349,71.8887,117.0277,28.4067,46.799
9350,131.5808,73.4867,18.2824,29.3272
9351,76.2023,107.2739,23.9234,40.974
9352,75.505,52.314,14.6866,20.4254
9353,83.0685,34.5335,8.0765,13.4949
9354,108.9545,51.6044,10.5303,20.0583
9355,83.2633,112.2799,26.7129,44.6217
9356,82.1607,136.5753,33.2613,56.5087
9357,96.2757,95.1975,22.9509,38.1301
9358,107.6397,135.2865,37.0078,53.942
9359,135.9885,65.1836,19.2221,27.9481
9360,151.8041,96.3533,23.75,42.4452
9361,92.361,83.8922,20.0696,34.4045
9362,62.0971,92.2807,24.1111,110.935
9363,39.9343,24.0025,5.708,9.6323
9364,112.3458,174.5013,38.5791,73.0563
9365,137.9615,191.6778,45.661,76.4626
9366,111.4285,81.8526,22.1274,34.0985
9367,146.5656,199.3872,44.8653,81.481
9368,47.657,76.6399,19.524,32.1563
9369,79.376,40.5043,10.2468,16.0888
9370,51.4274,52.6804,11.953,20.9495
9371,104.9222,113.4972,29.9117,43.2121
9372,119.918,128.0894,27.7823,49.1134
9373,168.8705,171.7133,39.4334,66.8833
9374,0.3146,0.4402,0.0936,0.1716
9375,72.6551,112.4342,24.4469,45.3102
9376,72.2283,70.2774,16.0025,27.6395
9377,134.7018,154.5333,35.1721,65.185
9378,121.7835,99.4255,22.1456,40.7162
9379,102.8535,84.3264,19.771,33.1022
9380,180.843,93.5421,22.5443,39.5473
9381,173.6027,189.2797,44.2256,74.0868
9382,44.4268,42.2183,10.0553,17.3622
9383,96.9544,87.2666,121.1203,33.2218
9384,175.884,189.8266,46.7555,78.0165
9385,153.7521,113.9741,27.4286,47.7412
9386,52.1521,23.3905,6.0626,8.712
9387,56.2748,87.1263,19.0159,33.6522
9388,191.6429,237.9392,61.5347,91.7389
9389,125.9662,127.3287,30.3527,50.2453
9390,80.7999,101.3377,28.123,38.6081
9391,17.487,9.5639,2.3098,3.9965
9392,3.9288,1.8651,0.3913,0.7554
9393,115.3976,182.6545,46.8777,72.7909
9394,153.4477,107.0626,31.6963,47.9069
9395,190.1414,193.676,48.7242,75.4343
9396,111.913,56.253,11.7335,23.234
9397,173.3054,242.4452,63.4079,95.7942
9398,144.4783,119.6129,31.2781,48.6879
9399,48.1973,78.5298,20.7081,30.8785
9400,182.0356,214.7981,56.2357,87.7353
9401,157.5754,89.3648,16.4652,37.0813
9402,75.8921,70.6899,15.2751,28.1299
9403,18.3737,12.9907,3.1695,5.0015
9404,192.8517,174.5114,51.2975,75.1393
9405,113.0515,95.2496,21.9407,38.3023
9406,86.504,116.5951,31.9823,149.2022
9407,100.9398,45.0888,10.4454,17.48
9408,7.7669,5.9883,1.3062,2.3724
9409,37.3674,22.0468,5.2501,8.9011
9410,129.4122,82.8284,20.3191,35.8951
9411,189.8317,165.4857,44.3906,63.9283
9412,41.6873,65.7971,13.0212,26.1699
9413,51.6424,76.4664,19.7254,29.1642
9414,122.3188,104.5033,26.2993,136.6738
9415,27.3391,45.7012,9.8453,17.7603
9416,192.292,309.2757,67.1068,119.2325
9417,131.746,131.1979,39.0857,52.8492
9418,64.4152,103.5846,24.0339,41.5469
9419,14.6348,16.9931,3.7605,6.6582
9420,108.8836,185.6756,42.5134,68.8854
9421,138.1161,205.4809,45.2484,275.5419
9422,52.885,63.0548,15.842,25.3218
9423,96.3492,89.9796,23.6588,38.1158
9424,79.8663,82.9442,20.528,32.7534
9425,5.3295,3.8094,0.9531,1.6096
9426,1.7636,2.1059,2.764,0.8119
9427,4.3019,2.4188,0.5826,1.0126
9428,60.9558,60.4799,13.5071,24.0419
9429,181.7136,175.9848,43.2517,75.8326
9430,21.2315,24.8189,6.2011,8.9393
9431,94.5203,77.0063,19.4119,91.9852
9432,68.0327,82.7067,20.9651,33.9608
9433,103.6344,131.7336,28.4639,51.7991
9434,36.9639,35.8135,7.9139,14.2541
9435,115.4135,135.7883,34.1485,162.9849
9436,102.5973,139.8124,35.9541,54.3788
9437,140.5538,233.2623,59.4609,87.3337
9438,111.4575,66.0274,17.4004,28.6518
9439,124.1943,181.697,47.6342,77.7802
9440,134.2842,178.4817,39.9182,69.1296
9441,4.319,4.0196,0.9921,1.6256
9442,99.9057,154.4066,47.3161,65.1193
9443,154.7594,164.5672,37.1125,68.2723
9444,122.6888,171.9899,38.251,64.9511
9445,135.5849,157.37,37.3098,61.8841
9446,29.4286,43.5172,10.1332,18.8423
9447,84.1321,83.5194,22.1087,31.4818
9448,115.5566,58.3579,16.1849,23.3935
9449,64.4565,70.6106,21.3729,29.2994
9450,66.0567,80.0881,24.0418,33.6763
9451,90.3382,111.9008,28.4436,44.5696
9452,161.229,223.8191,53.9111,87.2584
9453,133.7222,121.9996,31.2158,48.3781
9454,160.3762,134.7204,31.0499,55.0226
9455,145.6179,227.3712,50.7209,96.4393
9456,66.448,94.9076,26.5953,40.443
9457,23.5161,28.3852,6.8944,11.0064
9458,142.6501,240.3832,68.3798,99.986
9459,37.0868,21.1087,5.1668,8.3137
9460,63.7467,53.5516,12.4934,21.0433
9461,65.3786,93.4461,22.6251,39.5844
9462,112.1813,182.0566,42.8593,70.0357
9463,77.6997,128.1341,31.4825,51.6164
9464,38.196,24.1303,6.351,9.7935
9465,69.4539,67.8353,15.8703,26.1814
9466,174.8524,76.2214,18.8034,30.064
9467,11.593,9.6158,2.2775,3.6971
9468,142.6883,201.1179,53.5704,80.7379
9469,128.1111,58.819,12.5068,23.0186
9470,135.3004,114.5047,25.9377,43.5621
9471,127.2467,203.33,57.6689,76.7028
9472,145.2531,199.2483,266.6339,79.8771
9473,185.7701,139.8797,33.2381,58.0854
9474,8.6815,8.9907,2.5219,3.6291
9475,47.2369,60.5173,14.7216,24.7199
9476,65.7955,75.6745,21.8222,31.5542
9477,164.9248,223.2327,58.5309,87.5592
9478,36.218,45.5157,11.0393,17.7386
9479,165.1117,74.217,19.8613,31.4425
9480,139.0096,108.0915,31.8999,42.4277
9481,156.9056,246.6455,48.541,100.0018
9482,91.4745,107.2376,26.6293,42.7191
9483,56.6238,80.1592,21.7459,30.9769
9484,65.7455,43.8233,9.4335,18.5695
9485,99.0857,86.5045,20.9732,35.9315
9486,72.0704,30.9727,7.9491,11.9562
9487,77.3371,93.5903,22.79,37.3446
9488,80.8446,91.7195,23.6694,35.5406
9489,53.2851,82.76,23.943,32.1561
9490,2.9572,2.9878,0.6946,1.2351
9491,149.7855,79.787,17.6497,32.6717
9492,30.4072,50.4503,13.4881,21.4219
9493,125.6738,191.1607,51.4581,73.9555
9494,102.1372,139.5201,33.2524,53.8791
9495,1.7808,2.3345,0.5941,0.95
9496,72.5835,39.8858,12.2188,16.2619
9497,168.1845,250.7253,355.4484,106.0208
9498,156.9414,113.721,27.735,44.923
9499,187.2636,209.9213,67.2427,82.44
9500,19.625,18.5439,4.3275,7.8797
9501,166.8182,206.246,48.1345,81.029
9502,67.0674,39.3577,9.5035,16.2354
9503,169.5364,261.5222,65.2044,102.1139
9504,144.3763,207.3851,60.2947,83.0943
9505,54.277,47.2485,11.2362,18.6112
9506,77.2419,73.5766,20.2581,30.2909
9507,52.4712,47.9631,12.2874,18.4322
9508,79.6927,65.8953,19.2576,25.6491
9509,13.7411,19.1341,4.6365,7.7244
9510,142.9961,237.7968,62.3518,94.0409
9511,23.522,20.9861,5.347,8.5671
9512,150.7737,76.2335,16.7195,32.0451
9513,34.2512,36.0557,9.4083,13.7097
9514,115.5325,98.7201,19.2927,40.2367
9515,65.4135,97.0257,23.6498,38.0575
9516,166.1924,255.9054,59.3005,99.8983
9517,169.9196,118.1468,23.5647,48.0833
9518,100.0795,167.4409,42.7807,68.9842
9519,144.908,188.2056,44.6129,73.6815
9520,147.7711,101.018,22.0044,43.556
9521,42.9823,42.8078,10.1903,49.6361
9522,13.9359,16.1142,3.8081,6.5735
9523,133.1936,68.4108,15.5544,25.7052
9524,6.7962,10.7521,2.5875,14.3686
9525,184.128,156.8969,39.0248,59.8579
9526,93.3567,60.8291,13.6441,23.9763
9527,59.4515,88.0414,20.6693,35.6718
9528,148.666,97.1093,23.7025,38.7226
9529,177.8166,188.8149,46.3336,75.9971
9530,172.3699,147.9705,48.8173,55.0016
9531,53.6597,37.9829,10.9064,51.2379
9532,164.7646,169.8971,39.0491,67.5005
9533,106.9019,48.7036,12.2941,20.3401
9534,91.0509,48.1457,12.8951,20.28
9535,3.6136,1.637,0.3884,0.6418
9536,190.9094,310.8517,87.3086,122.3427
9537,149.0246,104.5232,30.5407,43.8226
9538,137.8105,211.986,56.133,84.8256
9539,159.3426,153.6901,35.1361,63.1993
9540,133.6604,64.2479,16.8774,26.5295
9541,172.8572,79.5907,20.7577,31.925
9542,162.4213,263.9652,62.5432,105.3642
9543,103.6889,103.4189,22.1709,44.7514
9544,135.7552,231.0854,70.7456,93.399
9545,25.5905,26.1984,6.3927,11.1748
9546,12.6115,17.81,4.1595,7.7021
9547,66.4095,82.2953,20.3385,32.7797
9548,71.4163,61.7835,14.6779,26.4308
9549,58.6794,78.099,20.899,32.2794
9550,19.0038,8.8721,2.0868,3.2833
9551,42.1988,40.9101,13.5084,16.5729
9552,79.3673,53.8441,11.5637,20.2736
9553,79.3383,134.0648,35.6867,51.7848
9554,138.5105,182.9855,55.8572,75.2614
9555,70.5576,96.3685,25.922,39.1498
9556,59.3402,50.3948,11.5333,21.2093
9557,7.4429,6.1801,1.6776,2.4436
9558,164.359,71.4929,18.0346,27.4006
9559,166.362,102.9952,25.2512,42.7237
9560,113.9124,191.9626,44.2738,76.7204
9561,135.4839,167.9912,40.9579,69.4442
9562,99.6342,75.3653,20.0811,30.4173
9563,148.3539,244.101,66.52,98.6727
9564,17.3568,19.2493,5.6517,7.4401
9565,147.517,62.8832,15.8462,26.812
9566,3.332,1.6857,0.3886,0.6925
9567,168.2187,170.5498,47.1077,65.7825
9568,153.1365,135.495,36.8782,55.814
9569,184.9139,115.4572,31.264,47.3782
9570,145.771,198.1661,51.1721,82.5116
9571,58.328,98.6703,25.6617,38.808
9572,30.2686,24.3459,5.7243,10.0259
9573,152.495,141.9229,33.4998,57.2288
9574,8.6658,5.1875,1.2692,2.0196
9575,189.4867,94.5027,25.9508,39.3203
9576,87.0305,123.7839,29.1434,49.9078
9577,75.9814,117.0253,32.8644,44.3992
9578,136.4682,170.3122,42.7193,66.6098
9579,187.9135,262.4939,62.3196,107.3893
9580,88.0067,84.0533,19.8932,30.8729
9581,13.7403,10.0492,2.2745,3.7993
9582,173.9449,215.9797,50.6052,93.3612
9583,163.5969,201.1982,57.6689,84.0415
9584,59.9477,53.0246,12.3554,21.0161
9585,90.4913,100.1486,29.7807,41.3945
9586,100.7396,135.1996,33.7716,54.4773
9587,100.2985,62.065,18.3391,25.5389
9588,154.2734,187.8301,43.0042,74.7722
9589,103.4967,141.9819,31.8445,57.2509
9590,159.5348,211.297,51.8218,82.9504
9591,98.8062,78.6286,20.1669,32.1619
9592,167.9568,214.4902,58.2359,86.6866
9593,148.6874,250.9878,62.7163,99.8968
9594,134.876,67.9272,16.1489,93.302
9595,72.3317,51.7804,14.3173,20.0877
9596,72.5167,35.1923,8.0745,14.0494
9597,29.1874,20.4951,4.9305,8.7164
9598,185.6149,178.6166,43.2192,70.9942
9599,114.7736,146.8257,38.5681,61.2897
9600,19.6683,20.6982,4.5186,8.1416
9601,98.2686,138.2842,32.4818,54.4727
9602,174.8695,265.8737,63.9629,107.4004
9603,99.1268,80.8059,21.6016,33.6212
9604,133.9438,85.4918,19.9584,33.4309
9605,100.7743,55.638,14.2537,22.0721
9606,74.7076,61.2642,15.1363,23.372
9607,80.1706,75.6894,20.2443,30.3189
9608,14.7635,16.2812,23.2944,6.7978
9609,39.2135,47.4923,14.3651,20.1108
9610,109.9872,111.3142,29.2368,42.3752
9611,162.5353,103.21,24.1939,42.0159
9612,45.9796,65.8538,15.5514,26.8329
9613,48.9277,40.2299,9.2024,54.2835
9614,155.6173,264.1357,92.5548,104.2402
9615,13.8761,14.1216,3.5561,17.2816
9616,54.151,44.5702,9.6704,18.297
9617,118.2503,68.4972,17.595,28.8109
9618,127.6635,85.0011,20.7622,110.0221
9619,15.5398,21.7453,5.8727,8.9802
9620,69.0405,118.1335,30.0015,47.4667
9621,94.6315,88.9725,22.3977,37.8103
9622,74.224,60.689,17.2298,24.4662
9623,176.5788,122.7182,32.5441,140.9551
9624,143.7755,244.6552,67.0575,94.3064
9625,149.8187,220.2303,60.3267,90.7492
9626,115.8669,97.0645,26.8882,37.1215
9627,7.084,10.4679,2.6594,3.8287
9628,41.6444,62.7278,12.5811,23.9138
9629,56.8964,25.0328,5.0318,11.0905
9630,164.9711,109.3529,29.8945,45.0879
9631,37.6675,33.2495,9.8309,13.0261
9632,51.8927,68.0444,18.8203,28.3943
9633,137.2463,210.1193,50.7882,90.2086
9634,50.4184,84.9403,22.3441,33.1066
9635,191.732,208.035,49.5986,76.358
9636,174.4943,183.9282,44.9744,73.5625
9637,57.0759,47.9185,12.6351,19.3554
9638,139.6344,140.1827,41.2047,56.0085
9639,27.4445,21.7404,5.4504,8.7915
9640,63.9012,74.6172,17.4957,29.2149
9641,93.8962,73.4257,89.2076,30.4726
9642,118.8893,184.4744,49.9859,77.4409
9643,1.6265,1.3124,0.3225,0.5433
9644,55.7263,86.0291,20.0476,34.4611
9645,53.3454,47.0726,11.8258,19.9867
9646,100.6245,69.3277,18.9803,27.5665
9647,63.8412,32.0811,8.4258,12.3267
9648,113.3249,57.6009,13.5258,23.7875
9649,86.1308,105.224,22.7089,42.0681
9650,128.1162,205.121,62.0333,82.0214
9651,77.5963,83.6582,19.0656,33.2274
9652,56.7731,44.1595,10.5655,16.9942
9653,128.8568,139.79,38.1202,53.8237
9654,157.3616,148.1346,34.0442,58.4549
9655,24.7671,31.6702,8.6034,13.5063
9656,157.2045,220.6057,60.5226,87.4233
9657,75.6558,42.9242,10.4852,17.1646
9658,182.3385,99.6915,24.3941,38.6983
9659,164.503,267.4215,75.8755,106.3135
9660,109.8141,141.2348,29.1414,54.268
9661,190.5584,264.8269,70.0071,98.2577
9662,39.0744,24.4042,6.1091,9.3399
9663,191.035,279.2363,73.5885,112.528
9664,90.0263,99.4196,22.332,41.2142
9665,41.1981,65.5744,17.677,24.54
9666,93.4568,107.7497,28.2281,41.4371
9667,72.7937,89.9096,22.1483,34.5425
9668,94.094,44.2503,12.3579,17.5468
9669,92.0353,78.4579,19.9731,32.1862
9670,5.2611,7.7245,1.7982,3.0766
9671,129.8575,169.876,48.0859,64.1714
9672,36.908,47.7267,13.3071,19.2872
9673,143.2489,72.4152,16.8283,28.5873
9674,62.3457,91.7034,24.5237,39.2519
9675,131.6096,155.688,40.6645,64.92
9676,50.0584,53.3285,14.1211,22.5012
9677,109.7849,144.328,36.4953,55.2691
9678,193.2562,211.5845,51.3859,90.466
9679,131.6276,134.7593,39.6743,51.5591
9680,40.4727,66.6021,16.9779,24.9953
9681,90.8565,143.2604,37.6812,55.4924
9682,46.6096,75.2298,18.6868,30.3006
9683,86.033,145.3527,33.1162,56.9544
9684,176.4043,78.7793,17.4623,31.6581
9685,180.2396,237.2601,59.4058,311.925
9686,51.6784,85.8806,22.7181,34.4614
9687,124.4594,176.0766,39.4812,67.5894
9688,61.8382,78.7079,21.6695,30.7218
9689,153.5976,241.7236,65.1116,94.5793
9690,87.4001,83.5864,26.7202,32.8359
9691,101.0303,77.7631,16.5925,107.2345
9692,65.2963,101.547,29.0942,39.5063
9693,190.6478,135.5906,34.037,59.2326
9694,106.6613,98.8388,23.9914,38.3627
9695,157.0763,129.9432,32.2663,49.5397
9696,165.932,235.8531,52.8015,88.1333
9697,183.4455,289.5987,79.5178,116.9344
9698,174.1004,196.7366,56.8445,75.1425
9699,136.363,209.1716,59.8997,88.159
9700,44.1949,43.9454,12.2594,18.2239
9701,29.8791,31.8796,7.7704,12.4254
9702,35.9158,59.7152,14.7199,24.8912
9703,168.9827,243.9284,58.5966,97.6802
9704,180.0162,272.3227,76.2869,107.619
9705,36.5974,57.6833,16.0856,22.9682
9706,145.0691,62.8224,15.8536,26.9257
9707,173.467,256.7384,66.9094,101.2786
9708,123.5633,176.1683,43.004,70.8042
9709,22.0885,16.9403,3.8061,6.61
9710,59.7413,58.5968,16.677,22.3513
9711,42.0018,61.229,15.9827,83.6883
9712,60.3603,68.8636,18.9916,27.5292
9713,60.7129,34.6329,8.1609,13.6621
9714,89.8626,152.7256,37.0097,60.0659
9715,182.0522,169.3453,42.4748,65.1929
9716,144.6226,109.3438,26.2834,45.263
9717,178.6887,126.57,33.6288,48.0748
9718,115.5731,173.9217,43.3427,65.0802
9719,186.9279,159.6619,42.248,61.2394
9720,164.5955,75.4977,21.1893,29.8328
9721,108.1618,89.8369,23.1064,34.1477
9722,163.6129,168.2078,36.4002,68.6241
9723,20.4838,32.4428,8.1922,12.8891
9724,154.1515,220.4956,55.2373,90.0948
9725,129.314,95.6298,22.7987,40.1768
9726,170.6903,187.1171,45.5449,77.202
9727,51.0069,75.4398,18.4258,30.0723
9728,156.6277,194.9879,47.6243,78.9871
9729,183.9807,141.4383,38.7465,59.1621
9730,170.2212,183.0299,46.4305,65.2441
9731,95.4251,133.4332,28.5682,55.6797
9732,21.6846,27.5672,7.9983,10.1638
9733,185.4978,213.1773,57.4183,86.4441
9734,112.1012,183.2459,46.5164,73.0735
9735,45.4118,24.3728,6.5707,9.9287
9736,28.9229,28.5277,8.1775,34.2032
9737,63.0551,102.308,22.1703,40.2604
9738,113.2922,145.7901,33.6253,59.156
9739,150.4,235.1177,49.486,94.2138
9740,40.7417,46.5742,10.6252,16.6089
9741,60.174,95.4035,22.8992,39.8359
9742,74.8406,96.295,22.3286,117.1066
9743,51.8384,73.8995,17.2169,29.2256
9744,54.9826,35.2434,8.0378,14.2222
9745,27.6329,29.2637,7.738,12.0451
9746,33.3742,48.6661,12.0832,19.8713
9747,135.2055,194.9561,52.1791,81.2873
9748,60.6341,70.5759,17.6852,27.9728
9749,25.4102,43.2502,11.3888,18.7498
9750,176.7517,115.1102,27.7264,45.69
9751,4.2368,6.157,1.7051,2.5957
9752,135.8883,133.9766,33.1104,53.1068
9753,152.9165,79.574,20.546,32.0263
9754,87.6721,129.6944,32.8316,52.4046
9755,64.5851,42.1813,10.9717,16.8879
9756,82.4172,46.4494,12.3945,19.5262
9757,185.8309,80.8777,19.7248,33.4722
9758,188.2826,253.81,70.1053,99.454
9759,59.2658,56.6545,15.5753,22.1875
9760,153.8208,215.045,50.4894,84.8472
9761,164.0861,236.6956,57.992,84.5585
9762,93.1438,142.6683,36.9932,58.0594
9763,184.5372,240.1173,66.9833,93.0667
9764,99.0826,43.208,9.9792,17.4792
9765,25.4881,17.2111,3.603,7.192
9766,119.6234,102.7938,26.8065,41.0239
9767,142.832,120.2213,31.43,48.3013
9768,107.3658,56.9766,13.8428,23.742
9769,157.998,92.8547,131.6699,38.5158
9770,89.6981,146.2061,37.1116,63.9809
9771,151.6011,170.6263,39.0968,206.0306
9772,95.5454,72.296,21.4978,27.706
9773,109.8228,111.1624,26.6481,49.6611
9774,188.6536,130.6782,41.7706,49.6606
9775,180.4906,226.9829,52.2586,94.2967
9776,63.2525,91.7509,22.3298,34.6341
9777,188.5358,87.5756,21.438,36.6793
9778,69.3295,78.8034,20.1128,85.3153
9779,133.2889,123.3637,26.325,50.9091
9780,167.5299,164.3947,48.5771,63.3825
9781,123.5894,174.8745,40.6145,68.7656
9782,69.2016,44.3938,10.986,17.5249
9783,26.5326,29.9534,6.9925,12.0639
9784,9.3338,14.9139,3.2858,5.5855
9785,4.915,6.7953,1.7485,2.7579
9786,149.372,177.6534,39.8499,227.0381
9787,157.2239,147.8993,37.6427,60.6039
9788,4.2982,1.9232,0.5169,0.778
9789,11.2331,14.3279,23.4693,5.8933
9790,86.0489,110.4518,26.3879,42.3305
9791,19.4105,12.6134,2.7724,17.0005
9792,161.8227,248.8161,66.5916,101.6214
9793,116.5279,96.7079,19.4778,38.6448
9794,111.7361,141.5717,37.2645,56.0594
9795,187.7702,82.8084,20.7869,110.8284
9796,141.2842,98.0502,26.9304,39.1709
9797,46.623,30.6085,8.7886,11.6673
9798,163.0228,206.7477,53.0128,81.9102
9799,23.0906,20.3322,5.3135,8.0168
9800,183.5863,103.2597,25.8479,42.9329
9801,38.4956,49.3675,12.4843,20.2389
9802,48.7034,63.8541,20.8833,27.9772
9803,140.777,230.8534,55.2493,92.3297
9804,189.5835,284.9113,68.4112,113.292
9805,47.2136,46.3375,11.6458,18.3502
9806,11.4933,17.2577,4.7999,7.0617
9807,110.1253,50.7884,12.8432,19.0637
9808,97.2683,108.1645,27.8034,133.5302
9809,9.9969,5.4064,1.4956,2.2044
9810,97.7173,95.279,24.5889,35.8992
9811,35.3131,55.2369,14.8648,66.7033
9812,147.3484,201.2576,51.3709,83.3799
9813,3.0848,2.9992,0.7267,1.1917
9814,111.9306,92.6864,21.7962,37.8795
9815,109.3808,134.8474,34.9427,56.5924
9816,118.6511,59.5092,18.9389,25.3692
9817,127.3652,205.2159,59.6201,271.1477
9818,179.3599,150.303,39.7516,196.7513
9819,75.8479,48.9026,10.7331,23.4281
9820,134.4159,88.7189,22.1735,35.8696
9821,42.2579,57.0715,13.819,22.797
9822,181.916,207.6921,54.3628,79.8371
9823,102.6953,125.9833,31.656,169.962
9824,187.921,191.7179,49.4823,79.1686
9825,121.4832,172.0385,40.078,225.0968
9826,140.3801,187.5342,47.9647,72.3855
9827,56.0657,47.6983,10.1905,18.7342
9828,37.4305,44.2113,10.9619,17.9072
9829,36.7372,32.747,8.4786,12.1635
9830,27.0572,44.6172,10.5625,18.0028
9831,135.089,87.5815,22.8164,35.6246
9832,118.2659,115.8201,23.8492,44.3063
9833,3.8987,2.7213,0.7178,1.0321
9834,97.5309,118.4836,28.4046,43.4783
9835,116.0464,59.3828,16.5405,24.5271
9836,150.8301,218.5088,321.7161,93.6421
9837,178.7271,238.3221,57.4546,93.5422
9838,43.9472,40.3908,9.8134,16.7291
9839,54.3348,76.9124,19.3332,31.2559
9840,72.2711,77.5198,17.1591,31.2568
9841,87.8985,130.7593,33.1987,54.2392
9842,159.852,260.07,69.9835,310.9797
9843,25.3567,30.3973,8.836,12.2528
9844,22.0023,33.6308,8.8781,15.168
9845,43.0906,29.819,7.5506,37.7536
9846,67.1081,112.2478,30.2761,44.3854
9847,63.9859,34.171,7.8059,13.4437
9848,45.4358,69.337,17.2368,28.3048
9849,29.0881,42.573,9.8291,17.7105
9850,154.7601,262.4564,60.5279,107.0514
9851,180.0328,90.8575,19.622,34.5339
9852,12.7166,6.4041,1.6339,2.5875
9853,71.0972,38.2977,9.399,15.9709
9854,137.471,142.8877,36.7103,59.1384
9855,71.2802,107.8351,28.5499,45.063
9856,129.7767,173.8442,72.9023,65.8034
9857,15.2834,20.4183,5.3807,7.6784
9858,59.6396,58.463,12.764,25.0213
9859,14.3036,22.6281,5.5655,9.0767
9860,53.9765,88.2561,22.6952,35.6094
9861,42.165,20.8666,5.4902,8.4464
9862,7.2702,3.0521,0.7568,1.1712
9863,123.1394,56.6011,16.828,22.782
9864,30.785,20.3498,5.4727,7.9267
9865,26.2302,15.3857,3.858,6.1561
9866,128.9889,83.5389,19.4083,32.0641
9867,111.8224,134.0214,28.9649,51.0226
9868,68.2975,82.3622,24.1818,33.0425
9869,187.1185,95.6803,22.01,40.6013
9870,113.7412,50.3118,12.4475,21.8982
9871,118.9104,93.813,23.9268,36.0261
9872,37.9835,31.1568,7.6053,12.7243
9873,139.5006,113.4742,33.1046,47.2382
9874,154.5433,108.9231,24.2396,43.3775
9875,122.2159,105.694,28.7648,44.5109
9876,193.0997,117.8888,33.0684,46.2516
9877,82.8251,62.2528,15.9782,23.712
9878,130.5015,177.5888,44.0054,72.3563
9879,170.7297,163.2038,43.1573,66.1818
9880,140.0295,235.4831,72.9779,94.29
9881,178.9606,239.9301,61.5541,96.2498
9882,99.6464,136.8756,29.411,57.3061
9883,141.661,153.6193,32.6464,59.6561
9884,160.2677,224.8775,54.7233,86.2138
9885,118.8124,124.7644,30.5962,48.4574
9886,22.6669,31.8202,7.2219,13.0909
9887,5.706,7.8823,2.1759,3.0986
9888,182.0326,113.6091,31.2201,46.2867
9889,125.7278,134.74,31.5452,57.8874
9890,139.3702,197.3604,60.8692,80.0088
9891,100.9534,69.1059,21.4502,28.715
9892,17.5672,15.6994,4.0291,6.6777
9893,112.1804,102.8376,25.0966,40.1239
9894,158.1779,200.2922,52.8237,275.4541
9895,158.5716,129.6175,28.4326,52.7536
9896,111.0465,189.9511,44.5656,72.855
9897,112.4678,142.5123,35.6087,59.0725
9898,7.7084,5.5198,1.5797,2.2195
9899,65.8029,74.3795,15.3905,29.4708
9900,54.2354,32.7986,8.8145,13.7636
9901,86.1085,144.7222,40.8752,55.0639
9902,66.4342,96.5122,22.6462,39.4199
9903,192.1574,239.1463,68.4892,91.3978
9904,136.2323,156.4577,37.3053,61.1289
9905,51.0166,82.5115,20.8423,33.3801
9906,133.7071,115.9894,29.5727,49.4173
9907,94.0075,40.113,9.0718,15.6481
9908,75.6299,109.1519,28.9433,42.5878
9909,183.0588,225.4116,334.9537,89.5196
9910,140.0431,166.4273,43.1129,66.742
9911,102.1844,59.646,16.1032,24.575
9912,69.0754,92.0703,28.5588,37.3434
9913,138.4729,175.6841,53.6768,73.4401
9914,164.2804,125.6413,32.4977,51.2766
9915,31.3508,44.9627,12.2594,17.5084
9916,170.4121,177.8209,43.6552,71.6056
9917,185.0704,212.6272,48.1702,89.3286
9918,192.7696,101.3392,23.6968,41.2437
9919,38.9827,65.7465,17.2668,26.61
9920,87.4595,81.0079,23.3281,34.0859
9921,93.5922,69.9355,15.1332,29.3305
9922,108.5006,147.1013,36.5971,57.9398
9923,4.6085,6.8075,1.8463,2.6837
9924,128.5492,78.9723,22.2598,33.023
9925,56.9659,72.1488,18.1761,28.8213
9926,90.4308,88.1308,20.4586,35.6687
9927,147.7113,132.0578,34.7503,50.982
9928,153.2017,131.5718,29.1988,56.3573
9929,43.9242,74.7591,16.2898,30.3341
9930,79.7009,96.6394,27.568,37.3065
9931,81.2992,117.745,30.7931,45.3471
9932,42.9321,19.7195,4.5207,8.3018
9933,56.5023,95.3684,22.0067,38.6106
9934,182.2941,210.6131,53.5166,91.8426
9935,129.0469,168.1528,42.3765,65.2336
9936,75.3924,36.644,8.3134,15.0705
9937,173.2407,266.9372,66.3376,321.8609
9938,145.936,86.9143,23.4372,37.0576
9939,105.6069,50.9997,16.4228,21.7353
9940,39.5632,29.9362,7.8133,12.2737
9941,87.6494,124.9727,31.4226,53.3432
9942,127.5303,130.3681,32.3289,52.7428
9943,13.1501,21.8557,6.6908,8.0826
9944,42.644,72.5253,19.2038,85.137
9945,79.015,62.1286,12.2403,24.987
9946,18.4147,10.0221,2.5697,4.3941
9947,190.8543,93.9746,25.7488,39.8998
9948,183.0791,103.8092,24.2108,40.0825
9949,158.9636,189.7605,44.1647,77.6437
9950,30.3537,20.4314,4.7257,8.2698
9951,80.7648,97.5688,24.6816,38.2565
9952,9.7662,14.8277,3.8274,5.9689
9953,145.9089,113.6692,31.4281,44.2779
9954,174.7441,272.8022,62.1112,105.8884
9955,173.9312,214.3743,56.3929,87.8031
9956,75.0727,94.1988,22.9043,38.9992
9957,141.1429,125.6043,31.2638,46.5676
9958,187.1854,136.8128,38.1821,54.4495
9959,152.6279,237.1321,56.3377,95.491
9960,79.8456,53.7542,13.1657,21.1823
9961,80.8988,60.1168,16.3919,23.8513
9962,149.6752,157.6592,36.6386,70.3176
9963,62.4218,51.2208,11.0793,20.134
9964,66.8455,32.633,7.2173,12.815
9965,28.5814,18.2792,4.6459,7.0787
9966,16.2044,20.1501,4.8536,7.822
9967,139.6016,233.9366,62.1391,89.9069
9968,9.7311,11.2317,3.2417,4.6519
9969,126.8597,207.6479,56.8097,82.9997
9970,168.0963,130.9107,35.4004,56.183
9971,145.7975,71.9704,19.0614,27.7252
9972,170.7483,131.1674,34.0127,50.8004
9973,157.875,188.5002,46.4549,72.3599
9974,20.3057,18.5518,3.7773,7.8194
9975,172.143,259.7517,55.5613,102.6544
9976,179.2959,196.5167,47.1594,70.9678
9977,2.5145,2.8991,0.7236,1.1163
9978,168.9662,182.2473,44.3787,74.7101
9979,90.4225,87.8334,29.7721,34.6097
9980,163.2785,253.1416,64.7443,101.7416
9981,173.4387,292.1577,80.1681,120.8499
9982,32.1686,35.7035,10.3043,14.8118
9983,5.3243,7.2227,1.7428,2.8542
9984,151.8161,228.3805,47.744,96.4791
9985,75.2518,59.7673,13.8968,23.7449
9986,121.3149,136.5723,34.0134,54.1287
9987,147.7255,226.3031,54.388,93.3381
9988,164.1408,234.8049,53.2953,88.2885
9989,19.1911,24.7677,5.9427,9.852
9990,150.162,244.5454,64.2933,95.1351
9991,183.2604,117.2923,27.0274,46.5871
9992,19.2368,23.0271,7.8862,28.8146
9993,172.0679,218.2193,47.2287,86.0457
9994,148.4689,129.6082,36.4077,48.796
9995,92.9277,84.3292,19.1588,33.7544
9996,174.3309,247.2772,72.1583,102.8586
9997,157.5238,251.6379,58.2125,101.2257
9998,132.983,129.4874,30.9371,51.7912
9999,21.9952,26.315,6.9737,9.9317
10000,177.9278,262.0258,58.5772,107.1031
10001,118.3336,133.1216,34.7582,53.7151
10002,168.6781,209.232,47.573,83.6184
10003,42.7429,62.776,14.9524,26.5024
10004,32.9755,18.2983,3.8625,7.3784
10005,179.0034,194.1165,50.8868,255.3988
10006,66.1217,40.6076,9.2125,16.0797
10007,62.025,89.5974,22.0968,33.1465
10008,181.2476,216.8942,50.884,85.539
10009,146.1586,229.8938,51.4024,99.1587
10010,16.3878,17.8845,6.3726,7.2695
10011,141.4062,65.8542,17.2628,28.1731
10012,89.8983,48.0231,12.1393,19.2878
10013,107.2239,56.977,16.318,22.1176
10014,51.4616,82.2722,20.3538,30.3817
10015,13.0113,20.6859,5.1971,8.0906
10016,121.7369,174.6398,38.8673,70.4479
10017,121.5922,173.0124,49.5462,67.946
10018,66.7946,31.5958,7.6631,12.7513
10019,52.5356,32.6007,7.9017,12.1719
10020,75.8187,38.8938,8.9085,16.4931
10021,178.8992,226.8211,61.26,95.993
10022,172.3693,187.2342,43.6837,73.7117
10023,62.5822,66.5916,20.3942,26.8005
10024,117.2053,66.7769,19.3687,27.3052
10025,28.3446,26.9553,8.6747,10.9369
10026,42.4282,47.5959,13.5789,20.2207
10027,76.1336,113.8189,27.4328,142.8353
10028,181.2819,301.7241,75.7808,111.5108
10029,34.8473,17.7131,4.0974,6.7726
10030,1.2704,1.1003,0.3095,0.4538
10031,111.3794,79.9148,17.8464,32.5515
10032,85.2762,135.4332,42.3268,54.958
10033,183.5999,156.667,40.0723,61.5908
10034,13.1516,12.4624,3.6398,4.8838
10035,7.9965,4.3798,1.2094,1.8091
10036,183.539,308.4253,82.6578,120.9991
10037,29.5668,17.5334,4.4207,22.5543
10038,18.098,20.6602,5.2122,8.6596
10039,146.3595,245.9553,68.9348,96.2105
10040,118.4416,158.1067,37.5711,63.0695
10041,136.1858,171.3711,35.4745,71.1718
10042,89.5379,109.7653,29.5665,43.576
10043,130.1833,142.3866,40.8737,57.4667
10044,26.4862,28.816,6.3679,12.0034
10045,39.0496,18.2748,27.2835,6.9957
10046,135.0704,177.2315,39.2041,71.3187
10047,51.1542,84.5958,17.2714,33.6509
10048,41.3751,19.6016,27.3781,8.75
10049,74.4965,39.768,10.3278,16.0299
10050,20.8253,30.2491,6.5327,34.9536
10051,117.324,97.5957,26.1772,38.6445
10052,189.4973,313.3147,76.1904,121.222
10053,107.0404,117.3934,28.166,45.4885
10054,161.6896,202.3595,50.6195,79.9124
10055,187.3529,259.9567,67.1183,109.5489
10056,52.7449,38.6919,10.7967,14.9415
10057,130.5383,142.4165,40.1384,55.6628
10058,106.3129,129.2121,35.985,48.8403
10059,109.8468,72.0864,16.4633,28.448
10060,187.0262,245.065,76.2099,92.4132
10061,118.307,201.093,53.4127,81.2153
10062,102.5624,123.7712,28.3494,50.0813
10063,125.5389,169.2273,42.4588,66.4331
10064,178.6352,199.4206,40.881,77.9052
10065,89.9955,75.2849,18.5528,97.2962
10066,178.8729,140.2214,39.0794,58.9234
10067,17.6028,8.7242,1.9894,3.5565
10068,155.0844,155.6462,46.058,61.7622
10069,43.3646,45.3753,11.7426,58.6592
10070,191.465,296.2204,94.2369,116.0565
10071,47.1545,20.5427,4.7856,8.0762
10072,190.3579,141.7614,31.4642,53.5489
10073,34.1437,42.1825,9.6182,16.1348
10074,99.3652,140.8755,40.6479,52.4314
10075,95.6234,49.0736,10.7854,20.4697
10076,81.9908,125.0847,28.7124,50.5282
10077,80.1034,36.2655,11.1696,13.7135
10078,79.2215,98.1723,24.0431,39.5082
10079,31.4514,41.4119,8.7977,15.5524
10080,111.9611,130.8929,30.7503,173.3907
10081,46.4811,19.8601,5.2788,8.2706
10082,37.3004,56.8563,14.9966,22.9756
10083,164.1318,142.4629,40.2179,54.1593
10084,8.5262,11.2444,2.6298,4.4839
10085,182.4787,163.5054,45.7569,63.647
10086,35.3767,46.9661,12.29,19.6046
10087,114.0772,159.4607,45.8182,63.7107
10088,23.8509,32.6432,8.1716,13.0452
10089,185.2391,279.2254,60.3702,119.8448
10090,89.336,80.7394,17.3464,34.4253
10091,15.7551,13.6198,3.5488,5.1264
10092,46.2771,66.4328,18.1895,26.3372
10093,26.9963,27.6799,6.2489,10.3778
10094,55.1122,84.7321,21.4539,32.7125
10095,73.4644,73.385,17.7683,29.484
10096,93.8813,116.383,28.4614,48.4759
10097,32.1792,14.5385,3.6644,5.9881
10098,23.33,31.7025,8.1133,12.8601
10099,47.7761,35.8207,7.9085,13.8353
10100,50.7407,38.5253,10.1557,15.1026
10101,30.5741,48.7396,11.5492,19.5491
10102,60.7304,39.5204,9.8303,15.4268
10103,146.2288,216.5842,66.8583,83.2786
10104,139.3223,233.3212,57.263,95.8666
10105,176.0888,178.5138,40.4921,69.5281
10106,24.5,25.5363,7.2628,9.7328
10107,24.1793,27.2739,6.3249,10.8518
10108,138.3232,64.1111,16.7021,84.0674
10109,168.6458,140.9648,34.8845,189.4591
10110,118.5908,85.9321,23.402,33.929
10111,192.6913,134.8086,31.2776,58.8365
10112,0.7891,0.9735,0.2263,1.4665
10113,136.8675,125.3824,32.5465,49.5528
10114,51.724,61.7958,15.1548,24.8871
10115,12.5391,11.457,2.8721,4.8581
10116,136.4838,171.1541,43.9194,69.9378
10117,132.6519,173.6315,42.2921,231.9361
10118,166.6633,80.1688,17.8263,32.8347
10119,164.9001,176.8413,40.6137,68.6427
10120,130.7332,139.9432,32.7572,54.7733
10121,59.0584,96.0992,27.4281,37.3808
10122,21.5935,26.7753,7.0105,10.4448
10123,162.1884,82.233,21.7575,33.7754
10124,128.2067,103.8499,29.2815,44.323
10125,141.193,79.1105,18.2044,35.3788
10126,46.8218,34.9102,8.3478,14.0795
10127,174.2707,89.7768,22.5625,34.7356
10128,143.7965,129.9294,31.9849,49.968
10129,31.9212,41.3315,10.2415,16.3072
10130,57.8485,53.3603,13.2457,21.8978
10131,116.118,179.1114,39.2533,72.2237
10132,60.2411,78.5636,19.1203,30.923
10133,7.2165,10.712,2.6702,4.3397
10134,8.5937,7.6123,1.8225,3.3282
10135,159.4182,234.9804,58.8082,94.8705
10136,80.3445,88.0885,22.5717,35.5531
10137,35.0063,49.1901,12.0287,18.3875
10138,103.2609,85.1878,20.8215,35.5766
10139,30.9073,52.3796,13.4497,22.9543
10140,72.3376,100.8297,27.6795,40.5278
10141,74.6921,92.1529,20.8321,37.2131
10142,85.7466,52.4547,13.2131,21.8847
10143,140.6286,182.3301,270.5127,71.0502
10144,29.2588,12.4071,2.6475,4.9966
10145,20.4811,31.0227,8.5146,12.7641
10146,101.1672,91.3604,23.761,36.7734
10147,148.1785,214.1409,48.0507,82.2764
10148,76.5803,100.4231,26.2113,38.8996
10149,111.2424,114.7386,34.4053,45.0426
10150,68.3239,35.2654,9.3656,14.6442
10151,54.2302,36.4436,9.784,13.3745
10152,184.6818,295.247,79.2992,116.4391
10153,189.9778,297.7799,80.812,113.7157
10154,159.6053,217.9395,51.3247,91.0971
10155,118.1274,179.1967,38.1539,69.8898
10156,22.6698,27.1623,6.1938,11.3001
10157,156.4636,196.427,46.9035,79.9534
10158,71.5629,70.8314,17.1206,28.1194
10159,137.2175,171.1658,42.2601,202.9565
10160,36.9818,53.3875,13.4001,20.7104
10161,118.1604,140.3006,31.0418,56.689
10162,22.1145,26.3258,7.0204,10.2268
10163,133.2381,123.9499,31.2533,47.5363
10164,61.9598,27.3767,5.9644,11.2457
10165,140.4013,82.0492,21.6907,33.2373
10166,75.1396,127.2482,30.2978,52.2746
10167,91.861,147.3089,38.3796,62.1328
10168,167.086,184.1183,48.4789,70.469
10169,33.9058,39.9894,10.513,16.2344
10170,183.7599,121.9796,27.1919,145.1602
10171,29.2042,21.2103,4.0072,8.6848
10172,65.0941,94.6176,25.1907,38.2408
10173,87.3252,85.3617,22.4619,33.5527
10174,114.6913,98.1565,29.4827,40.4487
10175,64.8801,108.0277,25.6161,134.1577
10176,131.1871,179.2323,36.9961,72.1185
10177,91.1807,138.4488,38.4842,51.5707
10178,143.4971,158.0862,40.8096,63.6216
10179,17.4653,23.7317,5.3887,9.3634
10180,50.207,34.9052,8.0572,13.2323
10181,131.9906,160.599,37.4781,70.2167
10182,73.4986,51.8874,12.2773,19.8325
10183,118.2705,98.2498,146.7855,40.8889
10184,8.9285,8.2977,1.7788,3.2371
10185,47.6184,52.9428,11.8867,21.8744
10186,39.0121,64.9081,15.7037,25.338
10187,99.0745,164.9281,44.7755,65.3436
10188,72.1115,117.3629,23.042,44.6055
10189,26.6278,25.7126,6.579,10.2413
10190,2.6059,2.885,0.7399,1.1237
10191,190.4092,270.2048,72.4931,103.685
10192,37.5269,31.1476,8.1697,11.5996
10193,122.7813,83.3271,20.914,33.2229
10194,162.1964,79.7401,22.4617,31.7641
10195,95.0064,117.9165,26.6713,48.5883
10196,43.4249,68.5005,16.026,28.0281
10197,50.1979,64.068,15.9954,24.2985
10198,45.5465,47.5201,13.3381,20.1299
10199,26.1585,42.4682,10.9331,16.5164
10200,56.5117,68.5545,18.5351,25.5338
10201,162.3948,155.1059,41.4337,71.312
10202,63.0872,85.5274,19.3133,34.984
10203,101.196,56.4127,17.9716,21.136
10204,18.7256,8.935,2.2483,12.5573
10205,38.8078,30.1043,7.1945,12.3165
10206,188.4061,255.2641,62.1904,101.5065
10207,187.7188,164.6255,39.7275,69.6694
10208,108.9164,104.5254,25.6737,40.5505
10209,10.9055,17.0362,4.8107,7.4433
10210,68.6508,97.0549,27.5137,36.9212
10211,107.5936,138.1841,36.7813,54.1178
10212,149.7745,255.9147,60.487,96.6349
10213,126.7762,94.5027,25.5473,40.2074
10214,162.4278,237.9077,65.6829,298.0908
10215,152.9964,153.5295,34.1525,60.782
10216,45.0665,46.4767,11.9682,17.8585
10217,58.7417,74.3265,17.5809,30.177
10218,110.8274,169.66,43.3958,64.8169
10219,8.553,7.0197,1.6652,3.0036
10220,28.541,37.1474,9.3963,15.3867
10221,167.2476,78.2659,20.7197,34.3218
10222,62.0984,60.8654,17.1613,24.6353
10223,69.2514,105.9995,28.63,42.9598
10224,93.6205,156.0037,38.1362,63.4652
10225,45.2837,50.2741,12.4345,19.511
10226,142.917,87.8355,19.6366,31.3666
10227,80.492,67.4388,18.9951,26.8447
10228,16.0679,27.146,7.1337,10.4962
10229,66.3856,69.3925,17.3885,28.1593
10230,76.4943,92.6716,23.9458,36.0229
10231,167.4856,148.9601,33.5134,63.2663
10232,97.3626,134.741,32.7347,52.9534
10233,114.1523,155.9298,46.3724,60.1209
10234,78.6505,39.8909,8.2542,15.6033
10235,77.8984,62.2004,15.6246,27.6696
10236,109.0281,180.0064,45.4732,75.2965
10237,22.5829,15.8782,5.7018,6.2835
10238,12.5287,5.5406,1.2094,2.1331
10239,27.5442,36.4006,7.6104,14.4438
10240,23.1702,22.7957,5.5654,9.063
10241,164.2411,105.9359,24.0609,42.7164
10242,57.2574,43.9149,11.581,18.8979
10243,156.1658,81.8813,17.8634,32.3672
10244,75.9246,93.6808,25.3124,34.7937
10245,7.7006,6.0869,1.3603,2.4776
10246,38.5929,49.3848,11.1873,20.3647
10247,36.1408,60.4017,14.0669,22.3756
10248,51.8777,63.1734,17.2349,80.3644
10249,50.5069,23.0576,7.3386,9.4259
10250,43.1966,36.3635,9.4812,14.5605
10251,189.8028,280.9447,87.7726,108.4204
10252,164.155,76.9739,25.2343,30.8118
10253,183.2953,235.3489,52.39,93.4102
10254,10.1265,9.9268,2.3022,4.0166
10255,76.9785,68.0782,17.5581,26.7386
10256,53.8833,54.3262,11.5787,22.6534
10257,22.8898,21.408,5.5848,8.676
10258,94.3776,86.4915,22.4784,34.8639
10259,93.1819,155.9758,38.4582,64.059
10260,107.3347,58.691,14.775,21.863
10261,84.7289,66.4782,16.5488,27.0537
10262,84.0701,104.3311,23.6889,40.7805
10263,37.7859,29.2778,7.6366,11.2681
10264,124.9435,183.0723,39.3533,72.2085
10265,147.9028,77.9288,17.2507,30.7722
10266,55.4941,45.8753,10.9617,18.3453
10267,119.6697,79.2375,17.5182,32.6935
10268,191.3982,140.6226,35.4229,54.1519
10269,15.6333,8.4423,2.3256,3.4688
10270,15.4668,9.3809,2.8852,3.5625
10271,43.1488,33.3866,8.4706,13.4379
10272,158.842,234.1358,55.0519,89.1151
10273,151.3779,177.3561,45.0492,72.979
10274,152.797,158.1124,42.2075,62.4683
10275,26.0736,19.0126,6.2906,7.3426
10276,36.7381,19.9576,4.9015,8.5892
10277,128.6365,196.374,45.6586,78.7282
10278,192.4157,287.45,65.7864,115.6649
10279,153.0269,70.7989,16.3516,29.5667
10280,15.876,15.0356,3.1818,5.9452
10281,88.1357,138.6296,35.914,53.2533
10282,9.8748,14.5939,3.3607,5.518
10283,38.0849,54.773,13.8001,21.8774
10284,165.6104,257.7727,66.2404,103.5505
10285,74.1227,107.6672,24.9285,46.2356
10286,40.4391,23.9179,6.0121,9.9448
10287,75.4858,56.0987,16.2321,20.2154
10288,10.2412,9.9477,2.3026,3.9374
10289,62.7561,78.617,18.3196,29.6307
10290,28.1009,39.7036,8.9042,17.7598
10291,105.4975,178.5539,54.2377,73.4444
10292,174.5036,126.4131,30.1435,51.2115
10293,175.5785,86.4606,21.6936,35.8529
10294,68.6168,55.2786,15.203,20.9455
10295,48.004,71.7049,17.6508,28.4937
10296,54.5178,88.7939,20.4517,35.7135
10297,172.8105,270.6246,70.4644,117.1004
10298,129.6621,80.3195,18.4681,33.7856
10299,173.4267,169.7363,42.8754,64.5064
10300,43.5892,32.961,8.2077,13.8302
10301,97.2167,108.4481,28.5644,42.3092
10302,128.3363,186.489,41.1749,79.2225
10303,165.2028,213.6798,54.2257,85.753
10304,174.876,128.1238,28.086,52.8457
10305,160.4413,251.3439,66.1172,102.0553
10306,74.9202,118.3308,27.0897,50.1145
10307,52.1285,57.1268,15.5499,22.611
10308,93.9368,62.1079,92.6897,24.3897
10309,121.4623,189.3205,44.9617,76.4892
10310,26.5296,19.8689,4.724,8.3722
10311,66.3621,33.1651,7.8792,13.7253
10312,102.4426,42.7286,11.1989,16.3953
10313,35.7308,29.8964,6.9855,12.1997
10314,129.2624,123.1866,26.705,48.349
10315,145.3187,215.9115,50.9855,81.79
10316,160.1831,228.1619,59.4759,93.4405
10317,19.5562,14.752,3.2473,6.1192
10318,20.2459,12.22,2.8915,4.8094
10319,118.2421,160.9473,38.8493,64.573
10320,98.2513,153.4388,35.6391,61.7301
10321,33.9156,56.6887,15.2216,22.5103
10322,54.2158,74.5816,18.43,29.6071
10323,187.0861,201.366,47.3928,80.8409
10324,185.6851,299.3888,62.9935,120.122
10325,26.7643,35.8588,10.028,14.3216
10326,15.231,18.7254,4.8885,7.6191
10327,90.3736,135.2014,41.5819,56.5405
10328,17.5402,20.6972,4.8732,8.8566
10329,138.6689,179.9669,37.7176,77.2043
10330,44.1399,49.8883,11.0763,19.9104
10331,7.2722,3.1311,0.8245,1.2461
10332,123.3592,155.5241,43.0738,61.9044
10333,174.7901,298.9293,61.8048,116.8847
10334,115.316,74.7686,15.5063,29.391
10335,166.7916,283.6615,431.811,112.1318
10336,88.4068,150.8985,35.9892,58.9526
10337,67.5004,58.5529,14.8114,23.5247
10338,3.7554,5.1709,1.3775,2.1455
10339,155.9606,228.7205,51.3438,88.5088
10340,66.6019,76.2353,18.0925,29.5623
10341,50.0465,81.3436,21.7286,30.3538
10342,61.312,83.4201,20.977,31.909
10343,173.8026,86.9534,22.1819,33.7686
10344,163.7161,227.8356,52.2934,93.4498
10345,163.1143,96.0721,23.8085,38.4456
10346,150.201,152.3548,31.6712,61.985
10347,11.9091,18.4419,4.0887,7.6255
10348,38.6597,61.9824,94.7944,26.0137
10349,181.103,166.4615,40.5454,67.77
10350,90.0856,116.9956,28.9072,45.8322
10351,68.6114,66.2001,15.308,27.9343
10352,57.6423,87.9085,22.4221,35.5278
10353,46.8897,79.3198,15.8833,32.4166
10354,147.933,245.5945,62.7915,311.2128
10355,10.2931,9.2755,3.0662,3.4225
10356,44.1642,51.1089,11.6677,20.3805
10357,10.6153,8.6239,2.2747,3.3489
10358,29.9598,50.5553,12.9407,19.6889
10359,114.6701,78.029,26.1787,32.976
10360,145.7787,172.5016,42.7109,74.9854
10361,153.6065,78.7914,22.508,31.6258
10362,148.0909,111.7237,28.4032,47.4134
10363,81.451,43.6438,10.9053,17.1128
10364,28.3399,45.8912,11.434,19.0349
10365,192.3995,202.604,51.1465,78.8003
10366,5.5506,5.4077,1.3458,2.0532
10367,116.26,61.2943,14.6858,22.6679
10368,43.3232,36.952,9.9933,15.1093
10369,142.2471,237.0034,66.1509,100.1027
10370,192.9887,252.0362,63.3356,96.0397
10371,5.4472,4.5478,1.2984,1.8488
10372,123.4485,108.7093,26.0832,41.4913
10373,186.1509,90.209,23.2024,38.5526
10374,186.1603,211.4497,49.3757,87.7984
10375,167.1722,106.0325,24.8469,43.7039
10376,119.0226,137.8674,41.8513,57.6445
10377,23.0202,31.1748,6.9267,12.5955
10378,144.7023,98.4086,23.8691,40.4807
10379,173.5735,143.3525,36.3387,180.2112
10380,192.3731,229.4014,57.0045,89.4724
10381,66.0506,87.0924,23.0455,36.5913
10382,114.9837,128.3329,37.1877,52.3082
10383,68.9722,70.1404,15.9715,26.4874
10384,62.9816,72.7917,23.6902,29.3558
10385,72.2663,109.508,28.0349,44.3225
10386,48.1294,55.9874,14.6408,22.1165
10387,64.569,61.1537,14.2133,25.7687
10388,46.2881,26.5972,8.8444,10.6987
10389,127.8413,62.7675,16.8659,25.1066
10390,90.1211,128.5248,32.3208,51.2518
10391,168.0231,79.1792,19.1289,30.1801
10392,94.9294,90.2072,20.3709,35.6343
10393,178.9616,178.3227,46.7763,72.0406
10394,68.6412,100.1658,24.9249,40.0145
10395,125.9882,129.6339,35.8921,56.1694
10396,169.9836,221.3447,58.8806,97.0753
10397,127.1438,194.1424,44.644,79.4771
10398,191.1098,91.5134,23.9557,120.6504
10399,118.6997,74.8438,16.6934,28.5331
10400,52.7059,84.1304,23.0818,35.0591
10401,85.0139,125.4706,28.1672,44.7864
10402,0.77,1.1562,0.2528,0.4355
10403,187.0654,215.7943,61.0097,90.1349
10404,115.2097,106.1159,27.9238,45.086
10405,186.0823,179.0645,41.2777,70.1237
10406,148.1448,146.4324,33.8744,62.5425
10407,52.1228,87.9711,26.7697,36.113
10408,144.6645,140.8644,32.0439,59.401
10409,140.7215,122.6017,36.036,48.001
10410,89.131,53.4137,12.2863,65.5526
10411,55.5904,29.0265,7.8412,39.5168
10412,43.5419,24.369,5.987,31.151
10413,30.6947,24.302,6.7192,9.8511
10414,128.3196,192.8777,45.1091,77.2564
10415,164.2151,151.3409,36.4596,60.634
10416,170.6635,111.58,32.1726,46.3635
10417,192.4644,186.6172,38.826,77.9845
10418,74.5853,92.2956,23.8042,37.0538
10419,89.81,148.4092,36.2406,57.0972
10420,77.8497,53.0624,12.5683,21.1839
10421,42.9313,42.4328,9.9805,17.1575
10422,22.5396,12.7169,2.7932,5.2689
10423,152.2122,83.3399,21.7022,34.5429
10424,13.6603,7.008,1.8979,2.8085
10425,24.8956,17.4707,4.1551,6.3765
10426,76.9731,63.5159,14.4059,25.3332
10427,160.7888,169.556,37.1754,67.4115
10428,121.9965,171.2121,39.142,62.5271
10429,64.9384,41.7273,12.3578,17.3917
10430,119.7403,179.0287,39.3174,71.0568
10431,1.9729,1.9869,2.7479,0.7791
10432,70.9621,37.6948,10.4626,13.9353
10433,180.0206,93.8751,22.5784,41.0454
10434,156.4964,238.3462,391.1523,92.6498
10435,167.6004,134.8382,30.4016,50.2389
10436,126.2156,141.472,38.1152,58.187
10437,120.6016,125.3531,31.3231,50.3744
10438,179.0057,135.2827,32.6155,52.8962
10439,180.2736,106.2054,24.3818,41.3428
10440,59.5309,27.0504,6.7066,10.9442
10441,92.6438,42.1852,11.5732,17.5865
10442,19.5735,10.7546,2.4682,4.5076
10443,28.8974,11.9726,2.9367,4.7588
10444,133.7248,194.5384,43.3754,77.6207
10445,24.0975,35.9446,7.8713,14.0635
10446,183.9329,137.8926,36.3332,51.874
10447,11.7441,8.9229,2.3681,3.3261
10448,76.6517,93.3736,19.5012,35.7533
10449,108.5399,124.8975,31.8471,52.6136
10450,93.1552,49.5678,12.2132,19.5798
10451,119.4778,102.3326,23.3334,39.4685
10452,133.7982,167.1135,35.3022,62.5353
10453,125.5338,104.0214,23.6261,39.8417
10454,148.9656,106.7295,26.6783,46.036
10455,24.2395,38.3222,9.5342,15.8006
10456,146.3723,77.8646,20.4296,87.0039
10457,84.2564,45.8995,11.3207,17.0522
10458,164.114,115.3529,25.7669,44.6362
10459,4.0286,5.6565,1.3956,2.2441
10460,191.5953,123.5088,33.4137,48.282
10461,86.7446,86.6673,20.2633,33.5012
10462,172.3881,83.2266,20.7986,33.4289
10463,78.6976,58.3563,14.1498,23.9664
10464,106.8228,131.3375,29.3451,50.4859
10465,60.0795,66.5893,14.5454,26.5086
10466,107.3582,179.0444,39.643,80.2515
10467,59.6187,89.6702,17.9928,35.8633
10468,179.6024,145.2186,29.4258,57.4606
10469,126.2476,213.8187,49.6611,87.2829
10470,99.2314,75.6616,19.1548,31.252
10471,92.7333,49.7066,11.2673,20.5884
10472,142.0733,58.7486,15.555,23.727
10473,60.1116,81.7897,18.7997,110.5482
10474,34.8919,27.3193,7.2498,11.6307
10475,79.5069,61.0829,18.5135,66.9413
10476,153.9708,232.9162,75.8401,92.4988
10477,75.8633,82.493,20.8407,33.0112
10478,96.1059,94.3546,22.5256,39.5792
10479,86.8753,88.3536,23.5377,121.6191
10480,17.0107,19.1874,4.5659,7.72
10481,45.5449,27.7785,7.6662,11.6184
10482,137.7964,181.6719,45.8188,76.1899
10483,108.8475,113.6852,24.1145,45.2778
10484,111.0298,56.037,14.4527,20.7292
10485,141.2328,213.5364,52.761,263.9177
10486,132.3488,144.0959,34.5308,173.6997
10487,137.8292,201.3176,55.2144,87.6151
10488,107.9358,137.3842,29.6812,168.1652
10489,135.406,133.5995,38.5663,54.2844
10490,29.3981,23.9831,5.1534,29.8782
10491,38.6043,41.0873,10.2432,18.4613
10492,111.4918,101.7203,25.5816,42.4838
10493,22.5582,34.098,9.194,14.1071
10494,8.7609,12.0704,3.061,4.9255
10495,92.2499,52.2865,11.6929,21.489
10496,67.5239,95.6573,24.2374,37.773
10497,131.966,104.5988,24.2423,44.5166
10498,63.1545,85.8661,23.6276,31.7237
10499,43.1189,20.1382,5.4338,7.7829
10500,17.7106,17.4086,5.3067,6.7175
10501,98.6037,62.2877,15.0341,24.9454
10502,95.7065,85.5739,21.3391,33.9168
10503,27.7309,43.4949,10.9648,18.1589
10504,74.4115,69.9117,16.1822,28.4855
10505,168.0043,238.2328,66.2961,96.6313
10506,155.5303,252.3541,58.8374,306.7594
10507,139.3803,185.3535,43.1626,71.4755
10508,83.7477,133.1624,30.1079,51.5073
10509,177.5684,215.4703,43.3008,84.2755
10510,114.7116,98.4478,24.239,40.8113
10511,184.5054,142.3884,33.6462,54.0699
10512,28.9163,46.1547,10.6043,18.7384
10513,165.3189,216.8375,46.0549,84.7826
10514,178.8943,179.7279,49.7963,77.3194
10515,128.6286,140.1138,28.0851,55.9526
10516,102.342,164.413,41.9594,70.2403
10517,38.4878,48.9769,14.7877,20.8519
10518,132.2393,218.7272,46.3038,85.9421
10519,72.8446,42.8268,9.7037,17.2094
10520,170.9831,284.8494,82.4153,115.1113
10521,43.6366,67.4373,16.1711,26.0862
10522,124.8324,193.0678,44.3338,84.1545
10523,143.3698,81.1192,17.2416,30.8585
10524,83.6286,83.4425,21.6729,33.0551
10525,104.5351,87.84,25.7345,36.1859
10526,20.008,18.5565,4.6459,7.2194
10527,57.376,74.9791,19.4459,31.0477
10528,112.2316,171.5881,44.5413,68.906
10529,34.8931,36.5871,11.2772,14.5874
10530,56.6155,46.1108,10.4787,17.3383
10531,193.3964,325.8432,83.092,133.2042
10532,56.1756,92.6575,24.4394,38.5412
10533,125.3206,67.3574,13.9804,77.8833
10534,45.7389,72.257,19.1346,29.1707
10535,31.0222,48.5996,11.1544,20.1243
10536,150.6826,253.225,55.6521,104.9331
10537,171.1179,286.5464,71.7615,109.5112
10538,189.7718,303.9366,63.6293,116.7887
10539,113.9595,180.6575,56.3664,73.1222
10540,118.1214,166.5164,50.5691,69.414
10541,189.3586,258.7632,55.6112,104.1895
10542,163.6241,147.8435,34.0723,63.0318
10543,175.3322,288.4562,63.3054,112.0626
10544,192.8776,160.6986,44.4334,61.6836
10545,166.7637,284.8948,76.5999,108.3135
10546,132.8022,81.974,19.3058,33.2443
10547,8.7959,10.6069,2.4006,4.4308
10548,77.528,72.5488,16.0151,29.8696
10549,188.0735,265.5392,351.3858,360.7637
10550,26.9856,27.5981,6.7275,10.2985
10551,40.5108,41.7709,10.2758,18.1781
10552,171.5395,171.7148,43.4572,67.4917
10553,14.3443,18.4062,4.7832,7.8146
10554,75.1247,111.3459,28.0039,45.3718
10555,121.108,77.1212,19.4434,31.247
10556,159.5723,231.0106,55.7643,102.1842
10557,67.7054,77.4408,19.2942,30.1642
10558,165.3961,211.4847,54.0863,83.5197
10559,77.0942,79.3512,23.2283,29.1835
10560,58.8797,97.5292,21.616,122.7556
10561,184.491,286.5312,66.3317,120.7443
10562,113.6687,155.7041,42.9482,60.8099
10563,12.0499,18.5637,5.0335,7.3305
10564,190.2527,285.6897,71.7167,111.6964
10565,41.6619,63.1461,19.9654,26.8686
10566,94.2905,140.7439,32.8846,52.9547
10567,177.8902,240.073,55.7777,94.2847
10568,98.8247,155.5006,35.2954,63.7565
10569,123.2127,82.0584,18.9708,34.3027
10570,58.6427,46.4772,11.9491,19.0084
10571,137.9464,166.703,49.3158,69.705
10572,168.057,238.2068,79.1631,98.5805
10573,60.8241,88.5007,22.2929,34.5945
10574,35.0245,55.7708,17.1639,20.7058
10575,187.6925,235.7342,59.1815,91.9995
10576,110.5123,143.1515,39.5131,59.6565
10577,99.5767,41.2628,11.235,15.8001
10578,38.1594,28.1858,6.9884,11.4106
10579,7.0316,9.8471,2.5518,4.1165
10580,163.3542,76.9479,19.4303,32.5634
10581,143.2178,144.6651,40.6441,54.0534
10582,185.9854,136.3294,36.0595,50.8467
10583,149.1408,251.0147,64.3365,106.9411
10584,135.4822,181.8695,41.1791,72.0878
10585,131.739,184.0612,52.9204,77.4886
10586,161.9855,174.238,37.4652,67.6291
10587,131.5443,97.3951,27.2661,39.3147
10588,77.6543,81.0232,17.7232,30.4471
10589,160.0021,222.1237,47.7658,92.4141
10590,117.479,85.6496,22.8432,35.8507
10591,11.0181,4.7233,1.2321,1.8183
10592,45.0909,46.6665,11.2856,18.7941
10593,188.1994,316.7826,81.1772,130.7745
10594,185.3425,149.6824,32.7603,59.4554
10595,32.4083,48.5809,12.6633,17.7518
10596,29.7524,27.7185,7.0125,10.8461
10597,32.4036,29.8912,8.0575,11.8562
10598,94.0536,120.6787,34.3367,47.6839
10599,29.9822,36.7387,9.0406,14.72
10600,60.7234,90.5721,22.138,36.3908
10601,21.7193,26.3034,6.6769,10.4914
10602,105.4565,151.5854,42.6088,60.2817
10603,41.1554,53.9303,13.8689,21.1352
10604,34.5883,29.8211,7.2983,12.4967
10605,67.1764,64.8174,14.8051,26.6823
10606,146.1936,147.2847,34.8714,59.4586
10607,107.0808,144.3053,38.2328,57.8371
10608,111.2426,146.0567,38.3575,55.3837
10609,20.4952,23.3683,6.0482,10.3897
10610,66.0086,93.336,22.3968,38.9954
10611,144.7502,87.8267,20.5464,34.6381
10612,3.353,1.7805,0.4513,0.7295
10613,148.789,67.4356,15.1323,26.7447
10614,56.7221,35.6136,9.439,12.9482
10615,172.0655,203.0874,47.7256,76.8627
10616,110.0511,109.1827,22.3674,46.4629
10617,187.5479,253.8738,56.7948,102.4006
10618,15.4758,24.4386,7.0582,9.0722
10619,132.7902,192.059,46.7269,76.201
10620,168.4093,158.318,38.8078,62.5681
10621,19.7661,9.5906,2.1621,3.8894
10622,103.5709,115.3902,28.4136,46.0901
10623,175.6618,289.1415,76.5783,121.3494
10624,16.3316,11.2375,3.304,4.9323
10625,100.3005,169.1787,45.2684,65.4646
10626,156.2743,166.8525,40.0616,67.962
10627,101.4969,122.5475,200.3808,47.0718
10628,93.0637,56.3046,13.4646,22.8207
10629,180.2313,176.0611,40.3664,70.7634
10630,120.8777,161.612,52.7625,60.5628
10631,24.4229,11.242,2.5325,4.708
10632,174.1692,80.9253,19.9678,32.7746
10633,104.0806,104.9105,26.2226,38.7947
10634,45.8532,54.4009,12.3371,21.6884
10635,61.9793,51.2749,12.9254,20.0779
10636,169.8855,242.8489,64.0039,364.9553
10637,191.421,223.6073,50.5359,87.6241
10638,105.8761,158.4126,42.9569,60.7159
10639,3.6912,5.7495,1.3195,2.3391
10640,98.7368,63.9897,15.8561,24.9401
10641,138.9467,140.464,38.9435,54.2518
10642,178.2561,260.7347,66.1646,105.4287
10643,71.6485,50.4852,12.7435,62.7011
10644,101.7718,165.913,33.8196,65.8083
10645,24.3817,13.7732,3.2594,5.5157
10646,105.1389,163.1921,42.63,66.6125
10647,128.7196,179.1215,42.5256,71.5261
10648,110.7643,138.2946,36.9385,57.5003
10649,115.3546,60.43,15.2016,23.5763
10650,105.8691,88.8017,21.9192,35.15
10651,123.586,170.7526,48.655,64.7403
10652,87.0349,129.3979,26.0139,53.6538
10653,166.1019,138.9247,30.3826,55.0909
10654,184.5291,89.1567,21.6797,36.1492
10655,19.4198,25.5935,6.449,30.2997
10656,9.8127,11.1406,2.8848,4.3116
10657,75.8696,83.3435,19.5987,33.3238
10658,65.7896,59.7026,15.8475,24.1861
10659,13.0446,15.1852,3.6851,6.0702
10660,181.7402,189.1927,49.8532,75.328
10661,101.4718,119.1888,32.1193,50.2804
10662,27.368,15.7961,4.2686,5.9517
10663,5.8653,2.957,0.7321,1.2524
10664,69.4526,30.4573,6.6497,35.9687
10665,111.2926,123.3504,29.8925,48.748
10666,156.7986,257.2942,74.9202,97.958
10667,156.582,183.9889,47.0113,71.5649
10668,75.1594,86.8999,24.2081,102.864
10669,50.1967,76.315,16.6972,30.376
10670,1.1697,1.6396,0.3547,2.1288
10671,188.5198,263.4106,85.2336,112.259
10672,45.584,63.9682,16.2114,25.9801
10673,103.0297,62.5405,16.5056,24.1422
10674,84.3936,100.9064,22.5842,40.1077
10675,43.3237,38.394,10.8983,15.3972
10676,110.5942,128.7368,25.3615,145.4675
10677,149.3223,130.2887,36.6868,49.9303
10678,114.2489,173.8865,44.3102,235.4106
10679,52.3637,86.0444,24.4299,33.7272
10680,147.4725,99.1496,31.3639,39.4987
10681,172.7965,110.2026,32.3792,44.5521
10682,9.1102,15.1526,3.6014,5.9902
10683,109.3957,62.6413,12.9983,25.3673
10684,28.12,20.3235,5.1005,8.184
10685,150.0795,196.0915,50.3866,79.6557
10686,163.3498,200.0222,54.0413,79.1117
10687,145.4169,70.7683,17.0165,30.8422
10688,118.0918,97.9589,21.8422,40.7912
10689,42.9686,35.6033,8.2408,14.4925
10690,140.6092,227.0273,67.1655,94.5216
10691,110.7499,176.8215,43.5864,68.8602
10692,49.7759,54.1603,12.6247,21.6137
10693,167.7141,117.0638,29.6266,43.9834
10694,130.898,173.7485,39.8731,71.0951
10695,101.8253,130.9769,36.3392,51.4723
10696,119.821,136.1435,32.0165,55.4588
10697,19.3915,32.1271,7.4981,13.2263
10698,135.2437,213.4132,51.8111,258.3119
10699,152.2335,183.1975,47.0821,73.567
10700,14.268,12.7676,3.5099,5.2925
10701,118.7281,154.727,36.6431,63.0677
10702,183.7866,229.4896,57.2331,87.7304
10703,21.2907,28.8383,6.5002,12.0201
10704,18.924,20.7482,5.2726,8.3815
10705,0.7807,1.256,0.2886,0.4809
10706,57.1842,37.5512,7.7042,15.8051
10707,81.1878,92.6307,29.9057,40.0845
10708,34.1785,36.2941,10.3342,15.4368
10709,151.9407,237.2304,60.1556,319.1102
10710,181.2209,83.8558,18.9105,33.4483
10711,12.0807,11.7124,2.9851,4.6691
10712,112.151,163.8771,38.4696,67.7243
10713,60.1498,59.7306,16.6409,23.3875
10714,152.8902,135.1449,33.382,56.0723
10715,59.6952,77.8128,21.1768,31.751
10716,0.1439,0.0794,0.0174,0.0316
10717,50.2606,71.0302,16.7955,28.3428
10718,110.8161,185.7142,48.5825,81.7965
10719,23.4211,11.9124,2.9058,4.9617
10720,135.3582,149.6144,36.0738,58.6584
10721,38.5482,19.8815,5.1333,8.4584
10722,25.2949,25.2093,6.3798,11.116
10723,39.4809,22.5426,5.5583,9.253
10724,86.623,61.1542,15.4754,24.5628
10725,55.1008,46.9065,11.2892,19.236
10726,133.6843,200.3243,45.225,88.0078
10727,150.7979,221.3293,60.5462,90.6796
10728,120.0125,62.8339,94.4757,24.8959
10729,38.7357,55.0767,12.5091,20.7117
10730,12.5197,20.4799,5.0443,7.9986
10731,139.3846,138.2499,34.0653,54.4458
10732,112.3289,172.953,38.4692,215.586
10733,181.9573,108.437,26.3695,151.5612
10734,147.8783,95.7652,23.4372,39.2258
10735,126.9817,214.05,62.2784,85.8048
10736,141.4531,153.7643,38.827,61.1099
10737,153.7738,158.8997,39.4414,61.1575
10738,115.3251,84.5269,20.5665,34.4942
10739,105.7323,55.5489,14.9215,22.6588
10740,133.7712,126.3241,31.1603,47.9167
10741,129.386,183.7089,40.3904,71.9042
10742,57.1353,23.8045,5.2916,9.6653
10743,188.4885,207.2146,52.7886,83.227
10744,62.5768,73.4707,19.1834,28.3468
10745,29.2246,17.8506,4.3488,6.8328
10746,176.7885,180.5506,41.3412,71.6334
10747,64.9429,70.4104,17.9255,29.0799
10748,150.9574,68.5408,18.458,28.476
10749,113.6779,165.4196,35.3946,66.5676
10750,36.5231,34.8254,7.6063,14.5643
10751,33.3962,45.452,10.5764,18.4293
10752,15.8202,6.7153,1.5472,2.6515
10753,181.5616,199.6957,53.6341,80.8501
10754,15.437,14.6966,3.3294,5.7989
10755,3.3302,3.3443,0.6954,1.3143
10756,84.3652,121.4803,34.7671,47.1946
10757,165.9817,82.3467,22.9757,31.379
10758,26.6041,39.6292,9.857,16.1054
10759,88.1876,50.226,12.1772,21.9447
10760,70.5344,41.9153,10.0327,15.6447
10761,70.3004,54.0279,14.6568,22.2438
10762,119.5266,160.4988,42.818,66.5448
10763,30.5882,17.9649,4.0999,7.0684
10764,154.725,74.6132,20.9025,29.6651
10765,171.8234,274.4852,60.308,326.8747
10766,104.283,117.3617,31.6044,46.15
10767,86.3878,59.7752,15.1362,24.5256
10768,92.7376,77.3937,18.4623,32.4463
10769,69.5337,116.1805,30.011,45.5843
10770,1.3534,1.2882,0.2955,0.5066
10771,192.9354,163.1194,40.4525,67.3607
10772,85.8287,92.9095,25.6672,37.6301
10773,95.3942,125.8149,29.5132,50.0207
10774,164.6774,105.2408,30.1109,44.4792
10775,0.1919,0.1056,0.0261,0.0403
10776,42.226,20.7705,4.8309,8.2053
10777,145.1344,180.5141,42.2396,226.9818
10778,0.9821,1.5506,0.4149,0.6238
10779,177.8099,149.422,31.9374,59.8626
10780,149.6964,137.4971,36.2418,57.9808
10781,86.6472,50.5842,13.5713,19.3378
10782,68.1009,64.7905,13.7431,26.2833
10783,121.9102,151.4181,34.7722,57.2077
10784,70.6349,103.7156,24.9569,41.3567
10785,161.5684,250.0839,55.9772,95.1197
10786,95.0443,83.6612,21.8602,32.755
10787,66.8933,61.8688,13.0959,24.8633
10788,109.4354,132.0029,28.99,52.5926
10789,97.1621,146.2157,35.2931,58.7106
10790,131.7846,162.7465,42.4212,63.5288
10791,156.3505,204.1863,45.6837,86.4338
10792,45.561,53.3866,11.9204,21.6141
10793,64.7457,82.1187,23.1123,33.438
10794,27.1441,43.4064,10.5717,17.2915
10795,63.1172,71.0873,16.9852,28.2795
10796,39.7278,61.7911,15.6726,23.9561
10797,32.6314,27.8699,6.1831,11.7082
10798,172.3157,212.4958,61.3426,82.8045
10799,178.7083,141.8119,31.4559,56.6875
10800,96.2098,52.5001,12.8229,19.5659
10801,51.3722,59.2102,17.9941,24.5961
10802,43.8747,33.6016,7.2812,13.4708
10803,101.9751,145.8054,42.7661,185.8183
10804,179.5849,136.1526,35.3908,55.3364
10805,60.2607,71.132,17.5563,28.7489
10806,148.5875,184.4334,45.2234,79.8615
10807,27.803,33.4806,9.5128,13.5725
10808,75.8469,73.4098,17.1563,29.2112
10809,103.0082,136.4729,31.6072,53.1893
10810,44.1288,70.7611,17.0514,27.253
10811,162.6637,139.0752,32.0394,53.9087
10812,47.6041,79.0685,19.7728,31.8276
10813,6.6032,8.9496,2.3091,3.8239
10814,127.8096,96.9666,26.7142,40.9329
10815,101.7152,98.1665,26.7723,39.2185
10816,137.3762,73.5201,17.2333,29.9825
10817,120.598,111.1717,27.079,44.7337
10818,41.7264,28.7424,7.39,12.0452
10819,54.3323,62.0685,16.5397,26.4172
10820,109.1565,48.9326,13.24,19.4666
10821,37.4631,18.8324,3.6577,23.0949
10822,189.361,317.7529,68.3438,138.5071
10823,173.0994,121.547,28.3488,48.6999
10824,119.0249,111.2898,25.4889,43.7547
10825,115.1352,156.6673,43.886,60.2264
10826,18.6669,20.1099,5.3573,7.9252
10827,63.9015,27.8136,7.9798,10.6506
10828,144.7609,63.6356,18.4663,26.5858
10829,190.5257,216.0507,50.4487,95.3687
10830,35.0264,17.9139,3.9348,7.2945
10831,115.3462,65.775,16.378,28.8292
10832,45.7358,40.7091,11.3258,16.788
10833,3.9295,6.6823,2.1264,2.6706
10834,27.0285,33.6046,8.2477,13.5288
10835,126.7375,187.2859,48.2507,75.414
10836,7.1536,9.1195,1.9811,3.8561
10837,109.0844,138.0399,36.5186,53.4793
10838,49.5572,37.2706,9.3803,14.7446
10839,106.5111,98.7391,28.8613,37.8231
10840,91.4279,125.3767,28.0595,48.442
10841,155.7635,188.7066,51.1693,250.0311
10842,13.4957,6.5665,1.3823,8.501
10843,115.9329,158.5552,41.8002,68.212
10844,46.6451,32.5535,7.3759,11.9842
10845,56.149,47.172,10.5835,18.1646
10846,60.5259,64.6412,14.3746,25.0719
10847,136.0133,154.5017,38.1999,59.1725
10848,149.2668,237.0647,82.8973,87.5293
10849,19.3347,15.4033,3.4507,6.2165
10850,33.9102,35.7754,9.5168,14.2327
10851,121.375,167.322,44.8505,70.1675
10852,165.2238,195.12,50.8917,78.8984
10853,155.2634,247.9832,58.0925,103.8115
10854,85.7503,124.021,29.6838,48.0254
10855,121.3514,117.4899,27.9037,46.5324
10856,162.0282,170.7737,48.4952,68.4393
10857,55.1587,61.7756,15.7496,25.9209
10858,100.3393,43.2102,12.2356,19.0885
10859,73.2898,59.9883,12.6286,22.7801
10860,30.7823,36.023,8.6134,13.3342
10861,8.5416,9.1565,1.882,11.0118
10862,41.0673,52.3353,13.6651,20.2792
10863,71.5824,78.0398,22.2721,30.8562
10864,26.4385,18.4356,4.9097,24.5193
10865,127.1022,71.9214,20.4854,27.291
10866,118.2303,140.9404,31.524,54.5329
10867,107.888,131.3559,32.0197,51.6924
10868,176.2662,107.7761,26.7148,143.4599
10869,88.615,127.2218,35.6777,50.0295
10870,104.2901,151.111,44.5939,194.848
10871,128.6066,163.224,38.7983,67.8941
10872,123.9697,108.2129,25.5961,43.4919
10873,18.2616,11.1535,2.9027,4.4096
10874,153.6034,250.7468,70.5857,96.7648
10875,103.8172,103.0875,25.8557,40.3949
10876,170.2634,273.055,61.7527,117.9886
10877,129.4602,105.0629,24.6767,39.556
10878,181.3177,232.1006,66.6709,91.7569
10879,124.7222,141.7558,38.8511,56.0586
10880,92.68,137.1829,36.3712,194.8495
10881,23.9276,19.813,5.0705,7.3803
10882,119.0335,105.0928,27.1665,41.5416
10883,9.8727,11.8739,3.0651,4.774
10884,157.9286,175.6249,38.9512,74.4988
10885,103.6889,142.4146,35.1143,54.3967
10886,163.9914,275.4345,70.3328,115.6387
10887,185.2713,107.7271,28.5937,43.4973
10888,10.0911,11.4025,3.177,4.3008
10889,57.5414,33.9306,8.2702,13.4995
10890,127.1188,148.563,33.9072,58.9387
10891,163.145,187.466,47.5538,73.0107
10892,165.833,125.6092,27.7111,48.2533
10893,76.9241,114.9681,176.3987,46.0361
10894,130.4935,199.8659,44.8917,79.7606
10895,187.9181,296.2799,73.5583,113.6241
10896,61.4914,77.5289,19.3392,94.391
10897,156.4015,163.3357,41.1703,62.0889
10898,2.7923,2.8261,0.7616,1.2237
10899,118.7661,117.7137,28.0289,47.4051
10900,8.2379,6.6726,1.7511,2.7754
10901,15.2951,6.4694,1.4266,2.7832
10902,173.8131,281.6776,72.074,115.4763
10903,64.7541,29.7926,6.4443,12.6633
10904,26.9477,37.8874,9.9407,14.8377
10905,137.7876,66.3527,14.543,26.9282
10906,68.5939,82.1417,21.6325,31.7909
10907,155.3421,199.3632,51.6878,79.6815
10908,172.7497,127.051,32.7545,51.0714
10909,11.5445,16.2208,4.3343,6.3179
10910,54.9195,84.6367,22.859,32.7433
10911,142.265,177.5564,43.8385,70.0179
10912,0.6503,0.8776,0.2214,0.3536
10913,133.5444,175.2284,41.0864,72.796
10914,152.2651,202.3186,55.2249,81.1389
10915,37.1569,56.6869,14.8468,22.8974
10916,128.5786,162.167,44.5141,64.3562
10917,79.4343,47.7591,11.4673,19.0847
10918,77.8085,77.2488,20.7022,31.6931
10919,41.2733,17.5046,4.3791,7.198
10920,7.6313,10.1389,2.52,4.2112
10921,113.6285,140.6958,36.7323,61.9272
10922,117.1462,100.4837,25.0188,39.6911
10923,35.9883,52.3687,13.6208,21.2674
10924,189.7999,122.8303,33.8644,47.7016
10925,15.8877,15.5613,3.5835,5.97
10926,124.3492,172.3588,53.491,65.3361
10927,131.8655,195.4958,46.1336,73.3892
10928,109.5775,133.93,30.9885,55.4243
10929,114.7012,117.428,26.2941,47.414
10930,150.5584,153.6097,37.0153,61.7744
10931,129.0133,105.41,24.8884,40.6049
10932,123.9868,65.661,22.5576,28.0922
10933,176.5472,287.142,70.5127,342.5778
10934,97.8085,131.0153,34.0982,54.475
10935,25.4229,38.3936,10.2592,15.2776
10936,151.1112,99.5335,24.841,36.6746
10937,165.9253,249.7287,66.4931,101.9876
10938,11.6685,15.1982,3.9386,5.7494
10939,111.9433,157.6497,43.8145,66.3699
10940,151.7885,245.7345,69.7697,96.4786
10941,17.5941,21.5383,5.2855,9.0238
10942,76.8688,127.6749,27.8823,49.7322
10943,182.9325,310.6873,72.6332,378.3953
10944,90.6654,126.0435,31.3771,53.1057
10945,178.5304,105.5286,24.7516,43.1476
10946,27.0321,14.2525,3.2631,5.2654
10947,75.8902,73.6789,19.1624,29.4373
10948,192.9196,91.1601,21.3432,36.0215
10949,149.8895,114.2025,27.3097,43.3026
10950,164.9462,280.05,64.1662,112.835
10951,85.9838,58.8293,15.1206,22.5762
10952,77.2666,95.3933,25.1274,39.0038
10953,125.0485,168.5688,39.4949,68.4475
10954,39.4994,36.7269,9.1121,14.4046
10955,49.3871,31.9814,9.6907,12.1875
10956,96.7359,149.9946,35.4251,57.3171
10957,114.5697,182.4623,48.2263,74.8964
10958,31.5891,36.374,8.9834,15.8024
10959,91.6365,126.0439,30.8589,48.0885
10960,179.3489,132.5315,29.9077,55.5435
10961,87.4285,64.9012,15.9585,24.4594
10962,182.8221,216.5754,54.3064,87.0282
10963,82.4624,93.9613,21.1089,113.698
10964,28.9362,38.9088,9.7436,16.0525
10965,93.9821,86.0644,19.2215,34.6663
10966,84.6036,136.9888,28.123,54.4726
10967,4.1873,6.4311,1.8369,2.5691
10968,130.0357,147.3698,34.4226,61.5635
10969,77.5647,106.6189,30.6577,39.1931
10970,1.0265,1.6849,0.3871,0.6648
10971,20.5739,20.2785,4.8139,8.0107
10972,166.1806,76.9888,17.7514,32.0256
10973,84.8763,115.7286,31.5006,47.2124
10974,51.1605,60.4975,18.9025,24.7734
10975,41.6612,65.2736,14.9559,25.103
10976,88.5038,83.1783,20.079,32.1647
10977,124.7673,161.2462,43.3148,66.6413
10978,130.9695,82.8204,21.3038,33.1108
10979,179.2675,223.3627,63.8874,91.3702
10980,41.9411,48.42,12.34,19.2913
10981,123.017,170.2347,43.1481,66.8062
10982,12.289,13.6516,3.1455,5.2759
10983,95.6844,111.1395,26.7504,46.0475
10984,26.2364,40.8112,8.5636,16.9613
10985,51.2583,59.4825,13.4729,23.0539
10986,2.7333,4.5296,1.0611,1.7959
10987,188.5458,86.9125,21.8723,33.7275
10988,181.6619,296.3487,85.7417,111.7814
10989,160.1844,87.277,25.7082,32.7221
10990,133.4746,171.526,39.8511,64.4737
10991,124.8617,159.89,40.4751,63.5016
10992,9.4247,3.9803,0.9753,1.6195
10993,160.3046,260.1824,61.5753,103.2607
10994,133.8086,58.7017,17.1416,22.5741
10995,100.4587,55.2197,17.4429,23.0945
10996,67.5926,101.4841,25.1534,41.2249
10997,70.5846,81.0016,21.5116,29.8156
10998,192.5508,254.1043,65.7406,100.991
10999,91.7196,151.734,33.5503,61.4947
11000,121.9656,153.9409,36.54,59.4483
11001,26.0056,20.3229,5.4977,7.916
11002,34.8604,31.7757,7.2596,13.2706
11003,124.8539,63.3932,14.1128,81.8822
11004,73.6425,96.5278,27.3983,38.4286
11005,41.327,42.93,12.9007,16.665
11006,135.5355,153.2162,42.3737,58.5006
11007,97.3613,143.9721,34.1229,57.3791
11008,144.7725,138.0708,35.1758,54.5395
11009,10.5583,13.4048,3.2035,5.5272
11010,36.184,43.3107,10.3455,17.4524
11011,88.748,121.3626,30.7061,49.5126
11012,32.9993,26.426,8.3818,10.9365
11013,166.3192,109.1935,24.7691,40.3245
11014,104.6803,110.5372,31.6881,44.3543
11015,13.5178,10.9752,3.1313,4.4799
11016,60.348,32.8362,47.5148,12.5088
11017,190.4572,302.2411,71.2044,116.4419
11018,35.409,17.3007,4.3626,7.2814
11019,81.2795,83.8858,18.8992,35.7481
11020,188.9688,298.2264,65.5243,117.3887
11021,177.145,280.8491,77.0376,110.8301
11022,191.4635,303.6689,94.542,124.0394
11023,93.5479,38.9036,9.5322,48.2306
11024,91.8169,86.4195,20.4725,34.1386
11025,161.2797,105.7794,25.2298,41.5309
11026,1.5621,1.9584,0.5452,0.7971
11027,41.3742,58.4665,16.1847,22.9108
11028,13.0288,17.8478,4.0425,6.2798
11029,101.4637,56.2071,16.2952,22.764
11030,68.5114,65.1555,15.6463,26.4822
11031,134.8319,223.3344,52.7422,88.7685
11032,122.1454,57.3245,12.2999,23.306
11033,13.9584,13.0973,3.2394,5.2131
11034,3.0203,2.7886,0.6082,1.1316
11035,178.9226,236.2186,63.873,92.1648
11036,92.4991,95.1576,24.2799,42.2887
11037,97.7705,64.8428,13.911,25.9327
11038,116.5175,180.8344,47.4918,66.0417
11039,131.1986,213.3263,65.5615,86.3316
11040,81.7695,108.435,25.3764,42.5779
11041,167.8452,219.2051,53.098,93.8378
11042,79.3122,102.7224,29.4904,41.0472
11043,95.0539,89.1909,21.5165,33.9925
11044,20.236,12.8334,3.6843,5.4364
11045,33.1479,55.6058,16.0489,23.0871
11046,37.9739,19.64,5.0565,8.0472
11047,148.4682,90.2689,19.619,34.6057
11048,57.9545,38.8801,9.3675,14.948
11049,54.8115,49.2353,11.9647,20.7365
11050,186.6806,250.8354,55.5826,100.3988
11051,136.1262,122.1274,25.3433,48.6332
11052,172.3303,103.9476,22.4548,40.3243
11053,84.937,79.2984,18.0066,31.6735
11054,21.1951,35.6442,8.3941,15.1254
11055,31.5175,33.0634,8.3468,12.8677
11056,82.6648,98.2616,28.7114,40.9055
11057,140.0521,102.6998,21.0081,127.9978
11058,43.567,48.0376,12.2484,65.3745
11059,168.0998,83.8039,20.3233,31.5897
11060,191.32,213.4801,59.0656,87.2402
11061,136.4795,121.2856,27.6584,48.6985
11062,22.5513,22.6493,5.1568,9.2605
11063,19.9855,27.5109,6.9184,11.2856
11064,151.3954,226.275,59.363,90.8979
11065,121.6423,193.2493,44.1944,85.4492
11066,57.4517,63.1539,17.2218,24.4507
11067,113.4117,52.4387,11.3952,21.6384
11068,138.3351,79.7687,21.3836,33.1682
11069,6.5009,10.7552,2.2703,4.3573
11070,176.8351,184.0941,50.45,71.7965
11071,183.339,261.1383,68.7101,106.5146
11072,103.6257,115.5789,32.4058,142.0349
11073,126.8113,117.7994,30.1999,49.4781
11074,168.5455,122.0799,29.4954,48.7186
11075,29.4621,21.6595,5.5305,8.9601
11076,14.6136,8.9681,2.704,3.7621
11077,36.8016,57.9491,12.9147,21.9667
11078,37.2964,36.2671,8.2344,13.5854
11079,91.8297,134.0955,39.2967,52.7062
11080,82.0248,54.9755,13.5092,23.6716
11081,28.8756,16.3334,4.2909,6.6387
11082,5.9041,7.604,2.0203,3.1725
11083,13.3615,6.2808,1.8746,2.4315
11084,13.4486,10.5135,2.7628,4.365
11085,142.3843,136.5055,31.7247,183.6532
11086,184.1299,287.9967,73.5916,124.8669
11087,35.4641,41.4032,10.8799,16.8544
11088,85.6028,38.46,9.2611,15.0859
11089,176.9627,191.8117,51.982,72.6652
11090,86.09,112.3351,30.1642,43.1571
11091,102.3129,137.0955,30.4128,53.0008
11092,73.6529,105.3645,21.7559,44.4829
11093,99.2857,104.3643,27.0143,42.4212
11094,56.9244,70.6663,15.7941,27.5578
11095,133.2948,94.3827,22.5204,34.785
11096,170.4257,128.1125,34.1589,49.4352
11097,48.9237,53.2438,12.3941,20.3945
11098,104.0061,70.2013,16.5094,28.4968
11099,80.6278,55.2078,13.1814,22.4038
11100,160.8258,120.4853,26.3586,48.3792
11101,164.739,210.6232,45.3471,81.8039
11102,44.2661,18.5499,4.7743,7.6149
11103,3.7751,2.2725,0.569,0.927
11104,55.0724,88.6303,19.5972,34.4384
11105,159.8569,270.3935,67.76,115.2336
11106,25.0252,10.3219,2.5653,4.0071
11107,73.3824,44.0752,13.6293,18.5589
11108,129.4064,115.7264,26.8965,48.0297
11109,182.5176,127.5098,35.0124,49.8372
11110,35.0524,20.9673,4.8648,7.6888
11111,41.9315,63.1487,16.3024,23.9444
11112,19.4508,27.9956,7.0253,10.4073
11113,126.0443,87.3546,20.9277,34.8545
11114,84.8969,72.8926,19.3814,29.3661
11115,80.647,103.1473,24.6399,39.5697
11116,114.3873,77.2806,19.7351,32.3829
11117,93.6928,70.7887,17.0232,27.8198
11118,26.1458,31.1585,8.5538,12.6795
11119,159.8711,204.4204,50.1534,83.8011
11120,69.6119,79.6728,21.7945,30.9234
11121,167.879,169.281,52.5716,67.9219
11122,166.048,71.9736,18.2731,29.9147
11123,191.2374,166.65,38.7124,65.7454
11124,72.12,73.5729,19.7322,29.0253
11125,181.674,127.7212,32.7981,55.0647
11126,178.7784,171.6092,45.0835,67.8137
11127,162.3012,137.1279,34.4641,52.7096
11128,33.2046,36.7692,8.5909,15.6187
11129,63.9721,58.3365,13.4483,74.7326
11130,168.2928,205.8523,44.3043,82.0623
11131,163.8929,204.4366,59.8486,80.5262
11132,120.4823,107.0619,27.8983,40.5761
11133,138.9267,96.9153,23.2773,38.0314
11134,5.0521,5.6585,1.2565,2.189
11135,192.1946,151.6934,44.6704,54.8095
11136,116.2948,83.383,23.6337,34.8676
11137,97.6684,112.3775,31.1371,42.4718
11138,84.4336,43.9862,10.5533,52.1298
11139,55.9228,65.8474,16.158,24.9504
11140,108.5853,171.7143,36.5366,64.1125
11141,44.969,25.5651,7.6087,10.3868
11142,93.8367,66.3583,17.4099,29.1664
11143,37.6957,62.4373,15.2991,24.2574
11144,77.545,128.0348,27.339,50.6296
11145,24.5674,10.1458,3.0541,4.126
11146,73.3525,112.3357,22.0273,45.6524
11147,4.585,2.2228,0.5018,0.8603
11148,55.3817,36.9842,8.7962,14.3357
11149,176.8589,243.0638,65.2405,92.0167
11150,27.1506,28.3217,7.6281,11.3005
11151,14.511,16.6401,5.0356,6.3471
11152,94.9479,89.8844,21.0073,33.7666
11153,8.6734,10.369,2.6422,4.3087
11154,71.9466,47.4067,10.3298,19.8971
11155,84.4207,72.536,18.8903,31.3009
11156,119.1418,73.1745,17.0667,28.4057
11157,108.5997,123.7414,31.121,51.1758
11158,67.3589,104.1504,25.2954,42.8899
11159,155.8876,232.7355,59.0982,95.4455
11160,83.2522,127.1652,31.061,52.5685
11161,154.6776,134.694,33.1328,53.909
11162,172.8966,280.1169,66.374,114.5587
11163,44.7842,76.4738,20.2287,31.9429
11164,43.8452,41.9273,10.3307,17.2238
11165,155.8237,230.2783,53.8751,95.768
11166,15.1619,12.1534,3.2793,4.9998
11167,90.0045,145.4405,34.6953,54.3648
11168,62.1938,84.5613,21.2248,34.2673
11169,133.6633,145.4724,45.1625,54.7779
11170,24.1231,26.5125,7.0926,10.95
11171,46.911,73.0039,20.8494,28.0909
11172,1.0828,0.827,0.1945,0.3312
11173,141.2249,138.8966,32.7185,56.2558
11174,69.2733,57.7955,14.2285,23.0013
11175,118.1555,167.1393,48.1158,66.2195
11176,171.4339,261.0594,61.8921,104.2585
11177,39.1145,56.9476,13.8178,22.0214
11178,122.1058,182.5443,52.9519,78.9666
11179,143.9275,113.857,26.3831,44.2371
11180,75.7076,104.9703,24.6991,39.2342
11181,102.7159,174.8304,39.6397,70.2673
11182,124.6006,54.4082,12.5196,20.8818
11183,38.9974,25.7211,7.1428,10.7031
11184,110.09,131.6757,34.8699,172.4818
11185,181.4555,128.0642,31.9003,54.2579
11186,72.103,38.2442,9.9514,14.8924
11187,39.8225,35.0615,7.0936,13.5601
11188,23.6851,11.4322,2.6042,4.8045
11189,105.7972,174.8977,49.2813,71.3142
11190,98.3697,118.1831,28.4907,51.0658
11191,42.4799,42.5304,12.7768,17.7642
11192,98.0444,156.8067,45.6981,58.5755
11193,13.0484,17.1789,3.7058,6.9153
11194,34.0159,20.1726,5.2698,7.6585
11195,135.457,66.4685,16.0252,24.8259
11196,164.4431,250.5618,65.7776,100.256
11197,127.8788,98.8757,22.6143,38.5576
11198,145.8118,180.8103,43.1363,74.2703
11199,49.579,43.7397,11.803,17.869
11200,71.5211,54.8696,11.9833,21.8251
11201,168.6989,263.4092,63.9633,95.3009
11202,10.2486,15.5248,3.3911,6.0151
11203,113.0451,152.1277,55.3141,63.9674
11204,170.4461,267.4316,67.467,101.811
11205,167.2282,285.3772,60.2844,108.0133
11206,34.9313,15.3925,3.5482,6.2285
11207,167.8578,131.9616,31.9431,55.6168
11208,151.1324,87.2365,22.7633,102.7131
11209,57.8792,37.65,11.4356,48.3148
11210,106.5417,122.9179,25.1092,48.7988
11211,161.853,146.9352,34.9211,193.494
11212,141.5007,168.8177,37.0665,64.5675
11213,16.3703,11.7277,3.3746,4.8214
11214,53.9028,42.5322,11.628,17.5638
11215,88.4853,134.5626,29.4189,54.7719
11216,54.3307,72.786,19.2926,28.612
11217,171.5046,96.4029,23.3005,38.1588
11218,163.7792,112.7974,27.6488,46.2652
11219,40.4751,49.681,12.6993,19.9388
11220,99.162,57.5948,13.4426,24.3398
11221,173.822,144.8604,33.7897,61.0002
11222,12.8736,9.628,2.9509,3.6516
11223,123.7526,207.0893,64.9563,87.0509
11224,110.401,99.6413,21.0181,39.4503
11225,71.9936,56.2466,19.3112,21.3868
11226,46.645,43.1356,10.5377,16.3327
11227,151.1903,195.1833,53.5862,74.8794
11228,164.068,71.5378,18.9272,29.1075
11229,150.241,203.8556,49.1368,79.3938
11230,126.4536,98.9012,23.7267,43.5706
11231,18.5136,19.766,4.9456,7.6866
11232,46.6598,48.7012,14.0,19.8051
11233,101.3309,157.3449,39.91,208.2689
11234,10.4299,5.3635,1.3044,2.1355
11235,53.097,26.7512,6.3287,10.4263
11236,62.8488,94.9273,24.1051,38.7376
11237,22.9608,28.0581,9.0776,10.7502
11238,44.5641,74.8932,17.9787,31.2118
11239,10.7985,9.8572,1.922,12.0083
11240,143.7963,145.5783,33.7068,65.026
11241,68.0219,63.4125,14.8983,27.0633
11242,111.524,177.0233,43.9187,65.2781
11243,82.4545,82.9401,16.4683,35.061
11244,145.7249,241.3319,57.1608,97.4149
11245,130.3364,60.1028,12.6471,24.0629
11246,174.8123,284.5452,77.4853,108.6281
11247,159.252,241.398,57.6976,95.7635
11248,146.379,77.9967,18.72,31.7909
11249,72.7664,114.2564,24.0672,47.4302
11250,46.2281,75.8035,21.9957,95.5055
11251,55.3179,56.6864,12.5589,23.1586
11252,81.4584,70.0833,16.6664,30.3843
11253,58.9837,70.4031,15.2953,29.0205
11254,44.9682,31.402,7.5429,12.6007
11255,184.9487,315.4912,88.2102,123.847
11256,106.8807,116.9565,34.5873,48.9993
11257,161.4638,110.2395,26.7686,42.8026
11258,90.9389,57.3399,13.9916,23.1013
11259,138.6334,57.3554,13.0495,21.9378
11260,120.4978,127.7325,32.413,50.9421
11261,190.6879,179.5092,43.8129,74.8306
11262,112.643,115.2934,29.1445,48.7471
11263,17.8419,21.9555,5.4804,8.932
11264,186.5302,210.2926,60.0508,86.8559
11265,172.2709,120.2324,27.0668,51.5792
11266,188.0557,188.9664,48.259,74.9248
11267,33.5737,52.1967,13.0485,19.8854
11268,119.5268,112.4035,28.0486,45.6384
11269,98.8017,145.9814,39.851,57.8156
11270,105.3778,124.002,31.395,49.0307
11271,78.3881,51.3587,12.0533,21.0725
11272,149.2977,82.7925,22.1038,33.7909
11273,115.7733,52.5704,13.1975,20.1554
11274,7.5097,7.9364,1.7598,3.1207
11275,189.8914,136.4768,29.2819,56.1257
11276,169.1056,81.073,21.9277,30.8143
11277,118.9641,178.8792,47.5519,68.5626
11278,94.0521,154.5658,38.6146,62.5263
11279,55.4076,40.3729,10.4592,50.7784
11280,98.0251,40.85,11.0131,52.1521
11281,111.6358,48.2535,12.5351,19.5697
11282,190.9856,113.0287,28.3978,47.1595
11283,162.2025,236.32,57.9204,92.5378
11284,55.3201,87.7057,21.4189,36.7526
11285,91.7809,113.7439,28.6322,44.8709
11286,51.4956,59.9135,17.5097,25.6283
11287,42.9052,24.6426,6.0939,10.1074
11288,116.761,76.0817,17.6287,32.7269
11289,170.8188,268.6019,62.5694,112.0602
11290,163.5057,261.8133,67.7872,109.6907
11291,44.417,37.064,9.1771,15.5348
11292,190.814,133.1078,33.373,52.1222
11293,53.5229,54.3152,16.7621,69.1952
11294,115.2901,164.1304,42.7714,64.6564
11295,34.3107,16.1546,3.4454,6.3061
11296,168.1357,203.0799,48.0631,80.3827
11297,78.9395,118.4013,33.3416,46.5765
11298,33.2411,47.1613,14.0198,16.8565
11299,174.8184,92.0811,25.3611,36.1
11300,127.8201,147.7059,32.6407,61.2498
11301,85.9121,100.8893,23.2287,37.2144
11302,117.7044,145.2174,37.1036,54.5516
11303,128.2256,202.4271,41.4632,77.9624
11304,139.4063,155.9423,47.5375,62.3908
11305,154.9232,161.2514,39.9451,60.2759
11306,27.8549,40.6426,7.9317,16.2226
11307,116.7051,51.2544,12.9277,19.4844
11308,14.1174,18.3619,4.8506,6.9455
11309,109.8205,152.0493,36.8697,61.2566
11310,132.2524,55.0846,75.3837,21.5874
11311,142.7181,121.3484,25.5208,48.9303
11312,25.2557,29.7281,8.2157,12.2501
11313,147.624,192.9822,45.9786,81.6917
11314,56.1752,26.5193,6.8541,10.6992
11315,122.714,62.092,16.232,25.3551
11316,76.8519,90.8938,20.6168,37.0136
11317,77.5964,110.1144,29.5333,42.5465
11318,100.6428,46.8291,12.3639,18.5407
11319,98.2044,137.66,38.7194,52.6409
11320,5.314,6.2337,1.539,2.5718
11321,60.5749,66.2442,16.7567,26.957
11322,52.0855,47.1579,10.8772,18.8674
11323,52.3546,29.4375,7.0335,11.9472
11324,71.1086,118.4701,33.5667,48.9886
11325,73.5096,125.7488,29.1997,55.0764
11326,139.4111,179.4122,41.1605,74.4098
11327,76.186,104.272,29.3656,43.5187
11328,101.9555,77.5243,18.6182,31.8722
11329,71.9264,108.6289,30.861,42.5882
11330,32.4073,14.2156,3.8764,5.9922
11331,49.5326,31.8647,7.7284,12.7676
11332,89.5694,48.9044,12.7126,19.054
11333,78.2868,57.0457,16.4189,20.6038
11334,179.8873,206.6048,62.1939,82.4258
11335,175.2338,141.1128,36.1578,56.4309
11336,35.1217,32.5436,7.576,13.1624
11337,111.0717,170.6227,48.2328,75.415
11338,190.0034,312.0151,83.3756,127.9863
11339,114.657,138.2353,34.7361,55.1267
11340,21.8816,22.8987,6.6742,9.2965
11341,36.627,57.8624,16.2983,25.9226
11342,31.1478,17.2258,3.995,21.4224
11343,76.7308,130.6712,36.0715,53.8041
11344,134.4147,147.5055,39.6067,59.0465
11345,162.22,213.6655,46.5539,87.9481
11346,185.0123,80.5608,19.1935,32.2824
11347,49.7849,27.1581,6.4077,10.4468
11348,64.2173,44.3966,10.8073,17.6289
11349,122.0094,172.8668,33.3643,70.6419
11350,138.6686,131.7731,44.9726,53.6409
11351,8.3749,5.0157,1.3841,1.8997
11352,81.929,136.6241,32.7377,52.8234
11353,91.2097,54.3098,13.1094,22.6418
11354,16.5887,12.3632,2.7114,5.1557
11355,128.8908,191.8049,41.4498,261.7267
11356,66.5667,72.9395,18.0472,30.3093
11357,76.0652,125.0348,30.3197,50.8502
11358,96.3133,133.4239,35.3253,49.9012
11359,10.5202,12.2106,3.3687,4.8172
11360,54.7174,69.8159,18.4279,29.4921
11361,5.7516,4.5517,1.1133,1.7224
11362,120.7993,92.9047,22.1247,40.5559
11363,176.5439,95.3517,21.7198,39.8445
11364,108.0659,166.1683,51.7508,72.5234
11365,37.147,55.4954,15.3789,22.8648
11366,122.633,153.8495,45.6991,58.9143
11367,6.2772,4.3854,1.0197,1.7049
11368,84.1216,118.7838,31.7687,47.936
11369,161.3588,140.287,42.5293,58.2427
11370,107.2799,118.0727,32.6943,48.092
11371,80.9724,96.3402,22.228,35.9406
11372,156.0244,237.8144,59.6474,93.0807
11373,147.8464,179.3361,44.5374,71.6636
11374,53.0895,44.5837,9.5047,16.8565
11375,136.2652,88.1214,22.6367,33.5531
11376,67.058,80.8432,23.4977,104.5614
11377,85.5672,59.5691,15.8507,23.3181
11378,148.3702,246.7359,60.2601,96.6063
11379,174.7624,243.0969,58.6631,318.1867
11380,43.0417,24.61,7.7106,9.725
11381,86.8702,75.5952,20.2028,31.7829
11382,89.2388,114.3782,27.7687,46.5949
11383,46.0293,20.733,5.2321,8.4399
11384,123.578,176.0009,41.6294,71.4289
11385,24.2764,16.0313,4.2011,6.0102
11386,144.6754,72.598,17.0602,29.5413
11387,38.0547,25.7108,6.395,31.8656
11388,143.7212,217.4183,60.4899,86.6722
11389,94.3279,139.0308,31.0147,57.2157
11390,21.9909,32.1845,7.5081,12.689
11391,183.2975,293.1157,66.4342,106.5544
11392,10.3652,8.8983,2.0117,3.5883
11393,164.5941,85.1185,20.3357,33.815
11394,165.1782,230.5424,57.9527,96.685
11395,120.5657,191.4626,51.9499,79.861
11396,106.4851,74.0898,17.9266,98.2174
11397,11.0492,17.3624,4.2443,6.8353
11398,129.1731,187.2001,43.6905,76.1146
11399,158.8856,174.7631,39.4775,69.2061
11400,79.3951,40.4041,11.1044,15.4897
11401,143.9728,134.8964,29.6478,58.0729
11402,35.62,60.3751,14.1641,25.8871
11403,43.0766,70.4146,19.9096,27.4937
11404,79.1568,119.5737,29.0471,153.6897
11405,62.8912,35.0924,8.1676,13.6888
11406,95.2219,95.4567,23.4812,38.5326
11407,102.5563,65.4252,17.6747,25.3105
11408,120.6989,169.068,40.0182,70.3393
11409,59.6223,67.5177,16.3011,27.8437
11410,185.5079,174.1875,47.8278,66.4949
11411,75.8677,64.5975,16.7073,26.4519
11412,8.0792,13.7161,3.2454,5.4761
11413,114.3385,69.0301,17.2004,28.471
11414,175.6039,194.3748,43.5235,80.9432
11415,17.7064,24.8718,5.8686,10.0499
11416,92.9615,42.3169,11.5676,18.0808
11417,179.5969,122.4393,31.0097,47.676
11418,142.4204,214.5127,56.083,92.3698
11419,156.5113,85.3377,21.3244,32.7533
11420,170.7598,278.2292,63.8389,115.7308
11421,37.2355,63.1819,14.22,25.7864
11422,47.2422,74.4714,18.9386,32.1548
11423,8.9104,13.2642,3.1794,5.322
11424,25.3388,42.0274,10.124,17.5762
11425,81.1915,63.641,13.3631,27.9646
11426,181.5118,97.6317,23.2012,37.4235
11427,125.8645,176.7618,43.0437,70.8887
11428,130.35,167.9242,43.2088,66.685
11429,77.3867,127.9842,29.895,49.0428
11430,179.6378,228.1382,64.9158,94.9469
11431,117.9177,116.2254,28.3722,44.9967
11432,86.5081,74.859,16.2781,28.6068
11433,96.1867,125.4108,29.0017,49.241
11434,146.4999,176.6431,37.3603,69.2529
11435,170.1268,120.165,28.2718,47.1264
11436,109.5845,143.5861,33.8618,61.1156
11437,26.0606,32.7029,6.7575,13.2883
11438,90.3314,53.4062,78.6581,21.7244
11439,111.6534,169.0334,36.3145,67.5027
11440,94.333,157.9796,40.4713,59.4821
11441,160.3169,245.3879,61.2685,107.575
11442,68.0246,110.8121,28.8809,39.3405
11443,58.1531,25.495,6.8217,10.0094
11444,9.2328,6.3553,1.6262,2.5973
11445,9.1619,8.8244,2.1639,3.6335
11446,147.4975,136.4947,36.7935,173.5279
11447,16.8713,22.0226,5.6558,8.8738
11448,83.7551,83.3924,17.9696,31.7949
11449,124.7046,136.9848,29.5105,55.8865
11450,86.4482,133.9665,32.0343,57.0073
11451,64.2536,103.7973,27.4107,42.1794
11452,8.7637,9.8252,2.4993,4.1363
11453,31.193,47.3432,12.5424,17.7656
11454,36.5013,18.4034,4.8422,7.0297
11455,188.0879,179.4409,39.4543,68.9294
11456,81.0666,118.4953,32.1179,47.352
11457,99.7793,98.6448,24.1343,41.5803
11458,174.3868,167.7405,45.2637,65.1473
11459,91.2802,54.2905,12.4277,22.0699
11460,174.8946,127.2487,29.7757,53.4951
11461,106.7932,50.5929,11.4026,20.068
11462,9.0464,14.1275,2.925,5.7424
11463,47.3607,30.4321,7.3788,12.5623
11464,21.153,20.5294,5.5508,8.1825
11465,58.9139,99.0924,26.6818,39.83
11466,39.1755,59.3229,14.9725,22.852
11467,181.0677,288.5653,73.7755,115.386
11468,95.2295,140.5299,38.3359,61.459
11469,128.0263,91.6072,26.7354,35.3345
11470,52.7774,54.443,15.1378,21.0787
11471,191.3187,197.7522,55.3872,77.208
11472,156.312,258.4775,63.5574,94.7695
11473,80.2666,136.5857,35.67,55.4688
11474,63.5968,77.1108,18.6246,32.151
11475,177.7219,90.4741,21.5409,35.7119
11476,104.556,101.4011,24.8953,40.8249
11477,192.0238,307.1091,89.1348,134.0861
11478,89.4194,133.5617,33.0126,54.8914
11479,164.0295,173.1743,39.9006,75.769
11480,56.3072,51.5919,12.929,21.6279
11481,100.687,143.9124,27.6504,54.4055
11482,176.0489,201.2741,42.8294,87.1122
11483,69.8382,38.4891,10.5607,15.5737
11484,99.4801,101.6454,24.3083,37.6708
11485,158.6729,190.3738,43.497,76.6255
11486,142.462,121.9426,29.8579,47.8499
11487,108.2745,48.156,10.7688,18.7552
11488,184.4598,212.8338,51.2307,86.4706
11489,135.8092,93.2371,24.9166,34.9563
11490,127.9424,82.0721,20.6526,33.6473
11491,16.9112,24.4426,6.0615,9.4467
11492,158.7194,128.4572,30.3641,47.2404
11493,11.6917,16.3806,4.171,6.3295
11494,107.996,127.5803,34.9932,55.1353
11495,95.8284,161.6873,42.503,63.2043
11496,37.3262,53.6286,14.6533,21.261
11497,15.2259,12.0349,2.7381,4.6734
11498,166.9215,117.9393,37.1069,48.5606
11499,30.1699,27.2257,6.6123,11.0067
11500,26.1398,16.5221,3.4719,7.0617
11501,22.6814,29.6658,7.528,12.0289
11502,144.5971,121.9547,30.0262,48.8916
11503,22.9103,25.0477,7.7565,10.6236
11504,33.8536,50.4746,11.6424,19.1148
11505,81.502,122.1862,33.3941,47.7207
11506,18.8584,23.0897,6.7965,9.6836
11507,125.6901,96.9055,25.3071,39.6318
11508,65.1386,66.2414,17.8299,26.513
11509,70.7015,92.0641,25.7536,37.4299
11510,101.2161,169.8151,37.5655,65.2578
11511,45.2371,61.5269,15.1336,25.0564
11512,175.9659,259.2391,60.9084,107.055
11513,139.937,155.4791,42.7425,56.6683
11514,25.8641,26.0103,5.6942,10.0826
11515,128.374,86.3187,20.8762,35.5575
11516,113.0319,166.2444,42.9347,65.2259
11517,96.4459,101.2483,26.4577,40.7802
11518,36.1349,49.6021,12.4701,19.6442
11519,176.9715,142.5412,33.5422,56.3992
11520,62.2974,29.7698,7.5609,11.7117
11521,176.7894,162.794,41.9427,65.5699
11522,36.3694,54.3626,15.5923,21.6329
11523,184.2379,203.4386,281.7861,78.296
11524,153.4706,154.5733,37.2137,62.7139
11525,154.8435,174.5017,44.9239,66.6067
11526,33.1558,27.6423,6.7398,12.2451
11527,94.7367,95.8183,27.9996,39.2379
11528,62.5417,79.6351,17.0443,30.1898
11529,170.5508,271.9158,76.2897,107.8544
11530,38.9948,33.0356,8.4348,13.496
11531,39.1693,59.8934,15.5938,24.207
11532,80.9618,82.1651,22.7583,33.6466
11533,164.479,67.8394,21.518,25.8245
11534,174.3484,175.5343,43.1737,68.2293
11535,2718.5305,3634.5389,719.7167,1504.9263
11536,1663.724,3411.5337,1006.5616,1261.3444
11537,2922.5252,2447.5075,533.7672,933.6458
11538,2058.3768,2881.502,705.1457,1184.3396
11539,1308.6419,1856.5862,355.1202,779.9533
11540,1338.6832,1780.519,621.5283,2200.6078
11541,333.3212,428.6862,110.1645,166.4039
11542,3110.4989,3752.0709,1168.5931,1647.3805
11543,1627.2988,2366.9234,679.0438,888.7366
11544,510.8925,1005.1073,238.9842,398.0688
11545,2573.748,2954.8444,648.2407,1216.1372
11546,1749.3001,3267.3385,949.7908,1282.9086
11547,1095.984,797.8781,172.2081,328.4214
11548,1786.3833,3259.6682,905.1866,1246.3493
11549,1070.9903,1194.3415,288.6033,1452.0735
11550,2299.3649,1722.5809,411.9784,736.4284
11551,1103.9386,1577.9583,387.3422,642.2126
11552,2382.9437,3250.3067,734.9373,1303.6843
11553,1981.3285,1983.1126,3050.5579,815.0703
11554,3049.4389,3477.655,871.0261,3996.838
11555,204.4261,174.8544,50.5636,72.2877
11556,1270.1712,1659.275,398.8853,665.5072
11557,2020.4519,3593.3721,899.4179,1446.4684
11558,642.813,548.5027,151.6134,225.5758
11559,377.7844,321.3427,82.0157,118.4925
11560,2985.3292,5468.7607,1359.9345,2164.0209
11561,2037.6187,2535.4028,586.3483,1065.8356
11562,2957.6909,4789.53,1156.2646,1912.1402
11563,171.3371,183.7003,42.0949,76.6324
11564,950.7961,1402.5629,328.4651,591.881
11565,35.2715,39.1866,9.1413,17.0104
11566,1822.6234,1388.1929,362.8594,549.7921
11567,235.2671,426.8548,122.1257,166.1695
11568,1969.1808,2099.8118,517.1275,829.2228
11569,802.3685,1113.9525,243.2682,389.2825
11570,326.9359,513.0717,125.9842,195.8675
11571,2618.2639,5373.1727,1332.6754,2162.6891
11572,451.3663,853.7726,176.6026,1097.454
11573,2849.5197,5573.7861,1360.7166,2296.374
11574,712.4767,1153.6364,315.4135,462.2088
11575,199.0707,377.7942,82.0484,154.7271
11576,3099.5811,4080.9535,920.517,1652.828
11577,1345.7972,2681.4629,654.6685,1124.4865
11578,1468.0145,1135.8781,255.9081,1361.3079
11579,2321.539,3798.1846,898.0865,1600.942
11580,2831.6801,2234.4785,653.266,907.9044
11581,1759.1811,2862.905,618.1271,1094.0479
11582,554.5648,823.6849,233.4876,979.9089
11583,2643.447,4775.1391,1195.8476,2085.0737
11584,2450.3568,1792.7543,565.0137,749.8111
11585,2877.9592,2434.3182,628.7013,977.244
11586,144.6139,277.4198,69.4453,110.545
11587,2450.5422,4311.3799,1131.0757,1755.6543
11588,2620.4297,3228.7535,4906.4525,3861.0074
11589,997.8835,1942.9795,533.0245,741.3149
11590,1514.5776,1853.9394,478.5775,705.4862
11591,271.089,391.104,86.5094,155.7029
11592,895.66,854.1167,195.0822,319.3788
11593,85.758,99.949,26.9558,41.5905
11594,1561.4,1545.3547,428.7628,606.3565
11595,1662.1197,2925.1682,820.5944,1169.2557
11596,168.7186,316.3878,68.3635,124.8671
11597,1169.2757,1863.4879,433.5457,757.9992
11598,972.3605,1761.7355,513.4184,678.4829
11599,2325.4166,4234.0944,1013.5531,1836.2576
11600,472.1296,811.3756,182.9292,342.8061
11601,916.0916,1389.6115,316.7808,605.8345
11602,332.8068,485.9369,120.7478,206.965
11603,353.6671,716.7305,159.5182,282.6247
11604,1726.1867,2730.7791,700.5076,1078.0382
11605,88.1667,164.4577,39.5866,66.3275
11606,3077.2393,5557.22,1428.0109,2217.6175
11607,2666.1857,3233.5306,1014.519,1276.4776
11608,132.7367,227.0868,57.2452,89.3874
11609,1550.9813,2299.0072,551.1632,889.3397
11610,408.4358,737.7906,174.639,282.3247
11611,2865.0246,3973.8085,877.6643,1479.3661
11612,2876.4163,4620.2785,1030.5442,1788.8866
11613,1181.1986,2259.2819,515.4948,893.613
11614,1571.1618,2220.193,643.1647,866.1891
11615,1470.993,1801.771,450.0675,688.8711
11616,2343.0629,4727.0122,1153.5573,1878.8732
11617,3083.394,2287.3551,3311.9641,897.051
11618,95.2802,101.6813,22.0584,44.8693
11619,2643.4471,3081.5003,834.7067,1184.9541
11620,3161.0945,2886.2927,829.4393,1123.4077
11621,2871.2789,5600.4713,1286.8687,2246.4733
11622,3027.8796,5708.061,1455.1171,2236.3256
11623,470.0452,778.9181,229.3741,323.8541
11624,1613.6183,2522.0034,602.8022,1069.6223
11625,614.5477,1187.2719,317.0146,1480.5046
11626,1753.6251,1448.146,341.5406,603.4428
11627,2826.4725,3772.762,965.1703,1475.2686
11628,1670.2771,1484.5196,347.9098,587.0378
11629,1233.2913,1308.7313,326.8728,521.503
11630,187.5673,140.4005,34.1188,58.2818
11631,1733.4239,3299.2865,891.2566,1311.9813
11632,742.4713,967.5371,214.9781,375.8183
11633,1047.943,1898.2035,409.3019,769.9167
11634,462.02,579.1091,142.3776,245.4076
11635,2103.3273,2463.4651,684.0024,923.5108
11636,161.2532,202.4834,46.409,78.1396
11637,198.7419,237.294,60.969,97.213
11638,1618.5281,2659.8269,719.4226,1144.3779
11639,2415.1221,3132.3881,756.9558,1279.3399
11640,2731.6457,2541.449,549.9937,3185.0699
11641,1349.9618,1312.9314,304.1308,517.6738
11642,2657.5245,5397.1167,1293.4403,2094.532
11643,144.8037,267.9392,69.9474,103.8017
11644,1974.7511,3167.5782,783.6335,1244.3069
11645,663.4694,1324.3751,313.5696,500.9032
11646,1312.64,1352.8541,381.435,507.1233
11647,1518.7814,1409.4256,393.4323,621.8339
11648,863.0283,1753.8739,400.7552,703.6184
11649,2443.9255,4399.2604,1049.9576,1812.0356
11650,1348.2431,1328.5,407.3501,1608.4084
11651,2174.3439,2971.0449,776.9727,1175.4765
11652,1648.0695,2589.4437,647.7939,979.3885
11653,1927.0736,2282.3001,544.6735,951.5293
11654,1380.6467,1659.347,395.9832,617.6427
11655,1697.7754,2533.5933,640.8351,985.4737
11656,2297.1316,2537.6586,621.5112,1069.427
11657,483.7467,474.8266,129.3836,198.1717
11658,2777.5058,5606.9549,1264.7175,2276.2438
11659,1264.6438,1650.5839,352.9024,634.6718
11660,2705.5523,2769.5461,729.0136,1068.7412
11661,1186.2078,1510.3176,377.0471,612.7011
11662,1818.6821,2578.3891,678.5404,1092.499
11663,2181.3813,3879.1867,1180.8147,1511.7905
11664,1747.0092,3299.032,871.8559,1241.5358
11665,753.8,1526.0721,389.9236,594.643
11666,491.1775,368.8507,120.6799,141.4817
11667,432.3683,572.9061,146.3373,232.9612
11668,1351.9635,2668.6513,706.6133,1041.3957
11669,1026.293,740.7282,194.3093,284.2247
11670,623.2297,1208.4481,295.5652,485.8732
11671,2842.3108,4751.866,1261.728,1807.8115
11672,936.7103,1252.5102,254.9128,467.977
11673,2672.4379,4033.6224,1099.7457,1646.7155
11674,1422.4225,2654.9553,712.2451,1064.0968
11675,988.7302,1110.6578,296.4785,431.2229
11676,734.618,1119.5292,299.2574,440.803
11677,1106.9448,1988.0741,434.6881,803.1907
11678,1853.2449,2277.7339,618.8727,924.9965
11679,2130.889,2099.8709,540.0587,819.1771
11680,1114.5169,1093.1612,262.5095,460.7125
11681,1645.5232,2683.7394,3391.967,1209.6531
11682,2026.5937,2845.9698,710.1292,1153.0477
11683,2987.9507,5135.5457,1159.9396,6868.1152
11684,1837.4465,3118.0014,815.6904,1251.4536
11685,1155.2814,1978.4236,520.415,813.5435
11686,1342.7606,1449.9096,356.3682,585.0378
11687,466.1522,553.8947,127.531,217.2083
11688,1002.707,896.2421,200.6565,375.6923
11689,41.8438,74.1111,16.504,28.7623
11690,1389.5193,2038.0623,570.7805,790.7965
11691,956.6332,777.3629,169.8562,318.608
11692,662.3407,686.987,154.1958,261.1324
11693,2746.4029,5344.6243,1360.0394,2132.1453
11694,2350.7753,3959.5112,1002.0026,1548.2678
11695,1782.9763,1953.0567,574.5214,821.4979
11696,1566.1979,2411.9848,596.0049,1003.7121
11697,135.7074,262.6847,57.8563,103.4453
11698,1740.2848,2746.6468,737.4683,1095.0791
11699,1434.967,1554.7778,368.6405,593.9032
11700,1865.2328,1996.6202,488.5726,873.2067
11701,1083.4225,989.0521,266.1944,389.6947
11702,1522.5156,2367.8414,647.2817,2937.5968
11703,1530.4778,1707.0204,386.5747,662.5438
11704,386.8665,545.8515,137.2429,224.6238
11705,308.35,281.1122,69.8068,116.2293
11706,2865.4605,2045.3397,507.8388,749.6404
11707,285.7361,399.7627,100.861,154.779
11708,1574.2391,1166.8351,256.8374,472.2063
11709,2728.0817,4428.2707,1144.4469,1681.0052
11710,1719.6663,2792.1379,636.1536,1166.7836
11711,1697.6648,3443.1992,902.4458,1327.1416
11712,811.3605,1632.3303,432.1432,612.3826
11713,2950.2138,3259.4157,757.0277,1285.1892
11714,1541.5987,2119.0655,2914.9139,862.4439
11715,353.0702,673.8752,159.2116,282.7709
11716,1853.1008,1541.3196,458.5953,563.6425
11717,975.6593,1858.1023,437.1062,814.572
11718,2032.848,3968.4577,1070.7994,1667.5825
11719,1154.6316,1927.2146,449.9831,786.4905
11720,1657.5264,1760.4303,442.089,663.0785
11721,2288.6847,2109.6719,427.7191,2904.718
11722,786.2298,1070.2586,256.7559,425.8602
11723,2537.5984,2813.2914,803.4703,1149.0571
11724,2906.7623,2906.7778,746.2417,1339.5485
11725,38.451,31.2617,7.6806,11.8601
11726,2642.0269,4965.0624,1208.2732,1901.3313
11727,72.722,144.7512,36.7238,54.6575
11728,2704.227,3694.0383,857.4365,1434.4102
11729,1162.8342,1264.6851,362.0793,523.9855
11730,1106.3645,1579.9356,411.4954,666.8669
11731,774.3547,1394.745,406.604,549.2426
11732,2973.9096,2292.4547,501.8595,931.0599
11733,443.7458,614.1283,174.571,821.1959
11734,2053.9464,1935.2769,517.6483,743.8237
11735,2019.1482,2027.4645,523.7189,800.0657
11736,972.4925,1546.0526,2250.5528,648.7171
11737,707.3982,892.5998,221.7799,320.1589
11738,696.2274,1142.3498,317.8843,418.1154
11739,2411.4906,2662.8448,554.2602,1049.1723
11740,1620.026,2174.8832,721.6128,893.2646
11741,796.4434,781.7567,202.48,306.0274
11742,962.2172,1839.8714,513.5891,738.8627
11743,739.6489,1121.4681,264.8632,449.412
11744,1073.8554,977.4644,281.908,415.5925
11745,656.132,1245.3779,326.2974,525.4769
11746,1762.3045,2995.1016,748.5456,1168.1488
11747,636.757,485.5314,122.6953,183.0241
11748,440.8475,791.9942,199.2553,330.0865
11749,1356.2449,2297.2025,520.9589,876.919
11750,1150.8064,1034.6622,282.0184,413.1302
11751,3059.6497,3167.3138,725.8841,1289.3744
11752,3115.6143,5163.3485,1411.2824,2066.3935
11753,1339.6883,2490.6474,762.7249,1039.4031
11754,879.156,1628.2355,439.8598,677.4925
11755,713.791,860.3394,176.2685,356.1294
11756,2371.6569,3295.7376,783.6086,1381.5297
11757,3042.6797,5069.5243,1129.925,1931.9508
11758,612.0332,871.367,174.8306,346.7429
11759,3005.9219,5343.381,1469.161,6758.2313
11760,429.58,866.8499,228.7747,329.1186
11761,106.6635,202.1529,45.4476,83.2981
11762,2669.5331,2784.6831,665.1448,1129.9546
11763,2304.7302,4709.9835,1313.3257,1892.6472
11764,239.0135,351.1027,95.6023,141.1626
11765,2338.6609,1680.5959,420.6761,704.2851
11766,2895.8968,5729.8341,1475.0679,2533.932
11767,572.8865,677.4889,173.7675,257.3793
11768,788.5951,1157.6766,338.9753,467.7878
11769,1525.5413,2105.7211,471.0138,828.3389
11770,2683.498,5100.4881,1409.8416,1973.9099
11771,335.2097,494.8916,105.6345,180.3195
11772,432.7247,771.176,189.8512,308.3528
11773,652.3392,1044.8639,233.5743,430.146
11774,1022.0549,1330.6052,383.2002,497.5344
11775,66.7192,117.7961,32.1509,46.5152
11776,3113.7348,6018.0425,1329.4576,2505.1744
11777,1562.5104,2596.8822,612.5694,1048.8463
11778,2181.5568,4043.7482,974.9177,1614.4054
11779,2881.4382,3213.9484,739.4892,1259.7848
11780,335.7966,681.0807,974.6957,277.2527
11781,1177.761,2099.8455,522.7564,817.5738
11782,2140.5466,3951.1728,1082.7047,1530.4432
11783,857.0734,876.123,187.6474,355.0393
11784,1950.7906,2708.0753,782.5263,1091.101
11785,2404.712,4670.2644,1258.2367,1873.7158
11786,2005.6735,2546.7546,706.9055,1076.413
11787,1454.3784,2076.8433,515.7695,798.943
11788,279.2326,424.6568,96.4779,175.1581
11789,2584.7916,4217.898,1209.3748,1753.774
11790,1092.5569,1087.192,287.8197,437.467
11791,1003.6685,2051.415,520.6982,806.9014
11792,2718.5398,5162.6486,1183.8843,2060.5075
11793,2775.7692,5108.8851,1475.8211,2118.0685
11794,2270.6871,1818.4153,487.0873,751.4289
11795,682.738,617.3266,201.5471,255.1877
11796,2799.5366,2876.0041,748.4763,1050.9636
11797,909.9347,1083.121,268.8023,430.1345
11798,255.3697,190.4931,39.4217,75.0205
11799,1341.5045,1547.4504,376.9967,614.0571
11800,1978.047,1971.7752,542.6173,786.1618
11801,1429.3101,1041.9512,267.436,416.7956
11802,131.3718,215.3466,50.2734,87.5506
11803,1811.9681,1694.2245,366.938,670.6647
11804,451.5677,542.0862,144.2879,216.5787
11805,738.0361,934.9569,234.7589,362.4766
11806,1296.1579,2030.4206,473.6886,784.111
11807,326.632,408.1676,580.5167,167.4863
11808,2208.7031,4085.3339,893.437,1679.5496
11809,2941.5327,3288.1085,796.7255,1296.205
11810,569.9995,751.2608,156.9242,299.0459
11811,792.528,1193.9115,286.9214,483.2899
11812,706.3552,543.066,123.3936,222.6811
11813,237.9823,414.0477,125.3398,163.5975
11814,94.4988,145.7851,32.7035,64.0972
11815,1790.1296,3595.4815,890.3962,1436.9823
11816,346.2954,538.9137,166.0064,214.5289
11817,1302.5337,998.3161,288.3553,1145.2875
11818,2006.7258,3204.5969,733.8778,1311.3178
11819,3015.4106,4356.9239,1001.921,1686.7166
11820,1064.4571,1397.0786,336.1631,561.7184
11821,2004.5949,2854.9528,712.2543,1130.4999
11822,2457.2346,4007.4193,884.3428,1703.2005
11823,1251.1068,2438.9291,584.6323,931.6776
11824,874.3123,1364.0319,368.4025,552.3959
11825,1580.4259,2900.7196,678.7482,1206.7855
11826,1645.9222,2489.8575,630.7111,1034.9593
11827,85.5622,67.3006,14.9649,26.639
11828,2302.8631,4134.9764,989.1287,1598.3058
11829,181.7103,238.425,59.8351,97.37
11830,2574.4153,3274.6181,850.957,1291.9106
11831,1826.7045,2946.1333,4158.944,1082.6623
11832,377.5399,629.3477,175.6591,263.3039
11833,1102.2325,1807.3266,435.0017,700.931
11834,1028.3396,1682.7368,431.4001,697.4596
11835,211.5148,304.7236,68.6722,120.5754
11836,2742.4815,3475.9077,925.7372,1275.7924
11837,2276.7993,2981.196,712.0918,1187.7664
11838,2080.9388,4217.5187,1081.0273,1658.3241
11839,2487.6681,4622.6202,1210.0431,1801.9665
11840,3006.5728,2905.3585,595.6105,1136.4186
11841,2441.0051,3222.7645,721.5476,1150.502
11842,2560.8592,3518.1074,820.8641,1543.7619
11843,2318.1824,3076.0465,771.3287,1243.9718
11844,1558.4261,2334.9241,545.5474,942.3332
11845,68.4525,76.6654,20.5681,29.2474
11846,3014.5492,4327.5623,1114.3573,1762.101
11847,2780.2776,4739.4515,1035.8229,6555.8503
11848,189.5387,346.0382,90.6436,142.4942
11849,3184.3227,5431.2076,1552.5175,2154.1798
11850,1741.3669,1388.3877,386.086,563.4513
11851,2568.8961,3179.6649,738.3142,1287.9722
11852,2554.5757,1845.6673,458.0559,693.881
11853,113.3683,221.1145,62.9762,85.0718
11854,2425.25,3261.8581,751.0399,1213.901
11855,3190.4441,6434.7077,1750.5101,2537.2251
11856,494.5965,945.3553,222.5663,357.605
11857,2581.1163,3085.1937,866.7472,1235.4896
11858,1948.5587,2587.765,691.9869,1061.3108
11859,285.9169,411.2206,101.9955,174.3683
11860,682.981,1201.785,347.9531,472.8254
11861,1899.6754,3518.2464,1188.9174,1383.6726
11862,2868.0815,4581.1197,1136.5354,1876.7707
11863,1122.8272,818.811,186.0399,320.6957
11864,1761.3365,2742.6244,688.9468,1124.6666
11865,2038.8144,3789.8091,1014.7366,1489.4698
11866,2325.5421,2737.5252,602.3734,1082.4262
11867,765.8587,1525.1993,342.3351,612.4613
11868,2495.1349,4590.6732,1174.3506,1837.733
11869,2196.5977,3602.9288,740.5655,1434.3569
11870,2542.4884,2663.3165,562.412,1058.4866
11871,1953.2682,3089.7329,836.6738,1306.4235
11872,2693.5069,3420.9484,848.6291,1313.3342
11873,2457.2981,2285.6155,597.9653,848.817
11874,2433.8127,2825.5747,4435.6215,1090.2581
11875,2272.8952,2248.971,569.6636,923.5417
11876,1386.8698,2633.5195,696.0285,1038.5105
11877,456.8008,897.8848,268.489,349.4699
11878,109.083,185.8933,42.3997,72.7128
11879,2291.0091,1822.4716,402.9515,738.8515
11880,569.9033,474.8617,127.3769,176.311
11881,2101.2655,2873.3358,630.8572,1070.6407
11882,900.8078,1184.0782,286.3506,471.4617
11883,2469.9558,3418.7144,872.2307,1451.0352
11884,2274.1511,1660.712,384.8802,677.9186
11885,2509.8694,2755.137,618.1251,1044.6228
11886,1297.2116,1199.3182,1681.051,511.6179
11887,1043.6457,2117.1485,498.4184,808.0059
11888,3174.448,6309.6407,1709.4179,2646.8519
11889,593.1289,494.8438,126.0985,190.9089
11890,2627.6928,4624.6461,1029.9447,1935.9544
11891,978.9614,1300.3146,346.7285,528.7777
11892,1798.6435,3157.6119,670.0977,1273.6693
11893,1696.0686,1655.6014,312.0285,699.4554
11894,2086.1374,4045.7636,943.9283,1634.0277
11895,407.9058,815.8714,196.1213,318.685
11896,1687.2348,1885.3479,474.9447,750.0692
11897,1550.0343,1608.736,451.7123,651.1832
11898,2840.3385,3603.8787,703.2476,1494.8026
11899,2714.4215,2113.6046,479.9446,848.7586
11900,3097.5094,3417.6017,1125.9508,1407.975
11901,2048.9578,3739.975,1006.7595,1468.45
11902,1931.9788,1933.0806,553.1618,765.2455
11903,649.0383,845.7107,195.7621,324.5075
11904,869.0581,1707.4619,428.1679,716.98
11905,1570.7608,1977.8258,490.5109,815.2379
11906,2340.8075,2553.579,621.9881,1016.3923
11907,1241.2486,1190.692,305.4304,476.1394
11908,2161.2075,4019.1906,973.6753,1541.5651
11909,2475.3901,2431.2219,601.6504,1047.0541
11910,1094.4582,888.161,170.4536,356.5715
11911,3171.414,5699.1858,1307.5181,2367.1077
11912,1828.9979,2663.6812,593.8055,1031.3582
11913,1691.6101,1226.2248,329.899,487.7114
11914,1620.2308,2030.1371,490.9281,813.2433
11915,1661.1775,1633.9282,411.5419,653.5178
11916,1437.1416,2674.1642,661.1778,1046.5448
11917,991.8909,1667.7065,398.7178,667.7305
11918,1582.8215,1447.0721,360.2904,564.1144
11919,28.0158,54.3582,14.4452,21.2004
11920,2722.2168,2206.221,560.0026,870.44
11921,3122.0614,5088.5007,1217.433,2028.14
11922,523.5337,448.4203,109.0582,171.3697
11923,1453.4941,2299.6817,654.1491,982.1184
11924,2392.0155,3910.8557,911.5235,1592.8011
11925,2706.5139,3586.7564,944.8591,1402.2248
11926,733.3158,1350.873,371.2854,1941.2861
11927,792.1849,1315.5763,351.587,1628.9535
11928,2639.4643,5107.6922,1581.579,2042.587
11929,1182.899,1991.0471,444.4307,843.2335
11930,2455.9784,2468.0598,623.8938,911.6198
11931,2677.2028,4706.4118,1122.3385,1963.1792
11932,551.1036,991.6842,1547.1039,382.7192
11933,1988.0095,3837.6189,1006.4512,1581.2854
11934,835.3161,1459.9742,317.2846,615.2705
11935,2280.5923,1752.3962,418.4931,728.0278
11936,2317.2196,4618.172,1068.0049,1791.8025
11937,2812.9715,4766.843,1057.7653,1813.9741
11938,1286.2583,2307.3615,618.0203,912.6084
11939,2846.3158,2651.0461,714.7675,1052.4143
11940,2992.7794,5774.1944,1534.3721,2404.7378
11941,3057.9833,5027.8578,1176.1131,2108.1748
11942,45.2972,88.4625,26.6038,34.0149
11943,1756.2179,1915.5781,505.9222,803.995
11944,815.5821,1663.3134,439.4031,2082.252
11945,2841.8802,4080.2212,984.1362,1617.3827
11946,3006.9575,2201.3834,3155.5212,950.7183
11947,1429.277,2171.1446,491.8867,806.365
11948,205.2721,380.9902,96.7686,147.1895
11949,2957.7884,4852.3618,1219.0379,1863.2559
11950,487.4436,961.4551,260.4176,1206.5272
11951,1965.397,3043.6395,857.5048,1254.9799
11952,316.9321,638.5176,985.0386,854.8712
11953,1680.6158,1222.6811,338.9083,527.8399
11954,2232.3896,3875.1098,797.5757,1480.2422
11955,838.2259,1249.2932,355.1512,489.0758
11956,708.4019,783.8186,197.6646,301.0514
11957,335.9869,296.3292,88.8999,114.9099
11958,2350.0957,3211.3747,761.1745,1225.5315
11959,1878.7494,1489.3504,351.2171,616.6957
11960,1588.6969,2354.472,533.9542,1018.2975
11961,3039.5102,5730.4521,1355.4736,2388.2992
11962,128.5028,264.0701,60.2879,112.6668
11963,2942.851,4690.7969,1423.3066,5858.7852
11964,2366.0735,3991.5428,917.5934,5560.7522
11965,2057.6488,2035.5291,465.9594,779.3496
11966,3014.1431,6115.894,1486.4733,2519.6878
11967,1489.3951,2951.6771,737.9345,1131.6282
11968,73.1933,52.4529,14.4456,65.5521
11969,1658.1285,2994.3141,618.464,1231.894
11970,2050.6247,3939.1473,1153.555,1623.0999
11971,2582.4409,4870.0869,1310.64,2043.7118
11972,2972.8037,5402.7554,1491.6485,2108.8072
11973,2963.4837,5472.577,1484.8604,2212.6549
11974,782.0481,1512.6797,377.8214,555.8042
11975,2209.5059,3618.8028,931.276,1375.3089
11976,1294.6592,1197.1743,315.3443,482.7317
11977,2777.2893,2249.075,600.2519,901.0939
11978,1094.7352,1940.3468,473.9917,810.1492
11979,2939.7005,3726.1263,1022.6103,1463.4216
11980,376.5757,460.2777,122.4205,179.952
11981,254.2803,192.2557,45.7045,74.9749
11982,242.2956,229.2159,50.8055,96.8676
11983,1704.3807,2021.4535,577.0062,766.9905
11984,2443.5821,3398.6387,843.0964,1357.0536
11985,818.9391,1030.4353,302.0386,403.9469
11986,2253.4866,2081.2178,458.6424,812.443
11987,2529.3414,4104.5666,852.1907,1839.0674
11988,2580.8024,5177.3547,1434.5631,6141.1849
11989,1737.1359,3058.7535,824.0899,1176.8324
11990,844.5109,780.7585,191.1327,928.9076
11991,402.8261,451.9269,105.74,201.7142
11992,2979.4992,3457.5339,915.2919,1431.8032
11993,575.9074,891.9352,200.6638,394.3979
11994,2798.1467,4189.4286,1076.8514,5344.6039
11995,2398.5285,2278.3165,570.5725,887.7702
11996,3161.3993,5645.0961,1853.8131,2237.1263
11997,1151.2225,2195.8659,586.0043,866.2605
11998,1092.2341,836.3643,1082.6692,366.8747
11999,1996.5125,2588.2236,684.402,1005.4541
12000,1474.265,2974.315,721.0527,1235.2911
12001,1046.0559,1377.1921,368.3646,553.9424
12002,2173.207,4244.8365,937.9725,1715.2501
12003,2040.2519,1624.4255,432.4837,624.018
12004,2894.4805,3245.6903,926.0785,1279.3726
12005,1902.5048,3211.0158,779.8346,1203.0625
12006,2247.8498,3130.8782,835.9571,1243.0622
12007,689.8288,816.5129,215.3578,1020.7767
12008,2245.4091,4340.0626,1011.2133,1683.6727
12009,811.5128,1258.55,323.3741,507.2759
12010,1772.3024,1502.8003,361.5398,581.5746
12011,3040.367,3458.1653,743.216,1424.1909
12012,755.389,1207.7118,308.1042,464.7145
12013,793.0156,587.4708,163.5122,244.7759
12014,3180.8226,4168.2315,1241.3512,1624.677
12015,771.0726,1583.7114,340.7054,638.2796
12016,2049.2404,1567.7075,333.189,650.3449
12017,1809.1049,2396.313,609.2396,982.7313
12018,106.0648,155.9011,34.7565,62.7368
12019,22.29,32.0595,9.617,13.3989
12020,3007.7576,4936.8604,1072.0441,2020.4354
12021,1406.564,2231.9912,535.4059,845.0366
12022,350.1265,388.3845,104.5599,146.5768
12023,1407.6625,1068.5956,274.868,434.058
12024,295.5699,316.7349,86.9699,117.2673
12025,274.4353,256.2167,60.016,104.5355
12026,28.031,35.2715,9.0201,13.9622
12027,1503.3465,1839.2284,465.0443,790.8818
12028,602.8474,513.6824,140.6979,216.1573
12029,1133.635,959.0547,233.6316,376.9836
12030,121.9095,88.0562,21.8208,35.167
12031,1738.0059,2778.2615,634.6743,1088.0923
12032,2368.0994,1938.93,461.1132,720.1303
12033,2884.5436,3510.2623,973.8599,1317.4711
12034,2786.1636,4804.5098,1250.3855,2080.2857
12035,2361.5966,3615.2413,933.8606,1465.2214
12036,2617.959,2601.3364,779.1395,971.5075
12037,2982.6301,5472.2147,1217.8749,2263.23
12038,865.5913,950.7772,215.9695,371.0428
12039,2774.5328,2820.1579,712.16,1048.6445
12040,2591.8832,2493.0523,620.8306,1017.0512
12041,21.7,16.7027,3.8599,6.7886
12042,809.9409,1610.8431,380.1512,639.295
12043,2547.4125,4903.7732,1392.2755,1867.807
12044,1188.2897,1807.6173,453.11,694.3782
12045,2569.2522,3041.1424,844.7037,1281.7284
12046,3127.6704,4184.6118,1276.7383,1775.0093
12047,2140.9475,2128.6971,498.1958,841.6488
12048,456.5162,625.089,139.1152,246.2346
12049,40.9249,72.246,16.0248,30.4064
12050,2984.6348,3941.3396,931.7895,4533.5113
12051,1941.4383,3961.6832,973.5908,1593.2371
12052,2316.2969,2659.7553,694.9464,1070.4333
12053,1847.3088,3145.5781,946.244,1334.9669
12054,2764.6377,3709.7166,854.0484,1560.7906
12055,620.5608,601.1164,130.726,259.6144
12056,405.8283,826.894,227.9501,352.5625
12057,862.2696,831.7525,176.4314,327.2673
12058,258.902,494.0762,123.4871,200.9237
12059,1792.5755,1525.353,346.5516,604.7535
12060,1585.0919,3070.3681,722.7211,3876.7118
12061,430.4256,853.0386,228.0336,336.4108
12062,395.4675,381.3512,92.5136,163.1243
12063,2967.089,6054.5226,1772.4238,2389.2373
12064,894.5028,1205.0663,312.7131,489.7719
12065,553.9219,789.6244,182.7545,301.6028
12066,1709.231,1288.6909,323.0314,1498.2697
12067,2183.4916,3845.4089,933.5465,1604.192
12068,3167.999,2823.7319,702.1882,1142.3305
12069,1374.2546,2285.2218,559.0971,2887.0173
12070,827.0055,910.0131,204.0597,339.2082
12071,276.1416,484.1749,108.8397,180.1949
12072,2523.0663,2395.6778,561.7216,1010.5767
12073,1923.1963,1710.4415,401.3603,686.2131
12074,5.0705,3.8874,1.0045,1.5316
12075,857.871,1211.7502,290.8542,509.4514
12076,297.6292,412.7988,92.0439,166.1992
12077,2497.1446,2443.8675,652.8835,1014.1223
12078,2664.523,5226.0457,1073.5323,2057.6357
12079,2719.4101,2986.669,754.4716,1161.8727
12080,1910.6225,1454.0696,368.9621,572.6839
12081,572.0861,1021.2678,255.6188,435.1951
12082,1995.4908,2882.7517,757.9356,1115.625
12083,198.9503,387.9803,88.1575,147.3564
12084,2223.0136,2194.9482,655.6684,801.5891
12085,1432.2885,2771.2573,668.1565,1086.4037
12086,1592.3334,1936.0245,3036.5059,801.0349
12087,572.1264,767.3008,169.6731,299.7877
12088,563.6044,702.6421,164.7662,264.7881
12089,1967.4113,2596.6526,754.3007,1100.7772
12090,622.679,939.3308,222.0539,382.9365
12091,822.3957,1119.2858,299.9699,436.8198
12092,650.418,1224.4761,288.2187,480.3008
12093,335.3068,548.7832,144.7504,217.0434
12094,321.9918,496.1258,126.1384,202.239
12095,1566.483,1654.5718,545.7636,663.1341
12096,1130.1655,2056.3757,478.4135,807.249
12097,1919.0601,3777.8352,841.8831,1563.886
12098,1751.7985,3090.2098,799.5431,1198.4647
12099,1429.3187,2528.9547,612.3584,1007.1927
12100,2149.8927,2181.917,509.1586,854.7771
12101,795.3835,1452.6142,367.5189,592.9477
12102,1426.8158,2529.404,573.8598,990.5939
12103,1686.6697,2409.8253,527.9565,949.907
12104,1164.4173,1578.7992,462.379,635.1039
12105,383.9963,323.044,91.9135,125.031
12106,1256.2133,1750.1383,435.8608,686.9596
12107,986.6504,1948.9371,573.5749,784.1279
12108,427.685,707.7913,164.9028,277.7554
12109,461.3147,405.7424,105.1188,160.3245
12110,2004.7853,3444.655,870.4239,1290.4436
12111,2707.5407,2857.212,3787.4408,1085.5123
12112,2439.0827,1930.0782,483.576,709.6629
12113,1701.1031,2708.5362,740.399,1135.1345
12114,193.4767,385.5912,122.7752,166.0855
12115,2881.6826,3843.7004,879.7389,1530.1857
12116,1174.0199,898.4916,240.7983,367.9339
12117,2269.2067,3557.2259,793.4999,1394.4456
12118,310.7487,510.9658,108.9744,208.864
12119,600.6807,991.7793,243.2221,404.5134
12120,1622.1253,2518.823,3886.0649,1022.8513
12121,815.0593,687.3511,178.9569,266.3049
12122,2511.0434,4698.1589,1185.3251,1963.7124
12123,1193.6819,1629.1243,494.8287,673.481
12124,774.2439,1369.7085,294.2875,531.5852
12125,2183.9367,3631.6762,910.9546,1524.0169
12126,661.6669,797.0509,198.0935,316.2069
12127,1290.6921,2390.7903,616.7432,990.3305
12128,2951.6455,3430.3911,898.826,1426.4323
12129,837.4032,1359.1587,281.3395,535.2685
12130,728.8094,718.5307,187.3994,300.8477
12131,2269.1353,2576.429,564.417,981.4613
12132,1849.0302,3679.5679,835.2882,1483.0836
12133,1526.1435,1484.4965,347.4131,592.6325
12134,1014.7486,1259.1869,280.1407,512.8094
12135,75.1769,74.7316,19.3822,31.2255
12136,1783.5693,3382.0643,5048.2302,1428.741
12137,2573.7613,1913.5319,460.9745,704.7341
12138,1741.5529,2488.8257,635.1557,923.0557
12139,2415.1479,3292.1309,826.7937,1314.887
12140,2368.453,4295.7962,1109.5127,6008.0335
12141,3145.2651,4202.6418,1022.4125,1755.0849
12142,2432.4326,4205.1709,1016.0193,1599.0129
12143,1923.1057,2099.9747,462.756,866.5834
12144,3129.8214,3624.7256,1218.7643,1493.151
12145,1060.4566,771.211,201.949,303.5352
12146,2989.962,3325.4929,849.1273,1260.6896
12147,303.4934,306.9399,68.2258,122.282
12148,438.0659,690.8725,151.5838,269.5415
12149,818.7787,877.2658,208.8005,351.7848
12150,1777.4961,1697.9042,355.6997,674.2774
12151,2818.9058,2408.8073,652.9994,971.0537
12152,1209.0237,1558.5667,403.6443,626.9486
12153,2007.2659,3266.0406,813.7388,1341.9099
12154,3066.0633,5581.5929,1818.7077,2262.0112
12155,250.5698,315.8218,86.3841,127.9866
12156,3056.812,3460.5834,864.0953,1421.5754
12157,1301.6672,1612.5371,381.3288,651.1786
12158,1609.694,2172.5041,581.2664,855.193
12159,1296.7753,1123.7261,270.2744,462.7974
12160,1566.995,1588.0423,395.6519,615.3544
12161,1748.5537,3155.6551,883.0617,1262.7951
12162,2360.3903,3030.5218,728.4568,1230.264
12163,1034.0328,1104.4833,285.7202,434.0818
12164,2459.9299,4108.5532,1375.6631,1686.3351
12165,601.2019,689.7005,931.5223,266.0864
12166,2760.7048,3105.4626,884.384,1174.9998
12167,2402.9219,3208.8366,925.1854,1334.3222
12168,243.5387,295.715,75.5743,121.6314
12169,278.7033,394.3234,85.1744,157.8036
12170,1011.4963,1997.5719,446.5123,787.7219
12171,1959.9985,3287.1819,902.8577,1443.6611
12172,1927.3776,2666.4359,656.8597,1112.7945
12173,2474.2942,3056.8984,691.6207,3929.1113
12174,2755.9449,2710.8279,649.2196,1057.8745
12175,1107.8871,1399.78,325.683,1657.3927
12176,564.6389,1132.5345,278.8163,438.5309
12177,2448.8653,3108.0941,924.0881,1345.4507
12178,615.8175,659.3956,172.6337,260.1288
12179,426.9548,675.2749,168.2526,269.5873
12180,963.957,1552.2103,406.7353,646.9662
12181,103.6581,174.0562,47.3903,65.9399
12182,2909.2039,5854.4194,1582.8093,2268.5961
12183,2967.992,2559.223,556.6484,1007.1515
12184,1091.2906,1844.7639,499.4377,703.0586
12185,2422.4425,2042.2971,436.8895,809.5023
12186,1103.6188,1518.4727,363.4811,632.8005
12187,2639.9822,2394.3454,633.9477,925.4828
12188,448.7404,433.6468,95.084,159.4858
12189,1622.7743,1566.7669,373.063,618.6942
12190,289.0608,461.0724,124.994,192.5483
12191,1205.7111,1273.7869,286.7021,516.801
12192,2121.8387,4334.6735,1065.2769,1743.6211
12193,1465.6619,2085.802,499.0033,872.0082
12194,322.7343,407.7813,104.2689,155.0488
12195,1968.0765,3417.4653,953.2942,1295.4371
12196,1107.2976,837.1005,214.2562,359.2865
12197,2516.0236,4300.0957,1042.3622,1731.2625
12198,2685.0405,2380.2868,516.0866,901.4418
12199,2595.9195,3543.0662,998.4238,1529.2773
12200,17.1246,28.1201,35.0906,11.4216
12201,1915.1796,1747.1989,453.0863,661.8954
12202,1314.48,1294.4467,307.4943,485.5439
12203,1659.1218,2979.6794,712.3548,1252.2666
12204,880.3857,1584.1572,427.3208,628.048
12205,1770.2729,1533.5617,397.7093,648.1443
12206,1904.2204,3035.5775,782.6888,1190.6528
12207,1894.4148,3850.7856,1082.4337,1671.5051
12208,2227.8769,2385.3334,552.6195,913.5782
12209,2147.3302,1998.355,476.1145,804.9691
12210,893.0353,1795.2172,427.7589,2100.7605
12211,1259.0514,2107.2007,520.3551,799.7055
12212,2900.4464,2182.2346,553.3081,823.7926
12213,129.9794,104.2163,31.7398,43.3196
12214,1526.2618,2725.3898,737.6929,1084.4492
12215,2321.9189,1882.9907,523.5661,742.3279
12216,1815.7266,2984.0411,726.0024,1171.7545
12217,115.7244,181.8776,47.8388,75.3875
12218,1344.6803,1695.2319,362.2978,727.105
12219,1539.1744,1824.9099,493.371,733.1189
12220,217.789,217.332,43.7934,86.4159
12221,2022.6613,2286.8156,571.4673,870.281
12222,525.9304,459.497,101.1459,172.8874
12223,502.936,833.02,189.4575,342.9754
12224,2423.3409,4948.8064,1184.7305,2053.2702
12225,214.0866,419.5328,94.0489,165.6446
12226,1511.7199,1205.2629,295.176,505.279
12227,2297.3119,4447.5015,1084.5094,1705.1275
12228,3120.2464,5049.3856,1171.6578,2010.1348
12229,2363.967,1713.8607,545.0018,684.3287
12230,751.2232,1313.5418,294.1882,1507.8924
12231,1052.9481,1139.9233,288.2413,489.1016
12232,741.0558,1361.2523,330.839,549.0604
12233,2713.0401,3378.1318,858.9373,1289.8032
12234,202.0516,368.4456,90.9754,147.4317
12235,134.0588,248.4205,63.679,97.3623
12236,2823.7457,3310.6531,781.1957,1321.7817
12237,1118.0494,1856.5064,447.3261,721.1369
12238,3046.9146,4581.2528,1104.9014,1875.6015
12239,272.6744,468.2494,130.2587,179.8651
12240,1542.3751,2094.0597,476.7592,826.3691
12241,2059.5763,1805.7837,493.0834,674.092
12242,2162.2325,3588.8681,877.9736,1421.422
12243,347.7293,397.1372,91.9331,165.6277
12244,2893.0709,2982.8451,662.7264,1122.591
12245,2354.0253,4043.8609,1031.7647,1713.0517
12246,1872.83,2935.4969,744.3096,1162.0572
12247,615.6111,776.9216,177.7292,316.8819
12248,2063.9999,2104.6076,555.8304,838.6621
12249,2108.1624,1967.4001,515.0433,800.5616
12250,997.0255,1209.6161,293.7917,518.8512
12251,160.3774,260.0942,69.2443,101.6038
12252,488.2543,693.2372,161.2391,280.1345
12253,2290.5444,4275.3079,1319.5557,1741.5649
12254,2691.0836,2357.9022,495.1094,923.1868
12255,3157.6165,4858.1485,1210.7308,1978.9482
12256,1986.0702,3242.2088,775.1685,1240.6293
12257,2929.8601,3554.7121,761.9519,1458.3804
12258,2402.8934,4578.3514,1098.4176,1804.1888
12259,3023.6756,2610.1363,653.3179,998.5253
12260,2690.5759,4646.924,1080.4835,1861.2953
12261,1778.7068,1968.1291,544.7528,839.9002
12262,207.5782,317.9354,82.8441,129.2214
12263,1896.4204,1865.2183,498.1409,752.7396
12264,2569.8961,4323.9254,1097.0411,1675.9836
12265,3184.4177,6493.0081,1954.7669,2596.2597
12266,3156.7119,4999.5939,1250.8627,1985.1995
12267,1939.7775,2407.0481,536.576,982.7578
12268,1214.6596,1482.7212,377.4192,601.0496
12269,748.5847,1268.9823,293.2729,481.8914
12270,2374.1996,3641.5932,835.5299,1517.7255
12271,460.0361,705.975,180.7981,283.1883
12272,2220.1745,3243.2327,836.1755,1364.1932
12273,2738.5901,2553.4997,657.2607,1004.4928
12274,3120.006,5467.6225,1545.1214,2315.0659
12275,1976.235,3435.1455,897.7864,1398.6381
12276,77.4762,71.6616,20.2149,28.8789
12277,2636.4014,5048.3305,1089.5702,2121.4648
12278,2465.5718,4438.7157,1158.4854,1820.4565
12279,596.0865,755.4766,182.4185,308.1441
12280,1943.2638,2307.7792,576.7699,905.3094
12281,2805.5846,3054.6192,811.9043,1299.7638
12282,79.074,135.9525,32.7373,54.6829
12283,2849.0036,2109.0178,500.9138,811.3796
12284,491.2298,447.764,104.6018,181.1115
12285,1468.6012,1613.3148,401.6457,671.9541
12286,2648.4749,2298.6067,548.6224,926.9107
12287,13.7566,10.4262,2.4224,4.2621
12288,993.132,1298.8825,231.3479,521.943
12289,1535.6474,1953.3811,452.8836,800.5429
12290,2726.7959,5299.756,1302.4344,2077.5455
12291,1232.318,2006.1117,479.919,823.0597
12292,2710.0462,4866.8833,1231.0668,1969.9809
12293,1471.0321,1115.8596,327.797,438.1617
12294,888.7433,1095.1103,318.5877,458.9556
12295,1218.8364,2322.233,522.5595,886.5905
12296,928.6975,1848.3791,484.6433,770.4086
12297,2777.0894,3971.1412,924.6646,1590.8903
12298,1129.5944,2311.6797,631.1568,917.2492
12299,130.1236,130.4939,32.9039,52.8035
12300,2008.6051,2935.3125,870.3771,1307.6918
12301,2650.8883,2430.957,557.8795,977.2219
12302,2131.7003,3865.4964,1074.2551,1512.9051
12303,2370.0492,4143.8249,941.9141,1626.7959
12304,2798.3636,2889.2209,768.6173,1211.8483
12305,2422.2166,2533.7654,782.8172,1103.9864
12306,1714.3078,2019.7628,539.1334,771.994
12307,2851.7836,5292.3214,1314.9178,2131.1227
12308,3104.0047,6353.7587,1480.7694,2500.0993
12309,1142.0839,823.3876,170.2014,334.3879
12310,1788.4931,2134.8916,501.2228,862.177
12311,2535.212,2618.042,730.0744,979.3781
12312,2893.0403,4645.9796,1362.7278,1789.2961
12313,1306.8749,2679.7774,649.4062,1021.3445
12314,1297.1453,1451.3023,444.7883,560.1559
12315,233.4352,168.4691,41.992,68.7921
12316,3170.5784,6380.2912,1914.2641,2604.4361
12317,2153.8099,3184.2462,713.114,1248.3809
12318,872.9336,1446.3365,328.7992,587.5437
12319,1905.9134,2145.1086,559.3181,849.7037
12320,1274.5945,2306.7555,612.274,926.4473
12321,994.0714,1151.9675,334.0838,447.365
12322,46.7086,73.8425,17.048,29.0625
12323,2953.0762,4822.0736,1289.19,1901.102
12324,3208.7426,4469.1268,1131.055,1794.9033
12325,1295.5583,1381.4448,315.8389,545.0518
12326,1300.9781,1950.2763,532.8906,813.27
12327,655.1962,494.7536,129.3829,200.3777
12328,2827.7684,5722.7059,1298.7545,2332.5261
12329,3072.658,3574.1209,967.2429,1518.2419
12330,184.4983,159.0129,39.7897,62.8161
12331,2515.5198,4912.0987,1169.5335,1931.7045
12332,1128.5062,1797.9337,447.9891,740.7585
12333,1398.0701,1119.4152,282.559,459.3076
12334,348.877,352.8563,104.4428,148.0254
12335,2750.96,2312.5898,549.469,898.1525
12336,2509.7922,4173.6595,1011.2251,1601.2155
12337,1675.9221,3217.3518,730.605,1251.2388
12338,1647.151,2222.924,519.3186,863.4142
12339,2865.4681,5548.8169,1277.4963,2159.4053
12340,2487.2806,3910.4783,998.6967,1503.5238
12341,2185.5331,3565.09,796.3477,1375.8139
12342,1529.6992,2725.399,4088.0539,1072.8241
12343,2805.6593,2011.0318,508.9041,826.0911
12344,1702.3361,2213.863,606.2577,876.9933
12345,1296.2289,1979.3073,485.3768,796.5407
12346,681.7041,809.838,206.0836,339.2294
12347,199.6396,171.0393,46.0701,66.1532
12348,768.9455,1215.5832,303.2737,485.5831
12349,247.424,217.8428,58.5389,84.5863
12350,1727.9027,3355.6606,968.4923,1348.0296
12351,359.638,638.0461,185.4865,264.4346
12352,1610.4802,2998.002,702.2923,1231.7977
12353,867.425,1036.9882,252.2144,415.1303
12354,1613.4495,1831.5412,418.8928,731.6087
12355,835.6273,1204.6205,362.3818,494.997
12356,301.2444,604.0593,157.8782,229.798
12357,2157.9698,3176.7792,724.6499,1331.6982
12358,566.9758,1143.8189,308.3431,489.5029
12359,1631.4656,2569.3294,729.0276,3322.3188
12360,2010.6211,2049.5948,515.2131,2620.2734
12361,1903.6838,2974.1053,916.3654,1209.6294
12362,289.467,446.3163,116.7668,180.6498
12363,1011.8033,1225.58,315.523,478.4004
12364,2754.4942,2063.6196,555.1809,793.7576
12365,2842.6419,4587.8054,1068.9499,1839.9809
12366,872.7759,1779.197,441.6344,684.4839
12367,1636.0826,3210.3764,785.0738,1296.4317
12368,1172.3736,2028.7198,518.3728,812.2088
12369,429.9316,869.7511,229.4828,327.7366
12370,2960.0122,3382.0045,771.596,1314.782
12371,2228.9546,2786.2306,619.1448,1074.0306
12372,1314.6953,1285.1739,355.9415,525.9169
12373,1737.9898,2077.5169,652.7449,798.2138
12374,2749.6202,4069.7363,1092.5614,1547.3467
12375,707.7517,1137.6155,284.2851,440.2241
12376,1566.449,1640.005,399.9774,645.8781
12377,2555.2444,1848.1283,493.1609,763.2811
12378,2213.152,3452.0831,928.9595,1395.367
12379,1791.626,3354.0066,889.1351,1335.3259
12380,1135.6147,1326.7023,361.177,540.3115
12381,556.6163,891.6377,238.5487,350.5658
12382,2036.6276,3220.7771,835.5204,1288.2771
12383,2853.3371,5263.4129,1995.2133,2082.932
12384,1640.51,2973.3454,989.262,1190.9329
12385,2933.2297,5450.4693,1352.6717,2093.7679
12386,1090.4941,2182.9512,586.1686,873.6913
12387,950.8957,1095.1817,296.0656,435.7646
12388,735.28,1290.3853,431.5522,491.5106
12389,2806.166,5400.7049,1567.4816,2198.8929
12390,1691.1277,2556.6773,667.2471,1102.8163
12391,1401.9199,1489.3873,356.0874,614.0889
12392,103.4638,201.982,54.2336,85.2786
12393,43.9107,72.8996,18.9395,28.532
12394,2730.2316,3796.9146,984.5934,4048.979
12395,2646.9517,2217.1712,503.7491,854.2994
12396,64.3244,112.779,27.9437,44.8214
12397,774.0315,782.206,203.9027,292.702
12398,136.0995,265.7655,62.4095,98.6867
12399,1815.8331,3126.051,767.935,1257.3457
12400,1527.9781,2866.0618,606.1357,1231.8147
12401,2317.6474,3025.0024,726.2801,1185.8226
12402,212.5978,384.5843,96.1752,151.3544
12403,1252.0477,1785.7066,425.5086,702.8181
12404,1496.4511,1716.934,339.2404,676.8239
12405,2307.9645,3021.7657,707.8423,1155.49
12406,767.7429,943.4199,252.4651,360.696
12407,1653.0751,1411.4595,385.6837,584.3303
12408,1285.7493,1327.8838,340.653,517.4613
12409,1294.1229,1673.9616,446.0239,679.3953
12410,1115.898,963.1574,221.7503,391.2389
12411,2568.4126,4850.8128,1106.9752,1855.6692
12412,59.4964,112.7347,161.495,44.4111
12413,1335.8139,1240.0126,329.7332,469.9053
12414,2334.7152,4491.2948,1226.2974,1972.4974
12415,2977.4595,2357.7846,555.3714,2874.1092
12416,2079.8309,3799.58,1103.7446,1542.8736
12417,1765.3126,2136.3695,504.0107,844.493
12418,1575.5717,2667.5881,632.4828,1085.2373
12419,2465.4641,4294.9777,1426.2842,1741.797
12420,1789.4877,2807.3683,772.4417,1200.7161
12421,423.6269,403.9222,114.4935,161.633
12422,1514.4713,1495.4471,357.8593,591.787
12423,2443.938,3420.0505,761.8973,1352.5173
12424,2323.4894,4740.0662,1160.96,1821.7881
12425,1354.9179,2344.8291,576.9904,894.2167
12426,894.3078,1373.6616,2062.0407,542.6711
12427,2426.6031,1979.966,511.2987,765.4845
12428,577.8477,876.9331,250.8807,386.5257
12429,2046.5112,2542.994,605.3672,1020.047
12430,2510.7848,3426.756,914.6355,1439.0122
12431,1813.7597,2800.3171,625.1453,1080.847
12432,2110.2935,2725.7895,731.473,1142.1483
12433,1845.8417,3612.6465,916.2289,1500.2224
12434,1549.3011,3135.8754,794.6387,1234.4478
12435,1680.5374,3301.7353,747.8171,1394.1559
12436,2345.0128,3555.5096,945.9276,1398.9207
12437,3119.1778,3536.6259,878.0146,1463.5953
12438,2714.0592,2613.8277,602.9907,1039.5675
12439,1690.3076,2727.8528,4231.0223,1142.4632
12440,2062.0479,4172.6483,1164.9661,1726.3985
12441,1008.6161,804.0568,217.025,330.2639
12442,2578.6848,2183.4766,511.8314,868.0443
12443,146.3919,280.4256,69.7163,110.548
12444,1585.8534,2240.6609,580.8994,902.9507
12445,2475.0081,2093.6212,526.0297,890.2419
12446,2574.2836,3155.053,814.658,1348.7011
12447,2224.8782,3290.5565,888.3979,1414.6964
12448,1020.3797,1114.2141,238.2173,470.6957
12449,2649.0885,2001.9682,457.5705,805.1508
12450,558.8839,745.8576,240.907,313.3872
12451,329.4597,670.2008,157.1397,272.3421
12452,1122.1692,1811.886,411.8229,742.2486
12453,2661.4487,5447.3617,1466.8809,2091.9467
12454,1392.2726,2655.0134,653.3425,1073.5368
12455,1102.1606,1161.3469,308.1963,439.528
12456,2224.9211,2947.5047,757.6849,1259.851
12457,1966.9781,3465.3949,858.8124,1396.0992
12458,393.8197,626.5532,183.6743,258.8438
12459,537.4271,1021.3258,235.0627,389.4081
12460,2398.9733,2703.613,600.4764,1072.3827
12461,2845.2005,3578.8881,945.5932,4188.1622
12462,2113.7644,2626.79,645.6382,1098.5104
12463,2279.1517,3051.7171,662.7284,1274.8627
12464,1888.3559,3405.9026,1003.7865,1381.8976
12465,321.0471,477.5754,110.9191,191.345
12466,1401.9318,1382.913,365.5716,569.7368
12467,1868.7185,3203.5911,796.7899,1287.1909
12468,213.2415,385.3156,104.9795,151.3639
12469,2779.4933,2315.9071,589.7426,917.9977
12470,609.8958,1050.3,258.3496,441.3203
12471,46.9778,74.5445,17.7152,29.6946
12472,2770.1776,5365.3335,1436.9679,2106.8274
12473,2777.6079,2772.5008,569.7379,1142.7748
12474,2205.562,2624.5828,600.4838,993.4866
12475,779.0082,728.2989,211.0062,277.6316
12476,375.1918,611.944,139.9772,239.3074
12477,1921.9211,1962.4924,489.0502,769.9674
12478,840.5105,999.1586,306.7033,405.7344
12479,2198.5592,2233.9732,613.1207,889.8289
12480,594.2534,842.556,197.807,328.8398
12481,694.9235,673.1324,170.9674,264.2241
12482,170.2539,277.1559,66.8959,105.5687
12483,1916.6714,3818.1758,1231.6011,1654.7922
12484,1.2301,0.928,0.2069,0.3661
12485,1229.1623,1894.1046,475.6735,734.0307
12486,2438.9654,4823.9296,1129.1699,1903.1224
12487,2138.1675,3347.9524,869.3984,1349.9582
12488,2857.8983,5751.4043,1120.7865,7968.7005
12489,1371.9023,2054.0179,533.0278,838.4443
12490,209.7637,242.1674,63.544,93.9957
12491,344.3552,555.4313,165.6906,233.1045
12492,2264.4329,4363.178,1289.2554,1708.1956
12493,762.4582,772.689,205.9997,331.828
12494,1982.0515,2191.5745,570.8511,877.724
12495,354.1742,429.4218,113.052,172.7329
12496,3198.2949,5440.1038,1357.5154,2115.7228
12497,1478.4298,2356.4298,747.5696,891.5019
12498,224.1953,304.076,74.9432,113.8545
12499,763.1318,1125.7354,270.9259,472.062
12500,658.8422,940.0894,274.3817,378.2285
12501,2981.8543,3648.608,1060.7432,1490.864
12502,266.4066,528.2908,136.3245,215.5336
12503,120.7153,242.4821,57.0208,106.0273
12504,327.8102,325.209,71.8699,127.9458
12505,2820.1292,2644.7386,684.1027,1048.3056
12506,715.0061,1417.9134,328.9487,580.6333
12507,2498.075,2656.0158,666.3566,1070.8209
12508,1676.9294,1281.3838,293.2563,500.5943
12509,2477.7166,4706.8388,1087.1733,1808.2688
12510,34.2776,56.9874,14.1572,21.925
12511,788.9176,1364.8242,386.8129,564.4864
12512,1684.4832,1493.8034,395.8663,655.317
12513,667.2754,648.508,157.8306,270.9432
12514,30.9809,49.6075,10.9377,20.0227
12515,817.2604,1057.3005,266.7678,410.8233
12516,2299.7087,3448.141,876.4297,1330.8626
12517,3138.0814,5389.2978,1263.7586,1997.6887
12518,2495.936,3824.7983,877.862,1470.9016
12519,169.5636,178.6988,45.8641,71.8152
12520,1222.5282,1455.1538,434.3072,565.0067
12521,1900.3739,3787.6472,904.834,1551.4501
12522,1715.2914,2847.9958,648.5595,1092.0438
12523,485.3043,985.7978,278.952,386.2988
12524,183.4182,278.4171,65.0154,106.4807
12525,2554.5236,4782.5898,1045.6929,1958.4436
12526,1641.5538,1856.1664,444.8071,667.2755
12527,2979.7626,2131.9686,540.9211,892.6784
12528,996.7843,879.7814,1284.3344,341.5199
12529,770.9068,840.0645,198.5995,344.8149
12530,2688.2287,3695.9752,890.8597,1469.3421
12531,1632.9569,3331.6897,932.1635,1317.7614
12532,427.155,565.2737,151.88,228.6641
12533,522.8842,615.0723,178.8001,233.6889
12534,913.2381,985.8473,251.7662,379.5258
12535,695.1587,573.6744,145.7313,237.0806
12536,1486.3993,1401.7052,333.2042,542.6241
12537,679.9007,1142.9851,299.5551,470.4653
12538,1577.6028,1813.7411,528.3153,736.5748
12539,2348.5272,2194.2937,591.6177,2609.393
12540,1857.6334,2748.9067,687.0534,1058.1917
12541,1335.0032,963.9467,309.1667,381.5396
12542,1233.3763,1351.7752,379.9648,517.7952
12543,212.5667,371.619,101.2807,145.1117
12544,2357.1081,3167.6346,717.3235,1198.9979
12545,2927.0397,5269.5206,1123.9855,6479.7976
12546,1854.2574,1675.8902,520.1352,660.1544
12547,3098.1778,4358.746,1076.8933,1770.1778
12548,950.1837,871.8831,199.9264,358.4964
12549,1209.9293,2294.3797,501.5792,2757.6202
12550,1230.9998,2464.4676,3143.3028,941.611
12551,250.0924,282.3585,83.6721,113.1184
12552,1954.8742,1915.247,448.9901,753.3382
12553,352.5728,377.4859,108.2587,150.071
12554,184.6936,251.1126,65.2989,98.1501
12555,89.064,123.3209,30.0802,51.0572
12556,2335.3903,4711.1997,1133.4249,1800.9802
12557,1207.0027,1204.7209,274.7343,472.0034
12558,2206.6503,1647.6933,427.3089,666.5412
12559,968.3831,700.6788,181.4388,260.0835
12560,1474.8047,2446.9819,602.8635,1056.7963
12561,1504.0609,1828.2088,364.0549,719.9255
12562,1593.6044,2581.0786,682.1321,961.8758
12563,1025.4407,790.2716,185.0338,328.6634
12564,2851.9603,3310.9296,819.087,1411.9687
12565,3005.1754,3425.7301,789.2904,1372.942
12566,2630.0756,2534.3624,583.3073,1008.1798
12567,1818.1408,2086.6657,678.8665,884.7653
12568,604.6675,836.3428,205.3311,320.7964
12569,3130.646,2310.5309,543.8122,892.4461
12570,401.2639,536.888,143.5807,207.9211
12571,2985.567,2144.4818,690.188,870.9772
12572,1700.2486,2450.1202,560.6031,968.6302
12573,2418.6431,2455.274,668.4158,947.4205
12574,5.8875,9.938,2.3993,4.0395
12575,2571.3969,5030.8974,1022.5091,1970.5811
12576,2035.4208,3647.7221,815.5328,1542.2224
12577,1292.8857,2107.7919,559.3027,803.1097
12578,2921.7785,3342.3251,753.4038,1337.0115
12579,952.7659,1565.803,396.461,628.6414
12580,1439.1015,2253.4837,498.5037,881.9951
12581,2060.2572,3661.9278,900.7986,1382.1437
12582,1199.9979,2148.9014,590.1121,852.9861
12583,634.9048,886.2389,224.7575,331.9014
12584,2207.5205,1642.3562,448.4196,685.0852
12585,1326.8143,2523.8939,673.5524,1024.159
12586,2699.0298,4719.0534,1125.9938,1918.1178
12587,2405.3839,4350.1428,1195.2166,1806.4259
12588,3170.2003,3728.396,988.3553,1430.7615
12589,1914.466,1496.9671,291.9612,559.1252
12590,697.6777,1048.1514,254.1554,431.6101
12591,2852.3957,3781.3526,1129.2796,1558.5656
12592,2962.767,4926.3345,1490.0804,2005.7222
12593,2751.4735,2901.4744,818.0667,1206.9208
12594,1606.1804,3231.0826,844.976,1284.7663
12595,457.7647,790.6071,225.373,319.7811
12596,1463.2351,2225.8951,526.6161,898.5905
12597,1200.7664,1532.3662,436.0711,592.4388
12598,776.1385,849.5041,272.2452,327.4338
12599,506.9517,688.9042,189.1127,267.4699
12600,884.2285,643.2271,165.4344,257.3071
12601,155.8455,112.2895,27.2164,47.7449
12602,691.0914,828.6532,190.899,313.9583
12603,2580.0036,4816.1608,1340.001,1940.8041
12604,3101.4725,3326.3327,761.9943,1338.9544
12605,1241.3409,1672.2394,453.1435,641.4878
12606,1191.8823,2214.2296,686.7178,885.6581
12607,2560.3579,4185.9341,1173.2118,1584.7379
12608,2955.0188,4842.7522,1155.4611,1834.771
12609,2868.9655,2652.757,738.4848,1048.1524
12610,1004.2161,1545.8828,442.5972,657.4318
12611,1202.0871,1780.4593,398.5551,2258.7346
12612,2710.7772,2629.7684,633.2665,1061.6941
12613,760.4454,845.1649,232.8291,352.4247
12614,2310.896,3599.0452,923.6883,1445.3344
12615,770.9855,919.8669,203.7651,373.4199
12616,617.0155,1160.2136,323.6649,469.0386
12617,2615.796,4530.32,1074.564,1810.8399
12618,1906.5147,3008.3437,741.2974,1226.5682
12619,2898.3378,4749.6586,1115.5598,2044.0755
12620,50.1877,43.5782,12.0043,16.2337
12621,1101.5527,1261.9421,328.2239,526.7264
12622,1342.28,1597.5703,395.8306,662.7328
12623,347.948,624.7122,142.9379,254.3026
12624,1095.6026,1318.0093,298.2751,511.229
12625,2166.4074,3489.5515,979.9722,1352.6744
12626,2898.2302,3172.8154,861.5277,1276.5905
12627,898.8488,1410.8134,275.9197,551.4098
12628,55.2371,81.5158,20.2876,34.722
12629,1356.8919,2378.7094,512.9968,898.9096
12630,3053.7474,4994.3231,1128.8072,2234.6441
12631,2148.1002,1880.8413,442.9489,746.3403
12632,385.2896,401.8333,103.4703,170.6146
12633,1069.2349,1425.4502,348.002,575.0019
12634,747.0427,858.7563,210.1153,347.7291
12635,1695.6335,3277.9524,808.6358,1405.7886
12636,1363.3641,2637.0782,736.9035,1016.741
12637,650.8966,756.5004,179.0044,303.8498
12638,2891.3922,4469.1659,1285.3145,1908.3165
12639,3070.488,4866.0339,1067.0866,1895.5113
12640,1485.2239,1614.6838,419.6564,698.7575
12641,1246.5796,1196.2259,1539.8009,462.9723
12642,1140.8977,1471.2335,360.9326,581.6447
12643,3184.9205,2682.0848,589.3666,1100.1743
12644,2956.7324,4180.9271,1026.0935,1525.7535
12645,2350.9913,2607.3029,561.7901,994.1938
12646,2853.5721,3705.5401,1255.373,1474.7618
12647,1006.3015,1475.4566,383.3401,635.184
12648,588.5876,1053.8844,302.2606,429.0095
12649,845.8928,1457.6927,381.1479,605.2709
12650,3192.4936,3317.0941,780.8675,1302.2054
12651,2301.9096,2552.7421,684.5365,990.6077
12652,1330.3861,1880.3616,451.9371,754.2508
12653,2976.7692,3260.6545,868.1319,1314.5491
12654,2299.3186,3530.8016,919.316,1316.974
12655,444.8825,738.0681,197.1804,294.4591
12656,1800.1383,1505.7701,406.9072,616.258
12657,1321.8484,2709.4421,724.698,1034.1296
12658,839.4684,1232.0334,319.9121,494.53
12659,2186.6602,3637.3239,716.8685,1474.1311
12660,1314.882,1627.8037,406.3661,621.2224
12661,2339.1329,3483.869,973.5396,1390.8109
12662,1287.0536,2178.636,535.2691,882.2707
12663,948.6911,1613.1036,409.9215,648.4343
12664,2433.8041,4722.9656,1159.8522,1991.6307
12665,1670.9942,1421.2438,385.4002,524.7287
12666,356.0235,420.8833,102.1748,169.5717
12667,1557.0092,2890.0588,975.2578,1103.9832
12668,1547.6495,1632.5839,385.7425,632.2681
12669,1576.4111,1361.9475,392.4718,560.726
12670,2081.4381,1541.3,370.6195,606.3925
12671,52.981,63.5534,16.0649,24.012
12672,1078.8117,1455.2042,361.1032,583.0173
12673,3154.0535,2909.1785,760.6233,1218.7391
12674,3152.0799,5697.4635,1638.0201,2347.3697
12675,998.7304,1102.1202,270.8782,429.6166
12676,706.6776,986.4425,227.4123,411.2106
12677,2894.7974,4109.4389,1123.7312,1521.0364
12678,437.9296,465.9181,112.3406,178.0651
12679,2482.732,3657.7741,833.4821,1408.6681
12680,483.3088,636.3274,151.4067,258.2735
12681,825.3719,1608.7615,406.1551,666.6337
12682,1126.3648,2069.2644,483.9084,819.7981
12683,2857.243,5157.7672,1317.3219,1959.8395
12684,2271.119,2284.0045,567.3801,862.8561
12685,2499.3636,5132.9733,1369.5829,2172.0521
12686,1116.0037,913.7996,259.9771,366.0341
12687,45.8876,88.376,24.0912,33.8278
12688,1289.83,1165.3867,277.2634,464.3685
12689,2722.2389,3150.667,880.3014,1240.6275
12690,1215.8541,1393.3261,360.4082,578.5115
12691,1293.3596,2361.3741,620.9825,954.0378
12692,729.1667,1369.3185,384.5725,1727.5173
12693,715.6924,974.9977,235.2892,405.3991
12694,1777.1214,2504.5164,685.5344,991.4913
12695,1336.2537,2267.9572,599.2625,900.423
12696,1357.7363,1411.9962,319.0852,546.5803
12697,2743.8372,2028.2183,560.7212,819.7511
12698,618.6369,801.5736,171.8127,295.1036
12699,25.1376,40.8155,9.6557,17.0097
12700,1957.6759,3572.0716,1093.9447,1391.5202
12701,538.3193,754.7269,194.3059,314.3314
12702,921.8671,1626.4515,460.5363,659.2389
12703,1080.8323,2164.7216,513.2172,898.3591
12704,3157.5618,5734.6121,1462.4884,2279.6286
12705,29.8504,26.6872,6.1282,11.2412
12706,1146.8737,1797.7539,420.1152,727.8691
12707,1093.1167,2151.8694,490.3924,926.5813
12708,34.0742,30.286,7.1948,12.4851
12709,1547.4706,2901.3353,743.4771,1104.7696
12710,1390.2016,1885.66,513.1282,762.9766
12711,1442.0987,1042.4976,267.8075,428.4474
12712,1895.1198,2054.0856,555.4724,892.175
12713,2058.7137,3556.6166,837.9645,4657.2895
12714,2180.4375,2827.227,761.8254,1085.9857
12715,1405.9916,2390.4718,644.3838,981.6305
12716,1659.6663,2339.251,570.801,908.5139
12717,1242.2961,1795.1556,418.5486,750.1206
12718,2396.6091,3545.3628,966.509,1519.4706
12719,2446.0835,2890.436,699.8572,1141.9777
12720,3063.3748,4775.4971,1216.2311,1893.3839
12721,2904.6282,2666.665,668.8514,1048.8562
12722,18.6358,22.902,5.3685,9.7373
12723,1621.8254,3247.3705,4952.0886,1406.4927
12724,1212.6363,1019.8066,268.4465,405.8729
12725,1168.084,1078.4181,237.3026,428.6185
12726,502.6136,588.3052,137.716,243.5359
12727,938.0204,1776.9478,423.3788,691.8334
12728,1081.908,1746.7526,351.2535,701.8931
12729,3209.1255,4317.1698,1044.1508,1705.8375
12730,2030.6266,2874.0769,634.7197,1055.1417
12731,2680.3709,3823.1703,1015.397,1461.9966
12732,2945.224,5187.7085,1398.6799,1964.6727
12733,421.5296,863.6936,195.1677,348.9049
12734,147.5876,169.8041,39.2812,71.7361
12735,2681.3776,3778.7926,939.6524,1543.2704
12736,2052.8932,3802.7702,806.3414,1439.4674
12737,3180.2917,4987.1862,1139.1783,1955.8225
12738,1476.7753,2755.6113,675.9017,1105.4787
12739,757.6821,567.6985,142.2185,216.0185
12740,2243.3634,4146.8923,1213.7728,1588.4648
12741,100.3646,181.7429,42.9298,71.5847
12742,2869.4332,2080.6343,501.1469,776.465
12743,915.0028,1327.2842,322.5518,562.8335
12744,460.7514,622.5113,131.1592,256.4233
12745,2199.5308,3737.4338,957.6541,1462.4675
12746,2551.7828,3750.3965,747.2891,1545.2957
12747,2831.8777,3897.3398,972.352,1613.8625
12748,716.1245,1209.5187,256.1728,490.6472
12749,277.9707,319.1578,91.6059,124.9712
12750,2165.7677,2751.211,726.5757,1130.1719
12751,3185.6397,3319.5373,806.5118,1338.0703
12752,2576.3758,5147.9755,1198.0341,2098.0795
12753,1222.3131,2234.7307,574.1923,870.4872
12754,2675.5825,4366.1508,999.6443,1709.9173
12755,414.9585,640.6352,147.9694,243.8913
12756,2332.6303,1985.9384,397.8547,801.638
12757,510.5974,867.1301,205.9701,413.3193
12758,534.526,537.0735,117.7006,213.5297
12759,1433.8612,2273.5135,496.4357,2800.5955
12760,508.7378,390.987,104.2113,519.6852
12761,2138.9913,3328.1669,751.6623,1318.9077
12762,2013.745,1638.9519,396.3831,664.6139
12763,2221.9865,4188.9809,1067.9168,1654.809
12764,2718.5558,2371.8182,576.4428,940.9854
12765,1642.9774,2287.9864,557.2001,901.3143
12766,1681.9309,1526.3639,341.7796,626.9666
12767,251.5467,238.7063,56.2888,103.43
12768,654.1561,572.7676,135.5871,225.8373
12769,2572.7458,4697.2086,1274.369,1876.0769
12770,1854.9187,2249.3255,3449.4939,900.7229
12771,131.8139,199.7835,42.1933,77.8083
12772,671.5359,933.9847,210.6951,369.3477
12773,2541.6102,4361.034,1212.6706,1720.4318
12774,1955.1777,1561.8666,387.4696,668.1468
12775,233.7858,255.1535,65.1037,102.9139
12776,746.5168,1290.7864,367.7253,527.7304
12777,1122.1604,2067.1815,512.8074,852.7367
12778,1444.747,1099.4619,282.8724,459.3068
12779,1170.0409,1790.0468,437.7925,709.6244
12780,1987.5228,2372.1656,615.3449,889.816
12781,2377.3938,3365.5917,786.5574,1328.8067
12782,850.0512,1220.7618,254.1315,479.3035
12783,356.7077,685.1421,166.0702,266.9772
12784,2647.2307,2369.5115,542.6719,976.4769
12785,1283.3738,1206.2206,342.2146,511.4028
12786,1324.1038,1106.5858,306.2038,440.1378
12787,1110.6466,1776.2277,447.3904,691.9246
12788,1991.9358,1912.8721,480.345,764.4572
12789,2073.9689,2328.657,705.7388,914.4913
12790,116.3833,126.6802,26.7997,52.8527
12791,1575.3667,2842.2523,722.0433,1191.4402
12792,1895.5935,1858.4468,447.2031,692.4245
12793,2126.7154,4341.2936,1040.8644,1815.4763
12794,338.1302,266.1837,71.0876,107.9651
12795,586.91,712.0293,164.4375,265.2411
12796,870.5355,1539.7695,455.5504,622.5395
12797,2640.8708,4880.773,1226.5885,2038.7073
12798,1681.7147,1279.6747,347.5232,489.2725
12799,2761.2609,4877.9959,1150.8446,2021.0452
12800,868.3432,1589.3555,384.5289,607.1857
12801,1245.0612,2456.6998,642.9789,3020.5023
12802,421.5839,567.8755,143.177,217.53
12803,2942.0744,2148.9948,582.9527,850.4481
12804,2579.9657,2846.4961,716.1878,1090.3054
12805,1421.9659,2742.9943,683.7347,1119.5923
12806,3120.8884,4329.1453,1025.9688,1700.7716
12807,1816.8562,3649.4477,917.5587,1491.1756
12808,1169.5192,1728.9452,365.8351,666.2054
12809,837.0928,1083.8484,256.6147,386.6221
12810,2298.0491,3988.8019,1071.6327,1699.9582
12811,2312.7819,2897.9337,708.7523,1110.2868
12812,1381.6481,1381.4053,343.8527,570.9734
12813,397.963,329.0398,94.7262,132.8515
12814,1058.9166,1878.0094,579.6615,719.6889
12815,1932.6465,3882.0337,1105.7529,1658.8
12816,1815.7635,3703.1239,846.4848,1490.088
12817,50.6059,101.2817,25.1134,41.0324
12818,1053.4625,1555.4206,319.998,666.1829
12819,2125.5835,2742.2005,695.6175,1005.884
12820,436.3032,663.7212,188.573,255.4509
12821,1191.3698,1803.6942,479.9483,761.4107
12822,500.2863,791.6407,210.7368,322.827
12823,475.85,916.0637,238.9581,343.7622
12824,1953.0226,2063.6899,542.377,849.8717
12825,1054.9875,1832.1332,476.5571,701.8828
12826,1116.0532,1171.8447,313.0299,484.6257
12827,957.0406,1354.8629,315.6661,548.5831
12828,3142.4223,5179.1712,1191.3172,2059.7012
12829,2651.7718,3291.2823,826.6477,1357.6296
12830,2558.3191,3490.7801,959.4065,1406.9119
12831,2841.9299,5603.3406,1495.3248,2208.514
12832,2685.6006,4926.1253,1185.4888,1932.601
12833,2926.3729,5863.2115,1155.6526,2231.8848
12834,67.0333,125.7243,35.9353,49.6844
12835,2355.3751,2146.7339,722.6272,816.6609
12836,522.0366,804.3273,186.1587,337.8151
12837,1025.2371,983.8694,268.0314,387.0734
12838,1924.1118,1376.6423,343.5109,538.191
12839,1066.4199,1651.4006,373.3886,699.796
12840,368.8717,627.6084,181.8983,258.527
12841,1988.8052,3779.2755,989.474,1516.4835
12842,981.1761,1861.1361,442.846,2393.2881
12843,2004.7748,2770.1336,639.0461,1112.8477
12844,820.9338,1610.2442,376.4499,699.6556
12845,2219.6975,4115.5241,930.692,1600.8382
12846,3111.0577,4553.193,1290.5073,1815.0524
12847,1174.999,2015.0492,467.0238,847.9569
12848,40.5025,77.4014,18.7149,31.4238
12849,2361.3285,4679.7501,1039.1979,1752.9363
12850,2506.3232,2421.3964,536.6268,932.6796
12851,954.8293,1489.1696,370.2249,555.8122
12852,1674.4999,3438.3422,866.1349,1350.8798
12853,365.2172,391.7423,86.9237,148.9883
12854,2821.0189,5296.7249,1137.3663,2040.1393
12855,414.6813,842.1356,170.1094,345.6959
12856,1702.3429,3045.8704,747.6276,1312.767
12857,2694.684,5365.3672,1234.7586,2135.3489
12858,2779.6013,2448.7126,645.2304,880.0827
12859,1015.2592,1449.9755,355.4897,596.2958
12860,2669.639,3206.1908,911.177,1318.993
12861,2876.7682,4615.4165,938.3439,1845.4177
12862,2496.4343,2461.0442,636.0129,973.6924
12863,141.0757,175.0617,49.2369,69.7982
12864,454.1578,917.1357,231.8935,1103.6147
12865,1208.5559,1604.3571,381.1407,654.9522
12866,2007.6481,3235.2392,730.6442,1286.2695
12867,251.245,204.8051,48.6698,86.8725
12868,209.6047,191.9029,57.1935,80.2967
12869,1599.6208,1783.8641,460.9739,694.9796
12870,1066.1289,2124.191,512.1936,843.8123
12871,2765.1202,5661.3316,1274.9956,2545.1643
12872,1481.4783,2601.7767,715.4436,1033.9369
12873,2446.294,3124.1698,893.1976,1250.66
12874,1737.4612,2496.4855,626.9242,1005.8645
12875,2735.0756,4435.505,1018.5499,5703.7235
12876,1561.8465,1879.401,587.8729,724.6607
12877,783.8272,655.1549,169.3197,252.4965
12878,2100.2363,3425.1164,799.474,1416.7284
12879,835.9057,1652.2866,409.8033,694.2708
12880,1069.1497,924.9208,283.2086,398.1614
12881,1467.7936,2134.2053,503.0504,844.9163
12882,736.1565,694.7294,196.7919,274.1589
12883,260.7906,491.1412,130.3202,190.1187
12884,114.5078,149.7974,35.9459,59.7458
12885,1910.5616,2308.4368,557.3064,921.0099
12886,2441.7274,3850.8037,886.1402,1525.6439
12887,936.698,1891.5365,462.5389,816.2311
12888,3058.8361,5961.9598,1557.5866,2392.4881
12889,2590.8226,2198.4131,594.9544,873.0017
12890,3162.8568,2310.6897,544.6517,873.7007
12891,966.7248,1176.5122,293.2279,481.302
12892,2150.3922,1866.233,505.6355,760.4171
12893,2183.1246,3523.7419,4822.5905,1390.9948
12894,3197.1572,6132.0674,1546.027,2547.2271
12895,2532.1874,4160.5868,1226.751,1585.7134
12896,94.7356,128.714,40.5423,53.1952
12897,1765.0928,1397.9093,354.9106,538.6984
12898,2347.8027,4686.8463,1141.8195,1976.5867
12899,1524.7648,2767.6468,566.6552,1105.5283
12900,301.6948,419.1543,111.7295,176.0246
12901,2812.52,4598.6976,1069.2216,1787.6347
12902,2821.3781,4896.2362,1270.239,1900.6103
12903,1639.8893,1976.4311,495.4141,2296.7623
12904,415.889,353.1334,95.2361,135.4729
12905,1770.8171,2132.795,601.7865,861.8041
12906,1762.2576,2224.3276,541.4603,893.6917
12907,1629.9324,1704.2844,379.2721,670.6975
12908,2145.362,3438.9021,990.9477,1522.7872
12909,2217.8534,3607.7457,1074.769,1406.7263
12910,792.326,1359.9184,329.7707,593.028
12911,2023.8302,1994.8949,489.5563,810.6667
12912,2873.4779,2816.1919,672.8909,1165.3612
12913,2183.2497,3095.4858,694.5591,1276.8226
12914,1436.6714,2171.8031,499.6766,2648.786
12915,986.1699,1151.8425,283.4328,460.9266
12916,1354.5417,2592.396,624.46,999.7615
12917,3080.9584,6245.2984,1697.5624,2517.8814
12918,1340.1488,1935.9348,472.8751,760.3427
12919,1199.3035,2075.9623,563.1714,879.9013
12920,2653.628,3390.41,742.3786,1341.6212
12921,655.1847,867.6948,190.6479,343.3248
12922,70.8565,84.8197,24.2471,36.048
12923,1910.0668,2580.6591,561.3117,1156.4691
12924,1047.6362,771.4965,189.0764,309.4759
12925,1554.3698,2023.7922,470.6768,799.2189
12926,2452.7,3755.2015,925.7838,1517.9012
12927,1836.1981,1412.9912,374.3122,577.2848
12928,798.2949,1165.3977,263.4414,464.4872
12929,1715.2734,3252.8457,837.9169,1222.7831
12930,1834.2658,2264.5398,505.9967,1029.8576
12931,1059.4003,1831.176,469.0382,755.0174
12932,271.9125,366.4231,86.8999,460.4605
12933,0.1619,0.1749,0.0521,0.0666
12934,8.172,11.5908,2.7149,4.4792
12935,3165.7521,5404.0848,1280.739,2054.9292
12936,1882.5074,1644.0359,431.3163,2155.5227
12937,500.1615,877.0217,209.67,334.547
12938,281.157,537.9252,144.6344,222.7746
12939,956.5246,1270.2574,323.0358,459.2285
12940,1286.9735,2090.3152,509.7039,848.5634
12941,3153.6441,4449.6651,946.392,1684.6629
12942,556.0448,686.9824,182.006,263.7906
12943,692.7389,837.0583,205.4645,322.0978
12944,483.9018,628.3461,147.3129,249.9999
12945,2096.6607,3371.3961,892.4544,1320.0412
12946,2148.64,3018.7812,883.0305,1156.9158
12947,972.7835,1920.7994,546.628,820.3771
12948,715.4234,1126.2341,282.6723,436.303
12949,1221.4096,1240.1824,363.7537,508.5819
12950,2252.8346,1663.389,425.5741,678.4898
12951,1800.614,2731.1736,755.496,1093.6088
12952,1643.2217,3218.5062,1031.6821,1232.07
12953,2244.3318,4369.7373,960.047,1742.248
12954,166.0102,276.2781,67.5475,115.7251
12955,2885.6953,5547.8276,1447.9383,2161.7029
12956,1516.1676,1210.8283,342.8075,462.1924
12957,712.2959,1460.5273,380.0725,565.3211
12958,1601.7258,1532.2567,395.1612,628.338
12959,386.1317,347.1955,93.4617,461.1799
12960,1815.9787,1760.4976,441.3653,692.6578
12961,2844.4702,3351.7183,783.6768,1348.6133
12962,2689.8518,5112.253,1156.9739,1980.2009
12963,1526.9677,2975.6556,807.7486,1203.6708
12964,3103.88,5179.8924,1320.0092,2139.238
12965,2003.2179,1917.613,461.2787,749.3399
12966,192.805,144.7168,38.3395,57.5544
12967,1041.0215,1672.4458,551.7525,644.4847
12968,1577.6029,3184.3986,855.6863,3926.4564
12969,843.6912,634.6008,155.1453,254.1315
12970,2991.3469,4966.8805,1524.8117,1880.2503
12971,1622.6821,1181.2838,248.2073,449.5713
12972,2441.2471,3748.4543,994.0213,1400.0206
12973,2786.7337,3083.8107,890.585,1209.9922
12974,3007.667,2609.9662,3334.6031,1031.8662
12975,1865.1131,3342.3036,805.6037,1288.5568
12976,1469.1849,2780.9839,750.9506,1132.2502
12977,1361.5927,2667.6372,725.6096,1042.4896
12978,1328.6488,994.0787,219.2981,387.4983
12979,1798.7139,1716.3382,402.2111,670.9798
12980,2333.0953,2070.2817,513.3031,838.0605
12981,976.5963,1442.2768,371.8743,585.1615
12982,328.1329,516.6776,134.5295,199.0998
12983,1235.4856,1068.0406,266.9991,396.6203
12984,1503.1031,1291.5946,422.2076,492.2529
12985,657.6021,1151.2617,247.2564,453.3757
12986,846.127,1275.0298,321.9001,485.283
12987,128.1963,186.9721,44.3433,76.6276
12988,2147.3664,2834.7516,744.4346,1196.8935
12989,713.2075,1317.5567,311.2355,563.1751
12990,2413.4237,3650.5204,840.592,4350.0026
12991,1449.9974,2001.1367,454.6831,781.573
12992,1197.4495,1660.7775,391.8368,665.9789
12993,3175.7724,3268.8063,798.1847,1354.0799
12994,2647.5356,3432.7761,890.1155,1428.4639
12995,1758.5597,2181.7971,560.0073,2700.749
12996,1065.7962,1934.1432,470.5923,805.6568
12997,4.6137,3.52,0.788,1.4282
12998,1088.4395,929.622,185.3573,355.521
12999,443.4597,371.8766,98.0215,154.5961
13000,2784.3452,4272.6517,1168.299,1747.4191
13001,2707.9372,3977.8296,935.6801,1490.3026
13002,2328.7825,1808.0667,397.4414,773.1325
13003,2215.6862,2894.0271,762.009,1153.2316
13004,298.2941,599.1837,151.8497,236.2481
13005,3138.9628,5037.4611,1057.5226,2043.4141
13006,80.769,77.7805,19.2486,29.4427
13007,2259.2988,3137.8485,896.3859,1254.0161
13008,3139.5588,2735.8354,623.1677,1085.6651
13009,2677.2895,4235.2103,907.1357,1870.2086
13010,2070.6436,3168.9405,756.0285,1169.102
13011,2403.3193,4349.4761,1230.5524,1751.2402
13012,1853.7641,1635.2568,389.67,637.797
13013,1056.9785,2002.961,514.069,850.4235
13014,1705.5317,1659.9442,434.6883,638.4015
13015,2232.4542,2522.2576,714.4757,978.9871
13016,969.8613,903.3535,207.8878,366.3818
13017,1226.6396,957.3064,241.8219,371.7478
13018,702.8915,1009.1946,272.5769,424.5152
13019,299.154,275.1056,72.5291,113.7322
13020,2681.2253,2540.6313,557.9419,990.1955
13021,2433.9538,4398.9937,1244.2616,1658.7961
13022,2101.5572,3001.2325,697.9157,1188.7609
13023,80.9523,115.6575,29.5856,45.0584
13024,2812.6373,2533.8478,562.7683,993.6921
13025,1931.7208,1701.2504,400.4534,668.7689
13026,2687.5353,4488.954,1070.0117,1769.4034
13027,2816.0502,3721.5849,1006.1049,1508.9027
13028,2508.3559,2736.012,675.7884,1090.483
13029,1965.0887,3258.3062,688.0878,1284.4274
13030,992.1174,1357.4251,314.7832,528.9616
13031,980.6004,1607.986,433.7606,597.0092
13032,212.8979,193.9225,46.5722,76.3133
13033,1547.0968,1409.6548,410.5529,541.1193
13034,1299.433,956.8544,277.3838,375.012
13035,2323.0958,3285.3332,791.8588,1323.6641
13036,493.2448,715.5994,198.3965,271.9319
13037,3148.8571,3917.8924,955.1286,1586.2303
13038,2131.5353,3020.7799,776.1053,1173.8607
13039,1870.5653,1348.2545,338.9692,562.2087
13040,2944.3492,3438.0509,886.8921,1279.5245
13041,45.5246,61.7611,14.4566,25.7754
13042,317.3514,347.7612,106.083,135.539
13043,1071.3225,1919.0057,447.4949,735.6109
13044,1751.2669,1888.8279,373.6022,750.4325
13045,239.5326,317.2569,76.4388,125.489
13046,2793.4234,2880.7796,689.6238,1090.6035
13047,2445.8098,3799.4792,1111.3014,1548.1264
13048,2574.2518,3491.5982,814.2901,1417.8001
13049,3020.1501,2946.3572,726.1832,1216.4558
13050,1062.2825,1120.9037,281.9799,472.0683
13051,240.1881,415.3328,96.7097,163.0718
13052,261.651,290.1577,74.5668,114.5198
13053,142.7725,254.3687,60.7316,101.9481
13054,1325.1199,1006.9187,240.0013,425.1948
13055,1923.9543,2515.1416,690.6509,992.4709
13056,2674.9501,4124.4807,967.6621,1692.9531
13057,2174.7401,1755.087,429.6984,672.5353
13058,1646.0807,1683.0982,551.0922,705.869
13059,167.5827,175.5168,46.0355,72.4464
13060,2958.3617,3002.8102,818.6031,1122.1337
13061,2456.9147,3006.0524,724.1534,1124.9648
13062,1205.8765,1614.0031,471.9308,652.8527
13063,1137.2113,887.0731,254.6531,360.0657
13064,2061.5572,3249.5218,938.046,1289.6281
13065,1887.6542,2504.6889,699.8666,1040.0533
13066,2663.1824,2705.0067,667.41,3485.639
13067,2026.9043,1738.4101,395.3703,683.5945
13068,3160.9427,4932.2329,1216.6503,5581.8757
13069,1174.4144,837.8589,187.4978,1107.2609
13070,2271.4821,3367.3537,1086.173,1433.726
13071,3068.209,5973.4589,1380.769,2270.2049
13072,1011.4775,950.9636,240.7405,1175.9525
13073,231.0095,454.9689,118.1026,192.7964
13074,548.3159,657.9191,165.0251,265.7342
13075,1483.944,1196.5082,301.3258,498.7307
13076,591.7188,810.6029,187.5333,337.9053
13077,1082.2563,953.6857,272.7476,361.2125
13078,583.1522,675.5049,152.8786,249.4113
13079,323.3937,442.9275,106.4494,548.6289
13080,1743.3031,3508.305,856.1714,1446.7301
13081,2674.8433,2437.2543,593.0014,945.1126
13082,111.2465,155.443,40.6169,63.597
13083,2374.5441,2914.6181,639.922,1113.1161
13084,2841.0645,5095.115,1271.6106,1943.6379
13085,337.3765,298.4442,77.4114,113.2566
13086,2031.6081,2815.2122,634.1307,1172.2352
13087,2398.9127,2124.6268,654.9943,838.0883
13088,2290.6804,3736.336,978.6635,1531.3692
13089,51.7753,81.5821,19.5975,30.5217
13090,2223.1514,4323.6857,895.4905,1685.9191
13091,1325.9788,2467.2256,572.3703,1057.835
13092,795.8526,1449.4112,342.6163,564.5523
13093,2842.969,2865.574,654.4167,1108.5936
13094,2936.5434,2582.3877,674.3458,1037.3625
13095,743.5598,1351.2672,405.4639,611.182
13096,2819.7282,4294.8221,1049.6744,1796.4666
13097,3158.1131,5057.5316,1188.6106,2065.0922
13098,1729.8484,1395.3418,359.5407,580.0666
13099,247.8316,355.3452,73.9855,140.2376
13100,1595.7378,2736.1218,581.4209,1108.5526
13101,2284.0537,3993.4468,1138.0589,1597.0024
13102,2664.7071,2160.5071,589.2571,865.4838
13103,1912.0678,1512.7223,396.4848,634.408
13104,1784.7723,2110.1919,554.7321,850.0687
13105,1821.5811,1455.1351,403.4831,555.089
13106,3148.5055,2436.4035,624.2889,1008.1465
13107,3201.2425,4690.0344,1221.2702,2014.8656
13108,1539.836,2102.5205,485.3717,845.7212
13109,2577.5935,4256.6699,1106.6007,1680.1437
13110,1752.751,2059.8333,501.0211,866.5171
13111,851.3819,1112.791,258.3386,461.3916
13112,958.4185,1874.2509,447.564,837.2827
13113,276.9123,535.1784,129.6409,221.9011
13114,2479.7558,3127.2613,758.5646,1254.3378
13115,3028.4339,5623.2265,1435.4967,7331.2146
13116,2062.945,2814.6394,653.2166,1241.2967
13117,768.6417,678.1325,169.941,272.3286
13118,2224.2688,4449.2642,1191.5369,1691.6357
13119,320.8308,385.8161,98.7092,153.7389
13120,205.0227,176.3468,44.3751,73.7451
13121,2840.1497,4078.8249,1080.9953,1493.1404
13122,1231.2876,1177.8836,264.6648,447.4719
13123,194.7321,140.5036,31.8245,54.726
13124,2076.8276,1990.838,455.4632,819.0351
13125,1386.0107,2187.6494,461.7107,824.2194
13126,2159.3024,3636.0202,977.8576,1501.2153
13127,814.7218,934.6628,237.885,356.5688
13128,2360.0383,3766.9912,762.8675,1549.5204
13129,2193.2496,2168.1135,583.7045,2467.6825
13130,946.3301,1674.232,410.2053,661.8425
13131,2314.1297,4563.4147,1076.7481,1740.1693
13132,1361.2894,2674.171,635.8201,1174.8905
13133,1969.0672,1654.7968,435.0018,658.1884
13134,839.2051,1063.2003,264.4869,433.8004
13135,2361.2061,4702.7596,1137.1916,6553.4857
13136,2338.7764,3421.2992,870.2127,1399.4399
13137,644.8053,1044.7107,240.9892,401.4123
13138,285.3285,221.8811,54.9414,92.8761
13139,701.7084,512.6709,136.0354,202.4548
13140,22.3906,37.5719,9.0801,14.3064
13141,1779.412,2258.5486,558.7199,855.8601
13142,714.7266,1212.4079,261.7682,495.301
13143,124.683,153.3956,39.1969,60.6786
13144,1780.837,3003.7829,734.3501,1209.7323
13145,498.2081,677.8576,164.6337,817.7201
13146,1277.6943,1029.1865,218.2488,449.3939
13147,579.6514,999.6465,263.5554,411.6022
13148,1922.4955,3883.0677,822.0679,1517.8074
13149,1170.608,1236.6877,353.3565,488.9557
13150,1833.6559,3586.3637,892.6374,1433.038
13151,2884.219,2701.0895,777.4056,1017.725
13152,604.4615,1129.252,284.3668,475.209
13153,1779.5197,2821.3789,612.3044,1179.4035
13154,2568.7835,3304.9666,925.1505,1415.1172
13155,2921.0183,5757.0405,1298.4956,2219.1953
13156,58.3501,48.8593,15.7414,19.867
13157,2151.1149,3145.4378,710.0921,1369.2795
13158,640.0191,766.9431,186.5221,337.2907
13159,2771.0681,4394.7436,967.5891,1592.1665
13160,1233.2569,2413.4195,568.7078,960.6134
13161,2330.6896,2312.7861,657.3328,986.7707
13162,2579.9218,4717.3197,1034.2173,1877.1645
13163,63.046,83.9325,21.9932,34.8446
13164,2957.6588,4072.2722,1048.5877,1695.077
13165,2019.5955,2265.4813,507.7276,860.5096
13166,1088.6176,1737.4147,404.9521,691.2982
13167,2757.1954,5269.9744,1273.8578,1991.3864
13168,1134.4604,1318.3761,345.9336,570.002
13169,3044.1392,5894.1619,1263.7729,7624.6857
13170,169.4794,244.8755,57.9319,98.5222
13171,2943.865,5764.6928,1311.157,2349.4197
13172,2880.6402,3249.9484,819.5188,1335.666
13173,2809.8689,2466.2649,576.8404,981.5412
13174,202.5333,382.198,99.2608,157.5473
13175,1628.3667,2887.4007,730.4117,1085.8107
13176,137.8713,169.0919,43.931,66.0008
13177,2186.1878,1743.9978,467.8469,710.8192
13178,1212.1722,2387.1884,600.1384,1036.8615
13179,558.448,687.4841,163.5082,285.1026
13180,2603.6249,2663.3075,667.2433,1119.322
13181,1031.0938,1643.6013,407.8115,677.6632
13182,3120.1842,3792.8293,976.9762,1524.8763
13183,674.0631,844.3509,217.3473,336.8528
13184,2831.0656,3873.637,858.0744,1514.4125
13185,3042.822,4463.953,1214.8811,1910.2381
13186,453.9447,627.9219,142.0824,246.179
13187,1170.2925,1156.7382,296.8833,468.4857
13188,2542.8635,4670.0708,1220.2385,1876.142
13189,2504.8605,1925.5325,452.6159,791.1926
13190,542.4988,956.1035,277.8168,384.5814
13191,2999.8502,3922.4414,938.5234,1585.051
13192,2168.9698,4363.7145,1032.5869,1697.2344
13193,47.402,62.3405,16.5015,25.7931
13194,514.2588,702.6873,176.0329,287.1566
13195,1012.4573,1769.6555,422.2229,751.6297
13196,2461.1146,4414.0933,1178.5078,1741.6366
13197,1829.5433,1721.4205,426.2098,708.9562
13198,1198.6612,2073.1503,470.8344,841.6588
13199,1166.0168,2195.3849,594.2898,892.3979
13200,2611.8097,5089.7176,1170.4225,2120.5979
13201,2989.7317,5821.9463,1583.9538,2347.1483
13202,1465.8793,1438.3813,385.7802,546.0494
13203,935.9592,1889.7703,465.4406,778.7062
13204,1473.0106,2440.3771,623.4808,1037.0946
13205,1974.2182,1849.5875,486.8003,731.7251
13206,1294.4795,1560.6168,369.5253,636.8482
13207,1186.5373,2263.2901,492.2519,852.9956
13208,388.3071,742.6506,218.738,297.2059
13209,1567.3884,2372.2628,3574.0116,924.7249
13210,2584.6819,3249.7552,836.1283,1261.0274
13211,1042.05,2062.4978,706.6836,834.6476
13212,1062.4628,1484.9241,381.0551,595.9869
13213,868.4242,1159.1246,295.8311,1387.3716
13214,2371.6404,2781.9591,642.904,1102.6336
13215,983.7148,1170.5409,396.2085,511.9507
13216,1520.6944,2135.4635,584.5656,853.8235
13217,1427.2205,2175.33,546.6994,850.9427
13218,2739.659,5519.6268,1297.4119,2192.3363
13219,2839.8764,2392.1229,502.1866,930.6773
13220,2892.9194,4121.853,1017.6732,1730.1586
13221,2097.7878,2945.595,647.1743,1198.3895
13222,1654.0333,2904.7877,710.3657,1178.5085
13223,3064.4438,5015.8121,1199.47,2002.4839
13224,23.2955,35.1543,10.7911,14.084
13225,19.8741,19.9049,5.2136,7.712
13226,2091.9274,3243.6926,909.3462,1290.1691
13227,1894.7303,3611.2441,851.9749,1445.6537
13228,2241.9176,3571.1511,744.7623,1434.3688
13229,109.6641,103.865,25.8704,40.8498
13230,1466.8692,2033.2349,546.5632,841.1107
13231,1943.7809,1760.082,445.1048,667.451
13232,1979.5423,2703.2933,684.7761,984.2133
13233,2282.8963,3717.0271,926.0174,1543.5571
13234,314.1468,436.6974,116.7439,176.705
13235,287.597,210.7946,55.6959,80.6711
13236,852.2417,960.7368,229.3407,375.9729
13237,1406.7276,1151.5666,268.5272,467.0644
13238,885.5048,787.9056,187.3614,325.0575
13239,1908.3817,2557.6667,636.4235,1006.1984
13240,2017.6449,4078.0095,1000.447,1680.3091
13241,1018.0806,1052.4866,227.9983,414.576
13242,3109.092,5573.6046,1400.9778,2091.7851
13243,2299.8415,4690.6735,1078.8293,1902.7911
13244,2575.1989,4109.3733,1129.563,1620.7384
13245,254.1131,350.179,105.6137,147.2534
13246,1477.8941,1582.1111,387.134,661.6909
13247,539.3659,584.3763,135.4289,234.9878
13248,497.699,725.4315,185.4634,274.5919
13249,2782.8925,5439.6893,1358.6041,2121.4303
13250,1026.3094,793.9163,210.1215,318.3686
13251,1804.3848,1472.5061,401.0966,604.8126
13252,471.1583,652.5971,164.0062,281.5779
13253,2032.8315,2489.7306,3400.2444,958.3437
13254,158.27,228.9454,65.9108,92.5591
13255,172.7443,199.6492,48.4623,257.3796
13256,249.5709,447.8871,100.9997,179.8054
13257,1078.9942,1939.7381,484.0389,806.643
13258,518.3591,860.0408,195.9939,352.7591
13259,1006.9396,1795.1403,423.9921,702.6161
13260,1148.4478,1280.0694,344.2796,487.3806
13261,2187.0906,2465.7655,582.1686,975.242
13262,1362.726,1526.1862,370.2859,617.1868
13263,2319.1931,4165.0338,908.823,1673.2575
13264,1549.5097,2534.9632,670.115,1015.6674
13265,904.9613,1421.6896,402.8912,1704.7104
13266,2704.0516,2596.2373,673.5872,990.0024
13267,482.0358,800.5535,194.011,326.1413
13268,2704.8074,3152.4981,848.7526,1243.0944
13269,1529.1414,1897.4192,421.5454,737.749
13270,18.7152,20.5775,5.0591,8.2816
13271,1907.1874,2537.8864,760.2705,1006.9156
13272,501.9747,828.6966,208.6662,351.7257
13273,2356.6782,4493.5034,5722.4692,1718.8071
13274,655.5148,1334.3169,315.5627,512.6445
13275,2941.9763,2664.4248,590.4374,1053.5549
13276,2333.9479,4786.7161,1239.6604,1827.6694
13277,688.2907,921.8957,246.6007,351.0796
13278,2551.9419,3364.6021,824.3558,1229.0268
13279,1176.1613,2259.2939,478.7597,903.8461
13280,909.9849,702.6825,164.5122,261.2101
13281,1806.0862,2536.4641,608.657,970.0324
13282,372.0486,467.4325,105.2944,194.9333
13283,2285.5737,3170.0529,893.5309,1245.4608
13284,3152.0409,5704.303,1577.7545,2279.0153
13285,1708.9069,3498.5117,814.2413,1443.9587
13286,2446.9394,2179.214,556.7831,864.3503
13287,840.3202,1610.4602,468.1187,627.9325
13288,499.2059,530.1499,144.6826,210.8217
13289,1556.0824,2372.1549,630.638,964.724
13290,1654.3542,2743.0705,674.2746,1047.5705
13291,1007.3871,1124.8321,259.8955,441.4921
13292,2467.6701,4245.6322,1063.9381,1617.023
13293,509.9084,748.2073,182.4601,322.2286
13294,188.9076,149.3637,42.9894,60.0038
13295,2464.3126,2354.5144,589.4412,967.4616
13296,1238.5264,1124.6514,314.8445,474.1901
13297,2180.7638,3285.9593,836.8157,1266.9284
13298,690.9275,516.1287,135.8336,197.7993
13299,1987.8483,3493.4231,868.1223,1396.8355
13300,558.2632,975.2693,260.8459,387.1483
13301,635.5688,728.2456,208.4341,291.1027
13302,687.2966,1265.2539,321.249,508.7215
13303,1509.9307,1124.6505,293.5421,449.2498
13304,2864.8192,2598.4488,3910.7756,975.7396
13305,1729.2299,3295.3722,880.3199,1417.6977
13306,594.9669,639.9632,162.7658,267.6632
13307,2185.7485,3734.1037,954.4407,1520.6317
13308,710.3248,657.0206,137.8304,259.3431
13309,3046.9424,5549.7654,1260.29,2186.484
13310,912.8711,1402.0965,342.0767,563.0354
13311,1666.4478,2845.8345,4006.9426,1139.1809
13312,173.1157,269.7821,62.481,103.8066
13313,19.7584,26.8167,6.3526,10.854
13314,2236.0255,1678.26,2197.0146,664.9405
13315,1221.668,2058.4794,489.4791,837.8061
13316,668.4453,813.804,184.6899,325.6019
13317,3145.5169,5072.3088,1250.8442,2044.7951
13318,461.4396,758.9583,212.2566,293.2925
13319,684.8364,611.216,144.6859,232.6553
13320,2378.2159,4826.8049,1299.7869,1895.9821
13321,1915.8664,1706.0376,416.5319,675.4106
13322,203.7404,186.13,41.0699,76.6688
13323,97.3776,155.8124,38.519,58.521
13324,630.7523,695.3197,196.2204,274.5163
13325,971.1088,1956.2889,429.8517,2571.7864
13326,2182.8331,3321.4248,730.4634,1333.2935
13327,1819.8239,1711.2663,456.2398,687.869
13328,310.0769,399.841,86.0791,164.3577
13329,1601.6591,1481.6656,376.2683,587.0689
13330,2057.3078,3684.1137,1099.9703,1493.8758
13331,1015.8669,1571.8318,2333.4244,594.1807
13332,1145.8032,2214.4055,520.1322,862.072
13333,353.2804,659.1699,149.483,264.3715
13334,1555.3053,2347.552,728.5641,975.7888
13335,881.1698,1166.3709,273.1314,463.5279
13336,384.1885,469.8518,112.6061,194.2233
13337,1363.2359,2439.3281,549.5268,944.5832
13338,2903.5966,4171.4053,1057.9494,1770.4049
13339,1593.5548,1183.3038,235.1025,454.33
13340,651.1017,550.0252,126.7703,237.3039
13341,2048.0084,2825.2121,752.9472,1088.6397
13342,1538.5176,2096.1596,559.3036,906.2407
13343,1468.346,1929.0431,455.0843,804.2222
13344,617.9239,520.5293,133.7519,215.581
13345,2508.8481,3216.234,767.079,1364.2822
13346,916.8341,718.1388,200.8618,294.8858
13347,2001.3724,3280.6643,830.2123,1351.278
13348,1486.437,1424.9076,310.8772,575.6223
13349,429.756,421.9601,98.0159,164.8905
13350,125.9202,248.0342,63.4485,98.2072
13351,663.4435,1045.3027,236.0136,432.5841
13352,918.0019,1068.9117,327.1839,403.5583
13353,413.5808,450.1389,121.2289,192.9315
13354,572.2312,1135.9839,306.7606,411.3847
13355,2159.6669,2164.2161,579.2122,836.5904
13356,296.2799,308.2031,69.2647,129.9273
13357,845.1959,1309.9742,343.2483,580.3492
13358,1800.377,1821.906,423.7981,724.8332
13359,2163.0709,3973.0613,884.2806,1678.087
13360,3100.5149,5242.4082,1509.3342,2020.677
13361,1878.4342,1951.4757,498.0754,767.9437
13362,1699.9143,3464.4654,898.2959,1378.0081
13363,910.0229,1510.6091,353.9809,587.2734
13364,812.1194,1555.4763,451.3147,580.9031
13365,2710.0838,3099.8896,1041.3501,1262.8029
13366,2968.7956,3163.1899,770.5515,1145.2433
13367,1348.1677,978.4528,293.4958,395.1754
13368,2995.8435,5031.698,1356.0043,2158.8741
13369,1401.6612,2640.9469,621.3167,1064.3867
13370,1533.1279,3065.6752,646.6712,1153.775
13371,988.3007,1809.0823,442.5196,708.6051
13372,872.4441,1255.8212,297.1987,1614.994
13373,694.1565,1011.8732,247.3741,428.8534
13374,3175.4457,5593.5102,1388.2936,2108.3359
13375,2115.5484,4158.9375,1415.2038,5267.6682
13376,805.5636,879.3035,229.1047,336.8642
13377,905.9228,891.6399,211.1216,353.8133
13378,2646.9585,3457.9736,807.9209,1249.8943
13379,134.2891,267.0586,74.7803,104.7927
13380,262.0373,297.5505,77.0277,125.4438
13381,854.5921,1377.0115,359.3999,541.8615
13382,485.6444,450.6327,104.5294,177.9666
13383,2872.6272,3614.3692,877.448,1472.6136
13384,482.3638,722.3334,202.9939,278.1644
13385,843.0943,1309.3175,371.6396,512.6599
13386,2718.3899,4105.3989,943.0026,4703.3566
13387,2805.9078,5295.1344,1316.4253,2086.5226
13388,974.9436,1503.636,423.1712,583.0874
13389,3133.4106,4095.1356,998.7151,1555.393
13390,2478.1049,3921.0241,1042.755,1510.0793
13391,364.6489,470.1615,94.6514,188.2931
13392,1285.9855,1633.4482,434.8654,634.1718
13393,595.9921,462.1971,112.8017,530.5139
13394,1749.2573,2782.5922,659.4489,3833.7336
13395,1901.9546,3422.1281,928.6166,1391.3191
13396,1488.9032,2347.1958,538.5871,948.2037
13397,569.3199,879.0223,189.9383,341.3136
13398,516.3906,870.7862,203.1232,348.5095
13399,1023.3738,1760.0314,480.5225,663.988
13400,604.5023,711.2151,185.2815,297.3831
13401,3158.1603,3031.0187,913.079,1177.2383
13402,1748.2415,2817.4746,762.2649,3479.3107
13403,335.05,409.1061,90.6964,158.6889
13404,607.8745,1148.098,295.7763,1431.3674
13405,2246.2288,2122.5941,508.8193,834.6047
13406,2954.3413,3682.0529,752.5072,1472.6649
13407,956.7798,1620.5177,362.8539,638.3378
13408,2199.6718,4355.2969,1107.3943,1800.7405
13409,1136.5536,1680.5022,400.5057,712.0366
13410,2630.4044,2745.5961,870.7939,1105.9841
13411,1743.804,3196.6887,831.4316,1287.7261
13412,1868.2615,3452.2452,960.1306,1335.6651
13413,1678.1512,3225.2881,661.2825,1243.8124
13414,1597.0734,3051.9734,688.3436,1278.3499
13415,2737.7559,3108.4958,743.1743,1281.5203
13416,2564.4004,4229.364,979.5813,1661.4923
13417,376.488,526.8232,143.0925,239.8354
13418,1418.8181,1930.9515,565.7358,775.4185
13419,1003.8047,1461.7335,323.2445,1879.9629
13420,814.0412,1064.1402,328.8379,464.5626
13421,2978.0712,5430.449,1436.1954,2004.726
13422,3140.3061,5931.7134,1543.0715,2400.2084
13423,2121.3444,2751.4407,742.9469,1082.3427
13424,410.4043,659.757,166.3175,263.1427
13425,1873.7124,2685.0359,769.8615,1099.868
13426,2716.1776,5162.5898,1385.9021,2001.7483
13427,2453.37,2900.7497,737.1986,1100.6984
13428,2966.892,2581.9696,3594.9832,1061.6282
13429,2093.4731,4209.0828,1007.5309,1635.1914
13430,1801.0784,2860.3198,725.5621,1109.2399
13431,1381.4766,1153.0642,339.1935,1364.5039
13432,2901.2395,3919.5703,975.2032,1551.9501
13433,1247.6916,2218.5916,515.3225,2774.1728
13434,2187.7328,4225.1793,1050.238,1664.0847
13435,779.6028,834.48,237.1722,346.2758
13436,1456.9691,2251.6309,551.2761,819.6836
13437,340.7369,516.3843,148.1972,208.0868
13438,831.7136,995.7618,260.026,419.9006
13439,2883.7044,5330.7329,1498.4374,2196.201
13440,613.3024,854.7495,178.1648,330.0269
13441,2398.3375,3100.1817,697.1997,1243.7337
13442,934.6999,1454.6202,382.9415,586.0923
13443,384.8988,297.7492,76.899,130.0756
13444,2924.8027,3202.2414,784.7194,1298.0198
13445,1156.2404,951.7942,229.9485,384.8376
13446,3042.0066,2266.8741,556.7976,859.1646
13447,1916.936,2536.9589,644.1093,1030.9247
13448,173.9781,325.3316,81.7253,131.9314
13449,1585.4818,3123.5533,934.5597,1176.9445
13450,2360.1812,3091.1198,864.23,1373.4407
13451,1908.4112,3749.3776,823.5963,1517.2463
13452,2999.7515,3823.3564,740.3797,1539.8189
13453,385.5521,284.3518,76.9565,111.1024
13454,916.1242,882.463,219.9675,366.6616
13455,923.9774,793.1384,224.6423,329.376
13456,689.0087,697.1769,1086.7834,272.3917
13457,1143.0263,1739.9907,427.7268,708.0613
13458,827.9941,1684.1252,405.7444,662.2819
13459,2772.245,5304.8906,1248.8377,1961.6236
13460,730.5868,887.7298,224.4946,356.4269
13461,1386.1877,1484.9701,360.7147,604.6493
13462,1936.2759,1888.5122,445.8865,726.1499
13463,844.0351,1376.2742,276.3985,517.2516
13464,2736.7398,3990.3704,901.0336,1549.4453
13465,2405.355,2504.0953,605.4417,1028.0727
13466,227.4303,286.5961,72.725,110.6122
13467,1732.8909,3420.75,874.8133,4201.0765
13468,1319.6127,2482.5463,536.7726,972.6651
13469,2847.7364,3976.8964,1154.6342,1550.5974
13470,582.8636,996.4116,270.8011,406.3436
13471,2936.1111,3878.0012,984.4493,4560.9319
13472,3072.7767,3012.354,872.5302,1195.7623
13473,1670.4863,1889.3041,476.5386,2336.0304
13474,536.6735,625.5205,161.7782,252.0663
13475,514.2464,997.495,278.7843,1199.3473
13476,2152.6211,4196.1532,1223.2698,1683.5261
13477,2834.1025,5402.1342,1224.9916,2239.5949
13478,2664.6524,5008.5211,1234.9431,1984.4453
13479,2281.2432,1839.6842,417.9253,754.5959
13480,2044.2896,1942.9252,416.9682,797.388
13481,107.8547,152.4065,36.5883,66.5476
13482,2936.0786,4611.6034,1218.8091,1834.1198
13483,576.2597,756.2992,222.742,288.0394
13484,2334.3563,1936.8603,520.1205,781.5494
13485,2685.4622,4262.0753,1012.7446,1682.1279
13486,345.6591,332.2282,85.7496,129.9314
13487,2193.3083,3265.2187,782.6407,1291.4505
13488,2571.5559,2413.0802,644.0717,961.7687
13489,265.91,415.3015,120.64,519.1027
13490,2481.0981,3865.8263,1052.5802,1511.7121
13491,2081.8457,3847.2644,1003.3305,1526.5308
13492,1403.8601,1754.2069,500.4908,659.8261
13493,2588.8481,4948.3512,1188.0701,1915.3438
13494,230.0773,333.8812,71.8305,132.9266
13495,526.2851,496.6321,114.8587,190.0078
13496,3208.1061,6386.8936,1423.5152,2653.4163
13497,1004.3975,1830.1016,463.6827,713.6132
13498,3107.851,5561.9663,1722.825,2165.2508
13499,1678.6574,1299.38,301.3779,515.748
13500,1609.1029,2444.3762,575.1609,1037.2676
13501,2351.2544,2804.9563,736.9752,1106.0834
13502,2764.7166,2404.0802,641.1313,2684.4306
13503,61.1214,119.0063,39.1154,47.8903
13504,563.1295,680.5102,196.9428,278.9972
13505,703.0076,931.682,222.1828,409.5558
13506,1046.4028,2082.7493,527.6875,795.8438
13507,2199.7971,2302.9054,572.207,930.7527
13508,1221.6645,1615.4775,471.4528,649.7365
13509,1747.948,1920.6647,396.0171,803.5874
13510,2717.3899,3260.3093,888.3539,1248.273
13511,104.9912,171.6108,44.5896,69.4185
13512,1247.2504,2205.0657,550.3867,893.6685
13513,100.5441,187.2884,41.6884,231.7712
13514,2579.2928,2431.7982,501.4747,978.8064
13515,3002.4818,3454.8734,804.7072,1403.0223
13516,1950.136,3898.5714,771.4862,1500.0778
13517,568.2005,622.8634,147.6044,240.0658
13518,2682.7541,3105.7304,795.8436,1192.2713
13519,1447.5795,2377.3582,715.4388,967.2882
13520,213.1215,382.0189,103.3395,148.932
13521,2573.8675,3216.9638,833.989,1286.3009
13522,2346.3743,4618.0633,1033.8201,1903.4183
13523,2757.7985,5367.6358,1285.6901,2135.6507
13524,2890.5974,4293.5956,5704.8039,1678.1759
13525,1288.2833,2021.4418,459.7014,783.0045
13526,2532.8054,2557.8696,578.0855,1034.9422
13527,883.9712,1781.3436,545.9412,813.2748
13528,106.9877,125.1733,32.6758,48.9601
13529,2490.3293,2326.3025,595.689,908.5108
13530,2946.615,3714.954,1173.7056,1546.1135
13531,274.8571,478.7794,119.4739,179.9927
13532,691.4663,688.1845,184.806,282.6511
13533,3170.6507,2370.9083,577.1705,953.8743
13534,3066.9233,6145.2316,1825.9574,7281.2351
13535,2103.5692,4146.9366,983.3916,1813.4716
13536,2431.8181,4335.73,842.087,1728.8671
13537,1859.2194,3811.5941,850.0138,1524.5111
13538,3078.7243,4296.126,953.9238,1712.4354
13539,828.2558,1536.0392,441.9878,604.5441
13540,1546.1437,1329.2254,313.9364,528.5624
13541,2930.4462,4584.6425,1216.8611,1926.336
13542,407.7504,325.8073,77.1206,123.8416
13543,2856.4195,5385.5277,1265.7575,2090.4684
13544,2653.9204,3495.629,1122.8135,1405.2529
13545,1804.975,2232.5394,467.4883,908.9251
13546,2232.9806,4485.9476,1026.3394,1852.8666
13547,637.3579,894.3233,207.5926,338.3302
13548,1882.742,1919.033,502.6448,736.8052
13549,1572.4564,1487.6166,364.6055,611.2574
13550,3068.8311,4179.0303,1339.7133,1661.8838
13551,1763.379,1271.6424,292.8979,520.949
13552,1652.6323,2749.2615,712.4886,1138.2794
13553,609.8965,1205.4553,255.3506,446.4765
13554,2567.9425,2975.6869,740.0071,1263.5512
13555,325.3194,667.2022,149.9893,287.0899
13556,2032.7439,2857.7438,854.1152,1132.6032
13557,2710.02,4250.9934,1060.7196,1833.7583
13558,1817.816,2824.233,707.352,1181.3862
13559,1095.484,1387.7278,356.8777,565.2427
13560,1892.4499,2615.3385,642.2762,1039.0965
13561,1920.2807,1415.2064,328.6792,557.7322
13562,1754.8799,3267.791,875.7891,1343.7623
13563,1037.9952,876.8391,183.1319,387.3484
13564,2237.6298,3955.5074,1380.4812,1642.7058
13565,686.7211,1031.0397,253.4195,419.8913
13566,1013.2605,738.3282,180.0093,292.827
13567,2682.6846,5394.0681,1451.6964,2144.6048
13568,1532.2109,2712.5842,697.7158,1070.092
13569,775.8298,1077.6142,301.8539,408.9451
13570,2993.7508,4619.3879,1309.3499,1808.7882
13571,403.7229,814.626,210.8146,324.728
13572,3202.4938,5093.0993,1620.2223,1947.8126
13573,1509.2925,1894.0045,456.5857,737.1479
13574,1420.5327,1177.4298,284.1964,463.7689
13575,944.8231,1128.1617,250.7421,457.7277
13576,553.9767,543.4414,127.9849,228.3066
13577,803.7158,984.0213,217.8481,385.2638
13578,1337.5582,2532.9685,623.0584,1005.8243
13579,2990.8219,4090.4746,1101.7434,1702.7184
13580,630.4787,662.5929,179.2763,258.6298
13581,441.1269,480.695,131.4459,196.926
13582,1716.6166,2945.3117,740.4457,1186.9869
13583,265.0793,521.0324,129.3154,203.3094
13584,2123.9293,1689.2778,408.7247,636.2346
13585,1513.8452,2186.386,519.7286,909.9065
13586,329.9931,410.756,113.0948,163.4017
13587,1550.6946,2238.9794,506.8864,878.853
13588,2373.0904,2997.8355,728.8549,1159.6412
13589,2769.5525,2309.7462,587.1599,918.0773
13590,617.9201,1102.9755,276.7229,1304.8846
13591,11.7557,19.1725,4.6312,7.2644
13592,1591.4797,1298.8767,309.9084,502.7519
13593,1765.5786,3074.5125,859.135,1203.4096
13594,1818.8754,2412.6437,641.2109,1024.648
13595,987.2277,886.2929,217.9205,359.8877
13596,1959.3583,1667.6948,401.2304,647.6618
13597,137.1972,117.9066,29.1161,44.4456
13598,2963.4934,4479.74,1144.7385,1871.643
13599,115.8023,111.0901,31.0744,42.6422
13600,165.8459,315.997,84.0364,139.1456
13601,999.4436,850.6411,205.9119,324.7867
13602,1434.3166,2814.416,623.6964,1107.2832
13603,2195.5185,2162.8489,548.3598,873.0726
13604,1277.1232,2311.0879,618.4096,941.0702
13605,2456.9984,2542.1997,718.67,956.2053
13606,586.8575,1035.5107,280.2064,416.8316
13607,1711.9319,2408.3618,550.444,945.847
13608,2489.6352,2813.3703,776.9763,1167.1479
13609,3149.12,2480.3782,600.762,969.5749
13610,1406.9648,1386.0749,321.4303,572.9122
13611,1364.9864,1130.2981,320.385,455.0738
13612,1501.5707,2606.1832,640.5483,1035.6563
13613,2375.6289,3412.7343,862.9902,1423.8288
13614,2170.1675,1719.7296,511.8739,708.8175
13615,3178.8027,5035.2089,1396.0676,2004.0532
13616,3029.6515,2754.5777,685.1614,1106.6847
13617,2318.9842,3289.321,703.4236,4373.5082
13618,1383.2244,1368.4702,286.7313,540.0625
13619,2970.5985,5725.8763,1495.1997,2312.4804
13620,2920.2848,2635.134,623.4265,1149.7956
13621,687.9021,669.3038,159.7226,299.4969
13622,1179.8945,1061.1424,247.4597,415.9657
13623,99.1963,187.4238,48.9676,74.8887
13624,956.7306,1588.4533,420.0552,620.8401
13625,1524.3015,1296.4466,390.3275,478.7467
13626,183.3329,181.4526,46.6409,70.2469
13627,1912.7002,3782.418,888.9991,1581.9344
13628,2381.7492,3534.082,839.1797,1445.4647
13629,2701.4952,3453.5974,753.5077,4106.225
13630,416.1566,314.3957,85.6313,126.8889
13631,245.0327,358.6962,81.0963,145.1542
13632,1889.0952,1978.4368,445.8087,771.9342
13633,329.9824,577.2832,153.9227,237.6906
13634,1995.0791,3991.4555,982.0045,1673.619
13635,195.7797,353.1664,101.9034,129.0789
13636,1180.4827,2287.8349,536.3396,897.352
13637,1202.0171,1861.3245,410.627,2266.928
13638,1365.5055,1356.4902,364.6111,537.8558
13639,473.4214,741.4502,219.7499,296.2188
13640,1619.3081,1194.4231,287.4722,507.4207
13641,2107.4845,3880.5832,978.2089,1553.1974
13642,1053.5858,779.5931,191.6693,300.3134
13643,55.6514,96.8016,21.8851,38.7403
13644,2130.4981,1636.5872,375.7559,665.2799
13645,2376.0508,2727.606,617.2532,1170.9203
13646,799.0777,971.7087,219.5325,369.0943
13647,1419.7806,2066.6797,494.8639,815.1655
13648,1114.7964,2094.5819,529.0245,777.4311
13649,2650.6244,2250.388,604.7271,942.714
13650,2223.3131,2637.7052,763.1273,1106.9203
13651,164.6809,144.1711,34.6776,57.3507
13652,1136.4646,2314.6389,637.8226,894.0846
13653,1062.481,1701.3231,458.2529,676.2574
13654,1282.4978,1308.9617,339.5386,499.4559
13655,2167.627,1726.673,403.1522,674.5071
13656,2307.8726,3028.9393,827.4499,3742.2252
13657,2019.0082,2009.5239,550.6603,832.3804
13658,734.6356,704.6723,176.6101,280.1603
13659,1113.2727,1363.1569,338.8353,540.9884
13660,1455.5112,2567.6966,619.0637,957.6945
13661,367.4759,361.6217,80.587,148.184
13662,2805.4229,2468.405,692.0136,1029.2483
13663,919.9087,1399.9388,362.8999,547.0223
13664,1603.9478,2792.3321,835.7821,1039.0291
13665,544.5946,834.3695,191.1989,332.4949
13666,3161.8168,4890.0953,1423.7071,2012.8919
13667,1203.8409,1389.9016,376.1357,560.4344
13668,1415.1222,2134.077,536.6654,886.1108
13669,1746.1945,2363.505,784.7874,1005.497
13670,1533.8109,1835.7462,489.4578,751.7832
13671,2442.84,4268.667,1089.2229,1579.2192
13672,433.4236,798.8857,193.8621,335.4016
13673,765.2526,1302.6726,399.9135,535.4553
13674,2861.2028,4866.0598,1396.0533,1921.7406
13675,822.4163,1501.8507,390.506,580.5933
13676,2392.6553,3893.3777,857.9892,1576.3022
13677,421.2247,390.9645,555.7089,158.1804
13678,2403.8929,2233.521,656.6919,930.7376
13679,475.7209,393.8496,107.5845,162.2777
13680,1611.3569,2490.4457,580.7508,966.6345
13681,1020.3887,744.898,173.8887,291.6994
13682,2705.8256,2765.639,751.1556,3615.5041
13683,3056.8482,6080.7674,1673.108,2439.6355
13684,499.4915,670.4968,170.5177,263.5458
13685,1223.8878,2281.4988,507.6448,883.537
13686,81.5089,108.4004,23.9409,46.5089
13687,1613.0917,2991.7659,704.1989,1238.7408
13688,1978.1222,2019.0931,535.6509,822.3222
13689,2894.3462,4877.0221,1228.7148,2038.073
13690,3033.3119,5536.0137,1193.4576,2160.0374
13691,1683.8558,3173.2646,839.2952,1293.3194
13692,2415.8696,4247.4518,929.7425,1789.3854
13693,430.736,863.1581,207.395,326.5438
13694,2076.4749,3436.7165,787.8859,1487.2325
13695,454.7992,822.8093,227.3753,322.5369
13696,2063.0821,2033.4739,2986.5194,829.2063
13697,2275.1434,2899.4961,705.2856,1160.1991
13698,1512.1167,1465.819,359.1909,585.6248
13699,145.3083,166.1303,41.4252,67.7127
13700,803.9638,927.7446,227.8042,422.2654
13701,1331.7145,2388.0017,555.0864,963.6657
13702,500.7775,459.0673,132.7823,188.9491
13703,895.1863,1485.2644,347.5758,612.098
13704,821.347,1088.5311,287.524,424.5752
13705,1105.774,808.3877,199.048,323.9534
13706,1522.5843,2471.7662,708.2728,888.9665
13707,2041.7393,4020.6426,1105.0275,1627.987
13708,1495.1941,1449.8488,383.9441,561.9785
13709,675.6757,1381.8139,338.4075,1535.9523
13710,695.3906,986.3421,259.4122,405.1239
13711,139.1982,157.3904,40.4454,69.1804
13712,2256.9038,3220.5442,811.821,1281.4177
13713,1929.5997,3150.3762,727.454,1223.8406
13714,1063.2054,1438.6243,337.2133,611.333
13715,2811.31,3702.6999,984.9762,1457.3303
13716,2249.1711,1650.2185,335.308,645.3015
13717,3105.9568,3021.6167,738.1951,1199.8122
13718,2413.1382,4702.9152,1157.7493,1931.8315
13719,1729.1276,2761.5563,661.2128,1117.7933
13720,2603.9565,2874.3862,727.0936,1142.8397
13721,424.2778,740.0818,172.8648,300.5815
13722,2904.5529,4229.2119,1237.3518,1739.2504
13723,1951.8927,3732.0972,1046.5403,1669.6905
13724,2094.0036,4087.757,1295.2216,1518.0028
13725,1805.1926,3578.7823,1025.4681,1458.5665
13726,273.44,258.8741,55.4687,102.0634
13727,1754.2393,2866.1641,755.8301,1110.8428
13728,2575.297,3862.5232,894.2006,1524.4278
13729,3104.9436,5062.7672,1164.9738,2040.4694
13730,3072.1767,2907.0517,656.5725,1119.7248
13731,129.4038,234.9567,65.3312,88.3976
13732,561.9427,442.8992,119.1115,178.8333
13733,1181.8081,1791.4804,455.102,692.1886
13734,2952.6246,3089.5963,819.5653,1198.8949
13735,241.6023,368.7838,78.0549,136.596
13736,142.8342,135.879,31.6082,56.4207
13737,3070.9036,4824.0432,1133.0141,2031.2647
13738,1660.517,3357.5822,752.0817,1520.5341
13739,601.0939,1115.9428,282.0,425.7003
13740,2225.6299,3367.633,751.7808,1333.9102
13741,863.2404,1392.1999,333.896,590.9005
13742,326.9473,470.6896,134.7351,181.3091
13743,3052.2398,4636.6206,1037.5088,1888.5811
13744,2401.3206,4519.439,1178.4237,1828.2805
13745,103.2457,92.6748,21.5792,119.4884
13746,204.595,356.9599,76.1097,140.1186
13747,2736.0181,5555.2411,1278.4596,2194.307
13748,2924.1529,3031.973,908.0767,1257.5902
13749,1269.5292,2181.4119,478.3518,891.9654
13750,83.2097,85.0867,25.6876,34.1807
13751,395.5869,343.7762,91.7261,138.5886
13752,169.9917,305.1189,76.7175,131.9774
13753,692.5852,712.448,150.6678,273.0029
13754,2542.7824,2958.9789,666.0863,1097.5103
13755,1751.7758,3267.7094,861.1117,1293.748
13756,1297.1229,2509.7637,486.2069,938.6952
13757,396.8882,613.3725,156.8631,243.1309
13758,387.1527,431.0286,115.0207,173.3765
13759,1763.5054,2245.3561,620.4751,867.5233
13760,1229.0044,2435.056,619.7189,962.3349
13761,1716.9079,3258.9445,726.8355,1416.6154
13762,2654.5945,4051.2238,1155.4692,1590.9214
13763,1013.8362,1598.4029,366.1687,659.4347
13764,994.6585,1451.616,367.03,592.138
13765,2387.1652,3819.9975,1004.6147,1531.8619
13766,2915.0537,3758.3914,831.0968,1561.8029
13767,2794.3845,2971.1802,780.6393,1117.5571
13768,3189.434,5199.342,1302.5297,2176.809
13769,2665.7232,1904.4434,534.1969,773.4647
13770,273.3847,501.3554,108.3466,651.2016
13771,823.2853,1587.7424,512.0419,583.719
13772,996.3293,1192.2009,391.8671,465.0469
13773,892.8984,1251.8777,325.2178,1536.8685
13774,117.2255,170.033,41.1398,69.1896
13775,1360.9463,1494.619,376.8813,644.1421
13776,2319.5985,2636.0499,856.1882,1043.2676
13777,1859.5186,2038.4387,477.7319,798.0416
13778,1812.1766,1673.4575,443.163,648.0636
13779,2563.3598,2107.1057,588.6964,927.8821
13780,130.769,191.5284,42.2389,76.4919
13781,3191.3446,5257.165,1214.9266,1980.7425
13782,2818.5501,3410.2784,820.2965,1330.5559
13783,2391.896,4409.6209,1018.2737,5518.9746
13784,554.2913,1044.393,291.3873,407.3335
13785,243.9893,292.8082,81.609,110.5134
13786,1013.7907,825.7808,219.2106,351.4986
13787,559.599,578.7545,148.0321,231.2594
13788,2566.3879,2299.3792,612.1996,954.3757
13789,2043.8894,3865.941,932.5425,1445.3074
13790,759.9116,1257.1404,274.0906,501.2138
13791,2514.1532,3789.9102,1058.5061,1482.3145
13792,2533.053,2259.512,558.0383,897.9871
13793,1553.7507,1509.6726,335.4027,614.403
13794,1434.1433,2053.9605,445.0764,880.5514
13795,1071.6224,1185.3022,272.1003,461.0591
13796,1571.2369,2878.7406,809.0567,1119.1512
13797,2253.64,3237.0842,769.2836,1283.2729
13798,1188.7251,1959.893,530.9547,857.6985
13799,1942.2324,3338.99,869.0004,4261.0753
13800,1936.5373,1754.8926,395.9391,712.3653
13801,1399.8552,2584.2475,649.2633,989.9091
13802,1125.8752,960.2806,230.6692,374.7895
13803,196.3913,307.3354,69.4982,124.0159
13804,2873.9718,3120.3888,761.8028,1277.5031
13805,2178.308,3013.2234,756.0139,1243.4955
13806,2861.9571,2358.102,658.7139,976.0567
13807,269.3313,375.2432,99.1232,161.699
13808,1541.3203,1149.5852,334.6096,434.795
13809,2841.7207,2601.3508,690.942,1077.7972
13810,500.7352,943.4581,245.8574,372.4683
13811,2057.7736,4079.9647,954.3463,1700.6121
13812,802.1559,1248.5074,382.6189,520.5583
13813,1382.8366,1028.3984,304.42,416.4567
13814,1272.8358,1633.3086,534.9929,630.484
13815,2072.6151,2157.4881,505.4521,887.2234
13816,575.1909,441.6012,123.9359,175.1878
13817,2783.813,4744.5925,1240.9708,1938.4005
13818,113.5074,188.2932,44.0332,72.4161
13819,1424.6118,2616.038,570.405,1019.5728
13820,513.4376,567.4396,144.3562,234.1089
13821,1270.9247,1401.7469,321.9635,577.4003
13822,2543.2924,3227.4032,893.5865,1288.6685
13823,2841.0383,3415.3025,802.456,1388.5567
13824,1439.5829,2506.6734,668.2042,1026.5187
13825,1308.797,2073.8565,564.1758,860.0984
13826,1525.7948,2324.7419,556.5504,929.3072
13827,2831.2644,2299.9671,730.2927,940.8872
13828,2288.77,3546.7337,1000.7101,1485.6168
13829,2455.7691,3384.9215,815.0176,1407.9911
13830,2229.3096,2140.608,568.5542,812.5902
13831,52.6934,52.3955,12.5774,21.1634
13832,1602.69,2437.1162,730.9577,990.1457
13833,919.1109,1042.2909,254.851,439.6877
13834,3150.2655,6221.1429,1710.717,2529.7063
13835,466.5201,791.482,182.2952,311.866
13836,732.2239,1361.4227,321.2715,523.7728
13837,1696.1245,3321.7631,854.4835,4048.4809
13838,1689.6349,3439.0664,914.463,1337.3317
13839,135.2981,260.4027,55.1301,104.1956
13840,2646.6722,4444.8821,929.598,1644.3652
13841,423.3178,544.5495,128.1127,226.2559
13842,1088.1447,2179.2897,560.0959,908.1967
13843,854.9617,1511.3097,382.5845,599.4487
13844,1084.1046,1753.0081,460.3146,685.6795
13845,2641.5819,3889.9287,1004.0296,1598.969
13846,2580.8092,4453.937,1079.4169,1659.3658
13847,1344.98,1740.4646,390.7446,702.897
13848,1947.2841,3689.4215,876.1475,1527.5357
13849,1961.1546,3179.587,704.5965,1188.1819
13850,1977.5866,2433.5893,812.2407,972.0575
13851,1254.1396,1268.1197,395.5403,517.2865
13852,1064.34,1477.7088,335.2657,552.9189
13853,692.7004,1033.6301,269.1735,405.428
13854,2082.375,4208.25,1110.5974,1651.1829
13855,1448.3778,1854.2577,509.446,772.556
13856,1739.5003,2737.399,659.0227,1050.2451
13857,2018.3528,3869.556,983.18,1480.5088
13858,2147.1224,2151.0169,508.5607,817.9216
13859,1053.3949,2093.8132,662.9439,841.0562
13860,846.1272,1514.9548,373.7703,624.9506
13861,1381.9241,1471.3617,365.7454,562.7203
13862,344.4366,386.6554,78.3453,159.3397
13863,2714.086,4958.9115,1095.3551,1912.5101
13864,2773.4359,4490.2623,1067.8801,2008.1825
13865,2190.6548,4235.3481,1098.9762,1734.0987
13866,1217.0203,1911.1958,507.2372,701.2081
13867,1832.2152,1505.8572,359.4805,573.2536
13868,801.8872,1389.3551,325.5772,581.0553
13869,2743.1731,3463.9079,760.3688,1447.1187
13870,446.9219,593.7464,149.6943,240.949
13871,1205.5534,1887.4002,603.7626,742.2503
13872,3019.6156,2977.389,799.5906,1285.3443
13873,1273.1462,1697.2205,432.0599,725.1786
13874,273.6667,441.2742,98.3249,167.3396
13875,650.8724,511.318,136.7307,203.0121
13876,1616.8471,2763.7609,626.9256,1090.7492
13877,1869.3895,2348.8026,604.4004,915.7309
13878,898.9577,1696.0692,449.4121,656.3826
13879,125.9663,153.7804,36.6872,62.7926
13880,430.2995,780.7638,204.9062,342.0726
13881,1945.1631,2652.8395,580.3239,1165.5497
13882,144.5194,276.2801,64.7965,104.1797
13883,1734.6836,2832.0442,710.0541,1092.8176
13884,533.2207,902.6982,221.9949,339.9402
13885,2321.4067,4744.2922,1111.6959,1999.2635
13886,1305.1762,2504.0688,683.8927,1005.4825
13887,2456.4313,4463.9589,1181.5532,1883.5825
13888,934.3022,1131.7479,286.7474,449.3734
13889,1851.8126,2280.8015,620.7972,2873.9754
13890,1770.0834,2092.1362,621.8983,872.6778
13891,1741.6067,2638.0562,586.7068,1083.1667
13892,1670.9231,1234.5087,307.5227,484.8356
13893,1122.287,863.909,201.7439,365.3557
13894,1239.9253,1439.3444,341.5884,577.1313
13895,529.6419,559.0194,121.6169,227.2342
13896,1761.4816,2414.9702,535.5227,1066.4948
13897,2296.8438,1826.7922,487.5268,742.2702
13898,1414.1914,1953.2463,548.2054,794.3067
13899,1560.6893,2797.8864,747.197,1083.3653
13900,1783.4285,3385.5784,874.0527,1397.1509
13901,1359.4408,1719.7765,448.4191,749.7408
13902,1811.6681,3716.7296,1028.3991,1498.4857
13903,280.8323,508.3609,119.4967,216.1651
13904,1877.4569,3060.1033,713.8115,1238.4623
13905,1725.4131,2370.3438,557.1684,920.0823
13906,2538.5425,4054.4116,1038.5402,5598.021
13907,53.2296,40.6856,10.5396,49.8181
13908,1414.4184,2197.564,583.4158,871.2145
13909,2242.903,2247.3383,545.3138,871.8575
13910,1086.6372,1639.6548,426.5186,649.8561
13911,613.5027,541.0933,146.4706,207.6756
13912,1293.3468,1559.4598,337.0198,603.0647
13913,1189.4325,2257.7272,578.6824,961.0888
13914,584.5509,1037.7985,253.0512,410.0662
13915,1189.9968,2257.7247,565.9364,1020.098
13916,2242.8346,4173.6675,971.9193,1683.57
13917,2662.7907,3517.7657,853.1077,1306.8464
13918,2882.822,5277.4758,1395.9544,2160.5955
13919,1354.7036,1991.8278,456.5657,776.168
13920,1435.6033,1826.0811,399.8162,731.4024
13921,1222.8127,2239.9602,532.0258,801.1103
13922,1175.1656,2299.4454,745.1349,901.9328
13923,847.1921,684.3063,168.4497,285.9995
13924,94.1403,192.5986,44.4661,83.1501
13925,988.9582,1798.9277,610.449,740.9756
13926,1866.0605,2006.3836,394.978,789.5913
13927,782.9356,1261.7342,328.8605,496.2117
13928,1474.9499,1212.4671,301.4232,479.6692
13929,1963.3298,3817.0316,956.2688,1515.0841
13930,1286.3798,1779.4083,384.7317,714.2514
13931,1627.5864,3094.5144,853.6455,1253.9974
13932,848.8092,1551.6468,422.7849,632.133
13933,2190.3007,4338.6496,1254.1649,5330.4455
13934,2156.7489,2193.0895,463.8648,898.2243
13935,584.0032,1102.7806,356.594,478.5231
13936,303.7124,505.3279,132.0897,189.4398
13937,589.1721,429.4473,106.5112,169.793
13938,1950.2784,2111.5898,456.8271,892.6265
13939,1566.0155,2235.036,585.5222,938.0507
13940,1263.7639,2375.3454,541.4217,2877.6039
13941,386.1693,319.6618,81.3878,123.6276
13942,638.3378,976.5855,239.1782,422.072
13943,1880.0745,3741.1798,815.9855,1487.3912
13944,2221.7798,2322.5135,589.6138,947.1611
13945,1197.7656,2238.1703,702.6521,878.7068
13946,289.3502,312.5653,70.501,124.6629
13947,1725.2174,2958.1926,854.7916,1141.1759
13948,2133.221,2148.2514,595.4541,825.0788
13949,696.849,724.5479,167.3122,311.7525
13950,2190.1016,4205.2449,1122.2927,1590.2703
13951,3203.2344,3061.7465,707.1811,1197.1296
13952,2720.8657,2078.4263,546.8235,815.033
13953,417.6977,640.6818,142.7639,256.0913
13954,2589.4545,3893.5359,1003.6429,1636.6635
13955,555.1135,916.2236,238.6381,393.7044
13956,2102.125,2604.2192,712.1735,1047.3423
13957,1408.4949,1858.7622,480.7647,2381.0292
13958,775.6676,1420.796,291.4831,584.0165
13959,3129.3764,6348.6377,1722.6982,2562.1523
13960,624.3981,826.7235,229.2017,328.5944
13961,2564.5413,5024.3128,1242.9934,1951.3036
13962,2150.6284,4158.6413,1087.4218,5290.4082
13963,1594.6768,2732.8548,605.2193,1058.6149
13964,1453.7811,2456.1826,585.2848,950.6785
13965,46.0921,89.6133,19.5203,36.7303
13966,449.2801,342.4654,79.7012,144.0383
13967,3135.1632,4079.4879,1018.8576,1601.5082
13968,3139.5515,6387.9483,1512.5599,7106.0194
13969,608.3719,620.6646,160.8371,235.3772
13970,1874.2283,1422.212,398.1423,542.4501
13971,221.7166,377.2912,85.8773,140.7326
13972,698.3864,533.6194,139.9635,219.026
13973,1090.4713,1410.7632,345.8422,586.3831
13974,353.1702,510.5465,123.0853,696.7509
13975,81.9911,78.9469,18.9948,33.1416
13976,2704.4683,4786.6801,1394.3351,1896.5633
13977,2275.3325,2955.2149,771.0733,1197.9208
13978,515.3336,609.0466,171.9426,240.0362
13979,1526.9319,1167.3388,275.2847,473.2118
13980,450.8041,867.6298,201.9443,341.086
13981,668.6933,585.3874,147.2366,240.9981
13982,2774.1865,4142.6099,938.2481,1716.503
13983,20.7207,24.7552,6.3772,9.9225
13984,2052.6838,3558.1532,889.4289,1616.5657
13985,937.9801,1354.9847,336.3579,548.617
13986,1357.3287,2137.466,488.4652,866.3511
13987,2616.3735,2791.3898,722.7279,1070.8955
13988,1631.2276,1993.126,485.2606,772.9237
13989,175.3312,327.9094,81.04,126.2682
13990,2710.9439,3756.5657,866.4152,1416.3998
13991,2438.578,3479.7563,817.2763,1359.1933
13992,228.9857,313.527,95.4644,123.1485
13993,2297.2461,2851.7533,4380.021,1112.6768
13994,904.2827,1729.3339,422.3903,738.0574
13995,676.4636,1295.3689,325.9575,1517.1853
13996,2946.1242,2852.7763,765.9488,1163.7636
13997,3205.2892,3616.6485,898.9166,1336.0046
13998,2934.2856,5221.8253,1487.5326,2183.1204
13999,198.9371,194.4546,56.9979,84.5695
14000,415.0474,748.6432,207.9788,301.3842
14001,872.0547,1487.8836,394.0659,585.8987
14002,1894.3146,3505.7939,931.1665,1413.5031
14003,419.2496,618.2367,153.0693,230.374
14004,2958.241,2262.2354,536.0542,882.3913
14005,1060.6069,2023.1081,545.1483,808.0442
14006,1874.115,3176.8438,856.91,1230.5782
14007,1737.4549,2399.8792,541.6031,925.9063
14008,2276.7215,3154.9242,836.9427,1240.6345
14009,1014.7618,955.4327,257.6431,367.9721
14010,852.4813,1485.4349,392.5133,1822.6211
14011,199.8856,334.5528,74.3797,139.43
14012,1862.6034,2764.9394,676.1121,1105.7659
14013,342.2469,410.8811,100.2051,171.3118
14014,2537.4286,3663.1443,907.014,1517.3868
14015,1862.7166,3210.5459,903.1782,1282.3121
14016,2984.7433,2563.7835,607.3011,1019.181
14017,332.1382,282.2811,70.2961,118.0983
14018,2679.9374,4002.7087,1054.2541,1525.9558
14019,1104.5736,1170.3906,296.6707,498.1627
14020,3203.0242,2545.3871,664.7804,1020.145
14021,831.9219,1438.522,405.127,556.6015
14022,73.186,96.3697,27.3506,40.9361
14023,2335.3553,2111.9138,411.4619,841.4149
14024,1537.2111,2131.6009,470.1686,2480.9855
14025,1752.7729,3042.0009,756.2231,1204.6234
14026,2956.289,4686.6577,1338.9389,1972.8775
14027,907.7364,683.9244,179.7095,274.1323
14028,2689.7784,2030.8473,496.9004,754.7611
14029,3149.4964,4913.5647,1179.2702,1999.6623
14030,315.4399,572.2734,161.1777,233.8986
14031,115.4473,87.2744,19.4047,35.5631
14032,764.4031,1308.5028,372.0266,547.9505
14033,1321.1256,1292.6821,290.8549,496.7632
14034,2741.652,2630.4727,751.2452,1066.0332
14035,3129.8393,4074.6006,1167.9762,1609.4443
14036,3133.9153,5085.5405,1389.226,2003.627
14037,1160.3451,1669.2479,445.2415,647.6266
14038,991.0004,1977.4828,501.0263,816.3341
14039,2773.6684,4508.4301,1149.5381,1741.3439
14040,1441.2024,2593.1638,689.0207,1075.4668
14041,2378.0545,3664.3029,1068.314,1463.5694
14042,574.8147,795.2978,217.6322,344.7332
14043,2351.6071,3172.5876,720.6041,1405.6653
14044,753.22,1050.5988,301.309,428.3485
14045,1518.5128,1413.2672,375.8364,1727.8389
14046,2815.4717,5422.7404,1227.5997,2121.5512
14047,36.0051,34.5784,8.1125,13.1409
14048,2706.3051,2117.5612,517.0956,865.0223
14049,1972.7991,2270.5022,617.3382,915.1939
14050,2488.1223,3602.2888,754.3809,1398.6519
14051,1260.0986,1585.2935,369.8612,613.175
14052,2120.0823,2802.2911,576.892,1113.427
14053,3039.4077,5667.1575,1707.9653,2381.7268
14054,2941.0861,5738.5642,1414.5616,2552.1357
14055,2104.1874,2827.3248,640.5995,1116.2024
14056,1095.6124,904.1469,207.8056,373.3657
14057,98.5573,159.2993,37.4527,182.114
14058,1123.3853,1497.6153,363.3231,601.7754
14059,2238.9508,1899.2406,549.2747,731.6681
14060,659.1149,1016.9016,310.5402,395.0774
14061,1242.158,902.1164,216.6755,366.9945
14062,2591.9218,3724.7879,993.3709,1538.3439
14063,2395.8979,2789.6804,615.4744,1110.3395
14064,2612.1945,2978.8671,737.2216,1210.2134
14065,2366.3116,2561.5522,547.6257,1029.2491
14066,1973.7988,1466.0397,352.3678,572.6251
14067,319.7165,281.2301,85.115,108.306
14068,187.4585,222.076,64.3657,87.2275
14069,2.9087,4.9198,1.2273,1.9539
14070,2037.327,3120.854,764.0958,1282.7209
14071,729.2453,1496.3143,327.5088,600.55
14072,2398.2444,3627.5176,786.6155,1498.6199
14073,1214.4571,1304.2987,337.6907,542.8428
14074,2506.0191,2806.2999,701.424,1049.3957
14075,3036.364,3438.3877,717.8929,1295.3304
14076,2436.5079,2978.3918,970.6028,1219.8483
14077,644.4288,1007.027,267.0795,427.164
14078,1939.7118,2809.6391,670.4065,1121.0726
14079,105.5517,188.8199,45.6072,72.8473
14080,1603.5421,1662.1733,406.2728,638.0561
14081,144.4773,144.3533,41.2041,58.2278
14082,1343.0969,2059.4568,3082.9271,813.516
14083,305.6967,464.528,111.8529,194.6716
14084,729.8652,1311.3974,354.1052,555.7467
14085,2206.7695,1877.4353,429.192,765.4183
14086,944.4824,1602.194,446.9706,668.8816
14087,2259.8205,2957.9014,721.2455,1222.497
14088,146.47,228.3916,54.6224,90.6966
14089,2440.4188,1762.6932,462.5294,660.7918
14090,243.1116,238.3928,49.7824,100.978
14091,444.9619,893.8777,230.096,360.1685
14092,2567.1729,2133.6784,594.783,845.3326
14093,587.2973,928.2897,200.9103,382.1017
14094,2905.3299,4840.3206,1107.9204,1904.4482
14095,2950.2893,3627.4519,889.7799,1438.7447
14096,2264.3955,3404.5838,930.3031,4796.8481
14097,2985.6873,4294.5523,1130.2759,1614.6476
14098,203.5853,292.1439,69.3431,117.7529
14099,887.7133,1033.0261,295.2856,386.4442
14100,56.2603,46.7165,11.7646,18.1312
14101,2933.049,2258.7237,452.0526,879.0176
14102,531.4556,691.9369,173.5821,259.8283
14103,1762.65,2439.5122,616.1033,1044.402
14104,1626.7606,2162.1875,526.4913,801.3717
14105,2754.7497,4802.7461,1149.3997,2132.5821
14106,350.3631,589.0134,120.9789,237.7252
14107,2494.0332,2967.3514,820.3885,1208.3983
14108,2540.5671,2723.3992,660.4778,1129.8032
14109,1024.965,1687.1583,437.6379,637.1619
14110,2258.3174,4311.8446,969.5132,1682.4172
14111,351.2216,693.7257,171.8625,273.11
14112,2698.6989,2091.2092,576.087,888.5652
14113,1566.7705,2341.6592,555.4581,955.7619
14114,2739.9282,3430.549,815.4388,1368.8738
14115,204.3883,255.1215,71.0203,95.3636
14116,1265.6564,1133.7288,265.5688,421.2956
14117,1257.7409,1786.9828,508.7309,706.6969
14118,2296.0847,2051.7926,477.3014,846.8289
14119,2142.7955,1527.7786,480.0151,574.5513
14120,933.2698,690.5844,179.0078,264.263
14121,1419.1429,2719.7543,565.8508,1118.0127
14122,896.5916,1561.345,381.9269,645.2174
14123,988.4916,1468.5013,405.6569,540.2602
14124,1535.2239,1137.7224,300.3545,475.8354
14125,1423.8341,2602.3865,721.7045,1004.3141
14126,2644.3377,3564.5533,1035.2282,1425.4487
14127,2019.4544,3050.3785,705.3952,1248.4951
14128,1668.0328,1473.9337,326.5694,585.1598
14129,2697.1227,2478.0135,590.036,1011.0068
14130,376.7925,567.3902,129.4786,235.2029
14131,1614.4961,1934.2744,515.3553,776.8457
14132,357.0729,442.6594,130.2048,174.5623
14133,599.7525,957.8517,245.0056,410.9669
14134,1859.7019,3614.6735,808.52,1461.0882
14135,2774.2523,3994.8139,925.6885,1513.0713
14136,1291.88,1375.7094,329.8657,543.1136
14137,2451.8284,3905.2739,773.0769,1498.2828
14138,2190.1229,3835.5623,877.4596,1516.2756
14139,2088.2393,3549.5806,858.0175,1379.0507
14140,690.4008,686.8067,189.5964,286.2516
14141,778.2991,1384.3441,306.1053,573.0592
14142,601.6497,730.9469,176.9658,291.1188
14143,1082.1746,2025.1737,558.7285,840.5459
14144,2530.4418,4562.1562,1146.1504,1847.9629
14145,1006.0182,1638.4824,432.479,656.9991
14146,1056.0254,1827.5336,448.8092,732.5625
14147,1603.8246,1515.7193,327.3313,583.6696
14148,727.3403,679.9817,166.0274,258.7439
14149,2829.1594,4424.4484,976.6533,1747.9464
14150,1108.3141,2182.0955,530.0686,880.7459
14151,2677.252,4419.8756,1138.5158,1726.8889
14152,1710.4851,3513.6027,898.3732,1321.8915
14153,2196.6453,3331.1363,1018.2267,1301.6294
14154,1604.9619,2429.3458,736.4624,874.6211
14155,233.0383,293.0966,71.1671,117.1925
14156,453.9568,630.5007,155.7177,237.0062
14157,2075.3881,2980.399,724.2437,1251.9996
14158,973.2143,1227.339,320.5922,492.412
14159,785.4121,610.4538,155.8889,232.2493
14160,2146.6277,1745.2473,377.0352,687.0772
14161,502.7337,925.4288,257.02,416.7513
14162,124.851,222.8698,64.1747,88.8587
14163,3126.9662,5046.9314,1145.9936,1985.7417
14164,1119.7379,913.0011,231.2211,351.5292
14165,2953.6696,5254.4512,1299.4776,2090.9769
14166,840.3298,1431.2776,384.5309,590.1585
14167,1195.3744,1890.7151,495.843,697.8877
14168,1763.5963,2917.549,681.7767,1127.1798
14169,2667.3234,4035.6137,875.7499,1559.0702
14170,489.5012,699.2008,187.5614,291.8891
14171,2665.2726,4406.3725,1165.2069,1723.5364
14172,42.8643,71.4011,16.643,30.3316
14173,489.3188,834.5579,231.9106,340.9707
14174,2896.9233,3498.6569,768.7969,1395.4964
14175,2870.453,3419.1127,941.4724,1324.9766
14176,960.4706,1859.6382,412.5775,728.6453
14177,2745.8258,3455.9373,869.477,1424.5708
14178,235.3392,251.9873,61.8962,98.4358
14179,2750.4515,4645.0581,1199.5094,1857.4265
14180,340.2426,292.1145,67.1894,114.2802
14181,2306.2734,2902.9165,731.0708,1188.4185
14182,593.0914,896.3755,216.1164,377.3841
14183,1334.8843,2192.2207,523.6152,857.3357
14184,715.401,1439.1563,361.9186,584.2353
14185,2879.5539,5833.55,1186.1057,2452.6213
14186,2097.6434,1987.5206,487.0608,829.0522
14187,85.7852,102.2307,29.1727,119.8358
14188,2713.6869,4391.6278,1007.2924,1794.3001
14189,494.7314,936.9358,221.8127,382.7082
14190,1131.5208,1269.9708,336.2112,481.8688
14191,824.4053,1245.0229,355.5663,511.6045
14192,1179.2736,1613.3693,352.2898,635.0169
14193,1865.2842,2713.6291,748.4731,1138.1074
14194,2884.4277,2848.8838,658.7922,1123.6752
14195,1266.8435,2364.1355,649.8536,953.5109
14196,630.0227,980.7,253.4032,386.7466
14197,798.6262,958.9981,230.2716,402.2515
14198,846.4587,1705.2793,381.1295,657.3153
14199,3075.5285,3741.4972,934.5417,4877.4589
14200,776.0935,598.1529,146.2496,235.5716
14201,826.3345,789.6785,201.8083,318.3475
14202,1346.5802,1202.9494,295.146,435.3333
14203,51.9394,90.5553,21.8468,34.5755
14204,2625.3353,4948.5752,1237.9982,1861.0205
14205,1692.6431,3473.3434,854.6724,1343.6367
14206,2193.1999,3602.3314,935.6236,1420.0521
14207,1635.1905,1622.7009,377.7084,1894.1034
14208,2490.654,4203.1954,1098.6331,1595.2833
14209,2924.6979,3901.957,1077.4721,1578.0689
14210,1719.881,1744.9151,535.3724,725.8561
14211,2731.5931,3719.1914,5190.3232,1464.0376
14212,1389.12,2262.9989,611.5934,838.4718
14213,3025.246,6206.7362,2068.9981,2425.4077
14214,1337.8027,1962.0752,518.3738,783.8012
14215,3184.0546,4502.945,1083.1284,1736.4075
14216,495.8663,379.7633,79.3062,137.0233
14217,2932.1223,5806.3669,1501.2754,2256.844
14218,1449.5296,1104.0019,1818.4011,444.0208
14219,2919.6474,4504.1125,1069.3205,1804.3048
14220,1948.803,1452.3009,319.5242,611.2153
14221,687.3346,1142.45,303.9563,471.7817
14222,2596.0285,3074.1201,754.1293,1184.8938
14223,2078.7994,1677.9794,424.7118,653.7284
14224,1071.3752,1421.6116,375.4307,579.0038
14225,2625.383,2184.3027,454.4286,859.6577
14226,1886.4901,2780.1664,909.649,1153.4134
14227,151.8465,234.3413,54.4907,93.4601
14228,726.5889,1409.2197,311.929,550.4142
14229,1932.3422,2282.1076,769.2219,961.0877
14230,306.0879,475.2921,120.7833,183.1636
14231,1040.7238,2027.2171,513.1572,841.4623
14232,629.2418,1035.4544,341.5269,379.0014
14233,1296.7296,1081.9469,279.0167,412.5509
14234,2659.0717,2035.8018,437.8968,2417.8535
14235,2582.6788,2692.6509,601.0417,1124.0621
14236,96.7678,131.7056,36.9458,52.343
14237,2639.7621,4188.7215,1101.9292,1700.2089
14238,1267.6144,2119.0134,520.7591,896.1374
14239,2850.283,3288.9486,948.1534,1287.6887
14240,2701.9888,4712.0332,1248.7937,1948.2679
14241,2202.8927,2353.3252,620.281,976.3175
14242,608.4568,661.7881,198.9408,254.6775
14243,1395.6948,1331.6351,323.6474,551.7642
14244,701.4514,808.5048,178.5536,310.9728
14245,152.4036,192.0342,54.113,76.9917
14246,179.728,326.6846,80.5211,126.2525
14247,1731.665,1840.2711,502.5227,741.8838
14248,3002.4318,4555.9582,1192.2695,5676.8265
14249,3186.7593,5798.2415,1606.4809,2235.9086
14250,245.4751,186.5612,46.9508,82.3069
14251,3137.9169,5266.1897,1254.003,2257.0478
14252,662.7954,845.3445,178.1636,331.9571
14253,2762.6991,5677.7232,1461.0122,2231.0074
14254,1408.6098,1534.8846,371.4666,609.6979
14255,1231.9187,1592.0486,347.2061,618.0833
14256,890.2989,1266.7971,322.144,505.3243
14257,1706.7962,1534.7565,430.5286,585.7221
14258,1952.1704,2257.2899,505.0368,814.4587
14259,1404.6231,2484.1144,668.7627,1010.8188
14260,3090.9741,3971.432,986.866,1622.366
14261,2188.8732,2788.2095,734.6839,1085.0771
14262,2151.7946,3052.5384,700.3496,1125.9233
14263,679.2018,850.3331,204.5003,332.0739
14264,803.1432,804.8944,182.2639,325.7042
14265,3136.5618,5851.4169,1325.7644,2435.459
14266,279.1695,219.3221,50.2694,84.7017
14267,2515.3488,4595.6716,1105.3297,1976.3664
14268,1370.9817,1014.0072,267.224,1192.8479
14269,446.3304,813.7334,197.8549,327.073
14270,1415.8351,1059.0268,277.6594,422.856
14271,1722.2769,1795.6583,535.0725,694.3969
14272,2445.076,3886.8614,965.4594,1500.3885
14273,1967.5195,1893.7096,491.4412,769.7618
14274,810.1889,1615.1599,381.5864,613.5193
14275,501.71,947.6484,256.9619,393.447
14276,1985.193,1681.0358,395.6344,724.5398
14277,1271.7636,2138.1375,602.4641,2556.9833
14278,2586.2228,2606.9057,642.3906,1082.1141
14279,860.2715,1641.5792,438.4167,642.84
14280,404.1297,331.0605,82.6446,135.6195
14281,2085.5108,3706.9157,902.1282,1452.2104
14282,3007.8241,3876.6901,954.932,1452.7397
14283,721.1079,1009.7576,228.3658,408.0656
14284,167.7858,195.6405,46.4159,81.2588
14285,2683.411,3258.961,4559.5718,1273.1487
14286,2738.7605,5583.5021,1465.7186,2124.024
14287,158.0873,216.9029,45.6581,87.4685
14288,2750.1131,2395.3451,594.8602,963.7526
14289,90.4782,85.4315,17.8661,35.6344
14290,2320.1872,1804.8717,465.7053,774.0833
14291,1611.7953,1322.6726,311.69,503.2378
14292,1501.5745,2041.8125,526.6564,786.6671
14293,337.756,640.7737,172.0852,257.139
14294,825.1087,1088.9991,293.9301,423.646
14295,1131.6128,967.0402,244.0001,350.916
14296,159.8205,310.3178,92.9389,121.8075
14297,1142.34,1056.5312,1394.9521,423.5621
14298,654.5789,590.1925,156.3968,234.5787
14299,928.7871,1347.2837,409.7028,559.4828
14300,2095.5832,4250.3127,990.1942,1667.3198
14301,11.7444,18.4468,4.6404,7.5651
14302,43.238,77.7164,18.3293,31.8923
14303,1553.1789,2337.3572,621.0826,942.7504
14304,2700.9218,2090.1453,599.9112,796.7949
14305,1066.1459,1671.0244,466.1651,646.2565
14306,391.4123,742.7877,230.9628,300.4565
14307,1340.8031,961.9426,216.8739,1240.9435
14308,229.4643,391.0483,114.5581,152.3376
14309,2678.5583,3728.7452,917.0871,1498.046
14310,2852.1594,3397.7601,954.0524,1319.5187
14311,1137.4437,1919.9644,588.197,750.6273
14312,1180.7988,920.7011,216.3217,387.337
14313,822.1542,782.4496,205.9228,334.6569
14314,975.5323,930.628,256.3084,358.0416
14315,893.3094,1119.6489,248.1651,444.9105
14316,2713.3195,5177.4736,1454.9693,1972.8627
14317,1725.6304,2279.5057,512.7972,870.4752
14318,453.6816,353.4898,101.0906,451.6949
14319,22.394,21.2773,5.1323,8.9891
14320,909.2508,1366.9891,330.7076,533.1357
14321,1410.6251,2321.7006,545.0285,907.2335
14322,1167.9149,2307.6939,568.1832,908.5811
14323,2752.2032,2355.7083,534.4025,926.356
14324,1257.6049,1219.2382,313.4988,479.8859
14325,524.6438,463.8569,123.4288,193.0901
14326,2567.9952,3589.7822,973.5282,1497.1279
14327,2850.2223,5056.4879,1311.0241,1909.5273
14328,2104.0897,2245.7355,625.9773,2762.38
14329,2118.5764,1764.3922,496.3752,711.8324
14330,553.8396,527.404,145.9067,198.6559
14331,2073.9599,3173.0189,738.196,1293.4718
14332,421.1194,556.2931,140.9865,210.774
14333,2602.2326,4451.8743,1033.2097,1756.5951
14334,49.217,61.8899,16.1625,24.6818
14335,582.4679,730.7532,169.4803,295.5365
14336,2738.1572,4017.9011,1082.1123,1573.6633
14337,1189.7075,903.8554,212.6346,347.3966
14338,1227.4101,1351.7653,320.6142,550.5995
14339,2810.4417,2942.0869,667.8454,1158.4423
14340,222.4413,329.7468,86.6256,131.9106
14341,1609.4804,1362.9205,311.3016,564.9831
14342,2748.5593,2455.0278,673.946,950.3472
14343,2916.7907,3366.0517,752.0899,1273.8064
14344,104.6605,105.7173,27.3651,42.5814
14345,1390.1997,1823.8552,517.4169,740.39
14346,1958.1144,2141.7864,500.0594,848.7334
14347,2423.7113,3382.5433,830.3193,1322.2098
14348,1033.7744,1073.7869,231.4517,1331.4409
14349,2877.5573,4145.6677,1221.363,1679.5615
14350,2053.4603,2875.9376,812.1317,1154.9684
14351,837.3591,885.7336,212.8062,336.1657
14352,1330.6355,1216.2934,283.8172,1413.7669
14353,402.6738,615.0792,146.9498,242.565
14354,1024.9354,1511.7011,401.3876,581.8721
14355,144.303,162.7224,39.7087,66.0064
14356,1883.5888,2143.9467,652.2267,871.977
14357,102.9732,132.7543,37.4381,52.448
14358,1507.5863,1242.6315,334.6298,479.9075
14359,2742.4156,2839.5461,767.5415,1078.43
14360,2390.4,2960.4881,705.4848,1160.7032
14361,2825.5247,2469.0447,545.9115,1001.6564
14362,279.2528,379.1419,81.2419,155.6621
14363,1602.2605,1184.5401,278.2083,480.7206
14364,336.4922,581.5373,143.9588,226.1964
14365,100.3644,75.6846,17.3189,31.0692
14366,1696.9582,1479.6671,338.2411,622.494
14367,1659.7481,2775.7414,745.2018,1142.8277
14368,2962.9359,3529.2839,806.6748,1426.2842
14369,1966.7157,3337.4103,785.7054,1370.5372
14370,2006.6415,3322.084,1017.5856,1433.1168
14371,1785.3679,1440.8044,377.0536,586.1659
14372,949.6908,1852.3806,479.1791,697.0192
14373,2070.2828,4114.8809,1273.36,5410.3453
14374,903.2998,909.894,259.695,380.2704
14375,2348.4352,2487.7071,580.0879,1116.3437
14376,3118.8754,6271.1424,1705.8003,2479.3537
14377,646.5412,500.6059,110.6127,206.855
14378,513.8637,936.6562,254.1598,406.103
14379,1200.2985,1086.4394,311.5616,426.3646
14380,1363.154,1787.4741,414.1508,724.142
14381,1709.7895,1924.4691,471.7177,777.0601
14382,261.0316,368.6471,93.2248,469.7594
14383,2241.3021,4524.0542,1198.4501,1763.1739
14384,1914.6732,3116.2879,824.57,1269.7357
14385,1314.7655,2136.6452,551.6415,850.0999
14386,1305.9841,1272.5924,299.4644,544.564
14387,1286.8079,1504.9676,402.9653,578.2115
14388,1971.7866,3077.3532,809.2421,1316.3091
14389,2512.3161,4005.0125,929.6374,1624.6675
14390,1663.9595,3029.2513,722.9965,1180.9611
14391,8.5703,12.2086,3.1776,5.0908
14392,854.4891,1530.1413,352.2849,618.6277
14393,2866.6802,3089.7842,762.2542,1339.6712
14394,1599.8391,3168.5073,694.5543,1313.0273
14395,2758.476,4198.19,1015.0704,1747.002
14396,1338.7335,1358.5878,290.1931,543.8565
14397,275.9,358.9831,100.0376,134.8706
14398,308.2908,364.3895,95.4353,142.7441
14399,2009.1331,2417.4621,598.2542,953.0018
14400,573.483,1054.3213,260.7124,417.1263
14401,1478.4564,1311.0158,292.7359,499.5713
14402,612.1468,708.5803,170.6114,279.6187
14403,968.4141,1461.312,360.0122,580.2686
14404,2434.6569,4577.4608,6272.943,1750.9182
14405,2985.7791,4932.5134,1280.0542,1976.5327
14406,242.6529,330.9475,86.1574,129.2801
14407,319.6347,400.2046,104.7482,158.3462
14408,387.6686,330.1413,76.7216,135.1525
14409,1504.2173,1879.0666,419.6745,2127.6183
14410,3058.7942,3074.8483,716.6689,1195.4725
14411,1553.8285,1452.8596,350.0748,542.1314
14412,561.4441,469.7133,113.7504,186.5723
14413,1370.4308,2412.1077,598.0086,946.7132
14414,1408.7039,1978.0522,481.7672,757.5622
14415,1577.9049,2765.8865,547.1664,1146.5234
14416,2331.3696,2725.7286,590.8317,1033.6211
14417,1897.3965,3187.1663,792.342,4219.7472
14418,663.2381,1017.486,270.1065,417.8694
14419,2841.5927,2618.5277,670.3398,1059.8293
14420,2117.8618,2003.5563,592.6694,781.5316
14421,2487.8679,1945.8814,463.3886,727.7767
14422,352.141,269.7758,66.0442,99.5368
14423,1583.2158,3217.9581,806.0991,1337.5287
14424,2422.8961,3281.565,1026.7136,1236.5825
14425,2964.5864,2704.7227,733.5675,1150.3395
14426,2000.9917,2112.981,545.4543,891.2671
14427,1762.4659,2151.9125,503.8487,831.8437
14428,3102.6117,5189.6294,1245.5901,2071.7214
14429,2226.0955,1714.3241,480.6102,683.5488
14430,699.5994,1311.0033,316.9964,505.1981
14431,503.4443,521.4993,134.8355,207.5702
14432,1343.2957,1639.1894,468.6344,672.9315
14433,2526.394,4560.7289,1188.4677,1783.8339
14434,658.0174,630.4432,148.0939,234.9646
14435,2687.7908,4761.2317,1209.5633,1897.9598
14436,3148.3942,2986.22,665.5902,1231.0565
14437,1906.8278,3507.4277,908.2553,1404.7577
14438,755.8698,796.549,186.639,327.9561
14439,821.4953,1026.2455,268.7625,1247.2549
14440,2778.3508,2560.7323,785.408,1010.3945
14441,944.8302,1786.7131,368.9601,708.6518
14442,2737.064,5480.8019,1462.8234,2247.8747
14443,2229.6981,2989.0809,755.1855,1183.8724
14444,1831.6918,3633.2977,943.7614,1533.6882
14445,1343.7194,2126.3548,555.3478,841.3246
14446,1753.8117,3205.5985,825.986,1366.1193
14447,2565.1953,1859.3,551.2151,707.5034
14448,749.9794,1248.6861,250.8687,1661.2122
14449,2142.304,3308.597,791.8293,1328.0871
14450,3012.1536,5291.0684,1498.3608,2093.2133
14451,358.4374,668.4631,162.3771,265.5814
14452,2031.8477,2809.8919,835.5753,1156.6233
14453,399.3922,748.3176,221.6117,284.683
14454,1888.7376,1603.1326,428.1432,625.8098
14455,2423.844,2291.1523,514.7201,916.8944
14456,2366.1069,3914.0052,1148.6966,1618.98
14457,1594.9003,2297.6188,560.6587,858.7491
14458,143.3023,123.3914,29.2066,50.5264
14459,2708.6324,4943.1241,1066.9973,1889.8685
14460,2120.1643,3077.7846,704.6155,1233.182
14461,1052.786,1955.9416,495.787,756.7408
14462,542.2043,427.9723,117.8324,173.6535
14463,3110.9996,3140.3205,673.1134,1302.6107
14464,2932.6634,3437.7177,689.5986,1380.2664
14465,2643.7524,2960.8256,660.2136,1167.3546
14466,592.8896,775.2544,186.9571,295.751
14467,800.1339,956.7248,229.1568,380.562
14468,157.7065,227.4271,58.7054,91.7724
14469,1058.3823,1131.0121,332.8219,456.1046
14470,3119.3987,4528.9463,1187.7036,5269.4561
14471,856.6363,1642.236,459.8556,690.1632
14472,1276.6168,1041.0559,259.2116,426.889
14473,1887.5912,3757.3276,948.8084,1493.2618
14474,3202.3115,6317.5137,1444.8085,2639.9446
14475,3.7234,4.1169,1.064,1.5555
14476,2578.1014,3526.354,912.0676,1392.9429
14477,2784.2422,5639.3949,1462.108,2357.3636
14478,720.6861,1395.8242,331.3244,558.1514
14479,2278.5929,3264.519,764.4004,1360.7697
14480,1902.113,3643.8257,824.9542,1504.2502
14481,2413.5935,2733.7861,639.654,1073.0771
14482,2577.6408,2985.8014,874.4017,1175.999
14483,967.9151,1898.5689,502.6406,759.5879
14484,1914.9956,2287.2555,550.0265,2582.6767
14485,846.8943,1168.9257,272.0405,491.1358
14486,1966.6082,3741.7958,947.3171,1487.112
14487,2476.9963,4623.0,1059.9903,1922.3254
14488,2000.2696,1630.7752,335.5407,647.2892
14489,1714.9598,1903.6271,481.1398,781.6064
14490,647.3545,948.3789,289.6743,363.858
14491,2649.8761,2759.2218,752.9981,1121.6128
14492,1205.1245,1680.2143,415.6896,626.5946
14493,2838.0377,5660.1937,1473.3079,2300.4191
14494,648.185,976.4799,241.4229,1237.5923
14495,2943.7541,4285.7936,958.4665,1632.6788
14496,737.9034,1111.6625,260.4315,448.1173
14497,2265.1083,1966.7567,604.7785,791.7164
14498,594.1006,826.3894,204.5082,353.2847
14499,559.0431,1046.0018,262.5709,434.1307
14500,45.2908,82.2802,18.4739,30.9383
14501,2342.0138,4528.6523,1125.8384,1781.6545
14502,595.6334,1084.2417,255.2824,468.5149
14503,1360.6858,2160.7155,575.5109,918.0288
14504,1052.0318,1161.1703,265.1061,470.8618
14505,2576.5702,4077.325,1073.005,1774.9025
14506,1749.4625,3159.6338,753.5724,1237.7958
14507,3045.9229,3494.9398,943.6813,1338.0068
14508,1670.7063,3138.3348,881.2103,3688.9142
14509,1646.1452,2968.4026,810.5945,1110.4709
14510,1713.0726,3379.3028,852.3604,1307.1099
14511,1228.1899,1513.545,408.0109,585.2607
14512,1764.3942,2881.7003,593.0009,1101.4582
14513,410.3117,821.5264,266.5338,309.2074
14514,1293.6525,1964.3813,486.2334,803.9367
14515,1843.7657,2486.0304,626.5946,963.0087
14516,217.415,255.6404,62.5013,99.2112
14517,3084.3593,4659.215,1160.1792,1863.9785
14518,444.6043,879.1734,245.1184,358.7974
14519,1653.7548,3082.0656,726.8782,1276.1351
14520,1064.1435,806.3482,232.7157,301.729
14521,185.7154,236.9504,59.6574,97.9409
14522,2599.9193,3417.0928,829.1384,1355.8804
14523,1127.9135,1594.5783,463.247,629.9131
14524,2763.5808,4196.5193,1073.3023,1627.0871
14525,2763.2218,2250.9498,522.6397,874.7931
14526,641.295,533.9194,139.2891,213.6411
14527,1580.9521,2730.058,701.2805,1085.0494
14528,1678.5411,1396.2079,337.5473,560.5037
14529,272.6493,467.3756,111.4665,194.7268
14530,1814.6424,2628.6134,680.5826,1052.7619
14531,1469.6866,1922.4628,463.6939,731.3478
14532,455.5505,833.7336,230.7853,331.7278
14533,1558.7076,2241.2877,518.4297,2749.751
14534,693.6146,617.7086,148.6863,239.829
14535,293.0056,243.5631,69.9456,101.1603
14536,1063.348,1345.0307,337.7197,555.6736
14537,3037.9286,4266.271,1024.9283,5489.2191
14538,2677.0095,2820.8588,735.9296,1188.3859
14539,385.3885,386.369,97.2006,154.4536
14540,2670.1553,4512.2217,1225.1339,1952.3696
14541,1950.467,2501.0519,584.343,1019.829
14542,845.4712,1281.8569,303.0886,507.3493
14543,2358.4776,3133.6817,864.667,1283.0521
14544,2936.9166,5913.7978,1446.6665,2386.5155
14545,873.3435,1237.287,306.8806,507.2014
14546,874.5372,1477.4728,373.9934,612.5062
14547,2211.3539,3276.0289,770.256,1249.6922
14548,2164.0546,3031.9471,720.7481,1168.4413
14549,163.3226,286.5594,61.6205,114.9311
14550,1916.1693,1671.7918,478.5091,650.2661
14551,294.3476,542.5189,116.8245,694.734
14552,1912.9492,2903.3453,669.9229,1120.6922
14553,284.5492,469.3694,118.7973,194.3793
14554,1785.8674,2749.0307,701.5184,1154.4903
14555,2166.1779,3958.8432,1021.5228,1471.6174
14556,1321.7923,1300.0374,354.868,531.4158
14557,652.2129,640.8353,149.0113,237.4991
14558,1542.3365,2753.7,588.7889,1089.8991
14559,2262.3599,2686.6936,654.925,1035.2271
14560,977.438,1536.3016,343.7719,655.9516
14561,1681.8738,2313.2667,554.0771,979.79
14562,2894.3163,3491.9465,715.1738,1338.7447
14563,436.4177,611.2882,142.7765,250.71
14564,2656.3211,3402.9212,862.4171,1244.5825
14565,194.3562,337.7565,517.5504,129.2198
14566,1208.7085,1008.3572,252.9683,408.0254
14567,1212.2581,1965.0591,539.175,752.6794
14568,2749.5853,4071.5127,954.8418,1699.847
14569,939.7386,1073.2451,292.9658,1350.3294
14570,2133.5938,2935.425,642.9955,1185.3298
14571,2306.5863,4021.7125,1022.7104,1669.8132
14572,1903.3933,1665.636,368.7053,629.8153
14573,1543.6312,2156.8309,582.7979,867.9633
14574,2506.8311,3698.3408,933.1037,1502.0094
14575,1518.9409,1934.5562,461.01,791.316
14576,894.4075,1481.6007,399.685,602.2847
14577,2899.5537,2360.924,624.5693,955.9641
14578,1825.577,1489.4089,370.08,596.4932
14579,602.0505,743.8922,182.1149,291.9643
14580,3116.923,5091.4407,1249.8141,1910.7255
14581,2955.4345,3868.5667,1012.1737,4992.4134
14582,111.1716,180.6439,49.4634,72.9512
14583,2818.3804,4537.7737,1201.5603,1875.5165
14584,41.379,68.915,18.1532,29.2118
14585,2525.1973,2197.9086,516.5393,803.946
14586,1544.4795,1109.5176,1683.9585,443.0266
14587,2235.1203,3834.9143,935.6348,1543.4654
14588,2993.4679,5798.6907,1606.8309,2294.6196
14589,2118.9515,3429.5483,865.3718,1405.2457
14590,1128.4056,1850.1989,503.392,713.483
14591,2853.3698,2190.9693,644.4274,913.7323
14592,2844.9667,2634.7033,738.0704,976.2426
14593,2483.5272,4209.8336,983.9133,1755.1197
14594,1781.1884,2254.848,556.5242,888.925
14595,872.499,1452.727,410.0109,1818.0779
14596,1891.8278,2774.8586,644.0214,1102.3398
14597,2094.1146,3710.8669,781.1342,1546.9321
14598,1327.8087,1083.2735,302.5165,411.7653
14599,1297.8747,2394.0404,522.219,925.4991
14600,2141.7692,3637.1827,905.2882,1585.2325
14601,1611.6301,2461.5108,635.6186,1000.2003
14602,2907.396,4389.1393,1165.826,1686.7665
14603,2045.4727,2359.3729,612.5147,943.5143
14604,2873.1398,2776.4599,720.1427,1071.0386
14605,2173.5932,4284.2176,1088.2882,1718.7045
14606,1821.4505,2298.6406,3532.4525,3196.8557
14607,875.9645,1537.8685,370.8318,664.8288
14608,1287.2925,2568.3458,734.9153,1011.473
14609,3171.5401,5583.6109,1285.6962,2135.667
14610,1795.5305,1948.334,450.4983,741.7071
14611,1170.4748,896.3024,243.0402,349.6432
14612,992.0253,1017.2339,232.5825,411.5486
14613,526.6512,637.0063,168.017,243.01
14614,379.2716,524.9648,130.0316,217.8822
14615,1807.0059,2361.5282,704.7284,1042.5427
14616,660.4402,1001.3131,224.9819,1313.3669
14617,1337.064,1058.7737,255.8667,423.9882
14618,3203.6477,2737.5171,877.2146,1047.3844
14619,1575.5154,2417.3818,696.4135,1053.5272
14620,1854.9285,1358.1982,368.8487,514.7945
14621,2624.736,5071.8072,1231.1086,1913.9589
14622,1850.6187,3382.3918,874.9042,1382.0121
14623,33.1426,28.7736,8.247,11.5575
14624,1912.8778,1936.5939,436.4645,727.5246
14625,2661.2378,3257.1901,749.5166,1296.8954
14626,580.7317,498.5162,119.8821,206.1723
14627,158.7241,147.7273,33.57,211.3759
14628,1177.9103,1375.1975,309.7548,584.8635
14629,940.7244,1459.3523,411.0972,574.0109
14630,1342.3877,2604.0876,759.5001,1039.7889
14631,439.7913,346.0546,87.4606,422.9285
14632,899.3857,802.6982,185.4574,317.0025
14633,1095.3734,1148.53,231.5987,477.7734
14634,3209.4948,5441.0354,1323.2805,2159.2282
14635,3050.8132,3314.2358,905.0575,1298.2594
14636,610.5164,813.7987,252.5261,320.8997
14637,2125.6249,2555.9833,555.9005,1079.6963
14638,2664.1737,2162.8631,526.4893,850.2796
14639,2132.7477,2430.4367,596.3274,1001.7779
14640,1861.5557,3239.0735,694.3388,1360.2076
14641,8.6706,10.1458,2.9689,4.0634
14642,1276.2064,919.3284,246.4277,373.3653
14643,657.7614,1210.5898,254.4699,493.9208
14644,2707.537,3329.1419,835.5702,1275.9634
14645,58.6378,107.8904,31.0021,42.0584
14646,2305.0678,2811.9728,710.3757,1143.9696
14647,1425.114,1457.5494,430.7015,631.2985
14648,2396.2031,4473.6906,1046.6703,1817.1805
14649,1025.773,1720.2046,368.5314,712.1614
14650,547.0678,752.4529,175.3447,302.3027
14651,2617.0976,3333.2223,837.8625,1296.8616
14652,340.6419,313.7329,494.7235,116.1679
14653,1238.4642,1942.8399,444.1265,838.7231
14654,3190.6432,4969.8521,1478.9408,1881.0874
14655,387.9575,678.2572,148.4716,266.6382
14656,1626.1516,2126.7362,545.4658,807.3284
14657,2729.5897,3006.3828,867.205,1231.6234
14658,325.4784,456.9221,112.8865,178.8264
14659,1590.6324,1392.3808,345.412,579.2051
14660,1394.1184,2541.1625,619.683,1028.6098
14661,959.6385,684.4632,178.8468,284.1042
14662,3090.5942,6259.0115,1571.3302,2560.5857
14663,847.6553,658.6063,168.2977,250.5061
14664,536.6818,761.5726,197.5565,286.8371
14665,153.4514,178.7779,48.496,69.254
14666,338.7146,420.6896,95.5533,172.0649
14667,3125.4227,4480.05,1433.9283,1809.2248
14668,206.3694,328.773,80.1745,137.0923
14669,2394.2272,3198.4356,908.5011,1301.6963
14670,2006.9901,2063.204,529.4544,736.5719
14671,3037.0842,4931.7208,1236.3272,1968.3834
14672,2704.5539,4037.4845,1028.9238,1689.3483
14673,1323.2286,1916.1123,2933.6087,740.7824
14674,1848.735,1522.6694,365.6766,630.0539
14675,1721.084,1978.2479,580.2577,776.8907
14676,407.0979,507.2924,125.2614,208.2481
14677,1784.4706,2610.8292,646.3082,1001.3032
14678,2064.8803,3657.7918,837.199,1616.1711
14679,2852.4735,4834.2304,1281.1928,1960.4356
14680,3124.4988,3159.3261,814.4431,1299.8032
14681,1522.6192,3101.3668,792.2443,1129.5021
14682,2792.7894,5535.0413,1510.9239,2160.8164
14683,1612.3379,2466.4008,557.7211,959.5495
14684,2016.8804,3505.7357,756.0033,1384.2725
14685,1820.7474,2031.6485,536.7144,841.3428
14686,23.8495,45.1951,11.4817,55.2229
14687,2364.4269,3161.1782,826.7486,1305.5337
14688,2566.8527,4844.644,1312.0298,2058.8321
14689,1759.4631,3463.8959,871.7235,1337.5245
14690,2180.1448,3735.459,957.7394,1417.1176
14691,727.4496,1455.5052,369.3048,547.163
14692,1267.6417,1203.1495,278.8565,467.845
14693,1336.7899,2082.961,628.7366,839.4687
14694,2536.5204,2359.0196,600.9858,902.1933
14695,146.2751,253.3441,63.8313,109.1382
14696,2842.4716,2129.9057,628.7271,811.7442
14697,676.2962,810.0759,199.321,306.6944
14698,2678.6897,3341.284,890.4875,1303.1081
14699,1625.1214,1425.2173,369.8399,550.4025
14700,1214.0336,1312.5012,1888.822,490.2604
14701,663.9341,1101.885,267.5364,441.8191
14702,1409.2855,2479.215,687.7006,975.2133
14703,2327.7919,3681.2657,805.848,1466.0685
14704,2503.2183,2304.0112,575.9397,864.7587
14705,1649.7229,1331.4139,321.2747,564.2448
14706,5.5515,9.161,1.9709,3.9391
14707,1493.8003,2155.3273,604.9719,816.8973
14708,1572.6532,2717.4724,801.4998,1088.5236
14709,1333.4624,1639.9016,344.6928,710.2727
14710,1664.0877,1711.8241,440.7288,648.7837
14711,2420.3271,3663.8994,850.7511,1512.199
14712,2634.6361,1985.5483,483.6267,806.5621
14713,699.1626,727.0337,196.0341,273.1387
14714,2464.5977,2892.6493,631.4442,1126.4335
14715,2815.8625,5331.8434,1004.2293,2158.8855
14716,3037.8026,2338.9382,526.3073,972.2458
14717,626.6351,925.8121,239.03,385.7544
14718,3089.6516,4621.332,989.7825,1823.8289
14719,2037.5338,2223.0645,570.1394,889.3178
14720,3198.1905,2509.0778,630.8139,1071.6091
14721,1895.7471,1897.4457,452.5145,765.8046
14722,1480.5292,1183.1669,292.2156,486.1403
14723,1751.566,2340.8827,555.1975,963.8489
14724,2308.7288,2339.2871,584.415,1037.2032
14725,1543.1065,1188.7292,229.1991,480.7739
14726,1895.45,3130.9404,816.2492,1163.5265
14727,1388.7009,1377.2783,404.2964,578.9039
14728,413.0723,451.3137,118.3774,176.7648
14729,2038.3171,3579.6143,808.2986,1405.8376
14730,1110.0237,1220.6279,322.481,510.7107
14731,2697.302,2905.5594,838.7845,1220.4133
14732,3147.0666,5301.2016,1372.9937,2068.5088
14733,1677.2795,2963.275,808.099,1209.9318
14734,775.1828,1240.514,297.5367,479.808
14735,3003.9213,2669.4807,598.5403,1045.8831
14736,1332.7844,2241.4807,562.9807,934.477
14737,2332.225,3112.3948,4085.2535,1158.3096
14738,1422.4925,2133.5564,557.3952,862.6776
14739,668.5012,907.2047,215.0211,371.4217
14740,1175.0595,2201.7491,575.5931,2763.8684
14741,1618.9114,1826.4668,454.0217,799.7506
14742,2284.9104,2504.2057,516.5974,963.7311
14743,3085.6397,5630.5954,1550.0031,2193.9044
14744,1366.7251,2437.3886,611.0382,1072.1762
14745,2704.8553,1961.8909,442.0662,762.9487
14746,2424.6752,2110.1499,543.0341,889.5619
14747,2258.6626,2748.7214,683.5036,1111.8478
14748,2471.9946,4528.295,1001.4766,1771.9441
14749,2506.2264,3943.3423,6253.4404,1618.2604
14750,1136.4343,855.29,264.4129,348.2537
14751,583.6132,1026.433,274.6973,425.4051
14752,2105.9765,3611.71,938.4899,1560.8489
14753,1634.8268,2541.6532,3435.1132,1005.6147
14754,1394.2464,2358.639,599.8721,1033.239
14755,736.3199,1475.2533,345.4541,592.0594
14756,2580.714,3678.8153,841.7454,1443.0912
14757,528.9038,805.9699,228.7555,312.1664
14758,8.8373,17.8431,3.7969,7.0597
14759,956.9768,1056.8168,262.2896,442.5613
14760,2919.4026,2252.561,650.2546,882.3217
14761,1514.8454,1212.7129,263.6856,492.6893
14762,2748.7577,3979.802,963.6236,1608.3736
14763,322.9044,473.8498,117.0009,189.0149
14764,2102.9759,4177.7506,1065.7407,1782.382
14765,185.5535,150.5906,34.6602,65.3433
14766,1702.0844,1325.8216,309.1872,475.6193
14767,2752.8473,3443.885,796.3363,4136.0582
14768,559.4498,609.3324,166.0848,773.2264
14769,898.4075,1718.3386,448.6085,765.1521
14770,1502.9457,3037.3471,717.4278,1118.3924
14771,2327.5322,3911.751,813.5962,1600.0276
14772,2223.4266,3364.7845,833.7881,1342.7055
14773,2944.6259,5004.177,1150.2311,1904.3026
14774,2760.2725,4890.4247,1416.1521,2158.2154
14775,1996.2634,3507.81,956.0095,1353.0963
14776,994.981,1667.3478,360.7611,702.0918
14777,3073.6511,3363.984,847.1812,1320.035
14778,1422.3695,2313.4582,641.053,922.0192
14779,943.9874,1568.1553,414.1715,657.0081
14780,2567.0931,5162.059,1077.4213,2089.8728
14781,257.9299,467.7775,111.6516,177.7637
14782,77.0016,65.3036,15.6199,26.135
14783,25.1086,49.1367,12.6746,19.3624
14784,1948.4083,2192.2818,491.2577,851.7052
14785,2805.9753,4800.0328,1140.0815,1905.7441
14786,90.0513,161.0742,43.688,68.9432
14787,189.5122,136.5014,30.6542,55.046
14788,1032.6887,1490.4258,374.4158,550.3122
14789,338.6771,564.6605,131.4742,213.7469
14790,1056.6568,1130.9302,247.5973,440.3338
14791,1596.2048,2626.37,866.6072,1065.3259
14792,1847.4643,1655.8514,450.4841,654.6032
14793,331.1958,279.2218,72.4696,111.1257
14794,1381.9952,1698.6132,475.0915,697.5085
14795,1032.7196,1944.1638,406.0948,800.4685
14796,2080.9405,3872.5253,994.2122,1603.5104
14797,1677.2198,1945.727,458.6573,751.3452
14798,2546.3338,2202.0217,626.538,814.5736
14799,1409.5393,1152.2446,308.7122,447.0104
14800,2728.1538,3263.8551,947.2824,1259.5892
14801,1774.8198,2409.3883,574.7071,903.9992
14802,726.2122,678.8139,191.6358,279.3174
14803,749.2873,550.5334,144.9087,218.6061
14804,2358.8557,3471.2254,948.7245,1359.0416
14805,569.7118,673.2202,201.8124,291.3987
14806,2401.2279,2705.6137,623.5656,1030.6534
14807,1753.9942,3410.4487,896.1068,1259.4489
14808,2973.3189,6095.5861,1563.6729,2338.9728
14809,657.8061,1338.6846,286.4572,547.8916
14810,1535.7985,1993.8733,507.6737,829.8256
14811,2189.2057,1718.1457,389.6754,685.633
14812,2078.5179,3816.0328,920.1677,1615.7498
14813,1133.7555,1989.8403,526.1363,824.9912
14814,3.2189,3.4612,0.8038,1.4166
14815,1548.5815,1655.6041,402.6944,657.4325
14816,2404.2848,4047.5669,1007.1874,1644.75
14817,1073.0872,1989.161,491.6669,817.8738
14818,1389.4208,2119.5495,563.3779,826.3961
14819,311.0603,226.7522,48.7072,88.0635
14820,363.4775,515.6188,128.8892,201.8273
14821,70.6399,87.1533,21.7341,32.5371
14822,149.9762,276.8339,62.5114,112.075
14823,2122.1389,3702.6351,1080.3266,1489.2876
14824,1892.2909,1445.1899,358.3655,527.6718
14825,927.6233,1627.3474,413.7553,646.3105
14826,1895.0261,3665.2161,893.3323,1378.3
14827,826.2643,954.6855,280.4277,374.2546
14828,1461.1881,1967.3747,514.7063,777.357
14829,2706.076,3485.0908,986.0197,1441.9594
14830,1621.1923,2740.8532,586.0858,1044.7301
14831,406.4112,468.6449,112.3199,187.322
14832,1729.3801,1981.0426,465.9473,765.3146
14833,2885.5995,3420.8112,960.2901,1320.5948
14834,1087.2565,1750.4781,401.1526,697.8543
14835,3172.8174,3572.568,743.2411,4751.3902
14836,2076.5255,2600.1954,3830.2602,1002.6375
14837,986.0623,1617.7876,366.1112,665.387
14838,1657.9457,2131.7376,450.7334,814.3454
14839,1371.3785,1174.9879,287.5665,459.144
14840,267.0167,546.5836,126.4881,232.8018
14841,1891.1406,2900.1597,650.8996,1191.609
14842,2982.3712,4507.3108,1252.9845,5167.1706
14843,2567.0288,3127.4423,911.316,1342.821
14844,1754.9813,1266.2197,339.6219,483.9459
14845,3035.276,3910.7682,1005.2523,1752.5472
14846,1971.3643,3981.3715,1206.4423,1567.0883
14847,849.073,1010.996,249.342,1174.6767
14848,376.8375,507.2553,153.4715,196.8362
14849,755.9561,1394.6053,283.686,1797.9413
14850,3064.596,3505.3354,1131.6159,1429.0004
14851,2461.5101,1995.4426,511.908,802.4946
14852,1667.9371,3144.3116,911.1597,1253.88
14853,503.9148,446.0898,104.008,172.9413
14854,1624.619,3012.4289,718.4089,1176.7685
14855,3151.7371,5620.4758,1119.6689,2239.2319
14856,2020.3213,1904.9699,454.2964,755.6035
14857,1218.0917,1912.979,520.0038,785.8583
14858,1060.6167,890.605,227.9649,348.2619
14859,578.7932,506.2867,125.3972,189.8177
14860,2128.9351,3955.4208,949.1473,1678.8238
14861,2019.4173,3392.2325,1080.2799,4082.0192
14862,946.1458,1480.1311,378.7054,614.9616
14863,1281.786,1470.4173,362.129,597.8285
14864,1986.877,2893.6791,625.9292,1165.7079
14865,1810.53,2508.6659,581.8989,1047.6602
14866,1425.6694,1751.4028,448.8242,2148.9785
14867,3041.0573,4369.2126,975.8614,1809.0243
14868,1226.4915,981.5413,255.8128,412.4279
14869,1582.7072,1295.6389,305.9698,553.4841
14870,2441.5909,2582.166,588.0085,1050.5174
14871,1069.3231,861.5062,249.1713,329.6793
14872,908.1279,1210.5179,305.0866,492.4603
14873,1992.3884,3055.019,808.5811,1119.3731
14874,2498.0392,4607.1049,1107.4768,1760.215
14875,1748.0926,1353.9829,340.8469,551.4544
14876,1128.7177,2115.7786,522.3853,820.5313
14877,426.7292,795.6187,196.9961,310.7135
14878,520.2854,888.6589,235.1684,370.9927
14879,217.1979,169.6324,42.3681,68.0872
14880,2224.0141,3385.3677,944.6532,1339.8445
14881,3058.1854,4631.8809,912.9874,1881.7223
14882,1542.5601,2119.4061,644.7999,824.5246
14883,870.121,661.4118,155.8059,252.3941
14884,1992.3966,2913.2184,620.0942,1145.504
14885,2148.8357,2719.3214,664.1361,1111.0492
14886,2788.4959,3001.5862,622.0243,1154.4721
14887,2556.118,4438.6367,1015.3283,1666.4016
14888,807.466,1592.5281,487.9028,650.4608
14889,563.0866,452.1176,99.8982,186.3403
14890,298.9976,604.3052,140.513,242.7276
14891,1489.5365,1659.7269,455.9458,697.6201
14892,2401.2467,2390.7708,572.8261,942.4529
14893,2018.8277,3248.5493,765.2797,1284.0499
14894,724.1373,1024.7189,215.3044,401.9348
14895,134.9736,243.5551,65.4648,97.7481
14896,1375.9821,2780.3645,780.1032,1110.5164
14897,3177.2456,4621.2184,1004.566,1866.6815
14898,2590.0505,4769.2878,1003.5041,1838.7252
14899,2970.2124,2119.5354,540.8136,859.958
14900,1266.7314,2377.0194,646.1203,983.5334
14901,2175.7634,4237.7108,1161.8766,1619.0757
14902,2839.7132,5250.8508,1173.5082,2145.4788
14903,872.1279,1154.9498,353.5172,484.4138
14904,20.2076,22.1633,5.482,8.6943
14905,1745.3428,2582.007,607.1107,1018.1279
14906,1012.1083,1105.9837,275.2729,444.8888
14907,1767.6597,3101.3671,903.6531,1179.2004
14908,985.3907,743.5213,169.2636,290.797
14909,1358.7469,2357.769,564.9586,1048.9172
14910,670.3141,1228.2347,279.7083,485.9041
14911,2666.7011,1958.0441,445.2236,836.6272
14912,1105.1437,852.6367,175.0123,1106.0323
14913,1267.123,2360.9179,609.9544,2726.877
14914,2213.0858,3716.7916,1039.8133,1567.7223
14915,670.272,487.8699,146.2139,198.3079
14916,3102.1273,5414.428,1388.7413,2174.422
14917,2336.9329,3906.7985,915.3853,1584.7854
14918,1998.4958,3221.2775,841.9573,1132.1348
14919,1693.6573,2535.609,614.0936,986.4701
14920,1406.3859,2336.3172,532.5168,918.4657
14921,1309.8258,1435.9348,345.674,539.3263
14922,1259.4256,1086.0449,310.3631,453.5167
14923,1963.2561,2304.9261,642.8639,929.2341
14924,2120.795,4155.1936,1184.756,1619.2239
14925,484.8134,431.9577,138.9685,182.3306
14926,8.1282,14.9874,3.6505,5.9684
14927,3207.1949,5490.0729,1284.6679,2100.7932
14928,2233.2768,4242.9469,1205.1038,1682.677
14929,1445.5218,1264.4998,309.496,512.0981
14930,1218.4793,1052.5863,277.0164,415.0036
14931,1107.5818,2192.9848,610.6844,841.5273
14932,1943.5198,3917.5774,1130.83,5382.1336
14933,2325.6692,2209.0163,529.125,912.767
14934,1035.1414,894.4917,237.6238,360.8921
14935,2320.2219,3643.8431,1005.5383,1472.366
14936,1750.5665,2215.835,612.7571,832.9984
14937,1384.0475,2541.6346,615.033,1022.3686
14938,1120.5813,1979.2316,457.8802,2631.9113
14939,626.0369,640.8543,158.8389,258.4236
14940,2806.313,5615.772,1372.0287,2308.7302
14941,1852.537,2286.9678,601.563,2899.284
14942,128.5442,221.1165,63.3995,84.76
14943,1670.956,1688.6045,448.3971,670.4532
14944,113.8736,100.555,26.3471,41.3361
14945,557.4445,479.4019,135.8357,211.9482
14946,173.3999,219.8331,49.8672,83.4416
14947,1741.516,1985.9796,515.151,751.8288
14948,135.6406,106.8248,29.3329,43.6441
14949,1043.3528,2042.2624,658.188,811.2793
14950,627.7522,871.9951,209.2711,336.4555
14951,198.5877,279.6747,59.5085,112.3741
14952,234.4169,380.247,100.6297,147.8005
14953,2036.9817,2385.2483,532.3867,955.6819
14954,178.1025,195.2656,47.7434,73.9011
14955,458.3521,453.2446,114.8091,173.3989
14956,634.0687,778.9984,196.3136,316.7757
14957,2662.2212,2019.7892,516.3438,829.54
14958,2087.5647,3788.1031,891.4973,1517.0809
14959,2034.046,3934.9014,1211.044,4800.6324
14960,3019.1129,5119.7255,1015.588,2121.6565
14961,153.8592,232.5858,56.0336,101.4537
14962,962.8438,1727.4903,445.7921,746.5116
14963,326.0115,343.0518,81.6243,146.4799
14964,479.218,543.1343,125.0833,212.7384
14965,2265.4569,1707.6443,423.1915,707.4213
14966,2958.1847,5737.3728,1441.4862,2256.1212
14967,2070.5816,3862.7585,1029.9572,1562.936
14968,1529.5745,2302.4405,562.4867,2849.9615
14969,261.6724,245.2534,63.0884,101.9192
14970,106.7567,177.8023,44.6335,69.1823
14971,881.5858,1052.2929,284.7525,417.2842
14972,1102.4422,2145.8803,524.2755,881.5085
14973,256.6103,414.8969,123.1437,183.5842
14974,415.4745,524.6126,117.9433,230.0264
14975,1359.0585,1446.6665,334.7465,584.8912
14976,1089.0799,1423.4048,319.7618,560.9023
14977,2567.714,3884.515,1067.437,1511.971
14978,62.4069,84.7837,18.0201,34.0435
14979,615.4011,466.5853,127.1331,184.8371
14980,97.8923,189.4726,48.865,84.5595
14981,1610.6861,2558.114,712.2388,1010.4349
14982,2308.2954,1819.3168,501.3987,720.5498
14983,2879.0267,5627.1692,1312.8701,2307.8289
14984,2108.9728,3011.7906,796.8748,1234.2685
14985,525.7416,441.9586,109.6123,172.3459
14986,3013.2632,4974.609,1501.6845,1902.7095
14987,2174.7553,3269.4741,781.202,1388.113
14988,1277.884,1514.3478,405.255,644.0826
14989,2672.3262,4561.5359,1432.9694,1870.7965
14990,2190.1938,2312.45,633.7169,878.2415
14991,1901.783,1475.0771,376.4631,552.1275
14992,728.8339,690.0102,183.2394,263.1945
14993,2774.2559,5058.6476,1228.6442,1988.9553
14994,9.1376,11.7095,3.1254,4.7226
14995,2866.7035,2217.0528,478.6246,864.9335
14996,834.7855,742.4348,211.8009,288.4737
14997,916.9212,984.9065,222.2974,405.6924
14998,1688.3677,2977.5604,673.6545,1151.8492
14999,1819.7068,3241.9541,766.2154,1334.9362
15000,527.3769,688.5995,190.4956,258.6455
15001,398.9184,417.1038,106.2632,167.8065
15002,375.6593,631.4894,142.0293,260.1055
15003,631.2106,638.4866,143.5677,259.4914
15004,641.1224,789.9662,194.8422,318.6418
15005,844.1844,1724.4339,426.9698,681.3736
15006,1534.1138,1137.4006,266.3161,454.1347
15007,2008.3759,1549.7129,417.6388,619.2902
15008,526.3931,486.752,112.9044,181.2106
15009,2923.1327,4847.9765,1538.18,1976.2112
15010,166.6535,270.9558,64.4529,108.058
15011,3194.7304,4467.6236,959.4149,1868.7218
15012,2155.1363,3392.5412,712.5288,1302.9693
15013,1628.8216,1529.6683,358.256,1948.4767
15014,1805.2198,2198.7595,543.1936,935.8877
15015,871.1751,1020.6406,248.3697,391.4151
15016,3108.6124,3815.8449,1034.9334,1578.1341
15017,2456.8896,3788.9391,1051.0241,1342.8839
15018,2401.0378,4050.9413,1117.2958,1697.3194
15019,1706.1286,2191.9146,550.5727,810.9497
15020,781.0795,1404.7615,343.6521,578.5378
15021,1244.4613,2078.3925,592.9547,864.5433
15022,154.8319,269.0584,58.8663,105.343
15023,42.5467,83.4832,21.9449,31.8538
15024,793.5822,1055.8196,276.3881,419.7033
15025,2281.374,3921.0472,982.8684,1568.9049
15026,537.404,927.6599,244.853,362.5597
15027,1557.6557,1200.5879,351.2281,1427.522
15028,800.606,1277.7259,333.4199,514.284
15029,2293.6759,2909.6523,732.6496,1204.9282
15030,1511.4693,1368.9653,326.4537,509.8252
15031,104.049,140.4579,31.7734,56.7288
15032,1903.6025,1581.1917,428.3324,665.4548
15033,1257.0349,2300.3536,534.3106,971.676
15034,2741.0043,2537.2567,613.6361,1006.9793
15035,730.2592,1076.3924,345.2117,425.7848
15036,2219.7425,4511.342,1221.9387,1709.9567
15037,2530.3044,3568.0429,878.3583,1357.6289
15038,2976.83,4783.2086,1353.5604,1875.257
15039,697.018,1211.1869,343.8016,1387.0886
15040,2802.2434,4080.3799,1001.1565,4541.6056
15041,111.9033,118.8663,169.427,46.5507
15042,1898.5824,1621.1475,440.1314,658.1369
15043,2007.9578,2336.3324,627.9323,914.5696
15044,1972.1319,3089.1391,731.3655,1293.6774
15045,1501.681,2031.6145,551.7701,787.9905
15046,2272.8283,2324.4384,547.9636,976.1817
15047,2806.4839,2380.012,503.9645,963.5538
15048,2632.6111,4770.1101,1106.0937,1840.2179
15049,2366.324,2177.4481,585.9995,821.9005
15050,2670.2875,5384.6173,1442.7205,2255.2419
15051,2970.1792,5899.8815,1612.4714,2272.8175
15052,304.568,253.1737,55.6142,100.6565
15053,2965.9551,3211.7573,965.911,1271.4783
15054,1972.2849,2173.0775,499.498,874.4803
15055,2730.852,2197.9646,561.3018,2740.8422
15056,452.9018,512.2052,136.4612,211.0921
15057,2360.9403,4349.5573,1029.7387,1800.6538
15058,1350.7515,1539.8868,391.435,618.5839
15059,694.9845,840.5688,226.987,330.4194
15060,1280.7865,2485.1425,576.9278,992.1465
15061,1235.596,1527.0824,319.1668,565.1684
15062,2567.5785,4820.112,1148.3183,5852.2481
15063,2649.968,3525.9824,988.9139,1390.5927
15064,2422.5436,2260.0905,487.7722,917.1477
15065,1405.786,2286.9372,3102.1442,1030.4137
15066,2981.7104,2302.6486,607.5148,932.0549
15067,2514.7692,2374.6096,666.6609,913.7378
15068,116.9395,231.3121,61.483,101.0311
15069,2156.1003,2829.3544,736.078,1168.3621
15070,2229.3113,3003.3029,718.6016,1327.5378
15071,2739.7613,2243.7748,468.7296,958.8134
15072,400.4686,311.1767,423.7378,123.8775
15073,2492.9745,3392.8887,823.108,1353.7213
15074,494.9549,865.9922,220.2494,342.802
15075,2699.3143,5178.8109,1274.2742,1952.595
15076,1783.9194,3011.7962,725.657,1196.4649
15077,3151.3549,3329.4339,881.4845,4244.2766
15078,2477.5201,2619.7235,643.0177,1001.3054
15079,449.7921,712.9919,160.312,296.5445
15080,1830.2837,3685.0107,862.2111,1500.7644
15081,1567.3197,2590.5434,693.2431,1004.3209
15082,347.0513,464.975,114.1642,186.6114
15083,2290.616,4166.4704,1222.6488,1674.095
15084,2011.1757,3884.4426,887.976,1539.0723
15085,363.1548,334.661,94.6179,139.083
15086,1118.941,1280.0226,327.0814,517.9155
15087,2775.3877,4330.6588,1137.8601,1655.8102
15088,1837.6663,3193.9779,871.7673,1267.5163
15089,2739.9783,4292.4066,1066.3345,1775.3868
15090,1192.022,1829.7229,476.2514,2139.5197
15091,3126.4504,3943.7528,899.3141,1588.9901
15092,2153.2177,3614.0339,1018.9607,1439.9693
15093,3034.5466,2580.5444,601.9432,1058.499
15094,1241.5403,2234.3152,549.0019,904.738
15095,1830.9954,2600.2739,631.3329,1134.9719
15096,1432.5657,1636.2862,374.7873,660.0044
15097,2434.2496,2764.3114,609.8668,1124.3518
15098,2686.4938,3799.0152,1039.5351,1577.795
15099,2779.471,4397.5786,975.6547,1535.4869
15100,1804.5368,3205.7875,839.6966,1289.3694
15101,836.0495,1544.7105,358.5924,609.2881
15102,562.5154,1156.2924,318.6983,439.5817
15103,373.3018,348.1264,95.3416,142.4059
15104,1026.9319,959.4527,233.5669,403.6962
15105,2098.9893,2693.6826,868.8476,1134.3556
15106,2026.3998,3811.6681,909.7535,5398.8377
15107,378.9146,757.7528,183.9353,301.4936
15108,2294.674,3892.2646,1036.6539,1568.9952
15109,891.3051,1759.8476,517.5448,683.3161
15110,1694.2903,3000.3676,3918.1208,1174.9651
15111,1320.2105,2440.0962,567.785,986.5398
15112,1408.7033,1039.7234,255.4078,418.2879
15113,462.6919,902.209,220.8417,358.2162
15114,3110.8659,5969.4104,1938.3315,2480.9212
15115,2640.4901,2561.3805,505.4917,1017.365
15116,394.9203,642.0498,159.9451,262.9097
15117,2025.158,3457.8241,863.8434,1346.3164
15118,2185.1584,2903.1437,751.9909,1090.9005
15119,3.282,3.4505,0.8549,1.4348
15120,3009.9951,3413.7135,869.2777,1380.0535
15121,861.0029,1171.2896,353.739,457.4009
15122,229.1602,346.0646,82.0247,136.5816
15123,2086.0422,3665.2213,996.1551,1471.069
15124,1386.4763,2675.8904,778.9334,1062.0744
15125,1542.441,2526.0213,625.8194,924.3348
15126,3097.3911,3186.3661,659.9718,1328.9992
15127,2119.7462,2333.9147,610.4873,2635.0233
15128,2720.7869,2826.3292,648.752,1105.878
15129,3176.9055,2468.7111,629.7154,964.0092
15130,3066.6639,5064.1566,1033.9372,2011.2141
15131,1741.3314,2594.1185,636.1329,999.2472
15132,2880.9283,2664.0717,3613.6082,1090.6265
15133,2410.2072,4171.9163,824.2604,1605.6181
15134,2393.9109,1956.6961,468.049,773.1867
15135,2653.8645,2525.0487,742.9888,1063.7858
15136,2222.0029,2376.914,506.9798,943.9096
15137,689.8727,598.1714,160.6812,231.8388
15138,499.2727,557.096,135.1623,247.047
15139,2965.5221,5505.924,1402.4753,2076.0412
15140,755.0238,1288.2826,314.2125,498.0121
15141,3032.5404,3687.9838,781.5046,1384.6433
15142,1866.1119,2548.5003,618.8932,1051.0504
15143,2276.2082,3692.6246,1007.0895,4450.1395
15144,166.2462,183.8789,38.2148,72.1176
15145,930.9821,1491.1394,355.4763,579.2369
15146,634.0392,988.5394,240.816,394.1842
15147,98.8925,196.3375,45.5666,81.9798
15148,2988.3865,5611.4011,1343.2128,2187.205
15149,2785.8858,2415.1949,570.468,946.5586
15150,2497.7635,4332.495,1157.4047,1697.9913
15151,2153.7203,4142.5925,872.162,1681.1663
15152,2033.106,2360.8276,568.8792,938.3777
15153,2193.7098,2308.2687,497.676,896.757
15154,142.536,264.3022,60.4328,112.7955
15155,1165.6943,1201.5345,283.5199,1443.1843
15156,2596.9993,4249.494,1006.3307,1725.1071
15157,385.6383,349.4046,76.5894,135.6514
15158,2511.64,2040.7362,476.3751,825.8693
15159,2046.2692,3851.0776,895.5953,1478.8457
15160,2163.0296,2011.1097,501.5559,816.93
15161,2854.1306,5664.2856,1408.5034,2285.125
15162,3153.4851,4202.0242,890.9104,1650.2428
15163,1669.2325,1440.531,513.2034,584.5882
15164,920.1828,1258.5566,357.0919,543.7005
15165,1853.1692,2113.7358,551.2349,840.9685
15166,2018.5209,2591.5348,589.1773,3484.2871
15167,3122.5091,6233.8293,1636.9263,2536.7563
15168,1459.4631,2248.9687,522.8893,888.5842
15169,821.082,1438.907,376.228,593.7719
15170,2359.0731,2495.6645,593.5726,961.3125
15171,3175.6214,4234.3148,1021.5361,1628.5157
15172,2805.0548,4697.5948,1097.1907,1841.8327
15173,1213.4513,1313.214,327.133,504.004
15174,2038.5884,2650.6489,616.5864,1093.7445
15175,2383.6705,2049.2561,515.6194,847.4031
15176,1289.8129,2012.4893,619.1551,830.9224
15177,1923.2384,2705.2167,682.4177,1053.5353
15178,281.8163,308.6668,88.7976,131.9294
15179,1230.5487,2087.0136,2934.2272,830.5068
15180,2454.768,2383.3889,487.8568,976.8803
15181,2173.8832,2921.9415,816.5777,1226.0843
15182,1378.1966,2707.9915,783.81,1083.8766
15183,183.4042,284.3395,69.2548,356.9568
15184,2035.8503,3402.3093,915.2801,1346.3667
15185,1518.2943,2742.1368,648.2278,1133.3627
15186,2496.8273,4900.7272,1196.6926,1981.1686
15187,14.5782,26.4252,7.0462,10.8065
15188,378.0215,272.9485,73.6927,114.4105
15189,1974.4596,2388.3725,658.325,926.5243
15190,1225.788,1243.2472,304.2999,462.7308
15191,3035.0667,4152.4702,1103.9074,1729.9232
15192,665.7515,746.4006,153.8635,305.2392
15193,2833.3382,4628.9414,1152.1701,1720.1523
15194,2572.1688,5198.7439,1314.2809,2109.0831
15195,972.9946,1428.4561,345.0503,546.6025
15196,1517.065,3020.0518,787.0878,1192.5359
15197,2272.3388,3018.8631,791.0787,1202.6139
15198,1677.6366,1877.4261,502.5729,781.9528
15199,624.1691,586.418,140.0012,240.096
15200,376.029,349.262,77.69,148.046
15201,1001.2788,957.0049,215.7979,1112.7576
15202,650.4465,740.8424,177.2157,297.6956
15203,863.7055,1691.1953,483.0542,695.5293
15204,2776.7853,5553.5187,1365.368,2243.702
15205,1236.1171,1702.6073,505.312,666.4856
15206,234.089,396.1658,111.561,153.9923
15207,2135.592,3358.3982,756.6339,4925.4962
15208,2281.7021,2554.8741,680.9944,3648.7391
15209,2318.4532,3878.661,874.431,1397.9153
15210,1656.7541,2159.2829,635.9653,819.5406
15211,3129.8447,2894.3655,700.056,1222.3289
15212,1720.2511,1553.6754,374.5809,646.4256
15213,2340.3967,3988.4022,1065.3195,1619.4161
15214,2886.5914,3608.3726,991.7125,1389.8715
15215,550.403,1114.6801,265.942,464.3497
15216,2508.8859,3184.6791,841.104,1214.4525
15217,1924.8138,2352.657,571.2176,937.255
15218,630.2421,1063.9039,1687.5063,436.3481
15219,2105.8375,4064.3324,926.1556,1669.1998
15220,2710.7363,4141.3328,1086.0239,1777.73
15221,1837.3587,2431.5153,636.0748,995.2191
15222,1215.6477,1991.0547,558.6622,788.6279
15223,1644.6538,1438.8758,328.4562,586.3155
15224,1608.9877,2662.2624,619.9417,1144.5489
15225,488.2654,486.5212,128.285,188.5538
15226,1110.0643,1594.2757,434.0791,620.6265
15227,554.2107,452.4301,130.1144,172.6676
15228,1218.673,1095.8535,299.5781,418.6461
15229,2582.222,4360.39,1117.2437,1849.5807
15230,1466.6423,2659.4808,835.8981,1021.4977
15231,3177.0135,3875.893,960.5702,1652.146
15232,2707.4135,2582.0169,691.8812,1052.588
15233,2697.3461,2692.8824,685.1014,1050.6144
15234,2554.0489,3644.7135,1041.4292,1481.4587
15235,1551.4425,2502.913,590.0955,937.8743
15236,795.4166,1580.1987,471.1279,638.8096
15237,886.9546,731.1708,219.1716,286.0117
15238,1193.447,2102.759,462.3457,881.6402
15239,2851.1498,4590.4217,1374.0215,1790.4268
15240,1725.6432,1613.6333,355.0709,637.13
15241,1465.328,1995.5998,523.0063,797.0161
15242,2028.4949,1694.6527,396.407,705.4834
15243,4.8498,5.7507,2.0743,6.9012
15244,1188.2162,960.2111,262.8088,372.9755
15245,672.0442,624.6387,175.3223,250.7498
15246,596.492,812.6134,187.4985,325.6831
15247,1385.9771,1846.7081,430.7791,739.397
15248,1356.6595,1611.2622,396.8358,681.4776
15249,710.0406,1219.2195,299.3025,492.1396
15250,1621.1027,2208.5909,551.2298,878.1123
15251,3005.1586,5394.1546,1783.0932,2115.6982
15252,2471.0537,2735.547,625.377,1109.2322
15253,2685.8673,4259.4451,1103.3343,1709.5048
15254,839.7048,608.9904,141.077,247.1535
15255,3073.7924,6167.692,1596.9928,2458.8729
15256,2458.9329,3227.9969,749.3907,1294.7432
15257,2936.4485,5677.1153,1425.1331,2400.821
15258,1324.0158,2568.5631,554.7384,1042.4973
15259,357.1637,517.2477,128.5279,220.0362
15260,1698.2997,1956.9,456.2855,790.3535
15261,971.3103,1377.7639,333.9926,598.2065
15262,2951.7538,5526.4958,1380.0574,2278.7437
15263,2130.8525,2099.9221,489.4189,786.1959
15264,573.7643,991.4038,235.3644,387.159
15265,2121.5104,4188.7167,1262.5222,1604.5619
15266,2164.2498,2219.3547,663.6304,927.6653
15267,3021.2698,5718.7624,1557.5072,2307.4288
15268,1630.8029,1378.5451,319.3124,573.7411
15269,359.4976,685.5589,149.9546,272.4897
15270,1336.8699,2722.7539,739.7943,1114.7654
15271,1166.9073,1607.6773,370.7396,642.6783
15272,1367.7179,2409.6234,588.2206,1030.3433
15273,511.3998,380.8463,88.9658,148.5185
15274,750.4876,770.0621,178.5616,306.7269
15275,2799.6936,2080.9339,499.2559,842.1993
15276,656.2015,491.0889,126.5644,203.929
15277,363.4473,596.9058,135.9016,248.768
15278,2015.2746,2381.6571,594.5595,965.609
15279,2208.2127,3391.4257,943.756,1334.5184
15280,874.3774,1139.9252,295.4909,434.9405
15281,609.0286,545.8935,129.6093,228.3599
15282,1625.9673,3071.311,723.2063,1200.4117
15283,293.5444,407.1866,96.3789,166.1264
15284,2430.7624,1776.0671,459.8486,703.5991
15285,914.1046,1280.7457,348.9849,533.0839
15286,515.2914,512.6226,147.2429,201.7688
15287,1653.3964,2150.294,514.6616,857.8355
15288,1778.4932,2869.0403,747.3749,1115.0491
15289,2580.2132,4827.7924,1272.6931,1950.0253
15290,148.4804,248.7573,56.0806,98.6894
15291,1318.0906,1904.3371,492.8913,732.5222
15292,81.8295,124.7174,32.5324,50.3491
15293,276.7846,278.2847,71.4707,108.5946
15294,2657.3767,2672.3819,878.1365,1143.9237
15295,299.545,317.648,84.9899,126.7643
15296,2822.2692,3189.2692,695.7469,1282.9307
15297,2210.1607,2105.3186,484.911,873.9263
15298,18.6616,23.6092,6.4875,9.842
15299,780.8515,1176.3882,310.664,475.6971
15300,1159.9068,1559.7157,382.0889,591.3509
15301,890.772,1599.1867,349.8687,638.5206
15302,1671.8575,1237.389,315.8189,489.4165
15303,1031.6165,1023.1555,215.9055,428.5121
15304,2649.8674,3061.2623,695.4743,1318.4162
15305,1959.3245,2719.5197,639.9529,1262.1284
15306,3008.2449,4126.2254,892.9961,1562.7138
15307,387.012,624.8647,142.8773,245.1923
15308,1332.6172,2441.4439,602.1267,969.9878
15309,1679.9795,2783.1085,635.8143,1073.6994
15310,3106.3337,2722.0703,537.8599,3382.5851
15311,864.2006,1090.8553,303.8808,482.4
15312,1552.3656,1618.0009,453.5278,644.2229
15313,2419.7394,3024.8824,745.3624,1128.4496
15314,191.4979,255.0814,60.288,100.2116
15315,2168.3367,3386.3199,985.4963,1409.4954
15316,1235.517,2505.6708,561.621,1002.6715
15317,649.3591,1087.2032,272.8642,443.4424
15318,2210.4868,3218.0847,701.8652,1255.3317
15319,335.7494,382.5513,106.2315,151.1504
15320,2695.2565,3017.7614,729.9923,1289.6526
15321,2069.1483,1680.2901,395.5207,680.2503
15322,1249.4473,2143.0481,552.9032,834.7838
15323,541.1579,890.8542,203.416,331.2861
15324,1674.6252,2624.4712,577.3678,1012.0665
15325,362.4922,617.4494,122.8448,244.6567
15326,1715.7347,3514.6215,744.5296,1311.0214
15327,698.4016,570.3647,132.7939,232.1982
15328,2201.4073,1857.4648,501.0571,742.1383
15329,2238.6083,2819.8947,811.3231,1187.0087
15330,759.7849,813.1954,181.9659,985.8192
15331,900.4501,1086.7345,250.4203,430.9382
15332,2417.9642,1914.6483,531.7774,749.6706
15333,419.2776,491.0827,129.4285,198.504
15334,1347.3898,2346.8659,647.7556,898.0709
15335,1481.2244,3030.9885,4354.1026,1140.6521
15336,816.9249,617.6956,183.9488,760.1957
15337,2496.9275,2532.6897,696.5674,1017.7056
15338,872.0927,917.2686,1350.3097,372.5265
15339,394.6264,606.4482,159.8932,237.3802
15340,1624.5345,2767.8041,846.9066,1061.3219
15341,215.9352,355.9283,107.057,146.1264
15342,1517.0625,1616.9328,451.0549,637.4708
15343,285.2085,564.517,149.9378,224.4043
15344,2822.7884,2895.0812,772.3544,1170.8362
15345,568.7628,525.3312,144.6406,198.7547
15346,198.8438,225.0315,54.3213,96.7769
15347,3042.6342,3868.1286,942.1072,1600.9115
15348,581.9011,1024.0769,235.9902,413.3014
15349,1535.8267,2709.2321,614.6188,1043.6713
15350,2176.0776,1844.3188,505.1776,714.6456
15351,1221.955,1082.5558,290.1186,418.316
15352,1367.7913,1054.4248,266.4982,431.8211
15353,1006.5562,2068.5228,526.5652,873.2418
15354,3072.3509,2970.416,698.4887,1135.3646
15355,1058.3411,958.8251,218.4014,383.6224
15356,2131.7547,3480.0799,760.2456,1444.6885
15357,223.0409,228.1545,62.5587,92.7335
15358,1269.9746,1121.9206,308.703,436.6749
15359,902.8658,651.0934,192.0106,811.7208
15360,3165.6325,6328.9195,1751.5186,2526.5616
15361,2529.514,3400.4945,829.3844,4062.0311
15362,799.7924,775.1386,228.1954,319.6507
15363,683.2424,541.058,137.0294,740.5864
15364,1843.4013,3577.0368,954.4061,1423.3533
15365,2484.1859,4714.8731,971.8844,1791.2833
15366,2059.9389,3980.24,4815.3377,1531.944
15367,1256.5101,1521.0471,352.7455,632.5324
15368,2025.9915,1629.5409,432.9136,614.2243
15369,3189.4935,6100.6125,1474.092,2403.6454
15370,1564.1683,2462.4028,624.3808,1007.9037
15371,871.3363,1196.0003,328.8342,471.8888
15372,1268.8969,2329.8853,662.8321,934.7035
15373,1665.2503,2123.2025,471.7276,897.5764
15374,2794.6215,3107.3277,911.3062,1270.8304
15375,940.8527,995.6833,241.3115,408.2584
15376,41.1724,83.6926,20.7332,31.7526
15377,1805.0355,2942.7228,761.6253,1163.9887
15378,512.0237,638.0231,157.4603,235.3045
15379,1264.9349,1141.3678,244.1744,430.0849
