machine,app,"args",ranks,duration,BR_INS,LD_INS,SR_INS,TOT_INS,L1_LDM,L1_STM,L2_LDM,L2_STM,FP_SINGLE,FP_DOUBLE,ARITH,IO Bytes Read,IO Bytes Written,MEM_WCY,REALTIME (sec),PM_MATH_FLOP_CMPL,L1-DCACHE-LOAD-MISSES,L1-ICACHE-LOAD-MISSES,Overhead
corona,comd,"",1,0.0333,116000000.0,817920249.0,250494660.0,2014000000.0,73352868.0,-1.0,-1.0,-1.0,-1.0,-1.0,-1.0,293744.0,206264.0,354191814.0,0.475758,,,,1.5222420000000003
corona,comd,"",1,0.0333,152000000.0,1082901656.0,328072104.0,2632000000.0,97475957.0,-1.0,-1.0,-1.0,-1.0,-1.0,-1.0,293744.0,206264.0,467561963.0,0.626035,,,,1.3719650000000003
corona,comd,"",1,0.0333,24000000.0,127480053.0,37775452.0,364000000.0,13160240.0,-1.0,-1.0,-1.0,-1.0,-1.0,-1.0,293744.0,206264.0,51999570.0,0.080118,,,,1.9178820000000003
corona,comd,"",1,0.0333,32000000.0,199051526.0,60620877.0,540000000.0,16826164.0,-1.0,-1.0,-1.0,-1.0,-1.0,-1.0,293744.0,206264.0,84157634.0,0.130132,,,,1.8678680000000003
corona,comd,"",1,0.0333,46000000.0,305429475.0,93267420.0,786000000.0,29902380.0,-1.0,-1.0,-1.0,-1.0,-1.0,-1.0,293744.0,206264.0,128174319.0,0.18554600000000002,,,,1.8124540000000002
corona,comd,"",1,0.0333,66000000.0,447124653.0,135856634.0,1124000000.0,35480597.0,-1.0,-1.0,-1.0,-1.0,-1.0,-1.0,293744.0,206264.0,187774654.0,0.26533700000000005,,,,1.732663
corona,comd,"",1,0.0333,90000000.0,623901853.0,188433275.0,1538000000.0,50478511.0,-1.0,-1.0,-1.0,-1.0,-1.0,-1.0,293744.0,206264.0,262231228.0,0.3554480000000001,,,,1.6425520000000002
corona,cosmoflow,"",1,0.0333,174000000.0,1243999995.0,369903260.0,2996000000.0,99505434.0,-1.0,-1.0,-1.0,-1.0,-1.0,-1.0,293744.0,206264.0,510810529.0,0.7239970000000001,,,,1.274003
corona,cosmoflow,"",1,0.0333,222000000.0,1641082450.0,486812477.0,3922000000.0,144072994.0,-1.0,-1.0,-1.0,-1.0,-1.0,-1.0,293744.0,206264.0,679647798.0,0.906227,,,,1.0917730000000003
corona,cosmoflow,"",1,0.0333,46000000.0,273303016.0,81125619.0,710000000.0,25726945.0,-1.0,-1.0,-1.0,-1.0,-1.0,-1.0,293744.0,206264.0,108912816.0,0.160165,,,,1.837835
corona,cosmoflow,"",1,0.0333,62000000.0,414753548.0,123158270.0,1054000000.0,32615907.0,-1.0,-1.0,-1.0,-1.0,-1.0,-1.0,293740.0,206264.0,166699706.0,0.2451990000000001,,,,1.752801
corona,cosmoflow,"",1,0.0333,90000000.0,622051113.0,185033944.0,1534000000.0,59361006.0,-1.0,-1.0,-1.0,-1.0,-1.0,-1.0,293744.0,206264.0,250497271.0,0.360797,,,,1.6372030000000002
corona,cosmoflow,"",1,0.05,128000000.0,902122957.0,267941848.0,2190000000.0,70688423.0,-1.0,-1.0,-1.0,-1.0,-1.0,-1.0,293744.0,206264.0,366507257.0,0.50581,,,,2.49419
corona,cosmoflow,"",1,0.05,294000000.0,2143222012.0,636855043.0,5128000000.0,191994253.0,-1.0,-1.0,-1.0,-1.0,-1.0,-1.0,293744.0,206264.0,901190710.0,1.1863620000000001,,,,1.8136379999999999
corona,deepcam,"",1,0.2833,3192000000.0,24815098355.0,7236505734.0,58066000000.0,2372997120.0,-1.0,-1.0,-1.0,-1.0,-1.0,-1.0,293744.0,206264.0,10145602270.0,13.757675,,,,3.2403250000000003
corona,deepcam,"",1,0.55,6480000000.0,51102421587.0,14907627127.0,119426000000.0,3760865311.0,-1.0,-1.0,-1.0,-1.0,-1.0,-1.0,293744.0,206264.0,22904753921.0,29.455886,,,,3.5441140000000004
corona,deepcam,"",1,0.5,6126000000.0,48227774948.0,14066121224.0,112682000000.0,4230960205.0,-1.0,-1.0,-1.0,-1.0,-1.0,-1.0,293744.0,206264.0,21474519120.0,27.31921,,,,2.6807899999999982
corona,deepcam,"",1,0.5666,6834000000.0,54045044569.0,15766992811.0,126268000000.0,5129841311.0,-1.0,-1.0,-1.0,-1.0,-1.0,-1.0,293744.0,206264.0,24585241397.0,31.130978000000002,,,,2.8650219999999997
corona,deepcam,"",1,0.6166,7236000000.0,57244152378.0,16698716230.0,133712000000.0,4165194903.0,-1.0,-1.0,-1.0,-1.0,-1.0,-1.0,293744.0,206264.0,26225717936.0,33.375176,,,,3.620823999999999
corona,deepcam,"",1,0.65,7626000000.0,60500757151.0,17651074963.0,141272000000.0,5301752032.0,-1.0,-1.0,-1.0,-1.0,-1.0,-1.0,293744.0,206264.0,27985241276.0,35.057181,,,,3.942819
corona,deepcam,"",1,0.6833,8038000000.0,63830093331.0,18625717377.0,149046000000.0,4635271110.0,-1.0,-1.0,-1.0,-1.0,-1.0,-1.0,293744.0,206264.0,29760595873.0,37.485786,,,,3.5122140000000073
corona,deepcam,"",1,0.7166,8440000000.0,67243796268.0,19630762856.0,156946000000.0,6310819760.0,-1.0,-1.0,-1.0,-1.0,-1.0,-1.0,293744.0,206264.0,31572081814.0,39.649967,,,,3.3460330000000056
corona,deepcam,"",1,0.7833,8918000000.0,70970455808.0,20710623953.0,165678000000.0,5093219738.0,-1.0,-1.0,-1.0,-1.0,-1.0,-1.0,293744.0,206264.0,33425635965.0,42.158705,,,,4.839295
corona,deepcam,"",1,0.85,9856000000.0,78618504216.0,22941238544.0,183500000000.0,5853281423.0,-1.0,-1.0,-1.0,-1.0,-1.0,-1.0,293746.0,206264.0,37548483654.0,47.187867,,,,3.812133000000003
corona,deepcam,"",1,0.8833,10358000000.0,82673541234.0,24124497193.0,192962000000.0,7549205551.0,-1.0,-1.0,-1.0,-1.0,-1.0,-1.0,293744.0,206264.0,39999891672.0,49.28173099999999,,,,3.716269000000004
corona,deepcam,"",1,0.8,9396000000.0,74768498107.0,21817901080.0,174576000000.0,6539420145.0,-1.0,-1.0,-1.0,-1.0,-1.0,-1.0,293744.0,206264.0,35551365538.0,43.976849,,,,4.023150999999999
corona,minigan,"",1,0.0333,132000000.0,940088234.0,278372011.0,2280000000.0,88257529.0,-1.0,-1.0,-1.0,-1.0,-1.0,-1.0,293744.0,206264.0,378132220.0,0.526417,,,,1.4715830000000003
corona,minigan,"",1,0.0333,258000000.0,1867627335.0,549525983.0,4454000000.0,148942954.0,-1.0,-1.0,-1.0,-1.0,-1.0,-1.0,293744.0,206264.0,761825662.0,1.0218639999999999,,,,0.9761360000000003
corona,minigan,"",1,0.0333,68000000.0,416174990.0,122567505.0,1056000000.0,38287346.0,-1.0,-1.0,-1.0,-1.0,-1.0,-1.0,293744.0,206264.0,169319861.0,0.24024300000000004,,,,1.7577570000000002
corona,minigan,"",1,0.0333,94000000.0,633022007.0,186627893.0,1566000000.0,49185033.0,-1.0,-1.0,-1.0,-1.0,-1.0,-1.0,293744.0,206264.0,254433108.0,0.360758,,,,1.637242
corona,minigan,"",1,0.05,188000000.0,1346415058.0,399963678.0,3254000000.0,104954901.0,-1.0,-1.0,-1.0,-1.0,-1.0,-1.0,293744.0,206264.0,549558492.0,0.74133,,,,2.25867
corona,minigan,"",1,0.05,330000000.0,2454864727.0,720971093.0,5832000000.0,214903235.0,-1.0,-1.0,-1.0,-1.0,-1.0,-1.0,293744.0,206264.0,1005768131.0,1.3468410000000002,,,,1.6531589999999998
corona,minigan,"",1,0.05,434000000.0,3219784194.0,946790110.0,7624000000.0,286038375.0,-1.0,-1.0,-1.0,-1.0,-1.0,-1.0,293744.0,206264.0,1335607655.0,1.7528700000000002,,,,1.2471299999999998
corona,miniqmc,"",1,0.0333,124000000.0,853955160.0,251122030.0,2078000000.0,65016053.0,-1.0,-1.0,-1.0,-1.0,-1.0,-1.0,293744.0,206264.0,342329139.0,0.4755680000000001,,,,1.5224320000000002
corona,miniqmc,"",1,0.0333,176000000.0,1257541504.0,371643457.0,3028000000.0,117270712.0,-1.0,-1.0,-1.0,-1.0,-1.0,-1.0,293744.0,206264.0,504138266.0,0.7012959999999999,,,,1.2967040000000003
corona,miniqmc,"",1,0.0333,250000000.0,1807856594.0,530895230.0,4320000000.0,140329736.0,-1.0,-1.0,-1.0,-1.0,-1.0,-1.0,293744.0,206264.0,721164987.0,0.981151,,,,1.0168490000000001
corona,miniqmc,"",1,0.0333,90000000.0,562246406.0,165318684.0,1402000000.0,50830727.0,-1.0,-1.0,-1.0,-1.0,-1.0,-1.0,293744.0,206264.0,224487102.0,0.32047600000000004,,,,1.6775240000000002
corona,miniqmc,"",1,0.05,342000000.0,2484911951.0,730704375.0,5912000000.0,197098134.0,-1.0,-1.0,-1.0,-1.0,-1.0,-1.0,293744.0,206264.0,1010053580.0,1.341749,,,,1.658251
corona,miniqmc,"",1,0.05,438000000.0,3271314626.0,961753693.0,7742000000.0,286556216.0,-1.0,-1.0,-1.0,-1.0,-1.0,-1.0,293744.0,206264.0,1337585320.0,1.8025960000000003,,,,1.1974039999999997
corona,miniqmc,"",1,0.0666,576000000.0,4286145334.0,1256545034.0,10120000000.0,376316817.0,-1.0,-1.0,-1.0,-1.0,-1.0,-1.0,293744.0,206264.0,1766726395.0,2.334196,,,,1.6618040000000005
corona,minitri,"",1,0.0333,112000000.0,708928510.0,208567651.0,1746000000.0,64004705.0,-1.0,-1.0,-1.0,-1.0,-1.0,-1.0,293744.0,206264.0,281416298.0,0.395409,,,,1.6025910000000003
corona,minitri,"",1,0.0333,154000000.0,1069818891.0,313957718.0,2592000000.0,81310482.0,-1.0,-1.0,-1.0,-1.0,-1.0,-1.0,293744.0,206264.0,424904729.0,0.5955069999999999,,,,1.4024930000000002
corona,minitri,"",1,0.0333,218000000.0,1576217452.0,463152185.0,3776000000.0,146373115.0,-1.0,-1.0,-1.0,-1.0,-1.0,-1.0,293744.0,206264.0,625150262.0,0.8611820000000001,,,,1.136818
corona,minitri,"",1,0.05,312000000.0,2265801454.0,664021727.0,5384000000.0,175212933.0,-1.0,-1.0,-1.0,-1.0,-1.0,-1.0,293744.0,206264.0,910260451.0,1.221575,,,,1.778425
corona,minitri,"",1,0.05,424000000.0,3107430358.0,909748404.0,7370000000.0,246816142.0,-1.0,-1.0,-1.0,-1.0,-1.0,-1.0,293744.0,206264.0,1250885775.0,1.6978970000000002,,,,1.3021029999999998
corona,minitri,"",1,0.0666,544000000.0,4085002791.0,1198201040.0,9652000000.0,358817884.0,-1.0,-1.0,-1.0,-1.0,-1.0,-1.0,293744.0,206264.0,1661325900.0,2.217922,,,,1.7780780000000003
corona,minitri,"",1,0.0833,716000000.0,5343834470.0,1565399815.0,12614000000.0,474441974.0,-1.0,-1.0,-1.0,-1.0,-1.0,-1.0,293744.0,206264.0,2201950458.0,2.8886950000000002,,,,2.109305
corona-cpu,sw4lite,"/usr/WS1/dnicho/summer2022/repos/sw4lite/tests/cartesian/basic.in",1,3.1833,4054000000.0,453254848326.0,5127407555.0,1072638000000.0,2033474367.0,-1.0,-1.0,-1.0,-1.0,-1.0,-1.0,295550.0,207718.0,151464115253.0,177.37843099999836,,,,13.619569000001633
corona-cpu,sw4lite,"/usr/WS1/dnicho/summer2022/repos/sw4lite/tests/cartesian/skinny.in",1,5.5,7062000000.0,793074624980.0,8964663918.0,1875304000000.0,4400047206.0,-1.0,-1.0,-1.0,-1.0,-1.0,-1.0,295426.0,207722.0,264735193428.0,310.7862689999977,,,,19.213731000002326
corona-cpu,sw4lite,"/usr/WS1/dnicho/summer2022/repos/sw4lite/tests/cartesian/uni.in",1,4.7166,98172000000.0,599539438351.0,59569348243.0,1637814000000.0,2052552328.0,-1.0,-1.0,-1.0,-1.0,-1.0,-1.0,295672.0,207668.0,269481352121.0,263.02765199999783,,,,19.968348000002152
corona-cpu,sw4lite,"/usr/WS1/dnicho/summer2022/repos/sw4lite/tests/cartesian/uni_rev.in",1,4.6666,98078000000.0,629682398318.0,59626245223.0,1581970000000.0,2137919033.0,-1.0,-1.0,-1.0,-1.0,-1.0,-1.0,295674.0,207668.0,270652826961.0,265.4672349999978,,,,14.528765000002181
corona-cpu,sw4lite,"/usr/WS1/dnicho/summer2022/repos/sw4lite/tests/pointsource/pointsource.in",1,4.5,50118000000.0,631545164041.0,32199279986.0,1462130000000.0,2687686689.0,-1.0,-1.0,-1.0,-1.0,-1.0,-1.0,294320.0,207622.0,236508713805.0,247.97596099999782,,,,22.024039000002176
corona-cpu,sw4lite,"/usr/WS1/dnicho/summer2022/repos/sw4lite/tests/pointsource/ps2.in",1,107.35,262602000000.0,14345397872973.0,209069650020.0,34423544000000.0,64043090548.0,-1.0,-1.0,-1.0,-1.0,-1.0,-1.0,294310.0,207661.0,4989395332616.0,5754.920805000071,,,,686.0791949999293
corona-cpu,sw4lite,"/usr/WS1/dnicho/summer2022/repos/sw4lite/tests/topo/gaussianHill.in",1,104.1333,94704000000.0,15282651993285.0,219221974352.0,35333344000000.0,50283241593.0,-1.0,-1.0,-1.0,-1.0,-1.0,-1.0,295236.0,208231.0,5067192236468.0,5896.095561000167,,,,351.90243899983307
lassen,comd,"",1,0.0333,1082239.6119997147,22.155763881362628,466184.6403731578,2948119.899028904,1.426609899556605,1621614.9997049954,931354.9287570828,68860.3133145436,-1.0,0.0,5333333.333333333,731120.0,372682.0,8524225.57778791,0.005015333333333333,,,,1.9929846666666668
lassen,comd,"",1,0.0333,240777.5990058457,15217.155779046278,25.51155918426552,57.763634583822615,0.9794660208451421,1044128.9637981113,970590.9606506568,458124.4746223528,-1.0,0.0,4666666.666666667,731120.0,372682.0,6988358.277335384,0.003336,,,,1.9946640000000002
lassen,comd,"",1,0.0333,267899.2813540807,0.4161347726749636,89.1665607605662,1807036.781471097,0.7794461090832386,1.6085010213885764,979838.4922454612,99702.18210238738,-1.0,0.0,3333333.333333333,731120.0,372682.0,3955019.5510114036,0.005002666666666666,,,,1.9929973333333335
lassen,comd,"",1,0.0333,490659.4312954163,2522012.824364238,2107226.791390622,15770863.09339786,0.9099114436363744,1.5374627017105893,566065.2469473841,265735.7664843604,-1.0,0.0,3333333.333333333,731148.0,372683.0,5466942.744532148,0.003336666666666667,,0.0,1.0333788029359112,1.9946633333333335
lassen,comd,"",1,0.0333,570426.873966604,1707675.8086479062,1990206.6520926952,14641361.90226088,0.6915533227137197,582392.3241824936,31177.085885560304,366335.72554677096,-1.0,0.0,4000000.0,731120.0,372683.0,4999129.3473296035,0.0050036666666666675,,,,1.9929963333333336
lassen,comd,"",1,0.05,486077.3316337304,23.35088979712689,971409.6226905279,3923653.8945342735,1.7245341371639906,4293093.225471406,636155.004338552,290513.1857419034,-1.0,0.0,4666666.666666667,731148.0,372683.0,6295085.765055877,0.003336,,0.3333333333333333,33710.0138556058,2.996664
lassen,comd,"",1,0.05,538768.7499381633,1.355554498047021,750623.9556683708,4941136.228717714,0.3333333333333333,1889428.3433374616,1545819.3556036344,388024.8900639947,-1.0,0.0,5333333.333333333,731120.0,372682.0,0.9175806211918562,0.0033350000000000003,,,,2.996665
lassen,cosmoflow,"",1,0.05,484887.1964811792,3.341574274838228,1111026.12512215,2532436.6313428315,1.4169169944543505,5664090.172455273,353076.94539028406,571488.4572928144,-1.0,0.0,4000000.0,731120.0,372682.0,,0.0016676666666666665,,,,2.9983323333333334
lassen,cosmoflow,"",1,0.05,572421.9216738085,1.1323459595758785,578412.116560965,2095666.7560132071,18.065933389358413,1.3735580296146264,1286940.679047804,20585.64825150757,-1.0,0.0,4000000.0,731138.6666666665,372681.0,,0.006669666666666668,,,,2.993330333333333
lassen,deepcam,"",1,0.0333,154445.89559623328,0.4075179115702807,677143.0165626268,9578.156667835225,26.940656120802583,3223745.466144836,1145874.3791113263,900808.3450593628,-1.0,0.0,4666666.666666667,731148.0,372682.0,2.8057298622364595,0.006670999999999999,,,,1.9913290000000001
lassen,deepcam,"",1,0.0333,385407.8795540375,5672140.843520433,576849.7886718932,2428805.3913699216,0.3333333333333333,423460.4896499626,2013480.7412167985,177965.99110678086,-1.0,0.0,4000000.0,731120.0,372682.0,8991220.36809008,0.0050336666666666655,,,,1.9929663333333336
lassen,deepcam,"",1,0.0333,444636.33659415634,6981.623213341855,486395.3374185084,0.4782739923896992,17.947095598694784,6234596.703053523,234546.12454192745,1059777.1339323935,-1.0,0.0,6000000.0,731148.0,372683.0,2.2775855187674447,0.005002333333333334,,,,1.992997666666667
lassen,deepcam,"",1,0.0333,815802.8096289911,3741400.921460072,3993558.395910537,7010415.613134167,20.09951087872936,195772.34713138247,865766.3783674537,63460.71511530793,-1.0,0.0,5333333.333333333,731148.0,372682.0,6671989.166396828,0.006672333333333333,,,,1.9913276666666668
lassen,deepcam,"",1,0.05,283325.52567248995,3446448.5754521675,592944.3731290734,2504593.0217207847,0.6151139275971765,1631276.8900436957,864877.8814375184,455332.0429908779,-1.0,0.0,3333333.333333333,731148.0,372682.0,2.3397789317334023,0.0033373333333333328,,,,2.9966626666666665
lassen,deepcam,"",1,0.05,455005.5978239824,0.4186004291137152,438777.50382209616,1401918.1324515508,3.441155607973773,843751.145273336,55381.847702931926,528439.7098245756,-1.0,0.0,4666666.666666667,731148.0,372682.0,7908439.7601365885,0.0016686666666666664,,,,2.9983313333333332
lassen,deepcam,"",1,0.05,462587.58372597647,3115848.4482249236,1534448.19628316,6637849.572167795,25.16224203461745,2146436.7011786546,463036.4648785037,220969.01456965585,-1.0,0.0,4000000.0,731120.0,372682.0,5669915.791993104,0.003334666666666667,,,,2.9966653333333335
lassen,deepcam,"",1,0.05,479794.82269099256,4487856.6378998,2725282.9492555712,9552607.92587582,0.8374832154040998,2816005.617372433,112484.66972897797,384967.034221125,-1.0,0.0,4000000.0,731138.6666666665,372682.0,69.54689579162053,0.001668,,,,2.998332
lassen,deepcam,"",1,0.05,487328.64772034326,5119941.159783836,1790537.8510174484,13249888.299578762,33.091952989912116,10294.735666606344,875238.5861381675,56751.63626016589,-1.0,0.0,5333333.333333333,731129.3333333335,372682.0,67.00271538615186,0.003386666666666667,,,,2.9966133333333334
lassen,deepcam,"",1,0.05,535471.4921067202,22.813656625520224,1220138.9609355142,6245730.527610533,0.3333333333333333,2477873.2653406085,75045.22298643767,502739.2143122789,-1.0,0.0,4000000.0,731138.6666666665,372682.0,2.5743046825673352,0.006697666666666667,,,,2.9933023333333333
lassen,deepcam,"",1,0.05,681297.1476571896,6018.318709850258,783889.8068406442,0.8239707671447221,1646.4520816213462,25254368.51634434,478956.4568712497,2175504.693821237,-1.0,0.0,4000000.0,731138.6666666665,372682.0,1.5495146634013293,0.003335333333333334,,,,2.9966646666666668
lassen,deepcam,"",1,0.1,339111.11148691544,4755834.064303982,4214004.465324561,13284375.98472323,0.3333333333333333,5052862.454839891,138943.39739984125,726939.6439346983,-1.0,0.0,4000000.0,731148.0,372682.0,3349171.7878301265,0.001668,,,,5.998332
lassen,deepcam,"",27,0.1666,1167969.3985468424,10977614.678515948,2063349.184576119,10413723.471297557,189555.01512469054,3675200.978461654,597588.1213359057,599964.626995204,-1.0,0.0,11012345.679012343,380216.64197530865,63473.30864197531,,0.04472987654320988,,,,9.95127012345679
lassen,deepcam,"",27,0.1666,1228674.7729872207,4693318.338214595,2870264.786876798,8906414.049526852,108350.71978138328,2051591.5285126187,1155713.2175278142,408863.8963346845,-1.0,,14814814.814814815,380207.30864197534,63473.40740740741,3915834.497923724,0.04155088888888889,,,,9.954449111111112
lassen,deepcam,"",27,0.1833,,,,,,,,,-1.0,0.0,12518518.51851852,380235.30864197534,63474.40740740741,6559327.8456199225,0.04530706172839506,,,,10.952692938271603
lassen,minigan,"",1,0.0333,139996.0270741491,5325032.2824308565,2042.1807531954598,1393694.331671979,19.345187422404425,8738270.17380461,281581.4374752457,705926.6642438113,-1.0,0.0,3333333.333333333,731138.6666666665,372682.0,4571767.2453921735,0.0050030000000000005,,,,1.9929970000000001
lassen,minigan,"",1,0.0333,141907.03916315085,2528462.649842211,2395766.2635215586,13840142.205911642,18.423473274044408,657598.1953848081,216220.36351124727,559996.5527653382,-1.0,0.0,3333333.333333333,731148.0,372682.0,1.634886687209494,0.005003333333333335,,,,1.992996666666667
lassen,minigan,"",1,0.0333,326554.2495178524,0.4204950702748061,444190.93214866327,2529495.8011107864,20.704644138972693,3015870.9864528417,3394.171989295681,653223.4448685634,-1.0,0.0,4000000.0,731129.3333333335,372683.0,4371893.891558765,0.008339666666666667,,,,1.9896603333333336
lassen,minigan,"",1,0.0333,333501.0456306359,1309825.990539192,189392.4484969651,2658685.5062652943,1.2798683300370022,6131117.461313494,321210.0997821265,444687.4999600901,-1.0,0.0,6000000.0,731138.6666666665,372682.0,5084898.091958733,0.0033356666666666678,,,,1.9946643333333336
lassen,minigan,"",1,0.05,483158.6725544296,5548359.708856201,2984561.671060765,16694305.453868655,0.5632120861786489,7087733.418699252,37249.98278120713,840982.903583396,-1.0,0.0,4000000.0,731138.6666666665,372683.0,6463664.89439098,0.001703,,,,2.998297
lassen,minigan,"",1,0.0666,162916.67128905526,11945948.813874494,583571.5826381805,5298109.443654428,0.9817011789495153,3743621.28721277,212597.5210349385,575626.2005527158,-1.0,0.0,3333333.333333333,731148.0,372682.0,73.61180716202594,0.005003333333333335,,,,3.990996666666667
lassen,minigan,"",1,0.0833,525209.135603798,3182923.1633086167,3852.760704562752,3432946.458421015,2375.0074038683897,968371.0720442659,34019.712273676014,141163.83213396414,-1.0,0.0,2666666.666666666,731120.0,372683.0,6007265.680284292,0.006670000000000001,,,,4.9913300000000005
lassen,miniqmc,"",1,0.0333,1134148.233269021,19.69267270182564,607886.2435965118,4054391.005302562,0.5811065204836263,12638908.301551767,1086624.8032813512,420722.9592408536,-1.0,0.0,5333333.333333333,731148.0,372683.0,5978851.95167865,0.0033363333333333326,,,,1.9946636666666668
lassen,miniqmc,"",1,0.05,142001.72506002025,0.4152089080266434,582229.1095088776,3550438.5756805,0.6351864591561469,844413.8457405561,66678.86169172468,359789.21533379453,-1.0,0.0,4000000.0,731120.0,372683.0,5910745.876599072,0.0033363333333333326,,,,2.9966636666666666
lassen,miniqmc,"",1,0.05,272683.6290282825,4663211.312837175,21.86171908264425,2582244.9483231483,0.7401051909978271,0.3784205476375875,103592.85492453368,202690.72198483755,-1.0,0.0,5333333.333333333,731148.0,372683.0,9863221.819449244,0.006672,,,,2.993328
lassen,miniqmc,"",1,0.05,492268.9343247584,0.4134433672157177,1589594.2280686582,2971353.180404049,0.5647231772563873,6902871.9527089875,30835.571162807584,794696.9815965508,-1.0,0.0,3333333.333333333,731148.0,372682.0,1.6568254562321991,0.0016676666666666665,,,,2.9983323333333334
lassen,miniqmc,"",1,0.05,629612.2051052611,2824183.451196862,4106923.4735312117,17883455.72874244,15.765568751783853,3246682.3453154494,20.996151035377547,841986.5576238001,-1.0,0.0,4666666.666666667,731148.0,372683.0,2.2813491748079917,0.006670333333333335,,,,2.9933296666666664
lassen,miniqmc,"",1,0.1,843850.6136057245,7888583.839119743,2895792.8276786027,6591777.641147872,0.9407692107618298,1813740.939599784,60168.35688725827,493069.243806845,-1.0,0.0,4666666.666666667,731120.0,372682.0,6182253.644722569,0.0033363333333333326,,,,5.996663666666667
lassen,miniqmc,"",1,0.2,341666.59665755014,7941341.583501402,4819710.657636072,18.596729699376024,0.8842921753485083,0.3624720403950188,1084598.242576931,304217.3210450532,-1.0,0.0,4000000.0,731120.0,372682.0,5052438.294806799,0.0033346666666666663,,,,11.996665333333333
lassen,miniqmc,"",27,0.15,,,,,18324594.49785775,44863591.33125483,6092349.0382187525,894795.7521324062,-1.0,1259259.2592592593,665530864.1975309,380207.30864197534,6.14891469123658e+18,512908806.171908,0.4516907530864198,,,,8.54830924691358
lassen,minitri,"",1,0.0333,1157434.4970543429,0.416489855456836,426446.95110376755,1883225.1825639347,0.8531421761219752,6958587.306423505,442343.7450480658,662698.16886359,-1.0,0.0,4666666.666666667,731120.0,372682.0,6060182.734951328,0.001668,,,,1.9963320000000002
lassen,minitri,"",1,0.0333,135516.39234774405,4849274.688037078,354598.9621927447,1462023.815372119,21.246311957941867,210365.61648132585,1604185.8220848774,80447.95985242726,-1.0,0.0,4666666.666666667,731120.0,372682.0,3632581.491416189,0.0016686666666666664,,,,1.9963313333333335
lassen,minitri,"",1,0.0333,245146.06689067386,8877667.663443377,805752.4264204471,1815957.446427001,0.7955308718686257,5394280.794841961,187087.0023210747,628187.152289227,-1.0,0.0,5333333.333333333,731129.3333333335,372682.0,2.184396351608374,0.003336666666666667,,,,1.9946633333333335
lassen,minitri,"",1,0.0333,520026.65013138,100.14932546965416,1535162.4666280197,2499751.635539363,1.2336466417683465,1193041.6492738463,502888.11840298,76386.03233064056,-1.0,0.0,5333333.333333333,731120.0,372682.0,6844597.115525642,0.008338666666666666,,,,1.9896613333333335
lassen,minitri,"",1,0.0333,650934.6194895679,0.4217301101521039,1095452.2001138304,5098600.641568942,0.8496500192655736,4534909.849088221,287346.4028734758,1087274.7260192104,-1.0,0.0,4000000.0,731120.0,372681.0,1.252424899722875,0.003337,,,,1.9946630000000003
lassen,minitri,"",1,0.05,436630.7619680185,6568965.230831552,737243.5761447316,1927691.456343677,0.8848533643877213,0.3379086617694397,759513.5598466798,28963.660324320634,-1.0,0.0,4000000.0,731148.0,372683.0,1.5519190994595355,0.003335333333333334,,,,2.9966646666666668
lassen,minitri,"",1,0.05,620580.600570466,0.4168278370113233,868936.9783778966,3711476.6898156437,0.7721822926908223,0.3647265985105083,1944263.5211547604,300514.81051638303,-1.0,0.0,4666666.666666667,731148.0,372683.0,70.60624691456238,0.0016673333333333336,,,,2.9983326666666668
lassen,minitri,"",27,0.15,305914895.88692874,511181276.4287788,330155827.26227146,1870531462.0174112,21797579.701300908,47669909.8154003,7474683.750476512,748249.1938532974,-1.0,1308641.975308642,,380235.30864197534,6.14891469123658e+18,575772411.3222421,0.5022007530864199,,,,8.49779924691358
quartz,amg,"-problem 1 -P 2 2 1 -n 128 128 64",32,0.0833,0.0,0.0,0.0,2000000.0,,,,,0.0,84.34375,27491.46875,69871.03125,2106167.6875,0.0,0.0475935,,,,4.950406500000001
quartz,amg,"-problem 1 -P 2 2 1 -n 16 16 8",32,0.0666,0.0,0.0,0.0,2000000.0,,,,,0.0,88.5625,28708.65625,69839.03125,2106166.6875,0.0,0.04575309375000002,,,,3.9502469062500003
quartz,amg,"-problem 1 -P 2 2 1 -n 32 32 16",32,0.0666,0.0,0.0,0.0,2000000.0,,,,,0.0,68.40625,25731.65625,69871.03125,2106167.6875,0.0,0.04399065625,,,,3.9520093437500003
quartz,amg,"-problem 1 -P 2 2 1 -n 64 64 32",32,0.0666,0.0,0.0,0.0,2000000.0,,,,,0.0,82.25,26262.0,69871.03125,2106167.6875,0.0,0.044634093750000006,,,,3.9513659062500004
quartz,amg,"-problem 1 -P 2 2 1 -n 8 8 4",32,0.0666,0.0,0.0,0.0,2000000.0,,,,,0.0,78.65625,26210.8125,69872.0,2106167.71875,0.0,0.04504325000000002,,,,3.9509567500000005
quartz,comd,"",1,0.0333,102694444.44444443,149638888.88888893,17194444.444444444,374750000.0,0.0,0.0,0.0,0.0,7393.597222222223,13828717.527777778,3005817.736111112,525.0555555555555,30141.902777777777,13972222.222222222,0.21141165277777774,,,,1.7865883472222226
quartz,comd,"",1,0.0333,114472222.22222222,168916666.66666666,20638888.888888888,423583333.3333333,0.0,27777.777777777777,0.0,0.0,10375.805555555555,18990453.944444444,4111417.083333334,525.0555555555555,30141.902777777777,16083333.333333336,0.28960770833333344,,,,1.7083922916666667
quartz,comd,"",1,0.0333,118916666.66666669,168555555.55555555,18250000.0,422416666.6666667,0.0,0.0,0.0,0.0,5539.569444444444,9971515.194444444,2139678.527777778,525.0555555555555,30141.902777777777,8611111.111111112,0.1427244444444445,,,,1.8552755555555558
quartz,comd,"",1,0.0333,151666666.66666666,223750000.0,26583333.33333333,561527777.7777778,27777.777777777777,0.0,0.0,0.0,13239.625,24948768.08333333,5322109.875,525.0555555555555,30141.902777777777,25388888.88888889,0.3132352361111111,,,,1.6847647638888892
quartz,comd,"",1,0.0333,71111111.11111109,100027777.77777778,10694444.444444444,250750000.0,0.0,0.0,0.0,0.0,2441.055555555556,5215187.5,1090297.0555555557,525.0555555555555,30141.902777777777,4555555.555555556,0.1314089861111111,,,,1.866591013888889
quartz,comd,"",1,0.0333,87194444.44444445,123111111.11111107,13694444.444444446,308416666.6666667,0.0,0.0,0.0,0.0,3709.513888888889,7202532.916666668,1510570.611111111,525.0555555555555,30141.902777777777,6166666.666666668,0.1713871805555556,,,,1.8266128194444446
quartz,comd,"",1,0.05,143166666.66666666,216305555.55555555,27694444.444444444,543611111.1111113,27777.777777777777,27777.777777777777,0.0,0.0,16643.125,31388692.11111111,6880360.777777777,525.0555555555555,30141.902777777777,29638888.88888889,0.3841381805555555,,,,2.6158618194444445
quartz,comd,"",27,0.0666,131259259.25925924,293333333.3333333,125481481.48148148,877777777.7777778,4148148.1481481483,2148148.1481481483,74074.07407407407,0.0,115274.22222222225,218126379.62962964,38645293.44444445,53480.40740740741,2105160.4074074067,44222222.222222224,0.2443558148148148,,,,3.7516441851851856
quartz,comd,"",27,0.0666,182740740.74074075,441185185.18518513,183925925.925926,1291185185.1851852,9333333.333333334,3703703.703703704,962962.9629629628,0.0,187163.77777777766,353353775.07407415,63202663.2962963,50883.111111111124,2105024.888888889,71333333.33333333,0.37044614814814814,,,,3.625553851851852
quartz,comd,"",27,0.0833,380074074.07407415,778592592.5925926,317407407.40740734,2321629629.6296296,13703703.703703705,6518518.518518519,1407407.4074074074,0.0,267868.48148148146,511496034.1111111,89948447.77777778,61272.07407407407,2105566.5185185187,112296296.29629628,0.6532373333333334,,,,4.344762666666667
quartz,comd,"",27,0.0833,585481481.4814812,1156814814.8148148,497925925.92592585,3529703703.703704,18592592.592592593,9111111.111111112,2444444.4444444445,518518.5185185186,379011.70370370365,731046526.0,132402552.37037036,61295.259259259255,2105567.4444444445,165703703.70370367,0.9218061851851854,,,,4.076193814814815
quartz,comd,"",27,0.0833,755407407.4074074,1519407407.4074075,652296296.2962962,4616148148.14815,24888888.88888889,12740740.74074074,3333333.333333333,1407407.4074074074,507049.037037037,978434400.8148148,175220651.0740741,58674.851851851854,2105431.1481481483,224518518.5185185,1.256069925925926,,,,3.741930074074074
quartz,comd,"",27,0.1,1018518518.5185186,2061703703.7037039,837629629.6296296,6153481481.4814825,22296296.29629629,17703703.703703705,3259259.2592592593,1703703.7037037038,670280.5185185185,1297236207.3703706,239312613.66666663,61272.111111111124,2105566.5925925933,301925925.92592585,1.6197932222222222,,,,4.380206777777778
quartz,comd,"",27,0.1166,1281037037.0370376,2589333333.333333,1076592592.5925925,7785259259.259259,34740740.74074074,23037037.03703704,5481481.481481481,1777777.7777777778,910333.6296296295,1763247035.6296296,309642632.92592585,56077.59259259259,2105295.7037037043,396888888.8888889,2.093759518518519,,,,4.90224048148148
quartz,cosmoflow,"",1,0.0333,177166666.66666666,248305555.55555555,25833333.33333333,620472222.2222222,27777.777777777777,0.0,0.0,0.0,4382.277777777777,9470763.680555556,2138761.958333333,525.0555555555555,30141.902777777777,11055555.555555556,0.2104312361111112,,,,1.787568763888889
quartz,cosmoflow,"",1,0.0333,221250000.0,320138888.8888889,37055555.55555555,803166666.6666666,0.0,27777.777777777777,0.0,0.0,13730.319444444443,28171775.347222224,5936978.972222223,525.0555555555555,30141.875,27861111.11111111,0.3757209166666666,,,,1.6222790833333336
quartz,cosmoflow,"",1,0.05,161138888.88888893,228527777.77777785,25305555.55555556,572305555.5555558,0.0,0.0,0.0,0.0,6657.347222222223,13914286.152777778,2974971.916666667,525.0555555555555,30141.888888888887,13222222.222222222,0.2806994305555557,,,,2.719300569444444
quartz,cosmoflow,"",1,0.05,161805555.55555555,233083333.3333333,26500000.0,585388888.8888887,27777.777777777777,27777.777777777777,0.0,0.0,9815.861111111111,21109198.513888888,4262137.75,525.0555555555555,30141.902777777777,16583333.333333336,0.2982621805555555,,,,2.7017378194444444
quartz,cosmoflow,"",1,0.05,217361111.11111107,321416666.6666667,38888888.88888889,807972222.2222222,0.0,27777.777777777777,0.0,0.0,18742.69444444444,37435115.01388889,8185867.125,525.0555555555555,30141.902777777777,37138888.88888889,0.4956891250000002,,,,2.504310875
quartz,cosmoflow,"",1,0.05,266972222.22222215,397194444.4444444,48916666.66666666,997055555.5555557,55555.555555555555,27777.777777777777,0.0,0.0,24313.33333333333,49074090.44444445,10692962.486111112,525.0555555555555,30141.902777777777,46194444.44444445,0.6364781944444445,,,,2.3635218055555556
quartz,cosmoflow,"",1,0.05,269222222.22222215,409611111.1111111,53222222.22222222,1030194444.4444443,416666.66666666674,55555.555555555555,0.0,27777.777777777777,31181.819444444438,62911631.97222222,13492087.375,525.0555555555555,30141.902777777777,65694444.44444445,0.6324460416666665,,,,2.3675539583333336
quartz,cosmoflow,"",27,0.0666,346000000.0,856222222.2222222,356592592.59259266,2506592592.592593,14740740.74074074,8296296.296296298,2222222.222222222,740740.7407407408,365433.33333333326,696047681.074074,125227832.33333331,63869.2962962963,2105701.888888889,150074074.07407406,0.7111453333333332,,,,3.2848546666666674
quartz,cosmoflow,"",27,0.0833,1114740740.7407408,2229407407.4074073,940814814.8148148,6746444444.444447,32962962.96296297,18740740.740740746,5185185.185185187,1703703.7037037038,768185.7407407408,1485206638.1851852,270656018.48148143,53471.888888888876,2105159.925925926,301407407.40740734,1.8092585555555558,,,,3.188741444444444
quartz,cosmoflow,"",27,0.0833,252962962.96296296,574666666.6666666,242222222.22222215,1706222222.2222226,10592592.592592593,5185185.185185187,888888.8888888889,74074.07407407407,220914.59259259253,420164124.3333333,76087713.33333333,56077.62962962963,2105295.777777778,88740740.74074075,0.4646479999999998,,,,4.533352000000001
quartz,cosmoflow,"",27,0.1166,1430370370.3703706,2975555555.5555553,1254740740.7407408,8935851851.851852,47777777.77777778,25481481.48148148,7037037.037037037,2814814.814814815,1027657.074074074,1988377718.8148148,351929658.3703704,63894.33333333334,2105702.888888889,440000000.0,2.3629525185185183,,,,4.633047481481482
quartz,cosmoflow,"",27,0.1166,1906000000.0,3928962962.962963,1656740740.7407408,11823777777.77778,40666666.66666666,35851851.85185185,7185185.1851851875,4370370.37037037,1363134.888888889,2645940323.296296,487297464.8888888,53501.37037037037,2105161.111111111,571703703.7037038,3.2341094074074084,,,,3.761890592592591
quartz,cosmoflow,"",27,0.15,2424444444.444445,5046370370.37037,2011851851.851852,14907185185.185184,78370370.37037037,46000000.0,12888888.888888888,5185185.185185187,1728641.259259259,3349506529.4814816,596765934.2222222,58697.851851851854,2105432.0,795777777.7777778,4.201257296296295,,,,4.798742703703705
quartz,cosmoflow,"",27,0.1,767777777.7777778,1548666666.6666667,651851851.8518517,4675333333.333333,22740740.740740746,13333333.333333336,3555555.5555555555,1333333.333333333,528076.8888888889,1015222669.1111113,178954050.70370367,66492.5925925926,2105838.3703703703,227851851.85185185,1.2619269999999998,,,,4.738073
quartz,deepcam,"",1,0.1333,2382055555.5555553,3734666666.6666665,515222222.22222215,9405444444.444445,25833333.33333333,13833333.333333336,4277777.777777778,2166666.666666666,357288.63888888893,711701843.6944442,151750111.51388893,525.0555555555555,30141.902777777777,605027777.7777778,5.941247930555552,,,,2.056752069444448
quartz,deepcam,"",1,0.25,4371611111.111111,6909444444.444447,966416666.6666666,17403833333.333332,46361111.11111111,26777777.777777776,9777777.777777778,4361111.111111111,696152.75,1376774070.8194444,303037841.11111116,525.0416666666666,30141.861111111117,1168472222.2222226,12.477674402777815,,,,2.522325597222185
quartz,deepcam,"",1,0.2833,4740500000.0,7527111111.111111,1061416666.6666666,18963166666.666668,54277777.77777778,30444444.444444444,11305555.555555554,6222222.222222223,783165.222222222,1534612823.2638884,336231805.68055564,525.0416666666666,30141.861111111117,1329444444.4444444,14.142620930555616,,,,2.8553790694443855
quartz,deepcam,"",1,0.2833,5009805555.555553,7834166666.666667,1072333333.3333334,19723694444.444443,49333333.33333334,28472222.222222224,10361111.111111112,5972222.222222223,738770.3194444445,1458105084.5833333,311366761.875,525.0555555555555,30141.888888888887,1260416666.6666667,12.927459486111154,,,,4.070540513888847
quartz,deepcam,"",1,0.3166,5404500000.0,8625083333.333334,1228361111.1111116,21735305555.55556,64833333.33333334,35416666.666666664,15055555.555555554,7055555.555555556,926361.3194444444,1799015718.1388886,400226897.4305557,525.0555555555555,30141.902777777777,1545166666.6666667,16.256036125000072,,,,2.739963874999926
quartz,deepcam,"",1,0.3,5050666666.666667,8009916666.666667,1127388888.8888884,20180916666.666668,55861111.11111111,32611111.11111111,12305555.555555554,6250000.0,829135.222222222,1617347654.875,348568627.1944445,525.0555555555555,30141.902777777777,1375472222.2222226,14.771541208333387,,,,3.228458791666613
quartz,deepcam,"",1,0.3,5461666666.666667,8636388888.888891,1207555555.5555556,21753388888.88889,70305555.55555555,34666666.666666664,12333333.333333336,6361111.111111111,877020.4861111111,1714357775.1944444,364308603.4861111,525.0416666666666,30141.861111111117,1280888888.8888884,15.297021500000069,,,,2.702978499999931
quartz,deepcam,"",1,0.35,6239694444.444447,9832361111.111107,1364861111.1111116,24760305555.55556,69833333.33333333,37694444.44444445,15194444.444444446,8111111.111111111,977726.2916666664,1889282788.6666667,408224044.7916667,525.0555555555555,30141.888888888887,1587000000.0,17.19584283333343,,,,3.8041571666665703
quartz,deepcam,"",1,0.3666,6708027777.777778,10538833333.333334,1456055555.5555556,26540638888.88889,69138888.88888891,39500000.0,15472222.222222222,8361111.111111111,1030862.222222222,1987135875.4861114,426258399.0416667,525.0555555555555,30141.902777777777,1771472222.2222226,17.4934446111112,,,,4.502555388888798
quartz,deepcam,"",1,0.3833,6388194444.444447,10184972222.22222,1445555555.5555556,25661444444.444443,71805555.55555555,42111111.11111111,16055555.555555554,8416666.666666666,1085674.486111111,2093452693.5,467325878.2083333,525.0555555555555,30141.902777777777,1850666666.6666667,18.384493597222335,,,,4.613506402777663
quartz,deepcam,"",1,0.3833,6756166666.666667,10757333333.333334,1525500000.0,27110416666.666668,76222222.22222222,44388888.88888889,17777777.777777776,8361111.111111111,1142497.763888889,2197501859.111111,486637446.5138889,525.0555555555555,30141.875,2059611111.1111114,19.096597847222334,,,,3.9014021527776634
quartz,deepcam,"",1,0.4,7277722222.222222,11548722222.22222,1625750000.0,29094166666.666668,83138888.88888891,46861111.11111111,18444444.444444444,8638888.888888888,1201877.4444444443,2313485283.208333,495775909.6666667,525.0555555555555,30141.875,2064777777.7777774,19.49201170833345,,,,4.50798829166655
quartz,deepcam,"",27,0.95,30253185185.18518,66489111111.11112,27214444444.444443,191589481481.48148,702666666.6666666,561481481.4814813,136740740.74074075,79111111.11111109,21341186.962962966,41178257047.40741,13683981637.777777,61295.2962962963,2105567.5185185187,10376592592.592592,50.34169725925926,,,,6.658302740740737
quartz,deepcam,"",27,1.9166,52926888888.888885,119392148148.14815,47241407407.40741,340774000000.0,1388222222.2222226,1093259259.2592592,306222222.22222215,163185185.1851852,41677782.37037037,80354791951.92592,26958602382.777786,63893.40740740741,2105702.777777778,21214740740.74074,106.19619725925922,,,,8.799802740740787
quartz,deepcam,"",27,2.05,60298444444.444435,133635555555.55556,53598444444.444435,382949259259.2593,1374296296.2962966,1155259259.2592592,315407407.40740734,174370370.37037036,43241975.222222224,83338909169.07408,28040610662.74074,66466.55555555556,2105837.333333333,23041037037.03704,115.7062258148148,,,,7.293774185185185
quartz,deepcam,"",27,2.15,59721111111.11112,134961111111.11113,53739407407.40741,385227407407.4074,1456148148.148148,1256666666.6666667,341851851.8518519,190666666.66666663,45838641.62962963,88323702941.48148,29725097095.666668,61296.037037037044,2105567.333333333,23431777777.777786,120.60944985185185,,,,8.39055014814815
quartz,deepcam,"",27,2.3333,68035185185.18519,150602518518.51852,60400370370.37038,431262962962.96295,1633925925.925926,1313555555.5555556,382962962.962963,201481481.4814815,49634846.51851852,95704764874.11113,34973601061.4074,61296.037037037044,2105567.333333333,25705555555.55556,130.01294985185186,,,,9.985050148148133
quartz,deepcam,"",27,2.4666,60619925925.92593,144826148148.14816,56761629629.62962,409003259259.2593,2734370370.3703704,1627777777.7777774,397185185.1851852,213555555.55555555,52496495.44444445,101203165616.18518,36840816193.62963,66466.55555555556,2105837.333333333,29279111111.11111,138.00220892592594,,,,9.993791074074068
quartz,deepcam,"",27,2.6666,73834148148.14815,165138962962.96295,66173629629.62962,473045407407.4074,1823703703.7037039,1491925925.925926,414740740.7407407,232666666.66666663,55467893.44444445,106936060845.7037,39821948007.296295,63892.555555555555,2105702.814814815,29423555555.55556,149.34422666666666,,,,10.651773333333324
quartz,deepcam,"",27,2.7666,73018592592.59259,167673333333.33334,67031555555.555565,478592000000.0,1926222222.2222226,1558740740.7407408,445777777.77777785,240666666.66666663,58549502.59259259,112888798669.55556,40306613678.703705,66492.5925925926,2105838.3703703703,32093185185.18518,154.41150044444444,,,,11.584499555555567
quartz,deepcam,"",27,2.9166,80100074074.07408,177227925925.92593,71643259259.25926,511383259259.2593,1933333333.3333333,1672074074.074074,464222222.22222215,266148148.1481481,61740927.40740741,119032644255.44444,43106641679.296295,61296.111111111124,2105567.4814814813,33379333333.333324,163.82555499999995,,,,11.17044500000003
quartz,deepcam,"",27,3.05,93286148148.14816,203738222222.22226,83162814814.81482,587356740740.7407,2295481481.4814816,1702370370.3703706,524222222.22222215,270370370.3703704,65045983.7037037,125373149639.0,39984354960.48148,63894.33333333334,2105702.888888889,35879925925.925934,172.86824718518528,,,,10.131752814814718
quartz,deepcam,"",27,3.25,100680814814.81482,217815777777.7777,88832222222.22223,628343703703.7037,2112296296.2962968,1791851851.851852,517407407.4074074,290296296.2962963,66947338.88888889,128982157256.92592,45429769374.14815,58697.777777777774,2105431.8518518517,37725555555.55557,183.6439207407407,,,,11.356079259259303
quartz,deepcam,"",27,3.4333,103239851851.85184,219936222222.22226,89492074074.07408,637628074074.0741,2302444444.444445,1943407407.4074075,564296296.2962962,310370370.3703704,72009882.25925925,138846105662.1111,51959155609.518524,63894.2962962963,2105702.814814815,39156222222.22222,193.5986672962963,,,,12.399332703703692
quartz,laghos,"-p 1 -dim 2 -rs 1 -tf 3",1,0.05,2426000000.0,3356000000.0,968000000.0,11516000000.0,32000000.0,12000000.0,0.0,0.0,1556948.0,1461157318.0,1076277724.0,37771.0,2190229.0,116000000.0,1.765572,,,,1.234428
quartz,laghos,"-p 1 -dim 2 -rs 1 -tf 3.5",1,0.0666,2792000000.0,3862000000.0,1114000000.0,13250000000.0,26000000.0,16000000.0,0.0,0.0,1789740.0,1680159170.0,1238203078.0,37771.0,2193037.0,140000000.0,2.0251959999999998,,,,1.9708040000000007
quartz,laghos,"-p 1 -dim 2 -rs 1 -tf 3.5 -pa",1,0.0666,2792000000.0,3862000000.0,1108000000.0,13250000000.0,38000000.0,14000000.0,0.0,0.0,1790082.0,1681196754.0,1238368945.0,37771.0,2193037.0,136000000.0,2.0196000000000005,,,,1.9764
quartz,laghos,"-p 1 -dim 2 -rs 1 -tf 3 -pa",1,0.05,2426000000.0,3356000000.0,968000000.0,11516000000.0,32000000.0,12000000.0,0.0,0.0,1556449.0,1460442876.0,1077872352.0,37771.0,2190229.0,116000000.0,1.7715010000000002,,,,1.2284989999999998
quartz,laghos,"-p 1 -dim 2 -rs 1 -tf 4",1,0.0666,3154000000.0,4360000000.0,1258000000.0,14964000000.0,30000000.0,16000000.0,0.0,0.0,2021762.0,1896564610.0,1396403653.0,37771.0,2195719.0,150000000.0,2.2762050000000005,,,,1.719795
quartz,laghos,"-p 1 -dim 2 -rs 1 -tf 4.5",1,0.0666,3434000000.0,4746000000.0,1368000000.0,16294000000.0,36000000.0,18000000.0,0.0,0.0,2202499.0,2065152466.0,1520600593.0,37771.0,2197853.0,170000000.0,2.663958000000001,,,,1.3320419999999995
quartz,laghos,"-p 1 -dim 2 -rs 1 -tf 4.5 -pa",1,0.0666,3434000000.0,4746000000.0,1368000000.0,16292000000.0,32000000.0,20000000.0,0.0,0.0,2202362.0,2065421903.0,1520505953.0,37771.0,2197855.0,172000000.0,2.4667090000000003,,,,1.5292910000000002
quartz,laghos,"-p 1 -dim 2 -rs 1 -tf 4 -pa",1,0.0666,3152000000.0,4358000000.0,1258000000.0,14960000000.0,30000000.0,18000000.0,0.0,0.0,2022435.0,1897379725.0,1397572057.0,37771.0,2195719.0,142000000.0,2.260415,,,,1.7355850000000004
quartz,laghos,"-p 1 -dim 2 -rs 1 -tf 5",1,0.0666,3640000000.0,5040000000.0,1452000000.0,17290000000.0,42000000.0,18000000.0,2000000.0,0.0,2337750.0,2193317921.0,1615712489.0,37771.0,2199440.0,180000000.0,2.6446680000000002,,,,1.3513320000000002
quartz,laghos,"-p 1 -dim 2 -rs 1 -tf 5.5",1,0.0666,3788000000.0,5244000000.0,1512000000.0,17994000000.0,50000000.0,20000000.0,0.0,0.0,2430175.0,2282039382.0,1680659639.0,37771.0,2200601.0,186000000.0,2.711485,,,,1.2845150000000003
quartz,laghos,"-p 1 -dim 2 -rs 1 -tf 5.5 -pa",1,0.0666,3792000000.0,5244000000.0,1514000000.0,17998000000.0,44000000.0,20000000.0,2000000.0,0.0,2431784.0,2282041862.0,1681138751.0,37771.0,2200600.0,186000000.0,2.703367,,,,1.2926330000000004
quartz,laghos,"-p 1 -dim 2 -rs 1 -tf 5 -pa",1,0.0833,3644000000.0,5036000000.0,1450000000.0,17290000000.0,34000000.0,18000000.0,0.0,0.0,2338564.0,2191995118.0,1614181110.0,37771.0,2199439.0,178000000.0,2.6297780000000004,,,,2.368222
quartz,laghos,"-p 1 -dim 2 -rs 2 -tf 3",32,0.4666,22753062500.0,35795187500.0,12467125000.0,96878062500.0,77000000.0,32125000.0,12562500.0,8687500.0,12734.5625,361169574.03125,5501768475.625,69873.9375,2107283.1875,1029437500.0,7.056628843750002,,,,20.93937115625
quartz,laghos,"-p 1 -dim 2 -rs 2 -tf 3.5",32,0.5666,26936687500.0,42333687500.0,14706500000.0,114552562500.0,88875000.0,37750000.0,14687500.0,10000000.0,12281.0625,411652374.78125,6290329888.03125,69867.90625,2107433.65625,1161312500.0,8.146281125,,,,25.849718875
quartz,laghos,"-p 1 -dim 2 -rs 2 -tf 3.5 -pa",32,0.5666,27875437500.0,43774500000.0,15174375000.0,118429812500.0,89937500.0,39125000.0,14437500.0,10000000.0,12395.375,411638680.78125,6379871222.875,69874.90625,2107433.875,1161187500.0,8.280306562500002,,,,25.7156934375
quartz,laghos,"-p 1 -dim 2 -rs 2 -tf 3 -pa",32,0.55,24537187500.0,38530437500.0,13353062500.0,104240250000.0,76500000.0,32812500.0,12500000.0,8625000.0,12854.59375,361168484.09375,5647632963.65625,69874.90625,2107283.21875,1022625000.0,7.062784468750002,,,,25.937215531249997
quartz,laghos,"-p 1 -dim 2 -rs 2 -tf 4",32,0.6,30166875000.0,47394062500.0,16465750000.0,128261125000.0,99000000.0,42500000.0,15937500.0,11125000.0,13018.0,459483361.5625,7289946623.46875,69875.875,2107574.90625,1299562500.0,8.956693750000003,,,,27.043306249999997
quartz,laghos,"-p 1 -dim 2 -rs 2 -tf 4.5",32,0.6833,34831812500.0,54758562500.0,19035500000.0,148179562500.0,117312500.0,50375000.0,19500000.0,13312500.0,12507.0,537350851.71875,8274867496.03125,69874.90625,2107804.15625,1537687500.0,10.679586843750004,,,,30.318413156250003
quartz,laghos,"-p 1 -dim 2 -rs 2 -tf 4.5 -pa",32,0.6666,33639437500.0,52929250000.0,18442500000.0,143264375000.0,116750000.0,50437500.0,19312500.0,13187500.0,11606.15625,537309617.84375,8382172669.03125,69874.90625,2107804.15625,1523375000.0,10.503508656250002,,,,29.492491343749993
quartz,laghos,"-p 1 -dim 2 -rs 2 -tf 4 -pa",32,0.6333,30823562500.0,48416812500.0,16791625000.0,130989062500.0,99062500.0,42750000.0,16250000.0,11250000.0,13602.03125,459474050.09375,7108839799.90625,69843.875,2107573.90625,1310000000.0,9.036614718750002,,,,28.961385281249996
quartz,laghos,"-p 1 -dim 2 -rs 2 -tf 5",32,0.75,38249812500.0,60141500000.0,20903562500.0,162728250000.0,127062500.0,54687500.0,21687500.0,14750000.0,12479.09375,590905211.25,9194638736.84375,69875.875,2107964.28125,1647375000.0,11.378156218749998,,,,33.62184378125
quartz,laghos,"-p 1 -dim 2 -rs 2 -tf 5.5",32,0.8,40889812500.0,64285500000.0,22345562500.0,173955687500.0,135312500.0,57500000.0,22937500.0,15687500.0,12573.84375,631197204.875,9609875075.65625,69875.875,2108080.65625,1775250000.0,12.7298411875,,,,35.2701588125
quartz,laghos,"-p 1 -dim 2 -rs 2 -tf 5.5 -pa",32,0.8166,40480000000.0,63665437500.0,22144625000.0,172276937500.0,135000000.0,57625000.0,22750000.0,15687500.0,12809.90625,631220572.28125,9641429366.53125,69843.875,2108079.65625,1786875000.0,12.20363775,,,,36.792362250000004
quartz,laghos,"-p 1 -dim 2 -rs 2 -tf 5 -pa",32,0.8,41112562500.0,64511312500.0,22323812500.0,174511687500.0,126625000.0,54125000.0,21500000.0,14562500.0,13397.0625,590922033.15625,8964935821.90625,69875.875,2107964.28125,1683875000.0,11.672238218750005,,,,36.32776178125
quartz,laghos,"-p 1 -dim 2 -rs 3 -tf 3",32,1.0333,52785375000.0,84759375000.0,29436625000.0,230487250000.0,221062500.0,118437500.0,38562500.0,27000000.0,11360.375,2996194010.09375,14937098212.9375,69842.90625,2108376.25,2610500000.0,18.2055011875,,,,43.7924988125
quartz,laghos,"-p 1 -dim 2 -rs 3 -tf 3.5",32,1.15,58548062500.0,94070312500.0,32692687500.0,255828875000.0,247937500.0,131250000.0,43250000.0,30250000.0,11717.75,3359517258.875,16187868207.1875,69843.875,2108635.59375,3008937500.0,20.99445009375,,,,48.005549906249996
quartz,laghos,"-p 1 -dim 2 -rs 3 -tf 3.5 -pa",32,1.15,58193375000.0,93528687500.0,32519437500.0,254382437500.0,247937500.0,136687500.0,43000000.0,30437500.0,11544.0,3359651945.21875,16713930297.625,69843.875,2108635.59375,2950562500.0,20.46328725,,,,48.53671275
quartz,laghos,"-p 1 -dim 2 -rs 3 -tf 3 -pa",32,1.0333,53084375000.0,85247125000.0,29588687500.0,231767375000.0,221375000.0,119187500.0,38812500.0,26937500.0,11563.875,2995708539.65625,14524503246.8125,69873.9375,2108375.3125,2600562500.0,18.090018406250003,,,,43.90798159375
quartz,laghos,"-p 1 -dim 2 -rs 3 -tf 4",32,1.2833,65882500000.0,105790000000.0,36747562500.0,287705250000.0,277250000.0,150750000.0,48937500.0,34062500.0,11845.71875,3746125996.15625,17944072762.15625,69842.90625,2108917.96875,3283750000.0,23.19665378125001,,,,53.80134621875
quartz,laghos,"-p 1 -dim 2 -rs 3 -tf 4.5",32,1.65,84884687500.0,136386562500.0,47357500000.0,370784187500.0,354625000.0,190812500.0,62625000.0,44562500.0,11193.125,4928548950.59375,24488283828.625,69874.90625,2109753.25,4275187500.0,29.64774418750001,,,,69.35225581249999
quartz,laghos,"-p 1 -dim 2 -rs 3 -tf 4.5 -pa",32,1.6166,85841750000.0,137817062500.0,47841312500.0,374724062500.0,364125000.0,196187500.0,63812500.0,44750000.0,11400.0,4838677679.90625,23702947220.53125,69875.875,2109753.28125,4288687500.0,29.670644125,,,,67.32535587500001
quartz,laghos,"-p 1 -dim 2 -rs 3 -tf 4 -pa",32,1.2666,66125062500.0,106196875000.0,36863250000.0,288718000000.0,274625000.0,148937500.0,48312500.0,33625000.0,11488.71875,3745715100.78125,18541998562.78125,69874.90625,2108918.96875,3303875000.0,23.36092721875001,,,,52.63507278124999
quartz,laghos,"-p 1 -dim 2 -rs 3 -tf 5",32,1.85,99429250000.0,159744875000.0,55486625000.0,434351375000.0,413687500.0,224000000.0,73437500.0,51375000.0,11470.15625,5691268367.8125,27783427292.34375,69875.875,2110247.40625,4918625000.0,33.96220343750001,,,,77.03779656249999
quartz,laghos,"-p 1 -dim 2 -rs 3 -tf 5.5",32,1.9833,107125812500.0,172328812500.0,59961562500.0,468706562500.0,464062500.0,252562500.0,81437500.0,57750000.0,11344.28125,6283262191.125,30743430871.625,69843.875,2110786.53125,5667937500.0,39.18778937499999,,,,79.81021062500002
quartz,laghos,"-p 1 -dim 2 -rs 3 -tf 5.5 -pa",32,2.0833,111832937500.0,179504687500.0,62300500000.0,488071187500.0,468062500.0,253187500.0,84187500.0,58812500.0,11317.0,6378038372.28125,30799224188.875,69843.875,2110736.375,5644937500.0,39.138989468749976,,,,85.85901053125002
quartz,laghos,"-p 1 -dim 2 -rs 3 -tf 5 -pa",32,1.9,99693812500.0,160112375000.0,55626062500.0,435451500000.0,421562500.0,228187500.0,73250000.0,52062500.0,11338.625,5691152046.8125,28195245068.75,69875.875,2110247.40625,4972000000.0,34.743095062500004,,,,79.2569049375
quartz,laghos,"-p 1 -dim 3 -rs 1 -tf 3",32,0.6,29098437500.0,45337750000.0,16517187500.0,126313250000.0,150875000.0,98937500.0,27437500.0,18250000.0,877977.59375,2441696659.875,8667590992.28125,69875.875,2106774.375,1816687500.0,13.436914875,,,,22.563085125
quartz,laghos,"-p 1 -dim 3 -rs 1 -tf 3.5",32,0.7333,35964687500.0,56082187500.0,20447562500.0,156247750000.0,188875000.0,123875000.0,34062500.0,22812500.0,1060727.6875,3053258062.75,10897858995.375,69874.90625,2106909.625,2246437500.0,16.801952468750002,,,,27.196047531249995
quartz,laghos,"-p 1 -dim 3 -rs 1 -tf 3.5 -pa",32,0.75,36527312500.0,56886750000.0,20722875000.0,158510500000.0,188875000.0,123437500.0,33562500.0,22687500.0,1060607.3125,3053348774.6875,10838375698.34375,69843.875,2106908.65625,2264437500.0,16.8162921875,,,,28.1837078125
quartz,laghos,"-p 1 -dim 3 -rs 1 -tf 3 -pa",32,0.6,28018250000.0,43730375000.0,15984312500.0,121903125000.0,151000000.0,98750000.0,27187500.0,18000000.0,877844.125,2441625420.03125,8599874615.0625,69875.875,2106774.375,1812000000.0,13.47541534375,,,,22.52458465625
quartz,laghos,"-p 1 -dim 3 -rs 1 -tf 4",32,0.9166,46582312500.0,72461875000.0,26313812500.0,201766875000.0,235375000.0,154562500.0,42875000.0,28437500.0,1291407.8125,3768517512.96875,13530766860.90625,69874.90625,2107071.59375,2801375000.0,20.786600968750005,,,,34.20939903124999
quartz,laghos,"-p 1 -dim 3 -rs 1 -tf 4.5",32,1.0,51387375000.0,80156375000.0,29244250000.0,223335875000.0,273562500.0,179750000.0,49562500.0,33000000.0,1485828.875,4386654371.8125,15606138978.40625,69875.875,2107208.9375,3280937500.0,24.4805519375,,,,35.519448062500004
quartz,laghos,"-p 1 -dim 3 -rs 1 -tf 4.5 -pa",32,0.9833,51008250000.0,79576562500.0,29062937500.0,221792500000.0,273312500.0,178875000.0,48875000.0,33062500.0,1485954.65625,4386556263.34375,15534772132.6875,69874.90625,2107208.90625,3264750000.0,24.723665375,,,,34.274334624999995
quartz,laghos,"-p 1 -dim 3 -rs 1 -tf 4 -pa",32,0.8833,44988062500.0,70075937500.0,25534875000.0,195266062500.0,234125000.0,154000000.0,41812500.0,28500000.0,1291325.5625,3768891748.28125,13343359077.40625,69843.875,2107070.625,2776187500.0,20.8623233125,,,,32.135676687499995
quartz,laghos,"-p 1 -dim 3 -rs 1 -tf 5",32,1.1166,57890812500.0,90233125000.0,32917687500.0,251472875000.0,306125000.0,200000000.0,56625000.0,37437500.0,1620399.1875,4905395665.40625,17300132841.53125,69875.875,2107328.96875,3676250000.0,27.34279890625,,,,39.65320109375001
quartz,laghos,"-p 1 -dim 3 -rs 1 -tf 5.5",32,1.2166,63058125000.0,98347625000.0,35844250000.0,273943687500.0,333062500.0,217812500.0,61750000.0,40875000.0,1730346.1875,5342602630.03125,19157815461.25,69874.90625,2107431.9375,3956750000.0,30.35295618750001,,,,42.64304381249998
quartz,laghos,"-p 1 -dim 3 -rs 1 -tf 5.5 -pa",32,1.1833,62311000000.0,97208375000.0,35480500000.0,270889250000.0,332062500.0,216750000.0,59875000.0,40500000.0,1730407.96875,5341817275.53125,18811330537.3125,69842.90625,2107430.9375,4012562500.0,29.6702716875,,,,41.3277283125
quartz,laghos,"-p 1 -dim 3 -rs 1 -tf 5 -pa",32,1.1166,58499750000.0,91176562500.0,33213562500.0,253972250000.0,304437500.0,199562500.0,55750000.0,37625000.0,1620358.25,4905068440.125,17247315524.3125,69874.90625,2107328.9375,3630687500.0,27.14786240625,,,,39.84813759375001
quartz,laghos,"-p 1 -dim 3 -rs 2 -tf 3",32,2.3,106151000000.0,192762687500.0,70531500000.0,543545562500.0,1022250000.0,976125000.0,153437500.0,103375000.0,17797829.78125,51838730789.8125,52121133229.90625,69875.875,2107587.53125,9979062500.0,76.40125421875,,,,61.59874578125
quartz,laghos,"-p 1 -dim 3 -rs 2 -tf 3.5",32,3.0333,138447687500.0,252670000000.0,92604125000.0,712535500000.0,1365812500.0,1308187500.0,207250000.0,139250000.0,22872635.40625,69233669462.125,69600591368.125,69874.90625,2108044.84375,13385312500.0,103.1360260625,,,,78.86197393750003
quartz,laghos,"-p 1 -dim 3 -rs 2 -tf 3.5 -pa",32,3.1666,146067375000.0,263910562500.0,96328562500.0,743496625000.0,1371937500.0,1307687500.0,213000000.0,142000000.0,22872580.46875,69234217648.34375,69807776211.53125,69875.875,2108044.875,13250687500.0,105.83687649999999,,,,84.15912349999999
quartz,laghos,"-p 1 -dim 3 -rs 2 -tf 3 -pa",32,2.3666,108814250000.0,196659812500.0,71836000000.0,554337187500.0,1020625000.0,976000000.0,154500000.0,105062500.0,17797556.375,51838361646.65625,52485683634.0625,69842.90625,2107586.5,9976250000.0,77.08473318749998,,,,64.91126681250003
quartz,laghos,"-p 1 -dim 3 -rs 2 -tf 4",32,3.8,176875062500.0,321387000000.0,117526375000.0,905586750000.0,1701875000.0,1635812500.0,261812500.0,175937500.0,26631743.625,86247765018.5,86304665403.34375,69875.875,2108494.6875,16730125000.0,128.7681208125,,,,99.2318791875
quartz,laghos,"-p 1 -dim 3 -rs 2 -tf 4.5",32,4.0666,190472125000.0,346367187500.0,126696000000.0,975981062500.0,1843812500.0,1769625000.0,280312500.0,187187500.0,27938015.96875,93270366938.625,94296229398.28123,69874.90625,2108677.75,17962562500.0,137.63969234374997,,,,106.35630765625004
quartz,laghos,"-p 1 -dim 3 -rs 2 -tf 4.5 -pa",32,4.1333,193668187500.0,351058375000.0,128278812500.0,989012125000.0,1848812500.0,1771750000.0,280250000.0,189937500.0,27937993.15625,93270654058.03123,93194190810.46877,69875.875,2108677.78125,18146625000.0,138.19851981249997,,,,109.79948018750005
quartz,laghos,"-p 1 -dim 3 -rs 2 -tf 4 -pa",32,3.7833,173418937500.0,316259625000.0,115833250000.0,891518250000.0,1703875000.0,1631125000.0,264562500.0,178687500.0,26631877.59375,86247681837.75,85817275675.75,69875.875,2108494.6875,16706375000.0,127.96674065624998,,,,99.03125934375004
quartz,laghos,"-p 1 -dim 3 -rs 2 -tf 5",32,4.3833,205446375000.0,374728875000.0,137231750000.0,1056103250000.0,2020500000.0,1937437500.0,308937500.0,206625000.0,29274896.15625,102139071905.21877,103672186114.1875,69874.90625,2108916.90625,19668875000.0,149.75744749999996,,,,113.24055250000004
quartz,laghos,"-p 1 -dim 3 -rs 2 -tf 5.5",32,5.1666,240893937500.0,438971062500.0,160638250000.0,1236794812500.0,2345437500.0,2251437500.0,357937500.0,241062500.0,32357040.34375,119091061181.40625,118731562480.0,69875.875,2109387.84375,23036875000.0,174.80342443749996,,,,135.19257556250002
quartz,laghos,"-p 1 -dim 3 -rs 2 -tf 5.5 -pa",32,5.3166,251069562500.0,454044125000.0,165657812500.0,1278283562500.0,2349687500.0,2256250000.0,353750000.0,240687500.0,32356767.8125,119095103068.5,118261910270.5,69875.875,2109387.84375,23108875000.0,176.18633771875002,,,,142.80966228125
quartz,laghos,"-p 1 -dim 3 -rs 2 -tf 5 -pa",32,4.45,208087687500.0,378600625000.0,138528562500.0,1066837750000.0,2018687500.0,1939187500.0,307562500.0,206750000.0,29274545.9375,102137651510.3125,102314280244.78123,69874.90625,2108916.90625,19708000000.0,150.95708953125,,,,116.04291046875
quartz,laghos,"-p 1 -dim 3 -rs 3 -tf 3",32,22.8166,710253562500.0,1964119750000.0,708394750000.0,5556457687500.0,16942750000.0,14521812500.0,2301687500.0,1847812500.0,466550980.09375,1379020666549.7812,783203291728.5625,69843.875,2110557.09375,128533812500.0,1085.1766907187503,,,,283.81930928124984
quartz,laghos,"-p 1 -dim 3 -rs 3 -tf 3.5",32,26.1,818389250000.0,2261463687500.0,815544562500.0,6395800562500.0,19542625000.0,16738125000.0,2640687500.0,2148125000.0,512289247.25,1581020900946.0938,896480344770.0,69842.90625,2111192.5625,147462125000.0,1245.4136252812516,,,,320.5863747187484
quartz,laghos,"-p 1 -dim 3 -rs 3 -tf 3.5 -pa",32,26.3833,830960750000.0,2282488375000.0,823000187500.0,6455705687500.0,19608937500.0,16804750000.0,2665687500.0,2153125000.0,513717136.0625,1586468793077.3438,899830637941.5625,69875.875,2111193.59375,147447750000.0,1244.8443111875008,,,,338.153688812499
quartz,laghos,"-p 1 -dim 3 -rs 3 -tf 3 -pa",32,22.75,714307000000.0,1965514250000.0,708782500000.0,5560587187500.0,16913625000.0,14492187500.0,2298375000.0,1859250000.0,463103349.8125,1366694449694.1562,778858118605.6562,69842.90625,2110532.28125,128316625000.0,1079.9553665625008,,,,285.0446334374992
quartz,laghos,"-p 1 -dim 3 -rs 3 -tf 4",32,29.2166,920123937500.0,2531411437500.0,912965062500.0,7159236812500.0,21585562500.0,18520750000.0,2959500000.0,2362062500.0,546448573.21875,1753641535062.5312,994776341782.8438,69875.875,2111736.78125,163301437500.0,1378.9651905625005,,,,374.03080943749956
quartz,laghos,"-p 1 -dim 3 -rs 3 -tf 4.5",32,31.0666,978299312500.0,2693553187500.0,971280062500.0,7616167375000.0,23172312500.0,19858875000.0,3153250000.0,2538812500.0,574710377.15625,1874953206639.0933,1060779057243.7812,69875.875,2112113.0,175778000000.0,1479.283963562502,,,,384.712036437498
quartz,laghos,"-p 1 -dim 3 -rs 3 -tf 4.5 -pa",32,31.4666,993737250000.0,2722596812500.0,981653375000.0,7698650250000.0,23181375000.0,19859875000.0,3155125000.0,2527312500.0,576125236.75,1880243976443.4373,1066478649248.7188,69843.875,2112112.0,174817125000.0,1476.4784305312512,,,,411.5175694687489
quartz,laghos,"-p 1 -dim 3 -rs 3 -tf 4 -pa",32,28.9166,909102437500.0,2506877812500.0,903922187500.0,7088168875000.0,21623000000.0,18524312500.0,2942562500.0,2378500000.0,544893346.71875,1748599431099.1562,987467811433.6876,69875.875,2111736.78125,163613187500.0,1379.5124752187505,,,,355.48352478124934
quartz,laghos,"-p 1 -dim 3 -rs 3 -tf 5",32,34.35,1083762250000.0,2980872687500.0,1075222125000.0,8430194187500.0,25611062500.0,21939375000.0,3450687500.0,2825312500.0,624290321.75,2077332680817.875,1184158764713.9688,69874.90625,2112773.0625,194646812500.0,1639.5289166250013,,,,421.47108337499867
quartz,laghos,"-p 1 -dim 3 -rs 3 -tf 5.5",32,47.5666,1507554750000.0,4133486312500.0,1491051812500.0,11691954625000.0,35462625000.0,30419312500.0,4819500000.0,3916250000.0,821297390.6875,2871214092442.0938,1631232422703.0625,69875.875,2115255.03125,269603437500.0,2285.397739375002,,,,568.5982606249981
quartz,laghos,"-p 1 -dim 3 -rs 3 -tf 5.5 -pa",32,47.4333,1505190750000.0,4115995062500.0,1485017625000.0,11644435250000.0,35273312500.0,30238187500.0,4792625000.0,3848562500.0,820997929.96875,2870552754968.625,1631108190608.4375,69875.875,2115213.09375,269000937500.0,2273.762423562502,,,,572.2355764374979
quartz,laghos,"-p 1 -dim 3 -rs 3 -tf 5 -pa",32,34.85,1106057937500.0,3012554437500.0,1086103812500.0,8519468500000.0,25618062500.0,21950500000.0,3473187500.0,2817687500.0,624289930.0625,2077332511565.2808,1177401259457.875,69843.875,2112766.375,193646562500.0,1635.0013145000016,,,,455.9986854999984
quartz,laghos,"-p 2 -dim 2 -rs 1 -tf 3",1,0.05,1756000000.0,2510000000.0,734000000.0,8498000000.0,18000000.0,8000000.0,0.0,0.0,1118229.0,1118039287.0,809434728.0,37771.0,2188654.0,98000000.0,1.327392,,,,1.672608
quartz,laghos,"-p 2 -dim 2 -rs 1 -tf 3.5",1,0.0666,2042000000.0,2918000000.0,856000000.0,9888000000.0,30000000.0,10000000.0,0.0,0.0,1298632.0,1299900069.0,939595815.0,37771.0,2191342.0,122000000.0,1.5333890000000003,,,,2.462611
quartz,laghos,"-p 2 -dim 2 -rs 1 -tf 3.5 -pa",1,0.0666,2042000000.0,2920000000.0,856000000.0,9890000000.0,22000000.0,10000000.0,0.0,0.0,1299480.0,1300076279.0,938308742.0,37771.0,2191342.0,120000000.0,1.5332200000000002,,,,2.4627800000000004
quartz,laghos,"-p 2 -dim 2 -rs 1 -tf 3 -pa",1,0.05,1754000000.0,2512000000.0,736000000.0,8502000000.0,24000000.0,8000000.0,0.0,0.0,1117884.0,1116848268.0,806487653.0,37771.0,2188656.0,100000000.0,1.301731,,,,1.698269
quartz,laghos,"-p 2 -dim 2 -rs 1 -tf 4",1,0.0666,2200000000.0,3148000000.0,922000000.0,10662000000.0,30000000.0,10000000.0,0.0,0.0,1400032.0,1401966766.0,1012713190.0,37771.0,2192865.0,122000000.0,1.6653159999999998,,,,2.3306840000000006
quartz,laghos,"-p 2 -dim 2 -rs 1 -tf 4.5",1,0.05,2380000000.0,3412000000.0,996000000.0,11550000000.0,30000000.0,12000000.0,2000000.0,0.0,1517696.0,1516191867.0,1097863627.0,37771.0,2194669.0,132000000.0,1.776994,,,,1.223006
quartz,laghos,"-p 2 -dim 2 -rs 1 -tf 4.5 -pa",1,0.05,2384000000.0,3412000000.0,998000000.0,11546000000.0,38000000.0,12000000.0,0.0,0.0,1518686.0,1517516256.0,1098457626.0,37771.0,2194669.0,136000000.0,1.7837720000000001,,,,1.2162279999999999
quartz,laghos,"-p 2 -dim 2 -rs 1 -tf 4 -pa",1,0.0666,2202000000.0,3150000000.0,922000000.0,10660000000.0,34000000.0,12000000.0,2000000.0,0.0,1400057.0,1400545188.0,1015182301.0,37771.0,2192864.0,130000000.0,1.747685,,,,2.2483150000000007
quartz,laghos,"-p 2 -dim 2 -rs 1 -tf 5",1,0.0666,2672000000.0,3822000000.0,1120000000.0,12942000000.0,26000000.0,14000000.0,0.0,0.0,1700048.0,1698003620.0,1230008106.0,37771.0,2197352.0,158000000.0,2.005884,,,,1.9901160000000004
quartz,laghos,"-p 2 -dim 2 -rs 1 -tf 5.5",1,0.0833,2916000000.0,4172000000.0,1220000000.0,14128000000.0,40000000.0,14000000.0,2000000.0,0.0,1857673.0,1855232293.0,1339019933.0,37771.0,2199671.0,172000000.0,2.319004,,,,2.678996
quartz,laghos,"-p 2 -dim 2 -rs 1 -tf 5.5 -pa",1,0.0666,2918000000.0,4172000000.0,1222000000.0,14126000000.0,46000000.0,16000000.0,2000000.0,0.0,1855347.0,1854279639.0,1339390396.0,37771.0,2199672.0,170000000.0,2.1998570000000006,,,,1.7961429999999998
quartz,laghos,"-p 2 -dim 2 -rs 1 -tf 5 -pa",1,0.0666,2672000000.0,3822000000.0,1118000000.0,12944000000.0,38000000.0,12000000.0,0.0,0.0,1699667.0,1700449752.0,1229324495.0,37771.0,2197352.0,160000000.0,2.00699,,,,1.9890100000000004
quartz,laghos,"-p 2 -dim 2 -rs 2 -tf 3",32,0.5,24319062500.0,38246437500.0,13239437500.0,103386750000.0,78062500.0,33375000.0,12625000.0,8500000.0,12273.8125,374479994.03125,5353670043.875,69875.875,2107440.625,1025687500.0,7.278401937499999,,,,22.7215980625
quartz,laghos,"-p 2 -dim 2 -rs 2 -tf 3.5",32,0.5666,26488312500.0,41713875000.0,14485625000.0,112792187500.0,89312500.0,37937500.0,14812500.0,9875000.0,13038.71875,428087164.65625,6222552693.1875,69843.875,2107613.15625,1175562500.0,8.163866218750002,,,,25.83213378125
quartz,laghos,"-p 2 -dim 2 -rs 2 -tf 3.5 -pa",32,0.5666,27704937500.0,43569312500.0,15087562500.0,117792437500.0,89500000.0,37937500.0,15187500.0,9875000.0,13298.46875,428084028.40625,6328871239.0,69843.875,2107613.15625,1176437500.0,8.273859031250002,,,,25.72214096875
quartz,laghos,"-p 2 -dim 2 -rs 2 -tf 3 -pa",32,0.5,24786812500.0,38951187500.0,13471750000.0,105308437500.0,78062500.0,33000000.0,12812500.0,8500000.0,12634.15625,374465004.9375,5573401358.84375,69875.875,2107440.625,1029687500.0,7.196961437500002,,,,22.8030385625
quartz,laghos,"-p 2 -dim 2 -rs 2 -tf 4",32,0.5666,27915687500.0,43961625000.0,15282437500.0,118896562500.0,95187500.0,39812500.0,15937500.0,10812500.0,11801.9375,457191690.375,6779617799.65625,69875.875,2107710.0,1231562500.0,8.813869343750003,,,,25.18213065625
quartz,laghos,"-p 2 -dim 2 -rs 2 -tf 4.5",32,0.65,32028062500.0,50382500000.0,17456875000.0,136217375000.0,104187500.0,44000000.0,17500000.0,11750000.0,12520.1875,499414347.6875,7150914934.0,69875.875,2107848.96875,1349375000.0,9.5244659375,,,,29.4755340625
quartz,laghos,"-p 2 -dim 2 -rs 2 -tf 4.5 -pa",32,0.6333,31862750000.0,50128000000.0,17375187500.0,135536187500.0,105812500.0,45312500.0,17125000.0,11812500.0,13238.96875,499359905.15625,7201774675.46875,69875.875,2107848.96875,1378000000.0,9.5996455,,,,28.398354499999996
quartz,laghos,"-p 2 -dim 2 -rs 2 -tf 4 -pa",32,0.5833,28494812500.0,44844812500.0,15570125000.0,121282625000.0,95625000.0,39937500.0,16062500.0,10562500.0,12838.5,457225960.0625,6877920862.53125,69843.875,2107709.0,1249437500.0,8.798682156249997,,,,26.19931784375001
quartz,laghos,"-p 2 -dim 2 -rs 2 -tf 5",32,0.7166,35569437500.0,55983562500.0,19409687500.0,151348000000.0,118125000.0,49625000.0,19750000.0,13375000.0,12368.09375,561803898.21875,8183672284.84375,69875.875,2108052.875,1525375000.0,10.631736812500002,,,,32.3642631875
quartz,laghos,"-p 2 -dim 2 -rs 2 -tf 5.5",32,0.75,39076562500.0,61473125000.0,21290187500.0,166177187500.0,126125000.0,53937500.0,21500000.0,14562500.0,12813.0625,607372789.96875,8774683192.5,69875.875,2108201.65625,1675687500.0,11.6143600625,,,,33.3856399375
quartz,laghos,"-p 2 -dim 2 -rs 2 -tf 5.5 -pa",32,0.7666,38646437500.0,60816375000.0,21078062500.0,164410875000.0,127312500.0,53875000.0,21437500.0,14562500.0,12388.03125,607381500.21875,9036523247.09375,69875.875,2108201.625,1653250000.0,11.488010281250002,,,,34.50798971875
quartz,laghos,"-p 2 -dim 2 -rs 2 -tf 5 -pa",32,0.7166,33930937500.0,53441437500.0,18594375000.0,144560750000.0,118250000.0,49812500.0,19750000.0,13500000.0,12022.75,561818530.6875,8319708804.78125,69875.875,2108052.875,1532687500.0,10.608748625000002,,,,32.387251375
quartz,laghos,"-p 2 -dim 3 -rs 1 -tf 3",32,0.5,22863687500.0,35743187500.0,13083312500.0,99840687500.0,123000000.0,80625000.0,22125000.0,14500000.0,409190.09375,2149376221.40625,7397266537.71875,69875.875,2106746.5625,1486812500.0,11.27108796875,,,,18.728912031249997
quartz,laghos,"-p 2 -dim 3 -rs 1 -tf 3.5",32,0.5833,27899375000.0,43508937500.0,15861562500.0,121450375000.0,143187500.0,94437500.0,26062500.0,17187500.0,475619.5625,2501775659.3125,8539342598.125,69843.875,2106829.53125,1709625000.0,13.164626812500002,,,,21.8333731875
quartz,laghos,"-p 2 -dim 3 -rs 1 -tf 3.5 -pa",32,0.5833,27369562500.0,42713125000.0,15602250000.0,119285812500.0,143937500.0,93875000.0,26000000.0,17312500.0,475213.75,2502461873.28125,8615977181.875,69875.875,2106830.53125,1701937500.0,13.04329240625,,,,21.954707593750005
quartz,laghos,"-p 2 -dim 3 -rs 1 -tf 3 -pa",32,0.55,23959625000.0,37367125000.0,13619687500.0,104296375000.0,123062500.0,79625000.0,22187500.0,14750000.0,409340.9375,2148695480.28125,7522894590.15625,69874.90625,2106746.53125,1492312500.0,11.430725750000002,,,,21.56927425
quartz,laghos,"-p 2 -dim 3 -rs 1 -tf 4",32,0.6,28754875000.0,44964187500.0,16453750000.0,125573250000.0,154875000.0,100687500.0,27875000.0,18625000.0,511126.875,2699550232.1875,9155401322.96875,69842.90625,2106877.09375,1853000000.0,14.052165250000002,,,,21.94783475
quartz,laghos,"-p 2 -dim 3 -rs 1 -tf 4.5",32,0.6833,31772250000.0,49618125000.0,18131000000.0,138554250000.0,167500000.0,109750000.0,30812500.0,20375000.0,553602.90625,2924864926.03125,10337133908.28125,69875.875,2106934.53125,1997062500.0,15.23806540625,,,,25.759934593750003
quartz,laghos,"-p 2 -dim 3 -rs 1 -tf 4.5 -pa",32,0.6666,32137312500.0,50128312500.0,18309937500.0,140009062500.0,168375000.0,109625000.0,30625000.0,20125000.0,553758.25,2925109460.65625,10051694837.875,69875.875,2106934.53125,2004562500.0,15.2486855625,,,,24.747314437499995
quartz,laghos,"-p 2 -dim 3 -rs 1 -tf 4 -pa",32,0.6,28817750000.0,45041250000.0,16481125000.0,125804687500.0,154937500.0,101500000.0,28000000.0,18562500.0,512136.84375,2699003153.46875,9397658028.34375,69843.875,2106877.125,1853500000.0,14.033402187499998,,,,21.9665978125
quartz,laghos,"-p 2 -dim 3 -rs 1 -tf 5",32,0.7333,36937312500.0,57595250000.0,20976125000.0,160713750000.0,189000000.0,124437500.0,34125000.0,22937500.0,619859.65625,3278204451.75,11327035537.21875,69843.875,2107017.34375,2237687500.0,16.989531125000006,,,,27.00846887499999
quartz,laghos,"-p 2 -dim 3 -rs 1 -tf 5.5",32,0.8333,41167625000.0,64120312500.0,23313875000.0,178878000000.0,205437500.0,134625000.0,37625000.0,25187500.0,674790.84375,3579310294.375,12684270532.09375,69875.875,2107090.84375,2485812500.0,18.782732031250006,,,,31.21526796875
quartz,laghos,"-p 2 -dim 3 -rs 1 -tf 5.5 -pa",32,0.7833,38019875000.0,59431000000.0,21768000000.0,166046875000.0,205250000.0,133562500.0,37562500.0,25062500.0,675535.46875,3578333117.1875,12182239312.28125,69875.875,2107090.84375,2462750000.0,19.3440799375,,,,27.6539200625
quartz,laghos,"-p 2 -dim 3 -rs 1 -tf 5 -pa",32,0.7333,35897062500.0,56044875000.0,20468437500.0,156479375000.0,188937500.0,122875000.0,35562500.0,23125000.0,618887.65625,3277735993.5,11108251379.21875,69874.90625,2107018.3125,2253812500.0,17.0085628125,,,,26.9894371875
quartz,laghos,"-p 2 -dim 3 -rs 2 -tf 3",32,2.05,91030750000.0,164905062500.0,60474875000.0,467820375000.0,837375000.0,810875000.0,131750000.0,88750000.0,7425694.3125,44783764816.90625,46169315173.6875,69875.875,2107440.96875,8311187500.0,65.75362499999996,,,,57.24637500000003
quartz,laghos,"-p 2 -dim 3 -rs 2 -tf 3.5",1,13.7333,327364000000.0,1558536000000.0,559288000000.0,4466142000000.0,22928000000.0,15918000000.0,2164000000.0,1942000000.0,285389839.0,1635141278273.0,862312527087.0,37771.0,2216434.0,127034000000.0,818.5450139999997,,,,5.452986000000351
quartz,laghos,"-p 2 -dim 3 -rs 2 -tf 3.5",32,2.2333,101095000000.0,184166312500.0,67683875000.0,522761437500.0,963312500.0,929812500.0,149750000.0,101875000.0,8518245.46875,51214784232.0,52830098171.40625,69875.875,2107614.5,9632875000.0,75.4843605,,,,58.5136395
quartz,laghos,"-p 2 -dim 3 -rs 2 -tf 3.5 -pa",1,13.9333,327248000000.0,1558428000000.0,559230000000.0,4465994000000.0,22854000000.0,15880000000.0,2046000000.0,1938000000.0,286900777.0,1634959165162.0,857619274471.0,37771.0,2216432.0,126370000000.0,832.4903039999997,,,,3.5076960000002373
quartz,laghos,"-p 2 -dim 3 -rs 2 -tf 3.5 -pa",32,2.2666,101656375000.0,185061375000.0,67976562500.0,525158750000.0,963375000.0,927437500.0,144437500.0,98687500.0,8512736.71875,51208952059.6875,53149461318.65625,69874.90625,2107614.46875,9634312500.0,75.33576281249998,,,,60.66023718750003
quartz,laghos,"-p 2 -dim 3 -rs 2 -tf 3 -pa",32,2.0333,91416437500.0,165540625000.0,60657250000.0,469433562500.0,839937500.0,812000000.0,128687500.0,86625000.0,7424801.78125,44781855033.125,46853391197.1875,69875.875,2107440.96875,8364500000.0,65.80287428124998,,,,56.19512571875002
quartz,laghos,"-p 2 -dim 3 -rs 2 -tf 4",32,2.3833,107621375000.0,196265562500.0,72135937500.0,557050562500.0,1029687500.0,992937500.0,158625000.0,107000000.0,9087365.875,54717091451.46875,57262573198.0625,69875.875,2107710.34375,10220625000.0,79.6858646875,,,,63.31213531250002
quartz,laghos,"-p 2 -dim 3 -rs 2 -tf 4.5",32,2.6,117140875000.0,213789875000.0,78579562500.0,606797750000.0,1123375000.0,1085125000.0,183312500.0,118937500.0,9938417.46875,59785010372.28125,62693181119.46875,69875.875,2107849.3125,11136187500.0,87.20352328124994,,,,68.79647671875006
quartz,laghos,"-p 2 -dim 3 -rs 2 -tf 4.5 -pa",32,2.6666,120599562500.0,218839000000.0,80282875000.0,620808000000.0,1129312500.0,1084187500.0,176125000.0,117375000.0,9942631.28125,59784615693.8125,62874037788.0625,69842.90625,2107848.28125,11245937500.0,87.70002121874997,,,,72.29597878125001
quartz,laghos,"-p 2 -dim 3 -rs 2 -tf 4 -pa",32,2.4,108285937500.0,197241562500.0,72446812500.0,559719437500.0,1026812500.0,992875000.0,159375000.0,106562500.0,9087817.90625,54721172987.1875,57028232601.21875,69842.90625,2107709.3125,10214500000.0,81.04741984375,,,,62.952580156249994
quartz,laghos,"-p 2 -dim 3 -rs 2 -tf 5",32,2.9,131249375000.0,239690187500.0,88156062500.0,680484562500.0,1257750000.0,1218437500.0,192687500.0,130062500.0,11196040.84375,67271299960.75,70126932930.875,69875.875,2108053.21875,12546250000.0,98.55380640624996,,,,75.44619359375004
quartz,laghos,"-p 2 -dim 3 -rs 2 -tf 5.5",32,3.25,149219687500.0,269841312500.0,98918125000.0,765455812500.0,1370875000.0,1320937500.0,214250000.0,146937500.0,12113000.53125,72765791312.5625,75051629110.6875,69875.875,2108202.0,13549000000.0,105.77283099999998,,,,89.22716900000002
quartz,laghos,"-p 2 -dim 3 -rs 2 -tf 5.5 -pa",32,3.2166,145954312500.0,265143062500.0,97306937500.0,752242625000.0,1368625000.0,1321687500.0,217187500.0,146312500.0,12113322.53125,72763678106.59375,74777508494.6875,69875.875,2108202.0,13648500000.0,106.18944878125,,,,86.80655121875002
quartz,laghos,"-p 2 -dim 3 -rs 2 -tf 5 -pa",32,3.0,137109125000.0,248264875000.0,91037687500.0,704284875000.0,1272062500.0,1221937500.0,198500000.0,133437500.0,11196276.8125,67274830127.875,70353727829.21875,69842.90625,2108052.1875,12596687500.0,98.87631565625,,,,81.12368434375
quartz,laghos,"-p 3 -dim 2 -rs 2 -tf 3",32,0.1666,3273812500.0,5136625000.0,1776437500.0,13892312500.0,9062500.0,3437500.0,312500.0,125000.0,12092.46875,44968418.0,721877205.5,69874.90625,2106339.46875,131187500.0,0.9733864999999999,,,,9.0226135
quartz,laghos,"-p 3 -dim 2 -rs 2 -tf 3.5",32,0.2166,3809062500.0,5972937500.0,2067312500.0,16160500000.0,9875000.0,3625000.0,1187500.0,125000.0,12769.03125,52454093.4375,863225067.5625,69874.90625,2106358.59375,150000000.0,1.09528759375,,,,11.90071240625
quartz,laghos,"-p 3 -dim 2 -rs 2 -tf 3.5 -pa",32,0.2,3549750000.0,5578500000.0,1938625000.0,15094062500.0,9937500.0,3750000.0,1250000.0,125000.0,12759.28125,52423851.4375,837183881.0,69874.90625,2106358.59375,150625000.0,1.1352624062500003,,,,10.86473759375
quartz,laghos,"-p 3 -dim 2 -rs 2 -tf 3 -pa",32,0.1666,3059250000.0,4806187500.0,1670187500.0,13005812500.0,8562500.0,2875000.0,250000.0,62500.0,13033.90625,44957711.375,743643584.90625,69874.90625,2106339.46875,126750000.0,0.9747337500000004,,,,9.02126625
quartz,laghos,"-p 3 -dim 2 -rs 2 -tf 4",32,0.15,4011750000.0,6304000000.0,2192062500.0,17061187500.0,11750000.0,4312500.0,1437500.0,125000.0,12304.8125,59744556.6875,977326077.5,69842.90625,2106376.59375,171500000.0,1.29180753125,,,,7.70819246875
quartz,laghos,"-p 3 -dim 2 -rs 2 -tf 4.5",32,0.1666,4442875000.0,6985250000.0,2431312500.0,18905187500.0,13625000.0,5250000.0,1937500.0,500000.0,12487.0,67183907.6875,1100480878.34375,69874.90625,2106398.625,193375000.0,1.4128041562500004,,,,8.58319584375
quartz,laghos,"-p 3 -dim 2 -rs 2 -tf 4.5 -pa",32,0.15,4475937500.0,7035937500.0,2447625000.0,19041062500.0,13562500.0,5000000.0,1937500.0,500000.0,12208.1875,67177413.3125,1103727157.0,69874.90625,2106398.625,194437500.0,2.3186016250000003,,,,6.681398375
quartz,laghos,"-p 3 -dim 2 -rs 2 -tf 4 -pa",32,0.1833,4213875000.0,6613375000.0,2292750000.0,17894312500.0,11750000.0,4437500.0,1500000.0,125000.0,12594.4375,59717052.03125,963918869.09375,69874.90625,2106377.59375,172500000.0,1.2862403437500003,,,,9.711759656249999
quartz,laghos,"-p 3 -dim 2 -rs 2 -tf 5",32,0.2,5061125000.0,7949750000.0,2763250000.0,21516937500.0,14812500.0,5750000.0,1937500.0,1187500.0,12440.09375,74657558.0625,1185400990.8125,69875.875,2106417.65625,216375000.0,1.5492067500000004,,,,10.45079325
quartz,laghos,"-p 3 -dim 2 -rs 2 -tf 5.5",32,0.1833,5825125000.0,9142875000.0,3167562500.0,24733062500.0,16500000.0,6500000.0,2187500.0,1437500.0,12250.21875,82091435.0625,1421773821.78125,69843.875,2106437.6875,235937500.0,1.6922425312500005,,,,9.305757468749999
quartz,laghos,"-p 3 -dim 2 -rs 2 -tf 5.5 -pa",32,0.1833,5389250000.0,8474875000.0,2951312500.0,22936062500.0,17062500.0,6687500.0,2187500.0,1375000.0,13150.09375,82100872.40625,1361418656.09375,69843.875,2106437.6875,233000000.0,1.7183919687500009,,,,9.279608031249998
quartz,laghos,"-p 3 -dim 2 -rs 2 -tf 5 -pa",32,0.1833,5039375000.0,7919812500.0,2752750000.0,21430312500.0,15187500.0,6062500.0,2000000.0,1125000.0,12304.125,74635335.28125,1199388971.78125,69875.875,2106417.65625,214437500.0,1.6012018437500002,,,,9.39679815625
quartz,laghos,"-p 3 -dim 2 -rs 3 -tf 5.0",1,0.2666,9136000000.0,29980000000.0,9994000000.0,88842000000.0,328000000.0,358000000.0,18000000.0,16000000.0,1484337.0,19493037773.0,13974828229.0,37771.0,2184484.0,1602000000.0,13.326448,,,,2.6695520000000013
quartz,laghos,"-p 3 -dim 2 -rs 3 -tf 5.0",32,0.2833,12113625000.0,19357937500.0,6694125000.0,52620937500.0,45437500.0,23875000.0,7187500.0,4812500.0,11225.90625,613383786.625,3111593340.96875,69842.90625,2106615.03125,546437500.0,3.85009446875,,,,13.14790553125
quartz,laghos,"-p 3 -dim 2 -rs 3 -tf 5.0",64,0.35,6597437500.0,11566921875.0,3694765625.0,30484484375.0,22375000.0,10734375.0,3562500.0,2234375.0,10806.7578125,153671879.0546875,1974508597.75,37146.515625,1055176.8828125,266093750.0,2.8142485703125,,,,18.1857514296875
quartz,laghos,"-p 3 -dim 3 -rs 1 -tf 3",32,0.15,3793812500.0,5887125000.0,2140000000.0,16398312500.0,18062500.0,11125000.0,2687500.0,1437500.0,69979.84375,291139113.96875,1158872068.90625,69874.90625,2106280.4375,225125000.0,1.76604025,,,,7.23395975
quartz,laghos,"-p 3 -dim 3 -rs 1 -tf 3.5",32,0.1833,4181125000.0,6510375000.0,2376250000.0,18137312500.0,21187500.0,12812500.0,3312500.0,2000000.0,80140.4375,339447593.03125,1314578278.71875,69874.90625,2106290.03125,260812500.0,2.03873175,,,,8.95926825
quartz,laghos,"-p 3 -dim 3 -rs 1 -tf 3.5 -pa",32,0.15,4321937500.0,6716812500.0,2445562500.0,18710500000.0,21000000.0,12625000.0,3187500.0,1937500.0,79794.71875,339393236.3125,1358960405.375,69875.875,2106290.0625,260000000.0,2.04849546875,,,,6.95150453125
quartz,laghos,"-p 3 -dim 3 -rs 1 -tf 3 -pa",32,0.15,3828312500.0,5939937500.0,2157250000.0,16541375000.0,17875000.0,10625000.0,2625000.0,1375000.0,69940.84375,291309641.15625,1159612800.28125,69874.90625,2106280.4375,223375000.0,1.7558355625000004,,,,7.244164437499999
quartz,laghos,"-p 3 -dim 3 -rs 1 -tf 4",32,0.2,4953937500.0,7697437500.0,2802000000.0,21442312500.0,24500000.0,15625000.0,3562500.0,2250000.0,89677.0,387586030.21875,1526326932.65625,69875.875,2106299.53125,295250000.0,2.38169571875,,,,9.61830428125
quartz,laghos,"-p 3 -dim 3 -rs 1 -tf 4.5",32,0.2166,5578250000.0,8667062500.0,3154000000.0,24140750000.0,27562500.0,17500000.0,4250000.0,2437500.0,99869.71875,435832288.90625,1715305266.53125,69843.875,2106308.125,339000000.0,2.5917908125,,,,10.404209187499998
quartz,laghos,"-p 3 -dim 3 -rs 1 -tf 4.5 -pa",32,0.1833,5334875000.0,8307625000.0,3035125000.0,23151500000.0,27437500.0,16687500.0,4375000.0,2562500.0,99492.5,435717553.21875,1686431684.28125,69843.875,2106308.125,330562500.0,2.5646704375,,,,8.433329562499999
quartz,laghos,"-p 3 -dim 3 -rs 1 -tf 4 -pa",32,0.1666,4986375000.0,7747500000.0,2817937500.0,21575875000.0,24437500.0,15062500.0,3562500.0,2250000.0,90246.46875,387676123.625,1481651913.34375,69875.875,2106299.53125,300562500.0,2.3147491875000004,,,,7.6812508125
quartz,laghos,"-p 3 -dim 3 -rs 1 -tf 5.0",1,0.1666,3768000000.0,15428000000.0,5376000000.0,43790000000.0,138000000.0,142000000.0,6000000.0,2000000.0,3822773.0,15394488121.0,7008865353.0,37771.0,2174962.0,1066000000.0,7.5249830000000015,,,,2.471016999999999
quartz,laghos,"-p 3 -dim 3 -rs 1 -tf 5.0",32,0.2,6318687500.0,9804187500.0,3562812500.0,27309000000.0,30812500.0,19750000.0,4875000.0,2875000.0,109208.84375,483965514.21875,1793669232.90625,69874.90625,2106318.5625,368375000.0,2.880829125,,,,9.119170875
quartz,laghos,"-p 3 -dim 3 -rs 1 -tf 5.0",64,0.2333,3490375000.0,5956843750.0,1981718750.0,16019953125.0,,,,,25107.6484375,121339052.421875,1053472449.484375,37146.515625,1055102.515625,184890625.0,1.8136955000000001,,,,12.184304500000001
quartz,laghos,"-p 3 -dim 3 -rs 1 -tf 5",32,0.2166,6078937500.0,9458687500.0,3446000000.0,26342562500.0,30750000.0,19375000.0,4875000.0,2875000.0,109336.4375,483995059.21875,1797129232.6875,69875.875,2106318.59375,366687500.0,2.8653714687500003,,,,10.130628531249998
quartz,laghos,"-p 3 -dim 3 -rs 1 -tf 5.5",32,0.2,6547812500.0,10193750000.0,3721312500.0,28405000000.0,33375000.0,21062500.0,5500000.0,3375000.0,118974.0625,532113745.125,2144972425.90625,69874.90625,2106330.0625,410437500.0,3.1555466875,,,,8.8444533125
quartz,laghos,"-p 3 -dim 3 -rs 1 -tf 5.5 -pa",32,0.2,6430437500.0,10019125000.0,3663187500.0,27925125000.0,33375000.0,20000000.0,5437500.0,3250000.0,119098.03125,532153719.40625,2016626221.03125,69875.875,2106330.09375,407187500.0,3.19007453125,,,,8.80992546875
quartz,laghos,"-p 3 -dim 3 -rs 1 -tf 5 -pa",32,0.2166,6301937500.0,9785750000.0,3555062500.0,27247500000.0,30875000.0,19375000.0,4812500.0,2812500.0,108971.0625,483862436.9375,1859018874.40625,69842.90625,2106317.5625,368125000.0,3.1742309062500005,,,,9.821769093749998
quartz,laghos,"-p 3 -dim 3 -rs 2 -tf 2.0 -pa",1,1.0,22318000000.0,109362000000.0,38038000000.0,303072000000.0,1740000000.0,1130000000.0,172000000.0,168000000.0,21051649.0,113227745330.0,49144489729.0,37771.0,2174359.0,8330000000.0,54.779156999999984,,,,5.220843000000016
quartz,laghos,"-p 3 -dim 3 -rs 2 -tf 2.0 -pa",32,0.2666,7967812500.0,14270437500.0,5202250000.0,40138062500.0,74687500.0,69187500.0,10375000.0,6312500.0,624520.90625,3550443386.40625,3724683794.65625,69874.90625,2106299.6875,693125000.0,5.528688406249999,,,,10.46731159375
quartz,laghos,"-p 3 -dim 3 -rs 2 -tf 2.0 -pa",64,0.2666,3900718750.0,7101718750.0,2403843750.0,19322265625.0,32890625.0,25625000.0,4140625.0,2203125.0,164038.6640625,885662784.9765625,1507844055.1484375,37162.515625,1055098.03125,281156250.0,2.7841927265625,,,,13.2118072734375
quartz,laghos,"-p 3 -dim 3 -rs 2 -tf 3",32,0.35,11711687500.0,21041875000.0,7677437500.0,59189250000.0,117937500.0,103187500.0,16750000.0,10250000.0,924817.46875,5309021293.46875,5516216023.15625,69873.9375,2106339.6875,1044562500.0,8.16731953125,,,,12.83268046875
quartz,laghos,"-p 3 -dim 3 -rs 2 -tf 3.5",32,0.4166,14045812500.0,25082125000.0,9140125000.0,70569312500.0,130875000.0,121625000.0,18437500.0,12062500.0,1074773.09375,6184823164.84375,6444464919.90625,69874.90625,2106358.84375,1228000000.0,9.495037687500002,,,,15.5009623125
quartz,laghos,"-p 3 -dim 3 -rs 2 -tf 3.5 -pa",32,0.45,13600125000.0,24452625000.0,8924187500.0,68788437500.0,132187500.0,121125000.0,18812500.0,12250000.0,1074862.375,6186470480.09375,6446574055.8125,69842.90625,2106357.84375,1210687500.0,9.467205437500002,,,,17.532794562499998
quartz,laghos,"-p 3 -dim 3 -rs 2 -tf 3 -pa",32,0.3666,11953687500.0,21396937500.0,7795625000.0,60172562500.0,112562500.0,103687500.0,15437500.0,10000000.0,924827.59375,5308189725.4375,5708987966.28125,69874.90625,2106339.71875,1042812500.0,8.177258531249999,,,,13.81874146875
quartz,laghos,"-p 3 -dim 3 -rs 2 -tf 4",32,0.4166,15541500000.0,27923500000.0,10188125000.0,78552125000.0,145312500.0,138812500.0,21250000.0,13812500.0,1221872.4375,7047287950.1875,7319101858.625,69842.90625,2106376.875,1390687500.0,10.86804365625,,,,14.127956343750002
quartz,laghos,"-p 3 -dim 3 -rs 2 -tf 4.5",32,0.4833,17539437500.0,31491687500.0,11485687500.0,88583750000.0,166500000.0,156062500.0,23625000.0,15437500.0,1371634.71875,7922054210.90625,8141334909.28125,69874.90625,2106398.90625,1556562500.0,12.059491406250006,,,,16.938508593749994
quartz,laghos,"-p 3 -dim 3 -rs 2 -tf 4.5 -pa",32,0.45,17606500000.0,31599062500.0,11520562500.0,88864500000.0,163687500.0,156312500.0,23812500.0,16187500.0,1371807.40625,7925976826.84375,8135740022.09375,69874.90625,2106398.90625,1570437500.0,12.06362675,,,,14.93637325
quartz,laghos,"-p 3 -dim 3 -rs 2 -tf 4 -pa",32,0.4666,15835500000.0,28353125000.0,10333687500.0,79746187500.0,147125000.0,138875000.0,21625000.0,13937500.0,1221864.03125,7046656855.625,7359844776.40625,69875.875,2106377.90625,1389062500.0,10.7494990625,,,,17.246500937500002
quartz,laghos,"-p 3 -dim 3 -rs 2 -tf 5.0",1,2.4666,55268000000.0,271086000000.0,94290000000.0,751142000000.0,4316000000.0,2806000000.0,368000000.0,356000000.0,51848337.0,280771365104.0,121947121967.0,37771.0,2178142.0,20660000000.0,130.49184499999998,,,,17.504155000000026
quartz,laghos,"-p 3 -dim 3 -rs 2 -tf 5.0",32,0.5166,19664937500.0,35236562500.0,12853687500.0,99142625000.0,185687500.0,173125000.0,27750000.0,17937500.0,1521621.28125,8799718770.53125,9150272843.53125,69874.90625,2106417.9375,1723625000.0,14.061234250000002,,,,16.934765749999993
quartz,laghos,"-p 3 -dim 3 -rs 2 -tf 5.0",64,0.5333,9970828125.0,18117906250.0,6110453125.0,49251671875.0,80546875.0,64921875.0,10718750.0,6218750.0,388366.78125,2196919123.71875,3754988313.3828135,37146.515625,1055127.34375,695968750.0,7.0571896328125,,,,24.940810367187503
quartz,laghos,"-p 3 -dim 3 -rs 2 -tf 5.0 -pa",1,2.4666,55288000000.0,271102000000.0,94300000000.0,751164000000.0,4296000000.0,2806000000.0,376000000.0,358000000.0,51752402.0,280774449299.0,121927643842.0,37771.0,2178142.0,20728000000.0,133.33801200000008,,,,14.657987999999932
quartz,laghos,"-p 3 -dim 3 -rs 2 -tf 5.0 -pa",32,0.4666,18983625000.0,34245875000.0,12515437500.0,96372812500.0,188375000.0,172687500.0,28125000.0,17750000.0,1522031.03125,8800182901.0,9217892232.0,69874.90625,2106417.9375,1728750000.0,13.879292062499998,,,,14.116707937500005
quartz,laghos,"-p 3 -dim 3 -rs 2 -tf 5.0 -pa",64,0.5666,9710000000.0,17682437500.0,5977937500.0,48088640625.0,79906250.0,65437500.0,10546875.0,6234375.0,388399.828125,2197351618.8125,3821616158.078125,37162.03125,1055127.578125,701171875.0,7.191441,,,,26.804559
quartz,laghos,"-p 3 -dim 3 -rs 2 -tf 5",32,0.4833,19888375000.0,35571625000.0,12959250000.0,100050625000.0,190062500.0,172125000.0,27500000.0,17625000.0,1521829.4375,8798143943.6875,8975375282.9375,69875.875,2106417.96875,1725062500.0,13.468896875,,,,15.529103125
quartz,laghos,"-p 3 -dim 3 -rs 2 -tf 5.5",32,0.55,21517312500.0,38604812500.0,14077562500.0,108584125000.0,208000000.0,190375000.0,30375000.0,19562500.0,1671745.78125,9681247250.75,10029644615.53125,69875.875,2106439.0,1915812500.0,14.885906062499995,,,,18.114093937500005
quartz,laghos,"-p 3 -dim 3 -rs 2 -tf 5.5 -pa",32,0.5333,21068187500.0,37945687500.0,13860437500.0,106774500000.0,203250000.0,190375000.0,30000000.0,19875000.0,1671468.78125,9679322753.6875,9946631540.9375,69875.875,2106439.0,1913437500.0,14.789725531250005,,,,17.208274468749998
quartz,laghos,"-p 3 -dim 3 -rs 2 -tf 5 -pa",32,0.5,19346812500.0,34786875000.0,12693250000.0,97853500000.0,183937500.0,173125000.0,27437500.0,17875000.0,1521828.96875,8796758589.09375,9135689296.3125,69874.90625,2106417.9375,1731375000.0,13.402501125,,,,16.597498875
quartz,miniFE.x,"-nx 100 -ny 100 -nz 100",32,0.1,125531250.0,432906250.0,61937500.0,995312500.0,21406250.0,2000000.0,5218750.0,0.0,45.328125,113459106.15625,4842989.734375,120629.59375,10749.53125,4656250.0,0.690265828125,,,,5.309734171875
quartz,miniFE.x,"-nx 100 -ny 100 -nz 50",32,0.1,66875000.0,226562500.0,34968750.0,524500000.0,6750000.0,1000000.0,1156250.0,0.0,30.765625,59869370.640625,2627363.703125,120629.59375,10749.625,3687500.0,0.44808778125,,,,5.55191221875
quartz,miniFE.x,"-nx 100 -ny 50 -nz 50",32,0.1,38250000.0,125375000.0,22093750.0,293812500.0,3593750.0,0.0,0.0,0.0,28.765625,30758479.5,1452856.546875,120583.09375,10749.5625,1375000.0,0.314950953125,,,,5.685049046875
quartz,miniFE.x,"-nx 100 -ny 75 -nz 50",32,0.1,52031250.0,174125000.0,28000000.0,404656250.0,3875000.0,0.0,468750.0,0.0,32.765625,45695592.25,2032823.109375,120629.59375,10749.625,2593750.0,0.4033669218750001,,,,5.5966330781249995
quartz,miniFE.x,"-nx 100 -ny 75 -nz 75",32,0.1,72468750.0,247906250.0,36375000.0,572750000.0,10906250.0,1000000.0,2343750.0,0.0,36.9375,66099802.328125,2880511.546875,120629.59375,10749.5625,4187500.0,0.4759628125,,,,5.5240371875
quartz,miniFE.x,"-nx 125 -ny 100 -nz 100",32,0.1166,154531250.0,535781250.0,75062500.0,1229687500.0,20937500.0,2000000.0,5062500.0,0.0,27.609375,141043549.078125,5988772.4375,120583.09375,10749.546875,5687500.0,0.7925934374999998,,,,6.2034065625
quartz,miniFE.x,"-nx 125 -ny 100 -nz 50",32,0.1166,81062500.0,277781250.0,41625000.0,641093750.0,12718750.0,1000000.0,2937500.0,0.0,19.609375,74190517.4375,3242116.796875,120629.59375,10749.453125,4343750.0,0.522957640625,,,,6.4730423593749995
quartz,miniFE.x,"-nx 125 -ny 125 -nz 125",32,0.1333,234750000.0,821062500.0,110000000.0,1877625000.0,38500000.0,4000000.0,9406250.0,0.0,46.0,215867924.71875,9051566.625,120629.59375,10749.4375,6812500.0,1.1153501874999998,,,,6.8826498125
quartz,miniFE.x,"-nx 125 -ny 125 -nz 50",32,0.1,100187500.0,344062500.0,50437500.0,792875000.0,16750000.0,1000000.0,4000000.0,0.0,41.25,91589810.5,3952289.671875,120629.59375,10749.40625,4968750.0,0.5938456875,,,,5.4061543125
quartz,miniFE.x,"-nx 125 -ny 50 -nz 50",32,0.0833,44562500.0,148343750.0,24656250.0,345156250.0,5281250.0,0.0,656250.0,0.0,13.421875,38415865.71875,1761085.5625,120583.09375,10749.640625,2062500.0,0.347701953125,,,,4.650298046875
quartz,miniFE.x,"-nx 125 -ny 75 -nz 50",32,0.1,60656250.0,207937500.0,30968750.0,481062500.0,10187500.0,1000000.0,1750000.0,0.0,30.71875,56557492.125,2491544.078125,120629.59375,10749.53125,3625000.0,0.4479618593750001,,,,5.552038140625
quartz,miniFE.x,"-nx 125 -ny 75 -nz 75",32,0.0833,88125000.0,305125000.0,43375000.0,703468750.0,9625000.0,1000000.0,2031250.0,0.0,14.03125,82270621.359375,3560455.328125,120629.59375,10749.53125,4343750.0,0.5646846562500001,,,,4.43331534375
quartz,miniFE.x,"-nx 150 -ny 100 -nz 100",32,0.1166,185218750.0,642125000.0,90000000.0,1472250000.0,19312500.0,3000000.0,4875000.0,0.0,31.4375,168437711.421875,7131396.859375,120583.09375,10749.34375,6218750.0,0.915701203125,,,,6.080298796875
quartz,miniFE.x,"-nx 150 -ny 100 -nz 50",32,0.1,98406250.0,335468750.0,50937500.0,773843750.0,15843750.0,1000000.0,3656250.0,0.0,14.921875,88857641.75,3838798.03125,120583.09375,10749.484375,4562500.0,0.57728234375,,,,5.42271765625
quartz,miniFE.x,"-nx 150 -ny 125 -nz 125",32,0.1333,290218750.0,1005000000.0,139875000.0,2300687500.0,46687500.0,4000000.0,11093750.0,0.0,20.53125,258331725.984375,10811673.75,120629.59375,10749.453125,8500000.0,1.282578125,,,,6.7154218750000005
quartz,miniFE.x,"-nx 150 -ny 125 -nz 50",32,0.1,117812500.0,408093750.0,58593750.0,938562500.0,17375000.0,1843750.0,4156250.0,0.0,15.421875,109669518.359375,4707357.828125,120629.59375,10749.453125,4906250.0,0.6628030624999999,,,,5.3371969375
quartz,miniFE.x,"-nx 150 -ny 150 -nz 150",32,0.1333,421843750.0,1449281250.0,207062500.0,3309625000.0,43093750.0,6156250.0,9718750.0,0.0,13.609375,366393112.9375,15272360.234375,120629.59375,10749.46875,12843750.0,1.7522326718750003,,,,6.245767328125
quartz,miniFE.x,"-nx 150 -ny 150 -nz 50",32,0.1166,149437500.0,505937500.0,78250000.0,1164000000.0,13875000.0,2000000.0,3281250.0,0.0,13.03125,130699694.109375,5586235.484375,120629.59375,10749.484375,6125000.0,0.746296125,,,,6.249703875
quartz,miniFE.x,"-nx 150 -ny 50 -nz 50",32,0.1,53656250.0,178281250.0,29875000.0,414968750.0,7187500.0,31250.0,1375000.0,0.0,16.59375,46357181.078125,2096253.234375,120629.59375,10749.53125,2625000.0,0.3842586874999999,,,,5.6157413125
quartz,miniFE.x,"-nx 150 -ny 75 -nz 50",32,0.1,72562500.0,248875000.0,36812500.0,575406250.0,11625000.0,1000000.0,2437500.0,0.0,15.4375,67539420.125,2954505.734375,120583.09375,10749.453125,3875000.0,0.50207090625,,,,5.49792909375
quartz,miniFE.x,"-nx 150 -ny 75 -nz 75",32,0.1,104156250.0,362343750.0,50875000.0,833375000.0,16531250.0,1000000.0,3656250.0,0.0,21.640625,98058226.3125,4228480.078125,120629.59375,10749.453125,4687500.0,0.6163775000000001,,,,5.3836224999999995
quartz,miniFE.x,"-nx 175 -ny 100 -nz 100",32,0.1333,214406250.0,745875000.0,103093750.0,1709718750.0,23625000.0,3000000.0,5906250.0,0.0,39.0625,196350927.40625,8280457.15625,120629.59375,10749.4375,6656250.0,1.0095508281250003,,,,6.988449171875
quartz,miniFE.x,"-nx 175 -ny 100 -nz 50",32,0.1,111437500.0,384031250.0,56187500.0,884718750.0,14187500.0,1187500.0,3031250.0,0.0,21.796875,103127556.8125,4427962.140625,120583.09375,10749.40625,5062500.0,0.63271465625,,,,5.36728534375
quartz,miniFE.x,"-nx 175 -ny 125 -nz 125",32,0.1333,338875000.0,1170562500.0,164875000.0,2676281250.0,62593750.0,5000000.0,14812500.0,0.0,30.234375,300729544.40625,12556008.90625,120583.09375,10749.375,10968750.0,1.46051446875,,,,6.537485531250001
quartz,miniFE.x,"-nx 175 -ny 125 -nz 50",32,0.1166,137593750.0,475718750.0,68562500.0,1093562500.0,23312500.0,2000000.0,5343750.0,0.0,45.109375,127405805.0625,5461858.421875,120629.59375,10749.390625,5687500.0,0.7279793906249998,,,,6.268020609375
quartz,miniFE.x,"-nx 175 -ny 150 -nz 150",32,0.1333,489875000.0,1690531250.0,237468750.0,3863000000.0,51437500.0,7687500.0,10718750.0,0.0,11.21875,426571099.28125,17759471.359375,120583.09375,10749.453125,14687500.0,2.0312253125,,,,5.9667746875
quartz,miniFE.x,"-nx 175 -ny 150 -nz 50",32,0.1166,162375000.0,563812500.0,79750000.0,1294031250.0,25843750.0,2000000.0,6250000.0,0.0,17.75,152124440.28125,6458893.609375,120629.59375,10749.390625,6437500.0,0.8237492812500002,,,,6.172250718749999
quartz,miniFE.x,"-nx 175 -ny 175 -nz 175",32,0.1833,650937500.0,2264062500.0,305750000.0,5161875000.0,62187500.0,10000000.0,11000000.0,0.0,25.609375,574961352.6875,23841448.96875,120629.59375,10749.328125,18000000.0,2.674774671875,,,,8.323225328125
quartz,miniFE.x,"-nx 175 -ny 175 -nz 50",32,0.1166,193062500.0,665968750.0,96031250.0,1528250000.0,23312500.0,3000000.0,5656250.0,0.0,31.453125,176585461.375,7495531.859375,120629.59375,10749.453125,6437500.0,0.92586459375,,,,6.0701354062499995
quartz,miniFE.x,"-nx 175 -ny 50 -nz 50",32,0.1,59062500.0,200500000.0,31406250.0,465375000.0,8687500.0,968750.0,1531250.0,0.0,24.734375,53986426.34375,2401636.484375,120629.59375,10749.53125,3250000.0,0.4324233124999999,,,,5.5675766875
quartz,miniFE.x,"-nx 175 -ny 75 -nz 50",32,0.1,84937500.0,291406250.0,43562500.0,673062500.0,14531250.0,1000000.0,3312500.0,0.0,26.4375,78945915.0625,3439966.421875,120629.59375,10749.46875,4343750.0,0.522539265625,,,,5.477460734375
quartz,miniFE.x,"-nx 175 -ny 75 -nz 75",32,0.1166,121375000.0,422687500.0,59156250.0,972250000.0,7500000.0,2000000.0,2000000.0,0.0,28.3125,114459845.90625,4893230.375,120583.09375,10749.390625,5125000.0,0.6774501093749999,,,,6.3185498906249995
quartz,miniFE.x,"-nx 200 -ny 100 -nz 100",32,0.1333,247687500.0,859281250.0,120468750.0,1969656250.0,17906250.0,3968750.0,4187500.0,0.0,36.09375,224042609.015625,9429217.203125,120583.09375,10749.359375,7875000.0,1.0988816093750002,,,,6.899118390625
quartz,miniFE.x,"-nx 200 -ny 100 -nz 50",32,0.1166,130437500.0,444906250.0,67281250.0,1025000000.0,26187500.0,2000000.0,5843750.0,0.0,21.734375,117814339.5,5047038.34375,120629.59375,10749.421875,5593750.0,0.6944174062500001,,,,6.301582593749999
quartz,miniFE.x,"-nx 200 -ny 125 -nz 125",32,0.1333,386031250.0,1336312500.0,186375000.0,3054312500.0,49750000.0,6000000.0,10656250.0,0.0,39.8125,342829855.3125,14319480.84375,120583.09375,10749.328125,11375000.0,1.6424509375,,,,6.3555490625
quartz,miniFE.x,"-nx 200 -ny 125 -nz 50",32,0.1166,159718750.0,548843750.0,80562500.0,1261187500.0,26250000.0,2000000.0,5906250.0,0.0,39.015625,145865908.28125,6200168.984375,120629.59375,10749.34375,6312500.0,0.8232639531250001,,,,6.172736046874999
quartz,miniFE.x,"-nx 200 -ny 150 -nz 150",32,0.1666,556937500.0,1925375000.0,267718750.0,4397437500.0,63375000.0,8812500.0,11937500.0,0.0,14.296875,486949283.53125,20252431.875,120629.59375,10749.34375,15843750.0,2.2492563906250007,,,,7.746743609375
quartz,miniFE.x,"-nx 200 -ny 150 -nz 50",32,0.1166,193687500.0,663250000.0,98343750.0,1524218750.0,30937500.0,3000000.0,7031250.0,0.0,20.859375,173725341.453125,7370130.203125,120629.59375,10749.40625,6656250.0,0.903712609375,,,,6.092287390625
quartz,miniFE.x,"-nx 200 -ny 175 -nz 175",32,0.1833,740875000.0,2583312500.0,344531250.0,5888593750.0,94531250.0,12000000.0,16531250.0,0.0,26.171875,656487373.078125,27226259.21875,120629.59375,10749.328125,21062500.0,3.0548944062499994,,,,7.9431055937499995
quartz,miniFE.x,"-nx 200 -ny 175 -nz 50",32,0.1166,218250000.0,756781250.0,107375000.0,1735437500.0,15343750.0,3000000.0,3906250.0,0.0,21.046875,200891904.984375,8520910.421875,120629.59375,10749.390625,7375000.0,1.0172719843750002,,,,5.978728015624999
quartz,miniFE.x,"-nx 200 -ny 200 -nz 200",32,0.2333,987375000.0,3410906250.0,470375000.0,7769968750.0,142250000.0,15500000.0,24812500.0,1000000.0,10.953125,851290595.15625,35180681.078125,120629.59375,10749.296875,26156250.0,3.9044736093749988,,,,10.093526390625001
quartz,miniFE.x,"-nx 200 -ny 200 -nz 50",32,0.1333,248781250.0,862500000.0,121906250.0,1976156250.0,35687500.0,4000000.0,7843750.0,0.0,12.984375,228857898.265625,9677857.984375,120629.59375,10749.359375,8156250.0,1.128259828125,,,,6.869740171875
quartz,miniFE.x,"-nx 200 -ny 50 -nz 50",32,0.1,65812500.0,224968750.0,34281250.0,520718750.0,9312500.0,1000000.0,1781250.0,0.0,11.859375,61864248.8125,2737783.296875,120629.59375,10749.5,3531250.0,0.4592171875000001,,,,5.5407828125
quartz,miniFE.x,"-nx 200 -ny 75 -nz 50",32,0.1166,95718750.0,329562500.0,48562500.0,759906250.0,16093750.0,1000000.0,3500000.0,0.0,29.296875,89948513.984375,3910364.078125,120629.59375,10749.390625,4468750.0,0.569148578125,,,,6.426851421875
quartz,miniFE.x,"-nx 200 -ny 75 -nz 75",32,0.1,136875000.0,478218750.0,66312500.0,1098125000.0,18906250.0,2000000.0,4250000.0,0.0,17.65625,130324344.734375,5566932.21875,120629.59375,10749.34375,5375000.0,0.7234245468750001,,,,5.276575453125
quartz,miniFE.x,"-nx 75 -ny 75 -nz 50",32,0.1,39531250.0,131250000.0,21500000.0,305593750.0,5343750.0,0.0,218750.0,0.0,20.015625,33751662.359375,1565742.453125,120629.59375,10749.6875,1718750.0,0.3245983593750001,,,,5.675401640625
quartz,miniFE.x,"-nx 75 -ny 75 -nz 75",32,0.1,55781250.0,189812500.0,28843750.0,439718750.0,8343750.0,250000.0,1562500.0,0.0,11.84375,49881222.90625,2198357.65625,120629.59375,10749.5,3031250.0,0.395420953125,,,,5.604579046875
quartz,minigan,"",1,0.0333,225416666.66666663,320416666.6666667,35583333.333333336,802611111.1111113,0.0,27777.777777777777,0.0,0.0,9581.458333333334,24425780.18055556,4462536.125,525.0555555555555,30141.902777777777,18916666.666666668,0.4185851111111112,,,,1.579414888888889
quartz,minigan,"",1,0.0333,336722222.22222215,496361111.1111111,60083333.33333334,1246666666.6666667,138888.88888888888,55555.555555555555,0.0,27777.777777777777,27141.41666666667,54701036.43055555,12219846.944444446,525.0555555555555,30141.902777777777,55916666.66666666,0.6990859583333333,,,,1.298914041666667
quartz,minigan,"",1,0.05,192888888.88888893,272138888.8888889,29611111.11111111,681777777.7777778,27777.777777777777,27777.777777777777,0.0,0.0,6128.3611111111095,14791285.402777778,3200073.875,525.0555555555555,30141.902777777777,18500000.0,0.3796605972222222,,,,2.6203394027777778
quartz,minigan,"",1,0.05,280388888.8888889,410111111.1111111,48472222.22222222,1029888888.8888887,27777.777777777777,27777.777777777777,0.0,0.0,20018.791666666668,41620070.875,8883175.13888889,525.0555555555555,30141.902777777777,41916666.66666666,0.6896929722222225,,,,2.3103070277777773
quartz,minigan,"",1,0.05,330083333.3333333,471000000.0,51972222.22222222,1178500000.0,27777.777777777777,0.0,0.0,0.0,14272.583333333336,29742957.277777776,6332422.138888889,525.0555555555555,30141.888888888887,29222222.222222224,0.456322,,,,2.543678
quartz,minigan,"",1,0.05,377472222.22222215,564388888.8888887,70055555.55555555,1418416666.6666667,1722222.2222222222,55555.555555555555,0.0,27777.777777777777,35667.444444444445,73537297.70833333,16087750.833333336,525.0555555555555,30141.902777777777,78722222.22222222,0.8467450972222218,,,,2.1532549027777783
quartz,minigan,"",1,0.05,443055555.5555557,667416666.6666666,84944444.44444445,1678944444.4444444,1805555.555555556,138888.88888888888,0.0,27777.777777777777,46674.694444444445,93078590.56944443,20380351.027777776,525.0555555555555,30141.902777777777,99000000.0,0.8411450694444443,,,,2.1588549305555556
quartz,minigan,"",27,0.1,1112370370.3703704,2294518518.5185184,933407407.4074074,6823259259.259259,21111111.111111112,21037037.03703704,4222222.222222222,2222222.222222222,771215.222222222,1484491244.4074075,265338131.8148148,53501.33333333334,2105161.037037037,324000000.0,1.873831777777777,,,,4.126168222222223
quartz,minigan,"",27,0.1166,1558814814.8148148,3244222222.2222233,1318074074.074074,9637481481.481482,35851851.85185185,28370370.37037037,6444444.444444444,3703703.703703704,1097586.666666667,2120986831.6296296,391562573.25925934,58651.851851851854,2105430.2962962957,474074074.07407415,2.5862571111111112,,,,4.409742888888888
quartz,minigan,"",27,0.1333,2023481481.4814816,4337111111.111111,1724888888.8888884,12740814814.814816,50074074.07407408,39259259.25925926,8592592.592592593,4740740.740740742,1535159.7777777778,2978434781.592593,529800728.5925926,53500.62962962963,2105161.074074074,617111111.1111113,3.5188495925925927,,,,4.479150407407408
quartz,minigan,"",27,0.1,358592592.59259266,844740740.7407408,346074074.07407415,2471111111.111111,15259259.25925926,8370370.37037037,1555555.5555555557,666666.6666666665,344952.96296296304,657484141.1481483,117406516.81481482,53501.37037037037,2105161.111111111,129407407.4074074,0.7170874814814815,,,,5.282912518518518
quartz,minigan,"",27,0.1,522666666.6666667,1287629629.6296294,534814814.81481487,3761037037.037037,25259259.25925925,12962962.962962965,3555555.5555555555,1407407.4074074074,543948.2222222221,1041073755.0,189023827.1851852,58697.814814814825,2105431.925925926,214518518.5185185,1.051961259259259,,,,4.948038740740741
quartz,minigan,"",27,0.15,2977777777.7777767,6011777777.777778,2537925925.925925,18161259259.25926,65629629.62962963,52888888.88888889,11037037.037037035,6518518.518518519,2090054.0,4056754224.1481476,746635841.2962964,56077.62962962963,2105295.777777778,870518518.5185188,4.859639851851852,,,,4.140360148148148
quartz,minigan,"",27,0.1666,3492444444.444445,7446740740.740741,3026370370.3703704,22046518518.51852,98666666.66666669,68740740.74074075,18000000.0,8000000.0,2708395.222222222,5251880421.777778,936064195.7407408,61296.111111111124,2105567.4814814813,1167111111.1111116,6.2727215925925925,,,,3.723278407407408
quartz,miniqmc,"",1,0.0333,412000000.0,587888888.8888887,65305555.55555555,1474111111.1111116,27777.777777777777,55555.555555555555,0.0,0.0,18545.20833333333,39454580.152777776,8436323.861111112,525.0555555555555,30141.888888888887,39111111.11111111,0.7567937916666665,,,,1.2412062083333337
quartz,miniqmc,"",1,0.05,250611111.11111107,352805555.55555564,38638888.88888889,885222222.2222222,55555.555555555555,0.0,0.0,0.0,7948.319444444444,21331856.18055556,4297165.5,525.0555555555555,30141.888888888887,17444444.444444444,0.6240817083333335,,,,2.3759182916666663
quartz,miniqmc,"",1,0.05,342194444.4444444,485666666.6666667,53194444.44444445,1215916666.6666667,0.0,27777.777777777777,0.0,0.0,12505.388888888889,31270260.319444444,5968108.208333332,525.0555555555555,30141.888888888887,33027777.777777776,0.3988480694444442,,,,2.601151930555556
quartz,miniqmc,"",1,0.05,351916666.6666667,515972222.22222215,62000000.0,1295694444.4444444,416666.66666666674,0.0,0.0,0.0,26422.625,55735466.0,11844056.708333332,525.0555555555555,30141.902777777777,61888888.88888889,0.807838180555556,,,,2.192161819444444
quartz,miniqmc,"",1,0.05,422361111.1111111,625722222.2222222,76472222.22222222,1572027777.7777774,1500000.0,83333.33333333331,0.0,0.0,35865.625,73982926.30555555,16295386.736111112,525.0555555555555,30141.902777777777,73638888.88888891,1.0795354027777784,,,,1.9204645972222216
quartz,miniqmc,"",1,0.05,530833333.3333333,789500000.0,97194444.44444443,1982833333.3333333,1666666.666666667,277777.7777777777,0.0,27777.777777777777,47372.27777777778,98314698.93055557,21271712.861111112,525.0555555555555,30141.888888888887,97166666.66666669,1.2688500138888894,,,,1.7311499861111106
quartz,miniqmc,"",1,0.05,639722222.2222222,955833333.3333334,119222222.22222222,2403305555.5555553,2055555.555555556,2000000.0,0.0,55555.555555555555,61250.47222222223,121561576.19444443,27072942.58333333,525.0555555555555,30141.888888888887,124611111.11111107,1.5376497361111117,,,,1.4623502638888883
quartz,miniqmc,"",27,0.1166,1541407407.4074075,3185777777.7777767,1306962962.9629624,9415185185.185184,38888888.88888889,28222222.222222224,6962962.962962963,3037037.037037037,1075597.962962963,2069342983.5925925,462895393.48148143,58651.814814814825,2105430.222222222,437037037.037037,2.5196522592592596,,,,4.47634774074074
quartz,miniqmc,"",27,0.1166,2212666666.6666665,4537037037.037037,1890370370.3703704,13489925925.925926,58370370.37037037,38296296.2962963,9777777.777777778,5333333.333333333,1526959.259259259,2959965456.5185184,676696742.1111113,53501.33333333334,2105161.037037037,607851851.8518517,3.4502692222222238,,,,3.545730777777776
quartz,miniqmc,"",27,0.1,448444444.4444444,1115037037.0370374,467185185.18518513,3245481481.4814816,14814814.814814815,11481481.48148148,2000000.0,1333333.333333333,458785.2962962964,874508931.962963,179669684.88888887,63868.40740740741,2105701.8518518517,177703703.70370367,0.9404522592592592,,,,5.059547740740741
quartz,miniqmc,"",27,0.15,2694296296.296296,5889185185.185185,2331555555.5555553,17091333333.333334,56740740.74074074,53037037.03703704,11037037.037037035,6592592.592592592,2046623.7777777773,3969132370.407407,895382252.1481483,61296.07407407407,2105567.4074074067,859259259.2592592,4.66465751851852,,,,4.33534248148148
quartz,miniqmc,"",27,0.1,624370370.3703704,1685555555.5555556,647333333.3333334,4709629629.62963,31407407.40740741,18000000.0,5259259.259259258,2074074.0740740744,724075.074074074,1385995976.4074075,289471046.3333334,61295.259259259255,2105567.4444444445,293481481.4814815,1.404287148148148,,,,4.595712851851852
quartz,miniqmc,"",27,0.1833,3522740740.740741,7796296296.296295,3184666666.6666665,22806740740.74074,99703703.7037037,71703703.7037037,16888888.888888888,9037037.037037035,2779402.777777778,5398086199.888889,1272835907.6666667,56055.59259259259,2105294.888888889,1152444444.4444444,6.500807888888887,,,,4.497192111111112
quartz,miniqmc,"",27,0.2,4986666666.666667,10503407407.407408,4465925925.925926,31303703703.703705,116074074.07407407,90222222.22222222,22518518.51851852,11481481.48148148,3448976.5925925933,6679013628.555553,1461233058.8148148,53501.37037037037,2105161.111111111,1515851851.851852,8.07123937037037,,,,3.9287606296296307
quartz,minitri,"",1,0.05,276000000.0,391416666.6666667,43944444.44444445,981805555.5555557,0.0,0.0,0.0,0.0,9814.847222222224,22952674.402777776,5325253.222222223,525.0555555555555,30141.888888888887,28638888.88888889,0.5751196805555557,,,,2.424880319444444
quartz,minitri,"",1,0.05,338888888.8888889,494305555.5555557,58972222.22222222,1242138888.8888884,388888.88888888893,27777.777777777777,0.0,0.0,22992.79166666667,52131670.0,10512477.472222222,525.0555555555555,30141.888888888887,46694444.44444445,0.7414427083333336,,,,2.2585572916666665
quartz,minitri,"",1,0.05,394944444.4444444,560527777.7777778,61472222.22222222,1406916666.6666667,0.0,55555.555555555555,0.0,0.0,15544.388888888889,34669825.0,7388681.138888889,525.0555555555555,30141.902777777777,39138888.88888889,0.6570618472222223,,,,2.3429381527777777
quartz,minitri,"",1,0.05,456722222.22222215,668305555.5555558,79583333.33333333,1677722222.2222226,1361111.111111111,55555.555555555555,0.0,0.0,32728.819444444438,68736750.44444445,14799208.152777778,525.0555555555555,30141.902777777777,64638888.88888889,1.2746770972222223,,,,1.7253229027777777
quartz,minitri,"",1,0.05,504138888.8888889,749305555.5555558,92916666.66666669,1882666666.6666667,1666666.666666667,194444.4444444445,0.0,0.0,44579.319444444445,92674329.11111107,20328253.541666668,525.0555555555555,30141.902777777777,98777777.77777778,0.9011768194444444,,,,2.0988231805555557
quartz,minitri,"",1,0.05,613111111.1111113,917611111.1111113,114888888.88888893,2305194444.444445,2722222.222222222,1861111.111111111,0.0,55555.555555555555,59334.22222222223,122557352.5,26649786.73611111,525.0555555555555,30141.902777777777,119694444.44444443,1.6228500555555558,,,,1.3771499444444442
quartz,minitri,"",1,0.05,783805555.5555558,1174000000.0,146694444.44444445,2949500000.0,3500000.0,2000000.0,0.0,55555.555555555555,76363.47222222223,149232712.18055555,33841763.375,525.0555555555555,30141.902777777777,157361111.11111107,1.8275962222222224,,,,1.1724037777777776
quartz,minitri,"",27,0.0833,532888888.8888889,1361111111.1111116,535925925.92592585,3856148148.1481476,23037037.03703704,15037037.037037035,3555555.5555555555,1777777.7777777778,556657.3703703703,1066364420.0,270784468.8518519,63862.0,2105701.740740741,217777777.77777785,1.1709999629629628,,,,3.8270000370370374
quartz,minitri,"",27,0.1166,1942888888.8888886,4080148148.1481476,1636074074.074074,11880888888.888893,48888888.88888889,35333333.333333336,9333333.333333334,3703703.703703704,1341708.5925925926,2584916932.888889,697524032.8888887,63894.33333333334,2105702.888888889,555555555.5555557,3.05604862962963,,,,3.9399513703703697
quartz,minitri,"",27,0.1333,2728370370.3703704,5756296296.296296,2424296296.296296,17013481481.481482,68074074.07407407,47925925.92592593,12222222.222222222,6296296.296296298,1864982.7777777773,3609230110.185185,1031085151.8888887,48304.18518518518,2104890.111111111,745555555.5555558,4.3145277037037015,,,,3.6834722962962987
quartz,minitri,"",27,0.1666,3495259259.2592587,7521111111.111111,2976444444.444445,21772444444.444443,105481481.48148148,68370370.37037037,17703703.703703705,8888888.888888888,2614190.8518518517,5074570105.888889,1381464787.8888884,61296.07407407407,2105567.4074074067,1088296296.2962964,5.859346703703703,,,,4.136653296296298
quartz,minitri,"",27,0.1,846666666.6666666,2211851851.851852,885925925.925926,6260962962.962963,32962962.96296297,22814814.81481481,6222222.222222223,2888888.888888888,902745.9629629628,1729691347.7407408,396551066.7407407,63893.444444444445,2105702.8518518517,368222222.22222215,1.7439141111111107,,,,4.256085888888889
quartz,minitri,"",27,0.2,4797851851.85185,10288370370.37037,4186518518.518519,30001925925.925926,107925925.92592593,90592592.5925926,19555555.55555556,11777777.777777778,3473356.9259259263,6743077173.888889,1872885814.2222226,56099.62962962963,2105296.5925925933,1449259259.2592592,7.5843617407407375,,,,4.4156382592592625
quartz,minitri,"",27,0.25,6143851851.85185,13159111111.111107,5395259259.259259,38521851851.85185,125555555.55555557,116518518.51851852,26000000.0,14592592.592592593,4510672.851851852,8741768309.592592,2255886941.555556,58697.0,2105431.888888889,1961629629.6296296,10.200119111111107,,,,4.799880888888893
quartz,sw4lite,"/usr/WS1/dnicho/summer2022/repos/sw4lite/tests/cartesian/basic.in",1,0.0833,435555555.5555557,1235527777.7777774,192194444.44444445,2783416666.6666665,42416666.66666666,6916666.666666668,11527777.777777778,2027777.7777777773,2.958333333333333,138755578.63888893,38105685.5,550.1388888888888,30160.16666666667,250500000.0,2.341336527777778,,,,2.656663472222222
quartz,sw4lite,"/usr/WS1/dnicho/summer2022/repos/sw4lite/tests/cartesian/basic.in",32,0.1166,1490687500.0,2983437500.0,1061875000.0,8492062500.0,49000000.0,11500000.0,5187500.0,3687500.0,195.375,298655424.0625,86349953.0,67175.8125,2106015.03125,187000000.0,1.8091223125,,,,5.186877687499999
quartz,sw4lite,"/usr/WS1/dnicho/summer2022/repos/sw4lite/tests/cartesian/skinny.in",1,0.1,568111111.1111113,1896916666.6666667,311472222.22222215,4213527777.777777,82638888.88888891,16750000.0,17138888.888888888,4027777.777777778,3.9722222222222223,236867340.90277785,67471186.18055555,548.4166666666666,30160.222222222223,451000000.0,3.6037434027777775,,,,2.3962565972222225
quartz,sw4lite,"/usr/WS1/dnicho/summer2022/repos/sw4lite/tests/cartesian/skinny.in",32,0.15,2858250000.0,5492625000.0,2029125000.0,15906375000.0,65687500.0,22875000.0,9187500.0,9437500.0,189.875,553674506.34375,163987518.96875,69323.8125,2106148.8125,466000000.0,3.5083040312500007,,,,5.491695968749999
quartz,sw4lite,"/usr/WS1/dnicho/summer2022/repos/sw4lite/tests/cartesian/uni.in",1,0.1,443194444.4444444,1263472222.2222226,202277777.77777785,2859166666.6666665,44000000.0,7027777.777777777,12194444.444444446,2027777.7777777773,0.6388888888888888,183353260.3333333,80617505.56944445,551.8333333333334,30161.305555555562,268861111.1111111,3.710816138888889,,,,2.289183861111111
quartz,sw4lite,"/usr/WS1/dnicho/summer2022/repos/sw4lite/tests/cartesian/uni.in",32,0.1,1540812500.0,3090812500.0,1132437500.0,8774750000.0,60312500.0,11437500.0,6187500.0,3750000.0,208.96875,442691126.34375,213462160.5,71805.84375,2106283.84375,197062500.0,1.9181573437500008,,,,4.081842656249999
quartz,sw4lite,"/usr/WS1/dnicho/summer2022/repos/sw4lite/tests/cartesian/uni_rev.in",1,0.0833,492194444.4444444,1073388888.8888887,151277777.77777782,2471888888.888889,45805555.55555555,6111111.111111111,12277777.777777778,2027777.7777777773,2.4722222222222223,85518248.63888891,90554484.70833331,551.8611111111112,30161.305555555562,360138888.8888889,4.023353194444447,,,,0.9746468055555528
quartz,sw4lite,"/usr/WS1/dnicho/summer2022/repos/sw4lite/tests/cartesian/uni_rev.in",32,0.0833,1165750000.0,2165125000.0,810250000.0,6271750000.0,53250000.0,13187500.0,7125000.0,5687500.0,188.40625,240687871.5,220271568.125,65020.875,2105883.8125,223875000.0,1.6609517500000002,,,,3.33704825
quartz,sw4lite,"/usr/WS1/dnicho/summer2022/repos/sw4lite/tests/loh1/LOH.1-h100.in",1,3.8,46195611111.11112,101708777777.77776,13663111111.111107,231047777777.7777,4973333333.333333,758944444.4444442,2230472222.2222233,272361111.1111111,2.9027777777777777,3921400492.819445,4651602623.958333,575.9722222222222,30158.45833333333,56353027777.77778,224.97888331944256,,,,3.0211166805574408
quartz,sw4lite,"/usr/WS1/dnicho/summer2022/repos/sw4lite/tests/loh1/LOH.1-h100.in",32,2.4833,116640625000.0,215593250000.0,76956562500.0,613688500000.0,5672312500.0,1207875000.0,677312500.0,424812500.0,303.84375,18975176403.65625,9339133988.71875,68891.375,2106010.1875,15623937500.0,135.3625204999997,,,,13.635479500000287
quartz,sw4lite,"/usr/WS1/dnicho/summer2022/repos/sw4lite/tests/loh1/LOH.1-h50.in",1,54.3166,391618583333.3333,1135035194444.4443,167427166666.66666,2478212972222.2217,80134472222.22223,11311750000.0,43777694444.444435,4207916666.6666665,1.1111111111111112,68821010797.16667,72602858005.27779,575.9166666666666,30161.08333333333,883197472222.2222,3174.673626791295,,,,84.3223732087049
quartz,sw4lite,"/usr/WS1/dnicho/summer2022/repos/sw4lite/tests/loh1/LOH.1-h50.in",32,34.75,1640617000000.0,3064998687500.0,1104176562500.0,8757922750000.0,80853875000.0,15538562500.0,9447437500.0,5690625000.0,287.6875,192388939207.90625,137756903326.0,71244.71875,2106150.65625,208840687500.0,1956.6442130312107,,,,128.3557869687893
quartz,sw4lite,"/usr/WS1/dnicho/summer2022/repos/sw4lite/tests/loh2/LOH.2-h100.in",1,3.9666,50719250000.0,108189916666.66667,14418416666.666666,247078638888.8889,4954416666.666667,747250000.0,2238777777.7777767,271777777.77777785,500.6805555555555,4095509691.111111,4707151019.25,10093.694444444445,31333.388888888887,56674361111.11112,226.14741447222067,,,,11.848585527779335
quartz,sw4lite,"/usr/WS1/dnicho/summer2022/repos/sw4lite/tests/loh2/LOH.2-h100.in",32,2.5,117062875000.0,217500812500.0,78669250000.0,620251437500.0,5751062500.0,1215687500.0,759687500.0,426937500.0,2734.65625,19492794256.71875,9536872477.96875,735078.71875,2108787.375,15891875000.0,136.26778937499978,,,,13.73221062500022
quartz,sw4lite,"/usr/WS1/dnicho/summer2022/repos/sw4lite/tests/loh2/LOH.2-h50.in",1,53.75,390262138888.8889,1133886888888.8892,167508194444.44446,2475056944444.4443,80271305555.55556,11303916666.666666,43921194444.444435,4201250000.0,2186.597222222222,69191714603.86111,72714736778.09723,10097.541666666666,35295.375,859771944444.4445,3209.7198468884058,,,,15.280153111594245
quartz,sw4lite,"/usr/WS1/dnicho/summer2022/repos/sw4lite/tests/loh2/LOH.2-h50.in",32,34.85,1560059687500.0,2984551812500.0,1059151500000.0,8449230250000.0,77994312500.0,15003187500.0,9394500000.0,5504437500.0,6730.28125,196364719180.375,139314337815.28125,711647.0,2117569.875,203512562500.0,1941.8723814999105,,,,149.1276185000895
quartz,sw4lite,"/usr/WS1/dnicho/summer2022/repos/sw4lite/tests/pointsource/point-source-dg.in",1,0.0166,166666.66666666663,222222.22222222228,27777.777777777777,555555.5555555555,0.0,0.0,0.0,0.0,2.6805555555555562,3861.291666666666,984.6388888888887,533.0416666666666,30152.013888888887,0.0,0.0009309027777777778,,,,0.9950690972222223
quartz,sw4lite,"/usr/WS1/dnicho/summer2022/repos/sw4lite/tests/pointsource/pointsource.in",1,0.1,972083333.3333334,1789750000.0,223166666.66666663,4204000000.0,58722222.22222222,8388888.888888888,17888888.888888888,2194444.4444444445,1.0,70842519.5,64158708.13888889,533.0555555555555,30160.66666666667,535861111.1111111,4.153448194444444,,,,1.8465518055555563
quartz,sw4lite,"/usr/WS1/dnicho/summer2022/repos/sw4lite/tests/pointsource/pointsource.in",32,0.1,1471625000.0,2714125000.0,989062500.0,7761812500.0,75437500.0,16500000.0,9062500.0,5562500.0,200.28125,334782214.34375,147300739.15625,68255.15625,2106149.71875,236062500.0,1.854700625,,,,4.1452993750000005
quartz,sw4lite,"/usr/WS1/dnicho/summer2022/repos/sw4lite/tests/pointsource/ps2.in",1,1.3,16184972222.22222,42137805555.55557,6332611111.111111,95481444444.44444,1551888888.8888884,287805555.55555564,868388888.8888887,84972222.22222222,4.111111111111111,4194503849.569445,955663130.625,532.9166666666666,30161.20833333333,8372805555.555554,75.16625315277736,,,,2.833746847222642
quartz,sw4lite,"/usr/WS1/dnicho/summer2022/repos/sw4lite/tests/pointsource/ps2.in",32,0.95,42089500000.0,89383250000.0,30946250000.0,249049125000.0,1716312500.0,390437500.0,135562500.0,120625000.0,214.84375,11654237593.40625,2139242175.0,66015.15625,2106017.09375,3780562500.0,48.17303834374998,,,,8.82696165625002
quartz,sw4lite,"/usr/WS1/dnicho/summer2022/repos/sw4lite/tests/topo/gaussianHill.in",1,0.9833,16310194444.444445,38519722222.22222,6327666666.666667,87694111111.11111,1539972222.2222226,812305555.5555558,275000000.0,45916666.66666666,4.180555555555555,2164421541.6805553,855344292.5416667,545.7777777777778,30161.875,5508472222.222222,56.09173555555557,,,,2.9062644444444246
quartz,sw4lite,"/usr/WS1/dnicho/summer2022/repos/sw4lite/tests/topo/gaussianHill.in",32,0.9166,41052875000.0,84140937500.0,31792375000.0,235347625000.0,1502250000.0,779000000.0,131375000.0,92875000.0,430.15625,8147426307.46875,2017870210.90625,69142.5625,2106152.53125,6850562500.0,45.91978337500004,,,,9.076216624999958
quartz,sw4lite,"/usr/WS1/dnicho/summer2022/repos/sw4lite/tests/topo/gaussianHill-rev.in",1,1.1166,6450944444.444447,24375888888.88889,4112583333.3333335,52157861111.11112,2346500000.0,425527777.77777785,570888888.8888887,104611111.11111107,4.2222222222222205,1378701853.9861116,1919241666.4722226,547.2222222222222,30159.819444444438,15286694444.444445,61.9154497361111,,,,5.0805502638889095
quartz,sw4lite,"/usr/WS1/dnicho/summer2022/repos/sw4lite/tests/topo/gaussianHill-rev.in",32,1.1333,48418437500.0,86407500000.0,32249500000.0,251189312500.0,1953500000.0,535500000.0,280625000.0,232625000.0,464.75,3984057753.09375,4339946263.03125,64718.1875,2105880.15625,9976375000.0,58.881256812499934,,,,9.11674318750007
quartz,sw4lite,"/usr/WS1/dnicho/summer2022/repos/sw4lite/tests/topo/skinny.in",1,2.5166,11347666666.666666,83199166666.66667,16324833333.333334,175265194444.44446,5148638888.888889,1587694444.4444444,1484166666.6666667,267916666.66666663,5.236111111111111,13518900870.430555,3980255699.8194437,545.75,30160.388888888887,26563888888.88889,146.7603745694446,,,,4.235625430555416
quartz,sw4lite,"/usr/WS1/dnicho/summer2022/repos/sw4lite/tests/topo/skinny.in",32,3.3333,153032187500.0,314665437500.0,113169187500.0,887902375000.0,4828312500.0,1522375000.0,515250000.0,518062500.0,417.875,28450107278.21875,9203715229.3125,66881.375,2106015.5,22034312500.0,179.7124953437494,,,,20.285504656250595
quartz,sw4lite,"/usr/WS1/dnicho/summer2022/repos/sw4lite/tests/topo/skinny-rev.in",1,2.5833,12698444444.444445,58417111111.11112,10598888888.888893,123267750000.0,5530472222.222222,1161000000.0,1558083333.3333333,271833333.3333333,3.3055555555555562,3427822139.875,4925206347.138888,545.7777777777778,30160.388888888887,42989000000.0,148.95801900000012,,,,6.0399809999998695
quartz,sw4lite,"/usr/WS1/dnicho/summer2022/repos/sw4lite/tests/topo/skinny-rev.in",32,2.7333,127724250000.0,227803312500.0,87858625000.0,668017375000.0,5125625000.0,1330750000.0,736125000.0,570437500.0,454.46875,9950813563.0,10870380321.28125,62336.65625,2105747.25,25839937500.0,152.55764668749956,,,,11.440353312500434
quartz,TestDfft,"10 100",1,0.0666,1178000000.0,1196000000.0,646000000.0,6298000000.0,64000000.0,82000000.0,34000000.0,40000000.0,3028.0,99499593.0,3349460.0,37797.0,2173193.0,268000000.0,1.4605489999999999,,,,2.5354510000000006
quartz,TestDfft,"10 140",1,0.1,3100000000.0,2878000000.0,1562000000.0,16042000000.0,304000000.0,226000000.0,148000000.0,124000000.0,2036.0,216107024.0,3715511.0,37804.0,2173819.0,802000000.0,4.3821330000000005,,,,1.6178669999999995
quartz,TestDfft,"10 180",1,0.2,6590000000.0,6574000000.0,3392000000.0,35102000000.0,488000000.0,484000000.0,268000000.0,282000000.0,2075.0,470206041.0,9402284.0,37804.0,2173199.0,2346000000.0,9.554459000000003,,,,2.445540999999997
quartz,TestDfft,"10 220",1,0.3333,12026000000.0,12740000000.0,6718000000.0,66508000000.0,770000000.0,886000000.0,450000000.0,510000000.0,2794.0,667214692.0,2140012.0,37804.0,2173832.0,3726000000.0,18.184673,,,,1.8133269999999975
quartz,TestDfft,"15 100",1,0.0666,1734000000.0,1646000000.0,902000000.0,8996000000.0,178000000.0,124000000.0,72000000.0,62000000.0,3707.0,131388340.0,3422047.0,37804.0,2174629.0,416000000.0,2.088555,,,,1.9074450000000005
quartz,TestDfft,"15 140",1,0.15,4614000000.0,4248000000.0,2270000000.0,23890000000.0,394000000.0,340000000.0,204000000.0,190000000.0,2995.0,301116090.0,3755675.0,37804.0,2175560.0,1322000000.0,6.329615000000001,,,,2.6703849999999987
quartz,TestDfft,"15 180",1,0.2833,9806000000.0,9512000000.0,4926000000.0,51924000000.0,608000000.0,724000000.0,364000000.0,426000000.0,3661.0,646730985.0,9374469.0,37804.0,2174631.0,3320000000.0,13.832303,,,,3.1656970000000015
quartz,TestDfft,"15 220",1,0.5,17822000000.0,19148000000.0,9970000000.0,99428000000.0,1086000000.0,1328000000.0,658000000.0,768000000.0,3458.0,985433592.0,2209779.0,37804.0,2175577.0,5576000000.0,26.98559199999999,,,,3.01440800000001
quartz,TestDfft,"20 100",1,0.0666,2290000000.0,2098000000.0,1156000000.0,11686000000.0,238000000.0,164000000.0,96000000.0,82000000.0,4955.0,160067563.0,3452507.0,37804.0,2176063.0,540000000.0,2.731789,,,,1.2642110000000004
quartz,TestDfft,"20 140",1,0.1666,6132000000.0,5558000000.0,2978000000.0,31494000000.0,396000000.0,454000000.0,234000000.0,258000000.0,4516.0,380190057.0,3800412.0,37804.0,2177305.0,1732000000.0,8.255625,,,,1.7403750000000002
quartz,TestDfft,"20 180",1,0.35,13018000000.0,12436000000.0,6452000000.0,68472000000.0,870000000.0,966000000.0,506000000.0,566000000.0,4834.0,822484495.0,9456408.0,37804.0,2176065.0,4176000000.0,18.859729999999995,,,,2.1402700000000046
quartz,TestDfft,"20 220",1,0.65,23746000000.0,25464000000.0,13260000000.0,132644000000.0,1488000000.0,1770000000.0,892000000.0,1016000000.0,3956.0,1305251335.0,2198428.0,37804.0,2177326.0,7382000000.0,35.490843,,,,3.509157000000002
ruby,amg,"-problem 1 -P 2 2 1 -n 128 128 64",32,0.1,0.0,0.0,0.0,2000000.0,,,,,0.0,132.21875,18824.6875,105803.9375,2107258.9375,0.0,0.04669328125,,,,5.95330671875
ruby,amg,"-problem 1 -P 2 2 1 -n 16 16 8",32,0.0666,0.0,0.0,0.0,2000000.0,,,,,0.0,90.84375,16731.59375,105803.9375,2107258.9375,0.0,0.23865778125,,,,3.7573422187500003
ruby,amg,"-problem 1 -P 2 2 1 -n 32 32 16",32,0.1,0.0,0.0,0.0,2000000.0,,,,,0.0,102.96875,17162.46875,105835.9375,2107259.9375,0.0,0.04159071875,,,,5.95840928125
ruby,amg,"-problem 1 -P 2 2 1 -n 64 64 32",32,0.0833,0.0,0.0,0.0,2000000.0,,,,,0.0,115.34375,16228.71875,105835.9375,2107259.9375,0.0,0.046594375,,,,4.9514056250000005
ruby,amg,"-problem 1 -P 2 2 1 -n 8 8 4",32,0.0833,0.0,0.0,0.0,2000000.0,,,,,0.0,123.40625,17322.1875,105803.9375,2107258.9375,0.0,0.04212984375,,,,4.9558701562500005
ruby,comd,"",1,0.0166,61767857.14285714,85946428.57142857,8892857.142857144,215857142.85714287,0.0,0.0,0.0,0.0,2299.455357142857,4630452.741071428,410818.1428571429,938.7232142857144,19688.723214285714,2017857.1428571432,0.16049310714285714,,,,0.8355068928571429
ruby,comd,"",1,0.0166,89607142.85714285,129785714.28571428,15000000.0,326839285.71428573,0.0,0.0,0.0,0.0,7880.053571428572,14428023.848214285,1596697.6964285716,938.7232142857144,19688.723214285714,12392857.142857146,0.2749954642857144,,,,0.7210045357142856
ruby,comd,"",1,0.0333,135303571.42857143,194857142.85714287,21714285.71428572,489642857.14285713,0.0,17857.14285714286,0.0,0.0,8476.098214285714,16164062.419642854,2054921.1696428573,938.7142857142856,19688.696428571428,11857142.857142854,0.27357273214285704,,,,1.724427267857143
ruby,comd,"",1,0.0333,157285714.2857143,228160714.2857143,26053571.42857143,573375000.0,0.0,17857.14285714286,0.0,0.0,11420.4375,21368287.5625,2605353.1785714286,938.7232142857144,19688.714285714286,20375000.0,0.2822907767857144,,,,1.7157092232142859
ruby,comd,"",1,0.0333,81053571.42857143,114446428.57142857,12482142.857142854,287642857.14285713,0.0,0.0,0.0,0.0,4355.258928571428,7789552.732142857,824643.3392857143,938.7232142857144,19688.723214285714,5035714.285714285,0.21027889285714288,,,,1.7877211071428574
ruby,comd,"",1,0.0333,84267857.14285715,117625000.0,12535714.285714285,294946428.5714286,0.0,0.0,0.0,0.0,4186.267857142857,7271533.035714285,592507.0803571428,938.7321428571428,19688.714285714286,2821428.571428572,0.16701864285714293,,,,1.8309813571428573
ruby,comd,"",1,0.0333,95553571.42857143,136107142.85714287,14857142.857142854,341464285.71428573,0.0,0.0,0.0,0.0,5136.892857142857,9579489.82142857,1188501.160714286,938.7142857142856,19688.696428571428,4839285.714285715,0.2503586339285716,,,,1.7476413660714285
ruby,comd,"",27,0.0666,225703703.7037037,558444444.4444443,204518518.5185185,1601296296.2962966,7111111.111111111,4703703.703703703,0.0,0.0,227940.2962962963,431156810.1851852,50695983.96296296,52605.16666666666,1053633.537037037,57851851.85185185,0.5531675925925926,,,,3.442832407407408
ruby,comd,"",27,0.0666,413111111.1111111,1016592592.5925926,375555555.5555557,2923666666.6666665,13592592.592592593,8629629.629629629,222222.22222222228,74074.07407407407,412104.1296296296,785006475.7777778,91751623.4074074,50658.444444444445,1053565.7592592593,114814814.81481482,0.9949049074074076,,,,3.001095092592593
ruby,comd,"",27,0.0666,55259259.25925926,154111111.11111107,54777777.77777778,434111111.1111111,962962.9629629628,851851.8518518519,0.0,0.0,71372.55555555556,130142922.72222222,15205231.537037035,50659.388888888876,1053565.7962962964,14444444.444444446,0.15515751851851853,,,,3.840842481481482
ruby,comd,"",27,0.0833,303444444.4444444,755962962.962963,278407407.4074074,2170259259.2592587,7888888.888888889,6370370.37037037,0.0,0.0,312953.40740740736,589572801.5,68681822.27777778,50659.388888888876,1053565.7962962964,81111111.11111109,0.7429669444444444,,,,4.255033055555556
ruby,comd,"",27,0.0833,78703703.7037037,233592592.59259257,84629629.62962963,654444444.4444442,1629629.6296296297,1777777.7777777778,0.0,0.0,109387.83333333331,203673106.3148148,23826702.592592593,52605.16666666666,1053633.537037037,26185185.18518519,0.2366882037037037,,,,4.7613117962962965
ruby,comd,"",27,0.1,166185185.1851852,400814814.8148148,146740740.74074075,1153370370.3703706,4148148.1481481483,3074074.0740740737,0.0,0.0,162396.75925925927,305386332.42592585,34630641.55555555,52605.16666666666,1053633.537037037,39037037.03703704,0.3817251481481482,,,,5.618274851851852
ruby,comd,"",27,0.1,543074074.074074,1328111111.1111116,495962962.962963,3836000000.0,16777777.777777776,13000000.0,1222222.2222222222,370370.3703703704,529646.9259259261,1010420559.2592592,115113950.12962964,48713.611111111124,1053498.0555555557,146444444.44444445,1.3088222407407406,,,,4.69117775925926
ruby,cosmoflow,"",1,0.0166,136375000.0,194303571.42857143,21410714.285714287,487303571.4285714,0.0,0.0,0.0,0.0,6375.3482142857165,15044255.63392857,1621694.5446428573,938.7232142857144,19688.714285714286,9160714.285714284,0.4181607232142861,,,,0.5778392767857139
ruby,cosmoflow,"",1,0.0166,157553571.42857143,220571428.57142857,23375000.0,552625000.0,17857.14285714286,0.0,0.0,0.0,5033.473214285715,12926306.82142857,1164719.910714286,938.7232142857144,19688.723214285714,8357142.857142857,0.3224621428571429,,,,0.6735378571428571
ruby,cosmoflow,"",1,0.0333,167892857.14285713,240321428.57142857,27357142.85714286,603125000.0,0.0,17857.14285714286,0.0,0.0,9254.607142857143,22440743.5,2357476.6160714286,938.7232142857144,19688.714285714286,14803571.42857143,0.3817258214285715,,,,1.6162741785714287
ruby,cosmoflow,"",1,0.0333,215053571.42857143,314250000.0,36750000.0,789196428.5714285,17857.14285714286,0.0,0.0,0.0,15878.625,34542915.928571425,4128557.3839285714,938.7232142857144,19688.714285714286,17535714.285714287,0.6758053214285713,,,,1.322194678571429
ruby,cosmoflow,"",1,0.0333,231410714.2857143,331928571.4285714,37232142.85714286,832839285.7142857,17857.14285714286,17857.14285714286,0.0,0.0,12119.571428571433,25738670.72321429,3115926.535714285,938.7232142857144,19688.714285714286,13500000.0,0.6484850000000003,,,,1.3495149999999998
ruby,cosmoflow,"",1,0.0333,285607142.85714287,416857142.85714287,48982142.85714286,1046875000.0,17857.14285714286,35714.28571428572,0.0,0.0,20451.535714285714,40823760.98214286,5053756.857142857,938.7232142857144,19688.714285714286,33017857.14285714,0.7121743839285715,,,,1.2858256160714288
ruby,cosmoflow,"",1,0.0333,94571428.57142857,132553571.42857143,14571428.57142857,332696428.5714286,0.0,0.0,0.0,0.0,3195.375,8007922.0625,807939.8035714284,938.7321428571428,19688.714285714286,2535714.285714286,0.5126478839285713,,,,1.485352116071429
ruby,cosmoflow,"",27,0.0666,103555555.55555557,297851851.8518519,106407407.4074074,833851851.8518517,2629629.6296296297,2555555.5555555555,0.0,0.0,137381.53703703705,254548112.09259257,30070596.31481481,48701.111111111124,1053497.5925925926,30000000.0,0.3067397037037037,,,,3.689260296296297
ruby,cosmoflow,"",27,0.0666,326962962.962963,793185185.1851853,289518518.5185185,2273444444.444445,8777777.777777778,7148148.148148147,0.0,0.0,318975.0,599626039.2222222,69081650.0,48714.055555555555,1053498.0740740742,75888888.88888891,0.7539665925925928,,,,3.2420334074074075
ruby,cosmoflow,"",27,0.0833,152407407.4074074,458777777.77777785,165185185.1851852,1278777777.7777774,4185185.185185185,4333333.333333333,0.0,0.0,215192.7962962963,403410092.40740734,47284454.70370371,52591.66666666666,1053633.037037037,52037037.03703704,0.4597723148148147,,,,4.538227685185186
ruby,cosmoflow,"",27,0.0833,446592592.5925926,1102444444.4444444,404148148.1481481,3162666666.6666665,14888888.888888888,9962962.962962965,0.0,111111.11111111114,447817.3148148148,847788831.462963,99479836.35185184,52605.16666666666,1053633.537037037,114888888.88888893,1.1048520185185184,,,,3.893147981481482
ruby,cosmoflow,"",27,0.1166,1013851851.8518516,2558814814.814815,932333333.3333334,7306666666.666667,33592592.59259259,26370370.37037037,3148148.1481481483,1740740.740740741,1052989.7037037036,2007077220.0185184,231246426.59259257,48714.055555555555,1053498.0740740742,306407407.40740734,2.516354,,,,4.479645999999999
ruby,cosmoflow,"",27,0.1,614777777.7777778,1510888888.8888884,555888888.8888887,4340333333.333333,16888888.888888888,13925925.925925925,592592.5925925926,814814.8148148148,616378.3333333335,1168761220.648148,135867910.8333333,52605.64814814815,1053633.5555555557,160259259.25925925,1.4617331666666666,,,,4.538266833333333
ruby,cosmoflow,"",27,0.1,825148148.1481483,2024074074.0740736,752777777.7777778,5834444444.444447,27851851.85185185,18074074.074074075,2000000.0,1000000.0,813023.1111111111,1545476582.574074,182222517.70370367,50659.388888888876,1053565.7962962964,223259259.25925925,1.9403697592592588,,,,4.059630240740741
ruby,deepcam,"",1,0.1333,2028035714.2857144,3075910714.285714,395785714.2857143,7747053571.428572,12696428.57142857,6071428.571428573,17857.14285714286,89285.71428571429,229752.4553571429,489572121.04464287,56642899.59821428,938.7232142857144,19688.714285714286,333410714.28571427,6.089985821428567,,,,1.9080141785714329
ruby,deepcam,"",1,0.2333,3753125000.0,5722982142.857142,743607142.8571428,14413857142.857143,23714285.71428572,14000000.0,1732142.8571428568,178571.42857142858,447842.9910714286,923562974.625,112409884.47321431,938.7232142857144,19688.723214285714,675821428.5714285,11.316764357142887,,,,2.6812356428571142
ruby,deepcam,"",1,0.2333,3895142857.142857,5948785714.285714,776750000.0,14988196428.571428,24714285.71428572,14232142.857142854,1803571.4285714286,196428.57142857145,475332.0267857143,985671100.25,116074916.47321431,938.7232142857144,19688.714285714286,785000000.0,11.673152026785758,,,,2.3248479732142435
ruby,deepcam,"",1,0.2333,4070446428.571429,6264964285.714286,831839285.7142857,15793321428.571428,28107142.85714286,16214285.714285715,1892857.1428571432,339285.71428571426,533252.7678571428,1077474856.607143,130090709.25,938.7321428571428,19688.714285714286,813017857.1428572,13.309417223214341,,,,0.68858277678566
ruby,deepcam,"",1,0.25,3953250000.0,6068625000.0,799982142.8571428,15291107142.857143,26375000.0,16071428.57142857,1821428.5714285718,214285.7142857143,503566.2678571429,1036285269.7857145,124630133.76785716,938.7232142857144,19688.723214285714,772767857.1428572,12.438931910714333,,,,2.5610680892856674
ruby,deepcam,"",1,0.2833,4767964285.714286,7341982142.857142,975000000.0,18508035714.285717,34142857.14285714,19660714.285714287,1982142.8571428568,732142.8571428572,628542.2589285715,1251816771.669643,152597602.10714284,938.7232142857144,19688.714285714286,1063571428.5714283,14.292887151785774,,,,2.7051128482142275
ruby,deepcam,"",1,0.2833,4887321428.571428,7422017857.142858,953267857.1428572,18692982142.857143,37089285.71428572,18053571.42857143,1946428.5714285718,303571.4285714286,563871.6160714285,1126975207.107143,137064967.61607143,938.7232142857144,19688.714285714286,875964285.7142857,13.873979062500055,,,,3.124020937499946
ruby,deepcam,"",1,0.2833,4914517857.142858,7502267857.142858,975035714.2857145,18899017857.142857,32553571.42857143,18071428.57142857,1892857.1428571432,785714.2857142857,595454.3392857143,1184822412.3392856,149555324.0,938.7232142857144,19688.714285714286,1030482142.8571428,14.750056142857206,,,,2.247943857142795
ruby,deepcam,"",1,0.3166,5212178571.428572,8041303571.428572,1072071428.5714283,20272232142.857143,36196428.571428575,21892857.14285714,2017857.1428571432,1928571.4285714286,698342.8035714285,1389291578.7767856,173340694.38392857,938.7232142857144,19688.723214285714,1167535714.2857144,15.612980321428662,,,,3.383019678571337
ruby,deepcam,"",1,0.3166,5369589285.714286,8209750000.0,1072732142.8571428,20681464285.714287,34553571.428571425,20321428.57142857,1946428.5714285718,2017857.1428571432,662868.0535714285,1314172346.5089285,160487397.92857143,938.7232142857144,19688.723214285714,1121982142.857143,15.550142214285795,,,,3.445857785714203
ruby,deepcam,"",1,0.35,5893732142.857142,9022839285.714285,1179892857.142857,22730660714.285717,38892857.14285714,22410714.285714287,2178571.4285714286,2160714.285714286,734919.5982142857,1464167055.7857144,181539986.5803572,938.7232142857144,19688.723214285714,1112642857.142857,17.85933847321439,,,,3.1406615267856104
ruby,deepcam,"",1,0.3666,5976750000.0,9183607142.857143,1212839285.7142856,23142767857.142857,41428571.42857143,24446428.57142857,2821428.571428572,2250000.0,773014.8928571428,1535392648.4642856,186043448.8303572,938.7232142857144,19688.714285714286,1387910714.2857144,17.212414642857258,,,,4.783585357142741
ruby,deepcam,"",27,0.6166,12858814814.814816,32408592592.592594,11487629629.62963,90693481481.48148,510037037.037037,316814814.8148148,57185185.18518519,34407407.40740741,12490143.777777778,23895251839.55556,4191031003.592593,52605.16666666666,1053633.537037037,4225407407.407407,31.982914500000025,,,,5.013085499999978
ruby,deepcam,"",27,1.3333,26560222222.222214,64855407407.40741,23312888888.88889,182853703703.7037,920111111.1111113,619814814.8148147,117814814.81481482,67222222.22222222,24390362.25925925,46423496120.72222,8377999333.944444,52605.64814814815,1053633.5555555557,7695555555.555554,72.93914162962962,,,,7.058858370370373
ruby,deepcam,"",27,1.4,27875814814.814816,68563481481.481476,24705259259.25926,193253962962.96286,961962962.9629632,656222222.2222222,118925925.92592593,71666666.66666667,25882447.18518519,49246459599.27778,8777393740.648148,50659.40740740741,1053565.7962962964,8406370370.37037,77.22357048148146,,,,6.77642951851854
ruby,deepcam,"",27,1.4833,29397703703.703705,72401185185.18518,26206814814.814816,204249148148.14816,1033185185.1851852,693814814.8148147,130555555.55555557,74259259.25925925,27435315.35185185,52186947109.03704,9363909084.592592,52605.16666666666,1053633.537037037,8970111111.111109,82.61765057407403,,,,6.380349425925971
ruby,deepcam,"",27,1.5666,31144185185.18518,76613555555.55556,27822962962.962963,216347925925.926,1089370370.3703704,736777777.7777778,140222222.22222218,80555555.55555555,29046672.222222224,55241326024.31481,9898084435.055555,50646.388888888876,1053565.3148148148,9554037037.037035,87.84231292592588,,,,6.153687074074114
ruby,deepcam,"",27,1.65,30900518518.51852,78395148148.14815,28183888888.88889,220059518518.51846,1550222222.2222226,776592592.5925926,145814814.8148148,84296296.2962963,30721870.05555556,58431366661.518524,10648428837.907408,50658.90740740741,1053565.7777777778,10208703703.703705,93.11408612962965,,,,5.885913870370345
ruby,deepcam,"",27,1.7666,35375074074.074066,86306666666.66667,31607148148.14815,244649666666.66666,1231185185.1851852,816740740.7407408,149074074.07407406,88481481.48148148,32254801.48148148,61332182865.37038,11318773753.981482,50659.388888888876,1053565.7962962964,11036185185.185184,100.27477722222228,,,,5.721222777777712
ruby,deepcam,"",27,1.8833,36287851851.85185,89537444444.44444,33005851851.85185,253861037037.03705,1322777777.7777774,873185185.1851853,163888888.88888893,93111111.11111107,34262917.11111111,65150691606.57407,11883822291.185184,50658.90740740741,1053565.7777777778,11953074074.074074,105.05574942592592,,,,7.94225057407408
ruby,deepcam,"",27,1.9833,36392592592.59259,92343629629.62962,33789518518.51852,260442888888.8889,1352888888.8888884,913407407.4074074,172148148.14814815,99592592.5925926,36131093.722222224,68704443252.31481,12735604475.25926,50672.388888888876,1053566.2777777778,12553629629.62963,111.39623479629627,,,,7.601765203703735
ruby,deepcam,"",27,2.1,37801444444.444435,96327185185.18518,35183481481.48148,271433703703.7037,1454666666.6666667,958666666.6666666,178703703.70370367,103074074.07407407,38066403.722222224,72377962193.7963,13414235299.333334,50672.388888888876,1053566.2777777778,13486851851.851852,117.75359066666668,,,,8.246409333333318
ruby,deepcam,"",27,2.2333,43172296296.296295,105538851851.85184,39265185185.18519,300262407407.4074,1492444444.4444444,1012629629.6296297,187444444.44444445,109481481.48148148,40068912.0,76185817566.75926,14135394311.981482,52605.16666666666,1053633.537037037,14470222222.22222,124.49550181481487,,,,9.502498185185118
ruby,deepcam,"",27,2.3666,43495777777.77778,108992037037.03703,40496037037.03704,308863407407.4074,1594740740.7407408,1072666666.6666666,198444444.44444445,114074074.07407407,41874333.42592593,79600343518.31482,14419809561.388891,50659.388888888876,1053565.7962962964,15054481481.481482,132.1737320185185,,,,9.822267981481502
ruby,laghos,"-p 1 -dim 2 -rs 2 -tf 3.5",56,0.5333,26450428571.42857,41672107142.85714,14322107142.857143,112358821428.57144,79678571.42857143,29321428.57142857,10464285.714285716,7678571.428571427,25953.125,239195776.9107143,7354674481.482143,108901.75,2109550.9464285714,1557392857.142857,10.053070089285717,,,,21.944929910714286
ruby,laghos,"-p 1 -dim 2 -rs 2 -tf 3",56,0.4833,22812642857.142857,35977892857.14286,12364785714.285715,96942392857.14284,69964285.71428572,25571428.57142857,9071428.57142857,6464285.714285715,23731.785714285717,209875204.1428572,6475068041.089286,108899.76785714287,2109464.8214285714,1367178571.4285715,8.884578107142858,,,,20.113421892857144
ruby,laghos,"-p 1 -dim 2 -rs 2 -tf 3.5 -pa",56,0.5,26200392857.142857,41308250000.0,14187142857.142857,111302107142.85716,79535714.28571428,29071428.57142857,10464285.714285716,7642857.142857143,23955.642857142866,239210358.69642857,7365586318.107142,108901.75,2109550.9464285714,1544714285.7142856,10.305381982142855,,,,19.694618017857145
ruby,laghos,"-p 1 -dim 2 -rs 2 -tf 3 -pa",56,0.5,23329571428.57143,36779035714.28571,12612321428.571428,99063000000.0,69428571.42857143,25392857.14285714,9000000.0,6428571.428571427,24916.92857142857,209852623.6607143,6621737854.142857,108901.75,2109464.8571428573,1353678571.4285715,8.838080124999998,,,,21.161919875000002
ruby,laghos,"-p 1 -dim 2 -rs 2 -tf 4.5",56,0.6166,34194357142.857143,53917214285.71429,18521607142.857143,145285607142.85715,104571428.57142857,38785714.28571428,14178571.42857143,10000000.0,23659.696428571428,312246532.4464286,10032247935.053572,108901.75,2109762.5714285714,1997107142.857143,13.515499660714287,,,,23.480500339285715
ruby,laghos,"-p 1 -dim 2 -rs 2 -tf 4",56,0.5833,29450571428.57143,46408357142.85714,15946250000.0,125107857142.85715,88892857.14285715,32892857.14285714,12035714.285714285,8428571.42857143,23745.946428571428,267027192.5892857,8171914508.553572,108957.75,2109632.535714286,1742500000.0,11.161939035714287,,,,23.836060964285718
ruby,laghos,"-p 1 -dim 2 -rs 2 -tf 4.5 -pa",56,0.65,34005928571.42857,53618571428.571434,18439000000.0,144535607142.85715,104642857.14285716,38678571.42857143,14107142.857142854,10107142.857142856,25249.071428571428,312224332.9464286,9609897693.517859,108845.75,2109761.5714285714,2041857142.857143,13.050004392857144,,,,25.949995607142856
ruby,laghos,"-p 1 -dim 2 -rs 2 -tf 4 -pa",56,0.5666,29468464285.714287,46450000000.0,15946535714.285715,125159000000.0,88821428.57142857,32535714.28571429,12035714.285714285,8500000.0,24775.214285714286,267008905.55357143,8095689005.446428,108901.75,2109631.535714286,1753035714.2857144,11.318299464285722,,,,22.67770053571428
ruby,laghos,"-p 1 -dim 2 -rs 2 -tf 5.5",56,0.6833,39909000000.0,62919607142.85714,21622714285.714287,169555000000.0,123642857.14285716,46071428.57142858,16642857.142857146,12035714.285714285,23804.696428571428,366750122.89285713,11298050000.357143,108902.73214285713,2109920.535714286,2360250000.0,15.360567714285715,,,,25.63743228571429
ruby,laghos,"-p 1 -dim 2 -rs 2 -tf 5",56,0.6666,37203750000.0,58672107142.85714,20165607142.857143,158094321428.5714,115357142.85714284,42392857.14285714,15535714.285714285,11285714.285714285,25920.517857142866,343334180.23214287,10466525803.910715,108957.75,2109855.035714286,2197750000.0,14.341038946428574,,,,25.65496105357142
ruby,laghos,"-p 1 -dim 2 -rs 2 -tf 5.5 -pa",56,0.7166,40181607142.85714,63362678571.42857,21758928571.42857,170711285714.2857,123178571.42857143,45285714.28571428,16678571.42857143,12071428.57142857,26268.089285714286,366749157.9107143,11114521994.035713,108902.73214285713,2109920.535714286,2379607142.857143,15.369306928571431,,,,27.62669307142857
ruby,laghos,"-p 1 -dim 2 -rs 2 -tf 5 -pa",56,0.7,37436678571.428566,59003071428.57143,20283071428.57143,159039678571.42856,115500000.0,42750000.0,15535714.285714285,11285714.285714285,26261.910714285717,343367348.08928573,10396733215.321428,108901.75,2109854.035714286,2242321428.571429,14.455014839285724,,,,27.544985160714276
ruby,laghos,"-p 1 -dim 2 -rs 3 -tf 3.5",56,1.0,56910642857.14286,91065750000.0,31338785714.285717,246224035714.2857,224642857.1428572,94428571.42857143,32821428.57142857,27357142.85714286,24385.107142857134,1927723150.0,17523080903.696426,108902.73214285713,2110237.714285714,2466035714.285714,23.232551142857147,,,,36.76744885714285
ruby,laghos,"-p 1 -dim 2 -rs 3 -tf 3",56,0.9,51268107142.85714,82039500000.0,28200321428.57143,221741464285.7143,201000000.0,84464285.71428572,29250000.0,24142857.14285714,24299.196428571428,1718978158.3214285,15599698824.357143,108901.75,2110088.4285714286,2183928571.428571,20.719855464285725,,,,33.28014453571427
ruby,laghos,"-p 1 -dim 2 -rs 3 -tf 3.5 -pa",56,0.9666,57412000000.0,91843428571.42856,31584500000.0,248296571428.57144,225142857.1428572,94428571.42857143,32857142.85714286,27321428.57142857,24393.857142857134,1927803751.732143,17611821988.107143,108958.73214285713,2110238.714285714,2480357142.857143,23.299558660714286,,,,34.69644133928571
ruby,laghos,"-p 1 -dim 2 -rs 3 -tf 3 -pa",56,0.8666,51271071428.571434,82012035714.28572,28201107142.857143,221720392857.14285,201000000.0,84607142.85714285,29285714.28571429,24250000.0,24006.42857142857,1718961238.0892856,15594215439.982143,108901.75,2110088.4285714286,2178750000.0,20.704159017857155,,,,31.291840982142848
ruby,laghos,"-p 1 -dim 2 -rs 3 -tf 4.5",56,1.4,84159464285.71428,134663428571.42854,46286607142.85714,364002107142.8571,328892857.14285713,138571428.57142857,48535714.28571428,40285714.28571428,24557.821428571428,2822220816.767857,25598096154.482143,108901.75,2110872.535714286,3550071428.571429,33.91135630357143,,,,50.08864369642857
ruby,laghos,"-p 1 -dim 2 -rs 3 -tf 4",56,1.0833,64030071428.57143,102463464285.71428,35221928571.428566,276952785714.2857,251857142.85714287,105392857.14285716,36678571.42857143,30571428.57142857,24432.821428571428,2151204940.910714,19499350986.55357,108901.76785714287,2110395.8035714286,2716071428.571429,26.140751732142874,,,,38.857248267857116
ruby,laghos,"-p 1 -dim 2 -rs 3 -tf 4.5 -pa",56,1.3833,84488000000.0,135076000000.0,46478321428.571434,365323928571.4286,328428571.4285714,139214285.7142857,48500000.0,40142857.14285714,24172.857142857134,2822127064.410714,25558495754.80357,108901.75,2110872.535714286,3572678571.428571,34.086201107142855,,,,48.91179889285715
ruby,laghos,"-p 1 -dim 2 -rs 3 -tf 4 -pa",56,1.05,63745142857.14286,101984000000.0,35088571428.571434,275751928571.4286,250178571.42857143,107107142.85714284,36428571.42857143,30607142.85714286,24135.607142857134,2151237971.910714,19335918506.303574,108957.75,2110398.9821428573,2720142857.142857,26.126660410714287,,,,36.87333958928571
ruby,laghos,"-p 1 -dim 2 -rs 3 -tf 5.5",56,1.7666,109423178571.42856,175016714285.7143,60156250000.0,473126928571.4286,420321428.5714286,180464285.7142857,62571428.57142858,51964285.71428572,24268.0,3645696228.571429,33195353401.125,108901.76785714287,2111466.8035714286,4491607142.857142,44.441096035714295,,,,61.5549039642857
ruby,laghos,"-p 1 -dim 2 -rs 3 -tf 5",56,1.6,97909464285.71428,156564821428.57144,53807678571.428566,423272964285.7143,377392857.14285713,158928571.42857143,55928571.42857143,46571428.57142858,23927.625,3257388145.5,29562903336.125,108902.73214285713,2111182.4821428573,4114107142.857143,40.096392678571426,,,,55.903607321428574
ruby,laghos,"-p 1 -dim 2 -rs 3 -tf 5.5 -pa",56,1.7833,110217500000.0,176301714285.7143,60529678571.42857,476415500000.0,426571428.5714286,180678571.42857143,62821428.57142858,52428571.42857143,23930.285714285717,3651049707.214286,33418831342.392857,108958.73214285713,2111463.464285714,4561857142.857142,43.78555212500002,,,,63.21244787499999
ruby,laghos,"-p 1 -dim 2 -rs 3 -tf 5 -pa",56,1.6666,96234785714.28572,153982464285.7143,52990571428.571434,416353607142.8571,371571428.5714286,159000000.0,55392857.14285714,46178571.42857143,24143.17857142857,3257349110.696429,29629504914.375,108846.73214285713,2111181.4821428573,4121357142.857143,39.11134644642857,,,,60.88465355357144
ruby,laghos,"-p 1 -dim 3 -rs 1 -tf 3.5",56,0.6666,35490678571.428566,55088821428.571434,19756178571.42857,152146214285.7143,186464285.7142857,92928571.42857143,23678571.42857143,15357142.857142854,622697.4107142857,1749263486.5714285,11480525295.410713,108901.75,2109252.9464285714,2192928571.428571,19.779851571428573,,,,20.216148428571422
ruby,laghos,"-p 1 -dim 3 -rs 1 -tf 3",56,0.5666,28630821428.57143,44450071428.571434,15916750000.0,122693071428.57146,149250000.0,74285714.28571428,18857142.85714286,12107142.857142854,517195.4464285714,1399100514.1964285,9220658589.910713,108958.73214285713,2109176.660714286,1725464285.7142856,16.098347696428572,,,,17.89765230357143
ruby,laghos,"-p 1 -dim 3 -rs 1 -tf 3.5 -pa",56,0.6666,35627142857.14286,55320392857.14286,19818321428.57143,152708321428.57144,186214285.7142857,92642857.14285716,23750000.0,15250000.0,622880.3214285715,1749280837.8392856,11460628719.714285,108901.76785714287,2109252.9464285714,2141178571.4285715,19.68985626785713,,,,20.306143732142864
ruby,laghos,"-p 1 -dim 3 -rs 1 -tf 3 -pa",56,0.6166,28384178571.42857,44071750000.0,15795714285.714285,121674928571.42854,149214285.7142857,74392857.14285715,18785714.285714287,12000000.0,518308.4107142858,1399096897.5714285,9176737644.857143,108846.73214285713,2109174.660714286,1739428571.4285715,16.127466571428574,,,,20.86853342857143
ruby,laghos,"-p 1 -dim 3 -rs 1 -tf 4.5",56,0.8833,51300107142.85714,79624642857.14285,28540500000.0,219867035714.2857,267964285.7142857,133571428.57142857,34535714.28571428,22392857.14285714,865463.9642857143,2513735256.196429,16531706550.160715,108957.75,2109424.964285714,3126678571.428571,28.566513017857147,,,,24.43148698214285
ruby,laghos,"-p 1 -dim 3 -rs 1 -tf 4",56,0.7833,44113357142.85714,68456535714.28571,24536250000.0,189049785714.2857,229392857.1428572,115000000.0,29642857.14285714,19107142.85714286,754813.2321428572,2159174592.517857,13987065218.25,108957.75,2109346.5,2690250000.0,25.162909249999995,,,,21.835090750000003
ruby,laghos,"-p 1 -dim 3 -rs 1 -tf 4.5 -pa",56,0.9,51325392857.14285,79757964285.71428,28542821428.57143,220016964285.7143,268571428.5714286,134535714.2857143,34500000.0,22357142.85714286,865889.9464285716,2513680295.125,16522735898.642857,108902.73214285713,2109423.9821428573,3122678571.428571,28.468835321428585,,,,25.531164678571415
ruby,laghos,"-p 1 -dim 3 -rs 1 -tf 4 -pa",56,0.7833,43958321428.571434,68191000000.0,24458285714.285717,188376357142.85715,230071428.57142857,114500000.0,29571428.57142857,19071428.57142857,753611.1071428572,2159238027.732143,14110041559.285713,108901.75,2109345.5,2689571428.571429,24.287122142857147,,,,22.71087785714285
ruby,laghos,"-p 1 -dim 3 -rs 1 -tf 5.5",56,1.1,62739928571.42857,97246500000.0,34884714285.71429,268746821428.57144,324714285.71428573,163000000.0,42321428.571428575,27464285.71428572,1004801.6785714284,3061358777.232143,20138312465.589287,108957.75,2109552.410714286,3811571428.571429,34.58585464285714,,,,31.414145357142857
ruby,laghos,"-p 1 -dim 3 -rs 1 -tf 5",56,0.9666,57041964285.71429,88565964285.71428,31762892857.142857,244567250000.0,299857142.85714287,150428571.42857143,38892857.14285714,25107142.85714286,942867.6428571428,2810298249.660714,18483927786.482143,108901.75,2109492.5535714286,3496785714.285714,31.99659032142857,,,,25.999409678571432
ruby,laghos,"-p 1 -dim 3 -rs 1 -tf 5.5 -pa",56,1.05,62682392857.14286,97317000000.0,34848178571.428566,268611500000.0,327321428.5714286,164214285.7142857,42285714.28571428,27428571.42857143,1005039.9285714284,3061525697.714286,20026508742.125,108901.75,2109551.410714286,3763107142.857143,34.49511771428572,,,,28.50488228571428
ruby,laghos,"-p 1 -dim 3 -rs 1 -tf 5 -pa",56,0.9666,57217785714.28571,88825571428.57143,31841857142.857143,245259535714.2857,300500000.0,150000000.0,38857142.85714286,25178571.42857143,943640.1785714284,2810543722.821429,18482636659.857143,108901.75,2109492.5535714286,3502750000.0,32.59464741071429,,,,25.401352589285715
ruby,laghos,"-p 1 -dim 3 -rs 2 -tf 3.5",56,2.4333,135067607142.85715,229731928571.42856,84075571428.57143,645317107142.8572,1295750000.0,825714285.7142857,141178571.42857143,111642857.14285716,13084674.19642857,39608428533.78571,50955822158.66071,108958.73214285713,2109899.464285714,7916107142.857142,91.3153552142857,,,,54.68264478571429
ruby,laghos,"-p 1 -dim 3 -rs 2 -tf 3",56,1.8166,99726107142.85716,169847071428.57144,62275035714.28571,477434607142.8571,968500000.0,617642857.1428572,105000000.0,83250000.0,10184840.5,29656117678.392857,38362451356.875,108901.75,2109637.1071428573,5873750000.0,67.72138403571428,,,,41.274615964285715
ruby,laghos,"-p 1 -dim 3 -rs 2 -tf 3.5 -pa",56,2.3833,133764928571.42854,227990607142.85715,83449500000.0,640208285714.2858,1295571428.5714285,827321428.5714285,141214285.7142857,111714285.71428572,13084705.017857146,39609247490.0,51449618968.51786,108958.73214285713,2109899.464285714,7869714285.714286,90.75513646428568,,,,52.242863535714335
ruby,laghos,"-p 1 -dim 3 -rs 2 -tf 3 -pa",56,1.85,100953214285.71428,171655285714.2857,62830964285.71429,482325857142.8571,968000000.0,616750000.0,104857142.85714284,83178571.42857143,10184890.035714284,29656465480.482143,38486291138.21428,108901.75,2109637.1071428573,5903285714.285714,68.38074266071429,,,,42.61925733928571
ruby,laghos,"-p 1 -dim 3 -rs 2 -tf 4.5",56,3.2,180570357142.85715,307799357142.8571,112655571428.57146,864043892857.1428,1747821428.5714285,1117607142.857143,191142857.1428572,151000000.0,15979179.232142854,53361114115.821434,68726201577.85715,108901.76785714287,2110260.125,10809000000.0,122.58930580357142,,,,69.41069419642858
ruby,laghos,"-p 1 -dim 3 -rs 2 -tf 4",56,3.0166,168996000000.0,287396500000.0,105106214285.71428,806946214285.7142,1617071428.5714285,1030428571.4285717,176321428.57142857,139714285.7142857,15232738.75,49345317644.01786,63014639786.625,108958.73214285713,2110156.5178571427,9916750000.0,113.43953264285707,,,,67.55646735714294
ruby,laghos,"-p 1 -dim 3 -rs 2 -tf 4.5 -pa",56,3.2666,183235535714.2857,311643678571.4286,113916000000.0,874756821428.5714,1745678571.4285715,1115178571.4285717,190857142.85714287,151178571.42857143,15978985.19642857,53362537002.35714,68726743210.75,108901.76785714287,2110260.125,10681964285.714285,121.80154073214285,,,,74.19445926785716
ruby,laghos,"-p 1 -dim 3 -rs 2 -tf 4 -pa",56,3.0333,167858928571.42856,285661285714.2857,104612607142.85716,802424821428.5714,1618035714.2857144,1032178571.4285717,176142857.14285713,139821428.57142857,15234463.107142854,49353724993.98214,64190376489.30357,108901.75,2110155.5,9917821428.571428,113.4146700714285,,,,68.58332992857152
ruby,laghos,"-p 1 -dim 3 -rs 2 -tf 5.5",56,4.0666,228911750000.0,390026107142.8571,143087000000.0,1096143892857.1428,2228892857.142857,1421857142.857143,243464285.7142857,193035714.2857143,18504182.14285714,68136173804.875,87263450071.23215,108901.76785714287,2110665.875,13862571428.571428,157.14124837500006,,,,86.85475162499995
ruby,laghos,"-p 1 -dim 3 -rs 2 -tf 5",56,3.4666,198230214285.7143,337756178571.4286,123613785714.28572,948236357142.8572,1919321428.5714285,1224714285.7142856,208714285.7142857,165821428.57142857,16743185.267857146,58434861811.21429,75883125375.89285,108901.75,2110396.785714286,11853392857.142857,134.44942867857142,,,,73.54657132142859
ruby,laghos,"-p 1 -dim 3 -rs 2 -tf 5.5 -pa",56,4.0333,230083285714.2857,391910392857.1429,143587500000.0,1100906000000.0,2232321428.571429,1425928571.4285715,243714285.7142857,192928571.42857143,18502698.625,68125608603.46429,87388482270.17856,108845.75,2110664.875,14144821428.571428,158.74731619642856,,,,83.25068380357143
ruby,laghos,"-p 1 -dim 3 -rs 2 -tf 5 -pa",56,3.6,200232500000.0,340541964285.7143,124549928571.42854,956093250000.0,1911285714.2857144,1223678571.4285715,208642857.1428572,165821428.57142857,16742948.94642857,58435278377.46429,75851965434.76785,108902.73214285713,2110396.8035714286,11789642857.142857,133.6387502142857,,,,82.3612497857143
ruby,laghos,"-p 2 -dim 2 -rs 2 -tf 3.5",56,0.5,26574928571.42857,41941285714.28571,14365678571.428572,112899821428.57146,81500000.0,30071428.57142857,10357142.857142856,7500000.0,25367.375,248593650.80357143,7369847945.160714,108901.76785714287,2109653.9464285714,1497000000.0,10.16739173214286,,,,19.83260826785714
ruby,laghos,"-p 2 -dim 2 -rs 2 -tf 3",56,0.4666,23260642857.142857,36720178571.428566,12573821428.571428,98829035714.28572,70750000.0,25785714.28571429,8821428.57142857,6357142.857142857,26396.92857142857,217440842.0892857,6514652471.607142,108957.75,2109555.785714286,1373500000.0,9.26883153571429,,,,18.72716846428571
ruby,laghos,"-p 2 -dim 2 -rs 2 -tf 3.5 -pa",56,0.5166,26406607142.857143,41665821428.571434,14294428571.428572,112231714285.71428,81107142.85714285,30000000.0,10357142.857142856,7571428.571428573,24660.017857142866,248628809.94642857,7367410211.410714,108957.75,2109654.9464285714,1558321428.5714285,10.982097375000004,,,,20.013902624999993
ruby,laghos,"-p 2 -dim 2 -rs 2 -tf 3 -pa",56,0.4666,23213321428.57143,36638178571.428566,12554000000.0,98638964285.71428,70892857.14285715,25928571.42857143,8857142.857142856,6392857.142857143,23205.946428571428,217446204.32142857,6465579597.946428,108957.75,2109555.785714286,1409500000.0,9.101718196428576,,,,18.894281803571424
ruby,laghos,"-p 2 -dim 2 -rs 2 -tf 4.5",56,0.5833,31083142857.142857,49057678571.428566,16794964285.714285,132037392857.14287,95357142.85714284,35214285.71428572,12357142.857142854,8678571.42857143,25222.089285714286,290021375.98214287,8567800465.964286,108901.75,2109788.160714286,1774214285.7142856,12.144946410714288,,,,22.853053589285715
ruby,laghos,"-p 2 -dim 2 -rs 2 -tf 4",56,0.5333,28224535714.285717,44536285714.28571,15274357142.857143,119952250000.0,86714285.71428572,31464285.71428572,11142857.142857144,8107142.857142857,24097.821428571428,265513628.8392857,7959247187.517858,108957.76785714287,2109709.714285714,1608321428.5714285,11.186978232142858,,,,20.81102176785714
ruby,laghos,"-p 2 -dim 2 -rs 2 -tf 4.5 -pa",56,0.5666,30955428571.42857,48847785714.28571,16733821428.571428,131502857142.85715,94928571.42857143,35214285.71428572,12321428.57142857,8642857.142857144,24979.071428571428,289987888.5,8623871765.964285,108957.76785714287,2109789.160714286,1782714285.7142856,11.888226464285712,,,,22.10777353571429
ruby,laghos,"-p 2 -dim 2 -rs 2 -tf 4 -pa",56,0.55,28080428571.42857,44321535714.28571,15201214285.714285,119366500000.0,86964285.71428572,32321428.57142857,11214285.714285716,8178571.428571427,25880.75,265506919.375,8005700798.946429,108845.75,2109707.714285714,1675535714.2857144,11.179370232142864,,,,21.820629767857135
ruby,laghos,"-p 2 -dim 2 -rs 2 -tf 5.5",56,0.6833,39757178571.428566,62861964285.71429,21401035714.285717,168872607142.85715,115250000.0,42642857.14285714,15250000.0,11071428.57142857,24214.839285714286,352680052.16071427,10371016322.625,108901.76785714287,2109989.6785714286,2175392857.142857,14.423498928571437,,,,26.574501071428568
ruby,laghos,"-p 2 -dim 2 -rs 2 -tf 5",56,0.6833,34808928571.428566,54946821428.571434,18829071428.57143,147936285714.2857,107535714.28571428,40178571.42857143,14035714.285714285,10000000.0,25743.214285714286,326226708.98214287,9698909091.446428,108901.76785714287,2109904.6785714286,1993678571.4285715,13.258710125000002,,,,27.739289875000004
ruby,laghos,"-p 2 -dim 2 -rs 2 -tf 5.5 -pa",56,0.6833,37760250000.0,59591214285.71429,20405035714.285717,160401142857.14285,115857142.85714284,42750000.0,15285714.285714285,11107142.857142856,24033.767857142866,352693375.48214287,10471317590.464287,108958.73214285713,2109990.6964285714,2170000000.0,14.565337071428573,,,,26.432662928571432
ruby,laghos,"-p 2 -dim 2 -rs 2 -tf 5 -pa",56,0.6333,34963892857.14286,55188928571.428566,18893535714.285717,148533321428.5714,106928571.42857143,39714285.71428572,14000000.0,10035714.285714284,24000.0,326226233.0535714,9882044206.964287,108957.75,2109905.6785714286,2024714285.7142856,14.234011678571427,,,,23.76398832142857
ruby,laghos,"-p 2 -dim 3 -rs 1 -tf 3.5",56,0.5333,27244785714.285717,42254500000.0,15163178571.428572,116903892857.14287,141928571.42857143,71107142.85714285,17750000.0,11321428.57142857,289654.375,1435373785.4642856,9036377321.803572,108901.75,2109207.7321428573,1631000000.0,15.591217232142865,,,,16.406782767857138
ruby,laghos,"-p 2 -dim 3 -rs 1 -tf 3",56,0.4833,23382750000.0,36265750000.0,13015035714.285715,100337928571.42856,121107142.85714284,60785714.28571428,15285714.285714285,9500000.0,251936.55357142852,1232922610.357143,7739248553.910716,108957.75,2109160.7678571427,1418750000.0,13.475413857142858,,,,15.522586142857143
ruby,laghos,"-p 2 -dim 3 -rs 1 -tf 3.5 -pa",56,0.5666,27265607142.857143,42292285714.28571,15171000000.0,116986142857.14285,141535714.2857143,70964285.71428572,17714285.714285713,11321428.57142857,288560.7857142857,1435173297.017857,8888791515.660715,108957.75,2109208.7321428573,1644464285.7142856,15.34622764285714,,,,18.64977235714286
ruby,laghos,"-p 2 -dim 3 -rs 1 -tf 3 -pa",56,0.4833,23409464285.714287,36323357142.85714,13030035714.285715,100467928571.42856,121000000.0,60821428.57142858,15285714.285714285,9500000.0,251405.7142857143,1232935329.982143,7791065907.928571,108845.75,2109158.7678571427,1399821428.5714285,13.148844107142859,,,,15.849155892857143
ruby,laghos,"-p 2 -dim 3 -rs 1 -tf 4.5",56,0.6166,31732428571.42857,49236500000.0,17676142857.142857,136218857142.85715,165535714.2857143,82785714.28571428,20892857.14285714,13392857.142857146,334705.3035714286,1676940929.8392856,10571988575.0,108957.75,2109268.160714286,1902642857.142857,17.927100821428574,,,,19.068899178571428
ruby,laghos,"-p 2 -dim 3 -rs 1 -tf 4",56,0.5833,29494678571.42857,45755750000.0,16408428571.428572,126548714285.71428,153071428.57142857,76750000.0,19178571.42857143,12285714.285714285,310178.8214285714,1547604616.75,9769756277.303572,108958.73214285713,2109235.9464285714,1787142857.142857,17.044488625,,,,17.953511375000005
ruby,laghos,"-p 2 -dim 3 -rs 1 -tf 4.5 -pa",56,0.6333,31754750000.0,49253214285.71429,17680785714.285713,136275678571.42854,166392857.14285713,83214285.71428572,20857142.85714286,13392857.142857146,334408.125,1676898078.75,10576332361.892859,108957.75,2109268.160714286,1911500000.0,17.801052357142858,,,,20.19694764285714
ruby,laghos,"-p 2 -dim 3 -rs 1 -tf 4 -pa",56,0.5666,29414178571.42857,45599857142.85714,16367500000.0,126188107142.85715,152750000.0,76214285.71428572,19214285.71428572,12285714.285714285,309992.08928571426,1547644361.607143,9709547814.910715,108957.75,2109235.9285714286,1773500000.0,17.37921580357143,,,,16.616784196428572
ruby,laghos,"-p 2 -dim 3 -rs 1 -tf 5.5",56,0.7,39091357142.85714,60647571428.57143,21749678571.42857,167732142857.14285,203428571.42857143,101892857.14285716,25928571.42857143,16642857.142857146,403649.5178571429,2051773589.732143,12953850147.392857,108901.75,2109356.4821428573,2349178571.428571,22.208805142857152,,,,19.791194857142848
ruby,laghos,"-p 2 -dim 3 -rs 1 -tf 5",56,0.6833,35656785714.28571,55319571428.571434,19852428571.42857,153032607142.85715,186214285.7142857,93464285.71428572,23464285.71428572,15142857.142857146,371067.5,1879438156.3035715,11816430147.5,108901.76785714287,2109315.0535714286,2137607142.857143,20.33363146428572,,,,20.664368535714285
ruby,laghos,"-p 2 -dim 3 -rs 1 -tf 5.5 -pa",56,0.7,38922428571.428566,60394428571.42857,21674250000.0,167058535714.2857,203071428.57142857,102357142.85714284,25785714.28571429,16571428.57142857,402132.0714285714,2051832602.6785715,12956038586.553572,108957.75,2109357.4821428573,2371000000.0,22.165144946428576,,,,19.834855053571424
ruby,laghos,"-p 2 -dim 3 -rs 1 -tf 5 -pa",56,0.6666,35908178571.428566,55725178571.428566,19971035714.285717,154071928571.42856,185857142.85714287,94071428.57142857,23571428.57142857,15107142.857142854,370971.1607142858,1879443834.375,11656346926.892859,108901.75,2109315.0535714286,2160250000.0,20.162840410714285,,,,19.83315958928571
ruby,laghos,"-p 2 -dim 3 -rs 2 -tf 3",56,1.5833,83458892857.14285,142300250000.0,52262678571.428566,401675714285.7143,795071428.5714285,512607142.85714287,86714285.71428572,68678571.42857143,4258608.232142857,25620988053.160717,33137110731.625,108901.75,2109553.3571428573,4875464285.714286,57.44173803571427,,,,37.55626196428572
ruby,laghos,"-p 2 -dim 3 -rs 2 -tf 3 -pa",56,1.5666,83617035714.28572,142410500000.0,52352928571.428566,402262035714.2857,796000000.0,511285714.2857143,86821428.57142857,68607142.85714285,4258740.767857143,25620024189.767857,33052062873.285717,108958.73214285713,2109554.375,4846321428.571428,57.24496200000002,,,,36.75103799999997
ruby,laghos,"-p 3 -dim 2 -rs 2 -tf 3.5",56,0.2,3555607142.857143,5603428571.428572,1922571428.5714285,15099321428.571428,9642857.142857144,2785714.285714286,250000.0,35714.28571428572,25836.535714285717,30532844.39285714,997484462.8392855,108901.75,2108936.5,209000000.0,1.3928608928571429,,,,10.607139107142856
ruby,laghos,"-p 3 -dim 2 -rs 2 -tf 3",56,0.2,3073392857.142857,4842142857.142858,1660750000.0,13048285714.285715,8107142.857142857,2321428.5714285714,71428.57142857142,35714.28571428572,23741.982142857134,26164903.23214286,859891118.0178571,108951.75,2108926.464285714,174357142.85714287,1.1958276785714286,,,,10.804172321428572
ruby,laghos,"-p 3 -dim 2 -rs 2 -tf 3.5 -pa",56,0.2,3581428571.428571,5643535714.285714,1934500000.0,15202571428.571428,9571428.57142857,2821428.571428572,250000.0,35714.28571428572,26482.321428571428,30515258.23214286,999398875.9642855,108958.73214285713,2108937.5178571427,206785714.2857143,1.403124642857143,,,,10.596875357142856
ruby,laghos,"-p 3 -dim 2 -rs 2 -tf 3 -pa",56,0.2,3046607142.857143,4801392857.142858,1647500000.0,12938107142.857143,8071428.571428573,2392857.1428571427,71428.57142857142,35714.28571428572,23963.821428571428,26166164.85714286,863669610.8035715,108901.75,2108925.5714285714,173892857.14285713,1.8405946071428567,,,,10.159405392857144
ruby,laghos,"-p 3 -dim 2 -rs 2 -tf 4.5",56,0.2166,4571892857.142858,7206392857.142858,2470928571.428571,19413357142.857143,12428571.42857143,4000000.0,785714.2857142857,285714.2857142857,25126.30357142857,39109410.89285714,1248786778.4821427,108951.75,2108960.2678571427,259607142.85714287,1.7622508928571428,,,,11.233749107142856
ruby,laghos,"-p 3 -dim 2 -rs 2 -tf 4",56,0.2,4059857142.857143,6399107142.857142,2193642857.142857,17235821428.57143,11000000.0,3464285.7142857136,535714.2857142857,107142.85714285713,24353.30357142857,34770670.64285714,1133711294.7142856,108958.73214285713,2108948.375,232357142.85714287,1.5637292499999995,,,,10.43627075
ruby,laghos,"-p 3 -dim 2 -rs 2 -tf 4.5 -pa",56,0.2,4562642857.142858,7188571428.571428,2465392857.142857,19367285714.285717,12464285.714285715,4000000.0,785714.2857142857,285714.2857142857,24894.410714285717,39126721.66071428,1255393470.5,108902.73214285713,2108959.3928571427,262142857.1428572,1.765132964285714,,,,10.234867035714286
ruby,laghos,"-p 3 -dim 2 -rs 2 -tf 4 -pa",56,0.2166,4077964285.714286,6424250000.0,2203535714.285714,17312428571.42857,11071428.57142857,3607142.857142857,500000.0,107142.85714285713,26251.196428571428,34781125.07142857,1130412120.0357144,108901.75,2108947.3571428573,234321428.57142857,1.575587892857143,,,,11.420412107142855
ruby,laghos,"-p 3 -dim 2 -rs 2 -tf 5.5",56,0.2166,5520071428.571428,8703535714.285715,2984607142.857143,23439750000.0,15642857.142857146,5214285.714285715,1464285.7142857143,571428.5714285715,25357.232142857134,47786478.76785714,1543205643.375,108845.75,2108981.25,325392857.14285713,2.8381444642857145,,,,10.157855535714283
ruby,laghos,"-p 3 -dim 2 -rs 2 -tf 5",56,0.2333,5016892857.142858,7904250000.0,2714285714.285714,21304357142.857143,14107142.857142854,4750000.0,1178571.4285714286,428571.4285714286,24750.071428571428,43469930.76785714,1432659902.642857,108958.73214285713,2108971.25,292928571.4285714,1.956844267857143,,,,12.041155732142858
ruby,laghos,"-p 3 -dim 2 -rs 2 -tf 5.5 -pa",56,0.2166,5524107142.857142,8705142857.142857,2988107142.857143,23459107142.857143,15392857.142857146,5285714.285714285,1464285.7142857143,571428.5714285715,24013.107142857134,47785552.48214286,1532513981.5535715,108957.75,2108983.25,323857142.85714287,2.1472653214285717,,,,10.848734678571427
ruby,laghos,"-p 3 -dim 2 -rs 2 -tf 5 -pa",56,0.2,4967500000.0,7833178571.428572,2689321428.571429,21102035714.285717,14000000.0,4714285.714285715,1178571.4285714286,428571.4285714286,26741.30357142857,43438275.875,1387420209.7857144,108901.76785714287,2108970.2321428573,286035714.28571427,1.9232524464285716,,,,10.076747553571428
ruby,laghos,"-p 3 -dim 3 -rs 1 -tf 3.5",56,0.2,4315678571.428572,6685214285.714286,2389250000.0,18449178571.42857,21071428.57142857,9857142.857142856,2071428.5714285718,928571.4285714284,63335.732142857145,194500689.55357143,1409741276.5892856,108901.75,2108898.8928571427,254285714.2857143,2.3623967678571427,,,,9.637603232142858
ruby,laghos,"-p 3 -dim 3 -rs 1 -tf 3",56,0.1833,3688857142.857143,5713642857.142858,2043464285.7142856,15772571428.571428,17678571.42857143,8392857.142857144,1500000.0,535714.2857142857,57760.25,166899513.64285713,1219032644.482143,108901.75,2108893.410714286,216214285.7142857,2.0472757678571427,,,,8.950724232142857
ruby,laghos,"-p 3 -dim 3 -rs 1 -tf 3.5 -pa",56,0.2166,4305785714.285714,6671178571.428572,2384678571.428571,18408964285.714287,20964285.71428572,10000000.0,2071428.5714285718,928571.4285714284,63195.05357142857,194503611.2142857,1406084351.9642859,108901.75,2108898.8928571427,252571428.57142857,2.3625445535714285,,,,10.63345544642857
ruby,laghos,"-p 3 -dim 3 -rs 1 -tf 3 -pa",56,0.1833,3704928571.428571,5740500000.0,2050928571.4285715,15838857142.857143,17642857.14285714,8392857.142857144,1500000.0,535714.2857142857,58397.0,166961724.0892857,1214689532.767857,108901.75,2108893.410714286,219464285.7142857,2.056259160714286,,,,8.941740839285714
ruby,laghos,"-p 3 -dim 3 -rs 1 -tf 4.5",56,0.2333,5466178571.428572,8473964285.714286,3032000000.0,23386000000.0,27285714.28571429,13142857.142857146,2821428.571428572,1535714.2857142857,74227.14285714286,249751222.6607143,1820620782.482143,108957.75,2108910.785714286,328857142.85714287,3.050157232142858,,,,10.947842767857143
ruby,laghos,"-p 3 -dim 3 -rs 1 -tf 4",56,0.2166,4879035714.285714,7559000000.0,2704642857.142857,20866142857.142857,23892857.14285714,11500000.0,2321428.5714285714,1214285.7142857143,68567.78571428571,222091570.10714287,1596638354.8392859,108902.73214285713,2108904.3214285714,291035714.28571427,2.6880851071428573,,,,10.307914892857141
ruby,laghos,"-p 3 -dim 3 -rs 1 -tf 4.5 -pa",56,0.2333,5463928571.428572,8469892857.142858,3031321428.571429,23376928571.42857,27107142.85714286,12928571.42857143,2785714.285714286,1500000.0,75288.41071428571,249683818.9107143,1809386455.8392856,108901.75,2108909.785714286,330392857.14285713,3.0378498750000014,,,,10.960150125
ruby,laghos,"-p 3 -dim 3 -rs 1 -tf 4 -pa",56,0.2166,4901214285.714286,7596321428.571428,2716535714.285714,20962750000.0,23892857.14285714,11500000.0,2321428.5714285714,1214285.7142857143,69201.51785714286,222080074.48214287,1614360387.5714285,108901.75,2108904.3035714286,289285714.28571427,2.6832343928571434,,,,10.312765607142856
ruby,laghos,"-p 3 -dim 3 -rs 1 -tf 5.5",56,0.2333,6648642857.142858,10303250000.0,3688678571.428571,28442250000.0,33392857.14285714,16142857.142857146,3500000.0,1928571.4285714286,85818.55357142858,304836778.5535714,2194081967.875,108901.75,2108921.7678571427,396928571.4285714,4.444943232142858,,,,9.553056767857143
ruby,laghos,"-p 3 -dim 3 -rs 1 -tf 5",56,0.25,6099035714.285714,9453107142.857143,3380321428.571429,26085678571.42857,30214285.71428572,14678571.42857143,3214285.7142857136,1714285.7142857143,79103.91071428571,277263563.48214287,2002539375.9642856,108901.75,2108915.1964285714,361285714.2857143,3.3576299464285717,,,,11.642370053571428
ruby,laghos,"-p 3 -dim 3 -rs 1 -tf 5.5 -pa",56,0.25,6656035714.285714,10321071428.571428,3693071428.571429,28481178571.42857,33321428.57142857,16142857.142857146,3500000.0,1892857.1428571432,85717.30357142858,304881024.8035714,2202236220.928571,108957.75,2108922.7678571427,389607142.85714287,4.0124185,,,,10.987581500000001
ruby,laghos,"-p 3 -dim 3 -rs 1 -tf 5 -pa",56,0.25,6060821428.571428,9394107142.857143,3362142857.142857,25929428571.42857,30107142.85714286,14571428.57142857,3214285.7142857136,1714285.7142857143,80571.89285714286,277295370.0,2012995888.9285715,108957.75,2108916.1964285714,363107142.85714287,3.3478890000000012,,,,11.652110999999998
ruby,laghos,"-p 3 -dim 3 -rs 2 -tf 3.5",56,0.35,12797464285.714285,21625392857.142857,7936321428.571428,60767642857.14285,122428571.42857143,77821428.57142857,12678571.42857143,9964285.714285716,628929.0714285715,3539582574.660714,4739259447.178571,108957.75,2108936.035714286,756392857.1428572,8.538961267857143,,,,12.461038732142857
ruby,laghos,"-p 3 -dim 3 -rs 2 -tf 3",56,0.3166,10987964285.714285,18616714285.714287,6809392857.142858,52198928571.428566,105107142.85714284,66428571.42857143,10535714.285714284,8428571.42857143,543203.5535714285,3036117595.910714,4054363408.517857,108957.75,2108925.1071428573,647428571.4285715,7.603417714285714,,,,11.392582285714285
ruby,laghos,"-p 3 -dim 3 -rs 2 -tf 3.5 -pa",56,0.35,12892107142.857143,21814250000.0,7976357142.857142,61178178571.42857,122785714.28571428,77642857.14285715,12678571.42857143,9928571.42857143,629578.3928571428,3538296570.017857,4702443747.035714,108957.76785714287,2108936.035714286,756857142.8571428,8.585027499999999,,,,12.414972500000001
ruby,laghos,"-p 3 -dim 3 -rs 2 -tf 3 -pa",56,0.3166,11001071428.571428,18630107142.857143,6814678571.428572,52244607142.85714,105107142.85714284,66571428.57142858,10535714.285714284,8428571.42857143,543229.1785714285,3036356925.964286,4071027744.553571,108901.75,2108924.1071428573,650107142.8571428,7.623797339285713,,,,11.372202660714287
ruby,laghos,"-p 3 -dim 3 -rs 2 -tf 4.5",56,0.4,16472642857.142857,27894214285.714287,10199464285.714285,78215428571.42857,157678571.42857143,99892857.14285716,16571428.57142857,13107142.857142854,799621.9464285716,4534444055.821428,6120324125.160714,108901.75,2108957.9285714286,970035714.2857145,10.886559500000004,,,,13.113440499999996
ruby,laghos,"-p 3 -dim 3 -rs 2 -tf 4",56,0.3833,14562000000.0,24664071428.57143,9025142857.142857,69181714285.71428,139928571.42857143,88500000.0,14571428.57142857,11392857.142857146,713098.9107142857,4032528116.392857,5466853523.982142,108901.75,2108945.8928571427,862392857.1428572,9.70022067857143,,,,13.297779321428568
ruby,laghos,"-p 3 -dim 3 -rs 2 -tf 4.5 -pa",56,0.4166,16495142857.142857,27919785714.285717,10209928571.428572,78302071428.57144,157857142.85714287,99714285.71428572,16607142.857142854,13000000.0,798720.7857142857,4535665936.964286,6067261351.928572,108957.75,2108958.9285714286,981535714.2857145,10.915684750000004,,,,14.080315249999998
ruby,laghos,"-p 3 -dim 3 -rs 2 -tf 4 -pa",56,0.3666,14578642857.142857,24700750000.0,9035000000.0,69266428571.42857,139928571.42857143,88928571.42857143,14571428.57142857,11428571.42857143,713757.3571428572,4031003682.178571,5409707162.196428,108901.75,2108945.8928571427,859178571.4285715,9.933450964285717,,,,12.062549035714282
ruby,laghos,"-p 3 -dim 3 -rs 2 -tf 5.5",56,0.4666,20060142857.142857,33972607142.857143,12426464285.714285,95275642857.14284,192678571.42857143,122250000.0,20250000.0,16035714.285714285,970212.0714285716,5541421143.982142,7392859768.142858,108901.75,2108980.8214285714,1187607142.857143,14.060384249999998,,,,13.935615750000004
ruby,laghos,"-p 3 -dim 3 -rs 2 -tf 5",56,0.4333,18144250000.0,30750035714.285717,11254857142.857143,86248142857.14285,174785714.2857143,111285714.28571428,18535714.285714287,14464285.714285715,884459.4285714284,5040048805.535714,6740411719.482143,108901.75,2108968.8035714286,1092285714.2857144,12.114337357142858,,,,13.883662642857143
ruby,laghos,"-p 3 -dim 3 -rs 2 -tf 5.5 -pa",56,0.4666,20122678571.42857,34069642857.142857,12459321428.571428,95543821428.57144,192714285.7142857,122107142.85714284,20357142.85714286,16000000.0,970329.0714285716,5540870985.892858,7378344594.892858,108901.75,2108980.8214285714,1181750000.0,13.280771553571432,,,,14.71522844642857
ruby,laghos,"-p 3 -dim 3 -rs 2 -tf 5 -pa",56,0.4666,18131928571.42857,30729321428.57143,11247500000.0,86193821428.57143,175178571.42857143,111107142.85714284,18607142.85714286,14428571.42857143,884515.8214285716,5037974563.017858,6713470433.571428,108901.75,2108968.8035714286,1083285714.2857144,12.116595696428574,,,,15.879404303571429
ruby,minigan,"",1,0.0333,181625000.0,255785714.2857143,27410714.28571429,642821428.5714285,0.0,0.0,0.0,0.0,6447.982142857143,19444892.58928572,1730669.8214285716,938.7232142857144,19688.714285714286,12839285.714285715,0.4882337857142858,,,,1.5097662142857144
ruby,minigan,"",1,0.0333,196714285.7142857,274232142.85714287,28553571.42857143,687410714.2857143,17857.14285714286,17857.14285714286,0.0,0.0,4006.696428571429,12115520.580357146,1211790.142857143,938.7232142857144,19688.723214285714,5375000.0,0.6944832142857145,,,,1.3035167857142858
ruby,minigan,"",1,0.0333,258000000.0,364285714.2857143,39267857.14285714,914607142.8571428,17857.14285714286,0.0,0.0,0.0,9440.07142857143,28052364.15178572,2463914.8214285714,938.7232142857144,19688.714285714286,15178571.42857143,0.5355814553571432,,,,1.462418544642857
ruby,minigan,"",1,0.05,248696428.57142857,369928571.4285714,45625000.0,931589285.7142855,35714.28571428572,35714.28571428572,0.0,0.0,23255.0,49014013.22321428,6036394.446428571,938.7232142857144,19688.714285714286,42803571.42857143,0.7933291339285714,,,,2.2066708660714287
ruby,minigan,"",1,0.05,250303571.42857143,359285714.28571427,40214285.71428572,900892857.1428572,17857.14285714286,17857.14285714286,0.0,0.0,12988.071428571433,27784828.40178572,3415588.1517857136,938.7232142857144,19688.714285714286,27785714.28571429,0.5782211339285716,,,,2.4217788660714286
ruby,minigan,"",1,0.05,267214285.7142857,387785714.2857143,45250000.0,974785714.2857145,17857.14285714286,35714.28571428572,0.0,0.0,17662.51785714286,39474986.17857143,4650732.482142857,938.7321428571428,19688.714285714286,37607142.85714286,0.6613649196428575,,,,2.3386350803571423
ruby,minigan,"",1,0.05,281660714.28571427,424482142.85714287,54410714.28571428,1069839285.7142855,17857.14285714286,35714.28571428572,0.0,0.0,29848.160714285717,62271244.15178572,7653104.732142857,938.7232142857144,19688.723214285714,52875000.0,1.115688598214286,,,,1.884311401785714
ruby,minigan,"",27,0.0666,230777777.77777785,686185185.1851853,247370370.37037042,1915296296.2962968,6925925.925925926,6888888.888888889,0.0,0.0,320388.6481481481,602372268.5,70805501.7037037,50672.388888888876,1053566.2777777778,77703703.7037037,0.7171629259259261,,,,3.278837074074074
ruby,minigan,"",27,0.0833,158592592.5925926,449740740.7407407,160740740.74074075,1258592592.5925925,4666666.666666667,4333333.333333333,0.0,0.0,202033.0,377002254.3333333,44499259.16666666,50659.388888888876,1053565.7962962964,45481481.48148149,0.4441943888888889,,,,4.553805611111112
ruby,minigan,"",27,0.0833,507296296.2962963,1203111111.1111116,443481481.4814816,3471814814.814815,13555555.555555554,11259259.25925926,0.0,185185.1851851852,472102.8703703704,890227605.0555557,103666936.7962963,48726.111111111124,1053498.5185185184,112518518.51851852,1.1274254629629628,,,,3.8705745370370375
ruby,minigan,"",27,0.1333,1192740740.7407408,2974074074.074075,1095000000.0,8530740740.740741,42370370.37037037,27444444.444444444,3370370.3703703713,2222222.222222222,1223580.388888889,2329089392.6666665,274987765.57407403,50672.851851851854,1053566.2962962964,340407407.40740734,2.9066269999999985,,,,5.091373000000002
ruby,minigan,"",27,0.1333,915000000.0,2255111111.111111,828481481.4814812,6474074074.074074,25222222.222222224,20407407.407407407,1740740.740740741,962962.9629629628,921798.351851852,1746875266.2592592,200989735.37037042,50672.388888888876,1053566.2777777778,240740740.74074075,2.171138185185186,,,,5.826861814814814
ruby,minigan,"",27,0.15,1580666666.6666667,3891185185.185185,1432962962.9629624,11178555555.555555,51444444.44444445,40222222.222222224,5296296.296296297,3037037.037037037,1576622.240740741,3006359147.092593,344501148.5,52605.16666666666,1053633.537037037,448074074.07407415,3.726532055555555,,,,5.2734679444444446
ruby,minigan,"",27,0.1,679148148.1481483,1665555555.5555556,616222222.2222222,4792888888.888889,22481481.48148148,14925925.925925925,592592.5925925926,703703.7037037037,673848.8888888889,1274510835.2037034,151212810.8148148,48726.555555555555,1053498.537037037,170148148.14814815,1.5899323333333333,,,,4.4100676666666665
ruby,miniqmc,"",1,0.0333,237928571.42857143,331839285.71428573,34964285.71428572,832589285.7142857,17857.14285714286,0.0,0.0,0.0,5236.223214285715,13234721.9375,1611424.7321428573,938.7142857142856,19688.696428571428,15678571.42857143,0.5975157857142861,,,,1.4004842142857141
ruby,miniqmc,"",1,0.0333,238339285.7142857,347785714.28571427,41446428.571428575,874000000.0,17857.14285714286,17857.14285714286,0.0,0.0,17242.91964285714,49958217.1875,4639023.0,938.7232142857144,19688.714285714286,33607142.85714286,0.7616264285714286,,,,1.2363735714285715
ruby,miniqmc,"",1,0.0333,377214285.7142857,555535714.2857144,67357142.85714285,1397339285.7142856,1035714.2857142857,17857.14285714286,0.0,17857.14285714286,30774.785714285717,66500267.07142858,8083655.401785715,938.7232142857144,19688.714285714286,43357142.85714286,1.4954690982142853,,,,0.5025309017857149
ruby,miniqmc,"",1,0.05,325267857.14285713,454910714.2857143,47821428.57142858,1141589285.7142856,0.0,0.0,0.0,0.0,8110.2857142857165,19783661.723214287,2252141.0089285714,938.7232142857144,19688.723214285714,15250000.0,0.6500355267857145,,,,2.3499644732142855
ruby,miniqmc,"",1,0.05,346642857.14285713,489357142.85714287,52857142.85714286,1228285714.2857144,17857.14285714286,35714.28571428572,0.0,0.0,12009.776785714286,28532813.95535714,3208518.7410714286,938.7232142857144,19688.714285714286,18250000.0,0.7655548839285716,,,,2.2344451160714285
ruby,miniqmc,"",1,0.05,427250000.0,614285714.2857143,69589285.71428572,1542303571.4285715,0.0,35714.28571428572,0.0,17857.14285714286,23130.482142857134,53668292.86607143,6225646.955357143,938.7232142857144,19688.714285714286,56500000.0,0.903941,,,,2.096059
ruby,miniqmc,"",1,0.0833,508035714.2857143,746178571.4285715,89357142.85714285,1876107142.857143,1625000.0,35714.28571428572,0.0,17857.14285714286,39585.330357142855,83965956.02678572,10209124.473214287,938.7232142857144,19688.714285714286,69857142.85714285,1.5769775982142862,,,,3.421022401785714
ruby,miniqmc,"",27,0.0833,211851851.85185185,602481481.4814812,210555555.55555555,1670222222.2222226,6444444.444444444,5740740.740740743,0.0,0.0,269013.11111111107,504763567.037037,63207665.14814815,50672.388888888876,1053566.2777777778,59259259.25925926,0.5868597592592595,,,,4.411140240740741
ruby,miniqmc,"",27,0.0833,305629629.6296296,917888888.8888887,328111111.1111111,2548888888.888889,9777777.777777778,9518518.51851852,0.0,111111.11111111114,424028.0925925926,802053710.6851853,99194891.24074076,48713.611111111124,1053498.0555555557,102370370.37037036,0.9080864444444446,,,,4.0899135555555555
ruby,miniqmc,"",27,0.0833,659925925.925926,1604888888.8888884,583037037.037037,4574222222.222222,18444444.444444444,15444444.444444446,148148.14814814815,629629.6296296297,627278.1851851853,1186760853.1851852,159306341.46296296,48714.055555555555,1053498.0740740742,149074074.07407406,1.5083320555555555,,,,3.4896679444444447
ruby,miniqmc,"",27,0.1166,1210407407.4074075,3039074074.074075,1098222222.2222226,8613259259.25926,33925925.925925925,27814814.81481481,2333333.333333333,2000000.0,1218994.4074074074,2309612668.037037,306086144.42592597,48726.12962962963,1053498.5185185184,318037037.037037,2.868077018518517,,,,4.127922981481483
ruby,miniqmc,"",27,0.1333,1587000000.0,4012851851.851853,1453185185.1851852,11378518518.518518,57259259.25925926,36851851.85185185,4777777.777777778,3259259.2592592593,1631197.666666667,3097113950.462963,417037646.25925934,52618.66666666666,1053634.037037037,448851851.8518519,3.881587277777778,,,,4.116412722222222
ruby,miniqmc,"",27,0.1833,2086555555.5555558,5238444444.444447,1921259259.2592595,14918296296.296297,68666666.66666667,53629629.62962963,7222222.222222223,4333333.333333333,2101243.574074074,4000800789.462963,522287404.3518519,52618.68518518518,1053634.037037037,612851851.8518517,4.980412907407407,,,,6.017587092592592
ruby,miniqmc,"",27,0.1,896888888.8888887,2238814814.814815,814148148.1481483,6364148148.14815,29851851.85185185,20518518.51851852,1333333.333333333,888888.8888888889,890553.277777778,1684336774.1296294,224761241.94444445,50672.388888888876,1053566.2777777778,228296296.2962963,2.1154494814814813,,,,3.8845505185185187
ruby,minitri,"",1,0.0333,260589285.7142857,365535714.2857143,39142857.14285714,915642857.1428572,35714.28571428572,17857.14285714286,0.0,0.0,6343.6607142857165,21573507.91964286,2039634.1875,938.7232142857144,19688.723214285714,13767857.142857146,0.9123856517857136,,,,1.0856143482142866
ruby,minitri,"",1,0.0333,409982142.85714287,573196428.5714285,60267857.14285714,1437178571.4285715,17857.14285714286,17857.14285714286,0.0,0.0,10035.455357142857,30781419.15178572,2865114.160714285,938.7232142857144,19688.714285714286,11892857.142857146,1.2612715089285724,,,,0.7367284910714278
ruby,minitri,"",1,0.0333,429946428.5714286,607428571.4285715,65428571.42857143,1523553571.4285715,17857.14285714286,17857.14285714286,0.0,17857.14285714286,15015.491071428567,36614351.21428572,4006782.8839285714,938.7232142857144,19688.714285714286,17750000.0,1.3170595535714285,,,,0.6809404464285718
ruby,minitri,"",1,0.05,370892857.14285713,535464285.7142857,61785714.28571428,1344553571.4285715,35714.28571428572,35714.28571428572,0.0,0.0,20986.401785714286,48036312.51785714,5678030.928571427,938.7232142857144,19688.714285714286,49660714.28571428,0.9999774017857151,,,,2.0000225982142847
ruby,minitri,"",1,0.05,523696428.5714286,753625000.0,85517857.14285715,1892910714.2857144,142857.14285714287,35714.28571428572,0.0,17857.14285714286,28637.723214285717,60419099.47321428,7606029.008928571,938.7232142857144,19688.714285714286,42607142.85714286,1.4712503839285718,,,,1.5287496160714282
ruby,minitri,"",1,0.05,526910714.2857143,770446428.5714285,91017857.14285716,1937678571.4285715,1571428.5714285714,17857.14285714286,0.0,0.0,38047.34821428572,81918496.26785715,10038218.696428573,938.7232142857144,19688.714285714286,71625000.0,1.597377991071429,,,,1.402622008928571
ruby,minitri,"",1,0.05,561035714.2857144,833303571.4285715,102428571.42857143,2096160714.2857144,1464285.7142857143,53571.428571428565,0.0,17857.14285714286,49277.1875,108409444.5,12854003.964285715,938.7142857142856,19688.6875,90357142.85714284,1.827765544642857,,,,1.172234455357143
ruby,minitri,"",27,0.0833,263740740.74074075,754518518.5185188,265296296.2962963,2088259259.2592595,7888888.888888889,6962962.962962963,0.0,0.0,334513.18518518517,630826817.6296296,83051460.85185185,52604.18518518518,1053633.5,77370370.37037037,0.7290437962962963,,,,4.268956203703704
ruby,minitri,"",27,0.1,1085555555.5555556,2777703703.703704,990703703.7037038,7808407407.407408,37851851.85185185,25925925.925925925,1962962.9629629632,1407407.4074074074,1117860.7037037036,2117859120.7407405,309571070.09259266,52618.66666666666,1053634.037037037,287592592.59259266,2.6544790185185185,,,,3.3455209814814815
ruby,minitri,"",27,0.1,373888888.8888889,1142740740.7407408,402111111.1111111,3149407407.4074073,12444444.444444446,12222222.222222222,0.0,629629.6296296297,528292.6481481482,999743338.6851852,131106971.01851852,52605.64814814815,1053633.5555555557,130518518.51851852,1.1372739074074076,,,,4.862726092592593
ruby,minitri,"",27,0.15,1455962962.9629624,3771777777.777777,1347000000.0,10592444444.444445,43592592.59259259,35481481.481481485,3296296.296296296,2925925.9259259263,1530880.888888889,2903578997.5555553,419322632.25925934,52605.16666666666,1053633.537037037,397740740.7407407,3.593544111111111,,,,5.406455888888889
ruby,minitri,"",27,0.15,1984296296.2962968,5063407407.407408,1831370370.3703704,14304185185.185184,71037037.03703703,45851851.85185185,6148148.148148147,4222222.222222222,2035600.3148148144,3865951059.351853,573118054.074074,50659.388888888876,1053565.7962962964,537888888.8888887,4.8402253148148136,,,,4.1597746851851864
ruby,minitri,"",27,0.1666,2572703703.703704,6552888888.888889,2350407407.4074073,18463444444.444443,86259259.25925925,67333333.33333333,9222222.222222222,5851851.851851853,2640512.4814814813,5031629297.574074,715636914.9444442,52590.68518518518,1053633.0,770629629.6296296,6.243049296296297,,,,3.7529507037037035
ruby,minitri,"",27,0.1,813074074.074074,2008666666.6666667,722296296.2962962,5678518518.5185175,23185185.18518519,19370370.37037037,444444.44444444455,592592.5925925926,787342.6296296297,1489781903.4814816,219816551.79629636,48726.12962962963,1053498.5185185184,189703703.70370367,1.8712099074074071,,,,4.128790092592593
ruby,sw4lite,"/usr/WS1/dnicho/summer2022/repos/sw4lite/tests/cartesian/basic.in",1,0.05,338750000.0,873982142.8571428,129053571.42857143,1991053571.4285715,20964285.71428572,2125000.0,0.0,0.0,0.4375,85097093.98214285,14434351.696428573,954.8392857142856,19700.491071428565,79553571.42857143,1.5839151517857144,,,,1.4160848482142856
ruby,sw4lite,"/usr/WS1/dnicho/summer2022/repos/sw4lite/tests/cartesian/basic.in",56,0.15,1071321428.5714283,2154392857.142857,790178571.4285715,6124285714.285714,20571428.57142857,6000000.0,0.0,2000000.0,378.21428571428567,410329369.9107143,34499366.78571428,110684.73214285713,2108922.464285714,118214285.71428572,1.1688852857142855,,,,7.8311147142857145
ruby,sw4lite,"/usr/WS1/dnicho/summer2022/repos/sw4lite/tests/cartesian/skinny.in",1,0.0666,367571428.5714286,1221375000.0,196839285.7142857,2717107142.857143,43410714.28571428,6232142.857142857,178571.42857142858,17857.14285714286,0.4821428571428572,154933234.86607143,25901012.88392857,953.7321428571428,19700.526785714286,130142857.14285716,2.872304571428572,,,,1.1236954285714282
ruby,sw4lite,"/usr/WS1/dnicho/summer2022/repos/sw4lite/tests/cartesian/skinny.in",56,0.1666,2050178571.4285715,3982678571.428571,1494607142.857143,11463857142.857143,37821428.571428575,11857142.857142854,2000000.0,6000000.0,269.35714285714283,725014997.0535715,68674768.71428572,110672.73214285713,2108924.535714286,293821428.5714286,2.1424701785714286,,,,7.853529821428571
ruby,sw4lite,"/usr/WS1/dnicho/summer2022/repos/sw4lite/tests/cartesian/uni.in",1,0.0666,420446428.5714286,996535714.2857145,145250000.0,2300910714.285714,20732142.85714286,2125000.0,0.0,0.0,4.339285714285714,114853548.45535716,37772241.52678572,955.9285714285713,19701.178571428565,77821428.57142857,2.706344991071429,,,,1.2896550089285714
ruby,sw4lite,"/usr/WS1/dnicho/summer2022/repos/sw4lite/tests/cartesian/uni.in",56,0.15,1064071428.5714283,2178964285.714286,802571428.5714285,6185750000.0,20500000.0,6000000.0,0.0,1964285.7142857143,339.4642857142857,496844435.2142857,103236040.39285716,110806.73214285713,2108923.8571428573,120750000.0,1.211327375,,,,7.788672625
ruby,sw4lite,"/usr/WS1/dnicho/summer2022/repos/sw4lite/tests/cartesian/uni_rev.in",1,0.0833,334982142.85714287,714446428.5714285,97964285.71428572,1652285714.2857144,23571428.57142857,2107142.8571428573,4553571.428571428,232142.8571428572,0.4375,55457018.85714286,40558928.27678572,955.9464285714287,19701.1875,171107142.85714287,3.149168375000001,,,,1.8488316249999994
ruby,sw4lite,"/usr/WS1/dnicho/summer2022/repos/sw4lite/tests/cartesian/uni_rev.in",56,0.15,1022321428.5714283,1896071428.5714285,735714285.7142857,5505321428.571428,24428571.42857143,7035714.285714285,1428571.4285714286,3964285.7142857136,341.67857142857144,424859337.98214287,113856926.76785716,110920.73214285713,2108925.875,173357142.85714287,1.137666875,,,,7.862333125
ruby,sw4lite,"/usr/WS1/dnicho/summer2022/repos/sw4lite/tests/loh1/LOH.1-h100.in",1,2.6,34911500000.0,72409732142.85715,9245571428.571428,166324321428.57144,2619000000.0,334892857.14285713,466178571.4285714,126446428.57142857,3.803571428571429,2486610345.044643,1651579982.5089285,971.4553571428572,19699.366071428565,19859892857.142857,146.94342159821468,,,,9.056578401785316
ruby,sw4lite,"/usr/WS1/dnicho/summer2022/repos/sw4lite/tests/loh1/LOH.1-h100.in",56,1.3666,66645107142.85714,134391571428.57146,48003250000.0,375023250000.0,2821142857.142857,614321428.5714285,117035714.28571428,230392857.1428572,473.5535714285714,20092394110.857143,3725568941.321429,112601.73214285714,2108921.214285714,9821821428.571428,68.26632055357149,,,,13.72967944642852
ruby,sw4lite,"/usr/WS1/dnicho/summer2022/repos/sw4lite/tests/loh1/LOH.1-h50.in",1,33.0333,273680875000.0,758720339285.7142,107655321428.57144,1668188285714.2856,43201000000.0,5255803571.428572,10514571428.571428,2118053571.4285715,3.8303571428571432,44307517133.428566,25359467933.267857,971.4107142857144,19701.035714285714,328072375000.0,1960.6205232764146,,,,21.377476723585232
ruby,sw4lite,"/usr/WS1/dnicho/summer2022/repos/sw4lite/tests/loh1/LOH.1-h50.in",56,17.2333,826534892857.1428,1720931607142.8572,593386678571.4286,4762886892857.144,47462535714.28571,7453214285.714286,1963571428.5714285,2897821428.571429,427.69642857142856,143902468430.4643,52398929596.64285,112597.73214285714,2108924.5714285714,110422892857.14284,951.288260464278,,,,82.70973953572206
ruby,sw4lite,"/usr/WS1/dnicho/summer2022/repos/sw4lite/tests/loh2/LOH.2-h100.in",1,2.8833,41140142857.14286,81098125000.0,10153464285.714285,187954875000.0,2635553571.428571,332071428.5714286,489642857.14285713,126875000.0,351.92857142857144,2628856459.839286,1683863500.4285715,7089.991071428572,20454.678571428565,19417178571.42857,159.24941408035653,,,,13.748585919643489
ruby,sw4lite,"/usr/WS1/dnicho/summer2022/repos/sw4lite/tests/loh2/LOH.2-h100.in",56,1.6,89914964285.71428,159596500000.0,60144107142.85714,464672285714.2857,2881607142.857143,614571428.5714285,172035714.2857143,230928571.42857143,2724.660714285714,20352516018.607143,3810945955.410714,797933.7321428572,2110432.839285714,9105321428.571428,84.07389191071438,,,,11.92610808928562
ruby,sw4lite,"/usr/WS1/dnicho/summer2022/repos/sw4lite/tests/loh2/LOH.2-h50.in",1,32.1833,242778107142.85715,716786232142.8572,103846500000.0,1563394642857.1428,43236892857.14286,5242375000.0,10534035714.285715,2116946428.5714285,1463.3214285714291,44557937106.9375,25423542405.33036,7092.6517857142835,23001.86607142857,331976446428.5714,1964.406274106788,,,,-33.408274106787985
ruby,sw4lite,"/usr/WS1/dnicho/summer2022/repos/sw4lite/tests/loh2/LOH.2-h50.in",56,17.2833,814290928571.4286,1709111071428.5715,587362857142.8572,4717533000000.0,47538321428.571434,7465535714.285714,2042428571.4285715,2895892857.142857,4272.053571428572,144398220718.9107,52604254880.51786,798231.7321428572,2115527.1964285714,110528464285.71428,946.3160009642778,,,,90.68199903572224
ruby,sw4lite,"/usr/WS1/dnicho/summer2022/repos/sw4lite/tests/pointsource/point-source-dg.in",1,0.0166,196428.57142857145,232142.8571428572,17857.14285714286,625000.0,0.0,0.0,0.0,0.0,4.285714285714286,766.1428571428571,576.1696428571427,943.8571428571428,19695.214285714286,0.0,0.0013071607142857145,,,,0.9946928392857143
ruby,sw4lite,"/usr/WS1/dnicho/summer2022/repos/sw4lite/tests/pointsource/pointsource.in",1,0.0833,758821428.5714285,1331964285.7142856,157589285.7142857,3159982142.857143,30303571.42857143,3392857.1428571427,4125000.0,71428.57142857142,4.339285714285714,45465354.19642858,29213789.94642857,943.8660714285713,19700.785714285714,243535714.2857143,3.43789625,,,,1.5601037500000001
ruby,sw4lite,"/usr/WS1/dnicho/summer2022/repos/sw4lite/tests/pointsource/pointsource.in",56,0.1666,874392857.1428572,1606857142.857143,609035714.2857143,4671750000.0,40857142.85714286,7750000.0,928571.4285714284,1964285.7142857143,316.76785714285717,165884603.4642857,70209409.30357143,109511.73214285713,2108924.0714285714,133107142.85714284,0.9768800178571428,,,,9.019119982142858
ruby,sw4lite,"/usr/WS1/dnicho/summer2022/repos/sw4lite/tests/pointsource/ps2.in",1,0.65,7549339285.714286,23154517857.142857,3624107142.857143,51649071428.571434,753357142.8571428,112839285.71428572,28071428.57142857,24839285.71428572,5.830357142857142,2695861257.598214,433337853.9642857,943.7767857142856,19701.053571428565,2028964285.7142856,37.71600671428581,,,,1.283993285714189
ruby,sw4lite,"/usr/WS1/dnicho/summer2022/repos/sw4lite/tests/pointsource/ps2.in",56,0.5833,25030500000.0,55290714285.71429,19159571428.57143,152837500000.0,985678571.4285717,190857142.85714287,23535714.28571429,63607142.85714286,269.7857142857143,9265274715.642857,928843122.7142855,109501.73214285713,2108924.5535714286,2177321428.571429,24.96387062500001,,,,10.034129374999996
ruby,sw4lite,"/usr/WS1/dnicho/summer2022/repos/sw4lite/tests/topo/gaussianHill.in",1,0.6833,10628946428.571428,24929928571.42857,4030839285.714286,56881035714.28571,904339285.7142855,432375000.0,30285714.28571429,13785714.285714285,4.241071428571429,1373435422.8839285,295478942.57142854,952.0357142857144,19701.553571428565,1546482142.857143,36.333722401785685,,,,4.664277598214319
ruby,sw4lite,"/usr/WS1/dnicho/summer2022/repos/sw4lite/tests/topo/gaussianHill.in",56,0.5833,26240571428.57143,53643142857.14286,20526678571.42857,150871821428.57144,798071428.5714285,366071428.5714286,22928571.42857143,47964285.71428572,703.8392857142858,11330986091.232143,773386029.9107143,110483.73214285713,2108926.625,2554142857.142857,24.997476446428585,,,,10.00052355357142
ruby,sw4lite,"/usr/WS1/dnicho/summer2022/repos/sw4lite/tests/topo/gaussianHill-rev.in",1,0.7333,4670803571.428572,16366107142.857143,2646125000.0,35322107142.85714,1249392857.142857,193071428.57142857,221750000.0,53982142.85714286,3.8928571428571432,907212895.3392855,672476051.8660715,952.9732142857144,19700.14285714286,6262982142.857142,39.51097760714283,,,,4.48702239285717
ruby,sw4lite,"/usr/WS1/dnicho/summer2022/repos/sw4lite/tests/topo/gaussianHill-rev.in",56,0.85,40253500000.0,74221964285.71428,28701392857.142857,214761642857.14285,1079178571.4285717,330250000.0,72500000.0,138964285.7142857,680.1785714285714,13563365716.089285,1835784279.696429,110587.73214285713,2108923.7678571427,6971214285.714286,39.15951550000003,,,,11.840484499999967
ruby,sw4lite,"/usr/WS1/dnicho/summer2022/repos/sw4lite/tests/topo/skinny.in",1,1.4333,10481500000.0,57771839285.71429,10728517857.142857,123538928571.42854,2801875000.0,732357142.8571428,142089285.7142857,89910714.28571428,3.2678571428571432,8786589428.3125,1480495561.7321427,952.0267857142856,19700.60714285714,7863446428.571428,82.21926300000007,,,,3.7787369999999356
ruby,sw4lite,"/usr/WS1/dnicho/summer2022/repos/sw4lite/tests/topo/skinny.in",56,2.1166,108449392857.14284,222723250000.0,81880107142.85715,628422714285.7144,2435071428.571429,859142857.1428572,125428571.42857143,302178571.4285714,700.6785714285713,42490948571.553566,3761202607.928571,110481.73214285713,2108924.6964285714,12731785714.285715,109.89675203571434,,,,17.099247964285667
ruby,sw4lite,"/usr/WS1/dnicho/summer2022/repos/sw4lite/tests/topo/skinny-rev.in",1,1.7,9667464285.714285,39562053571.428566,6845321428.571428,84382160714.28572,2950321428.571429,514553571.4285714,592678571.4285715,141767857.14285713,7.125,2254861622.607143,1708059609.2410715,952.0446428571428,19700.60714285714,16989607142.857143,97.90685102678577,,,,4.093148973214227
ruby,sw4lite,"/usr/WS1/dnicho/summer2022/repos/sw4lite/tests/topo/skinny-rev.in",56,1.9666,102425250000.0,191531464285.7143,74106964285.71428,552146428571.4286,2978392857.142857,928392857.1428572,187750000.0,355321428.5714286,780.6071428571429,35597237305.28571,4672754608.482142,110427.73214285713,2108923.6964285714,17466571428.57143,100.51664460714298,,,,17.479355392857016
