machine,core,Kernel,Kernel,Basic_ARRAY_OF_PTRS,Basic_COPY8,Basic_DAXPY,Basic_DAXPY_ATOMIC,Basic_EMPTY,Basic_IF_QUAD,Basic_INDEXLIST,Basic_INDEXLIST_3LOOP,Basic_INIT3,Basic_INIT_VIEW1D,Basic_INIT_VIEW1D_OFFSET,Basic_MAT_MAT_SHARED,Basic_MULADDSUB,Basic_NESTED_INIT,Basic_PI_ATOMIC,Basic_PI_REDUCE,Basic_REDUCE3_INT,Basic_REDUCE_STRUCT,Basic_TRAP_INT,Basic_MULTI_REDUCE,Lcals_DIFF_PREDICT,Lcals_EOS,Lcals_FIRST_DIFF,Lcals_FIRST_MIN,Lcals_FIRST_SUM,Lcals_GEN_LIN_RECUR,Lcals_HYDRO_1D,Lcals_HYDRO_2D,Lcals_INT_PREDICT,Lcals_PLANCKIAN,Lcals_TRIDIAG_ELIM,Polybench_2MM,Polybench_3MM,Polybench_ADI,Polybench_ATAX,Polybench_FDTD_2D,Polybench_FLOYD_WARSHALL,Polybench_GEMM,Polybench_GEMVER,Polybench_GESUMMV,Polybench_HEAT_3D,Polybench_JACOBI_1D,Polybench_JACOBI_2D,Polybench_MVT,Stream_ADD,Stream_COPY,Stream_DOT,Stream_MUL,Stream_TRIAD,Apps_CONVECTION3DPA,Apps_DEL_DOT_VEC_2D,Apps_DIFFUSION3DPA,Apps_EDGE3D,Apps_ENERGY,Apps_FEMSWEEP,Apps_FIR,Apps_LTIMES,Apps_LTIMES_NOVIEW,Apps_MASS3DEA,Apps_MASS3DPA,Apps_MATVEC_3D_STENCIL,Apps_NODAL_ACCUMULATION_3D,Apps_PRESSURE,Apps_VOL3D,Apps_ZONAL_ACCUMULATION_3D,Algorithm_SCAN,Algorithm_SORT,Algorithm_SORTPAIRS,Algorithm_REDUCE_SUM,Algorithm_MEMSET,Algorithm_MEMCPY,Algorithm_ATOMIC,Algorithm_HISTOGRAM,Comm_HALO_PACKING,Comm_HALO_PACKING_FUSED
borax,72,Base_OpenMP,default,0.055280,0.028666,0.014875,0.066613,0.017896,0.018517,0.008128,0.013190,0.030715,0.055259,0.055481,0.019411,0.022089,0.025845,2.523163,0.002336,0.003294,0.002934,0.004572,1.443101,0.071471,0.021332,0.054007,0.006813,0.053757,0.203812,0.034770,0.022905,0.044257,0.004443,0.039763,0.111406,0.168704,0.008317,0.008991,0.034213,0.211352,0.141524,0.005414,0.004431,0.044878,0.104039,0.118003,0.005471,0.034476,0.048308,0.048883,0.048413,0.034450,0.003893,0.017781,0.011444,0.352639,0.060335,0.000000,0.010210,0.017753,0.017497,0.000000,0.003420,0.081170,0.094449,0.040090,0.023419,0.006104,0.004613,Not run,Not run,0.001401,0.002273,0.003437,Not run,0.439818,0.371225,Not run
borax,32,Base_OpenMP,default,0.086356,0.044916,0.022532,0.137037,0.012691,0.035390,0.014703,0.020862,0.042277,0.067256,0.067164,0.033183,0.030579,0.030859,2.295990,0.003345,0.001341,0.002531,0.008161,2.166244,0.082053,0.026186,0.077412,0.004705,0.077234,0.127299,0.040865,0.044988,0.077655,0.006987,0.048921,0.241506,0.359909,0.013872,0.011118,0.037978,0.260262,0.307701,0.006134,0.005740,0.059451,0.106553,0.158590,0.009924,0.040850,0.069630,0.061380,0.070670,0.040771,0.006226,0.036167,0.022307,0.786700,0.097532,0.000000,0.018058,0.039117,0.038551,0.000000,0.005337,0.163351,0.212577,0.053497,0.048675,0.009956,0.007879,Not run,Not run,0.001289,0.003232,0.004992,Not run,0.729937,0.180803,Not run
borax,16,Base_OpenMP,default,0.068809,0.039818,0.022283,0.123321,0.009552,0.034751,0.020625,0.026948,0.040778,0.066713,0.068431,0.033939,0.029250,0.031042,1.295078,0.003146,0.000877,0.002799,0.007832,0.732065,0.076013,0.027432,0.076140,0.005897,0.076205,0.174604,0.039999,0.050807,0.078861,0.007601,0.048644,0.174270,0.263945,0.021159,0.009268,0.034214,0.249643,0.197450,0.005389,0.005021,0.056649,0.106280,0.146212,0.006407,0.040301,0.068562,0.061433,0.069299,0.039783,0.006769,0.036008,0.024597,0.865245,0.101924,0.000000,0.020692,0.056912,0.055408,0.000000,0.005915,0.110493,0.195911,0.053508,0.053166,0.012358,0.008750,Not run,Not run,0.001360,0.003233,0.004934,Not run,0.323789,0.110125,Not run
borax,8,Base_OpenMP,default,0.116039,0.083058,0.025328,0.243494,0.013274,0.068509,0.036408,0.044024,0.089251,0.106399,0.114250,0.052272,0.062968,0.052138,1.504897,0.005577,0.000693,0.002372,0.014909,0.619261,0.295460,0.052296,0.101491,0.009254,0.101542,0.128928,0.067133,0.147617,0.305061,0.013844,0.097481,0.344663,0.524555,0.033807,0.011730,0.056932,0.405362,0.391172,0.003710,0.004331,0.086797,0.166863,0.249342,0.011166,0.068807,0.086269,0.071070,0.090868,0.068384,0.012451,0.072587,0.058971,1.729723,0.293002,0.000000,0.039611,0.111382,0.108444,0.000000,0.010090,0.215761,0.390232,0.109757,0.105768,0.020264,0.011256,Not run,Not run,0.001084,0.003244,0.004831,Not run,0.294888,0.042778,Not run
borax,4,Base_OpenMP,default,0.200068,0.107826,0.045109,0.439975,0.022668,0.124105,0.065735,0.079442,0.161036,0.190553,0.203505,0.094129,0.121184,0.089403,1.272284,0.009885,0.001123,0.004173,0.027368,0.407810,0.345211,0.090478,0.181764,0.016519,0.183826,0.219826,0.123580,0.228996,0.425165,0.024995,0.159659,0.630527,0.955830,0.061074,0.020614,0.097592,0.726550,0.715795,0.006509,0.007611,0.148276,0.296850,0.448827,0.019955,0.123187,0.157294,0.124432,0.162923,0.121302,0.022361,0.131934,0.103297,3.107171,0.454708,0.000000,0.071004,0.201445,0.196274,0.000000,0.017959,0.387547,0.706853,0.207951,0.190998,0.036387,0.020149,Not run,Not run,0.001845,0.005838,0.008755,Not run,0.330316,0.037762,Not run
borax,72,Base_OpenMP,default,0.054609,0.028145,0.015204,0.066018,0.018048,0.018214,0.008657,0.012084,0.030667,0.057076,0.055037,0.022601,0.022047,0.025902,2.251902,0.002327,0.003429,0.003196,0.004568,1.439056,0.065193,0.021918,0.053926,0.007090,0.053487,0.204002,0.035173,0.023194,0.045717,0.004183,0.040583,0.105987,0.169326,0.008236,0.008990,0.034191,0.200723,0.149086,0.005403,0.004481,0.034722,0.096788,0.127374,0.006108,0.034825,0.048509,0.050510,0.048568,0.034637,0.003834,0.017671,0.011469,0.352651,0.060340,0.000000,0.009895,0.017765,0.017508,0.000000,0.003168,0.080412,0.094499,0.040834,0.023118,0.008344,0.004539,Not run,Not run,0.001282,0.002177,0.003310,Not run,0.432962,0.372418,Not run
borax,32,Base_OpenMP,default,0.083453,0.043775,0.022611,0.137012,0.012425,0.035242,0.014614,0.020729,0.042164,0.067096,0.067037,0.031375,0.030234,0.030705,2.509651,0.003511,0.001264,0.002494,0.008158,2.150362,0.078999,0.026440,0.077806,0.004543,0.077502,0.127033,0.040880,0.044559,0.074615,0.006697,0.049420,0.231490,0.362428,0.013922,0.012646,0.037994,0.260537,0.307454,0.005967,0.005621,0.065739,0.114174,0.157939,0.009968,0.040956,0.054201,0.063958,0.070881,0.040991,0.005944,0.036188,0.022126,0.786768,0.095832,0.000000,0.017863,0.039052,0.038506,0.000000,0.005193,0.161453,0.212375,0.053724,0.048420,0.009723,0.007732,Not run,Not run,0.001254,0.003157,0.004872,Not run,0.738507,0.180197,Not run
borax,16,Base_OpenMP,default,0.067230,0.039457,0.021502,0.123343,0.009845,0.034611,0.020394,0.026482,0.039686,0.065651,0.067546,0.033377,0.028560,0.030949,1.206394,0.003057,0.000864,0.002647,0.007688,0.724204,0.075839,0.026728,0.074619,0.005763,0.074730,0.173786,0.039575,0.049915,0.079038,0.007376,0.047685,0.174003,0.265686,0.021136,0.010220,0.034194,0.247588,0.197802,0.005278,0.005235,0.051414,0.103931,0.147758,0.007178,0.039463,0.067310,0.044817,0.068041,0.039129,0.006526,0.035930,0.024177,0.866860,0.100158,0.000000,0.020719,0.056844,0.055325,0.000000,0.005751,0.109493,0.195858,0.051933,0.053023,0.010769,0.008400,Not run,Not run,0.001254,0.003084,0.004696,Not run,0.311294,0.111447,Not run
borax,8,Base_OpenMP,default,0.115840,0.081973,0.025322,0.243464,0.013226,0.068010,0.036474,0.043914,0.074694,0.106394,0.114280,0.051811,0.053384,0.052138,1.545419,0.005559,0.000701,0.002380,0.014933,0.588410,0.301303,0.046129,0.101553,0.009246,0.101599,0.123673,0.067044,0.146900,0.301344,0.013526,0.085575,0.344746,0.523698,0.034062,0.011699,0.054784,0.407407,0.391289,0.003683,0.004338,0.085513,0.166904,0.251341,0.011175,0.067111,0.086975,0.070917,0.090930,0.066681,0.011725,0.072193,0.056342,1.730487,0.284566,0.000000,0.039640,0.111417,0.108470,0.000000,0.010072,0.216394,0.390022,0.103812,0.105745,0.020066,0.011256,Not run,Not run,0.001086,0.003249,0.004832,Not run,0.295591,0.042212,Not run
borax,4,Base_OpenMP,default,0.198571,0.108561,0.045199,0.439891,0.022571,0.122247,0.066052,0.079365,0.156678,0.189230,0.203931,0.095381,0.116899,0.089422,1.350067,0.009906,0.001128,0.004165,0.026939,0.446959,0.363497,0.089386,0.182771,0.016582,0.182642,0.220941,0.123046,0.228791,0.429277,0.024516,0.160286,0.629805,0.955386,0.061448,0.020924,0.098014,0.725496,0.714734,0.006419,0.007569,0.142847,0.298257,0.447024,0.019982,0.120327,0.157605,0.126401,0.161752,0.119808,0.021389,0.132095,0.104514,3.108346,0.458943,0.000000,0.071288,0.202035,0.196198,0.000000,0.018094,0.386407,0.705549,0.189716,0.191241,0.036330,0.020500,Not run,Not run,0.001829,0.005819,0.008764,Not run,0.340576,0.037644,Not run
borax,72,Base_OpenMP,default,0.054221,0.026907,0.014844,0.066142,0.017982,0.018168,0.008039,0.012107,0.030206,0.054985,0.055090,0.022600,0.022101,0.025722,2.133901,0.002522,0.003395,0.003309,0.004422,1.357501,0.072888,0.021262,0.053157,0.008220,0.052969,0.204793,0.034329,0.023288,0.044413,0.004087,0.039259,0.108648,0.169232,0.008186,0.009085,0.033594,0.209704,0.141718,0.005359,0.004570,0.044332,0.096217,0.126270,0.005531,0.034345,0.048231,0.048425,0.056453,0.034376,0.003911,0.017772,0.011429,0.352390,0.060358,0.000000,0.009997,0.017754,0.017505,0.000000,0.003289,0.078709,0.094765,0.039824,0.023254,0.005939,0.004326,Not run,Not run,0.001364,0.002203,0.003448,Not run,0.454666,0.373542,Not run
borax,32,Base_OpenMP,default,0.084218,0.045856,0.022647,0.136956,0.012425,0.035296,0.013995,0.020758,0.042213,0.066827,0.067030,0.032598,0.030333,0.030634,2.352902,0.003249,0.001308,0.002543,0.008077,2.165160,0.087366,0.026500,0.077637,0.004674,0.077718,0.126709,0.041005,0.044587,0.076725,0.006725,0.049509,0.236952,0.366799,0.013901,0.011213,0.037802,0.260152,0.309100,0.006009,0.005702,0.065137,0.107342,0.157908,0.009980,0.041023,0.069673,0.063684,0.070917,0.041207,0.006117,0.036144,0.022186,0.786928,0.097931,0.000000,0.017953,0.039059,0.038532,0.000000,0.005399,0.160377,0.212612,0.053894,0.048545,0.009833,0.007851,Not run,Not run,0.001314,0.003194,0.004947,Not run,0.748817,0.178287,Not run
borax,16,Base_OpenMP,default,0.067723,0.039942,0.016024,0.123468,0.009631,0.034676,0.020539,0.026748,0.040536,0.066433,0.068079,0.033281,0.029058,0.031026,1.214554,0.003258,0.000790,0.002711,0.007748,0.712521,0.081318,0.027214,0.075678,0.005800,0.076035,0.174085,0.039958,0.049744,0.080926,0.007495,0.048114,0.173867,0.264310,0.021222,0.010427,0.034395,0.249104,0.197648,0.005365,0.005172,0.057004,0.106055,0.151867,0.006411,0.039902,0.068159,0.060673,0.069022,0.039843,0.006596,0.035902,0.024444,0.866732,0.102523,0.000000,0.020635,0.056921,0.055436,0.000000,0.005800,0.109486,0.196049,0.067201,0.053114,0.010929,0.006606,Not run,Not run,0.001278,0.003153,0.004813,Not run,0.331048,0.111948,Not run
borax,8,Base_OpenMP,default,0.116708,0.083517,0.025322,0.245030,0.013233,0.067870,0.036458,0.043945,0.076373,0.106403,0.114276,0.052365,0.053850,0.052164,1.564399,0.005554,0.000674,0.002373,0.014870,0.613363,0.299252,0.045509,0.101452,0.009241,0.101516,0.123635,0.067179,0.149442,0.306689,0.013697,0.083557,0.344329,0.529308,0.034029,0.011717,0.054785,0.407301,0.391162,0.003698,0.004331,0.081392,0.166840,0.250551,0.011174,0.067111,0.086935,0.070879,0.090847,0.066655,0.011547,0.072618,0.057697,1.729258,0.294050,0.000000,0.039622,0.111411,0.108456,0.000000,0.010094,0.215473,0.390018,0.104287,0.105567,0.020054,0.011262,Not run,Not run,0.001091,0.003247,0.004833,Not run,0.299167,0.041989,Not run
borax,4,Base_OpenMP,default,0.200236,0.108775,0.045038,0.440599,0.022593,0.122832,0.066094,0.079369,0.149505,0.189047,0.203444,0.095514,0.112770,0.091542,1.267019,0.009953,0.001091,0.004182,0.027169,0.420678,0.367456,0.087972,0.182700,0.016503,0.183044,0.218266,0.124260,0.226748,0.426797,0.025081,0.160454,0.632330,0.960125,0.061308,0.020808,0.096898,0.725838,0.716150,0.006503,0.007514,0.142417,0.297545,0.447352,0.020248,0.121454,0.158850,0.124704,0.163631,0.118489,0.020977,0.131672,0.103687,3.109671,0.459266,0.000000,0.070373,0.202233,0.196250,0.000000,0.017811,0.386944,0.705612,0.181948,0.190817,0.036330,0.020145,Not run,Not run,0.001802,0.005824,0.008727,Not run,0.339306,0.038257,Not run
boraxo,72,Base_OpenMP,default,0.036747,0.017722,0.008981,0.070964,0.015365,0.010698,0.007552,0.007706,0.018022,0.039323,0.038881,0.017510,0.012976,0.016157,6.079409,0.002008,0.003027,0.003554,0.002610,1.732926,0.064978,0.013430,0.033806,0.007377,0.033872,0.181190,0.020029,0.025461,0.059469,0.003973,0.021101,0.349024,0.520281,0.007443,0.016638,0.022496,0.133967,0.416767,0.006088,0.006135,0.025275,0.059141,0.092190,0.009359,0.018605,0.030442,0.039683,0.029090,0.019087,0.002933,0.016863,0.009660,0.308582,0.056827,0.000000,0.008493,0.015153,0.016509,0.000000,0.002654,0.081493,0.103800,0.023219,0.023864,0.005771,0.003573,Not run,Not run,0.001324,0.001695,0.002062,Not run,0.645407,0.383845,Not run
boraxo,32,Base_OpenMP,default,0.069592,0.024617,0.009509,0.146953,0.012724,0.018588,0.013282,0.009484,0.033911,0.032123,0.032269,0.024381,0.023454,0.014219,4.316037,0.002000,0.001352,0.001665,0.004138,2.556669,0.077900,0.026324,0.037325,0.004965,0.037381,0.115974,0.036764,0.052920,0.095275,0.005965,0.052313,0.733322,1.121687,0.012714,0.024370,0.029076,0.135789,0.900427,0.007672,0.005477,0.041089,0.065253,0.129099,0.018338,0.036513,0.030427,0.035804,0.028169,0.035759,0.005026,0.035168,0.021472,0.693531,0.089095,0.000000,0.015028,0.033454,0.036368,0.000000,0.004371,0.178298,0.230389,0.051882,0.050660,0.009958,0.004550,Not run,Not run,0.000913,0.001387,0.001976,Not run,0.741616,0.184792,Not run
boraxo,16,Base_OpenMP,default,0.044428,0.025500,0.006190,0.132865,0.010348,0.017904,0.020363,0.009068,0.032600,0.026938,0.026487,0.026825,0.023161,0.011275,2.278019,0.002040,0.000839,0.001381,0.004170,1.205672,0.079606,0.025101,0.030794,0.006531,0.032746,0.159758,0.034639,0.054286,0.095470,0.011029,0.049698,0.316356,0.453814,0.020973,0.017723,0.025264,0.132575,0.393697,0.006942,0.007276,0.036510,0.063404,0.125229,0.011396,0.034287,0.027539,0.036424,0.026719,0.034025,0.005392,0.039769,0.023023,0.744581,0.091133,0.000000,0.015799,0.048735,0.047946,0.000000,0.004701,0.092840,0.212297,0.050898,0.057512,0.010413,0.006855,Not run,Not run,0.001004,0.001071,0.001849,Not run,0.368331,0.096681,Not run
boraxo,8,Base_OpenMP,default,0.075604,0.053966,0.023715,0.264482,0.015057,0.037757,0.041630,0.017954,0.095204,0.044519,0.043524,0.046325,0.066492,0.018781,1.855697,0.002911,0.000607,0.002406,0.007017,0.871212,0.163484,0.058412,0.094666,0.011203,0.094723,0.126136,0.073025,0.112960,0.196012,0.022415,0.110936,0.630889,0.905143,0.037123,0.021153,0.056690,0.319249,0.782174,0.005428,0.005684,0.065304,0.154278,0.243862,0.020375,0.073196,0.085355,0.094817,0.085225,0.072794,0.012373,0.079572,0.051050,1.487984,0.201136,0.000000,0.030832,0.095541,0.093314,0.000000,0.009045,0.178391,0.422242,0.134043,0.115207,0.020478,0.013271,Not run,Not run,0.001454,0.001682,0.004742,Not run,0.368465,0.047247,Not run
boraxo,4,Base_OpenMP,default,0.133376,0.078889,0.046171,0.528050,0.028374,0.072479,0.082192,0.037030,0.171493,0.119057,0.119068,0.091573,0.119747,0.047993,1.915523,0.005603,0.000912,0.004716,0.013789,0.673136,0.235021,0.117395,0.188377,0.022082,0.189755,0.244189,0.151276,0.214161,0.325653,0.044087,0.217877,1.199206,1.891559,0.073964,0.032877,0.116057,0.613984,1.561254,0.009655,0.010864,0.141101,0.294433,0.477367,0.039857,0.151766,0.162167,0.180083,0.162056,0.146238,0.024764,0.157183,0.101086,2.975432,0.357190,0.000000,0.061455,0.191153,0.186676,0.000000,0.018305,0.337099,0.846003,0.257787,0.229245,0.041252,0.026720,Not run,Not run,0.002792,0.004807,0.009180,Not run,0.487097,0.046361,Not run
boraxo,72,Base_OpenMP,default,0.036818,0.017221,0.008898,0.071152,0.015395,0.010136,0.007363,0.007718,0.017580,0.039246,0.038957,0.017188,0.012506,0.016038,5.897904,0.002049,0.003108,0.003584,0.002684,1.757627,0.052991,0.012927,0.033576,0.007396,0.033711,0.181648,0.019698,0.025037,0.058629,0.003345,0.021109,0.340977,0.517224,0.007377,0.016657,0.022611,0.133149,0.416830,0.006148,0.005943,0.025112,0.059484,0.091857,0.009383,0.018543,0.030224,0.039325,0.029064,0.018803,0.002928,0.016884,0.009714,0.308569,0.056785,0.000000,0.008464,0.015274,0.016537,0.000000,0.002642,0.079525,0.103780,0.024287,0.023893,0.005718,0.003551,Not run,Not run,0.001296,0.001674,0.002009,Not run,0.649724,0.383552,Not run
boraxo,32,Base_OpenMP,default,0.067263,0.023716,0.009809,0.147017,0.012802,0.018390,0.013625,0.009644,0.033132,0.031990,0.032085,0.024273,0.023346,0.014076,4.187747,0.002014,0.001191,0.001548,0.004120,2.478553,0.075969,0.025621,0.044749,0.005023,0.045082,0.116702,0.034829,0.052527,0.093002,0.006086,0.051341,0.733143,1.122088,0.012636,0.023969,0.028538,0.152407,0.900938,0.007728,0.005566,0.040662,0.067754,0.129084,0.018313,0.034715,0.036068,0.038819,0.035508,0.035072,0.005012,0.034785,0.021616,0.693411,0.085500,0.000000,0.014986,0.033520,0.036318,0.000000,0.004340,0.172918,0.230423,0.050734,0.050708,0.009971,0.004502,Not run,Not run,0.000874,0.001382,0.002056,Not run,0.745033,0.181712,Not run
boraxo,16,Base_OpenMP,default,0.042844,0.024407,0.009610,0.133122,0.010081,0.017760,0.020045,0.009245,0.033897,0.026802,0.026239,0.026762,0.023756,0.011174,2.308824,0.001868,0.000849,0.001368,0.003993,1.225280,0.079077,0.024728,0.034452,0.006595,0.036378,0.158279,0.033299,0.053225,0.092949,0.011046,0.048874,0.316732,0.453658,0.020792,0.017478,0.025377,0.129732,0.393743,0.006905,0.007081,0.036447,0.066783,0.123201,0.011367,0.032219,0.032107,0.038694,0.031574,0.032621,0.005396,0.039682,0.023156,0.744812,0.085861,0.000000,0.015835,0.049031,0.047558,0.000000,0.004683,0.090657,0.212312,0.050493,0.057541,0.010292,0.006875,Not run,Not run,0.000995,0.001073,0.001960,Not run,0.355697,0.093445,Not run
boraxo,8,Base_OpenMP,default,0.071515,0.051339,0.023523,0.264560,0.015079,0.036891,0.041605,0.018081,0.094811,0.043854,0.043689,0.046091,0.066578,0.020732,1.858695,0.002942,0.000597,0.002444,0.007004,0.834151,0.150307,0.056835,0.094596,0.011209,0.094732,0.136014,0.076746,0.110678,0.184653,0.022252,0.111040,0.629554,0.904247,0.037052,0.021174,0.060470,0.339620,0.785625,0.005455,0.005685,0.066755,0.152877,0.242419,0.020369,0.077269,0.084134,0.093281,0.084056,0.075079,0.012423,0.079499,0.049312,1.487842,0.190085,0.000000,0.030865,0.095559,0.093349,0.000000,0.009043,0.176015,0.423228,0.129131,0.115242,0.020495,0.013260,Not run,Not run,0.001459,0.001617,0.004744,Not run,0.356100,0.046711,Not run
boraxo,4,Base_OpenMP,default,0.129336,0.073972,0.046538,0.527977,0.028408,0.071524,0.082104,0.037499,0.166531,0.121407,0.121226,0.091419,0.116751,0.049020,1.895650,0.005635,0.001067,0.004699,0.013785,0.682201,0.224353,0.112732,0.191668,0.022093,0.193134,0.241600,0.154331,0.210762,0.307212,0.043955,0.210718,1.199690,1.886929,0.073704,0.032994,0.123453,0.782692,1.563740,0.009659,0.012025,0.149481,0.308824,0.486045,0.039872,0.148506,0.180522,0.193491,0.179421,0.152375,0.024711,0.157172,0.098025,2.975782,0.339375,0.000000,0.061601,0.191131,0.186704,0.000000,0.018420,0.334375,0.845865,0.245817,0.228910,0.040865,0.026855,Not run,Not run,0.002793,0.004773,0.010065,Not run,0.485770,0.046480,Not run
boraxo,72,Base_OpenMP,default,0.037055,0.017337,0.008933,0.070949,0.015372,0.010124,0.007314,0.007604,0.018009,0.039190,0.038781,0.014552,0.012695,0.016220,5.640091,0.002040,0.003314,0.003608,0.002683,1.664650,0.055533,0.013094,0.033344,0.007499,0.033572,0.181102,0.019761,0.025131,0.059259,0.003343,0.021883,0.346210,0.519992,0.007389,0.016435,0.027807,0.132782,0.416414,0.006191,0.006092,0.024969,0.058709,0.091573,0.009340,0.018544,0.030300,0.040226,0.028944,0.018779,0.002940,0.016848,0.009649,0.309118,0.056155,0.000000,0.008543,0.015172,0.016462,0.000000,0.002657,0.078746,0.103787,0.022993,0.023885,0.005719,0.003552,Not run,Not run,0.001299,0.001687,0.001984,Not run,0.656970,0.376019,Not run
boraxo,32,Base_OpenMP,default,0.067066,0.023656,0.009642,0.147045,0.012701,0.018386,0.013617,0.009373,0.033315,0.032439,0.032332,0.024354,0.023421,0.014222,4.362820,0.002364,0.001408,0.001648,0.004046,2.550272,0.077415,0.026260,0.037657,0.005006,0.037810,0.115235,0.035540,0.052269,0.094952,0.006052,0.052304,0.733199,1.120987,0.012914,0.024058,0.028616,0.141107,0.900230,0.007696,0.005537,0.040915,0.066421,0.131724,0.018339,0.036433,0.032449,0.036491,0.030994,0.035449,0.005019,0.035131,0.021273,0.693322,0.085439,0.000000,0.015058,0.033401,0.036319,0.000000,0.004352,0.171640,0.230379,0.051662,0.050611,0.009996,0.004550,Not run,Not run,0.000885,0.001406,0.002312,Not run,0.737821,0.185257,Not run
boraxo,16,Base_OpenMP,default,0.043028,0.024480,0.007819,0.133087,0.010113,0.017914,0.019964,0.009241,0.032625,0.026771,0.026204,0.026611,0.022810,0.011175,2.273274,0.001810,0.000838,0.001394,0.003847,1.210808,0.078573,0.025020,0.035647,0.006500,0.036849,0.159383,0.033414,0.053666,0.094981,0.011028,0.049550,0.316576,0.453615,0.020898,0.017699,0.025047,0.133383,0.393559,0.006576,0.008137,0.036384,0.062858,0.123720,0.011370,0.033643,0.029689,0.037219,0.029723,0.033225,0.005383,0.039969,0.022658,0.744652,0.086700,0.000000,0.015858,0.049186,0.047902,0.000000,0.004665,0.091026,0.212294,0.049931,0.057751,0.010337,0.006867,Not run,Not run,0.000997,0.001070,0.002058,Not run,0.350798,0.093484,Not run
boraxo,8,Base_OpenMP,default,0.072001,0.051367,0.023739,0.264434,0.015018,0.037196,0.041609,0.018003,0.091854,0.042250,0.041623,0.046082,0.064720,0.020358,1.814235,0.002922,0.000601,0.002411,0.007027,0.858849,0.154339,0.055276,0.094427,0.011202,0.094558,0.126199,0.073820,0.110944,0.184004,0.022417,0.105933,0.630111,0.905139,0.037032,0.021110,0.056905,0.319876,0.785291,0.005519,0.005696,0.065422,0.153658,0.244254,0.020408,0.072591,0.085367,0.094798,0.085281,0.072116,0.012071,0.079449,0.049699,1.488025,0.188589,0.000000,0.030853,0.095678,0.093342,0.000000,0.009037,0.174942,0.423329,0.125997,0.115260,0.020663,0.013240,Not run,Not run,0.001457,0.001635,0.004734,Not run,0.366717,0.046541,Not run
boraxo,4,Base_OpenMP,default,0.130315,0.074177,0.045621,0.528018,0.028402,0.071676,0.082100,0.037032,0.167167,0.119697,0.119740,0.091110,0.117394,0.048268,1.943488,0.005590,0.001066,0.004629,0.013788,0.654935,0.225025,0.112391,0.185103,0.022072,0.187719,0.237884,0.148452,0.210416,0.308645,0.044293,0.210477,1.200465,1.890412,0.073637,0.032946,0.115552,0.644458,1.559949,0.009661,0.010972,0.126676,0.298059,0.475992,0.039869,0.143450,0.168097,0.185757,0.168507,0.144377,0.024113,0.157205,0.098382,2.975373,0.340587,0.000000,0.061493,0.191115,0.186654,0.000000,0.018321,0.334638,0.846060,0.244723,0.229291,0.041006,0.026783,Not run,Not run,0.002803,0.004823,0.009182,Not run,0.483827,0.047127,Not run
corona-cpu,96,Base_OpenMP,default,0.008099,0.004201,0.013242,0.025904,0.019144,0.008366,0.006436,0.013004,0.016709,0.066245,0.058474,0.016159,0.015812,0.031342,1.407262,0.002440,0.002534,0.002735,0.003539,0.620005,0.012789,0.016017,0.048205,0.005611,0.048156,0.189906,0.028598,0.012296,0.015929,0.002939,0.029976,0.050293,0.078409,0.008109,0.007611,0.039150,0.194074,0.069648,0.006673,0.003455,0.074726,0.076061,0.169568,0.003967,0.029045,0.043050,0.053697,0.045104,0.030569,0.003691,0.009189,0.006509,0.171274,0.013864,0.000000,0.008286,0.008538,0.008295,0.000000,0.003004,0.020815,0.056885,0.026245,0.013335,0.004793,0.004346,Not run,Not run,0.001740,0.002621,0.002680,Not run,0.165375,0.501371,Not run
corona-cpu,48,Base_OpenMP,default,0.017156,0.005144,0.009711,0.037369,0.012878,0.010194,0.008463,0.012352,0.014832,0.063890,0.048132,0.020786,0.010355,0.030356,1.222930,0.002692,0.001675,0.002278,0.005409,0.496315,0.018518,0.013283,0.040991,0.004132,0.050799,0.184119,0.021869,0.018269,0.015408,0.003762,0.028142,0.094596,0.156667,0.009182,0.005855,0.027463,0.169152,0.150502,0.008432,0.003105,0.047067,0.053569,0.089688,0.003611,0.017901,0.035196,0.043283,0.047154,0.021635,0.004006,0.014537,0.010451,0.321747,0.018714,0.000000,0.010896,0.013490,0.013220,0.000000,0.003793,0.037237,0.047832,0.025788,0.021502,0.005846,0.004228,Not run,Not run,0.001359,0.002046,0.003133,Not run,0.186861,0.302520,Not run
corona-cpu,32,Base_OpenMP,default,0.026532,0.006748,0.008489,0.047965,0.010276,0.012496,0.010813,0.014249,0.013720,0.065775,0.042734,0.020717,0.010575,0.033020,1.054728,0.003168,0.001348,0.002453,0.007362,0.472015,0.024329,0.013992,0.033878,0.003385,0.050685,0.092344,0.018155,0.024450,0.019323,0.004181,0.021715,0.147020,0.225581,0.012000,0.005207,0.021343,0.122791,0.209540,0.007079,0.003301,0.043790,0.043512,0.085776,0.004133,0.016657,0.033049,0.032731,0.056831,0.021036,0.004854,0.019691,0.014740,0.482171,0.028843,0.000000,0.014222,0.018529,0.018394,0.000000,0.004744,0.060881,0.071508,0.024148,0.030574,0.007146,0.004312,Not run,Not run,0.001096,0.001625,0.002875,Not run,0.198399,0.224840,Not run
corona-cpu,16,Base_OpenMP,default,0.035996,0.008843,0.006807,0.088884,0.008331,0.013546,0.016727,0.019780,0.012569,0.059724,0.035510,0.019466,0.009217,0.030263,0.922886,0.003357,0.000850,0.003622,0.007388,0.442391,0.028535,0.011942,0.045934,0.003290,0.031634,0.125760,0.018376,0.025343,0.022268,0.004819,0.019570,0.098242,0.150240,0.017130,0.004683,0.029923,0.100385,0.111306,0.006564,0.003455,0.036999,0.038242,0.071631,0.003900,0.018463,0.040776,0.032323,0.033430,0.017339,0.004985,0.022251,0.017246,0.551668,0.033551,0.000000,0.013825,0.029027,0.029065,0.000000,0.004612,0.056837,0.138296,0.019986,0.033513,0.007503,0.004911,Not run,Not run,0.000989,0.001080,0.002614,Not run,0.192465,0.109613,Not run
corona-cpu,8,Base_OpenMP,default,0.063908,0.035839,0.009178,0.168438,0.011222,0.024525,0.031487,0.036289,0.020151,0.102217,0.056441,0.028891,0.014267,0.051661,0.776679,0.004958,0.001496,0.006219,0.013389,0.240900,0.073390,0.019840,0.034534,0.004606,0.032938,0.153986,0.024003,0.051028,0.096837,0.007753,0.029037,0.203839,0.285840,0.028290,0.007037,0.020719,0.131367,0.215338,0.006022,0.004427,0.048242,0.058016,0.110030,0.006013,0.021134,0.030282,0.034259,0.029591,0.022096,0.007725,0.042325,0.033893,1.088196,0.119373,0.000000,0.025880,0.056335,0.056409,0.000000,0.009539,0.116690,0.269183,0.035626,0.063857,0.012440,0.008044,Not run,Not run,0.001230,0.001881,0.002824,Not run,0.148406,0.056951,Not run
corona-cpu,4,Base_OpenMP,default,0.121300,0.083970,0.015175,0.339606,0.020160,0.060010,0.062415,0.071249,0.103361,0.199573,0.104751,0.054949,0.070554,0.098224,0.609919,0.010141,0.001251,0.002993,0.026636,0.172876,0.247419,0.048821,0.062526,0.008752,0.063579,0.144403,0.052695,0.139286,0.345184,0.015500,0.092828,0.381603,0.580903,0.054989,0.012955,0.042968,0.247985,0.435802,0.008396,0.006873,0.075142,0.109621,0.201554,0.011232,0.050280,0.054427,0.063524,0.054629,0.047431,0.018811,0.086115,0.088648,2.201514,0.372612,0.000000,0.049908,0.114183,0.113932,0.000000,0.018642,0.235271,0.546076,0.133272,0.130321,0.025144,0.014690,Not run,Not run,0.001944,0.002482,0.003612,Not run,0.152436,0.045697,Not run
corona-cpu,96,Base_OpenMP,default,0.008264,0.004200,0.013456,0.025896,0.019692,0.008255,0.006370,0.011321,0.016638,0.065705,0.059820,0.016082,0.013609,0.031366,1.427030,0.002756,0.002448,0.002753,0.003421,0.610386,0.012725,0.015834,0.048419,0.005613,0.050189,0.177807,0.030593,0.012153,0.016113,0.002983,0.029791,0.049419,0.078865,0.008359,0.006754,0.037854,0.194260,0.072211,0.006565,0.003688,0.072705,0.082686,0.205973,0.004077,0.029224,0.042178,0.048145,0.044022,0.029968,0.003533,0.009405,0.006449,0.171191,0.013787,0.000000,0.008193,0.008421,0.008300,0.000000,0.003229,0.020771,0.043949,0.022038,0.014019,0.004829,0.004392,Not run,Not run,0.001737,0.002643,0.002700,Not run,0.167591,0.524204,Not run
corona-cpu,48,Base_OpenMP,default,0.016758,0.005201,0.009830,0.038011,0.013008,0.012101,0.008526,0.012272,0.015087,0.060856,0.045608,0.022939,0.010155,0.031143,1.232969,0.002919,0.001691,0.002294,0.005727,0.492734,0.018605,0.013656,0.042663,0.004268,0.052330,0.215587,0.021344,0.018404,0.017789,0.003914,0.023439,0.100056,0.154393,0.009418,0.005771,0.024847,0.198068,0.144816,0.008303,0.003446,0.046716,0.052340,0.087460,0.003722,0.017794,0.031688,0.039126,0.042492,0.021785,0.004511,0.014599,0.010626,0.324119,0.018814,0.000000,0.011156,0.013335,0.013370,0.000000,0.003957,0.037357,0.048160,0.026121,0.021660,0.005980,0.004155,Not run,Not run,0.001318,0.001972,0.003096,Not run,0.188719,0.314557,Not run
corona-cpu,32,Base_OpenMP,default,0.026080,0.006786,0.008436,0.048261,0.010230,0.012587,0.010853,0.014519,0.013810,0.065516,0.043236,0.021909,0.010577,0.032967,1.086409,0.003176,0.001285,0.002468,0.007555,0.494695,0.024778,0.014045,0.031045,0.003422,0.052119,0.143469,0.016870,0.024691,0.018974,0.004168,0.021447,0.146534,0.233624,0.011998,0.005571,0.023131,0.121407,0.217484,0.007036,0.003340,0.050881,0.043534,0.091258,0.004132,0.017858,0.029448,0.036500,0.063652,0.025985,0.004544,0.019848,0.014967,0.487250,0.027616,0.000000,0.014330,0.018670,0.018512,0.000000,0.004699,0.060476,0.070786,0.024307,0.030536,0.007124,0.003972,Not run,Not run,0.001113,0.001652,0.003139,Not run,0.201298,0.221541,Not run
corona-cpu,16,Base_OpenMP,default,0.036412,0.008800,0.006877,0.089577,0.008102,0.013681,0.017041,0.019810,0.012589,0.059809,0.035528,0.020295,0.011023,0.030430,0.942284,0.002991,0.000881,0.003541,0.007658,0.440397,0.028154,0.012432,0.029685,0.003371,0.032933,0.125567,0.015875,0.025323,0.021444,0.004756,0.019939,0.100790,0.150749,0.017135,0.004733,0.022029,0.095370,0.111060,0.006777,0.003009,0.035288,0.038903,0.071213,0.003738,0.018539,0.028733,0.045706,0.076933,0.023210,0.004948,0.022434,0.017025,0.554586,0.034332,0.000000,0.013861,0.029271,0.029286,0.000000,0.004725,0.056797,0.138387,0.023902,0.034320,0.007544,0.005002,Not run,Not run,0.000998,0.001148,0.002449,Not run,0.197574,0.110207,Not run
corona-cpu,8,Base_OpenMP,default,0.064081,0.035791,0.009414,0.172324,0.011517,0.024763,0.032123,0.036987,0.021393,0.103839,0.056788,0.029444,0.014552,0.052438,0.810971,0.005576,0.001345,0.006566,0.014139,0.264037,0.074617,0.019984,0.034018,0.004715,0.032886,0.150569,0.023468,0.051783,0.101759,0.007832,0.029573,0.191728,0.290965,0.028786,0.007069,0.021959,0.135538,0.218080,0.005979,0.004351,0.049982,0.059114,0.112387,0.006173,0.021491,0.030617,0.035248,0.029744,0.021242,0.007862,0.042954,0.034445,1.105893,0.120296,0.000000,0.025466,0.057449,0.057190,0.000000,0.008185,0.117776,0.274952,0.032863,0.065282,0.012632,0.008211,Not run,Not run,0.001241,0.001960,0.003109,Not run,0.167623,0.061622,Not run
corona-cpu,4,Base_OpenMP,default,0.120681,0.084254,0.015392,0.340521,0.020236,0.060520,0.062452,0.071373,0.106850,0.201222,0.106991,0.055348,0.074802,0.098380,0.659164,0.010355,0.001015,0.002798,0.026700,0.190622,0.249946,0.046879,0.068025,0.008643,0.069212,0.137083,0.053272,0.139245,0.346882,0.015602,0.087972,0.382333,0.579706,0.054870,0.012880,0.040319,0.250209,0.436145,0.008515,0.006942,0.076305,0.111469,0.206202,0.011479,0.041061,0.054331,0.063826,0.054883,0.053107,0.018058,0.086019,0.089520,2.209641,0.371763,0.000000,0.049918,0.114415,0.114924,0.000000,0.015223,0.235061,0.547113,0.135194,0.130287,0.025337,0.014961,Not run,Not run,0.001953,0.002463,0.003964,Not run,0.156574,0.045922,Not run
corona-cpu,96,Base_OpenMP,default,0.008059,0.004185,0.011297,0.024276,0.020216,0.008289,0.006479,0.011547,0.018874,0.066118,0.059218,0.016451,0.016046,0.032043,1.415163,0.002765,0.002511,0.002755,0.003776,0.628123,0.012743,0.015963,0.047947,0.005544,0.049193,0.181433,0.028624,0.012369,0.015887,0.003000,0.030244,0.050336,0.078902,0.008145,0.006729,0.036844,0.193826,0.071231,0.006735,0.003467,0.070660,0.082099,0.198563,0.004102,0.029157,0.043445,0.046492,0.043352,0.029584,0.003723,0.009287,0.006430,0.172358,0.013992,0.000000,0.008156,0.008412,0.008265,0.000000,0.003248,0.021173,0.049176,0.021628,0.013395,0.004993,0.003950,Not run,Not run,0.001751,0.002610,0.002888,Not run,0.166716,0.509378,Not run
corona-cpu,48,Base_OpenMP,default,0.017337,0.005151,0.009923,0.037706,0.013383,0.010153,0.008563,0.012372,0.017298,0.063816,0.048693,0.021530,0.010451,0.030795,1.227226,0.002739,0.001773,0.002235,0.005495,0.489603,0.018515,0.013704,0.036129,0.004365,0.047496,0.220026,0.022297,0.018281,0.015388,0.003902,0.022188,0.100305,0.155415,0.009159,0.005880,0.025032,0.161101,0.141636,0.008409,0.003280,0.050844,0.053256,0.088810,0.003749,0.019397,0.031453,0.040108,0.048170,0.023651,0.004470,0.014260,0.010400,0.321634,0.018818,0.000000,0.010903,0.013365,0.013247,0.000000,0.003875,0.037619,0.047791,0.020730,0.021812,0.005880,0.004108,Not run,Not run,0.001349,0.002083,0.002769,Not run,0.189465,0.301595,Not run
corona-cpu,32,Base_OpenMP,default,0.026455,0.006811,0.008404,0.048203,0.010499,0.012489,0.010764,0.013968,0.013540,0.064606,0.041816,0.021896,0.010619,0.032980,1.080525,0.003407,0.001327,0.002370,0.007236,0.483021,0.024205,0.013880,0.031128,0.003519,0.046761,0.183743,0.020859,0.024389,0.018648,0.004299,0.027425,0.146129,0.233312,0.011905,0.005218,0.023638,0.124594,0.214711,0.007142,0.003141,0.064854,0.043395,0.086201,0.003756,0.017479,0.035595,0.046674,0.057255,0.025085,0.004918,0.019774,0.014748,0.482566,0.027938,0.000000,0.014286,0.018541,0.018376,0.000000,0.004868,0.061201,0.069625,0.023931,0.030447,0.007375,0.003904,Not run,Not run,0.001063,0.001587,0.002709,Not run,0.201591,0.225292,Not run
corona-cpu,16,Base_OpenMP,default,0.036093,0.008470,0.006773,0.088495,0.008205,0.013476,0.016731,0.019840,0.012373,0.059975,0.035931,0.019732,0.013980,0.030037,0.929024,0.003100,0.000867,0.003587,0.007042,0.439781,0.028347,0.012591,0.025479,0.003464,0.045407,0.171847,0.018024,0.025263,0.023022,0.004812,0.019196,0.106561,0.161832,0.017203,0.004778,0.015610,0.108634,0.125545,0.006813,0.003308,0.035098,0.039026,0.070592,0.003717,0.013827,0.030331,0.033743,0.052037,0.023230,0.005008,0.022249,0.017326,0.552258,0.032724,0.000000,0.013688,0.029045,0.028929,0.000000,0.004677,0.056222,0.137630,0.023650,0.033803,0.007014,0.004906,Not run,Not run,0.000982,0.001164,0.002363,Not run,0.191047,0.114626,Not run
corona-cpu,8,Base_OpenMP,default,0.064127,0.035339,0.008957,0.168734,0.011463,0.024660,0.031720,0.036385,0.021238,0.102831,0.055975,0.029860,0.014280,0.052469,0.772879,0.004932,0.001427,0.006483,0.013452,0.261209,0.073018,0.019768,0.033476,0.004703,0.033400,0.149712,0.023176,0.051253,0.098557,0.007743,0.029775,0.196899,0.287220,0.028441,0.007011,0.021080,0.132582,0.227348,0.006148,0.004454,0.048428,0.058528,0.109966,0.006053,0.021256,0.029260,0.034756,0.030853,0.021265,0.007753,0.042265,0.034379,1.088902,0.121802,0.000000,0.025218,0.056584,0.056491,0.000000,0.007985,0.116740,0.270565,0.030907,0.063890,0.012459,0.008016,Not run,Not run,0.001285,0.002011,0.002834,Not run,0.161729,0.065033,Not run
corona-cpu,4,Base_OpenMP,default,0.121677,0.084229,0.015454,0.337671,0.020846,0.060392,0.062503,0.070737,0.104888,0.198758,0.104006,0.057749,0.072374,0.097744,0.637213,0.010074,0.001022,0.002989,0.027071,0.188374,0.249252,0.051487,0.067297,0.008594,0.068880,0.143886,0.051435,0.140516,0.348627,0.015475,0.093673,0.383527,0.591547,0.054877,0.012897,0.046001,0.246079,0.433410,0.008646,0.006806,0.075227,0.110515,0.205285,0.011242,0.054087,0.053369,0.064615,0.054199,0.057609,0.018165,0.085512,0.088988,2.194894,0.372893,0.000000,0.049924,0.114140,0.114436,0.000000,0.015262,0.233412,0.545385,0.133543,0.130000,0.024657,0.014703,Not run,Not run,0.001879,0.002699,0.003916,Not run,0.155996,0.051518,Not run
dane,224,Base_OpenMP,default,0.004370,0.002590,0.010500,0.025779,0.020063,0.005592,0.004194,0.008714,0.011651,0.053460,0.052945,0.007881,0.008331,0.019720,21.343348,0.003831,0.017575,0.015533,0.003840,2.296423,0.008527,0.011400,0.040863,0.031305,0.040636,0.091420,0.020853,0.005558,0.010570,0.001712,0.021135,0.050074,0.077048,0.003379,0.006780,0.032009,0.170257,0.068507,0.006416,0.002650,0.034093,0.079403,0.102511,0.003466,0.022198,0.037283,0.091077,0.036859,0.020689,0.001910,0.005055,0.003532,0.064680,0.006878,0.000000,0.005262,0.005929,0.004291,0.000000,0.001576,0.009519,0.028641,0.016461,0.006223,0.002988,0.003468,Not run,Not run,0.003419,0.002292,0.002232,Not run,0.595149,0.602251,Not run
dane,112,Base_OpenMP,default,0.008487,0.002738,0.005105,0.032340,0.009263,0.004755,0.003679,0.004783,0.007517,0.025074,0.024746,0.007957,0.005367,0.009418,3.626497,0.001190,0.003811,0.003736,0.001500,2.132710,0.009838,0.006504,0.019457,0.008050,0.019588,0.070084,0.010383,0.007192,0.008091,0.001566,0.010506,0.084650,0.140962,0.003317,0.005036,0.015645,0.081270,0.112473,0.005937,0.001398,0.027204,0.035633,0.064180,0.003114,0.010496,0.017214,0.024682,0.017764,0.009975,0.001571,0.005500,0.003565,0.098772,0.007710,0.000000,0.003741,0.004965,0.005082,0.000000,0.001306,0.012737,0.047710,0.009635,0.007661,0.002248,0.001940,Not run,Not run,0.000794,0.001125,0.001198,Not run,0.726838,0.253655,Not run
dane,56,Base_OpenMP,default,0.008402,0.002696,0.003734,0.027622,0.007078,0.004346,0.004550,0.003390,0.012794,0.016799,0.016913,0.006854,0.009009,0.006385,1.590081,0.001062,0.001813,0.001785,0.001427,0.714863,0.010430,0.008564,0.023413,0.003900,0.023318,0.078297,0.013119,0.008862,0.008188,0.001595,0.013095,0.029367,0.047575,0.005425,0.003180,0.014790,0.092925,0.041691,0.005481,0.001731,0.021116,0.038675,0.052298,0.001890,0.012029,0.020964,0.024354,0.021017,0.011986,0.001734,0.005241,0.003400,0.105567,0.008142,0.000000,0.003263,0.005034,0.004928,0.000000,0.001169,0.012384,0.047100,0.010783,0.007308,0.002222,0.001636,Not run,Not run,0.000478,0.000781,0.000869,Not run,0.285694,0.174834,Not run
dane,32,Base_OpenMP,default,0.016410,0.003981,0.004124,0.044478,0.006944,0.006599,0.006951,0.003985,0.020288,0.017230,0.017309,0.007868,0.015499,0.006737,1.411545,0.000900,0.000830,0.000874,0.001440,0.639982,0.016928,0.008126,0.015156,0.002817,0.015855,0.039894,0.009734,0.011917,0.030707,0.001791,0.007939,0.051703,0.080259,0.010210,0.001819,0.009502,0.046809,0.071199,0.002885,0.000853,0.017267,0.020393,0.040133,0.001423,0.005917,0.009641,0.011677,0.009678,0.006019,0.001619,0.008159,0.004902,0.177426,0.017218,0.000000,0.004450,0.008309,0.007997,0.000000,0.001402,0.020214,0.075339,0.013957,0.011356,0.002700,0.001650,Not run,Not run,0.000334,0.000572,0.000599,Not run,0.246729,0.091916,Not run
dane,16,Base_OpenMP,default,0.043782,0.024708,0.003154,0.080527,0.005516,0.010516,0.012233,0.004808,0.022888,0.013390,0.013433,0.010915,0.016397,0.006218,1.161608,0.001110,0.000465,0.000691,0.002353,0.492593,0.075716,0.010571,0.013587,0.003762,0.014970,0.056193,0.011976,0.028410,0.098247,0.002716,0.017062,0.108206,0.167721,0.010724,0.002387,0.010618,0.062943,0.136329,0.001815,0.001176,0.017623,0.022985,0.049727,0.001961,0.008065,0.010835,0.011626,0.010766,0.008455,0.002669,0.014380,0.009668,0.324258,0.064601,0.000000,0.007388,0.014612,0.014461,0.000000,0.002337,0.058114,0.128965,0.059735,0.020857,0.004759,0.002449,Not run,Not run,0.000352,0.000588,0.000693,Not run,0.208949,0.041040,Not run
dane,8,Base_OpenMP,default,0.086434,0.072767,0.006432,0.160604,0.009458,0.021510,0.024772,0.009236,0.052778,0.023289,0.023178,0.019436,0.037463,0.009497,0.997333,0.001860,0.000487,0.000976,0.004365,0.402917,0.215511,0.036814,0.032229,0.006814,0.033885,0.096199,0.042410,0.121952,0.226039,0.006164,0.072401,0.178280,0.275485,0.019617,0.004279,0.032114,0.133456,0.245487,0.002416,0.002041,0.031851,0.060012,0.093027,0.003778,0.043806,0.025180,0.022719,0.025344,0.042940,0.006282,0.031164,0.029867,0.645805,0.220633,0.000000,0.014136,0.028671,0.028426,0.000000,0.004599,0.132309,0.257773,0.093533,0.040699,0.009846,0.004475,Not run,Not run,0.000505,0.000951,0.001491,Not run,0.201024,0.027223,Not run
dane,4,Base_OpenMP,default,0.102196,0.095305,0.029334,0.322650,0.017289,0.052932,0.051835,0.020734,0.172277,0.050863,0.050892,0.038255,0.117253,0.020356,0.925141,0.003466,0.000646,0.002970,0.008436,0.369308,0.330549,0.078552,0.118059,0.013388,0.118326,0.168506,0.089569,0.184656,0.315910,0.016319,0.131827,0.338758,0.507283,0.039302,0.011118,0.068441,0.452132,0.395622,0.004517,0.006862,0.061565,0.203491,0.243352,0.010476,0.089960,0.104770,0.114863,0.105570,0.089720,0.014369,0.067871,0.058254,1.291510,0.317709,0.000000,0.028221,0.057270,0.056771,0.000000,0.009379,0.201660,0.515346,0.181417,0.083006,0.019352,0.010428,Not run,Not run,0.000987,0.002073,0.005826,Not run,0.196485,0.023274,Not run
dane,224,Base_OpenMP,default,0.004358,0.002708,0.011162,0.026995,0.021493,0.005914,0.004341,0.009164,0.012310,0.056894,0.058023,0.007861,0.010577,0.021345,17.722036,0.003259,0.016163,0.015714,0.003565,2.139295,0.008773,0.012062,0.043764,0.030587,0.043455,0.095651,0.022335,0.005658,0.011147,0.001738,0.022452,0.050004,0.077782,0.003415,0.007147,0.033694,0.180207,0.068013,0.006477,0.002797,0.033784,0.083323,0.108777,0.003517,0.023502,0.039002,0.083011,0.039335,0.021955,0.001960,0.005112,0.003602,0.064605,0.007078,0.000000,0.005483,0.004341,0.004339,0.000000,0.001664,0.009463,0.028720,0.017338,0.006460,0.003154,0.003528,Not run,Not run,0.002530,0.002452,0.002402,Not run,0.584760,0.654044,Not run
dane,112,Base_OpenMP,default,0.008567,0.002725,0.005221,0.032497,0.009472,0.004742,0.003707,0.004822,0.007585,0.025443,0.025103,0.007927,0.005362,0.009615,3.641684,0.001150,0.004175,0.004100,0.001570,1.924957,0.009709,0.006550,0.019795,0.008678,0.019370,0.069624,0.010654,0.007123,0.007959,0.001287,0.010813,0.089277,0.144904,0.003236,0.005108,0.015858,0.082556,0.117362,0.005882,0.001456,0.027316,0.037113,0.066460,0.003181,0.010793,0.017570,0.024485,0.017829,0.010303,0.001560,0.005434,0.003446,0.098636,0.007761,0.000000,0.003923,0.005258,0.005165,0.000000,0.001270,0.012670,0.047518,0.009771,0.007576,0.002301,0.001907,Not run,Not run,0.000757,0.001122,0.001201,Not run,0.724513,0.256114,Not run
dane,56,Base_OpenMP,default,0.008522,0.002698,0.003761,0.027826,0.006911,0.004328,0.004608,0.003484,0.012572,0.016744,0.016666,0.007016,0.010489,0.010867,1.485481,0.000834,0.001526,0.001656,0.001214,0.743464,0.009819,0.006255,0.014297,0.003411,0.014077,0.082296,0.008356,0.008581,0.007163,0.001365,0.008535,0.029671,0.046795,0.005300,0.002104,0.009432,0.056722,0.043021,0.005204,0.001136,0.020423,0.023922,0.036420,0.001368,0.007399,0.012497,0.015087,0.012834,0.007454,0.001490,0.005274,0.003474,0.106746,0.008068,0.000000,0.003399,0.005135,0.005082,0.000000,0.001148,0.012879,0.047494,0.010868,0.007296,0.002212,0.001635,Not run,Not run,0.000508,0.000769,0.000854,Not run,0.294009,0.165799,Not run
dane,32,Base_OpenMP,default,0.015745,0.003908,0.003097,0.046040,0.005278,0.006295,0.007078,0.003527,0.022322,0.012695,0.012810,0.007799,0.014594,0.006758,1.381501,0.000922,0.000942,0.000931,0.001564,0.611504,0.015875,0.008712,0.015593,0.002952,0.015773,0.038977,0.007994,0.012447,0.032266,0.001759,0.008231,0.053423,0.082816,0.010359,0.001910,0.009680,0.049275,0.074665,0.002888,0.000913,0.017412,0.020982,0.044282,0.001435,0.005929,0.009919,0.012003,0.010082,0.006228,0.001879,0.008632,0.005216,0.184502,0.016153,0.000000,0.004443,0.008403,0.008297,0.000000,0.001515,0.020665,0.076070,0.015010,0.011416,0.002872,0.001680,Not run,Not run,0.000351,0.000572,0.000615,Not run,0.249681,0.092877,Not run
dane,16,Base_OpenMP,default,0.043692,0.024535,0.003192,0.080573,0.005539,0.010482,0.012295,0.004912,0.021297,0.013491,0.013689,0.011024,0.015083,0.006008,1.111361,0.001094,0.000430,0.000670,0.002341,0.476727,0.069832,0.010197,0.012621,0.003710,0.014473,0.055785,0.011469,0.025706,0.095024,0.002735,0.015433,0.108760,0.168423,0.010750,0.002398,0.010339,0.063108,0.135984,0.001757,0.001096,0.017218,0.023100,0.047300,0.002056,0.008645,0.010742,0.011509,0.010855,0.008944,0.002767,0.014350,0.009655,0.323049,0.064186,0.000000,0.007478,0.015253,0.014996,0.000000,0.002346,0.057482,0.128935,0.046462,0.020767,0.004871,0.002447,Not run,Not run,0.000324,0.000613,0.000680,Not run,0.215993,0.039983,Not run
dane,8,Base_OpenMP,default,0.086538,0.072621,0.008145,0.160831,0.009131,0.021259,0.025369,0.009846,0.051545,0.022524,0.022441,0.019439,0.036221,0.009695,0.976178,0.001914,0.000453,0.001116,0.004368,0.399195,0.217047,0.032181,0.037241,0.006839,0.039112,0.082829,0.040657,0.121321,0.227508,0.006184,0.062423,0.176692,0.278404,0.019612,0.004585,0.028338,0.144478,0.239282,0.002434,0.002368,0.030477,0.056614,0.090326,0.003997,0.040626,0.030721,0.028285,0.031525,0.040226,0.006278,0.031195,0.029856,0.645555,0.220230,0.000000,0.014339,0.028694,0.028411,0.000000,0.004624,0.133288,0.257839,0.088614,0.040747,0.009843,0.004498,Not run,Not run,0.000524,0.000951,0.001777,Not run,0.204858,0.026933,Not run
dane,4,Base_OpenMP,default,0.102719,0.095651,0.028656,0.322548,0.017179,0.053089,0.051604,0.020628,0.169151,0.050440,0.050331,0.038146,0.118441,0.020184,0.903677,0.003456,0.000624,0.002880,0.008422,0.387178,0.327289,0.076412,0.114421,0.013360,0.114941,0.192160,0.087105,0.185146,0.315225,0.016310,0.141408,0.334914,0.506962,0.039311,0.010931,0.066041,0.427955,0.393445,0.004524,0.006573,0.061274,0.185627,0.239347,0.010449,0.086310,0.102570,0.109756,0.102999,0.087422,0.014935,0.067785,0.058125,1.291727,0.319614,0.000000,0.028770,0.057259,0.056707,0.000000,0.009389,0.204558,0.515183,0.181077,0.082647,0.019235,0.010345,Not run,Not run,0.000931,0.002083,0.005695,Not run,0.201283,0.022465,Not run
dane,224,Base_OpenMP,default,0.004301,0.002565,0.010372,0.025720,0.019625,0.005644,0.004239,0.008674,0.011507,0.052893,0.052546,0.007829,0.008181,0.019476,16.242950,0.003464,0.016830,0.015647,0.003349,2.397726,0.008500,0.011246,0.040307,0.031661,0.040376,0.090658,0.020998,0.005565,0.010379,0.001689,0.020564,0.049904,0.077298,0.003405,0.006770,0.031944,0.169518,0.067945,0.006341,0.002633,0.034056,0.078088,0.102882,0.003449,0.021860,0.036165,0.083407,0.036276,0.020299,0.001920,0.004962,0.003549,0.064576,0.006848,0.000000,0.005196,0.004284,0.004244,0.000000,0.001574,0.009467,0.028597,0.016314,0.006209,0.003046,0.003439,Not run,Not run,0.002405,0.002245,0.002269,Not run,0.611811,0.606135,Not run
dane,112,Base_OpenMP,default,0.008034,0.002733,0.005233,0.032624,0.009063,0.004748,0.003691,0.004797,0.007467,0.024931,0.024532,0.007907,0.005391,0.009366,3.642334,0.001155,0.005228,0.005302,0.001517,2.333478,0.009947,0.006474,0.019420,0.010857,0.019290,0.069529,0.010404,0.006839,0.008220,0.001295,0.010535,0.087129,0.143057,0.003312,0.005115,0.015992,0.081583,0.115683,0.005868,0.001414,0.027027,0.036011,0.065465,0.003109,0.010633,0.017160,0.025192,0.017766,0.010033,0.001586,0.005492,0.003576,0.098313,0.007799,0.000000,0.003921,0.005094,0.005099,0.000000,0.001339,0.012777,0.047799,0.009635,0.007700,0.002228,0.001897,Not run,Not run,0.000799,0.001092,0.001186,Not run,0.725259,0.254975,Not run
dane,56,Base_OpenMP,default,0.008089,0.002819,0.003790,0.027953,0.007226,0.004343,0.004481,0.003513,0.013534,0.017148,0.016777,0.006854,0.010660,0.010778,1.669451,0.001045,0.002151,0.002256,0.001437,0.658765,0.010611,0.008539,0.023304,0.004591,0.023365,0.079214,0.008274,0.008378,0.007280,0.002855,0.008541,0.030210,0.047486,0.005255,0.002159,0.009525,0.057309,0.040961,0.005189,0.001120,0.020182,0.024009,0.036766,0.001355,0.007427,0.012330,0.015081,0.012898,0.007563,0.001555,0.005303,0.003496,0.106882,0.008140,0.000000,0.003327,0.005125,0.004930,0.000000,0.001150,0.012282,0.047628,0.010729,0.007357,0.002256,0.001618,Not run,Not run,0.000470,0.000752,0.000841,Not run,0.268642,0.169041,Not run
dane,32,Base_OpenMP,default,0.015588,0.003747,0.003064,0.043487,0.005178,0.006007,0.006686,0.003380,0.020420,0.012836,0.012426,0.007819,0.015332,0.004875,1.316160,0.000822,0.000906,0.000876,0.001455,0.596621,0.016260,0.007267,0.011244,0.002624,0.011813,0.059758,0.008105,0.012261,0.029170,0.001747,0.008001,0.052085,0.080204,0.010238,0.001862,0.009453,0.047196,0.071667,0.002875,0.000852,0.017250,0.019712,0.039289,0.001422,0.005995,0.009536,0.011697,0.009875,0.005957,0.001837,0.008503,0.004931,0.175683,0.015513,0.000000,0.004283,0.008450,0.008075,0.000000,0.001450,0.020146,0.075099,0.014821,0.010906,0.002720,0.001657,Not run,Not run,0.000354,0.000568,0.000601,Not run,0.246863,0.091151,Not run
dane,16,Base_OpenMP,default,0.043601,0.024257,0.003201,0.080507,0.005528,0.010507,0.012194,0.004846,0.024041,0.013394,0.013341,0.010955,0.015686,0.006227,1.148394,0.001102,0.000455,0.000666,0.002326,0.510251,0.071311,0.010046,0.012158,0.003709,0.013486,0.058114,0.011245,0.026764,0.097211,0.007428,0.014612,0.106538,0.165489,0.010814,0.002372,0.010692,0.056079,0.135616,0.001728,0.001085,0.017085,0.023280,0.046755,0.002030,0.008969,0.010816,0.011429,0.010853,0.009193,0.002738,0.014339,0.009692,0.322998,0.064577,0.000000,0.007194,0.014950,0.014824,0.000000,0.002325,0.057426,0.128883,0.057972,0.020827,0.004574,0.002451,Not run,Not run,0.000356,0.000594,0.000689,Not run,0.206434,0.039801,Not run
dane,8,Base_OpenMP,default,0.086567,0.072717,0.005820,0.160346,0.009171,0.020961,0.025157,0.009473,0.047313,0.022474,0.022373,0.019406,0.032533,0.009529,0.968450,0.001886,0.000459,0.000977,0.004367,0.394590,0.215316,0.031907,0.024633,0.006812,0.028736,0.095844,0.040356,0.121711,0.226933,0.005847,0.061207,0.177863,0.280405,0.019600,0.004236,0.028108,0.110683,0.245968,0.002389,0.001950,0.030475,0.055291,0.094153,0.003755,0.040863,0.024179,0.021169,0.024370,0.040552,0.006549,0.031122,0.029645,0.645494,0.222403,0.000000,0.014122,0.028840,0.028584,0.000000,0.004612,0.133166,0.257772,0.088259,0.040701,0.009830,0.004463,Not run,Not run,0.000521,0.000952,0.001383,Not run,0.202382,0.025454,Not run
dane,4,Base_OpenMP,default,0.101786,0.095192,0.028462,0.322455,0.017187,0.056429,0.051624,0.020427,0.169994,0.049627,0.049599,0.038217,0.126025,0.020056,1.012377,0.003504,0.000626,0.002898,0.008415,0.354179,0.329815,0.080424,0.115090,0.013371,0.115056,0.206231,0.086504,0.184196,0.315093,0.016660,0.150139,0.331718,0.503541,0.039304,0.010989,0.066919,0.430944,0.393951,0.004504,0.006617,0.060873,0.183837,0.235612,0.010454,0.088127,0.101964,0.110675,0.103049,0.087829,0.014505,0.067716,0.057822,1.291062,0.318084,0.000000,0.028248,0.057197,0.056743,0.000000,0.009332,0.202140,0.515351,0.181414,0.082915,0.019617,0.010286,Not run,Not run,0.000931,0.002029,0.005677,Not run,0.199462,0.021955,Not run
mammoth,256,Base_OpenMP,default,0.009443,0.005252,0.028706,0.033181,0.045349,0.013037,0.008162,0.019272,0.031161,0.126630,0.125662,0.024108,0.021687,0.050822,1.559259,0.003277,0.006295,0.007456,0.003967,0.863191,0.016513,0.034470,0.108814,0.012940,0.111058,0.153355,0.059473,0.015286,0.028203,0.004855,0.060571,0.029381,0.045761,0.007373,0.013008,0.073265,0.490516,0.042925,0.010563,0.008152,0.062541,0.167422,0.238911,0.006833,0.058584,0.099046,0.122981,0.099722,0.058598,0.005226,0.011791,0.008885,0.091566,0.017578,0.000000,0.013244,0.009268,0.008997,0.000000,0.005107,0.022609,0.015463,0.044866,0.016664,0.008200,0.008086,Not run,Not run,0.003510,0.005478,0.006693,Not run,0.168324,1.324990,Not run
mammoth,128,Base_OpenMP,default,0.009495,0.005178,0.017443,0.026610,0.024745,0.009786,0.006917,0.013487,0.021339,0.077714,0.072420,0.016498,0.013988,0.031440,1.381696,0.002273,0.003497,0.004052,0.003351,0.638394,0.016025,0.020025,0.063969,0.007293,0.063598,0.143971,0.033298,0.015108,0.021613,0.004325,0.037010,0.042679,0.066546,0.006782,0.008658,0.047217,0.292587,0.066083,0.008211,0.005541,0.065617,0.102877,0.157580,0.004817,0.034770,0.057948,0.069414,0.057688,0.032075,0.005156,0.011394,0.009941,0.143101,0.018180,0.000000,0.011612,0.010039,0.009980,0.000000,0.004861,0.023564,0.021760,0.029626,0.017849,0.006973,0.005511,Not run,Not run,0.002108,0.003226,0.004632,Not run,0.205908,0.691848,Not run
mammoth,64,Base_OpenMP,default,0.007203,0.003561,0.008596,0.027764,0.011791,0.006181,0.006123,0.009152,0.010840,0.039385,0.033914,0.012691,0.008009,0.017230,1.168517,0.001330,0.001751,0.002415,0.002861,0.597661,0.010950,0.010709,0.029200,0.003892,0.029338,0.168100,0.016749,0.011097,0.015008,0.002819,0.018108,0.031062,0.048605,0.006447,0.004473,0.021046,0.129395,0.039317,0.006899,0.002725,0.036973,0.042821,0.066052,0.002792,0.015796,0.024249,0.030807,0.024734,0.016226,0.003442,0.007610,0.006706,0.144979,0.014404,0.000000,0.007112,0.008413,0.008642,0.000000,0.003533,0.017286,0.035818,0.016491,0.012383,0.004043,0.003667,Not run,Not run,0.001260,0.001744,0.002698,Not run,0.223384,0.334868,Not run
mammoth,32,Base_OpenMP,default,0.012553,0.005179,0.006030,0.045643,0.006940,0.007751,0.008760,0.010944,0.012629,0.035441,0.023543,0.014591,0.010058,0.019796,1.232770,0.001529,0.001067,0.002072,0.004303,0.542027,0.016128,0.013453,0.020388,0.002988,0.021328,0.111136,0.016709,0.017929,0.017869,0.003417,0.021347,0.054264,0.081732,0.009183,0.003470,0.016911,0.078385,0.061120,0.004350,0.002331,0.032585,0.035600,0.058179,0.002720,0.015722,0.017399,0.022733,0.025307,0.016564,0.004319,0.012091,0.010002,0.286349,0.022753,0.000000,0.008648,0.015157,0.015164,0.000000,0.003474,0.030650,0.068874,0.020318,0.019688,0.004964,0.003398,Not run,Not run,0.000839,0.001119,0.001785,Not run,0.206789,0.140236,Not run
mammoth,16,Base_OpenMP,default,0.042678,0.011940,0.008782,0.087225,0.007688,0.013251,0.016595,0.019762,0.015261,0.056491,0.032405,0.020686,0.013288,0.029981,1.135048,0.002865,0.000847,0.003433,0.006966,0.439271,0.027914,0.016269,0.025782,0.003250,0.031757,0.104797,0.019058,0.028693,0.022184,0.004844,0.022292,0.098280,0.148347,0.015216,0.004768,0.018354,0.092352,0.111117,0.004993,0.003155,0.029403,0.044346,0.072232,0.004302,0.017834,0.023978,0.033000,0.028476,0.017796,0.005813,0.022036,0.016776,0.551675,0.037526,0.000000,0.014086,0.029324,0.029565,0.000000,0.005033,0.057972,0.138101,0.025095,0.033821,0.007558,0.004800,Not run,Not run,0.000879,0.001114,0.002654,Not run,0.193703,0.080903,Not run
mammoth,8,Base_OpenMP,default,0.076309,0.055342,0.010221,0.172196,0.011351,0.025176,0.032017,0.037989,0.021647,0.104086,0.056746,0.031713,0.015206,0.052338,1.140624,0.004936,0.001398,0.006348,0.014141,0.354284,0.132904,0.021437,0.034947,0.004706,0.035611,0.183666,0.024798,0.063756,0.180160,0.008054,0.030977,0.194094,0.294764,0.028063,0.007630,0.022623,0.136083,0.220236,0.006732,0.004565,0.044781,0.060786,0.111964,0.006576,0.023368,0.030177,0.036681,0.030334,0.023418,0.008666,0.042607,0.034433,1.114631,0.172481,0.000000,0.025967,0.057798,0.057415,0.000000,0.008410,0.121628,0.274525,0.034820,0.065887,0.013540,0.008515,Not run,Not run,0.001275,0.002132,0.003668,Not run,0.222915,0.058800,Not run
mammoth,4,Base_OpenMP,default,0.143858,0.100083,0.016004,0.342600,0.020579,0.065771,0.062443,0.073058,0.183065,0.199653,0.104138,0.057500,0.130783,0.096923,1.114167,0.009929,0.001119,0.003613,0.026662,0.232063,0.346086,0.057692,0.063084,0.008520,0.063577,0.613885,0.054655,0.200122,0.467953,0.018463,0.117483,0.386878,0.588012,0.053969,0.013107,0.043029,0.249417,0.442492,0.007905,0.006984,0.075064,0.112193,0.199747,0.011990,0.052354,0.054405,0.065563,0.053352,0.051383,0.019628,0.086899,0.080307,2.228457,0.505480,0.000000,0.050162,0.113983,0.114321,0.000000,0.015917,0.237047,0.549299,0.204529,0.130264,0.025223,0.015388,Not run,Not run,0.001883,0.003075,0.004037,Not run,0.166205,0.044125,Not run
mammoth,256,Base_OpenMP,default,0.009761,0.005104,0.029480,0.034116,0.047166,0.013161,0.008227,0.020257,0.031286,0.134043,0.134858,0.024201,0.023042,0.052887,1.569777,0.003373,0.006367,0.007497,0.004047,0.867438,0.016771,0.032762,0.113158,0.013288,0.119374,0.147535,0.060128,0.014532,0.028214,0.004748,0.060104,0.028802,0.046157,0.007578,0.013220,0.085322,0.492547,0.042746,0.010422,0.008306,0.062903,0.172812,0.245080,0.007148,0.058282,0.101386,0.127307,0.104929,0.059233,0.005385,0.011540,0.008989,0.093349,0.017406,0.000000,0.013906,0.009499,0.009304,0.000000,0.004966,0.022725,0.015491,0.045190,0.017632,0.008552,0.007833,Not run,Not run,0.003674,0.005680,0.006861,Not run,0.168149,1.262282,Not run
mammoth,128,Base_OpenMP,default,0.009767,0.004844,0.017540,0.026091,0.026358,0.009922,0.006998,0.013908,0.020710,0.080761,0.077846,0.015916,0.014282,0.033004,1.382809,0.002310,0.003483,0.004267,0.003500,0.632308,0.015667,0.021738,0.067384,0.007637,0.067946,0.133547,0.036555,0.015058,0.021863,0.004055,0.036574,0.043277,0.066072,0.006497,0.008651,0.045356,0.292996,0.066884,0.008203,0.005339,0.065428,0.103877,0.161977,0.005022,0.034489,0.058601,0.073437,0.059633,0.032336,0.005255,0.010903,0.009808,0.141593,0.018020,0.000000,0.011596,0.010104,0.009546,0.000000,0.004890,0.023235,0.021598,0.032435,0.018038,0.006611,0.005473,Not run,Not run,0.002306,0.003397,0.003994,Not run,0.204996,0.730703,Not run
mammoth,64,Base_OpenMP,default,0.007274,0.003554,0.008645,0.027677,0.011566,0.006163,0.006228,0.009014,0.011141,0.038937,0.033393,0.013885,0.008264,0.017003,1.167292,0.001310,0.001694,0.002479,0.002617,0.598584,0.011104,0.011743,0.028795,0.003864,0.029490,0.170738,0.015606,0.011188,0.015345,0.002847,0.018211,0.031276,0.047125,0.006750,0.004560,0.018922,0.129299,0.039837,0.006897,0.002723,0.037544,0.043722,0.066319,0.002654,0.016032,0.025746,0.033176,0.026208,0.014903,0.003189,0.007585,0.006332,0.145357,0.014882,0.000000,0.007025,0.008437,0.008495,0.000000,0.003435,0.017480,0.035971,0.018091,0.012775,0.003905,0.003599,Not run,Not run,0.001250,0.001742,0.002666,Not run,0.223410,0.329198,Not run
mammoth,32,Base_OpenMP,default,0.012552,0.005383,0.006506,0.045680,0.006644,0.007840,0.008803,0.010869,0.012630,0.035523,0.023778,0.015205,0.010367,0.019444,1.233764,0.001531,0.001089,0.002013,0.004074,0.514515,0.015765,0.013017,0.020764,0.003002,0.023482,0.110693,0.016662,0.018108,0.019240,0.003112,0.021003,0.054428,0.085547,0.009326,0.003545,0.016278,0.081035,0.061114,0.004460,0.002384,0.033585,0.034760,0.059079,0.003016,0.015912,0.020202,0.023210,0.023388,0.016701,0.004325,0.012059,0.009896,0.285976,0.023313,0.000000,0.008687,0.015133,0.015131,0.000000,0.003382,0.030789,0.068670,0.024897,0.020190,0.004944,0.003532,Not run,Not run,0.000853,0.001116,0.001635,Not run,0.205873,0.138911,Not run
mammoth,16,Base_OpenMP,default,0.042514,0.012287,0.009141,0.086461,0.007416,0.013100,0.016507,0.019198,0.014017,0.055379,0.032049,0.020639,0.011933,0.029858,1.092152,0.002800,0.000887,0.003309,0.006923,0.430397,0.027041,0.016070,0.030375,0.003132,0.032980,0.107673,0.019475,0.029031,0.023206,0.004772,0.022948,0.100303,0.153076,0.014999,0.004669,0.018305,0.090965,0.119098,0.005243,0.003069,0.029189,0.042159,0.072104,0.004326,0.018067,0.024235,0.029645,0.028821,0.019212,0.005954,0.021811,0.016423,0.550420,0.037611,0.000000,0.013798,0.028879,0.028939,0.000000,0.005051,0.056692,0.136605,0.024943,0.033472,0.007233,0.004789,Not run,Not run,0.000886,0.001136,0.002649,Not run,0.187157,0.079903,Not run
mammoth,8,Base_OpenMP,default,0.076269,0.055302,0.010154,0.169714,0.010987,0.025022,0.031781,0.037560,0.022436,0.102680,0.055769,0.032687,0.016336,0.052099,1.054197,0.005407,0.001577,0.006331,0.013600,0.338117,0.129968,0.021564,0.035050,0.004614,0.035543,0.183678,0.024868,0.063791,0.179662,0.008147,0.030631,0.200064,0.297224,0.027673,0.007375,0.022915,0.133860,0.234705,0.006804,0.004278,0.044486,0.060462,0.111004,0.006828,0.023616,0.030333,0.036307,0.030569,0.023548,0.008707,0.042204,0.033797,1.099923,0.174135,0.000000,0.025436,0.056709,0.056672,0.000000,0.008235,0.120890,0.271586,0.035828,0.064648,0.012906,0.008372,Not run,Not run,0.001238,0.002032,0.003327,Not run,0.206231,0.054895,Not run
mammoth,4,Base_OpenMP,default,0.143694,0.100403,0.016884,0.338653,0.020051,0.064668,0.062198,0.072500,0.184806,0.197030,0.103482,0.059856,0.132399,0.096458,1.078223,0.010255,0.001080,0.003656,0.026859,0.230506,0.345429,0.067797,0.064145,0.008391,0.064549,0.583381,0.053400,0.198306,0.467811,0.019053,0.124698,0.398435,0.615537,0.053601,0.013402,0.045361,0.249830,0.472938,0.007994,0.006677,0.075390,0.109578,0.201313,0.011953,0.057730,0.055980,0.066590,0.056073,0.055692,0.020607,0.085402,0.079463,2.195234,0.502928,0.000000,0.049698,0.113343,0.113333,0.000000,0.015303,0.234979,0.542408,0.208613,0.128744,0.025337,0.015417,Not run,Not run,0.001933,0.002940,0.004243,Not run,0.158203,0.045443,Not run
mammoth,256,Base_OpenMP,default,0.010787,0.005199,0.029151,0.039531,0.047601,0.013256,0.008293,0.020305,0.034986,0.136886,0.135581,0.024462,0.023647,0.052498,1.545775,0.003358,0.006389,0.007261,0.004058,0.880781,0.016869,0.032852,0.114912,0.013518,0.114922,0.151847,0.060388,0.014823,0.028231,0.004847,0.060317,0.029481,0.046986,0.007504,0.013251,0.079459,0.493549,0.042746,0.010557,0.008217,0.062238,0.176477,0.253549,0.007197,0.058894,0.104966,0.136531,0.100061,0.060611,0.005347,0.011801,0.009184,0.090368,0.017084,0.000000,0.013588,0.009253,0.009324,0.000000,0.004989,0.022761,0.015612,0.045386,0.017299,0.008245,0.007945,Not run,Not run,0.003540,0.005650,0.006440,Not run,0.168336,1.250531,Not run
mammoth,128,Base_OpenMP,default,0.009547,0.004920,0.017208,0.026859,0.025066,0.010054,0.007014,0.013860,0.020707,0.079300,0.078596,0.016196,0.014343,0.033076,1.394308,0.002324,0.003539,0.004148,0.004229,0.637887,0.015980,0.021425,0.064070,0.007328,0.063984,0.153013,0.036460,0.015279,0.021739,0.004304,0.037481,0.043574,0.067912,0.006628,0.008603,0.049227,0.301425,0.065851,0.008339,0.005212,0.068505,0.103003,0.163681,0.004921,0.034852,0.056590,0.070328,0.059589,0.033937,0.005234,0.011255,0.009950,0.142844,0.017936,0.000000,0.011693,0.010509,0.009741,0.000000,0.005021,0.023126,0.022429,0.030548,0.017551,0.007004,0.005638,Not run,Not run,0.002173,0.003334,0.004117,Not run,0.206913,0.672774,Not run
mammoth,64,Base_OpenMP,default,0.007022,0.003882,0.008575,0.027941,0.011568,0.006209,0.006402,0.009124,0.010759,0.038566,0.033298,0.011931,0.008066,0.016972,1.164123,0.001296,0.001635,0.002473,0.002434,0.608896,0.011188,0.011118,0.027295,0.003895,0.029182,0.176795,0.015603,0.011336,0.015142,0.002894,0.018157,0.031110,0.049609,0.006621,0.004361,0.020787,0.131765,0.039874,0.006466,0.002976,0.036852,0.043051,0.067035,0.002646,0.015944,0.025588,0.033101,0.026237,0.016427,0.003270,0.007535,0.006809,0.144815,0.014893,0.000000,0.006578,0.008502,0.008485,0.000000,0.003344,0.017222,0.036113,0.017873,0.012657,0.004027,0.003532,Not run,Not run,0.001227,0.001734,0.002143,Not run,0.220274,0.356080,Not run
mammoth,32,Base_OpenMP,default,0.012460,0.005196,0.006262,0.045585,0.006683,0.007665,0.008909,0.010825,0.012349,0.035576,0.023735,0.014714,0.010220,0.019303,1.229232,0.001539,0.001076,0.002064,0.003643,0.517088,0.015988,0.013296,0.021050,0.003016,0.021128,0.108078,0.016341,0.018159,0.018588,0.003384,0.020614,0.056300,0.083503,0.009160,0.003595,0.016745,0.079171,0.065987,0.004251,0.002476,0.033553,0.034200,0.058750,0.002777,0.015639,0.017702,0.022448,0.021248,0.016265,0.004357,0.012116,0.009956,0.286099,0.022763,0.000000,0.008698,0.015091,0.015109,0.000000,0.003573,0.030649,0.068648,0.024977,0.019993,0.004831,0.003266,Not run,Not run,0.000854,0.001132,0.001585,Not run,0.215585,0.147784,Not run
mammoth,16,Base_OpenMP,default,0.042839,0.011867,0.008347,0.086581,0.007099,0.013080,0.016589,0.019597,0.014175,0.055824,0.032258,0.020437,0.011833,0.030519,1.090535,0.003025,0.000905,0.003349,0.007119,0.427853,0.026928,0.016488,0.026952,0.003129,0.030695,0.105925,0.019463,0.028688,0.022609,0.004816,0.021923,0.097941,0.146652,0.014920,0.004664,0.018195,0.089178,0.120216,0.005153,0.003124,0.028622,0.041863,0.072406,0.004256,0.017905,0.029179,0.026903,0.023047,0.017367,0.005393,0.021764,0.016540,0.550379,0.037052,0.000000,0.013971,0.028888,0.028892,0.000000,0.004886,0.056918,0.136602,0.025054,0.033445,0.007817,0.004771,Not run,Not run,0.000880,0.001055,0.002590,Not run,0.187076,0.083312,Not run
mammoth,8,Base_OpenMP,default,0.076195,0.055538,0.010439,0.170143,0.011304,0.025010,0.032126,0.037269,0.021712,0.103035,0.055879,0.031445,0.015523,0.052226,1.060463,0.004928,0.001551,0.006358,0.013585,0.350759,0.130640,0.021376,0.034839,0.004678,0.035448,0.182274,0.025054,0.064242,0.180620,0.008109,0.030850,0.192821,0.299173,0.027748,0.007480,0.022897,0.134491,0.219841,0.006697,0.004463,0.044734,0.060939,0.111357,0.006683,0.023343,0.030236,0.035806,0.029861,0.023493,0.008436,0.042229,0.033493,1.104404,0.173795,0.000000,0.025207,0.057449,0.056922,0.000000,0.008219,0.121178,0.272263,0.033482,0.064059,0.012803,0.008391,Not run,Not run,0.001239,0.002113,0.003349,Not run,0.198945,0.057877,Not run
mammoth,4,Base_OpenMP,default,0.143661,0.100231,0.015855,0.338834,0.020597,0.068374,0.062204,0.073146,0.196702,0.198189,0.103917,0.057911,0.131158,0.097343,1.029951,0.009719,0.001087,0.003491,0.026605,0.233917,0.345597,0.058851,0.061797,0.008412,0.060902,0.592006,0.049731,0.198899,0.467981,0.019734,0.144024,0.384384,0.583311,0.053569,0.013075,0.043879,0.241752,0.473707,0.008177,0.006940,0.075266,0.111584,0.199428,0.012012,0.055490,0.053199,0.064156,0.053559,0.053719,0.020320,0.085760,0.079588,2.200483,0.503109,0.000000,0.049919,0.113609,0.113801,0.000000,0.015631,0.235359,0.543692,0.217566,0.129109,0.024899,0.015481,Not run,Not run,0.001840,0.002933,0.004446,Not run,0.163773,0.049426,Not run
matrix-cpu,224,Base_OpenMP,default,0.014601,0.012877,0.108286,0.128840,0.213087,0.044048,0.035507,0.080329,0.117983,0.554371,0.558823,0.009155,0.082067,0.225135,1.871599,0.011919,0.012564,0.011703,0.012105,0.871840,0.051779,0.099491,0.439636,0.035665,0.440424,0.254956,0.217890,0.025092,0.086214,0.012632,0.222705,0.019610,0.029501,0.010522,0.045867,0.293141,1.780138,0.022412,0.019498,0.027580,0.199170,0.719152,0.912624,0.023000,0.216597,0.401581,0.438558,0.402585,0.217675,0.012073,0.021672,0.012900,0.065605,0.034028,0.000000,0.039043,0.014203,0.014917,0.000000,0.011733,0.027075,0.053092,0.160270,0.026513,0.023423,0.034670,Not run,Not run,0.011605,0.024098,0.023463,Not run,0.353699,6.255505,Not run
matrix-cpu,112,Base_OpenMP,default,0.004047,0.002082,0.006018,0.019967,0.012728,0.004095,0.003378,0.004704,0.010279,0.029193,0.028483,0.005826,0.007321,0.011319,2.101886,0.001091,0.005809,0.005708,0.001408,0.956367,0.006814,0.007235,0.022860,0.012272,0.022896,0.074606,0.012509,0.006348,0.006618,0.002035,0.012611,0.018317,0.027574,0.003792,0.003114,0.016084,0.096948,0.021534,0.004788,0.001706,0.023387,0.038967,0.055304,0.001649,0.011803,0.020483,0.025882,0.021109,0.012153,0.001461,0.003983,0.002723,0.061592,0.007562,0.000000,0.003646,0.003640,0.003420,0.000000,0.001087,0.008163,0.033326,0.010510,0.005293,0.002249,0.002057,Not run,Not run,0.000877,0.001238,0.001271,Not run,0.343097,0.352675,Not run
matrix-cpu,56,Base_OpenMP,default,0.008240,0.002617,0.003719,0.026590,0.006784,0.004271,0.004342,0.003351,0.012060,0.016712,0.016407,0.006777,0.009886,0.009891,1.556959,0.001054,0.001703,0.001750,0.001359,0.694275,0.010258,0.006133,0.013811,0.003299,0.013944,0.081616,0.008263,0.008341,0.007029,0.001355,0.008466,0.029172,0.045790,0.005086,0.002110,0.009129,0.057455,0.041865,0.004431,0.001090,0.020640,0.023638,0.035662,0.001304,0.007424,0.012246,0.015050,0.012711,0.007385,0.001390,0.005096,0.003208,0.100818,0.007736,0.000000,0.003155,0.004769,0.004743,0.000000,0.001083,0.012249,0.045059,0.010357,0.006934,0.002229,0.001568,Not run,Not run,0.000481,0.000723,0.000817,Not run,0.265040,0.169957,Not run
matrix-cpu,32,Base_OpenMP,default,0.014481,0.003874,0.003019,0.043542,0.005124,0.006006,0.006680,0.003360,0.020320,0.012615,0.012582,0.007799,0.014122,0.006828,1.346375,0.000870,0.001032,0.000960,0.001532,0.649470,0.016985,0.007235,0.011400,0.002641,0.011965,0.060058,0.007916,0.011828,0.027126,0.001676,0.008053,0.051326,0.080113,0.010247,0.001826,0.009373,0.047252,0.072721,0.002587,0.000876,0.017775,0.019686,0.039151,0.001363,0.006001,0.009664,0.011693,0.009849,0.005990,0.001894,0.008608,0.004935,0.175609,0.016303,0.000000,0.004339,0.008216,0.008128,0.000000,0.001436,0.019980,0.075304,0.014396,0.011888,0.002781,0.001581,Not run,Not run,0.000340,0.000571,0.000634,Not run,0.243249,0.091670,Not run
matrix-cpu,16,Base_OpenMP,default,0.038913,0.020493,0.003505,0.080527,0.005570,0.010492,0.012365,0.004916,0.021558,0.013493,0.013341,0.011125,0.015465,0.006267,1.100345,0.001101,0.000480,0.000678,0.002322,0.499780,0.058132,0.010387,0.012322,0.003719,0.013634,0.060045,0.011296,0.026030,0.070553,0.002693,0.016349,0.102341,0.159205,0.010752,0.002304,0.009583,0.056040,0.135360,0.001714,0.001100,0.017019,0.023177,0.047737,0.002022,0.008419,0.010970,0.011613,0.010921,0.008664,0.003077,0.014338,0.009639,0.322910,0.059959,0.000000,0.007186,0.015160,0.015030,0.000000,0.002360,0.053148,0.128769,0.048131,0.020523,0.004963,0.002447,Not run,Not run,0.000363,0.000622,0.000707,Not run,0.209453,0.042196,Not run
matrix-cpu,8,Base_OpenMP,default,0.078839,0.061150,0.008446,0.160576,0.009149,0.021158,0.024955,0.009563,0.050013,0.024726,0.024538,0.019494,0.036008,0.009226,0.977488,0.001879,0.000496,0.001122,0.004313,0.388555,0.178399,0.037139,0.034857,0.006805,0.036709,0.097024,0.043516,0.103724,0.192733,0.006002,0.071473,0.177281,0.279020,0.019619,0.004383,0.032873,0.124847,0.247648,0.002413,0.002350,0.031501,0.059277,0.090087,0.004104,0.042572,0.034721,0.034926,0.035436,0.042153,0.006410,0.031002,0.029636,0.644849,0.198497,0.000000,0.014115,0.028789,0.028353,0.000000,0.004596,0.122813,0.257295,0.089246,0.040649,0.009764,0.004581,Not run,Not run,0.000516,0.000950,0.001820,Not run,0.198102,0.026154,Not run
matrix-cpu,4,Base_OpenMP,default,0.093414,0.080427,0.029144,0.321978,0.017185,0.049594,0.051614,0.021055,0.154722,0.053915,0.053883,0.038254,0.108088,0.021829,0.922863,0.003507,0.000629,0.002958,0.008468,0.355159,0.275567,0.079354,0.115669,0.013366,0.127816,0.190770,0.090731,0.164430,0.279688,0.015663,0.137609,0.334298,0.506746,0.039292,0.011139,0.068833,0.449469,0.387097,0.004282,0.006844,0.061523,0.186798,0.240223,0.010442,0.093036,0.103710,0.114166,0.104321,0.090384,0.015154,0.067204,0.057981,1.289295,0.293935,0.000000,0.028242,0.057158,0.056641,0.000000,0.009323,0.203337,0.541468,0.174532,0.082791,0.019714,0.009968,Not run,Not run,0.001067,0.002206,0.005795,Not run,0.203411,0.024231,Not run
matrix-cpu,224,Base_OpenMP,default,0.014780,0.011428,0.115275,0.127021,0.225186,0.043486,0.035692,0.081267,0.103803,0.567221,0.571865,0.009075,0.083616,0.230734,2.029246,0.011913,0.012174,0.012082,0.012004,0.849852,0.050725,0.116123,0.453252,0.035722,0.457799,0.267405,0.231086,0.026912,0.093129,0.012349,0.231478,0.019838,0.029804,0.010193,0.046570,0.293582,1.780074,0.032088,0.019565,0.027786,0.203516,0.735999,0.915976,0.023302,0.233284,0.404503,0.453035,0.409941,0.231449,0.012380,0.025568,0.012368,0.065448,0.033862,0.000000,0.038420,0.015022,0.014974,0.000000,0.011912,0.027414,0.056435,0.162545,0.026722,0.023807,0.035372,Not run,Not run,0.011840,0.024011,0.023298,Not run,0.345390,6.380009,Not run
matrix-cpu,112,Base_OpenMP,default,0.004089,0.002109,0.005901,0.019811,0.012347,0.004049,0.003294,0.004534,0.010318,0.028116,0.028918,0.005750,0.007396,0.010961,1.883448,0.001162,0.005314,0.004996,0.001448,0.912344,0.006717,0.007117,0.023669,0.010832,0.023345,0.075514,0.012495,0.006354,0.006654,0.001257,0.012190,0.018975,0.036170,0.003766,0.003174,0.016138,0.094449,0.021878,0.004790,0.001777,0.022600,0.037450,0.053769,0.001651,0.011621,0.020721,0.027445,0.020364,0.011548,0.001424,0.003928,0.002748,0.061556,0.005907,0.000000,0.003582,0.003507,0.003619,0.000000,0.001091,0.008435,0.033223,0.010263,0.005349,0.002243,0.002046,Not run,Not run,0.000802,0.001242,0.001327,Not run,0.359922,0.364831,Not run
matrix-cpu,56,Base_OpenMP,default,0.008703,0.002651,0.003761,0.026773,0.006938,0.004124,0.004330,0.003361,0.012401,0.016948,0.017037,0.006925,0.008390,0.006386,1.602802,0.001006,0.001910,0.001976,0.001418,0.728641,0.009580,0.006026,0.015946,0.003543,0.014847,0.081331,0.008249,0.008020,0.006902,0.001325,0.008118,0.029489,0.045724,0.005090,0.002122,0.009428,0.056707,0.041844,0.004316,0.001066,0.020429,0.023683,0.035712,0.001261,0.007288,0.012737,0.015590,0.012651,0.007329,0.001428,0.005140,0.003244,0.100780,0.007778,0.000000,0.003256,0.004810,0.004782,0.000000,0.001073,0.011707,0.045233,0.010112,0.006962,0.002210,0.001575,Not run,Not run,0.000462,0.000757,0.000854,Not run,0.270699,0.180738,Not run
matrix-cpu,32,Base_OpenMP,default,0.013874,0.003990,0.003944,0.043502,0.005086,0.006335,0.006692,0.003353,0.020360,0.012425,0.012603,0.007792,0.013750,0.006832,1.298596,0.000891,0.000960,0.000872,0.001448,0.636040,0.016624,0.007220,0.011375,0.002623,0.012034,0.061551,0.008000,0.011834,0.029406,0.001632,0.007935,0.051513,0.104324,0.010251,0.001803,0.009633,0.047018,0.072875,0.002598,0.000854,0.017808,0.019642,0.038779,0.001717,0.005891,0.009744,0.011929,0.009666,0.005921,0.001737,0.008300,0.004931,0.175646,0.017455,0.000000,0.004341,0.008088,0.008016,0.000000,0.001409,0.020096,0.076755,0.014205,0.011503,0.002746,0.001571,Not run,Not run,0.000336,0.000565,0.000628,Not run,0.238998,0.097670,Not run
matrix-cpu,16,Base_OpenMP,default,0.039053,0.020441,0.003457,0.080460,0.005501,0.010456,0.012269,0.004883,0.021217,0.013458,0.013363,0.010892,0.014273,0.005513,1.134044,0.001077,0.000494,0.000684,0.002321,0.528595,0.058342,0.010054,0.012311,0.003794,0.013663,0.068978,0.011309,0.026101,0.107402,0.002677,0.016101,0.108319,0.167893,0.010749,0.002422,0.010327,0.057987,0.142256,0.001793,0.001196,0.017127,0.023013,0.046073,0.001991,0.008594,0.010935,0.011639,0.010857,0.008010,0.002847,0.014357,0.009667,0.322853,0.060071,0.000000,0.007343,0.015541,0.014768,0.000000,0.002359,0.053261,0.128816,0.062038,0.020555,0.004800,0.002443,Not run,Not run,0.000332,0.000613,0.000707,Not run,0.207127,0.061914,Not run
matrix-cpu,8,Base_OpenMP,default,0.080201,0.060792,0.007965,0.177091,0.009196,0.021355,0.024819,0.009699,0.048961,0.022611,0.033772,0.019443,0.035558,0.009611,0.960209,0.001866,0.000450,0.001047,0.004357,0.400263,0.176817,0.031399,0.031860,0.006845,0.034045,0.096886,0.039918,0.103418,0.192713,0.006229,0.063071,0.208227,0.281436,0.019623,0.004441,0.028066,0.153855,0.263416,0.002386,0.002195,0.031002,0.064704,0.090797,0.004018,0.041159,0.031032,0.027224,0.029403,0.040037,0.006290,0.031029,0.029476,0.678798,0.200337,0.000000,0.014061,0.028723,0.028459,0.000000,0.004561,0.124898,0.257368,0.086932,0.040626,0.009788,0.004504,Not run,Not run,0.000523,0.000962,0.001769,Not run,0.196391,0.028545,Not run
matrix-cpu,4,Base_OpenMP,default,0.093288,0.080138,0.028230,0.322049,0.017240,0.049598,0.051293,0.020777,0.153087,0.052558,0.052436,0.038134,0.107436,0.021191,0.959120,0.003498,0.000576,0.002861,0.008466,0.392133,0.274756,0.076185,0.112373,0.013357,0.127849,0.189506,0.088109,0.164617,0.282268,0.015455,0.140811,0.332600,0.518410,0.039269,0.011178,0.068267,0.440643,0.383557,0.004302,0.006496,0.062220,0.183915,0.268375,0.010483,0.088146,0.101603,0.110419,0.102070,0.087775,0.015589,0.067092,0.058016,1.318865,0.301592,0.000000,0.028012,0.057153,0.056660,0.000000,0.009343,0.196915,0.526896,0.171354,0.082591,0.019401,0.009837,Not run,Not run,0.001053,0.002158,0.005657,Not run,0.200387,0.024618,Not run
matrix-cpu,224,Base_OpenMP,default,0.014856,0.012800,0.114142,0.126026,0.220453,0.042880,0.036044,0.077496,0.120466,0.561567,0.563850,0.008940,0.075300,0.231914,2.094952,0.011735,0.012284,0.013144,0.012472,0.891773,0.050351,0.110293,0.449994,0.035585,0.460472,0.258395,0.231074,0.027972,0.093827,0.013152,0.226624,0.019413,0.030270,0.010330,0.046608,0.293213,1.796700,0.022991,0.019318,0.027359,0.200800,0.723313,0.913422,0.023194,0.229431,0.414155,0.456049,0.410395,0.224807,0.012203,0.025277,0.013229,0.064793,0.034285,0.000000,0.038853,0.014905,0.014898,0.000000,0.012040,0.027208,0.055679,0.162872,0.026956,0.024118,0.034662,Not run,Not run,0.011638,0.023958,0.023312,Not run,0.348917,6.362678,Not run
matrix-cpu,112,Base_OpenMP,default,0.004077,0.002139,0.005735,0.019688,0.011718,0.003970,0.003278,0.004438,0.010202,0.027156,0.028190,0.005992,0.007326,0.010517,2.143168,0.001155,0.005889,0.005905,0.001364,0.904146,0.006700,0.006907,0.022519,0.012504,0.022618,0.074714,0.012231,0.006310,0.006659,0.001223,0.011896,0.018661,0.027974,0.003642,0.003120,0.015670,0.091665,0.022025,0.004865,0.001611,0.022175,0.036114,0.051622,0.001603,0.011127,0.020056,0.025839,0.019680,0.011193,0.001432,0.003912,0.002740,0.061530,0.005898,0.000000,0.003581,0.003460,0.003448,0.000000,0.001064,0.008134,0.033965,0.010151,0.005940,0.002129,0.002020,Not run,Not run,0.000769,0.001197,0.001299,Not run,0.350293,0.357019,Not run
matrix-cpu,56,Base_OpenMP,default,0.008900,0.002617,0.003778,0.026622,0.006966,0.004355,0.004284,0.003351,0.012089,0.016972,0.017128,0.006791,0.009777,0.010122,1.624580,0.000819,0.001843,0.001853,0.001190,0.694386,0.009691,0.006071,0.014660,0.004112,0.014626,0.081848,0.008521,0.008132,0.007106,0.001302,0.008521,0.029269,0.045781,0.005157,0.002107,0.009536,0.056581,0.041933,0.004331,0.001079,0.020458,0.023584,0.036374,0.001266,0.007258,0.012703,0.015811,0.012657,0.007363,0.001450,0.005093,0.003423,0.100787,0.007743,0.000000,0.003111,0.004760,0.004757,0.000000,0.001092,0.012368,0.046782,0.010260,0.007389,0.002171,0.001583,Not run,Not run,0.000460,0.000756,0.000873,Not run,0.271746,0.184171,Not run
matrix-cpu,32,Base_OpenMP,default,0.013939,0.003909,0.002998,0.043516,0.005139,0.005940,0.006633,0.003339,0.019309,0.012993,0.012673,0.007845,0.014407,0.004805,1.394312,0.000826,0.000889,0.000862,0.001428,0.617135,0.015706,0.007116,0.011326,0.002677,0.012066,0.060133,0.007958,0.011873,0.030385,0.001718,0.007931,0.051710,0.080381,0.010206,0.001823,0.009564,0.046628,0.072809,0.002599,0.000864,0.017812,0.019492,0.038853,0.001387,0.005944,0.009635,0.012028,0.009741,0.005953,0.001825,0.008135,0.004981,0.175609,0.017608,0.000000,0.004334,0.008069,0.008000,0.000000,0.001389,0.019870,0.070376,0.014556,0.011445,0.002759,0.001622,Not run,Not run,0.000342,0.000598,0.000637,Not run,0.243038,0.093137,Not run
matrix-cpu,16,Base_OpenMP,default,0.039025,0.020339,0.003183,0.080493,0.005500,0.010487,0.012245,0.004789,0.020828,0.013425,0.013499,0.011055,0.014702,0.006250,1.142245,0.001083,0.000471,0.000688,0.002323,0.517856,0.058226,0.010698,0.012362,0.003690,0.013698,0.066197,0.011352,0.025948,0.105444,0.002648,0.016985,0.108655,0.167813,0.010788,0.002435,0.010639,0.056011,0.134810,0.001797,0.001107,0.016905,0.023037,0.046349,0.001972,0.008351,0.010872,0.011668,0.010848,0.008580,0.002938,0.014350,0.009677,0.322712,0.060001,0.000000,0.007231,0.014580,0.014453,0.000000,0.002351,0.053458,0.128819,0.058016,0.020717,0.004766,0.002458,Not run,Not run,0.000348,0.000597,0.000809,Not run,0.209428,0.042040,Not run
matrix-cpu,8,Base_OpenMP,default,0.078842,0.060802,0.009957,0.160598,0.009205,0.021367,0.024736,0.009221,0.052065,0.022652,0.022520,0.019769,0.036193,0.009256,0.964485,0.001878,0.000455,0.001072,0.004356,0.390660,0.177277,0.033606,0.035360,0.006838,0.038790,0.095485,0.040878,0.103361,0.192274,0.005997,0.064327,0.177367,0.279317,0.019646,0.004458,0.028133,0.126420,0.247108,0.002437,0.002195,0.031079,0.059777,0.094642,0.004058,0.040504,0.030731,0.027760,0.030541,0.039548,0.006478,0.031122,0.029473,0.644824,0.199080,0.000000,0.014121,0.028680,0.028473,0.000000,0.004561,0.122326,0.257324,0.089416,0.040660,0.009893,0.004583,Not run,Not run,0.000525,0.000963,0.001687,Not run,0.195697,0.029122,Not run
matrix-cpu,4,Base_OpenMP,default,0.093358,0.079957,0.028544,0.321911,0.017182,0.049392,0.051509,0.020855,0.155377,0.053579,0.053395,0.038223,0.107897,0.021633,0.918592,0.003507,0.000564,0.002853,0.008472,0.363322,0.274534,0.076988,0.112468,0.013377,0.113654,0.186018,0.087044,0.163811,0.278280,0.015278,0.140506,0.333297,0.505266,0.039262,0.011070,0.066479,0.427325,0.384987,0.004111,0.006583,0.061821,0.183333,0.237234,0.010392,0.087374,0.102143,0.110052,0.102710,0.087548,0.015237,0.066808,0.057869,1.289741,0.293631,0.000000,0.028060,0.057157,0.056645,0.000000,0.009353,0.196776,0.514577,0.172125,0.082734,0.019467,0.009844,Not run,Not run,0.001053,0.002195,0.005665,Not run,0.205032,0.024321,Not run
tioga-cpu,128,Base_OpenMP,default,0.018886,0.009155,0.003981,0.010680,0.006828,0.009130,0.002083,0.003777,0.019173,0.021958,0.020442,0.024579,0.014114,0.010135,6.432806,0.000789,0.000429,0.001519,0.002013,2.442805,0.022651,0.012531,0.012045,0.001129,0.013132,0.073592,0.010026,0.019519,0.038251,0.006484,0.043510,0.063232,0.099113,0.006020,0.002582,0.009865,0.051753,0.092481,0.007221,0.001845,0.024892,0.021450,0.048033,0.001947,0.009773,0.011065,0.019480,0.011443,0.010045,0.004594,0.009592,0.010311,0.264916,0.026369,0.000000,0.012184,0.014140,0.009194,0.000000,0.003603,0.027882,0.011956,0.028865,0.008700,0.003213,0.001959,Not run,Not run,0.000664,0.000758,0.001084,Not run,0.266018,0.061180,Not run
tioga-cpu,64,Base_OpenMP,default,0.020748,0.009773,0.006155,0.016372,0.007691,0.015175,0.004552,0.006471,0.023875,0.032675,0.031915,0.022597,0.018390,0.012377,3.471691,0.001300,0.000488,0.002217,0.003853,0.817623,0.022165,0.021541,0.021904,0.001508,0.021939,0.071586,0.027379,0.020452,0.037890,0.009190,0.034916,0.085168,0.132429,0.005411,0.003510,0.020156,0.076020,0.127916,0.007144,0.002532,0.034089,0.038150,0.058796,0.002989,0.026680,0.020435,0.027173,0.021091,0.026533,0.006031,0.014678,0.014610,0.369549,0.032500,0.000000,0.016988,0.020577,0.012507,0.000000,0.004857,0.031568,0.019670,0.041277,0.011218,0.004807,0.002555,Not run,Not run,0.000809,0.000859,0.001744,Not run,0.300525,0.052580,Not run
tioga-cpu,32,Base_OpenMP,default,0.018235,0.009923,0.006453,0.032786,0.008587,0.026339,0.006211,0.008326,0.023639,0.031004,0.030551,0.023358,0.018428,0.013102,1.450286,0.001291,0.000512,0.002372,0.004032,0.620014,0.022930,0.021509,0.022138,0.001395,0.022640,0.071644,0.027124,0.020301,0.037281,0.014054,0.034118,0.074901,0.113754,0.006373,0.003970,0.019768,0.072219,0.084987,0.007200,0.002568,0.027240,0.032713,0.053130,0.003713,0.025302,0.019998,0.036956,0.020297,0.025762,0.005860,0.017405,0.014906,0.375672,0.032256,0.000000,0.017024,0.018678,0.012986,0.000000,0.004578,0.031411,0.035472,0.040327,0.011488,0.004540,0.002903,Not run,Not run,0.001142,0.000818,0.001697,Not run,0.254275,0.042398,Not run
tioga-cpu,16,Base_OpenMP,default,0.047889,0.014305,0.018519,0.061582,0.011397,0.057737,0.016068,0.019534,0.031902,0.058393,0.058783,0.042709,0.026663,0.022774,1.632574,0.002394,0.000568,0.003554,0.007546,0.549961,0.034191,0.032520,0.046547,0.002055,0.046198,0.124378,0.040222,0.029892,0.048551,0.030781,0.045023,0.135036,0.202424,0.010466,0.007246,0.033785,0.117800,0.155685,0.005595,0.005119,0.041212,0.066146,0.095735,0.006580,0.036573,0.036231,0.070374,0.041539,0.027609,0.009881,0.033547,0.030218,0.718239,0.050908,0.000000,0.033884,0.030460,0.024667,0.000000,0.007682,0.055255,0.069290,0.060338,0.021235,0.007937,0.006066,Not run,Not run,0.001821,0.001300,0.004421,Not run,0.225135,0.035761,Not run
tioga-cpu,8,Base_OpenMP,default,0.114249,0.072946,0.022802,0.120189,0.021658,0.110968,0.034036,0.040945,0.036760,0.113265,0.113267,0.081041,0.030064,0.041506,1.622000,0.004656,0.000886,0.006333,0.014367,0.396530,0.148628,0.050497,0.058100,0.003337,0.057884,0.241329,0.048190,0.069885,0.177046,0.040764,0.052233,0.267161,0.398977,0.019337,0.013091,0.043295,0.174466,0.307388,0.004710,0.009324,0.068536,0.092405,0.164092,0.012486,0.044946,0.043957,0.130590,0.048560,0.036100,0.018761,0.066294,0.057926,1.437867,0.085880,0.000000,0.065448,0.060178,0.048496,0.000000,0.015203,0.177079,0.137904,0.102618,0.041041,0.013527,0.011666,Not run,Not run,0.003205,0.003980,0.007642,Not run,0.224075,0.036484,Not run
tioga-cpu,4,Base_OpenMP,default,0.147433,0.106637,0.024684,0.237992,0.041349,0.229774,0.069158,0.075843,0.105470,0.222911,0.223247,0.157492,0.077071,0.078385,1.516305,0.009182,0.001972,0.012360,0.028056,0.327041,0.318023,0.091213,0.077610,0.005910,0.083340,0.105943,0.066015,0.159824,0.360788,0.081451,0.092015,0.528335,0.794331,0.036906,0.024966,0.062107,0.288408,0.607733,0.006554,0.016139,0.123451,0.146864,0.318110,0.024622,0.058804,0.068205,0.251563,0.070330,0.056654,0.039321,0.132483,0.129947,2.853724,0.204892,0.000000,0.131118,0.120026,0.097107,0.000000,0.029775,0.247168,0.274365,0.196040,0.082194,0.022792,0.018369,Not run,Not run,0.006256,0.005676,0.005745,Not run,0.249908,0.029885,Not run
tioga-cpu,128,Base_OpenMP,default,0.018984,0.009928,0.003897,0.010380,0.006923,0.008918,0.002158,0.003859,0.026919,0.020940,0.021409,0.024974,0.014009,0.009792,6.418813,0.000845,0.000433,0.001587,0.002447,2.429284,0.022674,0.015496,0.011688,0.001143,0.013621,0.074105,0.010721,0.020057,0.037249,0.006644,0.020579,0.061940,0.097056,0.006062,0.002351,0.009992,0.050816,0.089679,0.007259,0.001858,0.024440,0.021538,0.043383,0.002003,0.009165,0.011410,0.019937,0.011564,0.010129,0.004816,0.009797,0.010451,0.254249,0.026900,0.000000,0.012779,0.013918,0.009364,0.000000,0.003595,0.028064,0.012431,0.028020,0.008996,0.003297,0.001905,Not run,Not run,0.000696,0.000693,0.001080,Not run,0.255914,0.068222,Not run
tioga-cpu,64,Base_OpenMP,default,0.020491,0.009815,0.006447,0.016364,0.008246,0.016247,0.004883,0.006497,0.023955,0.031776,0.031425,0.022811,0.018597,0.012295,3.459588,0.001306,0.000513,0.002331,0.004028,0.819497,0.023055,0.021580,0.022099,0.001502,0.023035,0.071851,0.027844,0.020515,0.038465,0.009619,0.035190,0.081827,0.131847,0.005562,0.003371,0.020518,0.077097,0.115189,0.007114,0.002613,0.033745,0.034917,0.058921,0.003038,0.026424,0.024123,0.031574,0.024522,0.027541,0.005867,0.014778,0.014391,0.379468,0.033030,0.000000,0.017337,0.019496,0.012716,0.000000,0.005070,0.031536,0.019717,0.041470,0.011301,0.004876,0.002540,Not run,Not run,0.000819,0.000810,0.001743,Not run,0.300066,0.053795,Not run
tioga-cpu,32,Base_OpenMP,default,0.017880,0.009956,0.007090,0.032560,0.007292,0.026491,0.006603,0.008396,0.023847,0.031177,0.030716,0.023291,0.018389,0.013369,1.448897,0.001289,0.000467,0.002364,0.004087,0.626815,0.022925,0.021661,0.024006,0.001417,0.024649,0.071686,0.027200,0.020246,0.037377,0.013924,0.034476,0.073888,0.113721,0.006418,0.004049,0.020265,0.077120,0.088304,0.007221,0.002643,0.025651,0.036809,0.054812,0.003715,0.025712,0.019722,0.037348,0.020368,0.026799,0.005778,0.017548,0.014750,0.379644,0.032625,0.000000,0.017025,0.018730,0.012900,0.000000,0.004428,0.034147,0.035546,0.040957,0.011563,0.004413,0.002911,Not run,Not run,0.001212,0.000780,0.001567,Not run,0.253472,0.043855,Not run
tioga-cpu,16,Base_OpenMP,default,0.045993,0.015230,0.018390,0.061555,0.011509,0.057509,0.016352,0.019553,0.032720,0.058301,0.057976,0.042485,0.026551,0.022881,1.631725,0.002401,0.000718,0.004022,0.007323,0.551584,0.033539,0.033028,0.046218,0.002026,0.046973,0.123966,0.039635,0.030566,0.049025,0.026887,0.043355,0.133305,0.202146,0.010488,0.007245,0.033763,0.117909,0.156225,0.005610,0.005286,0.040264,0.066274,0.096158,0.006588,0.036898,0.036732,0.069829,0.042806,0.027819,0.010118,0.033502,0.028210,0.714755,0.050283,0.000000,0.032833,0.030474,0.024682,0.000000,0.007710,0.055128,0.069240,0.060059,0.021173,0.007816,0.005987,Not run,Not run,0.001809,0.001298,0.004461,Not run,0.232295,0.033422,Not run
tioga-cpu,8,Base_OpenMP,default,0.117577,0.072685,0.023279,0.120096,0.021335,0.110867,0.034042,0.041158,0.038444,0.113115,0.113009,0.081088,0.032941,0.041565,1.646148,0.004651,0.000874,0.006329,0.014181,0.395367,0.149508,0.050337,0.058295,0.003390,0.058747,0.254979,0.046676,0.071127,0.178331,0.040734,0.055840,0.266713,0.398614,0.019334,0.013074,0.042091,0.170659,0.307259,0.004730,0.008915,0.067965,0.090917,0.158607,0.012506,0.045508,0.044777,0.130195,0.051823,0.037719,0.018657,0.066315,0.057605,1.428593,0.083978,0.000000,0.065258,0.059693,0.048485,0.000000,0.014860,0.182374,0.137871,0.102423,0.041366,0.013393,0.011659,Not run,Not run,0.003201,0.004148,0.007982,Not run,0.225783,0.035368,Not run
tioga-cpu,4,Base_OpenMP,default,0.148157,0.106317,0.024566,0.237980,0.041110,0.229660,0.069519,0.075375,0.113030,0.223339,0.223490,0.158762,0.082773,0.078531,1.526333,0.009189,0.001972,0.012355,0.027972,0.329257,0.317540,0.091172,0.082595,0.005799,0.086384,0.131702,0.074785,0.161042,0.363218,0.090152,0.104156,0.528026,0.793888,0.037135,0.025065,0.065748,0.323753,0.608102,0.006523,0.016331,0.123004,0.153264,0.310561,0.024589,0.066555,0.072640,0.252628,0.074566,0.064951,0.039741,0.132717,0.129040,2.856854,0.203924,0.000000,0.130581,0.119110,0.096777,0.000000,0.029791,0.249686,0.274522,0.194739,0.082294,0.021860,0.017561,Not run,Not run,0.006187,0.004311,0.006102,Not run,0.250373,0.030698,Not run
tioga-cpu,128,Base_OpenMP,default,0.018556,0.009727,0.010096,0.010727,0.006847,0.009195,0.002096,0.003772,0.019372,0.022042,0.019855,0.024720,0.014107,0.009916,6.549539,0.000836,0.000458,0.001496,0.002167,2.403822,0.033092,0.012330,0.011809,0.001139,0.012963,0.073625,0.010272,0.019672,0.037155,0.006585,0.021706,0.063023,0.096018,0.006103,0.002399,0.010260,0.051608,0.089739,0.007250,0.001852,0.024803,0.021183,0.042191,0.001978,0.015296,0.011050,0.019628,0.011213,0.009634,0.004674,0.009489,0.010548,0.252844,0.026647,0.000000,0.012349,0.013940,0.009157,0.000000,0.003584,0.028187,0.015906,0.028016,0.008989,0.003158,0.001938,Not run,Not run,0.000929,0.000687,0.001054,Not run,0.265257,0.062291,Not run
tioga-cpu,64,Base_OpenMP,default,0.020766,0.009815,0.005785,0.016295,0.007442,0.014844,0.004882,0.006808,0.023917,0.031863,0.031817,0.022689,0.018635,0.012354,3.753019,0.001310,0.000477,0.002198,0.004104,0.754996,0.022698,0.021569,0.023710,0.001456,0.023781,0.071202,0.027617,0.020420,0.038468,0.009260,0.035113,0.082020,0.131041,0.005623,0.003407,0.020351,0.076422,0.118289,0.007141,0.002524,0.033493,0.032928,0.059820,0.002965,0.026595,0.017903,0.025290,0.018168,0.026988,0.005853,0.014736,0.014578,0.370161,0.032870,0.000000,0.017442,0.020763,0.012888,0.000000,0.004744,0.031895,0.019642,0.041446,0.011447,0.004850,0.002535,Not run,Not run,0.000826,0.000810,0.001573,Not run,0.254806,0.054581,Not run
tioga-cpu,32,Base_OpenMP,default,0.017420,0.009926,0.006260,0.032553,0.007357,0.025820,0.006634,0.008414,0.024279,0.030923,0.030823,0.023280,0.018641,0.013623,1.682422,0.001294,0.000508,0.002415,0.003837,0.711087,0.023175,0.021759,0.022170,0.001400,0.022215,0.071838,0.027922,0.020266,0.038269,0.010844,0.034716,0.074952,0.114283,0.006395,0.003937,0.020351,0.076220,0.088455,0.007196,0.002621,0.025407,0.038028,0.053811,0.003695,0.026627,0.019113,0.037038,0.019319,0.026699,0.005820,0.019451,0.014754,0.385970,0.032461,0.000000,0.017095,0.019171,0.012886,0.000000,0.004405,0.031920,0.040978,0.040939,0.011588,0.004575,0.002895,Not run,Not run,0.001163,0.000892,0.001652,Not run,0.275421,0.041984,Not run
tioga-cpu,16,Base_OpenMP,default,0.045643,0.013931,0.017685,0.061980,0.011675,0.052267,0.016479,0.019721,0.031866,0.057744,0.057691,0.042691,0.026438,0.022912,1.431631,0.002398,0.000713,0.004044,0.007445,0.573237,0.034274,0.033730,0.045952,0.002045,0.047072,0.124340,0.040030,0.029952,0.047681,0.022403,0.043315,0.134368,0.201291,0.010491,0.007265,0.032903,0.116718,0.155978,0.005588,0.005347,0.041588,0.065515,0.097520,0.006564,0.037800,0.034579,0.070460,0.041993,0.028088,0.010189,0.037565,0.028300,0.714672,0.050064,0.000000,0.033090,0.030572,0.024632,0.000000,0.007670,0.054843,0.081033,0.060867,0.021266,0.007795,0.006291,Not run,Not run,0.001819,0.001138,0.004528,Not run,0.262898,0.032682,Not run
tioga-cpu,8,Base_OpenMP,default,0.113901,0.072015,0.025627,0.120299,0.021180,0.110911,0.034008,0.041155,0.041236,0.113283,0.113553,0.081098,0.034028,0.041742,1.499731,0.004650,0.000843,0.006333,0.014201,0.392540,0.149956,0.050279,0.058007,0.003318,0.062019,0.245390,0.049771,0.070276,0.176168,0.044941,0.056412,0.264534,0.398400,0.019353,0.013158,0.041844,0.174000,0.307365,0.004744,0.009148,0.067770,0.091780,0.162897,0.012414,0.046304,0.042326,0.130355,0.053434,0.038566,0.018818,0.066183,0.058306,1.428957,0.085282,0.000000,0.065397,0.060360,0.048765,0.000000,0.014922,0.183795,0.137857,0.102914,0.041393,0.013559,0.012191,Not run,Not run,0.003210,0.004096,0.008130,Not run,0.257178,0.034603,Not run
tioga-cpu,4,Base_OpenMP,default,0.148633,0.106300,0.027732,0.238598,0.041097,0.230483,0.069351,0.075884,0.105543,0.223771,0.223924,0.157415,0.075618,0.078433,1.056462,0.009186,0.001967,0.012363,0.027935,0.329307,0.316246,0.090605,0.081635,0.005848,0.085131,0.109751,0.074297,0.159000,0.361132,0.081438,0.101541,0.527859,0.793519,0.037024,0.025368,0.064108,0.303174,0.607595,0.006569,0.016240,0.122319,0.149514,0.331894,0.024539,0.065217,0.071360,0.252337,0.070470,0.066803,0.040428,0.132348,0.130766,2.855878,0.205850,0.000000,0.130696,0.119266,0.096914,0.000000,0.029745,0.249245,0.274409,0.194892,0.082351,0.022087,0.018871,Not run,Not run,0.006190,0.003841,0.007840,Not run,0.198410,0.028952,Not run
tuolumne-cpu,192,Base_OpenMP,default,0.005405,0.001399,0.005141,0.009159,0.009993,0.004121,0.001947,0.004048,0.005163,0.034635,0.027929,0.037101,0.003772,0.012943,1.929267,0.001022,0.000777,0.001519,0.003179,0.962867,0.004966,0.006881,0.016837,0.001832,0.016467,0.082672,0.008976,0.006385,0.010545,0.002860,0.008483,0.016044,0.023508,0.003831,0.002473,0.015575,0.069990,0.018282,0.004034,0.001541,0.063405,0.027878,0.074823,0.002225,0.008178,0.014321,0.028481,0.014214,0.009323,0.002232,0.004985,0.004307,0.089103,0.005571,0.000000,0.005838,0.005503,0.003861,0.000001,0.001907,0.007640,0.060979,0.011387,0.003998,0.002153,0.001923,Not run,Not run,0.001248,0.001242,0.001009,Not run,0.240134,0.198736,Not run
tuolumne-cpu,96,Base_OpenMP,default,0.012127,0.001678,0.005016,0.012259,0.010049,0.006893,0.002417,0.005369,0.007350,0.033858,0.033497,0.038686,0.005781,0.013024,1.806438,0.001342,0.000857,0.001972,0.002625,0.386586,0.008444,0.008918,0.016992,0.001884,0.016710,0.082692,0.009805,0.009284,0.008278,0.004690,0.009761,0.032016,0.048404,0.005871,0.002945,0.020747,0.073516,0.035703,0.004774,0.001987,0.118619,0.030463,0.103623,0.001834,0.008067,0.013975,0.030693,0.014174,0.008199,0.003155,0.007988,0.007607,0.175510,0.009359,0.000000,0.009444,0.008944,0.005866,0.000001,0.002535,0.013822,0.149133,0.017293,0.006699,0.002420,0.002260,Not run,Not run,0.001281,0.000986,0.001032,Not run,0.178536,0.189513,Not run
tuolumne-cpu,48,Base_OpenMP,default,0.009448,0.002037,0.005149,0.018352,0.010051,0.007206,0.002510,0.004925,0.007076,0.036050,0.034650,0.028004,0.005415,0.013317,0.720034,0.001271,0.000731,0.001583,0.004541,0.363620,0.008045,0.008151,0.017967,0.001861,0.017863,0.082308,0.009735,0.009328,0.007882,0.005877,0.009751,0.039974,0.062428,0.006408,0.003662,0.014823,0.068898,0.044331,0.004475,0.002131,0.072373,0.030202,0.083125,0.002900,0.008140,0.013608,0.038202,0.014415,0.008208,0.003159,0.008840,0.008836,0.185015,0.009324,0.000000,0.009537,0.009266,0.007903,0.000000,0.002384,0.014850,0.020487,0.016428,0.006776,0.002305,0.002436,Not run,Not run,0.001903,0.001257,0.000981,Not run,0.178000,0.187013,Not run
tuolumne-cpu,32,Base_OpenMP,default,0.020129,0.002456,0.005282,0.026231,0.011242,0.011635,0.003198,0.006110,0.008119,0.040384,0.040735,0.029059,0.006646,0.016346,0.634857,0.001668,0.000824,0.002053,0.003532,0.314951,0.009033,0.011077,0.019721,0.002181,0.019895,0.082805,0.011817,0.011332,0.010364,0.008353,0.012733,0.057694,0.086718,0.009608,0.004470,0.018301,0.079608,0.063860,0.006137,0.002482,0.081503,0.035958,0.087495,0.003376,0.010168,0.015390,0.048142,0.015748,0.009353,0.004534,0.012323,0.013704,0.277005,0.013378,0.000001,0.014071,0.013129,0.011593,0.000001,0.003326,0.022672,0.029755,0.022963,0.009265,0.003117,0.002952,Not run,Not run,0.001578,0.001313,0.001100,Not run,0.155401,0.187090,Not run
tuolumne-cpu,16,Base_OpenMP,default,0.064607,0.006052,0.006254,0.044099,0.014067,0.034782,0.011370,0.013693,0.010443,0.059210,0.059527,0.040766,0.008465,0.023086,0.594701,0.002451,0.000695,0.003008,0.008289,0.244805,0.017308,0.017627,0.022936,0.002426,0.024168,0.094143,0.015456,0.017265,0.026501,0.015952,0.016106,0.110455,0.165421,0.015632,0.006541,0.020207,0.099549,0.124174,0.006635,0.003768,0.073780,0.042471,0.099725,0.005577,0.012514,0.018849,0.066542,0.019025,0.013125,0.009145,0.024034,0.026101,0.553496,0.025115,0.000001,0.026575,0.024216,0.020930,0.000001,0.006061,0.076023,0.058080,0.038331,0.016771,0.004790,0.004011,Not run,Not run,0.003170,0.001260,0.001193,Not run,0.131627,0.116299,Not run
tuolumne-cpu,8,Base_OpenMP,default,0.111828,0.021983,0.008747,0.082555,0.019847,0.089967,0.023933,0.028780,0.018998,0.096662,0.096639,0.064378,0.015527,0.035802,0.509644,0.004364,0.000801,0.005334,0.011758,0.185995,0.044564,0.031949,0.031428,0.003076,0.033620,0.104497,0.022410,0.042500,0.078607,0.031021,0.025582,0.216520,0.325635,0.019867,0.011174,0.025169,0.130777,0.246208,0.005946,0.006960,0.067951,0.064909,0.150880,0.010322,0.019895,0.026209,0.111173,0.026558,0.019813,0.017462,0.046936,0.066847,1.106859,0.060142,0.000001,0.050116,0.046152,0.039531,0.000000,0.011876,0.218338,0.114027,0.068352,0.032222,0.008063,0.006632,Not run,Not run,0.002783,0.001394,0.001572,Not run,0.108988,0.089304,Not run
tuolumne-cpu,4,Base_OpenMP,default,0.232516,0.059920,0.013401,0.155903,0.034038,0.190866,0.047124,0.054808,0.083447,0.176012,0.176043,0.121111,0.058409,0.064461,0.410767,0.008331,0.001175,0.010204,0.023122,0.140146,0.159221,0.069425,0.051268,0.004246,0.055607,0.107691,0.057770,0.116038,0.246421,0.062283,0.109084,0.431641,0.647836,0.032927,0.019894,0.051500,0.214683,0.490304,0.004823,0.012203,0.090869,0.103625,0.259475,0.019831,0.051848,0.043467,0.205171,0.043685,0.053585,0.058372,0.094206,0.278682,2.214117,0.153483,0.000001,0.099650,0.091056,0.078805,0.000001,0.023339,0.474413,0.226759,0.160936,0.065060,0.017604,0.012094,Not run,Not run,0.005119,0.001806,0.002341,Not run,0.120074,0.015759,Not run
tuolumne-cpu,192,Base_OpenMP,default,0.005763,0.001381,0.004886,0.008475,0.009119,0.003987,0.001941,0.003984,0.005039,0.026849,0.025571,0.037181,0.003598,0.012486,1.931162,0.000906,0.000793,0.001478,0.003136,0.982221,0.005258,0.006711,0.016089,0.001755,0.015679,0.081327,0.008385,0.006360,0.006142,0.002811,0.008161,0.015833,0.027355,0.003965,0.002658,0.015583,0.066369,0.018320,0.004642,0.001335,0.062246,0.026104,0.068473,0.002371,0.007943,0.013572,0.027033,0.013555,0.007710,0.002121,0.005831,0.004257,0.089820,0.006054,0.000000,0.006535,0.005427,0.003915,0.000000,0.001667,0.007903,0.067320,0.011046,0.003979,0.001972,0.001841,Not run,Not run,0.001457,0.001154,0.000968,Not run,0.248260,0.180325,Not run
tuolumne-cpu,96,Base_OpenMP,default,0.014533,0.001849,0.004721,0.011767,0.010150,0.006757,0.002303,0.005290,0.006601,0.032622,0.032767,0.038523,0.005739,0.012589,1.845433,0.001349,0.000872,0.002117,0.004755,0.523394,0.008397,0.008973,0.016178,0.002057,0.016143,0.082870,0.009564,0.009341,0.008408,0.004888,0.009395,0.032043,0.048303,0.005376,0.003042,0.019871,0.070290,0.034944,0.005240,0.002118,0.116743,0.030110,0.103362,0.002120,0.008021,0.013151,0.031911,0.013433,0.007936,0.003088,0.007997,0.007655,0.174532,0.009398,0.000001,0.009612,0.008824,0.005901,0.000000,0.002701,0.014278,0.145180,0.016771,0.006278,0.002467,0.002168,Not run,Not run,0.001556,0.001231,0.001000,Not run,0.198015,0.169123,Not run
tuolumne-cpu,48,Base_OpenMP,default,0.009661,0.001987,0.005352,0.018448,0.009630,0.007668,0.002519,0.005058,0.007090,0.034170,0.035251,0.027895,0.005932,0.014139,0.692242,0.001273,0.000756,0.001601,0.002568,0.406722,0.007827,0.008590,0.018473,0.001917,0.018046,0.081519,0.009414,0.009335,0.008230,0.005856,0.010064,0.039699,0.059674,0.006450,0.003322,0.015142,0.069057,0.044718,0.004890,0.001941,0.072520,0.031263,0.081429,0.002863,0.008338,0.014133,0.039288,0.014931,0.008567,0.003224,0.011221,0.008916,0.184885,0.009403,0.000000,0.009949,0.009096,0.007847,0.000000,0.002370,0.014817,0.023363,0.016467,0.006554,0.002373,0.002450,Not run,Not run,0.001820,0.001228,0.000982,Not run,0.178637,0.174292,Not run
tuolumne-cpu,32,Base_OpenMP,default,0.020989,0.002353,0.004429,0.024835,0.008049,0.011181,0.002945,0.005554,0.007233,0.036351,0.036280,0.029355,0.005658,0.014588,0.822282,0.001509,0.000624,0.001896,0.005550,0.357056,0.009020,0.010336,0.017056,0.001890,0.018056,0.081845,0.009763,0.011195,0.009739,0.008679,0.010081,0.058765,0.087138,0.009701,0.003956,0.015805,0.064508,0.063094,0.006095,0.002253,0.079628,0.030029,0.082700,0.003143,0.008224,0.012609,0.043884,0.012953,0.008904,0.004576,0.012320,0.013880,0.276879,0.013087,0.000000,0.013587,0.012688,0.011268,0.000000,0.003240,0.023510,0.029613,0.021521,0.009227,0.003016,0.002641,Not run,Not run,0.002113,0.001144,0.000908,Not run,0.172428,0.123272,Not run
tuolumne-cpu,16,Base_OpenMP,default,0.064208,0.006054,0.006472,0.046404,0.012700,0.034080,0.010815,0.011337,0.009584,0.052798,0.053290,0.041096,0.007629,0.021533,0.715942,0.002337,0.000582,0.002915,0.008332,0.330205,0.017546,0.016809,0.020380,0.002179,0.021210,0.091218,0.013424,0.017393,0.027293,0.016755,0.014516,0.110362,0.165688,0.015509,0.006130,0.017737,0.088829,0.124760,0.006507,0.003625,0.072943,0.039780,0.096484,0.005782,0.011672,0.017273,0.061683,0.017143,0.011975,0.009610,0.032437,0.027103,0.552896,0.025075,0.000000,0.026140,0.024549,0.021179,0.000000,0.005975,0.077893,0.068667,0.037626,0.016635,0.004819,0.003863,Not run,Not run,0.002960,0.000851,0.001384,Not run,0.137241,0.072641,Not run
tuolumne-cpu,8,Base_OpenMP,default,0.076322,0.020789,0.007987,0.081059,0.018726,0.090393,0.023859,0.028476,0.017048,0.094502,0.094485,0.064330,0.013166,0.034851,0.583013,0.004322,0.000737,0.005269,0.011737,0.175951,0.043881,0.031847,0.030755,0.002968,0.032537,0.102639,0.021778,0.042096,0.075678,0.030966,0.025234,0.216855,0.324983,0.019855,0.010891,0.023761,0.128991,0.246066,0.005935,0.006454,0.067599,0.061367,0.147344,0.010227,0.019236,0.025301,0.108839,0.025820,0.019303,0.020137,0.047038,0.067480,1.107723,0.060107,0.000001,0.050119,0.046427,0.039426,0.000001,0.011854,0.199105,0.113869,0.067985,0.032195,0.008022,0.006544,Not run,Not run,0.002718,0.001160,0.001499,Not run,0.109804,0.060449,Not run
tuolumne-cpu,4,Base_OpenMP,default,0.154069,0.053555,0.013336,0.155791,0.034035,0.191364,0.047120,0.054620,0.081537,0.176170,0.176221,0.121855,0.056016,0.064652,0.308066,0.008306,0.001183,0.010211,0.023144,0.133068,0.153790,0.069073,0.051437,0.004218,0.055766,0.103106,0.059959,0.107428,0.221043,0.061821,0.108276,0.431089,0.647807,0.033150,0.019894,0.051488,0.271019,0.490044,0.004808,0.012240,0.090195,0.104193,0.275048,0.019819,0.042427,0.042302,0.205096,0.042300,0.051126,0.058166,0.094011,0.285524,2.212872,0.143138,0.000001,0.099694,0.091138,0.078650,0.000000,0.023430,0.323440,0.226897,0.158701,0.064996,0.017624,0.012090,Not run,Not run,0.005112,0.001803,0.002363,Not run,0.120292,0.014668,Not run
tuolumne-cpu,192,Base_OpenMP,default,0.005563,0.001362,0.004526,0.011601,0.009437,0.003853,0.002197,0.003750,0.004752,0.025692,0.025145,0.037659,0.003803,0.012052,1.919573,0.000961,0.000687,0.001433,0.003051,0.952238,0.005168,0.006492,0.014749,0.001683,0.014830,0.082274,0.007927,0.006348,0.006144,0.002697,0.007718,0.015644,0.023529,0.003872,0.002649,0.015631,0.063204,0.018314,0.004012,0.001304,0.063107,0.024130,0.076722,0.002004,0.007432,0.012673,0.025447,0.013018,0.007429,0.002132,0.011094,0.004236,0.089102,0.005774,0.000001,0.006101,0.005433,0.003937,0.000001,0.001706,0.007897,0.063196,0.011083,0.003998,0.002076,0.001791,Not run,Not run,0.001391,0.001157,0.000921,Not run,0.240847,0.185690,Not run
tuolumne-cpu,96,Base_OpenMP,default,0.011584,0.001968,0.004515,0.012035,0.009946,0.006986,0.002359,0.005349,0.007312,0.032761,0.032475,0.038781,0.005915,0.012284,1.752086,0.001347,0.000876,0.001752,0.002624,0.495339,0.008138,0.009583,0.016693,0.002024,0.016714,0.082915,0.009596,0.009150,0.008461,0.004810,0.009823,0.032280,0.048488,0.005529,0.002896,0.020540,0.069755,0.035392,0.004846,0.002076,0.117794,0.031045,0.104367,0.002730,0.008219,0.013881,0.030872,0.013771,0.008117,0.003034,0.007989,0.007725,0.174547,0.009394,0.000000,0.009403,0.008886,0.006135,0.000000,0.002596,0.013998,0.159276,0.017030,0.006401,0.002476,0.002135,Not run,Not run,0.001328,0.001228,0.001027,Not run,0.190604,0.185783,Not run
tuolumne-cpu,48,Base_OpenMP,default,0.010081,0.002004,0.004923,0.018357,0.007747,0.007664,0.002459,0.004980,0.006855,0.034495,0.036541,0.027656,0.005521,0.013192,0.683754,0.001275,0.000764,0.001588,0.004269,0.383657,0.007734,0.008385,0.017313,0.001855,0.017483,0.081912,0.009009,0.009239,0.008789,0.005878,0.009789,0.039945,0.060175,0.006508,0.003357,0.014698,0.067111,0.044482,0.004861,0.001930,0.074922,0.030015,0.080122,0.002803,0.008132,0.013306,0.037762,0.014178,0.008014,0.003164,0.008616,0.009440,0.184998,0.009577,0.000000,0.009955,0.009515,0.008383,0.000000,0.002377,0.014741,0.020494,0.016139,0.006681,0.002445,0.002407,Not run,Not run,0.001869,0.000993,0.000954,Not run,0.164577,0.160109,Not run
tuolumne-cpu,32,Base_OpenMP,default,0.021481,0.002477,0.004517,0.025254,0.008276,0.010743,0.002976,0.005732,0.006912,0.034499,0.036122,0.029216,0.005752,0.014462,0.822557,0.001491,0.000615,0.001871,0.005416,0.350325,0.009615,0.010579,0.016553,0.001888,0.016921,0.081794,0.009625,0.011233,0.010014,0.008524,0.010438,0.059790,0.088385,0.009720,0.004032,0.016094,0.062670,0.063809,0.005780,0.002254,0.080548,0.030222,0.086157,0.003174,0.008102,0.011802,0.043261,0.012800,0.008180,0.004478,0.016527,0.013681,0.277514,0.013080,0.000000,0.013637,0.013187,0.011104,0.000000,0.003236,0.022311,0.034703,0.022560,0.009329,0.002833,0.002697,Not run,Not run,0.002093,0.000831,0.000900,Not run,0.173276,0.131304,Not run
tuolumne-cpu,16,Base_OpenMP,default,0.065423,0.005864,0.006111,0.046655,0.012724,0.039792,0.011056,0.012100,0.009618,0.052691,0.053155,0.041187,0.007844,0.021557,0.778511,0.002310,0.000565,0.002893,0.006019,0.403467,0.015433,0.016959,0.020127,0.002142,0.021124,0.091711,0.013713,0.016884,0.025171,0.060748,0.014588,0.110185,0.165523,0.015403,0.005702,0.017942,0.083608,0.124344,0.006490,0.003562,0.073621,0.037947,0.096635,0.005664,0.011897,0.015963,0.060656,0.016029,0.012340,0.008907,0.023957,0.026840,0.553595,0.024523,0.000000,0.026290,0.024648,0.021263,0.000000,0.005991,0.077233,0.057869,0.037054,0.016461,0.004635,0.003753,Not run,Not run,0.002695,0.000838,0.001279,Not run,0.156505,0.073631,Not run
tuolumne-cpu,8,Base_OpenMP,default,0.111698,0.021982,0.007784,0.080919,0.018135,0.092819,0.023864,0.028077,0.017893,0.089411,0.089519,0.064277,0.013698,0.034873,0.630786,0.004276,0.000684,0.005219,0.011697,0.175903,0.044005,0.031205,0.029625,0.002944,0.031355,0.104861,0.021451,0.042400,0.077427,0.031073,0.024956,0.216837,0.325632,0.019923,0.010667,0.023410,0.121689,0.246406,0.005841,0.006391,0.067814,0.058856,0.144200,0.010127,0.018681,0.024073,0.106603,0.023994,0.019148,0.021439,0.046843,0.080618,1.107370,0.060084,0.000000,0.049975,0.046163,0.039321,0.000000,0.011764,0.222649,0.113903,0.067781,0.032141,0.008404,0.006582,Not run,Not run,0.002649,0.001132,0.001431,Not run,0.109699,0.036846,Not run
tuolumne-cpu,4,Base_OpenMP,default,0.228088,0.059701,0.013285,0.155869,0.034037,0.190733,0.047100,0.054780,0.081350,0.175485,0.175538,0.121872,0.056739,0.064745,0.314097,0.008328,0.001177,0.010209,0.023152,0.132888,0.158547,0.068409,0.050626,0.004238,0.054899,0.102703,0.048382,0.115342,0.245023,0.061964,0.105885,0.431959,0.647741,0.033222,0.019915,0.050366,0.217376,0.490923,0.004821,0.012196,0.091234,0.105921,0.255714,0.019831,0.049547,0.042749,0.204922,0.042573,0.045375,0.052156,0.094030,0.275168,2.213419,0.152010,0.000000,0.099717,0.092243,0.078709,0.000000,0.023543,0.471478,0.226925,0.160842,0.065434,0.017671,0.012083,Not run,Not run,0.005110,0.001799,0.002329,Not run,0.120338,0.014835,Not run
AVERAGE
borax,72,,,0.054703,0.027906,0.014974,0.066258,0.017975,0.018300,0.008275,0.012460,0.030529,0.055773,0.055203,0.021537,0.022079,0.025823,2.302989,0.002395,0.003373,0.003146,0.004521,1.413219,0.069851,0.021504,0.053697,0.007374,0.053404,0.204202,0.034757,0.023129,0.044796,0.004238,0.039868,0.108680,0.169087,0.008246,0.009022,0.033999,0.207260,0.144109,0.005392,0.004494,0.041311,0.099015,0.123882,0.005703,0.034549,0.048349,0.049273,0.051145,0.034488,0.003879,0.017741,0.011447,0.352560,0.060344,0.000000,0.010034,0.017757,0.017503,0.000000,0.003292,0.080097,0.094571,0.040249,0.023264,0.006796,0.004493,,,0.001349,0.002218,0.003398,,0.442482,0.372395,
borax,32,,,0.084676,0.044849,0.022597,0.137002,0.012514,0.035309,0.014437,0.020783,0.042218,0.067060,0.067077,0.032385,0.030382,0.030733,2.386181,0.003368,0.001304,0.002523,0.008132,2.160589,0.082806,0.026375,0.077618,0.004641,0.077485,0.127014,0.040917,0.044711,0.076332,0.006803,0.049283,0.236649,0.363045,0.013898,0.011659,0.037925,0.260317,0.308085,0.006037,0.005688,0.063442,0.109356,0.158146,0.009957,0.040943,0.064501,0.063007,0.070823,0.040990,0.006096,0.036166,0.022206,0.786799,0.097098,0.000000,0.017958,0.039076,0.038530,0.000000,0.005310,0.161727,0.212521,0.053705,0.048547,0.009837,0.007821,,,0.001286,0.003194,0.004937,,0.739087,0.179762,
borax,16,,,0.067921,0.039739,0.019936,0.123377,0.009676,0.034679,0.020519,0.026726,0.040333,0.066266,0.068019,0.033532,0.028956,0.031006,1.238675,0.003154,0.000844,0.002719,0.007756,0.722930,0.077723,0.027125,0.075479,0.005820,0.075657,0.174158,0.039844,0.050155,0.079608,0.007491,0.048148,0.174047,0.264647,0.021172,0.009972,0.034268,0.248778,0.197633,0.005344,0.005143,0.055022,0.105422,0.148612,0.006665,0.039889,0.068010,0.055641,0.068787,0.039585,0.006630,0.035947,0.024406,0.866279,0.101535,0.000000,0.020682,0.056892,0.055390,0.000000,0.005822,0.109824,0.195939,0.057547,0.053101,0.011352,0.007919,,,0.001297,0.003157,0.004814,,0.322044,0.111173,
borax,8,,,0.116196,0.082849,0.025324,0.243996,0.013244,0.068130,0.036447,0.043961,0.080106,0.106399,0.114269,0.052149,0.056734,0.052147,1.538238,0.005563,0.000689,0.002375,0.014904,0.607011,0.298672,0.047978,0.101499,0.009247,0.101552,0.125412,0.067119,0.147986,0.304365,0.013689,0.088871,0.344579,0.525854,0.033966,0.011715,0.055500,0.406690,0.391208,0.003697,0.004333,0.084567,0.166869,0.250411,0.011172,0.067676,0.086726,0.070955,0.090882,0.067240,0.011908,0.072466,0.057670,1.729823,0.290539,0.000000,0.039624,0.111403,0.108457,0.000000,0.010085,0.215876,0.390091,0.105952,0.105693,0.020128,0.011258,,,0.001087,0.003247,0.004832,,0.296549,0.042326,
borax,4,,,0.199625,0.108387,0.045115,0.440155,0.022611,0.123061,0.065960,0.079392,0.155740,0.189610,0.203627,0.095008,0.116951,0.090122,1.296457,0.009915,0.001114,0.004173,0.027159,0.425149,0.358721,0.089279,0.182412,0.016535,0.183171,0.219678,0.123629,0.228178,0.427080,0.024864,0.160133,0.630887,0.957114,0.061277,0.020782,0.097501,0.725961,0.715560,0.006477,0.007565,0.144513,0.297551,0.447734,0.020062,0.121656,0.157916,0.125179,0.162769,0.119866,0.021576,0.131900,0.103833,3.108396,0.457639,0.000000,0.070888,0.201904,0.196241,0.000000,0.017955,0.386966,0.706005,0.193205,0.191019,0.036349,0.020265,,,0.001825,0.005827,0.008749,,0.336733,0.037888,
boraxo,72,,,0.036873,0.017427,0.008937,0.071022,0.015377,0.010319,0.007410,0.007676,0.017870,0.039253,0.038873,0.016417,0.012726,0.016138,5.872468,0.002032,0.003150,0.003582,0.002659,1.718401,0.057834,0.013150,0.033575,0.007424,0.033718,0.181313,0.019829,0.025210,0.059119,0.003554,0.021364,0.345404,0.519166,0.007403,0.016577,0.024305,0.133299,0.416670,0.006142,0.006057,0.025119,0.059111,0.091873,0.009361,0.018564,0.030322,0.039745,0.029033,0.018890,0.002934,0.016865,0.009674,0.308756,0.056589,0.000000,0.008500,0.015200,0.016503,0.000000,0.002651,0.079921,0.103789,0.023500,0.023881,0.005736,0.003559,,,0.001306,0.001685,0.002018,,0.650700,0.381139,
boraxo,32,,,0.067974,0.023996,0.009653,0.147005,0.012742,0.018455,0.013508,0.009500,0.033453,0.032184,0.032229,0.024336,0.023407,0.014172,4.288868,0.002126,0.001317,0.001620,0.004101,2.528498,0.077095,0.026068,0.039910,0.004998,0.040091,0.115970,0.035711,0.052572,0.094410,0.006034,0.051986,0.733221,1.121587,0.012755,0.024132,0.028743,0.143101,0.900532,0.007699,0.005527,0.040889,0.066476,0.129969,0.018330,0.035887,0.032981,0.037038,0.031557,0.035427,0.005019,0.035028,0.021454,0.693421,0.086678,0.000000,0.015024,0.033458,0.036335,0.000000,0.004354,0.174285,0.230397,0.051426,0.050660,0.009975,0.004534,,,0.000891,0.001392,0.002115,,0.741490,0.183920,
boraxo,16,,,0.043433,0.024796,0.007873,0.133025,0.010181,0.017859,0.020124,0.009185,0.033041,0.026837,0.026310,0.026733,0.023242,0.011208,2.286706,0.001906,0.000842,0.001381,0.004003,1.213920,0.079085,0.024950,0.033631,0.006542,0.035324,0.159140,0.033784,0.053726,0.094467,0.011034,0.049374,0.316555,0.453696,0.020888,0.017633,0.025229,0.131897,0.393666,0.006808,0.007498,0.036447,0.064348,0.124050,0.011378,0.033383,0.029778,0.037446,0.029339,0.033290,0.005390,0.039807,0.022946,0.744682,0.087898,0.000000,0.015831,0.048984,0.047802,0.000000,0.004683,0.091508,0.212301,0.050441,0.057601,0.010347,0.006866,,,0.000999,0.001071,0.001956,,0.358275,0.094537,
boraxo,8,,,0.073040,0.052224,0.023659,0.264492,0.015051,0.037281,0.041615,0.018013,0.093956,0.043541,0.042945,0.046166,0.065930,0.019957,1.842876,0.002925,0.000602,0.002420,0.007016,0.854737,0.156043,0.056841,0.094563,0.011205,0.094671,0.129450,0.074530,0.111527,0.188223,0.022361,0.109303,0.630185,0.904843,0.037069,0.021146,0.058022,0.326248,0.784363,0.005467,0.005688,0.065827,0.153604,0.243512,0.020384,0.074352,0.084952,0.094299,0.084854,0.073330,0.012289,0.079507,0.050020,1.487950,0.193270,0.000000,0.030850,0.095593,0.093335,0.000000,0.009042,0.176449,0.422933,0.129724,0.115236,0.020545,0.013257,,,0.001457,0.001645,0.004740,,0.363761,0.046833,
boraxo,4,,,0.131009,0.075679,0.046110,0.528015,0.028395,0.071893,0.082132,0.037187,0.168397,0.120054,0.120011,0.091367,0.117964,0.048427,1.918220,0.005609,0.001015,0.004681,0.013787,0.670091,0.228133,0.114173,0.188383,0.022082,0.190203,0.241224,0.151353,0.211780,0.313837,0.044112,0.213024,1.199787,1.889633,0.073768,0.032939,0.118354,0.680378,1.561648,0.009658,0.011287,0.139086,0.300439,0.479801,0.039866,0.147907,0.170262,0.186444,0.169995,0.147663,0.024529,0.157187,0.099164,2.975529,0.345717,0.000000,0.061516,0.191133,0.186678,0.000000,0.018349,0.335371,0.845976,0.249442,0.229149,0.041041,0.026786,,,0.002796,0.004801,0.009476,,0.485565,0.046656,
corona-cpu,96,,,0.008141,0.004195,0.012665,0.025359,0.019684,0.008303,0.006428,0.011957,0.017407,0.066023,0.059171,0.016231,0.015156,0.031584,1.416485,0.002654,0.002498,0.002748,0.003579,0.619505,0.012752,0.015938,0.048190,0.005589,0.049179,0.183049,0.029272,0.012273,0.015976,0.002974,0.030004,0.050016,0.078725,0.008204,0.007031,0.037949,0.194053,0.071030,0.006658,0.003537,0.072697,0.080282,0.191368,0.004049,0.029142,0.042891,0.049445,0.044159,0.030040,0.003649,0.009294,0.006463,0.171608,0.013881,0.000000,0.008212,0.008457,0.008287,0.000000,0.003160,0.020920,0.050003,0.023304,0.013583,0.004872,0.004229,,,0.001743,0.002625,0.002756,,0.166561,0.511651,
corona-cpu,48,,,0.017084,0.005165,0.009821,0.037695,0.013090,0.010816,0.008517,0.012332,0.015739,0.062854,0.047478,0.021752,0.010320,0.030765,1.227708,0.002783,0.001713,0.002269,0.005544,0.492884,0.018546,0.013548,0.039928,0.004255,0.050208,0.206577,0.021837,0.018318,0.016195,0.003859,0.024590,0.098319,0.155492,0.009253,0.005835,0.025781,0.176107,0.145651,0.008381,0.003277,0.048209,0.053055,0.088653,0.003694,0.018364,0.032779,0.040839,0.045939,0.022357,0.004329,0.014465,0.010492,0.322500,0.018782,0.000000,0.010985,0.013397,0.013279,0.000000,0.003875,0.037404,0.047928,0.024213,0.021658,0.005902,0.004164,,,0.001342,0.002034,0.002999,,0.188348,0.306224,
corona-cpu,32,,,0.026356,0.006782,0.008443,0.048143,0.010335,0.012524,0.010810,0.014245,0.013690,0.065299,0.042595,0.021507,0.010590,0.032989,1.073887,0.003250,0.001320,0.002430,0.007384,0.483244,0.024437,0.013972,0.032017,0.003442,0.049855,0.139852,0.018628,0.024510,0.018982,0.004216,0.023529,0.146561,0.230839,0.011968,0.005332,0.022704,0.122931,0.213912,0.007086,0.003261,0.053175,0.043480,0.087745,0.004007,0.017331,0.032697,0.038635,0.059246,0.024035,0.004772,0.019771,0.014818,0.483996,0.028132,0.000000,0.014279,0.018580,0.018427,0.000000,0.004770,0.060853,0.070640,0.024129,0.030519,0.007215,0.004063,,,0.001091,0.001621,0.002908,,0.200429,0.223891,
corona-cpu,16,,,0.036167,0.008704,0.006819,0.088985,0.008213,0.013568,0.016833,0.019810,0.012510,0.059836,0.035656,0.019831,0.011407,0.030243,0.931398,0.003149,0.000866,0.003583,0.007363,0.440856,0.028345,0.012322,0.033699,0.003375,0.036658,0.141058,0.017425,0.025310,0.022245,0.004796,0.019568,0.101864,0.154274,0.017156,0.004731,0.022521,0.101463,0.115970,0.006718,0.003257,0.035795,0.038724,0.071145,0.003785,0.016943,0.033280,0.037257,0.054133,0.021260,0.004980,0.022311,0.017199,0.552837,0.033536,0.000000,0.013791,0.029114,0.029093,0.000000,0.004671,0.056619,0.138104,0.022513,0.033879,0.007354,0.004940,,,0.000990,0.001131,0.002475,,0.193695,0.111482,
corona-cpu,8,,,0.064039,0.035656,0.009183,0.169832,0.011401,0.024649,0.031777,0.036554,0.020927,0.102962,0.056401,0.029398,0.014366,0.052189,0.786843,0.005155,0.001423,0.006423,0.013660,0.255382,0.073675,0.019864,0.034009,0.004675,0.033075,0.151422,0.023549,0.051355,0.099051,0.007776,0.029462,0.197489,0.288008,0.028506,0.007039,0.021253,0.133162,0.220255,0.006050,0.004411,0.048884,0.058553,0.110794,0.006080,0.021294,0.030053,0.034754,0.030063,0.021534,0.007780,0.042515,0.034239,1.094330,0.120490,0.000000,0.025521,0.056789,0.056697,0.000000,0.008570,0.117069,0.271567,0.033132,0.064343,0.012510,0.008090,,,0.001252,0.001951,0.002922,,0.159253,0.061202,
corona-cpu,4,,,0.121219,0.084151,0.015340,0.339266,0.020414,0.060307,0.062457,0.071120,0.105033,0.199851,0.105249,0.056015,0.072577,0.098116,0.635432,0.010190,0.001096,0.002927,0.026802,0.183957,0.248872,0.049062,0.065949,0.008663,0.067224,0.141791,0.052467,0.139682,0.346898,0.015526,0.091491,0.382488,0.584052,0.054912,0.012911,0.043096,0.248091,0.435119,0.008519,0.006874,0.075558,0.110535,0.204347,0.011318,0.048476,0.054042,0.063988,0.054570,0.052716,0.018345,0.085882,0.089052,2.202016,0.372423,0.000000,0.049917,0.114246,0.114431,0.000000,0.016376,0.234581,0.546191,0.134003,0.130203,0.025046,0.014785,,,0.001925,0.002548,0.003831,,0.155002,0.047712,
dane,224,,,0.004343,0.002621,0.010678,0.026165,0.020394,0.005717,0.004258,0.008851,0.011823,0.054416,0.054505,0.007857,0.009030,0.020180,18.436111,0.003518,0.016856,0.015631,0.003585,2.277815,0.008600,0.011569,0.041645,0.031184,0.041489,0.092576,0.021395,0.005594,0.010699,0.001713,0.021384,0.049994,0.077376,0.003400,0.006899,0.032549,0.173327,0.068155,0.006411,0.002693,0.033978,0.080271,0.104723,0.003477,0.022520,0.037483,0.085832,0.037490,0.020981,0.001930,0.005043,0.003561,0.064620,0.006935,0.000000,0.005314,0.004851,0.004291,0.000000,0.001605,0.009483,0.028653,0.016704,0.006297,0.003063,0.003478,,,0.002785,0.002330,0.002301,,0.597240,0.620810,
dane,112,,,0.008363,0.002732,0.005186,0.032487,0.009266,0.004748,0.003692,0.004801,0.007523,0.025149,0.024794,0.007930,0.005373,0.009466,3.636838,0.001165,0.004405,0.004379,0.001529,2.130382,0.009831,0.006509,0.019557,0.009195,0.019416,0.069746,0.010480,0.007051,0.008090,0.001383,0.010618,0.087019,0.142974,0.003288,0.005086,0.015832,0.081803,0.115173,0.005896,0.001423,0.027182,0.036252,0.065368,0.003135,0.010641,0.017315,0.024786,0.017786,0.010104,0.001572,0.005475,0.003529,0.098574,0.007757,0.000000,0.003862,0.005106,0.005115,0.000000,0.001305,0.012728,0.047676,0.009680,0.007646,0.002259,0.001915,,,0.000783,0.001113,0.001195,,0.725537,0.254915,
dane,56,,,0.008338,0.002738,0.003762,0.027800,0.007072,0.004339,0.004546,0.003462,0.012967,0.016897,0.016785,0.006908,0.010053,0.009343,1.581671,0.000980,0.001830,0.001899,0.001359,0.705697,0.010287,0.007786,0.020338,0.003967,0.020253,0.079936,0.009916,0.008607,0.007544,0.001938,0.010057,0.029749,0.047285,0.005327,0.002481,0.011249,0.068985,0.041891,0.005291,0.001329,0.020574,0.028869,0.041828,0.001538,0.008952,0.015264,0.018174,0.015583,0.009001,0.001593,0.005273,0.003457,0.106398,0.008117,0.000000,0.003330,0.005098,0.004980,0.000000,0.001156,0.012515,0.047407,0.010793,0.007320,0.002230,0.001630,,,0.000485,0.000767,0.000855,,0.282782,0.169891,
dane,32,,,0.015914,0.003879,0.003428,0.044668,0.005800,0.006300,0.006905,0.003631,0.021010,0.014254,0.014182,0.007829,0.015142,0.006123,1.369735,0.000881,0.000893,0.000894,0.001486,0.616036,0.016354,0.008035,0.013998,0.002798,0.014480,0.046210,0.008611,0.012208,0.030714,0.001766,0.008057,0.052404,0.081093,0.010269,0.001864,0.009545,0.047760,0.072510,0.002883,0.000873,0.017310,0.020362,0.041235,0.001427,0.005947,0.009699,0.011792,0.009878,0.006068,0.001778,0.008431,0.005016,0.179204,0.016295,0.000000,0.004392,0.008387,0.008123,0.000000,0.001456,0.020342,0.075503,0.014596,0.011226,0.002764,0.001662,,,0.000346,0.000571,0.000605,,0.247758,0.091981,
dane,16,,,0.043692,0.024500,0.003182,0.080536,0.005528,0.010502,0.012241,0.004855,0.022742,0.013425,0.013488,0.010965,0.015722,0.006151,1.140454,0.001102,0.000450,0.000676,0.002340,0.493190,0.072286,0.010271,0.012789,0.003727,0.014310,0.056697,0.011563,0.026960,0.096827,0.004293,0.015702,0.107835,0.167211,0.010763,0.002386,0.010550,0.060710,0.135976,0.001767,0.001119,0.017309,0.023122,0.047927,0.002016,0.008560,0.010798,0.011521,0.010825,0.008864,0.002725,0.014356,0.009672,0.323435,0.064455,0.000000,0.007353,0.014938,0.014760,0.000000,0.002336,0.057674,0.128928,0.054723,0.020817,0.004735,0.002449,,,0.000344,0.000598,0.000687,,0.210459,0.040275,
dane,8,,,0.086513,0.072702,0.006799,0.160594,0.009253,0.021243,0.025099,0.009518,0.050545,0.022762,0.022664,0.019427,0.035406,0.009574,0.980654,0.001887,0.000466,0.001023,0.004367,0.398901,0.215958,0.033634,0.031368,0.006822,0.033911,0.091624,0.041141,0.121661,0.226827,0.006065,0.065344,0.177612,0.278098,0.019610,0.004367,0.029520,0.129539,0.243579,0.002413,0.002120,0.030934,0.057306,0.092502,0.003843,0.041765,0.026693,0.024058,0.027080,0.041239,0.006370,0.031160,0.029789,0.645618,0.221089,0.000000,0.014199,0.028735,0.028474,0.000000,0.004612,0.132921,0.257795,0.090135,0.040716,0.009840,0.004479,,,0.000517,0.000951,0.001550,,0.202755,0.026537,
dane,4,,,0.102234,0.095383,0.028817,0.322551,0.017218,0.054150,0.051688,0.020596,0.170474,0.050310,0.050274,0.038206,0.120573,0.020199,0.947065,0.003475,0.000632,0.002916,0.008424,0.370222,0.329218,0.078463,0.115857,0.013373,0.116108,0.188966,0.087726,0.184666,0.315409,0.016430,0.141125,0.335130,0.505929,0.039306,0.011013,0.067134,0.437010,0.394339,0.004515,0.006684,0.061237,0.190985,0.239437,0.010460,0.088132,0.103101,0.111765,0.103873,0.088324,0.014603,0.067791,0.058067,1.291433,0.318469,0.000000,0.028413,0.057242,0.056740,0.000000,0.009367,0.202786,0.515293,0.181303,0.082856,0.019401,0.010353,,,0.000950,0.002062,0.005733,,0.199077,0.022565,
mammoth,256,,,0.009997,0.005185,0.029112,0.035609,0.046705,0.013151,0.008227,0.019945,0.032478,0.132520,0.132034,0.024257,0.022792,0.052069,1.558270,0.003336,0.006350,0.007405,0.004024,0.870470,0.016718,0.033361,0.112295,0.013249,0.115118,0.150912,0.059996,0.014880,0.028216,0.004817,0.060331,0.029221,0.046301,0.007485,0.013160,0.079349,0.492204,0.042806,0.010514,0.008225,0.062561,0.172237,0.245847,0.007059,0.058587,0.101799,0.128940,0.101571,0.059481,0.005319,0.011711,0.009019,0.091761,0.017356,0.000000,0.013579,0.009340,0.009208,0.000000,0.005021,0.022698,0.015522,0.045147,0.017198,0.008332,0.007955,,,0.003575,0.005603,0.006665,,0.168270,1.279268,
mammoth,128,,,0.009603,0.004981,0.017397,0.026520,0.025390,0.009921,0.006976,0.013752,0.020919,0.079258,0.076287,0.016203,0.014204,0.032507,1.386271,0.002302,0.003506,0.004156,0.003693,0.636196,0.015891,0.021063,0.065141,0.007419,0.065176,0.143510,0.035438,0.015148,0.021738,0.004228,0.037022,0.043177,0.066843,0.006636,0.008637,0.047267,0.295669,0.066273,0.008251,0.005364,0.066517,0.103252,0.161079,0.004920,0.034704,0.057713,0.071060,0.058970,0.032783,0.005215,0.011184,0.009900,0.142513,0.018045,0.000000,0.011634,0.010217,0.009756,0.000000,0.004924,0.023308,0.021929,0.030870,0.017813,0.006863,0.005541,,,0.002196,0.003319,0.004248,,0.205939,0.698442,
mammoth,64,,,0.007166,0.003666,0.008605,0.027794,0.011642,0.006184,0.006251,0.009097,0.010913,0.038963,0.033535,0.012836,0.008113,0.017068,1.166644,0.001312,0.001693,0.002456,0.002637,0.601714,0.011081,0.011190,0.028430,0.003884,0.029337,0.171878,0.015986,0.011207,0.015165,0.002853,0.018159,0.031149,0.048446,0.006606,0.004465,0.020252,0.130153,0.039676,0.006754,0.002808,0.037123,0.043198,0.066469,0.002697,0.015924,0.025194,0.032361,0.025726,0.015852,0.003300,0.007577,0.006616,0.145050,0.014726,0.000000,0.006905,0.008451,0.008541,0.000000,0.003437,0.017329,0.035967,0.017485,0.012605,0.003992,0.003599,,,0.001246,0.001740,0.002502,,0.222356,0.340049,
mammoth,32,,,0.012522,0.005253,0.006266,0.045636,0.006756,0.007752,0.008824,0.010879,0.012536,0.035513,0.023685,0.014837,0.010215,0.019514,1.231922,0.001533,0.001077,0.002050,0.004007,0.524543,0.015960,0.013255,0.020734,0.003002,0.021979,0.109969,0.016571,0.018065,0.018566,0.003304,0.020988,0.054997,0.083594,0.009223,0.003537,0.016645,0.079530,0.062740,0.004354,0.002397,0.033241,0.034853,0.058669,0.002838,0.015758,0.018434,0.022797,0.023314,0.016510,0.004334,0.012089,0.009951,0.286141,0.022943,0.000000,0.008678,0.015127,0.015135,0.000000,0.003476,0.030696,0.068731,0.023397,0.019957,0.004913,0.003399,,,0.000849,0.001122,0.001668,,0.209416,0.142310,
mammoth,16,,,0.042677,0.012031,0.008757,0.086756,0.007401,0.013144,0.016564,0.019519,0.014484,0.055898,0.032237,0.020587,0.012351,0.030119,1.105912,0.002897,0.000880,0.003364,0.007003,0.432507,0.027294,0.016276,0.027703,0.003170,0.031811,0.106132,0.019332,0.028804,0.022666,0.004811,0.022388,0.098841,0.149358,0.015045,0.004700,0.018285,0.090832,0.116810,0.005130,0.003116,0.029071,0.042789,0.072247,0.004295,0.017935,0.025797,0.029849,0.026781,0.018125,0.005720,0.021870,0.016580,0.550825,0.037396,0.000000,0.013952,0.029030,0.029132,0.000000,0.004990,0.057194,0.137103,0.025031,0.033579,0.007536,0.004787,,,0.000882,0.001102,0.002631,,0.189312,0.081373,
mammoth,8,,,0.076258,0.055394,0.010271,0.170684,0.011214,0.025069,0.031975,0.037606,0.021932,0.103267,0.056131,0.031948,0.015688,0.052221,1.085095,0.005090,0.001509,0.006346,0.013775,0.347720,0.131171,0.021459,0.034945,0.004666,0.035534,0.183206,0.024907,0.063930,0.180147,0.008103,0.030819,0.195660,0.297054,0.027828,0.007495,0.022812,0.134811,0.224927,0.006744,0.004435,0.044667,0.060729,0.111442,0.006696,0.023442,0.030249,0.036265,0.030255,0.023486,0.008603,0.042347,0.033908,1.106319,0.173470,0.000000,0.025537,0.057319,0.057003,0.000000,0.008288,0.121232,0.272791,0.034710,0.064865,0.013083,0.008426,,,0.001251,0.002092,0.003448,,0.209364,0.057191,
mammoth,4,,,0.143738,0.100239,0.016248,0.340029,0.020409,0.066271,0.062282,0.072901,0.188191,0.198291,0.103846,0.058422,0.131447,0.096908,1.074114,0.009968,0.001095,0.003587,0.026709,0.232162,0.345704,0.061447,0.063009,0.008441,0.063009,0.596424,0.052595,0.199109,0.467915,0.019083,0.128735,0.389899,0.595620,0.053713,0.013195,0.044090,0.247000,0.463046,0.008025,0.006867,0.075240,0.111118,0.200163,0.011985,0.055191,0.054528,0.065436,0.054328,0.053598,0.020185,0.086020,0.079786,2.208058,0.503839,0.000000,0.049926,0.113645,0.113818,0.000000,0.015617,0.235795,0.545133,0.210236,0.129372,0.025153,0.015429,,,0.001885,0.002983,0.004242,,0.162727,0.046331,
matrix-cpu,224,,,0.014746,0.012368,0.112568,0.127296,0.219575,0.043471,0.035748,0.079697,0.114084,0.561053,0.564846,0.009057,0.080328,0.229261,1.998599,0.011856,0.012341,0.012310,0.012194,0.871155,0.050952,0.108636,0.447627,0.035657,0.452898,0.260252,0.226683,0.026659,0.091057,0.012711,0.226936,0.019620,0.029858,0.010348,0.046348,0.293312,1.785637,0.025830,0.019460,0.027575,0.201162,0.726155,0.914007,0.023165,0.226437,0.406746,0.449214,0.407640,0.224644,0.012219,0.024172,0.012832,0.065282,0.034058,0.000000,0.038772,0.014710,0.014930,0.000000,0.011895,0.027232,0.055069,0.161896,0.026730,0.023783,0.034901,,,0.011694,0.024022,0.023358,,0.349335,6.332731,
matrix-cpu,112,,,0.004071,0.002110,0.005885,0.019822,0.012264,0.004038,0.003317,0.004559,0.010266,0.028155,0.028530,0.005856,0.007348,0.010932,2.042834,0.001136,0.005671,0.005536,0.001407,0.924286,0.006744,0.007086,0.023016,0.011869,0.022953,0.074945,0.012412,0.006337,0.006644,0.001505,0.012232,0.018651,0.030573,0.003733,0.003136,0.015964,0.094354,0.021812,0.004814,0.001698,0.022721,0.037510,0.053565,0.001634,0.011517,0.020420,0.026389,0.020384,0.011631,0.001439,0.003941,0.002737,0.061559,0.006456,0.000000,0.003603,0.003536,0.003496,0.000000,0.001081,0.008244,0.033505,0.010308,0.005527,0.002207,0.002041,,,0.000816,0.001226,0.001299,,0.351104,0.358175,
matrix-cpu,56,,,0.008614,0.002628,0.003753,0.026662,0.006896,0.004250,0.004319,0.003354,0.012183,0.016877,0.016857,0.006831,0.009351,0.008800,1.594780,0.000960,0.001819,0.001860,0.001322,0.705767,0.009843,0.006077,0.014806,0.003651,0.014472,0.081598,0.008344,0.008164,0.007012,0.001327,0.008368,0.029310,0.045765,0.005111,0.002113,0.009364,0.056914,0.041881,0.004359,0.001078,0.020509,0.023635,0.035916,0.001277,0.007323,0.012562,0.015484,0.012673,0.007359,0.001423,0.005110,0.003292,0.100795,0.007752,0.000000,0.003174,0.004780,0.004761,0.000000,0.001083,0.012108,0.045691,0.010243,0.007095,0.002203,0.001575,,,0.000468,0.000745,0.000848,,0.269162,0.178289,
matrix-cpu,32,,,0.014098,0.003924,0.003320,0.043520,0.005116,0.006094,0.006668,0.003351,0.019996,0.012678,0.012619,0.007812,0.014093,0.006155,1.346428,0.000862,0.000960,0.000898,0.001469,0.634215,0.016438,0.007190,0.011367,0.002647,0.012022,0.060581,0.007958,0.011845,0.028972,0.001675,0.007973,0.051516,0.088273,0.010235,0.001817,0.009523,0.046966,0.072802,0.002595,0.000865,0.017798,0.019607,0.038928,0.001489,0.005945,0.009681,0.011883,0.009752,0.005955,0.001819,0.008348,0.004949,0.175621,0.017122,0.000000,0.004338,0.008124,0.008048,0.000000,0.001411,0.019982,0.074145,0.014386,0.011612,0.002762,0.001591,,,0.000339,0.000578,0.000633,,0.241762,0.094159,
matrix-cpu,16,,,0.038997,0.020424,0.003382,0.080493,0.005524,0.010478,0.012293,0.004863,0.021201,0.013459,0.013401,0.011024,0.014813,0.006010,1.125545,0.001087,0.000482,0.000683,0.002322,0.515410,0.058233,0.010380,0.012332,0.003734,0.013665,0.065073,0.011319,0.026026,0.094466,0.002673,0.016478,0.106438,0.164970,0.010763,0.002387,0.010183,0.056679,0.137475,0.001768,0.001134,0.017017,0.023076,0.046720,0.001995,0.008455,0.010926,0.011640,0.010875,0.008418,0.002954,0.014348,0.009661,0.322825,0.060010,0.000000,0.007253,0.015094,0.014750,0.000000,0.002357,0.053289,0.128801,0.056062,0.020598,0.004843,0.002449,,,0.000348,0.000611,0.000741,,0.208669,0.048717,
matrix-cpu,8,,,0.079294,0.060915,0.008789,0.166088,0.009183,0.021293,0.024837,0.009494,0.050346,0.023330,0.026943,0.019569,0.035920,0.009364,0.967394,0.001874,0.000467,0.001080,0.004342,0.393159,0.177498,0.034048,0.034026,0.006829,0.036515,0.096465,0.041437,0.103501,0.192573,0.006076,0.066290,0.187625,0.279924,0.019629,0.004427,0.029691,0.135041,0.252724,0.002412,0.002247,0.031194,0.061253,0.091842,0.004060,0.041412,0.032161,0.029970,0.031793,0.040579,0.006393,0.031051,0.029528,0.656157,0.199305,0.000000,0.014099,0.028731,0.028428,0.000000,0.004573,0.123346,0.257329,0.088531,0.040645,0.009815,0.004556,,,0.000521,0.000958,0.001759,,0.196730,0.027940,
matrix-cpu,4,,,0.093353,0.080174,0.028639,0.321979,0.017202,0.049528,0.051472,0.020896,0.154395,0.053351,0.053238,0.038204,0.107807,0.021551,0.933525,0.003504,0.000590,0.002891,0.008469,0.370205,0.274952,0.077509,0.113503,0.013367,0.123106,0.188765,0.088628,0.164286,0.280079,0.015465,0.139642,0.333398,0.510141,0.039274,0.011129,0.067860,0.439146,0.385214,0.004232,0.006641,0.061855,0.184682,0.248611,0.010439,0.089519,0.102485,0.111546,0.103034,0.088569,0.015327,0.067035,0.057955,1.299300,0.296386,0.000000,0.028105,0.057156,0.056649,0.000000,0.009340,0.199009,0.527647,0.172670,0.082705,0.019527,0.009883,,,0.001058,0.002186,0.005706,,0.202943,0.024390,
tioga-cpu,128,,,0.018809,0.009603,0.005991,0.010596,0.006866,0.009081,0.002112,0.003803,0.021821,0.021647,0.020569,0.024758,0.014077,0.009948,6.467053,0.000823,0.000440,0.001534,0.002209,2.425304,0.026139,0.013452,0.011847,0.001137,0.013239,0.073774,0.010340,0.019749,0.037552,0.006571,0.028598,0.062732,0.097396,0.006062,0.002444,0.010039,0.051392,0.090633,0.007243,0.001852,0.024712,0.021390,0.044536,0.001976,0.011411,0.011175,0.019682,0.011407,0.009936,0.004695,0.009626,0.010437,0.257336,0.026639,0.000000,0.012437,0.013999,0.009238,0.000000,0.003594,0.028044,0.013431,0.028300,0.008895,0.003223,0.001934,,,0.000763,0.000713,0.001073,,0.262396,0.063898,
tioga-cpu,64,,,0.020668,0.009801,0.006129,0.016344,0.007793,0.015422,0.004772,0.006592,0.023916,0.032105,0.031719,0.022699,0.018541,0.012342,3.561433,0.001305,0.000493,0.002249,0.003995,0.797372,0.022639,0.021563,0.022571,0.001489,0.022918,0.071546,0.027613,0.020462,0.038274,0.009356,0.035073,0.083005,0.131772,0.005532,0.003429,0.020342,0.076513,0.120465,0.007133,0.002556,0.033776,0.035332,0.059179,0.002997,0.026566,0.020820,0.028012,0.021260,0.027021,0.005917,0.014731,0.014526,0.373059,0.032800,0.000000,0.017256,0.020279,0.012704,0.000000,0.004890,0.031666,0.019676,0.041398,0.011322,0.004844,0.002543,,,0.000818,0.000826,0.001687,,0.285132,0.053652,
tioga-cpu,32,,,0.017845,0.009935,0.006601,0.032633,0.007745,0.026217,0.006483,0.008379,0.023922,0.031035,0.030697,0.023310,0.018486,0.013365,1.527202,0.001291,0.000496,0.002384,0.003985,0.652639,0.023010,0.021643,0.022771,0.001404,0.023168,0.071723,0.027415,0.020271,0.037642,0.012941,0.034437,0.074580,0.113919,0.006395,0.003985,0.020128,0.075186,0.087249,0.007206,0.002611,0.026099,0.035850,0.053918,0.003708,0.025880,0.019611,0.037114,0.019995,0.026420,0.005819,0.018135,0.014803,0.380429,0.032447,0.000000,0.017048,0.018860,0.012924,0.000000,0.004470,0.032493,0.037332,0.040741,0.011546,0.004509,0.002903,,,0.001172,0.000830,0.001639,,0.261056,0.042746,
tioga-cpu,16,,,0.046508,0.014489,0.018198,0.061706,0.011527,0.055838,0.016300,0.019603,0.032163,0.058146,0.058150,0.042628,0.026551,0.022856,1.565310,0.002398,0.000666,0.003873,0.007438,0.558261,0.034001,0.033093,0.046239,0.002042,0.046748,0.124228,0.039962,0.030137,0.048419,0.026690,0.043898,0.134236,0.201954,0.010482,0.007252,0.033484,0.117476,0.155963,0.005598,0.005251,0.041021,0.065978,0.096471,0.006577,0.037090,0.035847,0.070221,0.042113,0.027839,0.010063,0.034871,0.028909,0.715889,0.050418,0.000000,0.033269,0.030502,0.024660,0.000000,0.007687,0.055075,0.073188,0.060421,0.021225,0.007849,0.006115,,,0.001816,0.001245,0.004470,,0.240109,0.033955,
tioga-cpu,8,,,0.115242,0.072549,0.023903,0.120195,0.021391,0.110915,0.034029,0.041086,0.038813,0.113221,0.113276,0.081076,0.032344,0.041604,1.589293,0.004652,0.000868,0.006332,0.014250,0.394812,0.149364,0.050371,0.058134,0.003348,0.059550,0.247233,0.048212,0.070429,0.177182,0.042146,0.054828,0.266136,0.398664,0.019341,0.013108,0.042410,0.173042,0.307337,0.004728,0.009129,0.068090,0.091701,0.161865,0.012469,0.045586,0.043687,0.130380,0.051272,0.037462,0.018745,0.066264,0.057946,1.431806,0.085047,0.000000,0.065368,0.060077,0.048582,0.000000,0.014995,0.181083,0.137877,0.102652,0.041267,0.013493,0.011839,,,0.003205,0.004075,0.007918,,0.235679,0.035485,
tioga-cpu,4,,,0.148074,0.106418,0.025661,0.238190,0.041185,0.229972,0.069343,0.075701,0.108014,0.223340,0.223554,0.157890,0.078487,0.078450,1.366367,0.009186,0.001970,0.012359,0.027988,0.328535,0.317270,0.090997,0.080613,0.005852,0.084952,0.115799,0.071699,0.159955,0.361713,0.084347,0.099237,0.528073,0.793913,0.037022,0.025133,0.063988,0.305112,0.607810,0.006549,0.016237,0.122925,0.149881,0.320188,0.024583,0.063525,0.070735,0.252176,0.071789,0.062803,0.039830,0.132516,0.129918,2.855485,0.204889,0.000000,0.130798,0.119467,0.096933,0.000000,0.029770,0.248700,0.274432,0.195224,0.082280,0.022246,0.018267,,,0.006211,0.004609,0.006562,,0.232897,0.029845,
tuolumne-cpu,192,,,0.005577,0.001381,0.004851,0.009745,0.009516,0.003987,0.002028,0.003927,0.004985,0.029059,0.026215,0.037314,0.003724,0.012494,1.926667,0.000963,0.000752,0.001477,0.003122,0.965775,0.005131,0.006695,0.015892,0.001757,0.015659,0.082091,0.008429,0.006364,0.007610,0.002789,0.008121,0.015840,0.024797,0.003889,0.002593,0.015596,0.066521,0.018305,0.004229,0.001393,0.062919,0.026037,0.073339,0.002200,0.007851,0.013522,0.026987,0.013596,0.008154,0.002162,0.007303,0.004267,0.089342,0.005800,0.000000,0.006158,0.005454,0.003904,0.000001,0.001760,0.007813,0.063832,0.011172,0.003992,0.002067,0.001852,,,0.001365,0.001184,0.000966,,0.243080,0.188250,
tuolumne-cpu,96,,,0.012748,0.001832,0.004751,0.012020,0.010048,0.006879,0.002360,0.005336,0.007088,0.033080,0.032913,0.038663,0.005812,0.012632,1.801319,0.001346,0.000868,0.001947,0.003335,0.468440,0.008326,0.009158,0.016621,0.001988,0.016522,0.082826,0.009655,0.009258,0.008382,0.004796,0.009660,0.032113,0.048398,0.005592,0.002961,0.020386,0.071187,0.035346,0.004953,0.002060,0.117719,0.030539,0.103784,0.002228,0.008102,0.013669,0.031159,0.013793,0.008084,0.003092,0.007991,0.007662,0.174863,0.009384,0.000000,0.009486,0.008885,0.005967,0.000000,0.002611,0.014033,0.151196,0.017031,0.006459,0.002454,0.002188,,,0.001388,0.001148,0.001020,,0.189052,0.181473,
tuolumne-cpu,48,,,0.009730,0.002009,0.005141,0.018386,0.009143,0.007513,0.002496,0.004988,0.007007,0.034905,0.035481,0.027852,0.005623,0.013549,0.698677,0.001273,0.000750,0.001591,0.003793,0.384666,0.007869,0.008375,0.017918,0.001878,0.017797,0.081913,0.009386,0.009301,0.008300,0.005870,0.009868,0.039873,0.060759,0.006455,0.003447,0.014888,0.068355,0.044510,0.004742,0.002001,0.073272,0.030493,0.081559,0.002855,0.008203,0.013682,0.038417,0.014508,0.008263,0.003182,0.009559,0.009064,0.184966,0.009435,0.000000,0.009814,0.009292,0.008044,0.000000,0.002377,0.014803,0.021448,0.016345,0.006670,0.002374,0.002431,,,0.001864,0.001159,0.000972,,0.173738,0.173805,
tuolumne-cpu,32,,,0.020866,0.002429,0.004743,0.025440,0.009189,0.011186,0.003040,0.005799,0.007421,0.037078,0.037712,0.029210,0.006019,0.015132,0.759899,0.001556,0.000688,0.001940,0.004833,0.340777,0.009223,0.010664,0.017777,0.001986,0.018291,0.082148,0.010402,0.011253,0.010039,0.008519,0.011084,0.058750,0.087414,0.009676,0.004153,0.016733,0.068929,0.063588,0.006004,0.002330,0.080560,0.032070,0.085451,0.003231,0.008831,0.013267,0.045096,0.013834,0.008812,0.004529,0.013723,0.013755,0.277133,0.013182,0.000000,0.013765,0.013001,0.011322,0.000000,0.003267,0.022831,0.031357,0.022348,0.009274,0.002989,0.002763,,,0.001928,0.001096,0.000969,,0.167035,0.147222,
tuolumne-cpu,16,,,0.064746,0.005990,0.006279,0.045719,0.013164,0.036218,0.011080,0.012377,0.009882,0.054900,0.055324,0.041016,0.007979,0.022059,0.696385,0.002366,0.000614,0.002939,0.007547,0.326159,0.016762,0.017132,0.021148,0.002249,0.022167,0.092357,0.014198,0.017181,0.026322,0.031152,0.015070,0.110334,0.165544,0.015515,0.006124,0.018629,0.090662,0.124426,0.006544,0.003652,0.073448,0.040066,0.097615,0.005674,0.012028,0.017362,0.062960,0.017399,0.012480,0.009221,0.026809,0.026681,0.553329,0.024904,0.000000,0.026335,0.024471,0.021124,0.000000,0.006009,0.077050,0.061539,0.037670,0.016622,0.004748,0.003876,,,0.002942,0.000983,0.001285,,0.141791,0.087524,
tuolumne-cpu,8,,,0.099949,0.021585,0.008173,0.081511,0.018903,0.091060,0.023885,0.028444,0.017980,0.093525,0.093548,0.064328,0.014130,0.035175,0.574481,0.004321,0.000741,0.005274,0.011731,0.179283,0.044150,0.031667,0.030603,0.002996,0.032504,0.103999,0.021880,0.042332,0.077237,0.031020,0.025257,0.216737,0.325417,0.019882,0.010911,0.024113,0.127152,0.246227,0.005907,0.006602,0.067788,0.061711,0.147475,0.010225,0.019271,0.025194,0.108872,0.025457,0.019421,0.019679,0.046939,0.071648,1.107317,0.060111,0.000001,0.050070,0.046247,0.039426,0.000000,0.011831,0.213364,0.113933,0.068039,0.032186,0.008163,0.006586,,,0.002717,0.001229,0.001501,,0.109497,0.062200,
tuolumne-cpu,4,,,0.204891,0.057725,0.013341,0.155854,0.034037,0.190988,0.047115,0.054736,0.082111,0.175889,0.175934,0.121613,0.057055,0.064619,0.344310,0.008322,0.001178,0.010208,0.023139,0.135367,0.157186,0.068969,0.051110,0.004234,0.055424,0.104500,0.055370,0.112936,0.237496,0.062023,0.107748,0.431563,0.647795,0.033100,0.019901,0.051118,0.234359,0.490424,0.004817,0.012213,0.090766,0.104580,0.263412,0.019827,0.047941,0.042839,0.205063,0.042853,0.050029,0.056231,0.094082,0.279791,2.213469,0.149544,0.000001,0.099687,0.091479,0.078721,0.000000,0.023437,0.423110,0.226860,0.160160,0.065163,0.017633,0.012089,,,0.005114,0.001803,0.002344,,0.120235,0.015087,
borax, any min,,,0.054703,0.027906,0.014974,0.066258,0.009676,0.018300,0.008275,0.012460,0.030529,0.055773,0.055203,0.021537,0.022079,0.025823,1.238675,0.002395,0.000689,0.002375,0.004521,0.425149,0.069851,0.021504,0.053697,0.004641,0.053404,0.125412,0.034757,0.023129,0.044796,0.004238,0.039868,0.108680,0.169087,0.008246,0.009022,0.033999,0.207260,0.144109,0.003697,0.004333,0.041311,0.099015,0.123882,0.005703,0.034549,0.048349,0.049273,0.051145,0.034488,0.003879,0.017741,0.011447,0.352560,0.060344,,0.010034,0.017757,0.017503,,0.003292,0.080097,0.094571,0.040249,0.023264,0.006796,0.004493,,,0.001087,0.002218,0.003398,,0.296549,0.037888,
boraxo, any min,,,0.036873,0.017427,0.007873,0.071022,0.010181,0.010319,0.007410,0.007676,0.017870,0.026837,0.026310,0.016417,0.012726,0.011208,1.842876,0.001906,0.000602,0.001381,0.002659,0.670091,0.057834,0.013150,0.033575,0.004998,0.033718,0.115970,0.019829,0.025210,0.059119,0.003554,0.021364,0.316555,0.453696,0.007403,0.016577,0.024305,0.131897,0.393666,0.005467,0.005527,0.025119,0.059111,0.091873,0.009361,0.018564,0.029778,0.037038,0.029033,0.018890,0.002934,0.016865,0.009674,0.308756,0.056589,,0.008500,0.015200,0.016503,,0.002651,0.079921,0.103789,0.023500,0.023881,0.005736,0.003559,,,0.000891,0.001071,0.001956,,0.358275,0.046656,
corona-cpu, any min,,,0.008141,0.004195,0.006819,0.025359,0.008213,0.008303,0.006428,0.011957,0.012510,0.059836,0.035656,0.016231,0.010320,0.030243,0.635432,0.002654,0.000866,0.002269,0.003579,0.183957,0.012752,0.012322,0.032017,0.003375,0.033075,0.139852,0.017425,0.012273,0.015976,0.002974,0.019568,0.050016,0.078725,0.008204,0.004731,0.021253,0.101463,0.071030,0.006050,0.003257,0.035795,0.038724,0.071145,0.003694,0.016943,0.030053,0.034754,0.030063,0.021260,0.003649,0.009294,0.006463,0.171608,0.013881,,0.008212,0.008457,0.008287,,0.003160,0.020920,0.047928,0.022513,0.013583,0.004872,0.004063,,,0.000990,0.001131,0.002475,,0.155002,0.047712,
dane, any min,,,0.004343,0.002621,0.003182,0.026165,0.005528,0.004339,0.003692,0.003462,0.007523,0.013425,0.013488,0.006908,0.005373,0.006123,0.947065,0.000881,0.000450,0.000676,0.001359,0.370222,0.008600,0.006509,0.012789,0.002798,0.014310,0.046210,0.008611,0.005594,0.007544,0.001383,0.008057,0.029749,0.047285,0.003288,0.001864,0.009545,0.047760,0.041891,0.001767,0.000873,0.017309,0.020362,0.041235,0.001427,0.005947,0.009699,0.011521,0.009878,0.006068,0.001572,0.005043,0.003457,0.064620,0.006935,,0.003330,0.004851,0.004291,,0.001156,0.009483,0.028653,0.009680,0.006297,0.002230,0.001630,,,0.000344,0.000571,0.000605,,0.199077,0.022565,
mammoth, any min,,,0.007166,0.003666,0.006266,0.026520,0.006756,0.006184,0.006251,0.009097,0.010913,0.035513,0.023685,0.012836,0.008113,0.017068,1.074114,0.001312,0.000880,0.002050,0.002637,0.232162,0.011081,0.011190,0.020734,0.003002,0.021979,0.106132,0.015986,0.011207,0.015165,0.002853,0.018159,0.029221,0.046301,0.006606,0.003537,0.016645,0.079530,0.039676,0.004354,0.002397,0.029071,0.034853,0.058669,0.002697,0.015758,0.018434,0.022797,0.023314,0.015852,0.003300,0.007577,0.006616,0.091761,0.014726,,0.006905,0.008451,0.008541,,0.003437,0.017329,0.015522,0.017485,0.012605,0.003992,0.003399,,,0.000849,0.001102,0.001668,,0.162727,0.046331,
matrix-cpu, any min,,,0.004071,0.002110,0.003320,0.019822,0.005116,0.004038,0.003317,0.003351,0.010266,0.012678,0.012619,0.005856,0.007348,0.006010,0.933525,0.000862,0.000467,0.000683,0.001322,0.370205,0.006744,0.006077,0.011367,0.002647,0.012022,0.060581,0.007958,0.006337,0.006644,0.001327,0.007973,0.018651,0.029858,0.003733,0.001817,0.009364,0.046966,0.021812,0.001768,0.000865,0.017017,0.019607,0.035916,0.001277,0.005945,0.009681,0.011640,0.009752,0.005955,0.001423,0.003941,0.002737,0.061559,0.006456,,0.003174,0.003536,0.003496,,0.001081,0.008244,0.033505,0.010243,0.005527,0.002203,0.001575,,,0.000339,0.000578,0.000633,,0.196730,0.024390,
tioga-cpu, any min,,,0.017845,0.009603,0.005991,0.010596,0.006866,0.009081,0.002112,0.003803,0.021821,0.021647,0.020569,0.022699,0.014077,0.009948,1.366367,0.000823,0.000440,0.001534,0.002209,0.328535,0.022639,0.013452,0.011847,0.001137,0.013239,0.071546,0.010340,0.019749,0.037552,0.006571,0.028598,0.062732,0.097396,0.005532,0.002444,0.010039,0.051392,0.087249,0.004728,0.001852,0.024712,0.021390,0.044536,0.001976,0.011411,0.011175,0.019682,0.011407,0.009936,0.004695,0.009626,0.010437,0.257336,0.026639,,0.012437,0.013999,0.009238,,0.003594,0.028044,0.013431,0.028300,0.008895,0.003223,0.001934,,,0.000763,0.000713,0.001073,,0.232897,0.029845,
tuolumne-cpu, any min,,,0.005577,0.001381,0.004743,0.009745,0.009143,0.003987,0.002028,0.003927,0.004985,0.029059,0.026215,0.027852,0.003724,0.012494,0.344310,0.000963,0.000614,0.001477,0.003122,0.135367,0.005131,0.006695,0.015892,0.001757,0.015659,0.081913,0.008429,0.006364,0.007610,0.002789,0.008121,0.015840,0.024797,0.003889,0.002593,0.014888,0.066521,0.018305,0.004229,0.001393,0.062919,0.026037,0.073339,0.002200,0.007851,0.013267,0.026987,0.013596,0.008084,0.002162,0.007303,0.004267,0.089342,0.005800,0.000001,0.006158,0.005454,0.003904,0.000001,0.001760,0.007813,0.021448,0.011172,0.003992,0.002067,0.001852,,,0.001365,0.000983,0.000966,,0.109497,0.015087,
borax, any max,,,0.199625,0.108387,0.045115,0.440155,0.022611,0.123061,0.065960,0.079392,0.155740,0.189610,0.203627,0.095008,0.116951,0.090122,2.386181,0.009915,0.003373,0.004173,0.027159,2.160589,0.358721,0.089279,0.182412,0.016535,0.183171,0.219678,0.123629,0.228178,0.427080,0.024864,0.160133,0.630887,0.957114,0.061277,0.020782,0.097501,0.725961,0.715560,0.006477,0.007565,0.144513,0.297551,0.447734,0.020062,0.121656,0.157916,0.125179,0.162769,0.119866,0.021576,0.131900,0.103833,3.108396,0.457639,,0.070888,0.201904,0.196241,,0.017955,0.386966,0.706005,0.193205,0.191019,0.036349,0.020265,,,0.001825,0.005827,0.008749,,0.739087,0.372395,
boraxo, any max,,,0.131009,0.075679,0.046110,0.528015,0.028395,0.071893,0.082132,0.037187,0.168397,0.120054,0.120011,0.091367,0.117964,0.048427,5.872468,0.005609,0.003150,0.004681,0.013787,2.528498,0.228133,0.114173,0.188383,0.022082,0.190203,0.241224,0.151353,0.211780,0.313837,0.044112,0.213024,1.199787,1.889633,0.073768,0.032939,0.118354,0.680378,1.561648,0.009658,0.011287,0.139086,0.300439,0.479801,0.039866,0.147907,0.170262,0.186444,0.169995,0.147663,0.024529,0.157187,0.099164,2.975529,0.345717,,0.061516,0.191133,0.186678,,0.018349,0.335371,0.845976,0.249442,0.229149,0.041041,0.026786,,,0.002796,0.004801,0.009476,,0.741490,0.381139,
corona-cpu, any max,,,0.121219,0.084151,0.015340,0.339266,0.020414,0.060307,0.062457,0.071120,0.105033,0.199851,0.105249,0.056015,0.072577,0.098116,1.416485,0.010190,0.002498,0.006423,0.026802,0.619505,0.248872,0.049062,0.065949,0.008663,0.067224,0.206577,0.052467,0.139682,0.346898,0.015526,0.091491,0.382488,0.584052,0.054912,0.012911,0.043096,0.248091,0.435119,0.008519,0.006874,0.075558,0.110535,0.204347,0.011318,0.048476,0.054042,0.063988,0.059246,0.052716,0.018345,0.085882,0.089052,2.202016,0.372423,,0.049917,0.114246,0.114431,,0.016376,0.234581,0.546191,0.134003,0.130203,0.025046,0.014785,,,0.001925,0.002625,0.003831,,0.200429,0.511651,
dane, any max,,,0.102234,0.095383,0.028817,0.322551,0.020394,0.054150,0.051688,0.020596,0.170474,0.054416,0.054505,0.038206,0.120573,0.020199,18.436111,0.003518,0.016856,0.015631,0.008424,2.277815,0.329218,0.078463,0.115857,0.031184,0.116108,0.188966,0.087726,0.184666,0.315409,0.016430,0.141125,0.335130,0.505929,0.039306,0.011013,0.067134,0.437010,0.394339,0.006411,0.006684,0.061237,0.190985,0.239437,0.010460,0.088132,0.103101,0.111765,0.103873,0.088324,0.014603,0.067791,0.058067,1.291433,0.318469,,0.028413,0.057242,0.056740,,0.009367,0.202786,0.515293,0.181303,0.082856,0.019401,0.010353,,,0.002785,0.002330,0.005733,,0.725537,0.620810,
mammoth, any max,,,0.143738,0.100239,0.029112,0.340029,0.046705,0.066271,0.062282,0.072901,0.188191,0.198291,0.132034,0.058422,0.131447,0.096908,1.558270,0.009968,0.006350,0.007405,0.026709,0.870470,0.345704,0.061447,0.112295,0.013249,0.115118,0.596424,0.059996,0.199109,0.467915,0.019083,0.128735,0.389899,0.595620,0.053713,0.013195,0.079349,0.492204,0.463046,0.010514,0.008225,0.075240,0.172237,0.245847,0.011985,0.058587,0.101799,0.128940,0.101571,0.059481,0.020185,0.086020,0.079786,2.208058,0.503839,,0.049926,0.113645,0.113818,,0.015617,0.235795,0.545133,0.210236,0.129372,0.025153,0.015429,,,0.003575,0.005603,0.006665,,0.222356,1.279268,
matrix-cpu, any max,,,0.093353,0.080174,0.112568,0.321979,0.219575,0.049528,0.051472,0.079697,0.154395,0.561053,0.564846,0.038204,0.107807,0.229261,2.042834,0.011856,0.012341,0.012310,0.012194,0.924286,0.274952,0.108636,0.447627,0.035657,0.452898,0.260252,0.226683,0.164286,0.280079,0.015465,0.226936,0.333398,0.510141,0.039274,0.046348,0.293312,1.785637,0.385214,0.019460,0.027575,0.201162,0.726155,0.914007,0.023165,0.226437,0.406746,0.449214,0.407640,0.224644,0.015327,0.067035,0.057955,1.299300,0.296386,,0.038772,0.057156,0.056649,,0.011895,0.199009,0.527647,0.172670,0.082705,0.023783,0.034901,,,0.011694,0.024022,0.023358,,0.351104,6.332731,
tioga-cpu, any max,,,0.148074,0.106418,0.025661,0.238190,0.041185,0.229972,0.069343,0.075701,0.108014,0.223340,0.223554,0.157890,0.078487,0.078450,6.467053,0.009186,0.001970,0.012359,0.027988,2.425304,0.317270,0.090997,0.080613,0.005852,0.084952,0.247233,0.071699,0.159955,0.361713,0.084347,0.099237,0.528073,0.793913,0.037022,0.025133,0.063988,0.305112,0.607810,0.007243,0.016237,0.122925,0.149881,0.320188,0.024583,0.063525,0.070735,0.252176,0.071789,0.062803,0.039830,0.132516,0.129918,2.855485,0.204889,,0.130798,0.119467,0.096933,,0.029770,0.248700,0.274432,0.195224,0.082280,0.022246,0.018267,,,0.006211,0.004609,0.007918,,0.285132,0.063898,
tuolumne-cpu, any max,,,0.204891,0.057725,0.013341,0.155854,0.034037,0.190988,0.047115,0.054736,0.082111,0.175889,0.175934,0.121613,0.057055,0.064619,1.926667,0.008322,0.001178,0.010208,0.023139,0.965775,0.157186,0.068969,0.051110,0.004234,0.055424,0.104500,0.055370,0.112936,0.237496,0.062023,0.107748,0.431563,0.647795,0.033100,0.019901,0.051118,0.234359,0.490424,0.006544,0.012213,0.117719,0.104580,0.263412,0.019827,0.047941,0.042839,0.205063,0.042853,0.050029,0.056231,0.094082,0.279791,2.213469,0.149544,0.000001,0.099687,0.091479,0.078721,0.000001,0.023437,0.423110,0.226860,0.160160,0.065163,0.017633,0.012089,,,0.005114,0.001803,0.002344,,0.243080,0.188250,
borax, 72 (full),,,0.054703,0.027906,0.014974,0.066258,0.017975,0.018300,0.008275,0.012460,0.030529,0.055773,0.055203,0.021537,0.022079,0.025823,2.302989,0.002395,0.003373,0.003146,0.004521,1.413219,0.069851,0.021504,0.053697,0.007374,0.053404,0.204202,0.034757,0.023129,0.044796,0.004238,0.039868,0.108680,0.169087,0.008246,0.009022,0.033999,0.207260,0.144109,0.005392,0.004494,0.041311,0.099015,0.123882,0.005703,0.034549,0.048349,0.049273,0.051145,0.034488,0.003879,0.017741,0.011447,0.352560,0.060344,0.000000,0.010034,0.017757,0.017503,0.000000,0.003292,0.080097,0.094571,0.040249,0.023264,0.006796,0.004493,0.000000,0.000000,0.001349,0.002218,0.003398,0.000000,0.442482,0.372395,0.000000
boraxo, 72 (full),,,0.036873,0.017427,0.008937,0.071022,0.015377,0.010319,0.007410,0.007676,0.017870,0.039253,0.038873,0.016417,0.012726,0.016138,5.872468,0.002032,0.003150,0.003582,0.002659,1.718401,0.057834,0.013150,0.033575,0.007424,0.033718,0.181313,0.019829,0.025210,0.059119,0.003554,0.021364,0.345404,0.519166,0.007403,0.016577,0.024305,0.133299,0.416670,0.006142,0.006057,0.025119,0.059111,0.091873,0.009361,0.018564,0.030322,0.039745,0.029033,0.018890,0.002934,0.016865,0.009674,0.308756,0.056589,0.000000,0.008500,0.015200,0.016503,0.000000,0.002651,0.079921,0.103789,0.023500,0.023881,0.005736,0.003559,0.000000,0.000000,0.001306,0.001685,0.002018,0.000000,0.650700,0.381139,0.000000
corona-cpu, 96 (full),,,0.008141,0.004195,0.012665,0.025359,0.019684,0.008303,0.006428,0.011957,0.017407,0.066023,0.059171,0.016231,0.015156,0.031584,1.416485,0.002654,0.002498,0.002748,0.003579,0.619505,0.012752,0.015938,0.048190,0.005589,0.049179,0.183049,0.029272,0.012273,0.015976,0.002974,0.030004,0.050016,0.078725,0.008204,0.007031,0.037949,0.194053,0.071030,0.006658,0.003537,0.072697,0.080282,0.191368,0.004049,0.029142,0.042891,0.049445,0.044159,0.030040,0.003649,0.009294,0.006463,0.171608,0.013881,0.000000,0.008212,0.008457,0.008287,0.000000,0.003160,0.020920,0.050003,0.023304,0.013583,0.004872,0.004229,0.000000,0.000000,0.001743,0.002625,0.002756,0.000000,0.166561,0.511651,0.000000
dane, 224 (full),,,0.004343,0.002621,0.010678,0.026165,0.020394,0.005717,0.004258,0.008851,0.011823,0.054416,0.054505,0.007857,0.009030,0.020180,18.436111,0.003518,0.016856,0.015631,0.003585,2.277815,0.008600,0.011569,0.041645,0.031184,0.041489,0.092576,0.021395,0.005594,0.010699,0.001713,0.021384,0.049994,0.077376,0.003400,0.006899,0.032549,0.173327,0.068155,0.006411,0.002693,0.033978,0.080271,0.104723,0.003477,0.022520,0.037483,0.085832,0.037490,0.020981,0.001930,0.005043,0.003561,0.064620,0.006935,0.000000,0.005314,0.004851,0.004291,0.000000,0.001605,0.009483,0.028653,0.016704,0.006297,0.003063,0.003478,0.000000,0.000000,0.002785,0.002330,0.002301,0.000000,0.597240,0.620810,0.000000
mammoth, 256 (full),,,0.009997,0.005185,0.029112,0.035609,0.046705,0.013151,0.008227,0.019945,0.032478,0.132520,0.132034,0.024257,0.022792,0.052069,1.558270,0.003336,0.006350,0.007405,0.004024,0.870470,0.016718,0.033361,0.112295,0.013249,0.115118,0.150912,0.059996,0.014880,0.028216,0.004817,0.060331,0.029221,0.046301,0.007485,0.013160,0.079349,0.492204,0.042806,0.010514,0.008225,0.062561,0.172237,0.245847,0.007059,0.058587,0.101799,0.128940,0.101571,0.059481,0.005319,0.011711,0.009019,0.091761,0.017356,0.000000,0.013579,0.009340,0.009208,0.000000,0.005021,0.022698,0.015522,0.045147,0.017198,0.008332,0.007955,0.000000,0.000000,0.003575,0.005603,0.006665,0.000000,0.168270,1.279268,0.000000
matrix-cpu, 224 (full),,,0.014746,0.012368,0.112568,0.127296,0.219575,0.043471,0.035748,0.079697,0.114084,0.561053,0.564846,0.009057,0.080328,0.229261,1.998599,0.011856,0.012341,0.012310,0.012194,0.871155,0.050952,0.108636,0.447627,0.035657,0.452898,0.260252,0.226683,0.026659,0.091057,0.012711,0.226936,0.019620,0.029858,0.010348,0.046348,0.293312,1.785637,0.025830,0.019460,0.027575,0.201162,0.726155,0.914007,0.023165,0.226437,0.406746,0.449214,0.407640,0.224644,0.012219,0.024172,0.012832,0.065282,0.034058,0.000000,0.038772,0.014710,0.014930,0.000000,0.011895,0.027232,0.055069,0.161896,0.026730,0.023783,0.034901,0.000000,0.000000,0.011694,0.024022,0.023358,0.000000,0.349335,6.332731,0.000000
tioga-cpu, 128 (full),,,0.018809,0.009603,0.005991,0.010596,0.006866,0.009081,0.002112,0.003803,0.021821,0.021647,0.020569,0.024758,0.014077,0.009948,6.467053,0.000823,0.000440,0.001534,0.002209,2.425304,0.026139,0.013452,0.011847,0.001137,0.013239,0.073774,0.010340,0.019749,0.037552,0.006571,0.028598,0.062732,0.097396,0.006062,0.002444,0.010039,0.051392,0.090633,0.007243,0.001852,0.024712,0.021390,0.044536,0.001976,0.011411,0.011175,0.019682,0.011407,0.009936,0.004695,0.009626,0.010437,0.257336,0.026639,0.000000,0.012437,0.013999,0.009238,0.000000,0.003594,0.028044,0.013431,0.028300,0.008895,0.003223,0.001934,0.000000,0.000000,0.000763,0.000713,0.001073,0.000000,0.262396,0.063898,0.000000
tuolumne-cpu, 192 (full),,,0.005577,0.001381,0.004851,0.009745,0.009516,0.003987,0.002028,0.003927,0.004985,0.029059,0.026215,0.037314,0.003724,0.012494,1.926667,0.000963,0.000752,0.001477,0.003122,0.965775,0.005131,0.006695,0.015892,0.001757,0.015659,0.082091,0.008429,0.006364,0.007610,0.002789,0.008121,0.015840,0.024797,0.003889,0.002593,0.015596,0.066521,0.018305,0.004229,0.001393,0.062919,0.026037,0.073339,0.002200,0.007851,0.013522,0.026987,0.013596,0.008154,0.002162,0.007303,0.004267,0.089342,0.005800,0.000000,0.006158,0.005454,0.003904,0.000001,0.001760,0.007813,0.063832,0.011172,0.003992,0.002067,0.001852,0.000000,0.000000,0.001365,0.001184,0.000966,0.000000,0.243080,0.188250,0.000000
borax, 32 (half),,,0.084676,0.044849,0.022597,0.137002,0.012514,0.035309,0.014437,0.020783,0.042218,0.067060,0.067077,0.032385,0.030382,0.030733,2.386181,0.003368,0.001304,0.002523,0.008132,2.160589,0.082806,0.026375,0.077618,0.004641,0.077485,0.127014,0.040917,0.044711,0.076332,0.006803,0.049283,0.236649,0.363045,0.013898,0.011659,0.037925,0.260317,0.308085,0.006037,0.005688,0.063442,0.109356,0.158146,0.009957,0.040943,0.064501,0.063007,0.070823,0.040990,0.006096,0.036166,0.022206,0.786799,0.097098,0.000000,0.017958,0.039076,0.038530,0.000000,0.005310,0.161727,0.212521,0.053705,0.048547,0.009837,0.007821,0.000000,0.000000,0.001286,0.003194,0.004937,0.000000,0.739087,0.179762,0.000000
boraxo, 32 (half),,,0.067974,0.023996,0.009653,0.147005,0.012742,0.018455,0.013508,0.009500,0.033453,0.032184,0.032229,0.024336,0.023407,0.014172,4.288868,0.002126,0.001317,0.001620,0.004101,2.528498,0.077095,0.026068,0.039910,0.004998,0.040091,0.115970,0.035711,0.052572,0.094410,0.006034,0.051986,0.733221,1.121587,0.012755,0.024132,0.028743,0.143101,0.900532,0.007699,0.005527,0.040889,0.066476,0.129969,0.018330,0.035887,0.032981,0.037038,0.031557,0.035427,0.005019,0.035028,0.021454,0.693421,0.086678,0.000000,0.015024,0.033458,0.036335,0.000000,0.004354,0.174285,0.230397,0.051426,0.050660,0.009975,0.004534,0.000000,0.000000,0.000891,0.001392,0.002115,0.000000,0.741490,0.183920,0.000000
corona-cpu, 48 (half),,,0.017084,0.005165,0.009821,0.037695,0.013090,0.010816,0.008517,0.012332,0.015739,0.062854,0.047478,0.021752,0.010320,0.030765,1.227708,0.002783,0.001713,0.002269,0.005544,0.492884,0.018546,0.013548,0.039928,0.004255,0.050208,0.206577,0.021837,0.018318,0.016195,0.003859,0.024590,0.098319,0.155492,0.009253,0.005835,0.025781,0.176107,0.145651,0.008381,0.003277,0.048209,0.053055,0.088653,0.003694,0.018364,0.032779,0.040839,0.045939,0.022357,0.004329,0.014465,0.010492,0.322500,0.018782,0.000000,0.010985,0.013397,0.013279,0.000000,0.003875,0.037404,0.047928,0.024213,0.021658,0.005902,0.004164,0.000000,0.000000,0.001342,0.002034,0.002999,0.000000,0.188348,0.306224,0.000000
dane, 112 (half),,,0.008363,0.002732,0.005186,0.032487,0.009266,0.004748,0.003692,0.004801,0.007523,0.025149,0.024794,0.007930,0.005373,0.009466,3.636838,0.001165,0.004405,0.004379,0.001529,2.130382,0.009831,0.006509,0.019557,0.009195,0.019416,0.069746,0.010480,0.007051,0.008090,0.001383,0.010618,0.087019,0.142974,0.003288,0.005086,0.015832,0.081803,0.115173,0.005896,0.001423,0.027182,0.036252,0.065368,0.003135,0.010641,0.017315,0.024786,0.017786,0.010104,0.001572,0.005475,0.003529,0.098574,0.007757,0.000000,0.003862,0.005106,0.005115,0.000000,0.001305,0.012728,0.047676,0.009680,0.007646,0.002259,0.001915,0.000000,0.000000,0.000783,0.001113,0.001195,0.000000,0.725537,0.254915,0.000000
mammoth, 128 (half),,,0.009603,0.004981,0.017397,0.026520,0.025390,0.009921,0.006976,0.013752,0.020919,0.079258,0.076287,0.016203,0.014204,0.032507,1.386271,0.002302,0.003506,0.004156,0.003693,0.636196,0.015891,0.021063,0.065141,0.007419,0.065176,0.143510,0.035438,0.015148,0.021738,0.004228,0.037022,0.043177,0.066843,0.006636,0.008637,0.047267,0.295669,0.066273,0.008251,0.005364,0.066517,0.103252,0.161079,0.004920,0.034704,0.057713,0.071060,0.058970,0.032783,0.005215,0.011184,0.009900,0.142513,0.018045,0.000000,0.011634,0.010217,0.009756,0.000000,0.004924,0.023308,0.021929,0.030870,0.017813,0.006863,0.005541,0.000000,0.000000,0.002196,0.003319,0.004248,0.000000,0.205939,0.698442,0.000000
matrix-cpu, 112 (half),,,0.004071,0.002110,0.005885,0.019822,0.012264,0.004038,0.003317,0.004559,0.010266,0.028155,0.028530,0.005856,0.007348,0.010932,2.042834,0.001136,0.005671,0.005536,0.001407,0.924286,0.006744,0.007086,0.023016,0.011869,0.022953,0.074945,0.012412,0.006337,0.006644,0.001505,0.012232,0.018651,0.030573,0.003733,0.003136,0.015964,0.094354,0.021812,0.004814,0.001698,0.022721,0.037510,0.053565,0.001634,0.011517,0.020420,0.026389,0.020384,0.011631,0.001439,0.003941,0.002737,0.061559,0.006456,0.000000,0.003603,0.003536,0.003496,0.000000,0.001081,0.008244,0.033505,0.010308,0.005527,0.002207,0.002041,0.000000,0.000000,0.000816,0.001226,0.001299,0.000000,0.351104,0.358175,0.000000
tioga-cpu, 64 (half),,,0.020668,0.009801,0.006129,0.016344,0.007793,0.015422,0.004772,0.006592,0.023916,0.032105,0.031719,0.022699,0.018541,0.012342,3.561433,0.001305,0.000493,0.002249,0.003995,0.797372,0.022639,0.021563,0.022571,0.001489,0.022918,0.071546,0.027613,0.020462,0.038274,0.009356,0.035073,0.083005,0.131772,0.005532,0.003429,0.020342,0.076513,0.120465,0.007133,0.002556,0.033776,0.035332,0.059179,0.002997,0.026566,0.020820,0.028012,0.021260,0.027021,0.005917,0.014731,0.014526,0.373059,0.032800,0.000000,0.017256,0.020279,0.012704,0.000000,0.004890,0.031666,0.019676,0.041398,0.011322,0.004844,0.002543,0.000000,0.000000,0.000818,0.000826,0.001687,0.000000,0.285132,0.053652,0.000000
tuolumne-cpu, 96 (half),,,0.012748,0.001832,0.004751,0.012020,0.010048,0.006879,0.002360,0.005336,0.007088,0.033080,0.032913,0.038663,0.005812,0.012632,1.801319,0.001346,0.000868,0.001947,0.003335,0.468440,0.008326,0.009158,0.016621,0.001988,0.016522,0.082826,0.009655,0.009258,0.008382,0.004796,0.009660,0.032113,0.048398,0.005592,0.002961,0.020386,0.071187,0.035346,0.004953,0.002060,0.117719,0.030539,0.103784,0.002228,0.008102,0.013669,0.031159,0.013793,0.008084,0.003092,0.007991,0.007662,0.174863,0.009384,0.000000,0.009486,0.008885,0.005967,0.000000,0.002611,0.014033,0.151196,0.017031,0.006459,0.002454,0.002188,0.000000,0.000000,0.001388,0.001148,0.001020,0.000000,0.189052,0.181473,0.000000
borax, 16 (quarter),,,0.067921,0.039739,0.019936,0.123377,0.009676,0.034679,0.020519,0.026726,0.040333,0.066266,0.068019,0.033532,0.028956,0.031006,1.238675,0.003154,0.000844,0.002719,0.007756,0.722930,0.077723,0.027125,0.075479,0.005820,0.075657,0.174158,0.039844,0.050155,0.079608,0.007491,0.048148,0.174047,0.264647,0.021172,0.009972,0.034268,0.248778,0.197633,0.005344,0.005143,0.055022,0.105422,0.148612,0.006665,0.039889,0.068010,0.055641,0.068787,0.039585,0.006630,0.035947,0.024406,0.866279,0.101535,0.000000,0.020682,0.056892,0.055390,0.000000,0.005822,0.109824,0.195939,0.057547,0.053101,0.011352,0.007919,0.000000,0.000000,0.001297,0.003157,0.004814,0.000000,0.322044,0.111173,0.000000
boraxo, 16 (quarter),,,0.043433,0.024796,0.007873,0.133025,0.010181,0.017859,0.020124,0.009185,0.033041,0.026837,0.026310,0.026733,0.023242,0.011208,2.286706,0.001906,0.000842,0.001381,0.004003,1.213920,0.079085,0.024950,0.033631,0.006542,0.035324,0.159140,0.033784,0.053726,0.094467,0.011034,0.049374,0.316555,0.453696,0.020888,0.017633,0.025229,0.131897,0.393666,0.006808,0.007498,0.036447,0.064348,0.124050,0.011378,0.033383,0.029778,0.037446,0.029339,0.033290,0.005390,0.039807,0.022946,0.744682,0.087898,0.000000,0.015831,0.048984,0.047802,0.000000,0.004683,0.091508,0.212301,0.050441,0.057601,0.010347,0.006866,0.000000,0.000000,0.000999,0.001071,0.001956,0.000000,0.358275,0.094537,0.000000
corona-cpu, 32 (quarter),,,0.026356,0.006782,0.008443,0.048143,0.010335,0.012524,0.010810,0.014245,0.013690,0.065299,0.042595,0.021507,0.010590,0.032989,1.073887,0.003250,0.001320,0.002430,0.007384,0.483244,0.024437,0.013972,0.032017,0.003442,0.049855,0.139852,0.018628,0.024510,0.018982,0.004216,0.023529,0.146561,0.230839,0.011968,0.005332,0.022704,0.122931,0.213912,0.007086,0.003261,0.053175,0.043480,0.087745,0.004007,0.017331,0.032697,0.038635,0.059246,0.024035,0.004772,0.019771,0.014818,0.483996,0.028132,0.000000,0.014279,0.018580,0.018427,0.000000,0.004770,0.060853,0.070640,0.024129,0.030519,0.007215,0.004063,0.000000,0.000000,0.001091,0.001621,0.002908,0.000000,0.200429,0.223891,0.000000
dane, 56 (quarter),,,0.008338,0.002738,0.003762,0.027800,0.007072,0.004339,0.004546,0.003462,0.012967,0.016897,0.016785,0.006908,0.010053,0.009343,1.581671,0.000980,0.001830,0.001899,0.001359,0.705697,0.010287,0.007786,0.020338,0.003967,0.020253,0.079936,0.009916,0.008607,0.007544,0.001938,0.010057,0.029749,0.047285,0.005327,0.002481,0.011249,0.068985,0.041891,0.005291,0.001329,0.020574,0.028869,0.041828,0.001538,0.008952,0.015264,0.018174,0.015583,0.009001,0.001593,0.005273,0.003457,0.106398,0.008117,0.000000,0.003330,0.005098,0.004980,0.000000,0.001156,0.012515,0.047407,0.010793,0.007320,0.002230,0.001630,0.000000,0.000000,0.000485,0.000767,0.000855,0.000000,0.282782,0.169891,0.000000
mammoth, 64 (quarter),,,0.007166,0.003666,0.008605,0.027794,0.011642,0.006184,0.006251,0.009097,0.010913,0.038963,0.033535,0.012836,0.008113,0.017068,1.166644,0.001312,0.001693,0.002456,0.002637,0.601714,0.011081,0.011190,0.028430,0.003884,0.029337,0.171878,0.015986,0.011207,0.015165,0.002853,0.018159,0.031149,0.048446,0.006606,0.004465,0.020252,0.130153,0.039676,0.006754,0.002808,0.037123,0.043198,0.066469,0.002697,0.015924,0.025194,0.032361,0.025726,0.015852,0.003300,0.007577,0.006616,0.145050,0.014726,0.000000,0.006905,0.008451,0.008541,0.000000,0.003437,0.017329,0.035967,0.017485,0.012605,0.003992,0.003599,0.000000,0.000000,0.001246,0.001740,0.002502,0.000000,0.222356,0.340049,0.000000
matrix-cpu, 56 (quarter),,,0.008614,0.002628,0.003753,0.026662,0.006896,0.004250,0.004319,0.003354,0.012183,0.016877,0.016857,0.006831,0.009351,0.008800,1.594780,0.000960,0.001819,0.001860,0.001322,0.705767,0.009843,0.006077,0.014806,0.003651,0.014472,0.081598,0.008344,0.008164,0.007012,0.001327,0.008368,0.029310,0.045765,0.005111,0.002113,0.009364,0.056914,0.041881,0.004359,0.001078,0.020509,0.023635,0.035916,0.001277,0.007323,0.012562,0.015484,0.012673,0.007359,0.001423,0.005110,0.003292,0.100795,0.007752,0.000000,0.003174,0.004780,0.004761,0.000000,0.001083,0.012108,0.045691,0.010243,0.007095,0.002203,0.001575,0.000000,0.000000,0.000468,0.000745,0.000848,0.000000,0.269162,0.178289,0.000000
tioga-cpu, 32 (quarter),,,0.017845,0.009935,0.006601,0.032633,0.007745,0.026217,0.006483,0.008379,0.023922,0.031035,0.030697,0.023310,0.018486,0.013365,1.527202,0.001291,0.000496,0.002384,0.003985,0.652639,0.023010,0.021643,0.022771,0.001404,0.023168,0.071723,0.027415,0.020271,0.037642,0.012941,0.034437,0.074580,0.113919,0.006395,0.003985,0.020128,0.075186,0.087249,0.007206,0.002611,0.026099,0.035850,0.053918,0.003708,0.025880,0.019611,0.037114,0.019995,0.026420,0.005819,0.018135,0.014803,0.380429,0.032447,0.000000,0.017048,0.018860,0.012924,0.000000,0.004470,0.032493,0.037332,0.040741,0.011546,0.004509,0.002903,0.000000,0.000000,0.001172,0.000830,0.001639,0.000000,0.261056,0.042746,0.000000
tuolumne-cpu, 48 (quarter),,,0.009730,0.002009,0.005141,0.018386,0.009143,0.007513,0.002496,0.004988,0.007007,0.034905,0.035481,0.027852,0.005623,0.013549,0.698677,0.001273,0.000750,0.001591,0.003793,0.384666,0.007869,0.008375,0.017918,0.001878,0.017797,0.081913,0.009386,0.009301,0.008300,0.005870,0.009868,0.039873,0.060759,0.006455,0.003447,0.014888,0.068355,0.044510,0.004742,0.002001,0.073272,0.030493,0.081559,0.002855,0.008203,0.013682,0.038417,0.014508,0.008263,0.003182,0.009559,0.009064,0.184966,0.009435,0.000000,0.009814,0.009292,0.008044,0.000000,0.002377,0.014803,0.021448,0.016345,0.006670,0.002374,0.002431,0.000000,0.000000,0.001864,0.001159,0.000972,0.000000,0.173738,0.173805,0.000000
dane, 32,,,0.015914,0.003879,0.003428,0.044668,0.005800,0.006300,0.006905,0.003631,0.021010,0.014254,0.014182,0.007829,0.015142,0.006123,1.369735,0.000881,0.000893,0.000894,0.001486,0.616036,0.016354,0.008035,0.013998,0.002798,0.014480,0.046210,0.008611,0.012208,0.030714,0.001766,0.008057,0.052404,0.081093,0.010269,0.001864,0.009545,0.047760,0.072510,0.002883,0.000873,0.017310,0.020362,0.041235,0.001427,0.005947,0.009699,0.011792,0.009878,0.006068,0.001778,0.008431,0.005016,0.179204,0.016295,0.000000,0.004392,0.008387,0.008123,0.000000,0.001456,0.020342,0.075503,0.014596,0.011226,0.002764,0.001662,0.000000,0.000000,0.000346,0.000571,0.000605,0.000000,0.247758,0.091981,0.000000
mammoth, 32,,,0.012522,0.005253,0.006266,0.045636,0.006756,0.007752,0.008824,0.010879,0.012536,0.035513,0.023685,0.014837,0.010215,0.019514,1.231922,0.001533,0.001077,0.002050,0.004007,0.524543,0.015960,0.013255,0.020734,0.003002,0.021979,0.109969,0.016571,0.018065,0.018566,0.003304,0.020988,0.054997,0.083594,0.009223,0.003537,0.016645,0.079530,0.062740,0.004354,0.002397,0.033241,0.034853,0.058669,0.002838,0.015758,0.018434,0.022797,0.023314,0.016510,0.004334,0.012089,0.009951,0.286141,0.022943,0.000000,0.008678,0.015127,0.015135,0.000000,0.003476,0.030696,0.068731,0.023397,0.019957,0.004913,0.003399,0.000000,0.000000,0.000849,0.001122,0.001668,0.000000,0.209416,0.142310,0.000000
matrix-cpu, 32,,,0.014098,0.003924,0.003320,0.043520,0.005116,0.006094,0.006668,0.003351,0.019996,0.012678,0.012619,0.007812,0.014093,0.006155,1.346428,0.000862,0.000960,0.000898,0.001469,0.634215,0.016438,0.007190,0.011367,0.002647,0.012022,0.060581,0.007958,0.011845,0.028972,0.001675,0.007973,0.051516,0.088273,0.010235,0.001817,0.009523,0.046966,0.072802,0.002595,0.000865,0.017798,0.019607,0.038928,0.001489,0.005945,0.009681,0.011883,0.009752,0.005955,0.001819,0.008348,0.004949,0.175621,0.017122,0.000000,0.004338,0.008124,0.008048,0.000000,0.001411,0.019982,0.074145,0.014386,0.011612,0.002762,0.001591,0.000000,0.000000,0.000339,0.000578,0.000633,0.000000,0.241762,0.094159,0.000000
tuolumne-cpu, 32,,,0.020866,0.002429,0.004743,0.025440,0.009189,0.011186,0.003040,0.005799,0.007421,0.037078,0.037712,0.029210,0.006019,0.015132,0.759899,0.001556,0.000688,0.001940,0.004833,0.340777,0.009223,0.010664,0.017777,0.001986,0.018291,0.082148,0.010402,0.011253,0.010039,0.008519,0.011084,0.058750,0.087414,0.009676,0.004153,0.016733,0.068929,0.063588,0.006004,0.002330,0.080560,0.032070,0.085451,0.003231,0.008831,0.013267,0.045096,0.013834,0.008812,0.004529,0.013723,0.013755,0.277133,0.013182,0.000000,0.013765,0.013001,0.011322,0.000000,0.003267,0.022831,0.031357,0.022348,0.009274,0.002989,0.002763,0.000000,0.000000,0.001928,0.001096,0.000969,0.000000,0.167035,0.147222,0.000000
