machine,core,Kernel,Kernel,Basic_ARRAY_OF_PTRS,Basic_COPY8,Basic_DAXPY,Basic_DAXPY_ATOMIC,Basic_EMPTY,Basic_IF_QUAD,Basic_INDEXLIST,Basic_INDEXLIST_3LOOP,Basic_INIT3,Basic_INIT_VIEW1D,Basic_INIT_VIEW1D_OFFSET,Basic_MAT_MAT_SHARED,Basic_MULADDSUB,Basic_NESTED_INIT,Basic_PI_ATOMIC,Basic_PI_REDUCE,Basic_REDUCE3_INT,Basic_REDUCE_STRUCT,Basic_TRAP_INT,Basic_MULTI_REDUCE,Lcals_DIFF_PREDICT,Lcals_EOS,Lcals_FIRST_DIFF,Lcals_FIRST_MIN,Lcals_FIRST_SUM,Lcals_GEN_LIN_RECUR,Lcals_HYDRO_1D,Lcals_HYDRO_2D,Lcals_INT_PREDICT,Lcals_PLANCKIAN,Lcals_TRIDIAG_ELIM,Polybench_2MM,Polybench_3MM,Polybench_ADI,Polybench_ATAX,Polybench_FDTD_2D,Polybench_FLOYD_WARSHALL,Polybench_GEMM,Polybench_GEMVER,Polybench_GESUMMV,Polybench_HEAT_3D,Polybench_JACOBI_1D,Polybench_JACOBI_2D,Polybench_MVT,Stream_ADD,Stream_COPY,Stream_DOT,Stream_MUL,Stream_TRIAD,Apps_CONVECTION3DPA,Apps_DEL_DOT_VEC_2D,Apps_DIFFUSION3DPA,Apps_EDGE3D,Apps_ENERGY,Apps_FEMSWEEP,Apps_FIR,Apps_LTIMES,Apps_LTIMES_NOVIEW,Apps_MASS3DEA,Apps_MASS3DPA,Apps_MATVEC_3D_STENCIL,Apps_NODAL_ACCUMULATION_3D,Apps_PRESSURE,Apps_VOL3D,Apps_ZONAL_ACCUMULATION_3D,Algorithm_SCAN,Algorithm_SORT,Algorithm_SORTPAIRS,Algorithm_REDUCE_SUM,Algorithm_MEMSET,Algorithm_MEMCPY,Algorithm_ATOMIC,Algorithm_HISTOGRAM,Comm_HALO_PACKING,Comm_HALO_PACKING_FUSED
borax,72,Base_OpenMP,default,0.020928,0.005383,0.009226,0.038609,0.016586,0.010569,0.004767,0.008417,0.026681,0.047375,0.047433,0.009823,0.019407,0.020557,0.937143,0.001605,0.003017,0.003431,0.002954,0.673623,0.015678,0.013939,0.034840,0.007036,0.035005,0.108063,0.027022,0.012521,0.020228,0.003523,0.026455,0.031375,0.046684,0.004303,0.005731,0.022918,0.100421,0.038489,0.004694,0.002617,0.027503,0.058263,0.076731,0.002226,0.020043,0.030776,0.035189,0.033322,0.026611,0.002557,0.009673,0.006359,0.178576,0.019716,0.000000,0.006306,0.010429,0.010267,0.000001,0.002079,0.024859,0.047770,0.023442,0.012496,0.004668,0.003004,Not run,Not run,0.001184,0.001876,0.002087,Not run,0.224305,0.378469,Not run
borax,32,Base_OpenMP,default,0.030959,0.007047,0.012806,0.070576,0.009112,0.018347,0.007665,0.010771,0.027064,0.039736,0.039827,0.015045,0.019696,0.018367,1.069555,0.002018,0.001217,0.001388,0.004382,1.143113,0.020817,0.014939,0.046602,0.003195,0.046576,0.066764,0.031307,0.022054,0.024718,0.003710,0.027913,0.068295,0.103736,0.006632,0.007846,0.029404,0.107295,0.078472,0.003608,0.003030,0.043177,0.064548,0.098352,0.003542,0.031178,0.041130,0.038369,0.042347,0.031472,0.003473,0.018512,0.011392,0.399673,0.029645,0.000000,0.009563,0.019752,0.019505,0.000000,0.002891,0.047450,0.104012,0.039561,0.024859,0.005310,0.003750,Not run,Not run,0.000747,0.001331,0.002720,Not run,0.370827,0.182756,Not run
borax,16,Base_OpenMP,default,0.026408,0.007179,0.012289,0.062827,0.006573,0.018369,0.010560,0.013505,0.031774,0.034865,0.036694,0.015342,0.022985,0.016048,0.614289,0.001853,0.000699,0.001421,0.004072,0.524860,0.025888,0.018233,0.044450,0.003372,0.044341,0.090897,0.030096,0.022805,0.024808,0.004617,0.026370,0.056785,0.085623,0.010318,0.005134,0.026431,0.099555,0.066854,0.003613,0.003763,0.032961,0.060565,0.076858,0.003370,0.029873,0.039508,0.035947,0.040656,0.029907,0.003887,0.018258,0.013209,0.438014,0.033462,0.000000,0.010609,0.029427,0.029122,0.000000,0.003039,0.039647,0.097068,0.042494,0.026835,0.005989,0.004219,Not run,Not run,0.000634,0.001037,0.002598,Not run,0.156915,0.112012,Not run
borax,8,Base_OpenMP,default,0.058910,0.031666,0.012903,0.122018,0.007265,0.033590,0.018234,0.021998,0.035427,0.054678,0.058603,0.021093,0.024317,0.025920,0.807123,0.002854,0.000483,0.001172,0.007590,0.313366,0.057502,0.022605,0.052175,0.004737,0.052181,0.058773,0.034004,0.045313,0.055436,0.006549,0.041980,0.112330,0.169796,0.016158,0.005739,0.028303,0.148454,0.132184,0.002106,0.002334,0.043564,0.083868,0.110227,0.005285,0.033701,0.044274,0.035688,0.046702,0.033782,0.005802,0.034973,0.023095,0.873666,0.084744,0.000000,0.019913,0.056605,0.055069,0.000000,0.005031,0.103493,0.192431,0.046692,0.052413,0.009706,0.005604,Not run,Not run,0.000578,0.001669,0.002469,Not run,0.170422,0.039544,Not run
borax,4,Base_OpenMP,default,0.100303,0.043825,0.022784,0.220136,0.011607,0.059568,0.032891,0.039737,0.062966,0.095764,0.102888,0.037339,0.044470,0.045458,0.678948,0.005048,0.000623,0.002044,0.013477,0.318737,0.104261,0.040927,0.090770,0.008356,0.092057,0.103201,0.059926,0.082324,0.102534,0.011699,0.075545,0.203641,0.307387,0.029129,0.009700,0.049514,0.263107,0.239074,0.003272,0.004040,0.075120,0.148850,0.193955,0.009326,0.059997,0.079518,0.064658,0.081778,0.060473,0.010254,0.063187,0.041443,1.570093,0.149279,0.000000,0.035782,0.101069,0.098095,0.000000,0.009080,0.187404,0.347943,0.083079,0.094780,0.017441,0.010221,Not run,Not run,0.000961,0.002925,0.004405,Not run,0.122671,0.030824,Not run
borax,72,Base_OpenMP,default,0.020339,0.005390,0.009555,0.039285,0.017284,0.010486,0.004739,0.008666,0.018497,0.048488,0.048917,0.009953,0.013029,0.021060,1.062177,0.001585,0.003084,0.003465,0.002946,0.690737,0.015481,0.019413,0.036238,0.007309,0.038330,0.108749,0.021163,0.012271,0.021299,0.002652,0.036271,0.031259,0.048935,0.004279,0.005682,0.023588,0.103775,0.041542,0.004600,0.002736,0.028302,0.059951,0.082995,0.002186,0.024092,0.033647,0.036238,0.032885,0.021112,0.002139,0.009587,0.005995,0.178590,0.020563,0.000000,0.006335,0.010424,0.010267,0.000000,0.002069,0.024548,0.047848,0.033160,0.012395,0.004518,0.003084,Not run,Not run,0.001237,0.001899,0.002071,Not run,0.213869,0.390681,Not run
borax,32,Base_OpenMP,default,0.030507,0.007035,0.012979,0.070643,0.009066,0.018223,0.007710,0.010704,0.023762,0.039843,0.039895,0.015035,0.019322,0.018394,1.069176,0.001982,0.001165,0.001358,0.004333,1.121925,0.021668,0.015005,0.046908,0.003145,0.046788,0.066572,0.031796,0.021962,0.025440,0.003564,0.033320,0.061260,0.100104,0.006528,0.007817,0.029737,0.107522,0.080966,0.003680,0.003125,0.034690,0.071253,0.098303,0.003565,0.031712,0.041900,0.040253,0.042782,0.032004,0.003385,0.018434,0.011180,0.399642,0.029721,0.000000,0.009508,0.019767,0.019498,0.000000,0.002839,0.048385,0.103974,0.029682,0.024731,0.005240,0.003737,Not run,Not run,0.000727,0.001331,0.002685,Not run,0.375035,0.185607,Not run
borax,16,Base_OpenMP,default,0.026195,0.007098,0.011860,0.062765,0.006276,0.018155,0.010444,0.013438,0.031477,0.035174,0.036941,0.015385,0.022829,0.015844,0.684560,0.001650,0.000651,0.001355,0.004075,0.551418,0.025506,0.014922,0.043742,0.003340,0.043768,0.090520,0.029382,0.022680,0.024460,0.004601,0.025940,0.056717,0.088421,0.010169,0.005341,0.026136,0.105628,0.066786,0.003703,0.003713,0.030407,0.065505,0.083119,0.003288,0.029387,0.038694,0.035565,0.039324,0.029437,0.003760,0.018169,0.012061,0.438712,0.033101,0.000000,0.010539,0.029435,0.028634,0.000000,0.002971,0.039818,0.096967,0.041343,0.027085,0.005811,0.004057,Not run,Not run,0.000613,0.001014,0.002488,Not run,0.155912,0.112164,Not run
borax,8,Base_OpenMP,default,0.058300,0.030518,0.012906,0.122027,0.007179,0.033603,0.018274,0.022069,0.035413,0.054700,0.058637,0.020919,0.024049,0.025902,0.739257,0.002857,0.000463,0.001176,0.007510,0.299438,0.056308,0.022587,0.052251,0.004737,0.052255,0.059083,0.033913,0.045729,0.053086,0.006545,0.041975,0.112382,0.169755,0.016141,0.005787,0.028292,0.148763,0.132195,0.002044,0.002328,0.043798,0.083799,0.111175,0.005284,0.033717,0.044341,0.035646,0.046707,0.033809,0.005803,0.034971,0.023064,0.875023,0.083059,0.000001,0.019977,0.056603,0.055077,0.000000,0.005058,0.104307,0.192432,0.046726,0.053249,0.009740,0.005615,Not run,Not run,0.000583,0.001680,0.002460,Not run,0.160645,0.039947,Not run
borax,4,Base_OpenMP,default,0.100895,0.043041,0.022729,0.220017,0.011592,0.060496,0.032899,0.039760,0.063740,0.095665,0.102726,0.037306,0.044277,0.045392,0.636622,0.005003,0.000623,0.002038,0.013504,0.310120,0.102355,0.041083,0.090870,0.008311,0.091919,0.103448,0.060048,0.085098,0.095981,0.011704,0.075292,0.203843,0.307546,0.029297,0.009691,0.049588,0.262866,0.239111,0.003258,0.004031,0.075296,0.148253,0.194841,0.009363,0.060251,0.079332,0.064554,0.081903,0.060346,0.010266,0.063213,0.041470,1.570306,0.147622,0.000000,0.035873,0.100719,0.098085,0.000000,0.009065,0.188025,0.347776,0.083017,0.096537,0.017433,0.010220,Not run,Not run,0.000947,0.002842,0.004391,Not run,0.127139,0.031384,Not run
borax,72,Base_OpenMP,default,0.017152,0.005454,0.010033,0.039031,0.015958,0.010516,0.004729,0.008952,0.018236,0.048539,0.046292,0.009859,0.013203,0.020888,0.934601,0.001632,0.003033,0.003400,0.002804,0.660520,0.015581,0.013800,0.036081,0.007317,0.036600,0.109784,0.027204,0.012530,0.020220,0.002724,0.026488,0.031153,0.046555,0.004227,0.005672,0.023533,0.103755,0.041388,0.004748,0.002738,0.028632,0.060327,0.083430,0.002216,0.020566,0.029587,0.039059,0.032955,0.027000,0.002528,0.009782,0.006129,0.178677,0.019656,0.000000,0.006347,0.010446,0.010288,0.000000,0.002077,0.024567,0.047855,0.023442,0.012479,0.004381,0.003050,Not run,Not run,0.001201,0.001921,0.002104,Not run,0.209175,0.390076,Not run
borax,32,Base_OpenMP,default,0.033994,0.007079,0.012988,0.070667,0.009216,0.018264,0.007660,0.010740,0.023763,0.039957,0.040138,0.015234,0.016910,0.018450,1.152816,0.001867,0.001210,0.001403,0.004322,1.182727,0.021636,0.014974,0.047003,0.003226,0.046968,0.066752,0.031959,0.021959,0.025458,0.003625,0.028220,0.068653,0.101261,0.006515,0.007994,0.029808,0.107925,0.078527,0.003611,0.003045,0.034828,0.064678,0.098719,0.003638,0.031700,0.042074,0.040092,0.042822,0.032041,0.003445,0.018459,0.011251,0.399702,0.029785,0.000000,0.009567,0.019813,0.019521,0.000000,0.002862,0.046809,0.104024,0.029687,0.024817,0.005253,0.003798,Not run,Not run,0.000724,0.001307,0.002717,Not run,0.385297,0.186175,Not run
borax,16,Base_OpenMP,default,0.025764,0.007129,0.011972,0.062767,0.006303,0.018181,0.010712,0.013506,0.031446,0.035371,0.037302,0.015309,0.022878,0.015987,0.629942,0.001813,0.000622,0.001392,0.005518,0.523007,0.025888,0.020573,0.043991,0.003330,0.043784,0.090595,0.029351,0.022777,0.024563,0.004620,0.026188,0.056872,0.085683,0.010227,0.005331,0.026301,0.107889,0.066865,0.003635,0.004214,0.033340,0.059287,0.083345,0.003276,0.029481,0.039175,0.035214,0.039920,0.029660,0.003802,0.018223,0.013133,0.438137,0.033202,0.000000,0.010576,0.030154,0.028999,0.000000,0.002993,0.039635,0.097161,0.032187,0.027017,0.005921,0.004135,Not run,Not run,0.000628,0.001022,0.002524,Not run,0.155119,0.112533,Not run
borax,8,Base_OpenMP,default,0.058387,0.031515,0.012908,0.122022,0.007257,0.033601,0.018260,0.022065,0.035390,0.054644,0.058566,0.020987,0.024305,0.025922,0.795255,0.002852,0.000488,0.001177,0.007496,0.292482,0.054100,0.022633,0.052227,0.004726,0.052241,0.059129,0.033999,0.044975,0.050803,0.006557,0.041981,0.112394,0.169372,0.016149,0.005708,0.028275,0.148530,0.132202,0.002035,0.002338,0.043644,0.083834,0.110807,0.005288,0.033705,0.044254,0.035639,0.046640,0.033784,0.005813,0.034995,0.023047,0.875070,0.083267,0.000000,0.019904,0.056597,0.055068,0.000000,0.005056,0.103874,0.192442,0.046736,0.053225,0.009749,0.005621,Not run,Not run,0.000589,0.001681,0.002461,Not run,0.150414,0.038996,Not run
borax,4,Base_OpenMP,default,0.101527,0.043622,0.022716,0.220115,0.011617,0.060336,0.032956,0.039712,0.062809,0.095854,0.102888,0.037702,0.044401,0.045379,0.650113,0.005006,0.000645,0.002117,0.013461,0.323591,0.094960,0.040537,0.092057,0.008337,0.090741,0.103386,0.060726,0.081451,0.091956,0.011722,0.074150,0.203714,0.306325,0.029159,0.009670,0.049819,0.261706,0.239565,0.003299,0.004103,0.075937,0.147180,0.194767,0.009346,0.060436,0.079386,0.065450,0.082334,0.060031,0.010389,0.063208,0.041763,1.573650,0.146910,0.000000,0.035863,0.100732,0.098122,0.000000,0.009085,0.188315,0.347904,0.083062,0.096216,0.017376,0.010235,Not run,Not run,0.000961,0.002922,0.004424,Not run,0.131720,0.030494,Not run
boraxo,72,Base_OpenMP,default,0.014488,0.004401,0.007531,0.039324,0.013872,0.006459,0.004397,0.005820,0.010600,0.035589,0.035238,0.010294,0.007467,0.014473,2.921016,0.001425,0.003081,0.003312,0.001858,0.790194,0.011644,0.009455,0.029169,0.006908,0.029293,0.096998,0.015944,0.011461,0.016785,0.002171,0.015958,0.047094,0.061737,0.004336,0.014543,0.019328,0.085343,0.070058,0.005308,0.002666,0.018616,0.049595,0.067662,0.002422,0.015322,0.025696,0.037352,0.025755,0.015183,0.001791,0.009232,0.005296,0.156284,0.014828,0.000000,0.005292,0.009175,0.009715,0.000000,0.001652,0.030256,0.051999,0.013484,0.012770,0.003552,0.002648,Not run,Not run,0.001117,0.001500,0.001669,Not run,0.323542,0.387496,Not run
boraxo,32,Base_OpenMP,default,0.028970,0.007236,0.006011,0.075166,0.009809,0.009654,0.006862,0.005436,0.015275,0.024186,0.023883,0.012612,0.010814,0.010436,2.161856,0.001573,0.000994,0.001253,0.002524,1.229357,0.021456,0.010379,0.022549,0.003535,0.022509,0.059682,0.013493,0.023812,0.029022,0.003183,0.016455,0.117059,0.135212,0.006862,0.013588,0.015253,0.064975,0.196509,0.004681,0.005679,0.024782,0.040806,0.067830,0.003783,0.012729,0.018371,0.023721,0.018680,0.012792,0.002588,0.017417,0.010347,0.351653,0.032110,0.000000,0.007997,0.017189,0.018362,0.000000,0.002315,0.077241,0.114012,0.019406,0.025891,0.005247,0.002694,Not run,Not run,0.000664,0.001047,0.001186,Not run,0.374664,0.184775,Not run
boraxo,16,Base_OpenMP,default,0.019974,0.007460,0.004954,0.067295,0.006843,0.009101,0.009870,0.004899,0.018380,0.018759,0.018372,0.010870,0.012282,0.007854,1.085995,0.001318,0.000580,0.000930,0.002415,0.941580,0.022610,0.009550,0.019142,0.003793,0.019288,0.083292,0.011695,0.024952,0.029008,0.005655,0.015881,0.046339,0.067744,0.010091,0.006233,0.012139,0.050981,0.053545,0.004877,0.011190,0.021858,0.034313,0.052641,0.002736,0.010364,0.014363,0.021889,0.014854,0.010215,0.002674,0.019830,0.010707,0.376642,0.032796,0.000000,0.008143,0.025244,0.024789,0.000000,0.002390,0.041485,0.104887,0.018911,0.029439,0.005164,0.003661,Not run,Not run,0.000788,0.000835,0.000951,Not run,0.175404,0.104660,Not run
boraxo,8,Base_OpenMP,default,0.036877,0.022268,0.005593,0.131760,0.008282,0.017293,0.019332,0.007992,0.031206,0.022353,0.021884,0.017523,0.022130,0.010731,0.922922,0.001547,0.000349,0.000851,0.003593,0.436242,0.053433,0.023781,0.027213,0.005738,0.029716,0.051570,0.032580,0.052483,0.073556,0.010912,0.047494,0.091962,0.134031,0.016850,0.005608,0.023825,0.093424,0.104950,0.002336,0.002298,0.035288,0.055582,0.091143,0.004232,0.032442,0.022254,0.030424,0.022349,0.032407,0.005000,0.039618,0.022020,0.752326,0.084557,0.000000,0.015393,0.048902,0.047501,0.000000,0.004532,0.088712,0.208688,0.048337,0.057879,0.009645,0.006352,Not run,Not run,0.000805,0.000782,0.001460,Not run,0.175866,0.046060,Not run
boraxo,4,Base_OpenMP,default,0.066757,0.033932,0.022552,0.264245,0.014697,0.034765,0.041204,0.017678,0.061710,0.045491,0.044655,0.034317,0.043343,0.024287,0.958503,0.002867,0.000444,0.002301,0.006974,0.454549,0.094007,0.045473,0.090210,0.011098,0.090239,0.096681,0.067740,0.105013,0.134365,0.021735,0.092011,0.182560,0.269485,0.033343,0.008716,0.052396,0.213242,0.209265,0.003394,0.005280,0.072628,0.145501,0.199540,0.008393,0.067666,0.081160,0.090176,0.081327,0.067756,0.010207,0.078831,0.045818,1.504977,0.156637,0.000000,0.031370,0.095564,0.093316,0.000000,0.009092,0.168101,0.417001,0.099668,0.115925,0.019493,0.013115,Not run,Not run,0.001433,0.001694,0.004490,Not run,0.174237,0.040451,Not run
boraxo,72,Base_OpenMP,default,0.013870,0.004453,0.007534,0.039382,0.014057,0.006414,0.004410,0.005815,0.010542,0.035643,0.035242,0.010120,0.007474,0.014523,3.033722,0.001355,0.003001,0.003206,0.001911,0.765585,0.011661,0.009412,0.028883,0.006759,0.029070,0.097496,0.015737,0.011503,0.016775,0.002173,0.015723,0.046995,0.060058,0.004328,0.013770,0.019053,0.084470,0.062169,0.005240,0.002595,0.018036,0.049577,0.067362,0.002394,0.015286,0.025814,0.036805,0.025553,0.014952,0.001787,0.009124,0.005279,0.156226,0.015267,0.000000,0.005309,0.009010,0.009736,0.000000,0.001631,0.031294,0.052000,0.013475,0.012702,0.003517,0.002632,Not run,Not run,0.001101,0.001507,0.001633,Not run,0.315005,0.385592,Not run
boraxo,32,Base_OpenMP,default,0.027801,0.007229,0.006075,0.075281,0.009293,0.009683,0.006849,0.005410,0.015072,0.023990,0.023772,0.012483,0.010628,0.010215,2.121450,0.001610,0.001028,0.001271,0.002531,1.254236,0.021450,0.010125,0.022341,0.003706,0.022256,0.059221,0.013650,0.023451,0.028250,0.003182,0.016630,0.116632,0.136071,0.006836,0.011844,0.015308,0.063873,0.188185,0.004812,0.005453,0.025148,0.040405,0.067183,0.003899,0.013027,0.018487,0.023773,0.018705,0.013105,0.002560,0.017491,0.010364,0.350810,0.031429,0.000000,0.007982,0.017112,0.018557,0.000000,0.002309,0.076209,0.114053,0.019751,0.025896,0.005229,0.002667,Not run,Not run,0.000664,0.001053,0.001165,Not run,0.373837,0.185070,Not run
boraxo,16,Base_OpenMP,default,0.019386,0.007388,0.004815,0.067257,0.006871,0.009137,0.009880,0.004935,0.018146,0.018529,0.018530,0.010896,0.012109,0.007781,1.180839,0.001060,0.000587,0.000914,0.002613,1.006718,0.022745,0.009355,0.019522,0.003988,0.019450,0.082389,0.011557,0.024829,0.028503,0.005673,0.014836,0.049193,0.070834,0.010073,0.017717,0.012246,0.050434,0.053428,0.004767,0.011440,0.020546,0.034549,0.052297,0.002535,0.010694,0.014473,0.022139,0.014818,0.010498,0.002705,0.019826,0.010770,0.376530,0.032138,0.000000,0.008135,0.025494,0.024815,0.000000,0.002385,0.041229,0.104911,0.019125,0.029231,0.005244,0.003675,Not run,Not run,0.000791,0.001026,0.000953,Not run,0.179928,0.105057,Not run
boraxo,8,Base_OpenMP,default,0.035007,0.021249,0.006899,0.131920,0.008329,0.017376,0.019275,0.007955,0.031434,0.022245,0.021849,0.017534,0.021993,0.010713,0.915895,0.001546,0.000332,0.000904,0.003581,0.412183,0.052764,0.023351,0.030280,0.005735,0.031863,0.057007,0.030945,0.051920,0.069543,0.010911,0.046698,0.099879,0.135791,0.016859,0.006120,0.023432,0.083630,0.120329,0.002439,0.002114,0.035077,0.060968,0.092174,0.004284,0.030281,0.028402,0.033062,0.028432,0.030360,0.005149,0.039428,0.022314,0.752716,0.080258,0.000000,0.015557,0.048757,0.047637,0.000000,0.004548,0.086221,0.208624,0.047659,0.058092,0.009906,0.006494,Not run,Not run,0.000800,0.000789,0.001425,Not run,0.172663,0.046039,Not run
boraxo,4,Base_OpenMP,default,0.064573,0.031918,0.022078,0.264354,0.014733,0.034367,0.041225,0.017590,0.063381,0.049363,0.048757,0.034177,0.044946,0.021740,0.995908,0.002853,0.000445,0.002260,0.006948,0.486188,0.091074,0.046660,0.088886,0.011104,0.089328,0.102411,0.070243,0.104380,0.128905,0.021637,0.092471,0.182834,0.271228,0.033362,0.008809,0.054727,0.211141,0.240628,0.003451,0.005470,0.073959,0.146722,0.198521,0.008540,0.069727,0.080984,0.088737,0.080770,0.069367,0.010524,0.078530,0.045684,1.504764,0.149918,0.000000,0.031453,0.095589,0.093341,0.000000,0.009121,0.165480,0.416916,0.099763,0.115698,0.019844,0.013118,Not run,Not run,0.001448,0.001877,0.004408,Not run,0.164496,0.040632,Not run
boraxo,72,Base_OpenMP,default,0.013861,0.004537,0.007478,0.039232,0.013862,0.006395,0.004416,0.005779,0.010591,0.035554,0.035432,0.010017,0.007504,0.014483,2.983354,0.001569,0.003133,0.003479,0.002298,0.796602,0.011638,0.009350,0.028843,0.007038,0.028900,0.097203,0.015716,0.011511,0.017073,0.002189,0.015750,0.046613,0.060531,0.004322,0.013896,0.019352,0.084791,0.064832,0.004911,0.002656,0.018173,0.049450,0.067629,0.002449,0.015280,0.025517,0.037256,0.025439,0.014879,0.001899,0.009194,0.005292,0.156225,0.014908,0.000000,0.010266,0.009233,0.009816,0.000000,0.001663,0.030625,0.052063,0.013541,0.012729,0.003509,0.002676,Not run,Not run,0.001130,0.001519,0.001629,Not run,0.317773,0.379963,Not run
boraxo,32,Base_OpenMP,default,0.027975,0.007062,0.006001,0.075193,0.009515,0.009624,0.006832,0.005410,0.015255,0.024178,0.024241,0.012670,0.010808,0.010262,2.139959,0.001511,0.001007,0.001239,0.002837,1.262605,0.021665,0.010085,0.022538,0.003555,0.022538,0.059293,0.013881,0.023667,0.029286,0.003181,0.016882,0.116912,0.135829,0.006868,0.011512,0.015524,0.064740,0.195900,0.004683,0.004658,0.024915,0.040515,0.067501,0.003735,0.012980,0.018564,0.023745,0.018581,0.012970,0.002558,0.017481,0.010336,0.351064,0.031682,0.000000,0.007999,0.016937,0.018389,0.000000,0.002308,0.075162,0.114005,0.019453,0.025857,0.005258,0.002690,Not run,Not run,0.000660,0.001045,0.001180,Not run,0.371647,0.186721,Not run
boraxo,16,Base_OpenMP,default,0.019434,0.007268,0.004848,0.067298,0.006642,0.009099,0.009878,0.004908,0.018171,0.018830,0.018707,0.010753,0.012030,0.008022,1.179181,0.001141,0.000550,0.000899,0.002464,1.001882,0.022474,0.009522,0.019255,0.003855,0.019235,0.082688,0.012180,0.024689,0.028989,0.005654,0.014461,0.046294,0.067859,0.010061,0.006238,0.012191,0.050596,0.053285,0.004869,0.011190,0.020991,0.034568,0.052890,0.002647,0.011728,0.017214,0.021889,0.017443,0.011484,0.002667,0.019832,0.010727,0.376629,0.031991,0.000000,0.008131,0.025195,0.024922,0.000000,0.002370,0.041553,0.104960,0.019507,0.029194,0.005117,0.003672,Not run,Not run,0.000831,0.000817,0.000949,Not run,0.180789,0.103419,Not run
boraxo,8,Base_OpenMP,default,0.035458,0.021330,0.006697,0.131964,0.008274,0.017216,0.019502,0.008205,0.030616,0.022301,0.021848,0.017500,0.021270,0.011544,0.928211,0.001557,0.000339,0.000935,0.003630,0.416523,0.052129,0.023762,0.027560,0.005731,0.029766,0.051604,0.031197,0.052053,0.068711,0.010825,0.047385,0.091423,0.133708,0.016832,0.006154,0.023674,0.094470,0.105525,0.002524,0.002267,0.035690,0.060125,0.091857,0.004264,0.031881,0.026104,0.032120,0.026160,0.031891,0.004980,0.039579,0.021675,0.752732,0.080787,0.000000,0.015512,0.048630,0.047535,0.000000,0.004520,0.087164,0.208654,0.046845,0.057963,0.009609,0.006370,Not run,Not run,0.000803,0.000783,0.001398,Not run,0.176877,0.046063,Not run
boraxo,4,Base_OpenMP,default,0.064927,0.032375,0.021785,0.264250,0.014719,0.034582,0.041111,0.017578,0.062058,0.046516,0.045744,0.034282,0.043301,0.021724,0.955021,0.002859,0.000447,0.002251,0.006938,0.477527,0.092007,0.045600,0.087814,0.011113,0.088151,0.099224,0.068268,0.106007,0.128372,0.021607,0.091528,0.183032,0.268537,0.033323,0.008670,0.052723,0.213713,0.209335,0.003432,0.005375,0.069610,0.145054,0.199414,0.008396,0.067654,0.078428,0.086135,0.078570,0.067746,0.010330,0.078507,0.045410,1.504873,0.149286,0.000000,0.031395,0.094150,0.093369,0.000000,0.009098,0.166935,0.417045,0.097284,0.115785,0.019745,0.013115,Not run,Not run,0.001442,0.001762,0.004410,Not run,0.170747,0.039977,Not run
corona-cpu,96,Base_OpenMP,default,0.004852,0.003783,0.011634,0.018595,0.017920,0.006850,0.004242,0.008798,0.014968,0.057660,0.053933,0.007693,0.010449,0.022919,0.718018,0.001677,0.002318,0.002989,0.002568,0.342186,0.008740,0.013329,0.046177,0.004938,0.046100,0.094999,0.024254,0.008359,0.012920,0.002414,0.022374,0.015487,0.021505,0.005492,0.005535,0.031725,0.135146,0.018058,0.005836,0.002794,0.052986,0.071818,0.134807,0.002960,0.022087,0.040671,0.050842,0.041859,0.021686,0.002527,0.006573,0.003933,0.086652,0.008370,0.000000,0.006009,0.004770,0.004812,0.000000,0.002010,0.011274,0.014671,0.018617,0.008207,0.003975,0.003359,Not run,Not run,0.001443,0.002609,0.002574,Not run,0.082940,0.500419,Not run
corona-cpu,48,Base_OpenMP,default,0.006240,0.003895,0.007658,0.021708,0.011259,0.007034,0.004738,0.007949,0.012364,0.044421,0.036771,0.007595,0.008055,0.018719,0.598963,0.002048,0.001692,0.001830,0.003371,0.245541,0.010909,0.010658,0.029759,0.003281,0.029539,0.126010,0.016493,0.010555,0.011523,0.002855,0.018451,0.027889,0.038327,0.006280,0.004187,0.023158,0.084494,0.031676,0.005424,0.002066,0.041082,0.048591,0.090173,0.002440,0.015745,0.025299,0.031212,0.026677,0.019734,0.003090,0.008340,0.006984,0.163254,0.010690,0.000000,0.006468,0.007431,0.007451,0.000000,0.002188,0.018704,0.024800,0.014927,0.012054,0.003881,0.002722,Not run,Not run,0.000981,0.001520,0.001860,Not run,0.093578,0.306021,Not run
corona-cpu,32,Base_OpenMP,default,0.008287,0.004281,0.005796,0.026056,0.008112,0.007610,0.005860,0.007738,0.009965,0.039793,0.028881,0.010460,0.009514,0.018665,0.530433,0.002174,0.001257,0.001453,0.003772,0.243453,0.014035,0.009559,0.020775,0.002578,0.021021,0.096199,0.013514,0.013779,0.011600,0.003070,0.014983,0.036529,0.055891,0.007357,0.003486,0.016411,0.067221,0.040470,0.003492,0.001649,0.030346,0.034680,0.068181,0.002267,0.015243,0.017932,0.024012,0.028373,0.024271,0.003233,0.010655,0.008128,0.243944,0.013788,0.000000,0.007540,0.009438,0.009399,0.000000,0.002426,0.026123,0.035286,0.013911,0.016240,0.004114,0.002528,Not run,Not run,0.000768,0.001125,0.001441,Not run,0.100128,0.215970,Not run
corona-cpu,16,Base_OpenMP,default,0.009227,0.004306,0.004010,0.045406,0.005818,0.007436,0.008358,0.009949,0.008351,0.033270,0.021318,0.009156,0.008009,0.016065,0.477000,0.001594,0.000718,0.001285,0.003978,0.223964,0.014905,0.007794,0.014847,0.002153,0.018218,0.175931,0.009637,0.014118,0.010598,0.002703,0.012547,0.033914,0.050524,0.009855,0.002672,0.010988,0.046838,0.040956,0.004157,0.001705,0.028695,0.025610,0.049587,0.001988,0.011771,0.015719,0.017732,0.021729,0.030990,0.004017,0.011753,0.008628,0.279526,0.014209,0.000000,0.007147,0.014995,0.015041,0.000000,0.002403,0.027100,0.068188,0.012482,0.017126,0.003862,0.002757,Not run,Not run,0.000597,0.000811,0.001120,Not run,0.099717,0.108647,Not run
corona-cpu,8,Base_OpenMP,default,0.023909,0.007872,0.004911,0.084857,0.006341,0.012693,0.015777,0.018262,0.011166,0.053506,0.030035,0.011618,0.007803,0.026515,0.401825,0.002535,0.000829,0.003256,0.006796,0.120568,0.026257,0.010874,0.018687,0.002568,0.018865,0.076294,0.013281,0.024012,0.019964,0.004099,0.015917,0.062396,0.092387,0.014342,0.003525,0.012683,0.058667,0.074102,0.003371,0.002428,0.026660,0.033320,0.057845,0.002928,0.012215,0.015641,0.019562,0.016068,0.012359,0.004103,0.021674,0.016084,0.551755,0.033266,0.000000,0.012782,0.028809,0.028871,0.000000,0.004085,0.053875,0.132952,0.017449,0.032565,0.006387,0.004163,Not run,Not run,0.000660,0.000791,0.001885,Not run,0.073261,0.057309,Not run
corona-cpu,4,Base_OpenMP,default,0.059969,0.032017,0.007954,0.169875,0.010669,0.024402,0.031282,0.035866,0.019768,0.101157,0.053518,0.020753,0.013757,0.051551,0.303752,0.004954,0.000609,0.002925,0.013809,0.084954,0.068387,0.019138,0.031343,0.004512,0.031798,0.061178,0.022055,0.051374,0.093900,0.007322,0.029559,0.123159,0.187533,0.028017,0.006089,0.020044,0.100975,0.149120,0.004805,0.003780,0.039917,0.062447,0.100451,0.005378,0.021217,0.028755,0.033380,0.029499,0.020457,0.007836,0.043187,0.034249,1.113668,0.117051,0.000000,0.024895,0.057108,0.057060,0.000000,0.007617,0.112878,0.267796,0.033667,0.064900,0.012006,0.007550,Not run,Not run,0.000996,0.001549,0.002630,Not run,0.077197,0.043432,Not run
corona-cpu,96,Base_OpenMP,default,0.004803,0.003625,0.011794,0.018540,0.018247,0.006282,0.004166,0.008565,0.014251,0.057369,0.053163,0.007441,0.009793,0.022975,0.725328,0.001801,0.002274,0.002816,0.002278,0.344078,0.008831,0.014108,0.045250,0.004991,0.045498,0.101600,0.024094,0.008480,0.013174,0.002455,0.022827,0.014601,0.021353,0.005647,0.005605,0.030915,0.134219,0.017502,0.005746,0.002761,0.074966,0.072202,0.130410,0.002928,0.021356,0.039557,0.050734,0.040036,0.021550,0.002423,0.006404,0.004116,0.086674,0.008496,0.000000,0.005971,0.004709,0.004691,0.000000,0.002099,0.011303,0.014763,0.018436,0.008193,0.003936,0.003324,Not run,Not run,0.001386,0.002232,0.002558,Not run,0.084416,0.514397,Not run
corona-cpu,48,Base_OpenMP,default,0.006241,0.003855,0.007719,0.021859,0.011377,0.006867,0.004733,0.007818,0.012252,0.043888,0.036006,0.007863,0.008367,0.018841,0.601627,0.001792,0.001680,0.001811,0.003329,0.251365,0.011376,0.010508,0.029088,0.003248,0.029120,0.125033,0.016116,0.010601,0.011719,0.002853,0.019003,0.026910,0.038899,0.006239,0.004150,0.022635,0.087267,0.034198,0.004227,0.002075,0.041026,0.048798,0.127498,0.002516,0.016195,0.024296,0.031187,0.027283,0.019140,0.002718,0.008435,0.006312,0.164452,0.010734,0.000000,0.006517,0.007571,0.007428,0.000000,0.002179,0.018825,0.025120,0.014980,0.012146,0.003893,0.002652,Not run,Not run,0.000965,0.001515,0.001812,Not run,0.094734,0.293737,Not run
corona-cpu,32,Base_OpenMP,default,0.008287,0.004225,0.005744,0.026709,0.008374,0.007606,0.005547,0.007863,0.009752,0.040173,0.028339,0.010170,0.007704,0.019125,0.540848,0.001871,0.001302,0.001460,0.003861,0.252576,0.013979,0.009584,0.020114,0.002564,0.020926,0.066083,0.013846,0.013958,0.010995,0.002695,0.015116,0.037417,0.055755,0.007571,0.003504,0.016633,0.067904,0.046741,0.003562,0.001690,0.029652,0.036274,0.067851,0.002260,0.015777,0.019074,0.024062,0.025916,0.019376,0.003065,0.010816,0.007967,0.246241,0.013694,0.000000,0.007598,0.009565,0.009403,0.000000,0.002466,0.026422,0.035623,0.013461,0.015983,0.004087,0.002452,Not run,Not run,0.000764,0.001139,0.001453,Not run,0.100748,0.226905,Not run
corona-cpu,16,Base_OpenMP,default,0.009164,0.004134,0.004051,0.045935,0.005554,0.007315,0.008284,0.010197,0.009007,0.033257,0.021213,0.011332,0.008464,0.015949,0.485979,0.001818,0.000647,0.001322,0.003910,0.229223,0.015416,0.007846,0.014769,0.002082,0.015308,0.223815,0.016045,0.014009,0.010478,0.002738,0.016106,0.034132,0.051281,0.009883,0.002705,0.011242,0.047953,0.043591,0.003174,0.001664,0.026412,0.025203,0.054015,0.002203,0.015779,0.012952,0.018971,0.024093,0.031576,0.003348,0.012184,0.008548,0.280166,0.014538,0.000000,0.007302,0.015172,0.015118,0.000000,0.002427,0.027036,0.068915,0.012969,0.017394,0.003941,0.002771,Not run,Not run,0.000590,0.000806,0.001100,Not run,0.094925,0.106431,Not run
corona-cpu,8,Base_OpenMP,default,0.023831,0.007972,0.005226,0.086992,0.006845,0.012660,0.016127,0.018662,0.010794,0.054164,0.030430,0.011652,0.008158,0.027254,0.416741,0.002853,0.000746,0.003254,0.006840,0.122955,0.026827,0.010850,0.018924,0.002779,0.018794,0.075356,0.013386,0.024422,0.019370,0.004149,0.017708,0.062855,0.093714,0.014572,0.003575,0.012668,0.059447,0.075309,0.003368,0.002334,0.026801,0.033511,0.058606,0.003003,0.011920,0.016068,0.019940,0.016473,0.011988,0.004156,0.022162,0.016344,0.559268,0.031958,0.000000,0.012793,0.029297,0.029273,0.000000,0.004082,0.054562,0.135213,0.017917,0.033142,0.006517,0.004243,Not run,Not run,0.000637,0.000746,0.001741,Not run,0.074856,0.055235,Not run
corona-cpu,4,Base_OpenMP,default,0.060286,0.031484,0.008297,0.170240,0.011099,0.024903,0.031467,0.036179,0.018983,0.102727,0.056995,0.021534,0.013560,0.051920,0.297232,0.004961,0.000422,0.001858,0.014001,0.085445,0.069064,0.019554,0.032252,0.004337,0.032365,0.061197,0.022518,0.052528,0.096027,0.007409,0.028967,0.123060,0.187588,0.027951,0.006149,0.020323,0.101014,0.149022,0.004795,0.003711,0.039726,0.059747,0.101967,0.005418,0.021753,0.028706,0.033947,0.027755,0.021454,0.007714,0.042612,0.033773,1.117932,0.116318,0.000000,0.025128,0.057143,0.057121,0.000000,0.007633,0.112498,0.270191,0.034506,0.065307,0.012607,0.007665,Not run,Not run,0.001012,0.001379,0.002506,Not run,0.064265,0.042105,Not run
corona-cpu,96,Base_OpenMP,default,0.004840,0.004093,0.011722,0.018687,0.017939,0.006869,0.004213,0.008888,0.013650,0.057301,0.053286,0.008205,0.010168,0.023192,0.699697,0.001602,0.002222,0.002801,0.002375,0.352991,0.009023,0.013905,0.045930,0.004863,0.046322,0.106385,0.025181,0.008108,0.013010,0.002503,0.023275,0.014996,0.021138,0.005691,0.005619,0.030568,0.136059,0.018398,0.006277,0.002849,0.073680,0.071785,0.165655,0.003048,0.022639,0.041512,0.052607,0.043853,0.022647,0.002522,0.006583,0.003885,0.086728,0.008383,0.000000,0.005894,0.004790,0.004748,0.000000,0.002019,0.011309,0.014908,0.017406,0.008284,0.004065,0.003451,Not run,Not run,0.001440,0.002228,0.002559,Not run,0.083986,0.498046,Not run
corona-cpu,48,Base_OpenMP,default,0.006289,0.003920,0.007846,0.022475,0.011550,0.007047,0.004923,0.008050,0.010895,0.043929,0.037091,0.007941,0.008201,0.018482,0.598193,0.001986,0.001719,0.001835,0.003441,0.249610,0.011235,0.010166,0.029448,0.003260,0.029629,0.100717,0.016831,0.010691,0.010573,0.002910,0.019032,0.026762,0.038628,0.006241,0.004178,0.023067,0.088467,0.030868,0.004101,0.002065,0.043325,0.049300,0.101225,0.002516,0.015824,0.026077,0.032422,0.029117,0.020973,0.002899,0.008390,0.006235,0.162973,0.010683,0.000000,0.006474,0.007427,0.007390,0.000000,0.002192,0.018805,0.025049,0.016315,0.012080,0.003905,0.002710,Not run,Not run,0.000996,0.001556,0.001839,Not run,0.093817,0.293017,Not run
corona-cpu,32,Base_OpenMP,default,0.008186,0.004116,0.005737,0.026162,0.007762,0.007447,0.005643,0.007815,0.009674,0.039611,0.028687,0.010453,0.007836,0.018455,0.532766,0.002140,0.001281,0.001484,0.004232,0.239264,0.013918,0.009117,0.021190,0.002424,0.021484,0.159974,0.012778,0.013290,0.010738,0.002942,0.014432,0.037175,0.053721,0.007485,0.003514,0.016865,0.065916,0.046125,0.004490,0.001776,0.037934,0.035342,0.066656,0.002449,0.018945,0.019825,0.026243,0.026785,0.024224,0.003700,0.010765,0.007991,0.244049,0.013398,0.000000,0.007549,0.009456,0.009362,0.000000,0.002487,0.026147,0.035189,0.013490,0.016134,0.004043,0.002468,Not run,Not run,0.000732,0.001139,0.001489,Not run,0.101905,0.209455,Not run
corona-cpu,16,Base_OpenMP,default,0.009156,0.004169,0.004063,0.045441,0.005903,0.007419,0.008255,0.010157,0.008072,0.033432,0.021365,0.011076,0.007390,0.015950,0.473466,0.002009,0.000719,0.001298,0.004167,0.229162,0.015137,0.007877,0.015076,0.002109,0.018424,0.176222,0.010500,0.013290,0.010569,0.002726,0.012911,0.034204,0.051269,0.009958,0.002665,0.011317,0.046347,0.040415,0.003393,0.001647,0.022796,0.026074,0.046440,0.001925,0.011586,0.014087,0.022761,0.027580,0.030727,0.003277,0.011842,0.008558,0.279470,0.014608,0.000000,0.007242,0.014951,0.014975,0.000000,0.002402,0.026944,0.067733,0.011646,0.017291,0.003893,0.002739,Not run,Not run,0.000589,0.000816,0.001154,Not run,0.097282,0.106007,Not run
corona-cpu,8,Base_OpenMP,default,0.023663,0.007840,0.005199,0.085244,0.006509,0.012627,0.015888,0.018438,0.010839,0.054568,0.030632,0.011497,0.007759,0.027004,0.396076,0.002553,0.000564,0.003217,0.007136,0.121078,0.026451,0.011002,0.018960,0.002911,0.019108,0.075653,0.012992,0.023930,0.018620,0.004158,0.016029,0.061902,0.093256,0.014401,0.003525,0.013012,0.060085,0.074246,0.003391,0.002466,0.027024,0.034017,0.060053,0.002950,0.012749,0.016466,0.020268,0.020070,0.012639,0.004149,0.021639,0.016132,0.551237,0.031369,0.000000,0.012801,0.028862,0.028750,0.000000,0.004092,0.053841,0.133618,0.016725,0.032645,0.006399,0.004188,Not run,Not run,0.000679,0.000864,0.002020,Not run,0.080544,0.062721,Not run
corona-cpu,4,Base_OpenMP,default,0.060080,0.032232,0.008196,0.169668,0.010623,0.024578,0.031344,0.035854,0.019839,0.101928,0.054092,0.020752,0.014124,0.051690,0.295393,0.004837,0.000595,0.002965,0.013177,0.085322,0.069294,0.019652,0.031657,0.004518,0.032197,0.061394,0.021997,0.051015,0.093626,0.007391,0.029645,0.122574,0.186759,0.027786,0.006066,0.020156,0.101504,0.148745,0.004785,0.003718,0.039562,0.058991,0.102975,0.005329,0.021459,0.028431,0.033585,0.027422,0.021478,0.007711,0.042045,0.034509,1.111110,0.117454,0.000000,0.024773,0.056805,0.056815,0.000000,0.007569,0.111504,0.267929,0.033268,0.064363,0.012301,0.007557,Not run,Not run,0.001032,0.001486,0.002549,Not run,0.069314,0.046592,Not run
dane,224,Base_OpenMP,default,0.002801,0.001999,0.011496,0.018820,0.021835,0.005044,0.003704,0.008742,0.011871,0.053183,0.053375,0.003952,0.008438,0.021940,9.900761,0.002864,0.016657,0.016405,0.003578,1.200593,0.006644,0.011553,0.044457,0.031818,0.044116,0.052533,0.022223,0.004040,0.009703,0.001451,0.022277,0.005836,0.007993,0.002286,0.006639,0.034289,0.130143,0.007973,0.002730,0.002804,0.028049,0.086712,0.109853,0.002665,0.024158,0.040123,0.106040,0.041693,0.022354,0.001571,0.003824,0.002804,0.032822,0.004961,0.000000,0.004785,0.003253,0.003204,0.000000,0.001406,0.005745,0.016351,0.016334,0.004266,0.002562,0.003257,Not run,Not run,0.002755,0.002291,0.002381,Not run,0.306462,0.677941,Not run
dane,112,Base_OpenMP,default,0.002830,0.001569,0.004720,0.017957,0.008510,0.003156,0.002391,0.004155,0.005616,0.024372,0.024017,0.004627,0.003990,0.009437,1.910776,0.001095,0.003612,0.003572,0.001209,1.053395,0.005762,0.005244,0.018315,0.007591,0.018276,0.040048,0.009423,0.004083,0.004944,0.000969,0.009405,0.010247,0.014855,0.002026,0.003782,0.015279,0.054732,0.011703,0.003518,0.001219,0.018567,0.035257,0.053009,0.001524,0.009928,0.016341,0.023304,0.016413,0.009211,0.000977,0.003074,0.002179,0.050663,0.004246,0.000000,0.002630,0.002989,0.002944,0.000000,0.000865,0.006564,0.023940,0.007640,0.004148,0.001518,0.001695,Not run,Not run,0.000731,0.001062,0.001053,Not run,0.335561,0.262490,Not run
dane,56,Base_OpenMP,default,0.002948,0.001546,0.003267,0.015082,0.006125,0.002655,0.002238,0.002522,0.007235,0.015345,0.015365,0.003268,0.005103,0.006027,0.881772,0.000661,0.001460,0.001601,0.000953,0.374967,0.004742,0.004303,0.013062,0.003583,0.012650,0.039625,0.007101,0.004950,0.004233,0.001538,0.006808,0.009565,0.012549,0.002573,0.001710,0.008449,0.036265,0.011036,0.002878,0.000910,0.013473,0.020796,0.028502,0.000984,0.006441,0.011278,0.013875,0.011177,0.006618,0.000855,0.002912,0.002002,0.054159,0.004240,0.000000,0.002184,0.002718,0.002714,0.000000,0.000722,0.006033,0.025623,0.006653,0.003870,0.001341,0.001206,Not run,Not run,0.000424,0.000672,0.000720,Not run,0.140249,0.172264,Not run
dane,32,Base_OpenMP,default,0.006562,0.001712,0.002301,0.022567,0.003972,0.003274,0.003318,0.002086,0.009871,0.009947,0.010119,0.003774,0.006960,0.003737,0.706030,0.000597,0.000663,0.000770,0.000888,0.306332,0.008074,0.004310,0.008636,0.001903,0.008720,0.029068,0.005524,0.006565,0.004908,0.000911,0.005332,0.016283,0.021865,0.004957,0.001219,0.007125,0.027604,0.019019,0.001676,0.000686,0.015541,0.015314,0.025281,0.000867,0.004502,0.007489,0.009207,0.007586,0.004510,0.000924,0.004036,0.002599,0.090260,0.005958,0.000000,0.002717,0.004157,0.004093,0.000000,0.000842,0.009436,0.039333,0.007707,0.005627,0.001545,0.001050,Not run,Not run,0.000296,0.000472,0.000490,Not run,0.122875,0.092899,Not run
dane,16,Base_OpenMP,default,0.015050,0.003876,0.002232,0.040669,0.003444,0.005485,0.005969,0.002580,0.018413,0.008383,0.008431,0.004591,0.012346,0.003507,0.568170,0.000661,0.000260,0.000429,0.001296,0.261703,0.015730,0.006010,0.008328,0.002066,0.008451,0.027036,0.006115,0.010445,0.032861,0.001387,0.006297,0.026699,0.040817,0.006024,0.001198,0.005995,0.028485,0.031170,0.001012,0.000683,0.011373,0.013654,0.024714,0.001093,0.004430,0.006886,0.008587,0.007048,0.004398,0.001338,0.007823,0.004396,0.163465,0.015800,0.000000,0.003990,0.007556,0.007502,0.000000,0.001236,0.017751,0.063706,0.011911,0.010149,0.002345,0.001310,Not run,Not run,0.000227,0.000399,0.000456,Not run,0.105193,0.040649,Not run
dane,8,Base_OpenMP,default,0.038027,0.024474,0.002883,0.080329,0.005006,0.010321,0.011912,0.004416,0.020745,0.012250,0.012177,0.007961,0.013475,0.005795,0.522315,0.000979,0.000196,0.000531,0.002287,0.208440,0.034071,0.009522,0.011283,0.003507,0.012980,0.044133,0.010212,0.026103,0.041604,0.002671,0.015425,0.044416,0.066052,0.010107,0.001998,0.008801,0.045976,0.053201,0.001143,0.001104,0.016544,0.021454,0.039309,0.001741,0.007200,0.010292,0.010478,0.010175,0.007048,0.002559,0.014582,0.009601,0.326688,0.063477,0.000000,0.007080,0.014552,0.014434,0.000000,0.002297,0.049549,0.126987,0.019507,0.020412,0.004610,0.002362,Not run,Not run,0.000299,0.000555,0.000635,Not run,0.103252,0.025831,Not run
dane,4,Base_OpenMP,default,0.050842,0.039202,0.007582,0.160689,0.008885,0.020492,0.024154,0.008950,0.039253,0.022014,0.021872,0.014974,0.027499,0.010941,0.464251,0.001802,0.000271,0.001039,0.004287,0.183103,0.102544,0.029780,0.032412,0.006745,0.034959,0.077640,0.039160,0.061586,0.102623,0.005184,0.058123,0.082831,0.123867,0.019509,0.003577,0.027192,0.095914,0.099688,0.001821,0.002183,0.028538,0.042798,0.071789,0.003182,0.038532,0.028420,0.026899,0.029214,0.038569,0.005966,0.031193,0.021235,0.652999,0.121903,0.000000,0.014393,0.028563,0.028310,0.000000,0.004564,0.088566,0.254127,0.058830,0.040513,0.009342,0.004451,Not run,Not run,0.000512,0.000936,0.001623,Not run,0.100224,0.019607,Not run
dane,224,Base_OpenMP,default,0.002711,0.001893,0.010525,0.018008,0.020153,0.004742,0.003579,0.008329,0.011093,0.049274,0.049578,0.004161,0.007894,0.020826,10.892517,0.002689,0.014630,0.014737,0.002916,1.115035,0.006368,0.010734,0.041328,0.029224,0.041344,0.050771,0.020763,0.003992,0.009163,0.001361,0.020737,0.005790,0.007829,0.002167,0.006314,0.033001,0.120726,0.006777,0.002614,0.002591,0.027015,0.080601,0.102165,0.002519,0.022269,0.036883,0.092087,0.036964,0.020483,0.001476,0.003601,0.002735,0.032778,0.004729,0.000000,0.004419,0.003186,0.003152,0.000000,0.001384,0.005434,0.016257,0.015258,0.004127,0.002395,0.003115,Not run,Not run,0.002224,0.002131,0.002194,Not run,0.296952,0.636248,Not run
dane,112,Base_OpenMP,default,0.002729,0.001569,0.004706,0.017893,0.008435,0.003182,0.002314,0.004000,0.005562,0.023533,0.023757,0.003947,0.004014,0.009293,1.688519,0.001063,0.003023,0.003265,0.001209,0.990590,0.005816,0.005188,0.018008,0.006738,0.018283,0.039813,0.009428,0.004056,0.004823,0.000880,0.009251,0.009941,0.014233,0.001987,0.003795,0.015193,0.054390,0.011532,0.003440,0.001210,0.018408,0.035709,0.053772,0.001498,0.009905,0.015926,0.022658,0.016270,0.009167,0.001025,0.003096,0.002143,0.049243,0.004273,0.000000,0.002646,0.002974,0.003070,0.000000,0.000878,0.006356,0.022990,0.007584,0.004092,0.001510,0.001597,Not run,Not run,0.000707,0.001027,0.000996,Not run,0.388817,0.255364,Not run
dane,56,Base_OpenMP,default,0.002850,0.001458,0.003180,0.014723,0.006197,0.002530,0.002277,0.002393,0.007119,0.015127,0.014944,0.003346,0.004982,0.006069,0.741402,0.000659,0.001825,0.002056,0.000868,0.353105,0.004726,0.003801,0.011194,0.004457,0.011271,0.041274,0.006604,0.004877,0.003939,0.000796,0.006279,0.009018,0.012392,0.002555,0.001786,0.008049,0.036911,0.010374,0.002882,0.000946,0.013351,0.019539,0.028100,0.000968,0.005863,0.010263,0.012642,0.010733,0.005906,0.000841,0.002896,0.002027,0.052294,0.004028,0.000000,0.002097,0.002792,0.002725,0.000000,0.000698,0.006180,0.025593,0.006218,0.003968,0.001452,0.001132,Not run,Not run,0.000411,0.000611,0.000661,Not run,0.134301,0.164995,Not run
dane,32,Base_OpenMP,default,0.005772,0.001844,0.003312,0.023469,0.006089,0.003615,0.003831,0.002724,0.010892,0.014864,0.014912,0.003704,0.007745,0.005856,0.666761,0.000676,0.000861,0.000854,0.001009,0.342375,0.008601,0.005616,0.012677,0.002181,0.012831,0.024153,0.007464,0.007872,0.005466,0.001053,0.007408,0.015632,0.021255,0.005001,0.001743,0.009786,0.028497,0.018761,0.001646,0.000662,0.015544,0.015648,0.025900,0.000901,0.004628,0.007528,0.009283,0.007820,0.004618,0.000959,0.004560,0.002638,0.091114,0.006190,0.000000,0.002572,0.004621,0.004278,0.000000,0.000864,0.009651,0.040238,0.007747,0.005971,0.001761,0.001074,Not run,Not run,0.000289,0.000473,0.000488,Not run,0.126687,0.094006,Not run
dane,16,Base_OpenMP,default,0.014323,0.003466,0.002645,0.040955,0.004125,0.005691,0.006091,0.002782,0.017617,0.010137,0.010120,0.004524,0.014777,0.004131,0.543738,0.000698,0.000292,0.000468,0.001279,0.246594,0.015018,0.006641,0.009756,0.002136,0.009903,0.020895,0.006903,0.010646,0.028939,0.001425,0.007003,0.025803,0.040053,0.006022,0.001434,0.006940,0.032653,0.030815,0.001137,0.000791,0.011688,0.016146,0.027855,0.001277,0.005166,0.008156,0.009821,0.008306,0.005143,0.001560,0.007850,0.004762,0.163507,0.014403,0.000000,0.003913,0.007776,0.007666,0.000000,0.001283,0.017796,0.063764,0.012540,0.010307,0.002503,0.001399,Not run,Not run,0.000259,0.000456,0.000539,Not run,0.104242,0.061005,Not run
dane,8,Base_OpenMP,default,0.038126,0.024380,0.002882,0.080347,0.005046,0.010353,0.012067,0.004548,0.019229,0.012300,0.012198,0.007867,0.013803,0.007758,0.489731,0.000989,0.000207,0.000553,0.002295,0.191718,0.032975,0.010250,0.020553,0.003492,0.020853,0.044916,0.012432,0.026587,0.041374,0.002589,0.018257,0.043160,0.064459,0.009978,0.002397,0.009958,0.053610,0.051812,0.001264,0.001296,0.016953,0.022276,0.040502,0.002340,0.011179,0.011734,0.010826,0.011200,0.011024,0.002822,0.014512,0.009582,0.326746,0.064004,0.000000,0.007125,0.015107,0.014888,0.000000,0.002316,0.050185,0.127061,0.021093,0.020350,0.004524,0.002369,Not run,Not run,0.000307,0.000550,0.000705,Not run,0.105698,0.025530,Not run
dane,4,Base_OpenMP,default,0.050536,0.038981,0.011264,0.161102,0.008999,0.020514,0.024345,0.009030,0.039212,0.022293,0.022206,0.014988,0.027580,0.008945,0.476546,0.001805,0.000289,0.001277,0.004282,0.179596,0.105230,0.027825,0.046058,0.006748,0.046520,0.069774,0.035771,0.062307,0.101515,0.005240,0.055360,0.081941,0.121518,0.019497,0.003595,0.026232,0.097281,0.097602,0.001812,0.002191,0.028751,0.046365,0.073500,0.003189,0.035177,0.040945,0.043197,0.040895,0.035155,0.006003,0.029172,0.021070,0.653085,0.121678,0.000000,0.014210,0.029142,0.028919,0.000000,0.004591,0.089185,0.254089,0.058472,0.040536,0.009270,0.004771,Not run,Not run,0.000506,0.000948,0.002297,Not run,0.102730,0.023123,Not run
dane,224,Base_OpenMP,default,0.002688,0.001944,0.010797,0.018207,0.020864,0.004802,0.003592,0.008566,0.011369,0.050710,0.051436,0.004134,0.008148,0.021057,8.790304,0.002598,0.014342,0.015340,0.003194,1.184950,0.006399,0.011044,0.042475,0.028905,0.042579,0.051797,0.021255,0.004001,0.009270,0.001425,0.021317,0.005700,0.008179,0.002276,0.006680,0.033718,0.125890,0.006689,0.002666,0.002670,0.027298,0.083692,0.105789,0.002603,0.022819,0.038215,0.092355,0.038218,0.021095,0.001519,0.003660,0.002757,0.032857,0.004815,0.000000,0.004596,0.003175,0.003227,0.000000,0.001371,0.005547,0.016919,0.015503,0.004172,0.002509,0.003067,Not run,Not run,0.002168,0.002224,0.002295,Not run,0.304186,0.644325,Not run
dane,112,Base_OpenMP,default,0.002814,0.001556,0.004586,0.017315,0.008286,0.003117,0.002225,0.003892,0.005626,0.023307,0.023019,0.004592,0.004000,0.009260,1.826254,0.001071,0.004894,0.005070,0.001195,1.190094,0.005705,0.005234,0.017764,0.010341,0.017623,0.039861,0.009059,0.003980,0.004852,0.000893,0.009215,0.010406,0.014843,0.002002,0.003896,0.015104,0.053715,0.011877,0.003474,0.001226,0.018277,0.034581,0.053079,0.001475,0.009755,0.015920,0.021929,0.015665,0.009090,0.000998,0.003035,0.002172,0.050435,0.004230,0.000000,0.002609,0.002992,0.003024,0.000000,0.000882,0.006462,0.023544,0.007726,0.004073,0.001535,0.001567,Not run,Not run,0.000702,0.001005,0.001027,Not run,0.346600,0.250568,Not run
dane,56,Base_OpenMP,default,0.002917,0.001449,0.003268,0.014741,0.006274,0.002656,0.002326,0.002695,0.007402,0.015318,0.015000,0.003287,0.005137,0.006053,0.825015,0.000677,0.001395,0.001446,0.000908,0.359180,0.004790,0.004136,0.012491,0.003224,0.012387,0.039382,0.007019,0.004829,0.004249,0.001533,0.006992,0.009330,0.012379,0.002563,0.001672,0.008285,0.036685,0.010940,0.002909,0.000923,0.013607,0.020693,0.028738,0.000992,0.006385,0.011263,0.013387,0.011211,0.006544,0.000874,0.002913,0.001992,0.052607,0.004257,0.000000,0.002202,0.002878,0.002668,0.000000,0.000717,0.006343,0.025860,0.006935,0.003827,0.001445,0.001164,Not run,Not run,0.000429,0.000657,0.000707,Not run,0.141047,0.166412,Not run
dane,32,Base_OpenMP,default,0.006180,0.001816,0.002315,0.023280,0.004022,0.003443,0.003336,0.002099,0.010410,0.010143,0.009905,0.003830,0.007349,0.003852,0.689351,0.000599,0.000679,0.000781,0.000936,0.360126,0.008101,0.004513,0.008711,0.001873,0.008817,0.030685,0.005647,0.007083,0.004993,0.000981,0.005404,0.015816,0.021464,0.004933,0.001315,0.007238,0.028342,0.018844,0.001663,0.000683,0.015590,0.016247,0.026113,0.000900,0.004621,0.007604,0.009327,0.007816,0.004592,0.001020,0.004374,0.002815,0.090811,0.006049,0.000000,0.002760,0.004383,0.004132,0.000000,0.000815,0.009833,0.040395,0.007884,0.005944,0.001613,0.001040,Not run,Not run,0.000291,0.000477,0.000505,Not run,0.124459,0.092158,Not run
dane,16,Base_OpenMP,default,0.014023,0.003400,0.002605,0.040863,0.004087,0.005503,0.006168,0.002758,0.019621,0.010112,0.010069,0.004591,0.013008,0.004065,0.546372,0.000690,0.000248,0.000437,0.001289,0.251210,0.015036,0.006004,0.008311,0.002063,0.008328,0.025629,0.006153,0.010580,0.032068,0.001397,0.006699,0.025263,0.039494,0.006012,0.001231,0.005974,0.028723,0.030474,0.001006,0.000691,0.011677,0.013476,0.024617,0.001109,0.004461,0.006914,0.008497,0.007015,0.004446,0.001343,0.007599,0.004561,0.163473,0.014841,0.000000,0.003801,0.007648,0.007572,0.000000,0.001246,0.017652,0.063662,0.011910,0.010132,0.002403,0.001351,Not run,Not run,0.000249,0.000400,0.000448,Not run,0.103281,0.040147,Not run
dane,8,Base_OpenMP,default,0.038066,0.024261,0.002867,0.080255,0.005025,0.010345,0.011951,0.004500,0.018555,0.012258,0.012172,0.007877,0.013193,0.007345,0.500556,0.001040,0.000210,0.000547,0.002289,0.206958,0.031768,0.010994,0.011308,0.003501,0.012928,0.044239,0.012925,0.025957,0.041349,0.002579,0.020049,0.043061,0.064807,0.009932,0.002148,0.009737,0.071912,0.050778,0.001219,0.001611,0.017912,0.021451,0.039420,0.002061,0.014768,0.010273,0.010419,0.010202,0.014540,0.002905,0.014503,0.009590,0.326533,0.064805,0.000000,0.007239,0.014836,0.014803,0.000000,0.002332,0.050218,0.127012,0.019647,0.020388,0.004649,0.002363,Not run,Not run,0.000327,0.000542,0.000627,Not run,0.101647,0.025461,Not run
dane,4,Base_OpenMP,default,0.050094,0.038486,0.008188,0.160618,0.008869,0.020439,0.024383,0.009015,0.038545,0.023350,0.023031,0.014993,0.027221,0.010951,0.449937,0.001796,0.000319,0.001031,0.004278,0.178945,0.101228,0.028661,0.035205,0.006723,0.038417,0.076469,0.037122,0.060915,0.101380,0.005177,0.056366,0.082606,0.123591,0.019507,0.003574,0.025507,0.093683,0.099992,0.001802,0.002129,0.028740,0.047847,0.073172,0.003190,0.036474,0.030995,0.028273,0.031284,0.036651,0.005934,0.028691,0.020174,0.652633,0.122123,0.000000,0.014030,0.028557,0.028321,0.000000,0.004577,0.088963,0.253955,0.056786,0.040473,0.009264,0.004472,Not run,Not run,0.000503,0.000975,0.001764,Not run,0.097309,0.019017,Not run
mammoth,256,Base_OpenMP,default,0.006165,0.004556,0.032921,0.031621,0.048151,0.012844,0.007361,0.018565,0.030783,0.121488,0.123802,0.012485,0.022497,0.047678,0.806317,0.003184,0.005996,0.006844,0.003513,0.454412,0.013735,0.032651,0.111891,0.012683,0.113414,0.104227,0.060741,0.011281,0.024497,0.004576,0.062086,0.011966,0.014791,0.006109,0.012532,0.075937,0.334898,0.012403,0.008280,0.007357,0.070721,0.176703,0.315309,0.006383,0.061018,0.099380,0.124688,0.101785,0.059534,0.004770,0.009589,0.006231,0.055527,0.011825,0.000000,0.011553,0.006216,0.005886,0.000000,0.003656,0.014139,0.014258,0.043756,0.012451,0.007572,0.006904,Not run,Not run,0.003229,0.005229,0.005931,Not run,0.086935,1.210124,Not run
mammoth,128,Base_OpenMP,default,0.006191,0.003850,0.016272,0.020896,0.024781,0.008555,0.004984,0.011253,0.018174,0.071166,0.070225,0.011362,0.013849,0.028172,0.711100,0.002089,0.003080,0.003693,0.002551,0.315137,0.011002,0.018925,0.061251,0.006725,0.062149,0.080548,0.033428,0.009903,0.015834,0.003472,0.034264,0.017086,0.021880,0.005158,0.007553,0.047219,0.183134,0.016669,0.005657,0.003799,0.061193,0.096010,0.152826,0.004011,0.032529,0.055415,0.069042,0.056799,0.033142,0.003902,0.008328,0.006521,0.078185,0.011130,0.000000,0.008566,0.006258,0.006157,0.000000,0.002919,0.014532,0.013168,0.026172,0.012134,0.005198,0.004451,Not run,Not run,0.001837,0.002930,0.003559,Not run,0.103628,0.702154,Not run
mammoth,64,Base_OpenMP,default,0.004516,0.002922,0.006728,0.016711,0.010985,0.004794,0.003368,0.005891,0.008197,0.032894,0.029685,0.010897,0.006696,0.013475,0.584075,0.001035,0.001491,0.001909,0.001560,0.312039,0.007413,0.009327,0.024285,0.003372,0.024662,0.087209,0.013551,0.007063,0.009863,0.002201,0.015022,0.018976,0.020857,0.004737,0.003513,0.021078,0.078874,0.017850,0.005548,0.001681,0.053936,0.039054,0.073391,0.002045,0.013710,0.022800,0.028690,0.023243,0.013968,0.002346,0.004969,0.004156,0.073199,0.008039,0.000000,0.004374,0.004576,0.004556,0.000000,0.001723,0.010121,0.019818,0.012074,0.008120,0.002723,0.002362,Not run,Not run,0.000950,0.001381,0.001660,Not run,0.110051,0.333357,Not run
mammoth,32,Base_OpenMP,default,0.006596,0.003227,0.004308,0.023953,0.005572,0.004908,0.004551,0.006013,0.007127,0.023278,0.017210,0.007362,0.005840,0.011520,0.580913,0.000980,0.000798,0.001336,0.002021,0.259619,0.009115,0.008047,0.015098,0.002125,0.014971,0.050560,0.009199,0.009800,0.012052,0.002147,0.010270,0.022010,0.029545,0.005187,0.002309,0.011273,0.043763,0.022105,0.002304,0.001331,0.025577,0.025607,0.041124,0.001703,0.008538,0.012458,0.016796,0.012800,0.008708,0.002359,0.007102,0.005677,0.145363,0.013451,0.000000,0.004994,0.007722,0.007774,0.000000,0.001977,0.016291,0.034477,0.010370,0.011024,0.002859,0.002005,Not run,Not run,0.000571,0.000739,0.001078,Not run,0.102460,0.139139,Not run
mammoth,16,Base_OpenMP,default,0.009563,0.004540,0.004692,0.044666,0.004781,0.007200,0.008114,0.010065,0.009201,0.030465,0.018767,0.009258,0.007477,0.015077,0.568531,0.001442,0.000572,0.001364,0.004017,0.219474,0.014424,0.009849,0.014689,0.002272,0.014948,0.053921,0.011563,0.015298,0.014146,0.002904,0.014202,0.033344,0.049926,0.008038,0.002912,0.011664,0.043574,0.038766,0.002560,0.001606,0.017578,0.024719,0.041476,0.002347,0.010305,0.012293,0.015452,0.012497,0.010693,0.003466,0.011667,0.009188,0.281136,0.017575,0.000000,0.007535,0.015064,0.015208,0.000000,0.002728,0.027469,0.068395,0.013114,0.018099,0.004035,0.002607,Not run,Not run,0.000533,0.000700,0.001112,Not run,0.095051,0.077968,Not run
mammoth,8,Base_OpenMP,default,0.035962,0.009543,0.006619,0.086727,0.006366,0.012920,0.016331,0.018781,0.011503,0.054751,0.030665,0.013715,0.009239,0.027042,0.549794,0.002756,0.000593,0.003126,0.006787,0.178823,0.027112,0.013031,0.020466,0.002689,0.020718,0.091608,0.014401,0.027134,0.019582,0.004552,0.017341,0.062517,0.096043,0.014308,0.003694,0.014326,0.059170,0.074999,0.003377,0.002497,0.024315,0.035221,0.058565,0.003622,0.013667,0.016866,0.020883,0.016760,0.013935,0.005012,0.021637,0.016698,0.559846,0.034161,0.000000,0.013246,0.029271,0.029027,0.000000,0.004495,0.055695,0.136435,0.017851,0.033417,0.006683,0.004303,Not run,Not run,0.000617,0.000691,0.001999,Not run,0.095465,0.052488,Not run
mammoth,4,Base_OpenMP,default,0.072039,0.049889,0.008909,0.170784,0.010372,0.024361,0.031496,0.036608,0.019527,0.100603,0.053351,0.022869,0.014828,0.052105,0.578482,0.004986,0.000579,0.001848,0.013874,0.121407,0.127343,0.019936,0.032674,0.004466,0.032400,0.185304,0.022371,0.058912,0.172440,0.007417,0.029536,0.123449,0.188372,0.027223,0.006385,0.020497,0.102757,0.149644,0.004566,0.003755,0.039767,0.062965,0.099996,0.005869,0.021798,0.027597,0.033691,0.027686,0.022536,0.008679,0.042460,0.034706,1.120786,0.163435,0.000000,0.025618,0.057665,0.057042,0.000000,0.008363,0.115594,0.271481,0.031462,0.065317,0.012436,0.007928,Not run,Not run,0.001114,0.001816,0.003016,Not run,0.077544,0.038207,Not run
mammoth,256,Base_OpenMP,default,0.006315,0.004402,0.028776,0.031005,0.047516,0.012832,0.007354,0.018706,0.030637,0.126431,0.130677,0.012303,0.022176,0.049526,0.811505,0.003199,0.005900,0.006873,0.003501,0.448711,0.013567,0.031594,0.114480,0.013817,0.114663,0.104975,0.060492,0.011314,0.024143,0.004463,0.061530,0.011993,0.014088,0.005982,0.012482,0.077241,0.337310,0.012203,0.007078,0.007335,0.071128,0.182306,0.272947,0.006416,0.059797,0.103246,0.130529,0.105659,0.061177,0.004929,0.009609,0.006088,0.055994,0.011780,0.000000,0.011409,0.005990,0.005885,0.000000,0.003802,0.014092,0.013392,0.043418,0.012142,0.007534,0.006976,Not run,Not run,0.003263,0.005350,0.006116,Not run,0.086609,1.245608,Not run
mammoth,128,Base_OpenMP,default,0.006144,0.003865,0.016163,0.021263,0.025206,0.008647,0.005110,0.011496,0.018290,0.076148,0.074928,0.011257,0.013852,0.029210,0.704708,0.001944,0.003099,0.003759,0.002670,0.323009,0.011272,0.019239,0.063391,0.006992,0.063448,0.086497,0.038173,0.010370,0.016202,0.003641,0.034072,0.018218,0.022081,0.005136,0.007519,0.047856,0.187398,0.017197,0.005799,0.003802,0.077560,0.101180,0.207190,0.004043,0.033103,0.057046,0.072414,0.057620,0.033840,0.003677,0.012162,0.006524,0.078021,0.011014,0.000000,0.008436,0.006343,0.006328,0.000000,0.002878,0.014700,0.013138,0.026239,0.011976,0.005207,0.004577,Not run,Not run,0.001937,0.003076,0.003621,Not run,0.102812,0.708877,Not run
mammoth,64,Base_OpenMP,default,0.004404,0.002993,0.006770,0.016768,0.011254,0.004661,0.003355,0.005931,0.008074,0.033447,0.030539,0.009785,0.006956,0.013548,0.578741,0.001040,0.001535,0.001895,0.001655,0.319424,0.007535,0.009301,0.024867,0.003410,0.025142,0.086705,0.013881,0.007433,0.009904,0.002155,0.014792,0.018482,0.020868,0.004812,0.003529,0.021797,0.079265,0.018218,0.004583,0.001700,0.040658,0.039845,0.069918,0.002039,0.013894,0.022987,0.029027,0.023527,0.014285,0.002472,0.004778,0.004186,0.074041,0.007929,0.000000,0.004430,0.004553,0.004518,0.000000,0.001849,0.010224,0.019659,0.012059,0.008182,0.002758,0.002396,Not run,Not run,0.000920,0.001405,0.001682,Not run,0.110577,0.342793,Not run
mammoth,32,Base_OpenMP,default,0.006505,0.003285,0.004299,0.023938,0.005570,0.004835,0.004673,0.006069,0.007098,0.023005,0.017021,0.007723,0.005751,0.011469,0.580218,0.000912,0.000808,0.001374,0.002038,0.257864,0.008871,0.008204,0.015425,0.002189,0.015173,0.050965,0.009361,0.009561,0.012442,0.002139,0.010520,0.021341,0.029509,0.005181,0.002299,0.011372,0.043608,0.022508,0.002289,0.001361,0.024623,0.025681,0.041764,0.001555,0.008535,0.012538,0.016801,0.012935,0.008654,0.002487,0.007011,0.005763,0.145116,0.013576,0.000000,0.004967,0.007700,0.007709,0.000000,0.001924,0.016029,0.034401,0.010268,0.010788,0.002774,0.002012,Not run,Not run,0.000556,0.000770,0.001078,Not run,0.102319,0.143246,Not run
mammoth,16,Base_OpenMP,default,0.009819,0.004558,0.004499,0.044436,0.004834,0.007242,0.008291,0.009830,0.009536,0.031368,0.019594,0.009519,0.007221,0.015242,0.557363,0.001389,0.000567,0.001328,0.003542,0.212019,0.014399,0.010021,0.014883,0.002052,0.015240,0.059600,0.011872,0.015230,0.013947,0.002791,0.014232,0.032679,0.048151,0.007827,0.002804,0.011559,0.043578,0.040052,0.002847,0.001616,0.021799,0.024909,0.043513,0.002484,0.011787,0.013338,0.017373,0.030549,0.021420,0.003437,0.011756,0.009161,0.277834,0.017670,0.000000,0.007404,0.014991,0.015007,0.000000,0.003014,0.027304,0.067496,0.013051,0.017737,0.004513,0.002558,Not run,Not run,0.000580,0.000707,0.001097,Not run,0.100243,0.082350,Not run
mammoth,8,Base_OpenMP,default,0.035612,0.009901,0.006348,0.085804,0.006166,0.012517,0.015927,0.018450,0.011885,0.053066,0.029390,0.013539,0.009347,0.026510,0.546782,0.002525,0.000620,0.003062,0.006874,0.168343,0.026604,0.012261,0.020226,0.002553,0.020779,0.090988,0.014480,0.026986,0.020416,0.004206,0.017340,0.062481,0.094289,0.014139,0.003904,0.014036,0.059127,0.074194,0.003356,0.002380,0.023895,0.034229,0.057598,0.003592,0.013368,0.016624,0.020828,0.016742,0.013692,0.005060,0.021863,0.016366,0.555263,0.034798,0.000000,0.013303,0.028856,0.028847,0.000000,0.004689,0.054752,0.134118,0.017766,0.032656,0.006718,0.004212,Not run,Not run,0.000697,0.000794,0.002025,Not run,0.094351,0.050600,Not run
mammoth,4,Base_OpenMP,default,0.072171,0.049636,0.008621,0.169030,0.010343,0.024252,0.031139,0.036352,0.019173,0.100183,0.053140,0.022542,0.014571,0.051480,0.551542,0.005467,0.000564,0.001963,0.013489,0.120914,0.119626,0.019363,0.032384,0.004277,0.031820,0.180584,0.022260,0.058664,0.167052,0.007330,0.029099,0.123344,0.187646,0.026947,0.006444,0.020102,0.101308,0.149349,0.004503,0.003584,0.039334,0.058818,0.101217,0.005759,0.021118,0.027617,0.033829,0.027473,0.021400,0.008517,0.042296,0.034607,1.109697,0.163601,0.000000,0.024905,0.056701,0.056698,0.000000,0.008130,0.115104,0.267637,0.033381,0.064968,0.012089,0.007851,Not run,Not run,0.000954,0.001795,0.003079,Not run,0.075794,0.038217,Not run
mammoth,256,Base_OpenMP,default,0.006126,0.004425,0.029065,0.032851,0.046558,0.012741,0.007349,0.022060,0.030979,0.130744,0.129907,0.012417,0.022419,0.050602,0.808954,0.003197,0.005945,0.006732,0.003519,0.446742,0.013767,0.034371,0.114703,0.013524,0.122205,0.106015,0.061664,0.011135,0.023979,0.004577,0.062315,0.012283,0.014529,0.005924,0.012558,0.077060,0.393792,0.012689,0.007012,0.007372,0.069612,0.185383,0.269291,0.006294,0.061680,0.105169,0.131363,0.106267,0.062093,0.004894,0.009365,0.006156,0.059155,0.012069,0.000000,0.011646,0.005866,0.005805,0.000000,0.003662,0.014237,0.014805,0.045429,0.012480,0.007596,0.007215,Not run,Not run,0.003315,0.005443,0.006210,Not run,0.085271,1.262538,Not run
mammoth,128,Base_OpenMP,default,0.006144,0.003710,0.016433,0.021361,0.025645,0.008641,0.005013,0.011502,0.018264,0.076768,0.074563,0.010243,0.013706,0.029661,0.703396,0.002070,0.003144,0.003807,0.002661,0.322890,0.011285,0.019183,0.065096,0.006954,0.063147,0.083545,0.033988,0.010341,0.016330,0.003697,0.034287,0.017304,0.020968,0.005075,0.007586,0.047779,0.189160,0.017503,0.005637,0.003838,0.075569,0.100508,0.169554,0.004138,0.033805,0.056919,0.069834,0.058352,0.034071,0.003719,0.008202,0.006657,0.079375,0.010966,0.000000,0.008286,0.006378,0.006284,0.000000,0.002901,0.014827,0.015532,0.026307,0.012009,0.005164,0.004524,Not run,Not run,0.001931,0.003088,0.003643,Not run,0.103418,0.715301,Not run
mammoth,64,Base_OpenMP,default,0.004288,0.003076,0.006620,0.016764,0.011329,0.004742,0.003369,0.005995,0.008181,0.033357,0.030623,0.007912,0.006687,0.013731,0.577408,0.001172,0.001450,0.001873,0.001872,0.318968,0.007414,0.009206,0.025042,0.003510,0.025434,0.062620,0.013846,0.007212,0.009979,0.002453,0.015390,0.018723,0.021056,0.004706,0.003569,0.021406,0.079768,0.016990,0.004458,0.001687,0.041340,0.039984,0.079146,0.002008,0.014045,0.023569,0.030126,0.024082,0.014015,0.002237,0.004948,0.004176,0.072883,0.007886,0.000000,0.004425,0.004615,0.004619,0.000000,0.001964,0.010144,0.019839,0.012164,0.007964,0.002722,0.002399,Not run,Not run,0.000915,0.001417,0.001685,Not run,0.110916,0.350057,Not run
mammoth,32,Base_OpenMP,default,0.006610,0.003292,0.004450,0.023988,0.005459,0.004966,0.004625,0.006045,0.006922,0.022956,0.017025,0.007463,0.005817,0.011374,0.579146,0.001364,0.000815,0.001397,0.002399,0.271909,0.009141,0.007872,0.014709,0.002167,0.014798,0.050321,0.009378,0.009906,0.012393,0.002198,0.010155,0.021081,0.029898,0.005161,0.002337,0.011185,0.044929,0.022342,0.002252,0.001350,0.031337,0.025472,0.044034,0.001555,0.008316,0.012274,0.016964,0.012700,0.008438,0.002668,0.006991,0.005617,0.144781,0.013390,0.000000,0.004853,0.007715,0.007700,0.000000,0.001955,0.016037,0.034358,0.010156,0.011104,0.003122,0.001996,Not run,Not run,0.000562,0.000756,0.001037,Not run,0.106757,0.146094,Not run
mammoth,16,Base_OpenMP,default,0.009939,0.004490,0.004396,0.044279,0.005093,0.007261,0.008089,0.009783,0.008826,0.031377,0.019621,0.009480,0.007248,0.015212,0.554139,0.001390,0.000556,0.001370,0.003470,0.212420,0.014422,0.009743,0.014858,0.001983,0.016871,0.055636,0.011422,0.015029,0.013244,0.002763,0.013943,0.032909,0.048893,0.007797,0.002860,0.011399,0.042626,0.038231,0.002534,0.001705,0.017985,0.025211,0.042453,0.002051,0.010417,0.012228,0.015652,0.012223,0.010761,0.003253,0.011559,0.009011,0.277569,0.017157,0.000000,0.007310,0.015070,0.014981,0.000000,0.002721,0.027296,0.067524,0.013061,0.017334,0.004134,0.002574,Not run,Not run,0.000519,0.000722,0.001120,Not run,0.095743,0.078375,Not run
mammoth,8,Base_OpenMP,default,0.035285,0.009418,0.006234,0.085926,0.006653,0.012648,0.015918,0.018566,0.011542,0.054278,0.030750,0.014012,0.009299,0.027183,0.525831,0.002515,0.000618,0.003124,0.007100,0.164070,0.026624,0.012677,0.019957,0.002589,0.024649,0.091761,0.014839,0.026758,0.018765,0.004149,0.017075,0.062852,0.094675,0.014247,0.003927,0.014018,0.060497,0.074749,0.003359,0.002542,0.023955,0.034518,0.059445,0.003357,0.013549,0.016809,0.020669,0.018325,0.016825,0.004928,0.021664,0.016544,0.556389,0.034090,0.000000,0.013124,0.028916,0.028982,0.000000,0.004765,0.054992,0.134523,0.017994,0.033038,0.006699,0.004265,Not run,Not run,0.000620,0.000853,0.002123,Not run,0.097082,0.057965,Not run
mammoth,4,Base_OpenMP,default,0.072385,0.049180,0.008894,0.169347,0.010445,0.024377,0.031275,0.036337,0.019765,0.101224,0.054175,0.022665,0.014651,0.050380,0.553296,0.005406,0.000579,0.002002,0.013431,0.121513,0.122729,0.019340,0.032508,0.004345,0.032021,0.183056,0.022811,0.058832,0.170329,0.007240,0.029008,0.123142,0.186955,0.026999,0.006543,0.019746,0.102532,0.148682,0.004499,0.003781,0.039417,0.059191,0.099973,0.005974,0.021330,0.027528,0.033648,0.027565,0.021643,0.008616,0.042358,0.034156,1.115512,0.161841,0.000000,0.025194,0.056974,0.056977,0.000000,0.008146,0.115705,0.268141,0.033483,0.064802,0.012007,0.007749,Not run,Not run,0.001000,0.001976,0.002986,Not run,0.079098,0.038530,Not run
matrix-cpu,224,Base_OpenMP,default,0.013516,0.011947,0.113696,0.121702,0.231903,0.041329,0.035867,0.080573,0.113479,0.537532,0.571784,0.005812,0.079500,0.225894,1.034787,0.011965,0.012406,0.012298,0.011967,0.434416,0.042695,0.114254,0.438379,0.034929,0.435083,0.242296,0.224967,0.025513,0.091351,0.011265,0.223627,0.007403,0.008888,0.007807,0.046308,0.290948,1.258498,0.009135,0.018523,0.027576,0.193147,0.722056,0.906812,0.022627,0.223095,0.407218,0.459636,0.405189,0.224959,0.012312,0.024050,0.012608,0.034090,0.031889,0.000000,0.039002,0.013734,0.013784,0.000000,0.011432,0.026034,0.043947,0.158370,0.024956,0.023292,0.034403,Not run,Not run,0.011137,0.023334,0.023417,Not run,0.176551,6.410899,Not run
matrix-cpu,112,Base_OpenMP,default,0.002363,0.001388,0.005708,0.012652,0.012095,0.002954,0.002262,0.004296,0.006452,0.027218,0.026163,0.002489,0.004616,0.010834,1.002894,0.001022,0.005611,0.005800,0.001150,0.472837,0.004448,0.006297,0.022182,0.012627,0.021556,0.065395,0.011263,0.004057,0.005208,0.001213,0.011540,0.006786,0.007940,0.002352,0.002539,0.015241,0.066517,0.008665,0.001626,0.001468,0.013345,0.036443,0.048699,0.001328,0.011296,0.019307,0.024887,0.020137,0.011275,0.000990,0.002580,0.001740,0.031213,0.003681,0.000000,0.002740,0.002166,0.002354,0.000000,0.000882,0.004449,0.016098,0.008578,0.003163,0.001620,0.001776,Not run,Not run,0.000775,0.001167,0.001152,Not run,0.174821,0.344502,Not run
matrix-cpu,56,Base_OpenMP,default,0.002860,0.001448,0.003300,0.014411,0.006481,0.002671,0.002243,0.002538,0.007047,0.015424,0.015131,0.003477,0.005105,0.006306,0.817086,0.000651,0.001584,0.001613,0.000830,0.361950,0.004860,0.004140,0.012469,0.003557,0.012506,0.039489,0.006957,0.004846,0.004079,0.000808,0.006990,0.009256,0.012262,0.002407,0.001754,0.008357,0.037899,0.010730,0.002393,0.000897,0.013623,0.021102,0.028770,0.000934,0.006637,0.011054,0.013670,0.011423,0.006568,0.000855,0.002877,0.001868,0.051102,0.004079,0.000000,0.002164,0.002721,0.002700,0.000000,0.000701,0.005872,0.023806,0.006719,0.003890,0.001433,0.001163,Not run,Not run,0.000431,0.000682,0.000716,Not run,0.135758,0.174000,Not run
matrix-cpu,32,Base_OpenMP,default,0.006356,0.001694,0.002279,0.022400,0.004062,0.003234,0.003338,0.002150,0.009836,0.009965,0.009961,0.003849,0.006986,0.004865,0.698158,0.000574,0.000668,0.000804,0.000985,0.338921,0.008206,0.004321,0.008605,0.002046,0.008606,0.029639,0.005391,0.007514,0.004748,0.000908,0.005383,0.016035,0.021788,0.004918,0.001439,0.007065,0.027508,0.018843,0.001698,0.000669,0.015907,0.015364,0.025236,0.000908,0.004592,0.007432,0.009167,0.007695,0.004605,0.000955,0.005840,0.002841,0.088948,0.005965,0.000000,0.002541,0.004274,0.004246,0.000000,0.000836,0.009522,0.039596,0.007820,0.005824,0.001992,0.001047,Not run,Not run,0.000282,0.000456,0.000482,Not run,0.120683,0.091947,Not run
matrix-cpu,16,Base_OpenMP,default,0.011304,0.003808,0.002206,0.040567,0.003503,0.006139,0.006494,0.003239,0.019383,0.008458,0.008432,0.004473,0.012606,0.003448,0.567489,0.000678,0.000271,0.000446,0.001292,0.237618,0.013859,0.006060,0.008281,0.002069,0.008591,0.025504,0.006136,0.010544,0.025340,0.001564,0.006316,0.024529,0.038379,0.005946,0.001177,0.005999,0.034502,0.029592,0.000960,0.000797,0.011497,0.013609,0.024570,0.001071,0.004543,0.006834,0.008545,0.006992,0.004420,0.001369,0.008113,0.004748,0.163287,0.016069,0.000000,0.003803,0.007597,0.007511,0.000000,0.001280,0.017628,0.063629,0.012462,0.010845,0.002500,0.001340,Not run,Not run,0.000242,0.000389,0.000453,Not run,0.103868,0.040925,Not run
matrix-cpu,8,Base_OpenMP,default,0.034551,0.020724,0.002838,0.080157,0.005036,0.010327,0.012033,0.004535,0.018811,0.012246,0.012139,0.007979,0.013594,0.007544,0.489763,0.001012,0.000314,0.000572,0.002241,0.215362,0.030552,0.009654,0.011297,0.003523,0.012895,0.044417,0.011706,0.026019,0.040642,0.002601,0.016177,0.044100,0.065574,0.010074,0.002315,0.009487,0.053774,0.053047,0.001181,0.001208,0.016571,0.022309,0.039425,0.002136,0.008025,0.010215,0.010487,0.010182,0.007952,0.002628,0.014436,0.009570,0.326133,0.059967,0.000000,0.007058,0.014639,0.014424,0.000000,0.002339,0.046861,0.126821,0.019474,0.020312,0.004479,0.002349,Not run,Not run,0.000302,0.000541,0.000624,Not run,0.100485,0.026216,Not run
matrix-cpu,4,Base_OpenMP,default,0.047043,0.033130,0.007239,0.160242,0.008923,0.020445,0.024215,0.008957,0.041964,0.022004,0.021886,0.015074,0.027743,0.010954,0.456798,0.001864,0.000259,0.001007,0.004324,0.176411,0.088482,0.029919,0.029833,0.006723,0.033725,0.077947,0.040775,0.058978,0.096639,0.005209,0.058123,0.082598,0.124176,0.019497,0.003741,0.025685,0.099391,0.099202,0.001846,0.002251,0.029091,0.056478,0.082826,0.003358,0.037911,0.029622,0.026517,0.030215,0.037954,0.005929,0.028880,0.020856,0.651985,0.116645,0.000000,0.014021,0.028639,0.028375,0.000000,0.004555,0.086793,0.253629,0.058856,0.040446,0.009294,0.004458,Not run,Not run,0.000497,0.000929,0.001630,Not run,0.098029,0.019533,Not run
matrix-cpu,224,Base_OpenMP,default,0.013609,0.012019,0.114515,0.122379,0.228489,0.042780,0.035591,0.080734,0.114887,0.560345,0.568686,0.005823,0.080082,0.230718,1.074640,0.011719,0.012155,0.012266,0.012165,0.447994,0.042174,0.119637,0.464767,0.035227,0.456798,0.242520,0.232877,0.025220,0.092031,0.011544,0.232336,0.007315,0.009440,0.008767,0.046197,0.292502,1.281549,0.009559,0.018638,0.027807,0.194645,0.718190,0.920119,0.023589,0.225431,0.410804,0.458116,0.401043,0.228577,0.011659,0.024525,0.012405,0.033742,0.031904,0.000000,0.038068,0.014153,0.013786,0.000000,0.011727,0.025933,0.044646,0.157588,0.025189,0.023259,0.034966,Not run,Not run,0.011412,0.023177,0.023011,Not run,0.175665,6.394687,Not run
matrix-cpu,112,Base_OpenMP,default,0.002387,0.001390,0.005759,0.012742,0.012002,0.003110,0.002211,0.004228,0.006895,0.027629,0.028086,0.002516,0.004981,0.010863,1.019333,0.001058,0.004975,0.005187,0.001187,0.485277,0.004471,0.006468,0.023240,0.011241,0.023260,0.065478,0.011985,0.004113,0.005509,0.000963,0.011939,0.006624,0.008230,0.002194,0.002724,0.016036,0.067999,0.008523,0.001714,0.001531,0.013550,0.036913,0.048982,0.001319,0.011369,0.020994,0.026626,0.020242,0.011511,0.001070,0.002573,0.001763,0.031419,0.003687,0.000000,0.002714,0.002344,0.002279,0.000000,0.001001,0.004708,0.016107,0.008702,0.003216,0.001578,0.001829,Not run,Not run,0.000787,0.001215,0.001221,Not run,0.167114,0.373855,Not run
matrix-cpu,56,Base_OpenMP,default,0.002864,0.001563,0.003224,0.014814,0.006233,0.002601,0.002208,0.002424,0.007202,0.015048,0.015264,0.003218,0.005022,0.005980,0.814492,0.000639,0.001354,0.001427,0.000882,0.335334,0.005201,0.006042,0.012427,0.003221,0.012511,0.039223,0.007035,0.007358,0.004180,0.000775,0.006823,0.009316,0.012351,0.002429,0.001871,0.008504,0.036334,0.010672,0.002388,0.000866,0.013599,0.020197,0.027704,0.000909,0.006422,0.011100,0.013962,0.010929,0.006288,0.000807,0.004723,0.001846,0.051092,0.004046,0.000000,0.002060,0.002887,0.002926,0.000000,0.000672,0.005893,0.025451,0.006465,0.003858,0.002785,0.001480,Not run,Not run,0.000447,0.000668,0.000723,Not run,0.138564,0.178089,Not run
matrix-cpu,32,Base_OpenMP,default,0.006281,0.001661,0.002252,0.022456,0.003913,0.003261,0.003337,0.002076,0.009860,0.009824,0.009944,0.004050,0.007007,0.004176,0.667710,0.000665,0.000840,0.000960,0.000981,0.304569,0.007912,0.004332,0.011550,0.002021,0.008682,0.029909,0.005449,0.007255,0.004906,0.000913,0.005292,0.015888,0.021704,0.004933,0.001285,0.007164,0.028743,0.018567,0.001701,0.000635,0.015881,0.015410,0.025232,0.000884,0.004500,0.007483,0.009394,0.007557,0.004528,0.000932,0.005260,0.002655,0.088997,0.006007,0.000000,0.002538,0.004276,0.004251,0.000000,0.001256,0.009473,0.039483,0.007760,0.005821,0.002851,0.001043,Not run,Not run,0.000273,0.000467,0.000480,Not run,0.120923,0.092314,Not run
matrix-cpu,16,Base_OpenMP,default,0.014676,0.004056,0.002152,0.040573,0.003439,0.005600,0.005959,0.002554,0.019014,0.008397,0.008372,0.004574,0.012885,0.005424,0.557377,0.000675,0.000287,0.000462,0.001293,0.222714,0.015085,0.006010,0.008300,0.002100,0.008514,0.026813,0.006132,0.010568,0.034425,0.001424,0.006307,0.026457,0.054594,0.006019,0.001332,0.006029,0.048469,0.030951,0.001091,0.000932,0.011311,0.013457,0.024805,0.001157,0.004416,0.006885,0.008612,0.007034,0.004427,0.001487,0.008090,0.004525,0.163386,0.016194,0.000000,0.003819,0.007556,0.007499,0.000000,0.001374,0.017571,0.063610,0.017292,0.010995,0.004035,0.002309,Not run,Not run,0.000232,0.000431,0.000455,Not run,0.103606,0.041706,Not run
matrix-cpu,8,Base_OpenMP,default,0.034544,0.020394,0.002856,0.080145,0.005025,0.010328,0.011976,0.004486,0.018395,0.012300,0.012188,0.007919,0.013045,0.005790,0.486850,0.001040,0.000212,0.000538,0.002282,0.200849,0.030418,0.009358,0.011391,0.003505,0.013110,0.043674,0.010967,0.025470,0.038299,0.002560,0.014251,0.044058,0.065521,0.010137,0.001978,0.009133,0.048793,0.052931,0.001140,0.001130,0.016487,0.023680,0.039290,0.001781,0.007885,0.010308,0.010596,0.010180,0.007909,0.002951,0.014495,0.009507,0.326153,0.058552,0.000000,0.007178,0.014571,0.014443,0.000000,0.002296,0.046952,0.126820,0.018769,0.020262,0.004468,0.002344,Not run,Not run,0.000315,0.000548,0.000632,Not run,0.107009,0.026924,Not run
matrix-cpu,4,Base_OpenMP,default,0.047288,0.033750,0.007372,0.166402,0.008960,0.020506,0.024873,0.009123,0.042019,0.022195,0.021985,0.015054,0.027772,0.010967,0.481157,0.001799,0.000260,0.001014,0.004337,0.189122,0.088593,0.028405,0.031166,0.006731,0.033738,0.078408,0.038476,0.058626,0.093986,0.005305,0.068156,0.097334,0.123985,0.033309,0.003815,0.024959,0.104072,0.099701,0.001901,0.002355,0.029511,0.056285,0.081790,0.003587,0.037957,0.028003,0.026592,0.028452,0.038005,0.006254,0.028956,0.021106,0.680534,0.122905,0.000000,0.013962,0.028577,0.028338,0.000000,0.004574,0.086991,0.267143,0.061773,0.040414,0.009243,0.004450,Not run,Not run,0.000502,0.000941,0.001583,Not run,0.100891,0.021262,Not run
matrix-cpu,224,Base_OpenMP,default,0.013469,0.011828,0.115669,0.121207,0.230041,0.041481,0.035186,0.081146,0.112982,0.544788,0.566185,0.005766,0.079353,0.227558,1.044579,0.012105,0.012177,0.012478,0.011841,0.446864,0.039027,0.114635,0.447856,0.034981,0.455338,0.242957,0.220845,0.025085,0.095598,0.012023,0.227449,0.007435,0.009238,0.008809,0.045383,0.287151,1.261142,0.010001,0.018333,0.027134,0.194331,0.730000,0.881690,0.019083,0.221336,0.391085,0.456162,0.405829,0.231029,0.011737,0.024010,0.012518,0.033778,0.031793,0.000000,0.037677,0.013720,0.013897,0.000000,0.011651,0.025816,0.041816,0.153361,0.024493,0.023409,0.034660,Not run,Not run,0.011554,0.023097,0.023514,Not run,0.183120,6.476208,Not run
matrix-cpu,112,Base_OpenMP,default,0.002368,0.001388,0.005800,0.012767,0.012132,0.003110,0.002219,0.004190,0.006940,0.027351,0.028179,0.002550,0.004831,0.010811,1.065932,0.001064,0.005741,0.005467,0.001237,0.472867,0.004499,0.006287,0.023294,0.012631,0.022920,0.065457,0.012057,0.004244,0.005694,0.001269,0.011545,0.006875,0.008115,0.002248,0.003006,0.016031,0.066313,0.008643,0.001717,0.001505,0.013782,0.036393,0.049391,0.001354,0.011369,0.020604,0.026739,0.020135,0.011563,0.001009,0.002529,0.001760,0.031292,0.003707,0.000000,0.002779,0.002343,0.002204,0.000000,0.000940,0.004347,0.016071,0.008679,0.003181,0.001586,0.001814,Not run,Not run,0.000744,0.001206,0.001254,Not run,0.177682,0.376005,Not run
matrix-cpu,56,Base_OpenMP,default,0.002841,0.001478,0.003303,0.014790,0.006388,0.002707,0.002236,0.002492,0.007249,0.015808,0.015663,0.003114,0.005135,0.006257,0.807833,0.000920,0.001805,0.001905,0.001123,0.345618,0.005427,0.006097,0.012959,0.003777,0.013024,0.039113,0.007212,0.006045,0.004156,0.000805,0.007047,0.009475,0.012460,0.002513,0.001847,0.008678,0.037643,0.010836,0.002396,0.000904,0.013517,0.020919,0.028520,0.000903,0.006514,0.011496,0.014324,0.011440,0.006569,0.000818,0.003150,0.001866,0.051125,0.004011,0.000000,0.002110,0.002787,0.002808,0.000000,0.000675,0.005943,0.025328,0.006506,0.003849,0.001696,0.001205,Not run,Not run,0.000416,0.000686,0.000710,Not run,0.136070,0.184804,Not run
matrix-cpu,32,Base_OpenMP,default,0.006345,0.001676,0.002258,0.022405,0.003976,0.003292,0.003386,0.002140,0.010350,0.009951,0.010040,0.003747,0.006950,0.003750,0.697473,0.000580,0.000723,0.000799,0.000870,0.312549,0.007755,0.004315,0.008692,0.002061,0.008708,0.030056,0.005487,0.007302,0.004764,0.000935,0.005335,0.016207,0.021814,0.004942,0.001263,0.007083,0.027335,0.021071,0.001714,0.000653,0.015814,0.015455,0.027265,0.000852,0.004511,0.007550,0.009441,0.007692,0.004532,0.001002,0.004117,0.002986,0.088945,0.006051,0.000000,0.002596,0.004173,0.004132,0.000000,0.000818,0.009442,0.039592,0.007712,0.005741,0.001653,0.001052,Not run,Not run,0.000278,0.000479,0.000474,Not run,0.119016,0.094181,Not run
matrix-cpu,16,Base_OpenMP,default,0.014621,0.003792,0.002182,0.040578,0.003474,0.005424,0.005962,0.002610,0.017453,0.008473,0.008458,0.004581,0.013379,0.005337,0.567736,0.000658,0.000279,0.000428,0.001298,0.223205,0.015312,0.006026,0.008386,0.002079,0.008513,0.027140,0.006177,0.010489,0.033622,0.003705,0.006301,0.026698,0.040904,0.006039,0.001299,0.006007,0.033640,0.031218,0.001102,0.000919,0.011478,0.013439,0.024413,0.001146,0.004447,0.006913,0.008710,0.006946,0.004473,0.001548,0.007680,0.004551,0.163281,0.015812,0.000000,0.003817,0.007563,0.007495,0.000000,0.001244,0.017681,0.063635,0.012863,0.010348,0.003348,0.001321,Not run,Not run,0.000246,0.000409,0.000452,Not run,0.105794,0.042158,Not run
matrix-cpu,8,Base_OpenMP,default,0.034534,0.020561,0.002855,0.080158,0.005050,0.010333,0.011928,0.004418,0.020034,0.012330,0.012189,0.007965,0.014165,0.005793,0.489850,0.001046,0.000213,0.000541,0.002286,0.197568,0.031560,0.009667,0.011274,0.003511,0.012957,0.043687,0.010406,0.025489,0.037943,0.002625,0.015726,0.044248,0.065769,0.010029,0.001954,0.009253,0.046949,0.052952,0.001149,0.001112,0.017386,0.021462,0.039260,0.001786,0.007875,0.010232,0.010713,0.010181,0.007694,0.002568,0.014469,0.009577,0.326221,0.058974,0.000000,0.007209,0.014683,0.014515,0.000000,0.002283,0.047491,0.126824,0.020371,0.020424,0.004515,0.002355,Not run,Not run,0.000305,0.000545,0.000629,Not run,0.099084,0.027378,Not run
matrix-cpu,4,Base_OpenMP,default,0.048515,0.033417,0.007040,0.160292,0.008907,0.020458,0.024241,0.009000,0.056666,0.022025,0.021875,0.014976,0.027895,0.010929,0.475316,0.001804,0.000270,0.001031,0.004289,0.180421,0.088493,0.028489,0.030417,0.006728,0.034452,0.077603,0.039360,0.058583,0.093869,0.005237,0.056374,0.082682,0.123369,0.019523,0.003668,0.025414,0.099624,0.099186,0.001832,0.002259,0.029197,0.061509,0.082387,0.003365,0.037403,0.026754,0.026370,0.027162,0.037453,0.005935,0.028946,0.021370,0.652093,0.116463,0.000000,0.013972,0.028495,0.028249,0.000000,0.004542,0.086937,0.253692,0.057095,0.040422,0.009294,0.004450,Not run,Not run,0.000487,0.000947,0.001503,Not run,0.100834,0.019456,Not run
tioga-cpu,128,Base_OpenMP,default,0.008743,0.006586,0.002465,0.006121,0.004182,0.003595,0.001351,0.002284,0.003800,0.013788,0.012527,0.010032,0.003405,0.007132,3.216157,0.000530,0.000317,0.000859,0.001450,1.023027,0.009786,0.005547,0.008032,0.000744,0.008945,0.039016,0.006304,0.007988,0.019690,0.003565,0.005903,0.018201,0.026774,0.003355,0.001320,0.006323,0.023548,0.022589,0.002571,0.001004,0.014421,0.015305,0.024832,0.001054,0.004905,0.016210,0.014854,0.007622,0.005059,0.002504,0.004721,0.006338,0.129969,0.008754,0.000000,0.006594,0.007820,0.005103,0.000000,0.001859,0.016385,0.006953,0.011008,0.004219,0.001685,0.001108,Not run,Not run,0.000536,0.000436,0.000622,Not run,0.129033,0.056587,Not run
tioga-cpu,64,Base_OpenMP,default,0.009339,0.005262,0.003064,0.008779,0.005056,0.005623,0.001648,0.002912,0.010367,0.018199,0.017625,0.010191,0.007602,0.007574,1.729326,0.000726,0.000317,0.001175,0.002096,0.381702,0.012142,0.007027,0.009037,0.000844,0.010107,0.038064,0.007397,0.011046,0.022337,0.005112,0.011786,0.022537,0.034924,0.003299,0.001602,0.011229,0.026591,0.029917,0.001701,0.001272,0.019554,0.017207,0.031317,0.001296,0.006304,0.008644,0.015214,0.008660,0.006324,0.003261,0.007599,0.007734,0.182469,0.015227,0.000000,0.009095,0.010911,0.006679,0.000000,0.002644,0.016585,0.009997,0.016748,0.005858,0.002215,0.001389,Not run,Not run,0.000511,0.000477,0.000703,Not run,0.144118,0.052361,Not run
tioga-cpu,32,Base_OpenMP,default,0.008694,0.005348,0.002821,0.016643,0.004352,0.007801,0.001945,0.003216,0.010566,0.017215,0.016632,0.012094,0.007509,0.007045,0.852354,0.000720,0.000324,0.001236,0.002475,0.355398,0.012181,0.007114,0.008488,0.000789,0.009335,0.037582,0.006902,0.010044,0.022018,0.007016,0.011714,0.026061,0.037703,0.003453,0.001983,0.007762,0.024781,0.030563,0.001659,0.001330,0.016826,0.016308,0.026949,0.001809,0.006207,0.007908,0.020841,0.008046,0.006259,0.003160,0.009031,0.007997,0.194552,0.015227,0.000000,0.008662,0.010070,0.006860,0.000000,0.002350,0.016866,0.017686,0.015348,0.005800,0.002359,0.001552,Not run,Not run,0.000852,0.000454,0.000669,Not run,0.127647,0.042412,Not run
tioga-cpu,16,Base_OpenMP,default,0.014898,0.008953,0.005561,0.031521,0.006436,0.026402,0.005950,0.007590,0.020669,0.030844,0.030027,0.016361,0.016021,0.010801,0.729045,0.001252,0.000358,0.001831,0.003908,0.274335,0.020075,0.019663,0.018849,0.001138,0.019356,0.064291,0.022982,0.015088,0.029486,0.011444,0.028715,0.047102,0.069335,0.005488,0.003493,0.017865,0.045540,0.053090,0.002122,0.002204,0.021898,0.030793,0.044529,0.003298,0.021941,0.013862,0.035385,0.017882,0.018227,0.005146,0.016852,0.014445,0.362622,0.028930,0.000000,0.016596,0.015832,0.012925,0.000000,0.004061,0.028649,0.034077,0.034313,0.010493,0.003814,0.002444,Not run,Not run,0.001077,0.000588,0.001279,Not run,0.124348,0.033149,Not run
tioga-cpu,8,Base_OpenMP,default,0.040611,0.011958,0.015515,0.061152,0.011191,0.054758,0.015818,0.019187,0.027318,0.058248,0.058153,0.029397,0.022630,0.020713,0.729531,0.002365,0.000453,0.003216,0.007308,0.186981,0.026433,0.028595,0.038194,0.001817,0.026374,0.118370,0.031060,0.021246,0.035719,0.020410,0.035502,0.091928,0.138148,0.009949,0.006517,0.027881,0.075946,0.105185,0.002453,0.004953,0.037076,0.055098,0.083540,0.006188,0.023582,0.020912,0.068167,0.033625,0.017064,0.009391,0.033142,0.027976,0.722176,0.045390,0.000000,0.032737,0.030313,0.024625,0.000000,0.007501,0.050850,0.067803,0.056507,0.020180,0.007119,0.005429,Not run,Not run,0.001633,0.001221,0.004016,Not run,0.130294,0.029685,Not run
tioga-cpu,4,Base_OpenMP,default,0.064956,0.037910,0.014899,0.119259,0.020914,0.110463,0.033719,0.038401,0.026967,0.112860,0.113145,0.058404,0.022563,0.039752,0.586648,0.004600,0.000774,0.006199,0.014024,0.173427,0.077440,0.049272,0.043404,0.003071,0.045308,0.040968,0.032316,0.040629,0.086916,0.040674,0.039893,0.183580,0.276158,0.018338,0.012358,0.032960,0.117555,0.209587,0.003426,0.009888,0.065507,0.078245,0.145847,0.012028,0.031375,0.034067,0.128070,0.036830,0.026672,0.018728,0.066130,0.056668,1.444542,0.076138,0.000001,0.065318,0.059699,0.048740,0.000000,0.014868,0.120684,0.134931,0.095785,0.040072,0.012029,0.009486,Not run,Not run,0.003278,0.003194,0.004583,Not run,0.111532,0.021310,Not run
tioga-cpu,128,Base_OpenMP,default,0.009395,0.007683,0.002468,0.005968,0.004069,0.003421,0.001406,0.002499,0.003870,0.013224,0.012632,0.010334,0.003365,0.006419,3.227247,0.000524,0.000306,0.000870,0.001211,1.026822,0.010305,0.005421,0.008074,0.000741,0.008831,0.040444,0.006126,0.008366,0.019358,0.003564,0.006006,0.018390,0.032095,0.003300,0.001344,0.006398,0.024166,0.022238,0.001852,0.001000,0.014842,0.014861,0.027014,0.001089,0.004952,0.010639,0.013856,0.007732,0.005052,0.002510,0.004706,0.006130,0.132135,0.008613,0.000000,0.006331,0.007722,0.009890,0.000000,0.001846,0.016336,0.007582,0.010869,0.004339,0.001715,0.001149,Not run,Not run,0.000417,0.000441,0.000631,Not run,0.129011,0.059358,Not run
tioga-cpu,64,Base_OpenMP,default,0.009391,0.005325,0.003059,0.008398,0.005240,0.005613,0.001689,0.002925,0.010261,0.018294,0.017906,0.010233,0.007478,0.007647,1.729037,0.000737,0.000325,0.001178,0.002250,0.379858,0.012214,0.007064,0.009128,0.000846,0.010354,0.038429,0.007569,0.010595,0.022674,0.005024,0.011600,0.023550,0.034750,0.003271,0.001622,0.011098,0.026948,0.031544,0.001696,0.001279,0.019554,0.017041,0.032323,0.001317,0.006106,0.008504,0.015613,0.008910,0.006273,0.003157,0.007552,0.007766,0.187687,0.015157,0.000000,0.009011,0.010208,0.006589,0.000000,0.002510,0.017240,0.009905,0.017120,0.005881,0.002206,0.001395,Not run,Not run,0.000534,0.000486,0.000709,Not run,0.149987,0.053715,Not run
tioga-cpu,32,Base_OpenMP,default,0.008574,0.005422,0.002941,0.016633,0.004452,0.007449,0.001919,0.003178,0.010689,0.017115,0.016747,0.012160,0.007665,0.007152,0.852696,0.000721,0.000299,0.001235,0.002387,0.354270,0.012273,0.007049,0.008386,0.000799,0.009452,0.037564,0.007055,0.010245,0.022105,0.005567,0.012134,0.025656,0.038618,0.003510,0.001989,0.007884,0.025189,0.030982,0.001683,0.001359,0.014852,0.016002,0.028636,0.001819,0.006002,0.007915,0.020745,0.008292,0.005963,0.002998,0.008875,0.007764,0.192962,0.015132,0.000000,0.008761,0.009655,0.006714,0.000000,0.002337,0.016641,0.017568,0.015343,0.005817,0.002066,0.001585,Not run,Not run,0.000776,0.000478,0.000689,Not run,0.127947,0.043584,Not run
tioga-cpu,16,Base_OpenMP,default,0.014842,0.009074,0.005409,0.031359,0.006591,0.025900,0.005971,0.007595,0.020783,0.029882,0.029391,0.016662,0.016658,0.010554,0.752189,0.001251,0.000407,0.002064,0.004029,0.275285,0.019531,0.019260,0.019298,0.001107,0.021366,0.064090,0.024038,0.016183,0.029982,0.013424,0.027701,0.046839,0.069646,0.005503,0.003491,0.018025,0.046597,0.052838,0.002267,0.002213,0.020952,0.031706,0.044330,0.003310,0.022479,0.015004,0.035143,0.020451,0.018004,0.005132,0.016859,0.014590,0.361492,0.028433,0.000000,0.016413,0.015912,0.013092,0.000000,0.004016,0.028256,0.034040,0.033834,0.010498,0.003723,0.002459,Not run,Not run,0.001045,0.000536,0.001228,Not run,0.127391,0.031484,Not run
tioga-cpu,8,Base_OpenMP,default,0.039374,0.012558,0.016249,0.060983,0.011196,0.051764,0.015781,0.019164,0.026950,0.057884,0.057614,0.029653,0.022698,0.020432,0.730764,0.002357,0.000445,0.003220,0.007358,0.187505,0.026084,0.029174,0.035495,0.001821,0.028275,0.118960,0.030296,0.020899,0.036828,0.020409,0.034433,0.091805,0.138095,0.009958,0.006532,0.026319,0.077652,0.104928,0.002433,0.004970,0.037021,0.055177,0.083331,0.006189,0.026430,0.021181,0.067681,0.033317,0.016592,0.009485,0.033083,0.027957,0.722016,0.047241,0.000000,0.032644,0.030371,0.024647,0.000000,0.007463,0.051501,0.067802,0.055678,0.020164,0.006983,0.005555,Not run,Not run,0.001905,0.000897,0.004095,Not run,0.131303,0.028603,Not run
tioga-cpu,4,Base_OpenMP,default,0.065148,0.038338,0.013000,0.119311,0.020783,0.110555,0.033728,0.038666,0.026667,0.112467,0.112208,0.058337,0.021694,0.039782,0.697263,0.004598,0.000783,0.006204,0.014082,0.180621,0.079523,0.047171,0.042576,0.003143,0.042137,0.039705,0.032076,0.040529,0.089862,0.040653,0.039689,0.183097,0.275928,0.018318,0.012376,0.032512,0.119441,0.209615,0.003399,0.008537,0.068776,0.078497,0.146959,0.012117,0.028600,0.034058,0.127326,0.038114,0.025867,0.018662,0.066237,0.056924,1.444179,0.073765,0.000000,0.065373,0.059775,0.048630,0.000000,0.014991,0.122300,0.134948,0.094433,0.040208,0.011710,0.009286,Not run,Not run,0.003141,0.003391,0.004274,Not run,0.099255,0.020996,Not run
tioga-cpu,128,Base_OpenMP,default,0.009284,0.005273,0.002364,0.005840,0.003959,0.003644,0.001349,0.002275,0.003724,0.012129,0.011508,0.010128,0.006686,0.006108,3.097591,0.000503,0.000313,0.000855,0.001505,1.204410,0.010229,0.005570,0.007893,0.000736,0.011580,0.039070,0.006054,0.007930,0.019802,0.004862,0.005810,0.018447,0.026369,0.003616,0.001273,0.006452,0.023132,0.023896,0.001980,0.000965,0.015132,0.014214,0.024611,0.001022,0.004903,0.007224,0.013844,0.007362,0.005021,0.002513,0.004612,0.006165,0.130429,0.008474,0.000000,0.006281,0.007871,0.005129,0.000000,0.001876,0.016476,0.005717,0.011190,0.004367,0.001752,0.001135,Not run,Not run,0.000482,0.000438,0.000616,Not run,0.128887,0.062863,Not run
tioga-cpu,64,Base_OpenMP,default,0.009295,0.005249,0.003027,0.008445,0.004658,0.005500,0.001687,0.003082,0.010185,0.018161,0.018260,0.010410,0.007613,0.007534,1.685646,0.000740,0.000324,0.001183,0.002218,0.365269,0.012141,0.007182,0.008910,0.000856,0.010043,0.038144,0.007590,0.010425,0.022610,0.004762,0.012505,0.023893,0.035023,0.003366,0.001623,0.011291,0.027181,0.028797,0.001695,0.001311,0.019834,0.017413,0.032689,0.001305,0.006058,0.008686,0.015606,0.008830,0.006070,0.003353,0.008832,0.007815,0.187815,0.015318,0.000000,0.008757,0.010949,0.006669,0.000000,0.002500,0.017076,0.013731,0.016977,0.005786,0.002284,0.001424,Not run,Not run,0.000519,0.000464,0.000721,Not run,0.144100,0.053413,Not run
tioga-cpu,32,Base_OpenMP,default,0.008720,0.005393,0.003024,0.016566,0.004358,0.006841,0.001917,0.003367,0.010749,0.017346,0.017013,0.012054,0.007926,0.006993,0.845480,0.000720,0.000309,0.001241,0.002422,0.360155,0.012213,0.007161,0.008664,0.000804,0.009569,0.037615,0.007153,0.011038,0.022071,0.005502,0.013117,0.025490,0.038539,0.003608,0.002002,0.007799,0.025287,0.031423,0.001673,0.001341,0.014967,0.016425,0.027778,0.001797,0.005920,0.008140,0.020833,0.008249,0.005801,0.003043,0.009923,0.007780,0.191444,0.015208,0.000000,0.008715,0.009687,0.006931,0.000000,0.002380,0.016596,0.020193,0.014935,0.005877,0.002169,0.001620,Not run,Not run,0.000645,0.000443,0.000675,Not run,0.135506,0.041587,Not run
tioga-cpu,16,Base_OpenMP,default,0.014572,0.008735,0.005397,0.031350,0.006385,0.023537,0.006028,0.007589,0.021275,0.030074,0.029893,0.016512,0.014774,0.010700,0.849224,0.001254,0.000409,0.002063,0.003836,0.282316,0.020951,0.019401,0.019002,0.001102,0.020250,0.063911,0.023579,0.015147,0.029747,0.010598,0.028047,0.046825,0.069417,0.005509,0.003510,0.017647,0.046254,0.053329,0.002317,0.002237,0.023621,0.032462,0.046888,0.003306,0.021626,0.013636,0.035425,0.016937,0.019750,0.005147,0.018923,0.014525,0.361737,0.028564,0.000000,0.016524,0.016205,0.012910,0.000000,0.003934,0.028794,0.040051,0.034379,0.010498,0.003680,0.002473,Not run,Not run,0.001117,0.000511,0.001439,Not run,0.127017,0.030725,Not run
tioga-cpu,8,Base_OpenMP,default,0.039997,0.011376,0.015101,0.060755,0.011363,0.051708,0.015847,0.019116,0.024517,0.057957,0.057713,0.029729,0.021979,0.020408,0.824790,0.002362,0.000445,0.003226,0.007251,0.197108,0.030751,0.028825,0.036949,0.001794,0.027522,0.118544,0.031279,0.021290,0.039714,0.022313,0.035380,0.091945,0.138401,0.009947,0.006509,0.026552,0.075369,0.104910,0.002425,0.004993,0.037491,0.055094,0.084418,0.006179,0.023922,0.022079,0.068076,0.033043,0.016811,0.009539,0.033161,0.028214,0.722358,0.046572,0.000000,0.033031,0.030829,0.024726,0.000000,0.007762,0.051794,0.067785,0.055971,0.020095,0.007081,0.005565,Not run,Not run,0.001638,0.000907,0.004174,Not run,0.112015,0.026414,Not run
tioga-cpu,4,Base_OpenMP,default,0.064612,0.037864,0.015918,0.119441,0.020795,0.110500,0.033704,0.039007,0.027291,0.112968,0.112866,0.058684,0.021016,0.039611,0.699702,0.004601,0.000785,0.006207,0.014026,0.158962,0.075970,0.047917,0.043649,0.003039,0.047416,0.040478,0.032377,0.040283,0.086964,0.040785,0.039854,0.183775,0.276557,0.018330,0.012332,0.032805,0.119787,0.209618,0.003393,0.008222,0.064795,0.079302,0.146193,0.012033,0.032759,0.033829,0.128235,0.036712,0.026477,0.018806,0.066200,0.059664,1.443902,0.077092,0.000000,0.065518,0.059709,0.048602,0.000000,0.014910,0.117073,0.134874,0.094097,0.040080,0.011659,0.010256,Not run,Not run,0.003292,0.002993,0.004642,Not run,0.109326,0.020891,Not run
tuolumne-cpu,192,Base_OpenMP,default,0.002045,0.001416,0.004017,0.006587,0.007056,0.002705,0.001745,0.003405,0.004587,0.021859,0.028585,0.013890,0.003358,0.010951,0.934719,0.000797,0.000728,0.001045,0.001117,0.454352,0.003597,0.005372,0.016058,0.001621,0.015958,0.053045,0.008358,0.005014,0.004388,0.002019,0.007908,0.007704,0.009551,0.002496,0.002354,0.014450,0.043720,0.007733,0.002834,0.001160,0.044657,0.025469,0.054992,0.001086,0.007596,0.013504,0.025257,0.013287,0.007586,0.001223,0.003186,0.002965,0.046228,0.003223,0.000000,0.004468,0.004332,0.003455,0.000000,0.001255,0.004466,0.012586,0.008263,0.002815,0.001294,0.001669,Not run,Not run,0.001034,0.000806,0.001119,Not run,0.114182,0.186523,Not run
tuolumne-cpu,96,Base_OpenMP,default,0.004100,0.001588,0.004199,0.008052,0.007654,0.004270,0.002212,0.004089,0.005365,0.026688,0.025509,0.019012,0.004415,0.011651,1.102935,0.001032,0.000736,0.001393,0.001607,0.227848,0.005732,0.006482,0.015141,0.001483,0.016218,0.049010,0.008213,0.006882,0.005484,0.003073,0.007985,0.012370,0.017756,0.003855,0.002351,0.018859,0.046319,0.013766,0.003208,0.001704,0.066532,0.027155,0.075598,0.001278,0.007737,0.013205,0.027855,0.013569,0.007688,0.001798,0.004402,0.004064,0.089125,0.005666,0.000000,0.005673,0.005597,0.004007,0.000001,0.001406,0.007154,0.013841,0.011120,0.003687,0.001475,0.002137,Not run,Not run,0.001049,0.000855,0.001112,Not run,0.091168,0.196080,Not run
tuolumne-cpu,48,Base_OpenMP,default,0.004570,0.001794,0.004032,0.011123,0.006135,0.005078,0.001993,0.004002,0.005410,0.026400,0.025851,0.012275,0.004330,0.011170,0.389724,0.000952,0.000674,0.001065,0.001549,0.169945,0.004866,0.005866,0.015383,0.001664,0.014851,0.047967,0.008332,0.005555,0.005260,0.003767,0.008405,0.015268,0.022581,0.004070,0.002632,0.013153,0.045882,0.016242,0.002860,0.001633,0.044924,0.026484,0.059326,0.001587,0.007231,0.011840,0.030685,0.012292,0.007399,0.001719,0.004635,0.004359,0.094177,0.005601,0.000000,0.006161,0.005825,0.005180,0.000000,0.001331,0.007598,0.012618,0.010594,0.004225,0.001396,0.002123,Not run,Not run,0.001135,0.000842,0.001103,Not run,0.078955,0.164578,Not run
tuolumne-cpu,32,Base_OpenMP,default,0.006322,0.001604,0.003415,0.013624,0.006048,0.005592,0.001902,0.003565,0.005398,0.025339,0.025471,0.015343,0.004546,0.009779,0.358521,0.000937,0.000501,0.001136,0.001839,0.164647,0.005830,0.005942,0.012263,0.001454,0.012305,0.048177,0.006874,0.006642,0.006209,0.004475,0.007251,0.023920,0.034478,0.005443,0.002661,0.012676,0.036158,0.025569,0.003584,0.001327,0.049050,0.020484,0.059198,0.002158,0.005970,0.009822,0.029815,0.009521,0.005857,0.002203,0.006339,0.006607,0.140695,0.006916,0.000001,0.008145,0.007564,0.006753,0.000001,0.001993,0.010684,0.016097,0.012187,0.004846,0.001514,0.002029,Not run,Not run,0.001041,0.000936,0.000935,Not run,0.086027,0.125446,Not run
tuolumne-cpu,16,Base_OpenMP,default,0.016253,0.002320,0.003883,0.022477,0.007941,0.010349,0.002759,0.005152,0.006921,0.033537,0.033648,0.017157,0.005462,0.013568,0.344554,0.001355,0.000491,0.001916,0.003177,0.156414,0.007858,0.009662,0.014935,0.001374,0.014448,0.050175,0.008569,0.009615,0.009901,0.008633,0.009710,0.041082,0.060512,0.008829,0.003934,0.012275,0.044540,0.045475,0.004864,0.002419,0.045783,0.029156,0.060125,0.003110,0.008094,0.012053,0.041180,0.011958,0.007789,0.004168,0.012211,0.013625,0.281024,0.012752,0.000001,0.014385,0.013712,0.012103,0.000001,0.003340,0.021064,0.030095,0.021072,0.009181,0.002749,0.002654,Not run,Not run,0.001348,0.000749,0.000783,Not run,0.068852,0.116513,Not run
tuolumne-cpu,8,Base_OpenMP,default,0.048996,0.006703,0.005247,0.042727,0.011392,0.033622,0.010848,0.011282,0.009428,0.050883,0.050997,0.025106,0.007382,0.019134,0.254981,0.002309,0.000549,0.002807,0.005970,0.093630,0.014387,0.016735,0.021765,0.001849,0.022230,0.055651,0.013881,0.017075,0.023654,0.015883,0.014775,0.076885,0.114924,0.010260,0.005779,0.015601,0.056940,0.087217,0.003992,0.003410,0.038114,0.037717,0.069729,0.005305,0.011010,0.015735,0.061097,0.015130,0.011305,0.008590,0.023513,0.025007,0.559990,0.024267,0.000001,0.025454,0.023346,0.020224,0.000000,0.005977,0.064086,0.056398,0.035922,0.016101,0.004129,0.003664,Not run,Not run,0.001524,0.000790,0.001019,Not run,0.054975,0.093646,Not run
tuolumne-cpu,4,Base_OpenMP,default,0.106689,0.021522,0.007004,0.078360,0.017149,0.090388,0.023269,0.026982,0.015673,0.087788,0.087833,0.045634,0.013262,0.032355,0.278328,0.004168,0.000583,0.005121,0.011520,0.060966,0.043626,0.030859,0.026052,0.002577,0.028196,0.024685,0.019102,0.051650,0.077726,0.030980,0.023202,0.151256,0.227890,0.015230,0.009851,0.020400,0.081402,0.172967,0.002652,0.006114,0.047625,0.053349,0.106719,0.009813,0.017656,0.021660,0.103090,0.021726,0.017694,0.015222,0.046696,0.061561,1.118964,0.060758,0.000001,0.049905,0.045563,0.039418,0.000001,0.011745,0.190522,0.111885,0.064884,0.031804,0.007431,0.006120,Not run,Not run,0.002573,0.000923,0.001161,Not run,0.056499,0.011697,Not run
tuolumne-cpu,192,Base_OpenMP,default,0.002355,0.001145,0.003991,0.006442,0.006543,0.003128,0.001966,0.003245,0.004435,0.021598,0.020543,0.013847,0.003262,0.010031,0.942605,0.000794,0.000736,0.001321,0.001115,0.485498,0.003695,0.005410,0.015236,0.001360,0.014449,0.049988,0.007962,0.004841,0.004513,0.002018,0.007958,0.007931,0.009970,0.002546,0.002207,0.014951,0.042684,0.007793,0.004460,0.001490,0.033426,0.024118,0.051384,0.001346,0.007615,0.013677,0.025788,0.013636,0.007251,0.001202,0.002924,0.004192,0.046275,0.003214,0.000000,0.004653,0.004758,0.003741,0.000001,0.001297,0.004251,0.013642,0.008250,0.002645,0.001536,0.001613,Not run,Not run,0.002244,0.000783,0.000850,Not run,0.119697,0.185502,Not run
tuolumne-cpu,96,Base_OpenMP,default,0.003845,0.001743,0.004053,0.008376,0.006652,0.004399,0.001902,0.004030,0.005268,0.026049,0.025731,0.019190,0.003844,0.009659,0.689856,0.000965,0.000723,0.001658,0.001570,0.273023,0.006328,0.006611,0.014959,0.001493,0.015116,0.048566,0.008706,0.006363,0.005518,0.003163,0.007692,0.013100,0.017961,0.003751,0.002243,0.018529,0.042801,0.013821,0.003244,0.001421,0.062031,0.027518,0.075501,0.001216,0.007282,0.013049,0.028871,0.012835,0.006884,0.001785,0.004432,0.004023,0.088904,0.005367,0.000000,0.006125,0.005290,0.004457,0.000001,0.001816,0.007415,0.014546,0.010636,0.003703,0.001581,0.002103,Not run,Not run,0.001114,0.000832,0.000854,Not run,0.092663,0.167172,Not run
tuolumne-cpu,48,Base_OpenMP,default,0.003902,0.001451,0.004028,0.011433,0.006579,0.004400,0.001881,0.003891,0.005097,0.023984,0.024356,0.012031,0.003779,0.010062,0.372868,0.000912,0.000625,0.001077,0.001501,0.199810,0.004895,0.006027,0.013901,0.001335,0.013738,0.046733,0.007373,0.005102,0.005521,0.003673,0.007394,0.016010,0.022695,0.003980,0.002562,0.012955,0.041156,0.017214,0.002899,0.001653,0.048812,0.025405,0.058182,0.001769,0.007062,0.011250,0.029818,0.011546,0.006656,0.001643,0.004772,0.004403,0.094119,0.005319,0.000000,0.006455,0.005762,0.005148,0.000001,0.001618,0.007484,0.012470,0.009783,0.003627,0.001652,0.002054,Not run,Not run,0.000794,0.000758,0.001039,Not run,0.094266,0.162943,Not run
tuolumne-cpu,32,Base_OpenMP,default,0.009939,0.001611,0.003616,0.013653,0.006266,0.005736,0.001925,0.004019,0.005690,0.025416,0.026243,0.014963,0.004138,0.010421,0.376124,0.000980,0.000561,0.001442,0.001878,0.160278,0.005795,0.006529,0.013437,0.001508,0.013085,0.048410,0.007031,0.006627,0.006441,0.004473,0.007860,0.024595,0.034843,0.005493,0.002726,0.012685,0.038882,0.025473,0.003623,0.001684,0.052083,0.023370,0.061462,0.002175,0.006370,0.010658,0.031833,0.010653,0.006253,0.002226,0.008605,0.006780,0.141250,0.007032,0.000000,0.008061,0.007865,0.006622,0.000000,0.002022,0.010828,0.017367,0.012192,0.005449,0.001565,0.002110,Not run,Not run,0.000809,0.000670,0.000971,Not run,0.080154,0.126951,Not run
tuolumne-cpu,16,Base_OpenMP,default,0.016682,0.002195,0.003127,0.021609,0.006574,0.009827,0.002640,0.004679,0.006405,0.030577,0.030832,0.017115,0.005089,0.012431,0.295062,0.001265,0.000383,0.001841,0.003079,0.158283,0.007300,0.009145,0.012542,0.001195,0.012671,0.048908,0.007372,0.009210,0.009572,0.008669,0.008978,0.040221,0.060336,0.008655,0.003478,0.011019,0.033955,0.045621,0.004680,0.002282,0.040722,0.022431,0.054524,0.003135,0.006366,0.008790,0.035410,0.008750,0.006298,0.004429,0.012032,0.014091,0.280915,0.012596,0.000000,0.014247,0.012261,0.010450,0.000000,0.003220,0.022453,0.030058,0.020195,0.009082,0.002579,0.002341,Not run,Not run,0.000907,0.000576,0.000615,Not run,0.064041,0.069568,Not run
tuolumne-cpu,8,Base_OpenMP,default,0.046070,0.005928,0.004361,0.041382,0.010603,0.033809,0.010697,0.012364,0.008648,0.048802,0.048654,0.025070,0.006871,0.018323,0.261052,0.002264,0.000475,0.002740,0.005927,0.092929,0.013366,0.016406,0.018311,0.001739,0.019055,0.055115,0.012565,0.014368,0.022804,0.015810,0.014186,0.076970,0.114810,0.010254,0.005551,0.014535,0.051121,0.087337,0.003895,0.003510,0.036004,0.035703,0.067627,0.005216,0.010599,0.015911,0.058218,0.015303,0.010512,0.008451,0.023492,0.030701,0.560326,0.024031,0.000001,0.025145,0.023247,0.020100,0.000001,0.005946,0.062614,0.056329,0.034943,0.016070,0.004062,0.003419,Not run,Not run,0.001461,0.000690,0.000926,Not run,0.054637,0.066657,Not run
tuolumne-cpu,4,Base_OpenMP,default,0.076998,0.019886,0.007086,0.078416,0.017146,0.091570,0.023258,0.026944,0.016879,0.088556,0.088500,0.045486,0.012526,0.032384,0.277996,0.004177,0.000589,0.005124,0.011513,0.062248,0.042487,0.030896,0.025875,0.002621,0.028760,0.024829,0.019281,0.046799,0.075160,0.030898,0.023292,0.151162,0.227371,0.015204,0.009856,0.020331,0.081578,0.172902,0.002645,0.006115,0.047891,0.053175,0.107163,0.009817,0.017758,0.021596,0.103131,0.021731,0.017725,0.015282,0.046813,0.056738,1.120092,0.060069,0.000000,0.049906,0.045593,0.039370,0.000001,0.011786,0.182737,0.111844,0.064947,0.031814,0.007412,0.006117,Not run,Not run,0.002575,0.000918,0.001190,Not run,0.058635,0.011592,Not run
tuolumne-cpu,192,Base_OpenMP,default,0.002102,0.001158,0.003708,0.006081,0.007194,0.002578,0.001576,0.003218,0.004291,0.021209,0.020362,0.014279,0.007337,0.009489,0.949049,0.000806,0.000702,0.001246,0.001122,0.493017,0.004008,0.005136,0.014291,0.001265,0.014259,0.048313,0.007688,0.004965,0.004285,0.001928,0.007214,0.008767,0.009531,0.002490,0.001987,0.015026,0.039996,0.007608,0.002907,0.001410,0.033914,0.022422,0.055477,0.001311,0.007074,0.011910,0.024264,0.012408,0.007131,0.001212,0.002882,0.003207,0.045726,0.003428,0.000001,0.004334,0.004332,0.003448,0.000000,0.001318,0.004245,0.013355,0.007986,0.002471,0.001211,0.001851,Not run,Not run,0.001003,0.000762,0.001087,Not run,0.119585,0.198939,Not run
tuolumne-cpu,96,Base_OpenMP,default,0.003905,0.001859,0.004093,0.008241,0.007213,0.004441,0.002074,0.003912,0.005224,0.025516,0.026445,0.017553,0.004236,0.010991,0.720452,0.001022,0.000741,0.001293,0.001587,0.267574,0.005879,0.006505,0.015641,0.001452,0.014608,0.048390,0.008526,0.006583,0.005648,0.002734,0.007816,0.012930,0.017953,0.003669,0.002310,0.017913,0.043874,0.013546,0.003254,0.001425,0.060891,0.026781,0.074757,0.001245,0.007408,0.013599,0.027210,0.013197,0.007026,0.001757,0.005140,0.004049,0.088900,0.005561,0.000000,0.006225,0.005617,0.003854,0.000000,0.001526,0.007312,0.013809,0.010506,0.003705,0.001587,0.001830,Not run,Not run,0.001016,0.000837,0.000843,Not run,0.092346,0.180951,Not run
tuolumne-cpu,48,Base_OpenMP,default,0.004614,0.001561,0.003950,0.011209,0.006687,0.004227,0.002131,0.003885,0.005077,0.023500,0.024080,0.011700,0.004362,0.010094,0.388117,0.000903,0.000620,0.001288,0.001513,0.205166,0.004718,0.005867,0.014025,0.001329,0.013937,0.047387,0.006988,0.005386,0.005495,0.003521,0.007446,0.016504,0.023134,0.003682,0.002542,0.012980,0.042646,0.016488,0.002850,0.001642,0.047404,0.024956,0.057948,0.001537,0.006870,0.011541,0.028987,0.011696,0.006712,0.001628,0.004472,0.004404,0.094140,0.005013,0.000000,0.006149,0.005840,0.005146,0.000000,0.001594,0.007536,0.012372,0.010061,0.003848,0.001643,0.002050,Not run,Not run,0.000788,0.000765,0.001021,Not run,0.089564,0.169190,Not run
tuolumne-cpu,32,Base_OpenMP,default,0.006211,0.001810,0.003579,0.013697,0.006122,0.005420,0.002207,0.003660,0.005135,0.023479,0.026036,0.013475,0.004181,0.009868,0.361349,0.000971,0.000527,0.001154,0.001871,0.165789,0.006468,0.006143,0.012250,0.001489,0.011669,0.047385,0.006728,0.006675,0.006594,0.004355,0.007041,0.024538,0.034754,0.005393,0.002666,0.012789,0.036402,0.025513,0.003603,0.001373,0.051068,0.022402,0.061681,0.002193,0.006121,0.010036,0.029980,0.010254,0.005989,0.002202,0.006412,0.006677,0.140606,0.007042,0.000000,0.007386,0.007675,0.007058,0.000000,0.001726,0.010723,0.016380,0.012118,0.005069,0.001556,0.002097,Not run,Not run,0.000788,0.000676,0.000928,Not run,0.083214,0.131637,Not run
tuolumne-cpu,16,Base_OpenMP,default,0.016950,0.002113,0.003026,0.021808,0.006501,0.009981,0.002829,0.004692,0.006293,0.030035,0.030205,0.017228,0.005397,0.012549,0.333879,0.001237,0.000366,0.001799,0.003057,0.187459,0.008787,0.009749,0.012292,0.001129,0.012422,0.049361,0.007223,0.008756,0.009168,0.008360,0.008437,0.040234,0.060130,0.008766,0.003572,0.011109,0.032763,0.045752,0.004623,0.002304,0.041762,0.023794,0.052281,0.003139,0.006212,0.008217,0.034469,0.008436,0.006393,0.004153,0.012113,0.013205,0.280909,0.012494,0.000000,0.014424,0.013623,0.011871,0.000000,0.003240,0.021233,0.029997,0.019286,0.008910,0.002315,0.002275,Not run,Not run,0.000864,0.000551,0.000823,Not run,0.081402,0.070774,Not run
tuolumne-cpu,8,Base_OpenMP,default,0.047455,0.005796,0.004110,0.040782,0.009449,0.033734,0.010533,0.010437,0.008603,0.046719,0.046711,0.024908,0.006964,0.017084,0.294178,0.002182,0.000388,0.002663,0.005847,0.092705,0.015177,0.016056,0.017221,0.001574,0.018271,0.054055,0.011209,0.014535,0.022280,0.015673,0.012827,0.076960,0.115081,0.010212,0.005190,0.013273,0.046719,0.087229,0.003828,0.003177,0.041423,0.031145,0.062447,0.005058,0.009436,0.012705,0.055194,0.012891,0.009815,0.008608,0.023393,0.026279,0.560490,0.024534,0.000000,0.025074,0.023151,0.020088,0.000000,0.005875,0.063696,0.056234,0.034855,0.015952,0.003965,0.003310,Not run,Not run,0.001370,0.000623,0.000766,Not run,0.054821,0.034440,Not run
tuolumne-cpu,4,Base_OpenMP,default,0.106772,0.021293,0.007058,0.078409,0.017139,0.089562,0.023333,0.027054,0.015872,0.087782,0.087799,0.045670,0.011297,0.032497,0.277919,0.004175,0.000585,0.005123,0.011514,0.062213,0.044891,0.031071,0.026007,0.002652,0.028208,0.024392,0.019486,0.041957,0.077502,0.033165,0.023110,0.151264,0.227550,0.015174,0.009841,0.020291,0.081922,0.172948,0.002666,0.006111,0.048660,0.053628,0.106122,0.009803,0.017643,0.021191,0.102950,0.021310,0.017642,0.015260,0.046720,0.058927,1.121418,0.059247,0.000000,0.049875,0.045996,0.039332,0.000000,0.011741,0.189581,0.111873,0.065305,0.031910,0.007435,0.006105,Not run,Not run,0.002567,0.000929,0.001158,Not run,0.057964,0.011517,Not run
AVERAGE
borax,72,,,0.019473,0.005409,0.009605,0.038975,0.016609,0.010524,0.004745,0.008678,0.021138,0.048134,0.047547,0.009878,0.015213,0.020835,0.977974,0.001607,0.003045,0.003432,0.002901,0.674960,0.015580,0.015717,0.035720,0.007221,0.036645,0.108865,0.025130,0.012441,0.020582,0.002966,0.029738,0.031262,0.047391,0.004270,0.005695,0.023346,0.102650,0.040473,0.004681,0.002697,0.028146,0.059514,0.081052,0.002209,0.021567,0.031337,0.036829,0.033054,0.024908,0.002408,0.009681,0.006161,0.178614,0.019978,0.000000,0.006329,0.010433,0.010274,0.000000,0.002075,0.024658,0.047824,0.026681,0.012457,0.004522,0.003046,,,0.001207,0.001899,0.002087,,0.215783,0.386409,
borax,32,,,0.031820,0.007054,0.012924,0.070629,0.009131,0.018278,0.007678,0.010738,0.024863,0.039845,0.039953,0.015105,0.018643,0.018404,1.097182,0.001956,0.001197,0.001383,0.004346,1.149255,0.021374,0.014973,0.046838,0.003189,0.046777,0.066696,0.031687,0.021992,0.025205,0.003633,0.029818,0.066069,0.101700,0.006558,0.007886,0.029650,0.107581,0.079322,0.003633,0.003067,0.037565,0.066826,0.098458,0.003582,0.031530,0.041701,0.039571,0.042650,0.031839,0.003434,0.018468,0.011274,0.399672,0.029717,0.000000,0.009546,0.019777,0.019508,0.000000,0.002864,0.047548,0.104003,0.032977,0.024802,0.005268,0.003762,,,0.000733,0.001323,0.002707,,0.377053,0.184846,
borax,16,,,0.026122,0.007135,0.012040,0.062786,0.006384,0.018235,0.010572,0.013483,0.031566,0.035137,0.036979,0.015345,0.022897,0.015960,0.642930,0.001772,0.000657,0.001389,0.004555,0.533095,0.025761,0.017909,0.044061,0.003347,0.043964,0.090671,0.029610,0.022754,0.024610,0.004613,0.026166,0.056791,0.086576,0.010238,0.005269,0.026289,0.104357,0.066835,0.003650,0.003897,0.032236,0.061786,0.081107,0.003311,0.029580,0.039126,0.035575,0.039967,0.029668,0.003816,0.018217,0.012801,0.438288,0.033255,0.000000,0.010575,0.029672,0.028918,0.000000,0.003001,0.039700,0.097065,0.038675,0.026979,0.005907,0.004137,,,0.000625,0.001024,0.002537,,0.155982,0.112236,
borax,8,,,0.058532,0.031233,0.012906,0.122022,0.007234,0.033598,0.018256,0.022044,0.035410,0.054674,0.058602,0.021000,0.024224,0.025915,0.780545,0.002854,0.000478,0.001175,0.007532,0.301762,0.055970,0.022608,0.052218,0.004733,0.052226,0.058995,0.033972,0.045339,0.053108,0.006550,0.041979,0.112369,0.169641,0.016149,0.005745,0.028290,0.148582,0.132194,0.002062,0.002333,0.043669,0.083834,0.110736,0.005286,0.033708,0.044290,0.035658,0.046683,0.033792,0.005806,0.034980,0.023069,0.874586,0.083690,0.000000,0.019931,0.056602,0.055071,0.000000,0.005048,0.103891,0.192435,0.046718,0.052962,0.009732,0.005613,,,0.000583,0.001677,0.002463,,0.160494,0.039496,
borax,4,,,0.100908,0.043496,0.022743,0.220089,0.011605,0.060133,0.032915,0.039736,0.063172,0.095761,0.102834,0.037449,0.044383,0.045410,0.655228,0.005019,0.000630,0.002066,0.013481,0.317483,0.100525,0.040849,0.091232,0.008335,0.091572,0.103345,0.060233,0.082958,0.096824,0.011708,0.074996,0.203733,0.307086,0.029195,0.009687,0.049640,0.262560,0.239250,0.003276,0.004058,0.075451,0.148094,0.194521,0.009345,0.060228,0.079412,0.064887,0.082005,0.060283,0.010303,0.063203,0.041559,1.571350,0.147937,0.000000,0.035839,0.100840,0.098101,0.000000,0.009077,0.187915,0.347874,0.083053,0.095844,0.017417,0.010225,,,0.000956,0.002896,0.004407,,0.127177,0.030901,
boraxo,72,,,0.014073,0.004464,0.007514,0.039313,0.013930,0.006423,0.004408,0.005805,0.010578,0.035595,0.035304,0.010144,0.007482,0.014493,2.979364,0.001450,0.003072,0.003332,0.002022,0.784127,0.011648,0.009406,0.028965,0.006902,0.029088,0.097232,0.015799,0.011492,0.016878,0.002178,0.015810,0.046901,0.060775,0.004329,0.014070,0.019244,0.084868,0.065686,0.005153,0.002639,0.018275,0.049541,0.067551,0.002422,0.015296,0.025676,0.037138,0.025582,0.015005,0.001826,0.009183,0.005289,0.156245,0.015001,0.000000,0.006956,0.009139,0.009756,0.000000,0.001649,0.030725,0.052021,0.013500,0.012734,0.003526,0.002652,,,0.001116,0.001509,0.001644,,0.318773,0.384350,
boraxo,32,,,0.028249,0.007176,0.006029,0.075213,0.009539,0.009654,0.006848,0.005419,0.015201,0.024118,0.023965,0.012588,0.010750,0.010304,2.141088,0.001565,0.001010,0.001254,0.002631,1.248733,0.021524,0.010196,0.022476,0.003599,0.022434,0.059399,0.013675,0.023643,0.028853,0.003182,0.016656,0.116868,0.135704,0.006855,0.012315,0.015362,0.064529,0.193531,0.004725,0.005263,0.024948,0.040575,0.067505,0.003806,0.012912,0.018474,0.023746,0.018655,0.012956,0.002569,0.017463,0.010349,0.351176,0.031740,0.000000,0.007993,0.017079,0.018436,0.000000,0.002311,0.076204,0.114023,0.019537,0.025881,0.005245,0.002684,,,0.000663,0.001048,0.001177,,0.373383,0.185522,
boraxo,16,,,0.019598,0.007372,0.004872,0.067283,0.006785,0.009112,0.009876,0.004914,0.018232,0.018706,0.018536,0.010840,0.012140,0.007886,1.148672,0.001173,0.000572,0.000914,0.002497,0.983393,0.022610,0.009476,0.019306,0.003879,0.019324,0.082790,0.011811,0.024823,0.028833,0.005661,0.015059,0.047275,0.068812,0.010075,0.010063,0.012192,0.050670,0.053419,0.004838,0.011273,0.021132,0.034477,0.052609,0.002639,0.010929,0.015350,0.021972,0.015705,0.010732,0.002682,0.019829,0.010735,0.376600,0.032308,0.000000,0.008136,0.025311,0.024842,0.000000,0.002382,0.041422,0.104919,0.019181,0.029288,0.005175,0.003669,,,0.000803,0.000893,0.000951,,0.178707,0.104379,
boraxo,8,,,0.035781,0.021616,0.006396,0.131881,0.008295,0.017295,0.019370,0.008051,0.031085,0.022300,0.021860,0.017519,0.021798,0.010996,0.922343,0.001550,0.000340,0.000897,0.003601,0.421649,0.052775,0.023631,0.028351,0.005735,0.030448,0.053394,0.031574,0.052152,0.070603,0.010883,0.047192,0.094421,0.134510,0.016847,0.005961,0.023644,0.090508,0.110268,0.002433,0.002226,0.035352,0.058892,0.091725,0.004260,0.031535,0.025587,0.031869,0.025647,0.031553,0.005043,0.039542,0.022003,0.752591,0.081867,0.000000,0.015487,0.048763,0.047558,0.000000,0.004533,0.087366,0.208655,0.047614,0.057978,0.009720,0.006405,,,0.000803,0.000785,0.001428,,0.175135,0.046054,
boraxo,4,,,0.065419,0.032742,0.022138,0.264283,0.014716,0.034571,0.041180,0.017615,0.062383,0.047123,0.046385,0.034259,0.043863,0.022584,0.969811,0.002860,0.000445,0.002271,0.006953,0.472755,0.092363,0.045911,0.088970,0.011105,0.089239,0.099439,0.068750,0.105133,0.130547,0.021660,0.092003,0.182809,0.269750,0.033343,0.008732,0.053282,0.212699,0.219743,0.003426,0.005375,0.072066,0.145759,0.199158,0.008443,0.068349,0.080191,0.088349,0.080222,0.068290,0.010354,0.078623,0.045637,1.504871,0.151947,0.000000,0.031406,0.095101,0.093342,0.000000,0.009104,0.166839,0.416987,0.098905,0.115803,0.019694,0.013116,,,0.001441,0.001778,0.004436,,0.169827,0.040353,
corona-cpu,96,,,0.004832,0.003834,0.011717,0.018607,0.018035,0.006667,0.004207,0.008750,0.014290,0.057443,0.053461,0.007780,0.010137,0.023029,0.714348,0.001693,0.002271,0.002869,0.002407,0.346418,0.008865,0.013781,0.045786,0.004931,0.045973,0.100995,0.024510,0.008316,0.013035,0.002457,0.022825,0.015028,0.021332,0.005610,0.005586,0.031069,0.135141,0.017986,0.005953,0.002801,0.067211,0.071935,0.143624,0.002979,0.022027,0.040580,0.051394,0.041916,0.021961,0.002491,0.006520,0.003978,0.086685,0.008416,0.000000,0.005958,0.004756,0.004750,0.000000,0.002043,0.011295,0.014781,0.018153,0.008228,0.003992,0.003378,,,0.001423,0.002356,0.002564,,0.083781,0.504287,
corona-cpu,48,,,0.006257,0.003890,0.007741,0.022014,0.011395,0.006983,0.004798,0.007939,0.011837,0.044079,0.036623,0.007800,0.008208,0.018681,0.599594,0.001942,0.001697,0.001825,0.003380,0.248839,0.011173,0.010444,0.029432,0.003263,0.029429,0.117253,0.016480,0.010616,0.011272,0.002873,0.018829,0.027187,0.038618,0.006253,0.004172,0.022953,0.086743,0.032247,0.004584,0.002069,0.041811,0.048896,0.106299,0.002491,0.015921,0.025224,0.031607,0.027692,0.019949,0.002902,0.008388,0.006510,0.163560,0.010702,0.000000,0.006486,0.007476,0.007423,0.000000,0.002186,0.018778,0.024990,0.015407,0.012093,0.003893,0.002695,,,0.000981,0.001530,0.001837,,0.094043,0.297592,
corona-cpu,32,,,0.008253,0.004207,0.005759,0.026309,0.008083,0.007554,0.005683,0.007805,0.009797,0.039859,0.028636,0.010361,0.008351,0.018748,0.534682,0.002062,0.001280,0.001466,0.003955,0.245098,0.013977,0.009420,0.020693,0.002522,0.021144,0.107419,0.013379,0.013676,0.011111,0.002902,0.014844,0.037040,0.055122,0.007471,0.003501,0.016636,0.067014,0.044445,0.003848,0.001705,0.032644,0.035432,0.067563,0.002325,0.016655,0.018944,0.024772,0.027025,0.022624,0.003333,0.010745,0.008029,0.244745,0.013627,0.000000,0.007562,0.009486,0.009388,0.000000,0.002460,0.026231,0.035366,0.013621,0.016119,0.004081,0.002483,,,0.000755,0.001134,0.001461,,0.100927,0.217443,
corona-cpu,16,,,0.009182,0.004203,0.004041,0.045594,0.005758,0.007390,0.008299,0.010101,0.008477,0.033320,0.021299,0.010521,0.007954,0.015988,0.478815,0.001807,0.000695,0.001302,0.004018,0.227450,0.015153,0.007839,0.014897,0.002115,0.017317,0.191989,0.012061,0.013806,0.010548,0.002722,0.013855,0.034083,0.051025,0.009899,0.002681,0.011182,0.047046,0.041654,0.003575,0.001672,0.025968,0.025629,0.050014,0.002039,0.013045,0.014253,0.019821,0.024467,0.031098,0.003547,0.011926,0.008578,0.279721,0.014452,0.000000,0.007230,0.015039,0.015045,0.000000,0.002411,0.027027,0.068279,0.012366,0.017270,0.003899,0.002756,,,0.000592,0.000811,0.001125,,0.097308,0.107028,
corona-cpu,8,,,0.023801,0.007895,0.005112,0.085698,0.006565,0.012660,0.015931,0.018454,0.010933,0.054079,0.030366,0.011589,0.007907,0.026924,0.404881,0.002647,0.000713,0.003242,0.006924,0.121534,0.026512,0.010909,0.018857,0.002753,0.018922,0.075768,0.013220,0.024121,0.019318,0.004135,0.016551,0.062384,0.093119,0.014438,0.003542,0.012788,0.059400,0.074552,0.003377,0.002409,0.026828,0.033616,0.058835,0.002960,0.012295,0.016058,0.019923,0.017537,0.012329,0.004136,0.021825,0.016187,0.554087,0.032198,0.000000,0.012792,0.028989,0.028965,0.000000,0.004086,0.054093,0.133928,0.017364,0.032784,0.006434,0.004198,,,0.000659,0.000800,0.001882,,0.076220,0.058422,
corona-cpu,4,,,0.060112,0.031911,0.008149,0.169928,0.010797,0.024628,0.031364,0.035966,0.019530,0.101937,0.054868,0.021013,0.013814,0.051720,0.298792,0.004917,0.000542,0.002583,0.013662,0.085240,0.068915,0.019448,0.031751,0.004456,0.032120,0.061256,0.022190,0.051639,0.094518,0.007374,0.029390,0.122931,0.187293,0.027918,0.006101,0.020174,0.101164,0.148962,0.004795,0.003736,0.039735,0.060395,0.101798,0.005375,0.021476,0.028631,0.033637,0.028225,0.021130,0.007754,0.042615,0.034177,1.114237,0.116941,0.000000,0.024932,0.057019,0.056999,0.000000,0.007606,0.112293,0.268639,0.033814,0.064857,0.012305,0.007591,,,0.001013,0.001471,0.002562,,0.070259,0.044043,
dane,224,,,0.002733,0.001945,0.010939,0.018345,0.020951,0.004863,0.003625,0.008546,0.011444,0.051056,0.051463,0.004082,0.008160,0.021274,9.861194,0.002717,0.015210,0.015494,0.003229,1.166859,0.006470,0.011110,0.042753,0.029982,0.042680,0.051700,0.021414,0.004011,0.009379,0.001412,0.021444,0.005775,0.008000,0.002243,0.006544,0.033669,0.125586,0.007146,0.002670,0.002688,0.027454,0.083668,0.105936,0.002596,0.023082,0.038407,0.096827,0.038958,0.021311,0.001522,0.003695,0.002765,0.032819,0.004835,0.000000,0.004600,0.003205,0.003194,0.000000,0.001387,0.005575,0.016509,0.015698,0.004188,0.002489,0.003146,,,0.002382,0.002215,0.002290,,0.302533,0.652838,
dane,112,,,0.002791,0.001565,0.004671,0.017722,0.008410,0.003152,0.002310,0.004016,0.005601,0.023737,0.023598,0.004389,0.004001,0.009330,1.808516,0.001076,0.003843,0.003969,0.001204,1.078026,0.005761,0.005222,0.018029,0.008223,0.018061,0.039907,0.009303,0.004040,0.004873,0.000914,0.009290,0.010198,0.014644,0.002005,0.003824,0.015192,0.054279,0.011704,0.003477,0.001218,0.018417,0.035182,0.053287,0.001499,0.009863,0.016062,0.022630,0.016116,0.009156,0.001000,0.003068,0.002165,0.050114,0.004250,0.000000,0.002628,0.002985,0.003013,0.000000,0.000875,0.006461,0.023491,0.007650,0.004104,0.001521,0.001620,,,0.000713,0.001031,0.001025,,0.356993,0.256141,
dane,56,,,0.002905,0.001484,0.003238,0.014849,0.006199,0.002614,0.002280,0.002537,0.007252,0.015263,0.015103,0.003300,0.005074,0.006050,0.816063,0.000666,0.001560,0.001701,0.000910,0.362417,0.004753,0.004080,0.012249,0.003755,0.012103,0.040094,0.006908,0.004885,0.004140,0.001289,0.006693,0.009304,0.012440,0.002564,0.001723,0.008261,0.036620,0.010783,0.002890,0.000926,0.013477,0.020343,0.028447,0.000981,0.006230,0.010935,0.013301,0.011040,0.006356,0.000857,0.002907,0.002007,0.053020,0.004175,0.000000,0.002161,0.002796,0.002702,0.000000,0.000712,0.006185,0.025692,0.006602,0.003888,0.001413,0.001167,,,0.000421,0.000647,0.000696,,0.138532,0.167890,
dane,32,,,0.006171,0.001791,0.002643,0.023105,0.004694,0.003444,0.003495,0.002303,0.010391,0.011651,0.011645,0.003769,0.007351,0.004482,0.687381,0.000624,0.000734,0.000802,0.000944,0.336278,0.008259,0.004813,0.010008,0.001986,0.010123,0.027969,0.006212,0.007173,0.005122,0.000982,0.006048,0.015910,0.021528,0.004964,0.001426,0.008050,0.028148,0.018875,0.001662,0.000677,0.015558,0.015736,0.025765,0.000889,0.004584,0.007540,0.009272,0.007741,0.004573,0.000968,0.004323,0.002684,0.090728,0.006066,0.000000,0.002683,0.004387,0.004168,0.000000,0.000840,0.009640,0.039989,0.007779,0.005847,0.001640,0.001055,,,0.000292,0.000474,0.000494,,0.124674,0.093021,
dane,16,,,0.014465,0.003581,0.002494,0.040829,0.003885,0.005560,0.006076,0.002707,0.018550,0.009544,0.009540,0.004569,0.013377,0.003901,0.552760,0.000683,0.000267,0.000445,0.001288,0.253169,0.015261,0.006218,0.008798,0.002088,0.008894,0.024520,0.006390,0.010557,0.031289,0.001403,0.006666,0.025922,0.040121,0.006019,0.001288,0.006303,0.029954,0.030820,0.001052,0.000722,0.011579,0.014425,0.025729,0.001160,0.004686,0.007319,0.008968,0.007456,0.004662,0.001414,0.007757,0.004573,0.163482,0.015015,0.000000,0.003901,0.007660,0.007580,0.000000,0.001255,0.017733,0.063711,0.012120,0.010196,0.002417,0.001353,,,0.000245,0.000418,0.000481,,0.104239,0.047267,
dane,8,,,0.038073,0.024372,0.002877,0.080310,0.005026,0.010340,0.011977,0.004488,0.019510,0.012269,0.012182,0.007902,0.013490,0.006966,0.504201,0.001003,0.000204,0.000544,0.002290,0.202372,0.032938,0.010255,0.014381,0.003500,0.015587,0.044429,0.011856,0.026216,0.041442,0.002613,0.017910,0.043546,0.065106,0.010006,0.002181,0.009499,0.057166,0.051930,0.001209,0.001337,0.017136,0.021727,0.039744,0.002047,0.011049,0.010766,0.010574,0.010526,0.010871,0.002762,0.014532,0.009591,0.326656,0.064095,0.000000,0.007148,0.014832,0.014708,0.000000,0.002315,0.049984,0.127020,0.020082,0.020383,0.004594,0.002365,,,0.000311,0.000549,0.000656,,0.103532,0.025607,
dane,4,,,0.050491,0.038890,0.009011,0.160803,0.008918,0.020482,0.024294,0.008998,0.039003,0.022552,0.022370,0.014985,0.027433,0.010279,0.463578,0.001801,0.000293,0.001116,0.004282,0.180548,0.103001,0.028755,0.037892,0.006739,0.039965,0.074628,0.037351,0.061603,0.101839,0.005200,0.056616,0.082459,0.122992,0.019504,0.003582,0.026310,0.095626,0.099094,0.001812,0.002168,0.028676,0.045670,0.072820,0.003187,0.036728,0.033453,0.032790,0.033798,0.036792,0.005968,0.029685,0.020826,0.652906,0.121901,0.000000,0.014211,0.028754,0.028517,0.000000,0.004577,0.088905,0.254057,0.058029,0.040507,0.009292,0.004565,,,0.000507,0.000953,0.001895,,0.100088,0.020582,
mammoth,256,,,0.006202,0.004461,0.030254,0.031826,0.047408,0.012806,0.007355,0.019777,0.030800,0.126221,0.128129,0.012402,0.022364,0.049269,0.808925,0.003193,0.005947,0.006816,0.003511,0.449955,0.013690,0.032872,0.113691,0.013341,0.116761,0.105072,0.060966,0.011243,0.024206,0.004539,0.061977,0.012081,0.014469,0.006005,0.012524,0.076746,0.355333,0.012432,0.007457,0.007355,0.070487,0.181464,0.285849,0.006364,0.060832,0.102598,0.128860,0.104570,0.060935,0.004864,0.009521,0.006158,0.056892,0.011891,0.000000,0.011536,0.006024,0.005859,0.000000,0.003707,0.014156,0.014152,0.044201,0.012358,0.007567,0.007032,,,0.003269,0.005341,0.006086,,0.086272,1.239423,
mammoth,128,,,0.006160,0.003808,0.016289,0.021173,0.025211,0.008614,0.005036,0.011417,0.018243,0.074694,0.073239,0.010954,0.013802,0.029014,0.706401,0.002034,0.003108,0.003753,0.002627,0.320345,0.011186,0.019116,0.063246,0.006890,0.062915,0.083530,0.035196,0.010205,0.016122,0.003603,0.034208,0.017536,0.021643,0.005123,0.007553,0.047618,0.186564,0.017123,0.005698,0.003813,0.071441,0.099233,0.176523,0.004064,0.033146,0.056460,0.070430,0.057590,0.033684,0.003766,0.009564,0.006567,0.078527,0.011037,0.000000,0.008429,0.006326,0.006256,0.000000,0.002899,0.014686,0.013946,0.026239,0.012040,0.005190,0.004517,,,0.001902,0.003031,0.003608,,0.103286,0.708777,
mammoth,64,,,0.004403,0.002997,0.006706,0.016748,0.011189,0.004732,0.003364,0.005939,0.008151,0.033233,0.030282,0.009531,0.006780,0.013585,0.580075,0.001082,0.001492,0.001892,0.001696,0.316810,0.007454,0.009278,0.024731,0.003431,0.025079,0.078845,0.013759,0.007236,0.009915,0.002270,0.015068,0.018727,0.020927,0.004752,0.003537,0.021427,0.079302,0.017686,0.004863,0.001689,0.045311,0.039628,0.074152,0.002031,0.013883,0.023119,0.029281,0.023617,0.014089,0.002352,0.004898,0.004173,0.073374,0.007951,0.000000,0.004410,0.004581,0.004564,0.000000,0.001845,0.010163,0.019772,0.012099,0.008089,0.002734,0.002386,,,0.000928,0.001401,0.001676,,0.110515,0.342069,
mammoth,32,,,0.006570,0.003268,0.004352,0.023960,0.005534,0.004903,0.004616,0.006042,0.007049,0.023080,0.017085,0.007516,0.005803,0.011454,0.580092,0.001085,0.000807,0.001369,0.002153,0.263131,0.009042,0.008041,0.015077,0.002160,0.014981,0.050615,0.009313,0.009756,0.012296,0.002161,0.010315,0.021477,0.029651,0.005176,0.002315,0.011277,0.044100,0.022318,0.002282,0.001347,0.027179,0.025587,0.042307,0.001604,0.008463,0.012423,0.016854,0.012812,0.008600,0.002505,0.007035,0.005686,0.145087,0.013472,0.000000,0.004938,0.007712,0.007728,0.000000,0.001952,0.016119,0.034412,0.010265,0.010972,0.002918,0.002004,,,0.000563,0.000755,0.001064,,0.103845,0.142826,
mammoth,16,,,0.009774,0.004529,0.004529,0.044460,0.004903,0.007234,0.008165,0.009893,0.009188,0.031070,0.019327,0.009419,0.007315,0.015177,0.560011,0.001407,0.000565,0.001354,0.003676,0.214638,0.014415,0.009871,0.014810,0.002102,0.015686,0.056386,0.011619,0.015186,0.013779,0.002819,0.014126,0.032977,0.048990,0.007887,0.002859,0.011541,0.043259,0.039016,0.002647,0.001642,0.019121,0.024946,0.042481,0.002294,0.010836,0.012620,0.016159,0.018423,0.014291,0.003385,0.011661,0.009120,0.278846,0.017467,0.000000,0.007416,0.015042,0.015065,0.000000,0.002821,0.027356,0.067805,0.013075,0.017723,0.004227,0.002580,,,0.000544,0.000710,0.001110,,0.097012,0.079564,
mammoth,8,,,0.035620,0.009621,0.006400,0.086152,0.006395,0.012695,0.016059,0.018599,0.011643,0.054032,0.030268,0.013755,0.009295,0.026912,0.540802,0.002599,0.000610,0.003104,0.006920,0.170412,0.026780,0.012656,0.020216,0.002610,0.022049,0.091452,0.014573,0.026959,0.019588,0.004302,0.017252,0.062617,0.095002,0.014231,0.003842,0.014127,0.059598,0.074647,0.003364,0.002473,0.024055,0.034656,0.058536,0.003524,0.013528,0.016766,0.020793,0.017276,0.014817,0.005000,0.021721,0.016536,0.557166,0.034350,0.000000,0.013224,0.029014,0.028952,0.000000,0.004650,0.055146,0.135025,0.017870,0.033037,0.006700,0.004260,,,0.000645,0.000779,0.002049,,0.095633,0.053684,
mammoth,4,,,0.072198,0.049568,0.008808,0.169720,0.010387,0.024330,0.031303,0.036432,0.019488,0.100670,0.053555,0.022692,0.014683,0.051322,0.561107,0.005286,0.000574,0.001938,0.013598,0.121278,0.123233,0.019546,0.032522,0.004363,0.032080,0.182981,0.022481,0.058803,0.169940,0.007329,0.029214,0.123312,0.187658,0.027056,0.006457,0.020115,0.102199,0.149225,0.004523,0.003707,0.039506,0.060325,0.100395,0.005867,0.021415,0.027581,0.033723,0.027575,0.021860,0.008604,0.042371,0.034490,1.115332,0.162959,0.000000,0.025239,0.057113,0.056906,0.000000,0.008213,0.115468,0.269086,0.032775,0.065029,0.012177,0.007843,,,0.001023,0.001862,0.003027,,0.077479,0.038318,
matrix-cpu,224,,,0.013531,0.011931,0.114627,0.121763,0.230144,0.041863,0.035548,0.080818,0.113783,0.547555,0.568885,0.005800,0.079645,0.228057,1.051335,0.011930,0.012246,0.012347,0.011991,0.443091,0.041299,0.116175,0.450334,0.035046,0.449073,0.242591,0.226230,0.025273,0.092993,0.011611,0.227804,0.007384,0.009189,0.008461,0.045963,0.290200,1.267063,0.009565,0.018498,0.027506,0.194041,0.723415,0.902874,0.021766,0.223287,0.403036,0.457971,0.404020,0.228188,0.011903,0.024195,0.012510,0.033870,0.031862,0.000000,0.038249,0.013869,0.013822,0.000000,0.011603,0.025928,0.043470,0.156440,0.024879,0.023320,0.034676,,,0.011368,0.023203,0.023314,,0.178445,6.427265,
matrix-cpu,112,,,0.002373,0.001389,0.005756,0.012720,0.012076,0.003058,0.002231,0.004238,0.006762,0.027399,0.027476,0.002518,0.004809,0.010836,1.029386,0.001048,0.005442,0.005485,0.001191,0.476994,0.004473,0.006351,0.022905,0.012166,0.022579,0.065443,0.011768,0.004138,0.005470,0.001148,0.011675,0.006762,0.008095,0.002265,0.002756,0.015769,0.066943,0.008610,0.001686,0.001501,0.013559,0.036583,0.049024,0.001334,0.011345,0.020302,0.026084,0.020171,0.011450,0.001023,0.002561,0.001754,0.031308,0.003692,0.000000,0.002744,0.002284,0.002279,0.000000,0.000941,0.004501,0.016092,0.008653,0.003187,0.001595,0.001806,,,0.000769,0.001196,0.001209,,0.173206,0.364787,
matrix-cpu,56,,,0.002855,0.001496,0.003276,0.014672,0.006367,0.002660,0.002229,0.002485,0.007166,0.015427,0.015353,0.003270,0.005087,0.006181,0.813137,0.000737,0.001581,0.001648,0.000945,0.347634,0.005163,0.005426,0.012618,0.003518,0.012680,0.039275,0.007068,0.006083,0.004138,0.000796,0.006953,0.009349,0.012358,0.002450,0.001824,0.008513,0.037292,0.010746,0.002392,0.000889,0.013580,0.020739,0.028331,0.000915,0.006524,0.011217,0.013985,0.011264,0.006475,0.000827,0.003583,0.001860,0.051106,0.004045,0.000000,0.002111,0.002798,0.002811,0.000000,0.000683,0.005903,0.024862,0.006563,0.003866,0.001971,0.001283,,,0.000431,0.000679,0.000716,,0.136797,0.178964,
matrix-cpu,32,,,0.006327,0.001677,0.002263,0.022420,0.003984,0.003262,0.003354,0.002122,0.010015,0.009913,0.009982,0.003882,0.006981,0.004264,0.687780,0.000606,0.000744,0.000854,0.000945,0.318680,0.007958,0.004323,0.009616,0.002043,0.008665,0.029868,0.005442,0.007357,0.004806,0.000919,0.005337,0.016043,0.021769,0.004931,0.001329,0.007104,0.027862,0.019494,0.001704,0.000652,0.015867,0.015410,0.025911,0.000881,0.004534,0.007488,0.009334,0.007648,0.004555,0.000963,0.005072,0.002827,0.088963,0.006008,0.000000,0.002558,0.004241,0.004210,0.000000,0.000970,0.009479,0.039557,0.007764,0.005795,0.002165,0.001047,,,0.000278,0.000467,0.000479,,0.120207,0.092814,
matrix-cpu,16,,,0.013534,0.003885,0.002180,0.040573,0.003472,0.005721,0.006138,0.002801,0.018617,0.008443,0.008421,0.004543,0.012957,0.004736,0.564201,0.000670,0.000279,0.000445,0.001294,0.227846,0.014752,0.006032,0.008322,0.002083,0.008539,0.026486,0.006148,0.010534,0.031129,0.002231,0.006308,0.025895,0.044626,0.006001,0.001269,0.006012,0.038870,0.030587,0.001051,0.000883,0.011429,0.013502,0.024596,0.001125,0.004469,0.006877,0.008622,0.006991,0.004440,0.001468,0.007961,0.004608,0.163318,0.016025,0.000000,0.003813,0.007572,0.007502,0.000000,0.001299,0.017627,0.063625,0.014206,0.010729,0.003294,0.001657,,,0.000240,0.000410,0.000453,,0.104423,0.041596,
matrix-cpu,8,,,0.034543,0.020560,0.002850,0.080153,0.005037,0.010329,0.011979,0.004480,0.019080,0.012292,0.012172,0.007954,0.013601,0.006376,0.488821,0.001033,0.000246,0.000550,0.002270,0.204593,0.030843,0.009560,0.011321,0.003513,0.012987,0.043926,0.011026,0.025659,0.038961,0.002595,0.015385,0.044135,0.065621,0.010080,0.002082,0.009291,0.049839,0.052977,0.001157,0.001150,0.016815,0.022484,0.039325,0.001901,0.007928,0.010252,0.010599,0.010181,0.007852,0.002716,0.014467,0.009551,0.326169,0.059164,0.000000,0.007148,0.014631,0.014461,0.000000,0.002306,0.047101,0.126822,0.019538,0.020333,0.004487,0.002349,,,0.000307,0.000545,0.000628,,0.102193,0.026839,
matrix-cpu,4,,,0.047615,0.033432,0.007217,0.162312,0.008930,0.020470,0.024443,0.009027,0.046883,0.022075,0.021915,0.015035,0.027803,0.010950,0.471090,0.001822,0.000263,0.001017,0.004317,0.181985,0.088523,0.028938,0.030472,0.006727,0.033972,0.077986,0.039537,0.058729,0.094831,0.005250,0.060884,0.087538,0.123843,0.024110,0.003741,0.025353,0.101029,0.099363,0.001860,0.002288,0.029266,0.058091,0.082334,0.003437,0.037757,0.028126,0.026493,0.028610,0.037804,0.006039,0.028927,0.021111,0.661537,0.118671,0.000000,0.013985,0.028570,0.028321,0.000000,0.004557,0.086907,0.258155,0.059241,0.040427,0.009277,0.004453,,,0.000495,0.000939,0.001572,,0.099918,0.020084,
tioga-cpu,128,,,0.009141,0.006514,0.002432,0.005976,0.004070,0.003553,0.001369,0.002353,0.003798,0.013047,0.012222,0.010165,0.004485,0.006553,3.180332,0.000519,0.000312,0.000861,0.001389,1.084753,0.010107,0.005513,0.008000,0.000740,0.009785,0.039510,0.006161,0.008095,0.019617,0.003997,0.005906,0.018346,0.028413,0.003424,0.001312,0.006391,0.023615,0.022908,0.002134,0.000990,0.014798,0.014793,0.025486,0.001055,0.004920,0.011358,0.014185,0.007572,0.005044,0.002509,0.004680,0.006211,0.130844,0.008614,0.000000,0.006402,0.007804,0.006707,0.000000,0.001860,0.016399,0.006751,0.011022,0.004308,0.001717,0.001131,,,0.000478,0.000438,0.000623,,0.128977,0.059603,
tioga-cpu,64,,,0.009342,0.005279,0.003050,0.008541,0.004985,0.005579,0.001675,0.002973,0.010271,0.018218,0.017930,0.010278,0.007564,0.007585,1.714670,0.000734,0.000322,0.001179,0.002188,0.375610,0.012166,0.007091,0.009025,0.000849,0.010168,0.038212,0.007519,0.010689,0.022540,0.004966,0.011964,0.023327,0.034899,0.003312,0.001616,0.011206,0.026907,0.030086,0.001697,0.001287,0.019647,0.017220,0.032110,0.001306,0.006156,0.008611,0.015478,0.008800,0.006222,0.003257,0.007994,0.007772,0.185990,0.015234,0.000000,0.008954,0.010689,0.006646,0.000000,0.002551,0.016967,0.011211,0.016948,0.005842,0.002235,0.001403,,,0.000521,0.000476,0.000711,,0.146068,0.053163,
tioga-cpu,32,,,0.008663,0.005388,0.002929,0.016614,0.004387,0.007364,0.001927,0.003254,0.010668,0.017225,0.016797,0.012103,0.007700,0.007063,0.850177,0.000720,0.000311,0.001237,0.002428,0.356608,0.012222,0.007108,0.008513,0.000797,0.009452,0.037587,0.007037,0.010442,0.022065,0.006028,0.012322,0.025736,0.038287,0.003524,0.001991,0.007815,0.025086,0.030989,0.001672,0.001343,0.015548,0.016245,0.027788,0.001808,0.006043,0.007988,0.020806,0.008196,0.006008,0.003067,0.009276,0.007847,0.192986,0.015189,0.000000,0.008713,0.009804,0.006835,0.000000,0.002356,0.016701,0.018482,0.015209,0.005831,0.002198,0.001586,,,0.000758,0.000458,0.000678,,0.130367,0.042528,
tioga-cpu,16,,,0.014771,0.008921,0.005456,0.031410,0.006471,0.025280,0.005983,0.007591,0.020909,0.030267,0.029770,0.016512,0.015818,0.010685,0.776819,0.001252,0.000391,0.001986,0.003924,0.277312,0.020186,0.019441,0.019050,0.001116,0.020324,0.064097,0.023533,0.015473,0.029738,0.011822,0.028154,0.046922,0.069466,0.005500,0.003498,0.017846,0.046130,0.053086,0.002235,0.002218,0.022157,0.031654,0.045249,0.003305,0.022015,0.014167,0.035318,0.018423,0.018660,0.005142,0.017545,0.014520,0.361950,0.028642,0.000000,0.016511,0.015983,0.012976,0.000000,0.004004,0.028566,0.036056,0.034175,0.010496,0.003739,0.002459,,,0.001080,0.000545,0.001315,,0.126252,0.031786,
tioga-cpu,8,,,0.039994,0.011964,0.015622,0.060963,0.011250,0.052743,0.015815,0.019156,0.026262,0.058030,0.057827,0.029593,0.022436,0.020518,0.761695,0.002361,0.000448,0.003221,0.007306,0.190531,0.027756,0.028865,0.036879,0.001811,0.027390,0.118625,0.030878,0.021145,0.037420,0.021044,0.035105,0.091893,0.138215,0.009951,0.006519,0.026917,0.076322,0.105008,0.002437,0.004972,0.037196,0.055123,0.083763,0.006185,0.024645,0.021391,0.067975,0.033328,0.016822,0.009472,0.033129,0.028049,0.722183,0.046401,0.000000,0.032804,0.030504,0.024666,0.000000,0.007575,0.051382,0.067797,0.056052,0.020146,0.007061,0.005516,,,0.001725,0.001008,0.004095,,0.124537,0.028234,
tioga-cpu,4,,,0.064905,0.038037,0.014606,0.119337,0.020831,0.110506,0.033717,0.038691,0.026975,0.112765,0.112740,0.058475,0.021758,0.039715,0.661204,0.004600,0.000781,0.006203,0.014044,0.171003,0.077644,0.048120,0.043210,0.003084,0.044954,0.040384,0.032256,0.040480,0.087914,0.040704,0.039812,0.183484,0.276214,0.018329,0.012355,0.032759,0.118928,0.209607,0.003406,0.008882,0.066359,0.078681,0.146333,0.012059,0.030911,0.033985,0.127877,0.037219,0.026339,0.018732,0.066189,0.057752,1.444208,0.075665,0.000000,0.065403,0.059728,0.048657,0.000000,0.014923,0.120019,0.134918,0.094772,0.040120,0.011799,0.009676,,,0.003237,0.003193,0.004500,,0.106704,0.021066,
tuolumne-cpu,192,,,0.002167,0.001240,0.003905,0.006370,0.006931,0.002804,0.001762,0.003289,0.004438,0.021555,0.023163,0.014005,0.004652,0.010157,0.942124,0.000799,0.000722,0.001204,0.001118,0.477622,0.003767,0.005306,0.015195,0.001415,0.014889,0.050449,0.008003,0.004940,0.004395,0.001988,0.007693,0.008134,0.009684,0.002511,0.002183,0.014809,0.042133,0.007711,0.003400,0.001353,0.037332,0.024003,0.053951,0.001248,0.007428,0.013030,0.025103,0.013110,0.007323,0.001212,0.002997,0.003455,0.046076,0.003288,0.000000,0.004485,0.004474,0.003548,0.000000,0.001290,0.004321,0.013194,0.008166,0.002644,0.001347,0.001711,,,0.001427,0.000784,0.001019,,0.117821,0.190321,
tuolumne-cpu,96,,,0.003950,0.001730,0.004115,0.008223,0.007173,0.004370,0.002063,0.004010,0.005286,0.026084,0.025895,0.018585,0.004165,0.010767,0.837748,0.001006,0.000733,0.001448,0.001588,0.256148,0.005980,0.006533,0.015247,0.001476,0.015314,0.048655,0.008482,0.006609,0.005550,0.002990,0.007831,0.012800,0.017890,0.003758,0.002301,0.018434,0.044331,0.013711,0.003235,0.001517,0.063151,0.027151,0.075285,0.001246,0.007476,0.013284,0.027979,0.013200,0.007199,0.001780,0.004658,0.004045,0.088976,0.005531,0.000000,0.006008,0.005501,0.004106,0.000001,0.001583,0.007294,0.014065,0.010754,0.003698,0.001548,0.002023,,,0.001060,0.000841,0.000936,,0.092059,0.181401,
tuolumne-cpu,48,,,0.004362,0.001602,0.004003,0.011255,0.006467,0.004568,0.002002,0.003926,0.005195,0.024628,0.024762,0.012002,0.004157,0.010442,0.383570,0.000922,0.000640,0.001143,0.001521,0.191640,0.004826,0.005920,0.014436,0.001443,0.014175,0.047362,0.007564,0.005348,0.005425,0.003654,0.007748,0.015927,0.022803,0.003911,0.002579,0.013029,0.043228,0.016648,0.002870,0.001643,0.047047,0.025615,0.058485,0.001631,0.007054,0.011544,0.029830,0.011845,0.006922,0.001663,0.004626,0.004389,0.094145,0.005311,0.000000,0.006255,0.005809,0.005158,0.000000,0.001514,0.007539,0.012487,0.010146,0.003900,0.001564,0.002076,,,0.000906,0.000788,0.001054,,0.087595,0.165570,
tuolumne-cpu,32,,,0.007491,0.001675,0.003537,0.013658,0.006145,0.005583,0.002011,0.003748,0.005408,0.024745,0.025917,0.014594,0.004288,0.010023,0.365331,0.000963,0.000530,0.001244,0.001863,0.163571,0.006031,0.006205,0.012650,0.001484,0.012353,0.047991,0.006878,0.006648,0.006415,0.004434,0.007384,0.024351,0.034692,0.005443,0.002684,0.012717,0.037147,0.025518,0.003603,0.001461,0.050734,0.022085,0.060780,0.002175,0.006154,0.010172,0.030543,0.010143,0.006033,0.002210,0.007119,0.006688,0.140850,0.006997,0.000000,0.007864,0.007701,0.006811,0.000000,0.001914,0.010745,0.016615,0.012166,0.005121,0.001545,0.002079,,,0.000879,0.000761,0.000945,,0.083132,0.128011,
tuolumne-cpu,16,,,0.016628,0.002209,0.003345,0.021965,0.007005,0.010052,0.002743,0.004841,0.006540,0.031383,0.031562,0.017167,0.005316,0.012849,0.324498,0.001286,0.000413,0.001852,0.003104,0.167385,0.007982,0.009519,0.013256,0.001233,0.013180,0.049481,0.007721,0.009194,0.009547,0.008554,0.009042,0.040512,0.060326,0.008750,0.003661,0.011468,0.037086,0.045616,0.004722,0.002335,0.042756,0.025127,0.055643,0.003128,0.006891,0.009687,0.037020,0.009715,0.006827,0.004250,0.012119,0.013640,0.280949,0.012614,0.000000,0.014352,0.013199,0.011475,0.000000,0.003267,0.021583,0.030050,0.020184,0.009058,0.002548,0.002423,,,0.001040,0.000625,0.000740,,0.071432,0.085618,
tuolumne-cpu,8,,,0.047507,0.006142,0.004573,0.041630,0.010481,0.033722,0.010693,0.011361,0.008893,0.048801,0.048787,0.025028,0.007072,0.018180,0.270070,0.002252,0.000471,0.002737,0.005915,0.093088,0.014310,0.016399,0.019099,0.001721,0.019852,0.054940,0.012552,0.015326,0.022913,0.015789,0.013929,0.076938,0.114938,0.010242,0.005507,0.014470,0.051593,0.087261,0.003905,0.003366,0.038514,0.034855,0.066601,0.005193,0.010348,0.014784,0.058170,0.014441,0.010544,0.008550,0.023466,0.027329,0.560269,0.024277,0.000001,0.025224,0.023248,0.020137,0.000000,0.005933,0.063465,0.056320,0.035240,0.016041,0.004052,0.003464,,,0.001452,0.000701,0.000904,,0.054811,0.064914,
tuolumne-cpu,4,,,0.096820,0.020900,0.007049,0.078395,0.017145,0.090507,0.023287,0.026993,0.016141,0.088042,0.088044,0.045597,0.012362,0.032412,0.278081,0.004173,0.000586,0.005123,0.011516,0.061809,0.043668,0.030942,0.025978,0.002617,0.028388,0.024635,0.019290,0.046802,0.076796,0.031681,0.023201,0.151227,0.227604,0.015203,0.009849,0.020341,0.081634,0.172939,0.002654,0.006113,0.048059,0.053384,0.106668,0.009811,0.017686,0.021482,0.103057,0.021589,0.017687,0.015255,0.046743,0.059075,1.120158,0.060025,0.000000,0.049895,0.045717,0.039373,0.000001,0.011757,0.187613,0.111867,0.065045,0.031843,0.007426,0.006114,,,0.002572,0.000923,0.001170,,0.057699,0.011602,
borax, any min,,,0.019473,0.005409,0.009605,0.038975,0.006384,0.010524,0.004745,0.008678,0.021138,0.035137,0.036979,0.009878,0.015213,0.015960,0.642930,0.001607,0.000478,0.001175,0.002901,0.301762,0.015580,0.014973,0.035720,0.003189,0.036645,0.058995,0.025130,0.012441,0.020582,0.002966,0.026166,0.031262,0.047391,0.004270,0.005269,0.023346,0.102650,0.040473,0.002062,0.002333,0.028146,0.059514,0.081052,0.002209,0.021567,0.031337,0.035575,0.033054,0.024908,0.002408,0.009681,0.006161,0.178614,0.019978,,0.006329,0.010433,0.010274,,0.002075,0.024658,0.047824,0.026681,0.012457,0.004522,0.003046,,,0.000583,0.001024,0.002087,,0.127177,0.030901,
boraxo, any min,,,0.014073,0.004464,0.004872,0.039313,0.006785,0.006423,0.004408,0.004914,0.010578,0.018706,0.018536,0.010144,0.007482,0.007886,0.922343,0.001173,0.000340,0.000897,0.002022,0.421649,0.011648,0.009406,0.019306,0.003599,0.019324,0.053394,0.011811,0.011492,0.016878,0.002178,0.015059,0.046901,0.060775,0.004329,0.005961,0.012192,0.050670,0.053419,0.002433,0.002226,0.018275,0.034477,0.052609,0.002422,0.010929,0.015350,0.021972,0.015705,0.010732,0.001826,0.009183,0.005289,0.156245,0.015001,,0.006956,0.009139,0.009756,,0.001649,0.030725,0.052021,0.013500,0.012734,0.003526,0.002652,,,0.000663,0.000785,0.000951,,0.169827,0.040353,
corona-cpu, any min,,,0.004832,0.003834,0.004041,0.018607,0.005758,0.006667,0.004207,0.007805,0.008477,0.033320,0.021299,0.007780,0.007907,0.015988,0.298792,0.001693,0.000542,0.001302,0.002407,0.085240,0.008865,0.007839,0.014897,0.002115,0.017317,0.061256,0.012061,0.008316,0.010548,0.002457,0.013855,0.015028,0.021332,0.005610,0.002681,0.011182,0.047046,0.017986,0.003377,0.001672,0.025968,0.025629,0.050014,0.002039,0.012295,0.014253,0.019821,0.017537,0.012329,0.002491,0.006520,0.003978,0.086685,0.008416,,0.005958,0.004756,0.004750,,0.002043,0.011295,0.014781,0.012366,0.008228,0.003893,0.002483,,,0.000592,0.000800,0.001125,,0.070259,0.044043,
dane, any min,,,0.002733,0.001484,0.002494,0.014849,0.003885,0.002614,0.002280,0.002303,0.005601,0.009544,0.009540,0.003300,0.004001,0.003901,0.463578,0.000624,0.000204,0.000445,0.000910,0.180548,0.004753,0.004080,0.008798,0.001986,0.008894,0.024520,0.006212,0.004011,0.004140,0.000914,0.006048,0.005775,0.008000,0.002005,0.001288,0.006303,0.028148,0.007146,0.001052,0.000677,0.011579,0.014425,0.025729,0.000889,0.004584,0.007319,0.008968,0.007456,0.004573,0.000857,0.002907,0.002007,0.032819,0.004175,,0.002161,0.002796,0.002702,,0.000712,0.005575,0.016509,0.006602,0.003888,0.001413,0.001055,,,0.000245,0.000418,0.000481,,0.100088,0.020582,
mammoth, any min,,,0.004403,0.002997,0.004352,0.016748,0.004903,0.004732,0.003364,0.005939,0.007049,0.023080,0.017085,0.007516,0.005803,0.011454,0.540802,0.001082,0.000565,0.001354,0.001696,0.121278,0.007454,0.008041,0.014810,0.002102,0.014981,0.050615,0.009313,0.007236,0.009915,0.002161,0.010315,0.012081,0.014469,0.004752,0.002315,0.011277,0.043259,0.012432,0.002282,0.001347,0.019121,0.024946,0.042307,0.001604,0.008463,0.012423,0.016159,0.012812,0.008600,0.002352,0.004898,0.004173,0.056892,0.007951,,0.004410,0.004581,0.004564,,0.001845,0.010163,0.013946,0.010265,0.008089,0.002734,0.002004,,,0.000544,0.000710,0.001064,,0.077479,0.038318,
matrix-cpu, any min,,,0.002373,0.001389,0.002180,0.012720,0.003472,0.002660,0.002229,0.002122,0.006762,0.008443,0.008421,0.002518,0.004809,0.004264,0.471090,0.000606,0.000246,0.000445,0.000945,0.181985,0.004473,0.004323,0.008322,0.002043,0.008539,0.026486,0.005442,0.004138,0.004138,0.000796,0.005337,0.006762,0.008095,0.002265,0.001269,0.006012,0.027862,0.008610,0.001051,0.000652,0.011429,0.013502,0.024596,0.000881,0.004469,0.006877,0.008622,0.006991,0.004440,0.000827,0.002561,0.001754,0.031308,0.003692,,0.002111,0.002284,0.002279,,0.000683,0.004501,0.016092,0.006563,0.003187,0.001595,0.001047,,,0.000240,0.000410,0.000453,,0.099918,0.020084,
tioga-cpu, any min,,,0.008663,0.005279,0.002432,0.005976,0.004070,0.003553,0.001369,0.002353,0.003798,0.013047,0.012222,0.010165,0.004485,0.006553,0.661204,0.000519,0.000311,0.000861,0.001389,0.171003,0.010107,0.005513,0.008000,0.000740,0.009452,0.037587,0.006161,0.008095,0.019617,0.003997,0.005906,0.018346,0.028413,0.003312,0.001312,0.006391,0.023615,0.022908,0.001672,0.000990,0.014798,0.014793,0.025486,0.001055,0.004920,0.007988,0.014185,0.007572,0.005044,0.002509,0.004680,0.006211,0.130844,0.008614,,0.006402,0.007804,0.006646,,0.001860,0.016399,0.006751,0.011022,0.004308,0.001717,0.001131,,,0.000478,0.000438,0.000623,,0.106704,0.021066,
tuolumne-cpu, any min,,,0.002167,0.001240,0.003345,0.006370,0.006145,0.002804,0.001762,0.003289,0.004438,0.021555,0.023163,0.012002,0.004157,0.010023,0.270070,0.000799,0.000413,0.001143,0.001118,0.061809,0.003767,0.005306,0.012650,0.001233,0.012353,0.024635,0.006878,0.004940,0.004395,0.001988,0.007384,0.008134,0.009684,0.002511,0.002183,0.011468,0.037086,0.007711,0.002654,0.001353,0.037332,0.022085,0.053951,0.001246,0.006154,0.009687,0.025103,0.009715,0.006033,0.001212,0.002997,0.003455,0.046076,0.003288,0.000001,0.004485,0.004474,0.003548,0.000001,0.001290,0.004321,0.012487,0.008166,0.002644,0.001347,0.001711,,,0.000879,0.000625,0.000740,,0.054811,0.011602,
borax, any max,,,0.100908,0.043496,0.022743,0.220089,0.016609,0.060133,0.032915,0.039736,0.063172,0.095761,0.102834,0.037449,0.044383,0.045410,1.097182,0.005019,0.003045,0.003432,0.013481,1.149255,0.100525,0.040849,0.091232,0.008335,0.091572,0.108865,0.060233,0.082958,0.096824,0.011708,0.074996,0.203733,0.307086,0.029195,0.009687,0.049640,0.262560,0.239250,0.004681,0.004058,0.075451,0.148094,0.194521,0.009345,0.060228,0.079412,0.064887,0.082005,0.060283,0.010303,0.063203,0.041559,1.571350,0.147937,,0.035839,0.100840,0.098101,,0.009077,0.187915,0.347874,0.083053,0.095844,0.017417,0.010225,,,0.001207,0.002896,0.004407,,0.377053,0.386409,
boraxo, any max,,,0.065419,0.032742,0.022138,0.264283,0.014716,0.034571,0.041180,0.017615,0.062383,0.047123,0.046385,0.034259,0.043863,0.022584,2.979364,0.002860,0.003072,0.003332,0.006953,1.248733,0.092363,0.045911,0.088970,0.011105,0.089239,0.099439,0.068750,0.105133,0.130547,0.021660,0.092003,0.182809,0.269750,0.033343,0.014070,0.053282,0.212699,0.219743,0.005153,0.011273,0.072066,0.145759,0.199158,0.008443,0.068349,0.080191,0.088349,0.080222,0.068290,0.010354,0.078623,0.045637,1.504871,0.151947,,0.031406,0.095101,0.093342,,0.009104,0.166839,0.416987,0.098905,0.115803,0.019694,0.013116,,,0.001441,0.001778,0.004436,,0.373383,0.384350,
corona-cpu, any max,,,0.060112,0.031911,0.011717,0.169928,0.018035,0.024628,0.031364,0.035966,0.019530,0.101937,0.054868,0.021013,0.013814,0.051720,0.714348,0.004917,0.002271,0.003242,0.013662,0.346418,0.068915,0.019448,0.045786,0.004931,0.045973,0.191989,0.024510,0.051639,0.094518,0.007374,0.029390,0.122931,0.187293,0.027918,0.006101,0.031069,0.135141,0.148962,0.005953,0.003736,0.067211,0.071935,0.143624,0.005375,0.022027,0.040580,0.051394,0.041916,0.031098,0.007754,0.042615,0.034177,1.114237,0.116941,,0.024932,0.057019,0.056999,,0.007606,0.112293,0.268639,0.033814,0.064857,0.012305,0.007591,,,0.001423,0.002356,0.002564,,0.100927,0.504287,
dane, any max,,,0.050491,0.038890,0.010939,0.160803,0.020951,0.020482,0.024294,0.008998,0.039003,0.051056,0.051463,0.014985,0.027433,0.021274,9.861194,0.002717,0.015210,0.015494,0.004282,1.166859,0.103001,0.028755,0.042753,0.029982,0.042680,0.074628,0.037351,0.061603,0.101839,0.005200,0.056616,0.082459,0.122992,0.019504,0.006544,0.033669,0.125586,0.099094,0.003477,0.002688,0.028676,0.083668,0.105936,0.003187,0.036728,0.038407,0.096827,0.038958,0.036792,0.005968,0.029685,0.020826,0.652906,0.121901,,0.014211,0.028754,0.028517,,0.004577,0.088905,0.254057,0.058029,0.040507,0.009292,0.004565,,,0.002382,0.002215,0.002290,,0.356993,0.652838,
mammoth, any max,,,0.072198,0.049568,0.030254,0.169720,0.047408,0.024330,0.031303,0.036432,0.030800,0.126221,0.128129,0.022692,0.022364,0.051322,0.808925,0.005286,0.005947,0.006816,0.013598,0.449955,0.123233,0.032872,0.113691,0.013341,0.116761,0.182981,0.060966,0.058803,0.169940,0.007329,0.061977,0.123312,0.187658,0.027056,0.012524,0.076746,0.355333,0.149225,0.007457,0.007355,0.071441,0.181464,0.285849,0.006364,0.060832,0.102598,0.128860,0.104570,0.060935,0.008604,0.042371,0.034490,1.115332,0.162959,,0.025239,0.057113,0.056906,,0.008213,0.115468,0.269086,0.044201,0.065029,0.012177,0.007843,,,0.003269,0.005341,0.006086,,0.110515,1.239423,
matrix-cpu, any max,,,0.047615,0.033432,0.114627,0.162312,0.230144,0.041863,0.035548,0.080818,0.113783,0.547555,0.568885,0.015035,0.079645,0.228057,1.051335,0.011930,0.012246,0.012347,0.011991,0.476994,0.088523,0.116175,0.450334,0.035046,0.449073,0.242591,0.226230,0.058729,0.094831,0.011611,0.227804,0.087538,0.123843,0.024110,0.045963,0.290200,1.267063,0.099363,0.018498,0.027506,0.194041,0.723415,0.902874,0.021766,0.223287,0.403036,0.457971,0.404020,0.228188,0.011903,0.028927,0.021111,0.661537,0.118671,,0.038249,0.028570,0.028321,,0.011603,0.086907,0.258155,0.156440,0.040427,0.023320,0.034676,,,0.011368,0.023203,0.023314,,0.178445,6.427265,
tioga-cpu, any max,,,0.064905,0.038037,0.015622,0.119337,0.020831,0.110506,0.033717,0.038691,0.026975,0.112765,0.112740,0.058475,0.022436,0.039715,3.180332,0.004600,0.000781,0.006203,0.014044,1.084753,0.077644,0.048120,0.043210,0.003084,0.044954,0.118625,0.032256,0.040480,0.087914,0.040704,0.039812,0.183484,0.276214,0.018329,0.012355,0.032759,0.118928,0.209607,0.003406,0.008882,0.066359,0.078681,0.146333,0.012059,0.030911,0.033985,0.127877,0.037219,0.026339,0.018732,0.066189,0.057752,1.444208,0.075665,,0.065403,0.059728,0.048657,,0.014923,0.120019,0.134918,0.094772,0.040120,0.011799,0.009676,,,0.003237,0.003193,0.004500,,0.146068,0.059603,
tuolumne-cpu, any max,,,0.096820,0.020900,0.007049,0.078395,0.017145,0.090507,0.023287,0.026993,0.016141,0.088042,0.088044,0.045597,0.012362,0.032412,0.942124,0.004173,0.000733,0.005123,0.011516,0.477622,0.043668,0.030942,0.025978,0.002617,0.028388,0.054940,0.019290,0.046802,0.076796,0.031681,0.023201,0.151227,0.227604,0.015203,0.009849,0.020341,0.081634,0.172939,0.004722,0.006113,0.063151,0.053384,0.106668,0.009811,0.017686,0.021482,0.103057,0.021589,0.017687,0.015255,0.046743,0.059075,1.120158,0.060025,0.000001,0.049895,0.045717,0.039373,0.000001,0.011757,0.187613,0.111867,0.065045,0.031843,0.007426,0.006114,,,0.002572,0.000923,0.001170,,0.117821,0.190321,
borax, 72 (full),,,0.019473,0.005409,0.009605,0.038975,0.016609,0.010524,0.004745,0.008678,0.021138,0.048134,0.047547,0.009878,0.015213,0.020835,0.977974,0.001607,0.003045,0.003432,0.002901,0.674960,0.015580,0.015717,0.035720,0.007221,0.036645,0.108865,0.025130,0.012441,0.020582,0.002966,0.029738,0.031262,0.047391,0.004270,0.005695,0.023346,0.102650,0.040473,0.004681,0.002697,0.028146,0.059514,0.081052,0.002209,0.021567,0.031337,0.036829,0.033054,0.024908,0.002408,0.009681,0.006161,0.178614,0.019978,0.000000,0.006329,0.010433,0.010274,0.000000,0.002075,0.024658,0.047824,0.026681,0.012457,0.004522,0.003046,0.000000,0.000000,0.001207,0.001899,0.002087,0.000000,0.215783,0.386409,0.000000
boraxo, 72 (full),,,0.014073,0.004464,0.007514,0.039313,0.013930,0.006423,0.004408,0.005805,0.010578,0.035595,0.035304,0.010144,0.007482,0.014493,2.979364,0.001450,0.003072,0.003332,0.002022,0.784127,0.011648,0.009406,0.028965,0.006902,0.029088,0.097232,0.015799,0.011492,0.016878,0.002178,0.015810,0.046901,0.060775,0.004329,0.014070,0.019244,0.084868,0.065686,0.005153,0.002639,0.018275,0.049541,0.067551,0.002422,0.015296,0.025676,0.037138,0.025582,0.015005,0.001826,0.009183,0.005289,0.156245,0.015001,0.000000,0.006956,0.009139,0.009756,0.000000,0.001649,0.030725,0.052021,0.013500,0.012734,0.003526,0.002652,0.000000,0.000000,0.001116,0.001509,0.001644,0.000000,0.318773,0.384350,0.000000
corona-cpu, 96 (full),,,0.004832,0.003834,0.011717,0.018607,0.018035,0.006667,0.004207,0.008750,0.014290,0.057443,0.053461,0.007780,0.010137,0.023029,0.714348,0.001693,0.002271,0.002869,0.002407,0.346418,0.008865,0.013781,0.045786,0.004931,0.045973,0.100995,0.024510,0.008316,0.013035,0.002457,0.022825,0.015028,0.021332,0.005610,0.005586,0.031069,0.135141,0.017986,0.005953,0.002801,0.067211,0.071935,0.143624,0.002979,0.022027,0.040580,0.051394,0.041916,0.021961,0.002491,0.006520,0.003978,0.086685,0.008416,0.000000,0.005958,0.004756,0.004750,0.000000,0.002043,0.011295,0.014781,0.018153,0.008228,0.003992,0.003378,0.000000,0.000000,0.001423,0.002356,0.002564,0.000000,0.083781,0.504287,0.000000
dane, 224 (full),,,0.002733,0.001945,0.010939,0.018345,0.020951,0.004863,0.003625,0.008546,0.011444,0.051056,0.051463,0.004082,0.008160,0.021274,9.861194,0.002717,0.015210,0.015494,0.003229,1.166859,0.006470,0.011110,0.042753,0.029982,0.042680,0.051700,0.021414,0.004011,0.009379,0.001412,0.021444,0.005775,0.008000,0.002243,0.006544,0.033669,0.125586,0.007146,0.002670,0.002688,0.027454,0.083668,0.105936,0.002596,0.023082,0.038407,0.096827,0.038958,0.021311,0.001522,0.003695,0.002765,0.032819,0.004835,0.000000,0.004600,0.003205,0.003194,0.000000,0.001387,0.005575,0.016509,0.015698,0.004188,0.002489,0.003146,0.000000,0.000000,0.002382,0.002215,0.002290,0.000000,0.302533,0.652838,0.000000
mammoth, 256 (full),,,0.006202,0.004461,0.030254,0.031826,0.047408,0.012806,0.007355,0.019777,0.030800,0.126221,0.128129,0.012402,0.022364,0.049269,0.808925,0.003193,0.005947,0.006816,0.003511,0.449955,0.013690,0.032872,0.113691,0.013341,0.116761,0.105072,0.060966,0.011243,0.024206,0.004539,0.061977,0.012081,0.014469,0.006005,0.012524,0.076746,0.355333,0.012432,0.007457,0.007355,0.070487,0.181464,0.285849,0.006364,0.060832,0.102598,0.128860,0.104570,0.060935,0.004864,0.009521,0.006158,0.056892,0.011891,0.000000,0.011536,0.006024,0.005859,0.000000,0.003707,0.014156,0.014152,0.044201,0.012358,0.007567,0.007032,0.000000,0.000000,0.003269,0.005341,0.006086,0.000000,0.086272,1.239423,0.000000
matrix-cpu, 224 (full),,,0.013531,0.011931,0.114627,0.121763,0.230144,0.041863,0.035548,0.080818,0.113783,0.547555,0.568885,0.005800,0.079645,0.228057,1.051335,0.011930,0.012246,0.012347,0.011991,0.443091,0.041299,0.116175,0.450334,0.035046,0.449073,0.242591,0.226230,0.025273,0.092993,0.011611,0.227804,0.007384,0.009189,0.008461,0.045963,0.290200,1.267063,0.009565,0.018498,0.027506,0.194041,0.723415,0.902874,0.021766,0.223287,0.403036,0.457971,0.404020,0.228188,0.011903,0.024195,0.012510,0.033870,0.031862,0.000000,0.038249,0.013869,0.013822,0.000000,0.011603,0.025928,0.043470,0.156440,0.024879,0.023320,0.034676,0.000000,0.000000,0.011368,0.023203,0.023314,0.000000,0.178445,6.427265,0.000000
tioga-cpu, 128 (full),,,0.009141,0.006514,0.002432,0.005976,0.004070,0.003553,0.001369,0.002353,0.003798,0.013047,0.012222,0.010165,0.004485,0.006553,3.180332,0.000519,0.000312,0.000861,0.001389,1.084753,0.010107,0.005513,0.008000,0.000740,0.009785,0.039510,0.006161,0.008095,0.019617,0.003997,0.005906,0.018346,0.028413,0.003424,0.001312,0.006391,0.023615,0.022908,0.002134,0.000990,0.014798,0.014793,0.025486,0.001055,0.004920,0.011358,0.014185,0.007572,0.005044,0.002509,0.004680,0.006211,0.130844,0.008614,0.000000,0.006402,0.007804,0.006707,0.000000,0.001860,0.016399,0.006751,0.011022,0.004308,0.001717,0.001131,0.000000,0.000000,0.000478,0.000438,0.000623,0.000000,0.128977,0.059603,0.000000
tuolumne-cpu, 192 (full),,,0.002167,0.001240,0.003905,0.006370,0.006931,0.002804,0.001762,0.003289,0.004438,0.021555,0.023163,0.014005,0.004652,0.010157,0.942124,0.000799,0.000722,0.001204,0.001118,0.477622,0.003767,0.005306,0.015195,0.001415,0.014889,0.050449,0.008003,0.004940,0.004395,0.001988,0.007693,0.008134,0.009684,0.002511,0.002183,0.014809,0.042133,0.007711,0.003400,0.001353,0.037332,0.024003,0.053951,0.001248,0.007428,0.013030,0.025103,0.013110,0.007323,0.001212,0.002997,0.003455,0.046076,0.003288,0.000000,0.004485,0.004474,0.003548,0.000000,0.001290,0.004321,0.013194,0.008166,0.002644,0.001347,0.001711,0.000000,0.000000,0.001427,0.000784,0.001019,0.000000,0.117821,0.190321,0.000000
borax, 32 (half),,,0.031820,0.007054,0.012924,0.070629,0.009131,0.018278,0.007678,0.010738,0.024863,0.039845,0.039953,0.015105,0.018643,0.018404,1.097182,0.001956,0.001197,0.001383,0.004346,1.149255,0.021374,0.014973,0.046838,0.003189,0.046777,0.066696,0.031687,0.021992,0.025205,0.003633,0.029818,0.066069,0.101700,0.006558,0.007886,0.029650,0.107581,0.079322,0.003633,0.003067,0.037565,0.066826,0.098458,0.003582,0.031530,0.041701,0.039571,0.042650,0.031839,0.003434,0.018468,0.011274,0.399672,0.029717,0.000000,0.009546,0.019777,0.019508,0.000000,0.002864,0.047548,0.104003,0.032977,0.024802,0.005268,0.003762,0.000000,0.000000,0.000733,0.001323,0.002707,0.000000,0.377053,0.184846,0.000000
boraxo, 32 (half),,,0.028249,0.007176,0.006029,0.075213,0.009539,0.009654,0.006848,0.005419,0.015201,0.024118,0.023965,0.012588,0.010750,0.010304,2.141088,0.001565,0.001010,0.001254,0.002631,1.248733,0.021524,0.010196,0.022476,0.003599,0.022434,0.059399,0.013675,0.023643,0.028853,0.003182,0.016656,0.116868,0.135704,0.006855,0.012315,0.015362,0.064529,0.193531,0.004725,0.005263,0.024948,0.040575,0.067505,0.003806,0.012912,0.018474,0.023746,0.018655,0.012956,0.002569,0.017463,0.010349,0.351176,0.031740,0.000000,0.007993,0.017079,0.018436,0.000000,0.002311,0.076204,0.114023,0.019537,0.025881,0.005245,0.002684,0.000000,0.000000,0.000663,0.001048,0.001177,0.000000,0.373383,0.185522,0.000000
corona-cpu, 48 (half),,,0.006257,0.003890,0.007741,0.022014,0.011395,0.006983,0.004798,0.007939,0.011837,0.044079,0.036623,0.007800,0.008208,0.018681,0.599594,0.001942,0.001697,0.001825,0.003380,0.248839,0.011173,0.010444,0.029432,0.003263,0.029429,0.117253,0.016480,0.010616,0.011272,0.002873,0.018829,0.027187,0.038618,0.006253,0.004172,0.022953,0.086743,0.032247,0.004584,0.002069,0.041811,0.048896,0.106299,0.002491,0.015921,0.025224,0.031607,0.027692,0.019949,0.002902,0.008388,0.006510,0.163560,0.010702,0.000000,0.006486,0.007476,0.007423,0.000000,0.002186,0.018778,0.024990,0.015407,0.012093,0.003893,0.002695,0.000000,0.000000,0.000981,0.001530,0.001837,0.000000,0.094043,0.297592,0.000000
dane, 112 (half),,,0.002791,0.001565,0.004671,0.017722,0.008410,0.003152,0.002310,0.004016,0.005601,0.023737,0.023598,0.004389,0.004001,0.009330,1.808516,0.001076,0.003843,0.003969,0.001204,1.078026,0.005761,0.005222,0.018029,0.008223,0.018061,0.039907,0.009303,0.004040,0.004873,0.000914,0.009290,0.010198,0.014644,0.002005,0.003824,0.015192,0.054279,0.011704,0.003477,0.001218,0.018417,0.035182,0.053287,0.001499,0.009863,0.016062,0.022630,0.016116,0.009156,0.001000,0.003068,0.002165,0.050114,0.004250,0.000000,0.002628,0.002985,0.003013,0.000000,0.000875,0.006461,0.023491,0.007650,0.004104,0.001521,0.001620,0.000000,0.000000,0.000713,0.001031,0.001025,0.000000,0.356993,0.256141,0.000000
mammoth, 128 (half),,,0.006160,0.003808,0.016289,0.021173,0.025211,0.008614,0.005036,0.011417,0.018243,0.074694,0.073239,0.010954,0.013802,0.029014,0.706401,0.002034,0.003108,0.003753,0.002627,0.320345,0.011186,0.019116,0.063246,0.006890,0.062915,0.083530,0.035196,0.010205,0.016122,0.003603,0.034208,0.017536,0.021643,0.005123,0.007553,0.047618,0.186564,0.017123,0.005698,0.003813,0.071441,0.099233,0.176523,0.004064,0.033146,0.056460,0.070430,0.057590,0.033684,0.003766,0.009564,0.006567,0.078527,0.011037,0.000000,0.008429,0.006326,0.006256,0.000000,0.002899,0.014686,0.013946,0.026239,0.012040,0.005190,0.004517,0.000000,0.000000,0.001902,0.003031,0.003608,0.000000,0.103286,0.708777,0.000000
matrix-cpu, 112 (half),,,0.002373,0.001389,0.005756,0.012720,0.012076,0.003058,0.002231,0.004238,0.006762,0.027399,0.027476,0.002518,0.004809,0.010836,1.029386,0.001048,0.005442,0.005485,0.001191,0.476994,0.004473,0.006351,0.022905,0.012166,0.022579,0.065443,0.011768,0.004138,0.005470,0.001148,0.011675,0.006762,0.008095,0.002265,0.002756,0.015769,0.066943,0.008610,0.001686,0.001501,0.013559,0.036583,0.049024,0.001334,0.011345,0.020302,0.026084,0.020171,0.011450,0.001023,0.002561,0.001754,0.031308,0.003692,0.000000,0.002744,0.002284,0.002279,0.000000,0.000941,0.004501,0.016092,0.008653,0.003187,0.001595,0.001806,0.000000,0.000000,0.000769,0.001196,0.001209,0.000000,0.173206,0.364787,0.000000
tioga-cpu, 64 (half),,,0.009342,0.005279,0.003050,0.008541,0.004985,0.005579,0.001675,0.002973,0.010271,0.018218,0.017930,0.010278,0.007564,0.007585,1.714670,0.000734,0.000322,0.001179,0.002188,0.375610,0.012166,0.007091,0.009025,0.000849,0.010168,0.038212,0.007519,0.010689,0.022540,0.004966,0.011964,0.023327,0.034899,0.003312,0.001616,0.011206,0.026907,0.030086,0.001697,0.001287,0.019647,0.017220,0.032110,0.001306,0.006156,0.008611,0.015478,0.008800,0.006222,0.003257,0.007994,0.007772,0.185990,0.015234,0.000000,0.008954,0.010689,0.006646,0.000000,0.002551,0.016967,0.011211,0.016948,0.005842,0.002235,0.001403,0.000000,0.000000,0.000521,0.000476,0.000711,0.000000,0.146068,0.053163,0.000000
tuolumne-cpu, 96 (half),,,0.003950,0.001730,0.004115,0.008223,0.007173,0.004370,0.002063,0.004010,0.005286,0.026084,0.025895,0.018585,0.004165,0.010767,0.837748,0.001006,0.000733,0.001448,0.001588,0.256148,0.005980,0.006533,0.015247,0.001476,0.015314,0.048655,0.008482,0.006609,0.005550,0.002990,0.007831,0.012800,0.017890,0.003758,0.002301,0.018434,0.044331,0.013711,0.003235,0.001517,0.063151,0.027151,0.075285,0.001246,0.007476,0.013284,0.027979,0.013200,0.007199,0.001780,0.004658,0.004045,0.088976,0.005531,0.000000,0.006008,0.005501,0.004106,0.000001,0.001583,0.007294,0.014065,0.010754,0.003698,0.001548,0.002023,0.000000,0.000000,0.001060,0.000841,0.000936,0.000000,0.092059,0.181401,0.000000
borax, 16 (quarter),,,0.026122,0.007135,0.012040,0.062786,0.006384,0.018235,0.010572,0.013483,0.031566,0.035137,0.036979,0.015345,0.022897,0.015960,0.642930,0.001772,0.000657,0.001389,0.004555,0.533095,0.025761,0.017909,0.044061,0.003347,0.043964,0.090671,0.029610,0.022754,0.024610,0.004613,0.026166,0.056791,0.086576,0.010238,0.005269,0.026289,0.104357,0.066835,0.003650,0.003897,0.032236,0.061786,0.081107,0.003311,0.029580,0.039126,0.035575,0.039967,0.029668,0.003816,0.018217,0.012801,0.438288,0.033255,0.000000,0.010575,0.029672,0.028918,0.000000,0.003001,0.039700,0.097065,0.038675,0.026979,0.005907,0.004137,0.000000,0.000000,0.000625,0.001024,0.002537,0.000000,0.155982,0.112236,0.000000
boraxo, 16 (quarter),,,0.019598,0.007372,0.004872,0.067283,0.006785,0.009112,0.009876,0.004914,0.018232,0.018706,0.018536,0.010840,0.012140,0.007886,1.148672,0.001173,0.000572,0.000914,0.002497,0.983393,0.022610,0.009476,0.019306,0.003879,0.019324,0.082790,0.011811,0.024823,0.028833,0.005661,0.015059,0.047275,0.068812,0.010075,0.010063,0.012192,0.050670,0.053419,0.004838,0.011273,0.021132,0.034477,0.052609,0.002639,0.010929,0.015350,0.021972,0.015705,0.010732,0.002682,0.019829,0.010735,0.376600,0.032308,0.000000,0.008136,0.025311,0.024842,0.000000,0.002382,0.041422,0.104919,0.019181,0.029288,0.005175,0.003669,0.000000,0.000000,0.000803,0.000893,0.000951,0.000000,0.178707,0.104379,0.000000
corona-cpu, 32 (quarter),,,0.008253,0.004207,0.005759,0.026309,0.008083,0.007554,0.005683,0.007805,0.009797,0.039859,0.028636,0.010361,0.008351,0.018748,0.534682,0.002062,0.001280,0.001466,0.003955,0.245098,0.013977,0.009420,0.020693,0.002522,0.021144,0.107419,0.013379,0.013676,0.011111,0.002902,0.014844,0.037040,0.055122,0.007471,0.003501,0.016636,0.067014,0.044445,0.003848,0.001705,0.032644,0.035432,0.067563,0.002325,0.016655,0.018944,0.024772,0.027025,0.022624,0.003333,0.010745,0.008029,0.244745,0.013627,0.000000,0.007562,0.009486,0.009388,0.000000,0.002460,0.026231,0.035366,0.013621,0.016119,0.004081,0.002483,0.000000,0.000000,0.000755,0.001134,0.001461,0.000000,0.100927,0.217443,0.000000
dane, 56 (quarter),,,0.002905,0.001484,0.003238,0.014849,0.006199,0.002614,0.002280,0.002537,0.007252,0.015263,0.015103,0.003300,0.005074,0.006050,0.816063,0.000666,0.001560,0.001701,0.000910,0.362417,0.004753,0.004080,0.012249,0.003755,0.012103,0.040094,0.006908,0.004885,0.004140,0.001289,0.006693,0.009304,0.012440,0.002564,0.001723,0.008261,0.036620,0.010783,0.002890,0.000926,0.013477,0.020343,0.028447,0.000981,0.006230,0.010935,0.013301,0.011040,0.006356,0.000857,0.002907,0.002007,0.053020,0.004175,0.000000,0.002161,0.002796,0.002702,0.000000,0.000712,0.006185,0.025692,0.006602,0.003888,0.001413,0.001167,0.000000,0.000000,0.000421,0.000647,0.000696,0.000000,0.138532,0.167890,0.000000
mammoth, 64 (quarter),,,0.004403,0.002997,0.006706,0.016748,0.011189,0.004732,0.003364,0.005939,0.008151,0.033233,0.030282,0.009531,0.006780,0.013585,0.580075,0.001082,0.001492,0.001892,0.001696,0.316810,0.007454,0.009278,0.024731,0.003431,0.025079,0.078845,0.013759,0.007236,0.009915,0.002270,0.015068,0.018727,0.020927,0.004752,0.003537,0.021427,0.079302,0.017686,0.004863,0.001689,0.045311,0.039628,0.074152,0.002031,0.013883,0.023119,0.029281,0.023617,0.014089,0.002352,0.004898,0.004173,0.073374,0.007951,0.000000,0.004410,0.004581,0.004564,0.000000,0.001845,0.010163,0.019772,0.012099,0.008089,0.002734,0.002386,0.000000,0.000000,0.000928,0.001401,0.001676,0.000000,0.110515,0.342069,0.000000
matrix-cpu, 56 (quarter),,,0.002855,0.001496,0.003276,0.014672,0.006367,0.002660,0.002229,0.002485,0.007166,0.015427,0.015353,0.003270,0.005087,0.006181,0.813137,0.000737,0.001581,0.001648,0.000945,0.347634,0.005163,0.005426,0.012618,0.003518,0.012680,0.039275,0.007068,0.006083,0.004138,0.000796,0.006953,0.009349,0.012358,0.002450,0.001824,0.008513,0.037292,0.010746,0.002392,0.000889,0.013580,0.020739,0.028331,0.000915,0.006524,0.011217,0.013985,0.011264,0.006475,0.000827,0.003583,0.001860,0.051106,0.004045,0.000000,0.002111,0.002798,0.002811,0.000000,0.000683,0.005903,0.024862,0.006563,0.003866,0.001971,0.001283,0.000000,0.000000,0.000431,0.000679,0.000716,0.000000,0.136797,0.178964,0.000000
tioga-cpu, 32 (quarter),,,0.008663,0.005388,0.002929,0.016614,0.004387,0.007364,0.001927,0.003254,0.010668,0.017225,0.016797,0.012103,0.007700,0.007063,0.850177,0.000720,0.000311,0.001237,0.002428,0.356608,0.012222,0.007108,0.008513,0.000797,0.009452,0.037587,0.007037,0.010442,0.022065,0.006028,0.012322,0.025736,0.038287,0.003524,0.001991,0.007815,0.025086,0.030989,0.001672,0.001343,0.015548,0.016245,0.027788,0.001808,0.006043,0.007988,0.020806,0.008196,0.006008,0.003067,0.009276,0.007847,0.192986,0.015189,0.000000,0.008713,0.009804,0.006835,0.000000,0.002356,0.016701,0.018482,0.015209,0.005831,0.002198,0.001586,0.000000,0.000000,0.000758,0.000458,0.000678,0.000000,0.130367,0.042528,0.000000
tuolumne-cpu, 48 (quarter),,,0.004362,0.001602,0.004003,0.011255,0.006467,0.004568,0.002002,0.003926,0.005195,0.024628,0.024762,0.012002,0.004157,0.010442,0.383570,0.000922,0.000640,0.001143,0.001521,0.191640,0.004826,0.005920,0.014436,0.001443,0.014175,0.047362,0.007564,0.005348,0.005425,0.003654,0.007748,0.015927,0.022803,0.003911,0.002579,0.013029,0.043228,0.016648,0.002870,0.001643,0.047047,0.025615,0.058485,0.001631,0.007054,0.011544,0.029830,0.011845,0.006922,0.001663,0.004626,0.004389,0.094145,0.005311,0.000000,0.006255,0.005809,0.005158,0.000000,0.001514,0.007539,0.012487,0.010146,0.003900,0.001564,0.002076,0.000000,0.000000,0.000906,0.000788,0.001054,0.000000,0.087595,0.165570,0.000000
dane, 32,,,0.006171,0.001791,0.002643,0.023105,0.004694,0.003444,0.003495,0.002303,0.010391,0.011651,0.011645,0.003769,0.007351,0.004482,0.687381,0.000624,0.000734,0.000802,0.000944,0.336278,0.008259,0.004813,0.010008,0.001986,0.010123,0.027969,0.006212,0.007173,0.005122,0.000982,0.006048,0.015910,0.021528,0.004964,0.001426,0.008050,0.028148,0.018875,0.001662,0.000677,0.015558,0.015736,0.025765,0.000889,0.004584,0.007540,0.009272,0.007741,0.004573,0.000968,0.004323,0.002684,0.090728,0.006066,0.000000,0.002683,0.004387,0.004168,0.000000,0.000840,0.009640,0.039989,0.007779,0.005847,0.001640,0.001055,0.000000,0.000000,0.000292,0.000474,0.000494,0.000000,0.124674,0.093021,0.000000
mammoth, 32,,,0.006570,0.003268,0.004352,0.023960,0.005534,0.004903,0.004616,0.006042,0.007049,0.023080,0.017085,0.007516,0.005803,0.011454,0.580092,0.001085,0.000807,0.001369,0.002153,0.263131,0.009042,0.008041,0.015077,0.002160,0.014981,0.050615,0.009313,0.009756,0.012296,0.002161,0.010315,0.021477,0.029651,0.005176,0.002315,0.011277,0.044100,0.022318,0.002282,0.001347,0.027179,0.025587,0.042307,0.001604,0.008463,0.012423,0.016854,0.012812,0.008600,0.002505,0.007035,0.005686,0.145087,0.013472,0.000000,0.004938,0.007712,0.007728,0.000000,0.001952,0.016119,0.034412,0.010265,0.010972,0.002918,0.002004,0.000000,0.000000,0.000563,0.000755,0.001064,0.000000,0.103845,0.142826,0.000000
matrix-cpu, 32,,,0.006327,0.001677,0.002263,0.022420,0.003984,0.003262,0.003354,0.002122,0.010015,0.009913,0.009982,0.003882,0.006981,0.004264,0.687780,0.000606,0.000744,0.000854,0.000945,0.318680,0.007958,0.004323,0.009616,0.002043,0.008665,0.029868,0.005442,0.007357,0.004806,0.000919,0.005337,0.016043,0.021769,0.004931,0.001329,0.007104,0.027862,0.019494,0.001704,0.000652,0.015867,0.015410,0.025911,0.000881,0.004534,0.007488,0.009334,0.007648,0.004555,0.000963,0.005072,0.002827,0.088963,0.006008,0.000000,0.002558,0.004241,0.004210,0.000000,0.000970,0.009479,0.039557,0.007764,0.005795,0.002165,0.001047,0.000000,0.000000,0.000278,0.000467,0.000479,0.000000,0.120207,0.092814,0.000000
tuolumne-cpu, 32,,,0.007491,0.001675,0.003537,0.013658,0.006145,0.005583,0.002011,0.003748,0.005408,0.024745,0.025917,0.014594,0.004288,0.010023,0.365331,0.000963,0.000530,0.001244,0.001863,0.163571,0.006031,0.006205,0.012650,0.001484,0.012353,0.047991,0.006878,0.006648,0.006415,0.004434,0.007384,0.024351,0.034692,0.005443,0.002684,0.012717,0.037147,0.025518,0.003603,0.001461,0.050734,0.022085,0.060780,0.002175,0.006154,0.010172,0.030543,0.010143,0.006033,0.002210,0.007119,0.006688,0.140850,0.006997,0.000000,0.007864,0.007701,0.006811,0.000000,0.001914,0.010745,0.016615,0.012166,0.005121,0.001545,0.002079,0.000000,0.000000,0.000879,0.000761,0.000945,0.000000,0.083132,0.128011,0.000000
