machine,core,Kernel,Kernel,Basic_ARRAY_OF_PTRS,Basic_COPY8,Basic_DAXPY,Basic_DAXPY_ATOMIC,Basic_EMPTY,Basic_IF_QUAD,Basic_INDEXLIST,Basic_INDEXLIST_3LOOP,Basic_INIT3,Basic_INIT_VIEW1D,Basic_INIT_VIEW1D_OFFSET,Basic_MAT_MAT_SHARED,Basic_MULADDSUB,Basic_NESTED_INIT,Basic_PI_ATOMIC,Basic_PI_REDUCE,Basic_REDUCE3_INT,Basic_REDUCE_STRUCT,Basic_TRAP_INT,Basic_MULTI_REDUCE,Lcals_DIFF_PREDICT,Lcals_EOS,Lcals_FIRST_DIFF,Lcals_FIRST_MIN,Lcals_FIRST_SUM,Lcals_GEN_LIN_RECUR,Lcals_HYDRO_1D,Lcals_HYDRO_2D,Lcals_INT_PREDICT,Lcals_PLANCKIAN,Lcals_TRIDIAG_ELIM,Polybench_2MM,Polybench_3MM,Polybench_ADI,Polybench_ATAX,Polybench_FDTD_2D,Polybench_FLOYD_WARSHALL,Polybench_GEMM,Polybench_GEMVER,Polybench_GESUMMV,Polybench_HEAT_3D,Polybench_JACOBI_1D,Polybench_JACOBI_2D,Polybench_MVT,Stream_ADD,Stream_COPY,Stream_DOT,Stream_MUL,Stream_TRIAD,Apps_CONVECTION3DPA,Apps_DEL_DOT_VEC_2D,Apps_DIFFUSION3DPA,Apps_EDGE3D,Apps_ENERGY,Apps_FEMSWEEP,Apps_FIR,Apps_LTIMES,Apps_LTIMES_NOVIEW,Apps_MASS3DEA,Apps_MASS3DPA,Apps_MATVEC_3D_STENCIL,Apps_NODAL_ACCUMULATION_3D,Apps_PRESSURE,Apps_VOL3D,Apps_ZONAL_ACCUMULATION_3D,Algorithm_SCAN,Algorithm_SORT,Algorithm_SORTPAIRS,Algorithm_REDUCE_SUM,Algorithm_MEMSET,Algorithm_MEMCPY,Algorithm_ATOMIC,Algorithm_HISTOGRAM,Comm_HALO_PACKING,Comm_HALO_PACKING_FUSED
borax,72,Base_OpenMP,default,0.107035,0.079638,0.024401,0.125903,0.021368,0.034105,0.014539,0.027190,0.056758,0.094339,0.094283,0.056214,0.041453,0.036569,4.061232,0.003643,0.003709,0.004421,0.008119,2.849666,0.507212,0.035458,0.081851,0.008155,0.082217,0.472549,0.055012,0.214202,0.396250,0.007005,0.064535,0.876730,1.351649,0.015865,0.019374,0.050879,0.428345,1.104783,0.011557,0.005824,0.060803,0.128484,0.187891,0.016216,0.054425,0.075082,0.070661,0.074785,0.054831,0.006799,0.034516,0.023486,0.687771,0.270923,0.000000,0.017782,0.035101,0.034552,0.000000,0.005917,0.214423,0.187728,0.088896,0.045273,0.010938,0.008553,Not run,Not run,0.002442,0.005368,0.005872,Not run,0.628240,0.382425,Not run
borax,32,Base_OpenMP,default,0.173931,0.104602,0.030447,0.268415,0.018951,0.069529,0.027128,0.036861,0.087950,0.116470,0.117651,0.090202,0.065654,0.052370,4.305918,0.006112,0.001508,0.003802,0.015615,3.269586,0.497121,0.050199,0.130458,0.007463,0.130347,0.289180,0.074451,0.190817,0.405390,0.012752,0.093126,1.882618,2.963517,0.026864,0.039906,0.067445,0.631515,2.444082,0.011841,0.007469,0.111658,0.186195,0.276921,0.032975,0.074171,0.097334,0.100267,0.118930,0.074345,0.011386,0.071580,0.047627,1.538324,0.339124,0.000000,0.034913,0.075752,0.074905,0.000000,0.010225,0.380723,0.421810,0.121785,0.094466,0.018830,0.010951,Not run,Not run,0.002397,0.006194,0.009430,Not run,2.195125,0.197913,Not run
borax,16,Base_OpenMP,default,0.126833,0.092402,0.030062,0.245059,0.015565,0.069255,0.040413,0.046535,0.095866,0.117991,0.123319,0.094793,0.062475,0.053498,2.409273,0.005840,0.001557,0.005052,0.015235,1.468584,0.475363,0.051535,0.110609,0.010487,0.130040,0.410566,0.074029,0.194346,0.395387,0.014891,0.091800,0.555718,0.881262,0.036432,0.014976,0.063977,0.636040,0.765618,0.008636,0.007165,0.101517,0.175927,0.289812,0.014988,0.073807,0.096225,0.079691,0.118709,0.073916,0.013644,0.075270,0.062333,1.696123,0.337352,0.000000,0.040678,0.111812,0.108888,0.000000,0.010777,0.248641,0.391569,0.121650,0.104301,0.021403,0.016563,Not run,Not run,0.002453,0.006198,0.009620,Not run,0.621837,0.130108,Not run
borax,8,Base_OpenMP,default,0.212493,0.164292,0.050687,0.486405,0.025276,0.169783,0.073847,0.088667,0.538649,0.209617,0.225349,0.171453,0.375748,0.097332,3.093364,0.010990,0.001223,0.004869,0.029774,1.259515,0.593112,0.243115,0.219929,0.018295,0.218781,0.432752,0.188189,0.340078,0.621448,0.046270,0.500070,1.107104,1.717379,0.071820,0.025021,0.169003,1.228010,1.512434,0.007840,0.009663,0.188315,0.328248,0.539196,0.023849,0.189886,0.176380,0.142382,0.184777,0.186843,0.034828,0.156322,0.134157,3.388791,0.719271,0.000000,0.079135,0.222609,0.216659,0.000000,0.020149,0.469017,0.784963,0.552060,0.210522,0.044144,0.022788,Not run,Not run,0.002120,0.006389,0.009766,Not run,0.809754,0.050558,Not run
borax,4,Base_OpenMP,default,0.360394,0.213077,0.094617,0.880470,0.044538,0.261942,0.134046,0.160986,0.683332,0.376194,0.404462,0.302983,0.481447,0.175252,2.897712,0.019762,0.002121,0.008651,0.053900,1.195359,0.719853,0.368616,0.383687,0.032945,0.384191,0.666533,0.379302,0.509709,0.860229,0.068014,0.759242,1.999048,3.108575,0.130231,0.044569,0.292689,2.320117,2.700419,0.013610,0.018351,0.326811,0.596921,0.987602,0.043182,0.375188,0.330315,0.262027,0.343016,0.375476,0.062616,0.282959,0.240668,6.091831,1.033970,0.000000,0.141965,0.403209,0.392694,0.000000,0.036390,0.827695,1.422983,0.795191,0.382171,0.080388,0.041502,Not run,Not run,0.003692,0.011588,0.018450,Not run,0.498200,0.057173,Not run
borax,72,Base_OpenMP,default,0.106931,0.079803,0.023907,0.125902,0.020974,0.033809,0.014365,0.021119,0.053336,0.088405,0.077200,0.056607,0.039872,0.037042,4.109863,0.003752,0.003503,0.003845,0.007712,2.787940,0.503052,0.036593,0.081491,0.007972,0.083201,0.482117,0.053921,0.216460,0.397945,0.006761,0.066345,0.857010,1.328941,0.015175,0.019693,0.051204,0.428285,1.085607,0.011513,0.006086,0.070664,0.128308,0.166575,0.016207,0.055532,0.075537,0.073218,0.073726,0.055765,0.006524,0.034404,0.023523,0.687526,0.270580,0.000000,0.017680,0.034964,0.034609,0.000000,0.005644,0.217077,0.187803,0.076308,0.044297,0.010388,0.008492,Not run,Not run,0.002426,0.004844,0.005792,Not run,0.629861,0.378826,Not run
borax,32,Base_OpenMP,default,0.172649,0.104296,0.039689,0.268712,0.018785,0.069314,0.025664,0.036376,0.084765,0.115312,0.116710,0.091378,0.059380,0.051505,4.195839,0.005991,0.001486,0.004489,0.015482,3.601606,0.492257,0.048760,0.111798,0.007245,0.111994,0.284983,0.074760,0.192107,0.407593,0.012453,0.092197,1.921866,2.963228,0.026777,0.039165,0.067309,0.631144,2.432163,0.011373,0.007428,0.112514,0.186927,0.282452,0.032229,0.074347,0.097020,0.104103,0.119450,0.090939,0.011357,0.071421,0.047712,1.538114,0.342384,0.000000,0.034471,0.075815,0.074656,0.000000,0.010045,0.378069,0.421809,0.114904,0.094483,0.018845,0.010797,Not run,Not run,0.002356,0.004381,0.006522,Not run,2.143571,0.196422,Not run
borax,16,Base_OpenMP,default,0.125373,0.090384,0.029248,0.244732,0.015655,0.069345,0.038786,0.046028,0.094943,0.117214,0.122702,0.094667,0.062965,0.053059,2.440589,0.005826,0.001482,0.004747,0.015292,1.627624,0.470448,0.050038,0.109318,0.010501,0.127297,0.406173,0.073588,0.192378,0.395703,0.014935,0.092610,0.554971,0.878020,0.036454,0.014949,0.062872,0.623336,0.771478,0.008506,0.007051,0.101439,0.174523,0.289052,0.013185,0.072974,0.114649,0.078891,0.098288,0.072779,0.012906,0.074697,0.062243,1.695710,0.336148,0.000000,0.040441,0.111940,0.109014,0.000000,0.010550,0.242782,0.391570,0.116607,0.104390,0.021299,0.015878,Not run,Not run,0.002314,0.005928,0.006397,Not run,0.616192,0.128853,Not run
borax,8,Base_OpenMP,default,0.212360,0.165035,0.051042,0.486723,0.025329,0.168994,0.073436,0.088241,0.536698,0.209621,0.225404,0.171161,0.374610,0.097320,3.210442,0.011016,0.001245,0.004627,0.029762,1.246861,0.608787,0.238970,0.201715,0.018300,0.201983,0.436545,0.185328,0.341978,0.632460,0.046462,0.493672,1.102700,1.713025,0.071956,0.024949,0.156072,1.186805,1.507162,0.007818,0.009127,0.188255,0.355945,0.546644,0.023821,0.189817,0.175429,0.142099,0.183880,0.187765,0.035498,0.156577,0.133175,3.390188,0.712260,0.000000,0.079129,0.222673,0.216720,0.000001,0.019973,0.472337,0.784182,0.539128,0.211495,0.044291,0.022710,Not run,Not run,0.002132,0.006393,0.009863,Not run,0.787823,0.050257,Not run
borax,4,Base_OpenMP,default,0.361852,0.213340,0.098526,0.882066,0.044458,0.267471,0.133945,0.161309,0.680513,0.376711,0.404374,0.303931,0.481158,0.174737,2.709552,0.019760,0.002123,0.009206,0.053950,1.302397,0.692947,0.354920,0.399877,0.032932,0.400206,0.669073,0.380334,0.506783,0.870484,0.067534,0.740309,2.004163,3.122385,0.131073,0.044853,0.308753,2.409926,2.747000,0.013820,0.018821,0.322152,0.598482,0.971098,0.042667,0.362042,0.341559,0.270132,0.354155,0.368036,0.062721,0.282209,0.238274,6.093869,1.044991,0.000000,0.141636,0.403251,0.392432,0.000000,0.036399,0.829396,1.424108,0.783746,0.383521,0.080839,0.042549,Not run,Not run,0.003655,0.011584,0.020574,Not run,0.473407,0.058424,Not run
borax,72,Base_OpenMP,default,0.107157,0.080975,0.024184,0.125968,0.021023,0.033926,0.014346,0.021112,0.055748,0.089769,0.090041,0.056230,0.039568,0.036067,5.031728,0.003552,0.003607,0.004095,0.007896,2.617492,0.500737,0.035212,0.081172,0.008325,0.081865,0.481387,0.065015,0.213725,0.399489,0.008140,0.064049,0.859037,1.322681,0.015578,0.019215,0.050072,0.425191,1.103234,0.011786,0.006498,0.061462,0.126612,0.164947,0.017451,0.053769,0.074011,0.069521,0.073581,0.053904,0.006577,0.034672,0.023605,0.687263,0.271211,0.000000,0.017579,0.035050,0.034536,0.000000,0.005691,0.214603,0.187809,0.072264,0.044203,0.010479,0.008277,Not run,Not run,0.002485,0.005048,0.005407,Not run,0.626657,0.375828,Not run
borax,32,Base_OpenMP,default,0.172533,0.105252,0.039985,0.268995,0.018762,0.069587,0.027035,0.039247,0.081806,0.115938,0.110869,0.091339,0.056955,0.051741,4.271577,0.006203,0.001567,0.004613,0.015649,3.282620,0.480397,0.048697,0.112010,0.007413,0.113515,0.288632,0.074963,0.192297,0.403923,0.012497,0.091715,1.861758,2.949073,0.026680,0.039187,0.067267,0.630098,2.498368,0.011526,0.007407,0.112728,0.187031,0.282205,0.032214,0.074429,0.097153,0.104952,0.101045,0.074625,0.011485,0.073074,0.047776,1.538056,0.349654,0.000000,0.034570,0.075782,0.074876,0.000000,0.010431,0.379731,0.422075,0.112893,0.094484,0.018898,0.010826,Not run,Not run,0.002409,0.006031,0.006816,Not run,2.163010,0.193209,Not run
borax,16,Base_OpenMP,default,0.125120,0.092513,0.030083,0.244946,0.015670,0.068791,0.039038,0.046356,0.088908,0.118666,0.124281,0.093873,0.061303,0.053675,2.485703,0.005957,0.001559,0.004897,0.015343,1.492852,0.461327,0.050902,0.110452,0.010497,0.110776,0.410289,0.074013,0.193747,0.398952,0.014710,0.093367,0.558060,0.875993,0.036358,0.014504,0.063746,0.627024,0.758840,0.008510,0.007314,0.101753,0.176306,0.286424,0.013200,0.073783,0.096391,0.101170,0.118173,0.073782,0.013412,0.074740,0.063290,1.696860,0.344825,0.000000,0.040679,0.111961,0.108998,0.000000,0.011323,0.247966,0.391549,0.122189,0.104301,0.021448,0.012695,Not run,Not run,0.002404,0.006093,0.006779,Not run,0.630982,0.126564,Not run
borax,8,Base_OpenMP,default,0.209060,0.166891,0.050475,0.486953,0.025299,0.171736,0.073224,0.088008,0.545738,0.209603,0.225378,0.171082,0.379295,0.097358,3.094075,0.011015,0.001239,0.004580,0.029748,1.256764,0.595795,0.250472,0.201995,0.018291,0.202660,0.448556,0.194254,0.345474,0.624094,0.047574,0.507232,1.108914,1.731512,0.071785,0.024932,0.156491,1.184372,1.515386,0.007826,0.008970,0.191282,0.326971,0.535760,0.023822,0.197465,0.175295,0.139963,0.182943,0.209375,0.035888,0.156757,0.136395,3.389252,0.732115,0.000000,0.078978,0.222675,0.216720,0.000000,0.020188,0.474729,0.784008,0.570055,0.211534,0.044499,0.022520,Not run,Not run,0.002126,0.006397,0.009659,Not run,0.786653,0.050577,Not run
borax,4,Base_OpenMP,default,0.361110,0.214572,0.093815,0.884615,0.044475,0.267937,0.133030,0.159655,0.683778,0.376315,0.404667,0.305608,0.484568,0.174782,2.546372,0.019780,0.002149,0.008912,0.053928,1.204854,0.718269,0.375295,0.382298,0.032941,0.387529,0.688125,0.394440,0.509292,0.875513,0.067674,0.731253,2.002542,3.108687,0.131309,0.044443,0.285250,2.210535,2.749417,0.013750,0.017052,0.321445,0.609521,0.977469,0.042572,0.376811,0.329066,0.259131,0.343771,0.386029,0.065227,0.282750,0.244568,6.097403,1.052290,0.000000,0.142541,0.402873,0.392931,0.000000,0.036507,0.830363,1.423249,0.816383,0.383963,0.080534,0.041837,Not run,Not run,0.003674,0.011620,0.019031,Not run,0.497688,0.056713,Not run
boraxo,72,Base_OpenMP,default,0.081636,0.044912,0.011849,0.135400,0.018553,0.024555,0.013084,0.011053,0.059149,0.049030,0.047793,0.052960,0.041828,0.020680,12.522813,0.002374,0.003327,0.003905,0.004377,5.116973,0.283368,0.040671,0.045526,0.009055,0.046406,0.376391,0.050053,0.128263,0.255018,0.007253,0.078825,1.095314,1.654002,0.013591,0.026408,0.039254,0.260427,1.242923,0.010313,0.005414,0.046177,0.082500,0.127468,0.020820,0.049604,0.039015,0.048507,0.038897,0.049269,0.005112,0.033075,0.021620,0.604569,0.163219,0.000000,0.014965,0.029596,0.032257,0.000000,0.004433,0.190709,0.205698,0.083334,0.045902,0.009921,0.005224,Not run,Not run,0.001595,0.002124,0.002618,Not run,0.850721,0.383775,Not run
boraxo,32,Base_OpenMP,default,0.149932,0.055823,0.026768,0.292325,0.020311,0.039045,0.028228,0.018790,0.109273,0.051491,0.051574,0.075763,0.077848,0.022978,8.867462,0.003466,0.001550,0.003559,0.007421,4.086052,0.260627,0.062145,0.105714,0.007743,0.105930,0.299609,0.079383,0.123139,0.271216,0.013149,0.121997,2.451603,3.709983,0.025434,0.054420,0.065568,0.490126,2.784626,0.013385,0.008369,0.088759,0.169430,0.244443,0.044345,0.079328,0.095182,0.105739,0.094991,0.078509,0.010918,0.069316,0.045456,1.359189,0.210984,0.000000,0.029246,0.064388,0.070139,0.000000,0.008472,0.405299,0.459900,0.144473,0.100525,0.019971,0.008932,Not run,Not run,0.001416,0.002164,0.005716,Not run,1.681525,0.199090,Not run
boraxo,16,Base_OpenMP,default,0.092683,0.057913,0.025418,0.265860,0.017524,0.039569,0.042333,0.019427,0.115552,0.048515,0.047858,0.088393,0.081485,0.021573,4.426262,0.003445,0.001189,0.003104,0.007340,2.591277,0.265813,0.063902,0.100862,0.012081,0.101263,0.392627,0.080185,0.128195,0.271012,0.022764,0.124359,1.311665,2.059282,0.041070,0.022092,0.066976,0.484182,2.144809,0.008976,0.007342,0.085548,0.161268,0.247620,0.020287,0.079481,0.090758,0.100404,0.090526,0.078973,0.013270,0.079741,0.051940,1.459882,0.215797,0.000000,0.031246,0.096099,0.093770,0.000000,0.009357,0.188890,0.424723,0.148714,0.113719,0.021356,0.013961,Not run,Not run,0.001795,0.002018,0.005512,Not run,0.725758,0.112838,Not run
boraxo,8,Base_OpenMP,default,0.153380,0.112048,0.059942,0.530078,0.028761,0.090448,0.085544,0.040999,0.308491,0.124703,0.124877,0.160110,0.215019,0.052865,3.691288,0.005641,0.001114,0.006560,0.013870,1.677425,0.355164,0.179136,0.266565,0.022150,0.269583,0.402426,0.240344,0.237569,0.433461,0.045470,0.348495,2.613456,4.109901,0.076694,0.039507,0.196534,1.479097,4.283121,0.009885,0.015184,0.180124,0.415205,0.606200,0.041132,0.234395,0.238472,0.239121,0.237973,0.238769,0.030008,0.157363,0.106674,2.917241,0.454017,0.000000,0.063841,0.190920,0.186397,0.000000,0.019198,0.365862,0.847946,0.376838,0.226125,0.043787,0.028637,Not run,Not run,0.002827,0.004953,0.013209,Not run,0.963849,0.081063,Not run
boraxo,4,Base_OpenMP,default,0.273319,0.159585,0.118787,1.058492,0.055782,0.151355,0.170440,0.084385,0.469213,0.257476,0.257626,0.319755,0.318789,0.100629,3.987084,0.011080,0.002404,0.012831,0.027455,1.937150,0.486839,0.293907,0.522001,0.044159,0.533180,0.652356,0.408890,0.438110,0.707601,0.089535,0.563491,5.188934,8.173935,0.153056,0.082600,0.328277,3.022681,8.563026,0.019673,0.030743,0.345271,0.814843,1.202480,0.080741,0.400230,0.459050,0.458575,0.466193,0.404913,0.057577,0.313370,0.211412,5.834546,0.776087,0.000000,0.125237,0.382081,0.373194,0.000000,0.039360,0.689554,1.694758,0.622169,0.449575,0.084500,0.056764,Not run,Not run,0.005725,0.010324,0.025669,Not run,0.691287,0.097175,Not run
boraxo,72,Base_OpenMP,default,0.080549,0.043209,0.012007,0.134888,0.018541,0.021141,0.012993,0.010997,0.055123,0.048661,0.048139,0.054125,0.038773,0.020503,11.159509,0.002615,0.003323,0.004006,0.004202,5.136456,0.273871,0.039887,0.045957,0.009313,0.046956,0.376291,0.051158,0.124306,0.258639,0.006853,0.079099,1.092060,1.654584,0.013500,0.026537,0.040483,0.259094,1.244249,0.010305,0.005301,0.049827,0.081961,0.126577,0.020812,0.049688,0.039213,0.048119,0.039112,0.049318,0.005104,0.033292,0.021386,0.604774,0.154775,0.000000,0.014813,0.029621,0.032224,0.000000,0.004442,0.183865,0.205932,0.081538,0.045920,0.009908,0.005251,Not run,Not run,0.001572,0.002145,0.002651,Not run,0.824735,0.382411,Not run
boraxo,32,Base_OpenMP,default,0.144790,0.053449,0.026225,0.292355,0.019816,0.038774,0.028104,0.019082,0.105580,0.051169,0.050865,0.076090,0.075730,0.022955,9.044369,0.003820,0.001485,0.003483,0.007702,4.342915,0.249595,0.059084,0.103561,0.007752,0.103295,0.295984,0.077541,0.120847,0.270995,0.015903,0.118320,2.454499,3.714429,0.025304,0.054256,0.066537,0.517442,2.788365,0.013122,0.009168,0.087628,0.166445,0.243400,0.044611,0.077635,0.093766,0.104440,0.093670,0.077254,0.010610,0.069367,0.044687,1.359061,0.200881,0.000000,0.029262,0.064421,0.070198,0.000000,0.008557,0.394988,0.459829,0.137260,0.100313,0.019825,0.008870,Not run,Not run,0.001375,0.002193,0.005587,Not run,1.667352,0.196019,Not run
boraxo,16,Base_OpenMP,default,0.089417,0.055250,0.024739,0.265944,0.017383,0.038743,0.042586,0.019494,0.108890,0.046868,0.046099,0.093720,0.077442,0.021854,4.391640,0.003150,0.001171,0.003052,0.007400,2.752814,0.254715,0.059130,0.098532,0.012046,0.098193,0.388272,0.076431,0.124387,0.269131,0.027203,0.116961,1.317238,2.072558,0.040718,0.021895,0.069382,0.531703,2.146375,0.008876,0.007769,0.084358,0.158792,0.249622,0.020275,0.076589,0.088088,0.098420,0.088168,0.076501,0.012928,0.079865,0.050111,1.460088,0.202419,0.000000,0.031227,0.096169,0.093909,0.000000,0.009338,0.184221,0.424809,0.139058,0.113589,0.021131,0.013920,Not run,Not run,0.001815,0.002046,0.005356,Not run,0.711308,0.110584,Not run
boraxo,8,Base_OpenMP,default,0.144555,0.107202,0.056403,0.530066,0.028749,0.086881,0.085311,0.041529,0.296889,0.122971,0.122909,0.151688,0.203070,0.051664,3.578033,0.005666,0.001108,0.006125,0.013839,1.646988,0.336336,0.171023,0.254474,0.022154,0.257877,0.379354,0.229484,0.231181,0.412458,0.045170,0.327497,2.613648,4.099193,0.076104,0.040189,0.183942,1.421909,4.285756,0.010038,0.014231,0.178334,0.383068,0.576406,0.039466,0.222961,0.225309,0.222292,0.219654,0.222397,0.028714,0.157295,0.103176,2.917656,0.427024,0.000000,0.063249,0.190935,0.186394,0.000000,0.019117,0.358991,0.847804,0.355577,0.226307,0.043096,0.028178,Not run,Not run,0.002822,0.004888,0.012437,Not run,0.942102,0.080322,Not run
boraxo,4,Base_OpenMP,default,0.263330,0.150230,0.111333,1.058082,0.055864,0.146918,0.169453,0.084001,0.444195,0.260135,0.259725,0.339496,0.302731,0.100348,3.793952,0.011074,0.002331,0.011824,0.027438,1.942791,0.458006,0.274523,0.493151,0.044115,0.504822,0.615840,0.382411,0.430614,0.666997,0.088027,0.532315,5.204533,8.227149,0.151184,0.082844,0.303064,2.844037,8.575204,0.019790,0.028557,0.336811,0.785366,1.162594,0.081078,0.383449,0.432572,0.434199,0.440593,0.384883,0.053670,0.313087,0.204526,5.835822,0.732170,0.000000,0.124645,0.382046,0.373115,0.000000,0.038893,0.680606,1.694601,0.583161,0.449132,0.083575,0.055474,Not run,Not run,0.005759,0.010488,0.024007,Not run,0.686123,0.096539,Not run
boraxo,72,Base_OpenMP,default,0.078925,0.043666,0.011909,0.140167,0.018616,0.025963,0.012979,0.010816,0.064036,0.048313,0.048051,0.053426,0.045132,0.020600,12.600481,0.002431,0.003228,0.003851,0.004133,5.116062,0.271993,0.041622,0.045893,0.008812,0.046452,0.385536,0.050736,0.121897,0.254895,0.007460,0.083395,1.092293,1.651670,0.013497,0.026549,0.039253,0.261712,1.241029,0.010325,0.005537,0.045161,0.082361,0.127354,0.020742,0.050831,0.039055,0.048151,0.039381,0.050365,0.005546,0.032951,0.021244,0.604725,0.157049,0.000000,0.014781,0.029678,0.032223,0.000000,0.004468,0.184885,0.205711,0.086418,0.045799,0.009933,0.005255,Not run,Not run,0.001626,0.002122,0.002655,Not run,0.813403,0.377477,Not run
boraxo,32,Base_OpenMP,default,0.144849,0.053414,0.026753,0.292319,0.019845,0.038697,0.028083,0.018912,0.104212,0.051331,0.051245,0.076202,0.074258,0.022852,8.737643,0.003491,0.001485,0.003539,0.007718,4.153590,0.251137,0.059238,0.105571,0.007760,0.105715,0.294259,0.079242,0.119904,0.270638,0.012858,0.117039,2.451837,3.710612,0.025328,0.054360,0.065538,0.493398,2.784210,0.013189,0.008390,0.087515,0.169120,0.244731,0.044188,0.078311,0.095469,0.105948,0.095240,0.078325,0.010620,0.069345,0.044661,1.359059,0.201095,0.000000,0.029226,0.064367,0.070167,0.000000,0.008565,0.393848,0.459887,0.139476,0.100342,0.019800,0.008873,Not run,Not run,0.001386,0.002198,0.005679,Not run,1.703663,0.194819,Not run
boraxo,16,Base_OpenMP,default,0.089271,0.055329,0.025435,0.265834,0.017389,0.038838,0.042448,0.019231,0.109895,0.047355,0.046449,0.086680,0.077604,0.022580,4.725101,0.003241,0.001043,0.003075,0.007759,2.662165,0.260600,0.060506,0.101273,0.012080,0.101593,0.390669,0.078534,0.124315,0.270204,0.027303,0.116138,1.309418,2.054526,0.040578,0.021748,0.063735,0.482599,2.143451,0.009119,0.007363,0.084744,0.161420,0.246637,0.020292,0.078181,0.091635,0.100983,0.091409,0.077251,0.013061,0.079530,0.050329,1.460184,0.204046,0.000000,0.031222,0.096123,0.093982,0.000000,0.009355,0.184005,0.424685,0.139682,0.113345,0.021101,0.013918,Not run,Not run,0.001804,0.002363,0.005466,Not run,0.694742,0.111493,Not run
boraxo,8,Base_OpenMP,default,0.146068,0.107131,0.057396,0.529994,0.028823,0.086201,0.084851,0.040425,0.297002,0.125489,0.125489,0.154810,0.206483,0.052416,3.586283,0.005627,0.001129,0.006194,0.013828,1.707938,0.343022,0.171042,0.256581,0.022157,0.259835,0.385008,0.226473,0.231306,0.413696,0.044883,0.327948,2.615901,4.109754,0.076081,0.040574,0.183465,1.440727,4.285678,0.009876,0.014345,0.169201,0.388629,0.581023,0.040012,0.225524,0.231854,0.230272,0.230402,0.224232,0.028586,0.157376,0.103020,2.917762,0.430264,0.000000,0.063254,0.190864,0.186438,0.000000,0.019038,0.359503,0.847481,0.356205,0.225960,0.043146,0.028041,Not run,Not run,0.002836,0.004995,0.012816,Not run,0.938803,0.081791,Not run
boraxo,4,Base_OpenMP,default,0.264659,0.150870,0.111629,1.058074,0.055729,0.147519,0.169400,0.082081,0.446722,0.257098,0.256883,0.310537,0.303043,0.104823,3.991430,0.011068,0.002330,0.012004,0.027448,1.804808,0.454620,0.276929,0.497197,0.044098,0.507538,0.623434,0.386647,0.430196,0.672503,0.088854,0.536072,5.172259,8.158361,0.151605,0.082517,0.306507,2.825960,8.568690,0.019678,0.028745,0.337663,0.780698,1.150412,0.080599,0.380599,0.437651,0.435813,0.442820,0.384847,0.053815,0.313186,0.203667,5.833231,0.738692,0.000000,0.124834,0.382158,0.373222,0.000000,0.039132,0.679384,1.694664,0.592809,0.449392,0.083622,0.055590,Not run,Not run,0.005666,0.010307,0.024122,Not run,0.675596,0.095397,Not run
corona-cpu,96,Base_OpenMP,default,0.078353,0.011334,0.014080,0.039858,0.020583,0.011426,0.009945,0.015746,0.017768,0.082375,0.069409,0.026539,0.013941,0.040388,2.601786,0.003806,0.002813,0.003542,0.006433,1.271905,0.021487,0.020688,0.052230,0.007018,0.058477,0.318396,0.031537,0.020965,0.023276,0.004192,0.034378,0.314641,0.481757,0.014730,0.012626,0.058057,0.341278,0.410428,0.014787,0.004918,0.087964,0.082468,0.133137,0.009303,0.031049,0.060703,0.067818,0.051219,0.031482,0.005018,0.015374,0.011461,0.337008,0.026535,0.000000,0.012235,0.014019,0.014004,0.000000,0.004841,0.047545,0.048160,0.027161,0.022872,0.006556,0.005931,Not run,Not run,0.001973,0.002759,0.004191,Not run,0.318220,0.515431,Not run
corona-cpu,48,Base_OpenMP,default,0.075877,0.019650,0.012263,0.066637,0.016762,0.016826,0.014628,0.019981,0.018192,0.095814,0.066110,0.050314,0.014245,0.043130,2.394325,0.004496,0.002030,0.003064,0.010220,0.947344,0.034994,0.019181,0.045586,0.005973,0.046245,0.348220,0.028015,0.032996,0.047032,0.005441,0.029140,0.586567,1.007230,0.019419,0.014700,0.035204,0.279007,0.871351,0.008880,0.004066,0.128248,0.067930,0.116977,0.012634,0.024413,0.047559,0.042103,0.047319,0.025052,0.005829,0.025696,0.019735,0.630948,0.051359,0.000000,0.019199,0.024701,0.024279,0.000000,0.006678,0.091419,0.093198,0.026591,0.038940,0.009458,0.005619,Not run,Not run,0.001952,0.003315,0.004231,Not run,0.383609,0.345879,Not run
corona-cpu,32,Base_OpenMP,default,0.087196,0.038457,0.012892,0.090571,0.015207,0.022561,0.020240,0.024672,0.020081,0.114174,0.068055,0.070010,0.014521,0.049600,2.103020,0.006050,0.001747,0.004748,0.014080,0.952345,0.093058,0.021589,0.041662,0.005840,0.042197,0.156432,0.027473,0.050166,0.131386,0.006610,0.033117,1.043849,1.506004,0.020919,0.018722,0.031751,0.281369,1.275060,0.010314,0.004848,0.082245,0.065234,0.129020,0.017526,0.025891,0.037968,0.038667,0.046784,0.025161,0.007404,0.036972,0.029214,0.945638,0.107607,0.000000,0.026321,0.035486,0.035050,0.000000,0.008766,0.135461,0.138018,0.031778,0.056918,0.012211,0.006281,Not run,Not run,0.002009,0.003104,0.004169,Not run,0.419100,0.228344,Not run
corona-cpu,16,Base_OpenMP,default,0.113340,0.047238,0.010799,0.172675,0.013380,0.025691,0.032463,0.037943,0.022957,0.109973,0.062902,0.102514,0.020356,0.047809,1.829414,0.005146,0.001610,0.004709,0.013880,0.863721,0.110048,0.021729,0.039163,0.005590,0.043993,0.261268,0.026263,0.057982,0.160322,0.008127,0.031984,0.708140,1.037738,0.031719,0.008835,0.026687,0.247557,0.927175,0.010146,0.004806,0.072627,0.065689,0.118573,0.007305,0.023489,0.034487,0.041084,0.034276,0.024126,0.008359,0.042836,0.039654,1.079255,0.132526,0.000000,0.026470,0.057427,0.057794,0.000000,0.010242,0.116615,0.275152,0.035678,0.063326,0.013086,0.009003,Not run,Not run,0.001916,0.002409,0.003878,Not run,0.384369,0.112793,Not run
corona-cpu,8,Base_OpenMP,default,0.131656,0.097787,0.016365,0.336582,0.021220,0.059915,0.062396,0.071143,0.119573,0.200084,0.107213,0.159609,0.080176,0.087412,1.530146,0.009716,0.003453,0.005797,0.026571,0.517829,0.289574,0.051329,0.065058,0.008879,0.061341,0.417226,0.049658,0.157384,0.378232,0.016043,0.091392,0.999665,1.503378,0.055741,0.013770,0.049833,0.386749,1.295181,0.011222,0.007679,0.088852,0.113279,0.211367,0.012190,0.050611,0.055911,0.064535,0.054440,0.053078,0.018109,0.084254,0.084992,2.133273,0.395954,0.000000,0.049521,0.112698,0.113772,0.000000,0.018447,0.227058,0.539373,0.142188,0.125281,0.024075,0.015098,Not run,Not run,0.002520,0.002692,0.004400,Not run,0.337118,0.066535,Not run
corona-cpu,4,Base_OpenMP,default,0.246779,0.168535,0.051834,0.679748,0.039399,0.161036,0.125791,0.146177,0.456888,0.394453,0.208630,0.329035,0.322269,0.180069,1.260467,0.019443,0.002888,0.007492,0.053067,0.354001,0.548440,0.271605,0.227215,0.016997,0.228450,0.577137,0.326642,0.343202,0.767103,0.042814,0.533366,2.009761,2.948029,0.107826,0.034732,0.218797,1.394492,2.640488,0.015743,0.015759,0.170898,0.376519,0.530364,0.035021,0.323419,0.201004,0.217000,0.201561,0.321006,0.049128,0.172536,0.184733,4.304299,0.881360,0.000000,0.100525,0.227218,0.227608,0.000000,0.037077,0.450569,1.087874,0.600427,0.254930,0.056794,0.031370,Not run,Not run,0.003661,0.004403,0.012473,Not run,0.299374,0.075202,Not run
corona-cpu,96,Base_OpenMP,default,0.077162,0.012364,0.016221,0.039784,0.020778,0.023064,0.009945,0.015862,0.018880,0.082985,0.068116,0.027010,0.014327,0.040857,2.539940,0.003831,0.002783,0.003670,0.006107,1.251263,0.021442,0.020471,0.052951,0.006755,0.056854,0.312710,0.033832,0.021081,0.036356,0.003762,0.034123,0.313212,0.477666,0.016622,0.012235,0.050507,0.346596,0.412486,0.014929,0.004865,0.088228,0.085508,0.132490,0.009290,0.031429,0.059452,0.062821,0.050489,0.031628,0.004868,0.015488,0.011468,0.337040,0.025980,0.000000,0.012878,0.013950,0.013916,0.000000,0.004261,0.047216,0.048291,0.030626,0.023232,0.006671,0.005517,Not run,Not run,0.001991,0.003087,0.004376,Not run,0.308307,0.519448,Not run
corona-cpu,48,Base_OpenMP,default,0.075996,0.019802,0.012321,0.066748,0.016704,0.016915,0.014815,0.020202,0.018431,0.097220,0.066221,0.050241,0.014228,0.043835,2.443649,0.004294,0.002154,0.003199,0.010357,0.971081,0.034698,0.019425,0.044715,0.005850,0.068459,0.370110,0.025779,0.033323,0.045981,0.005418,0.029184,0.567171,0.999535,0.017589,0.014864,0.034845,0.278229,0.867100,0.009008,0.004065,0.071707,0.068005,0.119735,0.012908,0.025013,0.049368,0.043572,0.042930,0.025508,0.005815,0.026409,0.019730,0.633976,0.051366,0.000000,0.019214,0.024695,0.024422,0.000000,0.006230,0.090919,0.094032,0.026910,0.039522,0.009483,0.006063,Not run,Not run,0.002120,0.003438,0.003807,Not run,0.385776,0.343889,Not run
corona-cpu,32,Base_OpenMP,default,0.087331,0.038624,0.011744,0.091573,0.015394,0.022839,0.020413,0.024841,0.020260,0.117962,0.069435,0.069883,0.014585,0.050532,2.137244,0.006476,0.001750,0.004672,0.014603,0.971028,0.092077,0.021769,0.042552,0.005752,0.049584,0.153557,0.026782,0.050442,0.130621,0.006971,0.032625,1.044271,1.513176,0.021416,0.018656,0.030271,0.283377,1.293344,0.010158,0.004705,0.069423,0.066072,0.129163,0.017522,0.025504,0.038160,0.038371,0.038127,0.032044,0.007498,0.037308,0.029506,0.951146,0.107700,0.000000,0.026515,0.036021,0.035436,0.000000,0.008148,0.134728,0.139903,0.032215,0.057530,0.012485,0.006767,Not run,Not run,0.002005,0.002888,0.004502,Not run,0.416083,0.235617,Not run
corona-cpu,16,Base_OpenMP,default,0.112924,0.045274,0.012190,0.173972,0.013129,0.026415,0.032922,0.038100,0.022000,0.109477,0.062928,0.098496,0.015577,0.048136,1.878626,0.005746,0.001385,0.005635,0.013965,0.892250,0.107482,0.021820,0.039779,0.005567,0.039329,0.252463,0.026572,0.057747,0.154623,0.008014,0.032217,0.668976,1.050831,0.031902,0.008865,0.026757,0.250795,0.930145,0.009315,0.004861,0.063338,0.066214,0.121682,0.008670,0.023680,0.034422,0.043189,0.034898,0.024034,0.008442,0.042825,0.041121,1.083701,0.132405,0.000000,0.026427,0.057876,0.057915,0.000000,0.008633,0.117657,0.275260,0.037219,0.064082,0.013300,0.008795,Not run,Not run,0.001944,0.002452,0.003728,Not run,0.397189,0.116606,Not run
corona-cpu,8,Base_OpenMP,default,0.131782,0.097969,0.016205,0.340348,0.020926,0.060947,0.063206,0.073668,0.120356,0.200570,0.109125,0.160761,0.084680,0.088591,1.616045,0.010455,0.003360,0.006169,0.027367,0.538312,0.288150,0.054386,0.076278,0.008742,0.077674,0.430898,0.055568,0.157038,0.377407,0.016041,0.100578,1.016157,1.527502,0.056491,0.014052,0.051343,0.392474,1.277598,0.011312,0.007507,0.088791,0.118385,0.209978,0.012477,0.053965,0.060924,0.065288,0.055106,0.061115,0.018696,0.086177,0.087221,2.164412,0.398457,0.000000,0.050224,0.114759,0.114723,0.000000,0.015538,0.231834,0.546944,0.143161,0.127501,0.025130,0.015351,Not run,Not run,0.002377,0.002788,0.004644,Not run,0.303958,0.064778,Not run
corona-cpu,4,Base_OpenMP,default,0.246998,0.168802,0.058683,0.682700,0.039513,0.161856,0.127337,0.147772,0.460712,0.398499,0.209660,0.314197,0.323456,0.173320,1.206049,0.020037,0.001815,0.007762,0.053522,0.383698,0.548931,0.271080,0.222368,0.017097,0.226444,0.574515,0.310323,0.344028,0.768648,0.043165,0.548397,2.003628,3.053282,0.108028,0.028104,0.217601,1.389319,2.550400,0.015311,0.015505,0.163538,0.390222,0.547304,0.026797,0.308890,0.214715,0.226201,0.212324,0.306071,0.049411,0.175290,0.181319,4.332762,0.881380,0.000000,0.101467,0.228755,0.229239,0.000000,0.030905,0.456856,1.096997,0.599483,0.256461,0.056402,0.032266,Not run,Not run,0.003642,0.004086,0.012807,Not run,0.257573,0.074898,Not run
corona-cpu,96,Base_OpenMP,default,0.076261,0.012247,0.014047,0.039832,0.021462,0.011390,0.009969,0.015582,0.017884,0.082588,0.067796,0.026184,0.013816,0.041201,2.606541,0.003735,0.002839,0.003566,0.006449,1.262537,0.021316,0.022874,0.051914,0.006640,0.062809,0.315118,0.031728,0.021026,0.023393,0.004024,0.033512,0.310148,0.477614,0.016601,0.008858,0.061697,0.342286,0.414615,0.014846,0.004630,0.089008,0.084007,0.137224,0.005382,0.030380,0.058404,0.067173,0.051093,0.031249,0.004782,0.015401,0.011439,0.337118,0.025928,0.000000,0.012372,0.013838,0.014006,0.000000,0.004359,0.048156,0.048132,0.030566,0.023162,0.006532,0.005620,Not run,Not run,0.001956,0.003057,0.004275,Not run,0.312226,0.515731,Not run
corona-cpu,48,Base_OpenMP,default,0.076852,0.019892,0.012374,0.066154,0.016418,0.016802,0.014656,0.020209,0.018174,0.096337,0.066343,0.052045,0.014224,0.043394,2.406032,0.004769,0.002072,0.003382,0.010290,0.955808,0.035744,0.019458,0.043972,0.005895,0.045904,0.326940,0.028785,0.033195,0.045415,0.005545,0.029155,0.747137,1.010652,0.019793,0.014645,0.032011,0.273837,0.866021,0.008795,0.004253,0.141052,0.067640,0.117604,0.012745,0.024466,0.049702,0.045167,0.049135,0.025357,0.005771,0.025670,0.019703,0.630427,0.050677,0.000000,0.019110,0.024631,0.024222,0.000000,0.006267,0.090858,0.093507,0.026790,0.038835,0.009482,0.005768,Not run,Not run,0.002069,0.003304,0.004239,Not run,0.386381,0.342657,Not run
corona-cpu,32,Base_OpenMP,default,0.087210,0.039472,0.011704,0.090500,0.014792,0.022494,0.020104,0.024660,0.020292,0.114152,0.067801,0.070675,0.014563,0.049294,2.104688,0.006377,0.001759,0.004754,0.014287,0.952213,0.090955,0.021712,0.048680,0.006101,0.047888,0.155794,0.026538,0.050314,0.133764,0.006944,0.032256,1.040137,1.491793,0.021336,0.019223,0.030808,0.282401,1.278619,0.010385,0.004722,0.070683,0.065560,0.127848,0.017822,0.025685,0.058422,0.038835,0.046611,0.025207,0.007443,0.036987,0.029134,0.946436,0.108422,0.000000,0.026201,0.035518,0.035080,0.000000,0.008017,0.135520,0.138082,0.031874,0.056817,0.012357,0.006412,Not run,Not run,0.002099,0.002996,0.004844,Not run,0.412452,0.228429,Not run
corona-cpu,16,Base_OpenMP,default,0.113608,0.045015,0.012396,0.173386,0.013133,0.025687,0.032653,0.038127,0.021888,0.110673,0.062907,0.105307,0.015252,0.048251,1.842967,0.005294,0.001501,0.004619,0.013873,0.881199,0.108307,0.021768,0.038807,0.005700,0.038475,0.260384,0.026749,0.057804,0.156875,0.008059,0.032838,0.684595,0.995616,0.031940,0.008936,0.026777,0.246048,0.918003,0.009442,0.004966,0.062410,0.066111,0.122190,0.007241,0.024211,0.041682,0.043785,0.033693,0.024194,0.008497,0.043031,0.038935,1.082964,0.132746,0.000000,0.026537,0.057913,0.057806,0.000000,0.008591,0.116581,0.274449,0.036817,0.063780,0.013218,0.008828,Not run,Not run,0.001946,0.002510,0.003769,Not run,0.387024,0.122699,Not run
corona-cpu,8,Base_OpenMP,default,0.131726,0.098193,0.015679,0.335917,0.021232,0.060778,0.062345,0.070719,0.112569,0.200110,0.107845,0.152016,0.082604,0.087814,1.577418,0.009764,0.003314,0.005801,0.026665,0.491280,0.286958,0.052983,0.062465,0.008949,0.061747,0.419452,0.051000,0.157241,0.376292,0.015919,0.094199,0.992141,1.481773,0.055738,0.014284,0.048845,0.424294,1.294800,0.011067,0.007576,0.088433,0.112972,0.209327,0.012952,0.056046,0.053230,0.065004,0.053079,0.052694,0.018142,0.084277,0.084547,2.135304,0.397747,0.000000,0.049592,0.112978,0.112910,0.000000,0.015301,0.227650,0.539835,0.140613,0.125364,0.024917,0.014980,Not run,Not run,0.002456,0.002750,0.004311,Not run,0.336784,0.069999,Not run
corona-cpu,4,Base_OpenMP,default,0.247007,0.168929,0.056266,0.680308,0.039989,0.162218,0.126729,0.145976,0.457955,0.391872,0.205045,0.331568,0.323022,0.172843,1.185936,0.020096,0.002866,0.007443,0.052784,0.383621,0.547627,0.271568,0.227979,0.016794,0.231196,0.578672,0.309652,0.343794,0.767782,0.043110,0.537593,2.049791,3.082118,0.107904,0.029404,0.220305,1.407727,2.626183,0.015620,0.015780,0.168798,0.364949,0.513625,0.028385,0.317210,0.202190,0.216349,0.199094,0.314091,0.049580,0.174040,0.188083,4.307295,0.880557,0.000000,0.100472,0.227074,0.227769,0.000000,0.030716,0.452857,1.090802,0.601541,0.255445,0.056099,0.032413,Not run,Not run,0.003620,0.003936,0.012585,Not run,0.254575,0.071339,Not run
dane,224,Base_OpenMP,default,0.017010,0.004293,0.012226,0.042965,0.023243,0.007974,0.005952,0.009648,0.013913,0.061564,0.060449,0.016101,0.010060,0.022839,32.105571,0.003036,0.015738,0.016654,0.003975,4.258742,0.014653,0.015473,0.047737,0.031657,0.047173,0.167854,0.024866,0.010537,0.015801,0.002409,0.024640,0.225755,0.342994,0.005668,0.009555,0.036036,0.278452,0.264536,0.004681,0.003162,0.041618,0.083421,0.114239,0.006397,0.025654,0.041886,0.088164,0.042337,0.023949,0.002511,0.007898,0.005514,0.126138,0.011855,0.000000,0.007251,0.006810,0.006732,0.000000,0.002258,0.019266,0.055811,0.020139,0.009778,0.003999,0.004200,Not run,Not run,0.002538,0.002595,0.003664,Not run,1.217447,0.661817,Not run
dane,112,Base_OpenMP,default,0.032892,0.005657,0.006060,0.061711,0.011334,0.008162,0.006512,0.006645,0.012911,0.029194,0.028376,0.015916,0.009428,0.011462,7.893165,0.001378,0.004053,0.004393,0.002065,3.731094,0.025448,0.009032,0.023417,0.008795,0.023440,0.119874,0.013242,0.015572,0.043790,0.002163,0.013475,0.385779,0.588738,0.005914,0.010144,0.021506,0.147795,0.462996,0.011792,0.001943,0.040417,0.041719,0.087558,0.008013,0.012900,0.020165,0.026957,0.021658,0.012055,0.002242,0.010239,0.006284,0.195631,0.023679,0.000000,0.006381,0.009804,0.009696,0.000000,0.002209,0.024367,0.093398,0.014822,0.013811,0.003235,0.002917,Not run,Not run,0.000904,0.001352,0.001665,Not run,1.385222,0.260124,Not run
dane,56,Base_OpenMP,default,0.032774,0.005377,0.004817,0.054152,0.007911,0.008083,0.008714,0.005086,0.024940,0.019959,0.020690,0.019323,0.018641,0.012246,3.069322,0.001315,0.002592,0.002923,0.002096,1.397997,0.022170,0.011116,0.017654,0.005660,0.017862,0.139508,0.011583,0.015850,0.041115,0.002510,0.011206,0.098815,0.143384,0.007592,0.004097,0.015453,0.110023,0.121406,0.010234,0.001707,0.027604,0.031640,0.052071,0.002305,0.009345,0.015605,0.018663,0.016072,0.009521,0.002176,0.010106,0.006548,0.204796,0.022945,0.000000,0.006127,0.009787,0.009711,0.000000,0.002186,0.025754,0.082059,0.018144,0.013642,0.003502,0.002607,Not run,Not run,0.000676,0.000997,0.001346,Not run,0.548722,0.174027,Not run
dane,32,Base_OpenMP,default,0.051196,0.025248,0.004274,0.090149,0.007321,0.012030,0.013628,0.006241,0.022951,0.017913,0.017994,0.023597,0.017384,0.007037,2.903171,0.001340,0.000977,0.001194,0.002776,1.469138,0.068286,0.012182,0.016799,0.004370,0.018503,0.109215,0.013574,0.079841,0.089808,0.002985,0.018816,0.168117,0.246043,0.012501,0.003624,0.019770,0.120428,0.210082,0.005185,0.001595,0.029153,0.031434,0.065357,0.002834,0.010555,0.014391,0.016250,0.015071,0.011752,0.003195,0.015975,0.011011,0.358317,0.065311,0.000000,0.008681,0.016430,0.015743,0.000000,0.002717,0.060635,0.143724,0.022545,0.022368,0.005520,0.003144,Not run,Not run,0.000468,0.000777,0.001056,Not run,0.519259,0.094566,Not run
dane,16,Base_OpenMP,default,0.097570,0.073887,0.006564,0.160861,0.010289,0.022172,0.025771,0.010971,0.058599,0.023654,0.023545,0.034154,0.040790,0.010180,2.300665,0.001960,0.000590,0.001189,0.004437,0.961803,0.331172,0.036540,0.028623,0.007072,0.031451,0.125102,0.043869,0.184100,0.254853,0.015100,0.072562,0.294637,0.457627,0.020481,0.005190,0.091962,0.211646,0.373014,0.003281,0.002631,0.039686,0.058413,0.096358,0.004860,0.042371,0.026114,0.026179,0.027259,0.044819,0.006784,0.034695,0.031444,0.633886,0.223740,0.000000,0.014465,0.028710,0.028455,0.000000,0.004730,0.145337,0.257932,0.082357,0.039699,0.009238,0.004704,Not run,Not run,0.000549,0.001040,0.001623,Not run,0.429304,0.064066,Not run
dane,8,Base_OpenMP,default,0.177273,0.163223,0.036869,0.323128,0.017474,0.127034,0.054561,0.023508,0.417460,0.046633,0.046277,0.060980,0.293146,0.020219,1.976503,0.003545,0.000622,0.003919,0.008524,0.776938,0.532041,0.215863,0.158894,0.013474,0.159075,0.460699,0.181684,0.315828,0.548154,0.036723,0.412658,0.508723,0.864344,0.043557,0.012238,0.196032,0.864412,0.742203,0.005478,0.009041,0.074097,0.233538,0.293944,0.011795,0.180108,0.149501,0.149946,0.150289,0.181414,0.023185,0.089898,0.068811,1.267170,0.588010,0.000000,0.028689,0.057466,0.056967,0.000000,0.009623,0.283114,0.520294,0.475812,0.086556,0.026934,0.011456,Not run,Not run,0.000952,0.002022,0.008497,Not run,0.411870,0.039499,Not run
dane,4,Base_OpenMP,default,0.203174,0.205226,0.073576,0.647902,0.033752,0.184541,0.108392,0.048201,0.627802,0.153791,0.153824,0.117191,0.439757,0.064665,1.814434,0.006832,0.001256,0.008269,0.016699,0.735492,0.719106,0.340316,0.348943,0.026639,0.343300,0.817758,0.459529,0.410082,0.703899,0.054506,0.643081,1.058611,1.581674,0.087154,0.023389,0.322615,1.788924,1.692549,0.006270,0.017388,0.167229,0.500761,0.662938,0.022600,0.458315,0.313133,0.282832,0.311830,0.454963,0.040867,0.151888,0.125446,2.532248,0.802282,0.000000,0.061235,0.114339,0.113379,0.000000,0.021432,0.405768,1.032667,0.689131,0.174182,0.058379,0.026420,Not run,Not run,0.002985,0.006149,0.017338,Not run,0.390748,0.063569,Not run
dane,224,Base_OpenMP,default,0.016570,0.004313,0.011891,0.042659,0.022745,0.007930,0.005852,0.009608,0.013770,0.060107,0.059005,0.015816,0.009832,0.023112,38.534807,0.002954,0.016290,0.016340,0.003301,4.166373,0.014421,0.015201,0.046705,0.031575,0.046288,0.164065,0.024287,0.010459,0.015548,0.002294,0.024398,0.225381,0.343173,0.005655,0.009489,0.035631,0.272306,0.264437,0.004643,0.003123,0.043207,0.082973,0.113770,0.006375,0.025112,0.041421,0.079826,0.041774,0.023728,0.002506,0.007882,0.005499,0.126223,0.011581,0.000000,0.007138,0.006759,0.006795,0.000000,0.002226,0.018912,0.055769,0.019434,0.009701,0.003917,0.004174,Not run,Not run,0.002280,0.003760,0.002826,Not run,1.149071,0.659203,Not run
dane,112,Base_OpenMP,default,0.032176,0.006067,0.006246,0.062076,0.011429,0.008294,0.006597,0.006529,0.012932,0.029045,0.028712,0.016544,0.009541,0.011393,7.147880,0.001352,0.003535,0.004009,0.002057,4.375012,0.025188,0.009239,0.023512,0.007536,0.023281,0.119997,0.013145,0.015430,0.047754,0.002111,0.013638,0.395554,0.602650,0.005873,0.010444,0.021276,0.148503,0.469474,0.011753,0.001959,0.041436,0.040722,0.087315,0.008137,0.012877,0.020192,0.026517,0.021651,0.012206,0.002283,0.010254,0.006586,0.196356,0.026148,0.000000,0.006510,0.009741,0.009643,0.000000,0.002280,0.024411,0.094718,0.015229,0.013786,0.003240,0.003056,Not run,Not run,0.000890,0.001347,0.001612,Not run,1.426851,0.259771,Not run
dane,56,Base_OpenMP,default,0.032025,0.005343,0.004969,0.053571,0.008125,0.007969,0.008891,0.005094,0.027857,0.019716,0.019554,0.019451,0.020281,0.012086,3.193430,0.001312,0.001875,0.002435,0.002047,1.393045,0.022172,0.009781,0.017228,0.004800,0.017505,0.136224,0.011285,0.016242,0.045852,0.002459,0.011168,0.099718,0.144326,0.008152,0.003821,0.020718,0.153827,0.120718,0.010231,0.001717,0.027435,0.031784,0.054039,0.002340,0.009332,0.015098,0.018156,0.015890,0.009497,0.002540,0.010214,0.006628,0.209452,0.023621,0.000000,0.006768,0.010167,0.010126,0.000000,0.002405,0.026067,0.083638,0.021319,0.013917,0.003926,0.002983,Not run,Not run,0.000899,0.001434,0.001743,Not run,0.551719,0.314769,Not run
dane,32,Base_OpenMP,default,0.050154,0.025249,0.004420,0.091183,0.007408,0.012016,0.014386,0.006253,0.025305,0.018067,0.018232,0.024813,0.018104,0.009226,2.796962,0.001371,0.000886,0.001078,0.002712,1.283412,0.067622,0.011944,0.016821,0.004576,0.018618,0.109960,0.013683,0.079062,0.092365,0.003104,0.018704,0.172046,0.249023,0.012492,0.003767,0.022554,0.123268,0.213404,0.005237,0.001618,0.029714,0.031790,0.066668,0.002900,0.011841,0.014352,0.016001,0.015284,0.010395,0.003268,0.016282,0.010944,0.365979,0.064626,0.000000,0.009732,0.016994,0.016812,0.000000,0.002899,0.061365,0.145323,0.022012,0.022352,0.005329,0.003102,Not run,Not run,0.000469,0.000792,0.000992,Not run,0.525090,0.095505,Not run
dane,16,Base_OpenMP,default,0.097315,0.073937,0.006461,0.160749,0.009678,0.021544,0.025521,0.010277,0.050337,0.023731,0.023497,0.035283,0.034599,0.010741,2.185731,0.001939,0.000516,0.001163,0.004398,0.950305,0.330247,0.031490,0.029759,0.007027,0.035358,0.115835,0.041778,0.186337,0.252448,0.006426,0.061776,0.294514,0.470230,0.020474,0.006037,0.073836,0.283361,0.383693,0.003518,0.003444,0.034022,0.061824,0.096035,0.005388,0.041000,0.024220,0.022330,0.025576,0.041283,0.006617,0.034314,0.031273,0.633157,0.219746,0.000000,0.014456,0.028992,0.028690,0.000000,0.004749,0.145511,0.258962,0.070926,0.039646,0.009265,0.004660,Not run,Not run,0.000559,0.001014,0.001565,Not run,0.424120,0.042948,Not run
dane,8,Base_OpenMP,default,0.177547,0.163185,0.032571,0.322747,0.017459,0.126335,0.054181,0.023815,0.416272,0.047937,0.048542,0.063563,0.293451,0.022791,1.937402,0.003563,0.000831,0.003328,0.008509,0.751849,0.531636,0.216539,0.153634,0.013450,0.150895,0.462128,0.174807,0.316400,0.549951,0.036101,0.414316,0.505299,0.818473,0.043489,0.012217,0.197231,0.889795,0.732525,0.004641,0.008071,0.068215,0.205692,0.274999,0.011558,0.173310,0.136213,0.129104,0.137251,0.181401,0.023199,0.089748,0.069111,1.266838,0.590070,0.000000,0.028782,0.057432,0.056894,0.000000,0.009690,0.283110,0.516109,0.474155,0.086642,0.026233,0.010659,Not run,Not run,0.000971,0.002035,0.007729,Not run,0.413139,0.036975,Not run
dane,4,Base_OpenMP,default,0.203190,0.205489,0.064572,0.646626,0.033705,0.183124,0.107618,0.047495,0.626378,0.149715,0.149841,0.114543,0.439609,0.062853,1.825097,0.006825,0.001207,0.007571,0.016752,0.711152,0.718937,0.339673,0.305433,0.026623,0.300943,0.827526,0.459732,0.410691,0.706259,0.054335,0.644305,1.087716,1.559493,0.087033,0.023452,0.320388,1.876767,1.714589,0.006223,0.017231,0.196258,0.511828,0.668052,0.022467,0.458524,0.279256,0.259947,0.275797,0.461324,0.040854,0.150962,0.125869,2.533826,0.799421,0.000000,0.059409,0.114484,0.113480,0.000000,0.020931,0.406319,1.032874,0.685619,0.174079,0.058446,0.024955,Not run,Not run,0.002893,0.005981,0.015356,Not run,0.411889,0.061377,Not run
dane,224,Base_OpenMP,default,0.016011,0.004138,0.011174,0.041622,0.020700,0.007580,0.005684,0.009129,0.012859,0.054159,0.054111,0.016210,0.009184,0.020796,31.324913,0.002854,0.013946,0.014189,0.003374,4.435966,0.013812,0.013878,0.043029,0.027549,0.042602,0.170916,0.022226,0.010312,0.014569,0.002389,0.022390,0.224688,0.340445,0.005619,0.009229,0.033300,0.251266,0.266364,0.004593,0.002933,0.040622,0.076535,0.105838,0.006131,0.023000,0.037885,0.075365,0.038172,0.021537,0.002440,0.007609,0.005301,0.126244,0.011255,0.000000,0.006701,0.006683,0.006620,0.000000,0.002141,0.017412,0.055584,0.017637,0.009553,0.003685,0.003896,Not run,Not run,0.002079,0.002415,0.002639,Not run,1.166953,0.595902,Not run
dane,112,Base_OpenMP,default,0.031837,0.005391,0.006223,0.059568,0.011411,0.008261,0.006484,0.006486,0.013101,0.028882,0.028090,0.016278,0.009336,0.011246,7.407239,0.001330,0.003940,0.004265,0.002066,4.391236,0.023472,0.008968,0.023822,0.008470,0.022997,0.119760,0.013216,0.014894,0.040910,0.002134,0.013228,0.384871,0.571027,0.005925,0.010118,0.021146,0.148654,0.446881,0.011708,0.001917,0.040714,0.040799,0.085668,0.007700,0.012767,0.020065,0.026996,0.021300,0.011953,0.002227,0.009877,0.006236,0.188943,0.021636,0.000000,0.006311,0.009288,0.009579,0.000000,0.002193,0.023876,0.091702,0.014718,0.013700,0.003279,0.002851,Not run,Not run,0.000937,0.001343,0.001590,Not run,1.364519,0.258856,Not run
dane,56,Base_OpenMP,default,0.031786,0.005255,0.004973,0.052376,0.007948,0.008178,0.008916,0.005089,0.025705,0.019684,0.019627,0.019481,0.019175,0.007591,2.951870,0.001032,0.001541,0.002021,0.001843,1.421188,0.022127,0.009266,0.017223,0.004520,0.017496,0.137042,0.011356,0.015753,0.038129,0.002385,0.011446,0.098637,0.139564,0.007647,0.003988,0.019436,0.110868,0.119286,0.010161,0.001740,0.027552,0.030607,0.052806,0.002339,0.009414,0.014944,0.018171,0.015988,0.009407,0.002410,0.010039,0.006349,0.201851,0.020960,0.000000,0.006718,0.009789,0.009638,0.000000,0.002161,0.025453,0.081367,0.019716,0.013416,0.003419,0.002520,Not run,Not run,0.000667,0.000962,0.001303,Not run,0.557233,0.168627,Not run
dane,32,Base_OpenMP,default,0.049160,0.025239,0.004418,0.085837,0.007260,0.011379,0.013815,0.005980,0.024341,0.017702,0.017655,0.024306,0.016633,0.009158,2.754921,0.001340,0.001070,0.001220,0.002788,1.215181,0.067567,0.011828,0.016668,0.004387,0.018199,0.111933,0.013828,0.079595,0.081703,0.002970,0.018433,0.165606,0.244471,0.012480,0.003581,0.024468,0.119302,0.207005,0.005232,0.001548,0.029159,0.030817,0.064919,0.002784,0.011629,0.014075,0.015549,0.014946,0.011170,0.003093,0.015497,0.010517,0.352275,0.065474,0.000000,0.009012,0.015581,0.015447,0.000000,0.002753,0.062234,0.140442,0.022345,0.021166,0.005411,0.002946,Not run,Not run,0.000455,0.000774,0.001024,Not run,0.481892,0.154589,Not run
dane,16,Base_OpenMP,default,0.097286,0.073960,0.006141,0.160659,0.009674,0.021401,0.025512,0.010463,0.055518,0.023684,0.023447,0.034634,0.036323,0.010190,2.297808,0.001954,0.000602,0.001182,0.004436,0.975733,0.329395,0.033310,0.028250,0.007060,0.033302,0.124964,0.040934,0.185292,0.254260,0.006241,0.063031,0.286471,0.454487,0.020510,0.005694,0.085473,0.255176,0.381542,0.003207,0.003033,0.034767,0.057393,0.093827,0.005242,0.040697,0.024903,0.022432,0.025968,0.040487,0.006691,0.034181,0.031391,0.633326,0.221487,0.000000,0.014329,0.028720,0.028430,0.000000,0.004750,0.145957,0.257966,0.075971,0.039712,0.009232,0.004685,Not run,Not run,0.000568,0.001012,0.001532,Not run,0.416653,0.063684,Not run
dane,8,Base_OpenMP,default,0.177194,0.162820,0.032750,0.322826,0.017442,0.126020,0.054619,0.023607,0.422611,0.047544,0.048424,0.073148,0.296341,0.021281,1.988155,0.003539,0.000618,0.003586,0.008505,0.782862,0.530712,0.215807,0.164484,0.013432,0.163373,0.464726,0.182517,0.316458,0.547696,0.036868,0.410244,0.538952,0.854379,0.043426,0.012083,0.194283,0.985620,0.750657,0.004154,0.008621,0.065947,0.208681,0.271524,0.011492,0.177372,0.145879,0.129116,0.143664,0.184730,0.023254,0.089490,0.068802,1.266461,0.585949,0.000000,0.028672,0.057394,0.057002,0.000000,0.009899,0.282672,0.516296,0.473200,0.086572,0.028178,0.011131,Not run,Not run,0.000937,0.002038,0.008337,Not run,0.407798,0.045510,Not run
dane,4,Base_OpenMP,default,0.203131,0.204228,0.071244,0.647511,0.033741,0.184111,0.108058,0.047727,0.623807,0.149905,0.149866,0.115106,0.439166,0.061114,1.900203,0.006816,0.001220,0.007960,0.016741,0.728140,0.715745,0.338809,0.347308,0.026592,0.340231,0.831920,0.452702,0.410227,0.702107,0.054677,0.642878,1.020557,1.559745,0.087017,0.023203,0.321254,1.875860,1.461907,0.006116,0.017395,0.217094,0.610444,0.824548,0.021452,0.447206,0.300213,0.273850,0.307085,0.463652,0.040422,0.151109,0.125238,2.532581,0.798476,0.000000,0.060893,0.114452,0.113486,0.000000,0.020956,0.403852,1.032537,0.679894,0.173761,0.058419,0.026228,Not run,Not run,0.002889,0.005984,0.016626,Not run,0.398809,0.062393,Not run
mammoth,256,Base_OpenMP,default,0.018340,0.007227,0.029355,0.038860,0.045663,0.014936,0.009933,0.021981,0.033614,0.132492,0.132174,0.040769,0.023886,0.056937,3.107652,0.003765,0.006556,0.007282,0.004892,1.617932,0.024559,0.033874,0.114153,0.013893,0.115863,0.232734,0.059131,0.024463,0.040770,0.005421,0.060079,0.170613,0.248291,0.011523,0.016491,0.096660,0.754086,0.210604,0.012200,0.008399,0.073998,0.196640,0.272863,0.009146,0.055807,0.100450,0.120238,0.106057,0.056710,0.006500,0.016216,0.015896,0.164011,0.028052,0.000000,0.017576,0.015323,0.014908,0.000000,0.006219,0.034811,0.050313,0.047038,0.024713,0.009673,0.008500,Not run,Not run,0.004361,0.006661,0.007183,Not run,0.333167,1.285275,Not run
mammoth,128,Base_OpenMP,default,0.019226,0.007269,0.018944,0.037827,0.025768,0.013319,0.009432,0.017137,0.025532,0.094653,0.085131,0.032202,0.018713,0.040141,2.798417,0.003373,0.003719,0.005363,0.005460,1.263893,0.023914,0.026108,0.070995,0.008323,0.071196,0.243988,0.039204,0.024647,0.030486,0.005180,0.045543,0.295408,0.398737,0.010480,0.013531,0.062034,0.442782,0.331380,0.012329,0.005579,0.095628,0.111021,0.171873,0.009191,0.038080,0.063511,0.071320,0.067597,0.042754,0.007176,0.016544,0.015389,0.277695,0.030226,0.000000,0.016443,0.016203,0.015841,0.000000,0.006787,0.039475,0.097758,0.036492,0.026186,0.008965,0.006580,Not run,Not run,0.003271,0.004481,0.005139,Not run,0.411669,0.711378,Not run
mammoth,64,Base_OpenMP,default,0.013594,0.005621,0.009990,0.049324,0.013012,0.008955,0.010571,0.013859,0.016254,0.052238,0.040190,0.041623,0.012593,0.022161,2.324148,0.002229,0.001949,0.003029,0.004512,1.220756,0.019003,0.016977,0.034246,0.004917,0.034470,0.223986,0.022789,0.019297,0.022078,0.003523,0.027869,0.193604,0.253447,0.010945,0.007846,0.054249,0.235111,0.205787,0.010864,0.003432,0.050188,0.052598,0.082883,0.005109,0.022747,0.029340,0.035413,0.033790,0.023765,0.004520,0.012741,0.010480,0.284893,0.023284,0.000000,0.010133,0.015752,0.015800,0.000000,0.004293,0.032099,0.069592,0.024253,0.020350,0.005976,0.005198,Not run,Not run,0.001861,0.002995,0.003360,Not run,0.442364,0.325030,Not run
mammoth,32,Base_OpenMP,default,0.075920,0.022144,0.012111,0.088166,0.009030,0.014000,0.016894,0.020051,0.018238,0.060792,0.039624,0.048717,0.015940,0.026689,2.320723,0.003017,0.001409,0.002736,0.007599,1.077358,0.031329,0.022347,0.048041,0.004486,0.042677,0.183153,0.029357,0.032686,0.027971,0.005035,0.031890,0.247786,0.371157,0.017038,0.006304,0.027622,0.194196,0.331460,0.007588,0.003697,0.046951,0.063465,0.099679,0.005441,0.026280,0.044899,0.049212,0.035361,0.026665,0.006912,0.022758,0.018124,0.565787,0.044728,0.000000,0.015226,0.029096,0.029154,0.000000,0.005947,0.066185,0.136655,0.035733,0.036271,0.008624,0.005732,Not run,Not run,0.001539,0.001661,0.003745,Not run,0.427044,0.143614,Not run
mammoth,16,Base_OpenMP,default,0.091809,0.074183,0.013689,0.174707,0.012715,0.025540,0.032790,0.037858,0.023599,0.107768,0.059689,0.080775,0.018765,0.046934,2.303822,0.005125,0.001569,0.003009,0.013807,0.892500,0.183966,0.028060,0.047724,0.005635,0.056834,0.207661,0.032186,0.079479,0.225456,0.008211,0.037504,0.469816,0.717946,0.030114,0.008389,0.030576,0.237758,0.656728,0.009194,0.004941,0.051347,0.072934,0.125876,0.007345,0.030053,0.042595,0.043586,0.042292,0.029827,0.009609,0.042889,0.033391,1.095811,0.205238,0.000000,0.026696,0.057517,0.057838,0.000000,0.009047,0.134989,0.275268,0.038306,0.065433,0.014310,0.008912,Not run,Not run,0.001802,0.002740,0.003892,Not run,0.407849,0.087218,Not run
mammoth,8,Base_OpenMP,default,0.152352,0.111670,0.017979,0.343159,0.021067,0.071580,0.064205,0.074145,0.205368,0.203222,0.108471,0.157038,0.147436,0.088604,2.234817,0.009742,0.003280,0.004204,0.027500,0.685056,0.361424,0.059060,0.067208,0.008852,0.065146,0.654672,0.052059,0.221635,0.503661,0.020038,0.130021,0.989645,1.513021,0.054818,0.014820,0.049255,0.403491,1.250479,0.012116,0.007933,0.080092,0.117140,0.212480,0.013348,0.055150,0.056275,0.067709,0.057212,0.051653,0.019517,0.086459,0.081142,2.181868,0.542667,0.000000,0.050900,0.114080,0.115274,0.000000,0.015843,0.235897,0.549033,0.220587,0.127536,0.025563,0.016175,Not run,Not run,0.002404,0.003467,0.005584,Not run,0.391632,0.063467,Not run
mammoth,4,Base_OpenMP,default,0.288525,0.199551,0.082217,0.685570,0.039316,0.213964,0.129150,0.149890,0.644314,0.395403,0.205725,0.281609,0.450762,0.173310,2.263718,0.019594,0.001998,0.009326,0.052801,0.472603,0.692106,0.438363,0.322209,0.017107,0.321729,1.394122,0.547588,0.416961,0.934892,0.059821,0.871548,1.790682,2.777055,0.106089,0.026450,0.387250,1.092049,2.522688,0.015388,0.014497,0.160024,0.262146,0.445766,0.024329,0.552193,0.296006,0.297128,0.289118,0.556498,0.053121,0.172673,0.160905,4.371831,1.061099,0.000000,0.102581,0.227876,0.228360,0.000000,0.031178,0.466096,1.098274,0.906516,0.255849,0.065081,0.034596,Not run,Not run,0.003430,0.004659,0.017977,Not run,0.323186,0.074257,Not run
mammoth,256,Base_OpenMP,default,0.018271,0.007309,0.029562,0.039492,0.046525,0.015305,0.010103,0.022558,0.033547,0.135023,0.137508,0.040797,0.024210,0.056878,3.115261,0.003806,0.006855,0.008083,0.005005,1.591569,0.025039,0.033880,0.118546,0.013851,0.120091,0.232694,0.057929,0.024377,0.041367,0.005403,0.060236,0.172646,0.252968,0.011622,0.016476,0.094614,0.767099,0.219546,0.012061,0.008361,0.074299,0.193826,0.266510,0.009322,0.055667,0.103340,0.123101,0.105624,0.057279,0.006769,0.016355,0.014110,0.167957,0.028310,0.000000,0.017304,0.015347,0.015475,0.000000,0.006126,0.033722,0.049196,0.047241,0.024796,0.009699,0.008532,Not run,Not run,0.004244,0.006582,0.007398,Not run,0.335918,1.264138,Not run
mammoth,128,Base_OpenMP,default,0.019072,0.007416,0.018959,0.037718,0.027780,0.013545,0.009520,0.017154,0.025701,0.096697,0.088076,0.031420,0.018781,0.040281,2.779937,0.003157,0.003820,0.005332,0.005530,1.286339,0.024538,0.026131,0.072637,0.008983,0.073204,0.228360,0.039364,0.023998,0.031799,0.008477,0.045461,0.251918,0.338401,0.010404,0.012645,0.069823,0.444343,0.340954,0.012500,0.005663,0.098939,0.117755,0.172346,0.008219,0.037897,0.064090,0.074169,0.069276,0.040478,0.007260,0.016358,0.014960,0.278784,0.030792,0.000000,0.016064,0.016913,0.017068,0.000000,0.006701,0.037717,0.098618,0.037031,0.026477,0.008822,0.006691,Not run,Not run,0.003181,0.004330,0.005252,Not run,0.411680,0.727774,Not run
mammoth,64,Base_OpenMP,default,0.013526,0.005538,0.009893,0.049197,0.013070,0.008972,0.010556,0.013993,0.016535,0.052668,0.041238,0.042088,0.012984,0.022163,2.295769,0.002298,0.002006,0.003027,0.004508,1.240436,0.019162,0.017060,0.036010,0.004878,0.036983,0.267895,0.022904,0.019291,0.023656,0.003457,0.028455,0.201155,0.249424,0.011152,0.007499,0.042369,0.249537,0.202608,0.010854,0.003459,0.052181,0.052945,0.083382,0.004362,0.022936,0.034407,0.036284,0.048496,0.024036,0.004755,0.012760,0.010525,0.284496,0.023777,0.000000,0.010042,0.015735,0.015740,0.000000,0.004029,0.032001,0.069411,0.025285,0.020370,0.005800,0.005104,Not run,Not run,0.001740,0.002469,0.003372,Not run,0.441086,0.326588,Not run
mammoth,32,Base_OpenMP,default,0.075640,0.021296,0.013331,0.088050,0.009032,0.014153,0.016981,0.019927,0.019412,0.060900,0.038555,0.053147,0.016560,0.026546,2.325235,0.003072,0.001391,0.003633,0.007576,1.015453,0.031483,0.022374,0.046465,0.004402,0.041877,0.194786,0.030363,0.034124,0.028981,0.005155,0.034130,0.263925,0.384067,0.017349,0.006162,0.027959,0.195344,0.333994,0.007601,0.003825,0.047795,0.065731,0.101519,0.005436,0.027332,0.044389,0.048425,0.044226,0.028104,0.006957,0.022931,0.018244,0.568247,0.044427,0.000000,0.015322,0.029041,0.029087,0.000000,0.006143,0.066493,0.136587,0.031111,0.036085,0.008675,0.005509,Not run,Not run,0.001597,0.001727,0.003580,Not run,0.411652,0.143344,Not run
mammoth,16,Base_OpenMP,default,0.091956,0.074528,0.013281,0.170708,0.012255,0.025449,0.032048,0.037443,0.025049,0.105064,0.058689,0.093066,0.019810,0.045933,2.214527,0.005029,0.001471,0.003674,0.013610,0.867400,0.183335,0.027390,0.042813,0.005414,0.043403,0.210024,0.033181,0.080494,0.222880,0.008337,0.037522,0.506383,0.748638,0.029662,0.008478,0.030685,0.235556,0.651826,0.009497,0.005411,0.050641,0.072202,0.125595,0.007482,0.029822,0.042121,0.046665,0.036308,0.030085,0.009136,0.042291,0.032892,1.083097,0.207674,0.000000,0.025840,0.056697,0.056812,0.000000,0.008885,0.134634,0.273170,0.039205,0.063846,0.013586,0.008816,Not run,Not run,0.001725,0.002353,0.004296,Not run,0.399779,0.087028,Not run
mammoth,8,Base_OpenMP,default,0.152268,0.111935,0.017656,0.338729,0.020774,0.070772,0.063175,0.073391,0.209726,0.199751,0.106186,0.176567,0.145290,0.087341,2.178103,0.009987,0.003466,0.004286,0.026901,0.674879,0.361657,0.070669,0.068445,0.008941,0.069743,0.633567,0.052816,0.221645,0.505229,0.020764,0.134201,1.027409,1.532825,0.054965,0.014164,0.051077,0.425821,1.310376,0.011689,0.007994,0.079104,0.116728,0.211922,0.012899,0.054522,0.054755,0.067302,0.055506,0.055176,0.019241,0.085913,0.081381,2.161894,0.541764,0.000000,0.050395,0.113314,0.113281,0.000000,0.015659,0.233438,0.543288,0.226287,0.126274,0.025139,0.016166,Not run,Not run,0.002433,0.003317,0.005633,Not run,0.391116,0.069534,Not run
mammoth,4,Base_OpenMP,default,0.287988,0.199261,0.066103,0.675963,0.039349,0.214318,0.127802,0.148918,0.643954,0.391409,0.205405,0.350068,0.450365,0.172087,2.219498,0.019505,0.001841,0.008170,0.052995,0.470834,0.691016,0.436149,0.258515,0.017027,0.259119,1.357709,0.556040,0.416884,0.935129,0.059649,0.866037,2.164496,3.079848,0.105950,0.029945,0.367426,1.654733,2.588159,0.015034,0.017312,0.206291,0.477399,0.641098,0.028353,0.554041,0.229819,0.241009,0.232854,0.554482,0.053136,0.170714,0.160219,4.304989,1.060191,0.000000,0.100702,0.226896,0.227129,0.000000,0.031066,0.460640,1.085559,0.886407,0.252968,0.065036,0.033432,Not run,Not run,0.003608,0.005023,0.014287,Not run,0.329144,0.073754,Not run
mammoth,256,Base_OpenMP,default,0.018377,0.007185,0.029483,0.038757,0.047853,0.015567,0.010081,0.022648,0.033600,0.137108,0.191578,0.040857,0.023976,0.060648,3.112937,0.003759,0.006972,0.007426,0.005094,1.594608,0.024986,0.034056,0.118946,0.014444,0.120122,0.233726,0.058341,0.024410,0.041386,0.005284,0.060196,0.172389,0.249154,0.012156,0.021863,0.097117,0.771297,0.211639,0.011996,0.008345,0.073461,0.199365,0.267861,0.009297,0.055614,0.102455,0.131524,0.106068,0.057402,0.006671,0.016027,0.014172,0.167693,0.029460,0.000000,0.017585,0.015320,0.015077,0.000000,0.006243,0.033794,0.051167,0.046975,0.024793,0.009823,0.008919,Not run,Not run,0.004353,0.006230,0.007397,Not run,0.336287,1.356423,Not run
mammoth,128,Base_OpenMP,default,0.019185,0.007239,0.018784,0.038068,0.026751,0.013297,0.009645,0.017109,0.025687,0.098233,0.089857,0.032101,0.018979,0.039801,2.802271,0.002936,0.003785,0.005427,0.005267,1.259510,0.023998,0.026201,0.071540,0.008974,0.071642,0.229143,0.038973,0.023813,0.031495,0.005212,0.045664,0.243713,0.361574,0.010221,0.013792,0.068326,0.442246,0.345355,0.012544,0.005613,0.095458,0.113150,0.172445,0.008747,0.038023,0.064196,0.073374,0.067700,0.040225,0.007202,0.016653,0.015610,0.275149,0.030769,0.000000,0.016333,0.016030,0.016653,0.000000,0.006494,0.038358,0.101296,0.036746,0.026563,0.008920,0.006802,Not run,Not run,0.003057,0.004777,0.005593,Not run,0.413681,0.689477,Not run
mammoth,64,Base_OpenMP,default,0.013485,0.005526,0.009778,0.049064,0.012848,0.008944,0.010599,0.013898,0.016586,0.051826,0.040848,0.039566,0.012960,0.022220,2.313543,0.002319,0.001962,0.003071,0.004013,1.239632,0.019216,0.016974,0.033739,0.004914,0.034796,0.212956,0.023046,0.019087,0.023385,0.003828,0.028234,0.195283,0.242987,0.010966,0.006944,0.041775,0.211425,0.205894,0.010771,0.003336,0.050412,0.056570,0.088525,0.004796,0.023235,0.030012,0.038994,0.039509,0.024030,0.004649,0.012672,0.010486,0.290077,0.023232,0.000000,0.010127,0.015760,0.015766,0.000000,0.004090,0.035950,0.069440,0.025058,0.020408,0.006031,0.005160,Not run,Not run,0.001819,0.002947,0.003362,Not run,0.441811,0.352069,Not run
mammoth,32,Base_OpenMP,default,0.075763,0.020879,0.012220,0.087913,0.009112,0.014030,0.016863,0.020179,0.018499,0.060684,0.037646,0.051422,0.016278,0.026899,2.314653,0.002788,0.001443,0.003589,0.007431,1.029403,0.031367,0.022168,0.042542,0.004636,0.049294,0.211663,0.028773,0.032631,0.029103,0.005080,0.032658,0.261226,0.393290,0.016899,0.006325,0.027564,0.194944,0.340728,0.007511,0.003577,0.048412,0.062528,0.097186,0.005258,0.026593,0.044319,0.041828,0.035043,0.027151,0.006993,0.022984,0.018134,0.565765,0.045644,0.000000,0.014952,0.029013,0.029052,0.000000,0.006140,0.066631,0.136483,0.030403,0.036177,0.008153,0.005606,Not run,Not run,0.001544,0.001786,0.003887,Not run,0.410401,0.154263,Not run
mammoth,16,Base_OpenMP,default,0.091945,0.074591,0.013000,0.170714,0.012338,0.025367,0.032051,0.037345,0.024639,0.105082,0.059034,0.092316,0.019025,0.046220,2.207682,0.005478,0.001412,0.003628,0.013892,0.905594,0.181294,0.027364,0.042089,0.005397,0.042245,0.207789,0.032005,0.080139,0.224777,0.008375,0.037063,0.498858,0.744926,0.029686,0.008520,0.029845,0.235458,0.645833,0.009031,0.004890,0.050390,0.071550,0.124221,0.007511,0.029437,0.039757,0.045756,0.035960,0.028670,0.009220,0.042907,0.033103,1.084510,0.205818,0.000000,0.025875,0.056685,0.056840,0.000000,0.009048,0.135458,0.273355,0.037598,0.064146,0.013044,0.008890,Not run,Not run,0.001745,0.002454,0.004101,Not run,0.400276,0.089468,Not run
mammoth,8,Base_OpenMP,default,0.152046,0.111720,0.016985,0.339526,0.020472,0.070122,0.063406,0.073890,0.206084,0.200218,0.106596,0.180652,0.146990,0.087950,2.166416,0.009973,0.003225,0.003992,0.026677,0.676018,0.361848,0.062013,0.068988,0.008781,0.070133,0.629239,0.053978,0.220831,0.504591,0.020567,0.127473,1.039583,1.505408,0.054579,0.014199,0.050681,0.406943,1.305889,0.011601,0.007946,0.078466,0.117729,0.211952,0.012952,0.055356,0.054372,0.066068,0.054727,0.055454,0.019067,0.086007,0.080442,2.170954,0.541347,0.000000,0.050085,0.113795,0.113574,0.000000,0.015654,0.233156,0.544590,0.223738,0.126992,0.025192,0.016029,Not run,Not run,0.002370,0.003362,0.005365,Not run,0.363227,0.064618,Not run
mammoth,4,Base_OpenMP,default,0.288618,0.199210,0.075770,0.677786,0.039173,0.214888,0.127774,0.148665,0.643523,0.394149,0.206913,0.355946,0.450312,0.172275,2.313484,0.020036,0.002061,0.008822,0.052891,0.467831,0.691206,0.434504,0.297641,0.017075,0.297913,1.350147,0.545290,0.416921,0.935652,0.059729,0.861108,2.152845,3.123062,0.106160,0.027341,0.377801,1.732376,2.528829,0.015119,0.017902,0.168106,0.330366,0.498751,0.024856,0.543382,0.271066,0.277975,0.267514,0.545907,0.053002,0.172125,0.160905,4.335200,1.060685,0.000000,0.101109,0.227351,0.227493,0.000000,0.031038,0.461616,1.087001,0.892570,0.253686,0.064878,0.033830,Not run,Not run,0.003555,0.004754,0.016572,Not run,0.321998,0.071990,Not run
matrix-cpu,224,Base_OpenMP,default,0.022956,0.012256,0.110562,0.142163,0.233305,0.043259,0.037635,0.080546,0.114938,0.562597,0.563967,0.018711,0.082973,0.227553,3.986296,0.012074,0.012462,0.012460,0.012678,1.722227,0.058256,0.110802,0.455322,0.035504,0.443888,0.279743,0.234889,0.030916,0.098748,0.012174,0.229263,0.057619,0.082369,0.011673,0.046359,0.285931,2.575472,0.074141,0.019098,0.027645,0.206890,0.726508,0.934432,0.023656,0.216788,0.398697,0.457274,0.403843,0.225967,0.012607,0.026177,0.013854,0.125993,0.039310,0.000000,0.040062,0.015819,0.016015,0.000000,0.012538,0.038726,0.070177,0.151679,0.029195,0.022347,0.034755,Not run,Not run,0.010003,0.023146,0.023493,Not run,0.683111,6.358397,Not run
matrix-cpu,112,Base_OpenMP,default,0.015222,0.003713,0.006775,0.034898,0.013593,0.006073,0.005821,0.005487,0.016888,0.031315,0.030553,0.016792,0.011789,0.012396,4.010050,0.001267,0.005743,0.005828,0.001852,1.777219,0.013538,0.009560,0.025077,0.011613,0.025181,0.139714,0.014288,0.011045,0.011000,0.001902,0.014759,0.057434,0.081448,0.005469,0.003681,0.018618,0.155892,0.073270,0.002926,0.001955,0.032824,0.043129,0.065768,0.001986,0.013748,0.022592,0.027768,0.023230,0.013356,0.002051,0.006805,0.004793,0.119953,0.010787,0.000000,0.005281,0.006181,0.006083,0.000000,0.001579,0.017667,0.048932,0.015086,0.008781,0.002981,0.002735,Not run,Not run,0.000971,0.001377,0.001635,Not run,0.677464,0.359323,Not run
matrix-cpu,56,Base_OpenMP,default,0.028853,0.005459,0.004945,0.050816,0.008230,0.007693,0.008417,0.004946,0.025766,0.019935,0.019807,0.018693,0.018053,0.007734,3.180866,0.001020,0.001541,0.001890,0.001817,1.375200,0.020190,0.009648,0.017473,0.004455,0.017544,0.133971,0.011260,0.015479,0.041335,0.002432,0.011164,0.096801,0.139467,0.007931,0.003090,0.014638,0.110993,0.117178,0.008375,0.001622,0.026940,0.030365,0.057762,0.002191,0.009106,0.015113,0.017801,0.015827,0.009482,0.002254,0.009696,0.006231,0.197154,0.022085,0.000000,0.005565,0.009447,0.009377,0.000000,0.002021,0.024950,0.078812,0.019827,0.013138,0.003323,0.002418,Not run,Not run,0.000627,0.000925,0.001232,Not run,0.542604,0.172397,Not run
matrix-cpu,32,Base_OpenMP,default,0.046929,0.021325,0.004262,0.085698,0.007258,0.011456,0.013612,0.005845,0.022816,0.017742,0.017639,0.024271,0.016300,0.007065,2.693082,0.001324,0.000971,0.001232,0.002634,1.179353,0.056569,0.011634,0.015845,0.004395,0.017844,0.111028,0.013089,0.067750,0.085507,0.002953,0.018126,0.165404,0.240125,0.011924,0.003191,0.019940,0.117554,0.204304,0.004615,0.001545,0.028592,0.029913,0.064025,0.002739,0.010673,0.014025,0.015581,0.014442,0.010411,0.003087,0.015486,0.010530,0.344474,0.060802,0.000000,0.008362,0.015975,0.015829,0.000000,0.002744,0.055990,0.136719,0.021736,0.021238,0.005251,0.002879,Not run,Not run,0.000449,0.000792,0.001098,Not run,0.483696,0.092348,Not run
matrix-cpu,16,Base_OpenMP,default,0.086796,0.062320,0.010831,0.160906,0.009694,0.021595,0.026848,0.011616,0.052785,0.023776,0.023503,0.034582,0.036821,0.010763,2.262634,0.001929,0.000557,0.001717,0.004395,0.933648,0.269570,0.036155,0.050396,0.007031,0.052466,0.121914,0.043734,0.155880,0.231092,0.006378,0.072368,0.281955,0.451852,0.020506,0.005415,0.075314,0.365093,0.380253,0.003172,0.004540,0.033978,0.062386,0.094837,0.004926,0.041536,0.062093,0.065021,0.062822,0.042840,0.006724,0.033397,0.031097,0.632630,0.199456,0.000000,0.014688,0.028876,0.028623,0.000000,0.004766,0.134281,0.257659,0.079133,0.039749,0.009252,0.005133,Not run,Not run,0.000578,0.001027,0.003250,Not run,0.422414,0.043984,Not run
matrix-cpu,8,Base_OpenMP,default,0.162217,0.137855,0.036730,0.322440,0.017459,0.105508,0.054104,0.024026,0.351383,0.055283,0.055069,0.064577,0.244854,0.022611,2.034800,0.003553,0.000644,0.003872,0.008500,0.805098,0.438814,0.182764,0.161601,0.013460,0.160620,0.403368,0.159703,0.268043,0.472465,0.030610,0.352565,0.535331,0.824193,0.042746,0.012270,0.164324,0.858644,0.743129,0.004840,0.008922,0.070929,0.233795,0.325224,0.011731,0.163975,0.142441,0.149297,0.147974,0.160106,0.022181,0.081551,0.067148,1.264897,0.516618,0.000000,0.028652,0.057606,0.056815,0.000000,0.009645,0.260802,0.515152,0.403010,0.085574,0.025295,0.011295,Not run,Not run,0.001047,0.002234,0.008136,Not run,0.412788,0.039818,Not run
matrix-cpu,4,Base_OpenMP,default,0.184241,0.174457,0.068130,0.645292,0.033703,0.159836,0.107728,0.047055,0.526981,0.154018,0.153945,0.132392,0.369369,0.064450,1.917408,0.006806,0.001159,0.008238,0.016711,0.717378,0.597163,0.298253,0.335095,0.026571,0.320115,0.775173,0.400041,0.361351,0.618261,0.047458,0.558754,1.136092,1.748564,0.086272,0.023482,0.280424,1.885556,1.595594,0.006280,0.017360,0.183272,0.563503,0.732930,0.022686,0.402694,0.284245,0.269374,0.296304,0.403038,0.039976,0.141441,0.125393,2.528178,0.687241,0.000000,0.060287,0.114542,0.113277,0.000000,0.021404,0.397002,1.031159,0.603249,0.171901,0.055020,0.026533,Not run,Not run,0.002990,0.006170,0.015856,Not run,0.392800,0.062232,Not run
matrix-cpu,224,Base_OpenMP,default,0.022911,0.013486,0.115681,0.141191,0.230548,0.041926,0.040178,0.079659,0.115287,0.563463,0.558667,0.019082,0.086501,0.227498,4.118437,0.012323,0.012311,0.013040,0.012328,1.736428,0.057811,0.118795,0.463992,0.035706,0.470184,0.279799,0.233490,0.030171,0.099148,0.010553,0.226712,0.063891,0.083753,0.011420,0.047190,0.294362,2.598000,0.074103,0.019003,0.027993,0.208779,0.735423,0.916329,0.023822,0.230435,0.413862,0.455193,0.426330,0.223327,0.010993,0.027757,0.013902,0.161296,0.035427,0.000000,0.040287,0.015557,0.015161,0.000000,0.012395,0.038197,0.070220,0.152602,0.026224,0.022932,0.034725,Not run,Not run,0.012113,0.023825,0.022898,Not run,0.703608,6.484563,Not run
matrix-cpu,112,Base_OpenMP,default,0.015984,0.003703,0.006635,0.034694,0.014667,0.006136,0.005829,0.005417,0.017023,0.030610,0.031200,0.017075,0.012047,0.012144,4.244782,0.001346,0.005729,0.006129,0.001839,1.737639,0.013428,0.009365,0.025885,0.011563,0.026265,0.137985,0.014842,0.011484,0.011065,0.003518,0.014464,0.063306,0.087771,0.005754,0.003782,0.018932,0.153805,0.076190,0.002983,0.001957,0.032358,0.042309,0.072054,0.002043,0.013181,0.025292,0.028584,0.022649,0.012895,0.002039,0.006766,0.004747,0.120099,0.010862,0.000000,0.005367,0.006133,0.005978,0.000000,0.001596,0.018698,0.049749,0.014958,0.008827,0.002997,0.002789,Not run,Not run,0.000946,0.001431,0.001680,Not run,0.691269,0.380251,Not run
matrix-cpu,56,Base_OpenMP,default,0.028196,0.005714,0.004754,0.050864,0.008085,0.008057,0.008334,0.004816,0.026783,0.019689,0.020159,0.018650,0.018212,0.007524,2.864677,0.001024,0.001602,0.002046,0.001724,1.305698,0.022614,0.009128,0.017404,0.004653,0.018042,0.135150,0.011065,0.015370,0.040573,0.002412,0.011010,0.094918,0.138964,0.008250,0.003029,0.014865,0.110064,0.117213,0.008335,0.001617,0.026912,0.030300,0.052178,0.002142,0.012685,0.015606,0.018477,0.015594,0.009339,0.002129,0.009652,0.006260,0.197695,0.024620,0.000000,0.005565,0.009265,0.009145,0.000000,0.002021,0.024894,0.078807,0.018462,0.013091,0.003353,0.002424,Not run,Not run,0.000624,0.000948,0.001266,Not run,0.544733,0.182274,Not run
matrix-cpu,32,Base_OpenMP,default,0.044572,0.021314,0.004247,0.086366,0.007235,0.011447,0.013621,0.005881,0.023224,0.017842,0.017741,0.023946,0.015706,0.007103,2.735914,0.001243,0.000917,0.001153,0.002520,1.279143,0.068495,0.011589,0.016225,0.004371,0.018223,0.110071,0.013322,0.066779,0.084548,0.002991,0.018737,0.162469,0.299661,0.011901,0.003304,0.019045,0.117044,0.204623,0.004633,0.001548,0.029037,0.030503,0.064254,0.002743,0.010029,0.014146,0.015889,0.014640,0.010119,0.003057,0.015482,0.010582,0.344726,0.061654,0.000000,0.008632,0.015535,0.015388,0.000000,0.002710,0.057708,0.136855,0.024235,0.025364,0.005276,0.002904,Not run,Not run,0.000453,0.000817,0.001010,Not run,0.477264,0.096561,Not run
matrix-cpu,16,Base_OpenMP,default,0.086865,0.061806,0.014170,0.160871,0.009634,0.021465,0.026739,0.011434,0.052163,0.027025,0.024983,0.034269,0.036929,0.010766,2.201132,0.001908,0.000539,0.002135,0.004399,1.014785,0.268379,0.037635,0.058165,0.006995,0.060338,0.124262,0.042453,0.159649,0.243482,0.006295,0.074547,0.293235,0.504635,0.020524,0.005531,0.097112,0.316714,0.426992,0.003249,0.004146,0.033432,0.060572,0.109676,0.005222,0.055428,0.067103,0.075342,0.070329,0.042388,0.006564,0.033216,0.030800,0.658249,0.202713,0.000000,0.014412,0.028867,0.028430,0.000000,0.004756,0.133956,0.257709,0.083178,0.039704,0.009218,0.005169,Not run,Not run,0.000562,0.001038,0.003332,Not run,0.411594,0.044227,Not run
matrix-cpu,8,Base_OpenMP,default,0.163195,0.137892,0.033806,0.322610,0.017445,0.105355,0.067347,0.023755,0.350880,0.053165,0.054923,0.067906,0.245577,0.024464,1.916183,0.003537,0.000666,0.003559,0.008481,0.797901,0.435838,0.181967,0.161482,0.018204,0.159555,0.402491,0.159977,0.264623,0.473000,0.030814,0.348652,0.547066,0.860709,0.042903,0.012029,0.165688,0.847215,0.782918,0.004880,0.008211,0.068549,0.215619,0.274857,0.011570,0.163561,0.143281,0.133880,0.142821,0.164150,0.022290,0.081851,0.066919,1.298718,0.518076,0.000000,0.028652,0.057335,0.056808,0.000000,0.009748,0.260676,0.515385,0.404053,0.085487,0.025096,0.010866,Not run,Not run,0.001112,0.002333,0.007885,Not run,0.438526,0.039097,Not run
matrix-cpu,4,Base_OpenMP,default,0.184459,0.168677,0.067148,0.646329,0.033734,0.160176,0.107524,0.047058,0.513207,0.147866,0.147848,0.123514,0.373772,0.063197,1.844861,0.006751,0.001213,0.008262,0.017344,0.765065,0.602484,0.298773,0.334430,0.026570,0.329510,0.777147,0.405756,0.364176,0.620274,0.047378,0.562662,1.106475,1.688799,0.086225,0.023521,0.276939,1.868948,1.582040,0.006280,0.017003,0.181835,0.542820,0.720527,0.022644,0.397004,0.303444,0.270535,0.308787,0.405937,0.040312,0.147000,0.125364,2.574918,0.724164,0.000000,0.060192,0.114179,0.113242,0.000000,0.021373,0.398030,1.044776,0.604261,0.171582,0.054959,0.026768,Not run,Not run,0.002893,0.005917,0.015832,Not run,0.393209,0.063409,Not run
matrix-cpu,224,Base_OpenMP,default,0.023547,0.014050,0.116130,0.141183,0.229255,0.045026,0.037878,0.080000,0.130240,0.567680,0.564507,0.018424,0.091080,0.228956,4.019797,0.012216,0.012291,0.013494,0.012609,1.698867,0.057553,0.119684,0.454673,0.035076,0.461950,0.281352,0.235259,0.032904,0.099714,0.012614,0.231421,0.062746,0.085230,0.011902,0.046292,0.289843,2.514457,0.073349,0.019462,0.027571,0.206329,0.728141,0.922564,0.023628,0.240011,0.410141,0.465074,0.411320,0.231505,0.012293,0.028244,0.013838,0.124629,0.035057,0.000000,0.040515,0.015943,0.016230,0.000000,0.012357,0.035944,0.066214,0.172648,0.030358,0.024668,0.034463,Not run,Not run,0.011845,0.023573,0.023466,Not run,0.708387,6.521286,Not run
matrix-cpu,112,Base_OpenMP,default,0.015479,0.003722,0.006565,0.034658,0.013503,0.006082,0.005803,0.005384,0.016943,0.030515,0.031463,0.017197,0.012080,0.012067,4.203948,0.001431,0.005521,0.005660,0.001822,1.810520,0.013420,0.009495,0.025732,0.011000,0.025694,0.138198,0.014495,0.011390,0.011103,0.001906,0.014080,0.062328,0.084662,0.005476,0.003746,0.018894,0.152464,0.074836,0.002882,0.001928,0.032821,0.042382,0.063828,0.002028,0.013123,0.022730,0.028145,0.022731,0.013256,0.002032,0.006784,0.004763,0.120077,0.010905,0.000000,0.005405,0.006179,0.006056,0.000000,0.001623,0.018140,0.048908,0.015125,0.008720,0.002957,0.002745,Not run,Not run,0.000903,0.001381,0.001767,Not run,0.684431,0.379484,Not run
matrix-cpu,56,Base_OpenMP,default,0.028177,0.006045,0.004737,0.050800,0.007959,0.007992,0.008448,0.004870,0.026097,0.019815,0.020000,0.019360,0.018074,0.007535,3.267853,0.001035,0.002088,0.002382,0.001839,1.361892,0.022135,0.009149,0.017516,0.005503,0.017906,0.135182,0.011159,0.015545,0.040793,0.002442,0.011032,0.096223,0.138904,0.007465,0.003918,0.014954,0.109698,0.117044,0.008399,0.001629,0.027040,0.030034,0.052315,0.002170,0.008811,0.015509,0.018455,0.015793,0.009471,0.002360,0.009635,0.006257,0.197190,0.027087,0.000000,0.005604,0.009562,0.009171,0.000000,0.001969,0.024213,0.078917,0.018821,0.013106,0.003534,0.002458,Not run,Not run,0.000612,0.000927,0.001253,Not run,0.537997,0.181859,Not run
matrix-cpu,32,Base_OpenMP,default,0.044186,0.021217,0.004177,0.085777,0.007151,0.011453,0.013569,0.005855,0.023507,0.017802,0.017662,0.024012,0.016712,0.007073,2.860537,0.001333,0.000976,0.001236,0.002616,1.154813,0.056297,0.011638,0.016115,0.004398,0.018129,0.115153,0.012940,0.067097,0.078772,0.002991,0.019460,0.165604,0.241181,0.011925,0.003634,0.019804,0.118638,0.204555,0.004672,0.001556,0.028573,0.029842,0.063734,0.002819,0.009949,0.014118,0.015914,0.014635,0.009770,0.003084,0.015526,0.010689,0.344632,0.061269,0.000000,0.008181,0.015645,0.015516,0.000000,0.002725,0.058062,0.136721,0.023194,0.021208,0.005183,0.002895,Not run,Not run,0.000434,0.000784,0.000987,Not run,0.474130,0.095594,Not run
matrix-cpu,16,Base_OpenMP,default,0.086985,0.061834,0.012437,0.160936,0.009619,0.021321,0.026423,0.011466,0.051414,0.023672,0.023572,0.035143,0.036609,0.010730,2.233325,0.001938,0.000595,0.001881,0.004426,1.024811,0.268022,0.036277,0.076192,0.007006,0.078022,0.130039,0.044203,0.155148,0.244760,0.006384,0.071852,0.293087,0.468909,0.020551,0.005536,0.093769,0.297991,0.388416,0.003349,0.003793,0.034116,0.061133,0.095396,0.005123,0.043054,0.050120,0.052832,0.051043,0.042200,0.006753,0.033282,0.030796,0.632702,0.199652,0.000000,0.015103,0.028842,0.028589,0.000000,0.004756,0.135988,0.257667,0.086047,0.039739,0.009198,0.004883,Not run,Not run,0.000565,0.001029,0.002587,Not run,0.430388,0.043793,Not run
matrix-cpu,8,Base_OpenMP,default,0.162315,0.137969,0.032062,0.322425,0.017400,0.105646,0.054465,0.023903,0.351738,0.054017,0.053967,0.071140,0.245766,0.024421,1.947844,0.003542,0.000659,0.003362,0.008480,0.769568,0.435850,0.181172,0.161557,0.013415,0.160353,0.419458,0.164305,0.264811,0.472030,0.038988,0.348274,0.555458,0.832567,0.042862,0.012255,0.165202,0.865297,0.748166,0.004749,0.008008,0.068833,0.215938,0.286284,0.011617,0.166838,0.148553,0.127424,0.153042,0.164901,0.022316,0.081618,0.066780,1.265178,0.516401,0.000000,0.028692,0.057257,0.056788,0.000000,0.009758,0.260166,0.515295,0.402771,0.085361,0.025381,0.011104,Not run,Not run,0.001140,0.002310,0.008183,Not run,0.414924,0.039350,Not run
matrix-cpu,4,Base_OpenMP,default,0.184640,0.175236,0.065792,0.646282,0.033708,0.159294,0.108026,0.047930,0.528085,0.147622,0.147842,0.125116,0.371194,0.065698,1.900191,0.006757,0.001365,0.007976,0.016722,0.769844,0.594836,0.298444,0.340453,0.026593,0.337279,0.774812,0.400315,0.362113,0.618775,0.047200,0.558957,1.096623,1.722170,0.086194,0.023521,0.278902,1.959537,1.450111,0.006275,0.017384,0.180402,0.560169,0.702389,0.022488,0.401293,0.286488,0.261077,0.291914,0.410859,0.039949,0.147043,0.125269,2.529379,0.715313,0.000000,0.060182,0.114154,0.113267,0.000000,0.021082,0.394777,1.031037,0.603527,0.171513,0.055053,0.026475,Not run,Not run,0.002849,0.005898,0.015682,Not run,0.390730,0.062524,Not run
tioga-cpu,128,Base_OpenMP,default,0.209314,0.017087,0.012307,0.021611,0.013703,0.024075,0.006414,0.008964,0.039540,0.039263,0.037944,0.049441,0.031206,0.014458,12.835776,0.001680,0.000688,0.002813,0.004197,4.903634,0.036932,0.034321,0.039647,0.001976,0.039149,0.141526,0.043841,0.032360,0.050344,0.012244,0.053374,0.225106,0.428340,0.013143,0.007538,0.034762,0.147649,0.320587,0.006197,0.004123,0.049716,0.058357,0.080274,0.006733,0.040682,0.035281,0.044090,0.034508,0.042575,0.007687,0.020119,0.024657,0.515049,0.045853,0.000000,0.022995,0.024704,0.016644,0.000000,0.006912,0.044678,0.068623,0.055533,0.019083,0.008341,0.007964,Not run,Not run,0.001197,0.001245,0.003166,Not run,0.495624,0.062003,Not run
tioga-cpu,64,Base_OpenMP,default,0.252344,0.020013,0.020990,0.030668,0.014120,0.036437,0.011882,0.015804,0.040144,0.060440,0.060216,0.065580,0.031978,0.019802,6.748545,0.003052,0.000832,0.004368,0.007476,1.661123,0.040057,0.039859,0.060150,0.002965,0.061744,0.138933,0.050026,0.037762,0.062992,0.018952,0.056943,0.335361,0.637829,0.011263,0.010294,0.044112,0.197292,0.476331,0.005496,0.006178,0.063514,0.081482,0.117451,0.009823,0.046834,0.054413,0.067462,0.055406,0.047756,0.010463,0.029544,0.029606,0.736823,0.059567,0.000000,0.033701,0.039400,0.024178,0.000000,0.008773,0.062572,0.038593,0.073110,0.022920,0.009324,0.006494,Not run,Not run,0.001464,0.001765,0.005091,Not run,0.528623,0.055833,Not run
tioga-cpu,32,Base_OpenMP,default,0.213095,0.019080,0.021085,0.062442,0.012046,0.058238,0.016601,0.021082,0.040123,0.059440,0.059121,0.069142,0.032325,0.021841,3.407420,0.002798,0.000909,0.004600,0.007539,1.304616,0.040551,0.040099,0.059156,0.002675,0.060273,0.139354,0.049392,0.036356,0.062665,0.027576,0.056789,0.226656,0.329278,0.011914,0.007579,0.042310,0.194287,0.256967,0.005256,0.006329,0.057582,0.082908,0.113526,0.007230,0.045884,0.053190,0.074699,0.054202,0.046474,0.010650,0.034442,0.029685,0.756782,0.058804,0.000000,0.033674,0.036228,0.024936,0.000000,0.008413,0.059633,0.069716,0.071783,0.021970,0.008853,0.006701,Not run,Not run,0.002161,0.001756,0.005203,Not run,0.547749,0.045489,Not run
tioga-cpu,16,Base_OpenMP,default,0.257985,0.071913,0.029898,0.120893,0.021665,0.122429,0.034401,0.041975,0.050020,0.113448,0.113534,0.125371,0.040050,0.041595,3.288888,0.005094,0.001076,0.006958,0.014473,1.418488,0.201942,0.054913,0.070639,0.003755,0.071755,0.258412,0.059864,0.077613,0.214650,0.053778,0.065756,0.377692,0.576114,0.021098,0.013574,0.052729,0.269089,0.454863,0.007386,0.010863,0.081346,0.107691,0.170313,0.012970,0.056539,0.065052,0.133511,0.066346,0.060256,0.019242,0.066731,0.058960,1.399429,0.091357,0.000000,0.065455,0.059810,0.048460,0.000000,0.015162,0.175935,0.138274,0.109960,0.040055,0.016089,0.012789,Not run,Not run,0.003544,0.004493,0.008263,Not run,0.449899,0.043903,Not run
tioga-cpu,8,Base_OpenMP,default,0.462327,0.202906,0.036738,0.238873,0.041933,0.229884,0.070110,0.079978,0.206194,0.224622,0.225017,0.242910,0.144228,0.080521,3.239199,0.009778,0.002130,0.012508,0.028337,0.795639,0.619498,0.093548,0.093955,0.006259,0.095061,0.820950,0.078811,0.219098,0.712291,0.081247,0.125554,0.756940,1.154900,0.038660,0.025342,0.071205,0.435966,0.890483,0.009679,0.018200,0.135590,0.158702,0.295960,0.025085,0.070922,0.082814,0.254266,0.083901,0.072140,0.039897,0.132748,0.130410,2.797989,0.351984,0.000000,0.130562,0.119197,0.096893,0.000000,0.029779,0.419941,0.274903,0.245422,0.079354,0.025518,0.021091,Not run,Not run,0.006323,0.006718,0.013110,Not run,0.448359,0.049504,Not run
tioga-cpu,4,Base_OpenMP,default,0.641898,0.240269,0.053666,0.475965,0.081610,0.464367,0.134016,0.146877,0.551195,0.445970,0.445820,0.465552,0.386607,0.158007,2.577080,0.018525,0.004017,0.024719,0.055869,0.572741,0.790851,0.291952,0.195799,0.011725,0.208305,0.723551,0.316934,0.344490,0.906223,0.162383,0.581516,1.523672,2.313102,0.075640,0.049715,0.270340,1.297520,1.772236,0.013493,0.032317,0.257351,0.347149,0.617180,0.049453,0.322213,0.182184,0.508401,0.189131,0.320812,0.086322,0.265761,0.265292,5.594970,0.582861,0.000000,0.261287,0.238090,0.193510,0.000000,0.059457,0.508386,0.550231,0.672028,0.158721,0.046663,0.033799,Not run,Not run,0.012335,0.008746,0.012818,Not run,0.412430,0.049072,Not run
tioga-cpu,128,Base_OpenMP,default,0.207134,0.018551,0.011652,0.022019,0.010673,0.023909,0.006154,0.009102,0.040685,0.040199,0.038282,0.049582,0.032055,0.014477,12.901500,0.001727,0.000664,0.002930,0.004081,4.852917,0.048264,0.036332,0.038057,0.002078,0.038704,0.140846,0.040752,0.033704,0.051496,0.020164,0.051908,0.225972,0.423711,0.013063,0.007293,0.037618,0.158319,0.324589,0.006289,0.004156,0.046575,0.056673,0.078883,0.006740,0.041513,0.034182,0.042994,0.049935,0.043733,0.007585,0.019991,0.020268,0.500558,0.045913,0.000000,0.023379,0.024389,0.016647,0.000000,0.007030,0.044669,0.067873,0.056567,0.019052,0.008485,0.003483,Not run,Not run,0.001112,0.001205,0.002985,Not run,0.512079,0.066285,Not run
tioga-cpu,64,Base_OpenMP,default,0.257560,0.019680,0.021282,0.031016,0.015357,0.032808,0.012490,0.015770,0.040435,0.060521,0.060164,0.065704,0.032241,0.020015,6.736504,0.002715,0.000843,0.004469,0.007573,1.675230,0.041288,0.040028,0.060759,0.003006,0.061479,0.138672,0.050351,0.037632,0.063994,0.018236,0.057511,0.429920,0.632189,0.011334,0.010177,0.044105,0.198058,0.473128,0.005584,0.006119,0.066669,0.082280,0.117049,0.009731,0.047405,0.054747,0.069031,0.055452,0.047623,0.010323,0.029763,0.029916,0.729871,0.059455,0.000000,0.034134,0.038483,0.024686,0.000000,0.008864,0.062423,0.038939,0.073516,0.022784,0.009342,0.006664,Not run,Not run,0.001475,0.001614,0.005052,Not run,0.528683,0.056908,Not run
tioga-cpu,32,Base_OpenMP,default,0.234213,0.019084,0.021240,0.062456,0.012098,0.058560,0.016998,0.021057,0.040353,0.058679,0.058779,0.069185,0.032297,0.021888,3.409494,0.002958,0.000844,0.004656,0.007889,1.280895,0.040609,0.039908,0.059662,0.002797,0.060241,0.139638,0.050034,0.036473,0.062553,0.030908,0.056826,0.220074,0.327980,0.011933,0.007794,0.042292,0.196300,0.273890,0.005293,0.006093,0.058561,0.083445,0.115235,0.007243,0.046050,0.053424,0.075362,0.054585,0.046823,0.010514,0.034474,0.029910,0.752608,0.057876,0.000000,0.033907,0.036888,0.024870,0.000000,0.008489,0.059494,0.069679,0.073665,0.022704,0.008983,0.006821,Not run,Not run,0.002172,0.001786,0.005234,Not run,0.542029,0.047136,Not run
tioga-cpu,16,Base_OpenMP,default,0.258290,0.071735,0.029509,0.120788,0.021626,0.122513,0.034415,0.042310,0.050190,0.113659,0.113777,0.125849,0.041494,0.041756,3.352141,0.005265,0.001624,0.007889,0.014388,1.421152,0.203432,0.055555,0.071188,0.003775,0.072256,0.264433,0.062563,0.092862,0.221906,0.054129,0.068256,0.419516,0.577777,0.020952,0.013527,0.052718,0.268508,0.464125,0.007433,0.010863,0.082356,0.106805,0.170708,0.013013,0.057570,0.065326,0.132874,0.064827,0.059710,0.019418,0.066791,0.059081,1.400012,0.092132,0.000000,0.065232,0.059821,0.048503,0.000000,0.015168,0.178763,0.138443,0.109674,0.040453,0.016286,0.013136,Not run,Not run,0.003541,0.004509,0.008651,Not run,0.461306,0.041322,Not run
tioga-cpu,8,Base_OpenMP,default,0.461470,0.201981,0.035289,0.238801,0.041550,0.230008,0.070060,0.080353,0.210490,0.224163,0.224352,0.244430,0.153680,0.080503,3.312291,0.009786,0.002130,0.012508,0.028274,0.771736,0.618067,0.093233,0.095847,0.006331,0.098102,0.829789,0.080405,0.218816,0.716332,0.081376,0.117097,0.764065,1.143444,0.038703,0.025861,0.072782,0.436424,0.899501,0.009803,0.018048,0.139650,0.163497,0.296947,0.025167,0.071145,0.084802,0.254922,0.087080,0.073614,0.039321,0.133083,0.129635,2.798373,0.350710,0.000000,0.130338,0.119474,0.096949,0.000000,0.029775,0.418358,0.275004,0.250873,0.079229,0.024919,0.021824,Not run,Not run,0.006313,0.006426,0.013576,Not run,0.451370,0.048791,Not run
tioga-cpu,4,Base_OpenMP,default,0.642898,0.240658,0.056880,0.476544,0.081615,0.463644,0.134230,0.146807,0.551691,0.445915,0.446204,0.468265,0.383822,0.158259,2.560006,0.018453,0.004032,0.024714,0.055852,0.557880,0.791147,0.292525,0.190446,0.011703,0.198970,0.722261,0.318260,0.340863,0.909620,0.180214,0.578130,1.540459,2.300494,0.075878,0.052365,0.270684,1.482390,1.784296,0.014015,0.032204,0.259386,0.340574,0.597624,0.051945,0.318579,0.178537,0.507093,0.178952,0.314348,0.086582,0.266016,0.268322,5.596472,0.583826,0.000000,0.261251,0.238113,0.193506,0.000000,0.059378,0.531597,0.549928,0.670356,0.158404,0.047346,0.034411,Not run,Not run,0.012332,0.007307,0.011809,Not run,0.412531,0.050096,Not run
tioga-cpu,128,Base_OpenMP,default,0.210995,0.018530,0.009325,0.021356,0.010723,0.024293,0.006268,0.008776,0.040604,0.038618,0.039919,0.050664,0.035028,0.013945,13.028816,0.001741,0.023104,0.003013,0.003996,4.828108,0.037194,0.034565,0.033208,0.002084,0.034964,0.151903,0.044866,0.033420,0.054068,0.012502,0.055245,0.225799,0.419257,0.012991,0.007131,0.035132,0.147495,0.314386,0.006329,0.004324,0.049732,0.050515,0.077091,0.006678,0.042923,0.032027,0.046374,0.032118,0.044051,0.010658,0.020701,0.023632,0.485874,0.045573,0.000000,0.023727,0.024754,0.016080,0.000000,0.007040,0.044902,0.069611,0.056142,0.018760,0.008338,0.003430,Not run,Not run,0.001135,0.001219,0.002771,Not run,0.525098,0.065468,Not run
tioga-cpu,64,Base_OpenMP,default,0.242637,0.018981,0.021224,0.030999,0.012389,0.032349,0.011971,0.015862,0.040151,0.060478,0.060568,0.065688,0.032142,0.020346,7.574181,0.002771,0.000854,0.004210,0.007200,1.665989,0.040687,0.039681,0.060755,0.002964,0.061723,0.139435,0.050191,0.037296,0.063635,0.018124,0.057128,0.422085,0.628911,0.011507,0.010215,0.043859,0.200610,0.475190,0.005503,0.006120,0.063565,0.084749,0.118570,0.009775,0.046989,0.054573,0.068039,0.055802,0.047874,0.010627,0.034101,0.028972,0.735449,0.059441,0.000000,0.033592,0.039722,0.024952,0.000000,0.009052,0.062417,0.047186,0.074250,0.022060,0.009361,0.006649,Not run,Not run,0.001482,0.001702,0.005110,Not run,0.599945,0.057421,Not run
tioga-cpu,32,Base_OpenMP,default,0.217041,0.017760,0.021083,0.062334,0.011965,0.053420,0.016600,0.021042,0.040120,0.059276,0.059202,0.069733,0.032188,0.022093,3.289751,0.002942,0.000865,0.004598,0.007535,1.279550,0.040281,0.039789,0.059169,0.002724,0.059822,0.138652,0.049282,0.036792,0.062181,0.021961,0.056713,0.216841,0.339112,0.011821,0.007504,0.041918,0.193892,0.253538,0.005275,0.006264,0.057281,0.081692,0.114275,0.007227,0.045546,0.053264,0.075251,0.054421,0.046951,0.010480,0.038704,0.029964,0.748737,0.058759,0.000000,0.033737,0.036687,0.024955,0.000000,0.008493,0.059153,0.081402,0.071829,0.023024,0.008859,0.006857,Not run,Not run,0.002186,0.001661,0.005159,Not run,0.541551,0.045698,Not run
tioga-cpu,16,Base_OpenMP,default,0.253949,0.072385,0.030151,0.120756,0.021794,0.112678,0.034404,0.042354,0.050273,0.114116,0.114253,0.123482,0.042638,0.041788,2.689307,0.004976,0.001644,0.007890,0.014492,1.129229,0.201587,0.055416,0.072023,0.003762,0.073182,0.258997,0.062921,0.092226,0.208075,0.042330,0.069145,0.378111,0.573845,0.020996,0.013554,0.054575,0.270243,0.447887,0.007306,0.010781,0.081381,0.108329,0.171489,0.013002,0.057615,0.065728,0.132583,0.065178,0.057877,0.019444,0.074955,0.058405,1.400151,0.091438,0.000000,0.065555,0.060070,0.048475,0.000000,0.015196,0.179304,0.161951,0.109927,0.040788,0.016186,0.013027,Not run,Not run,0.003552,0.004507,0.008717,Not run,0.509459,0.041024,Not run
tioga-cpu,8,Base_OpenMP,default,0.463098,0.200990,0.034198,0.239267,0.041676,0.229540,0.070155,0.079814,0.201704,0.224494,0.224637,0.263843,0.142245,0.080565,3.327565,0.009551,0.002115,0.012471,0.028240,0.797712,0.616556,0.093568,0.097307,0.006345,0.097971,0.822835,0.078511,0.217999,0.708749,0.081470,0.114605,0.874660,1.270834,0.038485,0.025594,0.073700,0.452707,0.891820,0.009736,0.018027,0.140612,0.160418,0.298423,0.025099,0.072218,0.086287,0.254340,0.087380,0.074198,0.039721,0.132893,0.130948,2.797694,0.348722,0.000000,0.130620,0.119369,0.096895,0.000000,0.029857,0.420994,0.274795,0.242631,0.079207,0.025141,0.021062,Not run,Not run,0.006315,0.006297,0.011906,Not run,0.493745,0.047641,Not run
tioga-cpu,4,Base_OpenMP,default,0.636641,0.239137,0.056997,0.476222,0.081572,0.463374,0.134848,0.148157,0.551305,0.446485,0.446773,0.498195,0.384574,0.158252,2.801840,0.018553,0.004026,0.024730,0.055912,0.574803,0.787002,0.291566,0.205460,0.011604,0.217066,0.710540,0.319739,0.338735,0.908273,0.162833,0.573951,1.700196,2.461466,0.075681,0.049748,0.266174,1.631867,1.779023,0.013436,0.031886,0.258793,0.358034,0.608023,0.049394,0.317637,0.173984,0.509178,0.177268,0.317981,0.086881,0.265763,0.268760,5.596795,0.582150,0.000000,0.261288,0.238225,0.193529,0.000000,0.059399,0.519231,0.549535,0.665288,0.158784,0.047638,0.033976,Not run,Not run,0.012327,0.006352,0.011483,Not run,0.433357,0.048719,Not run
tuolumne-cpu,192,Base_OpenMP,default,0.045006,0.003049,0.004970,0.014025,0.010970,0.006634,0.002597,0.005887,0.007708,0.033565,0.032038,0.036275,0.006212,0.031419,3.945469,0.001696,0.000848,0.002351,0.004949,1.833209,0.009176,0.010058,0.018044,0.006572,0.017777,0.157084,0.013236,0.010548,0.009640,0.005321,0.009851,0.058442,0.093273,0.006894,0.004034,0.019410,0.117005,0.075529,0.005527,0.002240,0.113099,0.030909,0.090202,0.002789,0.013889,0.014665,0.032265,0.014412,0.009289,0.003291,0.008755,0.008139,0.185916,0.009740,0.000000,0.010156,0.008919,0.006210,0.000000,0.002892,0.015927,0.012478,0.016145,0.006717,0.002306,0.002391,Not run,Not run,0.001642,0.001498,0.001396,Not run,0.453325,0.212408,Not run
tuolumne-cpu,96,Base_OpenMP,default,0.076596,0.003610,0.005997,0.020651,0.013595,0.014212,0.003672,0.008973,0.009760,0.047779,0.047701,0.075972,0.008552,0.018648,4.609151,0.002202,0.001089,0.002636,0.006849,1.059354,0.013615,0.014564,0.020932,0.002130,0.021180,0.151003,0.013469,0.015521,0.013820,0.009596,0.014067,0.114342,0.185373,0.008873,0.005109,0.026546,0.129300,0.244492,0.007069,0.002425,0.170108,0.039547,0.136740,0.003627,0.012003,0.020730,0.040593,0.021052,0.011809,0.005490,0.014987,0.015188,0.343852,0.017270,0.000000,0.017062,0.015384,0.010368,0.000000,0.004443,0.031636,0.022926,0.028053,0.011273,0.003429,0.002975,Not run,Not run,0.001942,0.001522,0.001468,Not run,0.351683,0.194604,Not run
tuolumne-cpu,48,Base_OpenMP,default,0.074610,0.003608,0.005766,0.032013,0.012779,0.017620,0.004422,0.008508,0.009627,0.049555,0.049456,0.059804,0.008496,0.020235,1.532597,0.002086,0.000886,0.002637,0.006761,0.689579,0.016372,0.014072,0.022008,0.002972,0.022495,0.153505,0.013818,0.015516,0.014688,0.012334,0.015215,0.124824,0.219916,0.011100,0.005794,0.022154,0.133313,0.250247,0.006871,0.003725,0.123261,0.040285,0.099096,0.005106,0.012270,0.018099,0.057253,0.017852,0.013244,0.006313,0.016143,0.018862,0.362192,0.017134,0.000000,0.017593,0.016102,0.013945,0.000000,0.004574,0.036370,0.039983,0.028474,0.011513,0.003535,0.003933,Not run,Not run,0.002286,0.001538,0.001453,Not run,0.355832,0.175464,Not run
tuolumne-cpu,32,Base_OpenMP,default,0.110365,0.006336,0.006928,0.049754,0.014454,0.036575,0.011450,0.014402,0.011711,0.057536,0.057128,0.073948,0.009206,0.022897,1.540101,0.002604,0.000798,0.003278,0.006275,0.692828,0.019994,0.017759,0.027425,0.002358,0.028511,0.156497,0.014591,0.019773,0.028056,0.017370,0.016308,0.169633,0.315522,0.015168,0.007054,0.023524,0.133680,0.216039,0.009497,0.004141,0.127719,0.043752,0.114303,0.006391,0.014143,0.018714,0.067517,0.018174,0.013429,0.009121,0.023970,0.026328,0.543260,0.026189,0.000001,0.026209,0.024052,0.020635,0.000001,0.006403,0.071423,0.058307,0.038752,0.016275,0.004541,0.004624,Not run,Not run,0.002233,0.001158,0.001521,Not run,0.353140,0.136475,Not run
tuolumne-cpu,16,Base_OpenMP,default,0.164189,0.021964,0.008876,0.084723,0.019540,0.092198,0.024849,0.029719,0.023527,0.101874,0.102552,0.105436,0.016810,0.040061,1.373864,0.004464,0.000863,0.005541,0.014199,0.686041,0.064688,0.032173,0.033580,0.003885,0.034427,0.171319,0.022495,0.050241,0.107067,0.031670,0.026465,0.321889,0.761425,0.025856,0.012940,0.030630,0.205254,0.472271,0.013087,0.006999,0.134746,0.066596,0.157299,0.011452,0.019995,0.027693,0.111355,0.027860,0.019783,0.021423,0.047455,0.069269,1.085204,0.061563,0.000001,0.050455,0.046833,0.039552,0.000001,0.011838,0.201506,0.114799,0.069261,0.031586,0.008014,0.007865,Not run,Not run,0.003307,0.001629,0.001890,Not run,0.281771,0.079940,Not run
tuolumne-cpu,8,Base_OpenMP,default,0.254925,0.059988,0.015844,0.159793,0.036554,0.191387,0.048036,0.057338,0.083775,0.182319,0.182437,0.189992,0.059752,0.069809,1.126854,0.008682,0.001411,0.010431,0.023343,0.371459,0.160793,0.069681,0.057272,0.005109,0.061600,0.227666,0.061090,0.165121,0.246283,0.061949,0.107156,0.622665,1.195336,0.038203,0.023278,0.061430,0.344968,0.788192,0.012555,0.013140,0.126847,0.114702,0.245891,0.022582,0.049942,0.054888,0.213319,0.055664,0.051339,0.062001,0.094561,0.293299,2.171926,0.152342,0.000001,0.099921,0.091807,0.078770,0.000000,0.023725,0.427061,0.227689,0.162989,0.062536,0.016862,0.012751,Not run,Not run,0.005320,0.002288,0.002942,Not run,0.219111,0.093437,Not run
tuolumne-cpu,4,Base_OpenMP,default,0.512485,0.136104,0.069076,0.312091,0.067837,0.399379,0.100238,0.116607,0.317777,0.351309,0.351568,0.363951,0.222152,0.131141,0.938735,0.016853,0.002334,0.020550,0.046281,0.267507,0.397473,0.200468,0.201274,0.008928,0.209233,0.433645,0.241275,0.389913,0.601438,0.123887,0.382709,1.842838,2.387485,0.072107,0.040264,0.205528,1.414020,1.473564,0.009580,0.026300,0.255932,0.338851,0.978284,0.040224,0.227912,0.177076,0.415979,0.182014,0.230981,0.273971,0.189721,0.728747,4.343316,0.386954,0.000001,0.199704,0.183652,0.157722,0.000000,0.047306,0.846103,0.456840,0.434293,0.129538,0.050406,0.025480,Not run,Not run,0.010209,0.003517,0.009864,Not run,0.249148,0.037307,Not run
tuolumne-cpu,192,Base_OpenMP,default,0.052245,0.002448,0.004761,0.012244,0.010836,0.006689,0.002518,0.005603,0.007358,0.038842,0.031606,0.070688,0.005259,0.017573,4.243267,0.001689,0.000844,0.002263,0.004948,1.884715,0.009020,0.013625,0.017012,0.002693,0.016986,0.157458,0.010342,0.010147,0.009357,0.005193,0.010011,0.063766,0.107335,0.006925,0.003938,0.020024,0.105006,0.076547,0.005440,0.001952,0.108901,0.030067,0.085127,0.002848,0.008739,0.014202,0.030715,0.018370,0.009081,0.003297,0.008727,0.008117,0.176695,0.009714,0.000000,0.010263,0.009171,0.006476,0.000000,0.003066,0.017389,0.015167,0.016416,0.006584,0.002291,0.002322,Not run,Not run,0.001591,0.001220,0.001366,Not run,0.470704,0.177289,Not run
tuolumne-cpu,96,Base_OpenMP,default,0.080253,0.004249,0.005721,0.020354,0.013303,0.013712,0.004060,0.009046,0.010449,0.047710,0.047627,0.038593,0.008335,0.019214,4.751564,0.002192,0.001122,0.002937,0.006725,0.787463,0.013527,0.014632,0.021620,0.002852,0.021760,0.154415,0.013301,0.015515,0.014065,0.008732,0.013285,0.112347,0.196032,0.008916,0.004682,0.026055,0.128571,0.229032,0.007169,0.002866,0.168845,0.041497,0.134412,0.003543,0.012045,0.017490,0.040801,0.017538,0.011324,0.005627,0.019044,0.015165,0.344621,0.018343,0.000000,0.017636,0.015650,0.010165,0.000000,0.004622,0.037034,0.028116,0.028369,0.011304,0.003512,0.002954,Not run,Not run,0.002147,0.001597,0.001450,Not run,0.389907,0.181484,Not run
tuolumne-cpu,48,Base_OpenMP,default,0.058589,0.003823,0.005917,0.031764,0.012700,0.017725,0.004388,0.007763,0.009666,0.048238,0.048809,0.059607,0.008513,0.020045,1.560103,0.002063,0.000889,0.002616,0.006525,0.684942,0.015188,0.013878,0.021230,0.002184,0.021590,0.152140,0.013819,0.015823,0.015318,0.011032,0.014425,0.120583,0.214885,0.011169,0.005915,0.021331,0.131331,0.270905,0.006824,0.003430,0.123601,0.040616,0.101073,0.005119,0.012404,0.017208,0.056904,0.017173,0.012094,0.006140,0.021919,0.019972,0.362082,0.017553,0.000000,0.017499,0.016061,0.013732,0.000000,0.004564,0.036245,0.045601,0.029133,0.011452,0.003527,0.003899,Not run,Not run,0.002072,0.001384,0.001484,Not run,0.349566,0.161293,Not run
tuolumne-cpu,32,Base_OpenMP,default,0.096103,0.006978,0.006301,0.044426,0.014272,0.036324,0.011478,0.012479,0.011302,0.056281,0.057577,0.074166,0.009519,0.022441,1.690176,0.002604,0.000812,0.003350,0.008395,0.648302,0.020831,0.017665,0.022438,0.003236,0.023175,0.157735,0.014381,0.020168,0.030676,0.016822,0.016629,0.175675,0.316452,0.015776,0.007053,0.023473,0.136949,0.286662,0.009477,0.004137,0.126366,0.044197,0.111190,0.006506,0.014173,0.018242,0.069604,0.018172,0.013233,0.009295,0.024173,0.028062,0.542731,0.025877,0.000000,0.025996,0.024007,0.020232,0.000000,0.006294,0.075974,0.058470,0.039526,0.016449,0.004594,0.004610,Not run,Not run,0.002445,0.001565,0.001532,Not run,0.316704,0.128393,Not run
tuolumne-cpu,16,Base_OpenMP,default,0.192656,0.022003,0.009621,0.085352,0.022155,0.091290,0.024624,0.030027,0.022911,0.099022,0.100441,0.105674,0.017861,0.038874,1.301763,0.004576,0.000972,0.005654,0.013903,0.531362,0.064438,0.032839,0.035256,0.004401,0.037229,0.169885,0.023573,0.058642,0.104508,0.031811,0.027541,0.390526,0.666277,0.026069,0.014381,0.031748,0.215374,0.362417,0.013230,0.007549,0.127987,0.071756,0.161728,0.012677,0.021370,0.031853,0.115422,0.029633,0.021104,0.024433,0.047102,0.084243,1.085197,0.061041,0.000000,0.050693,0.046432,0.039857,0.000001,0.011811,0.201260,0.114613,0.071108,0.031384,0.008232,0.007449,Not run,Not run,0.003356,0.002461,0.002075,Not run,0.246612,0.107377,Not run
tuolumne-cpu,8,Base_OpenMP,default,0.300566,0.051775,0.017636,0.158870,0.036434,0.196122,0.048105,0.057473,0.082063,0.181691,0.182565,0.188940,0.059065,0.069597,1.191526,0.008691,0.001409,0.010451,0.023335,0.359925,0.150849,0.070392,0.061004,0.004994,0.064453,0.215045,0.054937,0.148569,0.212179,0.062245,0.106423,0.646113,0.949991,0.037942,0.021287,0.051268,0.343325,0.711702,0.012278,0.012789,0.126003,0.113973,0.242395,0.022451,0.053121,0.046089,0.213810,0.045838,0.052181,0.063700,0.094642,0.261795,2.174573,0.141242,0.000001,0.099908,0.092413,0.078867,0.000000,0.023547,0.310046,0.227579,0.161405,0.063185,0.017158,0.012770,Not run,Not run,0.005342,0.002364,0.002945,Not run,0.245384,0.093513,Not run
tuolumne-cpu,4,Base_OpenMP,default,0.587030,0.113714,0.069575,0.311518,0.067835,0.390177,0.099742,0.116094,0.288424,0.351369,0.351415,0.359579,0.202381,0.131079,0.958688,0.016854,0.002337,0.020513,0.046187,0.252554,0.369260,0.186636,0.207694,0.008424,0.216043,0.416438,0.225676,0.319165,0.500038,0.124005,0.353104,1.232422,1.841117,0.071606,0.040004,0.201081,1.345591,2.247040,0.009475,0.026326,0.260720,0.306909,0.881857,0.039968,0.214819,0.172481,0.416194,0.182153,0.217018,0.261349,0.189406,0.503149,4.337970,0.336868,0.000001,0.199450,0.183114,0.157521,0.000000,0.047072,0.612432,0.455980,0.399493,0.128756,0.050785,0.025574,Not run,Not run,0.010197,0.003510,0.010199,Not run,0.223051,0.035906,Not run
tuolumne-cpu,192,Base_OpenMP,default,0.046048,0.002888,0.004630,0.012215,0.010451,0.006630,0.002493,0.005553,0.007408,0.031406,0.030326,0.032349,0.006069,0.013805,4.275178,0.001799,0.000829,0.002286,0.007137,1.992974,0.009062,0.009798,0.016378,0.002497,0.016364,0.171219,0.009805,0.010431,0.009416,0.005005,0.009485,0.066089,0.097492,0.006949,0.003795,0.018746,0.100356,0.072697,0.005543,0.001982,0.098988,0.029550,0.084641,0.002798,0.008295,0.013676,0.030100,0.013580,0.008536,0.003137,0.008520,0.008276,0.178759,0.009760,0.000001,0.010332,0.009505,0.006320,0.000001,0.003099,0.016325,0.015091,0.016288,0.006652,0.002260,0.002324,Not run,Not run,0.001542,0.001459,0.001340,Not run,0.489890,0.185336,Not run
tuolumne-cpu,96,Base_OpenMP,default,0.077563,0.004329,0.006039,0.022016,0.013625,0.013533,0.003725,0.008967,0.010800,0.047735,0.047609,0.078882,0.008239,0.019595,4.423930,0.002105,0.001064,0.002658,0.006831,0.785369,0.013964,0.014480,0.021239,0.002592,0.021261,0.151571,0.013259,0.015836,0.014856,0.008840,0.014064,0.121061,0.175147,0.008881,0.004891,0.027155,0.130328,0.176987,0.007100,0.003094,0.169450,0.041452,0.138940,0.003573,0.011668,0.017495,0.040072,0.017428,0.011870,0.005542,0.015022,0.016468,0.343686,0.017450,0.000000,0.017670,0.015379,0.010145,0.000000,0.004443,0.033138,0.023021,0.028214,0.011250,0.003364,0.002960,Not run,Not run,0.001944,0.001557,0.001539,Not run,0.382363,0.189286,Not run
tuolumne-cpu,48,Base_OpenMP,default,0.055476,0.004247,0.005732,0.033452,0.012954,0.018534,0.004325,0.007942,0.009621,0.047070,0.047595,0.060976,0.008186,0.019290,1.638785,0.002015,0.000819,0.002570,0.006531,0.774727,0.016358,0.013489,0.020512,0.002879,0.021031,0.152844,0.013134,0.016153,0.014349,0.041009,0.014107,0.131350,0.258092,0.011146,0.005677,0.021147,0.121299,0.176027,0.006771,0.003303,0.123902,0.038436,0.097322,0.004848,0.011427,0.016347,0.053783,0.016319,0.011439,0.006951,0.016116,0.026155,0.362546,0.017456,0.000000,0.017415,0.016316,0.013772,0.000000,0.004455,0.034060,0.040034,0.028230,0.011387,0.003547,0.003738,Not run,Not run,0.002035,0.001413,0.001378,Not run,0.390366,0.162724,Not run
tuolumne-cpu,32,Base_OpenMP,default,0.087656,0.006617,0.006388,0.046511,0.014346,0.035510,0.011277,0.013870,0.010923,0.057300,0.058039,0.074054,0.009669,0.023379,1.635492,0.002612,0.000790,0.003325,0.006229,0.694357,0.019697,0.017676,0.026087,0.002369,0.026551,0.156596,0.015433,0.020522,0.027928,0.016173,0.016529,0.171550,0.339858,0.015958,0.007303,0.022952,0.133880,0.279497,0.009496,0.004101,0.126951,0.049114,0.113973,0.006410,0.012957,0.018977,0.067685,0.018376,0.014065,0.009882,0.024159,0.035050,0.543209,0.026694,0.000000,0.025764,0.023671,0.020300,0.000000,0.006321,0.075173,0.058587,0.038998,0.016277,0.004648,0.004712,Not run,Not run,0.002212,0.001154,0.001551,Not run,0.347700,0.128286,Not run
tuolumne-cpu,16,Base_OpenMP,default,0.165838,0.022668,0.009047,0.081668,0.019323,0.091403,0.025032,0.029244,0.018515,0.096894,0.096963,0.106665,0.014197,0.039661,1.568866,0.004478,0.000858,0.005538,0.011800,0.721992,0.064895,0.032061,0.033630,0.003498,0.035690,0.175622,0.022026,0.048513,0.105765,0.033474,0.027156,0.341613,0.734472,0.025824,0.012666,0.030241,0.201343,0.691490,0.013068,0.007067,0.126911,0.067187,0.156694,0.011105,0.019748,0.028280,0.110685,0.027592,0.019854,0.020033,0.047440,0.071417,1.085607,0.063818,0.000000,0.050402,0.046367,0.039595,0.000000,0.011842,0.201450,0.114587,0.070115,0.031353,0.008070,0.007345,Not run,Not run,0.002853,0.001456,0.001825,Not run,0.295368,0.075256,Not run
tuolumne-cpu,8,Base_OpenMP,default,0.252403,0.057403,0.015318,0.157816,0.035258,0.195364,0.047653,0.056682,0.082867,0.181178,0.181261,0.190996,0.059048,0.068710,1.284422,0.008577,0.001290,0.010322,0.023286,0.359870,0.156901,0.069104,0.055549,0.004976,0.059014,0.223945,0.055358,0.115162,0.238154,0.062186,0.106389,0.988895,1.133018,0.038186,0.020798,0.053599,0.340900,0.845203,0.012605,0.012775,0.126066,0.110292,0.238715,0.022780,0.049917,0.045051,0.208829,0.044501,0.048954,0.055624,0.094400,0.264879,2.172004,0.150413,0.000000,0.099876,0.092476,0.078859,0.000000,0.023435,0.415109,0.227501,0.161812,0.062647,0.017292,0.012606,Not run,Not run,0.005205,0.002200,0.002829,Not run,0.247191,0.050114,Not run
tuolumne-cpu,4,Base_OpenMP,default,0.504058,0.129483,0.066303,0.311222,0.067826,0.400043,0.099758,0.116489,0.311629,0.350948,0.351223,0.361250,0.218883,0.130869,0.960316,0.016838,0.002337,0.020500,0.046306,0.252377,0.386254,0.199544,0.202657,0.008955,0.210331,0.471098,0.235770,0.275175,0.577832,0.123734,0.381445,1.384540,2.441585,0.072499,0.040057,0.204924,1.428418,1.802738,0.009472,0.026538,0.246741,0.334038,0.899333,0.040006,0.223075,0.173798,0.414755,0.178780,0.226710,0.209626,0.190023,0.605679,4.337767,0.382235,0.000000,0.199310,0.186148,0.158017,0.000000,0.047143,0.823448,0.456189,0.433556,0.132385,0.050541,0.025201,Not run,Not run,0.010196,0.003517,0.009370,Not run,0.212564,0.035517,Not run
AVERAGE
borax,72,,,0.107041,0.080139,0.024164,0.125924,0.021122,0.033947,0.014417,0.023140,0.055281,0.090838,0.087175,0.056350,0.040298,0.036559,4.400941,0.003649,0.003606,0.004120,0.007909,2.751699,0.503667,0.035754,0.081505,0.008151,0.082428,0.478684,0.057983,0.214796,0.397895,0.007302,0.064976,0.864259,1.334424,0.015539,0.019427,0.050718,0.427274,1.097875,0.011619,0.006136,0.064310,0.127801,0.173138,0.016625,0.054575,0.074877,0.071133,0.074031,0.054833,0.006633,0.034531,0.023538,0.687520,0.270905,0.000000,0.017680,0.035038,0.034566,0.000000,0.005751,0.215368,0.187780,0.079156,0.044591,0.010602,0.008441,,,0.002451,0.005087,0.005690,,0.628253,0.379026,
borax,32,,,0.173038,0.104717,0.036707,0.268707,0.018833,0.069477,0.026609,0.037495,0.084840,0.115907,0.115077,0.090973,0.060663,0.051872,4.257778,0.006102,0.001520,0.004301,0.015582,3.384604,0.489925,0.049219,0.118089,0.007374,0.118619,0.287598,0.074725,0.191740,0.405635,0.012567,0.092346,1.888747,2.958606,0.026774,0.039419,0.067340,0.630919,2.458204,0.011580,0.007435,0.112300,0.186718,0.280526,0.032473,0.074316,0.097169,0.103107,0.113142,0.079970,0.011409,0.072025,0.047705,1.538165,0.343721,0.000000,0.034651,0.075783,0.074812,0.000000,0.010234,0.379508,0.421898,0.116527,0.094478,0.018858,0.010858,,,0.002387,0.005535,0.007589,,2.167235,0.195848,
borax,16,,,0.125775,0.091766,0.029798,0.244912,0.015630,0.069130,0.039412,0.046306,0.093239,0.117957,0.123434,0.094444,0.062248,0.053411,2.445188,0.005874,0.001533,0.004899,0.015290,1.529687,0.469046,0.050825,0.110126,0.010495,0.122704,0.409009,0.073877,0.193490,0.396681,0.014845,0.092592,0.556250,0.878425,0.036415,0.014810,0.063532,0.628800,0.765312,0.008551,0.007177,0.101570,0.175585,0.288429,0.013791,0.073521,0.102422,0.086584,0.111723,0.073492,0.013321,0.074902,0.062622,1.696231,0.339442,0.000000,0.040599,0.111904,0.108967,0.000000,0.010883,0.246463,0.391563,0.120149,0.104331,0.021383,0.015045,,,0.002390,0.006073,0.007599,,0.623004,0.128508,
borax,8,,,0.211304,0.165406,0.050735,0.486694,0.025301,0.170171,0.073502,0.088305,0.540362,0.209614,0.225377,0.171232,0.376551,0.097337,3.132627,0.011007,0.001236,0.004692,0.029761,1.254380,0.599231,0.244186,0.207880,0.018295,0.207808,0.439284,0.189257,0.342510,0.626001,0.046769,0.500325,1.106239,1.720639,0.071854,0.024967,0.160522,1.199729,1.511661,0.007828,0.009253,0.189284,0.337055,0.540533,0.023831,0.192389,0.175701,0.141481,0.183867,0.194661,0.035405,0.156552,0.134576,3.389410,0.721215,0.000000,0.079081,0.222652,0.216700,0.000000,0.020103,0.472028,0.784384,0.553748,0.211184,0.044311,0.022673,,,0.002126,0.006393,0.009763,,0.794743,0.050464,
borax,4,,,0.361119,0.213663,0.095653,0.882384,0.044490,0.265783,0.133674,0.160650,0.682541,0.376407,0.404501,0.304174,0.482391,0.174924,2.717879,0.019767,0.002131,0.008923,0.053926,1.234203,0.710356,0.366277,0.388621,0.032939,0.390642,0.674577,0.384692,0.508595,0.868742,0.067741,0.743601,2.001918,3.113216,0.130871,0.044622,0.295564,2.313526,2.732279,0.013727,0.018075,0.323469,0.601641,0.978723,0.042807,0.371347,0.333647,0.263763,0.346981,0.376514,0.063521,0.282639,0.241170,6.094368,1.043750,0.000000,0.142047,0.403111,0.392686,0.000000,0.036432,0.829151,1.423447,0.798440,0.383218,0.080587,0.041963,,,0.003674,0.011597,0.019352,,0.489765,0.057437,
boraxo,72,,,0.080370,0.043929,0.011922,0.136818,0.018570,0.023886,0.013019,0.010955,0.059436,0.048668,0.047994,0.053504,0.041911,0.020594,12.094268,0.002473,0.003293,0.003921,0.004237,5.123164,0.276411,0.040727,0.045792,0.009060,0.046605,0.379406,0.050649,0.124822,0.256184,0.007189,0.080440,1.093222,1.653419,0.013529,0.026498,0.039663,0.260411,1.242734,0.010314,0.005417,0.047055,0.082274,0.127133,0.020791,0.050041,0.039094,0.048259,0.039130,0.049651,0.005254,0.033106,0.021417,0.604689,0.158348,0.000000,0.014853,0.029632,0.032235,0.000000,0.004448,0.186486,0.205780,0.083763,0.045874,0.009921,0.005243,,,0.001598,0.002130,0.002641,,0.829620,0.381221,
boraxo,32,,,0.146524,0.054229,0.026582,0.292333,0.019991,0.038839,0.028138,0.018928,0.106355,0.051330,0.051228,0.076018,0.075945,0.022928,8.883158,0.003592,0.001507,0.003527,0.007614,4.194186,0.253786,0.060156,0.104949,0.007752,0.104980,0.296617,0.078722,0.121297,0.270950,0.013970,0.119119,2.452646,3.711675,0.025355,0.054345,0.065881,0.500322,2.785734,0.013232,0.008642,0.087967,0.168332,0.244191,0.044381,0.078425,0.094806,0.105376,0.094634,0.078029,0.010716,0.069343,0.044935,1.359103,0.204320,0.000000,0.029245,0.064392,0.070168,0.000000,0.008531,0.398045,0.459872,0.140403,0.100393,0.019865,0.008892,,,0.001392,0.002185,0.005661,,1.684180,0.196643,
boraxo,16,,,0.090457,0.056164,0.025197,0.265879,0.017432,0.039050,0.042456,0.019384,0.111446,0.047579,0.046802,0.089598,0.078844,0.022002,4.514334,0.003279,0.001134,0.003077,0.007500,2.668752,0.260376,0.061179,0.100222,0.012069,0.100350,0.390523,0.078383,0.125632,0.270116,0.025757,0.119153,1.312774,2.062122,0.040789,0.021912,0.066698,0.499495,2.144878,0.008990,0.007491,0.084883,0.160493,0.247960,0.020285,0.078084,0.090160,0.099936,0.090034,0.077575,0.013086,0.079712,0.050793,1.460051,0.207421,0.000000,0.031232,0.096130,0.093887,0.000000,0.009350,0.185705,0.424739,0.142485,0.113551,0.021196,0.013933,,,0.001805,0.002142,0.005445,,0.710603,0.111638,
boraxo,8,,,0.148001,0.108794,0.057914,0.530046,0.028778,0.087843,0.085235,0.040984,0.300794,0.124388,0.124425,0.155536,0.208191,0.052315,3.618535,0.005645,0.001117,0.006293,0.013846,1.677450,0.344841,0.173734,0.259207,0.022154,0.262432,0.388929,0.232100,0.233352,0.419872,0.045174,0.334647,2.614335,4.106283,0.076293,0.040090,0.187980,1.447244,4.284852,0.009933,0.014587,0.175886,0.395634,0.587876,0.040203,0.227627,0.231878,0.230562,0.229343,0.228466,0.029103,0.157345,0.104290,2.917553,0.437102,0.000000,0.063448,0.190906,0.186410,0.000000,0.019118,0.361452,0.847744,0.362873,0.226131,0.043343,0.028285,,,0.002828,0.004945,0.012821,,0.948251,0.081059,
boraxo,4,,,0.267103,0.153562,0.113916,1.058216,0.055792,0.148597,0.169764,0.083489,0.453377,0.258236,0.258078,0.323263,0.308188,0.101933,3.924155,0.011074,0.002355,0.012220,0.027447,1.894916,0.466488,0.281786,0.504116,0.044124,0.515180,0.630543,0.392649,0.432973,0.682367,0.088805,0.543959,5.188575,8.186482,0.151948,0.082654,0.312616,2.897559,8.568973,0.019714,0.029348,0.339915,0.793636,1.171829,0.080806,0.388093,0.443091,0.442862,0.449869,0.391548,0.055021,0.313214,0.206535,5.834533,0.748983,0.000000,0.124905,0.382095,0.373177,0.000000,0.039128,0.683181,1.694674,0.599380,0.449366,0.083899,0.055943,,,0.005717,0.010373,0.024599,,0.684335,0.096370,
corona-cpu,96,,,0.077259,0.011982,0.014783,0.039825,0.020941,0.015293,0.009953,0.015730,0.018177,0.082649,0.068440,0.026578,0.014028,0.040815,2.582756,0.003791,0.002812,0.003593,0.006330,1.261902,0.021415,0.021344,0.052365,0.006804,0.059380,0.315408,0.032366,0.021024,0.027675,0.003993,0.034004,0.312667,0.479012,0.015984,0.011240,0.056754,0.343387,0.412510,0.014854,0.004804,0.088400,0.083994,0.134284,0.007992,0.030953,0.059520,0.065937,0.050934,0.031453,0.004889,0.015421,0.011456,0.337055,0.026148,0.000000,0.012495,0.013936,0.013975,0.000000,0.004487,0.047639,0.048194,0.029451,0.023089,0.006586,0.005689,,,0.001973,0.002968,0.004281,,0.312918,0.516870,
corona-cpu,48,,,0.076242,0.019781,0.012319,0.066513,0.016628,0.016848,0.014700,0.020131,0.018266,0.096457,0.066225,0.050867,0.014232,0.043453,2.414669,0.004520,0.002085,0.003215,0.010289,0.958078,0.035145,0.019355,0.044758,0.005906,0.053536,0.348423,0.027526,0.033171,0.046143,0.005468,0.029160,0.633625,1.005806,0.018934,0.014736,0.034020,0.277024,0.868157,0.008894,0.004128,0.113669,0.067858,0.118105,0.012762,0.024631,0.048876,0.043614,0.046461,0.025306,0.005805,0.025925,0.019723,0.631784,0.051134,0.000000,0.019174,0.024676,0.024308,0.000000,0.006392,0.091065,0.093579,0.026764,0.039099,0.009474,0.005817,,,0.002047,0.003352,0.004092,,0.385255,0.344142,
corona-cpu,32,,,0.087246,0.038851,0.012113,0.090881,0.015131,0.022631,0.020252,0.024724,0.020211,0.115429,0.068430,0.070189,0.014556,0.049809,2.114984,0.006301,0.001752,0.004725,0.014323,0.958529,0.092030,0.021690,0.044298,0.005898,0.046556,0.155261,0.026931,0.050307,0.131924,0.006842,0.032666,1.042752,1.503658,0.021224,0.018867,0.030943,0.282382,1.282341,0.010286,0.004758,0.074117,0.065622,0.128677,0.017623,0.025693,0.044850,0.038624,0.043841,0.027471,0.007448,0.037089,0.029285,0.947740,0.107910,0.000000,0.026346,0.035675,0.035189,0.000000,0.008310,0.135236,0.138668,0.031956,0.057088,0.012351,0.006487,,,0.002038,0.002996,0.004505,,0.415878,0.230797,
corona-cpu,16,,,0.113291,0.045842,0.011795,0.173344,0.013214,0.025931,0.032679,0.038057,0.022282,0.110041,0.062912,0.102106,0.017062,0.048065,1.850336,0.005395,0.001499,0.004988,0.013906,0.879057,0.108612,0.021772,0.039250,0.005619,0.040599,0.258038,0.026528,0.057844,0.157273,0.008067,0.032346,0.687237,1.028062,0.031854,0.008879,0.026740,0.248133,0.925108,0.009634,0.004878,0.066125,0.066005,0.120815,0.007739,0.023793,0.036864,0.042686,0.034289,0.024118,0.008433,0.042897,0.039903,1.081973,0.132559,0.000000,0.026478,0.057739,0.057838,0.000000,0.009155,0.116951,0.274954,0.036571,0.063729,0.013201,0.008875,,,0.001935,0.002457,0.003792,,0.389527,0.117366,
corona-cpu,8,,,0.131721,0.097983,0.016083,0.337616,0.021126,0.060547,0.062649,0.071843,0.117499,0.200255,0.108061,0.157462,0.082487,0.087939,1.574536,0.009978,0.003376,0.005922,0.026868,0.515807,0.288227,0.052899,0.067934,0.008857,0.066921,0.422525,0.052075,0.157221,0.377310,0.016001,0.095390,1.002654,1.504218,0.055990,0.014035,0.050007,0.401172,1.289193,0.011200,0.007587,0.088692,0.114879,0.210224,0.012540,0.053541,0.056688,0.064942,0.054208,0.055629,0.018316,0.084903,0.085587,2.144330,0.397386,0.000000,0.049779,0.113478,0.113802,0.000000,0.016429,0.228847,0.542051,0.141987,0.126049,0.024707,0.015143,,,0.002451,0.002743,0.004452,,0.325953,0.067104,
corona-cpu,4,,,0.246928,0.168755,0.055594,0.680919,0.039634,0.161703,0.126619,0.146642,0.458518,0.394941,0.207778,0.324933,0.322916,0.175411,1.217484,0.019859,0.002523,0.007566,0.053124,0.373773,0.548333,0.271418,0.225854,0.016963,0.228697,0.576775,0.315539,0.343675,0.767844,0.043030,0.539785,2.021060,3.027810,0.107919,0.030747,0.218901,1.397179,2.605690,0.015558,0.015681,0.167745,0.377230,0.530431,0.030068,0.316506,0.205970,0.219850,0.204326,0.313723,0.049373,0.173955,0.184712,4.314785,0.881099,0.000000,0.100821,0.227682,0.228205,0.000000,0.032899,0.453427,1.091891,0.600484,0.255612,0.056432,0.032016,,,0.003641,0.004142,0.012622,,0.270507,0.073813,
dane,224,,,0.016530,0.004248,0.011764,0.042415,0.022229,0.007828,0.005829,0.009462,0.013514,0.058610,0.057855,0.016042,0.009692,0.022249,33.988430,0.002948,0.015325,0.015728,0.003550,4.287027,0.014295,0.014851,0.045824,0.030260,0.045354,0.167612,0.023793,0.010436,0.015306,0.002364,0.023809,0.225275,0.342204,0.005647,0.009424,0.034989,0.267341,0.265112,0.004639,0.003073,0.041816,0.080976,0.111282,0.006301,0.024589,0.040397,0.081118,0.040761,0.023071,0.002486,0.007796,0.005438,0.126202,0.011564,0.000000,0.007030,0.006751,0.006716,0.000000,0.002208,0.018530,0.055721,0.019070,0.009677,0.003867,0.004090,,,0.002299,0.002923,0.003043,,1.177824,0.638974,
dane,112,,,0.032302,0.005705,0.006176,0.061118,0.011391,0.008239,0.006531,0.006553,0.012981,0.029040,0.028393,0.016246,0.009435,0.011367,7.482761,0.001353,0.003843,0.004222,0.002063,4.165781,0.024703,0.009080,0.023584,0.008267,0.023239,0.119877,0.013201,0.015299,0.044151,0.002136,0.013447,0.388735,0.587472,0.005904,0.010235,0.021309,0.148317,0.459784,0.011751,0.001940,0.040856,0.041080,0.086847,0.007950,0.012848,0.020141,0.026823,0.021536,0.012071,0.002251,0.010123,0.006369,0.193643,0.023821,0.000000,0.006401,0.009611,0.009639,0.000000,0.002227,0.024218,0.093273,0.014923,0.013766,0.003251,0.002941,,,0.000910,0.001347,0.001622,,1.392197,0.259584,
dane,56,,,0.032195,0.005325,0.004920,0.053366,0.007995,0.008077,0.008840,0.005090,0.026167,0.019786,0.019957,0.019418,0.019366,0.010641,3.071541,0.001220,0.002003,0.002460,0.001995,1.404077,0.022156,0.010054,0.017368,0.004993,0.017621,0.137591,0.011408,0.015948,0.041699,0.002451,0.011273,0.099057,0.142425,0.007797,0.003969,0.018536,0.124906,0.120470,0.010209,0.001721,0.027530,0.031344,0.052972,0.002328,0.009364,0.015216,0.018330,0.015983,0.009475,0.002375,0.010120,0.006508,0.205366,0.022509,0.000000,0.006538,0.009914,0.009825,0.000000,0.002251,0.025758,0.082355,0.019726,0.013658,0.003616,0.002703,,,0.000747,0.001131,0.001464,,0.552558,0.219141,
dane,32,,,0.050170,0.025245,0.004371,0.089056,0.007330,0.011808,0.013943,0.006158,0.024199,0.017894,0.017960,0.024239,0.017374,0.008474,2.818351,0.001350,0.000978,0.001164,0.002759,1.322577,0.067825,0.011985,0.016763,0.004444,0.018440,0.110369,0.013695,0.079499,0.087959,0.003020,0.018651,0.168590,0.246512,0.012491,0.003657,0.022264,0.120999,0.210164,0.005218,0.001587,0.029342,0.031347,0.065648,0.002839,0.011342,0.014273,0.015933,0.015100,0.011106,0.003185,0.015918,0.010824,0.358857,0.065137,0.000000,0.009142,0.016335,0.016001,0.000000,0.002790,0.061411,0.143163,0.022301,0.021962,0.005420,0.003064,,,0.000464,0.000781,0.001024,,0.508747,0.114887,
dane,16,,,0.097390,0.073928,0.006389,0.160756,0.009880,0.021706,0.025601,0.010570,0.054818,0.023690,0.023496,0.034690,0.037237,0.010370,2.261401,0.001951,0.000569,0.001178,0.004424,0.962614,0.330271,0.033780,0.028877,0.007053,0.033370,0.121967,0.042194,0.185243,0.253854,0.009256,0.065790,0.291874,0.460781,0.020488,0.005640,0.083757,0.250061,0.379416,0.003335,0.003036,0.036158,0.059210,0.095407,0.005163,0.041356,0.025079,0.023647,0.026268,0.042196,0.006697,0.034397,0.031369,0.633456,0.221658,0.000000,0.014417,0.028807,0.028525,0.000000,0.004743,0.145602,0.258287,0.076418,0.039686,0.009245,0.004683,,,0.000559,0.001022,0.001573,,0.423359,0.056899,
dane,8,,,0.177338,0.163076,0.034063,0.322900,0.017458,0.126463,0.054454,0.023643,0.418781,0.047371,0.047748,0.065897,0.294313,0.021430,1.967353,0.003549,0.000690,0.003611,0.008513,0.770550,0.531463,0.216070,0.159004,0.013452,0.157781,0.462518,0.179669,0.316229,0.548600,0.036564,0.412406,0.517658,0.845732,0.043491,0.012179,0.195849,0.913276,0.741795,0.004758,0.008578,0.069420,0.215970,0.280156,0.011615,0.176930,0.143864,0.136055,0.143735,0.182515,0.023213,0.089712,0.068908,1.266823,0.588010,0.000000,0.028714,0.057431,0.056954,0.000000,0.009737,0.282965,0.517566,0.474389,0.086590,0.027115,0.011082,,,0.000953,0.002032,0.008188,,0.410936,0.040661,
dane,4,,,0.203165,0.204981,0.069797,0.647346,0.033733,0.183925,0.108023,0.047808,0.625996,0.151137,0.151177,0.115613,0.439511,0.062877,1.846578,0.006824,0.001228,0.007933,0.016731,0.724928,0.717929,0.339599,0.333895,0.026618,0.328158,0.825735,0.457321,0.410333,0.704088,0.054506,0.643421,1.055628,1.566971,0.087068,0.023348,0.321419,1.847184,1.623015,0.006203,0.017338,0.193527,0.541011,0.718513,0.022173,0.454682,0.297534,0.272210,0.298237,0.459980,0.040714,0.151320,0.125518,2.532885,0.800060,0.000000,0.060512,0.114425,0.113448,0.000000,0.021106,0.405313,1.032693,0.684881,0.174007,0.058415,0.025868,,,0.002922,0.006038,0.016440,,0.400482,0.062446,
mammoth,256,,,0.018329,0.007240,0.029467,0.039036,0.046680,0.015269,0.010039,0.022396,0.033587,0.134874,0.153753,0.040808,0.024024,0.058154,3.111950,0.003777,0.006794,0.007597,0.004997,1.601370,0.024861,0.033937,0.117215,0.014063,0.118692,0.233051,0.058467,0.024417,0.041174,0.005369,0.060170,0.171883,0.250138,0.011767,0.018277,0.096130,0.764161,0.213930,0.012086,0.008368,0.073919,0.196610,0.269078,0.009255,0.055696,0.102082,0.124954,0.105916,0.057130,0.006647,0.016199,0.014726,0.166554,0.028607,0.000000,0.017488,0.015330,0.015153,0.000000,0.006196,0.034109,0.050225,0.047085,0.024767,0.009732,0.008650,,,0.004319,0.006491,0.007326,,0.335124,1.301945,
mammoth,128,,,0.019161,0.007308,0.018896,0.037871,0.026766,0.013387,0.009532,0.017133,0.025640,0.096528,0.087688,0.031908,0.018824,0.040074,2.793542,0.003155,0.003775,0.005374,0.005419,1.269914,0.024150,0.026147,0.071724,0.008760,0.072014,0.233830,0.039180,0.024153,0.031260,0.006290,0.045556,0.263680,0.366237,0.010368,0.013323,0.066728,0.443124,0.339230,0.012458,0.005618,0.096675,0.113975,0.172221,0.008719,0.038000,0.063932,0.072954,0.068191,0.041152,0.007213,0.016518,0.015320,0.277209,0.030596,0.000000,0.016280,0.016382,0.016521,0.000000,0.006661,0.038517,0.099224,0.036756,0.026409,0.008902,0.006691,,,0.003170,0.004529,0.005328,,0.412343,0.709543,
mammoth,64,,,0.013535,0.005562,0.009887,0.049195,0.012977,0.008957,0.010575,0.013917,0.016458,0.052244,0.040759,0.041092,0.012846,0.022181,2.311153,0.002282,0.001972,0.003042,0.004344,1.233608,0.019127,0.017004,0.034665,0.004903,0.035416,0.234946,0.022913,0.019225,0.023040,0.003603,0.028186,0.196681,0.248619,0.011021,0.007430,0.046131,0.232024,0.204763,0.010830,0.003409,0.050927,0.054038,0.084930,0.004756,0.022973,0.031253,0.036897,0.040598,0.023944,0.004641,0.012724,0.010497,0.286489,0.023431,0.000000,0.010101,0.015749,0.015769,0.000000,0.004137,0.033350,0.069481,0.024865,0.020376,0.005936,0.005154,,,0.001807,0.002804,0.003365,,0.441754,0.334562,
mammoth,32,,,0.075774,0.021440,0.012554,0.088043,0.009058,0.014061,0.016913,0.020052,0.018716,0.060792,0.038608,0.051095,0.016259,0.026711,2.320204,0.002959,0.001414,0.003319,0.007535,1.040738,0.031393,0.022296,0.045683,0.004508,0.044616,0.196534,0.029498,0.033147,0.028685,0.005090,0.032893,0.257646,0.382838,0.017095,0.006264,0.027715,0.194828,0.335394,0.007567,0.003700,0.047719,0.063908,0.099461,0.005378,0.026735,0.044536,0.046488,0.038210,0.027307,0.006954,0.022891,0.018167,0.566600,0.044933,0.000000,0.015167,0.029050,0.029098,0.000000,0.006077,0.066436,0.136575,0.032416,0.036178,0.008484,0.005616,,,0.001560,0.001725,0.003737,,0.416366,0.147074,
mammoth,16,,,0.091903,0.074434,0.013323,0.172043,0.012436,0.025452,0.032296,0.037549,0.024429,0.105971,0.059137,0.088719,0.019200,0.046362,2.242010,0.005211,0.001484,0.003437,0.013770,0.888498,0.182865,0.027605,0.044209,0.005482,0.047494,0.208491,0.032457,0.080037,0.224371,0.008308,0.037363,0.491686,0.737170,0.029821,0.008462,0.030369,0.236257,0.651462,0.009241,0.005081,0.050793,0.072229,0.125231,0.007446,0.029771,0.041491,0.045336,0.038187,0.029527,0.009322,0.042696,0.033129,1.087806,0.206243,0.000000,0.026137,0.056966,0.057163,0.000000,0.008993,0.135027,0.273931,0.038370,0.064475,0.013647,0.008873,,,0.001757,0.002516,0.004096,,0.402635,0.087905,
mammoth,8,,,0.152222,0.111775,0.017540,0.340471,0.020771,0.070825,0.063595,0.073809,0.207059,0.201064,0.107084,0.171419,0.146572,0.087965,2.193112,0.009901,0.003324,0.004161,0.027026,0.678651,0.361643,0.063914,0.068214,0.008858,0.068341,0.639159,0.052951,0.221370,0.504494,0.020456,0.130565,1.018879,1.517085,0.054787,0.014394,0.050338,0.412085,1.288915,0.011802,0.007958,0.079221,0.117199,0.212118,0.013066,0.055009,0.055134,0.067026,0.055815,0.054094,0.019275,0.086126,0.080988,2.171572,0.541926,0.000000,0.050460,0.113730,0.114043,0.000000,0.015719,0.234164,0.545637,0.223537,0.126934,0.025298,0.016123,,,0.002402,0.003382,0.005527,,0.381992,0.065873,
mammoth,4,,,0.288377,0.199341,0.074697,0.679773,0.039279,0.214390,0.128242,0.149158,0.643930,0.393654,0.206014,0.329208,0.450480,0.172557,2.265567,0.019712,0.001967,0.008773,0.052896,0.470423,0.691443,0.436339,0.292788,0.017070,0.292920,1.367326,0.549639,0.416922,0.935224,0.059733,0.866231,2.036008,2.993322,0.106066,0.027912,0.377492,1.493053,2.546559,0.015180,0.016570,0.178140,0.356637,0.528538,0.025846,0.549872,0.265630,0.272037,0.263162,0.552296,0.053086,0.171837,0.160676,4.337340,1.060658,0.000000,0.101464,0.227374,0.227661,0.000000,0.031094,0.462784,1.090278,0.895164,0.254168,0.064998,0.033953,,,0.003531,0.004812,0.016279,,0.324776,0.073334,
matrix-cpu,224,,,0.023138,0.013264,0.114124,0.141512,0.231036,0.043404,0.038564,0.080068,0.120155,0.564580,0.562380,0.018739,0.086851,0.228002,4.041510,0.012204,0.012355,0.012998,0.012538,1.719174,0.057873,0.116427,0.457996,0.035429,0.458674,0.280298,0.234546,0.031330,0.099203,0.011780,0.229132,0.061419,0.083784,0.011665,0.046614,0.290045,2.562643,0.073864,0.019188,0.027736,0.207333,0.730024,0.924442,0.023702,0.229078,0.407567,0.459180,0.413831,0.226933,0.011964,0.027393,0.013865,0.137306,0.036598,0.000000,0.040288,0.015773,0.015802,0.000000,0.012430,0.037622,0.068870,0.158976,0.028592,0.023316,0.034648,,,0.011320,0.023515,0.023286,,0.698369,6.454749,
matrix-cpu,112,,,0.015562,0.003713,0.006658,0.034750,0.013921,0.006097,0.005818,0.005429,0.016951,0.030813,0.031072,0.017021,0.011972,0.012202,4.152927,0.001348,0.005664,0.005872,0.001838,1.775126,0.013462,0.009473,0.025565,0.011392,0.025713,0.138632,0.014542,0.011306,0.011056,0.002442,0.014434,0.061023,0.084627,0.005566,0.003736,0.018815,0.154054,0.074765,0.002930,0.001947,0.032668,0.042607,0.067217,0.002019,0.013351,0.023538,0.028166,0.022870,0.013169,0.002041,0.006785,0.004768,0.120043,0.010851,0.000000,0.005351,0.006164,0.006039,0.000000,0.001599,0.018168,0.049196,0.015056,0.008776,0.002978,0.002756,,,0.000940,0.001396,0.001694,,0.684388,0.373019,
matrix-cpu,56,,,0.028409,0.005739,0.004812,0.050827,0.008091,0.007914,0.008400,0.004877,0.026215,0.019813,0.019989,0.018901,0.018113,0.007598,3.104465,0.001026,0.001744,0.002106,0.001793,1.347597,0.021646,0.009308,0.017464,0.004870,0.017831,0.134768,0.011161,0.015465,0.040900,0.002429,0.011069,0.095981,0.139112,0.007882,0.003346,0.014819,0.110252,0.117145,0.008370,0.001623,0.026964,0.030233,0.054085,0.002168,0.010201,0.015409,0.018244,0.015738,0.009431,0.002248,0.009661,0.006249,0.197346,0.024597,0.000000,0.005578,0.009425,0.009231,0.000000,0.002004,0.024686,0.078845,0.019037,0.013112,0.003403,0.002433,,,0.000621,0.000933,0.001250,,0.541778,0.178843,
matrix-cpu,32,,,0.045229,0.021285,0.004229,0.085947,0.007215,0.011452,0.013601,0.005860,0.023182,0.017795,0.017681,0.024076,0.016239,0.007080,2.763178,0.001300,0.000955,0.001207,0.002590,1.204436,0.060454,0.011620,0.016062,0.004388,0.018065,0.112084,0.013117,0.067209,0.082942,0.002978,0.018774,0.164492,0.260322,0.011917,0.003376,0.019596,0.117745,0.204494,0.004640,0.001550,0.028734,0.030086,0.064004,0.002767,0.010217,0.014096,0.015795,0.014572,0.010100,0.003076,0.015498,0.010600,0.344611,0.061242,0.000000,0.008392,0.015718,0.015578,0.000000,0.002726,0.057253,0.136765,0.023055,0.022603,0.005237,0.002893,,,0.000445,0.000798,0.001032,,0.478363,0.094834,
matrix-cpu,16,,,0.086882,0.061987,0.012479,0.160904,0.009649,0.021460,0.026670,0.011505,0.052121,0.024824,0.024019,0.034665,0.036786,0.010753,2.232364,0.001925,0.000564,0.001911,0.004407,0.991081,0.268657,0.036689,0.061584,0.007011,0.063609,0.125405,0.043463,0.156892,0.239778,0.006352,0.072922,0.289426,0.475132,0.020527,0.005494,0.088732,0.326599,0.398554,0.003257,0.004160,0.033842,0.061364,0.099970,0.005090,0.046673,0.059772,0.064398,0.061398,0.042476,0.006680,0.033298,0.030898,0.641194,0.200607,0.000000,0.014734,0.028862,0.028547,0.000000,0.004759,0.134742,0.257678,0.082786,0.039731,0.009223,0.005062,,,0.000568,0.001031,0.003056,,0.421465,0.044001,
matrix-cpu,8,,,0.162576,0.137905,0.034199,0.322492,0.017435,0.105503,0.058639,0.023895,0.351334,0.054155,0.054653,0.067874,0.245399,0.023832,1.966276,0.003544,0.000656,0.003598,0.008487,0.790856,0.436834,0.181968,0.161547,0.015026,0.160176,0.408439,0.161328,0.265826,0.472498,0.033471,0.349830,0.545952,0.839156,0.042837,0.012185,0.165071,0.857052,0.758071,0.004823,0.008380,0.069437,0.221784,0.295455,0.011639,0.164791,0.144758,0.136867,0.147946,0.163052,0.022262,0.081673,0.066949,1.276264,0.517032,0.000000,0.028665,0.057399,0.056804,0.000000,0.009717,0.260548,0.515277,0.403278,0.085474,0.025257,0.011088,,,0.001100,0.002292,0.008068,,0.422079,0.039422,
matrix-cpu,4,,,0.184447,0.172790,0.067023,0.645968,0.033715,0.159769,0.107759,0.047348,0.522758,0.149835,0.149878,0.127007,0.371445,0.064448,1.887487,0.006771,0.001246,0.008159,0.016926,0.750762,0.598161,0.298490,0.336659,0.026578,0.328968,0.775711,0.402037,0.362547,0.619103,0.047345,0.560124,1.113063,1.719844,0.086230,0.023508,0.278755,1.904680,1.542582,0.006278,0.017249,0.181836,0.555497,0.718615,0.022606,0.400330,0.291392,0.266995,0.299002,0.406611,0.040079,0.145161,0.125342,2.544158,0.708906,0.000000,0.060220,0.114292,0.113262,0.000000,0.021286,0.396603,1.035657,0.603679,0.171665,0.055011,0.026592,,,0.002911,0.005995,0.015790,,0.392246,0.062722,
tioga-cpu,128,,,0.209148,0.018056,0.011095,0.021662,0.011700,0.024092,0.006279,0.008947,0.040276,0.039360,0.038715,0.049896,0.032763,0.014293,12.922031,0.001716,0.008152,0.002919,0.004091,4.861553,0.040797,0.035073,0.036971,0.002046,0.037606,0.144758,0.043153,0.033161,0.051969,0.014970,0.053509,0.225626,0.423769,0.013066,0.007321,0.035837,0.151154,0.319854,0.006272,0.004201,0.048674,0.055182,0.078749,0.006717,0.041706,0.033830,0.044486,0.038854,0.043453,0.008643,0.020270,0.022852,0.500494,0.045780,0.000000,0.023367,0.024616,0.016457,0.000000,0.006994,0.044750,0.068702,0.056081,0.018965,0.008388,0.004959,,,0.001148,0.001223,0.002974,,0.510934,0.064585,
tioga-cpu,64,,,0.250847,0.019558,0.021165,0.030894,0.013955,0.033865,0.012114,0.015812,0.040243,0.060480,0.060316,0.065657,0.032120,0.020054,7.019743,0.002846,0.000843,0.004349,0.007416,1.667447,0.040677,0.039856,0.060555,0.002978,0.061649,0.139013,0.050189,0.037563,0.063540,0.018437,0.057194,0.395789,0.632976,0.011368,0.010229,0.044025,0.198653,0.474883,0.005528,0.006139,0.064583,0.082837,0.117690,0.009776,0.047076,0.054578,0.068177,0.055553,0.047751,0.010471,0.031136,0.029498,0.734048,0.059488,0.000000,0.033809,0.039202,0.024605,0.000000,0.008896,0.062471,0.041573,0.073625,0.022588,0.009342,0.006602,,,0.001474,0.001694,0.005084,,0.552417,0.056721,
tioga-cpu,32,,,0.221450,0.018641,0.021136,0.062411,0.012036,0.056739,0.016733,0.021060,0.040199,0.059132,0.059034,0.069353,0.032270,0.021941,3.368888,0.002899,0.000873,0.004618,0.007654,1.288354,0.040480,0.039932,0.059329,0.002732,0.060112,0.139215,0.049569,0.036540,0.062466,0.026815,0.056776,0.221190,0.332123,0.011889,0.007626,0.042173,0.194826,0.261465,0.005275,0.006229,0.057808,0.082682,0.114345,0.007233,0.045827,0.053293,0.075104,0.054403,0.046749,0.010548,0.035873,0.029853,0.752709,0.058480,0.000000,0.033773,0.036601,0.024920,0.000000,0.008465,0.059427,0.073599,0.072426,0.022566,0.008898,0.006793,,,0.002173,0.001734,0.005199,,0.543776,0.046108,
tioga-cpu,16,,,0.256741,0.072011,0.029853,0.120812,0.021695,0.119207,0.034407,0.042213,0.050161,0.113741,0.113855,0.124901,0.041394,0.041713,3.110112,0.005112,0.001448,0.007579,0.014451,1.322956,0.202320,0.055295,0.071283,0.003764,0.072398,0.260614,0.061783,0.087567,0.214877,0.050079,0.067719,0.391773,0.575912,0.021015,0.013552,0.053341,0.269280,0.455625,0.007375,0.010836,0.081694,0.107608,0.170837,0.012995,0.057241,0.065369,0.132989,0.065450,0.059281,0.019368,0.069492,0.058815,1.399864,0.091642,0.000000,0.065414,0.059900,0.048479,0.000000,0.015175,0.178001,0.146223,0.109854,0.040432,0.016187,0.012984,,,0.003546,0.004503,0.008544,,0.473555,0.042083,
tioga-cpu,8,,,0.462298,0.201959,0.035408,0.238980,0.041720,0.229811,0.070108,0.080048,0.206129,0.224426,0.224669,0.250394,0.146718,0.080530,3.293018,0.009705,0.002125,0.012496,0.028284,0.788362,0.618040,0.093450,0.095703,0.006312,0.097045,0.824525,0.079242,0.218638,0.712457,0.081364,0.119085,0.798555,1.189726,0.038616,0.025599,0.072562,0.441699,0.893935,0.009739,0.018092,0.138617,0.160872,0.297110,0.025117,0.071428,0.084634,0.254509,0.086120,0.073317,0.039646,0.132908,0.130331,2.798019,0.350472,0.000000,0.130507,0.119347,0.096912,0.000000,0.029804,0.419764,0.274901,0.246309,0.079263,0.025193,0.021326,,,0.006317,0.006480,0.012864,,0.464491,0.048645,
tioga-cpu,4,,,0.640479,0.240021,0.055848,0.476244,0.081599,0.463795,0.134365,0.147280,0.551397,0.446123,0.446266,0.477337,0.385001,0.158173,2.646309,0.018510,0.004025,0.024721,0.055878,0.568475,0.789667,0.292014,0.197235,0.011677,0.208114,0.718784,0.318311,0.341363,0.908039,0.168477,0.577866,1.588109,2.358354,0.075733,0.050609,0.269066,1.470592,1.778518,0.013648,0.032136,0.258510,0.348586,0.607609,0.050264,0.319476,0.178235,0.508224,0.181784,0.317714,0.086595,0.265847,0.267458,5.596079,0.582946,0.000000,0.261275,0.238143,0.193515,0.000000,0.059411,0.519738,0.549898,0.669224,0.158636,0.047216,0.034062,,,0.012331,0.007468,0.012037,,0.419439,0.049296,
tuolumne-cpu,192,,,0.047766,0.002795,0.004787,0.012828,0.010752,0.006651,0.002536,0.005681,0.007491,0.034604,0.031323,0.046437,0.005847,0.020932,4.154638,0.001728,0.000840,0.002300,0.005678,1.903633,0.009086,0.011160,0.017145,0.003921,0.017042,0.161920,0.011128,0.010375,0.009471,0.005173,0.009782,0.062766,0.099367,0.006923,0.003922,0.019393,0.107456,0.074924,0.005503,0.002058,0.106996,0.030175,0.086657,0.002812,0.010308,0.014181,0.031027,0.015454,0.008969,0.003242,0.008667,0.008177,0.180457,0.009738,0.000000,0.010250,0.009198,0.006335,0.000000,0.003019,0.016547,0.014245,0.016283,0.006651,0.002286,0.002346,,,0.001592,0.001392,0.001367,,0.471306,0.191678,
tuolumne-cpu,96,,,0.078137,0.004063,0.005919,0.021007,0.013508,0.013819,0.003819,0.008995,0.010336,0.047741,0.047646,0.064482,0.008375,0.019152,4.594882,0.002166,0.001092,0.002744,0.006802,0.877395,0.013702,0.014559,0.021264,0.002525,0.021400,0.152330,0.013343,0.015624,0.014247,0.009056,0.013805,0.115917,0.185517,0.008890,0.004894,0.026585,0.129400,0.216837,0.007113,0.002795,0.169468,0.040832,0.136697,0.003581,0.011905,0.018572,0.040489,0.018673,0.011668,0.005553,0.016351,0.015607,0.344053,0.017688,0.000000,0.017456,0.015471,0.010226,0.000000,0.004503,0.033936,0.024688,0.028212,0.011276,0.003435,0.002963,,,0.002011,0.001559,0.001486,,0.374651,0.188458,
tuolumne-cpu,48,,,0.062892,0.003893,0.005805,0.032410,0.012811,0.017960,0.004378,0.008071,0.009638,0.048288,0.048620,0.060129,0.008398,0.019857,1.577162,0.002055,0.000865,0.002608,0.006606,0.716416,0.015973,0.013813,0.021250,0.002678,0.021705,0.152830,0.013590,0.015831,0.014785,0.021458,0.014582,0.125586,0.230964,0.011138,0.005795,0.021544,0.128648,0.232393,0.006822,0.003486,0.123588,0.039779,0.099164,0.005024,0.012034,0.017218,0.055980,0.017115,0.012259,0.006468,0.018059,0.021663,0.362273,0.017381,0.000000,0.017502,0.016160,0.013816,0.000000,0.004531,0.035558,0.041873,0.028612,0.011451,0.003536,0.003857,,,0.002131,0.001445,0.001438,,0.365255,0.166494,
tuolumne-cpu,32,,,0.098041,0.006644,0.006539,0.046897,0.014357,0.036136,0.011402,0.013584,0.011312,0.057039,0.057581,0.074056,0.009465,0.022906,1.621923,0.002607,0.000800,0.003318,0.006966,0.678496,0.020174,0.017700,0.025317,0.002654,0.026079,0.156943,0.014802,0.020154,0.028887,0.016788,0.016489,0.172286,0.323944,0.015634,0.007137,0.023316,0.134836,0.260733,0.009490,0.004126,0.127012,0.045688,0.113155,0.006436,0.013758,0.018644,0.068269,0.018241,0.013576,0.009433,0.024101,0.029813,0.543067,0.026253,0.000000,0.025990,0.023910,0.020389,0.000000,0.006339,0.074190,0.058455,0.039092,0.016334,0.004594,0.004649,,,0.002297,0.001292,0.001535,,0.339181,0.131051,
tuolumne-cpu,16,,,0.174228,0.022212,0.009181,0.083914,0.020339,0.091630,0.024835,0.029663,0.021651,0.099263,0.099985,0.105925,0.016289,0.039532,1.414831,0.004506,0.000898,0.005578,0.013301,0.646465,0.064674,0.032358,0.034155,0.003928,0.035782,0.172275,0.022698,0.052465,0.105780,0.032318,0.027054,0.351343,0.720725,0.025916,0.013329,0.030873,0.207324,0.508726,0.013128,0.007205,0.129881,0.068513,0.158574,0.011745,0.020371,0.029275,0.112487,0.028362,0.020247,0.021963,0.047332,0.074976,1.085336,0.062141,0.000000,0.050517,0.046544,0.039668,0.000001,0.011830,0.201405,0.114666,0.070161,0.031441,0.008105,0.007553,,,0.003172,0.001849,0.001930,,0.274584,0.087524,
tuolumne-cpu,8,,,0.269298,0.056389,0.016266,0.158826,0.036082,0.194291,0.047931,0.057164,0.082902,0.181729,0.182088,0.189976,0.059288,0.069372,1.200934,0.008650,0.001370,0.010401,0.023321,0.363751,0.156181,0.069726,0.057942,0.005026,0.061689,0.222219,0.057128,0.142951,0.232205,0.062127,0.106656,0.752558,1.092782,0.038110,0.021788,0.055432,0.343064,0.781699,0.012479,0.012901,0.126305,0.112989,0.242334,0.022604,0.050993,0.048676,0.211986,0.048668,0.050825,0.060442,0.094534,0.273324,2.172834,0.147999,0.000001,0.099902,0.092232,0.078832,0.000000,0.023569,0.384072,0.227590,0.162069,0.062789,0.017104,0.012709,,,0.005289,0.002284,0.002905,,0.237229,0.079021,
tuolumne-cpu,4,,,0.534524,0.126434,0.068318,0.311610,0.067833,0.396533,0.099913,0.116397,0.305943,0.351209,0.351402,0.361593,0.214472,0.131030,0.952580,0.016848,0.002336,0.020521,0.046258,0.257479,0.384329,0.195549,0.203875,0.008769,0.211869,0.440394,0.234240,0.328084,0.559769,0.123875,0.372419,1.486600,2.223396,0.072071,0.040108,0.203844,1.396010,1.841114,0.009509,0.026388,0.254464,0.326599,0.919825,0.040066,0.221935,0.174452,0.415643,0.180982,0.224903,0.248315,0.189717,0.612525,4.339684,0.368686,0.000001,0.199488,0.184305,0.157753,0.000000,0.047174,0.760661,0.456336,0.422447,0.130226,0.050577,0.025418,,,0.010201,0.003515,0.009811,,0.228254,0.036243,
borax, any min,,,0.107041,0.080139,0.024164,0.125924,0.015630,0.033947,0.014417,0.023140,0.055281,0.090838,0.087175,0.056350,0.040298,0.036559,2.445188,0.003649,0.001236,0.004120,0.007909,1.234203,0.469046,0.035754,0.081505,0.007374,0.082428,0.287598,0.057983,0.191740,0.396681,0.007302,0.064976,0.556250,0.878425,0.015539,0.014810,0.050718,0.427274,0.765312,0.007828,0.006136,0.064310,0.127801,0.173138,0.013791,0.054575,0.074877,0.071133,0.074031,0.054833,0.006633,0.034531,0.023538,0.687520,0.270905,,0.017680,0.035038,0.034566,,0.005751,0.215368,0.187780,0.079156,0.044591,0.010602,0.008441,,,0.002126,0.005087,0.005690,,0.489765,0.050464,
boraxo, any min,,,0.080370,0.043929,0.011922,0.136818,0.017432,0.023886,0.013019,0.010955,0.059436,0.047579,0.046802,0.053504,0.041911,0.020594,3.618535,0.002473,0.001117,0.003077,0.004237,1.677450,0.253786,0.040727,0.045792,0.007752,0.046605,0.296617,0.050649,0.121297,0.256184,0.007189,0.080440,1.093222,1.653419,0.013529,0.021912,0.039663,0.260411,1.242734,0.008990,0.005417,0.047055,0.082274,0.127133,0.020285,0.050041,0.039094,0.048259,0.039130,0.049651,0.005254,0.033106,0.021417,0.604689,0.158348,,0.014853,0.029632,0.032235,,0.004448,0.185705,0.205780,0.083763,0.045874,0.009921,0.005243,,,0.001392,0.002130,0.002641,,0.684335,0.081059,
corona-cpu, any min,,,0.076242,0.011982,0.011795,0.039825,0.013214,0.015293,0.009953,0.015730,0.018177,0.082649,0.062912,0.026578,0.014028,0.040815,1.217484,0.003791,0.001499,0.003215,0.006330,0.373773,0.021415,0.019355,0.039250,0.005619,0.040599,0.155261,0.026528,0.021024,0.027675,0.003993,0.029160,0.312667,0.479012,0.015984,0.008879,0.026740,0.248133,0.412510,0.008894,0.004128,0.066125,0.065622,0.118105,0.007739,0.023793,0.036864,0.038624,0.034289,0.024118,0.004889,0.015421,0.011456,0.337055,0.026148,,0.012495,0.013936,0.013975,,0.004487,0.047639,0.048194,0.026764,0.023089,0.006586,0.005689,,,0.001935,0.002457,0.003792,,0.270507,0.067104,
dane, any min,,,0.016530,0.004248,0.004371,0.042415,0.007330,0.007828,0.005829,0.005090,0.012981,0.017894,0.017960,0.016042,0.009435,0.008474,1.846578,0.001220,0.000569,0.001164,0.001995,0.724928,0.014295,0.009080,0.016763,0.004444,0.017621,0.110369,0.011408,0.010436,0.015306,0.002136,0.011273,0.099057,0.142425,0.005647,0.003657,0.018536,0.120999,0.120470,0.003335,0.001587,0.027530,0.031344,0.052972,0.002328,0.009364,0.014273,0.015933,0.015100,0.009475,0.002251,0.007796,0.005438,0.126202,0.011564,,0.006401,0.006751,0.006716,,0.002208,0.018530,0.055721,0.014923,0.009677,0.003251,0.002703,,,0.000464,0.000781,0.001024,,0.400482,0.040661,
mammoth, any min,,,0.013535,0.005562,0.009887,0.037871,0.009058,0.008957,0.009532,0.013917,0.016458,0.052244,0.038608,0.031908,0.012846,0.022181,2.193112,0.002282,0.001414,0.003042,0.004344,0.470423,0.019127,0.017004,0.034665,0.004508,0.035416,0.196534,0.022913,0.019225,0.023040,0.003603,0.028186,0.171883,0.248619,0.010368,0.006264,0.027715,0.194828,0.204763,0.007567,0.003409,0.047719,0.054038,0.084930,0.004756,0.022973,0.031253,0.036897,0.038187,0.023944,0.004641,0.012724,0.010497,0.166554,0.023431,,0.010101,0.015330,0.015153,,0.004137,0.033350,0.050225,0.024865,0.020376,0.005936,0.005154,,,0.001560,0.001725,0.003365,,0.324776,0.065873,
matrix-cpu, any min,,,0.015562,0.003713,0.004229,0.034750,0.007215,0.006097,0.005818,0.004877,0.016951,0.017795,0.017681,0.017021,0.011972,0.007080,1.887487,0.001026,0.000564,0.001207,0.001793,0.750762,0.013462,0.009308,0.016062,0.004388,0.017831,0.112084,0.011161,0.011306,0.011056,0.002429,0.011069,0.061023,0.083784,0.005566,0.003346,0.014819,0.110252,0.073864,0.002930,0.001550,0.026964,0.030086,0.054085,0.002019,0.010201,0.014096,0.015795,0.014572,0.009431,0.002041,0.006785,0.004768,0.120043,0.010851,,0.005351,0.006164,0.006039,,0.001599,0.018168,0.049196,0.015056,0.008776,0.002978,0.002433,,,0.000445,0.000798,0.001032,,0.392246,0.039422,
tioga-cpu, any min,,,0.209148,0.018056,0.011095,0.021662,0.011700,0.024092,0.006279,0.008947,0.040199,0.039360,0.038715,0.049896,0.032120,0.014293,2.646309,0.001716,0.000843,0.002919,0.004091,0.568475,0.040480,0.035073,0.036971,0.002046,0.037606,0.139013,0.043153,0.033161,0.051969,0.014970,0.053509,0.221190,0.332123,0.011368,0.007321,0.035837,0.151154,0.261465,0.005275,0.004201,0.048674,0.055182,0.078749,0.006717,0.041706,0.033830,0.044486,0.038854,0.043453,0.008643,0.020270,0.022852,0.500494,0.045780,,0.023367,0.024616,0.016457,,0.006994,0.044750,0.041573,0.056081,0.018965,0.008388,0.004959,,,0.001148,0.001223,0.002974,,0.419439,0.042083,
tuolumne-cpu, any min,,,0.047766,0.002795,0.004787,0.012828,0.010752,0.006651,0.002536,0.005681,0.007491,0.034604,0.031323,0.046437,0.005847,0.019152,0.952580,0.001728,0.000800,0.002300,0.005678,0.257479,0.009086,0.011160,0.017145,0.002525,0.017042,0.152330,0.011128,0.010375,0.009471,0.005173,0.009782,0.062766,0.099367,0.006923,0.003922,0.019393,0.107456,0.074924,0.005503,0.002058,0.106996,0.030175,0.086657,0.002812,0.010308,0.014181,0.031027,0.015454,0.008969,0.003242,0.008667,0.008177,0.180457,0.009738,0.000001,0.010250,0.009198,0.006335,0.000001,0.003019,0.016547,0.014245,0.016283,0.006651,0.002286,0.002346,,,0.001592,0.001292,0.001367,,0.228254,0.036243,
borax, any max,,,0.361119,0.213663,0.095653,0.882384,0.044490,0.265783,0.133674,0.160650,0.682541,0.376407,0.404501,0.304174,0.482391,0.174924,4.400941,0.019767,0.003606,0.008923,0.053926,3.384604,0.710356,0.366277,0.388621,0.032939,0.390642,0.674577,0.384692,0.508595,0.868742,0.067741,0.743601,2.001918,3.113216,0.130871,0.044622,0.295564,2.313526,2.732279,0.013727,0.018075,0.323469,0.601641,0.978723,0.042807,0.371347,0.333647,0.263763,0.346981,0.376514,0.063521,0.282639,0.241170,6.094368,1.043750,,0.142047,0.403111,0.392686,,0.036432,0.829151,1.423447,0.798440,0.383218,0.080587,0.041963,,,0.003674,0.011597,0.019352,,2.167235,0.379026,
boraxo, any max,,,0.267103,0.153562,0.113916,1.058216,0.055792,0.148597,0.169764,0.083489,0.453377,0.258236,0.258078,0.323263,0.308188,0.101933,12.094268,0.011074,0.003293,0.012220,0.027447,5.123164,0.466488,0.281786,0.504116,0.044124,0.515180,0.630543,0.392649,0.432973,0.682367,0.088805,0.543959,5.188575,8.186482,0.151948,0.082654,0.312616,2.897559,8.568973,0.019714,0.029348,0.339915,0.793636,1.171829,0.080806,0.388093,0.443091,0.442862,0.449869,0.391548,0.055021,0.313214,0.206535,5.834533,0.748983,,0.124905,0.382095,0.373177,,0.039128,0.683181,1.694674,0.599380,0.449366,0.083899,0.055943,,,0.005717,0.010373,0.024599,,1.684180,0.381221,
corona-cpu, any max,,,0.246928,0.168755,0.055594,0.680919,0.039634,0.161703,0.126619,0.146642,0.458518,0.394941,0.207778,0.324933,0.322916,0.175411,2.582756,0.019859,0.003376,0.007566,0.053124,1.261902,0.548333,0.271418,0.225854,0.016963,0.228697,0.576775,0.315539,0.343675,0.767844,0.043030,0.539785,2.021060,3.027810,0.107919,0.030747,0.218901,1.397179,2.605690,0.015558,0.015681,0.167745,0.377230,0.530431,0.030068,0.316506,0.205970,0.219850,0.204326,0.313723,0.049373,0.173955,0.184712,4.314785,0.881099,,0.100821,0.227682,0.228205,,0.032899,0.453427,1.091891,0.600484,0.255612,0.056432,0.032016,,,0.003641,0.004142,0.012622,,0.415878,0.516870,
dane, any max,,,0.203165,0.204981,0.069797,0.647346,0.033733,0.183925,0.108023,0.047808,0.625996,0.151137,0.151177,0.115613,0.439511,0.062877,33.988430,0.006824,0.015325,0.015728,0.016731,4.287027,0.717929,0.339599,0.333895,0.030260,0.328158,0.825735,0.457321,0.410333,0.704088,0.054506,0.643421,1.055628,1.566971,0.087068,0.023348,0.321419,1.847184,1.623015,0.011751,0.017338,0.193527,0.541011,0.718513,0.022173,0.454682,0.297534,0.272210,0.298237,0.459980,0.040714,0.151320,0.125518,2.532885,0.800060,,0.060512,0.114425,0.113448,,0.021106,0.405313,1.032693,0.684881,0.174007,0.058415,0.025868,,,0.002922,0.006038,0.016440,,1.392197,0.638974,
mammoth, any max,,,0.288377,0.199341,0.074697,0.679773,0.046680,0.214390,0.128242,0.149158,0.643930,0.393654,0.206014,0.329208,0.450480,0.172557,3.111950,0.019712,0.006794,0.008773,0.052896,1.601370,0.691443,0.436339,0.292788,0.017070,0.292920,1.367326,0.549639,0.416922,0.935224,0.059733,0.866231,2.036008,2.993322,0.106066,0.027912,0.377492,1.493053,2.546559,0.015180,0.016570,0.178140,0.356637,0.528538,0.025846,0.549872,0.265630,0.272037,0.263162,0.552296,0.053086,0.171837,0.160676,4.337340,1.060658,,0.101464,0.227374,0.227661,,0.031094,0.462784,1.090278,0.895164,0.254168,0.064998,0.033953,,,0.004319,0.006491,0.016279,,0.441754,1.301945,
matrix-cpu, any max,,,0.184447,0.172790,0.114124,0.645968,0.231036,0.159769,0.107759,0.080068,0.522758,0.564580,0.562380,0.127007,0.371445,0.228002,4.152927,0.012204,0.012355,0.012998,0.016926,1.775126,0.598161,0.298490,0.457996,0.035429,0.458674,0.775711,0.402037,0.362547,0.619103,0.047345,0.560124,1.113063,1.719844,0.086230,0.046614,0.290045,2.562643,1.542582,0.019188,0.027736,0.207333,0.730024,0.924442,0.023702,0.400330,0.407567,0.459180,0.413831,0.406611,0.040079,0.145161,0.125342,2.544158,0.708906,,0.060220,0.114292,0.113262,,0.021286,0.396603,1.035657,0.603679,0.171665,0.055011,0.034648,,,0.011320,0.023515,0.023286,,0.698369,6.454749,
tioga-cpu, any max,,,0.640479,0.240021,0.055848,0.476244,0.081599,0.463795,0.134365,0.147280,0.551397,0.446123,0.446266,0.477337,0.385001,0.158173,12.922031,0.018510,0.008152,0.024721,0.055878,4.861553,0.789667,0.292014,0.197235,0.011677,0.208114,0.824525,0.318311,0.341363,0.908039,0.168477,0.577866,1.588109,2.358354,0.075733,0.050609,0.269066,1.470592,1.778518,0.013648,0.032136,0.258510,0.348586,0.607609,0.050264,0.319476,0.178235,0.508224,0.181784,0.317714,0.086595,0.265847,0.267458,5.596079,0.582946,,0.261275,0.238143,0.193515,,0.059411,0.519738,0.549898,0.669224,0.158636,0.047216,0.034062,,,0.012331,0.007468,0.012864,,0.552417,0.064585,
tuolumne-cpu, any max,,,0.534524,0.126434,0.068318,0.311610,0.067833,0.396533,0.099913,0.116397,0.305943,0.351209,0.351402,0.361593,0.214472,0.131030,4.594882,0.016848,0.002336,0.020521,0.046258,1.903633,0.384329,0.195549,0.203875,0.008769,0.211869,0.440394,0.234240,0.328084,0.559769,0.123875,0.372419,1.486600,2.223396,0.072071,0.040108,0.203844,1.396010,1.841114,0.013128,0.026388,0.254464,0.326599,0.919825,0.040066,0.221935,0.174452,0.415643,0.180982,0.224903,0.248315,0.189717,0.612525,4.339684,0.368686,0.000001,0.199488,0.184305,0.157753,0.000001,0.047174,0.760661,0.456336,0.422447,0.130226,0.050577,0.025418,,,0.010201,0.003515,0.009811,,0.471306,0.191678,
borax, 72 (full),,,0.107041,0.080139,0.024164,0.125924,0.021122,0.033947,0.014417,0.023140,0.055281,0.090838,0.087175,0.056350,0.040298,0.036559,4.400941,0.003649,0.003606,0.004120,0.007909,2.751699,0.503667,0.035754,0.081505,0.008151,0.082428,0.478684,0.057983,0.214796,0.397895,0.007302,0.064976,0.864259,1.334424,0.015539,0.019427,0.050718,0.427274,1.097875,0.011619,0.006136,0.064310,0.127801,0.173138,0.016625,0.054575,0.074877,0.071133,0.074031,0.054833,0.006633,0.034531,0.023538,0.687520,0.270905,0.000000,0.017680,0.035038,0.034566,0.000000,0.005751,0.215368,0.187780,0.079156,0.044591,0.010602,0.008441,0.000000,0.000000,0.002451,0.005087,0.005690,0.000000,0.628253,0.379026,0.000000
boraxo, 72 (full),,,0.080370,0.043929,0.011922,0.136818,0.018570,0.023886,0.013019,0.010955,0.059436,0.048668,0.047994,0.053504,0.041911,0.020594,12.094268,0.002473,0.003293,0.003921,0.004237,5.123164,0.276411,0.040727,0.045792,0.009060,0.046605,0.379406,0.050649,0.124822,0.256184,0.007189,0.080440,1.093222,1.653419,0.013529,0.026498,0.039663,0.260411,1.242734,0.010314,0.005417,0.047055,0.082274,0.127133,0.020791,0.050041,0.039094,0.048259,0.039130,0.049651,0.005254,0.033106,0.021417,0.604689,0.158348,0.000000,0.014853,0.029632,0.032235,0.000000,0.004448,0.186486,0.205780,0.083763,0.045874,0.009921,0.005243,0.000000,0.000000,0.001598,0.002130,0.002641,0.000000,0.829620,0.381221,0.000000
corona-cpu, 96 (full),,,0.077259,0.011982,0.014783,0.039825,0.020941,0.015293,0.009953,0.015730,0.018177,0.082649,0.068440,0.026578,0.014028,0.040815,2.582756,0.003791,0.002812,0.003593,0.006330,1.261902,0.021415,0.021344,0.052365,0.006804,0.059380,0.315408,0.032366,0.021024,0.027675,0.003993,0.034004,0.312667,0.479012,0.015984,0.011240,0.056754,0.343387,0.412510,0.014854,0.004804,0.088400,0.083994,0.134284,0.007992,0.030953,0.059520,0.065937,0.050934,0.031453,0.004889,0.015421,0.011456,0.337055,0.026148,0.000000,0.012495,0.013936,0.013975,0.000000,0.004487,0.047639,0.048194,0.029451,0.023089,0.006586,0.005689,0.000000,0.000000,0.001973,0.002968,0.004281,0.000000,0.312918,0.516870,0.000000
dane, 224 (full),,,0.016530,0.004248,0.011764,0.042415,0.022229,0.007828,0.005829,0.009462,0.013514,0.058610,0.057855,0.016042,0.009692,0.022249,33.988430,0.002948,0.015325,0.015728,0.003550,4.287027,0.014295,0.014851,0.045824,0.030260,0.045354,0.167612,0.023793,0.010436,0.015306,0.002364,0.023809,0.225275,0.342204,0.005647,0.009424,0.034989,0.267341,0.265112,0.004639,0.003073,0.041816,0.080976,0.111282,0.006301,0.024589,0.040397,0.081118,0.040761,0.023071,0.002486,0.007796,0.005438,0.126202,0.011564,0.000000,0.007030,0.006751,0.006716,0.000000,0.002208,0.018530,0.055721,0.019070,0.009677,0.003867,0.004090,0.000000,0.000000,0.002299,0.002923,0.003043,0.000000,1.177824,0.638974,0.000000
mammoth, 256 (full),,,0.018329,0.007240,0.029467,0.039036,0.046680,0.015269,0.010039,0.022396,0.033587,0.134874,0.153753,0.040808,0.024024,0.058154,3.111950,0.003777,0.006794,0.007597,0.004997,1.601370,0.024861,0.033937,0.117215,0.014063,0.118692,0.233051,0.058467,0.024417,0.041174,0.005369,0.060170,0.171883,0.250138,0.011767,0.018277,0.096130,0.764161,0.213930,0.012086,0.008368,0.073919,0.196610,0.269078,0.009255,0.055696,0.102082,0.124954,0.105916,0.057130,0.006647,0.016199,0.014726,0.166554,0.028607,0.000000,0.017488,0.015330,0.015153,0.000000,0.006196,0.034109,0.050225,0.047085,0.024767,0.009732,0.008650,0.000000,0.000000,0.004319,0.006491,0.007326,0.000000,0.335124,1.301945,0.000000
matrix-cpu, 224 (full),,,0.023138,0.013264,0.114124,0.141512,0.231036,0.043404,0.038564,0.080068,0.120155,0.564580,0.562380,0.018739,0.086851,0.228002,4.041510,0.012204,0.012355,0.012998,0.012538,1.719174,0.057873,0.116427,0.457996,0.035429,0.458674,0.280298,0.234546,0.031330,0.099203,0.011780,0.229132,0.061419,0.083784,0.011665,0.046614,0.290045,2.562643,0.073864,0.019188,0.027736,0.207333,0.730024,0.924442,0.023702,0.229078,0.407567,0.459180,0.413831,0.226933,0.011964,0.027393,0.013865,0.137306,0.036598,0.000000,0.040288,0.015773,0.015802,0.000000,0.012430,0.037622,0.068870,0.158976,0.028592,0.023316,0.034648,0.000000,0.000000,0.011320,0.023515,0.023286,0.000000,0.698369,6.454749,0.000000
tioga-cpu, 128 (full),,,0.209148,0.018056,0.011095,0.021662,0.011700,0.024092,0.006279,0.008947,0.040276,0.039360,0.038715,0.049896,0.032763,0.014293,12.922031,0.001716,0.008152,0.002919,0.004091,4.861553,0.040797,0.035073,0.036971,0.002046,0.037606,0.144758,0.043153,0.033161,0.051969,0.014970,0.053509,0.225626,0.423769,0.013066,0.007321,0.035837,0.151154,0.319854,0.006272,0.004201,0.048674,0.055182,0.078749,0.006717,0.041706,0.033830,0.044486,0.038854,0.043453,0.008643,0.020270,0.022852,0.500494,0.045780,0.000000,0.023367,0.024616,0.016457,0.000000,0.006994,0.044750,0.068702,0.056081,0.018965,0.008388,0.004959,0.000000,0.000000,0.001148,0.001223,0.002974,0.000000,0.510934,0.064585,0.000000
tuolumne-cpu, 192 (full),,,0.047766,0.002795,0.004787,0.012828,0.010752,0.006651,0.002536,0.005681,0.007491,0.034604,0.031323,0.046437,0.005847,0.020932,4.154638,0.001728,0.000840,0.002300,0.005678,1.903633,0.009086,0.011160,0.017145,0.003921,0.017042,0.161920,0.011128,0.010375,0.009471,0.005173,0.009782,0.062766,0.099367,0.006923,0.003922,0.019393,0.107456,0.074924,0.005503,0.002058,0.106996,0.030175,0.086657,0.002812,0.010308,0.014181,0.031027,0.015454,0.008969,0.003242,0.008667,0.008177,0.180457,0.009738,0.000000,0.010250,0.009198,0.006335,0.000000,0.003019,0.016547,0.014245,0.016283,0.006651,0.002286,0.002346,0.000000,0.000000,0.001592,0.001392,0.001367,0.000000,0.471306,0.191678,0.000000
borax, 32 (half),,,0.173038,0.104717,0.036707,0.268707,0.018833,0.069477,0.026609,0.037495,0.084840,0.115907,0.115077,0.090973,0.060663,0.051872,4.257778,0.006102,0.001520,0.004301,0.015582,3.384604,0.489925,0.049219,0.118089,0.007374,0.118619,0.287598,0.074725,0.191740,0.405635,0.012567,0.092346,1.888747,2.958606,0.026774,0.039419,0.067340,0.630919,2.458204,0.011580,0.007435,0.112300,0.186718,0.280526,0.032473,0.074316,0.097169,0.103107,0.113142,0.079970,0.011409,0.072025,0.047705,1.538165,0.343721,0.000000,0.034651,0.075783,0.074812,0.000000,0.010234,0.379508,0.421898,0.116527,0.094478,0.018858,0.010858,0.000000,0.000000,0.002387,0.005535,0.007589,0.000000,2.167235,0.195848,0.000000
boraxo, 32 (half),,,0.146524,0.054229,0.026582,0.292333,0.019991,0.038839,0.028138,0.018928,0.106355,0.051330,0.051228,0.076018,0.075945,0.022928,8.883158,0.003592,0.001507,0.003527,0.007614,4.194186,0.253786,0.060156,0.104949,0.007752,0.104980,0.296617,0.078722,0.121297,0.270950,0.013970,0.119119,2.452646,3.711675,0.025355,0.054345,0.065881,0.500322,2.785734,0.013232,0.008642,0.087967,0.168332,0.244191,0.044381,0.078425,0.094806,0.105376,0.094634,0.078029,0.010716,0.069343,0.044935,1.359103,0.204320,0.000000,0.029245,0.064392,0.070168,0.000000,0.008531,0.398045,0.459872,0.140403,0.100393,0.019865,0.008892,0.000000,0.000000,0.001392,0.002185,0.005661,0.000000,1.684180,0.196643,0.000000
corona-cpu, 48 (half),,,0.076242,0.019781,0.012319,0.066513,0.016628,0.016848,0.014700,0.020131,0.018266,0.096457,0.066225,0.050867,0.014232,0.043453,2.414669,0.004520,0.002085,0.003215,0.010289,0.958078,0.035145,0.019355,0.044758,0.005906,0.053536,0.348423,0.027526,0.033171,0.046143,0.005468,0.029160,0.633625,1.005806,0.018934,0.014736,0.034020,0.277024,0.868157,0.008894,0.004128,0.113669,0.067858,0.118105,0.012762,0.024631,0.048876,0.043614,0.046461,0.025306,0.005805,0.025925,0.019723,0.631784,0.051134,0.000000,0.019174,0.024676,0.024308,0.000000,0.006392,0.091065,0.093579,0.026764,0.039099,0.009474,0.005817,0.000000,0.000000,0.002047,0.003352,0.004092,0.000000,0.385255,0.344142,0.000000
dane, 112 (half),,,0.032302,0.005705,0.006176,0.061118,0.011391,0.008239,0.006531,0.006553,0.012981,0.029040,0.028393,0.016246,0.009435,0.011367,7.482761,0.001353,0.003843,0.004222,0.002063,4.165781,0.024703,0.009080,0.023584,0.008267,0.023239,0.119877,0.013201,0.015299,0.044151,0.002136,0.013447,0.388735,0.587472,0.005904,0.010235,0.021309,0.148317,0.459784,0.011751,0.001940,0.040856,0.041080,0.086847,0.007950,0.012848,0.020141,0.026823,0.021536,0.012071,0.002251,0.010123,0.006369,0.193643,0.023821,0.000000,0.006401,0.009611,0.009639,0.000000,0.002227,0.024218,0.093273,0.014923,0.013766,0.003251,0.002941,0.000000,0.000000,0.000910,0.001347,0.001622,0.000000,1.392197,0.259584,0.000000
mammoth, 128 (half),,,0.019161,0.007308,0.018896,0.037871,0.026766,0.013387,0.009532,0.017133,0.025640,0.096528,0.087688,0.031908,0.018824,0.040074,2.793542,0.003155,0.003775,0.005374,0.005419,1.269914,0.024150,0.026147,0.071724,0.008760,0.072014,0.233830,0.039180,0.024153,0.031260,0.006290,0.045556,0.263680,0.366237,0.010368,0.013323,0.066728,0.443124,0.339230,0.012458,0.005618,0.096675,0.113975,0.172221,0.008719,0.038000,0.063932,0.072954,0.068191,0.041152,0.007213,0.016518,0.015320,0.277209,0.030596,0.000000,0.016280,0.016382,0.016521,0.000000,0.006661,0.038517,0.099224,0.036756,0.026409,0.008902,0.006691,0.000000,0.000000,0.003170,0.004529,0.005328,0.000000,0.412343,0.709543,0.000000
matrix-cpu, 112 (half),,,0.015562,0.003713,0.006658,0.034750,0.013921,0.006097,0.005818,0.005429,0.016951,0.030813,0.031072,0.017021,0.011972,0.012202,4.152927,0.001348,0.005664,0.005872,0.001838,1.775126,0.013462,0.009473,0.025565,0.011392,0.025713,0.138632,0.014542,0.011306,0.011056,0.002442,0.014434,0.061023,0.084627,0.005566,0.003736,0.018815,0.154054,0.074765,0.002930,0.001947,0.032668,0.042607,0.067217,0.002019,0.013351,0.023538,0.028166,0.022870,0.013169,0.002041,0.006785,0.004768,0.120043,0.010851,0.000000,0.005351,0.006164,0.006039,0.000000,0.001599,0.018168,0.049196,0.015056,0.008776,0.002978,0.002756,0.000000,0.000000,0.000940,0.001396,0.001694,0.000000,0.684388,0.373019,0.000000
tioga-cpu, 64 (half),,,0.250847,0.019558,0.021165,0.030894,0.013955,0.033865,0.012114,0.015812,0.040243,0.060480,0.060316,0.065657,0.032120,0.020054,7.019743,0.002846,0.000843,0.004349,0.007416,1.667447,0.040677,0.039856,0.060555,0.002978,0.061649,0.139013,0.050189,0.037563,0.063540,0.018437,0.057194,0.395789,0.632976,0.011368,0.010229,0.044025,0.198653,0.474883,0.005528,0.006139,0.064583,0.082837,0.117690,0.009776,0.047076,0.054578,0.068177,0.055553,0.047751,0.010471,0.031136,0.029498,0.734048,0.059488,0.000000,0.033809,0.039202,0.024605,0.000000,0.008896,0.062471,0.041573,0.073625,0.022588,0.009342,0.006602,0.000000,0.000000,0.001474,0.001694,0.005084,0.000000,0.552417,0.056721,0.000000
tuolumne-cpu, 96 (half),,,0.078137,0.004063,0.005919,0.021007,0.013508,0.013819,0.003819,0.008995,0.010336,0.047741,0.047646,0.064482,0.008375,0.019152,4.594882,0.002166,0.001092,0.002744,0.006802,0.877395,0.013702,0.014559,0.021264,0.002525,0.021400,0.152330,0.013343,0.015624,0.014247,0.009056,0.013805,0.115917,0.185517,0.008890,0.004894,0.026585,0.129400,0.216837,0.007113,0.002795,0.169468,0.040832,0.136697,0.003581,0.011905,0.018572,0.040489,0.018673,0.011668,0.005553,0.016351,0.015607,0.344053,0.017688,0.000000,0.017456,0.015471,0.010226,0.000000,0.004503,0.033936,0.024688,0.028212,0.011276,0.003435,0.002963,0.000000,0.000000,0.002011,0.001559,0.001486,0.000000,0.374651,0.188458,0.000000
borax, 16 (quarter),,,0.125775,0.091766,0.029798,0.244912,0.015630,0.069130,0.039412,0.046306,0.093239,0.117957,0.123434,0.094444,0.062248,0.053411,2.445188,0.005874,0.001533,0.004899,0.015290,1.529687,0.469046,0.050825,0.110126,0.010495,0.122704,0.409009,0.073877,0.193490,0.396681,0.014845,0.092592,0.556250,0.878425,0.036415,0.014810,0.063532,0.628800,0.765312,0.008551,0.007177,0.101570,0.175585,0.288429,0.013791,0.073521,0.102422,0.086584,0.111723,0.073492,0.013321,0.074902,0.062622,1.696231,0.339442,0.000000,0.040599,0.111904,0.108967,0.000000,0.010883,0.246463,0.391563,0.120149,0.104331,0.021383,0.015045,0.000000,0.000000,0.002390,0.006073,0.007599,0.000000,0.623004,0.128508,0.000000
boraxo, 16 (quarter),,,0.090457,0.056164,0.025197,0.265879,0.017432,0.039050,0.042456,0.019384,0.111446,0.047579,0.046802,0.089598,0.078844,0.022002,4.514334,0.003279,0.001134,0.003077,0.007500,2.668752,0.260376,0.061179,0.100222,0.012069,0.100350,0.390523,0.078383,0.125632,0.270116,0.025757,0.119153,1.312774,2.062122,0.040789,0.021912,0.066698,0.499495,2.144878,0.008990,0.007491,0.084883,0.160493,0.247960,0.020285,0.078084,0.090160,0.099936,0.090034,0.077575,0.013086,0.079712,0.050793,1.460051,0.207421,0.000000,0.031232,0.096130,0.093887,0.000000,0.009350,0.185705,0.424739,0.142485,0.113551,0.021196,0.013933,0.000000,0.000000,0.001805,0.002142,0.005445,0.000000,0.710603,0.111638,0.000000
corona-cpu, 32 (quarter),,,0.087246,0.038851,0.012113,0.090881,0.015131,0.022631,0.020252,0.024724,0.020211,0.115429,0.068430,0.070189,0.014556,0.049809,2.114984,0.006301,0.001752,0.004725,0.014323,0.958529,0.092030,0.021690,0.044298,0.005898,0.046556,0.155261,0.026931,0.050307,0.131924,0.006842,0.032666,1.042752,1.503658,0.021224,0.018867,0.030943,0.282382,1.282341,0.010286,0.004758,0.074117,0.065622,0.128677,0.017623,0.025693,0.044850,0.038624,0.043841,0.027471,0.007448,0.037089,0.029285,0.947740,0.107910,0.000000,0.026346,0.035675,0.035189,0.000000,0.008310,0.135236,0.138668,0.031956,0.057088,0.012351,0.006487,0.000000,0.000000,0.002038,0.002996,0.004505,0.000000,0.415878,0.230797,0.000000
dane, 56 (quarter),,,0.032195,0.005325,0.004920,0.053366,0.007995,0.008077,0.008840,0.005090,0.026167,0.019786,0.019957,0.019418,0.019366,0.010641,3.071541,0.001220,0.002003,0.002460,0.001995,1.404077,0.022156,0.010054,0.017368,0.004993,0.017621,0.137591,0.011408,0.015948,0.041699,0.002451,0.011273,0.099057,0.142425,0.007797,0.003969,0.018536,0.124906,0.120470,0.010209,0.001721,0.027530,0.031344,0.052972,0.002328,0.009364,0.015216,0.018330,0.015983,0.009475,0.002375,0.010120,0.006508,0.205366,0.022509,0.000000,0.006538,0.009914,0.009825,0.000000,0.002251,0.025758,0.082355,0.019726,0.013658,0.003616,0.002703,0.000000,0.000000,0.000747,0.001131,0.001464,0.000000,0.552558,0.219141,0.000000
mammoth, 64 (quarter),,,0.013535,0.005562,0.009887,0.049195,0.012977,0.008957,0.010575,0.013917,0.016458,0.052244,0.040759,0.041092,0.012846,0.022181,2.311153,0.002282,0.001972,0.003042,0.004344,1.233608,0.019127,0.017004,0.034665,0.004903,0.035416,0.234946,0.022913,0.019225,0.023040,0.003603,0.028186,0.196681,0.248619,0.011021,0.007430,0.046131,0.232024,0.204763,0.010830,0.003409,0.050927,0.054038,0.084930,0.004756,0.022973,0.031253,0.036897,0.040598,0.023944,0.004641,0.012724,0.010497,0.286489,0.023431,0.000000,0.010101,0.015749,0.015769,0.000000,0.004137,0.033350,0.069481,0.024865,0.020376,0.005936,0.005154,0.000000,0.000000,0.001807,0.002804,0.003365,0.000000,0.441754,0.334562,0.000000
matrix-cpu, 56 (quarter),,,0.028409,0.005739,0.004812,0.050827,0.008091,0.007914,0.008400,0.004877,0.026215,0.019813,0.019989,0.018901,0.018113,0.007598,3.104465,0.001026,0.001744,0.002106,0.001793,1.347597,0.021646,0.009308,0.017464,0.004870,0.017831,0.134768,0.011161,0.015465,0.040900,0.002429,0.011069,0.095981,0.139112,0.007882,0.003346,0.014819,0.110252,0.117145,0.008370,0.001623,0.026964,0.030233,0.054085,0.002168,0.010201,0.015409,0.018244,0.015738,0.009431,0.002248,0.009661,0.006249,0.197346,0.024597,0.000000,0.005578,0.009425,0.009231,0.000000,0.002004,0.024686,0.078845,0.019037,0.013112,0.003403,0.002433,0.000000,0.000000,0.000621,0.000933,0.001250,0.000000,0.541778,0.178843,0.000000
tioga-cpu, 32 (quarter),,,0.221450,0.018641,0.021136,0.062411,0.012036,0.056739,0.016733,0.021060,0.040199,0.059132,0.059034,0.069353,0.032270,0.021941,3.368888,0.002899,0.000873,0.004618,0.007654,1.288354,0.040480,0.039932,0.059329,0.002732,0.060112,0.139215,0.049569,0.036540,0.062466,0.026815,0.056776,0.221190,0.332123,0.011889,0.007626,0.042173,0.194826,0.261465,0.005275,0.006229,0.057808,0.082682,0.114345,0.007233,0.045827,0.053293,0.075104,0.054403,0.046749,0.010548,0.035873,0.029853,0.752709,0.058480,0.000000,0.033773,0.036601,0.024920,0.000000,0.008465,0.059427,0.073599,0.072426,0.022566,0.008898,0.006793,0.000000,0.000000,0.002173,0.001734,0.005199,0.000000,0.543776,0.046108,0.000000
tuolumne-cpu, 48 (quarter),,,0.062892,0.003893,0.005805,0.032410,0.012811,0.017960,0.004378,0.008071,0.009638,0.048288,0.048620,0.060129,0.008398,0.019857,1.577162,0.002055,0.000865,0.002608,0.006606,0.716416,0.015973,0.013813,0.021250,0.002678,0.021705,0.152830,0.013590,0.015831,0.014785,0.021458,0.014582,0.125586,0.230964,0.011138,0.005795,0.021544,0.128648,0.232393,0.006822,0.003486,0.123588,0.039779,0.099164,0.005024,0.012034,0.017218,0.055980,0.017115,0.012259,0.006468,0.018059,0.021663,0.362273,0.017381,0.000000,0.017502,0.016160,0.013816,0.000000,0.004531,0.035558,0.041873,0.028612,0.011451,0.003536,0.003857,0.000000,0.000000,0.002131,0.001445,0.001438,0.000000,0.365255,0.166494,0.000000
dane, 32,,,0.050170,0.025245,0.004371,0.089056,0.007330,0.011808,0.013943,0.006158,0.024199,0.017894,0.017960,0.024239,0.017374,0.008474,2.818351,0.001350,0.000978,0.001164,0.002759,1.322577,0.067825,0.011985,0.016763,0.004444,0.018440,0.110369,0.013695,0.079499,0.087959,0.003020,0.018651,0.168590,0.246512,0.012491,0.003657,0.022264,0.120999,0.210164,0.005218,0.001587,0.029342,0.031347,0.065648,0.002839,0.011342,0.014273,0.015933,0.015100,0.011106,0.003185,0.015918,0.010824,0.358857,0.065137,0.000000,0.009142,0.016335,0.016001,0.000000,0.002790,0.061411,0.143163,0.022301,0.021962,0.005420,0.003064,0.000000,0.000000,0.000464,0.000781,0.001024,0.000000,0.508747,0.114887,0.000000
mammoth, 32,,,0.075774,0.021440,0.012554,0.088043,0.009058,0.014061,0.016913,0.020052,0.018716,0.060792,0.038608,0.051095,0.016259,0.026711,2.320204,0.002959,0.001414,0.003319,0.007535,1.040738,0.031393,0.022296,0.045683,0.004508,0.044616,0.196534,0.029498,0.033147,0.028685,0.005090,0.032893,0.257646,0.382838,0.017095,0.006264,0.027715,0.194828,0.335394,0.007567,0.003700,0.047719,0.063908,0.099461,0.005378,0.026735,0.044536,0.046488,0.038210,0.027307,0.006954,0.022891,0.018167,0.566600,0.044933,0.000000,0.015167,0.029050,0.029098,0.000000,0.006077,0.066436,0.136575,0.032416,0.036178,0.008484,0.005616,0.000000,0.000000,0.001560,0.001725,0.003737,0.000000,0.416366,0.147074,0.000000
matrix-cpu, 32,,,0.045229,0.021285,0.004229,0.085947,0.007215,0.011452,0.013601,0.005860,0.023182,0.017795,0.017681,0.024076,0.016239,0.007080,2.763178,0.001300,0.000955,0.001207,0.002590,1.204436,0.060454,0.011620,0.016062,0.004388,0.018065,0.112084,0.013117,0.067209,0.082942,0.002978,0.018774,0.164492,0.260322,0.011917,0.003376,0.019596,0.117745,0.204494,0.004640,0.001550,0.028734,0.030086,0.064004,0.002767,0.010217,0.014096,0.015795,0.014572,0.010100,0.003076,0.015498,0.010600,0.344611,0.061242,0.000000,0.008392,0.015718,0.015578,0.000000,0.002726,0.057253,0.136765,0.023055,0.022603,0.005237,0.002893,0.000000,0.000000,0.000445,0.000798,0.001032,0.000000,0.478363,0.094834,0.000000
tuolumne-cpu, 32,,,0.098041,0.006644,0.006539,0.046897,0.014357,0.036136,0.011402,0.013584,0.011312,0.057039,0.057581,0.074056,0.009465,0.022906,1.621923,0.002607,0.000800,0.003318,0.006966,0.678496,0.020174,0.017700,0.025317,0.002654,0.026079,0.156943,0.014802,0.020154,0.028887,0.016788,0.016489,0.172286,0.323944,0.015634,0.007137,0.023316,0.134836,0.260733,0.009490,0.004126,0.127012,0.045688,0.113155,0.006436,0.013758,0.018644,0.068269,0.018241,0.013576,0.009433,0.024101,0.029813,0.543067,0.026253,0.000000,0.025990,0.023910,0.020389,0.000000,0.006339,0.074190,0.058455,0.039092,0.016334,0.004594,0.004649,0.000000,0.000000,0.002297,0.001292,0.001535,0.000000,0.339181,0.131051,0.000000
