machine,Kernel,Kernel,Basic_ARRAY_OF_PTRS,Basic_COPY8,Basic_DAXPY,Basic_DAXPY_ATOMIC,Basic_EMPTY,Basic_IF_QUAD,Basic_INDEXLIST,Basic_INDEXLIST_3LOOP,Basic_INIT3,Basic_INIT_VIEW1D,Basic_INIT_VIEW1D_OFFSET,Basic_MAT_MAT_SHARED,Basic_MULADDSUB,Basic_NESTED_INIT,Basic_PI_ATOMIC,Basic_PI_REDUCE,Basic_REDUCE3_INT,Basic_REDUCE_STRUCT,Basic_TRAP_INT,Basic_MULTI_REDUCE,Lcals_DIFF_PREDICT,Lcals_EOS,Lcals_FIRST_DIFF,Lcals_FIRST_MIN,Lcals_FIRST_SUM,Lcals_GEN_LIN_RECUR,Lcals_HYDRO_1D,Lcals_HYDRO_2D,Lcals_INT_PREDICT,Lcals_PLANCKIAN,Lcals_TRIDIAG_ELIM,Polybench_2MM,Polybench_3MM,Polybench_ADI,Polybench_ATAX,Polybench_FDTD_2D,Polybench_FLOYD_WARSHALL,Polybench_GEMM,Polybench_GEMVER,Polybench_GESUMMV,Polybench_HEAT_3D,Polybench_JACOBI_1D,Polybench_JACOBI_2D,Polybench_MVT,Stream_ADD,Stream_COPY,Stream_DOT,Stream_MUL,Stream_TRIAD,Apps_CONVECTION3DPA,Apps_DEL_DOT_VEC_2D,Apps_DIFFUSION3DPA,Apps_EDGE3D,Apps_ENERGY,Apps_FEMSWEEP,Apps_FIR,Apps_LTIMES,Apps_LTIMES_NOVIEW,Apps_MASS3DEA,Apps_MASS3DPA,Apps_MATVEC_3D_STENCIL,Apps_NODAL_ACCUMULATION_3D,Apps_PRESSURE,Apps_VOL3D,Apps_ZONAL_ACCUMULATION_3D,Algorithm_SCAN,Algorithm_SORT,Algorithm_SORTPAIRS,Algorithm_REDUCE_SUM,Algorithm_MEMSET,Algorithm_MEMCPY,Algorithm_ATOMIC,Algorithm_HISTOGRAM,Comm_HALO_PACKING,Comm_HALO_PACKING_FUSED
borax,Base_Seq,default,0.450762,0.330565,0.160202,0.160199,0.076081,0.414663,0.225940,0.254690,0.542338,0.676045,0.765214,0.323320,0.374808,0.323588,0.034238,0.034868,0.003655,0.013152,0.093261,0.068588,1.124754,0.284202,0.650973,0.056893,0.653110,0.711040,0.432897,0.658268,1.432162,0.075182,0.555922,2.222255,3.372296,0.205306,0.071295,0.345593,2.601366,2.529437,0.018729,0.026997,0.485956,1.059706,1.635899,0.068916,0.430785,0.563925,0.447323,0.582034,0.428952,0.081068,0.455178,0.338529,10.361982,1.436954,0.000000,0.209361,0.662796,0.684129,0.000000,0.063862,1.023668,0.299508,0.688453,0.666719,0.110406,0.046043,0.722651,0.825547,0.006195,0.020431,0.031328,Not run,0.045902,0.066709,Not run
borax,Base_Seq,default,0.449873,0.331031,0.160292,0.160186,0.076248,0.413926,0.225866,0.254592,0.544719,0.676294,0.765335,0.321177,0.383939,0.323870,0.034235,0.035246,0.003666,0.013275,0.093450,0.068579,0.951056,0.288031,0.650201,0.056782,0.653242,0.707777,0.432624,0.664943,1.426020,0.075423,0.569600,2.222324,3.372123,0.205194,0.071269,0.347577,2.602569,2.530253,0.018723,0.027083,0.485660,1.060795,1.635601,0.068894,0.431081,0.563450,0.447653,0.580850,0.428512,0.080730,0.454699,0.340701,10.366133,1.435021,0.000000,0.209473,0.686609,0.684452,0.000000,0.064051,1.021163,0.299479,0.695379,0.666683,0.110260,0.045890,0.722687,0.824512,0.006233,0.020428,0.031314,Not run,0.045825,0.066874,Not run
borax,Base_Seq,default,0.449555,0.326541,0.160206,0.159918,0.076083,0.414592,0.227343,0.254710,0.574677,0.675862,0.765364,0.329100,0.429651,0.323834,0.034239,0.034655,0.003726,0.015120,0.093887,0.068721,1.000022,0.300704,0.652424,0.056988,0.655764,0.732228,0.436843,0.668066,1.422071,0.074973,0.560924,2.222507,3.371481,0.205341,0.071408,0.347189,2.603167,2.530174,0.018716,0.027001,0.485648,1.059936,1.635249,0.068901,0.435812,0.564294,0.448570,0.581526,0.434801,0.083026,0.455248,0.338268,10.366305,1.438205,0.000000,0.209368,0.667558,0.684664,0.000000,0.064019,1.024115,0.300897,0.732468,0.668024,0.110412,0.045924,0.722492,0.825253,0.006193,0.020430,0.031458,Not run,0.045827,0.066610,Not run
borax,Base_Seq,default,0.449721,0.338382,0.159670,0.159657,0.076315,0.414607,0.226003,0.254559,0.525897,0.676301,0.765208,0.327053,0.368462,0.323643,0.034239,0.035242,0.003674,0.013079,0.093252,0.068617,0.938838,0.301798,0.648042,0.057002,0.651261,0.723311,0.438752,0.683198,1.420572,0.076010,0.557458,2.225837,3.368454,0.207728,0.071230,0.348502,2.599566,2.533689,0.018747,0.026986,0.485424,1.060303,1.682857,0.068860,0.436936,0.562123,0.447291,0.579909,0.435086,0.074837,0.455630,0.341666,10.369586,1.471247,0.000000,0.209461,0.679188,0.684332,0.000000,0.064690,1.044073,0.300973,0.715513,0.667186,0.111254,0.045910,0.722559,0.827888,0.006179,0.020346,0.031226,Not run,0.045822,0.066794,Not run
borax,Base_Seq,default,0.449960,0.329922,0.160340,0.160342,0.076079,0.414987,0.225990,0.253868,0.580305,0.675986,0.765127,0.328181,0.413034,0.323516,0.034249,0.034679,0.003724,0.014985,0.093951,0.068719,0.948128,0.318522,0.650421,0.057042,0.652972,0.752061,0.432067,0.662555,1.423013,0.074993,0.620265,2.221945,3.372344,0.205716,0.071478,0.356543,2.603303,2.529622,0.018715,0.027149,0.485456,1.059764,1.636375,0.068916,0.448305,0.564071,0.447637,0.581947,0.446601,0.083558,0.455883,0.338777,10.363575,1.429941,0.000000,0.209379,0.686608,0.684218,0.000000,0.065343,1.023857,0.299643,0.698836,0.666957,0.110551,0.045881,0.722846,0.824785,0.006226,0.020425,0.031318,Not run,0.045920,0.066574,Not run
borax,Base_Seq,default,0.453065,0.331407,0.160511,0.160270,0.076084,0.414769,0.226242,0.254790,0.497382,0.676426,0.764829,0.327634,0.365782,0.323347,0.034241,0.034676,0.003662,0.013224,0.093561,0.068590,0.947831,0.282687,0.650589,0.057043,0.653317,0.709871,0.432851,0.665751,1.429945,0.074652,0.551176,2.223824,3.374445,0.205173,0.071420,0.345294,2.602406,2.528241,0.018724,0.026990,0.485390,1.059468,1.636655,0.069082,0.430503,0.564000,0.447479,0.585880,0.428761,0.080296,0.456113,0.337112,10.363063,1.437145,0.000000,0.209348,0.667257,0.684215,0.000000,0.063824,1.027531,0.299273,0.677823,0.667065,0.110318,0.045862,0.722476,0.825890,0.006224,0.020420,0.031327,Not run,0.045897,0.066546,Not run
borax,Base_Seq,default,0.450301,0.331579,0.160122,0.160128,0.076140,0.414411,0.225864,0.254614,0.492093,0.675787,0.764952,0.322023,0.349057,0.323453,0.034242,0.035227,0.003672,0.013118,0.093241,0.068588,0.946758,0.282614,0.650439,0.056793,0.653555,0.705710,0.432397,0.665746,1.431949,0.074548,0.557857,2.221757,3.371463,0.204641,0.071296,0.345298,2.602334,2.527977,0.018713,0.026989,0.485341,1.060988,1.637173,0.068892,0.430818,0.563486,0.447300,0.580710,0.429093,0.080007,0.455954,0.339369,10.366867,1.436771,0.000000,0.209720,0.666766,0.684497,0.000000,0.064054,1.024375,0.299288,0.671292,0.665809,0.110242,0.045878,0.722570,0.824408,0.006229,0.020410,0.031313,Not run,0.045842,0.066560,Not run
borax,Base_Seq,default,0.450630,0.330065,0.160003,0.160445,0.076187,0.415380,0.226105,0.256204,0.553587,0.675035,0.765352,0.330039,0.404689,0.323401,0.034238,0.034514,0.003668,0.013349,0.093081,0.068617,0.949543,0.299003,0.652652,0.057209,0.655780,0.726477,0.438460,0.665278,1.437086,0.075337,0.574933,2.221467,3.371140,0.205177,0.071461,0.350318,2.602247,2.529262,0.018714,0.026994,0.485401,1.059527,1.637045,0.068894,0.429840,0.564043,0.447944,0.581372,0.428068,0.080565,0.456355,0.336439,10.373428,1.435552,0.000000,0.209352,0.676586,0.684662,0.000000,0.064151,1.024603,0.300754,0.670581,0.667452,0.110437,0.045852,0.723098,0.824836,0.006213,0.020515,0.031333,Not run,0.046075,0.066534,Not run
borax,Base_Seq,default,0.449763,0.338396,0.159627,0.159669,0.076092,0.414888,0.226029,0.254402,0.490355,0.675904,0.765004,0.326890,0.349855,0.323309,0.034249,0.035235,0.003668,0.013192,0.093434,0.068616,0.955971,0.299859,0.647827,0.056939,0.650980,0.719745,0.442131,0.678822,1.425908,0.075383,0.555779,2.224264,3.369566,0.206775,0.071455,0.345335,2.599405,2.530997,0.018721,0.026975,0.487761,1.059474,1.641211,0.068861,0.430188,0.562156,0.448275,0.578356,0.428733,0.072213,0.455998,0.338365,10.368056,1.471413,0.000000,0.209395,0.686936,0.684171,0.000000,0.064700,1.050013,0.299734,0.672370,0.667084,0.110393,0.045907,0.722379,0.826813,0.006197,0.020343,0.031321,Not run,0.045843,0.066731,Not run
borax,Base_Seq,default,0.450563,0.331975,0.160358,0.160205,0.076134,0.415066,0.226078,0.255180,0.495119,0.675742,0.766403,0.327372,0.348840,0.323317,0.034240,0.035118,0.003726,0.013321,0.093093,0.068876,0.958689,0.285006,0.650586,0.057081,0.653032,0.707807,0.433228,0.662871,1.429965,0.074469,0.548056,2.221984,3.373111,0.204831,0.071260,0.344996,2.602645,2.528969,0.018724,0.026991,0.485600,1.059477,1.636394,0.068903,0.429733,0.563636,0.447944,0.581976,0.428806,0.080715,0.455791,0.335243,10.373480,1.437800,0.000000,0.209303,0.686293,0.684453,0.000000,0.065277,1.029117,0.299332,0.681831,0.667975,0.110295,0.045865,0.722630,0.825069,0.006229,0.020429,0.031320,Not run,0.045912,0.066648,Not run
borax,Base_Seq,default,0.450800,0.330882,0.160124,0.160141,0.076184,0.414141,0.225898,0.254678,0.481059,0.676555,0.765788,0.327557,0.343712,0.325006,0.034240,0.034695,0.003671,0.013300,0.093180,0.068594,0.957593,0.279846,0.650612,0.057096,0.654160,0.705312,0.433062,0.661063,1.436459,0.074798,0.544056,2.225373,3.376068,0.206321,0.071276,0.344518,2.601418,2.527884,0.018718,0.026984,0.485612,1.061810,1.636403,0.068962,0.429370,0.563805,0.447680,0.581646,0.428926,0.078942,0.456210,0.341379,10.373019,1.439540,0.000000,0.209674,0.662834,0.686456,0.000000,0.063820,1.025039,0.299454,0.669611,0.670400,0.110270,0.045857,0.722630,0.825203,0.006245,0.020421,0.031313,Not run,0.045895,0.066536,Not run
borax,Base_Seq,default,0.450293,0.331922,0.161731,0.160308,0.076139,0.414649,0.225884,0.254949,0.491127,0.676041,0.765080,0.326476,0.346555,0.324435,0.034292,0.035243,0.003661,0.013622,0.093254,0.068585,0.947094,0.281836,0.650186,0.057065,0.652913,0.706745,0.431636,0.662172,1.430824,0.074634,0.540231,2.225377,3.372644,0.204799,0.071968,0.344459,2.605933,2.529274,0.018713,0.026986,0.485511,1.060534,1.635925,0.068897,0.430121,0.563602,0.448158,0.580575,0.427859,0.080045,0.456082,0.339859,10.366359,1.440368,0.000000,0.209687,0.669422,0.684057,0.000000,0.064049,1.029306,0.299550,0.654429,0.670496,0.110233,0.045871,0.722529,0.825976,0.006215,0.020493,0.031309,Not run,0.045811,0.066636,Not run
borax,Base_Seq,default,0.450416,0.328326,0.160376,0.160217,0.076081,0.415363,0.226633,0.254641,0.530504,0.676461,0.766468,0.329088,0.403353,0.323466,0.034234,0.034536,0.003663,0.013345,0.094219,0.068635,1.042817,0.293567,0.653917,0.057158,0.656175,0.722935,0.440133,0.667629,1.430506,0.074961,0.560057,2.224085,3.373263,0.204904,0.071294,0.349892,2.602853,2.529943,0.018732,0.026993,0.485649,1.059517,1.635910,0.068880,0.429393,0.565488,0.447925,0.581010,0.428548,0.079460,0.456698,0.339342,10.371390,1.437075,0.000000,0.209343,0.673576,0.684679,0.000000,0.064104,1.025632,0.300777,0.658273,0.666929,0.110282,0.045858,0.723028,0.824515,0.006236,0.020430,0.031317,Not run,0.045867,0.066530,Not run
borax,Base_Seq,default,0.450261,0.338477,0.159730,0.159892,0.076096,0.414974,0.225978,0.254436,0.514639,0.675657,0.765802,0.326730,0.373017,0.323416,0.034237,0.035241,0.003666,0.013172,0.093346,0.068583,0.952474,0.295338,0.647866,0.056998,0.651266,0.715193,0.434459,0.684287,1.441562,0.075209,0.554197,2.226673,3.372521,0.206910,0.071272,0.347922,2.599630,2.540195,0.018748,0.026981,0.486188,1.062759,1.641855,0.069006,0.440250,0.561984,0.446853,0.578015,0.439214,0.071183,0.456403,0.339513,10.373037,1.472974,0.000000,0.209398,0.679366,0.685604,0.000000,0.064679,1.050354,0.300363,0.683141,0.666730,0.111070,0.045899,0.722546,0.826638,0.006217,0.020329,0.031218,Not run,0.045888,0.067602,Not run
borax,Base_Seq,default,0.450330,0.331191,0.160122,0.160288,0.076104,0.414782,0.226069,0.254070,0.494441,0.675824,0.764968,0.327710,0.351814,0.323651,0.034286,0.034747,0.003721,0.015001,0.094223,0.068714,0.948779,0.281464,0.652475,0.057028,0.652945,0.711852,0.432104,0.661450,1.433373,0.074414,0.543557,2.228826,3.373313,0.205354,0.071261,0.344529,2.604757,2.531616,0.018724,0.026996,0.488020,1.061710,1.636727,0.068903,0.429654,0.563787,0.447477,0.581812,0.428067,0.078713,0.457437,0.339148,10.371909,1.429346,0.000000,0.209944,0.686590,0.684334,0.000000,0.065282,1.033163,0.299412,0.664319,0.667818,0.110378,0.045870,0.722583,0.824590,0.006192,0.020423,0.031324,Not run,0.045906,0.066596,Not run
boraxo,Base_Seq,default,0.480576,0.265725,0.178929,0.178132,0.218446,0.276585,0.326611,0.115634,0.652332,0.477791,0.499372,0.356830,0.454219,0.191747,0.021863,0.021895,0.004605,0.018381,0.054642,0.098655,0.833097,0.419775,0.733096,0.087469,0.735231,0.942422,0.570347,0.823853,1.183963,0.174482,0.803077,5.027436,7.244016,0.293732,0.124722,0.451743,3.002573,6.256349,0.029248,0.044610,0.513485,1.157592,2.000688,0.124623,0.566999,0.649698,0.712456,0.654273,0.559458,0.093569,0.636276,0.407745,11.993413,1.334979,0.000000,0.280165,0.744182,0.809873,0.000000,0.071883,1.243206,0.427593,0.955961,0.891571,0.158116,0.087787,1.112195,1.249414,0.011760,0.019362,0.041118,Not run,0.059659,0.086713,Not run
boraxo,Base_Seq,default,0.480499,0.266252,0.178901,0.178150,0.218432,0.276788,0.326996,0.115028,0.648418,0.475896,0.476154,0.355239,0.445934,0.191812,0.021870,0.021903,0.004654,0.017907,0.054662,0.098623,0.832715,0.413037,0.715280,0.087461,0.717507,0.919407,0.556938,0.825650,1.181382,0.174665,0.795144,5.027189,7.243973,0.293710,0.125163,0.434409,2.868337,6.256113,0.029191,0.042588,0.510308,1.159860,2.019254,0.124223,0.555568,0.639464,0.703110,0.637531,0.547785,0.093089,0.636230,0.408929,12.014232,1.333282,0.000000,0.280091,0.743756,0.809941,0.000000,0.072626,1.240668,0.427561,0.954691,0.891623,0.157963,0.087696,1.112190,1.248528,0.011319,0.019754,0.039123,Not run,0.059561,0.086758,Not run
boraxo,Base_Seq,default,0.480880,0.267254,0.181366,0.179430,0.218431,0.277734,0.327022,0.115153,0.635991,0.487480,0.482239,0.358678,0.424979,0.198854,0.021866,0.021869,0.004674,0.018689,0.054617,0.098650,0.831352,0.433359,0.744962,0.087517,0.750977,0.933904,0.575494,0.827039,1.185961,0.174877,0.809554,4.825399,7.619537,0.293900,0.147031,0.458610,2.862833,6.256485,0.029268,0.042565,0.512556,1.150868,2.002915,0.125444,0.555500,0.635918,0.700150,0.631180,0.544116,0.095884,0.636356,0.406709,12.008541,1.335085,0.000000,0.280174,0.744649,0.810074,0.000000,0.073468,1.241918,0.427701,0.953683,0.891819,0.158553,0.087816,1.112281,1.249482,0.011303,0.019109,0.042360,Not run,0.059638,0.086884,Not run
boraxo,Base_Seq,default,0.488817,0.277903,0.186660,0.181215,0.218434,0.284619,0.327386,0.115713,0.709778,0.490932,0.491612,0.363054,0.460735,0.199237,0.021866,0.021924,0.004627,0.019672,0.054697,0.098630,0.840243,0.465932,0.732218,0.087504,0.737182,1.000263,0.606342,0.852647,1.205965,0.175875,0.887462,4.493248,7.140574,0.301760,0.125746,0.481516,3.008209,6.264762,0.029736,0.045421,0.513023,1.160316,2.027953,0.124369,0.588423,0.665107,0.723260,0.655571,0.589789,0.097423,0.636412,0.413657,11.989085,1.371283,0.000000,0.280301,0.743856,0.809445,0.000000,0.071615,1.289603,0.428293,1.028600,0.888133,0.159484,0.087976,1.112352,1.251004,0.011583,0.021464,0.045587,Not run,0.059602,0.089492,Not run
boraxo,Base_Seq,default,0.482886,0.267329,0.175951,0.174815,0.218434,0.276357,0.326868,0.114328,0.655636,0.475969,0.475855,0.356718,0.440821,0.191987,0.021865,0.021870,0.004627,0.017855,0.054616,0.098660,0.836187,0.414306,0.707297,0.087465,0.708698,0.926215,0.561234,0.825064,1.179228,0.174671,0.798882,5.026875,7.242910,0.293613,0.125529,0.439581,2.902513,6.255301,0.029557,0.043067,0.515264,1.160216,2.021793,0.125060,0.558091,0.644062,0.706871,0.642430,0.547042,0.093475,0.636296,0.408485,12.007597,1.336618,0.000000,0.280131,0.743815,0.792980,0.000000,0.071229,1.241762,0.427625,0.956756,0.891914,0.158087,0.087758,1.112215,1.248414,0.011371,0.019349,0.043191,Not run,0.059615,0.086497,Not run
boraxo,Base_Seq,default,0.464129,0.253241,0.185908,0.184299,0.218442,0.274703,0.326947,0.116155,0.635051,0.521650,0.531646,0.359728,0.436734,0.196476,0.021866,0.021900,0.004547,0.019540,0.054648,0.098658,0.804582,0.419406,0.774448,0.087534,0.780656,0.948200,0.583357,0.817294,1.122439,0.173706,0.797014,5.023358,7.240863,0.291582,0.125233,0.463523,3.207574,6.318826,0.029434,0.045909,0.512658,1.186326,2.025848,0.125765,0.578662,0.691224,0.720645,0.689411,0.571851,0.095113,0.636039,0.397847,12.019609,1.268575,0.000000,0.280186,0.744013,0.809885,0.000000,0.072170,1.236296,0.427746,0.920091,0.891943,0.158049,0.087981,1.111929,1.249268,0.011398,0.019494,0.045624,Not run,0.059695,0.086003,Not run
boraxo,Base_Seq,default,0.463702,0.253303,0.187152,0.186689,0.218439,0.274796,0.327725,0.116338,0.640186,0.530332,0.530704,0.382034,0.435459,0.201051,0.021861,0.021909,0.004579,0.020018,0.054684,0.098650,0.805911,0.414844,0.785145,0.087540,0.789356,0.949031,0.582922,0.818733,1.124014,0.174012,0.794050,5.024293,7.241962,0.291609,0.126446,0.466801,3.261817,6.311565,0.029696,0.046618,0.513409,1.166970,2.017465,0.125051,0.572342,0.698164,0.723198,0.692260,0.570103,0.094298,0.635946,0.398024,12.012240,1.270113,0.000000,0.280305,0.744213,0.809700,0.000000,0.073339,1.241193,0.427670,0.924626,0.891963,0.157958,0.088089,1.112207,1.250085,0.011188,0.019554,0.045101,Not run,0.059567,0.086152,Not run
boraxo,Base_Seq,default,0.464525,0.253898,0.179190,0.177492,0.218448,0.275550,0.326916,0.115851,0.619318,0.500310,0.489542,0.356947,0.415770,0.201933,0.021867,0.021870,0.004634,0.018298,0.054619,0.098675,0.804294,0.426582,0.742091,0.087584,0.754664,0.928213,0.579856,0.817260,1.125022,0.174189,0.784576,4.825175,7.614001,0.291829,0.146616,0.466130,3.310426,6.268760,0.029217,0.046718,0.512623,1.180528,2.028359,0.125837,0.565436,0.706203,0.728367,0.691778,0.563176,0.092695,0.636121,0.397222,12.009752,1.270930,0.000000,0.280406,0.744562,0.810303,0.000000,0.073785,1.236132,0.427780,0.924829,0.891760,0.158339,0.088278,1.111966,1.250985,0.011308,0.019159,0.046566,Not run,0.059640,0.086332,Not run
boraxo,Base_Seq,default,0.473721,0.265753,0.185078,0.181264,0.218440,0.281117,0.327470,0.116778,0.681482,0.498842,0.499154,0.362180,0.450016,0.201514,0.021867,0.021937,0.004592,0.019646,0.054682,0.098670,0.813613,0.449910,0.743852,0.087547,0.747980,0.976245,0.589177,0.843988,1.151548,0.174956,0.857673,4.490473,7.134342,0.299299,0.126241,0.472577,3.053993,6.278126,0.029909,0.045662,0.521632,1.194301,2.058673,0.124840,0.573775,0.664605,0.726903,0.664615,0.580206,0.093605,0.636513,0.399055,12.003779,1.309760,0.000000,0.280376,0.741210,0.809816,0.000000,0.071822,1.279086,0.428157,0.986617,0.890841,0.159160,0.087960,1.112397,1.249945,0.011513,0.021797,0.045081,Not run,0.059564,0.089056,Not run
boraxo,Base_Seq,default,0.465604,0.253648,0.189044,0.186792,0.218458,0.275060,0.326803,0.115432,0.646577,0.478732,0.479235,0.356552,0.429158,0.191457,0.021862,0.021871,0.004830,0.020045,0.054617,0.098691,0.805117,0.415703,0.761984,0.087480,0.765818,0.940911,0.576610,0.817573,1.121199,0.174030,0.796426,5.023522,7.239015,0.291855,0.125490,0.453168,3.245467,6.291728,0.029488,0.044906,0.512613,1.189892,2.049689,0.124946,0.563962,0.691574,0.717047,0.680898,0.561278,0.091917,0.636176,0.397484,12.016471,1.266511,0.000000,0.280378,0.743804,0.809617,0.000000,0.071367,1.240163,0.427768,0.918474,0.892191,0.158214,0.088163,1.111809,1.250168,0.011204,0.019291,0.045947,Not run,0.059644,0.085727,Not run
boraxo,Base_Seq,default,0.464729,0.253741,0.176670,0.176057,0.218449,0.274552,0.327111,0.114294,0.632725,0.476868,0.478108,0.356205,0.437981,0.191857,0.021870,0.021894,0.004545,0.017898,0.054650,0.098648,0.808718,0.401820,0.709651,0.087469,0.712248,0.906973,0.547188,0.817895,1.123956,0.173940,0.768812,5.025392,7.242561,0.291257,0.124691,0.428890,2.907784,6.259081,0.029335,0.042905,0.508653,1.162439,2.000093,0.124420,0.544105,0.639873,0.699304,0.636390,0.536884,0.091738,0.635960,0.396353,11.983125,1.268189,0.000000,0.280154,0.743740,0.810215,0.000000,0.072079,1.238759,0.427565,0.905309,0.891866,0.157958,0.087724,1.112039,1.246985,0.011210,0.019137,0.038292,Not run,0.059658,0.086848,Not run
boraxo,Base_Seq,default,0.465634,0.253565,0.178951,0.177770,0.218456,0.274427,0.326844,0.114885,0.631779,0.475695,0.476391,0.355335,0.431328,0.191558,0.021867,0.021910,0.004577,0.018398,0.054664,0.098643,0.809003,0.399584,0.718569,0.087465,0.722500,0.906194,0.551913,0.818135,1.125961,0.173968,0.767298,5.026386,7.242251,0.291056,0.125049,0.433627,2.961845,6.259275,0.029103,0.043354,0.511520,1.156176,2.008633,0.124204,0.545225,0.646516,0.702753,0.644864,0.539411,0.091524,0.636060,0.396776,12.008932,1.270210,0.000000,0.280116,0.735439,0.809940,0.000000,0.072890,1.242427,0.427494,0.904881,0.891797,0.157669,0.087784,1.111846,1.247577,0.011189,0.019353,0.040857,Not run,0.059546,0.086629,Not run
boraxo,Base_Seq,default,0.465031,0.255586,0.178264,0.176734,0.218448,0.274790,0.326972,0.114364,0.612691,0.483491,0.482168,0.357909,0.411865,0.195449,0.021863,0.021866,0.004605,0.018010,0.054626,0.098640,0.808695,0.413899,0.725077,0.087519,0.738451,0.898576,0.554596,0.820209,1.125205,0.174296,0.772894,4.824377,7.615458,0.291412,0.130982,0.444492,2.962086,6.255743,0.029239,0.043059,0.509887,1.147072,1.998376,0.125333,0.548250,0.654302,0.702546,0.647599,0.543940,0.091579,0.635954,0.396870,11.995980,1.265595,0.000000,0.280092,0.744420,0.810185,0.000000,0.073331,1.237406,0.427552,0.903878,0.891944,0.157710,0.087812,1.111938,1.248201,0.011149,0.019115,0.041689,Not run,0.059616,0.086931,Not run
boraxo,Base_Seq,default,0.476021,0.267092,0.186919,0.183602,0.218480,0.281541,0.327398,0.115990,0.691639,0.490855,0.491943,0.363198,0.451013,0.198301,0.021868,0.021931,0.004581,0.020000,0.054680,0.098684,0.814257,0.457282,0.754107,0.087477,0.759813,0.979495,0.593700,0.846634,1.151649,0.175770,0.858205,4.492342,7.142148,0.299917,0.125735,0.465762,3.122065,6.271361,0.029562,0.046285,0.518231,1.165466,2.048024,0.124413,0.569915,0.682905,0.728999,0.674211,0.580887,0.093903,0.636397,0.399120,12.006195,1.309945,0.000000,0.280332,0.743771,0.809766,0.000000,0.071462,1.278176,0.428153,0.980727,0.888123,0.159186,0.088122,1.111950,1.250741,0.011602,0.019800,0.043847,Not run,0.059573,0.089321,Not run
boraxo,Base_Seq,default,0.466283,0.253763,0.176328,0.175497,0.218446,0.274654,0.326766,0.113475,0.632430,0.476236,0.475942,0.356647,0.422767,0.191674,0.021868,0.021870,0.004569,0.017724,0.054619,0.098643,0.810461,0.403659,0.712064,0.087468,0.713627,0.899379,0.547515,0.818265,1.125663,0.174098,0.766220,5.026708,7.243637,0.291457,0.125562,0.428569,2.907810,6.258144,0.029284,0.042960,0.511193,1.153196,2.007405,0.125065,0.542217,0.641989,0.700108,0.635316,0.536527,0.090896,0.636111,0.396854,12.007625,1.267816,0.000000,0.280132,0.743762,0.809425,0.000000,0.071112,1.238348,0.427506,0.902256,0.891938,0.157551,0.087648,1.111988,1.246677,0.011213,0.019529,0.041858,Not run,0.059618,0.086438,Not run
corona-cpu,Base_Seq,default,0.288641,0.138756,0.110354,0.121276,0.076135,0.261344,0.267716,0.277727,0.412015,0.782107,0.778102,0.214548,0.438399,0.245287,0.040624,0.040180,0.001926,0.019494,0.104763,0.085396,0.454817,0.377005,0.622479,0.035664,0.642228,0.546783,0.548726,0.437691,0.633870,0.060151,0.674892,1.528757,2.330664,0.242490,0.046198,0.779020,2.656374,1.744396,0.011264,0.047896,0.468709,1.070876,1.651154,0.042382,0.696433,0.567561,0.635750,0.524136,0.543213,0.134110,0.359008,0.464291,8.809098,0.983180,0.000000,0.127056,0.459489,0.456581,0.000000,0.063931,0.874794,0.328421,0.637054,0.525453,0.104748,0.051487,0.861691,0.969978,0.005793,0.006061,0.020556,Not run,0.053599,0.033317,Not run
corona-cpu,Base_Seq,default,0.287801,0.139492,0.110983,0.135524,0.076582,0.262765,0.267606,0.279702,0.406265,0.781982,0.782200,0.214857,0.420380,0.246717,0.041097,0.040802,0.001912,0.019932,0.104082,0.086058,0.448870,0.360581,0.502644,0.035656,0.587424,0.526374,0.515407,0.440317,0.636648,0.061027,0.678336,1.532871,2.420125,0.241883,0.046035,0.709278,2.750493,1.762796,0.011307,0.051212,0.344743,0.982002,1.425120,0.042318,0.620860,0.433357,0.511780,0.458591,0.559034,0.132322,0.356519,0.453031,8.815325,0.984826,0.000000,0.128506,0.458459,0.456356,0.000000,0.062699,0.874985,0.328946,0.653190,0.528340,0.116604,0.057144,0.865757,0.973023,0.005833,0.006150,0.024781,Not run,0.054084,0.033774,Not run
corona-cpu,Base_Seq,default,0.302322,0.135367,0.102245,0.108194,0.077010,0.252293,0.268336,0.272370,0.408348,0.787296,0.788274,0.216031,0.274390,0.247815,0.040717,0.040759,0.001833,0.012167,0.106026,0.083830,0.449448,0.290364,0.433425,0.035773,0.442691,0.472689,0.416151,0.432610,0.626381,0.059576,0.599548,1.536599,2.325457,0.218804,0.047098,0.319607,1.875090,1.756926,0.011380,0.029400,0.294922,0.764607,1.156725,0.042406,0.434790,0.369188,0.429693,0.370000,0.484412,0.114603,0.358219,0.411731,8.811883,0.942021,0.000000,0.128484,0.458875,0.456037,0.000000,0.063217,0.874807,0.330815,0.651390,0.525219,0.113835,0.052729,0.867410,0.974844,0.005742,0.006226,0.021353,Not run,0.053780,0.033776,Not run
corona-cpu,Base_Seq,default,0.302524,0.139815,0.095386,0.105508,0.076804,0.239041,0.268378,0.281186,0.410526,0.781978,0.781985,0.215200,0.389125,0.248139,0.040970,0.040428,0.002706,0.016828,0.104984,0.084892,0.449875,0.364244,0.540665,0.037773,0.661753,0.503687,0.528222,0.437324,0.635064,0.060821,0.656709,1.534784,2.538243,0.246791,0.046400,0.728290,2.667982,1.761024,0.011259,0.046396,0.330976,0.858441,1.057714,0.042103,0.590646,0.505152,0.599338,0.522285,0.565563,0.132056,0.361483,0.452302,8.793471,0.988634,0.000000,0.131154,0.456123,0.454807,0.000000,0.063456,0.873854,0.328432,0.672224,0.528581,0.114861,0.054349,0.869534,0.973989,0.005729,0.006304,0.026180,Not run,0.053968,0.034358,Not run
corona-cpu,Base_Seq,default,0.286657,0.138359,0.105276,0.107031,0.076797,0.263564,0.268797,0.273540,0.406733,0.782013,0.780607,0.213997,0.272624,0.245927,0.040814,0.040821,0.001865,0.012239,0.104340,0.084460,0.449469,0.287875,0.448581,0.035869,0.453068,0.464975,0.414934,0.433483,0.624777,0.059807,0.636554,1.536694,2.313547,0.218239,0.045939,0.287796,1.399443,1.737170,0.011058,0.030482,0.306549,0.716675,1.128256,0.042472,0.420141,0.394751,0.414417,0.411632,0.450023,0.113900,0.357788,0.410428,8.813565,0.965895,0.000000,0.128233,0.457660,0.452808,0.000000,0.063140,0.878103,0.328371,0.651176,0.525387,0.110990,0.052385,0.866895,0.966397,0.005748,0.006421,0.020048,Not run,0.053860,0.033617,Not run
corona-cpu,Base_Seq,default,0.304157,0.146071,0.147780,0.155480,0.076664,0.255450,0.268042,0.287276,0.473038,0.772084,0.774230,0.225855,0.471511,0.243303,0.041034,0.040291,0.001797,0.024717,0.105167,0.086016,0.461732,0.406839,0.723000,0.035651,0.703695,0.580023,0.563710,0.453174,0.627332,0.061082,0.769847,1.531836,2.324527,0.241581,0.101402,0.622754,3.009041,1.967065,0.011368,0.056981,0.349155,0.865591,1.278992,0.042917,0.672367,0.634956,0.685719,0.617468,0.607128,0.114788,0.361939,0.386051,8.817566,1.077018,0.000000,0.136217,0.459037,0.453829,0.000000,0.064737,0.884375,0.330842,0.777786,0.531198,0.122567,0.055940,0.861573,0.984669,0.005671,0.006296,0.029893,Not run,0.053884,0.034720,Not run
corona-cpu,Base_Seq,default,0.302922,0.136190,0.112201,0.132617,0.077020,0.261810,0.269650,0.282429,0.410919,0.783782,0.786245,0.215798,0.430654,0.248880,0.041041,0.041261,0.002859,0.019111,0.104800,0.086154,0.456590,0.411129,0.539497,0.036037,0.608772,0.546967,0.538390,0.441168,0.640042,0.062737,0.685696,1.607188,2.341170,0.248433,0.048286,0.767151,2.591605,1.759772,0.011309,0.045387,0.367769,0.905486,1.380542,0.043534,0.716995,0.549673,0.656147,0.531120,0.556740,0.140664,0.359326,0.474736,8.868336,0.987282,0.000000,0.126883,0.460320,0.458233,0.000000,0.063640,0.879545,0.330237,0.653902,0.531592,0.117621,0.055181,0.867822,0.979846,0.005873,0.006373,0.022933,Not run,0.054051,0.034180,Not run
corona-cpu,Base_Seq,default,0.289469,0.140995,0.110740,0.138002,0.076855,0.264852,0.269800,0.283484,0.408516,0.786462,0.783927,0.216096,0.405599,0.248604,0.041190,0.040777,0.001944,0.021732,0.105454,0.086205,0.455872,0.393465,0.509191,0.035361,0.599343,0.508241,0.509182,0.442723,0.636580,0.061364,0.680457,1.543352,2.431852,0.247974,0.047304,0.799543,2.756457,1.780208,0.011360,0.049931,0.363765,0.819862,1.568750,0.043474,0.716486,0.510931,0.574687,0.506758,0.582875,0.140920,0.366307,0.469844,8.862348,0.964679,0.000000,0.130721,0.460432,0.456688,0.000000,0.063697,0.880530,0.329771,0.660359,0.532037,0.117779,0.056936,0.870332,0.979656,0.005846,0.006291,0.023296,Not run,0.054226,0.044912,Not run
corona-cpu,Base_Seq,default,0.303755,0.140397,0.110916,0.116124,0.076729,0.254113,0.268330,0.274734,0.412783,0.788511,0.786461,0.215953,0.274596,0.247590,0.041235,0.041041,0.001941,0.012800,0.105353,0.085270,0.451224,0.292724,0.445487,0.035836,0.453312,0.469507,0.429845,0.442615,0.625108,0.059493,0.608853,1.544805,2.351696,0.220999,0.047074,0.321122,1.565596,1.774681,0.011299,0.029018,0.318955,0.733335,1.223734,0.043181,0.437074,0.342050,0.389168,0.343854,0.478864,0.115357,0.361257,0.419111,8.869094,0.972616,0.000000,0.128947,0.459762,0.455644,0.000000,0.063570,0.879627,0.330338,0.650742,0.527910,0.114738,0.053478,0.870413,0.978696,0.006312,0.007330,0.021005,Not run,0.053921,0.035894,Not run
corona-cpu,Base_Seq,default,0.305266,0.140649,0.102521,0.127472,0.076794,0.242919,0.267993,0.282497,0.417982,0.780589,0.778431,0.215011,0.380646,0.248028,0.041000,0.041012,0.002063,0.017535,0.105459,0.085633,0.452635,0.364360,0.533219,0.035888,0.593311,0.502062,0.519470,0.440380,0.639357,0.061587,0.674595,1.547275,2.345129,0.246830,0.047329,0.793471,2.471797,1.785696,0.011346,0.038652,0.379479,0.980480,1.417173,0.043873,0.665740,0.497214,0.584574,0.513777,0.587868,0.136518,0.364226,0.461873,8.849454,0.988510,0.000000,0.130895,0.459434,0.457613,0.000000,0.063585,0.879371,0.330097,0.653314,0.530744,0.108794,0.053051,0.871584,0.970845,0.005861,0.006415,0.021751,Not run,0.053870,0.045813,Not run
corona-cpu,Base_Seq,default,0.303602,0.135885,0.107813,0.116880,0.077830,0.241859,0.268970,0.277793,0.408293,0.782596,0.783379,0.215304,0.273602,0.246995,0.041100,0.040991,0.001888,0.012051,0.107975,0.085170,0.452345,0.291210,0.462381,0.035816,0.470074,0.468194,0.422018,0.436838,0.629564,0.060318,0.627909,1.543009,2.333572,0.219786,0.047236,0.313688,1.996803,1.776050,0.011268,0.030880,0.301031,0.700122,1.101823,0.043526,0.424156,0.413585,0.464159,0.419275,0.458454,0.115139,0.361452,0.425724,8.862304,0.949909,0.000000,0.130639,0.458816,0.458930,0.000000,0.063556,0.878288,0.330227,0.650468,0.529036,0.110853,0.052966,0.868751,0.976407,0.005843,0.006362,0.021798,Not run,0.054053,0.033962,Not run
corona-cpu,Base_Seq,default,0.302979,0.145904,0.140871,0.145758,0.077054,0.258576,0.268227,0.286840,0.466223,0.786191,0.786301,0.225035,0.469597,0.248475,0.041064,0.040784,0.001960,0.023289,0.105134,0.087099,0.440253,0.414859,0.720538,0.035667,0.706778,0.588913,0.570087,0.457709,0.623759,0.062637,0.772587,1.533532,2.341023,0.243667,0.047497,0.638931,2.819734,2.320702,0.011243,0.053506,0.377602,0.856127,1.303329,0.043663,0.688412,0.610883,0.641902,0.570025,0.589451,0.114245,0.366454,0.375031,8.859819,1.075173,0.000000,0.137650,0.460054,0.456453,0.000000,0.065077,0.882933,0.333420,0.765300,0.533452,0.121015,0.058752,0.874065,0.986415,0.005861,0.006445,0.028700,Not run,0.053964,0.046482,Not run
corona-cpu,Base_Seq,default,0.287550,0.139046,0.103781,0.122606,0.076387,0.238384,0.266598,0.278566,0.407455,0.781162,0.780143,0.215757,0.440876,0.255506,0.040714,0.040156,0.001900,0.021706,0.104578,0.085721,0.451768,0.407196,0.615354,0.035582,0.656818,0.517167,0.542494,0.441593,0.638954,0.060009,0.670744,1.535830,2.360187,0.247700,0.045997,0.723241,2.956438,1.784828,0.011378,0.046345,0.372298,0.907436,1.380979,0.043715,0.688496,0.597110,0.659089,0.544489,0.547987,0.133697,0.359832,0.462460,8.785720,0.982649,0.000000,0.129156,0.455599,0.452930,0.000000,0.063824,0.871935,0.327264,0.655392,0.527456,0.111908,0.053095,0.858853,0.963808,0.005723,0.006444,0.022776,Not run,0.053535,0.037525,Not run
corona-cpu,Base_Seq,default,0.300463,0.139413,0.104630,0.127703,0.076857,0.261853,0.266614,0.279879,0.407815,0.770326,0.775813,0.216327,0.401903,0.246515,0.040673,0.040240,0.001922,0.020676,0.105772,0.084939,0.452883,0.382596,0.583207,0.035788,0.645111,0.512856,0.512981,0.443250,0.652176,0.060140,0.676856,1.531552,2.483356,0.247298,0.046293,0.731203,3.234964,1.765258,0.011180,0.050810,0.383432,0.931653,1.437501,0.043108,0.737490,0.557835,0.631035,0.528614,0.570692,0.133637,0.357381,0.451099,8.803290,0.989051,0.000000,0.128571,0.455751,0.454302,0.000000,0.062590,0.871412,0.327536,0.652698,0.522698,0.106421,0.054358,0.865940,0.968520,0.006065,0.007472,0.024903,Not run,0.054097,0.050951,Not run
corona-cpu,Base_Seq,default,0.286147,0.140028,0.112483,0.117393,0.076594,0.252183,0.264976,0.273680,0.408193,0.777770,0.778182,0.220747,0.274515,0.246024,0.040977,0.040196,0.001982,0.013102,0.103994,0.084168,0.448419,0.288344,0.470449,0.035855,0.477969,0.469744,0.426420,0.438692,0.628775,0.059789,0.599901,1.605527,2.374077,0.219374,0.046924,0.317953,1.785899,1.909896,0.011199,0.029953,0.314818,0.709280,1.161328,0.043023,0.431868,0.407027,0.454478,0.413660,0.466483,0.114369,0.358581,0.409210,8.791587,0.973824,0.000000,0.125944,0.456348,0.454525,0.000000,0.062753,0.872834,0.326674,0.651596,0.524504,0.111383,0.052684,0.862430,0.965935,0.005715,0.006446,0.021685,Not run,0.053549,0.033057,Not run
corona-cpu,Base_Seq,default,0.300682,0.138480,0.100996,0.125645,0.076346,0.239118,0.267871,0.279860,0.409522,0.779412,0.780831,0.216146,0.367429,0.249448,0.040555,0.040370,0.001950,0.018324,0.104255,0.085756,0.437649,0.368123,0.576617,0.035878,0.645483,0.504485,0.501232,0.438723,0.636081,0.061960,0.665040,1.532369,2.328316,0.250694,0.046141,0.713335,3.144246,1.820946,0.011113,0.047857,0.362528,0.814401,1.239346,0.042712,0.632256,0.551401,0.625357,0.533605,0.552031,0.132014,0.361525,0.446750,8.800999,0.968360,0.000000,0.129286,0.455206,0.453280,0.000000,0.063812,0.872801,0.328375,0.660214,0.526488,0.115533,0.054558,0.861212,0.972749,0.006242,0.007357,0.024622,Not run,0.054775,0.047059,Not run
corona-cpu,Base_Seq,default,0.300169,0.138150,0.112358,0.116639,0.076025,0.254966,0.265959,0.273371,0.407508,0.779158,0.777721,0.213761,0.272342,0.245467,0.040738,0.040773,0.001876,0.013489,0.104690,0.084726,0.440388,0.291160,0.477410,0.035714,0.483566,0.472136,0.426607,0.434675,0.628592,0.059901,0.630292,1.535246,2.353743,0.219401,0.047308,0.317209,1.802129,1.771452,0.011124,0.031919,0.311145,0.722460,1.186922,0.042260,0.428838,0.430522,0.479746,0.437118,0.472085,0.114521,0.356836,0.416883,8.780329,0.972006,0.000000,0.128617,0.452865,0.453457,0.000000,0.062858,0.872088,0.325803,0.646624,0.521184,0.103064,0.050464,0.861890,0.965012,0.005834,0.006529,0.021491,Not run,0.053535,0.033540,Not run
corona-cpu,Base_Seq,default,0.287920,0.142557,0.138631,0.145725,0.076457,0.255107,0.266336,0.283008,0.469714,0.769152,0.771654,0.223305,0.474448,0.243959,0.041011,0.040694,0.001862,0.022821,0.104966,0.085033,0.450529,0.426185,0.679491,0.035179,0.687909,0.581994,0.592290,0.460343,0.628865,0.061016,0.765383,1.542289,2.451721,0.242049,0.046240,0.638349,2.635017,1.857109,0.011345,0.051231,0.353078,0.837878,1.255890,0.043079,0.718518,0.597891,0.699623,0.566275,0.627817,0.114189,0.362677,0.403797,8.802280,1.072771,0.000000,0.134154,0.457357,0.450913,0.000000,0.064325,0.881357,0.330500,0.773784,0.526387,0.121479,0.055425,0.868343,0.978417,0.005693,0.006339,0.029249,Not run,0.053407,0.034386,Not run
dane,Base_Seq,default,0.191862,0.152882,0.105994,0.105937,0.132493,0.163666,0.202686,0.059218,0.428029,0.284337,0.284633,0.143413,0.300494,0.114077,0.013215,0.013559,0.002476,0.010112,0.033630,0.053623,0.473098,0.258602,0.421040,0.052945,0.432340,0.667473,0.340545,0.455753,0.613992,0.038901,0.566117,1.353530,2.129796,0.165157,0.040392,0.257674,1.711698,1.964654,0.010344,0.023868,0.214725,0.711148,0.861351,0.038182,0.348785,0.382359,0.389085,0.380017,0.346461,0.055324,0.211506,0.192574,5.186225,0.677999,0.000000,0.088846,0.225851,0.227073,0.000000,0.035719,0.514515,0.289610,0.626926,0.312050,0.056594,0.026985,0.648662,0.707865,0.004869,0.011258,0.021430,Not run,0.047082,0.044189,Not run
dane,Base_Seq,default,0.191962,0.154377,0.106030,0.105867,0.132184,0.163727,0.202543,0.059424,0.415160,0.284181,0.284498,0.142550,0.341104,0.111874,0.013215,0.013222,0.002716,0.009736,0.033042,0.053329,0.688270,0.285250,0.430661,0.053134,0.429383,0.593555,0.330681,0.485084,0.641643,0.052690,0.486585,1.335947,2.108533,0.164911,0.039428,0.255881,1.701071,1.966455,0.010356,0.023340,0.230369,0.687546,0.865698,0.037541,0.354584,0.380188,0.388132,0.377518,0.346799,0.053785,0.211610,0.191867,5.186043,0.677053,0.000000,0.088947,0.225719,0.227087,0.000000,0.035570,0.511294,0.290506,0.635624,0.312028,0.057321,0.026542,0.648790,0.706945,0.004879,0.011251,0.021071,Not run,0.046829,0.044254,Not run
dane,Base_Seq,default,0.222265,0.159432,0.111532,0.111525,0.132381,0.165385,0.203164,0.066706,0.463559,0.305399,0.305688,0.144180,0.322699,0.122511,0.013232,0.014857,0.003339,0.011697,0.034415,0.053855,0.506115,0.275734,0.457406,0.052995,0.480365,0.702453,0.366512,0.495680,0.686753,0.041104,0.580953,1.383988,2.107288,0.165342,0.043165,0.271056,1.844826,1.638254,0.011628,0.026340,0.222730,0.813799,0.963488,0.042001,0.363523,0.413521,0.430711,0.412661,0.371612,0.053071,0.212673,0.193600,5.196883,0.789270,0.000000,0.089153,0.227013,0.228149,0.000000,0.035997,0.506652,0.290125,0.648585,0.312637,0.058080,0.028967,0.649357,0.712427,0.005561,0.012153,0.022999,Not run,0.048449,0.046532,Not run
dane,Base_Seq,default,0.224435,0.169919,0.105698,0.105625,0.132220,0.177362,0.205570,0.062869,0.492252,0.279010,0.278994,0.145278,0.337494,0.111884,0.013220,0.013448,0.002726,0.010030,0.033269,0.053632,0.686386,0.286881,0.430522,0.053122,0.429689,0.594785,0.333370,0.483965,0.636726,0.052507,0.534309,1.353509,2.128952,0.165022,0.040216,0.256356,1.686481,1.821446,0.010204,0.023483,0.221511,0.718111,0.871810,0.037654,0.342520,0.379519,0.387864,0.377483,0.344195,0.054280,0.211635,0.192919,5.186103,0.679437,0.000000,0.088863,0.225778,0.226839,0.000000,0.035657,0.512011,0.290462,0.632788,0.311896,0.057346,0.027220,0.647601,0.706796,0.004869,0.011260,0.021460,Not run,0.047194,0.044205,Not run
dane,Base_Seq,default,0.225078,0.170901,0.106078,0.105858,0.132185,0.175737,0.205719,0.063049,0.481170,0.279103,0.278913,0.145586,0.334120,0.112007,0.013218,0.013227,0.002683,0.009870,0.033046,0.053392,0.685733,0.284468,0.433128,0.053097,0.432354,0.591956,0.331407,0.487887,0.645359,0.051361,0.483850,1.329807,2.043261,0.165269,0.039885,0.252420,1.701407,1.608839,0.010325,0.023469,0.214378,0.708955,0.861047,0.037888,0.336559,0.382038,0.388882,0.379839,0.337061,0.056220,0.211707,0.197844,5.186824,0.678081,0.000000,0.093935,0.227430,0.227890,0.000000,0.037142,0.701356,0.293426,0.611081,0.329416,0.077145,0.027935,0.652943,0.730133,0.004908,0.011248,0.021218,Not run,0.046989,0.043956,Not run
dane,Base_Seq,default,0.190961,0.152630,0.105970,0.105930,0.132216,0.163683,0.202697,0.059485,0.422164,0.284257,0.284335,0.143401,0.319811,0.114070,0.013217,0.013477,0.002708,0.010025,0.033281,0.053376,0.685902,0.278443,0.430977,0.053147,0.430006,0.582480,0.331404,0.484864,0.641297,0.051980,0.484130,1.335957,2.109180,0.165024,0.039884,0.251802,1.701022,1.966354,0.010479,0.023484,0.225937,0.683254,0.920127,0.038027,0.324156,0.382937,0.387987,0.389397,0.324852,0.061114,0.255258,0.192688,5.188465,0.676445,0.000000,0.088880,0.225675,0.226842,0.000000,0.035696,0.514240,0.289849,0.627483,0.312081,0.057078,0.026571,0.647856,0.707293,0.004888,0.011254,0.021114,Not run,0.047158,0.044232,Not run
dane,Base_Seq,default,0.226000,0.170142,0.105949,0.105789,0.132174,0.176570,0.205635,0.063160,0.495464,0.279127,0.278927,0.145350,0.338329,0.112097,0.013216,0.013228,0.002730,0.009736,0.033049,0.053347,0.690611,0.262500,0.419272,0.052921,0.430243,0.673984,0.343216,0.450552,0.607672,0.037005,0.570103,1.352963,2.104012,0.165199,0.039339,0.257267,1.699610,1.948307,0.010439,0.023330,0.229488,0.710586,0.933601,0.037502,0.332538,0.381461,0.387305,0.387579,0.332961,0.061074,0.215791,0.192345,5.187080,0.678647,0.000000,0.093842,0.227531,0.228370,0.000000,0.037145,0.700678,0.292519,0.605413,0.311980,0.057364,0.026566,0.647853,0.706560,0.004901,0.011253,0.021065,Not run,0.046911,0.044218,Not run
dane,Base_Seq,default,0.190475,0.154052,0.105627,0.105567,0.132131,0.163715,0.202651,0.060468,0.418769,0.283361,0.284096,0.143276,0.308002,0.113747,0.013241,0.014111,0.002389,0.009845,0.033637,0.053674,0.474039,0.257067,0.417576,0.052908,0.428923,0.676778,0.344532,0.442475,0.607147,0.036430,0.555458,1.350256,2.124659,0.165056,0.040307,0.247822,1.678223,1.971550,0.010296,0.023539,0.214554,0.708540,0.859343,0.038035,0.361108,0.378828,0.386534,0.376208,0.341552,0.053924,0.211531,0.193773,5.186054,0.677594,0.000000,0.088837,0.225797,0.227020,0.000000,0.035715,0.512443,0.289657,0.630965,0.312303,0.056538,0.026548,0.647981,0.707342,0.004845,0.011214,0.020998,Not run,0.047297,0.043922,Not run
dane,Base_Seq,default,0.190635,0.155878,0.105918,0.105739,0.132210,0.163715,0.202542,0.059080,0.441158,0.283406,0.283583,0.142490,0.343493,0.113582,0.013232,0.013224,0.002379,0.009847,0.033052,0.053730,0.473229,0.262433,0.428024,0.052945,0.438152,0.689349,0.345823,0.446505,0.605741,0.036760,0.560466,1.350426,2.098630,0.164802,0.039308,0.261364,1.728042,1.967964,0.010197,0.023635,0.223680,0.740419,0.894297,0.037590,0.339466,0.391024,0.394461,0.386933,0.350485,0.054571,0.211685,0.192583,5.187479,0.678290,0.000000,0.088953,0.225726,0.226943,0.000000,0.035711,0.512725,0.290276,0.634220,0.312106,0.057884,0.027307,0.648541,0.707627,0.004846,0.011211,0.021672,Not run,0.046957,0.044046,Not run
dane,Base_Seq,default,0.221851,0.159719,0.111658,0.111696,0.132901,0.165182,0.203194,0.066869,0.469000,0.304570,0.304697,0.144262,0.341642,0.122030,0.013238,0.015368,0.003104,0.011833,0.034346,0.053775,0.505312,0.284504,0.473408,0.053038,0.493187,0.747764,0.376535,0.495184,0.690231,0.041044,0.590776,1.381368,2.103719,0.165315,0.043140,0.275760,1.866491,1.634567,0.011600,0.026485,0.221353,0.810939,0.961203,0.042004,0.363360,0.418785,0.433894,0.418806,0.374071,0.053705,0.212677,0.192532,5.194220,0.794426,0.000000,0.089203,0.227237,0.228171,0.000000,0.035972,0.503900,0.290378,0.652475,0.312504,0.061164,0.029420,0.648596,0.711685,0.005562,0.012104,0.023369,Not run,0.048056,0.046634,Not run
dane,Base_Seq,default,0.190058,0.153686,0.106765,0.106662,0.132190,0.163692,0.202587,0.059210,0.432385,0.283360,0.283066,0.143201,0.343687,0.111782,0.013221,0.013712,0.002576,0.010756,0.033496,0.053551,0.681026,0.284649,0.450040,0.053113,0.450777,0.585903,0.346341,0.445486,0.610565,0.038986,0.552361,1.349607,2.125384,0.165042,0.040105,0.258976,1.714082,1.975087,0.010266,0.024143,0.215330,0.710138,0.864191,0.037734,0.350773,0.386346,0.392061,0.386319,0.353353,0.054912,0.211424,0.193332,5.187326,0.678664,0.000000,0.089105,0.225603,0.226973,0.000000,0.035690,0.512998,0.290168,0.634730,0.311974,0.057568,0.027249,0.649920,0.706587,0.004858,0.011208,0.021570,Not run,0.047317,0.043817,Not run
dane,Base_Seq,default,0.190735,0.155102,0.105807,0.105605,0.132242,0.163910,0.202739,0.058464,0.488204,0.283489,0.283757,0.143004,0.332372,0.113705,0.013214,0.013221,0.002660,0.009793,0.033053,0.053400,0.688985,0.257822,0.420477,0.052927,0.431338,0.738298,0.357030,0.454455,0.606394,0.040075,0.559212,1.340910,2.034103,0.165355,0.039410,0.256495,1.683769,1.601141,0.010250,0.023355,0.214662,0.706910,0.859317,0.037506,0.343242,0.379100,0.386974,0.377432,0.346746,0.056032,0.211661,0.199494,5.186924,0.675701,0.000000,0.088824,0.225557,0.226867,0.000000,0.035620,0.514947,0.290401,0.628480,0.312025,0.057463,0.026638,0.649131,0.707107,0.004931,0.011227,0.021029,Not run,0.046877,0.043682,Not run
dane,Base_Seq,default,0.189838,0.152531,0.105730,0.105738,0.132148,0.163622,0.202690,0.059471,0.423835,0.283377,0.283679,0.143203,0.342979,0.111894,0.013221,0.013721,0.002378,0.010049,0.033500,0.053638,0.475876,0.264350,0.418723,0.052941,0.430417,0.678396,0.348421,0.443698,0.606200,0.037627,0.555421,1.350191,2.125735,0.165063,0.040262,0.258081,1.693834,1.974189,0.010288,0.023468,0.214620,0.708522,0.859407,0.037954,0.359140,0.379629,0.387041,0.376766,0.352284,0.054281,0.211694,0.193816,5.188863,0.680354,0.000000,0.088798,0.225682,0.227095,0.000000,0.035767,0.511530,0.290226,0.629691,0.312039,0.057812,0.026851,0.648617,0.707903,0.004840,0.011219,0.021187,Not run,0.047182,0.044035,Not run
dane,Base_Seq,default,0.191050,0.157005,0.107018,0.106816,0.132301,0.163625,0.202680,0.058868,0.467643,0.283384,0.283658,0.143312,0.347100,0.111900,0.013214,0.013227,0.002619,0.009962,0.033035,0.053414,0.684916,0.286883,0.431904,0.053093,0.431196,0.600428,0.343269,0.484487,0.637837,0.052236,0.495074,1.333309,2.119903,0.165294,0.039333,0.262708,1.709236,1.964347,0.010412,0.023683,0.232259,0.682971,0.902591,0.037791,0.351260,0.379827,0.387631,0.379028,0.359121,0.055502,0.211604,0.193085,5.187273,0.678573,0.000000,0.089058,0.225650,0.226809,0.000000,0.035950,0.511772,0.290483,0.634825,0.304814,0.057890,0.027118,0.647634,0.707197,0.004893,0.011209,0.021343,Not run,0.046930,0.044080,Not run
dane,Base_Seq,default,0.191440,0.153738,0.105693,0.105631,0.132214,0.163740,0.202698,0.059157,0.415511,0.284031,0.284070,0.143941,0.304337,0.113866,0.013226,0.013524,0.002489,0.009787,0.033369,0.053612,0.476513,0.257698,0.419088,0.052913,0.430484,0.668515,0.334079,0.449764,0.610287,0.036122,0.550080,1.352895,2.127159,0.165015,0.040291,0.256743,1.679370,1.974162,0.010343,0.023578,0.214512,0.714321,0.859936,0.038126,0.338272,0.379600,0.387119,0.376610,0.347297,0.054141,0.211460,0.194415,5.184458,0.679127,0.000000,0.088773,0.225981,0.226740,0.000000,0.035653,0.514703,0.289656,0.635689,0.311997,0.055971,0.026503,0.648561,0.706523,0.004828,0.011248,0.021023,Not run,0.047081,0.044225,Not run
dane,Base_Seq,default,0.190973,0.155706,0.105940,0.105811,0.132147,0.163850,0.202666,0.058936,0.430694,0.283990,0.284037,0.142901,0.351756,0.111857,0.013215,0.013230,0.002312,0.009764,0.033038,0.053704,0.473725,0.265372,0.420068,0.052906,0.431124,0.691147,0.341382,0.449911,0.608295,0.037808,0.563621,1.350916,2.109572,0.164948,0.039487,0.259157,1.701611,1.876224,0.010159,0.023462,0.214570,0.710073,0.860234,0.037560,0.330601,0.379072,0.387093,0.376933,0.342597,0.054442,0.211539,0.193473,5.191225,0.679273,0.000000,0.089071,0.225658,0.226441,0.000000,0.035819,0.511919,0.290398,0.629448,0.312013,0.057495,0.026665,0.648387,0.708037,0.004862,0.011237,0.021100,Not run,0.046900,0.044031,Not run
dane,Base_Seq,default,0.222376,0.159123,0.111331,0.111431,0.132203,0.165446,0.202857,0.067168,0.475707,0.304028,0.304196,0.144143,0.323844,0.121829,0.013228,0.015206,0.003073,0.011520,0.034355,0.053864,0.505995,0.275726,0.451408,0.052989,0.473111,0.704544,0.352393,0.496072,0.689385,0.041212,0.573792,1.387083,2.111362,0.165364,0.043157,0.276692,1.817328,1.641656,0.011635,0.025752,0.224739,0.812025,0.963946,0.042080,0.372993,0.409904,0.424458,0.408427,0.367811,0.053191,0.212629,0.192914,5.192180,0.791052,0.000000,0.089079,0.226853,0.227720,0.000000,0.035992,0.504192,0.289783,0.657683,0.312137,0.058523,0.029024,0.649217,0.710375,0.005491,0.012099,0.022798,Not run,0.048110,0.046910,Not run
dane,Base_Seq,default,0.191207,0.153841,0.105698,0.105672,0.132158,0.163772,0.204060,0.058727,0.480198,0.283881,0.283563,0.142846,0.314706,0.113842,0.013225,0.013463,0.002340,0.010013,0.033257,0.053644,0.606626,0.264127,0.422396,0.052911,0.433619,0.749604,0.323183,0.449859,0.608923,0.036768,0.548406,1.351636,2.127929,0.165137,0.040247,0.272598,1.750936,1.975774,0.010283,0.023441,0.220357,0.711113,0.865131,0.037932,0.366077,0.380586,0.387805,0.378366,0.366179,0.057565,0.211525,0.194062,5.185282,0.677758,0.000000,0.088759,0.225512,0.226850,0.000000,0.035725,0.512792,0.290382,0.645253,0.311988,0.057656,0.026551,0.648620,0.706211,0.004824,0.011252,0.021030,Not run,0.047047,0.044159,Not run
dane,Base_Seq,default,0.191733,0.155194,0.105936,0.105695,0.132136,0.164063,0.202660,0.058840,0.451892,0.284083,0.284275,0.143636,0.335630,0.111895,0.013213,0.013210,0.002697,0.009770,0.033034,0.053374,0.689897,0.297957,0.430465,0.053085,0.430192,0.777804,0.374643,0.455095,0.607705,0.037706,0.585732,1.341451,2.042060,0.165398,0.040064,0.268656,1.684128,1.606548,0.010408,0.023345,0.214713,0.708431,0.860935,0.038126,0.368238,0.379258,0.386912,0.376444,0.368333,0.056116,0.211420,0.199123,5.184562,0.677924,0.000000,0.088845,0.225588,0.226568,0.000000,0.035637,0.516443,0.290357,0.644229,0.312027,0.060273,0.026631,0.648049,0.707515,0.004913,0.011231,0.021050,Not run,0.046881,0.043742,Not run
dane,Base_Seq,default,0.223004,0.168180,0.105433,0.105655,0.132173,0.163774,0.202732,0.059374,0.423623,0.284092,0.284131,0.143512,0.340479,0.111967,0.013251,0.013599,0.002561,0.010072,0.033259,0.053352,0.688447,0.282890,0.429705,0.053120,0.428658,0.586196,0.359557,0.449816,0.610286,0.038919,0.571811,1.351507,2.127236,0.165005,0.040308,0.253066,1.677246,1.975028,0.010367,0.023929,0.214587,0.709890,0.860038,0.038017,0.320365,0.378232,0.386787,0.375965,0.325594,0.053364,0.211436,0.194185,5.185115,0.679024,0.000000,0.088822,0.225544,0.227048,0.000000,0.035712,0.512520,0.290087,0.643979,0.311927,0.059119,0.026787,0.648295,0.707601,0.004876,0.011241,0.021239,Not run,0.047061,0.044229,Not run
dane,Base_Seq,default,0.191809,0.156659,0.105866,0.105700,0.132224,0.163739,0.202548,0.058628,0.424679,0.284048,0.284308,0.143290,0.347277,0.111962,0.013216,0.013218,0.002510,0.009724,0.033036,0.053369,0.476977,0.257241,0.419058,0.052913,0.430165,0.673647,0.339822,0.447989,0.609661,0.036672,0.565922,1.351176,2.096568,0.165270,0.039387,0.252436,1.698484,1.947101,0.010199,0.023467,0.215081,0.710060,0.867759,0.037876,0.368321,0.379616,0.387290,0.376862,0.364548,0.056817,0.211465,0.193849,5.185287,0.678516,0.000000,0.088893,0.225651,0.226970,0.000000,0.035935,0.512711,0.290408,0.641036,0.311998,0.057639,0.026596,0.648943,0.706811,0.004899,0.011229,0.021020,Not run,0.046960,0.044113,Not run
mammoth,Base_Seq,default,0.277836,0.124963,0.105556,0.148891,0.076241,0.247776,0.269059,0.282018,0.386107,0.786174,0.786934,0.220204,0.333894,0.249990,0.041697,0.041770,0.002033,0.019448,0.106165,0.085815,0.450216,0.349323,0.583304,0.036405,0.640484,0.483908,0.496008,0.437791,0.600467,0.059475,0.631116,1.542586,2.341498,0.254206,0.047620,0.643369,2.764711,1.785950,0.011768,0.040044,0.339758,0.731337,1.130098,0.044898,0.585834,0.555984,0.654165,0.583411,0.580508,0.151356,0.366701,0.480257,8.876712,0.949540,0.000000,0.128677,0.463807,0.457823,0.000000,0.064100,0.882493,0.329752,0.624964,0.532274,0.116243,0.056231,0.873780,0.977203,0.005773,0.006704,0.025378,Not run,0.054569,0.048666,Not run
mammoth,Base_Seq,default,0.287177,0.129483,0.097530,0.107453,0.077705,0.237148,0.270823,0.275250,0.380483,0.787675,0.784541,0.215682,0.271202,0.249765,0.040308,0.040264,0.002100,0.013482,0.106240,0.085597,0.438214,0.289628,0.407540,0.036131,0.409389,0.442810,0.422412,0.438176,0.599100,0.058961,0.598434,1.539057,2.342822,0.226216,0.048401,0.334733,1.604885,1.763829,0.012084,0.029960,0.306142,0.702726,1.100378,0.044666,0.451965,0.363180,0.442660,0.358781,0.461443,0.122368,0.354388,0.438062,8.902078,0.888135,0.000000,0.126234,0.464614,0.460739,0.000000,0.064393,0.882050,0.332163,0.604414,0.525940,0.111770,0.053259,0.873101,0.978645,0.005836,0.006564,0.020409,Not run,0.054082,0.033597,Not run
mammoth,Base_Seq,default,0.291928,0.130962,0.104758,0.137520,0.077236,0.232485,0.270440,0.283341,0.385141,0.792701,0.793715,0.217045,0.268222,0.248772,0.041531,0.041430,0.002058,0.015849,0.106531,0.085999,0.443736,0.321372,0.486843,0.036386,0.580561,0.479664,0.482405,0.439358,0.601189,0.059477,0.625339,1.532892,2.346975,0.265036,0.048971,0.566744,2.929138,1.780205,0.013900,0.042088,0.335192,0.720709,1.258618,0.044715,0.583013,0.510735,0.616604,0.535431,0.510908,0.129430,0.365120,0.448034,8.867839,0.944333,0.000000,0.129909,0.463646,0.458765,0.000000,0.063716,0.884746,0.329232,0.628765,0.536752,0.116498,0.056036,0.875484,0.982677,0.005796,0.006477,0.024708,Not run,0.054591,0.034550,Not run
mammoth,Base_Seq,default,0.288846,0.130058,0.103116,0.117045,0.077432,0.249967,0.271564,0.278130,0.381227,0.791896,0.792421,0.218509,0.284752,0.249847,0.040095,0.040588,0.002086,0.013798,0.107095,0.085857,0.449958,0.299356,0.504267,0.036052,0.534990,0.457403,0.429943,0.435704,0.587610,0.058703,0.602721,1.529951,2.343365,0.228837,0.048035,0.378992,1.937727,1.785191,0.011789,0.035238,0.323926,0.794905,1.227524,0.045122,0.488511,0.408345,0.466799,0.409571,0.489469,0.134424,0.354744,0.458875,8.896389,0.917973,0.000000,0.126859,0.463393,0.458358,0.000000,0.064356,0.880534,0.331364,0.605468,0.526769,0.112358,0.052309,0.873477,0.980218,0.005828,0.006664,0.020631,Not run,0.054248,0.042860,Not run
mammoth,Base_Seq,default,0.288087,0.130597,0.099525,0.103955,0.076994,0.240834,0.270428,0.274733,0.377543,0.787814,0.791476,0.218744,0.254426,0.249120,0.040307,0.040443,0.002028,0.012806,0.105398,0.084980,0.436962,0.274014,0.419848,0.035921,0.428565,0.443422,0.383281,0.437320,0.583521,0.059062,0.566879,1.540482,2.324946,0.223954,0.048393,0.293916,1.664410,1.791399,0.012113,0.030393,0.299054,0.662064,1.118996,0.044546,0.424825,0.373086,0.422040,0.381126,0.408020,0.114471,0.355320,0.410923,8.891826,0.911895,0.000000,0.128530,0.464357,0.461158,0.000000,0.064799,0.884169,0.331713,0.602399,0.526090,0.108952,0.053497,0.875887,0.974404,0.005956,0.006443,0.020223,Not run,0.053708,0.035010,Not run
mammoth,Base_Seq,default,0.291171,0.130269,0.101268,0.139498,0.077395,0.249781,0.271193,0.281591,0.382061,0.792612,0.790918,0.220237,0.337074,0.250617,0.041788,0.041512,0.002177,0.017599,0.105792,0.085767,0.443581,0.350135,0.540143,0.036205,0.593707,0.501037,0.503980,0.439741,0.596963,0.059443,0.626655,1.540505,2.340736,0.249334,0.047838,0.592390,2.421470,1.772101,0.011791,0.037576,0.353388,0.882285,1.238122,0.047388,0.570235,0.489611,0.566475,0.523662,0.551556,0.138344,0.364733,0.452452,8.869711,0.935499,0.000001,0.129204,0.463355,0.459949,0.000000,0.064383,0.880581,0.329171,0.609712,0.530167,0.113023,0.055588,0.873814,0.978014,0.005871,0.006468,0.025105,Not run,0.054768,0.039994,Not run
mammoth,Base_Seq,default,0.288722,0.130530,0.092791,0.096725,0.076842,0.250217,0.269969,0.276091,0.378359,0.789303,0.787891,0.219209,0.253473,0.247732,0.040351,0.040179,0.002009,0.012212,0.105436,0.084826,0.439470,0.271850,0.389662,0.035661,0.390857,0.429793,0.411351,0.435423,0.584738,0.058289,0.590418,1.536573,2.317681,0.224129,0.048470,0.303945,1.623673,1.782845,0.011936,0.029067,0.295332,0.613872,1.012532,0.044860,0.409209,0.364751,0.447719,0.366305,0.447721,0.113013,0.354932,0.416937,8.894822,0.901100,0.000000,0.128184,0.463610,0.461119,0.000000,0.064629,0.881732,0.332750,0.606507,0.525410,0.111966,0.052541,0.874444,0.974422,0.005858,0.006572,0.020316,Not run,0.054384,0.051050,Not run
mammoth,Base_Seq,default,0.287313,0.129278,0.106958,0.138232,0.076635,0.233692,0.267411,0.279696,0.381487,0.783641,0.788582,0.218746,0.328682,0.255966,0.040753,0.040844,0.001983,0.018350,0.105689,0.084883,0.427206,0.319969,0.519926,0.036962,0.596621,0.486102,0.475940,0.432256,0.598754,0.058844,0.624411,1.529915,2.387551,0.254475,0.053204,0.580592,2.888292,1.762504,0.011622,0.043976,0.341251,0.782264,1.233793,0.049584,0.553944,0.506536,0.613833,0.545804,0.525016,0.136987,0.359817,0.458621,8.784455,0.945775,0.000000,0.129130,0.455219,0.452590,0.000000,0.063916,0.868689,0.326888,0.616148,0.526373,0.113884,0.055169,0.866002,0.966387,0.006021,0.007397,0.024026,Not run,0.054621,0.046625,Not run
mammoth,Base_Seq,default,0.269637,0.128775,0.098948,0.106930,0.076737,0.238955,0.266238,0.275161,0.376824,0.778115,0.780285,0.215823,0.274787,0.247591,0.039767,0.039856,0.002017,0.015385,0.105093,0.084086,0.445529,0.292693,0.479409,0.035596,0.479354,0.463522,0.431569,0.432146,0.589526,0.058416,0.599809,1.526531,2.434886,0.223433,0.048202,0.348944,1.841214,1.906492,0.011863,0.031915,0.315978,0.738029,1.221032,0.044172,0.441710,0.424193,0.472768,0.423427,0.447135,0.120340,0.348428,0.428422,8.789245,0.914550,0.000000,0.129286,0.455782,0.451952,0.000000,0.063608,0.868833,0.327816,0.601126,0.518678,0.108922,0.054392,0.864418,0.967976,0.005859,0.006806,0.022119,Not run,0.053678,0.046437,Not run
mammoth,Base_Seq,default,0.287404,0.130544,0.102338,0.145742,0.076042,0.237731,0.268108,0.282188,0.382065,0.779204,0.779274,0.229858,0.268859,0.249572,0.040769,0.041304,0.002020,0.016462,0.105595,0.085263,0.436965,0.314446,0.490819,0.036916,0.624445,0.480324,0.475287,0.435654,0.598638,0.059099,0.630663,1.528614,2.327811,0.264884,0.047874,0.530277,2.710895,1.867656,0.013762,0.042658,0.337546,0.777855,1.232696,0.044688,0.556731,0.552669,0.659910,0.578863,0.538040,0.137226,0.363601,0.466867,8.782553,0.941434,0.000000,0.128947,0.454566,0.451774,0.000000,0.063229,0.870775,0.326178,0.631410,0.529931,0.111116,0.055967,0.862084,0.967983,0.005836,0.006534,0.026897,Not run,0.054073,0.034411,Not run
mammoth,Base_Seq,default,0.285417,0.128934,0.105424,0.115515,0.076292,0.233962,0.266921,0.275024,0.377448,0.779126,0.780109,0.219707,0.290080,0.247765,0.039505,0.041129,0.001997,0.016152,0.105794,0.084447,0.449129,0.298497,0.499312,0.035777,0.501105,0.465797,0.434304,0.434411,0.593919,0.058315,0.607887,1.533091,2.325479,0.227863,0.047939,0.383375,2.000242,1.910868,0.011703,0.037142,0.323283,0.819460,1.213319,0.044438,0.471503,0.431094,0.530165,0.430236,0.467147,0.128591,0.356798,0.440213,8.785523,0.898445,0.000000,0.128481,0.456300,0.452299,0.000000,0.063702,0.869392,0.326013,0.598933,0.525456,0.104612,0.052938,0.862669,0.968421,0.005804,0.006477,0.021173,Not run,0.054483,0.041590,Not run
mammoth,Base_Seq,default,0.284610,0.126980,0.101959,0.105889,0.076314,0.237008,0.267104,0.272496,0.373159,0.780750,0.780277,0.226589,0.253868,0.248285,0.039605,0.039734,0.002076,0.013089,0.104241,0.084404,0.421888,0.269932,0.430969,0.035825,0.436017,0.443069,0.375048,0.434275,0.582899,0.058146,0.554919,1.515107,2.388071,0.221288,0.048620,0.286030,1.707943,1.824425,0.011800,0.030539,0.305949,0.724197,1.169786,0.043992,0.414963,0.385304,0.424379,0.390613,0.397395,0.112300,0.347543,0.408942,8.788365,0.895597,0.000000,0.128518,0.455182,0.452933,0.000000,0.063423,0.870707,0.327982,0.597395,0.518674,0.109603,0.052872,0.861242,0.964916,0.005904,0.006791,0.020774,Not run,0.053472,0.033424,Not run
mammoth,Base_Seq,default,0.272931,0.129597,0.105362,0.135018,0.076629,0.235905,0.267406,0.278551,0.380808,0.782249,0.789153,0.216523,0.329920,0.253834,0.039706,0.040042,0.002017,0.020091,0.105799,0.085522,0.433747,0.332781,0.561557,0.036319,0.644277,0.505365,0.507500,0.438867,0.612821,0.059128,0.633399,1.535557,2.391768,0.251953,0.048599,0.576357,2.870916,2.492497,0.012145,0.042563,0.341063,0.768155,1.269621,0.046635,0.557651,0.564039,0.654026,0.557576,0.526818,0.137987,0.359664,0.449161,8.783549,0.936533,0.000000,0.128027,0.455643,0.452389,0.000000,0.063841,0.864502,0.326504,0.614986,0.525294,0.107326,0.055665,0.864821,0.966124,0.005877,0.007018,0.024156,Not run,0.054397,0.034064,Not run
mammoth,Base_Seq,default,0.284184,0.129176,0.102939,0.108375,0.076627,0.235307,0.268116,0.274737,0.377217,0.780986,0.781394,0.224671,0.251903,0.248689,0.039610,0.039808,0.002046,0.013794,0.104561,0.083959,0.440250,0.268642,0.455011,0.035734,0.458877,0.438868,0.397282,0.429342,0.586722,0.058564,0.580985,1.550189,2.369275,0.221407,0.050199,0.297365,1.764713,1.760477,0.011975,0.030229,0.300942,0.665599,1.126402,0.044303,0.395134,0.389163,0.438962,0.395996,0.431385,0.113124,0.349627,0.409742,8.809997,0.888453,0.000000,0.128652,0.454975,0.452698,0.000000,0.063567,0.864864,0.327773,0.598270,0.519438,0.104634,0.051852,0.863868,0.965715,0.005948,0.006780,0.021108,Not run,0.053699,0.044386,Not run
mammoth,Base_Seq,default,0.289253,0.130399,0.105090,0.135414,0.077066,0.236816,0.269374,0.280974,0.381611,0.786214,0.787615,0.220325,0.329744,0.248645,0.039770,0.040318,0.002087,0.019659,0.106008,0.085232,0.425544,0.344693,0.555974,0.035864,0.626208,0.490977,0.490217,0.436489,0.600545,0.059991,0.639007,1.546137,2.395362,0.255575,0.053532,0.623140,3.077493,1.899041,0.011618,0.041392,0.313152,0.711505,1.142702,0.047166,0.561730,0.535203,0.627988,0.553396,0.535405,0.138431,0.361952,0.462952,8.813483,0.944842,0.000000,0.128283,0.455957,0.453448,0.000000,0.063554,0.871920,0.329492,0.620918,0.530263,0.111461,0.057311,0.864246,0.970166,0.005806,0.006581,0.023731,Not run,0.054154,0.034162,Not run
mammoth,Base_Seq,default,0.287310,0.129256,0.100015,0.106125,0.076790,0.229724,0.268396,0.273733,0.377014,0.778469,0.780444,0.217429,0.272118,0.250142,0.039944,0.039670,0.002009,0.015471,0.104990,0.084735,0.441392,0.286865,0.468335,0.035948,0.470342,0.452159,0.415653,0.431546,0.600917,0.059337,0.596600,1.529398,2.307784,0.223899,0.050409,0.352315,1.868407,1.768252,0.012578,0.031888,0.316515,0.723698,1.251118,0.044186,0.448076,0.407015,0.482699,0.406518,0.462788,0.121278,0.351338,0.425685,8.810996,0.917022,0.000000,0.128102,0.457627,0.454362,0.000000,0.063014,0.868604,0.329642,0.601544,0.522250,0.105149,0.051970,0.864388,0.967963,0.005820,0.006542,0.020263,Not run,0.053511,0.047466,Not run
mammoth,Base_Seq,default,0.291210,0.131066,0.104407,0.133648,0.077434,0.238783,0.269040,0.281173,0.382901,0.787340,0.795235,0.220116,0.268404,0.248737,0.041271,0.041325,0.002134,0.017112,0.106070,0.086030,0.415474,0.315717,0.507100,0.036156,0.601025,0.482225,0.477990,0.436698,0.600733,0.059538,0.628051,1.538767,2.343239,0.264865,0.051892,0.621156,3.019679,1.812569,0.014578,0.042348,0.336340,0.776187,1.241192,0.045279,0.576601,0.562630,0.678686,0.589562,0.530336,0.137187,0.365392,0.462659,8.819656,0.944859,0.000001,0.128172,0.455311,0.452694,0.000000,0.063879,0.871394,0.328540,0.625041,0.532203,0.114718,0.056688,0.867894,0.975138,0.005798,0.006612,0.026512,Not run,0.054255,0.044827,Not run
mammoth,Base_Seq,default,0.271173,0.129622,0.098132,0.108044,0.076414,0.229047,0.268391,0.275969,0.380193,0.776203,0.776761,0.224529,0.286937,0.246888,0.039883,0.041040,0.001985,0.015189,0.105024,0.084373,0.435846,0.300940,0.468884,0.036099,0.474091,0.463249,0.434991,0.433972,0.592691,0.058597,0.608424,1.571009,2.317063,0.227694,0.048022,0.377277,1.984832,2.008731,0.011759,0.038557,0.322555,0.767230,1.319178,0.045347,0.481434,0.443523,0.535217,0.434903,0.472977,0.131688,0.359455,0.447416,8.817962,0.923855,0.000000,0.127771,0.454680,0.455172,0.000000,0.063643,0.872178,0.328454,0.601209,0.529827,0.108909,0.052329,0.865364,0.969007,0.005845,0.006684,0.020822,Not run,0.054434,0.034149,Not run
mammoth,Base_Seq,default,0.286589,0.126511,0.100364,0.103966,0.076661,0.237626,0.267308,0.272241,0.373444,0.780504,0.780166,0.216348,0.249258,0.244916,0.039443,0.040007,0.002037,0.012792,0.104802,0.084660,0.412536,0.269833,0.424009,0.035862,0.429426,0.439544,0.375685,0.433345,0.582224,0.059097,0.555987,1.521884,2.298534,0.221632,0.047386,0.293037,1.663361,1.818398,0.011954,0.030201,0.306831,0.764314,1.202116,0.043533,0.424063,0.376721,0.420434,0.383487,0.407485,0.111575,0.350736,0.411852,8.819612,0.913424,0.000000,0.128739,0.456891,0.453938,0.000000,0.062891,0.874598,0.329146,0.596877,0.523653,0.107095,0.052431,0.867613,0.969541,0.005822,0.006522,0.020381,Not run,0.053946,0.043087,Not run
mammoth,Base_Seq,default,0.273477,0.129527,0.102890,0.134951,0.076774,0.236156,0.268795,0.277953,0.381770,0.779759,0.779774,0.219226,0.325391,0.248721,0.039550,0.040179,0.002032,0.020349,0.105315,0.085349,0.417589,0.336664,0.551866,0.035845,0.636012,0.485710,0.488652,0.439416,0.611832,0.060078,0.633474,1.546277,2.409506,0.251287,0.048131,0.639462,2.994939,2.082347,0.011778,0.042344,0.326400,0.717876,1.245628,0.044080,0.590772,0.567879,0.665549,0.589930,0.560921,0.149026,0.362636,0.487049,8.796629,0.918898,0.000000,0.129308,0.456899,0.453786,0.000000,0.063676,0.868028,0.328152,0.614293,0.531060,0.108804,0.054071,0.864163,0.966895,0.005809,0.006502,0.024060,Not run,0.054390,0.032175,Not run
mammoth,Base_Seq,default,0.286663,0.130312,0.100234,0.105867,0.076649,0.234651,0.267031,0.274470,0.377395,0.780078,0.780013,0.216279,0.252454,0.245467,0.040000,0.039926,0.002038,0.012839,0.105964,0.084525,0.437377,0.270103,0.422715,0.035560,0.431934,0.437786,0.397224,0.430130,0.584964,0.058757,0.583772,1.519596,2.308406,0.222262,0.047674,0.294345,1.688857,1.867619,0.012236,0.028858,0.302213,0.665284,1.117125,0.043676,0.401320,0.379691,0.449038,0.385441,0.437070,0.113040,0.350590,0.417553,8.796383,0.913370,0.000000,0.127880,0.456583,0.454188,0.000000,0.063203,0.871641,0.330902,0.598808,0.522060,0.108045,0.052279,0.866531,0.969030,0.005801,0.006671,0.019871,Not run,0.053928,0.046419,Not run
matrix-cpu,Base_Seq,default,0.221259,0.153694,0.111830,0.111740,0.132067,0.164797,0.202790,0.067116,0.461304,0.305162,0.305215,0.144721,0.329699,0.122362,0.013211,0.014299,0.003749,0.011797,0.034094,0.053710,0.459525,0.280529,0.466928,0.052869,0.488722,0.741321,0.381815,0.486007,0.681671,0.041271,0.588829,1.381980,2.105313,0.165188,0.043216,0.280073,1.866220,1.635415,0.011606,0.026439,0.225090,0.814577,0.970772,0.041995,0.372796,0.418275,0.433526,0.418988,0.381348,0.057270,0.212714,0.198466,5.208473,0.787037,0.000000,0.089387,0.225508,0.226795,0.000000,0.036829,0.505721,0.290205,0.653604,0.312240,0.061173,0.029069,0.647673,0.709731,0.005577,0.012135,0.023082,Not run,0.047710,0.046014,Not run
matrix-cpu,Base_Seq,default,0.188781,0.148288,0.106516,0.106408,0.132063,0.163764,0.202319,0.060370,0.426166,0.284256,0.284437,0.143133,0.342264,0.112041,0.013206,0.013228,0.002477,0.009834,0.033011,0.053640,0.438280,0.262893,0.426416,0.057807,0.448808,0.691247,0.351401,0.434400,0.595626,0.038780,0.560620,1.352400,2.109375,0.164934,0.039800,0.258445,1.715815,1.976503,0.010346,0.023586,0.219722,0.714631,0.871057,0.038006,0.352768,0.383496,0.389855,0.383003,0.353867,0.056373,0.211534,0.195701,5.205728,0.674267,0.000000,0.089067,0.225365,0.226721,0.000000,0.035716,0.514840,0.290162,0.633060,0.311867,0.057915,0.026598,0.647218,0.705624,0.004863,0.011264,0.021076,Not run,0.046900,0.043779,Not run
matrix-cpu,Base_Seq,default,0.242814,0.165245,0.111856,0.111943,0.143584,0.178380,0.205643,0.067203,0.480402,0.302471,0.302051,0.146760,0.321846,0.122142,0.013214,0.015385,0.003481,0.012522,0.035240,0.053472,0.479140,0.279748,0.465915,0.053178,0.477874,0.610621,0.379297,0.482989,0.691768,0.053394,0.589892,1.375444,2.105282,0.165197,0.043318,0.282251,1.849882,1.600401,0.011602,0.027533,0.244983,0.810356,0.989121,0.041488,0.369669,0.412467,0.435688,0.423336,0.360920,0.062627,0.270059,0.199241,5.182749,0.831733,0.000000,0.089403,0.225532,0.229108,0.000000,0.038085,0.723727,0.292923,0.654824,0.328508,0.078158,0.031921,0.651253,0.730842,0.005660,0.011941,0.022565,Not run,0.049597,0.043847,Not run
matrix-cpu,Base_Seq,default,0.188639,0.147571,0.106362,0.106228,0.132224,0.163765,0.202554,0.059352,0.430745,0.284430,0.291099,0.143430,0.339681,0.112079,0.013218,0.013458,0.002650,0.010131,0.033240,0.053393,0.653997,0.263828,0.434050,0.052864,0.444701,0.709733,0.349361,0.437434,0.595885,0.038316,0.565226,1.351703,2.151146,0.164994,0.040521,0.258549,1.731264,1.976869,0.010386,0.023739,0.221399,0.723127,0.894591,0.038205,0.347864,0.383337,0.389214,0.380649,0.348545,0.056222,0.211416,0.196375,5.181916,0.682119,0.000000,0.088955,0.225657,0.226254,0.000000,0.035751,0.514323,0.290146,0.639919,0.311860,0.057527,0.026670,0.648856,0.705879,0.004822,0.011264,0.021129,Not run,0.046953,0.043707,Not run
matrix-cpu,Base_Seq,default,0.188489,0.149199,0.106867,0.106637,0.132039,0.163924,0.202547,0.059105,0.429293,0.284094,0.283474,0.143797,0.339744,0.111916,0.013205,0.013207,0.002681,0.010047,0.033016,0.053455,0.465764,0.268700,0.427001,0.052871,0.435528,0.710349,0.359081,0.406830,0.595816,0.038416,0.556923,1.345511,2.045291,0.165306,0.040285,0.261187,1.724322,1.559029,0.010403,0.023648,0.219318,0.728431,0.893289,0.038207,0.349139,0.382970,0.391111,0.382942,0.347119,0.059269,0.211521,0.209550,5.181467,0.674627,0.000000,0.088975,0.225425,0.226485,0.000000,0.035784,0.515949,0.289963,0.632794,0.311888,0.060020,0.027156,0.647844,0.707215,0.004933,0.011248,0.021422,Not run,0.046640,0.043824,Not run
matrix-cpu,Base_Seq,default,0.188239,0.147590,0.106116,0.106105,0.132311,0.163764,0.202466,0.059791,0.418156,0.284286,0.284658,0.143536,0.338995,0.112090,0.013219,0.013436,0.002697,0.010153,0.033244,0.053386,0.653354,0.263560,0.423815,0.052870,0.434687,0.699665,0.354932,0.437411,0.596549,0.037991,0.564898,1.373378,2.128704,0.164967,0.040528,0.257598,1.706025,1.976543,0.010420,0.023473,0.218746,0.738940,0.875405,0.038366,0.350749,0.382717,0.389352,0.381149,0.352644,0.056049,0.211586,0.196839,5.206530,0.674274,0.000000,0.088931,0.225420,0.226733,0.000000,0.036002,0.514600,0.289511,0.634743,0.311878,0.057604,0.026894,0.648060,0.706167,0.004865,0.011252,0.021257,Not run,0.047062,0.043722,Not run
matrix-cpu,Base_Seq,default,0.188335,0.148636,0.106415,0.106261,0.132088,0.163798,0.202532,0.059178,0.423705,0.284299,0.284229,0.143642,0.338949,0.114053,0.013200,0.013223,0.002470,0.009841,0.033008,0.053809,0.439464,0.263903,0.420600,0.052864,0.448453,0.701809,0.350143,0.437307,0.596267,0.039060,0.561947,1.352007,2.109047,0.165298,0.039796,0.261322,1.714099,1.977024,0.010381,0.023545,0.220098,0.720044,0.887459,0.038061,0.355242,0.379704,0.387817,0.377350,0.352282,0.055865,0.211560,0.196237,5.181634,0.674112,0.000000,0.088978,0.225409,0.226206,0.000000,0.035733,0.516221,0.290109,0.633625,0.311836,0.058214,0.026967,0.648460,0.706380,0.004892,0.011248,0.021327,Not run,0.046772,0.043684,Not run
matrix-cpu,Base_Seq,default,0.221495,0.152386,0.112141,0.112143,0.132072,0.164606,0.216325,0.067201,0.490065,0.303812,0.314608,0.155492,0.349152,0.121838,0.013199,0.014256,0.003781,0.011878,0.034077,0.053710,0.459344,0.281269,0.468599,0.052888,0.489012,0.740189,0.389043,0.486983,0.681177,0.041251,0.583443,1.406574,2.119924,0.165170,0.043920,0.282457,1.904319,1.662407,0.011727,0.027187,0.233639,0.820976,1.026068,0.051909,0.383299,0.421803,0.443307,0.439381,0.380674,0.057917,0.212629,0.206682,5.262077,0.785611,0.000000,0.089327,0.236395,0.226707,0.000000,0.036777,0.517249,0.303911,0.667809,0.312177,0.061021,0.030094,0.648297,0.709939,0.005717,0.012097,0.023629,Not run,0.047643,0.046408,Not run
matrix-cpu,Base_Seq,default,0.189289,0.148194,0.106929,0.106807,0.132039,0.163436,0.202355,0.059393,0.427036,0.284043,0.284528,0.158078,0.347860,0.113993,0.013201,0.013206,0.002505,0.009960,0.033012,0.053628,0.461002,0.271831,0.444105,0.052899,0.454733,0.705670,0.360165,0.435912,0.595310,0.038489,0.558234,1.379250,2.160849,0.177953,0.039795,0.264402,1.758110,1.989488,0.010397,0.023823,0.258034,0.698060,0.921399,0.037907,0.351818,0.399699,0.392303,0.386311,0.355105,0.057593,0.211533,0.204101,5.259797,0.679130,0.000000,0.089087,0.225452,0.226557,0.000000,0.035695,0.518628,0.290262,0.644408,0.310687,0.060000,0.027136,0.660571,0.730334,0.004853,0.011245,0.021429,Not run,0.046867,0.037719,Not run
matrix-cpu,Base_Seq,default,0.243199,0.164658,0.112066,0.111825,0.132038,0.199924,0.205404,0.069373,0.518423,0.300497,0.323418,0.147280,0.364366,0.142854,0.013202,0.015446,0.003429,0.012495,0.035270,0.053492,0.672346,0.299396,0.458433,0.053160,0.458047,0.600505,0.369327,0.487705,0.705538,0.053843,0.505719,1.407621,2.130890,0.165198,0.044152,0.283713,1.899962,1.656568,0.011738,0.027864,0.260592,0.758778,1.084710,0.042932,0.373667,0.407437,0.442919,0.422291,0.357714,0.061792,0.256580,0.225373,5.280470,0.862425,0.000000,0.089293,0.227682,0.229124,0.000000,0.038077,0.537291,0.290695,0.658886,0.357704,0.078404,0.031695,0.675045,0.758656,0.005753,0.012014,0.022467,Not run,0.049559,0.040254,Not run
matrix-cpu,Base_Seq,default,0.200828,0.146112,0.106212,0.106168,0.132124,0.163548,0.202450,0.059514,0.430694,0.284074,0.284438,0.143779,0.352795,0.111972,0.020744,0.013438,0.002691,0.010150,0.033225,0.053613,0.664585,0.264801,0.440550,0.065965,0.439012,0.696452,0.357117,0.438992,0.595823,0.036668,0.557983,1.353294,2.155568,0.165021,0.040334,0.273091,1.738510,2.012255,0.010360,0.023752,0.229520,0.765373,0.904053,0.037991,0.352603,0.409272,0.402505,0.382717,0.351671,0.056919,0.211662,0.212558,5.248249,0.682478,0.000000,0.089057,0.225786,0.226805,0.000000,0.048580,0.513965,0.289710,0.651838,0.311926,0.063960,0.026898,0.672876,0.733311,0.004818,0.011254,0.021262,Not run,0.047036,0.043712,Not run
matrix-cpu,Base_Seq,default,0.197978,0.157648,0.106038,0.105906,0.132093,0.163733,0.202538,0.059064,0.463740,0.283965,0.284251,0.156280,0.343040,0.111953,0.013203,0.013208,0.002466,0.009823,0.033023,0.053785,0.437430,0.267199,0.425485,0.052873,0.457015,0.708312,0.353395,0.415391,0.595229,0.038546,0.569492,1.372243,2.056881,0.165282,0.040208,0.263488,1.748603,1.583800,0.010385,0.023645,0.218963,0.723857,0.907372,0.038122,0.362968,0.384035,0.392076,0.384979,0.357282,0.066779,0.211617,0.200896,5.232682,0.673760,0.000000,0.088885,0.225402,0.226511,0.000000,0.035788,0.514080,0.301570,0.644718,0.324740,0.057551,0.026774,0.649261,0.731415,0.004914,0.011241,0.021036,Not run,0.046737,0.054540,Not run
matrix-cpu,Base_Seq,default,0.188652,0.145976,0.106269,0.106265,0.132136,0.163455,0.202459,0.070635,0.439877,0.283999,0.284710,0.143798,0.336586,0.114021,0.013215,0.013744,0.002725,0.010120,0.033251,0.053424,0.447538,0.263252,0.455442,0.052876,0.442735,0.685411,0.346756,0.437878,0.595370,0.038576,0.562386,1.352794,2.154033,0.165126,0.040367,0.269248,1.754158,2.000437,0.010364,0.023751,0.227148,0.725589,0.894675,0.038117,0.354401,0.384289,0.390318,0.383406,0.347490,0.056866,0.211583,0.196127,5.251400,0.682049,0.000000,0.101068,0.225364,0.226828,0.000000,0.036080,0.514142,0.290180,0.635529,0.324687,0.057607,0.026827,0.647352,0.706830,0.004837,0.011254,0.021247,Not run,0.047027,0.043739,Not run
matrix-cpu,Base_Seq,default,0.188803,0.148825,0.106268,0.106116,0.132048,0.163504,0.202488,0.059302,0.420370,0.284167,0.284534,0.143394,0.341088,0.112140,0.013204,0.013205,0.002538,0.009932,0.033015,0.053543,0.438816,0.262935,0.453317,0.052872,0.440165,0.706611,0.354858,0.436513,0.603119,0.037420,0.571124,1.366531,2.153063,0.165141,0.039880,0.275389,1.766658,2.000848,0.010355,0.023540,0.228149,0.728142,0.910646,0.037964,0.370400,0.388240,0.393695,0.388839,0.358240,0.056649,0.211749,0.196008,5.218758,0.673395,0.000000,0.102514,0.225344,0.226671,0.000000,0.035745,0.514624,0.309580,0.633491,0.311941,0.072169,0.027414,0.660644,0.719217,0.004882,0.011246,0.021540,Not run,0.046966,0.043816,Not run
matrix-cpu,Base_Seq,default,0.225893,0.151746,0.111695,0.111720,0.132044,0.164507,0.202862,0.067079,0.489625,0.304521,0.317743,0.144304,0.325992,0.121996,0.013207,0.014304,0.003762,0.011708,0.034126,0.053680,0.459568,0.278667,0.461625,0.052888,0.483840,0.720694,0.374358,0.495202,0.681458,0.040964,0.578318,1.381155,2.103791,0.165239,0.043239,0.279284,1.866660,1.597755,0.011574,0.026648,0.232491,0.830491,0.999102,0.041950,0.376104,0.424908,0.435742,0.418029,0.373118,0.057631,0.212320,0.195025,5.195654,0.785415,0.000000,0.089285,0.225563,0.226715,0.000000,0.036823,0.518062,0.289933,0.651682,0.312140,0.060891,0.029458,0.648806,0.710393,0.005544,0.012095,0.023334,Not run,0.047600,0.046076,Not run
matrix-cpu,Base_Seq,default,0.187872,0.148056,0.106053,0.105915,0.132040,0.163448,0.202390,0.059060,0.421108,0.283672,0.283760,0.143318,0.339273,0.111879,0.013205,0.013204,0.002495,0.009901,0.033017,0.053557,0.662737,0.262692,0.424711,0.052909,0.435691,0.691392,0.350164,0.434615,0.594131,0.038114,0.557757,1.373738,2.116499,0.164983,0.039752,0.264235,1.728950,1.975478,0.010278,0.023497,0.226817,0.732698,0.892396,0.037848,0.352960,0.385808,0.390195,0.382716,0.353667,0.056049,0.211184,0.194090,5.196967,0.672285,0.000000,0.088992,0.225344,0.239874,0.000000,0.035682,0.513620,0.289932,0.634837,0.311749,0.058219,0.026884,0.647709,0.707120,0.004831,0.011230,0.021205,Not run,0.046834,0.043623,Not run
matrix-cpu,Base_Seq,default,0.242163,0.158406,0.111424,0.111408,0.132094,0.177738,0.205565,0.069308,0.506860,0.297797,0.301816,0.146597,0.336304,0.121945,0.013207,0.015491,0.003513,0.012427,0.035205,0.053416,0.524847,0.300669,0.454497,0.053124,0.462261,0.607096,0.370700,0.488248,0.700505,0.053102,0.598021,1.377330,2.114368,0.165198,0.043363,0.281161,1.831149,1.613155,0.011768,0.027414,0.248748,0.759684,1.018023,0.041936,0.358271,0.401265,0.431107,0.415395,0.370062,0.061351,0.255694,0.224299,5.207787,0.828173,0.000000,0.089187,0.227340,0.229097,0.000000,0.038027,0.504803,0.294666,0.653076,0.328604,0.077703,0.031612,0.648202,0.730893,0.005584,0.011913,0.022536,Not run,0.049670,0.039836,Not run
matrix-cpu,Base_Seq,default,0.187404,0.145831,0.106116,0.106011,0.132026,0.163376,0.202454,0.059129,0.429001,0.283675,0.283913,0.143580,0.338840,0.113855,0.013214,0.013454,0.002514,0.010150,0.033234,0.066598,0.652930,0.265139,0.428780,0.052895,0.439505,0.706067,0.352866,0.434912,0.594590,0.038813,0.558014,1.351486,2.128506,0.165042,0.040278,0.264599,1.749030,1.975220,0.010332,0.023889,0.231896,0.724210,0.889024,0.037929,0.357920,0.384276,0.389465,0.381984,0.353153,0.056378,0.211548,0.194964,5.195533,0.671689,0.000000,0.089025,0.225645,0.226805,0.000000,0.035664,0.513471,0.290280,0.636913,0.311789,0.058450,0.027100,0.647449,0.706076,0.004836,0.011233,0.021469,Not run,0.046955,0.043528,Not run
matrix-cpu,Base_Seq,default,0.187364,0.148628,0.106450,0.106323,0.132026,0.163503,0.202548,0.058972,0.437329,0.283634,0.283977,0.144020,0.335917,0.111935,0.013214,0.013204,0.002520,0.009955,0.033017,0.053718,0.438542,0.265414,0.427731,0.052897,0.435846,0.716814,0.354530,0.405658,0.593122,0.036567,0.555013,1.355266,2.043644,0.165246,0.040217,0.262953,1.704337,1.558488,0.010390,0.023483,0.220196,0.735044,0.890482,0.038110,0.355891,0.382895,0.391864,0.386598,0.363721,0.058596,0.211303,0.199425,5.206525,0.672575,0.000000,0.089031,0.225348,0.226630,0.000000,0.035885,0.515686,0.289733,0.636521,0.311780,0.059890,0.027258,0.647846,0.706165,0.004908,0.011232,0.021353,Not run,0.046777,0.043655,Not run
matrix-cpu,Base_Seq,default,0.187101,0.145217,0.107049,0.107022,0.132056,0.163437,0.222611,0.059118,0.425641,0.283794,0.283925,0.143950,0.338950,0.112012,0.013201,0.013443,0.002480,0.010447,0.033247,0.053709,0.653340,0.264995,0.437694,0.052893,0.448624,0.701741,0.359762,0.435767,0.593861,0.036776,0.564474,1.351672,2.128733,0.165085,0.040347,0.264836,1.813801,1.975866,0.010372,0.024229,0.223128,0.728610,0.895141,0.038095,0.352082,0.394491,0.396033,0.391728,0.367872,0.056381,0.211276,0.194861,5.195480,0.671749,0.000000,0.089052,0.225480,0.226610,0.000000,0.035966,0.513756,0.289581,0.645365,0.311820,0.058247,0.027496,0.648809,0.706683,0.004832,0.011231,0.021726,Not run,0.046969,0.043473,Not run
matrix-cpu,Base_Seq,default,0.187407,0.148557,0.106018,0.105836,0.132059,0.163427,0.202489,0.058898,0.435288,0.287360,0.283887,0.143031,0.343009,0.112040,0.013204,0.013208,0.002479,0.009926,0.033020,0.053546,0.437897,0.263138,0.433786,0.052886,0.444291,0.697443,0.352293,0.433047,0.592884,0.038725,0.577480,1.350871,2.135405,0.165310,0.039758,0.262974,1.761786,1.985978,0.010383,0.023697,0.228426,0.732778,0.897735,0.038053,0.354055,0.390152,0.394026,0.401498,0.353663,0.056468,0.211433,0.194601,5.195073,0.671915,0.000000,0.088956,0.225464,0.226784,0.000000,0.035633,0.514308,0.289736,0.637108,0.311774,0.058114,0.026814,0.648700,0.706064,0.004904,0.011223,0.021145,Not run,0.046879,0.053608,Not run
tioga-cpu,Base_Seq,default,0.436685,0.135708,0.073219,0.104558,0.235740,0.897422,0.272004,0.241588,0.213272,0.716529,0.699947,0.682899,0.164481,0.313712,0.039741,0.043717,0.009821,0.041169,0.118177,0.106039,0.351713,0.344570,0.317205,0.036799,0.342140,0.347890,0.259305,0.324698,0.442763,0.367928,0.291347,2.101818,3.160979,0.155541,0.101180,0.269110,1.168324,2.397720,0.026746,0.061647,0.504321,0.570536,1.241825,0.102460,0.193967,0.220336,0.994226,0.272790,0.195267,0.196092,0.530890,0.503243,11.767750,0.491981,0.000000,0.518767,0.426944,0.432984,0.000000,0.169157,0.875726,0.410556,0.655801,0.355189,0.112682,0.051737,0.992026,1.047058,0.024515,0.018731,0.018185,Not run,0.012444,0.043213,Not run
tioga-cpu,Base_Seq,default,0.438841,0.131691,0.073516,0.070879,0.162207,0.896235,0.268405,0.231568,0.206011,0.702844,0.659649,0.649311,0.151569,0.297724,0.036626,0.036595,0.005850,0.025382,0.110324,0.098078,0.344169,0.344230,0.284136,0.026431,0.296752,0.314922,0.242588,0.302673,0.439165,0.320263,0.283343,2.085003,3.158238,0.146505,0.096512,0.221381,1.122035,2.411651,0.023308,0.059468,0.453905,0.547907,1.276798,0.096380,0.189772,0.212984,0.987272,0.227834,0.194943,0.158610,0.494334,0.454577,11.553306,0.460797,0.000000,0.516596,0.386047,0.386518,0.000000,0.119115,0.831861,0.398966,0.591821,0.310249,0.083747,0.049389,0.991906,1.047179,0.024519,0.009269,0.013409,Not run,0.010070,0.035246,Not run
tioga-cpu,Base_Seq,default,0.438475,0.132568,0.073560,0.071153,0.162178,0.886248,0.268232,0.231138,0.194091,0.704027,0.659925,0.650383,0.166788,0.297211,0.036618,0.036582,0.005863,0.025365,0.110264,0.098052,0.335865,0.343154,0.281153,0.025077,0.293335,0.321090,0.238485,0.303656,0.445420,0.319569,0.292707,2.086371,3.152265,0.146403,0.096389,0.220022,1.095653,2.407328,0.023326,0.059411,0.457104,0.547865,1.215430,0.096275,0.190273,0.211947,0.986223,0.229779,0.191142,0.158195,0.493607,0.446808,11.531988,0.464357,0.000000,0.519546,0.387986,0.388135,0.000000,0.119237,0.838196,0.399106,0.599701,0.308666,0.081969,0.049350,0.992053,1.046498,0.024606,0.009246,0.013327,Not run,0.010076,0.035188,Not run
tioga-cpu,Base_Seq,default,0.381630,0.133766,0.071997,0.070066,0.162214,0.895785,0.268467,0.229205,0.207065,0.703190,0.659754,0.647975,0.149355,0.297782,0.036625,0.036597,0.005853,0.025407,0.110316,0.098052,0.335159,0.344681,0.287459,0.025092,0.300434,0.308231,0.237039,0.305658,0.435419,0.319923,0.283083,2.095318,3.156626,0.146560,0.096550,0.218361,1.104600,2.415302,0.023022,0.059212,0.456013,0.557084,1.294131,0.096308,0.185452,0.212013,0.986396,0.228728,0.181766,0.156875,0.493555,0.448028,11.553693,0.457971,0.000000,0.520215,0.387737,0.387585,0.000000,0.118576,0.835255,0.398935,0.587987,0.310385,0.080619,0.049360,0.991849,1.048776,0.024538,0.009372,0.013267,Not run,0.010130,0.034202,Not run
tioga-cpu,Base_Seq,default,0.436959,0.133091,0.073354,0.094641,0.232822,0.882882,0.268926,0.239070,0.209690,0.716716,0.697567,0.680810,0.165681,0.314228,0.038370,0.040092,0.009508,0.038806,0.110821,0.098562,0.348478,0.346229,0.312892,0.035213,0.329696,0.332149,0.254049,0.318546,0.441118,0.363770,0.296728,2.094992,3.159078,0.147779,0.097112,0.257741,1.158039,2.381590,0.024349,0.058988,0.494338,0.561040,1.237373,0.096844,0.183668,0.208821,0.986169,0.261185,0.184300,0.190350,0.518012,0.487558,11.615211,0.487858,0.000000,0.516490,0.420453,0.425069,0.000000,0.163578,0.850714,0.400172,0.635313,0.346819,0.102715,0.048858,0.992311,1.045235,0.024532,0.016973,0.017049,Not run,0.012425,0.039891,Not run
tioga-cpu,Base_Seq,default,0.440320,0.133290,0.073262,0.070384,0.162126,0.895660,0.268122,0.230945,0.208519,0.704005,0.660206,0.648700,0.169456,0.297962,0.036610,0.036574,0.005781,0.025372,0.110270,0.098004,0.343910,0.344721,0.281920,0.025090,0.293890,0.308791,0.238023,0.303104,0.446041,0.319690,0.277225,2.089935,3.151998,0.146217,0.096480,0.215812,1.097106,2.408438,0.023111,0.059395,0.456032,0.549396,1.300022,0.096495,0.184240,0.212515,0.987862,0.230022,0.186992,0.158541,0.496495,0.476188,11.618126,0.464653,0.000000,0.516620,0.386573,0.386381,0.000000,0.118782,0.834123,0.399074,0.586966,0.310128,0.080989,0.049345,0.992180,1.046293,0.024585,0.009379,0.013435,Not run,0.010122,0.035005,Not run
tioga-cpu,Base_Seq,default,0.437485,0.124657,0.073998,0.103712,0.237961,0.895724,0.274647,0.246700,0.206620,0.718191,0.706865,0.686923,0.173715,0.314466,0.042215,0.043059,0.010470,0.042889,0.118437,0.108106,0.349425,0.343807,0.324069,0.038784,0.342406,0.358002,0.264566,0.327852,0.446600,0.368737,0.296565,2.103488,3.162025,0.158045,0.106998,0.276011,1.136438,2.424129,0.026952,0.064894,0.503532,0.568606,1.320605,0.104979,0.204454,0.224009,0.994883,0.275204,0.201789,0.198806,0.529994,0.488445,11.619036,0.498034,0.000001,0.517359,0.429341,0.434535,0.000000,0.170668,0.854981,0.410333,0.650850,0.356844,0.112425,0.053020,0.991901,1.045958,0.024578,0.018594,0.018494,Not run,0.012755,0.043000,Not run
tioga-cpu,Base_Seq,default,0.386636,0.132924,0.073215,0.071089,0.162236,0.895590,0.268515,0.231221,0.199921,0.703706,0.660445,0.650977,0.171260,0.297862,0.036635,0.036592,0.005825,0.025375,0.110327,0.098024,0.338524,0.346954,0.289128,0.026340,0.304830,0.331692,0.244774,0.306138,0.438887,0.320822,0.298002,2.092090,3.153076,0.146626,0.096645,0.219896,1.113684,2.409497,0.023266,0.059339,0.458969,0.554427,1.159631,0.096269,0.195335,0.216269,0.987989,0.230869,0.204545,0.159937,0.494283,0.439099,11.544171,0.467733,0.000000,0.516332,0.386365,0.386670,0.000000,0.119131,0.837329,0.398943,0.597001,0.310738,0.080740,0.049328,0.991893,1.047062,0.024567,0.009303,0.013466,Not run,0.010081,0.034752,Not run
tioga-cpu,Base_Seq,default,0.384892,0.132060,0.072258,0.071282,0.162271,0.895895,0.268514,0.231139,0.197789,0.703870,0.659994,0.648451,0.152785,0.297576,0.036645,0.036594,0.005850,0.025339,0.109524,0.098071,0.344986,0.344487,0.281827,0.025100,0.295426,0.331705,0.248957,0.305289,0.440912,0.319915,0.289733,2.093264,3.152292,0.146709,0.096569,0.232704,1.135407,2.376164,0.023132,0.059308,0.455218,0.546176,1.285589,0.096293,0.202138,0.218356,0.987438,0.236883,0.208933,0.159328,0.495245,0.447052,11.550541,0.467311,0.000000,0.516817,0.386103,0.386505,0.000005,0.119244,0.836147,0.399018,0.606446,0.311441,0.083518,0.049317,0.991554,1.047331,0.024551,0.009317,0.013322,Not run,0.010074,0.035095,Not run
tioga-cpu,Base_Seq,default,0.439624,0.132554,0.072936,0.070944,0.162238,0.895818,0.268451,0.229349,0.210512,0.704665,0.661230,0.652014,0.152464,0.298119,0.036628,0.036597,0.005792,0.025444,0.110323,0.098059,0.338647,0.345408,0.291035,0.025139,0.302053,0.325322,0.255990,0.305265,0.435113,0.319774,0.292645,2.091329,3.153997,0.146389,0.096760,0.234986,1.221648,2.413647,0.023119,0.059503,0.455081,0.560781,1.152533,0.096532,0.201435,0.225524,0.990457,0.243950,0.203475,0.148969,0.494256,0.450159,11.548897,0.464684,0.000000,0.517025,0.386559,0.386519,0.000000,0.118597,0.838083,0.399005,0.583144,0.310584,0.080861,0.049405,0.991607,1.047602,0.024525,0.009319,0.013318,Not run,0.010079,0.034850,Not run
tioga-cpu,Base_Seq,default,0.385896,0.133907,0.072923,0.094971,0.232756,0.882570,0.268960,0.238858,0.200140,0.715530,0.696291,0.679175,0.155634,0.313627,0.038322,0.040298,0.009501,0.038821,0.110853,0.098564,0.347698,0.344924,0.315755,0.035214,0.333468,0.353316,0.260528,0.318844,0.442509,0.363847,0.307093,2.084222,3.153400,0.147560,0.097430,0.265158,1.145575,2.409981,0.024337,0.059005,0.491563,0.562357,1.306135,0.097089,0.203433,0.212559,0.985153,0.262307,0.205086,0.192302,0.518078,0.472714,11.605353,0.489516,0.000000,0.517212,0.420796,0.425166,0.000000,0.163945,0.849672,0.399953,0.638502,0.346881,0.103502,0.048896,0.991642,1.046208,0.024519,0.016966,0.017064,Not run,0.012414,0.040227,Not run
tioga-cpu,Base_Seq,default,0.443789,0.130770,0.077017,0.074958,0.162269,0.895410,0.268386,0.230999,0.198799,0.704547,0.661321,0.653797,0.151984,0.298207,0.036634,0.036597,0.005851,0.025378,0.110329,0.098052,0.344229,0.345702,0.283626,0.025101,0.295586,0.329370,0.252462,0.306047,0.450032,0.319800,0.297645,2.089380,3.151405,0.146570,0.096736,0.229884,1.121877,2.409862,0.023144,0.059580,0.455714,0.544763,1.152370,0.096352,0.210868,0.215391,0.987384,0.230390,0.204137,0.159582,0.495517,0.455187,11.550904,0.457898,0.000000,0.517544,0.386523,0.385701,0.000000,0.119022,0.810759,0.399251,0.597183,0.311282,0.081221,0.049416,0.991599,1.046359,0.024557,0.009308,0.013209,Not run,0.010093,0.033263,Not run
tioga-cpu,Base_Seq,default,0.439824,0.134237,0.078219,0.108952,0.235985,0.895154,0.272634,0.243944,0.211658,0.719141,0.702379,0.682623,0.168452,0.315782,0.039330,0.043514,0.010423,0.042608,0.115774,0.107963,0.352305,0.348481,0.355785,0.038597,0.381447,0.381274,0.285250,0.324647,0.441886,0.368286,0.306464,2.099517,3.160431,0.155377,0.103125,0.285602,1.320598,2.422810,0.026864,0.065147,0.499800,0.563348,1.172299,0.100824,0.235079,0.265469,1.007802,0.299392,0.232974,0.192267,0.528439,0.492142,11.611096,0.500326,0.000000,0.517773,0.424686,0.432282,0.000000,0.170392,0.859995,0.410293,0.655130,0.353505,0.113128,0.051888,0.989396,1.046927,0.024561,0.018671,0.018440,Not run,0.012450,0.043299,Not run
tioga-cpu,Base_Seq,default,0.437590,0.132394,0.072769,0.070612,0.162220,0.895330,0.268473,0.232120,0.200631,0.703247,0.659840,0.650028,0.170848,0.297342,0.036631,0.036595,0.005782,0.025381,0.110318,0.098096,0.347527,0.347178,0.285347,0.026451,0.298594,0.331241,0.247412,0.303128,0.439074,0.320578,0.292023,2.089141,3.150985,0.146717,0.096476,0.233543,1.138700,2.375518,0.023047,0.059495,0.456698,0.547161,1.151740,0.096229,0.201679,0.214462,0.987077,0.229383,0.215654,0.160701,0.494318,0.480617,11.543269,0.471558,0.000000,0.516855,0.386595,0.386617,0.000000,0.119409,0.838828,0.399009,0.601574,0.310487,0.081230,0.049402,0.989571,1.046526,0.024576,0.009293,0.014079,Not run,0.010064,0.035091,Not run
tioga-cpu,Base_Seq,default,0.436729,0.129659,0.080625,0.080446,0.162141,0.895242,0.268176,0.231516,0.204975,0.703325,0.660265,0.648234,0.157545,0.297195,0.036637,0.036604,0.005814,0.025457,0.110331,0.098098,0.342623,0.344972,0.305896,0.025139,0.331274,0.344087,0.249152,0.303345,0.440496,0.319850,0.297707,2.089674,3.146874,0.146969,0.096732,0.237326,1.191372,2.405621,0.023095,0.059599,0.456368,0.547474,1.153771,0.096340,0.209461,0.229227,0.989016,0.246177,0.209539,0.161879,0.495092,0.473140,11.544064,0.466214,0.000000,0.517075,0.386618,0.385896,0.000000,0.119085,0.841872,0.399036,0.614719,0.312226,0.082901,0.049427,0.990263,1.046486,0.024548,0.009452,0.013944,Not run,0.010136,0.035310,Not run
tioga-cpu,Base_Seq,default,0.437133,0.132206,0.073083,0.071027,0.162242,0.895833,0.268508,0.229515,0.196775,0.704156,0.660903,0.650989,0.148764,0.298071,0.036634,0.036605,0.005857,0.025486,0.110323,0.098062,0.338136,0.344040,0.289703,0.025113,0.303579,0.315903,0.246362,0.302346,0.432198,0.319789,0.291369,2.084201,3.149400,0.146278,0.096625,0.225061,1.153948,2.382871,0.023184,0.059279,0.454514,0.545692,1.153812,0.096486,0.200895,0.212232,0.987411,0.228787,0.204953,0.157455,0.494060,0.450529,11.544869,0.455293,0.000000,0.516380,0.386718,0.385879,0.000000,0.118929,0.844187,0.399071,0.584732,0.311836,0.081012,0.049499,0.991824,1.046663,0.024504,0.009342,0.013968,Not run,0.010083,0.033843,Not run
tioga-cpu,Base_Seq,default,0.438268,0.129233,0.082350,0.102437,0.232521,0.882403,0.268929,0.240015,0.207113,0.718427,0.699117,0.683220,0.157607,0.314383,0.038353,0.039794,0.009520,0.038862,0.110867,0.098557,0.349527,0.347341,0.342253,0.035318,0.368990,0.377074,0.267418,0.319899,0.445281,0.364461,0.316690,2.082835,3.153584,0.148529,0.097028,0.269204,1.327698,2.377992,0.024449,0.059761,0.490407,0.567376,1.167185,0.096805,0.207335,0.261850,0.995985,0.300219,0.215624,0.193044,0.517861,0.489859,11.602051,0.489603,0.000001,0.517492,0.420678,0.425091,0.000000,0.164023,0.836511,0.400204,0.654475,0.348814,0.102723,0.049047,0.989243,1.046943,0.024511,0.017007,0.017629,Not run,0.012464,0.039437,Not run
tioga-cpu,Base_Seq,default,0.439783,0.124949,0.073146,0.071149,0.162243,0.895224,0.268403,0.230719,0.196322,0.703763,0.660943,0.648663,0.151764,0.297473,0.036637,0.036600,0.005833,0.025430,0.110004,0.098058,0.346424,0.343395,0.282499,0.025106,0.293919,0.313353,0.234433,0.302144,0.447639,0.319792,0.286608,2.088037,3.153826,0.146433,0.096519,0.214734,1.138530,2.376869,0.023036,0.059358,0.458571,0.546589,1.151404,0.096242,0.197607,0.215686,0.988170,0.233082,0.200844,0.148461,0.494173,0.455119,11.538393,0.457482,0.000008,0.516278,0.389068,0.388280,0.000000,0.119046,0.842588,0.399137,0.598777,0.311658,0.081109,0.049381,0.991552,1.046498,0.024561,0.009396,0.013447,Not run,0.010076,0.035001,Not run
tuolumne-cpu,Base_Seq,default,0.937875,0.124374,0.059621,0.060839,0.135148,0.768688,0.228311,0.186286,0.307966,0.572606,0.533426,0.534157,0.215006,0.255920,0.031234,0.030407,0.004815,0.020818,0.091982,0.081187,0.345849,0.273049,0.206799,0.040538,0.219563,0.403891,0.197876,0.399599,0.660131,0.240187,0.406127,1.717970,2.580797,0.130991,0.079915,0.209591,0.832700,1.952391,0.020745,0.048809,0.333574,0.414913,1.095061,0.080981,0.179310,0.151273,0.815197,0.156744,0.181281,0.222080,0.356297,1.005983,8.877655,0.486545,0.000001,0.400082,0.315035,0.314247,0.000001,0.092456,1.728108,0.336877,0.544577,0.243404,0.067668,0.040709,0.812860,0.879686,0.020408,0.007713,0.009571,Not run,0.007364,0.025764,Not run
tuolumne-cpu,Base_Seq,default,0.947942,0.129377,0.052634,0.063001,0.199236,0.768005,0.231412,0.193414,0.321818,0.585361,0.558390,0.581331,0.229894,0.269479,0.034094,0.034080,0.006775,0.027571,0.094114,0.082270,0.368263,0.274418,0.228619,0.035124,0.238036,0.388908,0.222939,0.419355,0.680431,0.276691,0.404548,1.749967,2.618725,0.143195,0.082263,0.234204,0.819133,1.984471,0.022515,0.049632,0.391359,0.430650,1.142164,0.081896,0.189146,0.163047,0.823526,0.194211,0.178645,0.233732,0.388819,0.998078,9.028199,0.500930,0.000001,0.405327,0.339931,0.339788,0.000001,0.133092,1.686189,0.342804,0.576219,0.279309,0.082991,0.041010,0.823480,0.889981,0.020683,0.011944,0.011783,Not run,0.009132,0.028669,Not run
tuolumne-cpu,Base_Seq,default,0.935783,0.124010,0.053094,0.051877,0.135146,0.768849,0.228279,0.184349,0.308202,0.572099,0.533364,0.535102,0.215255,0.255934,0.031813,0.030524,0.004626,0.020721,0.091959,0.081180,0.344415,0.271831,0.205147,0.040541,0.217263,0.385459,0.200084,0.398317,0.659099,0.240064,0.399567,1.718745,2.582658,0.128405,0.081837,0.207860,0.791680,1.952986,0.021033,0.048983,0.334857,0.403068,1.114860,0.079411,0.181502,0.154739,0.815005,0.159230,0.186947,0.222024,0.354508,1.055194,8.880718,0.484994,0.000001,0.400641,0.314552,0.314270,0.000001,0.091936,1.687059,0.337103,0.548944,0.243666,0.070197,0.040735,0.812823,0.879401,0.020422,0.007765,0.009488,Not run,0.007327,0.025361,Not run
tuolumne-cpu,Base_Seq,default,0.937737,0.123440,0.052156,0.051136,0.135147,0.768793,0.228145,0.183190,0.309635,0.571255,0.532392,0.546284,0.215525,0.255231,0.030721,0.030406,0.004683,0.020780,0.091962,0.081169,0.343733,0.272961,0.210591,0.040535,0.223010,0.400443,0.227866,0.399904,0.655651,0.240017,0.408775,1.718812,2.582809,0.132209,0.079872,0.205514,0.785501,1.948253,0.019379,0.048630,0.332609,0.402149,1.008496,0.081559,0.201167,0.165673,0.815159,0.169260,0.204663,0.246435,0.354327,0.999875,8.883722,0.484960,0.000001,0.400019,0.314782,0.314011,0.000001,0.091767,1.688144,0.336948,0.554785,0.244188,0.073593,0.040752,0.812765,0.879350,0.020342,0.007476,0.009986,Not run,0.007320,0.025407,Not run
tuolumne-cpu,Base_Seq,default,0.938666,0.123828,0.052728,0.051699,0.135147,0.768854,0.228330,0.184741,0.308311,0.572712,0.533856,0.529540,0.215944,0.255780,0.032399,0.030477,0.004630,0.020837,0.091942,0.081182,0.344301,0.271377,0.204641,0.040538,0.217482,0.378958,0.199240,0.399332,0.659435,0.240047,0.400721,1.720870,2.584483,0.130070,0.080333,0.189639,0.837539,1.953149,0.021491,0.048588,0.335266,0.402573,1.113135,0.079490,0.157940,0.150462,0.815441,0.156799,0.197097,0.211423,0.356474,1.043480,8.881290,0.484167,0.000001,0.400593,0.314810,0.314188,0.000001,0.091784,1.706437,0.337096,0.546115,0.243749,0.068310,0.040745,0.812941,0.880353,0.020417,0.007219,0.009587,Not run,0.007338,0.025096,Not run
tuolumne-cpu,Base_Seq,default,0.934903,0.123900,0.052171,0.052053,0.135148,0.768847,0.228290,0.185519,0.307345,0.571390,0.532815,0.546916,0.213468,0.255538,0.030406,0.030641,0.004623,0.020713,0.091992,0.081176,0.343196,0.269608,0.200841,0.040543,0.213554,0.398144,0.212797,0.401503,0.659442,0.240030,0.392715,1.716188,2.581461,0.130331,0.079414,0.203569,0.778557,1.949470,0.019643,0.048651,0.334226,0.403529,1.008596,0.080881,0.179431,0.151166,0.815236,0.156711,0.192490,0.240696,0.354111,1.041809,8.870167,0.485231,0.000001,0.400092,0.315262,0.314313,0.000001,0.091590,1.689108,0.336913,0.546860,0.243207,0.069066,0.040750,0.813017,0.879607,0.020407,0.007631,0.009556,Not run,0.007337,0.025368,Not run
tuolumne-cpu,Base_Seq,default,0.936937,0.124394,0.058800,0.065001,0.198626,0.758848,0.228606,0.192364,0.319399,0.579808,0.553456,0.606587,0.228857,0.267201,0.033783,0.033777,0.006721,0.027673,0.092847,0.081377,0.364262,0.273186,0.230611,0.034787,0.239041,0.401008,0.228628,0.415076,0.672510,0.271017,0.406946,1.730077,2.587115,0.145350,0.081326,0.246621,0.831974,1.960043,0.021555,0.049070,0.381703,0.422769,1.146787,0.081243,0.176016,0.161779,0.814843,0.193183,0.182706,0.254313,0.387739,1.139251,8.935799,0.497257,0.000001,0.400579,0.336993,0.336722,0.000001,0.134042,1.710170,0.338928,0.570207,0.281463,0.084965,0.040607,0.812586,0.879886,0.020395,0.011815,0.012085,Not run,0.009054,0.028661,Not run
tuolumne-cpu,Base_Seq,default,0.618841,0.114952,0.050330,0.051825,0.135147,0.768740,0.228332,0.184839,0.304117,0.572767,0.533806,0.528856,0.211034,0.255688,0.030524,0.032874,0.004626,0.020746,0.092018,0.081180,0.321184,0.269282,0.202277,0.040547,0.215000,0.380977,0.212189,0.380342,0.622232,0.240133,0.365546,1.710155,2.565176,0.128571,0.079285,0.209148,0.784730,1.947683,0.018575,0.048638,0.333550,0.403552,1.008875,0.079367,0.186389,0.164459,0.816461,0.169807,0.159474,0.171942,0.355972,0.953228,8.888783,0.476958,0.000001,0.400195,0.314598,0.314280,0.000000,0.091996,1.037787,0.337078,0.548843,0.247767,0.069814,0.040749,0.812774,0.879891,0.020324,0.007202,0.009667,Not run,0.007340,0.025249,Not run
tuolumne-cpu,Base_Seq,default,0.643413,0.117430,0.053021,0.063789,0.198955,0.765854,0.231408,0.193053,0.312639,0.583571,0.556847,0.567322,0.224559,0.268861,0.034055,0.034017,0.006767,0.027589,0.093887,0.082199,0.342639,0.273095,0.228582,0.035102,0.238466,0.371048,0.249254,0.397426,0.645373,0.279329,0.405075,1.732562,2.600690,0.144955,0.082163,0.216786,0.824611,1.975181,0.020429,0.049853,0.383316,0.424304,1.147590,0.081932,0.169030,0.165539,0.822797,0.195421,0.211981,0.231804,0.391174,0.936308,9.038846,0.491997,0.000001,0.404055,0.339159,0.339286,0.000001,0.133021,1.173752,0.342167,0.571192,0.285337,0.087490,0.041026,0.821427,0.890311,0.020639,0.011939,0.012124,Not run,0.009138,0.028704,Not run
tuolumne-cpu,Base_Seq,default,0.630977,0.116497,0.052300,0.051926,0.135149,0.768668,0.228289,0.183895,0.303320,0.571956,0.533624,0.527928,0.211315,0.255725,0.030407,0.030407,0.004573,0.020712,0.091951,0.081179,0.324230,0.270111,0.200163,0.040543,0.218140,0.402462,0.213339,0.378396,0.626526,0.240028,0.400407,1.711382,2.568910,0.129283,0.079407,0.201240,0.796764,1.947263,0.018647,0.048841,0.332566,0.401987,1.018231,0.079346,0.163961,0.157104,0.815211,0.161624,0.184620,0.165123,0.354283,0.908210,8.884372,0.476098,0.000001,0.400370,0.314203,0.314324,0.000000,0.092021,1.142627,0.336830,0.541589,0.248325,0.069169,0.040716,0.812778,0.879897,0.020337,0.007186,0.009588,Not run,0.007335,0.025028,Not run
tuolumne-cpu,Base_Seq,default,0.621597,0.114971,0.052448,0.051473,0.135151,0.768837,0.228293,0.183023,0.302736,0.571514,0.533345,0.529617,0.209727,0.255724,0.032300,0.030641,0.004802,0.020748,0.091949,0.081175,0.323818,0.264280,0.225688,0.040545,0.240189,0.411943,0.183327,0.377791,0.622702,0.239988,0.356951,1.706148,2.565135,0.128522,0.079228,0.200206,0.972052,1.943381,0.018591,0.048709,0.333492,0.402620,1.009299,0.080140,0.175472,0.151581,0.815117,0.156650,0.172172,0.236274,0.354277,0.967454,8.891195,0.474793,0.000001,0.400166,0.314300,0.314367,0.000001,0.092024,1.059726,0.337013,0.541785,0.246998,0.073472,0.040756,0.812830,0.880287,0.020327,0.007122,0.010670,Not run,0.007318,0.025088,Not run
tuolumne-cpu,Base_Seq,default,0.637549,0.116576,0.052023,0.051266,0.135147,0.768544,0.228324,0.184398,0.301513,0.570703,0.532444,0.529267,0.208376,0.255334,0.030524,0.031696,0.004611,0.020707,0.091944,0.081169,0.322439,0.271803,0.200103,0.040543,0.217867,0.387183,0.221286,0.380656,0.627024,0.240176,0.392184,1.711810,2.570594,0.129079,0.079409,0.208613,0.866794,1.947948,0.019936,0.048688,0.332569,0.402573,1.007773,0.079369,0.184998,0.152482,0.814792,0.157806,0.205000,0.167288,0.356053,0.961049,8.881791,0.476949,0.000001,0.400485,0.314993,0.314378,0.000000,0.091822,1.150761,0.337265,0.540045,0.248083,0.073671,0.040734,0.812294,0.880526,0.020341,0.007075,0.009571,Not run,0.007300,0.024933,Not run
tuolumne-cpu,Base_Seq,default,0.620643,0.115497,0.052799,0.052526,0.135146,0.768927,0.228422,0.185139,0.299817,0.572006,0.533591,0.532497,0.206579,0.255743,0.030407,0.030407,0.004615,0.020736,0.091983,0.081178,0.321267,0.270741,0.200528,0.040548,0.214685,0.380395,0.207305,0.380054,0.626645,0.240033,0.397522,1.707056,2.569107,0.129836,0.079302,0.199425,0.787687,1.946299,0.018694,0.048679,0.332762,0.426802,1.008593,0.080329,0.184811,0.150930,0.815463,0.157708,0.198911,0.190636,0.354159,0.891309,8.884430,0.475228,0.000001,0.400538,0.314305,0.314293,0.000001,0.091711,1.058543,0.336978,0.542165,0.247318,0.071798,0.040722,0.812676,0.880038,0.020332,0.007208,0.009599,Not run,0.007355,0.025035,Not run
tuolumne-cpu,Base_Seq,default,0.636211,0.116038,0.055055,0.063482,0.198647,0.758735,0.229062,0.191460,0.311713,0.578946,0.552568,0.569441,0.224696,0.266759,0.033784,0.033689,0.006724,0.027714,0.092880,0.081363,0.335283,0.270890,0.228701,0.034804,0.237652,0.375911,0.241157,0.396841,0.634510,0.276905,0.389586,1.716125,2.573535,0.140796,0.082021,0.227880,0.824054,1.949815,0.021609,0.049153,0.381869,0.423055,1.033796,0.081733,0.186583,0.161754,0.814057,0.192806,0.204287,0.215955,0.388967,0.983641,8.932805,0.488222,0.000001,0.400440,0.336372,0.336496,0.000000,0.131397,1.134980,0.338981,0.559207,0.284513,0.085541,0.040584,0.812594,0.879947,0.020367,0.011741,0.011731,Not run,0.009068,0.028571,Not run
tuolumne-cpu,Base_Seq,default,0.920293,0.123938,0.052221,0.053580,0.135140,0.768730,0.227128,0.185676,0.305504,0.572221,0.533427,0.534271,0.212634,0.255779,0.030523,0.030406,0.004646,0.020743,0.091943,0.081190,0.347435,0.270979,0.203616,0.040536,0.217113,0.378748,0.213719,0.404199,0.671387,0.240070,0.380763,1.719809,2.581289,0.129602,0.080331,0.202371,0.795521,1.947572,0.019701,0.048745,0.339123,0.403956,1.060366,0.079427,0.184117,0.152338,0.814760,0.157110,0.174803,0.172589,0.355895,0.878463,8.882360,0.486267,0.000001,0.400379,0.314000,0.314114,0.000000,0.091764,1.695680,0.336962,0.548501,0.250575,0.069156,0.040700,0.812824,0.879953,0.020349,0.007706,0.009995,Not run,0.007298,0.025128,Not run
tuolumne-cpu,Base_Seq,default,0.937910,0.127845,0.056016,0.064942,0.199051,0.765763,0.230711,0.193158,0.318756,0.582752,0.556316,0.574044,0.227189,0.268679,0.034011,0.033999,0.006770,0.027563,0.093642,0.082128,0.369070,0.272847,0.226999,0.035112,0.236962,0.388646,0.222283,0.419996,0.694236,0.279104,0.405864,1.740227,2.624628,0.144767,0.082836,0.235089,0.817698,1.980721,0.022580,0.049588,0.386404,0.435310,1.095988,0.081907,0.184738,0.162850,0.822875,0.193842,0.182427,0.242647,0.391403,0.980940,9.046116,0.501094,0.000000,0.406413,0.340481,0.340610,0.000001,0.132933,1.700698,0.342851,0.573104,0.287771,0.087304,0.041015,0.823282,0.887676,0.020652,0.011899,0.011868,Not run,0.009104,0.028486,Not run
tuolumne-cpu,Base_Seq,default,0.928068,0.123961,0.052369,0.051272,0.135146,0.768579,0.228164,0.184326,0.306703,0.572411,0.534035,0.532067,0.212570,0.255736,0.030993,0.030524,0.004611,0.020746,0.091977,0.081202,0.348138,0.272863,0.200650,0.040535,0.214009,0.370556,0.213408,0.400947,0.677637,0.239938,0.385065,1.715318,2.583418,0.129545,0.079416,0.209852,0.789437,1.947636,0.019482,0.048641,0.344400,0.412962,1.060719,0.079367,0.173504,0.167068,0.816380,0.171985,0.174343,0.169929,0.354679,0.949705,8.888131,0.485319,0.000001,0.400471,0.314507,0.314251,0.000000,0.092119,1.689210,0.337117,0.548010,0.250773,0.070145,0.040729,0.812705,0.879896,0.020411,0.007898,0.009647,Not run,0.007313,0.025067,Not run
tuolumne-cpu,Base_Seq,default,0.921338,0.123324,0.055492,0.054400,0.135143,0.769003,0.227096,0.183035,0.305668,0.572063,0.533617,0.550851,0.214607,0.255654,0.030524,0.030406,0.004744,0.020735,0.091969,0.081174,0.344755,0.270147,0.199237,0.040538,0.212132,0.361955,0.184844,0.402604,0.673542,0.240363,0.391449,1.720358,2.583308,0.129504,0.080012,0.217467,0.818505,1.952057,0.019715,0.048639,0.337741,0.402631,1.089243,0.080520,0.180303,0.150396,0.814581,0.154694,0.195050,0.233124,0.354589,0.955111,8.888818,0.485280,0.000000,0.400281,0.314272,0.314400,0.000000,0.092262,1.692431,0.336867,0.549150,0.250663,0.072080,0.040748,0.812774,0.879806,0.020329,0.007299,0.009634,Not run,0.007334,0.025642,Not run
tuolumne-cpu,Base_Seq,default,0.930049,0.123474,0.052822,0.052522,0.135145,0.769002,0.228379,0.184768,0.309124,0.571774,0.533248,0.531352,0.213410,0.255746,0.030408,0.030523,0.004605,0.020710,0.092009,0.081182,0.347313,0.271910,0.202633,0.040539,0.215375,0.379375,0.210188,0.404350,0.671871,0.239848,0.396892,1.716606,2.583443,0.129221,0.079408,0.199749,0.778375,1.947403,0.019892,0.048743,0.336098,0.402045,1.092731,0.079391,0.181407,0.150739,0.815032,0.156867,0.170730,0.161778,0.354672,0.927626,8.883777,0.485779,0.000001,0.400301,0.315005,0.314191,0.000000,0.092216,1.690609,0.337086,0.545755,0.250235,0.070396,0.040715,0.812941,0.879815,0.020405,0.007167,0.009537,Not run,0.007325,0.024920,Not run
tuolumne-cpu,Base_Seq,default,0.919995,0.123307,0.052673,0.053014,0.135145,0.769089,0.228266,0.185944,0.304616,0.570990,0.532553,0.552771,0.213995,0.255684,0.031371,0.030524,0.004758,0.020747,0.091997,0.081194,0.344871,0.269301,0.204720,0.040544,0.219405,0.388386,0.208207,0.403659,0.673390,0.240045,0.383843,1.719041,2.583871,0.130289,0.079361,0.196667,0.902429,1.955441,0.019746,0.048890,0.337233,0.401429,1.059521,0.080509,0.163767,0.150876,0.814841,0.156045,0.180114,0.225567,0.356004,0.910806,8.884847,0.484215,0.000000,0.400304,0.314353,0.314135,0.000000,0.091610,1.684143,0.337071,0.547324,0.251424,0.075876,0.040772,0.812835,0.879972,0.020401,0.007661,0.010746,Not run,0.007345,0.025333,Not run
tuolumne-cpu,Base_Seq,default,0.929325,0.129418,0.052879,0.062323,0.198396,0.758802,0.229449,0.191428,0.320008,0.578589,0.552557,0.570953,0.228700,0.266515,0.033782,0.033775,0.006722,0.027706,0.092842,0.081380,0.364966,0.272442,0.230801,0.034789,0.239538,0.385505,0.228397,0.420025,0.685104,0.276422,0.408745,1.723532,2.587534,0.142445,0.081326,0.220366,0.839918,1.953630,0.021677,0.049132,0.380648,0.423094,1.096384,0.081230,0.198131,0.161904,0.814177,0.193023,0.190480,0.220253,0.388511,1.090785,8.929761,0.496499,0.000001,0.400216,0.335386,0.336235,0.000000,0.131898,1.678404,0.339002,0.568134,0.285473,0.084786,0.040610,0.812463,0.880138,0.020417,0.011894,0.011977,Not run,0.009048,0.028464,Not run
AVERAGE
borax,,,0.450420,0.332044,0.160228,0.160124,0.076136,0.414747,0.226128,0.254692,0.520549,0.675995,0.765393,0.326690,0.373771,0.323683,0.034247,0.034928,0.003682,0.013617,0.093496,0.068641,0.971356,0.291632,0.650614,0.057008,0.653365,0.717204,0.434910,0.667473,1.430094,0.074999,0.559605,2.223900,3.372282,0.205611,0.071376,0.347198,2.602240,2.530502,0.018724,0.027006,0.485908,1.060385,1.640085,0.068918,0.432853,0.563590,0.447701,0.581175,0.431335,0.079024,0.455979,0.338914,10.368546,1.443290,0.000000,0.209480,0.675892,0.684595,0.000000,0.064394,1.030401,0.299896,0.682288,0.667555,0.110453,0.045891,0.722647,0.825462,0.006215,0.020418,0.031316,,0.045882,0.066699,
boraxo,,,0.472202,0.260537,0.181687,0.179863,0.218446,0.276885,0.327056,0.115295,0.648402,0.489405,0.490671,0.359817,0.436585,0.195660,0.021866,0.021895,0.004616,0.018805,0.054648,0.098655,0.817216,0.423273,0.737323,0.087500,0.742314,0.937029,0.571813,0.826016,1.148877,0.174502,0.803819,4.878812,7.296483,0.293866,0.128682,0.452627,3.039022,6.270775,0.029418,0.044442,0.513137,1.166081,2.021011,0.124906,0.561898,0.663440,0.713048,0.658555,0.558164,0.093381,0.636190,0.401409,12.005105,1.298593,0.000000,0.280223,0.743279,0.808744,0.000000,0.072279,1.248343,0.427744,0.941425,0.891295,0.158266,0.087906,1.112087,1.249165,0.011354,0.019684,0.043083,,0.059613,0.087052,
corona-cpu,,,0.296835,0.139753,0.112776,0.125865,0.076719,0.253344,0.267789,0.279330,0.419547,0.780698,0.780805,0.217207,0.374035,0.247371,0.040920,0.040643,0.002010,0.017890,0.105100,0.085363,0.450265,0.356570,0.549091,0.035833,0.584406,0.513155,0.498787,0.441850,0.632885,0.060745,0.670789,1.544640,2.374911,0.236889,0.049817,0.584552,2.451062,1.824221,0.011267,0.042659,0.350053,0.843151,1.297515,0.042986,0.595643,0.498394,0.563148,0.489593,0.538929,0.124836,0.360601,0.433020,8.822026,0.991022,0.000000,0.130062,0.457866,0.455188,0.000000,0.063582,0.876869,0.329226,0.673179,0.527648,0.113566,0.054166,0.866361,0.973845,0.005855,0.006515,0.023723,,0.053898,0.037851,
dane,,,0.201893,0.158128,0.106746,0.106664,0.132249,0.165808,0.203206,0.060818,0.449576,0.286120,0.286243,0.143656,0.331969,0.114018,0.013223,0.013669,0.002641,0.010188,0.033390,0.053555,0.586556,0.272886,0.431207,0.053008,0.439320,0.665479,0.345912,0.464504,0.627719,0.041615,0.549247,1.351830,2.105002,0.165142,0.040339,0.260143,1.720424,1.857126,0.010499,0.023933,0.219722,0.722750,0.886450,0.038435,0.349328,0.385801,0.394096,0.384552,0.350662,0.055401,0.213997,0.194023,5.187803,0.694438,0.000000,0.089404,0.226049,0.227165,0.000000,0.035896,0.529826,0.290436,0.634791,0.312569,0.058758,0.027175,0.648741,0.708883,0.004969,0.011362,0.021466,,0.047203,0.044439,
mammoth,,,0.284330,0.129373,0.101886,0.120705,0.076805,0.238265,0.268720,0.277406,0.379727,0.783848,0.785094,0.219800,0.285021,0.249098,0.040269,0.040541,0.002046,0.015806,0.105600,0.085062,0.435362,0.303688,0.484166,0.036058,0.523252,0.465368,0.443177,0.435336,0.594799,0.059015,0.605664,1.535910,2.350608,0.238297,0.049020,0.443703,2.239419,1.868733,0.012226,0.036142,0.321086,0.738550,1.193904,0.045108,0.494725,0.456731,0.536672,0.467811,0.485216,0.128199,0.357310,0.442032,8.828466,0.921216,0.000000,0.128423,0.458495,0.455340,0.000000,0.063787,0.873925,0.329030,0.609485,0.526598,0.110242,0.054066,0.867871,0.971469,0.005851,0.006658,0.022508,,0.054161,0.040426,
matrix-cpu,,,0.202000,0.150974,0.107938,0.107847,0.132632,0.166849,0.204561,0.062293,0.447849,0.289429,0.292127,0.145996,0.340207,0.116244,0.013566,0.013764,0.002862,0.010628,0.033552,0.054204,0.523831,0.271169,0.441880,0.053778,0.452836,0.692816,0.360541,0.447105,0.622652,0.040718,0.565990,1.367250,2.116967,0.165756,0.041099,0.269107,1.777793,1.823311,0.010741,0.024685,0.230338,0.748305,0.929168,0.039676,0.359746,0.395311,0.404863,0.395871,0.359055,0.058145,0.218691,0.201496,5.214045,0.714801,0.000000,0.090307,0.226187,0.227620,0.000000,0.036872,0.525194,0.292514,0.643560,0.316838,0.062516,0.028035,0.651949,0.715949,0.005087,0.011470,0.021773,,0.047388,0.044408,
tioga-cpu,,,0.426698,0.131648,0.074525,0.081848,0.186354,0.893024,0.269264,0.234423,0.203884,0.708327,0.673702,0.660843,0.160008,0.303262,0.037549,0.038311,0.007177,0.030443,0.111532,0.099694,0.344408,0.345237,0.300649,0.029172,0.317101,0.334745,0.251489,0.310182,0.441697,0.335377,0.294276,2.091145,3.154471,0.148400,0.097881,0.240363,1.160624,2.400388,0.023971,0.060133,0.469897,0.554921,1.216258,0.097511,0.199838,0.221647,0.989829,0.248166,0.202331,0.169522,0.504345,0.467248,11.580151,0.472959,0.000001,0.517354,0.399211,0.400879,0.000000,0.134996,0.842046,0.401115,0.613340,0.324318,0.090394,0.049781,0.991354,1.046756,0.024547,0.012163,0.014947,,0.010891,0.036995,
tuolumne-cpu,,,0.831717,0.121931,0.053507,0.055902,0.153338,0.767055,0.228700,0.186857,0.308996,0.574643,0.539508,0.548150,0.216826,0.259177,0.031813,0.031629,0.005259,0.022715,0.092371,0.081354,0.343401,0.271291,0.211521,0.038944,0.224023,0.386662,0.214206,0.399065,0.657089,0.250497,0.394252,1.720131,2.583747,0.133665,0.080403,0.211517,0.822650,1.954419,0.020268,0.048919,0.349303,0.411713,1.067534,0.080478,0.180082,0.157055,0.816236,0.169596,0.187058,0.211220,0.364901,0.979919,8.912552,0.486132,0.000001,0.401045,0.321300,0.321090,0.000001,0.103593,1.499265,0.338092,0.552977,0.257821,0.075118,0.040756,0.814175,0.881258,0.020415,0.008693,0.010400,,0.007833,0.026189,
