machine,Kernel,Kernel,Basic_ARRAY_OF_PTRS,Basic_COPY8,Basic_DAXPY,Basic_DAXPY_ATOMIC,Basic_EMPTY,Basic_IF_QUAD,Basic_INDEXLIST,Basic_INDEXLIST_3LOOP,Basic_INIT3,Basic_INIT_VIEW1D,Basic_INIT_VIEW1D_OFFSET,Basic_MAT_MAT_SHARED,Basic_MULADDSUB,Basic_NESTED_INIT,Basic_PI_ATOMIC,Basic_PI_REDUCE,Basic_REDUCE3_INT,Basic_REDUCE_STRUCT,Basic_TRAP_INT,Basic_MULTI_REDUCE,Lcals_DIFF_PREDICT,Lcals_EOS,Lcals_FIRST_DIFF,Lcals_FIRST_MIN,Lcals_FIRST_SUM,Lcals_GEN_LIN_RECUR,Lcals_HYDRO_1D,Lcals_HYDRO_2D,Lcals_INT_PREDICT,Lcals_PLANCKIAN,Lcals_TRIDIAG_ELIM,Polybench_2MM,Polybench_3MM,Polybench_ADI,Polybench_ATAX,Polybench_FDTD_2D,Polybench_FLOYD_WARSHALL,Polybench_GEMM,Polybench_GEMVER,Polybench_GESUMMV,Polybench_HEAT_3D,Polybench_JACOBI_1D,Polybench_JACOBI_2D,Polybench_MVT,Stream_ADD,Stream_COPY,Stream_DOT,Stream_MUL,Stream_TRIAD,Apps_CONVECTION3DPA,Apps_DEL_DOT_VEC_2D,Apps_DIFFUSION3DPA,Apps_EDGE3D,Apps_ENERGY,Apps_FEMSWEEP,Apps_FIR,Apps_LTIMES,Apps_LTIMES_NOVIEW,Apps_MASS3DEA,Apps_MASS3DPA,Apps_MATVEC_3D_STENCIL,Apps_NODAL_ACCUMULATION_3D,Apps_PRESSURE,Apps_VOL3D,Apps_ZONAL_ACCUMULATION_3D,Algorithm_SCAN,Algorithm_SORT,Algorithm_SORTPAIRS,Algorithm_REDUCE_SUM,Algorithm_MEMSET,Algorithm_MEMCPY,Algorithm_ATOMIC,Algorithm_HISTOGRAM,Comm_HALO_PACKING,Comm_HALO_PACKING_FUSED
borax,Base_Seq,default,0.891987,0.645110,0.322713,0.322768,0.152160,0.845659,0.451863,0.517665,2.152193,1.353486,1.531466,1.050992,1.453850,0.626260,0.068473,0.068977,0.007529,0.030598,0.187841,0.137227,1.907255,1.176700,1.339707,0.114119,1.343537,2.093659,1.240419,1.429824,2.907138,0.197998,2.346789,6.996955,10.738933,0.473397,0.152746,1.073419,8.771642,9.151713,0.041030,0.068793,1.094589,2.295917,3.413754,0.145928,1.210439,1.142750,0.901355,1.176969,1.207489,0.215573,0.911812,0.726824,20.323386,3.203420,0.000000,0.419077,1.328675,1.369176,0.000000,0.128267,2.076611,0.603076,2.575330,1.323916,0.230285,0.093896,1.509911,1.750372,0.012431,0.040974,0.069027,Not run,0.091753,0.134637,Not run
borax,Base_Seq,default,0.888576,0.644707,0.321019,0.321213,0.152166,0.845974,0.451988,0.515951,2.153984,1.353169,1.531762,1.038840,1.465800,0.626164,0.068485,0.069599,0.007432,0.028958,0.186166,0.137406,1.915154,1.160806,1.305730,0.114405,1.310112,2.076773,1.250380,1.435871,2.917579,0.196713,2.323197,7.010016,10.886295,0.473551,0.152568,1.078274,8.279969,9.140278,0.041008,0.063148,1.070807,2.289561,3.628291,0.147935,1.235826,1.233464,0.980721,1.254824,1.231968,0.214103,0.911443,0.727542,20.325123,3.202577,0.000000,0.418691,1.338665,1.367125,0.000000,0.130997,2.075969,0.602662,2.593479,1.325753,0.230360,0.092032,1.510084,1.748171,0.012492,0.040969,0.063333,Not run,0.091866,0.132090,Not run
borax,Base_Seq,default,0.877774,0.649784,0.337561,0.334511,0.152302,0.842342,0.452116,0.516760,2.049915,1.354096,1.533668,1.043757,1.444202,0.626104,0.068798,0.068747,0.007357,0.028822,0.185652,0.137378,1.910991,1.153366,1.369074,0.114212,1.372753,2.077202,1.285697,1.395031,2.905028,0.195891,2.315914,6.986520,10.779095,0.476610,0.150982,1.006382,8.353714,9.148555,0.040390,0.063552,1.100785,2.164940,3.499750,0.144764,1.287412,1.175805,0.948335,1.221753,1.285472,0.214451,0.905079,0.726126,20.326850,3.182851,0.000000,0.419228,1.323901,1.369026,0.000000,0.129391,2.076632,0.603490,2.556981,1.320375,0.229918,0.093091,1.509673,1.763875,0.012478,0.040963,0.065465,Not run,0.091541,0.141160,Not run
borax,Base_Seq,default,0.890481,0.677712,0.331455,0.331274,0.152159,0.852395,0.452298,0.517701,2.372405,1.353533,1.531482,1.043199,1.651100,0.626328,0.068466,0.069695,0.007395,0.029069,0.186281,0.140254,1.905584,1.297177,1.343151,0.114245,1.346090,2.353273,1.361856,1.507267,2.908784,0.215633,2.738530,7.185116,10.800708,0.483153,0.153006,1.049822,7.647890,9.522308,0.040838,0.058116,1.188968,2.143761,3.285708,0.147583,1.471520,1.173175,0.949661,1.201664,1.467550,0.230573,0.911289,0.733741,20.327118,3.436830,0.000000,0.427938,1.323747,1.367760,0.000000,0.133945,2.161118,0.604249,2.918019,1.325252,0.233012,0.094315,1.509864,1.766810,0.012474,0.040808,0.065415,Not run,0.091649,0.125366,Not run
borax,Base_Seq,default,0.887163,0.644431,0.325392,0.329199,0.152158,0.845397,0.451958,0.516586,2.148320,1.353155,1.531446,1.044855,1.493549,0.626227,0.068640,0.068930,0.007545,0.032171,0.187839,0.137978,2.023507,1.161958,1.460024,0.114214,1.461954,2.072085,1.223174,1.404939,2.891552,0.197677,2.330894,6.995562,10.813156,0.471027,0.151703,1.008093,8.234185,9.088602,0.041078,0.063289,1.087289,2.136323,3.287871,0.145472,1.226265,1.162272,0.929010,1.186389,1.233137,0.213227,0.912970,0.724373,20.329949,3.178095,0.000000,0.419040,1.328131,1.369258,0.000000,0.131434,2.074151,0.622970,2.527081,1.352499,0.229925,0.093163,1.511678,1.750412,0.012433,0.040961,0.066375,Not run,0.091602,0.136358,Not run
borax,Base_Seq,default,0.893100,0.647844,0.326895,0.326837,0.152231,0.848445,0.452063,0.517412,2.168253,1.353442,1.530885,1.043900,1.483635,0.626022,0.068481,0.069345,0.007545,0.031008,0.187848,0.137460,2.070548,1.176876,1.337665,0.114110,1.341424,2.089043,1.214235,1.438487,2.920181,0.199337,2.349211,7.012845,10.749872,0.474007,0.153281,1.087637,8.457490,9.204937,0.041208,0.065057,1.131083,2.347204,3.412812,0.146301,1.211704,1.152164,0.911549,1.178333,1.207772,0.213709,0.913136,0.720995,20.338094,3.210729,0.000000,0.419692,1.363716,1.369074,0.000000,0.128066,2.080926,0.605295,2.581999,1.328853,0.229581,0.093171,1.510486,1.750615,0.012492,0.040961,0.065374,Not run,0.091565,0.132713,Not run
borax,Base_Seq,default,0.889210,0.647944,0.326712,0.325712,0.152160,0.850429,0.452151,0.514474,2.168393,1.353520,1.531398,1.039743,1.490572,0.626302,0.068600,0.069528,0.007363,0.026549,0.185928,0.137188,1.906140,1.185042,1.301631,0.114178,1.306858,2.099037,1.195680,1.440965,2.925139,0.198584,2.351825,7.022033,10.824437,0.476548,0.152904,1.076403,8.682926,9.130471,0.040875,0.067277,1.032505,2.166468,3.273573,0.146302,1.172221,1.147348,0.899672,1.170146,1.159393,0.213831,0.912667,0.720799,20.334360,3.217315,0.000000,0.420285,1.323842,1.368096,0.000000,0.130942,2.077363,0.609079,2.585351,1.328858,0.229356,0.092342,1.510431,1.748831,0.012385,0.040959,0.064123,Not run,0.091565,0.145346,Not run
borax,Base_Seq,default,0.885109,0.655777,0.349315,0.349740,0.152171,0.846733,0.452006,0.519286,2.059989,1.353624,1.531655,1.050297,1.449666,0.626269,0.068472,0.068730,0.007370,0.030307,0.186011,0.137506,1.922921,1.160454,1.402265,0.114219,1.404944,2.089524,1.330898,1.404151,2.916786,0.196195,2.321757,6.988262,10.783259,0.474066,0.151247,1.021956,8.641036,9.090292,0.040862,0.066406,1.101280,2.164673,3.278317,0.144761,1.263445,1.207655,0.974197,1.257164,1.285286,0.214517,0.913730,0.720681,20.336426,3.212187,0.000000,0.420700,1.324669,1.369467,0.000000,0.130289,2.079476,0.629413,2.577069,1.329641,0.232260,0.094400,1.510085,1.766154,0.012443,0.041028,0.072290,Not run,0.091625,0.136375,Not run
borax,Base_Seq,default,0.891756,0.679019,0.335054,0.334119,0.152291,0.855505,0.452234,0.524088,2.360184,1.353574,1.531215,1.045127,1.644329,0.627686,0.068475,0.069746,0.007373,0.029563,0.186027,0.139504,1.922737,1.272468,1.355069,0.114556,1.355885,2.382253,1.450363,1.507824,2.913842,0.215529,2.756121,7.205602,10.817287,0.478961,0.153258,1.041323,7.928448,9.563637,0.040786,0.059648,1.198496,2.264188,3.424335,0.147580,1.443234,1.179526,0.974437,1.208280,1.404687,0.229368,0.913394,0.722610,20.333179,3.450884,0.000000,0.425219,1.328689,1.367356,0.000000,0.133502,2.169587,0.604885,2.895618,1.326897,0.234562,0.094566,1.510675,1.765430,0.012402,0.040836,0.066728,Not run,0.091663,0.137290,Not run
borax,Base_Seq,default,0.892131,0.653305,0.329762,0.328456,0.152163,0.849048,0.452935,0.514443,2.178975,1.353363,1.531816,1.043372,1.490834,0.627251,0.068469,0.069088,0.007357,0.027559,0.185837,0.137380,1.988611,1.166179,1.310616,0.114527,1.315107,2.096795,1.235448,1.411126,2.921433,0.199568,2.341925,6.964112,10.766608,0.472794,0.151517,0.960919,7.851104,9.097317,0.041033,0.057981,1.084243,2.178137,3.300078,0.145408,1.196274,1.177720,0.942171,1.201131,1.232871,0.214125,0.913968,0.723062,20.338346,3.219851,0.000001,0.420102,1.325820,1.368993,0.000000,0.130621,2.079762,0.609944,2.572880,1.332952,0.231267,0.092967,1.510156,1.751753,0.012440,0.040960,0.065162,Not run,0.091565,0.132674,Not run
borax,Base_Seq,default,0.894354,0.645202,0.323280,0.322983,0.152288,0.849603,0.451907,0.518531,2.157169,1.353661,1.532962,1.050510,1.489695,0.626306,0.068495,0.069007,0.007358,0.027176,0.187877,0.137286,1.983528,1.176419,1.319965,0.114405,1.320440,2.099085,1.235077,1.437009,2.927108,0.198316,2.375121,7.020968,10.746275,0.476193,0.153038,1.073077,8.282558,9.179168,0.041320,0.063460,1.104235,2.120363,3.291314,0.146275,1.236338,1.147813,0.906440,1.175710,1.264410,0.215740,0.913050,0.727270,20.331746,3.208615,0.000000,0.420797,1.336594,1.368889,0.000000,0.128067,2.081571,0.604870,2.557684,1.330118,0.229684,0.093406,1.509888,1.754733,0.012388,0.040969,0.065962,Not run,0.091563,0.133250,Not run
borax,Base_Seq,default,0.893125,0.645040,0.320938,0.320907,0.152312,0.849921,0.453615,0.516501,2.155974,1.354426,1.533770,1.052413,1.469843,0.626163,0.068475,0.069604,0.007364,0.026452,0.185792,0.137230,1.928455,1.191485,1.302435,0.114149,1.306288,2.110498,1.207891,1.444079,2.918736,0.198725,2.369801,7.000954,10.810165,0.476031,0.153258,1.061213,8.121757,9.141292,0.041037,0.061167,1.037117,2.113914,3.269329,0.146432,1.204563,1.137069,0.890768,1.163115,1.170385,0.215962,0.913739,0.733888,20.335311,3.223134,0.000000,0.433394,1.334689,1.367597,0.000000,0.130528,2.085964,0.605557,2.557430,1.331005,0.230310,0.093534,1.511139,1.750621,0.012528,0.041071,0.063122,Not run,0.091558,0.132475,Not run
borax,Base_Seq,default,0.882754,0.655384,0.332506,0.332113,0.152245,0.846271,0.451760,0.514203,2.059209,1.355266,1.532353,1.048233,1.452701,0.626174,0.068473,0.068764,0.007534,0.031342,0.186885,0.137752,1.926461,1.181344,1.351867,0.114200,1.383815,2.115409,1.282194,1.405310,2.936389,0.197291,2.350719,6.993161,10.816639,0.475499,0.151289,0.977185,8.057648,9.087745,0.040549,0.060500,1.097638,2.137048,3.263584,0.144882,1.252293,1.159613,0.936831,1.230764,1.267316,0.217389,0.913927,0.731551,20.344911,3.227931,0.000000,0.419801,1.344456,1.369238,0.000000,0.129121,2.082390,0.630419,2.560587,1.329105,0.231207,0.093180,1.509958,1.764847,0.012392,0.040947,0.067678,Not run,0.093115,0.140841,Not run
borax,Base_Seq,default,0.893483,0.678368,0.335255,0.333228,0.152249,0.854802,0.452325,0.517869,2.365260,1.354337,1.531322,1.045468,1.642558,0.625886,0.068475,0.069452,0.007383,0.029371,0.186104,0.139666,1.922709,1.300731,1.349342,0.114103,1.354504,2.349383,1.341086,1.505337,2.910553,0.215495,2.734787,7.193662,10.869356,0.481201,0.153069,0.986722,7.900876,9.570048,0.040816,0.058517,1.203906,2.110884,3.262614,0.147554,1.519797,1.180015,0.965387,1.212283,1.482843,0.229148,0.913226,0.729531,20.393639,3.443772,0.000000,0.424969,1.325194,1.367459,0.000000,0.134085,2.165544,0.606355,2.913069,1.327557,0.233697,0.094389,1.513111,1.766270,0.012439,0.040779,0.065936,Not run,0.091704,0.130745,Not run
borax,Base_Seq,default,0.892928,0.647710,0.326254,0.326016,0.152166,0.848281,0.451959,0.513012,2.178340,1.357604,1.534505,1.044284,1.481824,0.626377,0.068474,0.069074,0.007365,0.027082,0.185925,0.139079,1.919119,1.174936,1.306268,0.114234,1.311821,2.117129,1.291741,1.423244,2.919342,0.199404,2.373964,7.011712,10.788673,0.472437,0.151339,0.952737,7.810843,9.075985,0.041003,0.056907,1.083590,2.141038,3.264292,0.145215,1.313847,1.151059,0.909137,1.174293,1.235511,0.216695,0.914711,0.734642,20.336298,3.208400,0.000000,0.419475,1.348314,1.367483,0.000000,0.131284,2.082686,0.622744,2.568446,1.328450,0.231287,0.092260,1.510828,1.753412,0.012417,0.040990,0.063756,Not run,0.091585,0.129497,Not run
boraxo,Base_Seq,default,0.971832,0.548199,0.452074,0.440504,0.436854,0.569763,0.656113,0.264123,1.679979,0.982949,0.986434,1.149672,1.151937,0.445797,0.043726,0.043763,0.009488,0.048856,0.109247,0.197572,1.686943,1.067849,1.934289,0.175608,1.942420,2.696684,1.486987,1.750879,2.584251,0.351784,2.035666,21.060104,32.987002,0.605823,0.373332,1.303491,12.914951,34.338485,0.080430,0.130984,1.260104,3.095126,4.659031,0.370667,1.467831,1.724201,1.709221,1.711933,1.443982,0.216314,1.270510,0.846599,23.531194,2.916364,0.000000,0.562744,1.488603,1.619559,0.000000,0.149939,2.481329,0.858878,2.402262,1.749558,0.329032,0.180449,2.322959,2.629198,0.024622,0.041971,0.105933,Not run,0.119458,0.238703,Not run
boraxo,Base_Seq,default,0.977874,0.550067,0.451876,0.440672,0.436879,0.568870,0.655456,0.264966,1.680225,1.013369,1.010929,1.133177,1.154345,0.424864,0.043727,0.043780,0.009841,0.048917,0.109267,0.197544,1.686212,1.060544,1.911033,0.175363,1.925218,2.701941,1.484837,1.749526,2.596877,0.352292,2.041511,21.041847,32.546980,0.606106,0.384788,1.301260,12.801487,34.354448,0.081813,0.130542,1.253281,3.063080,4.674842,0.369056,1.460069,1.733237,1.703361,1.699142,1.444826,0.212306,1.270674,0.845390,23.541524,2.910984,0.000000,0.562781,1.484982,1.619166,0.000000,0.154172,2.478371,0.858786,2.398335,1.749705,0.329360,0.180894,2.323160,2.629823,0.023541,0.039616,0.107611,Not run,0.119329,0.232917,Not run
boraxo,Base_Seq,default,0.976594,0.548329,0.457244,0.443994,0.436866,0.572660,0.656011,0.259891,1.671657,1.047878,1.043762,1.152959,1.151604,0.411702,0.043729,0.043764,0.009709,0.050083,0.109230,0.197572,1.686181,1.089840,1.959249,0.175901,1.949580,2.653441,1.499188,1.697293,2.587127,0.352182,2.042266,20.754054,32.366902,0.605881,0.344485,1.215888,11.632098,34.302311,0.076610,0.117036,1.260573,3.053425,4.656648,0.333478,1.474017,1.704209,1.710935,1.710656,1.456473,0.216559,1.270527,0.841914,23.526768,2.911516,0.000000,0.563327,1.488485,1.619436,0.000000,0.155773,2.478837,0.858877,2.362984,1.749955,0.329093,0.182144,2.322945,2.663469,0.024297,0.042391,0.103204,Not run,0.119548,0.240007,Not run
boraxo,Base_Seq,default,0.986482,0.578404,0.511702,0.504735,0.436899,0.601338,0.658066,0.273034,1.933343,1.140620,1.129680,1.136611,1.374926,0.476356,0.043729,0.043787,0.009597,0.059346,0.109301,0.197819,1.697106,1.309319,2.230487,0.176849,2.254752,3.085064,1.661412,1.768634,2.650858,0.355305,2.421426,20.769679,32.525122,0.623868,0.353107,1.321777,12.511123,34.400362,0.078060,0.131342,1.317166,3.147784,4.699166,0.357503,1.823339,2.045187,1.985509,2.015892,1.729214,0.230702,1.262921,0.848634,23.511125,3.088043,0.000000,0.564869,1.485725,1.617671,0.000000,0.152126,2.565135,0.860414,2.676693,1.750352,0.335754,0.185635,2.323088,2.646184,0.025984,0.045667,0.122893,Not run,0.119590,0.244765,Not run
boraxo,Base_Seq,default,0.974087,0.548933,0.453207,0.441655,0.436896,0.569738,0.655534,0.254663,1.693710,1.028908,1.023865,1.124613,1.156028,0.427457,0.043723,0.043738,0.009717,0.049435,0.109229,0.197525,1.685197,1.071412,1.927706,0.175454,1.916312,2.683878,1.487976,1.712034,2.585851,0.352053,2.037641,20.971335,32.719913,0.605861,0.356136,1.204538,11.444064,34.313879,0.078259,0.114905,1.268096,3.088477,4.625422,0.336473,1.472330,1.743835,1.735773,1.732139,1.449517,0.214479,1.270550,0.847033,23.516890,2.899866,0.000000,0.562987,1.485655,1.617626,0.000000,0.148904,2.480322,0.858913,2.395663,1.749688,0.329234,0.180974,2.323110,2.629126,0.023880,0.040311,0.107286,Not run,0.119427,0.236916,Not run
boraxo,Base_Seq,default,0.941124,0.520759,0.425442,0.414932,0.436886,0.559744,0.655216,0.264706,1.601916,0.959082,0.961203,1.206800,1.104099,0.407918,0.043723,0.043779,0.010136,0.046298,0.109253,0.197491,1.638939,1.003202,1.831731,0.175207,1.840414,2.546627,1.410590,1.728192,2.458480,0.350515,1.937618,21.134872,33.030024,0.600025,0.373129,1.224040,12.063802,34.325881,0.080970,0.122346,1.228765,2.959407,4.475212,0.370190,1.402902,1.653251,1.632140,1.638385,1.374107,0.204734,1.270030,0.823107,23.553149,2.760402,0.000000,0.562154,1.488645,1.619561,0.000000,0.149423,2.470492,0.858290,2.262652,1.749682,0.326842,0.178448,2.321696,2.622245,0.023735,0.041080,0.101173,Not run,0.119359,0.224769,Not run
boraxo,Base_Seq,default,0.942137,0.520859,0.427731,0.418926,0.436882,0.559330,0.655872,0.259671,1.607475,1.002520,1.007079,1.157417,1.104549,0.401169,0.043723,0.043778,0.009688,0.046628,0.109280,0.197528,1.637321,1.001608,1.826270,0.175349,1.839204,2.558257,1.407594,1.727982,2.456620,0.351052,1.937553,21.074890,32.597955,0.600000,0.376228,1.225122,12.194186,34.329122,0.083002,0.124542,1.222447,2.907555,4.478490,0.372381,1.384180,1.664568,1.617775,1.613927,1.370247,0.206720,1.270062,0.818609,23.526675,2.762076,0.000000,0.562311,1.474946,1.617892,0.000000,0.154262,2.471332,0.858205,2.268118,1.750003,0.326780,0.178361,2.321865,2.621872,0.023353,0.039899,0.101152,Not run,0.119284,0.223517,Not run
boraxo,Base_Seq,default,0.943807,0.520687,0.423787,0.414665,0.436909,0.562106,0.656059,0.262013,1.598108,1.083691,1.039950,1.236223,1.102916,0.403664,0.043725,0.043755,0.009561,0.046159,0.109235,0.197469,1.638435,1.031448,1.835000,0.175713,1.843711,2.497849,1.414637,1.676082,2.457533,0.350286,1.942053,20.854345,32.464120,0.600021,0.344051,1.148953,11.104618,34.324459,0.076378,0.113747,1.238124,2.991665,4.506421,0.339236,1.406048,1.596344,1.596137,1.609921,1.383288,0.205259,1.270056,0.817993,23.520593,2.761040,0.000000,0.562033,1.488175,1.619932,0.000000,0.155348,2.472793,0.858460,2.231596,1.749721,0.326458,0.178852,2.321784,2.656778,0.023897,0.041806,0.096611,Not run,0.119415,0.229802,Not run
boraxo,Base_Seq,default,0.953729,0.550775,0.489301,0.483892,0.436885,0.586862,0.657676,0.281858,1.853406,1.163276,1.171208,1.221155,1.327217,0.487964,0.043726,0.043782,0.009403,0.056190,0.109311,0.197745,1.654304,1.253296,2.119320,0.176434,2.134448,2.950654,1.574996,1.747566,2.513389,0.354140,2.331592,20.931664,32.801128,0.617227,0.338372,1.232097,12.056239,34.335601,0.077560,0.122615,1.289901,2.961408,4.464783,0.337502,1.735815,1.962627,1.892016,1.903619,1.654662,0.223351,1.271027,0.821807,23.528923,2.958021,0.000000,0.563390,1.486190,1.617781,0.000000,0.150662,2.556150,0.859626,2.545430,1.750219,0.332055,0.182263,2.322636,2.637994,0.025678,0.046592,0.117217,Not run,0.119506,0.228211,Not run
boraxo,Base_Seq,default,0.941204,0.520153,0.430985,0.422447,0.436891,0.559417,0.655872,0.264350,1.614060,0.982735,0.980261,1.094567,1.104326,0.401316,0.043721,0.043735,0.010123,0.046541,0.109266,0.197444,1.633970,1.005727,1.837519,0.175286,1.829246,2.546820,1.405662,1.691014,2.459305,0.351192,1.934647,20.946835,32.676174,0.599948,0.352887,1.142638,10.910560,34.325223,0.080394,0.111196,1.232904,2.947050,4.420886,0.348266,1.389070,1.669999,1.630551,1.618853,1.371451,0.205599,1.270008,0.822975,23.538000,2.741124,0.000000,0.562132,1.486393,1.618082,0.000000,0.147836,2.472640,0.858308,2.271262,1.749780,0.326975,0.178370,2.322082,2.621846,0.023425,0.039650,0.100028,Not run,0.119347,0.226449,Not run
boraxo,Base_Seq,default,0.941395,0.523336,0.427584,0.416389,0.436885,0.559901,0.655372,0.255888,1.614881,1.010955,1.013249,1.135772,1.109615,0.422569,0.043732,0.043770,0.009395,0.045571,0.109263,0.197440,1.637836,1.001576,1.838572,0.175368,1.852809,2.571479,1.404510,1.729906,2.467477,0.350886,1.939179,21.014097,32.905380,0.599615,0.361075,1.217702,12.136090,34.320412,0.079892,0.121442,1.222840,2.878222,4.406215,0.354944,1.397384,1.663809,1.621124,1.627085,1.371335,0.204514,1.270042,0.822106,23.530711,2.765105,0.000000,0.562084,1.488893,1.620082,0.000000,0.149346,2.470574,0.858326,2.264115,1.749453,0.326861,0.178442,2.322020,2.622026,0.023864,0.042256,0.100768,Not run,0.119400,0.222067,Not run
boraxo,Base_Seq,default,0.945157,0.523421,0.430415,0.419818,0.436931,0.560194,0.655413,0.261775,1.613890,0.994444,0.993866,1.163699,1.109898,0.410977,0.043722,0.043779,0.009543,0.045159,0.109280,0.197444,1.643271,1.004895,1.807603,0.175218,1.825246,2.573382,1.401883,1.729752,2.468255,0.350965,1.938143,21.058397,32.553058,0.599448,0.363060,1.212950,12.089522,34.313032,0.079955,0.121682,1.213701,2.869383,4.419570,0.360935,1.388097,1.648486,1.598608,1.609727,1.373311,0.204727,1.270054,0.817178,23.536471,2.764141,0.000000,0.562385,1.475923,1.618974,0.000000,0.153603,2.473555,0.858293,2.274001,1.749694,0.326843,0.178324,2.322085,2.621963,0.023124,0.039466,0.100133,Not run,0.119277,0.225422,Not run
boraxo,Base_Seq,default,0.946008,0.522635,0.421655,0.415878,0.436893,0.562693,0.655784,0.251519,1.611466,1.056772,1.026290,1.127615,1.109197,0.432413,0.043731,0.043733,0.009561,0.045561,0.109232,0.197511,1.640007,1.032923,1.839989,0.175531,1.846317,2.507140,1.412492,1.678605,2.467493,0.350368,1.946030,20.725403,32.327009,0.599191,0.342276,1.134547,10.916238,34.318140,0.075588,0.108268,1.232198,2.958961,4.443439,0.329971,1.405739,1.610190,1.590934,1.606915,1.380884,0.206009,1.270074,0.815969,23.532597,2.760729,0.000000,0.562053,1.488738,1.619592,0.000000,0.154652,2.471213,0.858345,2.221410,1.749413,0.326885,0.178816,2.322073,2.654392,0.023576,0.041364,0.095864,Not run,0.119356,0.227152,Not run
boraxo,Base_Seq,default,0.954670,0.553461,0.489193,0.482438,0.436894,0.588902,0.657507,0.268742,1.860660,1.074204,1.078879,1.135356,1.325352,0.448202,0.043724,0.043797,0.009443,0.054973,0.109304,0.197710,1.655689,1.232210,2.127587,0.175739,2.128143,2.960016,1.571146,1.749941,2.517425,0.353976,2.345206,20.794793,32.628632,0.616481,0.357308,1.224510,11.713089,34.325838,0.081112,0.119707,1.265747,2.948243,4.455498,0.356121,1.740350,1.965137,1.882231,1.894393,1.666187,0.226720,1.270723,0.821281,23.528635,2.961970,0.000000,0.563604,1.470313,1.596664,0.000000,0.150717,2.562118,0.859453,2.546042,1.749851,0.332638,0.182214,2.322509,2.637532,0.024396,0.043981,0.116588,Not run,0.119411,0.233585,Not run
boraxo,Base_Seq,default,0.941919,0.522319,0.428693,0.418548,0.436946,0.559951,0.655883,0.250023,1.624576,1.054116,1.052327,1.115178,1.110465,0.409332,0.043727,0.043759,0.009663,0.046007,0.109235,0.197529,1.641882,1.006622,1.806813,0.175189,1.798142,2.549833,1.402100,1.692858,2.466529,0.350843,1.943931,20.969707,32.701090,0.599508,0.345613,1.125847,10.789014,34.311839,0.076498,0.107741,1.232330,2.906895,4.473826,0.339443,1.409868,1.637355,1.614620,1.632029,1.376753,0.203445,1.269944,0.821353,23.516714,2.772461,0.000000,0.562000,1.485796,1.617655,0.000000,0.147903,2.473231,0.858211,2.266676,1.749553,0.326812,0.178517,2.321798,2.621854,0.023773,0.042628,0.099852,Not run,0.119438,0.227453,Not run
corona-cpu,Base_Seq,default,0.632301,0.276347,0.349042,0.345920,0.152459,0.471407,0.535344,0.604454,0.799582,1.733973,1.892122,1.290515,0.543340,0.574110,0.081976,0.081582,0.003766,0.038376,0.209401,0.170278,0.882135,0.595489,1.534168,0.096401,1.538632,1.105869,0.966326,0.933518,1.252232,0.121343,1.210805,8.540049,15.205925,0.473219,0.156231,1.134625,13.578180,10.987116,0.040160,0.106397,1.236005,3.591760,3.795722,0.163389,1.165509,1.511393,1.629102,1.545576,1.102659,0.241840,0.722103,0.847504,17.293208,1.920283,0.000000,0.259707,0.902665,0.899886,0.000000,0.128812,1.724596,0.677737,1.349067,1.024379,0.228933,0.112785,1.800177,2.017815,0.018032,0.038094,0.073760,Not run,0.109779,0.195840,Not run
corona-cpu,Base_Seq,default,0.624557,0.276938,0.352838,0.359435,0.151991,0.508947,0.533524,0.616212,0.797512,1.695260,1.991023,1.415082,0.539811,0.568795,0.081593,0.080847,0.004157,0.038580,0.208461,0.168795,0.878218,0.601208,1.470203,0.087332,1.453061,1.114656,0.956377,0.940936,1.262865,0.117838,1.211742,8.846664,14.925036,0.467132,0.181362,1.174522,13.574688,10.622196,0.046148,0.113874,0.754706,2.333717,3.076814,0.192360,1.094503,1.442950,1.509141,1.478219,1.082185,0.235354,0.722226,0.836022,17.230884,1.858303,0.000000,0.262912,0.915062,0.908418,0.000000,0.128702,1.740562,0.676251,1.366018,1.020854,0.218423,0.105921,1.794208,2.019517,0.017015,0.036202,0.074954,Not run,0.109447,0.210968,Not run
corona-cpu,Base_Seq,default,0.624263,0.274781,0.348800,0.349082,0.153414,0.516905,0.537035,0.585169,0.797246,1.729241,1.760535,1.225043,0.538865,0.553489,0.082501,0.080849,0.004052,0.040503,0.210667,0.171076,0.865249,0.591883,1.530740,0.092071,1.524895,1.128194,0.935205,0.905080,1.252688,0.118323,1.191107,7.677179,11.346685,0.435847,0.149308,0.753898,8.506326,9.645199,0.036852,0.080549,0.745889,2.332391,2.996040,0.154869,0.990935,1.381073,1.388374,1.375753,0.975921,0.230808,0.718803,0.837060,17.276022,1.883704,0.000000,0.275696,0.910659,0.905300,0.000000,0.127682,1.731049,0.681061,1.359888,1.028048,0.226389,0.106950,1.801242,2.039010,0.017207,0.031350,0.077185,Not run,0.107971,0.201592,Not run
corona-cpu,Base_Seq,default,0.641521,0.277222,0.348952,0.347142,0.153121,0.471754,0.531900,0.620905,0.792994,1.679117,1.773500,1.401244,0.545026,0.569403,0.082240,0.081246,0.003943,0.038622,0.210304,0.169020,0.881800,0.605428,1.537376,0.095950,1.562138,1.116762,0.968298,0.947535,1.249985,0.119749,1.206269,8.887083,14.819269,0.466321,0.187268,1.188046,13.943697,10.177827,0.048253,0.119108,0.763600,2.370353,3.041691,0.198051,1.060492,1.422207,1.548170,1.491667,1.073046,0.234432,0.720069,0.820095,17.207985,1.914847,0.000000,0.264587,0.915475,0.907527,0.000000,0.130462,1.730741,0.677238,1.369234,1.016358,0.227009,0.112946,1.778377,1.999987,0.016417,0.034465,0.074501,Not run,0.108703,0.205588,Not run
corona-cpu,Base_Seq,default,0.645660,0.275375,0.364195,0.362174,0.153921,0.508778,0.538524,0.584486,0.793285,1.712262,1.755587,1.138430,0.541335,0.547664,0.081757,0.081276,0.003810,0.035356,0.212187,0.168184,0.884922,0.591502,1.543654,0.083400,1.533959,1.100422,0.969047,0.906587,1.263207,0.119493,1.205956,7.811825,11.195154,0.437028,0.146901,0.757860,8.661536,9.780767,0.035875,0.081848,0.737961,2.287539,2.981760,0.153005,1.007693,1.297262,1.350325,1.396538,1.048454,0.230021,0.714999,0.832305,17.282916,1.917867,0.000000,0.281568,0.912218,0.910446,0.000000,0.127867,1.738331,0.682146,1.363946,1.024028,0.226055,0.114345,1.803896,2.022972,0.017145,0.030467,0.073522,Not run,0.109201,0.208632,Not run
corona-cpu,Base_Seq,default,0.620549,0.289745,0.477130,0.474181,0.152573,0.520799,0.535253,0.628652,1.015575,1.897127,1.961152,1.529088,0.693391,0.648087,0.081743,0.080325,0.003527,0.050048,0.207998,0.169264,0.893140,0.708489,2.015344,0.105150,1.995165,1.393134,1.219386,1.004195,1.255117,0.122091,1.566709,10.726618,16.056643,0.464300,0.174003,1.127169,14.016340,12.920329,0.041802,0.106837,0.779599,2.277727,2.991510,0.165029,1.403114,1.776117,1.949051,1.872181,1.396349,0.279066,0.728476,0.767298,17.213393,2.070175,0.000000,0.300632,0.916804,0.913588,0.000000,0.133906,1.758578,0.683440,1.726106,1.033824,0.241268,0.124063,1.800276,2.038777,0.022217,0.042754,0.095641,Not run,0.111244,0.191337,Not run
corona-cpu,Base_Seq,default,0.640289,0.276443,0.356242,0.358887,0.153708,0.514886,0.540012,0.612634,0.800361,1.716669,1.868654,1.294521,0.546642,0.566914,0.082315,0.082140,0.003797,0.038926,0.210940,0.170446,0.887392,0.593329,1.518822,0.097138,1.524120,1.108696,0.961607,0.915181,1.258169,0.119436,1.210493,8.588079,15.534155,0.474960,0.163743,1.159378,13.577340,10.896741,0.043837,0.111563,0.766132,3.304168,3.503646,0.175760,1.078514,1.388558,1.495701,1.472931,1.065723,0.232780,0.722611,0.840969,17.379157,1.930577,0.000000,0.263863,0.922186,0.916781,0.000000,0.129680,1.753519,0.685194,1.370636,1.031411,0.228217,0.106382,1.816895,2.034065,0.018013,0.038638,0.073529,Not run,0.113442,0.205736,Not run
corona-cpu,Base_Seq,default,0.621368,0.278471,0.359141,0.371194,0.153727,0.515879,0.536999,0.627735,0.801460,1.732733,2.040936,1.404436,0.545673,0.565573,0.082558,0.082170,0.003900,0.038950,0.210006,0.171248,0.887165,0.598635,1.548288,0.098460,1.566905,1.119638,0.970038,0.950497,1.259003,0.120496,1.214601,8.536554,15.017072,0.477397,0.174530,1.159579,13.848397,10.545232,0.043892,0.115626,0.766154,2.809103,3.163703,0.181297,1.096614,1.414804,1.534334,1.499168,1.072396,0.235199,0.718948,0.837576,17.394002,1.922853,0.000000,0.282634,0.923179,0.915920,0.000000,0.129443,1.752209,0.687045,1.370537,1.030937,0.227562,0.113569,1.813054,2.034964,0.019801,0.037176,0.074381,Not run,0.110781,0.204751,Not run
corona-cpu,Base_Seq,default,0.643500,0.275336,0.345512,0.346692,0.153986,0.521258,0.539063,0.589796,0.804341,1.743946,1.764352,1.180278,0.545893,0.545965,0.082296,0.082173,0.003779,0.040196,0.212212,0.171848,0.891465,0.601185,1.527767,0.092638,1.520418,1.117282,0.940816,0.912194,1.255507,0.118441,1.198242,7.700663,11.114607,0.440307,0.151036,0.760181,8.699413,9.142160,0.037420,0.081654,0.755499,2.263417,3.004892,0.155688,0.989163,1.387808,1.393187,1.381477,0.971289,0.231458,0.723359,0.812482,17.372221,1.891400,0.000000,0.274343,0.917666,0.916108,0.000000,0.130229,1.745987,0.683165,1.385755,1.031712,0.229050,0.106407,1.814347,2.057970,0.017596,0.032922,0.076508,Not run,0.109941,0.197509,Not run
corona-cpu,Base_Seq,default,0.645717,0.269458,0.364675,0.370970,0.154258,0.515297,0.536409,0.626658,0.805716,1.683996,1.860730,1.461725,0.547095,0.564399,0.082468,0.082063,0.003932,0.039223,0.211163,0.170768,0.887345,0.604188,1.508553,0.088278,1.504793,1.087901,0.959360,0.957410,1.256524,0.119345,1.219551,9.144447,15.489341,0.477106,0.178807,1.178122,13.828037,9.681855,0.046115,0.120771,0.768991,2.452714,3.058358,0.185697,1.078430,1.471844,1.593606,1.522646,1.075992,0.236455,0.727652,0.845216,17.361341,1.893284,0.000000,0.264391,0.922496,0.912648,0.000000,0.129447,1.734984,0.685001,1.372910,1.028197,0.225252,0.113775,1.810106,2.042784,0.017253,0.036045,0.075413,Not run,0.111332,0.203207,Not run
corona-cpu,Base_Seq,default,0.625055,0.276314,0.363598,0.357635,0.153836,0.514947,0.540700,0.590407,0.798329,1.779344,1.818419,1.157987,0.543659,0.568135,0.082496,0.081975,0.004032,0.038255,0.210897,0.170098,0.877493,0.599277,1.479237,0.082172,1.448808,1.095553,0.958615,0.915273,1.258701,0.118049,1.206720,7.872165,11.463757,0.442084,0.150713,0.765241,8.729127,9.222445,0.038105,0.082020,0.748339,2.322465,3.007607,0.157824,1.004081,1.332067,1.416325,1.417244,1.035557,0.228138,0.720147,0.822204,17.382158,1.929963,0.000000,0.280213,0.920982,0.914320,0.000000,0.128712,1.745091,0.684020,1.375882,1.028997,0.227620,0.105650,1.815865,2.033330,0.017040,0.031176,0.071811,Not run,0.110898,0.196898,Not run
corona-cpu,Base_Seq,default,0.643756,0.295279,0.479624,0.477749,0.154119,0.539704,0.541513,0.635278,1.011294,1.909612,1.999320,1.336518,0.689821,0.635731,0.082303,0.081856,0.003762,0.050933,0.210869,0.171728,0.873502,0.697101,2.051849,0.105519,2.033258,1.392089,1.201114,1.008498,1.267241,0.124733,1.552517,10.019387,15.224448,0.469784,0.154435,1.141012,14.054164,12.898202,0.037857,0.107680,0.783762,2.362278,3.084451,0.158955,1.409098,1.820780,1.985080,1.905771,1.393238,0.282710,0.726757,0.744119,17.380808,2.072948,0.000000,0.315698,0.919420,0.913140,0.000000,0.134148,1.767269,0.690340,1.721066,1.040206,0.245235,0.127772,1.813495,2.062191,0.021028,0.039025,0.096862,Not run,0.114329,0.200498,Not run
corona-cpu,Base_Seq,default,0.638802,0.269568,0.364050,0.365972,0.152765,0.512832,0.538895,0.610099,0.798701,1.701380,1.825820,1.380219,0.545653,0.546493,0.082404,0.081656,0.004120,0.038639,0.209523,0.170279,0.885472,0.601622,1.526433,0.093358,1.538900,1.103007,0.968447,0.932149,1.253548,0.118528,1.210661,8.619694,15.427664,0.470986,0.168373,1.147226,13.283832,10.538618,0.045434,0.106969,1.084032,3.569070,3.639284,0.182413,1.152073,1.497070,1.595707,1.516204,1.091417,0.238787,0.719412,0.842281,17.240344,1.922229,0.000000,0.280121,0.917318,0.911375,0.000000,0.129587,1.731123,0.680495,1.371293,1.026346,0.225941,0.114849,1.802337,2.029379,0.017051,0.033158,0.074852,Not run,0.109722,0.188667,Not run
corona-cpu,Base_Seq,default,0.644516,0.268091,0.362709,0.366736,0.152362,0.495774,0.535911,0.620438,0.801508,1.703995,1.880444,1.437130,0.546359,0.552202,0.081547,0.081018,0.003824,0.039017,0.209417,0.168355,0.883985,0.602155,1.536495,0.098105,1.550606,1.098622,0.968766,0.923642,1.256119,0.120008,1.216490,8.865034,15.533682,0.469160,0.184463,1.174764,13.447625,10.700212,0.046589,0.113854,0.960816,2.788736,3.268978,0.192863,1.101500,1.465478,1.590196,1.525439,1.076829,0.235226,0.710742,0.812648,17.287171,1.877300,0.000000,0.263360,0.912274,0.907264,0.000000,0.129016,1.735233,0.674472,1.371743,1.023733,0.224703,0.114883,1.800331,2.016012,0.016479,0.033091,0.074302,Not run,0.109783,0.210024,Not run
corona-cpu,Base_Seq,default,0.647440,0.276769,0.347902,0.349330,0.153556,0.518353,0.534845,0.586119,0.800241,1.700410,1.740202,1.240692,0.545075,0.557701,0.082309,0.081469,0.003860,0.040209,0.209757,0.171086,0.885699,0.599838,1.531337,0.091062,1.523308,1.122382,0.939555,0.905253,1.258800,0.117604,1.195370,7.879651,11.422297,0.438405,0.140774,0.759651,8.683246,9.376851,0.034455,0.082104,0.751403,2.313129,3.040451,0.144377,0.994551,1.389057,1.397875,1.382810,0.978962,0.230031,0.709105,0.827001,17.217742,1.908951,0.000000,0.272306,0.915322,0.907053,0.000000,0.129178,1.746109,0.681721,1.388172,1.023650,0.210622,0.113006,1.805869,2.041808,0.017545,0.031351,0.079547,Not run,0.109527,0.185985,Not run
corona-cpu,Base_Seq,default,0.633714,0.277764,0.364004,0.371343,0.151656,0.508180,0.532314,0.621205,0.801366,1.722154,1.858505,1.486262,0.545125,0.580740,0.082235,0.080489,0.004188,0.039149,0.208451,0.169737,0.877417,0.603553,1.540482,0.100408,1.567551,1.119967,0.960558,0.952179,1.274018,0.117988,1.217316,9.113578,15.686759,0.472277,0.189644,1.193481,13.959509,10.586033,0.048169,0.118398,0.771030,2.350074,3.076187,0.204407,1.091731,1.480883,1.597946,1.527470,1.074830,0.232508,0.718004,0.843142,17.236402,1.884179,0.000000,0.279659,0.912468,0.904776,0.000000,0.129764,1.740068,0.678282,1.373224,1.026417,0.226763,0.104977,1.778278,1.994976,0.017679,0.038266,0.075643,Not run,0.110167,0.200785,Not run
corona-cpu,Base_Seq,default,0.630909,0.277790,0.362540,0.360223,0.153271,0.512653,0.536216,0.587596,0.798371,1.721528,1.742298,1.101576,0.544864,0.574922,0.082161,0.081651,0.003899,0.038230,0.211084,0.171136,0.887658,0.596309,1.540025,0.091135,1.534840,1.126474,0.969207,0.908935,1.256937,0.119634,1.211517,7.774648,11.384004,0.434716,0.152883,0.762931,8.738501,9.876682,0.037685,0.082472,0.747210,2.303831,3.044269,0.160723,1.001263,1.327480,1.411052,1.415297,1.031034,0.230272,0.712580,0.829228,17.227238,1.922585,0.000000,0.261915,0.912582,0.909720,0.000000,0.128473,1.743753,0.679785,1.373368,1.021250,0.226783,0.111912,1.803534,2.023182,0.016867,0.029350,0.073866,Not run,0.109420,0.209842,Not run
corona-cpu,Base_Seq,default,0.640881,0.289566,0.489290,0.483762,0.152809,0.505907,0.534446,0.624942,1.015449,1.796884,1.868295,1.447053,0.694049,0.602998,0.081813,0.081078,0.003551,0.051147,0.209915,0.170093,0.897437,0.704393,2.070999,0.097573,2.048913,1.394565,1.212205,1.013673,1.257261,0.121639,1.566950,10.486391,15.759543,0.464433,0.154039,1.148086,14.348376,13.068941,0.041170,0.108937,0.785271,2.414665,3.126991,0.169593,1.412828,1.819342,1.997635,1.906177,1.392118,0.280623,0.726895,0.833809,17.212161,2.072684,0.000000,0.299462,0.906809,0.904016,0.000000,0.133001,1.749755,0.684256,1.731539,1.035333,0.249170,0.125059,1.802490,2.041482,0.019617,0.035735,0.097946,Not run,0.110262,0.197887,Not run
dane,Base_Seq,default,0.404670,0.318934,0.258498,0.258529,0.264281,0.333081,0.405768,0.142172,1.188328,0.570796,0.571053,0.455351,0.861023,0.240942,0.026434,0.027217,0.005290,0.029447,0.066710,0.107954,0.979663,0.629600,1.320135,0.105905,1.339938,2.141747,0.959951,0.887991,1.250922,0.090820,1.243025,4.100060,6.443914,0.358575,0.085387,0.747050,7.911025,5.992271,0.021928,0.066502,0.608137,2.172240,2.491423,0.082494,0.988425,1.159070,1.033070,1.143901,0.964595,0.123539,0.423216,0.400140,10.176544,1.436862,0.000000,0.186518,0.451503,0.453872,0.000000,0.077204,1.016090,0.579707,1.396381,0.611237,0.134873,0.069633,1.351184,1.495917,0.010290,0.023090,0.061487,Not run,0.093099,0.194163,Not run
dane,Base_Seq,default,0.408444,0.384658,0.267492,0.267127,0.264285,0.391632,0.411910,0.142283,1.264083,0.580816,0.577552,0.437579,0.883882,0.242526,0.026438,0.026446,0.005756,0.031899,0.066072,0.113078,1.262374,0.726607,1.257706,0.107012,1.264725,1.559382,0.962561,0.887073,1.247558,0.090825,1.250671,4.076176,6.329694,0.356120,0.088311,0.763451,7.233571,6.024178,0.022115,0.069635,0.671334,2.080926,2.949263,0.083510,0.896557,1.135364,1.066026,1.139469,0.887379,0.137905,0.540534,0.472558,10.181407,1.434758,0.000000,0.187171,0.451463,0.452782,0.000000,0.077274,1.016627,0.581200,1.384216,0.611373,0.134512,0.072540,1.352184,1.495051,0.010113,0.022890,0.065231,Not run,0.092931,0.202366,Not run
dane,Base_Seq,default,0.470012,0.329735,0.268170,0.268289,0.264862,0.341476,0.407426,0.136767,1.204220,0.615774,0.616187,0.514905,0.852886,0.259261,0.026473,0.028411,0.006851,0.031464,0.067458,0.107914,1.038786,0.689026,1.358017,0.106121,1.371104,2.295459,1.013426,0.816446,1.399946,0.096956,1.330577,4.293670,7.032853,0.359672,0.098476,0.587104,6.877642,6.299655,0.026051,0.061907,0.616942,2.119880,2.567976,0.097969,1.032947,1.209829,1.086518,1.208765,1.029546,0.127608,0.425851,0.407261,10.191763,1.636875,0.000000,0.195012,0.452369,0.454924,0.000000,0.073336,0.991132,0.582382,1.459547,0.613458,0.144733,0.078016,1.354638,1.505362,0.011533,0.024522,0.065916,Not run,0.094382,0.199862,Not run
dane,Base_Seq,default,0.406147,0.321873,0.261916,0.261872,0.264281,0.333721,0.405698,0.133811,1.186021,0.578774,0.579238,0.438281,0.895421,0.242486,0.026433,0.026899,0.005719,0.031542,0.066577,0.112818,1.069625,0.628658,1.358876,0.105895,1.384015,2.144127,0.960501,0.886115,1.254331,0.090871,1.240348,4.080427,6.611010,0.358345,0.087149,0.745125,7.107786,6.066851,0.021662,0.065413,0.628570,2.183837,2.592120,0.083340,0.982717,1.192689,1.061570,1.222603,0.971910,0.123843,0.423240,0.403882,10.171303,1.438454,0.000000,0.186679,0.451381,0.453560,0.000000,0.077192,1.016230,0.580579,1.375746,0.611365,0.134904,0.072537,1.351372,1.495113,0.010232,0.023016,0.065866,Not run,0.092885,0.202052,Not run
dane,Base_Seq,default,0.409099,0.323957,0.260955,0.260429,0.264381,0.332785,0.406091,0.132637,1.177945,0.570385,0.569761,0.439043,0.864257,0.241450,0.026428,0.026431,0.005734,0.031504,0.066077,0.113156,0.976603,0.624420,1.321666,0.105828,1.336041,1.988918,0.964907,0.819935,1.257196,0.089206,1.249154,4.109433,6.961598,0.358153,0.086967,0.745635,7.618458,6.490954,0.022532,0.064395,0.621463,2.173181,2.523539,0.083856,0.981049,1.160228,1.030946,1.170118,0.970264,0.128904,0.423081,0.407018,10.168862,1.445761,0.000000,0.187044,0.451617,0.453778,0.000000,0.077156,1.021281,0.579512,1.391359,0.611120,0.135193,0.072280,1.351314,1.494385,0.010351,0.022626,0.064037,Not run,0.092885,0.184061,Not run
dane,Base_Seq,default,0.402719,0.320950,0.265852,0.265974,0.264512,0.332984,0.406154,0.137484,1.182776,0.583899,0.584629,0.441996,0.893695,0.229916,0.026435,0.027530,0.005759,0.031668,0.066542,0.112760,1.266368,0.738416,1.270333,0.105882,1.383720,2.144475,0.957160,0.887706,1.250198,0.090814,1.246057,4.053445,6.671507,0.358340,0.089849,0.746483,7.742686,6.177564,0.022262,0.065671,0.608104,2.172043,2.512717,0.083762,0.975568,1.184074,1.051410,1.173453,0.970645,0.124622,0.423285,0.405420,10.174856,1.444651,0.000000,0.186808,0.451565,0.454201,0.000000,0.077626,1.016881,0.581342,1.400798,0.611475,0.135220,0.072562,1.352745,1.496355,0.010142,0.022996,0.064432,Not run,0.093088,0.192152,Not run
dane,Base_Seq,default,0.406232,0.322835,0.260121,0.259206,0.264317,0.333520,0.406229,0.132464,1.188312,0.569579,0.569749,0.439219,0.891823,0.232699,0.026434,0.026442,0.005746,0.031403,0.066073,0.112968,1.265462,0.736653,1.224803,0.106771,1.234790,1.714965,0.963367,0.888007,1.254075,0.090852,1.243571,3.998040,6.722399,0.357951,0.083923,0.740909,7.674130,6.318000,0.022062,0.065530,0.620209,2.275852,2.543227,0.081119,0.975534,1.135118,1.029370,1.168744,0.977546,0.125219,0.423163,0.405763,10.172933,1.440013,0.000000,0.211524,0.456920,0.457953,0.000000,0.088219,1.430101,0.580219,1.390618,0.611115,0.135408,0.070625,1.351165,1.494864,0.010116,0.022712,0.063363,Not run,0.092942,0.203069,Not run
dane,Base_Seq,default,0.402483,0.320412,0.252636,0.252260,0.264586,0.333224,0.406045,0.138999,1.182470,0.568049,0.568343,0.439359,0.854375,0.246905,0.026433,0.027287,0.005246,0.028467,0.066751,0.107509,0.979870,0.626228,1.290290,0.105837,1.313261,2.132884,0.958131,0.886589,1.250309,0.090347,1.235734,4.042339,6.423812,0.357986,0.088928,0.748865,7.723209,6.008507,0.022530,0.066353,0.613485,2.184239,2.533423,0.085790,0.974453,1.116018,1.000377,1.136793,0.973872,0.124752,0.423244,0.409064,10.170784,1.429292,0.000000,0.185803,0.451254,0.453926,0.000000,0.077184,1.016663,0.579763,1.385341,0.611181,0.135218,0.071182,1.350191,1.495255,0.010121,0.022849,0.062065,Not run,0.093260,0.192258,Not run
dane,Base_Seq,default,0.402213,0.321796,0.252830,0.252484,0.264416,0.332511,0.405856,0.137625,1.177932,0.570716,0.570784,0.448574,0.892062,0.242902,0.026423,0.026455,0.005372,0.029072,0.066083,0.107363,1.257694,0.728388,1.215529,0.105846,1.309673,2.134314,0.957733,0.884443,1.252763,0.090441,1.240550,4.012005,6.111169,0.357048,0.084735,0.774183,7.825510,6.053379,0.021765,0.065984,0.614687,2.155523,2.510534,0.081793,0.984194,1.129795,1.009450,1.148327,0.979599,0.123765,0.423254,0.407635,10.175160,1.423244,0.000000,0.185975,0.451272,0.453849,0.000000,0.077157,1.016537,0.580758,1.378895,0.611074,0.135281,0.071076,1.349756,1.494810,0.009904,0.022531,0.061838,Not run,0.092912,0.203815,Not run
dane,Base_Seq,default,0.469913,0.330314,0.269074,0.269061,0.264770,0.341262,0.406922,0.136087,1.210631,0.617491,0.617668,0.517339,0.847222,0.263622,0.026476,0.028711,0.006845,0.031327,0.067521,0.108024,1.035380,0.688331,1.324407,0.106239,1.337546,2.270347,1.011345,0.816150,1.396919,0.097285,1.333106,4.289365,7.041420,0.358606,0.099145,0.600960,6.921565,6.337543,0.026066,0.061960,0.613538,2.102528,2.577697,0.098317,1.037945,1.177910,1.065253,1.178301,1.024494,0.128984,0.425889,0.406433,10.183259,1.633967,0.000000,0.193694,0.452285,0.454953,0.000000,0.072749,0.990266,0.582452,1.456035,0.613432,0.144394,0.078134,1.355232,1.504487,0.011702,0.024909,0.064123,Not run,0.094012,0.191881,Not run
dane,Base_Seq,default,0.403319,0.317845,0.252774,0.252501,0.264266,0.333356,0.405605,0.133339,1.174419,0.567629,0.567877,0.436739,0.897029,0.228085,0.026424,0.026911,0.005307,0.028765,0.066528,0.107515,1.156555,0.625295,1.278379,0.105822,1.298271,2.120904,0.960561,0.883414,1.251947,0.090867,1.233287,4.131829,6.575541,0.357844,0.093058,0.773070,7.121050,6.246553,0.022443,0.065779,0.602504,2.154695,2.487716,0.085097,0.982827,1.114259,1.009025,1.149991,0.970111,0.125340,0.423300,0.408266,10.171568,1.431014,0.000000,0.186233,0.451334,0.453907,0.000000,0.076671,1.017388,0.581141,1.372354,0.611058,0.135956,0.070760,1.350416,1.495081,0.009976,0.022567,0.062349,Not run,0.093250,0.202213,Not run
dane,Base_Seq,default,0.403215,0.321321,0.250922,0.250269,0.264943,0.332615,0.405907,0.132701,1.171783,0.567992,0.567830,0.436644,0.891055,0.228619,0.026440,0.026436,0.005764,0.031255,0.066094,0.112431,1.253009,0.624828,1.273578,0.105828,1.286037,1.982568,0.959886,0.817771,1.254930,0.088664,1.249249,4.141135,6.937007,0.358101,0.087332,0.728750,7.294645,6.356913,0.022483,0.064497,0.643682,2.156449,2.511569,0.083922,0.974248,1.110761,0.995624,1.126391,0.973697,0.128772,0.423501,0.409191,10.172749,1.440983,0.000000,0.185549,0.451796,0.453533,0.000000,0.077049,1.019421,0.580181,1.383889,0.611271,0.135626,0.071128,1.351196,1.494978,0.010319,0.022541,0.061230,Not run,0.092807,0.189919,Not run
dane,Base_Seq,default,0.400320,0.317694,0.253816,0.254736,0.264294,0.333372,0.405614,0.134278,1.187920,0.567841,0.567766,0.438164,0.890756,0.227753,0.026436,0.026962,0.005790,0.030937,0.066543,0.112482,1.031110,0.626414,1.291288,0.105852,1.313089,2.109007,0.952144,0.885535,1.246282,0.090181,1.231422,4.020037,6.601982,0.357259,0.088526,0.774524,7.182733,6.033717,0.021924,0.065791,0.614472,2.170990,2.505583,0.083270,0.979080,1.127122,1.011595,1.139115,0.968577,0.124583,0.423312,0.407831,10.170712,1.430284,0.000000,0.212406,0.456612,0.458389,0.000000,0.087454,1.431710,0.606705,1.428515,0.668036,0.188729,0.078485,1.362281,1.548081,0.010081,0.022316,0.060062,Not run,0.095331,0.208477,Not run
dane,Base_Seq,default,0.408749,0.381481,0.255243,0.254259,0.264411,0.332937,0.405900,0.135310,1.181174,0.568844,0.568795,0.441096,0.891019,0.240333,0.026436,0.026452,0.005752,0.031363,0.066078,0.112554,1.261129,0.729952,1.221982,0.107111,1.228823,2.135740,0.959557,0.885129,1.253200,0.090816,1.243379,3.986648,6.477324,0.358016,0.090171,0.775235,7.282066,5.980794,0.022630,0.066089,0.610174,2.191340,2.483664,0.083526,0.973093,1.117304,1.009796,1.152539,0.971937,0.127043,0.423294,0.407422,10.169695,1.431799,0.000000,0.185966,0.451501,0.453931,0.000000,0.079031,1.016286,0.580541,1.370616,0.610958,0.135266,0.070786,1.351724,1.495294,0.010056,0.022542,0.060989,Not run,0.093120,0.199751,Not run
dane,Base_Seq,default,0.402870,0.319915,0.253434,0.253190,0.264204,0.333501,0.405968,0.143397,1.188351,0.580726,0.580050,0.454549,0.853137,0.243512,0.026422,0.026727,0.005284,0.028828,0.066391,0.107487,0.982428,0.628850,1.361751,0.106032,1.385634,2.101906,0.964277,0.885258,1.256090,0.091244,1.237985,4.104529,6.413564,0.357828,0.086473,0.747148,7.920365,6.070763,0.022032,0.066278,0.614905,2.235838,2.545161,0.082769,0.981228,1.141109,1.010296,1.137998,0.969419,0.124739,0.423163,0.409676,10.168574,1.430968,0.000000,0.186010,0.451545,0.453629,0.000000,0.077172,1.016933,0.579567,1.378755,0.611114,0.134819,0.069397,1.350257,1.494679,0.010160,0.022677,0.060913,Not run,0.093061,0.186415,Not run
dane,Base_Seq,default,0.402560,0.320978,0.259543,0.258837,0.264414,0.333870,0.405946,0.137646,1.185506,0.573771,0.574118,0.441839,0.888490,0.228624,0.026427,0.026423,0.005808,0.031572,0.066063,0.112454,1.265261,0.625203,1.376532,0.105881,1.393879,2.125640,0.961756,0.885998,1.255308,0.091279,1.248788,4.002818,6.355759,0.357537,0.086672,0.769573,7.896190,6.050544,0.022031,0.070101,0.648897,2.089792,2.549760,0.082402,0.978423,1.144204,1.028256,1.170736,0.972446,0.124532,0.423027,0.409058,10.168465,1.431554,0.000000,0.186064,0.451265,0.452809,0.000000,0.077332,1.016942,0.580898,1.394524,0.611252,0.135356,0.072727,1.351629,1.495752,0.009935,0.022572,0.065192,Not run,0.093069,0.205996,Not run
dane,Base_Seq,default,0.471347,0.330941,0.268703,0.268709,0.264668,0.342386,0.406363,0.138371,1.210478,0.609894,0.610181,0.517013,0.856196,0.256834,0.026431,0.028417,0.006876,0.031274,0.067451,0.107704,1.037045,0.686822,1.332465,0.105931,1.346598,2.286249,1.011133,0.820256,1.398353,0.096555,1.334305,4.295765,7.050196,0.358992,0.099705,0.607761,6.942796,6.191987,0.026153,0.062212,0.616128,2.145944,2.578862,0.098462,1.037754,1.171364,1.067385,1.192212,1.025855,0.127941,0.425679,0.406444,10.180036,1.636669,0.000000,0.192587,0.451649,0.455336,0.000000,0.072723,0.989867,0.581582,1.458516,0.612984,0.145232,0.077410,1.352728,1.504144,0.011340,0.024338,0.065115,Not run,0.094018,0.202957,Not run
dane,Base_Seq,default,0.403944,0.322951,0.255107,0.254513,0.264291,0.333779,0.406732,0.143548,1.186868,0.568547,0.568648,0.454469,0.894361,0.228215,0.026434,0.026924,0.005786,0.031893,0.066321,0.112947,1.262577,0.626784,1.324864,0.105832,1.349275,2.137332,0.950169,0.886592,1.251302,0.091149,1.235204,4.050242,6.603878,0.358228,0.093829,0.762550,7.677497,5.993866,0.022364,0.065527,0.608057,2.243065,2.524533,0.085933,0.985231,1.141549,1.030374,1.179223,0.974163,0.125189,0.423182,0.409590,10.168581,1.436203,0.000000,0.186685,0.451345,0.453882,0.000000,0.077188,1.017102,0.581659,1.387768,0.611224,0.134931,0.072336,1.350136,1.495677,0.010056,0.022722,0.064319,Not run,0.093099,0.207139,Not run
dane,Base_Seq,default,0.411459,0.323292,0.263995,0.263363,0.264222,0.333201,0.406340,0.137896,1.177412,0.571301,0.571090,0.438375,0.894857,0.231060,0.026425,0.026430,0.005317,0.029221,0.066072,0.107350,0.979209,0.623519,1.354129,0.105893,1.372218,1.985453,0.959962,0.819477,1.260093,0.089156,1.250679,4.014912,6.903412,0.357959,0.090097,0.742723,7.553027,5.995426,0.022451,0.068282,0.704162,2.106502,2.670932,0.083286,0.969421,1.173599,1.041883,1.200048,0.975556,0.125792,0.423215,0.410959,10.168617,1.439137,0.000000,0.188037,0.451761,0.453928,0.000000,0.077283,1.020077,0.581275,1.389247,0.611298,0.135827,0.073379,1.351868,1.494737,0.010350,0.022684,0.064732,Not run,0.092950,0.193552,Not run
dane,Base_Seq,default,0.401382,0.320760,0.255984,0.255887,0.264212,0.333831,0.405731,0.139446,1.188332,0.569366,0.569120,0.446932,0.895981,0.228492,0.026439,0.026696,0.005281,0.028912,0.066299,0.107444,1.263656,0.628430,1.318059,0.105883,1.336310,2.127864,0.959217,0.885467,1.252300,0.091384,1.245417,4.034723,6.665789,0.357807,0.084523,0.767896,7.697229,5.620621,0.021881,0.065566,0.613756,2.255081,2.525480,0.081722,0.978761,1.106821,1.022217,1.177219,0.979398,0.124424,0.423219,0.409484,10.168648,1.430405,0.000000,0.213262,0.456281,0.453734,0.000000,0.077844,1.017251,0.581181,1.386522,0.611207,0.136047,0.070749,1.351733,1.495401,0.010060,0.022634,0.061403,Not run,0.092904,0.203578,Not run
dane,Base_Seq,default,0.403497,0.322758,0.261784,0.260778,0.264368,0.333950,0.406672,0.143953,1.192040,0.579051,0.579197,0.478278,0.895494,0.231005,0.026425,0.026434,0.005822,0.032018,0.066080,0.113276,1.264510,0.626356,1.350356,0.105922,1.365634,2.148376,0.975634,0.886356,1.251498,0.091137,1.252647,4.190640,6.629452,0.357428,0.094261,0.769286,7.356788,6.050282,0.023475,0.067359,0.618018,2.248334,2.584102,0.088486,0.980995,1.161903,1.041231,1.201025,0.984738,0.125968,0.423253,0.409477,10.167065,1.437126,0.000000,0.187238,0.451196,0.453858,0.000000,0.079661,1.017299,0.580625,1.388105,0.611233,0.135448,0.072864,1.351026,1.496261,0.010248,0.023231,0.065247,Not run,0.093069,0.210460,Not run
mammoth,Base_Seq,default,0.604317,0.261591,0.338812,0.352697,0.154587,0.488093,0.539093,0.598455,0.744649,1.758168,1.932553,1.272603,0.506133,0.560132,0.083563,0.083107,0.004041,0.036671,0.212435,0.170125,0.889859,0.556489,1.399108,0.090388,1.436732,1.027716,0.899246,0.908402,1.178000,0.118778,1.119161,7.978348,15.346591,0.478519,0.156163,0.957723,11.544290,11.567437,0.044463,0.096976,0.722218,2.216488,2.912900,0.170729,1.042577,1.386861,1.465537,1.436679,1.030585,0.236932,0.723809,0.836664,17.386155,1.781897,0.000000,0.263482,0.924307,0.915928,0.000000,0.129210,1.731551,0.688270,1.261715,1.037408,0.217670,0.105806,1.819110,2.042648,0.016384,0.032059,0.069786,Not run,0.111407,0.208288,Not run
mammoth,Base_Seq,default,0.606552,0.260921,0.324972,0.318061,0.155508,0.462197,0.544651,0.592215,0.742095,1.710027,1.798824,1.078717,0.502436,0.535820,0.080992,0.080923,0.003983,0.035908,0.211793,0.171815,0.886443,0.552112,1.424813,0.091025,1.423780,1.034507,0.893471,0.884606,1.183503,0.119747,1.118759,7.539978,11.456482,0.451360,0.150018,0.726547,8.651017,9.756161,0.037874,0.074032,0.714041,2.301623,2.939817,0.159919,0.954979,1.242315,1.277260,1.299857,0.978705,0.231195,0.706645,0.833262,17.408269,1.808475,0.000000,0.274010,0.927958,0.919972,0.000000,0.131797,1.739639,0.691234,1.274581,1.024183,0.223022,0.104465,1.817314,2.036923,0.015511,0.024579,0.067246,Not run,0.109476,0.187140,Not run
mammoth,Base_Seq,default,0.591151,0.261899,0.331343,0.338970,0.155178,0.462534,0.541849,0.627202,0.747303,1.707696,1.905743,1.584838,0.506683,0.556082,0.082819,0.084084,0.004151,0.036482,0.211939,0.170511,0.891501,0.565556,1.399001,0.092754,1.451938,1.030120,0.899185,0.940879,1.175536,0.118382,1.120037,9.177628,15.185505,0.484976,0.204503,1.045099,13.026580,10.859592,0.053033,0.115084,0.716627,2.170451,2.909880,0.213216,1.015536,1.353062,1.499299,1.442817,1.017270,0.235008,0.722333,0.850094,17.397577,1.818316,0.000000,0.275849,0.923366,0.917672,0.000000,0.129461,1.744927,0.687891,1.277156,1.039448,0.211043,0.110071,1.826184,2.046293,0.017179,0.037753,0.072366,Not run,0.112743,0.194767,Not run
mammoth,Base_Seq,default,0.619639,0.250197,0.335981,0.335717,0.154336,0.490420,0.545544,0.594084,0.738370,1.707313,1.763287,1.182236,0.503862,0.553641,0.080017,0.083024,0.004072,0.036057,0.212047,0.171005,0.851230,0.550470,1.411889,0.089913,1.413045,1.036006,0.896406,0.901576,1.170170,0.116918,1.114378,7.779568,12.273916,0.457137,0.157799,0.772097,9.311892,10.011473,0.040912,0.082462,0.745274,2.465156,3.120046,0.168225,0.963230,1.293595,1.367915,1.332579,0.972542,0.232215,0.722016,0.844026,17.395024,1.820254,0.000000,0.276927,0.925868,0.917926,0.000000,0.130915,1.737646,0.688748,1.261478,1.037972,0.209771,0.104374,1.818310,2.040678,0.015818,0.024265,0.067060,Not run,0.109663,0.189976,Not run
mammoth,Base_Seq,default,0.617146,0.258273,0.327527,0.328122,0.153788,0.482937,0.542668,0.590420,0.738372,1.716315,1.743528,0.938073,0.499800,0.558532,0.079991,0.080777,0.004221,0.035393,0.211441,0.170467,0.883893,0.551058,1.375264,0.093233,1.376120,1.034952,0.867086,0.883911,1.173299,0.117738,1.135733,6.993568,10.672392,0.444071,0.105215,0.700450,8.350293,10.150112,0.026739,0.076499,0.692544,2.148361,2.858022,0.098635,0.928249,1.210717,1.270038,1.276031,0.964536,0.229917,0.705232,0.822461,17.417471,1.794068,0.000000,0.273499,0.927150,0.920580,0.000000,0.131308,1.756193,0.685419,1.258620,1.030226,0.223377,0.105487,1.815071,2.036710,0.017946,0.031412,0.067309,Not run,0.109227,0.189333,Not run
mammoth,Base_Seq,default,0.612257,0.263191,0.341132,0.345878,0.154762,0.491067,0.543749,0.598943,0.740732,1.709159,1.931532,1.329050,0.505368,0.550008,0.081092,0.080894,0.003934,0.035998,0.210933,0.170308,0.887370,0.555908,1.421212,0.090816,1.457921,1.051113,0.896456,0.906246,1.174612,0.118798,1.118974,8.105656,14.573357,0.480217,0.156337,0.959851,11.478532,11.309068,0.043611,0.093178,0.726373,2.168613,2.879915,0.180225,1.023413,1.391642,1.514226,1.441209,1.011038,0.238647,0.721397,0.844322,17.393424,1.820110,0.000000,0.274379,0.926118,0.919060,0.000000,0.130993,1.743010,0.686238,1.276437,1.035153,0.222873,0.110810,1.815438,2.041708,0.016964,0.038132,0.070468,Not run,0.111264,0.201311,Not run
mammoth,Base_Seq,default,0.609827,0.261225,0.337834,0.337041,0.154046,0.491131,0.542167,0.586216,0.740069,1.694960,1.731751,1.116959,0.501183,0.534942,0.080366,0.080788,0.003896,0.035809,0.211827,0.170251,0.882211,0.554608,1.376696,0.080259,1.357238,1.005004,0.894177,0.884170,1.168640,0.118614,1.117980,8.003210,11.564933,0.443218,0.149275,0.673553,7.665936,9.305792,0.037158,0.067429,0.700963,2.170218,2.808809,0.156515,0.926769,1.206506,1.228373,1.289204,0.971227,0.230575,0.706080,0.838682,17.423951,1.763332,0.000000,0.276245,0.924842,0.922006,0.000000,0.132548,1.742879,0.687420,1.271803,1.026325,0.225274,0.110891,1.817121,2.032151,0.015008,0.024491,0.068934,Not run,0.109119,0.191516,Not run
mammoth,Base_Seq,default,0.617381,0.261506,0.333205,0.351482,0.152890,0.456273,0.532185,0.588900,0.744844,1.701699,1.888485,1.271802,0.504860,0.560316,0.081733,0.082021,0.004107,0.036290,0.209989,0.168447,0.887283,0.568427,1.411983,0.099712,1.470212,1.069738,0.890810,0.897524,1.169689,0.119455,1.124354,8.515678,15.841837,0.477284,0.163933,0.967050,11.618517,11.296372,0.048703,0.093685,0.705241,2.149919,2.875617,0.195420,1.091422,1.503654,1.634610,1.522022,1.053065,0.240500,0.714802,0.848308,17.219750,1.813258,0.000001,0.260551,0.910652,0.904893,0.000000,0.129097,1.705502,0.681369,1.276338,1.027464,0.215377,0.113005,1.794555,2.014461,0.017352,0.036134,0.070719,Not run,0.111364,0.175499,Not run
mammoth,Base_Seq,default,0.602470,0.261416,0.336166,0.335795,0.153723,0.473551,0.531839,0.584598,0.741143,1.674889,1.710830,1.275459,0.502979,0.550968,0.079464,0.079927,0.003931,0.035592,0.209284,0.169120,0.881318,0.547536,1.406396,0.089588,1.408438,1.040437,0.896698,0.887571,1.166109,0.120515,1.117494,8.138331,12.666158,0.447975,0.154503,0.754302,8.933493,9.907380,0.038815,0.080458,0.702458,2.290765,2.958389,0.164854,0.957470,1.269515,1.352737,1.316557,0.969235,0.229232,0.698444,0.828481,17.230578,1.794460,0.000000,0.273861,0.910707,0.907318,0.000000,0.129494,1.715652,0.684499,1.255111,1.014820,0.221886,0.116390,1.798795,2.014890,0.016920,0.029653,0.068555,Not run,0.108318,0.182906,Not run
mammoth,Base_Seq,default,0.608438,0.260820,0.324095,0.336123,0.154402,0.460057,0.533449,0.619235,0.746085,1.654244,1.902008,1.621567,0.505957,0.549870,0.081711,0.082767,0.004317,0.036925,0.210980,0.168401,0.887622,0.566442,1.386168,0.091835,1.439153,1.037202,0.894707,0.934636,1.173469,0.118692,1.117887,9.522932,16.344390,0.484911,0.197358,1.046210,12.888432,11.225260,0.053093,0.114042,0.707814,2.109941,2.780033,0.208744,1.029526,1.412417,1.570453,1.477893,1.026461,0.236865,0.718777,0.853063,17.217453,1.768282,0.000000,0.261852,0.908253,0.903265,0.000000,0.127512,1.713804,0.680897,1.273015,1.026286,0.215762,0.109095,1.800484,2.016619,0.016962,0.036478,0.071618,Not run,0.111307,0.168980,Not run
mammoth,Base_Seq,default,0.614106,0.250704,0.322861,0.315366,0.153466,0.455828,0.531953,0.584571,0.740415,1.709663,1.758387,1.294770,0.502292,0.549587,0.081740,0.082355,0.003934,0.033702,0.209121,0.168114,0.892242,0.554321,1.371678,0.080695,1.352184,1.018555,0.889448,0.888042,1.168728,0.119362,1.121406,8.387519,13.104091,0.453285,0.154495,0.770000,9.216641,10.632490,0.039075,0.082492,0.717950,2.307132,2.980451,0.164812,0.970167,1.282689,1.365805,1.329579,0.977541,0.230943,0.714218,0.831243,17.225956,1.804076,0.000000,0.272838,0.909696,0.906408,0.000000,0.128700,1.716127,0.682680,1.273996,1.025074,0.218485,0.116947,1.798396,2.013524,0.017299,0.031974,0.068668,Not run,0.109706,0.180579,Not run
mammoth,Base_Seq,default,0.612655,0.256202,0.335312,0.334426,0.152835,0.473122,0.535690,0.581681,0.736352,1.654099,1.673028,1.270188,0.498470,0.535048,0.079557,0.079766,0.003996,0.035490,0.209625,0.168549,0.880115,0.550146,1.409125,0.087628,1.410154,1.030133,0.863105,0.875970,1.182681,0.116674,1.131887,8.259919,11.967213,0.439706,0.150802,0.697356,8.248134,10.212370,0.037199,0.075092,0.694937,2.148965,2.860813,0.155987,0.924595,1.229948,1.302717,1.303115,0.963481,0.227020,0.697470,0.829627,17.227334,1.802990,0.000000,0.271269,0.910509,0.904806,0.000000,0.128473,1.730367,0.678242,1.251068,1.014188,0.220079,0.104524,1.794725,2.010202,0.016633,0.027729,0.068639,Not run,0.107533,0.180066,Not run
mammoth,Base_Seq,default,0.582138,0.263134,0.332029,0.346170,0.154139,0.474815,0.535720,0.599475,0.744776,1.698699,1.898491,1.339776,0.505295,0.550970,0.079268,0.080434,0.004002,0.034082,0.209443,0.168243,0.887354,0.553754,1.406384,0.101885,1.445749,1.057800,0.900140,0.891121,1.170080,0.120079,1.123449,8.524008,15.867581,0.473371,0.155901,0.967409,11.282304,11.162533,0.045356,0.092487,0.722049,2.174933,2.887761,0.184043,1.087627,1.476417,1.598056,1.492497,1.042437,0.241628,0.709555,0.838560,17.224910,1.809463,0.000000,0.274825,0.911275,0.905093,0.000000,0.128116,1.714541,0.680669,1.272968,1.025732,0.208453,0.110268,1.799073,2.016627,0.017099,0.037401,0.070363,Not run,0.110455,0.182411,Not run
mammoth,Base_Seq,default,0.580668,0.260973,0.331700,0.331224,0.153649,0.473572,0.535300,0.583859,0.741286,1.691499,1.711277,1.234045,0.503260,0.553390,0.079691,0.079763,0.004029,0.035479,0.208740,0.170478,0.881114,0.551016,1.404785,0.091059,1.406651,1.046539,0.897150,0.882538,1.166201,0.120195,1.119503,8.191307,11.878626,0.442037,0.153590,0.697941,8.017043,10.013124,0.037950,0.075078,0.690482,2.154162,2.853994,0.160845,0.925339,1.227392,1.296498,1.298933,0.963406,0.229084,0.698270,0.830831,17.238292,1.791393,0.000000,0.256700,0.912054,0.905376,0.000000,0.128457,1.705891,0.682861,1.251467,1.016573,0.220986,0.108983,1.795522,2.015368,0.017460,0.031153,0.068450,Not run,0.107897,0.167048,Not run
mammoth,Base_Seq,default,0.595684,0.259988,0.337442,0.352447,0.154208,0.486130,0.535341,0.591033,0.747539,1.698451,1.929236,1.208450,0.504590,0.552944,0.081781,0.082513,0.004174,0.036584,0.210454,0.169167,0.847747,0.569722,1.424954,0.094155,1.477728,1.043219,0.898461,0.888384,1.172857,0.119309,1.118926,8.195508,15.124614,0.481487,0.163309,0.951029,11.291208,11.091079,0.045422,0.092984,0.716485,2.190801,2.833252,0.184855,1.032080,1.402521,1.538172,1.460580,1.025538,0.232203,0.717415,0.847796,17.283814,1.816452,0.000000,0.273963,0.911704,0.905775,0.000000,0.128617,1.723684,0.683201,1.273147,1.028374,0.222193,0.111132,1.804512,2.026190,0.016548,0.034718,0.071217,Not run,0.110685,0.196148,Not run
mammoth,Base_Seq,default,0.602523,0.261355,0.336937,0.335529,0.154558,0.486201,0.533153,0.587056,0.740343,1.687755,1.731489,1.238631,0.505565,0.537837,0.081795,0.081265,0.004016,0.033492,0.209057,0.168463,0.882590,0.549317,1.415450,0.091802,1.414522,1.032649,0.893987,0.876995,1.168887,0.118430,1.125445,8.182750,12.501608,0.446790,0.152858,0.752011,8.949403,10.124456,0.038758,0.080726,0.718489,2.287788,2.934931,0.161494,0.949526,1.272699,1.349710,1.320326,0.971083,0.225220,0.712338,0.844469,17.286175,1.811953,0.000000,0.258758,0.912149,0.905996,0.000000,0.129589,1.722595,0.685457,1.274297,1.028590,0.222750,0.103364,1.798505,2.015932,0.016287,0.025724,0.066616,Not run,0.108063,0.184636,Not run
mammoth,Base_Seq,default,0.614946,0.260909,0.336173,0.354676,0.154727,0.484414,0.537320,0.620766,0.746553,1.661006,1.895463,1.625014,0.506433,0.547536,0.082141,0.083051,0.004148,0.037146,0.212420,0.169340,0.893343,0.567613,1.388716,0.094684,1.461597,1.054906,0.898776,0.941667,1.172095,0.117856,1.123571,9.403770,15.702027,0.484805,0.193106,1.048642,12.890362,11.095936,0.051698,0.116207,0.708950,2.163201,2.827132,0.203911,1.019242,1.372103,1.564425,1.454604,1.020091,0.233821,0.721505,0.824807,17.296851,1.813440,0.000000,0.272446,0.912589,0.909072,0.000000,0.128818,1.727795,0.685567,1.270934,1.022956,0.209209,0.105698,1.804748,2.025308,0.017061,0.034968,0.072432,Not run,0.110608,0.189211,Not run
mammoth,Base_Seq,default,0.588549,0.259957,0.324218,0.318035,0.154136,0.456994,0.535746,0.587846,0.740310,1.700090,1.771053,1.235872,0.503235,0.537012,0.081951,0.082577,0.004125,0.035931,0.211278,0.169203,0.889412,0.552748,1.412282,0.092193,1.415313,1.020564,0.896451,0.891982,1.188059,0.117797,1.116231,8.289548,12.774113,0.453884,0.153260,0.769319,9.214543,10.516928,0.039869,0.082526,0.733978,2.374022,2.995917,0.163137,0.967996,1.285844,1.360461,1.329231,0.975074,0.231038,0.714400,0.841946,17.279322,1.816644,0.000000,0.273757,0.914236,0.908817,0.000000,0.128735,1.724685,0.685440,1.274088,1.028186,0.220957,0.111360,1.800916,2.019879,0.017267,0.032223,0.069102,Not run,0.109540,0.188456,Not run
mammoth,Base_Seq,default,0.612521,0.248476,0.333021,0.332298,0.153396,0.481765,0.537582,0.580010,0.735928,1.678363,1.701743,1.233871,0.499107,0.541610,0.079723,0.079981,0.004126,0.035548,0.209136,0.169413,0.882462,0.550933,1.399911,0.089725,1.402419,1.024360,0.866355,0.880510,1.186851,0.117556,1.133110,8.141361,11.889161,0.439824,0.146232,0.699743,8.097397,10.125701,0.036761,0.074845,0.688756,2.142377,2.848880,0.150683,0.925839,1.225400,1.295802,1.295763,0.960454,0.230328,0.700547,0.836079,17.286218,1.789070,0.000000,0.273579,0.912966,0.906432,0.000000,0.128109,1.732742,0.681930,1.252066,1.018082,0.221364,0.104753,1.802330,2.019063,0.017216,0.028851,0.068315,Not run,0.108239,0.192319,Not run
mammoth,Base_Seq,default,0.581055,0.261382,0.334256,0.344230,0.154667,0.488129,0.536903,0.588929,0.744465,1.686437,1.909646,1.225084,0.505275,0.551251,0.079187,0.080540,0.004012,0.036520,0.211139,0.169446,0.887571,0.552603,1.378430,0.087065,1.377462,1.024711,0.898733,0.897484,1.173240,0.117200,1.120673,8.171032,14.681303,0.474432,0.158742,0.959060,11.396578,11.319490,0.046044,0.092701,0.724305,2.161768,2.890579,0.186526,1.038234,1.406981,1.542215,1.446670,1.025736,0.239631,0.713482,0.851520,17.284981,1.813944,0.000000,0.260257,0.913848,0.905380,0.000000,0.128924,1.716079,0.683179,1.270403,1.028186,0.218738,0.112413,1.803470,2.025375,0.016497,0.035662,0.069821,Not run,0.110898,0.189364,Not run
mammoth,Base_Seq,default,0.604092,0.260175,0.333497,0.332740,0.152924,0.485127,0.534737,0.586484,0.738480,1.670516,1.692729,1.252393,0.503077,0.546901,0.079338,0.079676,0.003964,0.035161,0.209303,0.169524,0.879972,0.550700,1.365367,0.080752,1.342999,1.000836,0.893856,0.889361,1.168864,0.118297,1.114157,8.093350,11.662993,0.441511,0.153173,0.701546,8.087009,9.820141,0.038071,0.076305,0.685198,2.130469,2.856952,0.160686,0.933005,1.228080,1.298689,1.301038,0.959912,0.228374,0.695491,0.829524,17.279363,1.793735,0.000000,0.273020,0.913187,0.906533,0.000000,0.127883,1.725435,0.683704,1.272092,1.018244,0.209952,0.114992,1.800036,2.017072,0.016517,0.028522,0.068580,Not run,0.107611,0.186740,Not run
matrix-cpu,Base_Seq,default,0.466447,0.314632,0.262399,0.262314,0.264071,0.336091,0.419372,0.135716,1.174795,0.618365,0.638691,0.514858,0.824583,0.259181,0.026411,0.028697,0.007919,0.031215,0.067100,0.107840,0.931791,0.676987,1.347913,0.106037,1.358118,2.221205,1.000427,0.807462,1.391638,0.094275,1.321682,4.382701,6.902009,0.358148,0.099774,0.595909,6.978296,6.335733,0.026169,0.062435,0.645285,2.206113,2.679692,0.098734,1.027157,1.193371,1.069652,1.214114,1.029757,0.131744,0.425531,0.415570,10.191258,1.623884,0.000000,0.195266,0.451123,0.453417,0.000000,0.074777,0.990823,0.581178,1.457752,0.612665,0.143459,0.080217,1.351232,1.500097,0.011595,0.024767,0.064618,Not run,0.093588,0.192652,Not run
matrix-cpu,Base_Seq,default,0.397255,0.305724,0.255061,0.272175,0.264073,0.330035,0.405675,0.137397,1.137342,0.578590,0.578373,0.444783,0.867113,0.247586,0.026410,0.026440,0.005273,0.028229,0.066030,0.107478,0.885834,0.614043,1.329643,0.105892,1.344142,2.050224,0.950232,0.870441,1.228132,0.085928,1.223075,4.116269,6.482406,0.357549,0.088815,0.728147,7.776562,6.147107,0.022586,0.066974,0.689247,2.245522,2.569321,0.085063,0.974783,1.149560,0.999391,1.169045,0.966624,0.128781,0.422957,0.414324,10.210007,1.434707,0.000000,0.187382,0.450721,0.453167,0.000000,0.077082,1.018321,0.581074,1.371154,0.610937,0.134649,0.075232,1.350829,1.490902,0.010320,0.023585,0.063382,Not run,0.092886,0.187389,Not run
matrix-cpu,Base_Seq,default,0.466406,0.317173,0.261393,0.262174,0.264120,0.408856,0.406377,0.141438,1.170926,0.626933,0.610218,0.533877,0.874451,0.258611,0.026406,0.028596,0.007388,0.032503,0.068200,0.112645,0.993735,0.708324,1.340657,0.107376,1.366403,2.084341,0.991192,0.994626,1.385087,0.127308,1.329643,4.406012,7.133256,0.358223,0.099825,0.617384,6.987575,6.411560,0.026529,0.063948,0.661142,2.198312,2.740277,0.098666,1.002537,1.193986,1.067894,1.205187,1.009608,0.144011,0.425641,0.415004,10.180398,1.625513,0.000000,0.194612,0.455970,0.453200,0.000000,0.079061,1.318040,0.582245,1.472478,0.612811,0.183381,0.085075,1.355084,1.499723,0.011984,0.026206,0.063066,Not run,0.097045,0.203569,Not run
matrix-cpu,Base_Seq,default,0.397314,0.303646,0.254744,0.254299,0.264775,0.330393,0.405441,0.137587,1.139333,0.574060,0.573632,0.447717,0.863670,0.246828,0.026416,0.026629,0.005717,0.032193,0.066240,0.112513,1.179960,0.613324,1.315805,0.105870,1.336540,2.062090,0.948535,0.887883,1.230839,0.086816,1.227267,4.113621,6.719158,0.357928,0.086820,0.752797,7.846005,6.206558,0.021950,0.063760,0.648267,2.255674,2.563034,0.082945,0.971991,1.156019,0.996646,1.182081,0.966373,0.128435,0.422980,0.422233,10.185011,1.419834,0.000000,0.187233,0.450936,0.452879,0.000000,0.076927,1.017074,0.580383,1.380934,0.610954,0.134376,0.075760,1.351201,1.491088,0.010088,0.023101,0.063509,Not run,0.092950,0.191107,Not run
matrix-cpu,Base_Seq,default,0.398765,0.307188,0.255371,0.254765,0.264084,0.330255,0.405911,0.136081,1.096981,0.591876,0.590900,0.446383,0.813678,0.249480,0.026404,0.026412,0.005218,0.028807,0.066027,0.107474,0.884995,0.609712,1.317768,0.105917,1.333903,2.096739,0.960894,0.734386,1.235257,0.085482,1.230982,4.268098,6.997542,0.357684,0.092131,0.707143,7.684944,6.083445,0.023394,0.063423,0.671816,2.257297,2.609925,0.089170,0.975503,1.153807,1.003895,1.183987,0.959554,0.133606,0.422927,0.415115,10.173069,1.420531,0.000000,0.186780,0.450972,0.453192,0.000000,0.078162,1.018735,0.581483,1.377145,0.610854,0.134177,0.074962,1.349747,1.490923,0.010535,0.023686,0.063636,Not run,0.092876,0.191469,Not run
matrix-cpu,Base_Seq,default,0.396934,0.303450,0.253519,0.253093,0.264059,0.330156,0.405625,0.136814,1.138909,0.583331,0.583648,0.448147,0.867808,0.248028,0.026418,0.026679,0.005206,0.027935,0.066252,0.107553,1.098380,0.613436,1.327250,0.105823,1.347774,2.045100,0.951064,0.877700,1.226920,0.086530,1.221853,4.190412,6.791066,0.357644,0.088641,0.742926,7.796899,6.246326,0.022255,0.063342,0.643946,2.228353,2.590493,0.084480,0.972590,1.143048,0.997132,1.168202,0.963612,0.129201,0.436105,0.414819,10.177456,1.432222,0.000000,0.187438,0.450730,0.453352,0.000000,0.079177,1.017831,0.580624,1.378904,0.634953,0.134320,0.074928,1.350704,1.491252,0.010598,0.023859,0.062256,Not run,0.093159,0.191210,Not run
matrix-cpu,Base_Seq,default,0.396064,0.306307,0.253758,0.252993,0.264053,0.330220,0.405862,0.136922,1.138930,0.586443,0.585760,0.441940,0.838583,0.244039,0.026404,0.026430,0.005717,0.032214,0.066018,0.112777,0.885213,0.613591,1.343887,0.105906,1.352041,2.048449,0.955451,0.870669,1.225486,0.085692,1.228462,4.109255,6.621196,0.357518,0.092823,0.768364,7.852873,6.256989,0.022818,0.063954,0.652448,2.223614,2.551259,0.085988,0.970415,1.137127,0.997387,1.174974,0.968892,0.129570,0.423019,0.414926,10.186683,1.430330,0.000000,0.187278,0.451018,0.453631,0.000000,0.077696,1.017970,0.581081,1.373719,0.610974,0.134523,0.074906,1.350928,1.514795,0.010262,0.023628,0.061641,Not run,0.092947,0.192004,Not run
matrix-cpu,Base_Seq,default,0.466652,0.329592,0.263162,0.263104,0.264140,0.348254,0.406206,0.136422,1.175076,0.638607,0.649286,0.523945,0.823707,0.264219,0.026418,0.027515,0.007688,0.031716,0.067086,0.111077,0.942549,0.688301,1.373025,0.106140,1.376806,2.210404,1.004271,0.826077,1.386133,0.094322,1.325305,4.440095,6.896059,0.356738,0.100130,0.609692,7.003711,6.478368,0.026227,0.062454,0.654734,2.198532,2.712440,0.098955,1.038573,1.190842,1.081655,1.217201,1.026490,0.133263,0.438284,0.411960,10.360148,1.632962,0.000000,0.194474,0.462732,0.452810,0.000000,0.088422,0.989590,0.606742,1.460061,0.613005,0.152659,0.081981,1.374410,1.525699,0.011906,0.025118,0.065841,Not run,0.093492,0.194415,Not run
matrix-cpu,Base_Seq,default,0.398036,0.314710,0.263126,0.253174,0.276523,0.329907,0.422067,0.136456,1.149087,0.601877,0.592133,0.467423,0.824043,0.246699,0.026412,0.026419,0.005325,0.028692,0.066025,0.107228,0.887167,0.614360,1.335280,0.105941,1.351391,2.058518,0.955403,0.888093,1.242560,0.086141,1.241386,4.157093,6.609894,0.357142,0.088295,0.746180,7.938077,6.338166,0.022135,0.075293,0.649648,2.229888,2.583165,0.084352,0.978803,1.142790,1.003023,1.183163,0.975005,0.138614,0.422954,0.413529,10.326834,1.431848,0.000000,0.187429,0.451010,0.466773,0.000000,0.077342,1.043987,0.580259,1.383134,0.623810,0.134788,0.083495,1.365557,1.516004,0.010226,0.023482,0.062967,Not run,0.092888,0.191603,Not run
matrix-cpu,Base_Seq,default,0.473099,0.374835,0.262979,0.263965,0.264161,0.407605,0.406497,0.141327,1.257939,0.655753,0.661187,0.530496,0.877329,0.266230,0.026409,0.028720,0.007307,0.034388,0.068289,0.110730,0.953944,0.759409,1.285002,0.107977,1.323923,1.556579,1.008452,0.844289,1.414765,0.094364,1.337634,4.468465,7.168743,0.357205,0.099449,0.611591,6.814919,6.029488,0.026209,0.063934,0.678965,2.224762,3.058812,0.098547,0.987753,1.157650,1.095304,1.224480,0.950854,0.145483,0.425851,0.424144,10.319125,1.623210,0.000000,0.194235,0.455885,0.485149,0.000000,0.079255,1.255999,0.585306,1.454469,0.668225,0.186244,0.085221,1.357999,1.528667,0.012687,0.026602,0.062919,Not run,0.096889,0.208986,Not run
matrix-cpu,Base_Seq,default,0.407896,0.304435,0.253525,0.253262,0.264082,0.329915,0.405737,0.137942,1.145465,0.614791,0.590099,0.457987,0.854955,0.247301,0.026404,0.026636,0.011012,0.028556,0.066240,0.107478,0.907813,0.613169,1.353575,0.105917,1.371988,2.072931,0.948861,0.884883,1.235471,0.085775,1.224966,4.133464,6.861049,0.357616,0.087105,0.747670,7.954871,6.160444,0.021998,0.064356,0.653045,2.242984,2.619459,0.083546,0.979368,1.155597,1.018830,1.201436,0.978549,0.130197,0.435970,0.423332,10.333480,1.424730,0.000000,0.187757,0.463523,0.456698,0.000000,0.077242,1.016790,0.580601,1.377833,0.611130,0.134840,0.075753,1.363343,1.504794,0.010306,0.023770,0.062519,Not run,0.092894,0.196879,Not run
matrix-cpu,Base_Seq,default,0.399949,0.306815,0.255784,0.255119,0.277104,0.329938,0.406111,0.135294,1.094095,0.586682,0.587145,0.440156,0.801607,0.248463,0.026414,0.026407,0.005264,0.029185,0.066027,0.107467,0.898221,0.621709,1.370984,0.105955,1.381113,2.125269,0.976401,0.746244,1.247586,0.085476,1.248349,4.265260,6.946302,0.357534,0.089550,0.748094,7.810432,6.136385,0.022901,0.063910,0.649838,2.252625,2.584519,0.087141,0.979938,1.186038,1.039525,1.212366,0.976448,0.135509,0.435605,0.413714,10.345527,1.433923,0.000000,0.210273,0.464009,0.453068,0.000000,0.078436,1.045125,0.594423,1.370629,0.610989,0.134636,0.075534,1.377759,1.517121,0.010433,0.023418,0.064065,Not run,0.095853,0.195429,Not run
matrix-cpu,Base_Seq,default,0.397746,0.358253,0.254447,0.263608,0.275413,0.329813,0.405935,0.136432,1.149526,0.582256,0.581906,0.446158,0.823177,0.244390,0.026408,0.026624,0.005224,0.028480,0.066251,0.107648,0.908133,0.612134,1.351967,0.105864,1.362701,2.063347,0.948045,0.874969,1.249390,0.086413,1.234110,4.142680,6.821364,0.357629,0.086590,0.749616,7.945816,6.234796,0.022033,0.064187,0.644779,2.248650,2.600693,0.082494,0.983068,1.144994,1.013098,1.201271,0.963625,0.130264,0.447983,0.413181,10.340074,1.432251,0.000000,0.197060,0.463178,0.453237,0.000000,0.090110,1.016501,0.580266,1.385022,0.610903,0.134876,0.076301,1.376423,1.504166,0.010214,0.022952,0.063540,Not run,0.092966,0.192780,Not run
matrix-cpu,Base_Seq,default,0.415252,0.306716,0.264573,0.264274,0.264209,0.329938,0.405993,0.137785,1.144788,0.615641,0.624570,0.449046,0.830114,0.261769,0.026408,0.026415,0.005725,0.028703,0.066025,0.107368,0.897478,0.612369,1.353278,0.105988,1.373903,2.042793,0.950253,0.873557,1.242590,0.085941,1.234201,4.179734,6.687515,0.369459,0.088745,0.733136,7.948898,6.296821,0.022475,0.064191,0.649271,2.261089,2.613653,0.084804,0.980928,1.149150,1.017298,1.191052,0.975638,0.139172,0.422800,0.431133,10.370136,1.431752,0.000000,0.187363,0.451617,0.478650,0.000000,0.077589,1.030996,0.580010,1.375978,0.623515,0.135020,0.075921,1.363489,1.503592,0.010256,0.023687,0.062510,Not run,0.092931,0.188488,Not run
matrix-cpu,Base_Seq,default,0.465576,0.314360,0.263134,0.263159,0.264091,0.335646,0.406321,0.135483,1.177009,0.642173,0.642535,0.516549,0.821742,0.265760,0.026471,0.027505,0.007699,0.031346,0.067057,0.107935,0.933414,0.674425,1.355447,0.106354,1.358515,2.204888,1.000322,0.805821,1.381441,0.093464,1.319842,4.423507,6.794829,0.357920,0.099988,0.600045,6.981466,6.440959,0.026125,0.062368,0.643347,2.179041,2.673989,0.098669,1.024589,1.189634,1.059395,1.201553,1.014581,0.132214,0.425319,0.410708,10.169497,1.621941,0.000000,0.193552,0.450967,0.453504,0.000000,0.074532,0.988697,0.581248,1.452424,0.612970,0.143237,0.080881,1.364301,1.498949,0.012302,0.026368,0.064849,Not run,0.093797,0.192296,Not run
matrix-cpu,Base_Seq,default,0.394638,0.304319,0.251633,0.251457,0.264192,0.329724,0.405823,0.137911,1.130489,0.585441,0.585993,0.447548,0.861677,0.254433,0.026408,0.026429,0.005647,0.032402,0.066022,0.112648,1.179239,0.611466,1.306101,0.105943,1.319128,2.036066,0.946725,0.863714,1.223161,0.085802,1.221343,4.110433,6.467065,0.357236,0.089679,0.749801,7.802971,6.318621,0.022290,0.066741,0.684850,2.198447,2.547811,0.083243,0.965984,1.131135,0.990814,1.154957,0.968575,0.129036,0.422663,0.411598,10.189079,1.414690,0.000000,0.187164,0.451057,0.452978,0.000000,0.077177,1.015028,0.580716,1.369515,0.610929,0.134470,0.075175,1.350586,1.492310,0.010256,0.023599,0.062818,Not run,0.092998,0.189926,Not run
matrix-cpu,Base_Seq,default,0.474354,0.373392,0.261997,0.262336,0.264247,0.397180,0.412141,0.142202,1.240908,0.623201,0.622959,0.528262,0.871795,0.257841,0.026412,0.028610,0.007372,0.033437,0.068359,0.107888,0.932890,0.709659,1.262207,0.107363,1.296748,1.532224,0.991606,0.882441,1.402948,0.093592,1.229590,4.353210,7.092933,0.357875,0.099684,0.598861,6.589000,6.396975,0.026132,0.063761,0.701751,2.135174,2.750541,0.098293,0.956366,1.140161,1.068955,1.157344,1.014073,0.132082,0.425653,0.479737,10.191102,1.821118,0.000000,0.194666,0.454203,0.452184,0.000000,0.079181,1.108991,0.582618,1.451631,0.612919,0.183984,0.084732,1.352789,1.550634,0.011787,0.025134,0.065449,Not run,0.097057,0.206526,Not run
matrix-cpu,Base_Seq,default,0.395049,0.303251,0.252510,0.252417,0.264070,0.329809,0.405474,0.137505,1.132970,0.584869,0.585745,0.447467,0.859374,0.237759,0.026407,0.026636,0.005669,0.032579,0.066256,0.112355,1.110000,0.610418,1.307445,0.105887,1.339814,2.037376,0.940719,0.868378,1.229650,0.085573,1.214506,4.120501,6.737479,0.356970,0.093227,0.763507,7.841039,6.174886,0.022378,0.063824,0.652491,2.241887,2.594117,0.086361,0.966738,1.155174,1.000931,1.177669,0.960156,0.128135,0.422916,0.426590,10.176457,1.412630,0.000000,0.187189,0.450698,0.453606,0.000000,0.076947,1.015267,0.579828,1.374253,0.610841,0.133980,0.074694,1.352915,1.490109,0.010122,0.023050,0.062020,Not run,0.092935,0.188912,Not run
matrix-cpu,Base_Seq,default,0.396940,0.304814,0.253052,0.252677,0.264097,0.329602,0.426858,0.143631,1.090850,0.576614,0.576684,0.475680,0.835105,0.243757,0.026407,0.026427,0.005256,0.028281,0.066028,0.107305,0.887710,0.606865,1.337906,0.105866,1.355936,2.114768,0.954788,0.730871,1.232584,0.085410,1.230211,4.321559,6.954902,0.356963,0.091348,0.747250,7.741670,5.885730,0.022948,0.063918,0.658244,2.266152,2.603295,0.087428,0.967592,1.162837,0.998575,1.167872,0.956060,0.133870,0.422699,0.411526,10.180255,1.415451,0.000000,0.186787,0.450722,0.452659,0.000000,0.077961,1.016862,0.605734,1.365148,0.611735,0.133982,0.074582,1.362957,1.492205,0.010330,0.022951,0.063403,Not run,0.093037,0.191467,Not run
matrix-cpu,Base_Seq,default,0.394776,0.302222,0.254430,0.254667,0.264037,0.329457,0.405885,0.137114,1.129103,0.603842,0.604764,0.446110,0.860051,0.243443,0.026411,0.026656,0.005211,0.027775,0.066242,0.107503,1.196696,0.714506,1.331436,0.106009,1.345611,2.030658,0.952799,0.869562,1.231289,0.125418,1.217306,4.105724,6.713361,0.357383,0.091903,0.751896,7.754574,6.159646,0.022337,0.063336,0.641463,2.202839,2.548571,0.085404,0.962697,1.128387,1.007645,1.166340,0.957959,0.128588,0.422664,0.411240,10.176225,1.412944,0.000000,0.187162,0.450797,0.453176,0.000000,0.079187,1.015347,0.579823,1.374958,0.602297,0.133164,0.074656,1.350453,1.491861,0.010212,0.023059,0.062667,Not run,0.093087,0.190865,Not run
matrix-cpu,Base_Seq,default,0.393986,0.306181,0.252175,0.251436,0.264044,0.329714,0.405908,0.139287,1.127055,0.577104,0.577080,0.457980,0.865953,0.249979,0.026399,0.026414,0.005667,0.032317,0.066026,0.107366,0.886398,0.610313,1.338441,0.106039,1.345545,2.034295,0.946422,0.869195,1.222056,0.085443,1.220038,4.179124,6.675980,0.357390,0.092527,0.763750,7.814510,6.136544,0.022837,0.063560,0.639550,2.207462,2.544476,0.086035,0.968149,1.144051,1.003487,1.175267,0.962173,0.130553,0.422891,0.411674,10.195319,1.413329,0.000000,0.188103,0.450926,0.452312,0.000000,0.077380,1.042727,0.580377,1.377427,0.610904,0.134397,0.074986,1.352244,1.491408,0.010186,0.023378,0.062360,Not run,0.092764,0.190553,Not run
tioga-cpu,Base_Seq,default,1.678050,0.271429,0.187103,0.215669,0.377176,1.778629,0.536631,0.473475,0.642475,1.408019,1.351911,1.917263,0.453946,0.599286,0.079691,0.083855,0.020686,0.084542,0.228952,0.202254,0.844607,0.707693,0.742315,0.077297,0.837417,0.942294,0.675418,0.622851,1.042347,0.656181,0.793017,5.981869,9.028506,0.301398,0.203529,0.617952,4.713649,7.043698,0.054069,0.127315,0.968322,1.254874,2.361705,0.196503,0.559426,0.602798,2.009830,0.671821,0.607633,0.374617,1.009789,0.952994,22.687914,0.993593,0.000000,1.034103,0.803622,0.815577,0.000000,0.273480,1.550700,0.791048,1.258544,0.620396,0.178495,0.103723,2.067080,2.182478,0.049054,0.037341,0.034109,Not run,0.026172,0.097261,Not run
tioga-cpu,Base_Seq,default,1.662152,0.281043,0.188005,0.188394,0.324364,1.792446,0.536553,0.471468,0.615169,1.408323,1.322689,1.897817,0.439279,0.598000,0.073251,0.073184,0.011664,0.051983,0.218725,0.196162,0.839704,0.714236,0.726467,0.050532,0.777442,0.933056,0.630860,0.614577,1.054777,0.640072,0.798304,5.972239,9.037355,0.294360,0.198816,0.581055,4.436310,7.362761,0.048267,0.121546,0.937993,1.272928,2.374672,0.198408,0.560993,0.579641,1.999548,0.606523,0.653211,0.359058,0.988116,0.937882,22.644593,0.994130,0.000000,1.033689,0.771664,0.772500,0.000000,0.238640,1.524651,0.787098,1.249282,0.599667,0.163166,0.099575,2.066647,2.184228,0.049051,0.018708,0.034350,Not run,0.020332,0.086622,Not run
tioga-cpu,Base_Seq,default,1.666544,0.281482,0.188062,0.190548,0.324362,1.792422,0.536710,0.473892,0.615181,1.406796,1.320760,1.897138,0.448012,0.598379,0.073266,0.073214,0.011701,0.051692,0.220695,0.196164,0.842494,0.707253,0.715722,0.053490,0.811841,0.937641,0.629764,0.613531,1.050652,0.641493,0.804213,6.194511,9.098393,0.295610,0.198750,0.606198,4.662663,7.348168,0.048036,0.122131,0.935416,1.256456,2.370415,0.197557,0.557846,0.583387,2.003317,0.651925,0.674886,0.309237,0.986338,0.934141,22.649992,0.993930,0.000001,1.034262,0.773067,0.772042,0.000000,0.237698,1.552509,0.787214,1.240506,0.600386,0.163061,0.099565,2.067273,2.180859,0.049039,0.018604,0.035662,Not run,0.020198,0.086264,Not run
tioga-cpu,Base_Seq,default,1.682529,0.280328,0.176701,0.174915,0.324326,1.792239,0.536497,0.468600,0.605415,1.410568,1.324595,1.894565,0.437565,0.599000,0.073241,0.073185,0.011713,0.051892,0.218503,0.196111,0.839979,0.707806,0.700790,0.050461,0.746561,0.914300,0.656988,0.623430,1.034727,0.639957,0.787376,6.070167,9.049424,0.294269,0.196584,0.570443,4.321105,6.748846,0.048278,0.121516,0.931388,1.276817,2.355012,0.195717,0.546202,0.571851,2.000754,0.593733,0.582134,0.356990,0.986006,0.929175,22.650793,1.011738,0.000000,1.035191,0.771849,0.771506,0.000000,0.237632,1.538350,0.787241,1.226319,0.599941,0.163081,0.099811,2.067095,2.180330,0.049052,0.018662,0.034786,Not run,0.020234,0.086052,Not run
tioga-cpu,Base_Seq,default,1.672176,0.270413,0.181693,0.206021,0.375244,1.767972,0.536754,0.475287,0.615368,1.406732,1.347567,1.913375,0.445756,0.598163,0.076739,0.080677,0.019018,0.077795,0.221343,0.196867,0.829065,0.717686,0.715017,0.071196,0.807842,0.940263,0.635611,0.620137,1.043859,0.656750,0.842648,6.020571,9.146783,0.296905,0.197881,0.605396,4.545268,6.760803,0.051914,0.120699,0.964306,1.265912,2.374934,0.196012,0.559211,0.592978,2.002937,0.673679,0.676329,0.329858,1.003157,0.949342,22.693104,0.995421,0.000000,1.033555,0.797386,0.806777,0.000000,0.269789,1.553196,0.788344,1.294908,0.618113,0.176402,0.099376,2.068067,2.183348,0.049027,0.034014,0.036410,Not run,0.024965,0.091555,Not run
tioga-cpu,Base_Seq,default,1.685988,0.282525,0.183920,0.180852,0.324327,1.780186,0.536786,0.469991,0.613598,1.410688,1.324080,1.896236,0.439007,0.598954,0.073252,0.073191,0.011727,0.051617,0.220618,0.196064,0.838711,0.707850,0.733863,0.050402,0.775797,0.931461,0.623746,0.624438,1.036547,0.639986,0.850608,5.992764,9.002555,0.295073,0.196679,0.575085,4.404883,7.027927,0.048196,0.121907,0.934061,1.309760,2.397719,0.195972,0.577940,0.566546,1.996535,0.588268,0.640824,0.361394,0.986106,0.950606,22.647011,1.015384,0.000000,1.033296,0.772248,0.772188,0.000000,0.238624,1.524840,0.787020,1.243656,0.600225,0.163458,0.099867,2.067476,2.182432,0.049014,0.018552,0.034413,Not run,0.020169,0.085135,Not run
tioga-cpu,Base_Seq,default,1.651618,0.281261,0.189610,0.221464,0.376107,1.773785,0.536520,0.476937,0.634798,1.406944,1.348925,1.931456,0.482270,0.597732,0.080267,0.083152,0.020234,0.085697,0.228533,0.202877,0.830766,0.707053,0.800462,0.074596,0.869927,0.963104,0.623197,0.632094,1.040669,0.657427,0.833562,6.254362,9.150089,0.300869,0.204858,0.639615,4.679506,8.041029,0.057029,0.128046,0.970638,1.299570,2.380541,0.195907,0.561995,0.622045,2.017133,0.671589,0.601312,0.377624,1.011777,0.965922,22.688675,0.993641,0.000000,1.035674,0.803507,0.813395,0.000000,0.273815,1.557003,0.791741,1.302459,0.626419,0.177708,0.102614,2.067238,2.181357,0.049059,0.036946,0.035095,Not run,0.026206,0.097084,Not run
tioga-cpu,Base_Seq,default,1.648510,0.280704,0.192630,0.195699,0.324176,1.791368,0.536527,0.471084,0.610034,1.406964,1.320899,1.901238,0.437900,0.597415,0.073272,0.073193,0.011724,0.051864,0.220643,0.196128,0.847636,0.718025,0.768634,0.050627,0.825515,0.939118,0.630788,0.616914,1.042922,0.639725,0.838279,6.462361,9.334452,0.294659,0.199654,0.579118,4.674139,7.406680,0.048260,0.122009,0.936325,1.319850,2.355437,0.198915,0.560807,0.654476,2.012411,0.675062,0.603379,0.360266,0.987655,0.861984,22.647221,0.993620,0.000000,1.035187,0.773056,0.772772,0.000000,0.238222,1.551352,0.786862,1.286785,0.599899,0.163024,0.099817,2.067194,2.180941,0.049036,0.018819,0.036641,Not run,0.020373,0.085565,Not run
tioga-cpu,Base_Seq,default,1.656929,0.280854,0.202034,0.206381,0.324369,1.792380,0.536349,0.473704,0.616044,1.404915,1.318874,1.897135,0.479371,0.597511,0.073275,0.073198,0.011705,0.051482,0.220663,0.196151,0.830342,0.719099,0.748840,0.053319,0.843840,0.934536,0.641609,0.610053,1.038417,0.640171,0.802821,6.085516,9.081681,0.294343,0.196233,0.610530,4.564270,7.628656,0.047000,0.121845,0.936352,1.305552,2.406231,0.194424,0.551214,0.595104,2.003235,0.636244,0.615288,0.361777,0.986137,0.954790,22.632889,0.994715,0.000000,1.033619,0.772950,0.772224,0.000000,0.238010,1.549874,0.786732,1.238613,0.604070,0.162820,0.099973,2.067590,2.182116,0.049044,0.018529,0.037465,Not run,0.020092,0.084296,Not run
tioga-cpu,Base_Seq,default,1.672948,0.270857,0.177131,0.175570,0.324354,1.791256,0.536514,0.468377,0.604714,1.406527,1.321213,1.909140,0.478420,0.597940,0.073264,0.073204,0.011649,0.051758,0.220655,0.196112,0.846528,0.706606,0.659118,0.050477,0.692817,0.920598,0.607118,0.622872,1.037790,0.639620,0.788038,6.115179,9.347766,0.293822,0.208886,0.569495,4.549647,7.037925,0.051756,0.122088,0.935061,1.218978,2.326611,0.208320,0.550225,0.559264,1.998938,0.579463,0.585544,0.355445,0.986091,0.936457,22.645201,0.989694,0.000000,1.033608,0.772807,0.772719,0.000000,0.237530,1.537816,0.786830,1.225799,0.599755,0.163051,0.099631,2.067319,2.183143,0.049041,0.018641,0.033063,Not run,0.020244,0.087482,Not run
tioga-cpu,Base_Seq,default,1.677728,0.280656,0.199059,0.220911,0.375160,1.767404,0.536370,0.472726,0.616361,1.405082,1.344831,1.914203,0.479790,0.597269,0.076670,0.080612,0.019011,0.077981,0.221590,0.196990,0.842464,0.714830,0.755373,0.070557,0.866608,1.018189,0.680482,0.619159,1.036942,0.656737,0.794451,6.334717,9.216870,0.295672,0.195969,0.624371,4.658324,7.360389,0.051370,0.120720,0.970203,1.341578,2.385699,0.195352,0.559590,0.635626,2.010505,0.718839,0.592843,0.374544,1.003564,0.924272,22.679706,0.992361,0.000000,1.035165,0.797619,0.807790,0.000000,0.270301,1.557939,0.787653,1.258085,0.621883,0.175962,0.099537,2.066773,2.183491,0.049015,0.033947,0.035138,Not run,0.024850,0.090546,Not run
tioga-cpu,Base_Seq,default,1.674387,0.281134,0.185758,0.182530,0.324360,1.791353,0.536578,0.470425,0.613031,1.421802,1.335671,1.894342,0.469785,0.598871,0.073262,0.073208,0.011742,0.051629,0.220675,0.196076,0.842520,0.706873,0.736597,0.050250,0.763459,1.007935,0.634284,0.624002,1.041021,0.639555,0.840894,6.060273,9.048370,0.294922,0.197273,0.568994,4.503184,7.020338,0.048235,0.122263,0.938743,1.303112,2.386299,0.195182,0.543640,0.613186,2.012486,0.628446,0.607541,0.364856,0.986279,0.913887,22.642548,0.990345,0.000000,1.033973,0.772826,0.772905,0.000000,0.237610,1.551227,0.787006,1.245094,0.599605,0.164335,0.099582,2.067284,2.183281,0.049027,0.018643,0.033843,Not run,0.020189,0.084720,Not run
tioga-cpu,Base_Seq,default,1.660286,0.282957,0.206440,0.232100,0.375784,1.797200,0.536804,0.475941,0.612377,1.424157,1.372245,1.914917,0.440877,0.601879,0.084066,0.088045,0.020374,0.082821,0.239338,0.209878,0.845783,0.713487,0.742334,0.074708,0.852776,0.944412,0.628472,0.624323,1.045561,0.653897,0.809301,6.072506,8.982970,0.298653,0.206771,0.616512,4.682855,7.607949,0.054860,0.128287,0.980580,1.369801,2.398869,0.195307,0.584783,0.630845,2.014445,0.716382,0.623326,0.380477,1.011739,0.925820,22.682955,1.008929,0.000000,1.035780,0.802177,0.810993,0.000000,0.274507,1.544308,0.790204,1.303927,0.619874,0.178066,0.102742,2.066737,2.183399,0.049089,0.036526,0.036883,Not run,0.026805,0.096976,Not run
tioga-cpu,Base_Seq,default,1.664162,0.280709,0.197223,0.195385,0.324142,1.789980,0.536250,0.471291,0.608434,1.408639,1.324254,1.892616,0.438480,0.598305,0.073268,0.073207,0.011757,0.051925,0.220614,0.196270,0.845728,0.711688,0.766170,0.050560,0.828686,1.023154,0.665080,0.616836,1.038260,0.639957,0.808373,5.959277,8.973861,0.294689,0.202675,0.584955,4.543741,7.063640,0.048589,0.121876,0.941249,1.298795,2.389988,0.200732,0.569154,0.641800,2.010111,0.650056,0.600870,0.358360,0.985848,0.948228,22.626797,0.992358,0.000000,1.035028,0.772781,0.772813,0.000000,0.238793,1.530527,0.787088,1.244129,0.606100,0.162980,0.099858,2.062548,2.180704,0.049014,0.018664,0.036489,Not run,0.020271,0.085848,Not run
tioga-cpu,Base_Seq,default,1.663935,0.273537,0.204686,0.205516,0.324341,1.784614,0.536440,0.473848,0.638458,1.408618,1.322710,1.895547,0.439861,0.599325,0.073263,0.073195,0.011755,0.052539,0.220676,0.196317,0.840706,0.716974,0.771563,0.052837,0.891397,0.931613,0.642219,0.611025,1.038736,0.639846,0.801376,6.068119,9.063963,0.296501,0.198704,0.596232,4.748202,7.242838,0.047568,0.122541,0.931868,1.295200,2.365212,0.195798,0.567198,0.648805,2.015258,0.686328,0.616087,0.355237,0.987408,0.949653,22.634421,0.994773,0.000000,1.033274,0.772210,0.773171,0.000000,0.237734,1.548700,0.787372,1.235262,0.601414,0.163430,0.099894,2.066759,2.181589,0.049042,0.018682,0.039135,Not run,0.020288,0.084647,Not run
tioga-cpu,Base_Seq,default,1.681423,0.280180,0.184344,0.182301,0.324348,1.791037,0.536455,0.469805,0.627370,1.408082,1.322574,1.996595,0.442914,0.598819,0.073260,0.073192,0.011718,0.051660,0.220656,0.196159,0.830511,0.710251,0.697743,0.050537,0.734249,0.927369,0.617443,0.624045,1.053933,0.639782,0.781307,6.579640,9.575890,0.295331,0.196352,0.563975,4.792620,7.261531,0.046829,0.122802,0.926632,1.226594,2.291241,0.195546,0.545235,0.565301,1.999502,0.594767,0.583910,0.353204,0.986055,0.941488,22.635763,0.992294,0.000000,1.034459,0.772668,0.772542,0.000000,0.237859,1.549597,0.787099,1.275704,0.601597,0.163343,0.099545,2.067366,2.179724,0.049045,0.018703,0.032584,Not run,0.020203,0.083874,Not run
tioga-cpu,Base_Seq,default,1.667088,0.272787,0.205763,0.226735,0.374981,1.766738,0.536333,0.476741,0.639034,1.412718,1.354287,1.925874,0.472099,0.600548,0.076861,0.080456,0.019031,0.078004,0.221630,0.196958,0.832095,0.712996,0.762644,0.070740,0.870671,0.949995,0.643530,0.618065,1.039387,0.656943,0.799320,6.071986,9.062578,0.294928,0.196983,0.625862,4.495388,7.084412,0.051359,0.120402,0.957887,1.335537,2.370569,0.195674,0.574103,0.647221,2.013946,0.736178,0.618929,0.371051,1.003005,0.951617,22.683192,0.992095,0.000000,1.036431,0.796595,0.807112,0.000000,0.269754,1.553492,0.788022,1.257348,0.619349,0.176140,0.099675,2.067061,2.180965,0.049058,0.034658,0.036307,Not run,0.025135,0.090527,Not run
tioga-cpu,Base_Seq,default,1.688933,0.281675,0.194500,0.190731,0.324166,1.789735,0.536011,0.473759,0.613624,1.405650,1.322241,2.030074,0.482842,0.597785,0.073223,0.073198,0.011672,0.051957,0.220644,0.196247,0.844165,0.707379,0.771158,0.050346,0.806621,1.012512,0.624897,0.624215,1.038166,0.639585,0.831951,6.625964,9.639063,0.294509,0.196351,0.572175,4.679970,7.032316,0.046863,0.122728,0.933289,1.245368,2.327055,0.194220,0.558398,0.648575,2.010432,0.646003,0.599371,0.310331,0.987254,0.963669,22.636269,0.993971,0.000000,1.033282,0.773002,0.773023,0.000000,0.238741,1.549004,0.787106,1.295240,0.601148,0.163043,0.099976,2.066919,2.182914,0.049016,0.018509,0.037626,Not run,0.020180,0.085226,Not run
tuolumne-cpu,Base_Seq,default,2.047783,0.274589,0.245800,0.249163,0.270289,1.538302,0.457020,0.402925,0.702661,1.144583,1.066968,1.518970,0.490406,0.514238,0.060813,0.060854,0.009306,0.042127,0.183966,0.162476,0.764521,0.628199,0.767866,0.081082,0.795336,1.056170,0.814488,0.914316,1.457478,0.480525,1.057056,4.928318,8.063161,0.279812,0.168779,0.847351,6.288678,6.989358,0.044792,0.107900,1.010413,1.295125,3.510697,0.167990,0.731634,0.665000,1.648600,0.659050,0.757635,0.725390,0.722056,2.413175,17.383600,1.018082,0.000001,0.801459,0.628513,0.628135,0.000001,0.184899,2.998517,0.675608,1.248674,0.493588,0.198732,0.082085,1.692751,1.840895,0.040668,0.015067,0.041386,Not run,0.014682,0.069628,Not run
tuolumne-cpu,Base_Seq,default,2.106486,0.282372,0.248730,0.230504,0.324050,1.554079,0.461062,0.419641,0.712959,1.159325,1.091495,1.620936,0.505141,0.520682,0.068210,0.068195,0.013569,0.055307,0.188172,0.164483,0.783962,0.640128,0.779204,0.070151,0.804785,1.085713,0.824321,1.228113,1.479001,0.498063,1.064508,5.372307,7.925658,0.285306,0.166872,1.110727,10.121316,6.190639,0.043046,0.144881,1.038287,1.354064,3.671010,0.164664,0.736234,0.699039,1.661434,0.685316,0.778222,0.891708,0.775667,2.527913,17.669914,1.029696,0.000001,0.818072,0.651696,0.652996,0.000001,0.220069,3.129934,0.694344,1.271404,0.516110,0.203343,0.082451,1.706535,1.865590,0.041073,0.023624,0.041761,Not run,0.018330,0.072179,Not run
tuolumne-cpu,Base_Seq,default,2.045417,0.275694,0.246319,0.247659,0.270300,1.538303,0.455033,0.408914,0.703940,1.144461,1.067262,1.501904,0.494040,0.514196,0.061162,0.062218,0.009215,0.041934,0.183975,0.162479,0.767575,0.629947,0.742393,0.081071,0.774904,1.054144,0.815462,1.004627,1.450902,0.480576,1.060423,4.937602,7.384975,0.278876,0.164639,1.002040,8.118111,5.646225,0.045121,0.105445,0.948198,1.201648,3.514075,0.164448,0.731859,0.620321,1.647125,0.619610,0.772473,0.828860,0.723800,2.441228,17.420505,1.021322,0.000000,0.801122,0.629132,0.628629,0.000001,0.185063,2.999755,0.675631,1.249576,0.490699,0.197877,0.082574,1.694168,1.840657,0.040677,0.014970,0.039864,Not run,0.014681,0.070344,Not run
tuolumne-cpu,Base_Seq,default,2.044901,0.275005,0.251628,0.252866,0.270292,1.538038,0.456744,0.393274,0.706085,1.143738,1.067825,1.500491,0.495292,0.514325,0.063122,0.060812,0.009351,0.042029,0.183923,0.162492,0.766755,0.633115,0.737944,0.081093,0.766005,1.056394,0.808134,1.109519,1.455018,0.480977,1.056120,6.000575,9.022719,0.279496,0.169083,0.776537,5.199455,8.390750,0.043615,0.102843,0.961920,1.251737,3.433497,0.169156,0.733430,0.648182,1.645967,0.648332,0.770683,0.923765,0.713553,2.661388,17.431709,1.020657,0.000000,0.800617,0.628932,0.628761,0.000001,0.185745,3.000305,0.675203,1.248530,0.490705,0.202571,0.082320,1.692880,1.839121,0.040697,0.014437,0.041226,Not run,0.014972,0.069935,Not run
tuolumne-cpu,Base_Seq,default,2.057196,0.274144,0.247684,0.249185,0.270287,1.538203,0.454520,0.410066,0.704286,1.145926,1.068750,1.543515,0.491664,0.514176,0.061047,0.060812,0.009683,0.041941,0.183917,0.162458,0.766727,0.630606,0.738491,0.081099,0.762789,1.051537,0.817626,1.207502,1.453121,0.480472,1.052235,5.064279,7.977251,0.279567,0.165264,1.085686,9.104620,5.694010,0.045536,0.121304,0.979121,1.294940,3.705557,0.165003,0.732377,0.614042,1.644710,0.616349,0.770391,0.941800,0.742814,2.720633,17.417076,1.021683,0.000001,0.800607,0.629279,0.628847,0.000001,0.184568,3.000506,0.675634,1.248737,0.490504,0.198216,0.082133,1.692883,1.840384,0.040682,0.014955,0.038956,Not run,0.014851,0.071992,Not run
tuolumne-cpu,Base_Seq,default,2.044307,0.274614,0.244098,0.243736,0.270289,1.537832,0.456578,0.395212,0.699977,1.143128,1.066579,1.502922,0.490518,0.514021,0.060813,0.060812,0.009352,0.042050,0.183989,0.162455,0.761975,0.633492,0.737340,0.081096,0.767303,1.054647,0.815040,1.109517,1.453003,0.480860,1.050547,4.919898,8.360352,0.278752,0.163221,0.770182,5.547834,5.668879,0.042289,0.103022,0.936667,1.246211,3.739215,0.163422,0.731317,0.600931,1.644438,0.597449,0.771039,0.894555,0.711574,2.514801,17.421550,1.019136,0.000001,0.800685,0.629641,0.628798,0.000001,0.185135,2.998011,0.675633,1.245351,0.492884,0.203322,0.082260,1.692820,1.844904,0.040674,0.015132,0.036180,Not run,0.014915,0.069556,Not run
tuolumne-cpu,Base_Seq,default,2.037362,0.274414,0.240571,0.222099,0.321454,1.530248,0.454473,0.417547,0.711291,1.143308,1.082136,1.544071,0.502972,0.513981,0.067567,0.067551,0.013446,0.055575,0.185690,0.162619,0.772225,0.630154,0.749006,0.069609,0.772152,1.058227,0.815201,1.058649,1.449595,0.483816,1.061167,4.996254,7.426689,0.282208,0.165561,1.098107,9.877505,8.349301,0.042833,0.142626,0.998042,1.243579,3.648919,0.166173,0.746845,0.669314,1.641896,0.672346,0.769578,0.906864,0.757044,2.661513,17.455577,1.020413,0.000001,0.800305,0.645492,0.647668,0.000001,0.221551,2.977155,0.676041,1.259208,0.515950,0.203440,0.081741,1.694167,1.840605,0.040738,0.024096,0.038695,Not run,0.018315,0.077471,Not run
tuolumne-cpu,Base_Seq,default,1.760313,0.233394,0.249430,0.245381,0.270280,1.537548,0.456748,0.404530,0.681452,1.144496,1.066567,1.514337,0.472954,0.514121,0.062022,0.061048,0.009262,0.041942,0.183943,0.162486,0.672900,0.618882,0.726354,0.081096,0.756839,1.036426,0.800284,1.103880,1.285901,0.480514,1.022273,5.061153,7.776329,0.277952,0.172168,0.833935,6.530810,7.009482,0.040269,0.108457,0.970215,1.287732,3.275335,0.169255,0.716326,0.662294,1.648490,0.660737,0.752923,0.515625,0.718237,2.597018,17.428045,0.969943,0.000001,0.801869,0.629223,0.629032,0.000000,0.184626,1.419974,0.674628,1.212994,0.490447,0.194861,0.082162,1.693043,1.841108,0.040874,0.014476,0.035612,Not run,0.014724,0.068527,Not run
tuolumne-cpu,Base_Seq,default,1.790862,0.236395,0.251939,0.230002,0.323543,1.547049,0.461800,0.416366,0.692719,1.154334,1.093929,1.657099,0.489510,0.519431,0.068454,0.068060,0.013547,0.055313,0.187656,0.164176,0.682382,0.626803,0.746566,0.070222,0.778296,1.068831,0.807267,1.147559,1.307982,0.492616,1.044641,5.552517,7.950451,0.283872,0.173683,1.116527,10.034748,7.183045,0.044734,0.148576,0.961638,1.308831,3.481223,0.170521,0.742889,0.668724,1.671122,0.668826,0.768491,0.735183,0.779423,2.046329,17.704594,0.988362,0.000001,0.812231,0.653367,0.655304,0.000001,0.221301,1.384809,0.686165,1.237470,0.520985,0.202406,0.082774,1.716332,1.869426,0.041514,0.023475,0.041963,Not run,0.018274,0.068796,Not run
tuolumne-cpu,Base_Seq,default,1.742295,0.234253,0.254831,0.254353,0.270291,1.537926,0.456826,0.407307,0.684003,1.145116,1.068175,1.525388,0.473607,0.514330,0.060812,0.061048,0.009218,0.041965,0.183931,0.162475,0.676431,0.620854,0.722266,0.081099,0.749047,1.040999,0.802324,1.091121,1.290056,0.480395,1.027559,4.968673,8.108205,0.278020,0.164421,1.003328,8.123002,5.642747,0.039727,0.108944,0.951668,1.284963,3.434993,0.167528,0.714831,0.616253,1.648990,0.620600,0.750715,0.516749,0.733267,2.434512,17.409438,0.968973,0.000001,0.801316,0.629120,0.628682,0.000000,0.185423,1.418737,0.674938,1.219887,0.491682,0.193384,0.082409,1.692875,1.841249,0.040883,0.014459,0.038235,Not run,0.014716,0.069062,Not run
tuolumne-cpu,Base_Seq,default,1.788995,0.231376,0.245919,0.242890,0.270278,1.537752,0.457011,0.391584,0.684012,1.144069,1.067787,1.471840,0.474019,0.514439,0.061282,0.060812,0.009248,0.041906,0.184008,0.162445,0.673528,0.620518,0.743339,0.081159,0.780718,1.040921,0.797494,0.977295,1.281418,0.480305,1.023340,4.903889,7.745208,0.278147,0.162135,0.770751,5.059614,7.247493,0.038075,0.102686,0.945325,1.265283,3.192536,0.162048,0.720130,0.659485,1.652513,0.649444,0.750842,0.872980,0.709453,2.449810,17.421772,0.966641,0.000001,0.800790,0.629058,0.628744,0.000001,0.184976,1.417081,0.674889,1.217860,0.490196,0.197681,0.082298,1.693787,1.842057,0.040661,0.014256,0.039917,Not run,0.014938,0.073177,Not run
tuolumne-cpu,Base_Seq,default,1.754562,0.236343,0.245771,0.246244,0.270293,1.537787,0.456844,0.411980,0.682571,1.143290,1.066285,1.525073,0.474185,0.513975,0.060813,0.061048,0.009188,0.042042,0.183924,0.162470,0.680247,0.621777,0.719846,0.081110,0.746744,1.037720,0.805048,1.204350,1.291834,0.480578,1.027410,4.967225,7.384748,0.278473,0.169739,1.084144,9.404001,7.067736,0.047738,0.125173,0.943189,1.410538,3.485219,0.169461,0.718131,0.622663,1.651842,0.620709,0.756801,0.510948,0.735306,2.195923,17.416376,0.974185,0.000001,0.801022,0.629281,0.628955,0.000000,0.185354,1.418975,0.674750,1.214246,0.493309,0.195765,0.082313,1.692633,1.846525,0.040919,0.014586,0.040333,Not run,0.014730,0.074792,Not run
tuolumne-cpu,Base_Seq,default,1.803104,0.232138,0.253632,0.255703,0.270298,1.538213,0.457141,0.395217,0.682339,1.144180,1.066436,1.488964,0.474187,0.514271,0.061047,0.060812,0.009198,0.042038,0.184036,0.162467,0.672941,0.617753,0.692293,0.081100,0.719403,1.037989,0.808037,0.965580,1.275361,0.480475,1.022185,4.958193,7.750250,0.278231,0.159360,0.759346,5.764530,7.011261,0.037921,0.103437,0.962249,1.318113,2.953938,0.162853,0.717504,0.612168,1.647695,0.611306,0.751588,0.713416,0.709433,2.064128,17.427970,0.968535,0.000000,0.800685,0.629114,0.628845,0.000001,0.185683,1.423711,0.675234,1.213147,0.491696,0.197983,0.082243,1.692920,1.843192,0.040649,0.014364,0.037135,Not run,0.014687,0.069062,Not run
tuolumne-cpu,Base_Seq,default,1.764226,0.235457,0.255240,0.232628,0.321742,1.529533,0.456664,0.412960,0.688772,1.146201,1.084338,1.571017,0.486450,0.514116,0.067567,0.067559,0.013433,0.055639,0.185678,0.162619,0.676688,0.619117,0.721308,0.069630,0.751532,1.046392,0.801071,1.138596,1.294974,0.482489,1.028563,5.151801,7.616974,0.281409,0.166786,1.098242,9.359881,5.656247,0.042494,0.149146,0.950342,1.287201,3.301293,0.163596,0.730875,0.659546,1.653883,0.663191,0.764194,0.534422,0.764236,2.498753,17.456424,0.973239,0.000001,0.800802,0.645346,0.647501,0.000000,0.221739,1.412540,0.676113,1.228475,0.515378,0.201888,0.081870,1.693203,1.844191,0.040885,0.023521,0.040122,Not run,0.018126,0.072933,Not run
tuolumne-cpu,Base_Seq,default,2.009560,0.263184,0.242873,0.244229,0.270292,1.537774,0.456684,0.406001,0.702535,1.143941,1.066380,1.491268,0.492975,0.514367,0.060812,0.060812,0.009219,0.042070,0.183990,0.162475,0.765119,0.631162,0.777773,0.081085,0.808324,1.056059,0.813649,0.919190,1.482672,0.480329,1.057494,4.973241,7.973240,0.278657,0.164044,0.840939,6.248568,5.666229,0.043650,0.109081,0.959870,1.307554,3.475540,0.164137,0.729585,0.639954,1.652566,0.638894,0.763388,0.534602,0.718970,2.380347,17.415879,1.022582,0.000000,0.800545,0.629326,0.628979,0.000000,0.184101,2.836589,0.675832,1.256654,0.511331,0.200094,0.082255,1.692935,1.841155,0.040693,0.015378,0.039407,Not run,0.014700,0.066028,Not run
tuolumne-cpu,Base_Seq,default,2.059867,0.266215,0.250919,0.232617,0.323599,1.546867,0.460562,0.424513,0.723416,1.159901,1.096176,1.649599,0.506952,0.517663,0.067986,0.068013,0.013534,0.055374,0.187543,0.164248,0.776606,0.639332,0.772674,0.070189,0.803314,1.079271,0.829257,1.076706,1.492655,0.496346,1.076337,5.760686,8.167077,0.285523,0.178166,1.101880,9.805782,6.118163,0.046328,0.148421,0.999764,1.306595,3.533984,0.175274,0.755296,0.676311,1.672988,0.678501,0.777350,0.756877,0.776330,2.576816,17.658840,1.036933,0.000000,0.809504,0.652242,0.653605,0.000000,0.223476,2.876245,0.685548,1.271915,0.542631,0.205998,0.082801,1.710271,1.856005,0.041248,0.023812,0.040834,Not run,0.018271,0.070552,Not run
tuolumne-cpu,Base_Seq,default,2.007271,0.258648,0.244270,0.242080,0.270297,1.538030,0.456974,0.408986,0.705127,1.143085,1.065466,1.516976,0.491853,0.514797,0.061099,0.061047,0.009679,0.042165,0.183899,0.162496,0.763782,0.629358,0.752497,0.081079,0.785238,1.059819,0.817022,1.016606,1.448263,0.480244,1.060626,4.947632,7.990948,0.279498,0.166782,0.999363,7.760040,6.284848,0.045231,0.108115,0.981365,1.344358,3.553944,0.167498,0.730598,0.664757,1.654965,0.659332,0.762793,0.535791,0.733389,2.428688,17.424623,1.020815,0.000001,0.800970,0.629076,0.628341,0.000000,0.185101,2.803505,0.675836,1.258527,0.512127,0.199419,0.082612,1.693186,1.841045,0.040681,0.014972,0.038977,Not run,0.014932,0.066818,Not run
tuolumne-cpu,Base_Seq,default,2.022779,0.262764,0.240321,0.239987,0.270281,1.537989,0.457019,0.392522,0.708990,1.144664,1.066587,1.505413,0.494228,0.514286,0.060812,0.060812,0.009358,0.042206,0.183957,0.162487,0.768947,0.627885,0.765905,0.081075,0.798707,1.061186,0.811240,0.874767,1.467081,0.480413,1.057255,5.054235,7.468751,0.279231,0.162975,0.773187,5.306004,6.027079,0.042629,0.103041,0.983387,1.282934,3.487113,0.162888,0.729879,0.647626,1.650671,0.645952,0.767726,0.843277,0.711544,2.207129,17.424211,1.022245,0.000000,0.800938,0.629770,0.629613,0.000001,0.184349,2.844602,0.675218,1.255299,0.514317,0.201719,0.082370,1.692699,1.845201,0.040676,0.014430,0.038633,Not run,0.014982,0.066141,Not run
tuolumne-cpu,Base_Seq,default,2.004864,0.261425,0.242235,0.240962,0.270297,1.538083,0.454414,0.411341,0.703252,1.142318,1.064636,1.524012,0.491860,0.514283,0.061984,0.061048,0.009198,0.042003,0.183910,0.162449,0.762332,0.628878,0.752174,0.081074,0.780382,1.057786,0.811331,1.064422,1.474910,0.480453,1.060119,5.113441,7.724571,0.279170,0.167301,1.082810,9.351754,7.206392,0.047934,0.122845,0.964539,1.296364,3.437435,0.167056,0.726314,0.651026,1.653231,0.647257,0.764234,0.539595,0.740350,2.364899,17.417839,1.024756,0.000001,0.800511,0.629615,0.629095,0.000000,0.185196,2.822992,0.675598,1.247220,0.512754,0.197931,0.082319,1.692908,1.838949,0.040893,0.014572,0.038889,Not run,0.014754,0.069684,Not run
tuolumne-cpu,Base_Seq,default,2.006124,0.263964,0.242532,0.242509,0.270290,1.537826,0.454143,0.396135,0.704153,1.143619,1.066966,1.545797,0.492121,0.513910,0.061282,0.060812,0.009379,0.042114,0.183934,0.162471,0.767779,0.631243,0.747257,0.081072,0.778126,1.055003,0.813362,0.874341,1.477170,0.480754,1.056739,6.011984,8.606372,0.279503,0.166752,0.769841,5.567498,5.652432,0.043698,0.103423,0.970848,1.268522,3.478569,0.169723,0.727031,0.631067,1.651625,0.627678,0.765685,0.729109,0.711488,2.276105,17.423201,1.020871,0.000000,0.801962,0.628507,0.628335,0.000000,0.185744,2.834268,0.674950,1.254211,0.513559,0.200011,0.082256,1.692600,1.845762,0.040668,0.015070,0.039373,Not run,0.014836,0.066959,Not run
tuolumne-cpu,Base_Seq,default,2.017922,0.263654,0.245940,0.224994,0.321126,1.529831,0.454935,0.408487,0.714695,1.143804,1.082055,1.549961,0.504615,0.514241,0.067558,0.067552,0.013440,0.055557,0.185699,0.162629,0.762105,0.633105,0.762867,0.069597,0.789999,1.065880,0.821885,1.069977,1.478488,0.487053,1.061393,5.063302,8.063821,0.279111,0.165398,1.096290,9.138204,6.511391,0.041934,0.147933,0.997830,1.276658,3.515363,0.166661,0.744865,0.668730,1.652468,0.666027,0.767826,0.562963,0.756761,2.681361,17.473685,1.025662,0.000000,0.801628,0.644986,0.647538,0.000000,0.221641,2.857650,0.676722,1.251499,0.532425,0.202201,0.081846,1.692919,1.840891,0.040668,0.023723,0.041262,Not run,0.018096,0.073260,Not run
AVERAGE
borax,,,0.889595,0.654489,0.329607,0.329272,0.152215,0.848720,0.452212,0.516965,2.181904,1.354017,1.532114,1.045666,1.506944,0.626368,0.068517,0.069219,0.007418,0.029068,0.186534,0.138020,1.943581,1.195729,1.343654,0.114258,1.349035,2.148077,1.276409,1.439364,2.915973,0.201490,2.425370,7.039165,10.799384,0.475698,0.152347,1.030344,8.201472,9.212823,0.040922,0.062255,1.107769,2.184961,3.343708,0.146159,1.283012,1.168497,0.934645,1.200855,1.275739,0.217894,0.912543,0.726909,20.336982,3.255106,0.000000,0.421894,1.333273,1.368400,0.000000,0.130703,2.096650,0.611001,2.636068,1.329415,0.231114,0.093381,1.510531,1.756820,0.012442,0.040945,0.065983,,0.091728,0.134721,
boraxo,,,0.955868,0.536822,0.448059,0.438633,0.436893,0.569431,0.656122,0.262481,1.683957,1.039701,1.034599,1.152721,1.166432,0.427447,0.043726,0.043767,0.009658,0.049048,0.109262,0.197556,1.657553,1.078165,1.922211,0.175614,1.928397,2.672204,1.468401,1.722018,2.515831,0.351856,2.051631,20.940135,32.655366,0.605267,0.357723,1.215691,11.818472,34.329269,0.079101,0.119873,1.249212,2.985112,4.523963,0.351744,1.490469,1.734829,1.701396,1.708308,1.456416,0.212096,1.269813,0.828797,23.529331,2.848923,0.000000,0.562724,1.484497,1.617312,0.000000,0.151644,2.491873,0.858759,2.359149,1.749775,0.328775,0.180180,2.322387,2.634420,0.024076,0.041912,0.105088,,0.119410,0.230782,
corona-cpu,,,0.635822,0.277848,0.377791,0.378802,0.153196,0.509681,0.536606,0.609599,0.835185,1.742202,1.855661,1.329322,0.568982,0.573518,0.082151,0.081437,0.003883,0.040798,0.210181,0.170191,0.883750,0.616421,1.611765,0.094231,1.609459,1.158067,1.001385,0.940707,1.258218,0.119708,1.267390,8.727206,14.033669,0.459748,0.164362,1.026987,12.082130,10.592634,0.041657,0.102259,0.817022,2.580397,3.161242,0.172017,1.118450,1.479232,1.576823,1.535143,1.107667,0.241428,0.720160,0.823942,17.288620,1.933007,0.000000,0.276837,0.915310,0.909905,0.000000,0.129895,1.742720,0.681758,1.430021,1.027538,0.228611,0.113070,1.803043,2.030568,0.018000,0.034959,0.078568,,0.110330,0.200875,
dane,,,0.414028,0.328352,0.259469,0.259156,0.264428,0.337285,0.406423,0.137629,1.190810,0.578631,0.578554,0.455035,0.880239,0.238821,0.026436,0.026983,0.005767,0.030659,0.066466,0.110342,1.137539,0.660418,1.305959,0.106063,1.330980,2.085127,0.967780,0.866748,1.273596,0.091469,1.255960,4.096583,6.645870,0.357990,0.089882,0.734204,7.455237,6.112398,0.022802,0.065754,0.624344,2.172299,2.560442,0.085754,0.983355,1.148100,1.033413,1.167475,0.976940,0.126355,0.429186,0.410599,10.173409,1.463810,0.000000,0.191251,0.452282,0.454321,0.000000,0.077834,1.052956,0.582060,1.397988,0.614213,0.139189,0.072791,1.352132,1.499128,0.010337,0.022998,0.063329,,0.093289,0.198864,
mammoth,,,0.603720,0.259252,0.332786,0.337001,0.154092,0.476398,0.537459,0.593904,0.741910,1.693859,1.808623,1.277590,0.503612,0.548305,0.080853,0.081440,0.004056,0.035727,0.210590,0.169542,0.882507,0.555785,1.399505,0.090532,1.416255,1.034337,0.891653,0.896837,1.173884,0.118590,1.121577,8.266427,13.479947,0.460990,0.158599,0.838902,10.007600,10.547757,0.041934,0.087395,0.711197,2.210817,2.895909,0.171117,0.986039,1.318112,1.413952,1.374628,0.994258,0.232875,0.711154,0.838370,17.304898,1.802172,0.000000,0.270098,0.916354,0.910396,0.000000,0.129369,1.727178,0.684520,1.267751,1.026356,0.218058,0.109278,1.805934,2.025125,0.016758,0.031613,0.069346,,0.109768,0.186985,
matrix-cpu,,,0.418721,0.317239,0.257275,0.257927,0.265888,0.342024,0.408629,0.137940,1.149599,0.602307,0.602062,0.472024,0.845739,0.251705,0.026412,0.027014,0.006310,0.030522,0.066562,0.109061,0.970550,0.643263,1.332620,0.106194,1.349621,2.034679,0.965851,0.851012,1.279285,0.091675,1.251512,4.237487,6.813053,0.358084,0.092717,0.706369,7.565005,6.232169,0.023558,0.064460,0.657816,2.224020,2.635216,0.089063,0.982644,1.157398,1.025263,1.187122,0.978315,0.132968,0.427305,0.419336,10.237007,1.490943,0.000000,0.190914,0.453943,0.456650,0.000000,0.078745,1.047652,0.584096,1.399265,0.616110,0.143293,0.077857,1.358331,1.504109,0.010791,0.024067,0.063335,,0.093764,0.193739,
tioga-cpu,,,1.669744,0.278585,0.191370,0.199540,0.341449,1.785041,0.536505,0.472631,0.618971,1.409512,1.333351,1.917752,0.456010,0.598621,0.075188,0.076398,0.014382,0.061602,0.222508,0.197766,0.839656,0.711544,0.739712,0.058496,0.811304,0.953975,0.638417,0.620143,1.041929,0.645427,0.811435,6.162334,9.157809,0.295917,0.199608,0.594887,4.591985,7.226661,0.049915,0.122818,0.946128,1.288705,2.367678,0.196975,0.560442,0.608858,2.007296,0.651406,0.615745,0.356351,0.993462,0.938440,22.656058,0.996277,0.000000,1.034421,0.781780,0.785114,0.000000,0.249374,1.545838,0.787871,1.260092,0.607769,0.167865,0.100265,2.066913,2.182072,0.049040,0.024286,0.035555,,0.022050,0.088316,
tuolumne-cpu,,,1.948390,0.257621,0.247175,0.241419,0.285232,1.538439,0.456819,0.406453,0.699964,1.146071,1.072990,1.536645,0.489979,0.514945,0.063155,0.062940,0.010515,0.045871,0.184750,0.162755,0.737406,0.628205,0.745493,0.077895,0.774759,1.055291,0.811883,1.055078,1.406994,0.483250,1.048952,5.176534,7.927988,0.280039,0.166816,0.953391,7.700569,6.533986,0.043314,0.119871,0.972137,1.292045,3.468069,0.166636,0.730855,0.647497,1.652249,0.645567,0.764504,0.714975,0.735462,2.435356,17.462039,1.006416,0.000001,0.802745,0.634796,0.635067,0.000001,0.195511,2.422660,0.677358,1.243375,0.505870,0.199945,0.082290,1.695644,1.845186,0.040815,0.017304,0.039465,,0.015786,0.070328,
