machine,Kernel,Kernel,Basic_ARRAY_OF_PTRS,Basic_COPY8,Basic_DAXPY,Basic_DAXPY_ATOMIC,Basic_EMPTY,Basic_IF_QUAD,Basic_INDEXLIST,Basic_INDEXLIST_3LOOP,Basic_INIT3,Basic_INIT_VIEW1D,Basic_INIT_VIEW1D_OFFSET,Basic_MAT_MAT_SHARED,Basic_MULADDSUB,Basic_NESTED_INIT,Basic_PI_ATOMIC,Basic_PI_REDUCE,Basic_REDUCE3_INT,Basic_REDUCE_STRUCT,Basic_TRAP_INT,Basic_MULTI_REDUCE,Lcals_DIFF_PREDICT,Lcals_EOS,Lcals_FIRST_DIFF,Lcals_FIRST_MIN,Lcals_FIRST_SUM,Lcals_GEN_LIN_RECUR,Lcals_HYDRO_1D,Lcals_HYDRO_2D,Lcals_INT_PREDICT,Lcals_PLANCKIAN,Lcals_TRIDIAG_ELIM,Polybench_2MM,Polybench_3MM,Polybench_ADI,Polybench_ATAX,Polybench_FDTD_2D,Polybench_FLOYD_WARSHALL,Polybench_GEMM,Polybench_GEMVER,Polybench_GESUMMV,Polybench_HEAT_3D,Polybench_JACOBI_1D,Polybench_JACOBI_2D,Polybench_MVT,Stream_ADD,Stream_COPY,Stream_DOT,Stream_MUL,Stream_TRIAD,Apps_CONVECTION3DPA,Apps_DEL_DOT_VEC_2D,Apps_DIFFUSION3DPA,Apps_EDGE3D,Apps_ENERGY,Apps_FEMSWEEP,Apps_FIR,Apps_LTIMES,Apps_LTIMES_NOVIEW,Apps_MASS3DEA,Apps_MASS3DPA,Apps_MATVEC_3D_STENCIL,Apps_NODAL_ACCUMULATION_3D,Apps_PRESSURE,Apps_VOL3D,Apps_ZONAL_ACCUMULATION_3D,Algorithm_SCAN,Algorithm_SORT,Algorithm_SORTPAIRS,Algorithm_REDUCE_SUM,Algorithm_MEMSET,Algorithm_MEMCPY,Algorithm_ATOMIC,Algorithm_HISTOGRAM,Comm_HALO_PACKING,Comm_HALO_PACKING_FUSED
borax,Base_Seq,default,0.231697,0.143376,0.080005,0.080018,0.038044,0.206513,0.112747,0.126948,0.224170,0.336348,0.381357,0.123703,0.158226,0.163664,0.017127,0.017562,0.001832,0.006508,0.046897,0.034288,0.314445,0.137962,0.324959,0.028319,0.325706,0.350946,0.215152,0.269627,0.347818,0.036900,0.267605,0.708004,1.065741,0.100498,0.032480,0.173768,0.926435,0.831353,0.008807,0.013789,0.235393,0.526168,0.679191,0.032057,0.213674,0.280965,0.219626,0.290727,0.213517,0.039286,0.226739,0.147529,5.241889,0.485875,0.000000,0.104643,0.331937,0.342284,0.000000,0.031919,0.486421,0.147581,0.301099,0.335607,0.054123,0.022893,0.341016,0.389770,0.003105,0.010164,0.015618,Not run,0.023186,0.039153,Not run
borax,Base_Seq,default,0.231357,0.141816,0.079973,0.080133,0.038088,0.206650,0.112739,0.127183,0.224245,0.336191,0.381157,0.123385,0.156087,0.163590,0.017120,0.018114,0.001831,0.006488,0.047008,0.034287,0.329391,0.138100,0.325063,0.028326,0.325678,0.351306,0.215207,0.266572,0.358852,0.036931,0.267508,0.707669,1.065358,0.100503,0.032466,0.173390,0.926168,0.831278,0.008807,0.015084,0.235302,0.526113,0.679104,0.031598,0.213623,0.280790,0.219933,0.290679,0.213531,0.039326,0.226869,0.148150,5.242312,0.482740,0.000000,0.104722,0.343333,0.342302,0.000000,0.031909,0.484176,0.147616,0.300726,0.335679,0.054115,0.022897,0.341113,0.389765,0.003107,0.010162,0.015600,Not run,0.023204,0.039259,Not run
borax,Base_Seq,default,0.231357,0.141534,0.079949,0.079949,0.038045,0.206615,0.112889,0.126520,0.226173,0.335929,0.381021,0.123283,0.157682,0.163677,0.017202,0.017448,0.001832,0.006659,0.046503,0.034295,0.319119,0.139702,0.323729,0.028370,0.323853,0.344324,0.215203,0.262142,0.347624,0.036901,0.267328,0.705560,1.064442,0.100292,0.032406,0.173505,0.938827,0.830534,0.008789,0.013878,0.234204,0.526526,0.684421,0.031598,0.214227,0.280962,0.225618,0.289372,0.213704,0.039172,0.224263,0.147793,5.241763,0.485025,0.000000,0.104772,0.332036,0.342339,0.000000,0.031891,0.492412,0.147830,0.300365,0.331970,0.054148,0.022944,0.341464,0.389881,0.003117,0.010116,0.015614,Not run,0.023052,0.039016,Not run
borax,Base_Seq,default,0.231382,0.151108,0.079875,0.079721,0.038043,0.207361,0.112697,0.126796,0.224049,0.336119,0.381193,0.122695,0.156873,0.163861,0.017118,0.018105,0.001833,0.006514,0.046929,0.034292,0.338064,0.139032,0.325234,0.028335,0.325024,0.342669,0.215314,0.271780,0.380440,0.037266,0.267216,0.707326,1.064267,0.100562,0.032422,0.173647,0.927313,0.831312,0.008798,0.013952,0.237226,0.525087,0.686386,0.031571,0.213268,0.280091,0.219614,0.289997,0.213752,0.034609,0.226458,0.148138,5.242975,0.494499,0.000000,0.105401,0.343202,0.342069,0.000000,0.032359,0.494570,0.147729,0.300035,0.336037,0.054137,0.022896,0.341322,0.391770,0.003094,0.010115,0.015557,Not run,0.023234,0.039665,Not run
borax,Base_Seq,default,0.231467,0.142146,0.080007,0.080003,0.038041,0.206646,0.112715,0.126747,0.224450,0.336261,0.381027,0.123831,0.155942,0.163744,0.017171,0.017698,0.001832,0.006422,0.046716,0.034293,0.313733,0.137951,0.325019,0.028207,0.325787,0.351413,0.215175,0.261170,0.367605,0.036859,0.267814,0.706128,1.066655,0.100281,0.032401,0.173310,0.926449,0.830731,0.008789,0.014029,0.234339,0.526768,0.677802,0.031574,0.213552,0.281041,0.219810,0.290874,0.213500,0.039765,0.224239,0.147720,5.239538,0.488535,0.000000,0.104641,0.343491,0.341955,0.000000,0.032069,0.483851,0.147618,0.300368,0.331801,0.054092,0.022896,0.341088,0.389982,0.003104,0.010161,0.015619,Not run,0.023186,0.039505,Not run
borax,Base_Seq,default,0.231323,0.141783,0.080044,0.079986,0.038043,0.206686,0.112682,0.127016,0.224199,0.336520,0.381439,0.123603,0.157242,0.163627,0.017120,0.017610,0.001832,0.006482,0.046842,0.034289,0.305102,0.138132,0.325156,0.028361,0.325998,0.350959,0.215081,0.271311,0.347619,0.036925,0.267585,0.708030,1.066251,0.100727,0.032787,0.176426,0.926101,0.831436,0.008803,0.013932,0.235076,0.526182,0.680818,0.031583,0.213597,0.281269,0.219754,0.290770,0.213474,0.039255,0.226604,0.147672,5.242810,0.481426,0.000000,0.104748,0.340651,0.342455,0.000000,0.031934,0.486152,0.147690,0.300171,0.336346,0.054113,0.022885,0.341325,0.389699,0.003097,0.010157,0.015656,Not run,0.023174,0.039076,Not run
borax,Base_Seq,default,0.231125,0.143895,0.079938,0.080021,0.038083,0.206825,0.112717,0.126915,0.224254,0.336199,0.381085,0.124524,0.156050,0.163588,0.017126,0.018104,0.001827,0.006482,0.046989,0.034297,0.306036,0.138042,0.324946,0.028406,0.325521,0.351352,0.215338,0.268633,0.352975,0.036929,0.267639,0.708257,1.065740,0.100568,0.032463,0.173440,0.926084,0.834434,0.008804,0.013898,0.235473,0.526414,0.679283,0.031596,0.213558,0.280757,0.219690,0.290832,0.213486,0.039123,0.226633,0.147758,5.243526,0.476337,0.000000,0.104895,0.335201,0.342861,0.000000,0.031912,0.484964,0.148036,0.300270,0.335711,0.054088,0.022886,0.341503,0.389620,0.003095,0.010159,0.015599,Not run,0.023226,0.039349,Not run
borax,Base_Seq,default,0.231642,0.144901,0.079945,0.079927,0.038046,0.208351,0.112678,0.126812,0.226496,0.335959,0.381155,0.123827,0.157779,0.163668,0.017144,0.017405,0.001835,0.006614,0.046777,0.034286,0.313541,0.139787,0.323866,0.028394,0.323341,0.344903,0.215247,0.269456,0.344252,0.036949,0.267259,0.707430,1.065548,0.102501,0.032444,0.173566,0.938339,0.831646,0.008818,0.013928,0.235041,0.525978,0.687083,0.031587,0.213923,0.280686,0.225784,0.289047,0.213790,0.039153,0.226592,0.147842,5.241708,0.483915,0.000000,0.104767,0.333121,0.342512,0.000000,0.031973,0.494124,0.147715,0.300319,0.336273,0.054149,0.022935,0.341367,0.389735,0.003129,0.010090,0.015600,Not run,0.023054,0.039011,Not run
borax,Base_Seq,default,0.230943,0.150839,0.079693,0.079705,0.038089,0.206707,0.112719,0.126775,0.224138,0.336381,0.381338,0.123484,0.156840,0.163978,0.017121,0.018117,0.001830,0.006499,0.046919,0.034290,0.312784,0.139034,0.324087,0.028331,0.325155,0.342660,0.215360,0.268699,0.331924,0.037151,0.267078,0.707353,1.064841,0.100681,0.032426,0.173524,0.927402,0.831332,0.008801,0.014049,0.236596,0.524756,0.686618,0.031570,0.213578,0.279950,0.219476,0.289861,0.213713,0.034561,0.226377,0.147797,5.243411,0.486071,0.000000,0.104873,0.335023,0.342338,0.000000,0.032358,0.492908,0.147613,0.299574,0.335938,0.054153,0.022912,0.341384,0.390220,0.003103,0.010117,0.015562,Not run,0.023225,0.039653,Not run
borax,Base_Seq,default,0.231888,0.143610,0.080135,0.080005,0.038044,0.206534,0.112732,0.126618,0.224203,0.336164,0.381051,0.123438,0.156159,0.163599,0.017156,0.017557,0.001832,0.006443,0.046970,0.034301,0.301290,0.137927,0.325034,0.028427,0.325825,0.350908,0.215493,0.266500,0.347758,0.036939,0.267800,0.707563,1.066070,0.100512,0.032546,0.173347,0.927343,0.832138,0.008810,0.013864,0.235171,0.526156,0.679071,0.031653,0.213884,0.281139,0.219816,0.290907,0.213772,0.040113,0.226948,0.147694,5.244123,0.485671,0.000000,0.108026,0.343409,0.342302,0.000000,0.032126,0.486183,0.147655,0.300215,0.335993,0.054139,0.022920,0.341178,0.390528,0.003097,0.010208,0.015610,Not run,0.023238,0.039369,Not run
borax,Base_Seq,default,0.231526,0.144342,0.079979,0.079989,0.038172,0.206569,0.112718,0.127196,0.224051,0.336359,0.381221,0.124737,0.157162,0.163631,0.017123,0.017618,0.001833,0.006437,0.046956,0.034295,0.305586,0.137983,0.324926,0.028817,0.325634,0.351071,0.215132,0.267597,0.333139,0.036871,0.267585,0.707754,1.066815,0.100558,0.032480,0.173411,0.926234,0.832882,0.008798,0.013901,0.235223,0.525955,0.679346,0.031586,0.213568,0.280875,0.219801,0.290620,0.213467,0.039242,0.226476,0.147456,5.245835,0.485622,0.000000,0.104770,0.343276,0.342216,0.000000,0.031924,0.488328,0.147582,0.300680,0.336010,0.054125,0.022886,0.341191,0.389880,0.003108,0.010161,0.015615,Not run,0.023178,0.039112,Not run
borax,Base_Seq,default,0.232501,0.144890,0.079948,0.079960,0.038047,0.206632,0.112700,0.127011,0.225915,0.337663,0.382668,0.125562,0.155998,0.163694,0.017118,0.018122,0.001829,0.006450,0.046969,0.034283,0.277846,0.137923,0.325031,0.028376,0.327122,0.351995,0.215182,0.267944,0.333786,0.036902,0.267738,0.708279,1.065563,0.100539,0.032467,0.175122,0.926194,0.831511,0.010429,0.013963,0.235234,0.526673,0.679453,0.031599,0.213504,0.280780,0.219745,0.290582,0.213627,0.039200,0.226687,0.147531,5.243358,0.477523,0.000000,0.104691,0.343245,0.342217,0.000000,0.031918,0.487894,0.147618,0.300283,0.335690,0.054185,0.022889,0.341702,0.389487,0.003112,0.010164,0.015599,Not run,0.023225,0.039270,Not run
borax,Base_Seq,default,0.232745,0.143742,0.079926,0.079928,0.038144,0.206578,0.112643,0.126687,0.227389,0.336274,0.381277,0.124540,0.157897,0.163669,0.017130,0.017395,0.001861,0.007399,0.047166,0.034347,0.298147,0.139945,0.323348,0.028423,0.323611,0.344415,0.215158,0.267226,0.315638,0.036939,0.267122,0.709034,1.066127,0.102187,0.032511,0.173483,0.939261,0.833376,0.008826,0.013932,0.235241,0.526034,0.686206,0.031660,0.213857,0.280888,0.225569,0.289066,0.213565,0.039416,0.226441,0.148891,5.246785,0.476709,0.000000,0.104786,0.341921,0.343871,0.000000,0.032042,0.495730,0.147605,0.300390,0.339136,0.054134,0.022938,0.341075,0.389974,0.003121,0.010114,0.015604,Not run,0.023060,0.039018,Not run
borax,Base_Seq,default,0.231391,0.157840,0.079655,0.079674,0.038047,0.206473,0.112699,0.126943,0.223956,0.336143,0.381082,0.123881,0.156804,0.163713,0.017118,0.018385,0.001838,0.006603,0.047010,0.034294,0.283703,0.139033,0.325952,0.028437,0.324879,0.342555,0.215279,0.266003,0.324984,0.038961,0.267034,0.706892,1.063830,0.100513,0.032419,0.173565,0.930224,0.831408,0.008822,0.014105,0.238273,0.524924,0.686401,0.031572,0.213347,0.279909,0.219509,0.289660,0.213837,0.034566,0.226402,0.147492,5.243756,0.491547,0.000000,0.104860,0.343279,0.342190,0.000000,0.032347,0.495963,0.147758,0.301925,0.335963,0.054142,0.022891,0.341299,0.390401,0.003100,0.010117,0.015547,Not run,0.023220,0.039665,Not run
borax,Base_Seq,default,0.232503,0.144024,0.079987,0.080013,0.038091,0.206499,0.112752,0.126861,0.224273,0.336308,0.381138,0.124780,0.156518,0.163731,0.017119,0.017574,0.001835,0.006510,0.046784,0.034293,0.294682,0.137875,0.324897,0.028316,0.326153,0.350937,0.215177,0.263387,0.321311,0.036916,0.267416,0.707200,1.065351,0.100619,0.032536,0.173321,0.926781,0.831111,0.008818,0.013840,0.235365,0.525664,0.679534,0.031590,0.213447,0.280830,0.219539,0.290622,0.213444,0.039811,0.226343,0.147557,5.243514,0.478142,0.000000,0.104757,0.332728,0.342103,0.000000,0.032154,0.488392,0.147598,0.300521,0.339267,0.054150,0.022889,0.341186,0.389964,0.003119,0.010160,0.015611,Not run,0.023174,0.039438,Not run
boraxo,Base_Seq,default,0.228468,0.116892,0.087339,0.087275,0.109225,0.135375,0.163078,0.056815,0.247128,0.229882,0.233337,0.141322,0.169209,0.097301,0.010938,0.010941,0.002032,0.008739,0.027336,0.049292,0.394031,0.177083,0.350317,0.043734,0.352087,0.356551,0.263874,0.409441,0.496360,0.086183,0.353700,0.750056,1.098640,0.132514,0.033903,0.202513,1.003505,0.860952,0.009181,0.021099,0.270547,0.560100,0.765205,0.033714,0.262485,0.315014,0.348660,0.315285,0.262364,0.039522,0.317455,0.187964,6.074113,0.580130,0.000000,0.140001,0.371999,0.404904,0.000000,0.035868,0.610183,0.211056,0.379888,0.450840,0.076583,0.043830,0.526287,0.589896,0.005499,0.009428,0.017663,Not run,0.029832,0.050430,Not run
boraxo,Base_Seq,default,0.230692,0.116689,0.087258,0.087169,0.109221,0.135433,0.163191,0.056879,0.243614,0.229324,0.242177,0.135704,0.168766,0.097541,0.010930,0.010953,0.002281,0.008744,0.027357,0.049851,0.399292,0.176491,0.349877,0.043730,0.351478,0.356610,0.262396,0.409899,0.497081,0.086162,0.354012,0.749948,1.098951,0.132461,0.033953,0.202611,1.009889,0.861070,0.009172,0.021280,0.272916,0.560202,0.765494,0.034030,0.262494,0.314805,0.348537,0.315069,0.261797,0.039595,0.317598,0.187654,6.064296,0.579954,0.000000,0.139980,0.367771,0.407312,0.000000,0.035647,0.616015,0.211046,0.379748,0.449024,0.077953,0.043806,0.526406,0.590515,0.005502,0.009136,0.017503,Not run,0.029704,0.048070,Not run
boraxo,Base_Seq,default,0.229086,0.117097,0.087430,0.087184,0.109253,0.135476,0.163065,0.056436,0.242001,0.229636,0.229234,0.133044,0.170359,0.097624,0.010932,0.010932,0.002010,0.008742,0.027309,0.049293,0.390104,0.176507,0.349163,0.043739,0.350102,0.354207,0.262269,0.404518,0.492206,0.085927,0.354568,0.750470,1.099976,0.132598,0.034106,0.203720,1.032466,0.860464,0.009166,0.021279,0.270948,0.560051,0.765150,0.033761,0.262381,0.314364,0.348504,0.314189,0.261971,0.040415,0.317532,0.189810,6.065313,0.577734,0.000000,0.140022,0.372051,0.404861,0.000000,0.035862,0.611890,0.211093,0.381082,0.450698,0.076401,0.043839,0.526405,0.589865,0.005507,0.009235,0.017479,Not run,0.029790,0.050572,Not run
boraxo,Base_Seq,default,0.236869,0.127594,0.087500,0.087184,0.109241,0.135654,0.163154,0.056846,0.246524,0.235517,0.235862,0.133419,0.169275,0.100099,0.010931,0.010986,0.002277,0.008764,0.027379,0.049863,0.401698,0.179244,0.351276,0.043757,0.354113,0.363836,0.262816,0.405689,0.510903,0.087113,0.354593,0.760318,1.111414,0.133713,0.034446,0.204943,1.011686,0.876364,0.009373,0.021039,0.273532,0.560404,0.771702,0.033882,0.262082,0.315508,0.348312,0.316637,0.262439,0.040234,0.318436,0.188847,6.075717,0.592789,0.000000,0.140071,0.372187,0.406978,0.000000,0.035526,0.625958,0.211122,0.388048,0.449061,0.077856,0.043807,0.526594,0.590582,0.005539,0.010438,0.017561,Not run,0.029735,0.050874,Not run
boraxo,Base_Seq,default,0.227924,0.116726,0.087285,0.087123,0.109222,0.135503,0.163047,0.056575,0.245533,0.229126,0.229181,0.135781,0.170789,0.097570,0.010935,0.010933,0.002204,0.008753,0.027315,0.049296,0.397926,0.177578,0.349984,0.043734,0.351368,0.357100,0.263080,0.401639,0.492854,0.086053,0.356616,0.749097,1.098965,0.132665,0.033861,0.202979,1.023603,0.860481,0.009152,0.021437,0.270786,0.559939,0.764804,0.033740,0.262623,0.315162,0.348325,0.314999,0.262103,0.039895,0.317523,0.189377,6.070970,0.578238,0.000000,0.139976,0.367472,0.404960,0.000000,0.035277,0.617398,0.211084,0.381290,0.450636,0.076561,0.043786,0.526377,0.590385,0.005489,0.009181,0.017508,Not run,0.029793,0.049802,Not run
boraxo,Base_Seq,default,0.221132,0.112170,0.088225,0.087943,0.109282,0.135532,0.163034,0.057316,0.256479,0.227818,0.227919,0.134938,0.174898,0.097183,0.010938,0.010948,0.002192,0.008950,0.027338,0.049311,0.374762,0.179376,0.363153,0.043736,0.365924,0.378770,0.265342,0.406302,0.478171,0.086161,0.354776,0.766199,1.128081,0.132544,0.033790,0.208093,1.017294,0.860082,0.009184,0.021319,0.279305,0.640634,0.866973,0.034011,0.259918,0.335415,0.353798,0.325891,0.261627,0.041234,0.317531,0.188030,6.065727,0.555946,0.000000,0.140049,0.372093,0.404806,0.000000,0.035960,0.607483,0.211088,0.384694,0.450787,0.076691,0.043850,0.526285,0.590209,0.005496,0.009112,0.017868,Not run,0.029817,0.049904,Not run
boraxo,Base_Seq,default,0.221616,0.112534,0.088504,0.088430,0.109228,0.135549,0.163133,0.056640,0.259005,0.228777,0.227867,0.134104,0.176323,0.097647,0.010935,0.010959,0.002229,0.009124,0.027361,0.049865,0.378320,0.179382,0.363345,0.043758,0.366695,0.378129,0.266744,0.406905,0.477502,0.086257,0.354255,0.755429,1.105667,0.132577,0.033860,0.211122,0.998910,0.856860,0.009198,0.021002,0.277150,0.590384,0.826368,0.033658,0.262705,0.328294,0.350733,0.321496,0.261749,0.041286,0.317443,0.187699,6.069874,0.555839,0.000000,0.140003,0.372263,0.407232,0.000000,0.035603,0.606435,0.211066,0.384802,0.449049,0.076574,0.043832,0.526312,0.589823,0.005483,0.009229,0.017794,Not run,0.029713,0.047722,Not run
boraxo,Base_Seq,default,0.222556,0.113065,0.088403,0.087876,0.109224,0.135560,0.163130,0.056674,0.253816,0.241145,0.237934,0.131686,0.176566,0.099074,0.010935,0.010934,0.002158,0.008953,0.027311,0.049315,0.373876,0.179645,0.357091,0.043785,0.359069,0.369422,0.266544,0.401367,0.475476,0.086066,0.351121,0.751228,1.112347,0.132557,0.035529,0.209101,1.035727,0.954990,0.009655,0.021269,0.277049,0.568309,0.821498,0.037828,0.266104,0.314874,0.348633,0.318865,0.263209,0.041969,0.317404,0.189005,6.079420,0.558257,0.000000,0.140166,0.372116,0.405033,0.000000,0.036007,0.610333,0.211152,0.379239,0.450661,0.077058,0.043902,0.526260,0.589977,0.005636,0.009555,0.017528,Not run,0.029852,0.050093,Not run
boraxo,Base_Seq,default,0.226044,0.121921,0.087578,0.087311,0.109224,0.135994,0.163336,0.056747,0.250139,0.235841,0.235981,0.132010,0.172772,0.099748,0.010929,0.010963,0.002271,0.008768,0.027402,0.049880,0.376303,0.179484,0.351234,0.043745,0.353907,0.370946,0.263380,0.406615,0.488143,0.087011,0.355681,0.757296,1.107580,0.133863,0.034353,0.204815,1.013410,0.872508,0.009320,0.021089,0.275086,0.562037,0.773154,0.034111,0.262498,0.315868,0.348781,0.316654,0.262782,0.041353,0.318758,0.186445,6.070006,0.572749,0.000000,0.140092,0.372229,0.407047,0.000000,0.035567,0.622535,0.211119,0.392758,0.450432,0.076447,0.043796,0.526358,0.590121,0.005545,0.009595,0.017581,Not run,0.029733,0.050869,Not run
boraxo,Base_Seq,default,0.223497,0.113026,0.088879,0.088349,0.109254,0.135406,0.163158,0.056301,0.255809,0.227917,0.227948,0.130725,0.174944,0.096965,0.010932,0.010933,0.002192,0.008874,0.027323,0.049296,0.361803,0.177461,0.361351,0.043771,0.363088,0.376025,0.265015,0.399431,0.476937,0.086369,0.353172,0.776558,1.104671,0.132567,0.033819,0.207289,0.999516,0.922752,0.009203,0.020972,0.277977,0.602738,0.828236,0.033467,0.261151,0.322915,0.349956,0.321380,0.261900,0.040881,0.317395,0.188511,6.071959,0.557387,0.000000,0.140022,0.371927,0.404963,0.000000,0.035271,0.606248,0.211159,0.383161,0.450739,0.076877,0.043864,0.526252,0.590552,0.005488,0.009080,0.018033,Not run,0.029799,0.049526,Not run
boraxo,Base_Seq,default,0.223359,0.112460,0.087460,0.087354,0.109240,0.135556,0.163119,0.056544,0.248901,0.229110,0.232653,0.133526,0.168913,0.097410,0.010939,0.010941,0.002044,0.008759,0.027337,0.049325,0.385531,0.175517,0.351309,0.043742,0.353383,0.360104,0.263731,0.406802,0.476074,0.086167,0.351019,0.749650,1.098095,0.132329,0.033924,0.204644,1.014789,0.860811,0.009240,0.021255,0.270807,0.560149,0.765371,0.033509,0.262195,0.315794,0.349301,0.316082,0.262088,0.040076,0.317652,0.187073,6.071373,0.551931,0.000000,0.140059,0.371855,0.404999,0.000000,0.035843,0.609992,0.211152,0.374611,0.450656,0.076872,0.043807,0.526051,0.589508,0.005490,0.009162,0.017512,Not run,0.029812,0.050427,Not run
boraxo,Base_Seq,default,0.223098,0.112664,0.087274,0.087171,0.109237,0.135346,0.163076,0.056767,0.243254,0.229616,0.235176,0.133603,0.166506,0.097531,0.010933,0.010959,0.002222,0.008741,0.027381,0.049854,0.384415,0.175148,0.349975,0.043736,0.351413,0.354417,0.262158,0.408339,0.476078,0.086123,0.350262,0.749336,1.098439,0.132223,0.034113,0.201831,1.021986,0.860610,0.009267,0.021412,0.273434,0.560984,0.766791,0.033737,0.262114,0.314878,0.348592,0.315121,0.261536,0.039469,0.317559,0.186305,6.066433,0.554261,0.000000,0.139982,0.372094,0.407128,0.000000,0.035697,0.606739,0.211093,0.372076,0.448861,0.076276,0.043793,0.526288,0.589313,0.005475,0.009150,0.017503,Not run,0.029718,0.048072,Not run
boraxo,Base_Seq,default,0.224611,0.113573,0.087479,0.087281,0.109243,0.135380,0.163070,0.056552,0.244827,0.229160,0.229322,0.131599,0.169441,0.097546,0.010937,0.010935,0.002168,0.008799,0.027311,0.049307,0.383874,0.175638,0.351293,0.043738,0.352146,0.358268,0.266101,0.402165,0.473650,0.085917,0.351249,0.749117,1.098258,0.132326,0.034010,0.204090,1.021988,0.860371,0.009147,0.021009,0.271036,0.560160,0.765229,0.033765,0.262604,0.314717,0.349148,0.314960,0.261998,0.040126,0.317536,0.186486,6.070870,0.551917,0.000000,0.140048,0.372250,0.395954,0.000000,0.035906,0.608400,0.211292,0.373261,0.450705,0.076844,0.043834,0.526229,0.589411,0.005488,0.009221,0.017537,Not run,0.029794,0.050082,Not run
boraxo,Base_Seq,default,0.227382,0.122499,0.087333,0.087089,0.109229,0.135385,0.163160,0.056718,0.243575,0.235879,0.235837,0.131768,0.169207,0.100066,0.010931,0.010960,0.002287,0.008729,0.027381,0.049849,0.370797,0.177229,0.350471,0.043746,0.353153,0.362711,0.261371,0.404596,0.488783,0.086989,0.351925,0.760241,1.111061,0.133430,0.034416,0.203425,1.012011,0.876509,0.009380,0.021046,0.273763,0.559962,0.771783,0.033916,0.261336,0.315092,0.347621,0.315988,0.261417,0.039939,0.318325,0.186716,6.072187,0.570170,0.000000,0.140007,0.372109,0.407003,0.000000,0.035531,0.622682,0.211145,0.377168,0.448829,0.077376,0.043796,0.526256,0.590355,0.005516,0.010134,0.017539,Not run,0.029737,0.050748,Not run
boraxo,Base_Seq,default,0.220399,0.112429,0.087298,0.087123,0.109227,0.135318,0.163256,0.056421,0.243481,0.230690,0.229107,0.134535,0.167098,0.097718,0.010934,0.010933,0.002207,0.008734,0.027315,0.049306,0.383067,0.175163,0.349981,0.043745,0.351355,0.354682,0.262070,0.399416,0.473889,0.086091,0.350292,0.749243,1.098275,0.132287,0.033941,0.201921,1.003853,0.860579,0.009165,0.021034,0.270869,0.560001,0.766091,0.033595,0.261977,0.314607,0.348320,0.315152,0.261484,0.039806,0.317586,0.186269,6.060465,0.552078,0.000000,0.140000,0.371964,0.405000,0.000000,0.035286,0.609729,0.211192,0.372270,0.450795,0.076721,0.043790,0.526274,0.589583,0.005483,0.009187,0.017503,Not run,0.029807,0.049802,Not run
corona-cpu,Base_Seq,default,0.146372,0.069779,0.026027,0.027231,0.038423,0.120764,0.134225,0.131069,0.151342,0.390518,0.391083,0.076614,0.095196,0.127477,0.020231,0.020917,0.004664,0.003164,0.052281,0.043057,0.210961,0.101025,0.115049,0.017618,0.117253,0.197009,0.148486,0.235717,0.318926,0.029821,0.166915,0.490943,0.749230,0.120858,0.021264,0.111549,0.443740,0.592257,0.005219,0.012585,0.184190,0.336148,0.525197,0.019715,0.161784,0.095354,0.119482,0.093604,0.163320,0.053946,0.183569,0.313884,4.463731,0.494451,0.000000,0.061048,0.228769,0.226371,0.000000,0.031205,0.434049,0.166872,0.248569,0.264251,0.048237,0.024088,0.410372,0.458247,0.002843,0.003176,0.005449,Not run,0.026573,0.030352,Not run
corona-cpu,Base_Seq,default,0.145549,0.069996,0.026574,0.027155,0.037841,0.124777,0.134407,0.131522,0.151810,0.387759,0.387585,0.077246,0.101855,0.136863,0.019651,0.019459,0.004717,0.003206,0.052237,0.042495,0.212015,0.112639,0.114339,0.017683,0.113014,0.190807,0.102300,0.235776,0.315562,0.032248,0.191026,0.491946,0.746933,0.119506,0.020812,0.074002,0.507015,0.590413,0.005337,0.013758,0.126992,0.246992,0.407203,0.019550,0.085975,0.095202,0.119638,0.097322,0.087035,0.049310,0.181075,0.290615,4.466698,0.483535,0.000000,0.060957,0.228764,0.227358,0.000000,0.030869,0.434341,0.166689,0.243146,0.261061,0.048338,0.024083,0.411218,0.459029,0.002845,0.003243,0.005353,Not run,0.026453,0.022756,Not run
corona-cpu,Base_Seq,default,0.147858,0.070162,0.025960,0.027283,0.038339,0.117154,0.134763,0.130500,0.148996,0.391178,0.392279,0.076520,0.095419,0.126151,0.020630,0.020437,0.000989,0.003287,0.053024,0.041734,0.218596,0.093644,0.114090,0.017844,0.116408,0.176930,0.098684,0.220827,0.318623,0.029010,0.182313,0.488046,0.743648,0.109926,0.020662,0.076624,0.379019,0.592580,0.005309,0.011643,0.127473,0.230607,0.418858,0.019602,0.093916,0.103025,0.120018,0.097137,0.093061,0.039360,0.179391,0.206615,4.457701,0.469330,0.000000,0.060900,0.229246,0.226594,0.000000,0.031170,0.433914,0.167441,0.228684,0.263110,0.047919,0.024116,0.409952,0.460216,0.002850,0.003283,0.006054,Not run,0.026748,0.020153,Not run
corona-cpu,Base_Seq,default,0.145451,0.069822,0.026973,0.027958,0.038184,0.121987,0.134041,0.132516,0.157681,0.388189,0.389438,0.077582,0.099460,0.125531,0.020227,0.019962,0.004674,0.003861,0.052379,0.042803,0.214874,0.106142,0.115159,0.017556,0.115226,0.186973,0.130785,0.235491,0.319301,0.031711,0.180654,0.488124,0.749111,0.118156,0.021049,0.095120,0.487425,0.593406,0.005319,0.013323,0.126448,0.229466,0.406277,0.019551,0.097969,0.096349,0.120015,0.148680,0.096770,0.048500,0.184077,0.292364,4.450241,0.503369,0.000000,0.061189,0.229189,0.225498,0.000000,0.031299,0.433834,0.167124,0.249421,0.263929,0.049067,0.023961,0.411600,0.461751,0.002838,0.003246,0.005513,Not run,0.026522,0.028897,Not run
corona-cpu,Base_Seq,default,0.147248,0.069090,0.026114,0.027009,0.038153,0.112359,0.133243,0.130776,0.153050,0.388161,0.390828,0.075691,0.096603,0.125978,0.020134,0.020282,0.001068,0.003256,0.051889,0.042727,0.217996,0.097608,0.114428,0.017578,0.113261,0.187620,0.101712,0.219516,0.319556,0.030315,0.190000,0.486182,0.737439,0.109599,0.021163,0.076291,0.381819,0.592119,0.005231,0.011461,0.128690,0.231019,0.407179,0.019584,0.095133,0.095104,0.120119,0.093476,0.095590,0.044473,0.177310,0.207549,4.466242,0.481206,0.000000,0.060830,0.228898,0.227344,0.000000,0.031567,0.434577,0.166368,0.237812,0.264633,0.047582,0.024080,0.411682,0.459604,0.002847,0.003249,0.005522,Not run,0.026413,0.019883,Not run
corona-cpu,Base_Seq,default,0.140425,0.077076,0.029609,0.031329,0.037813,0.120934,0.133296,0.130146,0.173427,0.383013,0.382829,0.076156,0.115791,0.136602,0.020530,0.020035,0.001097,0.003579,0.052228,0.041746,0.207555,0.118011,0.130043,0.017445,0.136319,0.210498,0.147800,0.241391,0.318561,0.031376,0.226404,0.483502,0.744705,0.119631,0.020997,0.113597,0.364126,0.591412,0.005312,0.011442,0.127798,0.211562,0.404251,0.019611,0.183828,0.112587,0.135500,0.139196,0.182018,0.048292,0.183869,0.201498,4.429838,0.526813,0.000000,0.060918,0.227694,0.227496,0.000001,0.031290,0.437420,0.166227,0.269407,0.262763,0.051149,0.024477,0.411131,0.463013,0.002914,0.003146,0.006320,Not run,0.026672,0.020750,Not run
corona-cpu,Base_Seq,default,0.146839,0.067590,0.026821,0.027542,0.038446,0.117850,0.134262,0.132260,0.154649,0.389346,0.390795,0.076805,0.099605,0.136430,0.020535,0.020361,0.004979,0.003252,0.052473,0.043306,0.217753,0.099508,0.114898,0.017736,0.115854,0.179864,0.123347,0.231596,0.329427,0.031473,0.207809,0.492470,0.749887,0.125508,0.020922,0.103255,0.382073,0.597024,0.005267,0.011520,0.131536,0.232114,0.407355,0.019695,0.135000,0.095852,0.120802,0.094746,0.140005,0.052496,0.185654,0.322397,4.482305,0.505070,0.000000,0.060851,0.229284,0.227570,0.000000,0.031470,0.435689,0.167428,0.253649,0.265151,0.048885,0.024157,0.412676,0.460200,0.002906,0.003280,0.005334,Not run,0.026947,0.021815,Not run
corona-cpu,Base_Seq,default,0.146956,0.070157,0.025929,0.026882,0.038612,0.114213,0.134333,0.132129,0.157544,0.391061,0.391893,0.077386,0.102775,0.126753,0.019974,0.020099,0.004942,0.003268,0.054024,0.043087,0.216135,0.107993,0.113261,0.017961,0.114810,0.182299,0.103530,0.237465,0.319725,0.031183,0.177914,0.494412,0.755738,0.123466,0.021215,0.132165,0.382930,0.598063,0.005332,0.011520,0.130689,0.248100,0.409315,0.019737,0.198707,0.096058,0.120848,0.135520,0.209555,0.054997,0.185340,0.310223,4.480645,0.502102,0.000000,0.061354,0.228951,0.228436,0.000000,0.031399,0.435082,0.168532,0.253961,0.265205,0.048687,0.024219,0.410504,0.461688,0.002926,0.003123,0.005494,Not run,0.027100,0.029109,Not run
corona-cpu,Base_Seq,default,0.148181,0.070254,0.025971,0.027449,0.038522,0.113979,0.134465,0.130943,0.149366,0.390826,0.390614,0.076599,0.096279,0.136292,0.020046,0.019772,0.000991,0.003438,0.052545,0.042472,0.221583,0.094020,0.115004,0.017897,0.116289,0.178869,0.099019,0.222729,0.326487,0.029904,0.168233,0.489484,0.744878,0.109340,0.021320,0.074964,0.379164,0.595701,0.005420,0.011626,0.128965,0.216756,0.419385,0.019672,0.099067,0.106052,0.123895,0.099670,0.101940,0.038479,0.175437,0.192727,4.481049,0.468435,0.000000,0.061131,0.229127,0.228328,0.000000,0.031189,0.436742,0.167083,0.230327,0.262348,0.048591,0.024190,0.410052,0.461002,0.002916,0.003227,0.006140,Not run,0.026974,0.020522,Not run
corona-cpu,Base_Seq,default,0.148339,0.070062,0.026478,0.027327,0.038440,0.124039,0.134420,0.132451,0.156217,0.392396,0.393084,0.080074,0.099681,0.127847,0.020701,0.020167,0.004948,0.003157,0.052719,0.043006,0.218060,0.106089,0.116299,0.017887,0.115656,0.198460,0.129984,0.233601,0.319284,0.032608,0.185883,0.495176,0.753570,0.120451,0.021362,0.084570,0.402669,0.596490,0.005328,0.011895,0.129263,0.232220,0.406983,0.019623,0.124394,0.094617,0.119797,0.098934,0.132646,0.050788,0.183546,0.327775,4.485339,0.508903,0.000000,0.061287,0.229678,0.228838,0.000000,0.031604,0.438939,0.167370,0.258667,0.266415,0.049780,0.024110,0.414320,0.462491,0.002945,0.003291,0.005483,Not run,0.027066,0.020283,Not run
corona-cpu,Base_Seq,default,0.147059,0.067099,0.026888,0.027568,0.038164,0.120058,0.134712,0.132045,0.150630,0.391460,0.391447,0.076241,0.097841,0.128386,0.020549,0.020503,0.001019,0.003269,0.052622,0.043367,0.211995,0.098792,0.117588,0.017851,0.115797,0.181741,0.101070,0.221256,0.328398,0.031012,0.183848,0.490393,0.747961,0.112280,0.021184,0.086566,0.383313,0.595512,0.005287,0.011515,0.129357,0.231501,0.407495,0.019682,0.103126,0.097511,0.121841,0.095681,0.099203,0.044986,0.180599,0.207130,4.480847,0.476841,0.000000,0.061101,0.230445,0.227964,0.000000,0.031369,0.435693,0.166957,0.236521,0.264410,0.048811,0.024114,0.411905,0.460464,0.002927,0.003132,0.005559,Not run,0.026917,0.019802,Not run
corona-cpu,Base_Seq,default,0.147075,0.076823,0.027112,0.028336,0.038400,0.126963,0.134279,0.132171,0.176506,0.392497,0.391589,0.077005,0.119137,0.127971,0.020513,0.020337,0.000958,0.003077,0.052340,0.042721,0.218646,0.116472,0.117088,0.017734,0.116809,0.217320,0.117944,0.243408,0.318525,0.031976,0.223422,0.493593,0.755757,0.119987,0.021191,0.092363,0.376380,0.599668,0.005378,0.011581,0.129167,0.218684,0.412697,0.019736,0.127843,0.098192,0.121409,0.368429,0.129322,0.047295,0.186558,0.197726,4.482239,0.529855,0.000000,0.061361,0.229848,0.228407,0.000000,0.031599,0.440472,0.168154,0.273366,0.267911,0.049837,0.024105,0.412817,0.464686,0.002940,0.003200,0.005478,Not run,0.027149,0.020415,Not run
corona-cpu,Base_Seq,default,0.148240,0.069160,0.026761,0.028529,0.038108,0.113199,0.132794,0.130421,0.153556,0.391901,0.390030,0.076854,0.097779,0.131237,0.020433,0.020399,0.004907,0.003709,0.051942,0.042473,0.217506,0.105085,0.117661,0.017584,0.116161,0.183215,0.113568,0.234451,0.316097,0.030216,0.184650,0.491361,0.746743,0.119219,0.020689,0.104316,0.397704,0.593479,0.005209,0.011606,0.128038,0.220430,0.411441,0.019521,0.129029,0.097843,0.121452,0.105134,0.130819,0.049954,0.184437,0.318018,4.449057,0.490477,0.000000,0.060345,0.228344,0.225958,0.000000,0.031206,0.432912,0.164969,0.240846,0.263147,0.048581,0.024015,0.406299,0.455507,0.002857,0.003202,0.005533,Not run,0.026458,0.019459,Not run
corona-cpu,Base_Seq,default,0.146932,0.069671,0.026737,0.028068,0.037911,0.114839,0.132728,0.131968,0.151981,0.389618,0.389087,0.076393,0.098250,0.134093,0.020667,0.020064,0.004900,0.003290,0.052338,0.042526,0.215444,0.113273,0.122194,0.017578,0.122546,0.188153,0.112741,0.237168,0.316101,0.030732,0.176053,0.491384,0.748843,0.121731,0.020678,0.100564,0.380810,0.590369,0.005222,0.011388,0.127010,0.220837,0.409200,0.019650,0.122541,0.109379,0.134008,0.108052,0.120923,0.050755,0.184148,0.332207,4.458091,0.498783,0.000000,0.060991,0.227256,0.226371,0.000000,0.031152,0.431223,0.166052,0.255731,0.262664,0.048877,0.024220,0.410541,0.459975,0.002901,0.003227,0.005978,Not run,0.026356,0.023725,Not run
corona-cpu,Base_Seq,default,0.143112,0.068058,0.025966,0.027221,0.038263,0.116723,0.133137,0.131221,0.149968,0.386321,0.388021,0.077345,0.098569,0.134115,0.019633,0.019765,0.000987,0.003400,0.051818,0.042293,0.215019,0.095754,0.114503,0.017558,0.116344,0.179345,0.108686,0.221771,0.313076,0.029526,0.176360,0.486705,0.742128,0.109318,0.021009,0.087430,0.410717,0.592691,0.005302,0.012246,0.128054,0.219056,0.412784,0.019416,0.104416,0.102022,0.118652,0.096432,0.107442,0.041075,0.174649,0.198661,4.446953,0.467674,0.000000,0.060071,0.227449,0.225885,0.000000,0.030766,0.430193,0.165804,0.227910,0.258907,0.048748,0.023972,0.407090,0.458007,0.002893,0.003237,0.006121,Not run,0.026932,0.025026,Not run
corona-cpu,Base_Seq,default,0.149186,0.070107,0.028641,0.031376,0.037855,0.116329,0.133092,0.131570,0.160140,0.389693,0.390400,0.077052,0.102054,0.127739,0.019499,0.020096,0.004899,0.003328,0.052064,0.042491,0.216833,0.111072,0.124320,0.017789,0.129273,0.194054,0.121224,0.237088,0.315984,0.031897,0.184142,0.488501,0.746161,0.120536,0.020777,0.091465,0.381654,0.591632,0.005220,0.011571,0.130139,0.219369,0.410753,0.019752,0.167962,0.113436,0.138602,0.113847,0.170377,0.054075,0.183996,0.314477,4.447082,0.510968,0.000000,0.060882,0.228601,0.226282,0.000000,0.030991,0.431051,0.167028,0.261598,0.263656,0.050100,0.024161,0.406156,0.457607,0.002853,0.003257,0.006022,Not run,0.026405,0.025574,Not run
corona-cpu,Base_Seq,default,0.148606,0.068942,0.026755,0.028306,0.037721,0.111409,0.133059,0.131322,0.152075,0.387451,0.389319,0.076381,0.097291,0.129800,0.020513,0.020254,0.001082,0.003301,0.052295,0.041939,0.217498,0.094014,0.117900,0.017552,0.115395,0.182644,0.108596,0.221713,0.323621,0.029719,0.178206,0.487744,0.743268,0.109071,0.020844,0.081795,0.407400,0.589853,0.005214,0.011953,0.131265,0.217558,0.409808,0.019283,0.106766,0.102498,0.126233,0.099967,0.105872,0.044721,0.178139,0.200832,4.453731,0.482810,0.000000,0.060551,0.227864,0.226860,0.000000,0.030952,0.430583,0.166415,0.225298,0.263468,0.048045,0.023958,0.409045,0.456914,0.002886,0.003150,0.005527,Not run,0.026612,0.019658,Not run
corona-cpu,Base_Seq,default,0.142603,0.077216,0.027922,0.028571,0.038066,0.118474,0.133851,0.130662,0.174636,0.383135,0.385532,0.075887,0.115281,0.126049,0.020554,0.020002,0.000963,0.003220,0.051868,0.042071,0.214875,0.114946,0.120446,0.017662,0.119635,0.209912,0.119818,0.240993,0.317012,0.030329,0.224048,0.488765,0.746478,0.118192,0.020807,0.091911,0.368030,0.594785,0.005261,0.011490,0.128421,0.214501,0.411329,0.019755,0.138766,0.102055,0.122787,0.104872,0.135601,0.047536,0.185290,0.212858,4.448213,0.531160,0.000000,0.060508,0.227214,0.225220,0.000000,0.031093,0.436303,0.166799,0.264394,0.265445,0.050477,0.024275,0.407916,0.460409,0.002819,0.003149,0.005788,Not run,0.026572,0.019694,Not run
dane,Base_Seq,default,0.093187,0.067839,0.052943,0.052928,0.066090,0.081393,0.100848,0.029594,0.152970,0.140464,0.140957,0.057292,0.109214,0.060320,0.006606,0.006925,0.000805,0.004983,0.016803,0.026769,0.205018,0.102334,0.209221,0.026469,0.212690,0.237981,0.153637,0.199009,0.275058,0.014836,0.206730,0.343331,0.515363,0.081845,0.015209,0.118567,0.629486,0.417096,0.004397,0.011844,0.113447,0.364817,0.430326,0.014431,0.153748,0.188120,0.193932,0.188353,0.153530,0.020759,0.105678,0.082254,2.622273,0.326113,0.000000,0.044387,0.112853,0.113433,0.000000,0.017782,0.251320,0.142897,0.218363,0.157577,0.026642,0.013235,0.307873,0.334772,0.002385,0.005595,0.010457,Not run,0.023763,0.022974,Not run
dane,Base_Seq,default,0.093050,0.069973,0.052975,0.052942,0.066091,0.081411,0.100788,0.029369,0.158458,0.139953,0.139891,0.057256,0.113344,0.060375,0.006612,0.006616,0.000833,0.004870,0.016524,0.026862,0.206614,0.102696,0.209252,0.026458,0.212578,0.241331,0.154910,0.199096,0.275812,0.014866,0.210925,0.342784,0.514783,0.081894,0.015291,0.119278,0.629210,0.416646,0.004378,0.011694,0.107850,0.364617,0.430332,0.014516,0.154621,0.188099,0.193915,0.188258,0.154765,0.020847,0.105721,0.082924,2.622331,0.328011,0.000000,0.044430,0.112853,0.113511,0.000000,0.017724,0.251376,0.142869,0.220270,0.157557,0.026643,0.013236,0.306844,0.334839,0.002549,0.005557,0.010456,Not run,0.023660,0.022851,Not run
dane,Base_Seq,default,0.109624,0.073072,0.055749,0.055680,0.066215,0.081465,0.101123,0.033389,0.162462,0.151817,0.151869,0.068292,0.118747,0.081737,0.006616,0.008085,0.000785,0.005921,0.017804,0.026810,0.208268,0.110750,0.227023,0.026494,0.239555,0.241474,0.165844,0.183716,0.327063,0.015605,0.233930,0.380234,0.553806,0.082033,0.018803,0.125394,0.863888,0.420924,0.005482,0.015970,0.114589,0.409476,0.452480,0.018595,0.166714,0.204468,0.214938,0.205279,0.166807,0.024002,0.105700,0.083882,2.626359,0.376368,0.000000,0.044481,0.113264,0.113731,0.000000,0.018266,0.246272,0.142937,0.242758,0.157638,0.026934,0.013331,0.306990,0.336137,0.002798,0.006054,0.011349,Not run,0.024693,0.023654,Not run
dane,Base_Seq,default,0.127853,0.066817,0.052950,0.052935,0.066102,0.081363,0.100851,0.029292,0.154419,0.141285,0.141580,0.057067,0.110431,0.060384,0.006606,0.006829,0.000787,0.005091,0.016770,0.026794,0.204722,0.102373,0.209281,0.026456,0.212895,0.237980,0.153555,0.198804,0.274991,0.014709,0.206841,0.343241,0.515321,0.081858,0.015313,0.118561,0.629397,0.417301,0.004386,0.011804,0.108053,0.364835,0.430295,0.014500,0.153719,0.188145,0.193878,0.188402,0.153476,0.020669,0.105665,0.081997,2.622805,0.326488,0.000000,0.044385,0.112980,0.113388,0.000000,0.017852,0.251461,0.142867,0.217675,0.157515,0.026687,0.013242,0.305999,0.334401,0.002346,0.005577,0.010459,Not run,0.023849,0.023090,Not run
dane,Base_Seq,default,0.127605,0.085447,0.052983,0.052938,0.066100,0.081385,0.100770,0.029380,0.154175,0.138144,0.138521,0.057243,0.109141,0.060470,0.006606,0.006616,0.000928,0.004841,0.016522,0.026691,0.287492,0.102367,0.209113,0.026460,0.212405,0.237728,0.153896,0.199055,0.277779,0.015096,0.209511,0.342726,0.515347,0.081832,0.015317,0.118528,0.624402,0.416188,0.004377,0.011660,0.107858,0.364584,0.430102,0.014475,0.153526,0.187981,0.193772,0.188161,0.153911,0.021288,0.105654,0.086400,2.622678,0.323895,0.000000,0.044400,0.112822,0.113494,0.000000,0.017720,0.251529,0.142826,0.220198,0.157558,0.026679,0.013233,0.307031,0.334670,0.002524,0.005478,0.010451,Not run,0.023587,0.023252,Not run
dane,Base_Seq,default,0.092837,0.068251,0.052945,0.052938,0.066078,0.081354,0.100881,0.029598,0.155356,0.140928,0.141115,0.057232,0.113021,0.060265,0.006611,0.006838,0.000815,0.005091,0.016757,0.026830,0.204630,0.102569,0.209298,0.026462,0.212730,0.238610,0.153626,0.198890,0.275169,0.014811,0.211629,0.343336,0.515550,0.081851,0.015223,0.119212,0.629064,0.417410,0.004363,0.011796,0.108022,0.364858,0.430199,0.014410,0.153697,0.188103,0.193975,0.188438,0.153554,0.020526,0.105684,0.082489,2.622790,0.329430,0.000000,0.044363,0.112835,0.113662,0.000000,0.017959,0.251182,0.142921,0.220107,0.157564,0.026665,0.013235,0.306981,0.334187,0.002377,0.005598,0.010449,Not run,0.023812,0.022992,Not run
dane,Base_Seq,default,0.093201,0.070890,0.052980,0.052936,0.066090,0.081374,0.100877,0.029934,0.161896,0.140935,0.140764,0.057273,0.114556,0.060382,0.006615,0.006615,0.000848,0.004869,0.016525,0.026807,0.205088,0.105560,0.209242,0.026462,0.212531,0.242990,0.153640,0.198289,0.274864,0.014768,0.207420,0.342607,0.515236,0.081845,0.015231,0.118495,0.628961,0.415888,0.004364,0.011680,0.107692,0.364297,0.430177,0.014422,0.153657,0.188089,0.193875,0.188297,0.153519,0.020500,0.105635,0.084354,2.622649,0.322948,0.000000,0.044394,0.112877,0.113477,0.000000,0.017742,0.252200,0.142888,0.224551,0.157548,0.026618,0.013237,0.307496,0.334647,0.002574,0.005596,0.010457,Not run,0.023556,0.022995,Not run
dane,Base_Seq,default,0.092333,0.068295,0.052715,0.052709,0.066103,0.081401,0.100826,0.029343,0.166539,0.128068,0.128356,0.057024,0.117125,0.055967,0.006624,0.006923,0.001036,0.005053,0.016828,0.026872,0.205637,0.105143,0.208612,0.026468,0.212052,0.247601,0.154844,0.194126,0.274321,0.015025,0.209386,0.333661,0.509811,0.081841,0.015145,0.118316,0.623750,0.412483,0.004285,0.011732,0.107997,0.363650,0.428647,0.014322,0.153234,0.187594,0.193158,0.188061,0.153008,0.020645,0.105671,0.084702,2.622905,0.327237,0.000000,0.044405,0.112812,0.113315,0.000000,0.017763,0.252281,0.142765,0.228640,0.157635,0.026689,0.013240,0.306158,0.336018,0.002192,0.005208,0.010419,Not run,0.023829,0.022844,Not run
dane,Base_Seq,default,0.127974,0.085701,0.052677,0.052634,0.066096,0.081660,0.102519,0.030711,0.159224,0.134895,0.134863,0.056936,0.113810,0.054957,0.006609,0.006613,0.000951,0.004839,0.016534,0.026690,0.281221,0.101519,0.211429,0.026492,0.213175,0.235913,0.154828,0.210212,0.282256,0.021179,0.205037,0.329841,0.496841,0.081669,0.014827,0.118574,0.597767,0.401724,0.004441,0.011705,0.112103,0.342249,0.425756,0.014090,0.154563,0.191565,0.193366,0.189956,0.154402,0.022047,0.116732,0.092617,2.622732,0.363713,0.000000,0.046638,0.113422,0.113933,0.000000,0.018095,0.319936,0.142985,0.224372,0.160835,0.034535,0.013583,0.309014,0.345847,0.002508,0.005281,0.010643,Not run,0.023896,0.021105,Not run
dane,Base_Seq,default,0.109409,0.073302,0.055569,0.055557,0.066228,0.081465,0.101071,0.033552,0.162745,0.151042,0.151087,0.070909,0.117327,0.082079,0.006619,0.008045,0.001078,0.005919,0.017826,0.026855,0.207277,0.117756,0.227014,0.026496,0.239120,0.241023,0.165930,0.185804,0.327601,0.015302,0.231842,0.380489,0.554447,0.081940,0.018775,0.125210,0.871836,0.420159,0.005487,0.015985,0.114563,0.407585,0.453098,0.018982,0.166374,0.204384,0.215107,0.205210,0.165950,0.023547,0.105860,0.084319,2.625007,0.380559,0.000000,0.044411,0.113115,0.113608,0.000000,0.018156,0.246022,0.143173,0.240450,0.157372,0.026852,0.013327,0.307175,0.336125,0.002446,0.005421,0.011333,Not run,0.024682,0.023485,Not run
dane,Base_Seq,default,0.128416,0.083501,0.052640,0.052623,0.066121,0.081598,0.103284,0.031021,0.161305,0.131160,0.131161,0.056821,0.113622,0.052949,0.006611,0.006827,0.000919,0.005313,0.016985,0.026667,0.283680,0.100761,0.211478,0.026494,0.213314,0.233769,0.154758,0.211072,0.282481,0.021376,0.204171,0.331554,0.498267,0.081708,0.014708,0.118605,0.597696,0.414688,0.004251,0.011942,0.107927,0.363351,0.428893,0.014109,0.153348,0.187641,0.193264,0.188115,0.153009,0.020500,0.105723,0.084478,2.622729,0.324821,0.000000,0.044384,0.113024,0.113367,0.000000,0.017901,0.251876,0.142729,0.221501,0.157629,0.026632,0.013239,0.307084,0.334854,0.002269,0.005370,0.010426,Not run,0.023780,0.022798,Not run
dane,Base_Seq,default,0.128911,0.084994,0.052693,0.052599,0.066107,0.081855,0.102563,0.030705,0.164905,0.132108,0.132062,0.057295,0.115060,0.056752,0.006613,0.006617,0.000976,0.004835,0.016522,0.026701,0.282291,0.102889,0.211387,0.026491,0.213077,0.238048,0.154775,0.208726,0.288967,0.021928,0.205255,0.331807,0.498942,0.081715,0.015219,0.118778,0.603561,0.396316,0.004495,0.011694,0.112058,0.342002,0.425477,0.014423,0.157358,0.191330,0.193179,0.189873,0.154354,0.022419,0.117520,0.101453,2.623239,0.358316,0.000000,0.046617,0.113545,0.114073,0.000000,0.018185,0.323261,0.143038,0.224899,0.160656,0.034481,0.013535,0.309535,0.346456,0.002525,0.005282,0.010636,Not run,0.023859,0.021314,Not run
dane,Base_Seq,default,0.092229,0.068129,0.052451,0.052424,0.066081,0.081387,0.104196,0.029600,0.162119,0.136570,0.136819,0.056876,0.116108,0.057854,0.006608,0.006938,0.001054,0.005085,0.016825,0.026842,0.206086,0.102681,0.208668,0.026458,0.212292,0.238976,0.153112,0.198254,0.273665,0.014966,0.208379,0.336262,0.507105,0.081885,0.014900,0.118274,0.626924,0.408009,0.004266,0.011952,0.108095,0.363520,0.428792,0.014104,0.153252,0.187673,0.193302,0.188044,0.153029,0.020623,0.105633,0.084029,2.622437,0.328019,0.000000,0.044360,0.112849,0.113673,0.000000,0.017990,0.251516,0.142855,0.227174,0.157626,0.026614,0.013234,0.306543,0.335415,0.002342,0.005389,0.010407,Not run,0.023798,0.022830,Not run
dane,Base_Seq,default,0.092811,0.070990,0.052807,0.052768,0.066234,0.081380,0.100871,0.029328,0.160300,0.132828,0.133010,0.056989,0.115912,0.057185,0.006606,0.006611,0.000912,0.004860,0.016527,0.026900,0.204711,0.102801,0.208777,0.026473,0.212089,0.236977,0.153151,0.199641,0.273959,0.014949,0.207690,0.336229,0.508110,0.081835,0.014828,0.118147,0.626553,0.408243,0.004271,0.011637,0.107767,0.362992,0.428952,0.013940,0.153217,0.187632,0.193243,0.187825,0.153043,0.020530,0.105668,0.085162,2.622675,0.327379,0.000000,0.044447,0.112845,0.113489,0.000000,0.017752,0.251571,0.142979,0.227104,0.157595,0.026737,0.013242,0.307101,0.335280,0.002469,0.005417,0.010423,Not run,0.023515,0.023105,Not run
dane,Base_Seq,default,0.092536,0.068041,0.052856,0.052845,0.066212,0.081357,0.100794,0.029350,0.155164,0.139437,0.139341,0.056921,0.110727,0.054023,0.006623,0.007197,0.000944,0.005058,0.017113,0.026840,0.206329,0.102453,0.208955,0.026464,0.212701,0.238364,0.153259,0.191506,0.274445,0.014731,0.207264,0.342438,0.514546,0.081879,0.014977,0.118371,0.612362,0.417173,0.004225,0.011665,0.108061,0.364749,0.429227,0.014047,0.153537,0.187789,0.193407,0.188281,0.153251,0.020864,0.105678,0.081853,2.621704,0.324985,0.000000,0.044356,0.112767,0.113548,0.000000,0.017766,0.251661,0.142847,0.217680,0.157551,0.026656,0.013239,0.306517,0.334676,0.002352,0.005491,0.010435,Not run,0.024015,0.023167,Not run
dane,Base_Seq,default,0.128182,0.085189,0.052744,0.052717,0.066075,0.081615,0.102498,0.031211,0.161379,0.126709,0.126674,0.057065,0.113130,0.051813,0.006612,0.006622,0.001050,0.004840,0.016516,0.026832,0.205894,0.102659,0.208938,0.026459,0.212280,0.238160,0.153292,0.198797,0.275791,0.014744,0.207419,0.337841,0.505647,0.081849,0.014922,0.118269,0.628539,0.414558,0.004225,0.011641,0.107750,0.364932,0.429360,0.014098,0.153392,0.187754,0.193254,0.187926,0.153171,0.020146,0.105699,0.083552,2.621321,0.327447,0.000000,0.044387,0.112820,0.113492,0.000000,0.017709,0.251678,0.142836,0.222249,0.157602,0.026633,0.013234,0.306918,0.334880,0.002429,0.005273,0.010426,Not run,0.023577,0.022819,Not run
dane,Base_Seq,default,0.109621,0.072403,0.055631,0.055694,0.066419,0.081376,0.101049,0.033631,0.157504,0.151348,0.151371,0.072666,0.113255,0.082135,0.006610,0.008484,0.000748,0.005860,0.017825,0.026877,0.207885,0.109965,0.225047,0.026525,0.236535,0.242695,0.164662,0.185342,0.327528,0.015389,0.234310,0.381822,0.556195,0.081946,0.018806,0.125116,0.875038,0.421832,0.005507,0.016054,0.114375,0.405752,0.449844,0.018965,0.165099,0.202131,0.211846,0.203152,0.164889,0.023601,0.105821,0.084723,2.626187,0.380083,0.000000,0.044432,0.113000,0.113724,0.000000,0.018177,0.246255,0.142993,0.237371,0.157574,0.026901,0.013320,0.306735,0.336327,0.002626,0.005525,0.011220,Not run,0.024638,0.023394,Not run
dane,Base_Seq,default,0.092677,0.067723,0.052840,0.052834,0.066074,0.081354,0.100745,0.029395,0.156056,0.134120,0.134210,0.057116,0.111924,0.054546,0.006605,0.007079,0.001093,0.005298,0.016801,0.026761,0.204155,0.102899,0.209000,0.026463,0.212632,0.239609,0.153305,0.199082,0.276017,0.014771,0.209983,0.340911,0.512892,0.081859,0.014970,0.118425,0.628281,0.416658,0.004228,0.011944,0.108031,0.364919,0.429241,0.014151,0.153659,0.187845,0.193459,0.188330,0.153166,0.020433,0.105606,0.082804,2.621791,0.331151,0.000000,0.044389,0.112937,0.113534,0.000000,0.017917,0.251560,0.142689,0.222387,0.157566,0.026635,0.013233,0.306012,0.335163,0.002201,0.005167,0.010433,Not run,0.023943,0.023023,Not run
dane,Base_Seq,default,0.093015,0.070794,0.052894,0.052839,0.066177,0.081334,0.100932,0.029466,0.151233,0.127153,0.127158,0.057159,0.107228,0.060345,0.006609,0.006613,0.000898,0.004862,0.016522,0.026822,0.205382,0.101561,0.208850,0.026453,0.212230,0.236348,0.153657,0.198322,0.276419,0.014974,0.207191,0.342761,0.514586,0.081839,0.015315,0.118371,0.623207,0.416106,0.004379,0.011644,0.107832,0.364509,0.428851,0.014437,0.153290,0.187707,0.193367,0.187946,0.153670,0.021069,0.105631,0.084853,2.621946,0.325577,0.000000,0.044417,0.112823,0.113445,0.000000,0.017752,0.251690,0.142993,0.222698,0.157598,0.026687,0.013232,0.307581,0.334536,0.002450,0.005039,0.010442,Not run,0.023478,0.023295,Not run
dane,Base_Seq,default,0.092169,0.068186,0.052838,0.052826,0.066053,0.081432,0.100760,0.029237,0.158618,0.135249,0.135319,0.057102,0.112891,0.054273,0.006604,0.007089,0.000937,0.005325,0.016981,0.026845,0.204991,0.103124,0.208992,0.026457,0.212565,0.239830,0.153327,0.199230,0.273357,0.014853,0.207558,0.340827,0.512791,0.081855,0.014939,0.118312,0.627730,0.417073,0.004187,0.011755,0.108067,0.364788,0.428918,0.014091,0.153502,0.187963,0.193541,0.188372,0.153260,0.020475,0.105778,0.084772,2.621960,0.325436,0.000000,0.044333,0.112859,0.113498,0.000000,0.017996,0.251460,0.142809,0.235375,0.157632,0.026623,0.013236,0.306500,0.335062,0.002270,0.005134,0.010443,Not run,0.023754,0.022981,Not run
dane,Base_Seq,default,0.093219,0.071515,0.052881,0.052834,0.066082,0.081383,0.100846,0.029187,0.157926,0.136545,0.137052,0.057189,0.112795,0.056988,0.006608,0.006610,0.001016,0.004864,0.016522,0.026840,0.205134,0.102561,0.208952,0.026465,0.212333,0.238996,0.153314,0.198085,0.275551,0.014870,0.206850,0.333927,0.507482,0.081862,0.014722,0.118292,0.628255,0.399876,0.004211,0.011653,0.107694,0.364207,0.429371,0.013885,0.153379,0.187861,0.193492,0.188031,0.153246,0.020350,0.105581,0.084145,2.621809,0.327635,0.000000,0.044370,0.112835,0.113142,0.000000,0.017729,0.251661,0.142944,0.222081,0.157603,0.026682,0.013233,0.307418,0.334741,0.002454,0.005450,0.010434,Not run,0.023541,0.023008,Not run
mammoth,Base_Seq,default,0.143539,0.067702,0.027564,0.028279,0.038840,0.121208,0.135283,0.132908,0.152773,0.392204,0.391723,0.078580,0.095774,0.138910,0.020970,0.020586,0.001171,0.004045,0.052914,0.043003,0.218453,0.102428,0.116803,0.018073,0.115456,0.188325,0.097630,0.234217,0.298039,0.029955,0.165481,0.494100,0.756049,0.118260,0.021520,0.082104,0.383718,0.598323,0.005453,0.011405,0.129111,0.221643,0.406904,0.020441,0.117428,0.098302,0.121924,0.096742,0.117726,0.053970,0.184468,0.310879,4.490690,0.487535,0.000001,0.061388,0.232188,0.230272,0.000000,0.032077,0.433051,0.168949,0.258176,0.265984,0.049574,0.024004,0.414308,0.464515,0.002923,0.003382,0.005887,Not run,0.026695,0.019926,Not run
mammoth,Base_Seq,default,0.139156,0.064803,0.027507,0.028737,0.038785,0.116040,0.135508,0.132484,0.141713,0.393916,0.391603,0.077822,0.091198,0.127805,0.020148,0.019858,0.001103,0.003742,0.053156,0.043204,0.217177,0.086911,0.118432,0.017863,0.114922,0.171463,0.097268,0.219698,0.296386,0.030058,0.165181,0.493379,0.753264,0.110671,0.021459,0.085932,0.385848,0.597008,0.005477,0.011710,0.130551,0.219510,0.410169,0.020100,0.121196,0.098928,0.122895,0.097759,0.122390,0.044332,0.176879,0.273487,4.502523,0.457917,0.000000,0.061160,0.232208,0.229779,0.000000,0.032422,0.433291,0.168677,0.216406,0.261812,0.048577,0.024273,0.412996,0.461211,0.002885,0.003450,0.005716,Not run,0.027295,0.019748,Not run
mammoth,Base_Seq,default,0.143918,0.063949,0.027596,0.029612,0.038664,0.115713,0.135823,0.132947,0.147370,0.393279,0.396118,0.079477,0.093348,0.128872,0.020633,0.020619,0.001157,0.004218,0.053499,0.043632,0.212095,0.101923,0.119144,0.017913,0.122043,0.186809,0.109883,0.232722,0.299263,0.029890,0.168718,0.495703,0.757525,0.130490,0.021815,0.082432,0.388377,0.603197,0.006321,0.012582,0.129356,0.219274,0.411085,0.020384,0.103553,0.100257,0.123837,0.135674,0.105501,0.053250,0.185822,0.278071,4.488001,0.475007,0.000000,0.061630,0.231349,0.230740,0.000000,0.032337,0.436025,0.168306,0.245706,0.267807,0.049768,0.024292,0.416025,0.464933,0.002893,0.003394,0.005909,Not run,0.026943,0.020009,Not run
mammoth,Base_Seq,default,0.134935,0.063282,0.027469,0.028716,0.038331,0.117575,0.135815,0.133233,0.146676,0.392894,0.394021,0.077880,0.091287,0.132715,0.020229,0.020019,0.001113,0.003667,0.052809,0.042889,0.213283,0.093232,0.117917,0.017714,0.115434,0.179355,0.100046,0.221652,0.297445,0.030124,0.170430,0.496198,0.749840,0.111292,0.021565,0.081843,0.384112,0.597853,0.005309,0.011414,0.130133,0.221121,0.409603,0.019757,0.111236,0.098861,0.122659,0.097473,0.108914,0.045411,0.177285,0.284530,4.500240,0.452737,0.000000,0.061084,0.230934,0.229393,0.000000,0.032085,0.432132,0.167688,0.232104,0.263155,0.048223,0.024475,0.413048,0.460531,0.002966,0.003487,0.006128,Not run,0.027230,0.019526,Not run
mammoth,Base_Seq,default,0.140211,0.066402,0.027475,0.028616,0.038569,0.111988,0.135231,0.131847,0.138060,0.394779,0.395292,0.077498,0.090107,0.135090,0.020075,0.019990,0.001016,0.003676,0.052886,0.043127,0.211617,0.092186,0.117360,0.018076,0.116158,0.176594,0.104838,0.217519,0.296996,0.029999,0.170986,0.492709,0.753442,0.110380,0.021522,0.084019,0.380063,0.597135,0.005573,0.011962,0.128698,0.228700,0.410279,0.020242,0.103917,0.099413,0.122093,0.097623,0.104021,0.040655,0.175278,0.201654,4.502228,0.455935,0.000000,0.061556,0.232541,0.230240,0.000000,0.031716,0.435752,0.167502,0.219459,0.263935,0.048007,0.024323,0.414978,0.460261,0.002973,0.003365,0.005761,Not run,0.026837,0.024762,Not run
mammoth,Base_Seq,default,0.144238,0.063675,0.027283,0.028250,0.038157,0.122955,0.135927,0.133881,0.148418,0.396113,0.396725,0.078909,0.093953,0.138210,0.020795,0.020831,0.001135,0.003778,0.053275,0.043158,0.211674,0.106136,0.118600,0.017692,0.116923,0.200599,0.101116,0.233116,0.308940,0.030881,0.170329,0.496784,0.759253,0.118115,0.021243,0.084225,0.382875,0.603051,0.005583,0.011658,0.129512,0.221594,0.410214,0.019729,0.104124,0.098563,0.122971,0.096701,0.106381,0.055451,0.185895,0.318262,4.504855,0.488408,0.000001,0.061270,0.231946,0.229883,0.000000,0.031839,0.432366,0.168501,0.250445,0.266157,0.049674,0.024417,0.413463,0.462303,0.002861,0.003403,0.005813,Not run,0.027094,0.020550,Not run
mammoth,Base_Seq,default,0.141036,0.062954,0.027502,0.029270,0.038938,0.115730,0.135287,0.131917,0.141175,0.394207,0.394477,0.077463,0.090670,0.129016,0.020254,0.019976,0.001109,0.003752,0.053375,0.042913,0.217266,0.090463,0.119292,0.017744,0.116092,0.174301,0.095490,0.217599,0.296595,0.029362,0.164260,0.488740,0.750446,0.109922,0.021451,0.074762,0.383829,0.597020,0.005682,0.011694,0.130038,0.220011,0.405515,0.020114,0.091201,0.098815,0.122961,0.096352,0.091082,0.039063,0.175804,0.207224,4.489060,0.457407,0.000000,0.060813,0.232000,0.230960,0.000000,0.032097,0.433174,0.167905,0.219597,0.263381,0.048292,0.024393,0.412621,0.461866,0.002971,0.003442,0.005738,Not run,0.027087,0.028072,Not run
mammoth,Base_Seq,default,0.143683,0.066942,0.029317,0.031411,0.037998,0.116901,0.133457,0.131627,0.146768,0.389615,0.389118,0.077864,0.093759,0.137578,0.020393,0.020410,0.001094,0.004054,0.053032,0.042660,0.216266,0.108500,0.125131,0.017798,0.129485,0.189276,0.111817,0.229203,0.293971,0.029914,0.174724,0.494951,0.749461,0.118324,0.021346,0.096684,0.384896,0.595833,0.005434,0.011684,0.132237,0.219076,0.412654,0.020150,0.152642,0.111950,0.135487,0.111375,0.154864,0.057786,0.183837,0.311183,4.446170,0.482336,0.000000,0.061044,0.227568,0.226558,0.000000,0.031913,0.427359,0.165955,0.253316,0.263997,0.049572,0.023884,0.408986,0.460479,0.002875,0.003410,0.005740,Not run,0.026698,0.020642,Not run
mammoth,Base_Seq,default,0.140082,0.065056,0.027260,0.028744,0.038020,0.111067,0.133735,0.131412,0.141215,0.390726,0.390895,0.077820,0.091216,0.134387,0.019924,0.019913,0.001019,0.003419,0.052708,0.042567,0.213849,0.091578,0.122703,0.017737,0.122030,0.175330,0.109033,0.217898,0.292579,0.029169,0.168805,0.490936,0.746944,0.109392,0.021318,0.091958,0.392121,0.593104,0.005476,0.011759,0.129807,0.219191,0.413039,0.019801,0.124560,0.102186,0.124565,0.099763,0.122162,0.046128,0.174653,0.241601,4.453663,0.455022,0.000000,0.060877,0.227852,0.226025,0.000000,0.031571,0.426732,0.165310,0.222195,0.259384,0.048298,0.023866,0.408419,0.456654,0.002875,0.003422,0.005628,Not run,0.026787,0.020213,Not run
mammoth,Base_Seq,default,0.142507,0.066468,0.028596,0.030108,0.038353,0.115843,0.134385,0.132579,0.143919,0.389855,0.391034,0.083729,0.092034,0.132149,0.020582,0.020716,0.001153,0.004469,0.053080,0.042611,0.216281,0.108396,0.125261,0.017998,0.133358,0.190345,0.124827,0.227260,0.295284,0.029444,0.170818,0.493576,0.838055,0.128331,0.021607,0.109518,0.505803,0.597257,0.006415,0.015250,0.130970,0.229539,0.427436,0.021364,0.172158,0.102524,0.124704,0.164393,0.173930,0.058247,0.183782,0.286768,4.436394,0.482706,0.000000,0.061146,0.227485,0.225719,0.000000,0.031721,0.428933,0.165681,0.251131,0.265540,0.051373,0.024226,0.408405,0.458713,0.002893,0.003611,0.006158,Not run,0.026731,0.020430,Not run
mammoth,Base_Seq,default,0.134143,0.065970,0.027547,0.028472,0.038206,0.111483,0.134279,0.130909,0.143916,0.388716,0.388324,0.077844,0.093064,0.128407,0.019870,0.019990,0.001136,0.003847,0.053009,0.042658,0.214813,0.096403,0.119679,0.017892,0.117269,0.184282,0.106117,0.219520,0.293427,0.029502,0.178949,0.491010,0.744890,0.110673,0.021380,0.093031,0.385126,0.592694,0.005469,0.011465,0.133585,0.228720,0.425531,0.019498,0.121802,0.100206,0.122735,0.098619,0.121951,0.047382,0.174833,0.287057,4.445228,0.459634,0.000001,0.061334,0.228036,0.226504,0.000000,0.031711,0.426526,0.165442,0.225662,0.259316,0.048032,0.023915,0.407695,0.456742,0.002892,0.003392,0.006108,Not run,0.026881,0.020750,Not run
mammoth,Base_Seq,default,0.141092,0.065630,0.027272,0.028465,0.038121,0.110155,0.133769,0.130101,0.137376,0.392140,0.391684,0.077726,0.089499,0.133962,0.019691,0.019834,0.001017,0.003629,0.052032,0.042538,0.213450,0.092868,0.117113,0.017727,0.114533,0.177725,0.113579,0.214759,0.293463,0.029516,0.170057,0.491188,0.746892,0.108978,0.021113,0.086619,0.390957,0.597167,0.005371,0.011975,0.127890,0.217089,0.412345,0.020056,0.109848,0.098599,0.121531,0.097529,0.112081,0.040351,0.173987,0.194697,4.453492,0.442780,0.000000,0.060979,0.227678,0.226000,0.000000,0.031303,0.429205,0.165853,0.216183,0.259124,0.048294,0.024081,0.407790,0.455315,0.002881,0.003312,0.005825,Not run,0.026790,0.020200,Not run
mammoth,Base_Seq,default,0.144150,0.066014,0.028968,0.030990,0.038116,0.114766,0.133907,0.131118,0.147931,0.389780,0.389447,0.077316,0.098261,0.134035,0.020459,0.020523,0.001095,0.004112,0.052872,0.042586,0.217162,0.109230,0.122859,0.017777,0.123874,0.188646,0.116787,0.230003,0.295697,0.029939,0.173998,0.490912,0.748252,0.120011,0.021252,0.095538,0.412854,0.593455,0.005346,0.012048,0.130784,0.229483,0.429512,0.019972,0.154920,0.099282,0.121468,0.134782,0.161310,0.056527,0.182529,0.315564,4.443003,0.472935,0.000000,0.061204,0.227699,0.226595,0.000001,0.031802,0.426563,0.166025,0.244230,0.263029,0.048772,0.024095,0.408375,0.457962,0.002883,0.003372,0.006033,Not run,0.027081,0.023701,Not run
mammoth,Base_Seq,default,0.141598,0.065547,0.027572,0.028613,0.038049,0.110882,0.133893,0.130702,0.139377,0.389337,0.389356,0.077470,0.089750,0.128364,0.019897,0.019861,0.001007,0.003449,0.052124,0.042684,0.212931,0.089598,0.117904,0.017820,0.113493,0.180267,0.110395,0.217025,0.292312,0.028984,0.169917,0.490817,0.748296,0.109376,0.021225,0.087939,0.385810,0.593762,0.005567,0.011677,0.130514,0.225972,0.422238,0.019810,0.107896,0.098982,0.121252,0.097058,0.110742,0.042604,0.174188,0.202853,4.456344,0.451679,0.000000,0.060946,0.227711,0.226154,0.000000,0.031466,0.426881,0.165818,0.215875,0.259284,0.047940,0.024030,0.407725,0.456182,0.002893,0.003432,0.005847,Not run,0.026659,0.020396,Not run
mammoth,Base_Seq,default,0.140764,0.066825,0.028323,0.030374,0.038261,0.117024,0.134402,0.132048,0.144135,0.393757,0.394235,0.078560,0.095477,0.133126,0.020476,0.020411,0.001096,0.004169,0.053465,0.042894,0.218614,0.102921,0.124617,0.017764,0.128197,0.195008,0.121337,0.232532,0.295228,0.030177,0.169130,0.495224,0.752654,0.118448,0.021382,0.097536,0.411940,0.598393,0.005592,0.011940,0.130213,0.232225,0.432631,0.019898,0.152261,0.099851,0.122099,0.097794,0.159694,0.056036,0.185257,0.320375,4.458914,0.481863,0.000000,0.060965,0.228486,0.226973,0.000000,0.031996,0.427595,0.166509,0.242829,0.264458,0.048729,0.024061,0.411090,0.460666,0.002890,0.003370,0.006182,Not run,0.026719,0.020483,Not run
mammoth,Base_Seq,default,0.135249,0.065137,0.027550,0.028858,0.037957,0.110881,0.134070,0.130892,0.139515,0.392463,0.391508,0.077811,0.089357,0.126887,0.019836,0.020018,0.001005,0.003882,0.051748,0.042524,0.212458,0.093288,0.118666,0.017711,0.115446,0.177013,0.108601,0.218091,0.292330,0.029513,0.172581,0.489464,0.745386,0.109372,0.021177,0.086268,0.379351,0.593775,0.005493,0.011497,0.129723,0.231957,0.411096,0.019457,0.122716,0.102304,0.125468,0.100300,0.125042,0.045395,0.174313,0.232933,4.458242,0.454691,0.000000,0.061039,0.228498,0.227207,0.000000,0.031417,0.428145,0.166279,0.219893,0.261574,0.048161,0.023899,0.407557,0.456592,0.002961,0.003376,0.005806,Not run,0.026647,0.020461,Not run
mammoth,Base_Seq,default,0.144610,0.066255,0.027739,0.029019,0.038655,0.115578,0.134964,0.132937,0.145265,0.394371,0.393370,0.079529,0.095799,0.137914,0.020743,0.020632,0.001161,0.004206,0.053367,0.042586,0.217507,0.105170,0.117248,0.018001,0.118530,0.196073,0.108117,0.229909,0.296684,0.029601,0.175380,0.493714,0.755953,0.128380,0.021307,0.106659,0.424891,0.603540,0.006142,0.013080,0.132439,0.229667,0.420168,0.020693,0.176561,0.100320,0.122895,0.150697,0.179027,0.058054,0.185949,0.281385,4.466671,0.474631,0.000001,0.061293,0.228417,0.226517,0.000001,0.031833,0.429225,0.166628,0.253036,0.267302,0.050075,0.024028,0.412430,0.460966,0.002887,0.003431,0.005780,Not run,0.026767,0.024819,Not run
mammoth,Base_Seq,default,0.136441,0.065278,0.027380,0.029156,0.038057,0.112058,0.134609,0.131072,0.144319,0.392784,0.392808,0.078398,0.090890,0.136122,0.019816,0.019960,0.001442,0.003867,0.052342,0.042537,0.215413,0.094362,0.127300,0.017981,0.128372,0.180813,0.108686,0.220559,0.292944,0.029285,0.175436,0.489139,0.742540,0.111256,0.021277,0.091450,0.400657,0.588536,0.005371,0.011715,0.132232,0.229686,0.423280,0.019400,0.139926,0.098126,0.121440,0.096601,0.140684,0.047535,0.174176,0.273470,4.449741,0.457506,0.000000,0.061101,0.228206,0.227678,0.000000,0.031340,0.428432,0.166055,0.224307,0.261486,0.048512,0.023920,0.408308,0.457223,0.002890,0.003443,0.005912,Not run,0.027044,0.020595,Not run
mammoth,Base_Seq,default,0.135631,0.066071,0.028907,0.030560,0.038299,0.108955,0.134144,0.130360,0.138290,0.392797,0.394452,0.077839,0.089715,0.127338,0.019843,0.019993,0.001083,0.003851,0.052312,0.042531,0.211058,0.091723,0.124845,0.017939,0.127249,0.176664,0.114464,0.215654,0.297885,0.029486,0.170805,0.489452,0.745458,0.109429,0.021188,0.086488,0.377393,0.593995,0.005495,0.011724,0.128559,0.215953,0.411855,0.019577,0.110161,0.105430,0.129459,0.104485,0.112581,0.040325,0.174179,0.207084,4.461302,0.452252,0.000000,0.061248,0.228288,0.226874,0.000000,0.031539,0.429494,0.166842,0.212897,0.260448,0.048379,0.024212,0.408018,0.457501,0.002896,0.003303,0.006069,Not run,0.026914,0.020287,Not run
mammoth,Base_Seq,default,0.144953,0.065878,0.027295,0.028571,0.038247,0.115105,0.134301,0.131266,0.140670,0.391548,0.390658,0.077985,0.092015,0.137256,0.020276,0.020466,0.001141,0.003835,0.052691,0.042623,0.214211,0.103200,0.118610,0.017723,0.114643,0.179907,0.117971,0.231122,0.296471,0.030266,0.170834,0.491999,0.747861,0.119567,0.021334,0.099819,0.397263,0.592402,0.005427,0.011855,0.128904,0.218805,0.428092,0.019725,0.154314,0.115032,0.139663,0.114891,0.164388,0.054827,0.183153,0.325775,4.450980,0.480840,0.000001,0.061097,0.228469,0.226853,0.000000,0.031627,0.427520,0.166017,0.247623,0.264894,0.049315,0.024065,0.408193,0.459016,0.002869,0.003291,0.005801,Not run,0.026987,0.020398,Not run
mammoth,Base_Seq,default,0.143175,0.065491,0.027972,0.029339,0.038386,0.110745,0.133698,0.131273,0.138515,0.389482,0.392105,0.078319,0.088565,0.127369,0.019812,0.019780,0.001106,0.003776,0.052340,0.042368,0.209360,0.088818,0.118808,0.017837,0.115012,0.173404,0.101911,0.216312,0.296907,0.029593,0.170938,0.489694,0.746017,0.109110,0.021439,0.088818,0.380472,0.593717,0.005379,0.011545,0.130584,0.219375,0.413735,0.019768,0.110073,0.101769,0.124747,0.099929,0.112063,0.043429,0.174100,0.206553,4.459157,0.451456,0.000000,0.061114,0.228189,0.227493,0.000000,0.031484,0.427444,0.166676,0.220308,0.260480,0.047904,0.024016,0.408400,0.456221,0.002908,0.003391,0.005840,Not run,0.026811,0.020616,Not run
matrix-cpu,Base_Seq,default,0.108870,0.070699,0.055574,0.055561,0.066025,0.081472,0.100881,0.033745,0.169086,0.151571,0.151851,0.071087,0.120053,0.082859,0.006607,0.007719,0.001025,0.005852,0.017563,0.026761,0.204506,0.115407,0.226757,0.026435,0.239156,0.246913,0.166865,0.185820,0.325966,0.015351,0.235419,0.380921,0.563646,0.081902,0.019125,0.125823,0.876497,0.417431,0.005515,0.015844,0.114065,0.408709,0.476493,0.019168,0.167151,0.204062,0.214738,0.204908,0.166391,0.022867,0.105757,0.085848,2.645272,0.379845,0.000000,0.044429,0.112917,0.113705,0.000000,0.018056,0.246988,0.142910,0.251230,0.157438,0.028023,0.013304,0.306712,0.335423,0.002708,0.006012,0.011334,Not run,0.024485,0.024249,Not run
matrix-cpu,Base_Seq,default,0.091583,0.067539,0.052927,0.052894,0.066346,0.081449,0.100745,0.029246,0.163158,0.138593,0.139059,0.057253,0.116844,0.060209,0.006602,0.006605,0.000799,0.004871,0.016520,0.026751,0.203045,0.104242,0.209094,0.026429,0.212343,0.240825,0.154530,0.197890,0.273811,0.014958,0.211685,0.338434,0.509792,0.081786,0.015255,0.118825,0.628658,0.415124,0.004388,0.011681,0.107819,0.364389,0.442218,0.014404,0.155074,0.187924,0.193697,0.188083,0.154175,0.021159,0.105669,0.085916,2.620857,0.331985,0.000000,0.044352,0.112719,0.113409,0.000000,0.017735,0.253120,0.142709,0.232677,0.157472,0.026700,0.013232,0.307084,0.334827,0.002526,0.005552,0.010451,Not run,0.023603,0.023821,Not run
matrix-cpu,Base_Seq,default,0.129142,0.082925,0.055483,0.055514,0.066257,0.081493,0.101347,0.034407,0.162441,0.147319,0.149396,0.070342,0.115352,0.071657,0.006862,0.008390,0.001260,0.006130,0.018731,0.026806,0.276746,0.110245,0.222276,0.026735,0.225152,0.240144,0.165132,0.201836,0.328984,0.021493,0.223967,0.374187,0.555067,0.081822,0.018696,0.126171,0.875570,0.424264,0.005662,0.016418,0.115625,0.379202,0.455375,0.019078,0.165464,0.199456,0.214312,0.205647,0.164447,0.024663,0.116935,0.093414,2.646890,0.379891,0.000000,0.044438,0.114036,0.115182,0.000000,0.019401,0.324743,0.143055,0.254270,0.162096,0.035706,0.014695,0.308167,0.336041,0.002682,0.005594,0.011077,Not run,0.025910,0.024896,Not run
matrix-cpu,Base_Seq,default,0.091683,0.065563,0.052901,0.052903,0.066301,0.081469,0.101102,0.029487,0.163667,0.139648,0.140088,0.057774,0.116966,0.058532,0.006624,0.007040,0.000916,0.005125,0.023174,0.026796,0.202811,0.103997,0.209013,0.026425,0.212499,0.242300,0.155318,0.197547,0.273354,0.014953,0.211932,0.341769,0.514128,0.081837,0.014941,0.119185,0.628819,0.414997,0.004299,0.011812,0.107994,0.364665,0.441445,0.014168,0.155136,0.187931,0.193735,0.188266,0.154335,0.020992,0.105758,0.085814,2.620946,0.330604,0.000000,0.044390,0.112670,0.113281,0.000000,0.017771,0.253557,0.142747,0.227761,0.157420,0.026749,0.013235,0.305793,0.334436,0.002379,0.005569,0.010460,Not run,0.023671,0.023789,Not run
matrix-cpu,Base_Seq,default,0.092084,0.068119,0.052952,0.052886,0.066991,0.081418,0.100753,0.029389,0.157343,0.140150,0.140547,0.057350,0.111093,0.060347,0.006604,0.006615,0.000841,0.004868,0.016506,0.026792,0.202909,0.102338,0.208684,0.026438,0.212967,0.236899,0.160707,0.198223,0.276128,0.015085,0.208612,0.340987,0.512451,0.081809,0.015239,0.118258,0.623724,0.414880,0.004365,0.011661,0.107755,0.364213,0.429057,0.014384,0.153480,0.188315,0.193622,0.187773,0.153452,0.020864,0.105747,0.084995,2.620380,0.330875,0.000000,0.044361,0.112741,0.113272,0.000000,0.017824,0.252989,0.142602,0.223151,0.157453,0.026650,0.013221,0.306731,0.334428,0.002533,0.005547,0.010468,Not run,0.023557,0.023483,Not run
matrix-cpu,Base_Seq,default,0.091411,0.066315,0.052894,0.052894,0.066164,0.095519,0.100702,0.029559,0.166376,0.140296,0.140148,0.057490,0.118333,0.060152,0.006620,0.006842,0.000835,0.004979,0.016732,0.026741,0.203422,0.112659,0.209024,0.026425,0.212495,0.242708,0.155922,0.197835,0.273042,0.015019,0.212034,0.340236,0.511753,0.081858,0.015275,0.119942,0.628883,0.415292,0.004385,0.011794,0.108064,0.364620,0.429680,0.014492,0.166803,0.187919,0.193716,0.188225,0.156103,0.021528,0.105654,0.085970,2.620295,0.329958,0.000000,0.044400,0.112672,0.113333,0.000000,0.017805,0.253245,0.142514,0.227993,0.157510,0.026759,0.013232,0.306517,0.334610,0.002368,0.005528,0.010448,Not run,0.023761,0.023656,Not run
matrix-cpu,Base_Seq,default,0.091882,0.067753,0.052941,0.052903,0.066028,0.081473,0.100711,0.029347,0.162456,0.140891,0.140855,0.057612,0.117002,0.057824,0.006600,0.006604,0.000980,0.004847,0.016507,0.026658,0.275056,0.102959,0.209003,0.026440,0.212282,0.240040,0.153675,0.196924,0.273335,0.015056,0.210792,0.341976,0.513344,0.081859,0.014977,0.118502,0.629320,0.415452,0.004255,0.011674,0.107906,0.364517,0.429632,0.014142,0.153838,0.187901,0.193697,0.188119,0.153650,0.020455,0.105807,0.085799,2.646847,0.329961,0.000000,0.044424,0.112694,0.113426,0.000000,0.017819,0.253786,0.142870,0.224273,0.157473,0.026672,0.013232,0.306509,0.334442,0.002569,0.005558,0.010447,Not run,0.023535,0.023720,Not run
matrix-cpu,Base_Seq,default,0.108994,0.070201,0.055658,0.055638,0.066056,0.081447,0.100952,0.033990,0.175284,0.150644,0.151007,0.068764,0.117515,0.082500,0.006603,0.007686,0.001129,0.005917,0.017556,0.026700,0.203722,0.112335,0.227479,0.026442,0.247780,0.245463,0.166638,0.185640,0.325779,0.015223,0.235098,0.403541,0.578019,0.081844,0.018893,0.125698,0.888967,0.419383,0.005515,0.015778,0.116648,0.407326,0.457508,0.018865,0.167136,0.204612,0.218827,0.205609,0.166987,0.022509,0.105835,0.084639,2.658719,0.379674,0.000000,0.044439,0.112798,0.113443,0.000000,0.018024,0.259511,0.142844,0.247251,0.157419,0.026942,0.013334,0.306304,0.335767,0.002739,0.006006,0.011379,Not run,0.024599,0.024626,Not run
matrix-cpu,Base_Seq,default,0.092090,0.067964,0.052876,0.052855,0.066184,0.081402,0.100772,0.029398,0.160066,0.141003,0.141184,0.057325,0.114122,0.059676,0.006600,0.006604,0.000849,0.004868,0.016517,0.026707,0.215180,0.103557,0.208967,0.028814,0.225817,0.239744,0.153725,0.197501,0.273647,0.014801,0.209163,0.353895,0.525804,0.081848,0.015100,0.118425,0.656701,0.415683,0.004345,0.011692,0.108219,0.377262,0.445690,0.019002,0.166561,0.187880,0.205235,0.188078,0.170240,0.020809,0.105723,0.084726,2.659848,0.328299,0.000000,0.044361,0.112759,0.125933,0.000000,0.017727,0.253591,0.142771,0.225360,0.157428,0.026855,0.013238,0.306450,0.338935,0.002546,0.005547,0.010444,Not run,0.023627,0.023705,Not run
matrix-cpu,Base_Seq,default,0.129439,0.082611,0.055590,0.067316,0.066256,0.081676,0.102516,0.033774,0.161617,0.146933,0.147079,0.069519,0.114086,0.072254,0.006888,0.008380,0.001249,0.006123,0.018693,0.026896,0.277899,0.114104,0.227294,0.032725,0.225603,0.247037,0.165382,0.195801,0.341875,0.021342,0.219763,0.378413,0.554498,0.081857,0.018764,0.127936,0.768125,0.414740,0.005697,0.016417,0.125948,0.359334,0.472844,0.019297,0.165865,0.200022,0.221881,0.201712,0.164826,0.024550,0.130264,0.092896,2.661025,0.386198,0.000000,0.044439,0.114081,0.115676,0.000000,0.019408,0.325259,0.143141,0.267515,0.162978,0.036076,0.014759,0.321525,0.357717,0.002725,0.005725,0.011108,Not run,0.025959,0.024640,Not run
matrix-cpu,Base_Seq,default,0.092138,0.065802,0.052860,0.052839,0.066061,0.081386,0.100853,0.029480,0.160307,0.139676,0.140069,0.057198,0.114000,0.059546,0.006602,0.006869,0.000921,0.005077,0.016737,0.026671,0.202568,0.103209,0.208996,0.026438,0.224279,0.239753,0.153512,0.198361,0.273651,0.014893,0.210647,0.353957,0.526604,0.081871,0.015151,0.118438,0.628848,0.415865,0.004362,0.011796,0.110150,0.364442,0.429716,0.014295,0.153856,0.187876,0.193618,0.188236,0.166601,0.020877,0.105645,0.084407,2.676705,0.330701,0.000000,0.044361,0.112788,0.113419,0.000000,0.017741,0.266863,0.142713,0.224091,0.157472,0.026730,0.013242,0.307586,0.334639,0.002387,0.005578,0.010440,Not run,0.023758,0.023759,Not run
matrix-cpu,Base_Seq,default,0.092196,0.068095,0.052937,0.052850,0.066031,0.081403,0.100739,0.029353,0.157358,0.152471,0.140524,0.057763,0.120833,0.060251,0.006603,0.006604,0.000800,0.004864,0.016506,0.026768,0.202615,0.103273,0.208709,0.026437,0.212985,0.239180,0.161256,0.198237,0.276504,0.015143,0.209362,0.341789,0.513656,0.081782,0.024678,0.118144,0.623683,0.415516,0.004363,0.011660,0.107689,0.377225,0.429578,0.014403,0.153469,0.188204,0.193493,0.203223,0.153456,0.020750,0.105666,0.086182,2.658074,0.329811,0.000000,0.044351,0.112669,0.113012,0.000000,0.017799,0.253222,0.142911,0.230464,0.157457,0.026640,0.013231,0.332726,0.334823,0.002517,0.005564,0.010469,Not run,0.023582,0.023778,Not run
matrix-cpu,Base_Seq,default,0.101126,0.066027,0.052863,0.067747,0.066199,0.081397,0.100782,0.029498,0.172582,0.139937,0.152613,0.057534,0.115074,0.059379,0.006602,0.006841,0.002541,0.005076,0.016730,0.026825,0.286483,0.116153,0.211675,0.026438,0.224422,0.241766,0.153431,0.197710,0.273084,0.014810,0.210159,0.342173,0.514317,0.081891,0.015088,0.118468,0.646699,0.415813,0.004321,0.011839,0.109396,0.364522,0.429720,0.014308,0.154162,0.187902,0.193699,0.188267,0.155004,0.020948,0.105703,0.085107,2.674337,0.332858,0.000000,0.044373,0.112693,0.113359,0.000000,0.017805,0.254167,0.142862,0.224771,0.157466,0.026783,0.013235,0.307037,0.334242,0.002339,0.005535,0.010444,Not run,0.023761,0.023660,Not run
matrix-cpu,Base_Seq,default,0.091597,0.068394,0.052895,0.066619,0.066026,0.081405,0.100753,0.029574,0.162212,0.139834,0.139836,0.057387,0.114591,0.060012,0.006601,0.006603,0.000798,0.004873,0.016514,0.026678,0.202545,0.103175,0.208956,0.036020,0.212350,0.239068,0.153478,0.206922,0.272932,0.014904,0.209937,0.368329,0.514250,0.081829,0.015223,0.118481,0.643604,0.415424,0.004375,0.011658,0.109175,0.364399,0.429832,0.014354,0.153598,0.187858,0.193648,0.201846,0.153497,0.020599,0.117603,0.085115,2.673276,0.330888,0.000000,0.044369,0.112780,0.113435,0.000000,0.017789,0.253778,0.142914,0.225226,0.157472,0.026863,0.013236,0.320859,0.346734,0.002551,0.005557,0.010446,Not run,0.023490,0.023802,Not run
matrix-cpu,Base_Seq,default,0.108702,0.070420,0.055552,0.055548,0.066013,0.081403,0.100903,0.033732,0.161256,0.148414,0.148209,0.069034,0.115640,0.082680,0.006600,0.008441,0.001084,0.005883,0.018116,0.026795,0.203316,0.110553,0.226707,0.026444,0.238795,0.242844,0.165902,0.185145,0.326202,0.015222,0.233822,0.380147,0.553822,0.081817,0.018861,0.125166,0.879532,0.418715,0.005508,0.015742,0.114312,0.407195,0.452601,0.019229,0.166465,0.204100,0.214999,0.204960,0.166035,0.022577,0.105744,0.083867,2.621094,0.391318,0.000000,0.044487,0.112792,0.113433,0.000000,0.018022,0.246796,0.142556,0.242981,0.157532,0.026824,0.013319,0.305761,0.335482,0.002747,0.005944,0.011342,Not run,0.024496,0.024533,Not run
matrix-cpu,Base_Seq,default,0.091100,0.067233,0.052828,0.052788,0.066154,0.081368,0.100738,0.029324,0.157326,0.140242,0.140509,0.057195,0.112153,0.059281,0.006600,0.006605,0.000792,0.004862,0.016513,0.026752,0.202551,0.102857,0.208797,0.026445,0.212007,0.238500,0.153187,0.196222,0.272602,0.014734,0.208666,0.342080,0.513680,0.081789,0.015095,0.118311,0.628282,0.415420,0.004302,0.011651,0.107697,0.363683,0.429625,0.014211,0.153365,0.187701,0.193370,0.187851,0.153241,0.020676,0.105613,0.084041,2.634703,0.328919,0.000000,0.044374,0.112664,0.113294,0.000000,0.017711,0.252941,0.142674,0.221339,0.157452,0.026665,0.013238,0.306212,0.333896,0.002527,0.005555,0.010432,Not run,0.023552,0.023657,Not run
matrix-cpu,Base_Seq,default,0.128921,0.069981,0.055428,0.055459,0.066235,0.081658,0.102572,0.034240,0.159160,0.148401,0.148578,0.069692,0.112582,0.072320,0.006821,0.008343,0.001158,0.006119,0.018691,0.026852,0.275561,0.113254,0.222125,0.026712,0.225187,0.234886,0.165055,0.196223,0.326053,0.021270,0.219148,0.373441,0.553980,0.081841,0.018813,0.126986,0.770542,0.409023,0.005621,0.016368,0.125416,0.368778,0.468604,0.020540,0.166972,0.199450,0.214318,0.205726,0.164490,0.024520,0.116695,0.092073,2.622558,0.379025,0.000000,0.044418,0.113863,0.115687,0.000000,0.019486,0.323899,0.143175,0.245961,0.163729,0.036243,0.014785,0.309187,0.336276,0.002584,0.005426,0.011089,Not run,0.025882,0.024610,Not run
matrix-cpu,Base_Seq,default,0.125994,0.065756,0.052815,0.052791,0.066052,0.081375,0.100740,0.029304,0.158124,0.141203,0.141484,0.057206,0.112515,0.059775,0.006604,0.006835,0.000809,0.005087,0.016727,0.026760,0.202282,0.103374,0.208790,0.026442,0.212325,0.238489,0.153309,0.197204,0.272719,0.025081,0.207710,0.341863,0.513591,0.081846,0.015178,0.118311,0.628268,0.415282,0.004937,0.011781,0.107946,0.363876,0.429340,0.014353,0.153590,0.187690,0.193439,0.188077,0.153260,0.020570,0.105692,0.084508,2.633345,0.328288,0.000000,0.044369,0.112677,0.113318,0.000000,0.017754,0.253448,0.142888,0.221826,0.157483,0.026962,0.013234,0.306172,0.334498,0.002377,0.005570,0.010431,Not run,0.023662,0.023531,Not run
matrix-cpu,Base_Seq,default,0.091593,0.068200,0.052829,0.052799,0.066318,0.081381,0.100831,0.029282,0.157530,0.139973,0.140452,0.057229,0.111630,0.060269,0.006602,0.006606,0.000910,0.004843,0.016517,0.026701,0.202812,0.104005,0.208379,0.026438,0.212704,0.252591,0.160018,0.193926,0.274361,0.015076,0.209609,0.341848,0.513000,0.081872,0.015177,0.118079,0.622787,0.415317,0.004371,0.011648,0.107696,0.363663,0.429230,0.014377,0.153284,0.188073,0.193269,0.187546,0.153286,0.020743,0.105661,0.084921,2.620826,0.328587,0.000000,0.044378,0.112652,0.113273,0.000000,0.017780,0.252969,0.142888,0.224062,0.157447,0.026856,0.013234,0.306727,0.334851,0.002569,0.005539,0.010452,Not run,0.023536,0.023508,Not run
matrix-cpu,Base_Seq,default,0.091026,0.065978,0.052819,0.052813,0.066022,0.081386,0.100787,0.029668,0.158513,0.140805,0.141076,0.057084,0.112893,0.059366,0.006603,0.007009,0.000916,0.005042,0.016751,0.026673,0.274855,0.102027,0.211519,0.026439,0.212242,0.240282,0.153417,0.192315,0.272029,0.014891,0.208035,0.342045,0.513992,0.081845,0.015074,0.118277,0.627852,0.415233,0.004338,0.011773,0.107803,0.363745,0.429482,0.014214,0.153554,0.187659,0.193407,0.188064,0.153247,0.020643,0.105705,0.084201,2.634217,0.326913,0.000000,0.044390,0.112665,0.113303,0.000000,0.017779,0.253192,0.142746,0.223654,0.157476,0.026700,0.013234,0.306673,0.345088,0.002409,0.005573,0.010432,Not run,0.023726,0.023507,Not run
matrix-cpu,Base_Seq,default,0.090933,0.068241,0.052840,0.052837,0.066029,0.081372,0.100712,0.029378,0.156531,0.140196,0.140381,0.057247,0.111656,0.060136,0.006600,0.006603,0.000817,0.004866,0.016509,0.026754,0.202671,0.102506,0.208759,0.026449,0.212087,0.237768,0.153154,0.195592,0.272683,0.014853,0.209054,0.341687,0.513739,0.081800,0.015277,0.118307,0.628406,0.415273,0.004369,0.011652,0.107693,0.363757,0.429645,0.014373,0.153353,0.187778,0.193415,0.187890,0.153240,0.020522,0.105717,0.083733,2.633826,0.328147,0.000000,0.044376,0.112794,0.125868,0.000000,0.017815,0.253410,0.142648,0.222055,0.157481,0.026675,0.013237,0.306580,0.334390,0.002472,0.005545,0.010428,Not run,0.023589,0.023711,Not run
tioga-cpu,Base_Seq,default,0.218703,0.060367,0.037505,0.052080,0.158365,0.449623,0.142990,0.129762,0.088054,0.387862,0.383070,0.271895,0.075241,0.187280,0.020284,0.021205,0.005180,0.021187,0.057924,0.051634,0.146132,0.169642,0.187197,0.018603,0.189857,0.182560,0.142341,0.172997,0.193621,0.227303,0.127519,0.745279,1.113494,0.079411,0.050953,0.142427,0.473664,0.847609,0.012865,0.031150,0.277542,0.305757,0.577432,0.052622,0.093968,0.110807,0.507517,0.151394,0.092231,0.107435,0.282846,0.256254,5.914604,0.254059,0.000010,0.258572,0.243626,0.244919,0.000000,0.089127,0.430340,0.209603,0.315928,0.200936,0.053217,0.025877,0.469480,0.494369,0.012267,0.009343,0.009345,Not run,0.006238,0.027034,Not run
tioga-cpu,Base_Seq,default,0.205709,0.057720,0.037989,0.035449,0.081123,0.445551,0.133693,0.115209,0.077450,0.354010,0.332600,0.229063,0.060173,0.147749,0.018318,0.018298,0.002935,0.012717,0.055170,0.049027,0.112662,0.170309,0.140082,0.012618,0.145339,0.127949,0.111624,0.137654,0.174853,0.160502,0.118561,0.730342,1.099717,0.072872,0.047672,0.108039,0.435502,0.832922,0.011551,0.029521,0.232591,0.273653,0.544875,0.047649,0.088059,0.105422,0.494197,0.117804,0.087614,0.074285,0.246797,0.199878,5.843903,0.212259,0.000000,0.258681,0.193201,0.193210,0.000000,0.059473,0.389127,0.193283,0.265883,0.152686,0.038922,0.024683,0.469389,0.494556,0.012274,0.004656,0.006838,Not run,0.005038,0.020934,Not run
tioga-cpu,Base_Seq,default,0.171589,0.052298,0.037324,0.035529,0.081153,0.446103,0.133687,0.115203,0.077529,0.351639,0.330008,0.229600,0.060132,0.147793,0.018321,0.018306,0.002924,0.012685,0.055169,0.049023,0.112412,0.169941,0.140645,0.012561,0.147491,0.132067,0.111651,0.139434,0.174134,0.159900,0.120317,0.730921,1.099670,0.072945,0.047731,0.107901,0.442294,0.831548,0.011582,0.029586,0.230183,0.272538,0.545278,0.047598,0.090980,0.105918,0.493758,0.117656,0.089942,0.074325,0.246882,0.200730,5.841074,0.212452,0.000001,0.258191,0.193368,0.193081,0.000000,0.059568,0.389348,0.193272,0.266646,0.152833,0.038981,0.024671,0.469176,0.494508,0.012269,0.004627,0.006819,Not run,0.005036,0.022220,Not run
tioga-cpu,Base_Seq,default,0.202994,0.057818,0.038294,0.035453,0.081121,0.445911,0.133670,0.115015,0.073795,0.353434,0.332381,0.228989,0.061151,0.148036,0.018318,0.018296,0.002920,0.012708,0.055159,0.049047,0.115235,0.170101,0.142909,0.012518,0.149216,0.127562,0.109571,0.136878,0.175776,0.159758,0.120874,0.730238,1.098643,0.072752,0.047717,0.107571,0.437290,0.830882,0.011557,0.029548,0.225537,0.273185,0.545887,0.047656,0.087481,0.104864,0.493479,0.113412,0.087260,0.074038,0.246738,0.198802,5.841545,0.210944,0.000001,0.258329,0.193336,0.193277,0.000000,0.059354,0.383379,0.193304,0.264335,0.151708,0.038846,0.024673,0.469391,0.495143,0.012287,0.004619,0.006736,Not run,0.005046,0.021713,Not run
tioga-cpu,Base_Seq,default,0.190079,0.052427,0.039708,0.047178,0.147632,0.439619,0.135022,0.123441,0.081332,0.377726,0.371867,0.265515,0.068108,0.181813,0.019161,0.020117,0.004754,0.019401,0.055432,0.049291,0.134844,0.169918,0.177325,0.017617,0.178617,0.169338,0.131302,0.162854,0.182810,0.219185,0.119508,0.733816,1.100942,0.073095,0.048103,0.137132,0.469767,0.833217,0.012167,0.029457,0.269547,0.298857,0.571109,0.048033,0.088454,0.102119,0.491502,0.137667,0.088039,0.098133,0.273486,0.248486,5.911716,0.248274,0.000000,0.258735,0.232186,0.233767,0.000000,0.083801,0.424150,0.196353,0.312239,0.196420,0.048520,0.024424,0.466523,0.494617,0.012279,0.008486,0.008516,Not run,0.006241,0.024638,Not run
tioga-cpu,Base_Seq,default,0.204917,0.051053,0.037201,0.034858,0.081107,0.444857,0.133800,0.115274,0.074967,0.351833,0.330192,0.228540,0.060581,0.147357,0.018320,0.018309,0.002925,0.012666,0.055160,0.049036,0.114248,0.170053,0.139153,0.012732,0.145027,0.126794,0.111994,0.138296,0.174997,0.159857,0.119059,0.730763,1.099602,0.072805,0.047651,0.107436,0.435784,0.831601,0.011543,0.029568,0.225254,0.271127,0.544461,0.047596,0.086953,0.104183,0.492803,0.111602,0.087123,0.072874,0.246131,0.201774,5.839961,0.212826,0.000000,0.258419,0.193240,0.193214,0.000000,0.059598,0.387562,0.193301,0.265171,0.152746,0.038886,0.024683,0.469367,0.495117,0.012260,0.004799,0.006915,Not run,0.005101,0.021604,Not run
tioga-cpu,Base_Seq,default,0.219670,0.061048,0.038792,0.052319,0.161742,0.449141,0.146514,0.131630,0.089786,0.386652,0.382610,0.276071,0.075414,0.189317,0.020994,0.021269,0.005207,0.021342,0.060239,0.051928,0.146180,0.168890,0.190216,0.019162,0.190418,0.182731,0.145008,0.173156,0.196055,0.227463,0.131460,0.747408,1.113426,0.079130,0.051255,0.151758,0.478681,0.846819,0.012877,0.031172,0.280053,0.310294,0.583148,0.052845,0.094400,0.112085,0.505493,0.150586,0.095307,0.107133,0.283213,0.255177,5.918143,0.259874,0.000009,0.258726,0.244093,0.246987,0.000000,0.092115,0.435820,0.210090,0.326872,0.207836,0.051837,0.026682,0.475477,0.494430,0.012284,0.009246,0.009297,Not run,0.006352,0.025997,Not run
tioga-cpu,Base_Seq,default,0.204943,0.057120,0.037174,0.035226,0.081082,0.445544,0.133676,0.115023,0.078003,0.351748,0.330351,0.228337,0.060544,0.147633,0.018309,0.018283,0.002920,0.012640,0.055138,0.048968,0.113611,0.169506,0.139441,0.012584,0.145210,0.126822,0.111830,0.138335,0.174821,0.160535,0.117819,0.730184,1.100461,0.072690,0.047619,0.106995,0.434961,0.829405,0.011536,0.029459,0.225701,0.269591,0.541629,0.047509,0.087858,0.104682,0.492628,0.115871,0.087290,0.074364,0.246380,0.200366,5.842230,0.213828,0.000000,0.258310,0.193116,0.193115,0.000000,0.059433,0.383754,0.193275,0.266326,0.152699,0.038895,0.024669,0.469212,0.494434,0.012272,0.004735,0.006920,Not run,0.005060,0.021764,Not run
tioga-cpu,Base_Seq,default,0.202155,0.057341,0.037438,0.035648,0.081128,0.445634,0.133794,0.115225,0.077990,0.351955,0.330376,0.229540,0.059887,0.148069,0.018321,0.018306,0.002913,0.012655,0.055171,0.049026,0.114007,0.169668,0.140657,0.012560,0.147281,0.130701,0.111216,0.139868,0.175372,0.160319,0.119969,0.731435,1.102396,0.072920,0.047691,0.107376,0.441706,0.831947,0.011601,0.029551,0.226712,0.271887,0.544879,0.047650,0.091500,0.105434,0.493069,0.116528,0.089241,0.074206,0.246829,0.199825,5.837801,0.213990,0.000000,0.258547,0.193290,0.193379,0.000000,0.059781,0.390967,0.193213,0.266577,0.152756,0.038918,0.024650,0.469163,0.494311,0.012275,0.004776,0.006847,Not run,0.005076,0.021304,Not run
tioga-cpu,Base_Seq,default,0.203285,0.057653,0.037531,0.034907,0.081120,0.445626,0.133746,0.114863,0.073511,0.350912,0.329086,0.228782,0.059257,0.148307,0.018318,0.018304,0.002965,0.012590,0.055170,0.049007,0.116184,0.169122,0.137319,0.012477,0.142853,0.125399,0.109039,0.136971,0.176208,0.159756,0.120082,0.729408,1.098739,0.072762,0.047761,0.106707,0.439791,0.831100,0.011561,0.029527,0.226468,0.272850,0.544502,0.047624,0.087264,0.103884,0.492163,0.111078,0.086856,0.073940,0.245748,0.200470,5.836229,0.213303,0.000000,0.257817,0.193407,0.193384,0.000000,0.059331,0.390083,0.193218,0.264838,0.152515,0.038815,0.024635,0.468226,0.494719,0.012233,0.004633,0.006617,Not run,0.005012,0.021500,Not run
tioga-cpu,Base_Seq,default,0.219486,0.058834,0.039924,0.047131,0.147564,0.442180,0.134953,0.123557,0.081797,0.377708,0.371978,0.265194,0.068167,0.182141,0.019155,0.020089,0.004755,0.019405,0.055384,0.049272,0.134374,0.169356,0.177571,0.017626,0.179331,0.169556,0.131487,0.163503,0.183740,0.219604,0.119615,0.732541,1.099447,0.072975,0.048185,0.137190,0.468301,0.831722,0.012119,0.029528,0.265444,0.299464,0.568618,0.047999,0.089587,0.102973,0.491524,0.138712,0.087857,0.098696,0.273639,0.249456,5.910309,0.251057,0.000000,0.258123,0.232267,0.233927,0.000000,0.084161,0.423832,0.196346,0.314302,0.196745,0.048529,0.024442,0.465837,0.494406,0.012274,0.008485,0.008526,Not run,0.006208,0.024779,Not run
tioga-cpu,Base_Seq,default,0.203441,0.051226,0.037788,0.035360,0.081144,0.445645,0.133656,0.115197,0.075382,0.352621,0.330919,0.228360,0.060303,0.147360,0.018312,0.018302,0.002907,0.012671,0.055171,0.049061,0.117894,0.169582,0.138788,0.012838,0.144692,0.127640,0.111189,0.137604,0.175682,0.159843,0.119046,0.730066,1.098724,0.072782,0.047645,0.107179,0.433570,0.830943,0.011532,0.029483,0.226867,0.271882,0.545395,0.047504,0.087284,0.104480,0.492764,0.112842,0.087593,0.073779,0.246830,0.200358,5.839784,0.213454,0.000000,0.258739,0.193195,0.193285,0.000000,0.059555,0.394223,0.193214,0.264346,0.152888,0.038803,0.024654,0.468197,0.494534,0.012289,0.004625,0.006710,Not run,0.005069,0.021071,Not run
tioga-cpu,Base_Seq,default,0.220581,0.052549,0.038743,0.052198,0.155310,0.454383,0.141971,0.135487,0.088038,0.384946,0.381196,0.276108,0.074894,0.188981,0.020275,0.020697,0.005062,0.020735,0.059144,0.052787,0.143271,0.169619,0.191133,0.019015,0.196142,0.181044,0.144362,0.175455,0.190277,0.225849,0.132045,0.745032,1.116901,0.079792,0.052474,0.150946,0.479130,0.847082,0.013193,0.032473,0.280396,0.310344,0.577426,0.050910,0.093162,0.118337,0.501502,0.148083,0.096466,0.104010,0.282828,0.253963,5.923609,0.258678,0.000010,0.258509,0.242717,0.245633,0.000000,0.091495,0.431154,0.205980,0.328723,0.208097,0.052749,0.026982,0.473885,0.494181,0.012264,0.009260,0.009442,Not run,0.006331,0.027297,Not run
tioga-cpu,Base_Seq,default,0.173431,0.057375,0.038027,0.035956,0.081115,0.445679,0.133686,0.115160,0.079959,0.353656,0.331996,0.228924,0.062321,0.148720,0.018320,0.018299,0.002973,0.012659,0.055157,0.048980,0.114759,0.170421,0.141215,0.012663,0.147750,0.135122,0.112613,0.138923,0.176408,0.161102,0.120604,0.729009,1.097462,0.072950,0.047807,0.108441,0.436446,0.829731,0.011574,0.029521,0.226553,0.274692,0.545889,0.047759,0.088600,0.105777,0.493485,0.117385,0.088488,0.072891,0.247185,0.206487,5.837694,0.216250,0.000000,0.258360,0.193508,0.193413,0.000000,0.059750,0.386698,0.193264,0.271344,0.153422,0.039090,0.024684,0.468685,0.494541,0.012296,0.004733,0.006948,Not run,0.005084,0.021570,Not run
tioga-cpu,Base_Seq,default,0.172522,0.056676,0.038079,0.036319,0.081078,0.445456,0.133540,0.114897,0.082787,0.352044,0.330310,0.229040,0.066486,0.146836,0.018311,0.018294,0.002916,0.012705,0.055153,0.049019,0.118270,0.169799,0.142026,0.012613,0.147422,0.134027,0.114549,0.140558,0.171600,0.160148,0.123735,0.730208,1.099273,0.072960,0.047649,0.109404,0.434480,0.830940,0.011533,0.029479,0.225159,0.274843,0.547792,0.047499,0.093590,0.106344,0.493638,0.117785,0.093020,0.075076,0.246651,0.212349,5.840349,0.218485,0.000000,0.258809,0.193139,0.193072,0.000000,0.059759,0.387023,0.193288,0.272597,0.152953,0.039026,0.024689,0.468149,0.494525,0.012285,0.004801,0.006978,Not run,0.005102,0.021492,Not run
tioga-cpu,Base_Seq,default,0.175220,0.057877,0.037421,0.035379,0.081112,0.445967,0.133820,0.114867,0.079933,0.351828,0.330384,0.230644,0.061928,0.147541,0.018316,0.018303,0.002927,0.012696,0.055174,0.049037,0.114980,0.169995,0.139194,0.012545,0.145116,0.129552,0.110038,0.137760,0.177653,0.159875,0.123564,0.732262,1.101434,0.072902,0.047766,0.108156,0.442206,0.831383,0.011528,0.029586,0.226264,0.274147,0.546030,0.047538,0.090012,0.105241,0.493925,0.115026,0.089963,0.072889,0.246036,0.205171,5.839565,0.212901,0.000000,0.258510,0.193415,0.193241,0.000000,0.059507,0.387503,0.193236,0.270263,0.152777,0.038870,0.024674,0.468114,0.494542,0.012251,0.004651,0.006774,Not run,0.005043,0.021694,Not run
tioga-cpu,Base_Seq,default,0.218070,0.059264,0.040905,0.047251,0.147593,0.439368,0.134984,0.123755,0.086955,0.379930,0.373647,0.265144,0.071735,0.182160,0.019162,0.020166,0.004750,0.019394,0.055347,0.049245,0.135737,0.169514,0.177195,0.017608,0.179459,0.170719,0.132587,0.163471,0.183718,0.219550,0.126212,0.731420,1.098682,0.073031,0.048143,0.139659,0.466021,0.830862,0.012113,0.029581,0.264932,0.299214,0.569360,0.048168,0.091836,0.103904,0.491691,0.138949,0.092300,0.099262,0.273756,0.255135,5.903829,0.251498,0.000000,0.258389,0.232111,0.233633,0.000000,0.083820,0.426656,0.196202,0.319121,0.196884,0.048484,0.024421,0.466436,0.494208,0.012277,0.008482,0.008551,Not run,0.006242,0.024516,Not run
tioga-cpu,Base_Seq,default,0.205229,0.057817,0.038352,0.035724,0.081125,0.445929,0.133837,0.115623,0.080173,0.351777,0.330619,0.230291,0.063323,0.147341,0.018316,0.018297,0.002907,0.012682,0.055166,0.049055,0.114483,0.170687,0.140002,0.012775,0.145750,0.129013,0.112754,0.139442,0.175570,0.159954,0.122600,0.732711,1.103358,0.072823,0.047730,0.107267,0.443117,0.832072,0.011537,0.029591,0.226041,0.272723,0.544944,0.047539,0.087671,0.105308,0.493210,0.114203,0.088022,0.074470,0.246710,0.205107,5.837863,0.212133,0.000000,0.258801,0.193287,0.193252,0.000000,0.059453,0.386557,0.193255,0.271041,0.152673,0.038978,0.024664,0.468331,0.494699,0.012246,0.004619,0.007025,Not run,0.005037,0.021827,Not run
tuolumne-cpu,Base_Seq,default,0.394355,0.053068,0.028370,0.026145,0.067580,0.382392,0.113189,0.091673,0.063996,0.285210,0.266255,0.197011,0.041890,0.126252,0.015730,0.015321,0.002309,0.010400,0.045981,0.040583,0.150830,0.124131,0.099810,0.020269,0.106167,0.089274,0.076238,0.220194,0.288111,0.119969,0.095189,0.621057,0.921561,0.060877,0.040817,0.079574,0.310725,0.698418,0.009308,0.024188,0.168149,0.201746,0.412579,0.039046,0.061368,0.074256,0.407465,0.077295,0.063462,0.072061,0.176013,0.230287,4.495628,0.209998,0.000001,0.200052,0.157518,0.157322,0.000001,0.046113,0.659495,0.164908,0.185380,0.119487,0.029831,0.020370,0.384241,0.416641,0.010197,0.003567,0.004713,Not run,0.003712,0.014810,Not run
tuolumne-cpu,Base_Seq,default,0.430962,0.108557,0.031430,0.031380,0.109165,0.375646,0.116468,0.099442,0.079541,0.299380,0.290094,0.233462,0.057760,0.146471,0.017044,0.017034,0.003393,0.013806,0.046958,0.041085,0.173502,0.125825,0.122110,0.017593,0.122868,0.119491,0.105802,0.260221,0.306296,0.169522,0.095029,0.643792,0.951494,0.066554,0.040526,0.106458,0.332275,0.715160,0.010461,0.025051,0.224233,0.233877,0.453308,0.040348,0.062090,0.081356,0.411110,0.099257,0.065640,0.085383,0.218728,0.259084,4.594089,0.233678,0.000017,0.201737,0.182713,0.181348,0.000001,0.066475,0.720088,0.168678,0.242111,0.165297,0.036900,0.020467,0.385207,0.419865,0.010309,0.005869,0.005874,Not run,0.004551,0.016852,Not run
tuolumne-cpu,Base_Seq,default,0.407541,0.052629,0.025962,0.026114,0.067576,0.382113,0.113159,0.091887,0.064352,0.285709,0.266291,0.184887,0.049457,0.126450,0.016614,0.015262,0.002314,0.010399,0.045988,0.040584,0.151031,0.123934,0.099896,0.020272,0.105578,0.087674,0.076464,0.195236,0.285777,0.119668,0.099322,0.617101,0.928049,0.060959,0.040976,0.079654,0.305341,0.698400,0.009284,0.024200,0.166614,0.203161,0.414381,0.039045,0.065726,0.074001,0.407480,0.076942,0.061206,0.062669,0.175851,0.228746,4.496946,0.214370,0.000001,0.200245,0.157323,0.157084,0.000001,0.045961,0.672669,0.164923,0.188633,0.119351,0.029166,0.020358,0.384219,0.415977,0.010218,0.003606,0.004717,Not run,0.003668,0.014648,Not run
tuolumne-cpu,Base_Seq,default,0.394982,0.052581,0.025665,0.025279,0.067574,0.382144,0.113223,0.091305,0.054949,0.286216,0.267024,0.197606,0.044068,0.126369,0.015329,0.015262,0.002306,0.010410,0.045980,0.040600,0.149682,0.123641,0.100827,0.020269,0.105560,0.089191,0.078618,0.214628,0.287459,0.119890,0.088292,0.622509,0.910905,0.061074,0.039099,0.079311,0.306658,0.689229,0.009325,0.024192,0.168376,0.203053,0.412289,0.041658,0.061557,0.074006,0.407647,0.077298,0.061311,0.063916,0.176853,0.249112,4.492027,0.207830,0.000001,0.200031,0.157116,0.157122,0.000001,0.046123,0.642335,0.164799,0.185300,0.119484,0.029584,0.020377,0.384354,0.416721,0.010195,0.003585,0.004721,Not run,0.003667,0.015478,Not run
tuolumne-cpu,Base_Seq,default,0.409676,0.052543,0.025771,0.025624,0.067576,0.382225,0.113341,0.092068,0.062743,0.285944,0.266542,0.183450,0.049115,0.126108,0.016609,0.015731,0.002309,0.010432,0.045973,0.040592,0.150713,0.124269,0.100568,0.020270,0.106358,0.090874,0.076244,0.236415,0.286635,0.119857,0.087586,0.612145,0.932290,0.060772,0.039039,0.080180,0.307647,0.693624,0.009294,0.024436,0.167141,0.202664,0.413470,0.039068,0.066221,0.074501,0.407985,0.078481,0.061678,0.060683,0.176820,0.216885,4.493323,0.209619,0.000001,0.200216,0.157558,0.157174,0.000001,0.045844,0.676452,0.164777,0.190705,0.119658,0.029172,0.020366,0.384351,0.416324,0.010211,0.003603,0.004732,Not run,0.003676,0.014641,Not run
tuolumne-cpu,Base_Seq,default,0.396292,0.052498,0.028816,0.026108,0.067575,0.382289,0.113081,0.092042,0.058062,0.285765,0.266245,0.193839,0.040649,0.126490,0.016181,0.015321,0.002308,0.010376,0.046002,0.040576,0.150592,0.123300,0.099085,0.020267,0.105315,0.087693,0.076877,0.215394,0.285943,0.120139,0.088126,0.616989,0.928981,0.060949,0.039033,0.079909,0.311400,0.693066,0.009301,0.024185,0.166985,0.203090,0.414108,0.044228,0.063472,0.074128,0.407606,0.077304,0.061949,0.066247,0.176521,0.225802,4.498216,0.207982,0.000001,0.200042,0.157330,0.157251,0.000001,0.046216,0.645065,0.164781,0.187330,0.119471,0.029624,0.020353,0.384281,0.416347,0.010189,0.003576,0.004692,Not run,0.003675,0.015089,Not run
tuolumne-cpu,Base_Seq,default,0.418813,0.102440,0.031192,0.031328,0.108764,0.372154,0.115308,0.099507,0.070717,0.297190,0.288102,0.230936,0.051797,0.145568,0.016892,0.016884,0.003388,0.013847,0.046431,0.040675,0.172031,0.124140,0.121379,0.017406,0.121937,0.119724,0.105297,0.261076,0.304747,0.167597,0.092572,0.630400,0.933915,0.065511,0.040182,0.106330,0.335079,0.713854,0.010370,0.024561,0.222789,0.231134,0.447390,0.040000,0.062176,0.080763,0.407255,0.098831,0.066597,0.091431,0.216804,0.254037,4.546392,0.235012,0.000001,0.200254,0.181059,0.180008,0.000001,0.067886,0.707101,0.167429,0.242707,0.164546,0.036588,0.020301,0.382231,0.416427,0.010221,0.005870,0.005873,Not run,0.004527,0.016549,Not run
tuolumne-cpu,Base_Seq,default,0.303849,0.050864,0.024958,0.024861,0.067581,0.382223,0.112785,0.091729,0.059563,0.286542,0.267253,0.184443,0.040187,0.126370,0.015263,0.015378,0.002312,0.010351,0.046018,0.040580,0.146272,0.123510,0.099993,0.020272,0.108452,0.095418,0.076044,0.201096,0.279839,0.119892,0.087478,0.606599,0.906063,0.060401,0.039030,0.078981,0.318704,0.697776,0.009303,0.024223,0.166346,0.201787,0.413392,0.040903,0.070516,0.074423,0.407489,0.078253,0.069901,0.056288,0.176908,0.224752,4.492211,0.208928,0.000001,0.200149,0.157254,0.157308,0.000000,0.045889,0.454493,0.164721,0.191952,0.119527,0.029207,0.020350,0.384352,0.416158,0.010160,0.003599,0.004741,Not run,0.003663,0.014189,Not run
tuolumne-cpu,Base_Seq,default,0.337523,0.101386,0.031424,0.032126,0.109180,0.375439,0.116779,0.099552,0.061426,0.299342,0.290126,0.254981,0.052628,0.146645,0.017061,0.017389,0.003382,0.013794,0.047336,0.041103,0.166591,0.123288,0.122197,0.017578,0.122914,0.120964,0.106130,0.248719,0.297183,0.169938,0.094063,0.636943,0.923980,0.063183,0.040384,0.106988,0.334338,0.724551,0.010722,0.025060,0.223710,0.232957,0.452627,0.044780,0.062298,0.081368,0.411465,0.099237,0.067199,0.090540,0.218541,0.253924,4.610983,0.231526,0.000017,0.202271,0.182686,0.181412,0.000001,0.066329,0.486963,0.168798,0.245619,0.165651,0.037014,0.020454,0.385199,0.419891,0.010301,0.005862,0.005863,Not run,0.004554,0.016734,Not run
tuolumne-cpu,Base_Seq,default,0.305883,0.051335,0.025551,0.026319,0.067576,0.382152,0.113177,0.091351,0.072326,0.286060,0.266623,0.184010,0.052465,0.126036,0.015203,0.015789,0.002291,0.010401,0.046001,0.040586,0.145260,0.124717,0.099352,0.020271,0.105848,0.095207,0.075991,0.212481,0.278144,0.119834,0.106547,0.602705,0.908011,0.060291,0.039014,0.078969,0.316327,0.681832,0.009227,0.024195,0.167002,0.202251,0.412562,0.039023,0.070257,0.074149,0.407340,0.078087,0.069759,0.057351,0.176895,0.210281,4.496612,0.206206,0.000001,0.199930,0.157300,0.157149,0.000000,0.046148,0.472655,0.164666,0.186321,0.119556,0.029208,0.020372,0.384450,0.416216,0.010192,0.003577,0.004720,Not run,0.003658,0.013981,Not run
tuolumne-cpu,Base_Seq,default,0.332864,0.050847,0.025495,0.025791,0.067573,0.382317,0.113300,0.091247,0.072218,0.286259,0.266714,0.197048,0.040188,0.126179,0.016551,0.015203,0.002309,0.010351,0.045982,0.040582,0.147624,0.123550,0.099606,0.020274,0.108034,0.090817,0.075274,0.196900,0.281472,0.119906,0.087708,0.607518,0.906042,0.060462,0.039041,0.079187,0.304768,0.689636,0.009294,0.024181,0.166820,0.202495,0.412789,0.039059,0.061426,0.074093,0.407577,0.077653,0.061633,0.064017,0.176748,0.202365,4.497409,0.205082,0.000001,0.200123,0.157113,0.157219,0.000001,0.045949,0.405741,0.164742,0.186083,0.119504,0.029438,0.020356,0.384324,0.416281,0.010205,0.003574,0.004727,Not run,0.003664,0.013999,Not run
tuolumne-cpu,Base_Seq,default,0.303542,0.051074,0.024838,0.024704,0.067574,0.382141,0.113252,0.091953,0.053976,0.285826,0.266437,0.184352,0.040320,0.125687,0.015467,0.015262,0.002291,0.010354,0.045997,0.040578,0.147720,0.123254,0.098546,0.020271,0.107133,0.094366,0.075824,0.208351,0.279865,0.119848,0.094782,0.598747,0.907369,0.060262,0.039113,0.078431,0.315049,0.693117,0.009276,0.024159,0.165972,0.201890,0.411760,0.039019,0.070566,0.074320,0.407407,0.077597,0.061423,0.057787,0.176966,0.237826,4.494360,0.203434,0.000000,0.200264,0.157231,0.157010,0.000000,0.045896,0.440789,0.164656,0.186828,0.119566,0.029181,0.020361,0.384494,0.416524,0.010209,0.003583,0.004741,Not run,0.003661,0.014348,Not run
tuolumne-cpu,Base_Seq,default,0.275926,0.050992,0.024876,0.024804,0.067576,0.382141,0.113093,0.091775,0.058277,0.286240,0.266862,0.184761,0.043385,0.126148,0.015204,0.015377,0.002302,0.010387,0.045994,0.040586,0.145741,0.123748,0.099448,0.020269,0.108174,0.088129,0.075394,0.193979,0.279354,0.119665,0.087472,0.607203,0.907480,0.060824,0.038770,0.079311,0.303649,0.693698,0.009284,0.024160,0.166967,0.201389,0.415323,0.041190,0.061574,0.074591,0.407560,0.077893,0.062019,0.066719,0.176744,0.212134,4.496160,0.204279,0.000001,0.200036,0.157373,0.157264,0.000001,0.045932,0.413472,0.164773,0.184586,0.119816,0.029826,0.020369,0.384287,0.416393,0.010215,0.003605,0.004726,Not run,0.003682,0.014231,Not run
tuolumne-cpu,Base_Seq,default,0.319724,0.100472,0.031137,0.031529,0.108753,0.372257,0.115280,0.099107,0.072787,0.296755,0.287609,0.231686,0.047867,0.145574,0.016891,0.016889,0.003358,0.013834,0.046428,0.040688,0.177538,0.123155,0.120935,0.017400,0.122023,0.118392,0.106216,0.242887,0.296451,0.168623,0.093028,0.619593,0.910953,0.063120,0.039984,0.105569,0.338223,0.712991,0.010320,0.024542,0.221271,0.231243,0.450193,0.039971,0.068762,0.081742,0.406861,0.098567,0.069626,0.078817,0.216764,0.238835,4.550314,0.230937,0.000000,0.200156,0.181311,0.179931,0.000000,0.065742,0.524970,0.167653,0.245658,0.164389,0.036570,0.020297,0.382295,0.446024,0.010209,0.005865,0.005869,Not run,0.004524,0.016411,Not run
tuolumne-cpu,Base_Seq,default,0.464682,0.053965,0.025316,0.026310,0.067574,0.382071,0.113183,0.091856,0.060831,0.285732,0.266610,0.192419,0.043513,0.125908,0.016550,0.015205,0.002289,0.010369,0.046021,0.040578,0.157846,0.123530,0.098931,0.020267,0.105330,0.088294,0.075586,0.179374,0.287044,0.119936,0.090844,0.607743,0.922427,0.061068,0.039589,0.078833,0.302273,0.692657,0.009272,0.024194,0.167592,0.202542,0.415687,0.040500,0.061231,0.073925,0.407261,0.077102,0.061675,0.057650,0.175932,0.221634,4.497461,0.208199,0.000001,0.200052,0.157016,0.157041,0.000000,0.045959,0.628108,0.165152,0.188186,0.119691,0.029157,0.020349,0.384464,0.445304,0.010212,0.003623,0.004692,Not run,0.003724,0.014867,Not run
tuolumne-cpu,Base_Seq,default,0.464834,0.111560,0.031406,0.031834,0.108930,0.374641,0.116274,0.099622,0.065942,0.298598,0.289493,0.253648,0.051867,0.146784,0.017002,0.017006,0.003401,0.013804,0.046889,0.041045,0.169704,0.124520,0.121691,0.017559,0.122766,0.124772,0.106748,0.239322,0.314590,0.169656,0.095253,0.643468,0.944594,0.065349,0.040349,0.107217,0.330398,0.719639,0.010495,0.024956,0.224206,0.233975,0.454459,0.046530,0.063001,0.081356,0.412346,0.098811,0.067083,0.091799,0.218614,0.274560,4.610421,0.232324,0.000011,0.203387,0.182715,0.181404,0.000000,0.066623,0.705093,0.169122,0.239675,0.165502,0.041726,0.020483,0.388210,0.420194,0.010313,0.005865,0.005872,Not run,0.004592,0.017481,Not run
tuolumne-cpu,Base_Seq,default,0.463941,0.053711,0.025259,0.024996,0.067574,0.382220,0.113181,0.091792,0.064799,0.285511,0.266088,0.184271,0.047670,0.125831,0.015829,0.015379,0.002304,0.010354,0.045981,0.040574,0.158843,0.123530,0.099099,0.020273,0.105270,0.087751,0.075543,0.200442,0.285203,0.119877,0.087643,0.621062,0.925726,0.060898,0.038963,0.079588,0.305330,0.695715,0.009270,0.024376,0.167087,0.201001,0.412184,0.038999,0.061101,0.074036,0.407331,0.077080,0.061036,0.057654,0.176062,0.222179,4.492770,0.207021,0.000000,0.200205,0.157311,0.157121,0.000000,0.046185,0.643219,0.164880,0.189348,0.119550,0.029141,0.020366,0.384864,0.445891,0.010202,0.003558,0.004711,Not run,0.003652,0.014456,Not run
tuolumne-cpu,Base_Seq,default,0.416478,0.054171,0.025858,0.025224,0.067574,0.382190,0.113285,0.091360,0.060544,0.285777,0.266321,0.198040,0.050339,0.126154,0.015554,0.015321,0.002300,0.010354,0.045994,0.040576,0.158724,0.123696,0.098954,0.020269,0.105611,0.088222,0.075027,0.171396,0.287040,0.119889,0.087454,0.610420,0.912347,0.060812,0.040775,0.079141,0.306694,0.689845,0.009314,0.024170,0.168400,0.202310,0.413685,0.043217,0.061767,0.074146,0.407455,0.077029,0.061367,0.061369,0.175923,0.211997,4.496040,0.205779,0.000000,0.200093,0.157451,0.157298,0.000000,0.045754,0.618514,0.164748,0.190562,0.119410,0.029478,0.020372,0.384527,0.445518,0.010197,0.003559,0.004719,Not run,0.003667,0.014873,Not run
tuolumne-cpu,Base_Seq,default,0.448950,0.053437,0.025141,0.024976,0.067580,0.382122,0.112767,0.091831,0.063634,0.285720,0.266401,0.184293,0.043140,0.125901,0.015628,0.015262,0.002290,0.010383,0.045963,0.040574,0.151488,0.123310,0.098987,0.020268,0.105220,0.087827,0.076566,0.210318,0.285341,0.119722,0.088905,0.613871,0.930146,0.060806,0.041833,0.078894,0.303362,0.694723,0.009280,0.024154,0.167071,0.202314,0.413037,0.039014,0.065469,0.074023,0.407087,0.076239,0.061029,0.057592,0.175989,0.246422,4.496702,0.208971,0.000000,0.200011,0.157335,0.156980,0.000000,0.045904,0.652299,0.164798,0.186023,0.119262,0.029130,0.020355,0.384473,0.416622,0.010193,0.003551,0.004665,Not run,0.003650,0.014473,Not run
tuolumne-cpu,Base_Seq,default,0.447716,0.053884,0.025454,0.026007,0.067577,0.382146,0.113280,0.092651,0.064129,0.285516,0.266114,0.199872,0.040205,0.125990,0.015262,0.015203,0.002296,0.010421,0.045991,0.040585,0.157458,0.123860,0.099517,0.020268,0.105748,0.088720,0.076664,0.171980,0.285648,0.119962,0.087560,0.617454,0.920599,0.060602,0.039019,0.079782,0.304986,0.691938,0.009266,0.024142,0.168220,0.202725,0.413135,0.039552,0.062726,0.074384,0.407370,0.077420,0.062122,0.064489,0.175925,0.220949,4.493999,0.207206,0.000001,0.200009,0.157483,0.157102,0.000000,0.045903,0.619633,0.164752,0.188003,0.119534,0.029546,0.020354,0.384516,0.445907,0.010159,0.003576,0.004707,Not run,0.003673,0.015449,Not run
tuolumne-cpu,Base_Seq,default,0.419398,0.111014,0.031141,0.031439,0.108755,0.372245,0.115213,0.098663,0.068549,0.296636,0.287358,0.245739,0.054198,0.145578,0.016892,0.016835,0.003367,0.013852,0.046424,0.040680,0.167555,0.123527,0.120843,0.017396,0.121728,0.118544,0.105687,0.237161,0.307191,0.166764,0.095295,0.628174,0.931354,0.065282,0.039954,0.105488,0.330558,0.713727,0.010323,0.024571,0.224263,0.231622,0.450479,0.039952,0.061280,0.080499,0.406699,0.098607,0.064998,0.085029,0.216595,0.255888,4.553772,0.231697,0.000001,0.200096,0.181145,0.179994,0.000000,0.066875,0.671233,0.167638,0.240098,0.164309,0.036579,0.020296,0.381976,0.416528,0.010211,0.005870,0.005859,Not run,0.004530,0.016462,Not run
AVERAGE
borax,,,0.231656,0.145323,0.079937,0.079935,0.038071,0.206776,0.112722,0.126869,0.224797,0.336321,0.381281,0.123952,0.156884,0.163696,0.017134,0.017788,0.001834,0.006567,0.046896,0.034295,0.307565,0.138562,0.324750,0.028390,0.325286,0.348161,0.215233,0.267203,0.343715,0.037089,0.267448,0.707499,1.065507,0.100769,0.032484,0.173788,0.929277,0.831765,0.008915,0.014010,0.235544,0.525960,0.682048,0.031626,0.213640,0.280729,0.220886,0.290241,0.213612,0.038440,0.226271,0.147801,5.243154,0.483976,0.000000,0.105023,0.339057,0.342401,0.000000,0.032056,0.489471,0.147683,0.300463,0.335828,0.054133,0.022904,0.341281,0.390045,0.003107,0.010144,0.015601,,0.023176,0.039304,
boraxo,,,0.225782,0.116089,0.087683,0.087457,0.109237,0.135498,0.163134,0.056682,0.248272,0.231296,0.232636,0.133851,0.171004,0.098068,0.010934,0.010947,0.002185,0.008812,0.027344,0.049527,0.383720,0.177396,0.353321,0.043746,0.355285,0.363452,0.263793,0.404875,0.484940,0.086306,0.353149,0.754946,1.104695,0.132710,0.034135,0.204873,1.014709,0.873694,0.009254,0.021169,0.273680,0.571070,0.785590,0.034048,0.262311,0.317820,0.349148,0.317185,0.262031,0.040387,0.317716,0.187746,6.069915,0.565959,0.000000,0.140032,0.371492,0.405212,0.000000,0.035657,0.612801,0.211124,0.380273,0.450118,0.076873,0.043822,0.526309,0.590006,0.005509,0.009390,0.017607,,0.029776,0.049800,
corona-cpu,,,0.146446,0.070615,0.026847,0.028063,0.038181,0.118114,0.133839,0.131427,0.156865,0.389140,0.389770,0.076879,0.101604,0.130295,0.020279,0.020162,0.002932,0.003337,0.052394,0.042573,0.215741,0.104783,0.117459,0.017695,0.118114,0.190317,0.116072,0.231775,0.319681,0.030836,0.189327,0.489929,0.747360,0.117043,0.020997,0.093253,0.400888,0.593747,0.005287,0.011896,0.131861,0.232051,0.416528,0.019619,0.126457,0.100730,0.123617,0.121705,0.127861,0.047835,0.182060,0.258198,4.462778,0.496210,0.000000,0.060904,0.228701,0.227043,0.000000,0.031233,0.434612,0.166851,0.247739,0.263804,0.048984,0.024128,0.410293,0.460045,0.002884,0.003212,0.005704,,0.026715,0.022660,
dane,,,0.105279,0.073383,0.053227,0.053200,0.066135,0.081445,0.101385,0.030300,0.158798,0.137655,0.137770,0.059034,0.113303,0.060752,0.006611,0.006990,0.000924,0.005127,0.016859,0.026805,0.220595,0.104163,0.211835,0.026472,0.216275,0.239257,0.155492,0.197860,0.283957,0.015893,0.211396,0.344697,0.516337,0.081850,0.015592,0.119481,0.657424,0.413636,0.004486,0.012355,0.109516,0.368414,0.432302,0.014904,0.155566,0.190470,0.196441,0.190681,0.155286,0.021230,0.106778,0.085132,2.622873,0.337410,0.000000,0.044609,0.112959,0.113549,0.000000,0.017902,0.257513,0.142897,0.225614,0.157878,0.027439,0.013280,0.307119,0.336144,0.002433,0.005424,0.010581,,0.023868,0.022904,
mammoth,,,0.140720,0.065492,0.027814,0.029246,0.038334,0.114412,0.134595,0.131786,0.143209,0.392132,0.392331,0.078373,0.092178,0.132643,0.020225,0.020209,0.001112,0.003878,0.052811,0.042776,0.214521,0.097587,0.120395,0.017847,0.119929,0.182962,0.108567,0.223637,0.296136,0.029746,0.170846,0.492366,0.754213,0.115227,0.021377,0.090173,0.396112,0.596248,0.005589,0.011983,0.130278,0.223742,0.416542,0.019997,0.126785,0.101414,0.124612,0.108883,0.128883,0.048893,0.179065,0.264829,4.467471,0.465489,0.000000,0.061157,0.229321,0.227829,0.000000,0.031776,0.429802,0.166791,0.232923,0.262978,0.048832,0.024118,0.410420,0.459326,0.002903,0.003404,0.005890,,0.026890,0.021266,
matrix-cpu,,,0.101548,0.069229,0.053641,0.055545,0.066178,0.082112,0.100995,0.030723,0.162019,0.143248,0.143569,0.060909,0.114997,0.064715,0.006640,0.007135,0.001020,0.005246,0.017372,0.026754,0.224931,0.106963,0.213857,0.027334,0.220261,0.241295,0.158267,0.195851,0.289464,0.016388,0.214982,0.355415,0.527768,0.081838,0.016661,0.120749,0.692084,0.415911,0.004728,0.012969,0.111191,0.372358,0.441301,0.015984,0.158675,0.191920,0.200673,0.194196,0.158570,0.021611,0.108504,0.086103,2.642097,0.344893,0.000000,0.044394,0.112911,0.114860,0.000000,0.018050,0.263880,0.142816,0.232758,0.158245,0.028146,0.013462,0.309396,0.337216,0.002536,0.005620,0.010668,,0.024083,0.023935,
tioga-cpu,,,0.200668,0.056470,0.038233,0.040220,0.105090,0.445679,0.135613,0.119399,0.080413,0.362349,0.346311,0.242780,0.064980,0.160246,0.018824,0.019063,0.003602,0.015197,0.055857,0.049580,0.123294,0.169785,0.154559,0.014506,0.159276,0.144922,0.120286,0.148509,0.179627,0.181139,0.122366,0.733502,1.102354,0.073978,0.048420,0.119532,0.449595,0.833988,0.011887,0.029877,0.242291,0.283169,0.554925,0.048428,0.089926,0.106209,0.494908,0.124810,0.089701,0.083434,0.257149,0.219433,5.864456,0.227015,0.000002,0.258476,0.208139,0.208766,0.000000,0.068838,0.401565,0.196317,0.284808,0.168865,0.042798,0.024937,0.469058,0.494547,0.012271,0.006088,0.007545,,0.005462,0.022942,
tuolumne-cpu,,,0.388473,0.067763,0.027384,0.027281,0.079390,0.379775,0.113934,0.093924,0.064446,0.289330,0.272884,0.204798,0.046796,0.131833,0.016131,0.015824,0.002610,0.011366,0.046206,0.040667,0.156988,0.123830,0.105799,0.019475,0.110859,0.098635,0.084678,0.215122,0.289968,0.133817,0.091912,0.618357,0.922109,0.061907,0.039785,0.087038,0.315418,0.699695,0.009619,0.024376,0.183296,0.210916,0.424230,0.040719,0.064028,0.076194,0.407990,0.083571,0.063939,0.069023,0.188200,0.233224,4.518849,0.214766,0.000003,0.200446,0.164350,0.163883,0.000000,0.051891,0.593352,0.165781,0.203386,0.132503,0.031717,0.020368,0.384348,0.423893,0.010215,0.004235,0.005044,,0.003922,0.015239,
