machine, rep, sz, n_threads, Basic_ARRAY_OF_PTRS, Basic_COPY8, Basic_DAXPY, Basic_DAXPY_ATOMIC, Basic_EMPTY, Basic_IF_QUAD, Basic_INDEXLIST, Basic_INDEXLIST_3LOOP, Basic_INIT3, Basic_INIT_VIEW1D, Basic_INIT_VIEW1D_OFFSET, Basic_MAT_MAT_SHARED, Basic_MULADDSUB, Basic_NESTED_INIT, Basic_PI_ATOMIC, Basic_PI_REDUCE, Basic_REDUCE3_INT, Basic_REDUCE_STRUCT, Basic_TRAP_INT, Basic_MULTI_REDUCE, Lcals_DIFF_PREDICT, Lcals_EOS, Lcals_FIRST_DIFF, Lcals_FIRST_MIN, Lcals_FIRST_SUM, Lcals_GEN_LIN_RECUR, Lcals_HYDRO_1D, Lcals_HYDRO_2D, Lcals_INT_PREDICT, Lcals_PLANCKIAN, Lcals_TRIDIAG_ELIM, Polybench_2MM, Polybench_3MM, Polybench_ADI, Polybench_ATAX, Polybench_FDTD_2D, Polybench_FLOYD_WARSHALL, Polybench_GEMM, Polybench_GEMVER, Polybench_GESUMMV, Polybench_HEAT_3D, Polybench_JACOBI_1D, Polybench_JACOBI_2D, Polybench_MVT, Stream_ADD, Stream_COPY, Stream_DOT, Stream_MUL, Stream_TRIAD, Apps_CONVECTION3DPA, Apps_DEL_DOT_VEC_2D, Apps_DIFFUSION3DPA, Apps_EDGE3D, Apps_ENERGY, Apps_FEMSWEEP, Apps_FIR, Apps_LTIMES, Apps_LTIMES_NOVIEW, Apps_MASS3DEA, Apps_MASS3DPA, Apps_MATVEC_3D_STENCIL, Apps_NODAL_ACCUMULATION_3D, Apps_PRESSURE, Apps_VOL3D, Apps_ZONAL_ACCUMULATION_3D, Algorithm_SCAN, Algorithm_SORT, Algorithm_SORTPAIRS, Algorithm_REDUCE_SUM, Algorithm_MEMSET, Algorithm_MEMCPY, Algorithm_ATOMIC, Algorithm_HISTOGRAM, Comm_HALO_PACKING, Comm_HALO_PACKING_FUSED
borax, 0.5, 0.5, 1, 0.231656, 0.145323, 0.079937, 0.079935, 0.038071, 0.206776, 0.112722, 0.126869, 0.224797, 0.336321, 0.381281, 0.123952, 0.156884, 0.163696, 0.017134, 0.017788, 0.001834, 0.006567, 0.046896, 0.034295, 0.307565, 0.138562, 0.324750, 0.028390, 0.325286, 0.348161, 0.215233, 0.267203, 0.343715, 0.037089, 0.267448, 0.707499, 1.065507, 0.100769, 0.032484, 0.173788, 0.929277, 0.831765, 0.008915, 0.014010, 0.235544, 0.525960, 0.682048, 0.031626, 0.213640, 0.280729, 0.220886, 0.290241, 0.213612, 0.038440, 0.226271, 0.147801, 5.243154, 0.483976, 0.000000, 0.105023, 0.339057, 0.342401, 0.000000, 0.032056, 0.489471, 0.147683, 0.300463, 0.335828, 0.054133, 0.022904, 0.341281, 0.390045, 0.003107, 0.010144, 0.015601, , 0.023176, 0.039304, 
borax, 0.5, 1.0, 1, 0.450420, 0.332044, 0.160228, 0.160124, 0.076136, 0.414747, 0.226128, 0.254692, 0.520549, 0.675995, 0.765393, 0.326690, 0.373771, 0.323683, 0.034247, 0.034928, 0.003682, 0.013617, 0.093496, 0.068641, 0.971356, 0.291632, 0.650614, 0.057008, 0.653365, 0.717204, 0.434910, 0.667473, 1.430094, 0.074999, 0.559605, 2.223900, 3.372282, 0.205611, 0.071376, 0.347198, 2.602240, 2.530502, 0.018724, 0.027006, 0.485908, 1.060385, 1.640085, 0.068918, 0.432853, 0.563590, 0.447701, 0.581175, 0.431335, 0.079024, 0.455979, 0.338914, 10.368546, 1.443290, 0.000000, 0.209480, 0.675892, 0.684595, 0.000000, 0.064394, 1.030401, 0.299896, 0.682288, 0.667555, 0.110453, 0.045891, 0.722647, 0.825462, 0.006215, 0.020418, 0.031316, , 0.045882, 0.066699, 
borax, 0.5, 2.0, 1, 0.889595, 0.654489, 0.329607, 0.329272, 0.152215, 0.848720, 0.452212, 0.516965, 2.181904, 1.354017, 1.532114, 1.045666, 1.506944, 0.626368, 0.068517, 0.069219, 0.007418, 0.029068, 0.186534, 0.138020, 1.943581, 1.195729, 1.343654, 0.114258, 1.349035, 2.148077, 1.276409, 1.439364, 2.915973, 0.201490, 2.425370, 7.039165, 10.799384, 0.475698, 0.152347, 1.030344, 8.201472, 9.212823, 0.040922, 0.062255, 1.107769, 2.184961, 3.343708, 0.146159, 1.283012, 1.168497, 0.934645, 1.200855, 1.275739, 0.217894, 0.912543, 0.726909, 20.336982, 3.255106, 0.000000, 0.421894, 1.333273, 1.368400, 0.000000, 0.130703, 2.096650, 0.611001, 2.636068, 1.329415, 0.231114, 0.093381, 1.510531, 1.756820, 0.012442, 0.040945, 0.065983, , 0.091728, 0.134721, 
boraxo, 0.5, 0.5, 1, 0.225782, 0.116089, 0.087683, 0.087457, 0.109237, 0.135498, 0.163134, 0.056682, 0.248272, 0.231296, 0.232636, 0.133851, 0.171004, 0.098068, 0.010934, 0.010947, 0.002185, 0.008812, 0.027344, 0.049527, 0.383720, 0.177396, 0.353321, 0.043746, 0.355285, 0.363452, 0.263793, 0.404875, 0.484940, 0.086306, 0.353149, 0.754946, 1.104695, 0.132710, 0.034135, 0.204873, 1.014709, 0.873694, 0.009254, 0.021169, 0.273680, 0.571070, 0.785590, 0.034048, 0.262311, 0.317820, 0.349148, 0.317185, 0.262031, 0.040387, 0.317716, 0.187746, 6.069915, 0.565959, 0.000000, 0.140032, 0.371492, 0.405212, 0.000000, 0.035657, 0.612801, 0.211124, 0.380273, 0.450118, 0.076873, 0.043822, 0.526309, 0.590006, 0.005509, 0.009390, 0.017607, , 0.029776, 0.049800, 
boraxo, 0.5, 1.0, 1, 0.472202, 0.260537, 0.181687, 0.179863, 0.218446, 0.276885, 0.327056, 0.115295, 0.648402, 0.489405, 0.490671, 0.359817, 0.436585, 0.195660, 0.021866, 0.021895, 0.004616, 0.018805, 0.054648, 0.098655, 0.817216, 0.423273, 0.737323, 0.087500, 0.742314, 0.937029, 0.571813, 0.826016, 1.148877, 0.174502, 0.803819, 4.878812, 7.296483, 0.293866, 0.128682, 0.452627, 3.039022, 6.270775, 0.029418, 0.044442, 0.513137, 1.166081, 2.021011, 0.124906, 0.561898, 0.663440, 0.713048, 0.658555, 0.558164, 0.093381, 0.636190, 0.401409, 12.005105, 1.298593, 0.000000, 0.280223, 0.743279, 0.808744, 0.000000, 0.072279, 1.248343, 0.427744, 0.941425, 0.891295, 0.158266, 0.087906, 1.112087, 1.249165, 0.011354, 0.019684, 0.043083, , 0.059613, 0.087052, 
boraxo, 0.5, 2.0, 1, 0.955868, 0.536822, 0.448059, 0.438633, 0.436893, 0.569431, 0.656122, 0.262481, 1.683957, 1.039701, 1.034599, 1.152721, 1.166432, 0.427447, 0.043726, 0.043767, 0.009658, 0.049048, 0.109262, 0.197556, 1.657553, 1.078165, 1.922211, 0.175614, 1.928397, 2.672204, 1.468401, 1.722018, 2.515831, 0.351856, 2.051631, 20.940135, 32.655366, 0.605267, 0.357723, 1.215691, 11.818472, 34.329269, 0.079101, 0.119873, 1.249212, 2.985112, 4.523963, 0.351744, 1.490469, 1.734829, 1.701396, 1.708308, 1.456416, 0.212096, 1.269813, 0.828797, 23.529331, 2.848923, 0.000000, 0.562724, 1.484497, 1.617312, 0.000000, 0.151644, 2.491873, 0.858759, 2.359149, 1.749775, 0.328775, 0.180180, 2.322387, 2.634420, 0.024076, 0.041912, 0.105088, , 0.119410, 0.230782, 
corona, 0.5, 0.5, 1, 0.006848, 0.005383, 0.006108, 0.011778, , 0.007054, 0.005252, 0.003510, 0.011645, 0.012501, 0.014783, 0.004054, 0.009707, 0.008077, 0.124597, , , , , , 0.015785, 0.010011, 0.018392, , 0.015143, 0.018684, 0.012822, 0.011394, 0.022476, 0.003850, 0.015911, 0.007945, 0.010944, 0.027310, 0.030476, 0.015012, 0.040236, 0.008791, 0.009357, 0.028182, 0.011849, 0.022268, 0.033459, 0.030092, 0.013208, 0.015245, , 0.015386, 0.012127, , 0.014024, , 0.051962, 0.015854, , 0.004327, 0.009365, 0.009306, , , 0.010148, 0.010793, 0.019256, 0.009164, 0.004097, 0.004709, , , , 0.002757, 0.003289, , , 0.094339, 
corona, 0.5, 1.0, 1, 0.009982, 0.007551, 0.009369, 0.012984, , 0.009325, 0.011136, 0.004944, 0.018091, 0.020120, 0.019984, 0.007191, 0.014793, 0.013364, 0.189099, , , , , , 0.026237, 0.015344, 0.025147, , 0.025097, 0.032222, 0.020358, 0.019784, 0.029672, 0.004960, 0.026512, 0.014763, 0.020792, 0.033195, 0.037030, 0.023969, 0.096332, 0.016404, 0.011639, 0.024698, 0.018380, 0.037654, 0.057054, 0.033446, 0.019811, 0.022770, , 0.023015, 0.019707, , 0.007499, , 0.098276, 0.024895, , 0.007440, 0.015300, 0.015457, , , 0.016623, 0.017335, 0.028374, 0.009953, 0.005474, 0.008827, , , , 0.003234, 0.004397, , , 0.105139, 
corona, 0.5, 2.0, 1, 0.017600, 0.012023, 0.016800, 0.020528, , 0.015127, 0.015519, 0.017726, 0.030819, 0.034023, 0.034323, 0.015956, 0.024200, 0.018636, 0.330637, , , , , , 0.047107, 0.025994, 0.044214, , 0.044237, 0.058625, 0.033824, 0.031663, 0.052095, 0.005598, 0.046142, 0.035752, 0.052025, 0.047249, 0.055339, 0.039826, 0.252204, 0.039615, 0.013820, 0.046382, 0.033909, 0.068730, 0.103774, 0.049846, 0.034673, 0.039690, , 0.040736, 0.034398, , 0.011059, , 0.187815, 0.043262, , 0.012759, 0.026880, 0.026845, , , 0.028845, 0.029676, 0.049406, 0.013965, 0.007385, 0.004216, , , , 0.004322, 0.005635, , , 0.138897, 
corona-cpu, 0.5, 0.5, 1, 0.146446, 0.070615, 0.026847, 0.028063, 0.038181, 0.118114, 0.133839, 0.131427, 0.156865, 0.389140, 0.389770, 0.076879, 0.101604, 0.130295, 0.020279, 0.020162, 0.002932, 0.003337, 0.052394, 0.042573, 0.215741, 0.104783, 0.117459, 0.017695, 0.118114, 0.190317, 0.116072, 0.231775, 0.319681, 0.030836, 0.189327, 0.489929, 0.747360, 0.117043, 0.020997, 0.093253, 0.400888, 0.593747, 0.005287, 0.011896, 0.131861, 0.232051, 0.416528, 0.019619, 0.126457, 0.100730, 0.123617, 0.121705, 0.127861, 0.047835, 0.182060, 0.258198, 4.462778, 0.496210, 0.000000, 0.060904, 0.228701, 0.227043, 0.000000, 0.031233, 0.434612, 0.166851, 0.247739, 0.263804, 0.048984, 0.024128, 0.410293, 0.460045, 0.002884, 0.003212, 0.005704, , 0.026715, 0.022660, 
corona-cpu, 0.5, 1.0, 1, 0.296835, 0.139753, 0.112776, 0.125865, 0.076719, 0.253344, 0.267789, 0.279330, 0.419547, 0.780698, 0.780805, 0.217207, 0.374035, 0.247371, 0.040920, 0.040643, 0.002010, 0.017890, 0.105100, 0.085363, 0.450265, 0.356570, 0.549091, 0.035833, 0.584406, 0.513155, 0.498787, 0.441850, 0.632885, 0.060745, 0.670789, 1.544640, 2.374911, 0.236889, 0.049817, 0.584552, 2.451062, 1.824221, 0.011267, 0.042659, 0.350053, 0.843151, 1.297515, 0.042986, 0.595643, 0.498394, 0.563148, 0.489593, 0.538929, 0.124836, 0.360601, 0.433020, 8.822026, 0.991022, 0.000000, 0.130062, 0.457866, 0.455188, 0.000000, 0.063582, 0.876869, 0.329226, 0.673179, 0.527648, 0.113566, 0.054166, 0.866361, 0.973845, 0.005855, 0.006515, 0.023723, , 0.053898, 0.037851, 
corona-cpu, 0.5, 2.0, 1, 0.635822, 0.277848, 0.377791, 0.378802, 0.153196, 0.509681, 0.536606, 0.609599, 0.835185, 1.742202, 1.855661, 1.329322, 0.568982, 0.573518, 0.082151, 0.081437, 0.003883, 0.040798, 0.210181, 0.170191, 0.883750, 0.616421, 1.611765, 0.094231, 1.609459, 1.158067, 1.001385, 0.940707, 1.258218, 0.119708, 1.267390, 8.727206, 14.033669, 0.459748, 0.164362, 1.026987, 12.082130, 10.592634, 0.041657, 0.102259, 0.817022, 2.580397, 3.161242, 0.172017, 1.118450, 1.479232, 1.576823, 1.535143, 1.107667, 0.241428, 0.720160, 0.823942, 17.288620, 1.933007, 0.000000, 0.276837, 0.915310, 0.909905, 0.000000, 0.129895, 1.742720, 0.681758, 1.430021, 1.027538, 0.228611, 0.113070, 1.803043, 2.030568, 0.018000, 0.034959, 0.078568, , 0.110330, 0.200875, 
dane, 0.5, 0.5, 1, 0.105279, 0.073383, 0.053227, 0.053200, 0.066135, 0.081445, 0.101385, 0.030300, 0.158798, 0.137655, 0.137770, 0.059034, 0.113303, 0.060752, 0.006611, 0.006990, 0.000924, 0.005127, 0.016859, 0.026805, 0.220595, 0.104163, 0.211835, 0.026472, 0.216275, 0.239257, 0.155492, 0.197860, 0.283957, 0.015893, 0.211396, 0.344697, 0.516337, 0.081850, 0.015592, 0.119481, 0.657424, 0.413636, 0.004486, 0.012355, 0.109516, 0.368414, 0.432302, 0.014904, 0.155566, 0.190470, 0.196441, 0.190681, 0.155286, 0.021230, 0.106778, 0.085132, 2.622873, 0.337410, 0.000000, 0.044609, 0.112959, 0.113549, 0.000000, 0.017902, 0.257513, 0.142897, 0.225614, 0.157878, 0.027439, 0.013280, 0.307119, 0.336144, 0.002433, 0.005424, 0.010581, , 0.023868, 0.022904, 
dane, 0.5, 1.0, 1, 0.201893, 0.158128, 0.106746, 0.106664, 0.132249, 0.165808, 0.203206, 0.060818, 0.449576, 0.286120, 0.286243, 0.143656, 0.331969, 0.114018, 0.013223, 0.013669, 0.002641, 0.010188, 0.033390, 0.053555, 0.586556, 0.272886, 0.431207, 0.053008, 0.439320, 0.665479, 0.345912, 0.464504, 0.627719, 0.041615, 0.549247, 1.351830, 2.105002, 0.165142, 0.040339, 0.260143, 1.720424, 1.857126, 0.010499, 0.023933, 0.219722, 0.722750, 0.886450, 0.038435, 0.349328, 0.385801, 0.394096, 0.384552, 0.350662, 0.055401, 0.213997, 0.194023, 5.187803, 0.694438, 0.000000, 0.089404, 0.226049, 0.227165, 0.000000, 0.035896, 0.529826, 0.290436, 0.634791, 0.312569, 0.058758, 0.027175, 0.648741, 0.708883, 0.004969, 0.011362, 0.021466, , 0.047203, 0.044439, 
dane, 0.5, 2.0, 1, 0.414028, 0.328352, 0.259469, 0.259156, 0.264428, 0.337285, 0.406423, 0.137629, 1.190810, 0.578631, 0.578554, 0.455035, 0.880239, 0.238821, 0.026436, 0.026983, 0.005767, 0.030659, 0.066466, 0.110342, 1.137539, 0.660418, 1.305959, 0.106063, 1.330980, 2.085127, 0.967780, 0.866748, 1.273596, 0.091469, 1.255960, 4.096583, 6.645870, 0.357990, 0.089882, 0.734204, 7.455237, 6.112398, 0.022802, 0.065754, 0.624344, 2.172299, 2.560442, 0.085754, 0.983355, 1.148100, 1.033413, 1.167475, 0.976940, 0.126355, 0.429186, 0.410599, 10.173409, 1.463810, 0.000000, 0.191251, 0.452282, 0.454321, 0.000000, 0.077834, 1.052956, 0.582060, 1.397988, 0.614213, 0.139189, 0.072791, 1.352132, 1.499128, 0.010337, 0.022998, 0.063329, , 0.093289, 0.198864, 
mammoth, 0.5, 0.5, 1, 0.140720, 0.065492, 0.027814, 0.029246, 0.038334, 0.114412, 0.134595, 0.131786, 0.143209, 0.392132, 0.392331, 0.078373, 0.092178, 0.132643, 0.020225, 0.020209, 0.001112, 0.003878, 0.052811, 0.042776, 0.214521, 0.097587, 0.120395, 0.017847, 0.119929, 0.182962, 0.108567, 0.223637, 0.296136, 0.029746, 0.170846, 0.492366, 0.754213, 0.115227, 0.021377, 0.090173, 0.396112, 0.596248, 0.005589, 0.011983, 0.130278, 0.223742, 0.416542, 0.019997, 0.126785, 0.101414, 0.124612, 0.108883, 0.128883, 0.048893, 0.179065, 0.264829, 4.467471, 0.465489, 0.000000, 0.061157, 0.229321, 0.227829, 0.000000, 0.031776, 0.429802, 0.166791, 0.232923, 0.262978, 0.048832, 0.024118, 0.410420, 0.459326, 0.002903, 0.003404, 0.005890, , 0.026890, 0.021266, 
mammoth, 0.5, 1.0, 1, 0.284330, 0.129373, 0.101886, 0.120705, 0.076805, 0.238265, 0.268720, 0.277406, 0.379727, 0.783848, 0.785094, 0.219800, 0.285021, 0.249098, 0.040269, 0.040541, 0.002046, 0.015806, 0.105600, 0.085062, 0.435362, 0.303688, 0.484166, 0.036058, 0.523252, 0.465368, 0.443177, 0.435336, 0.594799, 0.059015, 0.605664, 1.535910, 2.350608, 0.238297, 0.049020, 0.443703, 2.239419, 1.868733, 0.012226, 0.036142, 0.321086, 0.738550, 1.193904, 0.045108, 0.494725, 0.456731, 0.536672, 0.467811, 0.485216, 0.128199, 0.357310, 0.442032, 8.828466, 0.921216, 0.000000, 0.128423, 0.458495, 0.455340, 0.000000, 0.063787, 0.873925, 0.329030, 0.609485, 0.526598, 0.110242, 0.054066, 0.867871, 0.971469, 0.005851, 0.006658, 0.022508, , 0.054161, 0.040426, 
mammoth, 0.5, 2.0, 1, 0.603720, 0.259252, 0.332786, 0.337001, 0.154092, 0.476398, 0.537459, 0.593904, 0.741910, 1.693859, 1.808623, 1.277590, 0.503612, 0.548305, 0.080853, 0.081440, 0.004056, 0.035727, 0.210590, 0.169542, 0.882507, 0.555785, 1.399505, 0.090532, 1.416255, 1.034337, 0.891653, 0.896837, 1.173884, 0.118590, 1.121577, 8.266427, 13.479947, 0.460990, 0.158599, 0.838902, 10.007600, 10.547757, 0.041934, 0.087395, 0.711197, 2.210817, 2.895909, 0.171117, 0.986039, 1.318112, 1.413952, 1.374628, 0.994258, 0.232875, 0.711154, 0.838370, 17.304898, 1.802172, 0.000000, 0.270098, 0.916354, 0.910396, 0.000000, 0.129369, 1.727178, 0.684520, 1.267751, 1.026356, 0.218058, 0.109278, 1.805934, 2.025125, 0.016758, 0.031613, 0.069346, , 0.109768, 0.186985, 
matrix, 0.5, 0.5, 1, 0.003766, 0.000831, 0.000944, 0.004118, , 0.000826, 0.001122, 0.001088, 0.001518, 0.004063, 0.004071, 0.000585, 0.001133, 0.001944, 0.026461, , , , , , 0.009547, 0.001222, 0.003559, , 0.003570, 0.002758, 0.002016, 0.004798, 0.003291, 0.000366, 0.002090, 0.004072, 0.001192, 0.015519, 0.006739, 0.002632, 0.011240, 0.000857, 0.007134, 0.005898, 0.002201, 0.006403, 0.008687, 0.005240, 0.002046, 0.003343, , 0.003361, 0.002011, , 0.000638, , 0.029804, 0.002557, , 0.000477, 0.005018, 0.004624, , , 0.001932, 0.001134, 0.006301, 0.003536, 0.000465, 0.000634, , , , 0.000373, 0.000386, , , 0.070245, 
matrix, 0.5, 1.0, 1, 0.002143, 0.001424, 0.001289, 0.001577, , 0.001595, 0.001345, 0.001312, 0.003413, 0.005503, 0.005512, 0.001259, 0.002466, 0.002788, 0.048690, , , , , , 0.019071, 0.001961, 0.004750, , 0.004752, 0.004925, 0.002682, 0.003549, 0.006607, 0.000568, 0.003584, 0.002013, 0.002983, 0.015185, 0.009401, 0.003517, 0.019315, 0.001944, 0.002513, 0.011369, 0.003339, 0.008718, 0.012272, 0.007856, 0.002704, 0.004387, , 0.004386, 0.002709, , 0.001301, , 0.046138, 0.005297, , 0.000681, 0.003320, 0.002949, , , 0.003342, 0.001932, 0.006633, 0.001143, 0.000593, 0.000823, , , , 0.000453, 0.000481, , , 0.073189, 
matrix, 0.5, 2.0, 1, 0.003927, 0.002513, 0.002492, 0.002512, , 0.002947, 0.001777, 0.001930, 0.007832, 0.008461, 0.008469, 0.003017, 0.005579, 0.003677, 0.092403, , , , , , 0.037926, 0.006190, 0.008531, , 0.008567, 0.011143, 0.009129, 0.006496, 0.012321, 0.001027, 0.012019, 0.004887, 0.007479, 0.026378, 0.013181, 0.009587, 0.052521, 0.005942, 0.003326, 0.019616, 0.006762, 0.015019, 0.022006, 0.008267, 0.009070, 0.007835, , 0.007805, 0.009196, , 0.002167, , 0.089242, 0.010470, , 0.001161, 0.006299, 0.005639, , , 0.005941, 0.003765, 0.012749, 0.002031, 0.001330, 0.001201, , , , 0.000611, 0.000701, , , 0.077671, 
matrix-cpu, 0.5, 0.5, 1, 0.101548, 0.069229, 0.053641, 0.055545, 0.066178, 0.082112, 0.100995, 0.030723, 0.162019, 0.143248, 0.143569, 0.060909, 0.114997, 0.064715, 0.006640, 0.007135, 0.001020, 0.005246, 0.017372, 0.026754, 0.224931, 0.106963, 0.213857, 0.027334, 0.220261, 0.241295, 0.158267, 0.195851, 0.289464, 0.016388, 0.214982, 0.355415, 0.527768, 0.081838, 0.016661, 0.120749, 0.692084, 0.415911, 0.004728, 0.012969, 0.111191, 0.372358, 0.441301, 0.015984, 0.158675, 0.191920, 0.200673, 0.194196, 0.158570, 0.021611, 0.108504, 0.086103, 2.642097, 0.344893, 0.000000, 0.044394, 0.112911, 0.114860, 0.000000, 0.018050, 0.263880, 0.142816, 0.232758, 0.158245, 0.028146, 0.013462, 0.309396, 0.337216, 0.002536, 0.005620, 0.010668, , 0.024083, 0.023935, 
matrix-cpu, 0.5, 1.0, 1, 0.202000, 0.150974, 0.107938, 0.107847, 0.132632, 0.166849, 0.204561, 0.062293, 0.447849, 0.289429, 0.292127, 0.145996, 0.340207, 0.116244, 0.013566, 0.013764, 0.002862, 0.010628, 0.033552, 0.054204, 0.523831, 0.271169, 0.441880, 0.053778, 0.452836, 0.692816, 0.360541, 0.447105, 0.622652, 0.040718, 0.565990, 1.367250, 2.116967, 0.165756, 0.041099, 0.269107, 1.777793, 1.823311, 0.010741, 0.024685, 0.230338, 0.748305, 0.929168, 0.039676, 0.359746, 0.395311, 0.404863, 0.395871, 0.359055, 0.058145, 0.218691, 0.201496, 5.214045, 0.714801, 0.000000, 0.090307, 0.226187, 0.227620, 0.000000, 0.036872, 0.525194, 0.292514, 0.643560, 0.316838, 0.062516, 0.028035, 0.651949, 0.715949, 0.005087, 0.011470, 0.021773, , 0.047388, 0.044408, 
matrix-cpu, 0.5, 2.0, 1, 0.418721, 0.317239, 0.257275, 0.257927, 0.265888, 0.342024, 0.408629, 0.137940, 1.149599, 0.602307, 0.602062, 0.472024, 0.845739, 0.251705, 0.026412, 0.027014, 0.006310, 0.030522, 0.066562, 0.109061, 0.970550, 0.643263, 1.332620, 0.106194, 1.349621, 2.034679, 0.965851, 0.851012, 1.279285, 0.091675, 1.251512, 4.237487, 6.813053, 0.358084, 0.092717, 0.706369, 7.565005, 6.232169, 0.023558, 0.064460, 0.657816, 2.224020, 2.635216, 0.089063, 0.982644, 1.157398, 1.025263, 1.187122, 0.978315, 0.132968, 0.427305, 0.419336, 10.237007, 1.490943, 0.000000, 0.190914, 0.453943, 0.456650, 0.000000, 0.078745, 1.047652, 0.584096, 1.399265, 0.616110, 0.143293, 0.077857, 1.358331, 1.504109, 0.010791, 0.024067, 0.063335, , 0.093764, 0.193739, 
tioga, 0.5, 0.5, 1, 0.002838, 0.001801, 0.001857, 0.002592, , 0.002530, 0.009723, 0.001763, 0.005928, 0.005248, 0.009033, 0.005406, 0.007242, 0.002739, 0.101219, , , , , , 0.006972, 0.010415, 0.010788, , 0.009553, 0.007605, 0.006055, 0.008777, 0.010950, 0.000997, 0.008057, 0.003491, 0.004966, 0.025803, 0.015250, 0.010369, 0.027741, 0.003695, 0.003944, 0.035191, 0.005609, 0.011209, 0.019635, 0.015633, 0.009346, 0.009214, , 0.009202, 0.006055, , 0.002058, , 0.003884, 0.007766, , 0.001666, 0.007289, 0.004397, , , 0.005494, 0.003639, 0.012774, 0.002217, 0.001408, 0.000824, , , , 0.006133, 0.000809, , , 0.087192, 
tioga, 0.5, 1.0, 1, 0.004675, 0.002989, 0.005165, 0.005958, , 0.004278, 0.002810, 0.002763, 0.008772, 0.010065, 0.011473, 0.003129, 0.006672, 0.004864, 0.159570, , , , , , 0.013000, 0.007766, 0.014721, , 0.014741, 0.015614, 0.013328, 0.009826, 0.023639, 0.001385, 0.014662, 0.007822, 0.011281, 0.033229, 0.032405, 0.013110, 0.062105, 0.009973, 0.007179, 0.042315, 0.010814, 0.024081, 0.033467, 0.029868, 0.011358, 0.013286, , 0.013264, 0.010929, , 0.003415, , 0.011429, 0.013365, , 0.003118, 0.007488, 0.007482, , , 0.009803, 0.006294, 0.015781, 0.009654, 0.008801, 0.005051, , , , 0.000895, 0.001229, , , 0.069732, 
tioga, 0.5, 2.0, 1, 0.008639, 0.005388, 0.009716, 0.010687, , 0.007686, 0.003482, 0.008910, 0.016403, 0.016379, 0.020325, 0.007674, 0.012099, 0.007277, 0.275428, , , , , , 0.025947, 0.014452, 0.026569, , 0.026450, 0.031737, 0.020250, 0.018376, 0.030718, 0.002050, 0.027567, 0.019767, 0.029453, 0.064610, 0.059374, 0.024106, 0.160974, 0.022289, 0.012352, 0.066625, 0.021830, 0.043333, 0.060846, 0.054389, 0.020052, 0.023747, , 0.023717, 0.020087, , 0.006050, , 0.012776, 0.024871, , 0.005495, 0.014163, 0.014149, , , 0.018095, 0.011308, 0.029201, 0.008857, 0.003203, 0.001983, , , , 0.001149, 0.001759, , , 0.080589, 
tioga-cpu, 0.5, 0.5, 1, 0.200668, 0.056470, 0.038233, 0.040220, 0.105090, 0.445679, 0.135613, 0.119399, 0.080413, 0.362349, 0.346311, 0.242780, 0.064980, 0.160246, 0.018824, 0.019063, 0.003602, 0.015197, 0.055857, 0.049580, 0.123294, 0.169785, 0.154559, 0.014506, 0.159276, 0.144922, 0.120286, 0.148509, 0.179627, 0.181139, 0.122366, 0.733502, 1.102354, 0.073978, 0.048420, 0.119532, 0.449595, 0.833988, 0.011887, 0.029877, 0.242291, 0.283169, 0.554925, 0.048428, 0.089926, 0.106209, 0.494908, 0.124810, 0.089701, 0.083434, 0.257149, 0.219433, 5.864456, 0.227015, 0.000002, 0.258476, 0.208139, 0.208766, 0.000000, 0.068838, 0.401565, 0.196317, 0.284808, 0.168865, 0.042798, 0.024937, 0.469058, 0.494547, 0.012271, 0.006088, 0.007545, , 0.005462, 0.022942, 
tioga-cpu, 0.5, 1.0, 1, 0.426698, 0.131648, 0.074525, 0.081848, 0.186354, 0.893024, 0.269264, 0.234423, 0.203884, 0.708327, 0.673702, 0.660843, 0.160008, 0.303262, 0.037549, 0.038311, 0.007177, 0.030443, 0.111532, 0.099694, 0.344408, 0.345237, 0.300649, 0.029172, 0.317101, 0.334745, 0.251489, 0.310182, 0.441697, 0.335377, 0.294276, 2.091145, 3.154471, 0.148400, 0.097881, 0.240363, 1.160624, 2.400388, 0.023971, 0.060133, 0.469897, 0.554921, 1.216258, 0.097511, 0.199838, 0.221647, 0.989829, 0.248166, 0.202331, 0.169522, 0.504345, 0.467248, 11.580151, 0.472959, 0.000001, 0.517354, 0.399211, 0.400879, 0.000000, 0.134996, 0.842046, 0.401115, 0.613340, 0.324318, 0.090394, 0.049781, 0.991354, 1.046756, 0.024547, 0.012163, 0.014947, , 0.010891, 0.036995, 
tioga-cpu, 0.5, 2.0, 1, 1.669744, 0.278585, 0.191370, 0.199540, 0.341449, 1.785041, 0.536505, 0.472631, 0.618971, 1.409512, 1.333351, 1.917752, 0.456010, 0.598621, 0.075188, 0.076398, 0.014382, 0.061602, 0.222508, 0.197766, 0.839656, 0.711544, 0.739712, 0.058496, 0.811304, 0.953975, 0.638417, 0.620143, 1.041929, 0.645427, 0.811435, 6.162334, 9.157809, 0.295917, 0.199608, 0.594887, 4.591985, 7.226661, 0.049915, 0.122818, 0.946128, 1.288705, 2.367678, 0.196975, 0.560442, 0.608858, 2.007296, 0.651406, 0.615745, 0.356351, 0.993462, 0.938440, 22.656058, 0.996277, 0.000000, 1.034421, 0.781780, 0.785114, 0.000000, 0.249374, 1.545838, 0.787871, 1.260092, 0.607769, 0.167865, 0.100265, 2.066913, 2.182072, 0.049040, 0.024286, 0.035555, , 0.022050, 0.088316, 
tuolumne, 0.5, 0.5, 1, 0.001685, 0.001221, 0.005406, 0.001400, , 0.001421, 0.002523, 0.002136, 0.004982, 0.004834, 0.004817, 0.000798, 0.002032, 0.002512, 0.010803, , , , , , 0.003610, 0.005038, 0.003793, , 0.005489, 0.004992, 0.009035, 0.002979, 0.010586, 0.000994, 0.002629, 0.002048, 0.003099, 0.014521, 0.011652, 0.008182, 0.017709, 0.002151, 0.004391, 0.011081, 0.005093, 0.010886, 0.020164, 0.009908, 0.002056, 0.005008, , 0.007027, 0.002072, , 0.001491, , 0.006198, 0.003572, , 0.000660, 0.001920, 0.001856, , , 0.002361, 0.001935, 0.004315, 0.005584, 0.001055, 0.001345, , , , 0.000832, 0.000580, , , 0.113074, 
tuolumne, 0.5, 1.0, 1, 0.002406, 0.001655, 0.002313, 0.002229, , 0.002299, 0.003381, 0.002148, 0.003862, 0.010444, 0.007074, 0.001708, 0.003066, 0.003881, 0.012014, , , , , , 0.005940, 0.003023, 0.005632, , 0.005735, 0.007741, 0.003897, 0.004740, 0.008904, 0.001168, 0.005030, 0.004206, 0.008777, 0.019185, 0.018327, 0.007530, 0.025740, 0.004974, 0.004824, 0.016735, 0.007491, 0.017035, 0.025191, 0.015669, 0.007276, 0.005297, , 0.005302, 0.003630, , 0.002247, , 0.003816, 0.005555, , 0.001190, 0.003369, 0.003370, , , 0.004293, 0.003093, 0.006930, 0.005965, 0.001523, 0.002333, , , , 0.000882, 0.000833, , , 0.102565, 
tuolumne, 0.5, 2.0, 1, 0.004639, 0.002681, 0.004355, 0.003546, , 0.003297, 0.005915, 0.003091, 0.006319, 0.011858, 0.011801, 0.003571, 0.004984, 0.005992, 0.007449, , , , , , 0.010767, 0.005617, 0.010178, , 0.010379, 0.013234, 0.008011, 0.007731, 0.009521, 0.001539, 0.009832, 0.009109, 0.013334, 0.026314, 0.032008, 0.014166, 0.079355, 0.010618, 0.007696, 0.030812, 0.011508, 0.021153, 0.034644, 0.030078, 0.007893, 0.009124, , 0.009200, 0.007975, , 0.003288, , 0.006736, 0.009110, , 0.002240, 0.006056, 0.006004, , , 0.008166, 0.005152, 0.011284, 0.003385, 0.002132, 0.004510, , , , 0.001220, 0.001267, , , 0.080494, 
tuolumne-cpu, 0.5, 0.5, 1, 0.388473, 0.067763, 0.027384, 0.027281, 0.079390, 0.379775, 0.113934, 0.093924, 0.064446, 0.289330, 0.272884, 0.204798, 0.046796, 0.131833, 0.016131, 0.015824, 0.002610, 0.011366, 0.046206, 0.040667, 0.156988, 0.123830, 0.105799, 0.019475, 0.110859, 0.098635, 0.084678, 0.215122, 0.289968, 0.133817, 0.091912, 0.618357, 0.922109, 0.061907, 0.039785, 0.087038, 0.315418, 0.699695, 0.009619, 0.024376, 0.183296, 0.210916, 0.424230, 0.040719, 0.064028, 0.076194, 0.407990, 0.083571, 0.063939, 0.069023, 0.188200, 0.233224, 4.518849, 0.214766, 0.000003, 0.200446, 0.164350, 0.163883, 0.000000, 0.051891, 0.593352, 0.165781, 0.203386, 0.132503, 0.031717, 0.020368, 0.384348, 0.423893, 0.010215, 0.004235, 0.005044, , 0.003922, 0.015239, 
tuolumne-cpu, 0.5, 1.0, 1, 0.831717, 0.121931, 0.053507, 0.055902, 0.153338, 0.767055, 0.228700, 0.186857, 0.308996, 0.574643, 0.539508, 0.548150, 0.216826, 0.259177, 0.031813, 0.031629, 0.005259, 0.022715, 0.092371, 0.081354, 0.343401, 0.271291, 0.211521, 0.038944, 0.224023, 0.386662, 0.214206, 0.399065, 0.657089, 0.250497, 0.394252, 1.720131, 2.583747, 0.133665, 0.080403, 0.211517, 0.822650, 1.954419, 0.020268, 0.048919, 0.349303, 0.411713, 1.067534, 0.080478, 0.180082, 0.157055, 0.816236, 0.169596, 0.187058, 0.211220, 0.364901, 0.979919, 8.912552, 0.486132, 0.000001, 0.401045, 0.321300, 0.321090, 0.000001, 0.103593, 1.499265, 0.338092, 0.552977, 0.257821, 0.075118, 0.040756, 0.814175, 0.881258, 0.020415, 0.008693, 0.010400, , 0.007833, 0.026189, 
tuolumne-cpu, 0.5, 2.0, 1, 1.948390, 0.257621, 0.247175, 0.241419, 0.285232, 1.538439, 0.456819, 0.406453, 0.699964, 1.146071, 1.072990, 1.536645, 0.489979, 0.514945, 0.063155, 0.062940, 0.010515, 0.045871, 0.184750, 0.162755, 0.737406, 0.628205, 0.745493, 0.077895, 0.774759, 1.055291, 0.811883, 1.055078, 1.406994, 0.483250, 1.048952, 5.176534, 7.927988, 0.280039, 0.166816, 0.953391, 7.700569, 6.533986, 0.043314, 0.119871, 0.972137, 1.292045, 3.468069, 0.166636, 0.730855, 0.647497, 1.652249, 0.645567, 0.764504, 0.714975, 0.735462, 2.435356, 17.462039, 1.006416, 0.000001, 0.802745, 0.634796, 0.635067, 0.000001, 0.195511, 2.422660, 0.677358, 1.243375, 0.505870, 0.199945, 0.082290, 1.695644, 1.845186, 0.040815, 0.017304, 0.039465, , 0.015786, 0.070328, 
borax, 0.5, 0.5, 72, 0.019473, 0.005409, 0.009605, 0.038975, 0.016609, 0.010524, 0.004745, 0.008678, 0.021138, 0.048134, 0.047547, 0.009878, 0.015213, 0.020835, 0.977974, 0.001607, 0.003045, 0.003432, 0.002901, 0.674960, 0.015580, 0.015717, 0.035720, 0.007221, 0.036645, 0.108865, 0.025130, 0.012441, 0.020582, 0.002966, 0.029738, 0.031262, 0.047391, 0.004270, 0.005695, 0.023346, 0.102650, 0.040473, 0.004681, 0.002697, 0.028146, 0.059514, 0.081052, 0.002209, 0.021567, 0.031337, 0.036829, 0.033054, 0.024908, 0.002408, 0.009681, 0.006161, 0.178614, 0.019978, 0.000000, 0.006329, 0.010433, 0.010274, 0.000000, 0.002075, 0.024658, 0.047824, 0.026681, 0.012457, 0.004522, 0.003046, , , 0.001207, 0.001899, 0.002087, , 0.215783, 0.386409, 
borax, 0.5, 0.5, 32, 0.031820, 0.007054, 0.012924, 0.070629, 0.009131, 0.018278, 0.007678, 0.010738, 0.024863, 0.039845, 0.039953, 0.015105, 0.018643, 0.018404, 1.097182, 0.001956, 0.001197, 0.001383, 0.004346, 1.149255, 0.021374, 0.014973, 0.046838, 0.003189, 0.046777, 0.066696, 0.031687, 0.021992, 0.025205, 0.003633, 0.029818, 0.066069, 0.101700, 0.006558, 0.007886, 0.029650, 0.107581, 0.079322, 0.003633, 0.003067, 0.037565, 0.066826, 0.098458, 0.003582, 0.031530, 0.041701, 0.039571, 0.042650, 0.031839, 0.003434, 0.018468, 0.011274, 0.399672, 0.029717, 0.000000, 0.009546, 0.019777, 0.019508, 0.000000, 0.002864, 0.047548, 0.104003, 0.032977, 0.024802, 0.005268, 0.003762, , , 0.000733, 0.001323, 0.002707, , 0.377053, 0.184846, 
borax, 0.5, 0.5, 16, 0.026122, 0.007135, 0.012040, 0.062786, 0.006384, 0.018235, 0.010572, 0.013483, 0.031566, 0.035137, 0.036979, 0.015345, 0.022897, 0.015960, 0.642930, 0.001772, 0.000657, 0.001389, 0.004555, 0.533095, 0.025761, 0.017909, 0.044061, 0.003347, 0.043964, 0.090671, 0.029610, 0.022754, 0.024610, 0.004613, 0.026166, 0.056791, 0.086576, 0.010238, 0.005269, 0.026289, 0.104357, 0.066835, 0.003650, 0.003897, 0.032236, 0.061786, 0.081107, 0.003311, 0.029580, 0.039126, 0.035575, 0.039967, 0.029668, 0.003816, 0.018217, 0.012801, 0.438288, 0.033255, 0.000000, 0.010575, 0.029672, 0.028918, 0.000000, 0.003001, 0.039700, 0.097065, 0.038675, 0.026979, 0.005907, 0.004137, , , 0.000625, 0.001024, 0.002537, , 0.155982, 0.112236, 
borax, 0.5, 0.5, 8, 0.058532, 0.031233, 0.012906, 0.122022, 0.007234, 0.033598, 0.018256, 0.022044, 0.035410, 0.054674, 0.058602, 0.021000, 0.024224, 0.025915, 0.780545, 0.002854, 0.000478, 0.001175, 0.007532, 0.301762, 0.055970, 0.022608, 0.052218, 0.004733, 0.052226, 0.058995, 0.033972, 0.045339, 0.053108, 0.006550, 0.041979, 0.112369, 0.169641, 0.016149, 0.005745, 0.028290, 0.148582, 0.132194, 0.002062, 0.002333, 0.043669, 0.083834, 0.110736, 0.005286, 0.033708, 0.044290, 0.035658, 0.046683, 0.033792, 0.005806, 0.034980, 0.023069, 0.874586, 0.083690, 0.000000, 0.019931, 0.056602, 0.055071, 0.000000, 0.005048, 0.103891, 0.192435, 0.046718, 0.052962, 0.009732, 0.005613, , , 0.000583, 0.001677, 0.002463, , 0.160494, 0.039496, 
borax, 0.5, 0.5, 4, 0.100908, 0.043496, 0.022743, 0.220089, 0.011605, 0.060133, 0.032915, 0.039736, 0.063172, 0.095761, 0.102834, 0.037449, 0.044383, 0.045410, 0.655228, 0.005019, 0.000630, 0.002066, 0.013481, 0.317483, 0.100525, 0.040849, 0.091232, 0.008335, 0.091572, 0.103345, 0.060233, 0.082958, 0.096824, 0.011708, 0.074996, 0.203733, 0.307086, 0.029195, 0.009687, 0.049640, 0.262560, 0.239250, 0.003276, 0.004058, 0.075451, 0.148094, 0.194521, 0.009345, 0.060228, 0.079412, 0.064887, 0.082005, 0.060283, 0.010303, 0.063203, 0.041559, 1.571350, 0.147937, 0.000000, 0.035839, 0.100840, 0.098101, 0.000000, 0.009077, 0.187915, 0.347874, 0.083053, 0.095844, 0.017417, 0.010225, , , 0.000956, 0.002896, 0.004407, , 0.127177, 0.030901, 
boraxo, 0.5, 0.5, 72, 0.014073, 0.004464, 0.007514, 0.039313, 0.013930, 0.006423, 0.004408, 0.005805, 0.010578, 0.035595, 0.035304, 0.010144, 0.007482, 0.014493, 2.979364, 0.001450, 0.003072, 0.003332, 0.002022, 0.784127, 0.011648, 0.009406, 0.028965, 0.006902, 0.029088, 0.097232, 0.015799, 0.011492, 0.016878, 0.002178, 0.015810, 0.046901, 0.060775, 0.004329, 0.014070, 0.019244, 0.084868, 0.065686, 0.005153, 0.002639, 0.018275, 0.049541, 0.067551, 0.002422, 0.015296, 0.025676, 0.037138, 0.025582, 0.015005, 0.001826, 0.009183, 0.005289, 0.156245, 0.015001, 0.000000, 0.006956, 0.009139, 0.009756, 0.000000, 0.001649, 0.030725, 0.052021, 0.013500, 0.012734, 0.003526, 0.002652, , , 0.001116, 0.001509, 0.001644, , 0.318773, 0.384350, 
boraxo, 0.5, 0.5, 32, 0.028249, 0.007176, 0.006029, 0.075213, 0.009539, 0.009654, 0.006848, 0.005419, 0.015201, 0.024118, 0.023965, 0.012588, 0.010750, 0.010304, 2.141088, 0.001565, 0.001010, 0.001254, 0.002631, 1.248733, 0.021524, 0.010196, 0.022476, 0.003599, 0.022434, 0.059399, 0.013675, 0.023643, 0.028853, 0.003182, 0.016656, 0.116868, 0.135704, 0.006855, 0.012315, 0.015362, 0.064529, 0.193531, 0.004725, 0.005263, 0.024948, 0.040575, 0.067505, 0.003806, 0.012912, 0.018474, 0.023746, 0.018655, 0.012956, 0.002569, 0.017463, 0.010349, 0.351176, 0.031740, 0.000000, 0.007993, 0.017079, 0.018436, 0.000000, 0.002311, 0.076204, 0.114023, 0.019537, 0.025881, 0.005245, 0.002684, , , 0.000663, 0.001048, 0.001177, , 0.373383, 0.185522, 
boraxo, 0.5, 0.5, 16, 0.019598, 0.007372, 0.004872, 0.067283, 0.006785, 0.009112, 0.009876, 0.004914, 0.018232, 0.018706, 0.018536, 0.010840, 0.012140, 0.007886, 1.148672, 0.001173, 0.000572, 0.000914, 0.002497, 0.983393, 0.022610, 0.009476, 0.019306, 0.003879, 0.019324, 0.082790, 0.011811, 0.024823, 0.028833, 0.005661, 0.015059, 0.047275, 0.068812, 0.010075, 0.010063, 0.012192, 0.050670, 0.053419, 0.004838, 0.011273, 0.021132, 0.034477, 0.052609, 0.002639, 0.010929, 0.015350, 0.021972, 0.015705, 0.010732, 0.002682, 0.019829, 0.010735, 0.376600, 0.032308, 0.000000, 0.008136, 0.025311, 0.024842, 0.000000, 0.002382, 0.041422, 0.104919, 0.019181, 0.029288, 0.005175, 0.003669, , , 0.000803, 0.000893, 0.000951, , 0.178707, 0.104379, 
boraxo, 0.5, 0.5, 8, 0.035781, 0.021616, 0.006396, 0.131881, 0.008295, 0.017295, 0.019370, 0.008051, 0.031085, 0.022300, 0.021860, 0.017519, 0.021798, 0.010996, 0.922343, 0.001550, 0.000340, 0.000897, 0.003601, 0.421649, 0.052775, 0.023631, 0.028351, 0.005735, 0.030448, 0.053394, 0.031574, 0.052152, 0.070603, 0.010883, 0.047192, 0.094421, 0.134510, 0.016847, 0.005961, 0.023644, 0.090508, 0.110268, 0.002433, 0.002226, 0.035352, 0.058892, 0.091725, 0.004260, 0.031535, 0.025587, 0.031869, 0.025647, 0.031553, 0.005043, 0.039542, 0.022003, 0.752591, 0.081867, 0.000000, 0.015487, 0.048763, 0.047558, 0.000000, 0.004533, 0.087366, 0.208655, 0.047614, 0.057978, 0.009720, 0.006405, , , 0.000803, 0.000785, 0.001428, , 0.175135, 0.046054, 
boraxo, 0.5, 0.5, 4, 0.065419, 0.032742, 0.022138, 0.264283, 0.014716, 0.034571, 0.041180, 0.017615, 0.062383, 0.047123, 0.046385, 0.034259, 0.043863, 0.022584, 0.969811, 0.002860, 0.000445, 0.002271, 0.006953, 0.472755, 0.092363, 0.045911, 0.088970, 0.011105, 0.089239, 0.099439, 0.068750, 0.105133, 0.130547, 0.021660, 0.092003, 0.182809, 0.269750, 0.033343, 0.008732, 0.053282, 0.212699, 0.219743, 0.003426, 0.005375, 0.072066, 0.145759, 0.199158, 0.008443, 0.068349, 0.080191, 0.088349, 0.080222, 0.068290, 0.010354, 0.078623, 0.045637, 1.504871, 0.151947, 0.000000, 0.031406, 0.095101, 0.093342, 0.000000, 0.009104, 0.166839, 0.416987, 0.098905, 0.115803, 0.019694, 0.013116, , , 0.001441, 0.001778, 0.004436, , 0.169827, 0.040353, 
corona-cpu, 0.5, 0.5, 96, 0.004832, 0.003834, 0.011717, 0.018607, 0.018035, 0.006667, 0.004207, 0.008750, 0.014290, 0.057443, 0.053461, 0.007780, 0.010137, 0.023029, 0.714348, 0.001693, 0.002271, 0.002869, 0.002407, 0.346418, 0.008865, 0.013781, 0.045786, 0.004931, 0.045973, 0.100995, 0.024510, 0.008316, 0.013035, 0.002457, 0.022825, 0.015028, 0.021332, 0.005610, 0.005586, 0.031069, 0.135141, 0.017986, 0.005953, 0.002801, 0.067211, 0.071935, 0.143624, 0.002979, 0.022027, 0.040580, 0.051394, 0.041916, 0.021961, 0.002491, 0.006520, 0.003978, 0.086685, 0.008416, 0.000000, 0.005958, 0.004756, 0.004750, 0.000000, 0.002043, 0.011295, 0.014781, 0.018153, 0.008228, 0.003992, 0.003378, , , 0.001423, 0.002356, 0.002564, , 0.083781, 0.504287, 
corona-cpu, 0.5, 0.5, 48, 0.006257, 0.003890, 0.007741, 0.022014, 0.011395, 0.006983, 0.004798, 0.007939, 0.011837, 0.044079, 0.036623, 0.007800, 0.008208, 0.018681, 0.599594, 0.001942, 0.001697, 0.001825, 0.003380, 0.248839, 0.011173, 0.010444, 0.029432, 0.003263, 0.029429, 0.117253, 0.016480, 0.010616, 0.011272, 0.002873, 0.018829, 0.027187, 0.038618, 0.006253, 0.004172, 0.022953, 0.086743, 0.032247, 0.004584, 0.002069, 0.041811, 0.048896, 0.106299, 0.002491, 0.015921, 0.025224, 0.031607, 0.027692, 0.019949, 0.002902, 0.008388, 0.006510, 0.163560, 0.010702, 0.000000, 0.006486, 0.007476, 0.007423, 0.000000, 0.002186, 0.018778, 0.024990, 0.015407, 0.012093, 0.003893, 0.002695, , , 0.000981, 0.001530, 0.001837, , 0.094043, 0.297592, 
corona-cpu, 0.5, 0.5, 32, 0.008253, 0.004207, 0.005759, 0.026309, 0.008083, 0.007554, 0.005683, 0.007805, 0.009797, 0.039859, 0.028636, 0.010361, 0.008351, 0.018748, 0.534682, 0.002062, 0.001280, 0.001466, 0.003955, 0.245098, 0.013977, 0.009420, 0.020693, 0.002522, 0.021144, 0.107419, 0.013379, 0.013676, 0.011111, 0.002902, 0.014844, 0.037040, 0.055122, 0.007471, 0.003501, 0.016636, 0.067014, 0.044445, 0.003848, 0.001705, 0.032644, 0.035432, 0.067563, 0.002325, 0.016655, 0.018944, 0.024772, 0.027025, 0.022624, 0.003333, 0.010745, 0.008029, 0.244745, 0.013627, 0.000000, 0.007562, 0.009486, 0.009388, 0.000000, 0.002460, 0.026231, 0.035366, 0.013621, 0.016119, 0.004081, 0.002483, , , 0.000755, 0.001134, 0.001461, , 0.100927, 0.217443, 
corona-cpu, 0.5, 0.5, 16, 0.009182, 0.004203, 0.004041, 0.045594, 0.005758, 0.007390, 0.008299, 0.010101, 0.008477, 0.033320, 0.021299, 0.010521, 0.007954, 0.015988, 0.478815, 0.001807, 0.000695, 0.001302, 0.004018, 0.227450, 0.015153, 0.007839, 0.014897, 0.002115, 0.017317, 0.191989, 0.012061, 0.013806, 0.010548, 0.002722, 0.013855, 0.034083, 0.051025, 0.009899, 0.002681, 0.011182, 0.047046, 0.041654, 0.003575, 0.001672, 0.025968, 0.025629, 0.050014, 0.002039, 0.013045, 0.014253, 0.019821, 0.024467, 0.031098, 0.003547, 0.011926, 0.008578, 0.279721, 0.014452, 0.000000, 0.007230, 0.015039, 0.015045, 0.000000, 0.002411, 0.027027, 0.068279, 0.012366, 0.017270, 0.003899, 0.002756, , , 0.000592, 0.000811, 0.001125, , 0.097308, 0.107028, 
corona-cpu, 0.5, 0.5, 8, 0.023801, 0.007895, 0.005112, 0.085698, 0.006565, 0.012660, 0.015931, 0.018454, 0.010933, 0.054079, 0.030366, 0.011589, 0.007907, 0.026924, 0.404881, 0.002647, 0.000713, 0.003242, 0.006924, 0.121534, 0.026512, 0.010909, 0.018857, 0.002753, 0.018922, 0.075768, 0.013220, 0.024121, 0.019318, 0.004135, 0.016551, 0.062384, 0.093119, 0.014438, 0.003542, 0.012788, 0.059400, 0.074552, 0.003377, 0.002409, 0.026828, 0.033616, 0.058835, 0.002960, 0.012295, 0.016058, 0.019923, 0.017537, 0.012329, 0.004136, 0.021825, 0.016187, 0.554087, 0.032198, 0.000000, 0.012792, 0.028989, 0.028965, 0.000000, 0.004086, 0.054093, 0.133928, 0.017364, 0.032784, 0.006434, 0.004198, , , 0.000659, 0.000800, 0.001882, , 0.076220, 0.058422, 
corona-cpu, 0.5, 0.5, 4, 0.060112, 0.031911, 0.008149, 0.169928, 0.010797, 0.024628, 0.031364, 0.035966, 0.019530, 0.101937, 0.054868, 0.021013, 0.013814, 0.051720, 0.298792, 0.004917, 0.000542, 0.002583, 0.013662, 0.085240, 0.068915, 0.019448, 0.031751, 0.004456, 0.032120, 0.061256, 0.022190, 0.051639, 0.094518, 0.007374, 0.029390, 0.122931, 0.187293, 0.027918, 0.006101, 0.020174, 0.101164, 0.148962, 0.004795, 0.003736, 0.039735, 0.060395, 0.101798, 0.005375, 0.021476, 0.028631, 0.033637, 0.028225, 0.021130, 0.007754, 0.042615, 0.034177, 1.114237, 0.116941, 0.000000, 0.024932, 0.057019, 0.056999, 0.000000, 0.007606, 0.112293, 0.268639, 0.033814, 0.064857, 0.012305, 0.007591, , , 0.001013, 0.001471, 0.002562, , 0.070259, 0.044043, 
dane, 0.5, 0.5, 224, 0.002733, 0.001945, 0.010939, 0.018345, 0.020951, 0.004863, 0.003625, 0.008546, 0.011444, 0.051056, 0.051463, 0.004082, 0.008160, 0.021274, 9.861194, 0.002717, 0.015210, 0.015494, 0.003229, 1.166859, 0.006470, 0.011110, 0.042753, 0.029982, 0.042680, 0.051700, 0.021414, 0.004011, 0.009379, 0.001412, 0.021444, 0.005775, 0.008000, 0.002243, 0.006544, 0.033669, 0.125586, 0.007146, 0.002670, 0.002688, 0.027454, 0.083668, 0.105936, 0.002596, 0.023082, 0.038407, 0.096827, 0.038958, 0.021311, 0.001522, 0.003695, 0.002765, 0.032819, 0.004835, 0.000000, 0.004600, 0.003205, 0.003194, 0.000000, 0.001387, 0.005575, 0.016509, 0.015698, 0.004188, 0.002489, 0.003146, , , 0.002382, 0.002215, 0.002290, , 0.302533, 0.652838, 
dane, 0.5, 0.5, 112, 0.002791, 0.001565, 0.004671, 0.017722, 0.008410, 0.003152, 0.002310, 0.004016, 0.005601, 0.023737, 0.023598, 0.004389, 0.004001, 0.009330, 1.808516, 0.001076, 0.003843, 0.003969, 0.001204, 1.078026, 0.005761, 0.005222, 0.018029, 0.008223, 0.018061, 0.039907, 0.009303, 0.004040, 0.004873, 0.000914, 0.009290, 0.010198, 0.014644, 0.002005, 0.003824, 0.015192, 0.054279, 0.011704, 0.003477, 0.001218, 0.018417, 0.035182, 0.053287, 0.001499, 0.009863, 0.016062, 0.022630, 0.016116, 0.009156, 0.001000, 0.003068, 0.002165, 0.050114, 0.004250, 0.000000, 0.002628, 0.002985, 0.003013, 0.000000, 0.000875, 0.006461, 0.023491, 0.007650, 0.004104, 0.001521, 0.001620, , , 0.000713, 0.001031, 0.001025, , 0.356993, 0.256141, 
dane, 0.5, 0.5, 56, 0.002905, 0.001484, 0.003238, 0.014849, 0.006199, 0.002614, 0.002280, 0.002537, 0.007252, 0.015263, 0.015103, 0.003300, 0.005074, 0.006050, 0.816063, 0.000666, 0.001560, 0.001701, 0.000910, 0.362417, 0.004753, 0.004080, 0.012249, 0.003755, 0.012103, 0.040094, 0.006908, 0.004885, 0.004140, 0.001289, 0.006693, 0.009304, 0.012440, 0.002564, 0.001723, 0.008261, 0.036620, 0.010783, 0.002890, 0.000926, 0.013477, 0.020343, 0.028447, 0.000981, 0.006230, 0.010935, 0.013301, 0.011040, 0.006356, 0.000857, 0.002907, 0.002007, 0.053020, 0.004175, 0.000000, 0.002161, 0.002796, 0.002702, 0.000000, 0.000712, 0.006185, 0.025692, 0.006602, 0.003888, 0.001413, 0.001167, , , 0.000421, 0.000647, 0.000696, , 0.138532, 0.167890, 
dane, 0.5, 0.5, 32, 0.006171, 0.001791, 0.002643, 0.023105, 0.004694, 0.003444, 0.003495, 0.002303, 0.010391, 0.011651, 0.011645, 0.003769, 0.007351, 0.004482, 0.687381, 0.000624, 0.000734, 0.000802, 0.000944, 0.336278, 0.008259, 0.004813, 0.010008, 0.001986, 0.010123, 0.027969, 0.006212, 0.007173, 0.005122, 0.000982, 0.006048, 0.015910, 0.021528, 0.004964, 0.001426, 0.008050, 0.028148, 0.018875, 0.001662, 0.000677, 0.015558, 0.015736, 0.025765, 0.000889, 0.004584, 0.007540, 0.009272, 0.007741, 0.004573, 0.000968, 0.004323, 0.002684, 0.090728, 0.006066, 0.000000, 0.002683, 0.004387, 0.004168, 0.000000, 0.000840, 0.009640, 0.039989, 0.007779, 0.005847, 0.001640, 0.001055, , , 0.000292, 0.000474, 0.000494, , 0.124674, 0.093021, 
dane, 0.5, 0.5, 16, 0.014465, 0.003581, 0.002494, 0.040829, 0.003885, 0.005560, 0.006076, 0.002707, 0.018550, 0.009544, 0.009540, 0.004569, 0.013377, 0.003901, 0.552760, 0.000683, 0.000267, 0.000445, 0.001288, 0.253169, 0.015261, 0.006218, 0.008798, 0.002088, 0.008894, 0.024520, 0.006390, 0.010557, 0.031289, 0.001403, 0.006666, 0.025922, 0.040121, 0.006019, 0.001288, 0.006303, 0.029954, 0.030820, 0.001052, 0.000722, 0.011579, 0.014425, 0.025729, 0.001160, 0.004686, 0.007319, 0.008968, 0.007456, 0.004662, 0.001414, 0.007757, 0.004573, 0.163482, 0.015015, 0.000000, 0.003901, 0.007660, 0.007580, 0.000000, 0.001255, 0.017733, 0.063711, 0.012120, 0.010196, 0.002417, 0.001353, , , 0.000245, 0.000418, 0.000481, , 0.104239, 0.047267, 
dane, 0.5, 0.5, 8, 0.038073, 0.024372, 0.002877, 0.080310, 0.005026, 0.010340, 0.011977, 0.004488, 0.019510, 0.012269, 0.012182, 0.007902, 0.013490, 0.006966, 0.504201, 0.001003, 0.000204, 0.000544, 0.002290, 0.202372, 0.032938, 0.010255, 0.014381, 0.003500, 0.015587, 0.044429, 0.011856, 0.026216, 0.041442, 0.002613, 0.017910, 0.043546, 0.065106, 0.010006, 0.002181, 0.009499, 0.057166, 0.051930, 0.001209, 0.001337, 0.017136, 0.021727, 0.039744, 0.002047, 0.011049, 0.010766, 0.010574, 0.010526, 0.010871, 0.002762, 0.014532, 0.009591, 0.326656, 0.064095, 0.000000, 0.007148, 0.014832, 0.014708, 0.000000, 0.002315, 0.049984, 0.127020, 0.020082, 0.020383, 0.004594, 0.002365, , , 0.000311, 0.000549, 0.000656, , 0.103532, 0.025607, 
dane, 0.5, 0.5, 4, 0.050491, 0.038890, 0.009011, 0.160803, 0.008918, 0.020482, 0.024294, 0.008998, 0.039003, 0.022552, 0.022370, 0.014985, 0.027433, 0.010279, 0.463578, 0.001801, 0.000293, 0.001116, 0.004282, 0.180548, 0.103001, 0.028755, 0.037892, 0.006739, 0.039965, 0.074628, 0.037351, 0.061603, 0.101839, 0.005200, 0.056616, 0.082459, 0.122992, 0.019504, 0.003582, 0.026310, 0.095626, 0.099094, 0.001812, 0.002168, 0.028676, 0.045670, 0.072820, 0.003187, 0.036728, 0.033453, 0.032790, 0.033798, 0.036792, 0.005968, 0.029685, 0.020826, 0.652906, 0.121901, 0.000000, 0.014211, 0.028754, 0.028517, 0.000000, 0.004577, 0.088905, 0.254057, 0.058029, 0.040507, 0.009292, 0.004565, , , 0.000507, 0.000953, 0.001895, , 0.100088, 0.020582, 
mammoth, 0.5, 0.5, 256, 0.006202, 0.004461, 0.030254, 0.031826, 0.047408, 0.012806, 0.007355, 0.019777, 0.030800, 0.126221, 0.128129, 0.012402, 0.022364, 0.049269, 0.808925, 0.003193, 0.005947, 0.006816, 0.003511, 0.449955, 0.013690, 0.032872, 0.113691, 0.013341, 0.116761, 0.105072, 0.060966, 0.011243, 0.024206, 0.004539, 0.061977, 0.012081, 0.014469, 0.006005, 0.012524, 0.076746, 0.355333, 0.012432, 0.007457, 0.007355, 0.070487, 0.181464, 0.285849, 0.006364, 0.060832, 0.102598, 0.128860, 0.104570, 0.060935, 0.004864, 0.009521, 0.006158, 0.056892, 0.011891, 0.000000, 0.011536, 0.006024, 0.005859, 0.000000, 0.003707, 0.014156, 0.014152, 0.044201, 0.012358, 0.007567, 0.007032, , , 0.003269, 0.005341, 0.006086, , 0.086272, 1.239423, 
mammoth, 0.5, 0.5, 128, 0.006160, 0.003808, 0.016289, 0.021173, 0.025211, 0.008614, 0.005036, 0.011417, 0.018243, 0.074694, 0.073239, 0.010954, 0.013802, 0.029014, 0.706401, 0.002034, 0.003108, 0.003753, 0.002627, 0.320345, 0.011186, 0.019116, 0.063246, 0.006890, 0.062915, 0.083530, 0.035196, 0.010205, 0.016122, 0.003603, 0.034208, 0.017536, 0.021643, 0.005123, 0.007553, 0.047618, 0.186564, 0.017123, 0.005698, 0.003813, 0.071441, 0.099233, 0.176523, 0.004064, 0.033146, 0.056460, 0.070430, 0.057590, 0.033684, 0.003766, 0.009564, 0.006567, 0.078527, 0.011037, 0.000000, 0.008429, 0.006326, 0.006256, 0.000000, 0.002899, 0.014686, 0.013946, 0.026239, 0.012040, 0.005190, 0.004517, , , 0.001902, 0.003031, 0.003608, , 0.103286, 0.708777, 
mammoth, 0.5, 0.5, 64, 0.004403, 0.002997, 0.006706, 0.016748, 0.011189, 0.004732, 0.003364, 0.005939, 0.008151, 0.033233, 0.030282, 0.009531, 0.006780, 0.013585, 0.580075, 0.001082, 0.001492, 0.001892, 0.001696, 0.316810, 0.007454, 0.009278, 0.024731, 0.003431, 0.025079, 0.078845, 0.013759, 0.007236, 0.009915, 0.002270, 0.015068, 0.018727, 0.020927, 0.004752, 0.003537, 0.021427, 0.079302, 0.017686, 0.004863, 0.001689, 0.045311, 0.039628, 0.074152, 0.002031, 0.013883, 0.023119, 0.029281, 0.023617, 0.014089, 0.002352, 0.004898, 0.004173, 0.073374, 0.007951, 0.000000, 0.004410, 0.004581, 0.004564, 0.000000, 0.001845, 0.010163, 0.019772, 0.012099, 0.008089, 0.002734, 0.002386, , , 0.000928, 0.001401, 0.001676, , 0.110515, 0.342069, 
mammoth, 0.5, 0.5, 32, 0.006570, 0.003268, 0.004352, 0.023960, 0.005534, 0.004903, 0.004616, 0.006042, 0.007049, 0.023080, 0.017085, 0.007516, 0.005803, 0.011454, 0.580092, 0.001085, 0.000807, 0.001369, 0.002153, 0.263131, 0.009042, 0.008041, 0.015077, 0.002160, 0.014981, 0.050615, 0.009313, 0.009756, 0.012296, 0.002161, 0.010315, 0.021477, 0.029651, 0.005176, 0.002315, 0.011277, 0.044100, 0.022318, 0.002282, 0.001347, 0.027179, 0.025587, 0.042307, 0.001604, 0.008463, 0.012423, 0.016854, 0.012812, 0.008600, 0.002505, 0.007035, 0.005686, 0.145087, 0.013472, 0.000000, 0.004938, 0.007712, 0.007728, 0.000000, 0.001952, 0.016119, 0.034412, 0.010265, 0.010972, 0.002918, 0.002004, , , 0.000563, 0.000755, 0.001064, , 0.103845, 0.142826, 
mammoth, 0.5, 0.5, 16, 0.009774, 0.004529, 0.004529, 0.044460, 0.004903, 0.007234, 0.008165, 0.009893, 0.009188, 0.031070, 0.019327, 0.009419, 0.007315, 0.015177, 0.560011, 0.001407, 0.000565, 0.001354, 0.003676, 0.214638, 0.014415, 0.009871, 0.014810, 0.002102, 0.015686, 0.056386, 0.011619, 0.015186, 0.013779, 0.002819, 0.014126, 0.032977, 0.048990, 0.007887, 0.002859, 0.011541, 0.043259, 0.039016, 0.002647, 0.001642, 0.019121, 0.024946, 0.042481, 0.002294, 0.010836, 0.012620, 0.016159, 0.018423, 0.014291, 0.003385, 0.011661, 0.009120, 0.278846, 0.017467, 0.000000, 0.007416, 0.015042, 0.015065, 0.000000, 0.002821, 0.027356, 0.067805, 0.013075, 0.017723, 0.004227, 0.002580, , , 0.000544, 0.000710, 0.001110, , 0.097012, 0.079564, 
mammoth, 0.5, 0.5, 8, 0.035620, 0.009621, 0.006400, 0.086152, 0.006395, 0.012695, 0.016059, 0.018599, 0.011643, 0.054032, 0.030268, 0.013755, 0.009295, 0.026912, 0.540802, 0.002599, 0.000610, 0.003104, 0.006920, 0.170412, 0.026780, 0.012656, 0.020216, 0.002610, 0.022049, 0.091452, 0.014573, 0.026959, 0.019588, 0.004302, 0.017252, 0.062617, 0.095002, 0.014231, 0.003842, 0.014127, 0.059598, 0.074647, 0.003364, 0.002473, 0.024055, 0.034656, 0.058536, 0.003524, 0.013528, 0.016766, 0.020793, 0.017276, 0.014817, 0.005000, 0.021721, 0.016536, 0.557166, 0.034350, 0.000000, 0.013224, 0.029014, 0.028952, 0.000000, 0.004650, 0.055146, 0.135025, 0.017870, 0.033037, 0.006700, 0.004260, , , 0.000645, 0.000779, 0.002049, , 0.095633, 0.053684, 
mammoth, 0.5, 0.5, 4, 0.072198, 0.049568, 0.008808, 0.169720, 0.010387, 0.024330, 0.031303, 0.036432, 0.019488, 0.100670, 0.053555, 0.022692, 0.014683, 0.051322, 0.561107, 0.005286, 0.000574, 0.001938, 0.013598, 0.121278, 0.123233, 0.019546, 0.032522, 0.004363, 0.032080, 0.182981, 0.022481, 0.058803, 0.169940, 0.007329, 0.029214, 0.123312, 0.187658, 0.027056, 0.006457, 0.020115, 0.102199, 0.149225, 0.004523, 0.003707, 0.039506, 0.060325, 0.100395, 0.005867, 0.021415, 0.027581, 0.033723, 0.027575, 0.021860, 0.008604, 0.042371, 0.034490, 1.115332, 0.162959, 0.000000, 0.025239, 0.057113, 0.056906, 0.000000, 0.008213, 0.115468, 0.269086, 0.032775, 0.065029, 0.012177, 0.007843, , , 0.001023, 0.001862, 0.003027, , 0.077479, 0.038318, 
matrix-cpu, 0.5, 0.5, 224, 0.013531, 0.011931, 0.114627, 0.121763, 0.230144, 0.041863, 0.035548, 0.080818, 0.113783, 0.547555, 0.568885, 0.005800, 0.079645, 0.228057, 1.051335, 0.011930, 0.012246, 0.012347, 0.011991, 0.443091, 0.041299, 0.116175, 0.450334, 0.035046, 0.449073, 0.242591, 0.226230, 0.025273, 0.092993, 0.011611, 0.227804, 0.007384, 0.009189, 0.008461, 0.045963, 0.290200, 1.267063, 0.009565, 0.018498, 0.027506, 0.194041, 0.723415, 0.902874, 0.021766, 0.223287, 0.403036, 0.457971, 0.404020, 0.228188, 0.011903, 0.024195, 0.012510, 0.033870, 0.031862, 0.000000, 0.038249, 0.013869, 0.013822, 0.000000, 0.011603, 0.025928, 0.043470, 0.156440, 0.024879, 0.023320, 0.034676, , , 0.011368, 0.023203, 0.023314, , 0.178445, 6.427265, 
matrix-cpu, 0.5, 0.5, 112, 0.002373, 0.001389, 0.005756, 0.012720, 0.012076, 0.003058, 0.002231, 0.004238, 0.006762, 0.027399, 0.027476, 0.002518, 0.004809, 0.010836, 1.029386, 0.001048, 0.005442, 0.005485, 0.001191, 0.476994, 0.004473, 0.006351, 0.022905, 0.012166, 0.022579, 0.065443, 0.011768, 0.004138, 0.005470, 0.001148, 0.011675, 0.006762, 0.008095, 0.002265, 0.002756, 0.015769, 0.066943, 0.008610, 0.001686, 0.001501, 0.013559, 0.036583, 0.049024, 0.001334, 0.011345, 0.020302, 0.026084, 0.020171, 0.011450, 0.001023, 0.002561, 0.001754, 0.031308, 0.003692, 0.000000, 0.002744, 0.002284, 0.002279, 0.000000, 0.000941, 0.004501, 0.016092, 0.008653, 0.003187, 0.001595, 0.001806, , , 0.000769, 0.001196, 0.001209, , 0.173206, 0.364787, 
matrix-cpu, 0.5, 0.5, 56, 0.002855, 0.001496, 0.003276, 0.014672, 0.006367, 0.002660, 0.002229, 0.002485, 0.007166, 0.015427, 0.015353, 0.003270, 0.005087, 0.006181, 0.813137, 0.000737, 0.001581, 0.001648, 0.000945, 0.347634, 0.005163, 0.005426, 0.012618, 0.003518, 0.012680, 0.039275, 0.007068, 0.006083, 0.004138, 0.000796, 0.006953, 0.009349, 0.012358, 0.002450, 0.001824, 0.008513, 0.037292, 0.010746, 0.002392, 0.000889, 0.013580, 0.020739, 0.028331, 0.000915, 0.006524, 0.011217, 0.013985, 0.011264, 0.006475, 0.000827, 0.003583, 0.001860, 0.051106, 0.004045, 0.000000, 0.002111, 0.002798, 0.002811, 0.000000, 0.000683, 0.005903, 0.024862, 0.006563, 0.003866, 0.001971, 0.001283, , , 0.000431, 0.000679, 0.000716, , 0.136797, 0.178964, 
matrix-cpu, 0.5, 0.5, 32, 0.006327, 0.001677, 0.002263, 0.022420, 0.003984, 0.003262, 0.003354, 0.002122, 0.010015, 0.009913, 0.009982, 0.003882, 0.006981, 0.004264, 0.687780, 0.000606, 0.000744, 0.000854, 0.000945, 0.318680, 0.007958, 0.004323, 0.009616, 0.002043, 0.008665, 0.029868, 0.005442, 0.007357, 0.004806, 0.000919, 0.005337, 0.016043, 0.021769, 0.004931, 0.001329, 0.007104, 0.027862, 0.019494, 0.001704, 0.000652, 0.015867, 0.015410, 0.025911, 0.000881, 0.004534, 0.007488, 0.009334, 0.007648, 0.004555, 0.000963, 0.005072, 0.002827, 0.088963, 0.006008, 0.000000, 0.002558, 0.004241, 0.004210, 0.000000, 0.000970, 0.009479, 0.039557, 0.007764, 0.005795, 0.002165, 0.001047, , , 0.000278, 0.000467, 0.000479, , 0.120207, 0.092814, 
matrix-cpu, 0.5, 0.5, 16, 0.013534, 0.003885, 0.002180, 0.040573, 0.003472, 0.005721, 0.006138, 0.002801, 0.018617, 0.008443, 0.008421, 0.004543, 0.012957, 0.004736, 0.564201, 0.000670, 0.000279, 0.000445, 0.001294, 0.227846, 0.014752, 0.006032, 0.008322, 0.002083, 0.008539, 0.026486, 0.006148, 0.010534, 0.031129, 0.002231, 0.006308, 0.025895, 0.044626, 0.006001, 0.001269, 0.006012, 0.038870, 0.030587, 0.001051, 0.000883, 0.011429, 0.013502, 0.024596, 0.001125, 0.004469, 0.006877, 0.008622, 0.006991, 0.004440, 0.001468, 0.007961, 0.004608, 0.163318, 0.016025, 0.000000, 0.003813, 0.007572, 0.007502, 0.000000, 0.001299, 0.017627, 0.063625, 0.014206, 0.010729, 0.003294, 0.001657, , , 0.000240, 0.000410, 0.000453, , 0.104423, 0.041596, 
matrix-cpu, 0.5, 0.5, 8, 0.034543, 0.020560, 0.002850, 0.080153, 0.005037, 0.010329, 0.011979, 0.004480, 0.019080, 0.012292, 0.012172, 0.007954, 0.013601, 0.006376, 0.488821, 0.001033, 0.000246, 0.000550, 0.002270, 0.204593, 0.030843, 0.009560, 0.011321, 0.003513, 0.012987, 0.043926, 0.011026, 0.025659, 0.038961, 0.002595, 0.015385, 0.044135, 0.065621, 0.010080, 0.002082, 0.009291, 0.049839, 0.052977, 0.001157, 0.001150, 0.016815, 0.022484, 0.039325, 0.001901, 0.007928, 0.010252, 0.010599, 0.010181, 0.007852, 0.002716, 0.014467, 0.009551, 0.326169, 0.059164, 0.000000, 0.007148, 0.014631, 0.014461, 0.000000, 0.002306, 0.047101, 0.126822, 0.019538, 0.020333, 0.004487, 0.002349, , , 0.000307, 0.000545, 0.000628, , 0.102193, 0.026839, 
matrix-cpu, 0.5, 0.5, 4, 0.047615, 0.033432, 0.007217, 0.162312, 0.008930, 0.020470, 0.024443, 0.009027, 0.046883, 0.022075, 0.021915, 0.015035, 0.027803, 0.010950, 0.471090, 0.001822, 0.000263, 0.001017, 0.004317, 0.181985, 0.088523, 0.028938, 0.030472, 0.006727, 0.033972, 0.077986, 0.039537, 0.058729, 0.094831, 0.005250, 0.060884, 0.087538, 0.123843, 0.024110, 0.003741, 0.025353, 0.101029, 0.099363, 0.001860, 0.002288, 0.029266, 0.058091, 0.082334, 0.003437, 0.037757, 0.028126, 0.026493, 0.028610, 0.037804, 0.006039, 0.028927, 0.021111, 0.661537, 0.118671, 0.000000, 0.013985, 0.028570, 0.028321, 0.000000, 0.004557, 0.086907, 0.258155, 0.059241, 0.040427, 0.009277, 0.004453, , , 0.000495, 0.000939, 0.001572, , 0.099918, 0.020084, 
tioga-cpu, 0.5, 0.5, 128, 0.009141, 0.006514, 0.002432, 0.005976, 0.004070, 0.003553, 0.001369, 0.002353, 0.003798, 0.013047, 0.012222, 0.010165, 0.004485, 0.006553, 3.180332, 0.000519, 0.000312, 0.000861, 0.001389, 1.084753, 0.010107, 0.005513, 0.008000, 0.000740, 0.009785, 0.039510, 0.006161, 0.008095, 0.019617, 0.003997, 0.005906, 0.018346, 0.028413, 0.003424, 0.001312, 0.006391, 0.023615, 0.022908, 0.002134, 0.000990, 0.014798, 0.014793, 0.025486, 0.001055, 0.004920, 0.011358, 0.014185, 0.007572, 0.005044, 0.002509, 0.004680, 0.006211, 0.130844, 0.008614, 0.000000, 0.006402, 0.007804, 0.006707, 0.000000, 0.001860, 0.016399, 0.006751, 0.011022, 0.004308, 0.001717, 0.001131, , , 0.000478, 0.000438, 0.000623, , 0.128977, 0.059603, 
tioga-cpu, 0.5, 0.5, 64, 0.009342, 0.005279, 0.003050, 0.008541, 0.004985, 0.005579, 0.001675, 0.002973, 0.010271, 0.018218, 0.017930, 0.010278, 0.007564, 0.007585, 1.714670, 0.000734, 0.000322, 0.001179, 0.002188, 0.375610, 0.012166, 0.007091, 0.009025, 0.000849, 0.010168, 0.038212, 0.007519, 0.010689, 0.022540, 0.004966, 0.011964, 0.023327, 0.034899, 0.003312, 0.001616, 0.011206, 0.026907, 0.030086, 0.001697, 0.001287, 0.019647, 0.017220, 0.032110, 0.001306, 0.006156, 0.008611, 0.015478, 0.008800, 0.006222, 0.003257, 0.007994, 0.007772, 0.185990, 0.015234, 0.000000, 0.008954, 0.010689, 0.006646, 0.000000, 0.002551, 0.016967, 0.011211, 0.016948, 0.005842, 0.002235, 0.001403, , , 0.000521, 0.000476, 0.000711, , 0.146068, 0.053163, 
tioga-cpu, 0.5, 0.5, 32, 0.008663, 0.005388, 0.002929, 0.016614, 0.004387, 0.007364, 0.001927, 0.003254, 0.010668, 0.017225, 0.016797, 0.012103, 0.007700, 0.007063, 0.850177, 0.000720, 0.000311, 0.001237, 0.002428, 0.356608, 0.012222, 0.007108, 0.008513, 0.000797, 0.009452, 0.037587, 0.007037, 0.010442, 0.022065, 0.006028, 0.012322, 0.025736, 0.038287, 0.003524, 0.001991, 0.007815, 0.025086, 0.030989, 0.001672, 0.001343, 0.015548, 0.016245, 0.027788, 0.001808, 0.006043, 0.007988, 0.020806, 0.008196, 0.006008, 0.003067, 0.009276, 0.007847, 0.192986, 0.015189, 0.000000, 0.008713, 0.009804, 0.006835, 0.000000, 0.002356, 0.016701, 0.018482, 0.015209, 0.005831, 0.002198, 0.001586, , , 0.000758, 0.000458, 0.000678, , 0.130367, 0.042528, 
tioga-cpu, 0.5, 0.5, 16, 0.014771, 0.008921, 0.005456, 0.031410, 0.006471, 0.025280, 0.005983, 0.007591, 0.020909, 0.030267, 0.029770, 0.016512, 0.015818, 0.010685, 0.776819, 0.001252, 0.000391, 0.001986, 0.003924, 0.277312, 0.020186, 0.019441, 0.019050, 0.001116, 0.020324, 0.064097, 0.023533, 0.015473, 0.029738, 0.011822, 0.028154, 0.046922, 0.069466, 0.005500, 0.003498, 0.017846, 0.046130, 0.053086, 0.002235, 0.002218, 0.022157, 0.031654, 0.045249, 0.003305, 0.022015, 0.014167, 0.035318, 0.018423, 0.018660, 0.005142, 0.017545, 0.014520, 0.361950, 0.028642, 0.000000, 0.016511, 0.015983, 0.012976, 0.000000, 0.004004, 0.028566, 0.036056, 0.034175, 0.010496, 0.003739, 0.002459, , , 0.001080, 0.000545, 0.001315, , 0.126252, 0.031786, 
tioga-cpu, 0.5, 0.5, 8, 0.039994, 0.011964, 0.015622, 0.060963, 0.011250, 0.052743, 0.015815, 0.019156, 0.026262, 0.058030, 0.057827, 0.029593, 0.022436, 0.020518, 0.761695, 0.002361, 0.000448, 0.003221, 0.007306, 0.190531, 0.027756, 0.028865, 0.036879, 0.001811, 0.027390, 0.118625, 0.030878, 0.021145, 0.037420, 0.021044, 0.035105, 0.091893, 0.138215, 0.009951, 0.006519, 0.026917, 0.076322, 0.105008, 0.002437, 0.004972, 0.037196, 0.055123, 0.083763, 0.006185, 0.024645, 0.021391, 0.067975, 0.033328, 0.016822, 0.009472, 0.033129, 0.028049, 0.722183, 0.046401, 0.000000, 0.032804, 0.030504, 0.024666, 0.000000, 0.007575, 0.051382, 0.067797, 0.056052, 0.020146, 0.007061, 0.005516, , , 0.001725, 0.001008, 0.004095, , 0.124537, 0.028234, 
tioga-cpu, 0.5, 0.5, 4, 0.064905, 0.038037, 0.014606, 0.119337, 0.020831, 0.110506, 0.033717, 0.038691, 0.026975, 0.112765, 0.112740, 0.058475, 0.021758, 0.039715, 0.661204, 0.004600, 0.000781, 0.006203, 0.014044, 0.171003, 0.077644, 0.048120, 0.043210, 0.003084, 0.044954, 0.040384, 0.032256, 0.040480, 0.087914, 0.040704, 0.039812, 0.183484, 0.276214, 0.018329, 0.012355, 0.032759, 0.118928, 0.209607, 0.003406, 0.008882, 0.066359, 0.078681, 0.146333, 0.012059, 0.030911, 0.033985, 0.127877, 0.037219, 0.026339, 0.018732, 0.066189, 0.057752, 1.444208, 0.075665, 0.000000, 0.065403, 0.059728, 0.048657, 0.000000, 0.014923, 0.120019, 0.134918, 0.094772, 0.040120, 0.011799, 0.009676, , , 0.003237, 0.003193, 0.004500, , 0.106704, 0.021066, 
tuolumne-cpu, 0.5, 0.5, 192, 0.002167, 0.001240, 0.003905, 0.006370, 0.006931, 0.002804, 0.001762, 0.003289, 0.004438, 0.021555, 0.023163, 0.014005, 0.004652, 0.010157, 0.942124, 0.000799, 0.000722, 0.001204, 0.001118, 0.477622, 0.003767, 0.005306, 0.015195, 0.001415, 0.014889, 0.050449, 0.008003, 0.004940, 0.004395, 0.001988, 0.007693, 0.008134, 0.009684, 0.002511, 0.002183, 0.014809, 0.042133, 0.007711, 0.003400, 0.001353, 0.037332, 0.024003, 0.053951, 0.001248, 0.007428, 0.013030, 0.025103, 0.013110, 0.007323, 0.001212, 0.002997, 0.003455, 0.046076, 0.003288, 0.000000, 0.004485, 0.004474, 0.003548, 0.000000, 0.001290, 0.004321, 0.013194, 0.008166, 0.002644, 0.001347, 0.001711, , , 0.001427, 0.000784, 0.001019, , 0.117821, 0.190321, 
tuolumne-cpu, 0.5, 0.5, 96, 0.003950, 0.001730, 0.004115, 0.008223, 0.007173, 0.004370, 0.002063, 0.004010, 0.005286, 0.026084, 0.025895, 0.018585, 0.004165, 0.010767, 0.837748, 0.001006, 0.000733, 0.001448, 0.001588, 0.256148, 0.005980, 0.006533, 0.015247, 0.001476, 0.015314, 0.048655, 0.008482, 0.006609, 0.005550, 0.002990, 0.007831, 0.012800, 0.017890, 0.003758, 0.002301, 0.018434, 0.044331, 0.013711, 0.003235, 0.001517, 0.063151, 0.027151, 0.075285, 0.001246, 0.007476, 0.013284, 0.027979, 0.013200, 0.007199, 0.001780, 0.004658, 0.004045, 0.088976, 0.005531, 0.000000, 0.006008, 0.005501, 0.004106, 0.000001, 0.001583, 0.007294, 0.014065, 0.010754, 0.003698, 0.001548, 0.002023, , , 0.001060, 0.000841, 0.000936, , 0.092059, 0.181401, 
tuolumne-cpu, 0.5, 0.5, 48, 0.004362, 0.001602, 0.004003, 0.011255, 0.006467, 0.004568, 0.002002, 0.003926, 0.005195, 0.024628, 0.024762, 0.012002, 0.004157, 0.010442, 0.383570, 0.000922, 0.000640, 0.001143, 0.001521, 0.191640, 0.004826, 0.005920, 0.014436, 0.001443, 0.014175, 0.047362, 0.007564, 0.005348, 0.005425, 0.003654, 0.007748, 0.015927, 0.022803, 0.003911, 0.002579, 0.013029, 0.043228, 0.016648, 0.002870, 0.001643, 0.047047, 0.025615, 0.058485, 0.001631, 0.007054, 0.011544, 0.029830, 0.011845, 0.006922, 0.001663, 0.004626, 0.004389, 0.094145, 0.005311, 0.000000, 0.006255, 0.005809, 0.005158, 0.000000, 0.001514, 0.007539, 0.012487, 0.010146, 0.003900, 0.001564, 0.002076, , , 0.000906, 0.000788, 0.001054, , 0.087595, 0.165570, 
tuolumne-cpu, 0.5, 0.5, 32, 0.007491, 0.001675, 0.003537, 0.013658, 0.006145, 0.005583, 0.002011, 0.003748, 0.005408, 0.024745, 0.025917, 0.014594, 0.004288, 0.010023, 0.365331, 0.000963, 0.000530, 0.001244, 0.001863, 0.163571, 0.006031, 0.006205, 0.012650, 0.001484, 0.012353, 0.047991, 0.006878, 0.006648, 0.006415, 0.004434, 0.007384, 0.024351, 0.034692, 0.005443, 0.002684, 0.012717, 0.037147, 0.025518, 0.003603, 0.001461, 0.050734, 0.022085, 0.060780, 0.002175, 0.006154, 0.010172, 0.030543, 0.010143, 0.006033, 0.002210, 0.007119, 0.006688, 0.140850, 0.006997, 0.000000, 0.007864, 0.007701, 0.006811, 0.000000, 0.001914, 0.010745, 0.016615, 0.012166, 0.005121, 0.001545, 0.002079, , , 0.000879, 0.000761, 0.000945, , 0.083132, 0.128011, 
tuolumne-cpu, 0.5, 0.5, 16, 0.016628, 0.002209, 0.003345, 0.021965, 0.007005, 0.010052, 0.002743, 0.004841, 0.006540, 0.031383, 0.031562, 0.017167, 0.005316, 0.012849, 0.324498, 0.001286, 0.000413, 0.001852, 0.003104, 0.167385, 0.007982, 0.009519, 0.013256, 0.001233, 0.013180, 0.049481, 0.007721, 0.009194, 0.009547, 0.008554, 0.009042, 0.040512, 0.060326, 0.008750, 0.003661, 0.011468, 0.037086, 0.045616, 0.004722, 0.002335, 0.042756, 0.025127, 0.055643, 0.003128, 0.006891, 0.009687, 0.037020, 0.009715, 0.006827, 0.004250, 0.012119, 0.013640, 0.280949, 0.012614, 0.000000, 0.014352, 0.013199, 0.011475, 0.000000, 0.003267, 0.021583, 0.030050, 0.020184, 0.009058, 0.002548, 0.002423, , , 0.001040, 0.000625, 0.000740, , 0.071432, 0.085618, 
tuolumne-cpu, 0.5, 0.5, 8, 0.047507, 0.006142, 0.004573, 0.041630, 0.010481, 0.033722, 0.010693, 0.011361, 0.008893, 0.048801, 0.048787, 0.025028, 0.007072, 0.018180, 0.270070, 0.002252, 0.000471, 0.002737, 0.005915, 0.093088, 0.014310, 0.016399, 0.019099, 0.001721, 0.019852, 0.054940, 0.012552, 0.015326, 0.022913, 0.015789, 0.013929, 0.076938, 0.114938, 0.010242, 0.005507, 0.014470, 0.051593, 0.087261, 0.003905, 0.003366, 0.038514, 0.034855, 0.066601, 0.005193, 0.010348, 0.014784, 0.058170, 0.014441, 0.010544, 0.008550, 0.023466, 0.027329, 0.560269, 0.024277, 0.000001, 0.025224, 0.023248, 0.020137, 0.000000, 0.005933, 0.063465, 0.056320, 0.035240, 0.016041, 0.004052, 0.003464, , , 0.001452, 0.000701, 0.000904, , 0.054811, 0.064914, 
tuolumne-cpu, 0.5, 0.5, 4, 0.096820, 0.020900, 0.007049, 0.078395, 0.017145, 0.090507, 0.023287, 0.026993, 0.016141, 0.088042, 0.088044, 0.045597, 0.012362, 0.032412, 0.278081, 0.004173, 0.000586, 0.005123, 0.011516, 0.061809, 0.043668, 0.030942, 0.025978, 0.002617, 0.028388, 0.024635, 0.019290, 0.046802, 0.076796, 0.031681, 0.023201, 0.151227, 0.227604, 0.015203, 0.009849, 0.020341, 0.081634, 0.172939, 0.002654, 0.006113, 0.048059, 0.053384, 0.106668, 0.009811, 0.017686, 0.021482, 0.103057, 0.021589, 0.017687, 0.015255, 0.046743, 0.059075, 1.120158, 0.060025, 0.000000, 0.049895, 0.045717, 0.039373, 0.000001, 0.011757, 0.187613, 0.111867, 0.065045, 0.031843, 0.007426, 0.006114, , , 0.002572, 0.000923, 0.001170, , 0.057699, 0.011602, 
borax, 0.5, 0.5, any min, 0.019473, 0.005409, 0.009605, 0.038975, 0.006384, 0.010524, 0.004745, 0.008678, 0.021138, 0.035137, 0.036979, 0.009878, 0.015213, 0.015960, 0.642930, 0.001607, 0.000478, 0.001175, 0.002901, 0.301762, 0.015580, 0.014973, 0.035720, 0.003189, 0.036645, 0.058995, 0.025130, 0.012441, 0.020582, 0.002966, 0.026166, 0.031262, 0.047391, 0.004270, 0.005269, 0.023346, 0.102650, 0.040473, 0.002062, 0.002333, 0.028146, 0.059514, 0.081052, 0.002209, 0.021567, 0.031337, 0.035575, 0.033054, 0.024908, 0.002408, 0.009681, 0.006161, 0.178614, 0.019978, , 0.006329, 0.010433, 0.010274, , 0.002075, 0.024658, 0.047824, 0.026681, 0.012457, 0.004522, 0.003046, , , 0.000583, 0.001024, 0.002087, , 0.127177, 0.030901, 
boraxo, 0.5, 0.5, any min, 0.014073, 0.004464, 0.004872, 0.039313, 0.006785, 0.006423, 0.004408, 0.004914, 0.010578, 0.018706, 0.018536, 0.010144, 0.007482, 0.007886, 0.922343, 0.001173, 0.000340, 0.000897, 0.002022, 0.421649, 0.011648, 0.009406, 0.019306, 0.003599, 0.019324, 0.053394, 0.011811, 0.011492, 0.016878, 0.002178, 0.015059, 0.046901, 0.060775, 0.004329, 0.005961, 0.012192, 0.050670, 0.053419, 0.002433, 0.002226, 0.018275, 0.034477, 0.052609, 0.002422, 0.010929, 0.015350, 0.021972, 0.015705, 0.010732, 0.001826, 0.009183, 0.005289, 0.156245, 0.015001, , 0.006956, 0.009139, 0.009756, , 0.001649, 0.030725, 0.052021, 0.013500, 0.012734, 0.003526, 0.002652, , , 0.000663, 0.000785, 0.000951, , 0.169827, 0.040353, 
corona-cpu, 0.5, 0.5, any min, 0.004832, 0.003834, 0.004041, 0.018607, 0.005758, 0.006667, 0.004207, 0.007805, 0.008477, 0.033320, 0.021299, 0.007780, 0.007907, 0.015988, 0.298792, 0.001693, 0.000542, 0.001302, 0.002407, 0.085240, 0.008865, 0.007839, 0.014897, 0.002115, 0.017317, 0.061256, 0.012061, 0.008316, 0.010548, 0.002457, 0.013855, 0.015028, 0.021332, 0.005610, 0.002681, 0.011182, 0.047046, 0.017986, 0.003377, 0.001672, 0.025968, 0.025629, 0.050014, 0.002039, 0.012295, 0.014253, 0.019821, 0.017537, 0.012329, 0.002491, 0.006520, 0.003978, 0.086685, 0.008416, , 0.005958, 0.004756, 0.004750, , 0.002043, 0.011295, 0.014781, 0.012366, 0.008228, 0.003893, 0.002483, , , 0.000592, 0.000800, 0.001125, , 0.070259, 0.044043, 
dane, 0.5, 0.5, any min, 0.002733, 0.001484, 0.002494, 0.014849, 0.003885, 0.002614, 0.002280, 0.002303, 0.005601, 0.009544, 0.009540, 0.003300, 0.004001, 0.003901, 0.463578, 0.000624, 0.000204, 0.000445, 0.000910, 0.180548, 0.004753, 0.004080, 0.008798, 0.001986, 0.008894, 0.024520, 0.006212, 0.004011, 0.004140, 0.000914, 0.006048, 0.005775, 0.008000, 0.002005, 0.001288, 0.006303, 0.028148, 0.007146, 0.001052, 0.000677, 0.011579, 0.014425, 0.025729, 0.000889, 0.004584, 0.007319, 0.008968, 0.007456, 0.004573, 0.000857, 0.002907, 0.002007, 0.032819, 0.004175, , 0.002161, 0.002796, 0.002702, , 0.000712, 0.005575, 0.016509, 0.006602, 0.003888, 0.001413, 0.001055, , , 0.000245, 0.000418, 0.000481, , 0.100088, 0.020582, 
mammoth, 0.5, 0.5, any min, 0.004403, 0.002997, 0.004352, 0.016748, 0.004903, 0.004732, 0.003364, 0.005939, 0.007049, 0.023080, 0.017085, 0.007516, 0.005803, 0.011454, 0.540802, 0.001082, 0.000565, 0.001354, 0.001696, 0.121278, 0.007454, 0.008041, 0.014810, 0.002102, 0.014981, 0.050615, 0.009313, 0.007236, 0.009915, 0.002161, 0.010315, 0.012081, 0.014469, 0.004752, 0.002315, 0.011277, 0.043259, 0.012432, 0.002282, 0.001347, 0.019121, 0.024946, 0.042307, 0.001604, 0.008463, 0.012423, 0.016159, 0.012812, 0.008600, 0.002352, 0.004898, 0.004173, 0.056892, 0.007951, , 0.004410, 0.004581, 0.004564, , 0.001845, 0.010163, 0.013946, 0.010265, 0.008089, 0.002734, 0.002004, , , 0.000544, 0.000710, 0.001064, , 0.077479, 0.038318, 
matrix-cpu, 0.5, 0.5, any min, 0.002373, 0.001389, 0.002180, 0.012720, 0.003472, 0.002660, 0.002229, 0.002122, 0.006762, 0.008443, 0.008421, 0.002518, 0.004809, 0.004264, 0.471090, 0.000606, 0.000246, 0.000445, 0.000945, 0.181985, 0.004473, 0.004323, 0.008322, 0.002043, 0.008539, 0.026486, 0.005442, 0.004138, 0.004138, 0.000796, 0.005337, 0.006762, 0.008095, 0.002265, 0.001269, 0.006012, 0.027862, 0.008610, 0.001051, 0.000652, 0.011429, 0.013502, 0.024596, 0.000881, 0.004469, 0.006877, 0.008622, 0.006991, 0.004440, 0.000827, 0.002561, 0.001754, 0.031308, 0.003692, , 0.002111, 0.002284, 0.002279, , 0.000683, 0.004501, 0.016092, 0.006563, 0.003187, 0.001595, 0.001047, , , 0.000240, 0.000410, 0.000453, , 0.099918, 0.020084, 
tioga-cpu, 0.5, 0.5, any min, 0.008663, 0.005279, 0.002432, 0.005976, 0.004070, 0.003553, 0.001369, 0.002353, 0.003798, 0.013047, 0.012222, 0.010165, 0.004485, 0.006553, 0.661204, 0.000519, 0.000311, 0.000861, 0.001389, 0.171003, 0.010107, 0.005513, 0.008000, 0.000740, 0.009452, 0.037587, 0.006161, 0.008095, 0.019617, 0.003997, 0.005906, 0.018346, 0.028413, 0.003312, 0.001312, 0.006391, 0.023615, 0.022908, 0.001672, 0.000990, 0.014798, 0.014793, 0.025486, 0.001055, 0.004920, 0.007988, 0.014185, 0.007572, 0.005044, 0.002509, 0.004680, 0.006211, 0.130844, 0.008614, , 0.006402, 0.007804, 0.006646, , 0.001860, 0.016399, 0.006751, 0.011022, 0.004308, 0.001717, 0.001131, , , 0.000478, 0.000438, 0.000623, , 0.106704, 0.021066, 
tuolumne-cpu, 0.5, 0.5, any min, 0.002167, 0.001240, 0.003345, 0.006370, 0.006145, 0.002804, 0.001762, 0.003289, 0.004438, 0.021555, 0.023163, 0.012002, 0.004157, 0.010023, 0.270070, 0.000799, 0.000413, 0.001143, 0.001118, 0.061809, 0.003767, 0.005306, 0.012650, 0.001233, 0.012353, 0.024635, 0.006878, 0.004940, 0.004395, 0.001988, 0.007384, 0.008134, 0.009684, 0.002511, 0.002183, 0.011468, 0.037086, 0.007711, 0.002654, 0.001353, 0.037332, 0.022085, 0.053951, 0.001246, 0.006154, 0.009687, 0.025103, 0.009715, 0.006033, 0.001212, 0.002997, 0.003455, 0.046076, 0.003288, 0.000001, 0.004485, 0.004474, 0.003548, 0.000001, 0.001290, 0.004321, 0.012487, 0.008166, 0.002644, 0.001347, 0.001711, , , 0.000879, 0.000625, 0.000740, , 0.054811, 0.011602, 
borax, 0.5, 0.5, any max, 0.100908, 0.043496, 0.022743, 0.220089, 0.016609, 0.060133, 0.032915, 0.039736, 0.063172, 0.095761, 0.102834, 0.037449, 0.044383, 0.045410, 1.097182, 0.005019, 0.003045, 0.003432, 0.013481, 1.149255, 0.100525, 0.040849, 0.091232, 0.008335, 0.091572, 0.108865, 0.060233, 0.082958, 0.096824, 0.011708, 0.074996, 0.203733, 0.307086, 0.029195, 0.009687, 0.049640, 0.262560, 0.239250, 0.004681, 0.004058, 0.075451, 0.148094, 0.194521, 0.009345, 0.060228, 0.079412, 0.064887, 0.082005, 0.060283, 0.010303, 0.063203, 0.041559, 1.571350, 0.147937, , 0.035839, 0.100840, 0.098101, , 0.009077, 0.187915, 0.347874, 0.083053, 0.095844, 0.017417, 0.010225, , , 0.001207, 0.002896, 0.004407, , 0.377053, 0.386409, 
boraxo, 0.5, 0.5, any max, 0.065419, 0.032742, 0.022138, 0.264283, 0.014716, 0.034571, 0.041180, 0.017615, 0.062383, 0.047123, 0.046385, 0.034259, 0.043863, 0.022584, 2.979364, 0.002860, 0.003072, 0.003332, 0.006953, 1.248733, 0.092363, 0.045911, 0.088970, 0.011105, 0.089239, 0.099439, 0.068750, 0.105133, 0.130547, 0.021660, 0.092003, 0.182809, 0.269750, 0.033343, 0.014070, 0.053282, 0.212699, 0.219743, 0.005153, 0.011273, 0.072066, 0.145759, 0.199158, 0.008443, 0.068349, 0.080191, 0.088349, 0.080222, 0.068290, 0.010354, 0.078623, 0.045637, 1.504871, 0.151947, , 0.031406, 0.095101, 0.093342, , 0.009104, 0.166839, 0.416987, 0.098905, 0.115803, 0.019694, 0.013116, , , 0.001441, 0.001778, 0.004436, , 0.373383, 0.384350, 
corona-cpu, 0.5, 0.5, any max, 0.060112, 0.031911, 0.011717, 0.169928, 0.018035, 0.024628, 0.031364, 0.035966, 0.019530, 0.101937, 0.054868, 0.021013, 0.013814, 0.051720, 0.714348, 0.004917, 0.002271, 0.003242, 0.013662, 0.346418, 0.068915, 0.019448, 0.045786, 0.004931, 0.045973, 0.191989, 0.024510, 0.051639, 0.094518, 0.007374, 0.029390, 0.122931, 0.187293, 0.027918, 0.006101, 0.031069, 0.135141, 0.148962, 0.005953, 0.003736, 0.067211, 0.071935, 0.143624, 0.005375, 0.022027, 0.040580, 0.051394, 0.041916, 0.031098, 0.007754, 0.042615, 0.034177, 1.114237, 0.116941, , 0.024932, 0.057019, 0.056999, , 0.007606, 0.112293, 0.268639, 0.033814, 0.064857, 0.012305, 0.007591, , , 0.001423, 0.002356, 0.002564, , 0.100927, 0.504287, 
dane, 0.5, 0.5, any max, 0.050491, 0.038890, 0.010939, 0.160803, 0.020951, 0.020482, 0.024294, 0.008998, 0.039003, 0.051056, 0.051463, 0.014985, 0.027433, 0.021274, 9.861194, 0.002717, 0.015210, 0.015494, 0.004282, 1.166859, 0.103001, 0.028755, 0.042753, 0.029982, 0.042680, 0.074628, 0.037351, 0.061603, 0.101839, 0.005200, 0.056616, 0.082459, 0.122992, 0.019504, 0.006544, 0.033669, 0.125586, 0.099094, 0.003477, 0.002688, 0.028676, 0.083668, 0.105936, 0.003187, 0.036728, 0.038407, 0.096827, 0.038958, 0.036792, 0.005968, 0.029685, 0.020826, 0.652906, 0.121901, , 0.014211, 0.028754, 0.028517, , 0.004577, 0.088905, 0.254057, 0.058029, 0.040507, 0.009292, 0.004565, , , 0.002382, 0.002215, 0.002290, , 0.356993, 0.652838, 
mammoth, 0.5, 0.5, any max, 0.072198, 0.049568, 0.030254, 0.169720, 0.047408, 0.024330, 0.031303, 0.036432, 0.030800, 0.126221, 0.128129, 0.022692, 0.022364, 0.051322, 0.808925, 0.005286, 0.005947, 0.006816, 0.013598, 0.449955, 0.123233, 0.032872, 0.113691, 0.013341, 0.116761, 0.182981, 0.060966, 0.058803, 0.169940, 0.007329, 0.061977, 0.123312, 0.187658, 0.027056, 0.012524, 0.076746, 0.355333, 0.149225, 0.007457, 0.007355, 0.071441, 0.181464, 0.285849, 0.006364, 0.060832, 0.102598, 0.128860, 0.104570, 0.060935, 0.008604, 0.042371, 0.034490, 1.115332, 0.162959, , 0.025239, 0.057113, 0.056906, , 0.008213, 0.115468, 0.269086, 0.044201, 0.065029, 0.012177, 0.007843, , , 0.003269, 0.005341, 0.006086, , 0.110515, 1.239423, 
matrix-cpu, 0.5, 0.5, any max, 0.047615, 0.033432, 0.114627, 0.162312, 0.230144, 0.041863, 0.035548, 0.080818, 0.113783, 0.547555, 0.568885, 0.015035, 0.079645, 0.228057, 1.051335, 0.011930, 0.012246, 0.012347, 0.011991, 0.476994, 0.088523, 0.116175, 0.450334, 0.035046, 0.449073, 0.242591, 0.226230, 0.058729, 0.094831, 0.011611, 0.227804, 0.087538, 0.123843, 0.024110, 0.045963, 0.290200, 1.267063, 0.099363, 0.018498, 0.027506, 0.194041, 0.723415, 0.902874, 0.021766, 0.223287, 0.403036, 0.457971, 0.404020, 0.228188, 0.011903, 0.028927, 0.021111, 0.661537, 0.118671, , 0.038249, 0.028570, 0.028321, , 0.011603, 0.086907, 0.258155, 0.156440, 0.040427, 0.023320, 0.034676, , , 0.011368, 0.023203, 0.023314, , 0.178445, 6.427265, 
tioga-cpu, 0.5, 0.5, any max, 0.064905, 0.038037, 0.015622, 0.119337, 0.020831, 0.110506, 0.033717, 0.038691, 0.026975, 0.112765, 0.112740, 0.058475, 0.022436, 0.039715, 3.180332, 0.004600, 0.000781, 0.006203, 0.014044, 1.084753, 0.077644, 0.048120, 0.043210, 0.003084, 0.044954, 0.118625, 0.032256, 0.040480, 0.087914, 0.040704, 0.039812, 0.183484, 0.276214, 0.018329, 0.012355, 0.032759, 0.118928, 0.209607, 0.003406, 0.008882, 0.066359, 0.078681, 0.146333, 0.012059, 0.030911, 0.033985, 0.127877, 0.037219, 0.026339, 0.018732, 0.066189, 0.057752, 1.444208, 0.075665, , 0.065403, 0.059728, 0.048657, , 0.014923, 0.120019, 0.134918, 0.094772, 0.040120, 0.011799, 0.009676, , , 0.003237, 0.003193, 0.004500, , 0.146068, 0.059603, 
tuolumne-cpu, 0.5, 0.5, any max, 0.096820, 0.020900, 0.007049, 0.078395, 0.017145, 0.090507, 0.023287, 0.026993, 0.016141, 0.088042, 0.088044, 0.045597, 0.012362, 0.032412, 0.942124, 0.004173, 0.000733, 0.005123, 0.011516, 0.477622, 0.043668, 0.030942, 0.025978, 0.002617, 0.028388, 0.054940, 0.019290, 0.046802, 0.076796, 0.031681, 0.023201, 0.151227, 0.227604, 0.015203, 0.009849, 0.020341, 0.081634, 0.172939, 0.004722, 0.006113, 0.063151, 0.053384, 0.106668, 0.009811, 0.017686, 0.021482, 0.103057, 0.021589, 0.017687, 0.015255, 0.046743, 0.059075, 1.120158, 0.060025, 0.000001, 0.049895, 0.045717, 0.039373, 0.000001, 0.011757, 0.187613, 0.111867, 0.065045, 0.031843, 0.007426, 0.006114, , , 0.002572, 0.000923, 0.001170, , 0.117821, 0.190321, 
borax, 0.5, 0.5, 72 (full), 0.019473, 0.005409, 0.009605, 0.038975, 0.016609, 0.010524, 0.004745, 0.008678, 0.021138, 0.048134, 0.047547, 0.009878, 0.015213, 0.020835, 0.977974, 0.001607, 0.003045, 0.003432, 0.002901, 0.674960, 0.015580, 0.015717, 0.035720, 0.007221, 0.036645, 0.108865, 0.025130, 0.012441, 0.020582, 0.002966, 0.029738, 0.031262, 0.047391, 0.004270, 0.005695, 0.023346, 0.102650, 0.040473, 0.004681, 0.002697, 0.028146, 0.059514, 0.081052, 0.002209, 0.021567, 0.031337, 0.036829, 0.033054, 0.024908, 0.002408, 0.009681, 0.006161, 0.178614, 0.019978, 0.000000, 0.006329, 0.010433, 0.010274, 0.000000, 0.002075, 0.024658, 0.047824, 0.026681, 0.012457, 0.004522, 0.003046, 0.000000, 0.000000, 0.001207, 0.001899, 0.002087, 0.000000, 0.215783, 0.386409, 0.000000
boraxo, 0.5, 0.5, 72 (full), 0.014073, 0.004464, 0.007514, 0.039313, 0.013930, 0.006423, 0.004408, 0.005805, 0.010578, 0.035595, 0.035304, 0.010144, 0.007482, 0.014493, 2.979364, 0.001450, 0.003072, 0.003332, 0.002022, 0.784127, 0.011648, 0.009406, 0.028965, 0.006902, 0.029088, 0.097232, 0.015799, 0.011492, 0.016878, 0.002178, 0.015810, 0.046901, 0.060775, 0.004329, 0.014070, 0.019244, 0.084868, 0.065686, 0.005153, 0.002639, 0.018275, 0.049541, 0.067551, 0.002422, 0.015296, 0.025676, 0.037138, 0.025582, 0.015005, 0.001826, 0.009183, 0.005289, 0.156245, 0.015001, 0.000000, 0.006956, 0.009139, 0.009756, 0.000000, 0.001649, 0.030725, 0.052021, 0.013500, 0.012734, 0.003526, 0.002652, 0.000000, 0.000000, 0.001116, 0.001509, 0.001644, 0.000000, 0.318773, 0.384350, 0.000000
corona-cpu, 0.5, 0.5, 96 (full), 0.004832, 0.003834, 0.011717, 0.018607, 0.018035, 0.006667, 0.004207, 0.008750, 0.014290, 0.057443, 0.053461, 0.007780, 0.010137, 0.023029, 0.714348, 0.001693, 0.002271, 0.002869, 0.002407, 0.346418, 0.008865, 0.013781, 0.045786, 0.004931, 0.045973, 0.100995, 0.024510, 0.008316, 0.013035, 0.002457, 0.022825, 0.015028, 0.021332, 0.005610, 0.005586, 0.031069, 0.135141, 0.017986, 0.005953, 0.002801, 0.067211, 0.071935, 0.143624, 0.002979, 0.022027, 0.040580, 0.051394, 0.041916, 0.021961, 0.002491, 0.006520, 0.003978, 0.086685, 0.008416, 0.000000, 0.005958, 0.004756, 0.004750, 0.000000, 0.002043, 0.011295, 0.014781, 0.018153, 0.008228, 0.003992, 0.003378, 0.000000, 0.000000, 0.001423, 0.002356, 0.002564, 0.000000, 0.083781, 0.504287, 0.000000
dane, 0.5, 0.5, 224 (full), 0.002733, 0.001945, 0.010939, 0.018345, 0.020951, 0.004863, 0.003625, 0.008546, 0.011444, 0.051056, 0.051463, 0.004082, 0.008160, 0.021274, 9.861194, 0.002717, 0.015210, 0.015494, 0.003229, 1.166859, 0.006470, 0.011110, 0.042753, 0.029982, 0.042680, 0.051700, 0.021414, 0.004011, 0.009379, 0.001412, 0.021444, 0.005775, 0.008000, 0.002243, 0.006544, 0.033669, 0.125586, 0.007146, 0.002670, 0.002688, 0.027454, 0.083668, 0.105936, 0.002596, 0.023082, 0.038407, 0.096827, 0.038958, 0.021311, 0.001522, 0.003695, 0.002765, 0.032819, 0.004835, 0.000000, 0.004600, 0.003205, 0.003194, 0.000000, 0.001387, 0.005575, 0.016509, 0.015698, 0.004188, 0.002489, 0.003146, 0.000000, 0.000000, 0.002382, 0.002215, 0.002290, 0.000000, 0.302533, 0.652838, 0.000000
mammoth, 0.5, 0.5, 256 (full), 0.006202, 0.004461, 0.030254, 0.031826, 0.047408, 0.012806, 0.007355, 0.019777, 0.030800, 0.126221, 0.128129, 0.012402, 0.022364, 0.049269, 0.808925, 0.003193, 0.005947, 0.006816, 0.003511, 0.449955, 0.013690, 0.032872, 0.113691, 0.013341, 0.116761, 0.105072, 0.060966, 0.011243, 0.024206, 0.004539, 0.061977, 0.012081, 0.014469, 0.006005, 0.012524, 0.076746, 0.355333, 0.012432, 0.007457, 0.007355, 0.070487, 0.181464, 0.285849, 0.006364, 0.060832, 0.102598, 0.128860, 0.104570, 0.060935, 0.004864, 0.009521, 0.006158, 0.056892, 0.011891, 0.000000, 0.011536, 0.006024, 0.005859, 0.000000, 0.003707, 0.014156, 0.014152, 0.044201, 0.012358, 0.007567, 0.007032, 0.000000, 0.000000, 0.003269, 0.005341, 0.006086, 0.000000, 0.086272, 1.239423, 0.000000
matrix-cpu, 0.5, 0.5, 224 (full), 0.013531, 0.011931, 0.114627, 0.121763, 0.230144, 0.041863, 0.035548, 0.080818, 0.113783, 0.547555, 0.568885, 0.005800, 0.079645, 0.228057, 1.051335, 0.011930, 0.012246, 0.012347, 0.011991, 0.443091, 0.041299, 0.116175, 0.450334, 0.035046, 0.449073, 0.242591, 0.226230, 0.025273, 0.092993, 0.011611, 0.227804, 0.007384, 0.009189, 0.008461, 0.045963, 0.290200, 1.267063, 0.009565, 0.018498, 0.027506, 0.194041, 0.723415, 0.902874, 0.021766, 0.223287, 0.403036, 0.457971, 0.404020, 0.228188, 0.011903, 0.024195, 0.012510, 0.033870, 0.031862, 0.000000, 0.038249, 0.013869, 0.013822, 0.000000, 0.011603, 0.025928, 0.043470, 0.156440, 0.024879, 0.023320, 0.034676, 0.000000, 0.000000, 0.011368, 0.023203, 0.023314, 0.000000, 0.178445, 6.427265, 0.000000
tioga-cpu, 0.5, 0.5, 128 (full), 0.009141, 0.006514, 0.002432, 0.005976, 0.004070, 0.003553, 0.001369, 0.002353, 0.003798, 0.013047, 0.012222, 0.010165, 0.004485, 0.006553, 3.180332, 0.000519, 0.000312, 0.000861, 0.001389, 1.084753, 0.010107, 0.005513, 0.008000, 0.000740, 0.009785, 0.039510, 0.006161, 0.008095, 0.019617, 0.003997, 0.005906, 0.018346, 0.028413, 0.003424, 0.001312, 0.006391, 0.023615, 0.022908, 0.002134, 0.000990, 0.014798, 0.014793, 0.025486, 0.001055, 0.004920, 0.011358, 0.014185, 0.007572, 0.005044, 0.002509, 0.004680, 0.006211, 0.130844, 0.008614, 0.000000, 0.006402, 0.007804, 0.006707, 0.000000, 0.001860, 0.016399, 0.006751, 0.011022, 0.004308, 0.001717, 0.001131, 0.000000, 0.000000, 0.000478, 0.000438, 0.000623, 0.000000, 0.128977, 0.059603, 0.000000
tuolumne-cpu, 0.5, 0.5, 192 (full), 0.002167, 0.001240, 0.003905, 0.006370, 0.006931, 0.002804, 0.001762, 0.003289, 0.004438, 0.021555, 0.023163, 0.014005, 0.004652, 0.010157, 0.942124, 0.000799, 0.000722, 0.001204, 0.001118, 0.477622, 0.003767, 0.005306, 0.015195, 0.001415, 0.014889, 0.050449, 0.008003, 0.004940, 0.004395, 0.001988, 0.007693, 0.008134, 0.009684, 0.002511, 0.002183, 0.014809, 0.042133, 0.007711, 0.003400, 0.001353, 0.037332, 0.024003, 0.053951, 0.001248, 0.007428, 0.013030, 0.025103, 0.013110, 0.007323, 0.001212, 0.002997, 0.003455, 0.046076, 0.003288, 0.000000, 0.004485, 0.004474, 0.003548, 0.000000, 0.001290, 0.004321, 0.013194, 0.008166, 0.002644, 0.001347, 0.001711, 0.000000, 0.000000, 0.001427, 0.000784, 0.001019, 0.000000, 0.117821, 0.190321, 0.000000
borax, 0.5, 0.5, 32 (half), 0.031820, 0.007054, 0.012924, 0.070629, 0.009131, 0.018278, 0.007678, 0.010738, 0.024863, 0.039845, 0.039953, 0.015105, 0.018643, 0.018404, 1.097182, 0.001956, 0.001197, 0.001383, 0.004346, 1.149255, 0.021374, 0.014973, 0.046838, 0.003189, 0.046777, 0.066696, 0.031687, 0.021992, 0.025205, 0.003633, 0.029818, 0.066069, 0.101700, 0.006558, 0.007886, 0.029650, 0.107581, 0.079322, 0.003633, 0.003067, 0.037565, 0.066826, 0.098458, 0.003582, 0.031530, 0.041701, 0.039571, 0.042650, 0.031839, 0.003434, 0.018468, 0.011274, 0.399672, 0.029717, 0.000000, 0.009546, 0.019777, 0.019508, 0.000000, 0.002864, 0.047548, 0.104003, 0.032977, 0.024802, 0.005268, 0.003762, 0.000000, 0.000000, 0.000733, 0.001323, 0.002707, 0.000000, 0.377053, 0.184846, 0.000000
boraxo, 0.5, 0.5, 32 (half), 0.028249, 0.007176, 0.006029, 0.075213, 0.009539, 0.009654, 0.006848, 0.005419, 0.015201, 0.024118, 0.023965, 0.012588, 0.010750, 0.010304, 2.141088, 0.001565, 0.001010, 0.001254, 0.002631, 1.248733, 0.021524, 0.010196, 0.022476, 0.003599, 0.022434, 0.059399, 0.013675, 0.023643, 0.028853, 0.003182, 0.016656, 0.116868, 0.135704, 0.006855, 0.012315, 0.015362, 0.064529, 0.193531, 0.004725, 0.005263, 0.024948, 0.040575, 0.067505, 0.003806, 0.012912, 0.018474, 0.023746, 0.018655, 0.012956, 0.002569, 0.017463, 0.010349, 0.351176, 0.031740, 0.000000, 0.007993, 0.017079, 0.018436, 0.000000, 0.002311, 0.076204, 0.114023, 0.019537, 0.025881, 0.005245, 0.002684, 0.000000, 0.000000, 0.000663, 0.001048, 0.001177, 0.000000, 0.373383, 0.185522, 0.000000
corona-cpu, 0.5, 0.5, 48 (half), 0.006257, 0.003890, 0.007741, 0.022014, 0.011395, 0.006983, 0.004798, 0.007939, 0.011837, 0.044079, 0.036623, 0.007800, 0.008208, 0.018681, 0.599594, 0.001942, 0.001697, 0.001825, 0.003380, 0.248839, 0.011173, 0.010444, 0.029432, 0.003263, 0.029429, 0.117253, 0.016480, 0.010616, 0.011272, 0.002873, 0.018829, 0.027187, 0.038618, 0.006253, 0.004172, 0.022953, 0.086743, 0.032247, 0.004584, 0.002069, 0.041811, 0.048896, 0.106299, 0.002491, 0.015921, 0.025224, 0.031607, 0.027692, 0.019949, 0.002902, 0.008388, 0.006510, 0.163560, 0.010702, 0.000000, 0.006486, 0.007476, 0.007423, 0.000000, 0.002186, 0.018778, 0.024990, 0.015407, 0.012093, 0.003893, 0.002695, 0.000000, 0.000000, 0.000981, 0.001530, 0.001837, 0.000000, 0.094043, 0.297592, 0.000000
dane, 0.5, 0.5, 112 (half), 0.002791, 0.001565, 0.004671, 0.017722, 0.008410, 0.003152, 0.002310, 0.004016, 0.005601, 0.023737, 0.023598, 0.004389, 0.004001, 0.009330, 1.808516, 0.001076, 0.003843, 0.003969, 0.001204, 1.078026, 0.005761, 0.005222, 0.018029, 0.008223, 0.018061, 0.039907, 0.009303, 0.004040, 0.004873, 0.000914, 0.009290, 0.010198, 0.014644, 0.002005, 0.003824, 0.015192, 0.054279, 0.011704, 0.003477, 0.001218, 0.018417, 0.035182, 0.053287, 0.001499, 0.009863, 0.016062, 0.022630, 0.016116, 0.009156, 0.001000, 0.003068, 0.002165, 0.050114, 0.004250, 0.000000, 0.002628, 0.002985, 0.003013, 0.000000, 0.000875, 0.006461, 0.023491, 0.007650, 0.004104, 0.001521, 0.001620, 0.000000, 0.000000, 0.000713, 0.001031, 0.001025, 0.000000, 0.356993, 0.256141, 0.000000
mammoth, 0.5, 0.5, 128 (half), 0.006160, 0.003808, 0.016289, 0.021173, 0.025211, 0.008614, 0.005036, 0.011417, 0.018243, 0.074694, 0.073239, 0.010954, 0.013802, 0.029014, 0.706401, 0.002034, 0.003108, 0.003753, 0.002627, 0.320345, 0.011186, 0.019116, 0.063246, 0.006890, 0.062915, 0.083530, 0.035196, 0.010205, 0.016122, 0.003603, 0.034208, 0.017536, 0.021643, 0.005123, 0.007553, 0.047618, 0.186564, 0.017123, 0.005698, 0.003813, 0.071441, 0.099233, 0.176523, 0.004064, 0.033146, 0.056460, 0.070430, 0.057590, 0.033684, 0.003766, 0.009564, 0.006567, 0.078527, 0.011037, 0.000000, 0.008429, 0.006326, 0.006256, 0.000000, 0.002899, 0.014686, 0.013946, 0.026239, 0.012040, 0.005190, 0.004517, 0.000000, 0.000000, 0.001902, 0.003031, 0.003608, 0.000000, 0.103286, 0.708777, 0.000000
matrix-cpu, 0.5, 0.5, 112 (half), 0.002373, 0.001389, 0.005756, 0.012720, 0.012076, 0.003058, 0.002231, 0.004238, 0.006762, 0.027399, 0.027476, 0.002518, 0.004809, 0.010836, 1.029386, 0.001048, 0.005442, 0.005485, 0.001191, 0.476994, 0.004473, 0.006351, 0.022905, 0.012166, 0.022579, 0.065443, 0.011768, 0.004138, 0.005470, 0.001148, 0.011675, 0.006762, 0.008095, 0.002265, 0.002756, 0.015769, 0.066943, 0.008610, 0.001686, 0.001501, 0.013559, 0.036583, 0.049024, 0.001334, 0.011345, 0.020302, 0.026084, 0.020171, 0.011450, 0.001023, 0.002561, 0.001754, 0.031308, 0.003692, 0.000000, 0.002744, 0.002284, 0.002279, 0.000000, 0.000941, 0.004501, 0.016092, 0.008653, 0.003187, 0.001595, 0.001806, 0.000000, 0.000000, 0.000769, 0.001196, 0.001209, 0.000000, 0.173206, 0.364787, 0.000000
tioga-cpu, 0.5, 0.5, 64 (half), 0.009342, 0.005279, 0.003050, 0.008541, 0.004985, 0.005579, 0.001675, 0.002973, 0.010271, 0.018218, 0.017930, 0.010278, 0.007564, 0.007585, 1.714670, 0.000734, 0.000322, 0.001179, 0.002188, 0.375610, 0.012166, 0.007091, 0.009025, 0.000849, 0.010168, 0.038212, 0.007519, 0.010689, 0.022540, 0.004966, 0.011964, 0.023327, 0.034899, 0.003312, 0.001616, 0.011206, 0.026907, 0.030086, 0.001697, 0.001287, 0.019647, 0.017220, 0.032110, 0.001306, 0.006156, 0.008611, 0.015478, 0.008800, 0.006222, 0.003257, 0.007994, 0.007772, 0.185990, 0.015234, 0.000000, 0.008954, 0.010689, 0.006646, 0.000000, 0.002551, 0.016967, 0.011211, 0.016948, 0.005842, 0.002235, 0.001403, 0.000000, 0.000000, 0.000521, 0.000476, 0.000711, 0.000000, 0.146068, 0.053163, 0.000000
tuolumne-cpu, 0.5, 0.5, 96 (half), 0.003950, 0.001730, 0.004115, 0.008223, 0.007173, 0.004370, 0.002063, 0.004010, 0.005286, 0.026084, 0.025895, 0.018585, 0.004165, 0.010767, 0.837748, 0.001006, 0.000733, 0.001448, 0.001588, 0.256148, 0.005980, 0.006533, 0.015247, 0.001476, 0.015314, 0.048655, 0.008482, 0.006609, 0.005550, 0.002990, 0.007831, 0.012800, 0.017890, 0.003758, 0.002301, 0.018434, 0.044331, 0.013711, 0.003235, 0.001517, 0.063151, 0.027151, 0.075285, 0.001246, 0.007476, 0.013284, 0.027979, 0.013200, 0.007199, 0.001780, 0.004658, 0.004045, 0.088976, 0.005531, 0.000000, 0.006008, 0.005501, 0.004106, 0.000001, 0.001583, 0.007294, 0.014065, 0.010754, 0.003698, 0.001548, 0.002023, 0.000000, 0.000000, 0.001060, 0.000841, 0.000936, 0.000000, 0.092059, 0.181401, 0.000000
borax, 0.5, 0.5, 16 (quarter), 0.026122, 0.007135, 0.012040, 0.062786, 0.006384, 0.018235, 0.010572, 0.013483, 0.031566, 0.035137, 0.036979, 0.015345, 0.022897, 0.015960, 0.642930, 0.001772, 0.000657, 0.001389, 0.004555, 0.533095, 0.025761, 0.017909, 0.044061, 0.003347, 0.043964, 0.090671, 0.029610, 0.022754, 0.024610, 0.004613, 0.026166, 0.056791, 0.086576, 0.010238, 0.005269, 0.026289, 0.104357, 0.066835, 0.003650, 0.003897, 0.032236, 0.061786, 0.081107, 0.003311, 0.029580, 0.039126, 0.035575, 0.039967, 0.029668, 0.003816, 0.018217, 0.012801, 0.438288, 0.033255, 0.000000, 0.010575, 0.029672, 0.028918, 0.000000, 0.003001, 0.039700, 0.097065, 0.038675, 0.026979, 0.005907, 0.004137, 0.000000, 0.000000, 0.000625, 0.001024, 0.002537, 0.000000, 0.155982, 0.112236, 0.000000
boraxo, 0.5, 0.5, 16 (quarter), 0.019598, 0.007372, 0.004872, 0.067283, 0.006785, 0.009112, 0.009876, 0.004914, 0.018232, 0.018706, 0.018536, 0.010840, 0.012140, 0.007886, 1.148672, 0.001173, 0.000572, 0.000914, 0.002497, 0.983393, 0.022610, 0.009476, 0.019306, 0.003879, 0.019324, 0.082790, 0.011811, 0.024823, 0.028833, 0.005661, 0.015059, 0.047275, 0.068812, 0.010075, 0.010063, 0.012192, 0.050670, 0.053419, 0.004838, 0.011273, 0.021132, 0.034477, 0.052609, 0.002639, 0.010929, 0.015350, 0.021972, 0.015705, 0.010732, 0.002682, 0.019829, 0.010735, 0.376600, 0.032308, 0.000000, 0.008136, 0.025311, 0.024842, 0.000000, 0.002382, 0.041422, 0.104919, 0.019181, 0.029288, 0.005175, 0.003669, 0.000000, 0.000000, 0.000803, 0.000893, 0.000951, 0.000000, 0.178707, 0.104379, 0.000000
corona-cpu, 0.5, 0.5, 32 (quarter), 0.008253, 0.004207, 0.005759, 0.026309, 0.008083, 0.007554, 0.005683, 0.007805, 0.009797, 0.039859, 0.028636, 0.010361, 0.008351, 0.018748, 0.534682, 0.002062, 0.001280, 0.001466, 0.003955, 0.245098, 0.013977, 0.009420, 0.020693, 0.002522, 0.021144, 0.107419, 0.013379, 0.013676, 0.011111, 0.002902, 0.014844, 0.037040, 0.055122, 0.007471, 0.003501, 0.016636, 0.067014, 0.044445, 0.003848, 0.001705, 0.032644, 0.035432, 0.067563, 0.002325, 0.016655, 0.018944, 0.024772, 0.027025, 0.022624, 0.003333, 0.010745, 0.008029, 0.244745, 0.013627, 0.000000, 0.007562, 0.009486, 0.009388, 0.000000, 0.002460, 0.026231, 0.035366, 0.013621, 0.016119, 0.004081, 0.002483, 0.000000, 0.000000, 0.000755, 0.001134, 0.001461, 0.000000, 0.100927, 0.217443, 0.000000
dane, 0.5, 0.5, 56 (quarter), 0.002905, 0.001484, 0.003238, 0.014849, 0.006199, 0.002614, 0.002280, 0.002537, 0.007252, 0.015263, 0.015103, 0.003300, 0.005074, 0.006050, 0.816063, 0.000666, 0.001560, 0.001701, 0.000910, 0.362417, 0.004753, 0.004080, 0.012249, 0.003755, 0.012103, 0.040094, 0.006908, 0.004885, 0.004140, 0.001289, 0.006693, 0.009304, 0.012440, 0.002564, 0.001723, 0.008261, 0.036620, 0.010783, 0.002890, 0.000926, 0.013477, 0.020343, 0.028447, 0.000981, 0.006230, 0.010935, 0.013301, 0.011040, 0.006356, 0.000857, 0.002907, 0.002007, 0.053020, 0.004175, 0.000000, 0.002161, 0.002796, 0.002702, 0.000000, 0.000712, 0.006185, 0.025692, 0.006602, 0.003888, 0.001413, 0.001167, 0.000000, 0.000000, 0.000421, 0.000647, 0.000696, 0.000000, 0.138532, 0.167890, 0.000000
mammoth, 0.5, 0.5, 64 (quarter), 0.004403, 0.002997, 0.006706, 0.016748, 0.011189, 0.004732, 0.003364, 0.005939, 0.008151, 0.033233, 0.030282, 0.009531, 0.006780, 0.013585, 0.580075, 0.001082, 0.001492, 0.001892, 0.001696, 0.316810, 0.007454, 0.009278, 0.024731, 0.003431, 0.025079, 0.078845, 0.013759, 0.007236, 0.009915, 0.002270, 0.015068, 0.018727, 0.020927, 0.004752, 0.003537, 0.021427, 0.079302, 0.017686, 0.004863, 0.001689, 0.045311, 0.039628, 0.074152, 0.002031, 0.013883, 0.023119, 0.029281, 0.023617, 0.014089, 0.002352, 0.004898, 0.004173, 0.073374, 0.007951, 0.000000, 0.004410, 0.004581, 0.004564, 0.000000, 0.001845, 0.010163, 0.019772, 0.012099, 0.008089, 0.002734, 0.002386, 0.000000, 0.000000, 0.000928, 0.001401, 0.001676, 0.000000, 0.110515, 0.342069, 0.000000
matrix-cpu, 0.5, 0.5, 56 (quarter), 0.002855, 0.001496, 0.003276, 0.014672, 0.006367, 0.002660, 0.002229, 0.002485, 0.007166, 0.015427, 0.015353, 0.003270, 0.005087, 0.006181, 0.813137, 0.000737, 0.001581, 0.001648, 0.000945, 0.347634, 0.005163, 0.005426, 0.012618, 0.003518, 0.012680, 0.039275, 0.007068, 0.006083, 0.004138, 0.000796, 0.006953, 0.009349, 0.012358, 0.002450, 0.001824, 0.008513, 0.037292, 0.010746, 0.002392, 0.000889, 0.013580, 0.020739, 0.028331, 0.000915, 0.006524, 0.011217, 0.013985, 0.011264, 0.006475, 0.000827, 0.003583, 0.001860, 0.051106, 0.004045, 0.000000, 0.002111, 0.002798, 0.002811, 0.000000, 0.000683, 0.005903, 0.024862, 0.006563, 0.003866, 0.001971, 0.001283, 0.000000, 0.000000, 0.000431, 0.000679, 0.000716, 0.000000, 0.136797, 0.178964, 0.000000
tioga-cpu, 0.5, 0.5, 32 (quarter), 0.008663, 0.005388, 0.002929, 0.016614, 0.004387, 0.007364, 0.001927, 0.003254, 0.010668, 0.017225, 0.016797, 0.012103, 0.007700, 0.007063, 0.850177, 0.000720, 0.000311, 0.001237, 0.002428, 0.356608, 0.012222, 0.007108, 0.008513, 0.000797, 0.009452, 0.037587, 0.007037, 0.010442, 0.022065, 0.006028, 0.012322, 0.025736, 0.038287, 0.003524, 0.001991, 0.007815, 0.025086, 0.030989, 0.001672, 0.001343, 0.015548, 0.016245, 0.027788, 0.001808, 0.006043, 0.007988, 0.020806, 0.008196, 0.006008, 0.003067, 0.009276, 0.007847, 0.192986, 0.015189, 0.000000, 0.008713, 0.009804, 0.006835, 0.000000, 0.002356, 0.016701, 0.018482, 0.015209, 0.005831, 0.002198, 0.001586, 0.000000, 0.000000, 0.000758, 0.000458, 0.000678, 0.000000, 0.130367, 0.042528, 0.000000
tuolumne-cpu, 0.5, 0.5, 48 (quarter), 0.004362, 0.001602, 0.004003, 0.011255, 0.006467, 0.004568, 0.002002, 0.003926, 0.005195, 0.024628, 0.024762, 0.012002, 0.004157, 0.010442, 0.383570, 0.000922, 0.000640, 0.001143, 0.001521, 0.191640, 0.004826, 0.005920, 0.014436, 0.001443, 0.014175, 0.047362, 0.007564, 0.005348, 0.005425, 0.003654, 0.007748, 0.015927, 0.022803, 0.003911, 0.002579, 0.013029, 0.043228, 0.016648, 0.002870, 0.001643, 0.047047, 0.025615, 0.058485, 0.001631, 0.007054, 0.011544, 0.029830, 0.011845, 0.006922, 0.001663, 0.004626, 0.004389, 0.094145, 0.005311, 0.000000, 0.006255, 0.005809, 0.005158, 0.000000, 0.001514, 0.007539, 0.012487, 0.010146, 0.003900, 0.001564, 0.002076, 0.000000, 0.000000, 0.000906, 0.000788, 0.001054, 0.000000, 0.087595, 0.165570, 0.000000
dane, 0.5, 0.5, 32, 0.006171, 0.001791, 0.002643, 0.023105, 0.004694, 0.003444, 0.003495, 0.002303, 0.010391, 0.011651, 0.011645, 0.003769, 0.007351, 0.004482, 0.687381, 0.000624, 0.000734, 0.000802, 0.000944, 0.336278, 0.008259, 0.004813, 0.010008, 0.001986, 0.010123, 0.027969, 0.006212, 0.007173, 0.005122, 0.000982, 0.006048, 0.015910, 0.021528, 0.004964, 0.001426, 0.008050, 0.028148, 0.018875, 0.001662, 0.000677, 0.015558, 0.015736, 0.025765, 0.000889, 0.004584, 0.007540, 0.009272, 0.007741, 0.004573, 0.000968, 0.004323, 0.002684, 0.090728, 0.006066, 0.000000, 0.002683, 0.004387, 0.004168, 0.000000, 0.000840, 0.009640, 0.039989, 0.007779, 0.005847, 0.001640, 0.001055, 0.000000, 0.000000, 0.000292, 0.000474, 0.000494, 0.000000, 0.124674, 0.093021, 0.000000
mammoth, 0.5, 0.5, 32, 0.006570, 0.003268, 0.004352, 0.023960, 0.005534, 0.004903, 0.004616, 0.006042, 0.007049, 0.023080, 0.017085, 0.007516, 0.005803, 0.011454, 0.580092, 0.001085, 0.000807, 0.001369, 0.002153, 0.263131, 0.009042, 0.008041, 0.015077, 0.002160, 0.014981, 0.050615, 0.009313, 0.009756, 0.012296, 0.002161, 0.010315, 0.021477, 0.029651, 0.005176, 0.002315, 0.011277, 0.044100, 0.022318, 0.002282, 0.001347, 0.027179, 0.025587, 0.042307, 0.001604, 0.008463, 0.012423, 0.016854, 0.012812, 0.008600, 0.002505, 0.007035, 0.005686, 0.145087, 0.013472, 0.000000, 0.004938, 0.007712, 0.007728, 0.000000, 0.001952, 0.016119, 0.034412, 0.010265, 0.010972, 0.002918, 0.002004, 0.000000, 0.000000, 0.000563, 0.000755, 0.001064, 0.000000, 0.103845, 0.142826, 0.000000
matrix-cpu, 0.5, 0.5, 32, 0.006327, 0.001677, 0.002263, 0.022420, 0.003984, 0.003262, 0.003354, 0.002122, 0.010015, 0.009913, 0.009982, 0.003882, 0.006981, 0.004264, 0.687780, 0.000606, 0.000744, 0.000854, 0.000945, 0.318680, 0.007958, 0.004323, 0.009616, 0.002043, 0.008665, 0.029868, 0.005442, 0.007357, 0.004806, 0.000919, 0.005337, 0.016043, 0.021769, 0.004931, 0.001329, 0.007104, 0.027862, 0.019494, 0.001704, 0.000652, 0.015867, 0.015410, 0.025911, 0.000881, 0.004534, 0.007488, 0.009334, 0.007648, 0.004555, 0.000963, 0.005072, 0.002827, 0.088963, 0.006008, 0.000000, 0.002558, 0.004241, 0.004210, 0.000000, 0.000970, 0.009479, 0.039557, 0.007764, 0.005795, 0.002165, 0.001047, 0.000000, 0.000000, 0.000278, 0.000467, 0.000479, 0.000000, 0.120207, 0.092814, 0.000000
tuolumne-cpu, 0.5, 0.5, 32, 0.007491, 0.001675, 0.003537, 0.013658, 0.006145, 0.005583, 0.002011, 0.003748, 0.005408, 0.024745, 0.025917, 0.014594, 0.004288, 0.010023, 0.365331, 0.000963, 0.000530, 0.001244, 0.001863, 0.163571, 0.006031, 0.006205, 0.012650, 0.001484, 0.012353, 0.047991, 0.006878, 0.006648, 0.006415, 0.004434, 0.007384, 0.024351, 0.034692, 0.005443, 0.002684, 0.012717, 0.037147, 0.025518, 0.003603, 0.001461, 0.050734, 0.022085, 0.060780, 0.002175, 0.006154, 0.010172, 0.030543, 0.010143, 0.006033, 0.002210, 0.007119, 0.006688, 0.140850, 0.006997, 0.000000, 0.007864, 0.007701, 0.006811, 0.000000, 0.001914, 0.010745, 0.016615, 0.012166, 0.005121, 0.001545, 0.002079, 0.000000, 0.000000, 0.000879, 0.000761, 0.000945, 0.000000, 0.083132, 0.128011, 0.000000
borax, 0.5, 1.0, 72, 0.054703, 0.027906, 0.014974, 0.066258, 0.017975, 0.018300, 0.008275, 0.012460, 0.030529, 0.055773, 0.055203, 0.021537, 0.022079, 0.025823, 2.302989, 0.002395, 0.003373, 0.003146, 0.004521, 1.413219, 0.069851, 0.021504, 0.053697, 0.007374, 0.053404, 0.204202, 0.034757, 0.023129, 0.044796, 0.004238, 0.039868, 0.108680, 0.169087, 0.008246, 0.009022, 0.033999, 0.207260, 0.144109, 0.005392, 0.004494, 0.041311, 0.099015, 0.123882, 0.005703, 0.034549, 0.048349, 0.049273, 0.051145, 0.034488, 0.003879, 0.017741, 0.011447, 0.352560, 0.060344, 0.000000, 0.010034, 0.017757, 0.017503, 0.000000, 0.003292, 0.080097, 0.094571, 0.040249, 0.023264, 0.006796, 0.004493, , , 0.001349, 0.002218, 0.003398, , 0.442482, 0.372395, 
borax, 0.5, 1.0, 32, 0.084676, 0.044849, 0.022597, 0.137002, 0.012514, 0.035309, 0.014437, 0.020783, 0.042218, 0.067060, 0.067077, 0.032385, 0.030382, 0.030733, 2.386181, 0.003368, 0.001304, 0.002523, 0.008132, 2.160589, 0.082806, 0.026375, 0.077618, 0.004641, 0.077485, 0.127014, 0.040917, 0.044711, 0.076332, 0.006803, 0.049283, 0.236649, 0.363045, 0.013898, 0.011659, 0.037925, 0.260317, 0.308085, 0.006037, 0.005688, 0.063442, 0.109356, 0.158146, 0.009957, 0.040943, 0.064501, 0.063007, 0.070823, 0.040990, 0.006096, 0.036166, 0.022206, 0.786799, 0.097098, 0.000000, 0.017958, 0.039076, 0.038530, 0.000000, 0.005310, 0.161727, 0.212521, 0.053705, 0.048547, 0.009837, 0.007821, , , 0.001286, 0.003194, 0.004937, , 0.739087, 0.179762, 
borax, 0.5, 1.0, 16, 0.067921, 0.039739, 0.019936, 0.123377, 0.009676, 0.034679, 0.020519, 0.026726, 0.040333, 0.066266, 0.068019, 0.033532, 0.028956, 0.031006, 1.238675, 0.003154, 0.000844, 0.002719, 0.007756, 0.722930, 0.077723, 0.027125, 0.075479, 0.005820, 0.075657, 0.174158, 0.039844, 0.050155, 0.079608, 0.007491, 0.048148, 0.174047, 0.264647, 0.021172, 0.009972, 0.034268, 0.248778, 0.197633, 0.005344, 0.005143, 0.055022, 0.105422, 0.148612, 0.006665, 0.039889, 0.068010, 0.055641, 0.068787, 0.039585, 0.006630, 0.035947, 0.024406, 0.866279, 0.101535, 0.000000, 0.020682, 0.056892, 0.055390, 0.000000, 0.005822, 0.109824, 0.195939, 0.057547, 0.053101, 0.011352, 0.007919, , , 0.001297, 0.003157, 0.004814, , 0.322044, 0.111173, 
borax, 0.5, 1.0, 8, 0.116196, 0.082849, 0.025324, 0.243996, 0.013244, 0.068130, 0.036447, 0.043961, 0.080106, 0.106399, 0.114269, 0.052149, 0.056734, 0.052147, 1.538238, 0.005563, 0.000689, 0.002375, 0.014904, 0.607011, 0.298672, 0.047978, 0.101499, 0.009247, 0.101552, 0.125412, 0.067119, 0.147986, 0.304365, 0.013689, 0.088871, 0.344579, 0.525854, 0.033966, 0.011715, 0.055500, 0.406690, 0.391208, 0.003697, 0.004333, 0.084567, 0.166869, 0.250411, 0.011172, 0.067676, 0.086726, 0.070955, 0.090882, 0.067240, 0.011908, 0.072466, 0.057670, 1.729823, 0.290539, 0.000000, 0.039624, 0.111403, 0.108457, 0.000000, 0.010085, 0.215876, 0.390091, 0.105952, 0.105693, 0.020128, 0.011258, , , 0.001087, 0.003247, 0.004832, , 0.296549, 0.042326, 
borax, 0.5, 1.0, 4, 0.199625, 0.108387, 0.045115, 0.440155, 0.022611, 0.123061, 0.065960, 0.079392, 0.155740, 0.189610, 0.203627, 0.095008, 0.116951, 0.090122, 1.296457, 0.009915, 0.001114, 0.004173, 0.027159, 0.425149, 0.358721, 0.089279, 0.182412, 0.016535, 0.183171, 0.219678, 0.123629, 0.228178, 0.427080, 0.024864, 0.160133, 0.630887, 0.957114, 0.061277, 0.020782, 0.097501, 0.725961, 0.715560, 0.006477, 0.007565, 0.144513, 0.297551, 0.447734, 0.020062, 0.121656, 0.157916, 0.125179, 0.162769, 0.119866, 0.021576, 0.131900, 0.103833, 3.108396, 0.457639, 0.000000, 0.070888, 0.201904, 0.196241, 0.000000, 0.017955, 0.386966, 0.706005, 0.193205, 0.191019, 0.036349, 0.020265, , , 0.001825, 0.005827, 0.008749, , 0.336733, 0.037888, 
boraxo, 0.5, 1.0, 72, 0.036873, 0.017427, 0.008937, 0.071022, 0.015377, 0.010319, 0.007410, 0.007676, 0.017870, 0.039253, 0.038873, 0.016417, 0.012726, 0.016138, 5.872468, 0.002032, 0.003150, 0.003582, 0.002659, 1.718401, 0.057834, 0.013150, 0.033575, 0.007424, 0.033718, 0.181313, 0.019829, 0.025210, 0.059119, 0.003554, 0.021364, 0.345404, 0.519166, 0.007403, 0.016577, 0.024305, 0.133299, 0.416670, 0.006142, 0.006057, 0.025119, 0.059111, 0.091873, 0.009361, 0.018564, 0.030322, 0.039745, 0.029033, 0.018890, 0.002934, 0.016865, 0.009674, 0.308756, 0.056589, 0.000000, 0.008500, 0.015200, 0.016503, 0.000000, 0.002651, 0.079921, 0.103789, 0.023500, 0.023881, 0.005736, 0.003559, , , 0.001306, 0.001685, 0.002018, , 0.650700, 0.381139, 
boraxo, 0.5, 1.0, 32, 0.067974, 0.023996, 0.009653, 0.147005, 0.012742, 0.018455, 0.013508, 0.009500, 0.033453, 0.032184, 0.032229, 0.024336, 0.023407, 0.014172, 4.288868, 0.002126, 0.001317, 0.001620, 0.004101, 2.528498, 0.077095, 0.026068, 0.039910, 0.004998, 0.040091, 0.115970, 0.035711, 0.052572, 0.094410, 0.006034, 0.051986, 0.733221, 1.121587, 0.012755, 0.024132, 0.028743, 0.143101, 0.900532, 0.007699, 0.005527, 0.040889, 0.066476, 0.129969, 0.018330, 0.035887, 0.032981, 0.037038, 0.031557, 0.035427, 0.005019, 0.035028, 0.021454, 0.693421, 0.086678, 0.000000, 0.015024, 0.033458, 0.036335, 0.000000, 0.004354, 0.174285, 0.230397, 0.051426, 0.050660, 0.009975, 0.004534, , , 0.000891, 0.001392, 0.002115, , 0.741490, 0.183920, 
boraxo, 0.5, 1.0, 16, 0.043433, 0.024796, 0.007873, 0.133025, 0.010181, 0.017859, 0.020124, 0.009185, 0.033041, 0.026837, 0.026310, 0.026733, 0.023242, 0.011208, 2.286706, 0.001906, 0.000842, 0.001381, 0.004003, 1.213920, 0.079085, 0.024950, 0.033631, 0.006542, 0.035324, 0.159140, 0.033784, 0.053726, 0.094467, 0.011034, 0.049374, 0.316555, 0.453696, 0.020888, 0.017633, 0.025229, 0.131897, 0.393666, 0.006808, 0.007498, 0.036447, 0.064348, 0.124050, 0.011378, 0.033383, 0.029778, 0.037446, 0.029339, 0.033290, 0.005390, 0.039807, 0.022946, 0.744682, 0.087898, 0.000000, 0.015831, 0.048984, 0.047802, 0.000000, 0.004683, 0.091508, 0.212301, 0.050441, 0.057601, 0.010347, 0.006866, , , 0.000999, 0.001071, 0.001956, , 0.358275, 0.094537, 
boraxo, 0.5, 1.0, 8, 0.073040, 0.052224, 0.023659, 0.264492, 0.015051, 0.037281, 0.041615, 0.018013, 0.093956, 0.043541, 0.042945, 0.046166, 0.065930, 0.019957, 1.842876, 0.002925, 0.000602, 0.002420, 0.007016, 0.854737, 0.156043, 0.056841, 0.094563, 0.011205, 0.094671, 0.129450, 0.074530, 0.111527, 0.188223, 0.022361, 0.109303, 0.630185, 0.904843, 0.037069, 0.021146, 0.058022, 0.326248, 0.784363, 0.005467, 0.005688, 0.065827, 0.153604, 0.243512, 0.020384, 0.074352, 0.084952, 0.094299, 0.084854, 0.073330, 0.012289, 0.079507, 0.050020, 1.487950, 0.193270, 0.000000, 0.030850, 0.095593, 0.093335, 0.000000, 0.009042, 0.176449, 0.422933, 0.129724, 0.115236, 0.020545, 0.013257, , , 0.001457, 0.001645, 0.004740, , 0.363761, 0.046833, 
boraxo, 0.5, 1.0, 4, 0.131009, 0.075679, 0.046110, 0.528015, 0.028395, 0.071893, 0.082132, 0.037187, 0.168397, 0.120054, 0.120011, 0.091367, 0.117964, 0.048427, 1.918220, 0.005609, 0.001015, 0.004681, 0.013787, 0.670091, 0.228133, 0.114173, 0.188383, 0.022082, 0.190203, 0.241224, 0.151353, 0.211780, 0.313837, 0.044112, 0.213024, 1.199787, 1.889633, 0.073768, 0.032939, 0.118354, 0.680378, 1.561648, 0.009658, 0.011287, 0.139086, 0.300439, 0.479801, 0.039866, 0.147907, 0.170262, 0.186444, 0.169995, 0.147663, 0.024529, 0.157187, 0.099164, 2.975529, 0.345717, 0.000000, 0.061516, 0.191133, 0.186678, 0.000000, 0.018349, 0.335371, 0.845976, 0.249442, 0.229149, 0.041041, 0.026786, , , 0.002796, 0.004801, 0.009476, , 0.485565, 0.046656, 
corona-cpu, 0.5, 1.0, 96, 0.008141, 0.004195, 0.012665, 0.025359, 0.019684, 0.008303, 0.006428, 0.011957, 0.017407, 0.066023, 0.059171, 0.016231, 0.015156, 0.031584, 1.416485, 0.002654, 0.002498, 0.002748, 0.003579, 0.619505, 0.012752, 0.015938, 0.048190, 0.005589, 0.049179, 0.183049, 0.029272, 0.012273, 0.015976, 0.002974, 0.030004, 0.050016, 0.078725, 0.008204, 0.007031, 0.037949, 0.194053, 0.071030, 0.006658, 0.003537, 0.072697, 0.080282, 0.191368, 0.004049, 0.029142, 0.042891, 0.049445, 0.044159, 0.030040, 0.003649, 0.009294, 0.006463, 0.171608, 0.013881, 0.000000, 0.008212, 0.008457, 0.008287, 0.000000, 0.003160, 0.020920, 0.050003, 0.023304, 0.013583, 0.004872, 0.004229, , , 0.001743, 0.002625, 0.002756, , 0.166561, 0.511651, 
corona-cpu, 0.5, 1.0, 48, 0.017084, 0.005165, 0.009821, 0.037695, 0.013090, 0.010816, 0.008517, 0.012332, 0.015739, 0.062854, 0.047478, 0.021752, 0.010320, 0.030765, 1.227708, 0.002783, 0.001713, 0.002269, 0.005544, 0.492884, 0.018546, 0.013548, 0.039928, 0.004255, 0.050208, 0.206577, 0.021837, 0.018318, 0.016195, 0.003859, 0.024590, 0.098319, 0.155492, 0.009253, 0.005835, 0.025781, 0.176107, 0.145651, 0.008381, 0.003277, 0.048209, 0.053055, 0.088653, 0.003694, 0.018364, 0.032779, 0.040839, 0.045939, 0.022357, 0.004329, 0.014465, 0.010492, 0.322500, 0.018782, 0.000000, 0.010985, 0.013397, 0.013279, 0.000000, 0.003875, 0.037404, 0.047928, 0.024213, 0.021658, 0.005902, 0.004164, , , 0.001342, 0.002034, 0.002999, , 0.188348, 0.306224, 
corona-cpu, 0.5, 1.0, 32, 0.026356, 0.006782, 0.008443, 0.048143, 0.010335, 0.012524, 0.010810, 0.014245, 0.013690, 0.065299, 0.042595, 0.021507, 0.010590, 0.032989, 1.073887, 0.003250, 0.001320, 0.002430, 0.007384, 0.483244, 0.024437, 0.013972, 0.032017, 0.003442, 0.049855, 0.139852, 0.018628, 0.024510, 0.018982, 0.004216, 0.023529, 0.146561, 0.230839, 0.011968, 0.005332, 0.022704, 0.122931, 0.213912, 0.007086, 0.003261, 0.053175, 0.043480, 0.087745, 0.004007, 0.017331, 0.032697, 0.038635, 0.059246, 0.024035, 0.004772, 0.019771, 0.014818, 0.483996, 0.028132, 0.000000, 0.014279, 0.018580, 0.018427, 0.000000, 0.004770, 0.060853, 0.070640, 0.024129, 0.030519, 0.007215, 0.004063, , , 0.001091, 0.001621, 0.002908, , 0.200429, 0.223891, 
corona-cpu, 0.5, 1.0, 16, 0.036167, 0.008704, 0.006819, 0.088985, 0.008213, 0.013568, 0.016833, 0.019810, 0.012510, 0.059836, 0.035656, 0.019831, 0.011407, 0.030243, 0.931398, 0.003149, 0.000866, 0.003583, 0.007363, 0.440856, 0.028345, 0.012322, 0.033699, 0.003375, 0.036658, 0.141058, 0.017425, 0.025310, 0.022245, 0.004796, 0.019568, 0.101864, 0.154274, 0.017156, 0.004731, 0.022521, 0.101463, 0.115970, 0.006718, 0.003257, 0.035795, 0.038724, 0.071145, 0.003785, 0.016943, 0.033280, 0.037257, 0.054133, 0.021260, 0.004980, 0.022311, 0.017199, 0.552837, 0.033536, 0.000000, 0.013791, 0.029114, 0.029093, 0.000000, 0.004671, 0.056619, 0.138104, 0.022513, 0.033879, 0.007354, 0.004940, , , 0.000990, 0.001131, 0.002475, , 0.193695, 0.111482, 
corona-cpu, 0.5, 1.0, 8, 0.064039, 0.035656, 0.009183, 0.169832, 0.011401, 0.024649, 0.031777, 0.036554, 0.020927, 0.102962, 0.056401, 0.029398, 0.014366, 0.052189, 0.786843, 0.005155, 0.001423, 0.006423, 0.013660, 0.255382, 0.073675, 0.019864, 0.034009, 0.004675, 0.033075, 0.151422, 0.023549, 0.051355, 0.099051, 0.007776, 0.029462, 0.197489, 0.288008, 0.028506, 0.007039, 0.021253, 0.133162, 0.220255, 0.006050, 0.004411, 0.048884, 0.058553, 0.110794, 0.006080, 0.021294, 0.030053, 0.034754, 0.030063, 0.021534, 0.007780, 0.042515, 0.034239, 1.094330, 0.120490, 0.000000, 0.025521, 0.056789, 0.056697, 0.000000, 0.008570, 0.117069, 0.271567, 0.033132, 0.064343, 0.012510, 0.008090, , , 0.001252, 0.001951, 0.002922, , 0.159253, 0.061202, 
corona-cpu, 0.5, 1.0, 4, 0.121219, 0.084151, 0.015340, 0.339266, 0.020414, 0.060307, 0.062457, 0.071120, 0.105033, 0.199851, 0.105249, 0.056015, 0.072577, 0.098116, 0.635432, 0.010190, 0.001096, 0.002927, 0.026802, 0.183957, 0.248872, 0.049062, 0.065949, 0.008663, 0.067224, 0.141791, 0.052467, 0.139682, 0.346898, 0.015526, 0.091491, 0.382488, 0.584052, 0.054912, 0.012911, 0.043096, 0.248091, 0.435119, 0.008519, 0.006874, 0.075558, 0.110535, 0.204347, 0.011318, 0.048476, 0.054042, 0.063988, 0.054570, 0.052716, 0.018345, 0.085882, 0.089052, 2.202016, 0.372423, 0.000000, 0.049917, 0.114246, 0.114431, 0.000000, 0.016376, 0.234581, 0.546191, 0.134003, 0.130203, 0.025046, 0.014785, , , 0.001925, 0.002548, 0.003831, , 0.155002, 0.047712, 
dane, 0.5, 1.0, 224, 0.004343, 0.002621, 0.010678, 0.026165, 0.020394, 0.005717, 0.004258, 0.008851, 0.011823, 0.054416, 0.054505, 0.007857, 0.009030, 0.020180, 18.436111, 0.003518, 0.016856, 0.015631, 0.003585, 2.277815, 0.008600, 0.011569, 0.041645, 0.031184, 0.041489, 0.092576, 0.021395, 0.005594, 0.010699, 0.001713, 0.021384, 0.049994, 0.077376, 0.003400, 0.006899, 0.032549, 0.173327, 0.068155, 0.006411, 0.002693, 0.033978, 0.080271, 0.104723, 0.003477, 0.022520, 0.037483, 0.085832, 0.037490, 0.020981, 0.001930, 0.005043, 0.003561, 0.064620, 0.006935, 0.000000, 0.005314, 0.004851, 0.004291, 0.000000, 0.001605, 0.009483, 0.028653, 0.016704, 0.006297, 0.003063, 0.003478, , , 0.002785, 0.002330, 0.002301, , 0.597240, 0.620810, 
dane, 0.5, 1.0, 112, 0.008363, 0.002732, 0.005186, 0.032487, 0.009266, 0.004748, 0.003692, 0.004801, 0.007523, 0.025149, 0.024794, 0.007930, 0.005373, 0.009466, 3.636838, 0.001165, 0.004405, 0.004379, 0.001529, 2.130382, 0.009831, 0.006509, 0.019557, 0.009195, 0.019416, 0.069746, 0.010480, 0.007051, 0.008090, 0.001383, 0.010618, 0.087019, 0.142974, 0.003288, 0.005086, 0.015832, 0.081803, 0.115173, 0.005896, 0.001423, 0.027182, 0.036252, 0.065368, 0.003135, 0.010641, 0.017315, 0.024786, 0.017786, 0.010104, 0.001572, 0.005475, 0.003529, 0.098574, 0.007757, 0.000000, 0.003862, 0.005106, 0.005115, 0.000000, 0.001305, 0.012728, 0.047676, 0.009680, 0.007646, 0.002259, 0.001915, , , 0.000783, 0.001113, 0.001195, , 0.725537, 0.254915, 
dane, 0.5, 1.0, 56, 0.008338, 0.002738, 0.003762, 0.027800, 0.007072, 0.004339, 0.004546, 0.003462, 0.012967, 0.016897, 0.016785, 0.006908, 0.010053, 0.009343, 1.581671, 0.000980, 0.001830, 0.001899, 0.001359, 0.705697, 0.010287, 0.007786, 0.020338, 0.003967, 0.020253, 0.079936, 0.009916, 0.008607, 0.007544, 0.001938, 0.010057, 0.029749, 0.047285, 0.005327, 0.002481, 0.011249, 0.068985, 0.041891, 0.005291, 0.001329, 0.020574, 0.028869, 0.041828, 0.001538, 0.008952, 0.015264, 0.018174, 0.015583, 0.009001, 0.001593, 0.005273, 0.003457, 0.106398, 0.008117, 0.000000, 0.003330, 0.005098, 0.004980, 0.000000, 0.001156, 0.012515, 0.047407, 0.010793, 0.007320, 0.002230, 0.001630, , , 0.000485, 0.000767, 0.000855, , 0.282782, 0.169891, 
dane, 0.5, 1.0, 32, 0.015914, 0.003879, 0.003428, 0.044668, 0.005800, 0.006300, 0.006905, 0.003631, 0.021010, 0.014254, 0.014182, 0.007829, 0.015142, 0.006123, 1.369735, 0.000881, 0.000893, 0.000894, 0.001486, 0.616036, 0.016354, 0.008035, 0.013998, 0.002798, 0.014480, 0.046210, 0.008611, 0.012208, 0.030714, 0.001766, 0.008057, 0.052404, 0.081093, 0.010269, 0.001864, 0.009545, 0.047760, 0.072510, 0.002883, 0.000873, 0.017310, 0.020362, 0.041235, 0.001427, 0.005947, 0.009699, 0.011792, 0.009878, 0.006068, 0.001778, 0.008431, 0.005016, 0.179204, 0.016295, 0.000000, 0.004392, 0.008387, 0.008123, 0.000000, 0.001456, 0.020342, 0.075503, 0.014596, 0.011226, 0.002764, 0.001662, , , 0.000346, 0.000571, 0.000605, , 0.247758, 0.091981, 
dane, 0.5, 1.0, 16, 0.043692, 0.024500, 0.003182, 0.080536, 0.005528, 0.010502, 0.012241, 0.004855, 0.022742, 0.013425, 0.013488, 0.010965, 0.015722, 0.006151, 1.140454, 0.001102, 0.000450, 0.000676, 0.002340, 0.493190, 0.072286, 0.010271, 0.012789, 0.003727, 0.014310, 0.056697, 0.011563, 0.026960, 0.096827, 0.004293, 0.015702, 0.107835, 0.167211, 0.010763, 0.002386, 0.010550, 0.060710, 0.135976, 0.001767, 0.001119, 0.017309, 0.023122, 0.047927, 0.002016, 0.008560, 0.010798, 0.011521, 0.010825, 0.008864, 0.002725, 0.014356, 0.009672, 0.323435, 0.064455, 0.000000, 0.007353, 0.014938, 0.014760, 0.000000, 0.002336, 0.057674, 0.128928, 0.054723, 0.020817, 0.004735, 0.002449, , , 0.000344, 0.000598, 0.000687, , 0.210459, 0.040275, 
dane, 0.5, 1.0, 8, 0.086513, 0.072702, 0.006799, 0.160594, 0.009253, 0.021243, 0.025099, 0.009518, 0.050545, 0.022762, 0.022664, 0.019427, 0.035406, 0.009574, 0.980654, 0.001887, 0.000466, 0.001023, 0.004367, 0.398901, 0.215958, 0.033634, 0.031368, 0.006822, 0.033911, 0.091624, 0.041141, 0.121661, 0.226827, 0.006065, 0.065344, 0.177612, 0.278098, 0.019610, 0.004367, 0.029520, 0.129539, 0.243579, 0.002413, 0.002120, 0.030934, 0.057306, 0.092502, 0.003843, 0.041765, 0.026693, 0.024058, 0.027080, 0.041239, 0.006370, 0.031160, 0.029789, 0.645618, 0.221089, 0.000000, 0.014199, 0.028735, 0.028474, 0.000000, 0.004612, 0.132921, 0.257795, 0.090135, 0.040716, 0.009840, 0.004479, , , 0.000517, 0.000951, 0.001550, , 0.202755, 0.026537, 
dane, 0.5, 1.0, 4, 0.102234, 0.095383, 0.028817, 0.322551, 0.017218, 0.054150, 0.051688, 0.020596, 0.170474, 0.050310, 0.050274, 0.038206, 0.120573, 0.020199, 0.947065, 0.003475, 0.000632, 0.002916, 0.008424, 0.370222, 0.329218, 0.078463, 0.115857, 0.013373, 0.116108, 0.188966, 0.087726, 0.184666, 0.315409, 0.016430, 0.141125, 0.335130, 0.505929, 0.039306, 0.011013, 0.067134, 0.437010, 0.394339, 0.004515, 0.006684, 0.061237, 0.190985, 0.239437, 0.010460, 0.088132, 0.103101, 0.111765, 0.103873, 0.088324, 0.014603, 0.067791, 0.058067, 1.291433, 0.318469, 0.000000, 0.028413, 0.057242, 0.056740, 0.000000, 0.009367, 0.202786, 0.515293, 0.181303, 0.082856, 0.019401, 0.010353, , , 0.000950, 0.002062, 0.005733, , 0.199077, 0.022565, 
mammoth, 0.5, 1.0, 256, 0.009997, 0.005185, 0.029112, 0.035609, 0.046705, 0.013151, 0.008227, 0.019945, 0.032478, 0.132520, 0.132034, 0.024257, 0.022792, 0.052069, 1.558270, 0.003336, 0.006350, 0.007405, 0.004024, 0.870470, 0.016718, 0.033361, 0.112295, 0.013249, 0.115118, 0.150912, 0.059996, 0.014880, 0.028216, 0.004817, 0.060331, 0.029221, 0.046301, 0.007485, 0.013160, 0.079349, 0.492204, 0.042806, 0.010514, 0.008225, 0.062561, 0.172237, 0.245847, 0.007059, 0.058587, 0.101799, 0.128940, 0.101571, 0.059481, 0.005319, 0.011711, 0.009019, 0.091761, 0.017356, 0.000000, 0.013579, 0.009340, 0.009208, 0.000000, 0.005021, 0.022698, 0.015522, 0.045147, 0.017198, 0.008332, 0.007955, , , 0.003575, 0.005603, 0.006665, , 0.168270, 1.279268, 
mammoth, 0.5, 1.0, 128, 0.009603, 0.004981, 0.017397, 0.026520, 0.025390, 0.009921, 0.006976, 0.013752, 0.020919, 0.079258, 0.076287, 0.016203, 0.014204, 0.032507, 1.386271, 0.002302, 0.003506, 0.004156, 0.003693, 0.636196, 0.015891, 0.021063, 0.065141, 0.007419, 0.065176, 0.143510, 0.035438, 0.015148, 0.021738, 0.004228, 0.037022, 0.043177, 0.066843, 0.006636, 0.008637, 0.047267, 0.295669, 0.066273, 0.008251, 0.005364, 0.066517, 0.103252, 0.161079, 0.004920, 0.034704, 0.057713, 0.071060, 0.058970, 0.032783, 0.005215, 0.011184, 0.009900, 0.142513, 0.018045, 0.000000, 0.011634, 0.010217, 0.009756, 0.000000, 0.004924, 0.023308, 0.021929, 0.030870, 0.017813, 0.006863, 0.005541, , , 0.002196, 0.003319, 0.004248, , 0.205939, 0.698442, 
mammoth, 0.5, 1.0, 64, 0.007166, 0.003666, 0.008605, 0.027794, 0.011642, 0.006184, 0.006251, 0.009097, 0.010913, 0.038963, 0.033535, 0.012836, 0.008113, 0.017068, 1.166644, 0.001312, 0.001693, 0.002456, 0.002637, 0.601714, 0.011081, 0.011190, 0.028430, 0.003884, 0.029337, 0.171878, 0.015986, 0.011207, 0.015165, 0.002853, 0.018159, 0.031149, 0.048446, 0.006606, 0.004465, 0.020252, 0.130153, 0.039676, 0.006754, 0.002808, 0.037123, 0.043198, 0.066469, 0.002697, 0.015924, 0.025194, 0.032361, 0.025726, 0.015852, 0.003300, 0.007577, 0.006616, 0.145050, 0.014726, 0.000000, 0.006905, 0.008451, 0.008541, 0.000000, 0.003437, 0.017329, 0.035967, 0.017485, 0.012605, 0.003992, 0.003599, , , 0.001246, 0.001740, 0.002502, , 0.222356, 0.340049, 
mammoth, 0.5, 1.0, 32, 0.012522, 0.005253, 0.006266, 0.045636, 0.006756, 0.007752, 0.008824, 0.010879, 0.012536, 0.035513, 0.023685, 0.014837, 0.010215, 0.019514, 1.231922, 0.001533, 0.001077, 0.002050, 0.004007, 0.524543, 0.015960, 0.013255, 0.020734, 0.003002, 0.021979, 0.109969, 0.016571, 0.018065, 0.018566, 0.003304, 0.020988, 0.054997, 0.083594, 0.009223, 0.003537, 0.016645, 0.079530, 0.062740, 0.004354, 0.002397, 0.033241, 0.034853, 0.058669, 0.002838, 0.015758, 0.018434, 0.022797, 0.023314, 0.016510, 0.004334, 0.012089, 0.009951, 0.286141, 0.022943, 0.000000, 0.008678, 0.015127, 0.015135, 0.000000, 0.003476, 0.030696, 0.068731, 0.023397, 0.019957, 0.004913, 0.003399, , , 0.000849, 0.001122, 0.001668, , 0.209416, 0.142310, 
mammoth, 0.5, 1.0, 16, 0.042677, 0.012031, 0.008757, 0.086756, 0.007401, 0.013144, 0.016564, 0.019519, 0.014484, 0.055898, 0.032237, 0.020587, 0.012351, 0.030119, 1.105912, 0.002897, 0.000880, 0.003364, 0.007003, 0.432507, 0.027294, 0.016276, 0.027703, 0.003170, 0.031811, 0.106132, 0.019332, 0.028804, 0.022666, 0.004811, 0.022388, 0.098841, 0.149358, 0.015045, 0.004700, 0.018285, 0.090832, 0.116810, 0.005130, 0.003116, 0.029071, 0.042789, 0.072247, 0.004295, 0.017935, 0.025797, 0.029849, 0.026781, 0.018125, 0.005720, 0.021870, 0.016580, 0.550825, 0.037396, 0.000000, 0.013952, 0.029030, 0.029132, 0.000000, 0.004990, 0.057194, 0.137103, 0.025031, 0.033579, 0.007536, 0.004787, , , 0.000882, 0.001102, 0.002631, , 0.189312, 0.081373, 
mammoth, 0.5, 1.0, 8, 0.076258, 0.055394, 0.010271, 0.170684, 0.011214, 0.025069, 0.031975, 0.037606, 0.021932, 0.103267, 0.056131, 0.031948, 0.015688, 0.052221, 1.085095, 0.005090, 0.001509, 0.006346, 0.013775, 0.347720, 0.131171, 0.021459, 0.034945, 0.004666, 0.035534, 0.183206, 0.024907, 0.063930, 0.180147, 0.008103, 0.030819, 0.195660, 0.297054, 0.027828, 0.007495, 0.022812, 0.134811, 0.224927, 0.006744, 0.004435, 0.044667, 0.060729, 0.111442, 0.006696, 0.023442, 0.030249, 0.036265, 0.030255, 0.023486, 0.008603, 0.042347, 0.033908, 1.106319, 0.173470, 0.000000, 0.025537, 0.057319, 0.057003, 0.000000, 0.008288, 0.121232, 0.272791, 0.034710, 0.064865, 0.013083, 0.008426, , , 0.001251, 0.002092, 0.003448, , 0.209364, 0.057191, 
mammoth, 0.5, 1.0, 4, 0.143738, 0.100239, 0.016248, 0.340029, 0.020409, 0.066271, 0.062282, 0.072901, 0.188191, 0.198291, 0.103846, 0.058422, 0.131447, 0.096908, 1.074114, 0.009968, 0.001095, 0.003587, 0.026709, 0.232162, 0.345704, 0.061447, 0.063009, 0.008441, 0.063009, 0.596424, 0.052595, 0.199109, 0.467915, 0.019083, 0.128735, 0.389899, 0.595620, 0.053713, 0.013195, 0.044090, 0.247000, 0.463046, 0.008025, 0.006867, 0.075240, 0.111118, 0.200163, 0.011985, 0.055191, 0.054528, 0.065436, 0.054328, 0.053598, 0.020185, 0.086020, 0.079786, 2.208058, 0.503839, 0.000000, 0.049926, 0.113645, 0.113818, 0.000000, 0.015617, 0.235795, 0.545133, 0.210236, 0.129372, 0.025153, 0.015429, , , 0.001885, 0.002983, 0.004242, , 0.162727, 0.046331, 
matrix-cpu, 0.5, 1.0, 224, 0.014746, 0.012368, 0.112568, 0.127296, 0.219575, 0.043471, 0.035748, 0.079697, 0.114084, 0.561053, 0.564846, 0.009057, 0.080328, 0.229261, 1.998599, 0.011856, 0.012341, 0.012310, 0.012194, 0.871155, 0.050952, 0.108636, 0.447627, 0.035657, 0.452898, 0.260252, 0.226683, 0.026659, 0.091057, 0.012711, 0.226936, 0.019620, 0.029858, 0.010348, 0.046348, 0.293312, 1.785637, 0.025830, 0.019460, 0.027575, 0.201162, 0.726155, 0.914007, 0.023165, 0.226437, 0.406746, 0.449214, 0.407640, 0.224644, 0.012219, 0.024172, 0.012832, 0.065282, 0.034058, 0.000000, 0.038772, 0.014710, 0.014930, 0.000000, 0.011895, 0.027232, 0.055069, 0.161896, 0.026730, 0.023783, 0.034901, , , 0.011694, 0.024022, 0.023358, , 0.349335, 6.332731, 
matrix-cpu, 0.5, 1.0, 112, 0.004071, 0.002110, 0.005885, 0.019822, 0.012264, 0.004038, 0.003317, 0.004559, 0.010266, 0.028155, 0.028530, 0.005856, 0.007348, 0.010932, 2.042834, 0.001136, 0.005671, 0.005536, 0.001407, 0.924286, 0.006744, 0.007086, 0.023016, 0.011869, 0.022953, 0.074945, 0.012412, 0.006337, 0.006644, 0.001505, 0.012232, 0.018651, 0.030573, 0.003733, 0.003136, 0.015964, 0.094354, 0.021812, 0.004814, 0.001698, 0.022721, 0.037510, 0.053565, 0.001634, 0.011517, 0.020420, 0.026389, 0.020384, 0.011631, 0.001439, 0.003941, 0.002737, 0.061559, 0.006456, 0.000000, 0.003603, 0.003536, 0.003496, 0.000000, 0.001081, 0.008244, 0.033505, 0.010308, 0.005527, 0.002207, 0.002041, , , 0.000816, 0.001226, 0.001299, , 0.351104, 0.358175, 
matrix-cpu, 0.5, 1.0, 56, 0.008614, 0.002628, 0.003753, 0.026662, 0.006896, 0.004250, 0.004319, 0.003354, 0.012183, 0.016877, 0.016857, 0.006831, 0.009351, 0.008800, 1.594780, 0.000960, 0.001819, 0.001860, 0.001322, 0.705767, 0.009843, 0.006077, 0.014806, 0.003651, 0.014472, 0.081598, 0.008344, 0.008164, 0.007012, 0.001327, 0.008368, 0.029310, 0.045765, 0.005111, 0.002113, 0.009364, 0.056914, 0.041881, 0.004359, 0.001078, 0.020509, 0.023635, 0.035916, 0.001277, 0.007323, 0.012562, 0.015484, 0.012673, 0.007359, 0.001423, 0.005110, 0.003292, 0.100795, 0.007752, 0.000000, 0.003174, 0.004780, 0.004761, 0.000000, 0.001083, 0.012108, 0.045691, 0.010243, 0.007095, 0.002203, 0.001575, , , 0.000468, 0.000745, 0.000848, , 0.269162, 0.178289, 
matrix-cpu, 0.5, 1.0, 32, 0.014098, 0.003924, 0.003320, 0.043520, 0.005116, 0.006094, 0.006668, 0.003351, 0.019996, 0.012678, 0.012619, 0.007812, 0.014093, 0.006155, 1.346428, 0.000862, 0.000960, 0.000898, 0.001469, 0.634215, 0.016438, 0.007190, 0.011367, 0.002647, 0.012022, 0.060581, 0.007958, 0.011845, 0.028972, 0.001675, 0.007973, 0.051516, 0.088273, 0.010235, 0.001817, 0.009523, 0.046966, 0.072802, 0.002595, 0.000865, 0.017798, 0.019607, 0.038928, 0.001489, 0.005945, 0.009681, 0.011883, 0.009752, 0.005955, 0.001819, 0.008348, 0.004949, 0.175621, 0.017122, 0.000000, 0.004338, 0.008124, 0.008048, 0.000000, 0.001411, 0.019982, 0.074145, 0.014386, 0.011612, 0.002762, 0.001591, , , 0.000339, 0.000578, 0.000633, , 0.241762, 0.094159, 
matrix-cpu, 0.5, 1.0, 16, 0.038997, 0.020424, 0.003382, 0.080493, 0.005524, 0.010478, 0.012293, 0.004863, 0.021201, 0.013459, 0.013401, 0.011024, 0.014813, 0.006010, 1.125545, 0.001087, 0.000482, 0.000683, 0.002322, 0.515410, 0.058233, 0.010380, 0.012332, 0.003734, 0.013665, 0.065073, 0.011319, 0.026026, 0.094466, 0.002673, 0.016478, 0.106438, 0.164970, 0.010763, 0.002387, 0.010183, 0.056679, 0.137475, 0.001768, 0.001134, 0.017017, 0.023076, 0.046720, 0.001995, 0.008455, 0.010926, 0.011640, 0.010875, 0.008418, 0.002954, 0.014348, 0.009661, 0.322825, 0.060010, 0.000000, 0.007253, 0.015094, 0.014750, 0.000000, 0.002357, 0.053289, 0.128801, 0.056062, 0.020598, 0.004843, 0.002449, , , 0.000348, 0.000611, 0.000741, , 0.208669, 0.048717, 
matrix-cpu, 0.5, 1.0, 8, 0.079294, 0.060915, 0.008789, 0.166088, 0.009183, 0.021293, 0.024837, 0.009494, 0.050346, 0.023330, 0.026943, 0.019569, 0.035920, 0.009364, 0.967394, 0.001874, 0.000467, 0.001080, 0.004342, 0.393159, 0.177498, 0.034048, 0.034026, 0.006829, 0.036515, 0.096465, 0.041437, 0.103501, 0.192573, 0.006076, 0.066290, 0.187625, 0.279924, 0.019629, 0.004427, 0.029691, 0.135041, 0.252724, 0.002412, 0.002247, 0.031194, 0.061253, 0.091842, 0.004060, 0.041412, 0.032161, 0.029970, 0.031793, 0.040579, 0.006393, 0.031051, 0.029528, 0.656157, 0.199305, 0.000000, 0.014099, 0.028731, 0.028428, 0.000000, 0.004573, 0.123346, 0.257329, 0.088531, 0.040645, 0.009815, 0.004556, , , 0.000521, 0.000958, 0.001759, , 0.196730, 0.027940, 
matrix-cpu, 0.5, 1.0, 4, 0.093353, 0.080174, 0.028639, 0.321979, 0.017202, 0.049528, 0.051472, 0.020896, 0.154395, 0.053351, 0.053238, 0.038204, 0.107807, 0.021551, 0.933525, 0.003504, 0.000590, 0.002891, 0.008469, 0.370205, 0.274952, 0.077509, 0.113503, 0.013367, 0.123106, 0.188765, 0.088628, 0.164286, 0.280079, 0.015465, 0.139642, 0.333398, 0.510141, 0.039274, 0.011129, 0.067860, 0.439146, 0.385214, 0.004232, 0.006641, 0.061855, 0.184682, 0.248611, 0.010439, 0.089519, 0.102485, 0.111546, 0.103034, 0.088569, 0.015327, 0.067035, 0.057955, 1.299300, 0.296386, 0.000000, 0.028105, 0.057156, 0.056649, 0.000000, 0.009340, 0.199009, 0.527647, 0.172670, 0.082705, 0.019527, 0.009883, , , 0.001058, 0.002186, 0.005706, , 0.202943, 0.024390, 
tioga-cpu, 0.5, 1.0, 128, 0.018809, 0.009603, 0.005991, 0.010596, 0.006866, 0.009081, 0.002112, 0.003803, 0.021821, 0.021647, 0.020569, 0.024758, 0.014077, 0.009948, 6.467053, 0.000823, 0.000440, 0.001534, 0.002209, 2.425304, 0.026139, 0.013452, 0.011847, 0.001137, 0.013239, 0.073774, 0.010340, 0.019749, 0.037552, 0.006571, 0.028598, 0.062732, 0.097396, 0.006062, 0.002444, 0.010039, 0.051392, 0.090633, 0.007243, 0.001852, 0.024712, 0.021390, 0.044536, 0.001976, 0.011411, 0.011175, 0.019682, 0.011407, 0.009936, 0.004695, 0.009626, 0.010437, 0.257336, 0.026639, 0.000000, 0.012437, 0.013999, 0.009238, 0.000000, 0.003594, 0.028044, 0.013431, 0.028300, 0.008895, 0.003223, 0.001934, , , 0.000763, 0.000713, 0.001073, , 0.262396, 0.063898, 
tioga-cpu, 0.5, 1.0, 64, 0.020668, 0.009801, 0.006129, 0.016344, 0.007793, 0.015422, 0.004772, 0.006592, 0.023916, 0.032105, 0.031719, 0.022699, 0.018541, 0.012342, 3.561433, 0.001305, 0.000493, 0.002249, 0.003995, 0.797372, 0.022639, 0.021563, 0.022571, 0.001489, 0.022918, 0.071546, 0.027613, 0.020462, 0.038274, 0.009356, 0.035073, 0.083005, 0.131772, 0.005532, 0.003429, 0.020342, 0.076513, 0.120465, 0.007133, 0.002556, 0.033776, 0.035332, 0.059179, 0.002997, 0.026566, 0.020820, 0.028012, 0.021260, 0.027021, 0.005917, 0.014731, 0.014526, 0.373059, 0.032800, 0.000000, 0.017256, 0.020279, 0.012704, 0.000000, 0.004890, 0.031666, 0.019676, 0.041398, 0.011322, 0.004844, 0.002543, , , 0.000818, 0.000826, 0.001687, , 0.285132, 0.053652, 
tioga-cpu, 0.5, 1.0, 32, 0.017845, 0.009935, 0.006601, 0.032633, 0.007745, 0.026217, 0.006483, 0.008379, 0.023922, 0.031035, 0.030697, 0.023310, 0.018486, 0.013365, 1.527202, 0.001291, 0.000496, 0.002384, 0.003985, 0.652639, 0.023010, 0.021643, 0.022771, 0.001404, 0.023168, 0.071723, 0.027415, 0.020271, 0.037642, 0.012941, 0.034437, 0.074580, 0.113919, 0.006395, 0.003985, 0.020128, 0.075186, 0.087249, 0.007206, 0.002611, 0.026099, 0.035850, 0.053918, 0.003708, 0.025880, 0.019611, 0.037114, 0.019995, 0.026420, 0.005819, 0.018135, 0.014803, 0.380429, 0.032447, 0.000000, 0.017048, 0.018860, 0.012924, 0.000000, 0.004470, 0.032493, 0.037332, 0.040741, 0.011546, 0.004509, 0.002903, , , 0.001172, 0.000830, 0.001639, , 0.261056, 0.042746, 
tioga-cpu, 0.5, 1.0, 16, 0.046508, 0.014489, 0.018198, 0.061706, 0.011527, 0.055838, 0.016300, 0.019603, 0.032163, 0.058146, 0.058150, 0.042628, 0.026551, 0.022856, 1.565310, 0.002398, 0.000666, 0.003873, 0.007438, 0.558261, 0.034001, 0.033093, 0.046239, 0.002042, 0.046748, 0.124228, 0.039962, 0.030137, 0.048419, 0.026690, 0.043898, 0.134236, 0.201954, 0.010482, 0.007252, 0.033484, 0.117476, 0.155963, 0.005598, 0.005251, 0.041021, 0.065978, 0.096471, 0.006577, 0.037090, 0.035847, 0.070221, 0.042113, 0.027839, 0.010063, 0.034871, 0.028909, 0.715889, 0.050418, 0.000000, 0.033269, 0.030502, 0.024660, 0.000000, 0.007687, 0.055075, 0.073188, 0.060421, 0.021225, 0.007849, 0.006115, , , 0.001816, 0.001245, 0.004470, , 0.240109, 0.033955, 
tioga-cpu, 0.5, 1.0, 8, 0.115242, 0.072549, 0.023903, 0.120195, 0.021391, 0.110915, 0.034029, 0.041086, 0.038813, 0.113221, 0.113276, 0.081076, 0.032344, 0.041604, 1.589293, 0.004652, 0.000868, 0.006332, 0.014250, 0.394812, 0.149364, 0.050371, 0.058134, 0.003348, 0.059550, 0.247233, 0.048212, 0.070429, 0.177182, 0.042146, 0.054828, 0.266136, 0.398664, 0.019341, 0.013108, 0.042410, 0.173042, 0.307337, 0.004728, 0.009129, 0.068090, 0.091701, 0.161865, 0.012469, 0.045586, 0.043687, 0.130380, 0.051272, 0.037462, 0.018745, 0.066264, 0.057946, 1.431806, 0.085047, 0.000000, 0.065368, 0.060077, 0.048582, 0.000000, 0.014995, 0.181083, 0.137877, 0.102652, 0.041267, 0.013493, 0.011839, , , 0.003205, 0.004075, 0.007918, , 0.235679, 0.035485, 
tioga-cpu, 0.5, 1.0, 4, 0.148074, 0.106418, 0.025661, 0.238190, 0.041185, 0.229972, 0.069343, 0.075701, 0.108014, 0.223340, 0.223554, 0.157890, 0.078487, 0.078450, 1.366367, 0.009186, 0.001970, 0.012359, 0.027988, 0.328535, 0.317270, 0.090997, 0.080613, 0.005852, 0.084952, 0.115799, 0.071699, 0.159955, 0.361713, 0.084347, 0.099237, 0.528073, 0.793913, 0.037022, 0.025133, 0.063988, 0.305112, 0.607810, 0.006549, 0.016237, 0.122925, 0.149881, 0.320188, 0.024583, 0.063525, 0.070735, 0.252176, 0.071789, 0.062803, 0.039830, 0.132516, 0.129918, 2.855485, 0.204889, 0.000000, 0.130798, 0.119467, 0.096933, 0.000000, 0.029770, 0.248700, 0.274432, 0.195224, 0.082280, 0.022246, 0.018267, , , 0.006211, 0.004609, 0.006562, , 0.232897, 0.029845, 
tuolumne-cpu, 0.5, 1.0, 192, 0.005577, 0.001381, 0.004851, 0.009745, 0.009516, 0.003987, 0.002028, 0.003927, 0.004985, 0.029059, 0.026215, 0.037314, 0.003724, 0.012494, 1.926667, 0.000963, 0.000752, 0.001477, 0.003122, 0.965775, 0.005131, 0.006695, 0.015892, 0.001757, 0.015659, 0.082091, 0.008429, 0.006364, 0.007610, 0.002789, 0.008121, 0.015840, 0.024797, 0.003889, 0.002593, 0.015596, 0.066521, 0.018305, 0.004229, 0.001393, 0.062919, 0.026037, 0.073339, 0.002200, 0.007851, 0.013522, 0.026987, 0.013596, 0.008154, 0.002162, 0.007303, 0.004267, 0.089342, 0.005800, 0.000000, 0.006158, 0.005454, 0.003904, 0.000001, 0.001760, 0.007813, 0.063832, 0.011172, 0.003992, 0.002067, 0.001852, , , 0.001365, 0.001184, 0.000966, , 0.243080, 0.188250, 
tuolumne-cpu, 0.5, 1.0, 96, 0.012748, 0.001832, 0.004751, 0.012020, 0.010048, 0.006879, 0.002360, 0.005336, 0.007088, 0.033080, 0.032913, 0.038663, 0.005812, 0.012632, 1.801319, 0.001346, 0.000868, 0.001947, 0.003335, 0.468440, 0.008326, 0.009158, 0.016621, 0.001988, 0.016522, 0.082826, 0.009655, 0.009258, 0.008382, 0.004796, 0.009660, 0.032113, 0.048398, 0.005592, 0.002961, 0.020386, 0.071187, 0.035346, 0.004953, 0.002060, 0.117719, 0.030539, 0.103784, 0.002228, 0.008102, 0.013669, 0.031159, 0.013793, 0.008084, 0.003092, 0.007991, 0.007662, 0.174863, 0.009384, 0.000000, 0.009486, 0.008885, 0.005967, 0.000000, 0.002611, 0.014033, 0.151196, 0.017031, 0.006459, 0.002454, 0.002188, , , 0.001388, 0.001148, 0.001020, , 0.189052, 0.181473, 
tuolumne-cpu, 0.5, 1.0, 48, 0.009730, 0.002009, 0.005141, 0.018386, 0.009143, 0.007513, 0.002496, 0.004988, 0.007007, 0.034905, 0.035481, 0.027852, 0.005623, 0.013549, 0.698677, 0.001273, 0.000750, 0.001591, 0.003793, 0.384666, 0.007869, 0.008375, 0.017918, 0.001878, 0.017797, 0.081913, 0.009386, 0.009301, 0.008300, 0.005870, 0.009868, 0.039873, 0.060759, 0.006455, 0.003447, 0.014888, 0.068355, 0.044510, 0.004742, 0.002001, 0.073272, 0.030493, 0.081559, 0.002855, 0.008203, 0.013682, 0.038417, 0.014508, 0.008263, 0.003182, 0.009559, 0.009064, 0.184966, 0.009435, 0.000000, 0.009814, 0.009292, 0.008044, 0.000000, 0.002377, 0.014803, 0.021448, 0.016345, 0.006670, 0.002374, 0.002431, , , 0.001864, 0.001159, 0.000972, , 0.173738, 0.173805, 
tuolumne-cpu, 0.5, 1.0, 32, 0.020866, 0.002429, 0.004743, 0.025440, 0.009189, 0.011186, 0.003040, 0.005799, 0.007421, 0.037078, 0.037712, 0.029210, 0.006019, 0.015132, 0.759899, 0.001556, 0.000688, 0.001940, 0.004833, 0.340777, 0.009223, 0.010664, 0.017777, 0.001986, 0.018291, 0.082148, 0.010402, 0.011253, 0.010039, 0.008519, 0.011084, 0.058750, 0.087414, 0.009676, 0.004153, 0.016733, 0.068929, 0.063588, 0.006004, 0.002330, 0.080560, 0.032070, 0.085451, 0.003231, 0.008831, 0.013267, 0.045096, 0.013834, 0.008812, 0.004529, 0.013723, 0.013755, 0.277133, 0.013182, 0.000000, 0.013765, 0.013001, 0.011322, 0.000000, 0.003267, 0.022831, 0.031357, 0.022348, 0.009274, 0.002989, 0.002763, , , 0.001928, 0.001096, 0.000969, , 0.167035, 0.147222, 
tuolumne-cpu, 0.5, 1.0, 16, 0.064746, 0.005990, 0.006279, 0.045719, 0.013164, 0.036218, 0.011080, 0.012377, 0.009882, 0.054900, 0.055324, 0.041016, 0.007979, 0.022059, 0.696385, 0.002366, 0.000614, 0.002939, 0.007547, 0.326159, 0.016762, 0.017132, 0.021148, 0.002249, 0.022167, 0.092357, 0.014198, 0.017181, 0.026322, 0.031152, 0.015070, 0.110334, 0.165544, 0.015515, 0.006124, 0.018629, 0.090662, 0.124426, 0.006544, 0.003652, 0.073448, 0.040066, 0.097615, 0.005674, 0.012028, 0.017362, 0.062960, 0.017399, 0.012480, 0.009221, 0.026809, 0.026681, 0.553329, 0.024904, 0.000000, 0.026335, 0.024471, 0.021124, 0.000000, 0.006009, 0.077050, 0.061539, 0.037670, 0.016622, 0.004748, 0.003876, , , 0.002942, 0.000983, 0.001285, , 0.141791, 0.087524, 
tuolumne-cpu, 0.5, 1.0, 8, 0.099949, 0.021585, 0.008173, 0.081511, 0.018903, 0.091060, 0.023885, 0.028444, 0.017980, 0.093525, 0.093548, 0.064328, 0.014130, 0.035175, 0.574481, 0.004321, 0.000741, 0.005274, 0.011731, 0.179283, 0.044150, 0.031667, 0.030603, 0.002996, 0.032504, 0.103999, 0.021880, 0.042332, 0.077237, 0.031020, 0.025257, 0.216737, 0.325417, 0.019882, 0.010911, 0.024113, 0.127152, 0.246227, 0.005907, 0.006602, 0.067788, 0.061711, 0.147475, 0.010225, 0.019271, 0.025194, 0.108872, 0.025457, 0.019421, 0.019679, 0.046939, 0.071648, 1.107317, 0.060111, 0.000001, 0.050070, 0.046247, 0.039426, 0.000000, 0.011831, 0.213364, 0.113933, 0.068039, 0.032186, 0.008163, 0.006586, , , 0.002717, 0.001229, 0.001501, , 0.109497, 0.062200, 
tuolumne-cpu, 0.5, 1.0, 4, 0.204891, 0.057725, 0.013341, 0.155854, 0.034037, 0.190988, 0.047115, 0.054736, 0.082111, 0.175889, 0.175934, 0.121613, 0.057055, 0.064619, 0.344310, 0.008322, 0.001178, 0.010208, 0.023139, 0.135367, 0.157186, 0.068969, 0.051110, 0.004234, 0.055424, 0.104500, 0.055370, 0.112936, 0.237496, 0.062023, 0.107748, 0.431563, 0.647795, 0.033100, 0.019901, 0.051118, 0.234359, 0.490424, 0.004817, 0.012213, 0.090766, 0.104580, 0.263412, 0.019827, 0.047941, 0.042839, 0.205063, 0.042853, 0.050029, 0.056231, 0.094082, 0.279791, 2.213469, 0.149544, 0.000001, 0.099687, 0.091479, 0.078721, 0.000000, 0.023437, 0.423110, 0.226860, 0.160160, 0.065163, 0.017633, 0.012089, , , 0.005114, 0.001803, 0.002344, , 0.120235, 0.015087, 
borax, 0.5, 1.0, any min, 0.054703, 0.027906, 0.014974, 0.066258, 0.009676, 0.018300, 0.008275, 0.012460, 0.030529, 0.055773, 0.055203, 0.021537, 0.022079, 0.025823, 1.238675, 0.002395, 0.000689, 0.002375, 0.004521, 0.425149, 0.069851, 0.021504, 0.053697, 0.004641, 0.053404, 0.125412, 0.034757, 0.023129, 0.044796, 0.004238, 0.039868, 0.108680, 0.169087, 0.008246, 0.009022, 0.033999, 0.207260, 0.144109, 0.003697, 0.004333, 0.041311, 0.099015, 0.123882, 0.005703, 0.034549, 0.048349, 0.049273, 0.051145, 0.034488, 0.003879, 0.017741, 0.011447, 0.352560, 0.060344, , 0.010034, 0.017757, 0.017503, , 0.003292, 0.080097, 0.094571, 0.040249, 0.023264, 0.006796, 0.004493, , , 0.001087, 0.002218, 0.003398, , 0.296549, 0.037888, 
boraxo, 0.5, 1.0, any min, 0.036873, 0.017427, 0.007873, 0.071022, 0.010181, 0.010319, 0.007410, 0.007676, 0.017870, 0.026837, 0.026310, 0.016417, 0.012726, 0.011208, 1.842876, 0.001906, 0.000602, 0.001381, 0.002659, 0.670091, 0.057834, 0.013150, 0.033575, 0.004998, 0.033718, 0.115970, 0.019829, 0.025210, 0.059119, 0.003554, 0.021364, 0.316555, 0.453696, 0.007403, 0.016577, 0.024305, 0.131897, 0.393666, 0.005467, 0.005527, 0.025119, 0.059111, 0.091873, 0.009361, 0.018564, 0.029778, 0.037038, 0.029033, 0.018890, 0.002934, 0.016865, 0.009674, 0.308756, 0.056589, , 0.008500, 0.015200, 0.016503, , 0.002651, 0.079921, 0.103789, 0.023500, 0.023881, 0.005736, 0.003559, , , 0.000891, 0.001071, 0.001956, , 0.358275, 0.046656, 
corona-cpu, 0.5, 1.0, any min, 0.008141, 0.004195, 0.006819, 0.025359, 0.008213, 0.008303, 0.006428, 0.011957, 0.012510, 0.059836, 0.035656, 0.016231, 0.010320, 0.030243, 0.635432, 0.002654, 0.000866, 0.002269, 0.003579, 0.183957, 0.012752, 0.012322, 0.032017, 0.003375, 0.033075, 0.139852, 0.017425, 0.012273, 0.015976, 0.002974, 0.019568, 0.050016, 0.078725, 0.008204, 0.004731, 0.021253, 0.101463, 0.071030, 0.006050, 0.003257, 0.035795, 0.038724, 0.071145, 0.003694, 0.016943, 0.030053, 0.034754, 0.030063, 0.021260, 0.003649, 0.009294, 0.006463, 0.171608, 0.013881, , 0.008212, 0.008457, 0.008287, , 0.003160, 0.020920, 0.047928, 0.022513, 0.013583, 0.004872, 0.004063, , , 0.000990, 0.001131, 0.002475, , 0.155002, 0.047712, 
dane, 0.5, 1.0, any min, 0.004343, 0.002621, 0.003182, 0.026165, 0.005528, 0.004339, 0.003692, 0.003462, 0.007523, 0.013425, 0.013488, 0.006908, 0.005373, 0.006123, 0.947065, 0.000881, 0.000450, 0.000676, 0.001359, 0.370222, 0.008600, 0.006509, 0.012789, 0.002798, 0.014310, 0.046210, 0.008611, 0.005594, 0.007544, 0.001383, 0.008057, 0.029749, 0.047285, 0.003288, 0.001864, 0.009545, 0.047760, 0.041891, 0.001767, 0.000873, 0.017309, 0.020362, 0.041235, 0.001427, 0.005947, 0.009699, 0.011521, 0.009878, 0.006068, 0.001572, 0.005043, 0.003457, 0.064620, 0.006935, , 0.003330, 0.004851, 0.004291, , 0.001156, 0.009483, 0.028653, 0.009680, 0.006297, 0.002230, 0.001630, , , 0.000344, 0.000571, 0.000605, , 0.199077, 0.022565, 
mammoth, 0.5, 1.0, any min, 0.007166, 0.003666, 0.006266, 0.026520, 0.006756, 0.006184, 0.006251, 0.009097, 0.010913, 0.035513, 0.023685, 0.012836, 0.008113, 0.017068, 1.074114, 0.001312, 0.000880, 0.002050, 0.002637, 0.232162, 0.011081, 0.011190, 0.020734, 0.003002, 0.021979, 0.106132, 0.015986, 0.011207, 0.015165, 0.002853, 0.018159, 0.029221, 0.046301, 0.006606, 0.003537, 0.016645, 0.079530, 0.039676, 0.004354, 0.002397, 0.029071, 0.034853, 0.058669, 0.002697, 0.015758, 0.018434, 0.022797, 0.023314, 0.015852, 0.003300, 0.007577, 0.006616, 0.091761, 0.014726, , 0.006905, 0.008451, 0.008541, , 0.003437, 0.017329, 0.015522, 0.017485, 0.012605, 0.003992, 0.003399, , , 0.000849, 0.001102, 0.001668, , 0.162727, 0.046331, 
matrix-cpu, 0.5, 1.0, any min, 0.004071, 0.002110, 0.003320, 0.019822, 0.005116, 0.004038, 0.003317, 0.003351, 0.010266, 0.012678, 0.012619, 0.005856, 0.007348, 0.006010, 0.933525, 0.000862, 0.000467, 0.000683, 0.001322, 0.370205, 0.006744, 0.006077, 0.011367, 0.002647, 0.012022, 0.060581, 0.007958, 0.006337, 0.006644, 0.001327, 0.007973, 0.018651, 0.029858, 0.003733, 0.001817, 0.009364, 0.046966, 0.021812, 0.001768, 0.000865, 0.017017, 0.019607, 0.035916, 0.001277, 0.005945, 0.009681, 0.011640, 0.009752, 0.005955, 0.001423, 0.003941, 0.002737, 0.061559, 0.006456, , 0.003174, 0.003536, 0.003496, , 0.001081, 0.008244, 0.033505, 0.010243, 0.005527, 0.002203, 0.001575, , , 0.000339, 0.000578, 0.000633, , 0.196730, 0.024390, 
tioga-cpu, 0.5, 1.0, any min, 0.017845, 0.009603, 0.005991, 0.010596, 0.006866, 0.009081, 0.002112, 0.003803, 0.021821, 0.021647, 0.020569, 0.022699, 0.014077, 0.009948, 1.366367, 0.000823, 0.000440, 0.001534, 0.002209, 0.328535, 0.022639, 0.013452, 0.011847, 0.001137, 0.013239, 0.071546, 0.010340, 0.019749, 0.037552, 0.006571, 0.028598, 0.062732, 0.097396, 0.005532, 0.002444, 0.010039, 0.051392, 0.087249, 0.004728, 0.001852, 0.024712, 0.021390, 0.044536, 0.001976, 0.011411, 0.011175, 0.019682, 0.011407, 0.009936, 0.004695, 0.009626, 0.010437, 0.257336, 0.026639, , 0.012437, 0.013999, 0.009238, , 0.003594, 0.028044, 0.013431, 0.028300, 0.008895, 0.003223, 0.001934, , , 0.000763, 0.000713, 0.001073, , 0.232897, 0.029845, 
tuolumne-cpu, 0.5, 1.0, any min, 0.005577, 0.001381, 0.004743, 0.009745, 0.009143, 0.003987, 0.002028, 0.003927, 0.004985, 0.029059, 0.026215, 0.027852, 0.003724, 0.012494, 0.344310, 0.000963, 0.000614, 0.001477, 0.003122, 0.135367, 0.005131, 0.006695, 0.015892, 0.001757, 0.015659, 0.081913, 0.008429, 0.006364, 0.007610, 0.002789, 0.008121, 0.015840, 0.024797, 0.003889, 0.002593, 0.014888, 0.066521, 0.018305, 0.004229, 0.001393, 0.062919, 0.026037, 0.073339, 0.002200, 0.007851, 0.013267, 0.026987, 0.013596, 0.008084, 0.002162, 0.007303, 0.004267, 0.089342, 0.005800, 0.000001, 0.006158, 0.005454, 0.003904, 0.000001, 0.001760, 0.007813, 0.021448, 0.011172, 0.003992, 0.002067, 0.001852, , , 0.001365, 0.000983, 0.000966, , 0.109497, 0.015087, 
borax, 0.5, 1.0, any max, 0.199625, 0.108387, 0.045115, 0.440155, 0.022611, 0.123061, 0.065960, 0.079392, 0.155740, 0.189610, 0.203627, 0.095008, 0.116951, 0.090122, 2.386181, 0.009915, 0.003373, 0.004173, 0.027159, 2.160589, 0.358721, 0.089279, 0.182412, 0.016535, 0.183171, 0.219678, 0.123629, 0.228178, 0.427080, 0.024864, 0.160133, 0.630887, 0.957114, 0.061277, 0.020782, 0.097501, 0.725961, 0.715560, 0.006477, 0.007565, 0.144513, 0.297551, 0.447734, 0.020062, 0.121656, 0.157916, 0.125179, 0.162769, 0.119866, 0.021576, 0.131900, 0.103833, 3.108396, 0.457639, , 0.070888, 0.201904, 0.196241, , 0.017955, 0.386966, 0.706005, 0.193205, 0.191019, 0.036349, 0.020265, , , 0.001825, 0.005827, 0.008749, , 0.739087, 0.372395, 
boraxo, 0.5, 1.0, any max, 0.131009, 0.075679, 0.046110, 0.528015, 0.028395, 0.071893, 0.082132, 0.037187, 0.168397, 0.120054, 0.120011, 0.091367, 0.117964, 0.048427, 5.872468, 0.005609, 0.003150, 0.004681, 0.013787, 2.528498, 0.228133, 0.114173, 0.188383, 0.022082, 0.190203, 0.241224, 0.151353, 0.211780, 0.313837, 0.044112, 0.213024, 1.199787, 1.889633, 0.073768, 0.032939, 0.118354, 0.680378, 1.561648, 0.009658, 0.011287, 0.139086, 0.300439, 0.479801, 0.039866, 0.147907, 0.170262, 0.186444, 0.169995, 0.147663, 0.024529, 0.157187, 0.099164, 2.975529, 0.345717, , 0.061516, 0.191133, 0.186678, , 0.018349, 0.335371, 0.845976, 0.249442, 0.229149, 0.041041, 0.026786, , , 0.002796, 0.004801, 0.009476, , 0.741490, 0.381139, 
corona-cpu, 0.5, 1.0, any max, 0.121219, 0.084151, 0.015340, 0.339266, 0.020414, 0.060307, 0.062457, 0.071120, 0.105033, 0.199851, 0.105249, 0.056015, 0.072577, 0.098116, 1.416485, 0.010190, 0.002498, 0.006423, 0.026802, 0.619505, 0.248872, 0.049062, 0.065949, 0.008663, 0.067224, 0.206577, 0.052467, 0.139682, 0.346898, 0.015526, 0.091491, 0.382488, 0.584052, 0.054912, 0.012911, 0.043096, 0.248091, 0.435119, 0.008519, 0.006874, 0.075558, 0.110535, 0.204347, 0.011318, 0.048476, 0.054042, 0.063988, 0.059246, 0.052716, 0.018345, 0.085882, 0.089052, 2.202016, 0.372423, , 0.049917, 0.114246, 0.114431, , 0.016376, 0.234581, 0.546191, 0.134003, 0.130203, 0.025046, 0.014785, , , 0.001925, 0.002625, 0.003831, , 0.200429, 0.511651, 
dane, 0.5, 1.0, any max, 0.102234, 0.095383, 0.028817, 0.322551, 0.020394, 0.054150, 0.051688, 0.020596, 0.170474, 0.054416, 0.054505, 0.038206, 0.120573, 0.020199, 18.436111, 0.003518, 0.016856, 0.015631, 0.008424, 2.277815, 0.329218, 0.078463, 0.115857, 0.031184, 0.116108, 0.188966, 0.087726, 0.184666, 0.315409, 0.016430, 0.141125, 0.335130, 0.505929, 0.039306, 0.011013, 0.067134, 0.437010, 0.394339, 0.006411, 0.006684, 0.061237, 0.190985, 0.239437, 0.010460, 0.088132, 0.103101, 0.111765, 0.103873, 0.088324, 0.014603, 0.067791, 0.058067, 1.291433, 0.318469, , 0.028413, 0.057242, 0.056740, , 0.009367, 0.202786, 0.515293, 0.181303, 0.082856, 0.019401, 0.010353, , , 0.002785, 0.002330, 0.005733, , 0.725537, 0.620810, 
mammoth, 0.5, 1.0, any max, 0.143738, 0.100239, 0.029112, 0.340029, 0.046705, 0.066271, 0.062282, 0.072901, 0.188191, 0.198291, 0.132034, 0.058422, 0.131447, 0.096908, 1.558270, 0.009968, 0.006350, 0.007405, 0.026709, 0.870470, 0.345704, 0.061447, 0.112295, 0.013249, 0.115118, 0.596424, 0.059996, 0.199109, 0.467915, 0.019083, 0.128735, 0.389899, 0.595620, 0.053713, 0.013195, 0.079349, 0.492204, 0.463046, 0.010514, 0.008225, 0.075240, 0.172237, 0.245847, 0.011985, 0.058587, 0.101799, 0.128940, 0.101571, 0.059481, 0.020185, 0.086020, 0.079786, 2.208058, 0.503839, , 0.049926, 0.113645, 0.113818, , 0.015617, 0.235795, 0.545133, 0.210236, 0.129372, 0.025153, 0.015429, , , 0.003575, 0.005603, 0.006665, , 0.222356, 1.279268, 
matrix-cpu, 0.5, 1.0, any max, 0.093353, 0.080174, 0.112568, 0.321979, 0.219575, 0.049528, 0.051472, 0.079697, 0.154395, 0.561053, 0.564846, 0.038204, 0.107807, 0.229261, 2.042834, 0.011856, 0.012341, 0.012310, 0.012194, 0.924286, 0.274952, 0.108636, 0.447627, 0.035657, 0.452898, 0.260252, 0.226683, 0.164286, 0.280079, 0.015465, 0.226936, 0.333398, 0.510141, 0.039274, 0.046348, 0.293312, 1.785637, 0.385214, 0.019460, 0.027575, 0.201162, 0.726155, 0.914007, 0.023165, 0.226437, 0.406746, 0.449214, 0.407640, 0.224644, 0.015327, 0.067035, 0.057955, 1.299300, 0.296386, , 0.038772, 0.057156, 0.056649, , 0.011895, 0.199009, 0.527647, 0.172670, 0.082705, 0.023783, 0.034901, , , 0.011694, 0.024022, 0.023358, , 0.351104, 6.332731, 
tioga-cpu, 0.5, 1.0, any max, 0.148074, 0.106418, 0.025661, 0.238190, 0.041185, 0.229972, 0.069343, 0.075701, 0.108014, 0.223340, 0.223554, 0.157890, 0.078487, 0.078450, 6.467053, 0.009186, 0.001970, 0.012359, 0.027988, 2.425304, 0.317270, 0.090997, 0.080613, 0.005852, 0.084952, 0.247233, 0.071699, 0.159955, 0.361713, 0.084347, 0.099237, 0.528073, 0.793913, 0.037022, 0.025133, 0.063988, 0.305112, 0.607810, 0.007243, 0.016237, 0.122925, 0.149881, 0.320188, 0.024583, 0.063525, 0.070735, 0.252176, 0.071789, 0.062803, 0.039830, 0.132516, 0.129918, 2.855485, 0.204889, , 0.130798, 0.119467, 0.096933, , 0.029770, 0.248700, 0.274432, 0.195224, 0.082280, 0.022246, 0.018267, , , 0.006211, 0.004609, 0.007918, , 0.285132, 0.063898, 
tuolumne-cpu, 0.5, 1.0, any max, 0.204891, 0.057725, 0.013341, 0.155854, 0.034037, 0.190988, 0.047115, 0.054736, 0.082111, 0.175889, 0.175934, 0.121613, 0.057055, 0.064619, 1.926667, 0.008322, 0.001178, 0.010208, 0.023139, 0.965775, 0.157186, 0.068969, 0.051110, 0.004234, 0.055424, 0.104500, 0.055370, 0.112936, 0.237496, 0.062023, 0.107748, 0.431563, 0.647795, 0.033100, 0.019901, 0.051118, 0.234359, 0.490424, 0.006544, 0.012213, 0.117719, 0.104580, 0.263412, 0.019827, 0.047941, 0.042839, 0.205063, 0.042853, 0.050029, 0.056231, 0.094082, 0.279791, 2.213469, 0.149544, 0.000001, 0.099687, 0.091479, 0.078721, 0.000001, 0.023437, 0.423110, 0.226860, 0.160160, 0.065163, 0.017633, 0.012089, , , 0.005114, 0.001803, 0.002344, , 0.243080, 0.188250, 
borax, 0.5, 1.0, 72 (full), 0.054703, 0.027906, 0.014974, 0.066258, 0.017975, 0.018300, 0.008275, 0.012460, 0.030529, 0.055773, 0.055203, 0.021537, 0.022079, 0.025823, 2.302989, 0.002395, 0.003373, 0.003146, 0.004521, 1.413219, 0.069851, 0.021504, 0.053697, 0.007374, 0.053404, 0.204202, 0.034757, 0.023129, 0.044796, 0.004238, 0.039868, 0.108680, 0.169087, 0.008246, 0.009022, 0.033999, 0.207260, 0.144109, 0.005392, 0.004494, 0.041311, 0.099015, 0.123882, 0.005703, 0.034549, 0.048349, 0.049273, 0.051145, 0.034488, 0.003879, 0.017741, 0.011447, 0.352560, 0.060344, 0.000000, 0.010034, 0.017757, 0.017503, 0.000000, 0.003292, 0.080097, 0.094571, 0.040249, 0.023264, 0.006796, 0.004493, 0.000000, 0.000000, 0.001349, 0.002218, 0.003398, 0.000000, 0.442482, 0.372395, 0.000000
boraxo, 0.5, 1.0, 72 (full), 0.036873, 0.017427, 0.008937, 0.071022, 0.015377, 0.010319, 0.007410, 0.007676, 0.017870, 0.039253, 0.038873, 0.016417, 0.012726, 0.016138, 5.872468, 0.002032, 0.003150, 0.003582, 0.002659, 1.718401, 0.057834, 0.013150, 0.033575, 0.007424, 0.033718, 0.181313, 0.019829, 0.025210, 0.059119, 0.003554, 0.021364, 0.345404, 0.519166, 0.007403, 0.016577, 0.024305, 0.133299, 0.416670, 0.006142, 0.006057, 0.025119, 0.059111, 0.091873, 0.009361, 0.018564, 0.030322, 0.039745, 0.029033, 0.018890, 0.002934, 0.016865, 0.009674, 0.308756, 0.056589, 0.000000, 0.008500, 0.015200, 0.016503, 0.000000, 0.002651, 0.079921, 0.103789, 0.023500, 0.023881, 0.005736, 0.003559, 0.000000, 0.000000, 0.001306, 0.001685, 0.002018, 0.000000, 0.650700, 0.381139, 0.000000
corona-cpu, 0.5, 1.0, 96 (full), 0.008141, 0.004195, 0.012665, 0.025359, 0.019684, 0.008303, 0.006428, 0.011957, 0.017407, 0.066023, 0.059171, 0.016231, 0.015156, 0.031584, 1.416485, 0.002654, 0.002498, 0.002748, 0.003579, 0.619505, 0.012752, 0.015938, 0.048190, 0.005589, 0.049179, 0.183049, 0.029272, 0.012273, 0.015976, 0.002974, 0.030004, 0.050016, 0.078725, 0.008204, 0.007031, 0.037949, 0.194053, 0.071030, 0.006658, 0.003537, 0.072697, 0.080282, 0.191368, 0.004049, 0.029142, 0.042891, 0.049445, 0.044159, 0.030040, 0.003649, 0.009294, 0.006463, 0.171608, 0.013881, 0.000000, 0.008212, 0.008457, 0.008287, 0.000000, 0.003160, 0.020920, 0.050003, 0.023304, 0.013583, 0.004872, 0.004229, 0.000000, 0.000000, 0.001743, 0.002625, 0.002756, 0.000000, 0.166561, 0.511651, 0.000000
dane, 0.5, 1.0, 224 (full), 0.004343, 0.002621, 0.010678, 0.026165, 0.020394, 0.005717, 0.004258, 0.008851, 0.011823, 0.054416, 0.054505, 0.007857, 0.009030, 0.020180, 18.436111, 0.003518, 0.016856, 0.015631, 0.003585, 2.277815, 0.008600, 0.011569, 0.041645, 0.031184, 0.041489, 0.092576, 0.021395, 0.005594, 0.010699, 0.001713, 0.021384, 0.049994, 0.077376, 0.003400, 0.006899, 0.032549, 0.173327, 0.068155, 0.006411, 0.002693, 0.033978, 0.080271, 0.104723, 0.003477, 0.022520, 0.037483, 0.085832, 0.037490, 0.020981, 0.001930, 0.005043, 0.003561, 0.064620, 0.006935, 0.000000, 0.005314, 0.004851, 0.004291, 0.000000, 0.001605, 0.009483, 0.028653, 0.016704, 0.006297, 0.003063, 0.003478, 0.000000, 0.000000, 0.002785, 0.002330, 0.002301, 0.000000, 0.597240, 0.620810, 0.000000
mammoth, 0.5, 1.0, 256 (full), 0.009997, 0.005185, 0.029112, 0.035609, 0.046705, 0.013151, 0.008227, 0.019945, 0.032478, 0.132520, 0.132034, 0.024257, 0.022792, 0.052069, 1.558270, 0.003336, 0.006350, 0.007405, 0.004024, 0.870470, 0.016718, 0.033361, 0.112295, 0.013249, 0.115118, 0.150912, 0.059996, 0.014880, 0.028216, 0.004817, 0.060331, 0.029221, 0.046301, 0.007485, 0.013160, 0.079349, 0.492204, 0.042806, 0.010514, 0.008225, 0.062561, 0.172237, 0.245847, 0.007059, 0.058587, 0.101799, 0.128940, 0.101571, 0.059481, 0.005319, 0.011711, 0.009019, 0.091761, 0.017356, 0.000000, 0.013579, 0.009340, 0.009208, 0.000000, 0.005021, 0.022698, 0.015522, 0.045147, 0.017198, 0.008332, 0.007955, 0.000000, 0.000000, 0.003575, 0.005603, 0.006665, 0.000000, 0.168270, 1.279268, 0.000000
matrix-cpu, 0.5, 1.0, 224 (full), 0.014746, 0.012368, 0.112568, 0.127296, 0.219575, 0.043471, 0.035748, 0.079697, 0.114084, 0.561053, 0.564846, 0.009057, 0.080328, 0.229261, 1.998599, 0.011856, 0.012341, 0.012310, 0.012194, 0.871155, 0.050952, 0.108636, 0.447627, 0.035657, 0.452898, 0.260252, 0.226683, 0.026659, 0.091057, 0.012711, 0.226936, 0.019620, 0.029858, 0.010348, 0.046348, 0.293312, 1.785637, 0.025830, 0.019460, 0.027575, 0.201162, 0.726155, 0.914007, 0.023165, 0.226437, 0.406746, 0.449214, 0.407640, 0.224644, 0.012219, 0.024172, 0.012832, 0.065282, 0.034058, 0.000000, 0.038772, 0.014710, 0.014930, 0.000000, 0.011895, 0.027232, 0.055069, 0.161896, 0.026730, 0.023783, 0.034901, 0.000000, 0.000000, 0.011694, 0.024022, 0.023358, 0.000000, 0.349335, 6.332731, 0.000000
tioga-cpu, 0.5, 1.0, 128 (full), 0.018809, 0.009603, 0.005991, 0.010596, 0.006866, 0.009081, 0.002112, 0.003803, 0.021821, 0.021647, 0.020569, 0.024758, 0.014077, 0.009948, 6.467053, 0.000823, 0.000440, 0.001534, 0.002209, 2.425304, 0.026139, 0.013452, 0.011847, 0.001137, 0.013239, 0.073774, 0.010340, 0.019749, 0.037552, 0.006571, 0.028598, 0.062732, 0.097396, 0.006062, 0.002444, 0.010039, 0.051392, 0.090633, 0.007243, 0.001852, 0.024712, 0.021390, 0.044536, 0.001976, 0.011411, 0.011175, 0.019682, 0.011407, 0.009936, 0.004695, 0.009626, 0.010437, 0.257336, 0.026639, 0.000000, 0.012437, 0.013999, 0.009238, 0.000000, 0.003594, 0.028044, 0.013431, 0.028300, 0.008895, 0.003223, 0.001934, 0.000000, 0.000000, 0.000763, 0.000713, 0.001073, 0.000000, 0.262396, 0.063898, 0.000000
tuolumne-cpu, 0.5, 1.0, 192 (full), 0.005577, 0.001381, 0.004851, 0.009745, 0.009516, 0.003987, 0.002028, 0.003927, 0.004985, 0.029059, 0.026215, 0.037314, 0.003724, 0.012494, 1.926667, 0.000963, 0.000752, 0.001477, 0.003122, 0.965775, 0.005131, 0.006695, 0.015892, 0.001757, 0.015659, 0.082091, 0.008429, 0.006364, 0.007610, 0.002789, 0.008121, 0.015840, 0.024797, 0.003889, 0.002593, 0.015596, 0.066521, 0.018305, 0.004229, 0.001393, 0.062919, 0.026037, 0.073339, 0.002200, 0.007851, 0.013522, 0.026987, 0.013596, 0.008154, 0.002162, 0.007303, 0.004267, 0.089342, 0.005800, 0.000000, 0.006158, 0.005454, 0.003904, 0.000001, 0.001760, 0.007813, 0.063832, 0.011172, 0.003992, 0.002067, 0.001852, 0.000000, 0.000000, 0.001365, 0.001184, 0.000966, 0.000000, 0.243080, 0.188250, 0.000000
borax, 0.5, 1.0, 32 (half), 0.084676, 0.044849, 0.022597, 0.137002, 0.012514, 0.035309, 0.014437, 0.020783, 0.042218, 0.067060, 0.067077, 0.032385, 0.030382, 0.030733, 2.386181, 0.003368, 0.001304, 0.002523, 0.008132, 2.160589, 0.082806, 0.026375, 0.077618, 0.004641, 0.077485, 0.127014, 0.040917, 0.044711, 0.076332, 0.006803, 0.049283, 0.236649, 0.363045, 0.013898, 0.011659, 0.037925, 0.260317, 0.308085, 0.006037, 0.005688, 0.063442, 0.109356, 0.158146, 0.009957, 0.040943, 0.064501, 0.063007, 0.070823, 0.040990, 0.006096, 0.036166, 0.022206, 0.786799, 0.097098, 0.000000, 0.017958, 0.039076, 0.038530, 0.000000, 0.005310, 0.161727, 0.212521, 0.053705, 0.048547, 0.009837, 0.007821, 0.000000, 0.000000, 0.001286, 0.003194, 0.004937, 0.000000, 0.739087, 0.179762, 0.000000
boraxo, 0.5, 1.0, 32 (half), 0.067974, 0.023996, 0.009653, 0.147005, 0.012742, 0.018455, 0.013508, 0.009500, 0.033453, 0.032184, 0.032229, 0.024336, 0.023407, 0.014172, 4.288868, 0.002126, 0.001317, 0.001620, 0.004101, 2.528498, 0.077095, 0.026068, 0.039910, 0.004998, 0.040091, 0.115970, 0.035711, 0.052572, 0.094410, 0.006034, 0.051986, 0.733221, 1.121587, 0.012755, 0.024132, 0.028743, 0.143101, 0.900532, 0.007699, 0.005527, 0.040889, 0.066476, 0.129969, 0.018330, 0.035887, 0.032981, 0.037038, 0.031557, 0.035427, 0.005019, 0.035028, 0.021454, 0.693421, 0.086678, 0.000000, 0.015024, 0.033458, 0.036335, 0.000000, 0.004354, 0.174285, 0.230397, 0.051426, 0.050660, 0.009975, 0.004534, 0.000000, 0.000000, 0.000891, 0.001392, 0.002115, 0.000000, 0.741490, 0.183920, 0.000000
corona-cpu, 0.5, 1.0, 48 (half), 0.017084, 0.005165, 0.009821, 0.037695, 0.013090, 0.010816, 0.008517, 0.012332, 0.015739, 0.062854, 0.047478, 0.021752, 0.010320, 0.030765, 1.227708, 0.002783, 0.001713, 0.002269, 0.005544, 0.492884, 0.018546, 0.013548, 0.039928, 0.004255, 0.050208, 0.206577, 0.021837, 0.018318, 0.016195, 0.003859, 0.024590, 0.098319, 0.155492, 0.009253, 0.005835, 0.025781, 0.176107, 0.145651, 0.008381, 0.003277, 0.048209, 0.053055, 0.088653, 0.003694, 0.018364, 0.032779, 0.040839, 0.045939, 0.022357, 0.004329, 0.014465, 0.010492, 0.322500, 0.018782, 0.000000, 0.010985, 0.013397, 0.013279, 0.000000, 0.003875, 0.037404, 0.047928, 0.024213, 0.021658, 0.005902, 0.004164, 0.000000, 0.000000, 0.001342, 0.002034, 0.002999, 0.000000, 0.188348, 0.306224, 0.000000
dane, 0.5, 1.0, 112 (half), 0.008363, 0.002732, 0.005186, 0.032487, 0.009266, 0.004748, 0.003692, 0.004801, 0.007523, 0.025149, 0.024794, 0.007930, 0.005373, 0.009466, 3.636838, 0.001165, 0.004405, 0.004379, 0.001529, 2.130382, 0.009831, 0.006509, 0.019557, 0.009195, 0.019416, 0.069746, 0.010480, 0.007051, 0.008090, 0.001383, 0.010618, 0.087019, 0.142974, 0.003288, 0.005086, 0.015832, 0.081803, 0.115173, 0.005896, 0.001423, 0.027182, 0.036252, 0.065368, 0.003135, 0.010641, 0.017315, 0.024786, 0.017786, 0.010104, 0.001572, 0.005475, 0.003529, 0.098574, 0.007757, 0.000000, 0.003862, 0.005106, 0.005115, 0.000000, 0.001305, 0.012728, 0.047676, 0.009680, 0.007646, 0.002259, 0.001915, 0.000000, 0.000000, 0.000783, 0.001113, 0.001195, 0.000000, 0.725537, 0.254915, 0.000000
mammoth, 0.5, 1.0, 128 (half), 0.009603, 0.004981, 0.017397, 0.026520, 0.025390, 0.009921, 0.006976, 0.013752, 0.020919, 0.079258, 0.076287, 0.016203, 0.014204, 0.032507, 1.386271, 0.002302, 0.003506, 0.004156, 0.003693, 0.636196, 0.015891, 0.021063, 0.065141, 0.007419, 0.065176, 0.143510, 0.035438, 0.015148, 0.021738, 0.004228, 0.037022, 0.043177, 0.066843, 0.006636, 0.008637, 0.047267, 0.295669, 0.066273, 0.008251, 0.005364, 0.066517, 0.103252, 0.161079, 0.004920, 0.034704, 0.057713, 0.071060, 0.058970, 0.032783, 0.005215, 0.011184, 0.009900, 0.142513, 0.018045, 0.000000, 0.011634, 0.010217, 0.009756, 0.000000, 0.004924, 0.023308, 0.021929, 0.030870, 0.017813, 0.006863, 0.005541, 0.000000, 0.000000, 0.002196, 0.003319, 0.004248, 0.000000, 0.205939, 0.698442, 0.000000
matrix-cpu, 0.5, 1.0, 112 (half), 0.004071, 0.002110, 0.005885, 0.019822, 0.012264, 0.004038, 0.003317, 0.004559, 0.010266, 0.028155, 0.028530, 0.005856, 0.007348, 0.010932, 2.042834, 0.001136, 0.005671, 0.005536, 0.001407, 0.924286, 0.006744, 0.007086, 0.023016, 0.011869, 0.022953, 0.074945, 0.012412, 0.006337, 0.006644, 0.001505, 0.012232, 0.018651, 0.030573, 0.003733, 0.003136, 0.015964, 0.094354, 0.021812, 0.004814, 0.001698, 0.022721, 0.037510, 0.053565, 0.001634, 0.011517, 0.020420, 0.026389, 0.020384, 0.011631, 0.001439, 0.003941, 0.002737, 0.061559, 0.006456, 0.000000, 0.003603, 0.003536, 0.003496, 0.000000, 0.001081, 0.008244, 0.033505, 0.010308, 0.005527, 0.002207, 0.002041, 0.000000, 0.000000, 0.000816, 0.001226, 0.001299, 0.000000, 0.351104, 0.358175, 0.000000
tioga-cpu, 0.5, 1.0, 64 (half), 0.020668, 0.009801, 0.006129, 0.016344, 0.007793, 0.015422, 0.004772, 0.006592, 0.023916, 0.032105, 0.031719, 0.022699, 0.018541, 0.012342, 3.561433, 0.001305, 0.000493, 0.002249, 0.003995, 0.797372, 0.022639, 0.021563, 0.022571, 0.001489, 0.022918, 0.071546, 0.027613, 0.020462, 0.038274, 0.009356, 0.035073, 0.083005, 0.131772, 0.005532, 0.003429, 0.020342, 0.076513, 0.120465, 0.007133, 0.002556, 0.033776, 0.035332, 0.059179, 0.002997, 0.026566, 0.020820, 0.028012, 0.021260, 0.027021, 0.005917, 0.014731, 0.014526, 0.373059, 0.032800, 0.000000, 0.017256, 0.020279, 0.012704, 0.000000, 0.004890, 0.031666, 0.019676, 0.041398, 0.011322, 0.004844, 0.002543, 0.000000, 0.000000, 0.000818, 0.000826, 0.001687, 0.000000, 0.285132, 0.053652, 0.000000
tuolumne-cpu, 0.5, 1.0, 96 (half), 0.012748, 0.001832, 0.004751, 0.012020, 0.010048, 0.006879, 0.002360, 0.005336, 0.007088, 0.033080, 0.032913, 0.038663, 0.005812, 0.012632, 1.801319, 0.001346, 0.000868, 0.001947, 0.003335, 0.468440, 0.008326, 0.009158, 0.016621, 0.001988, 0.016522, 0.082826, 0.009655, 0.009258, 0.008382, 0.004796, 0.009660, 0.032113, 0.048398, 0.005592, 0.002961, 0.020386, 0.071187, 0.035346, 0.004953, 0.002060, 0.117719, 0.030539, 0.103784, 0.002228, 0.008102, 0.013669, 0.031159, 0.013793, 0.008084, 0.003092, 0.007991, 0.007662, 0.174863, 0.009384, 0.000000, 0.009486, 0.008885, 0.005967, 0.000000, 0.002611, 0.014033, 0.151196, 0.017031, 0.006459, 0.002454, 0.002188, 0.000000, 0.000000, 0.001388, 0.001148, 0.001020, 0.000000, 0.189052, 0.181473, 0.000000
borax, 0.5, 1.0, 16 (quarter), 0.067921, 0.039739, 0.019936, 0.123377, 0.009676, 0.034679, 0.020519, 0.026726, 0.040333, 0.066266, 0.068019, 0.033532, 0.028956, 0.031006, 1.238675, 0.003154, 0.000844, 0.002719, 0.007756, 0.722930, 0.077723, 0.027125, 0.075479, 0.005820, 0.075657, 0.174158, 0.039844, 0.050155, 0.079608, 0.007491, 0.048148, 0.174047, 0.264647, 0.021172, 0.009972, 0.034268, 0.248778, 0.197633, 0.005344, 0.005143, 0.055022, 0.105422, 0.148612, 0.006665, 0.039889, 0.068010, 0.055641, 0.068787, 0.039585, 0.006630, 0.035947, 0.024406, 0.866279, 0.101535, 0.000000, 0.020682, 0.056892, 0.055390, 0.000000, 0.005822, 0.109824, 0.195939, 0.057547, 0.053101, 0.011352, 0.007919, 0.000000, 0.000000, 0.001297, 0.003157, 0.004814, 0.000000, 0.322044, 0.111173, 0.000000
boraxo, 0.5, 1.0, 16 (quarter), 0.043433, 0.024796, 0.007873, 0.133025, 0.010181, 0.017859, 0.020124, 0.009185, 0.033041, 0.026837, 0.026310, 0.026733, 0.023242, 0.011208, 2.286706, 0.001906, 0.000842, 0.001381, 0.004003, 1.213920, 0.079085, 0.024950, 0.033631, 0.006542, 0.035324, 0.159140, 0.033784, 0.053726, 0.094467, 0.011034, 0.049374, 0.316555, 0.453696, 0.020888, 0.017633, 0.025229, 0.131897, 0.393666, 0.006808, 0.007498, 0.036447, 0.064348, 0.124050, 0.011378, 0.033383, 0.029778, 0.037446, 0.029339, 0.033290, 0.005390, 0.039807, 0.022946, 0.744682, 0.087898, 0.000000, 0.015831, 0.048984, 0.047802, 0.000000, 0.004683, 0.091508, 0.212301, 0.050441, 0.057601, 0.010347, 0.006866, 0.000000, 0.000000, 0.000999, 0.001071, 0.001956, 0.000000, 0.358275, 0.094537, 0.000000
corona-cpu, 0.5, 1.0, 32 (quarter), 0.026356, 0.006782, 0.008443, 0.048143, 0.010335, 0.012524, 0.010810, 0.014245, 0.013690, 0.065299, 0.042595, 0.021507, 0.010590, 0.032989, 1.073887, 0.003250, 0.001320, 0.002430, 0.007384, 0.483244, 0.024437, 0.013972, 0.032017, 0.003442, 0.049855, 0.139852, 0.018628, 0.024510, 0.018982, 0.004216, 0.023529, 0.146561, 0.230839, 0.011968, 0.005332, 0.022704, 0.122931, 0.213912, 0.007086, 0.003261, 0.053175, 0.043480, 0.087745, 0.004007, 0.017331, 0.032697, 0.038635, 0.059246, 0.024035, 0.004772, 0.019771, 0.014818, 0.483996, 0.028132, 0.000000, 0.014279, 0.018580, 0.018427, 0.000000, 0.004770, 0.060853, 0.070640, 0.024129, 0.030519, 0.007215, 0.004063, 0.000000, 0.000000, 0.001091, 0.001621, 0.002908, 0.000000, 0.200429, 0.223891, 0.000000
dane, 0.5, 1.0, 56 (quarter), 0.008338, 0.002738, 0.003762, 0.027800, 0.007072, 0.004339, 0.004546, 0.003462, 0.012967, 0.016897, 0.016785, 0.006908, 0.010053, 0.009343, 1.581671, 0.000980, 0.001830, 0.001899, 0.001359, 0.705697, 0.010287, 0.007786, 0.020338, 0.003967, 0.020253, 0.079936, 0.009916, 0.008607, 0.007544, 0.001938, 0.010057, 0.029749, 0.047285, 0.005327, 0.002481, 0.011249, 0.068985, 0.041891, 0.005291, 0.001329, 0.020574, 0.028869, 0.041828, 0.001538, 0.008952, 0.015264, 0.018174, 0.015583, 0.009001, 0.001593, 0.005273, 0.003457, 0.106398, 0.008117, 0.000000, 0.003330, 0.005098, 0.004980, 0.000000, 0.001156, 0.012515, 0.047407, 0.010793, 0.007320, 0.002230, 0.001630, 0.000000, 0.000000, 0.000485, 0.000767, 0.000855, 0.000000, 0.282782, 0.169891, 0.000000
mammoth, 0.5, 1.0, 64 (quarter), 0.007166, 0.003666, 0.008605, 0.027794, 0.011642, 0.006184, 0.006251, 0.009097, 0.010913, 0.038963, 0.033535, 0.012836, 0.008113, 0.017068, 1.166644, 0.001312, 0.001693, 0.002456, 0.002637, 0.601714, 0.011081, 0.011190, 0.028430, 0.003884, 0.029337, 0.171878, 0.015986, 0.011207, 0.015165, 0.002853, 0.018159, 0.031149, 0.048446, 0.006606, 0.004465, 0.020252, 0.130153, 0.039676, 0.006754, 0.002808, 0.037123, 0.043198, 0.066469, 0.002697, 0.015924, 0.025194, 0.032361, 0.025726, 0.015852, 0.003300, 0.007577, 0.006616, 0.145050, 0.014726, 0.000000, 0.006905, 0.008451, 0.008541, 0.000000, 0.003437, 0.017329, 0.035967, 0.017485, 0.012605, 0.003992, 0.003599, 0.000000, 0.000000, 0.001246, 0.001740, 0.002502, 0.000000, 0.222356, 0.340049, 0.000000
matrix-cpu, 0.5, 1.0, 56 (quarter), 0.008614, 0.002628, 0.003753, 0.026662, 0.006896, 0.004250, 0.004319, 0.003354, 0.012183, 0.016877, 0.016857, 0.006831, 0.009351, 0.008800, 1.594780, 0.000960, 0.001819, 0.001860, 0.001322, 0.705767, 0.009843, 0.006077, 0.014806, 0.003651, 0.014472, 0.081598, 0.008344, 0.008164, 0.007012, 0.001327, 0.008368, 0.029310, 0.045765, 0.005111, 0.002113, 0.009364, 0.056914, 0.041881, 0.004359, 0.001078, 0.020509, 0.023635, 0.035916, 0.001277, 0.007323, 0.012562, 0.015484, 0.012673, 0.007359, 0.001423, 0.005110, 0.003292, 0.100795, 0.007752, 0.000000, 0.003174, 0.004780, 0.004761, 0.000000, 0.001083, 0.012108, 0.045691, 0.010243, 0.007095, 0.002203, 0.001575, 0.000000, 0.000000, 0.000468, 0.000745, 0.000848, 0.000000, 0.269162, 0.178289, 0.000000
tioga-cpu, 0.5, 1.0, 32 (quarter), 0.017845, 0.009935, 0.006601, 0.032633, 0.007745, 0.026217, 0.006483, 0.008379, 0.023922, 0.031035, 0.030697, 0.023310, 0.018486, 0.013365, 1.527202, 0.001291, 0.000496, 0.002384, 0.003985, 0.652639, 0.023010, 0.021643, 0.022771, 0.001404, 0.023168, 0.071723, 0.027415, 0.020271, 0.037642, 0.012941, 0.034437, 0.074580, 0.113919, 0.006395, 0.003985, 0.020128, 0.075186, 0.087249, 0.007206, 0.002611, 0.026099, 0.035850, 0.053918, 0.003708, 0.025880, 0.019611, 0.037114, 0.019995, 0.026420, 0.005819, 0.018135, 0.014803, 0.380429, 0.032447, 0.000000, 0.017048, 0.018860, 0.012924, 0.000000, 0.004470, 0.032493, 0.037332, 0.040741, 0.011546, 0.004509, 0.002903, 0.000000, 0.000000, 0.001172, 0.000830, 0.001639, 0.000000, 0.261056, 0.042746, 0.000000
tuolumne-cpu, 0.5, 1.0, 48 (quarter), 0.009730, 0.002009, 0.005141, 0.018386, 0.009143, 0.007513, 0.002496, 0.004988, 0.007007, 0.034905, 0.035481, 0.027852, 0.005623, 0.013549, 0.698677, 0.001273, 0.000750, 0.001591, 0.003793, 0.384666, 0.007869, 0.008375, 0.017918, 0.001878, 0.017797, 0.081913, 0.009386, 0.009301, 0.008300, 0.005870, 0.009868, 0.039873, 0.060759, 0.006455, 0.003447, 0.014888, 0.068355, 0.044510, 0.004742, 0.002001, 0.073272, 0.030493, 0.081559, 0.002855, 0.008203, 0.013682, 0.038417, 0.014508, 0.008263, 0.003182, 0.009559, 0.009064, 0.184966, 0.009435, 0.000000, 0.009814, 0.009292, 0.008044, 0.000000, 0.002377, 0.014803, 0.021448, 0.016345, 0.006670, 0.002374, 0.002431, 0.000000, 0.000000, 0.001864, 0.001159, 0.000972, 0.000000, 0.173738, 0.173805, 0.000000
dane, 0.5, 1.0, 32, 0.015914, 0.003879, 0.003428, 0.044668, 0.005800, 0.006300, 0.006905, 0.003631, 0.021010, 0.014254, 0.014182, 0.007829, 0.015142, 0.006123, 1.369735, 0.000881, 0.000893, 0.000894, 0.001486, 0.616036, 0.016354, 0.008035, 0.013998, 0.002798, 0.014480, 0.046210, 0.008611, 0.012208, 0.030714, 0.001766, 0.008057, 0.052404, 0.081093, 0.010269, 0.001864, 0.009545, 0.047760, 0.072510, 0.002883, 0.000873, 0.017310, 0.020362, 0.041235, 0.001427, 0.005947, 0.009699, 0.011792, 0.009878, 0.006068, 0.001778, 0.008431, 0.005016, 0.179204, 0.016295, 0.000000, 0.004392, 0.008387, 0.008123, 0.000000, 0.001456, 0.020342, 0.075503, 0.014596, 0.011226, 0.002764, 0.001662, 0.000000, 0.000000, 0.000346, 0.000571, 0.000605, 0.000000, 0.247758, 0.091981, 0.000000
mammoth, 0.5, 1.0, 32, 0.012522, 0.005253, 0.006266, 0.045636, 0.006756, 0.007752, 0.008824, 0.010879, 0.012536, 0.035513, 0.023685, 0.014837, 0.010215, 0.019514, 1.231922, 0.001533, 0.001077, 0.002050, 0.004007, 0.524543, 0.015960, 0.013255, 0.020734, 0.003002, 0.021979, 0.109969, 0.016571, 0.018065, 0.018566, 0.003304, 0.020988, 0.054997, 0.083594, 0.009223, 0.003537, 0.016645, 0.079530, 0.062740, 0.004354, 0.002397, 0.033241, 0.034853, 0.058669, 0.002838, 0.015758, 0.018434, 0.022797, 0.023314, 0.016510, 0.004334, 0.012089, 0.009951, 0.286141, 0.022943, 0.000000, 0.008678, 0.015127, 0.015135, 0.000000, 0.003476, 0.030696, 0.068731, 0.023397, 0.019957, 0.004913, 0.003399, 0.000000, 0.000000, 0.000849, 0.001122, 0.001668, 0.000000, 0.209416, 0.142310, 0.000000
matrix-cpu, 0.5, 1.0, 32, 0.014098, 0.003924, 0.003320, 0.043520, 0.005116, 0.006094, 0.006668, 0.003351, 0.019996, 0.012678, 0.012619, 0.007812, 0.014093, 0.006155, 1.346428, 0.000862, 0.000960, 0.000898, 0.001469, 0.634215, 0.016438, 0.007190, 0.011367, 0.002647, 0.012022, 0.060581, 0.007958, 0.011845, 0.028972, 0.001675, 0.007973, 0.051516, 0.088273, 0.010235, 0.001817, 0.009523, 0.046966, 0.072802, 0.002595, 0.000865, 0.017798, 0.019607, 0.038928, 0.001489, 0.005945, 0.009681, 0.011883, 0.009752, 0.005955, 0.001819, 0.008348, 0.004949, 0.175621, 0.017122, 0.000000, 0.004338, 0.008124, 0.008048, 0.000000, 0.001411, 0.019982, 0.074145, 0.014386, 0.011612, 0.002762, 0.001591, 0.000000, 0.000000, 0.000339, 0.000578, 0.000633, 0.000000, 0.241762, 0.094159, 0.000000
tuolumne-cpu, 0.5, 1.0, 32, 0.020866, 0.002429, 0.004743, 0.025440, 0.009189, 0.011186, 0.003040, 0.005799, 0.007421, 0.037078, 0.037712, 0.029210, 0.006019, 0.015132, 0.759899, 0.001556, 0.000688, 0.001940, 0.004833, 0.340777, 0.009223, 0.010664, 0.017777, 0.001986, 0.018291, 0.082148, 0.010402, 0.011253, 0.010039, 0.008519, 0.011084, 0.058750, 0.087414, 0.009676, 0.004153, 0.016733, 0.068929, 0.063588, 0.006004, 0.002330, 0.080560, 0.032070, 0.085451, 0.003231, 0.008831, 0.013267, 0.045096, 0.013834, 0.008812, 0.004529, 0.013723, 0.013755, 0.277133, 0.013182, 0.000000, 0.013765, 0.013001, 0.011322, 0.000000, 0.003267, 0.022831, 0.031357, 0.022348, 0.009274, 0.002989, 0.002763, 0.000000, 0.000000, 0.001928, 0.001096, 0.000969, 0.000000, 0.167035, 0.147222, 0.000000
borax, 0.5, 2.0, 72, 0.107041, 0.080139, 0.024164, 0.125924, 0.021122, 0.033947, 0.014417, 0.023140, 0.055281, 0.090838, 0.087175, 0.056350, 0.040298, 0.036559, 4.400941, 0.003649, 0.003606, 0.004120, 0.007909, 2.751699, 0.503667, 0.035754, 0.081505, 0.008151, 0.082428, 0.478684, 0.057983, 0.214796, 0.397895, 0.007302, 0.064976, 0.864259, 1.334424, 0.015539, 0.019427, 0.050718, 0.427274, 1.097875, 0.011619, 0.006136, 0.064310, 0.127801, 0.173138, 0.016625, 0.054575, 0.074877, 0.071133, 0.074031, 0.054833, 0.006633, 0.034531, 0.023538, 0.687520, 0.270905, 0.000000, 0.017680, 0.035038, 0.034566, 0.000000, 0.005751, 0.215368, 0.187780, 0.079156, 0.044591, 0.010602, 0.008441, , , 0.002451, 0.005087, 0.005690, , 0.628253, 0.379026, 
borax, 0.5, 2.0, 32, 0.173038, 0.104717, 0.036707, 0.268707, 0.018833, 0.069477, 0.026609, 0.037495, 0.084840, 0.115907, 0.115077, 0.090973, 0.060663, 0.051872, 4.257778, 0.006102, 0.001520, 0.004301, 0.015582, 3.384604, 0.489925, 0.049219, 0.118089, 0.007374, 0.118619, 0.287598, 0.074725, 0.191740, 0.405635, 0.012567, 0.092346, 1.888747, 2.958606, 0.026774, 0.039419, 0.067340, 0.630919, 2.458204, 0.011580, 0.007435, 0.112300, 0.186718, 0.280526, 0.032473, 0.074316, 0.097169, 0.103107, 0.113142, 0.079970, 0.011409, 0.072025, 0.047705, 1.538165, 0.343721, 0.000000, 0.034651, 0.075783, 0.074812, 0.000000, 0.010234, 0.379508, 0.421898, 0.116527, 0.094478, 0.018858, 0.010858, , , 0.002387, 0.005535, 0.007589, , 2.167235, 0.195848, 
borax, 0.5, 2.0, 16, 0.125775, 0.091766, 0.029798, 0.244912, 0.015630, 0.069130, 0.039412, 0.046306, 0.093239, 0.117957, 0.123434, 0.094444, 0.062248, 0.053411, 2.445188, 0.005874, 0.001533, 0.004899, 0.015290, 1.529687, 0.469046, 0.050825, 0.110126, 0.010495, 0.122704, 0.409009, 0.073877, 0.193490, 0.396681, 0.014845, 0.092592, 0.556250, 0.878425, 0.036415, 0.014810, 0.063532, 0.628800, 0.765312, 0.008551, 0.007177, 0.101570, 0.175585, 0.288429, 0.013791, 0.073521, 0.102422, 0.086584, 0.111723, 0.073492, 0.013321, 0.074902, 0.062622, 1.696231, 0.339442, 0.000000, 0.040599, 0.111904, 0.108967, 0.000000, 0.010883, 0.246463, 0.391563, 0.120149, 0.104331, 0.021383, 0.015045, , , 0.002390, 0.006073, 0.007599, , 0.623004, 0.128508, 
borax, 0.5, 2.0, 8, 0.211304, 0.165406, 0.050735, 0.486694, 0.025301, 0.170171, 0.073502, 0.088305, 0.540362, 0.209614, 0.225377, 0.171232, 0.376551, 0.097337, 3.132627, 0.011007, 0.001236, 0.004692, 0.029761, 1.254380, 0.599231, 0.244186, 0.207880, 0.018295, 0.207808, 0.439284, 0.189257, 0.342510, 0.626001, 0.046769, 0.500325, 1.106239, 1.720639, 0.071854, 0.024967, 0.160522, 1.199729, 1.511661, 0.007828, 0.009253, 0.189284, 0.337055, 0.540533, 0.023831, 0.192389, 0.175701, 0.141481, 0.183867, 0.194661, 0.035405, 0.156552, 0.134576, 3.389410, 0.721215, 0.000000, 0.079081, 0.222652, 0.216700, 0.000000, 0.020103, 0.472028, 0.784384, 0.553748, 0.211184, 0.044311, 0.022673, , , 0.002126, 0.006393, 0.009763, , 0.794743, 0.050464, 
borax, 0.5, 2.0, 4, 0.361119, 0.213663, 0.095653, 0.882384, 0.044490, 0.265783, 0.133674, 0.160650, 0.682541, 0.376407, 0.404501, 0.304174, 0.482391, 0.174924, 2.717879, 0.019767, 0.002131, 0.008923, 0.053926, 1.234203, 0.710356, 0.366277, 0.388621, 0.032939, 0.390642, 0.674577, 0.384692, 0.508595, 0.868742, 0.067741, 0.743601, 2.001918, 3.113216, 0.130871, 0.044622, 0.295564, 2.313526, 2.732279, 0.013727, 0.018075, 0.323469, 0.601641, 0.978723, 0.042807, 0.371347, 0.333647, 0.263763, 0.346981, 0.376514, 0.063521, 0.282639, 0.241170, 6.094368, 1.043750, 0.000000, 0.142047, 0.403111, 0.392686, 0.000000, 0.036432, 0.829151, 1.423447, 0.798440, 0.383218, 0.080587, 0.041963, , , 0.003674, 0.011597, 0.019352, , 0.489765, 0.057437, 
boraxo, 0.5, 2.0, 72, 0.080370, 0.043929, 0.011922, 0.136818, 0.018570, 0.023886, 0.013019, 0.010955, 0.059436, 0.048668, 0.047994, 0.053504, 0.041911, 0.020594, 12.094268, 0.002473, 0.003293, 0.003921, 0.004237, 5.123164, 0.276411, 0.040727, 0.045792, 0.009060, 0.046605, 0.379406, 0.050649, 0.124822, 0.256184, 0.007189, 0.080440, 1.093222, 1.653419, 0.013529, 0.026498, 0.039663, 0.260411, 1.242734, 0.010314, 0.005417, 0.047055, 0.082274, 0.127133, 0.020791, 0.050041, 0.039094, 0.048259, 0.039130, 0.049651, 0.005254, 0.033106, 0.021417, 0.604689, 0.158348, 0.000000, 0.014853, 0.029632, 0.032235, 0.000000, 0.004448, 0.186486, 0.205780, 0.083763, 0.045874, 0.009921, 0.005243, , , 0.001598, 0.002130, 0.002641, , 0.829620, 0.381221, 
boraxo, 0.5, 2.0, 32, 0.146524, 0.054229, 0.026582, 0.292333, 0.019991, 0.038839, 0.028138, 0.018928, 0.106355, 0.051330, 0.051228, 0.076018, 0.075945, 0.022928, 8.883158, 0.003592, 0.001507, 0.003527, 0.007614, 4.194186, 0.253786, 0.060156, 0.104949, 0.007752, 0.104980, 0.296617, 0.078722, 0.121297, 0.270950, 0.013970, 0.119119, 2.452646, 3.711675, 0.025355, 0.054345, 0.065881, 0.500322, 2.785734, 0.013232, 0.008642, 0.087967, 0.168332, 0.244191, 0.044381, 0.078425, 0.094806, 0.105376, 0.094634, 0.078029, 0.010716, 0.069343, 0.044935, 1.359103, 0.204320, 0.000000, 0.029245, 0.064392, 0.070168, 0.000000, 0.008531, 0.398045, 0.459872, 0.140403, 0.100393, 0.019865, 0.008892, , , 0.001392, 0.002185, 0.005661, , 1.684180, 0.196643, 
boraxo, 0.5, 2.0, 16, 0.090457, 0.056164, 0.025197, 0.265879, 0.017432, 0.039050, 0.042456, 0.019384, 0.111446, 0.047579, 0.046802, 0.089598, 0.078844, 0.022002, 4.514334, 0.003279, 0.001134, 0.003077, 0.007500, 2.668752, 0.260376, 0.061179, 0.100222, 0.012069, 0.100350, 0.390523, 0.078383, 0.125632, 0.270116, 0.025757, 0.119153, 1.312774, 2.062122, 0.040789, 0.021912, 0.066698, 0.499495, 2.144878, 0.008990, 0.007491, 0.084883, 0.160493, 0.247960, 0.020285, 0.078084, 0.090160, 0.099936, 0.090034, 0.077575, 0.013086, 0.079712, 0.050793, 1.460051, 0.207421, 0.000000, 0.031232, 0.096130, 0.093887, 0.000000, 0.009350, 0.185705, 0.424739, 0.142485, 0.113551, 0.021196, 0.013933, , , 0.001805, 0.002142, 0.005445, , 0.710603, 0.111638, 
boraxo, 0.5, 2.0, 8, 0.148001, 0.108794, 0.057914, 0.530046, 0.028778, 0.087843, 0.085235, 0.040984, 0.300794, 0.124388, 0.124425, 0.155536, 0.208191, 0.052315, 3.618535, 0.005645, 0.001117, 0.006293, 0.013846, 1.677450, 0.344841, 0.173734, 0.259207, 0.022154, 0.262432, 0.388929, 0.232100, 0.233352, 0.419872, 0.045174, 0.334647, 2.614335, 4.106283, 0.076293, 0.040090, 0.187980, 1.447244, 4.284852, 0.009933, 0.014587, 0.175886, 0.395634, 0.587876, 0.040203, 0.227627, 0.231878, 0.230562, 0.229343, 0.228466, 0.029103, 0.157345, 0.104290, 2.917553, 0.437102, 0.000000, 0.063448, 0.190906, 0.186410, 0.000000, 0.019118, 0.361452, 0.847744, 0.362873, 0.226131, 0.043343, 0.028285, , , 0.002828, 0.004945, 0.012821, , 0.948251, 0.081059, 
boraxo, 0.5, 2.0, 4, 0.267103, 0.153562, 0.113916, 1.058216, 0.055792, 0.148597, 0.169764, 0.083489, 0.453377, 0.258236, 0.258078, 0.323263, 0.308188, 0.101933, 3.924155, 0.011074, 0.002355, 0.012220, 0.027447, 1.894916, 0.466488, 0.281786, 0.504116, 0.044124, 0.515180, 0.630543, 0.392649, 0.432973, 0.682367, 0.088805, 0.543959, 5.188575, 8.186482, 0.151948, 0.082654, 0.312616, 2.897559, 8.568973, 0.019714, 0.029348, 0.339915, 0.793636, 1.171829, 0.080806, 0.388093, 0.443091, 0.442862, 0.449869, 0.391548, 0.055021, 0.313214, 0.206535, 5.834533, 0.748983, 0.000000, 0.124905, 0.382095, 0.373177, 0.000000, 0.039128, 0.683181, 1.694674, 0.599380, 0.449366, 0.083899, 0.055943, , , 0.005717, 0.010373, 0.024599, , 0.684335, 0.096370, 
corona-cpu, 0.5, 2.0, 96, 0.077259, 0.011982, 0.014783, 0.039825, 0.020941, 0.015293, 0.009953, 0.015730, 0.018177, 0.082649, 0.068440, 0.026578, 0.014028, 0.040815, 2.582756, 0.003791, 0.002812, 0.003593, 0.006330, 1.261902, 0.021415, 0.021344, 0.052365, 0.006804, 0.059380, 0.315408, 0.032366, 0.021024, 0.027675, 0.003993, 0.034004, 0.312667, 0.479012, 0.015984, 0.011240, 0.056754, 0.343387, 0.412510, 0.014854, 0.004804, 0.088400, 0.083994, 0.134284, 0.007992, 0.030953, 0.059520, 0.065937, 0.050934, 0.031453, 0.004889, 0.015421, 0.011456, 0.337055, 0.026148, 0.000000, 0.012495, 0.013936, 0.013975, 0.000000, 0.004487, 0.047639, 0.048194, 0.029451, 0.023089, 0.006586, 0.005689, , , 0.001973, 0.002968, 0.004281, , 0.312918, 0.516870, 
corona-cpu, 0.5, 2.0, 48, 0.076242, 0.019781, 0.012319, 0.066513, 0.016628, 0.016848, 0.014700, 0.020131, 0.018266, 0.096457, 0.066225, 0.050867, 0.014232, 0.043453, 2.414669, 0.004520, 0.002085, 0.003215, 0.010289, 0.958078, 0.035145, 0.019355, 0.044758, 0.005906, 0.053536, 0.348423, 0.027526, 0.033171, 0.046143, 0.005468, 0.029160, 0.633625, 1.005806, 0.018934, 0.014736, 0.034020, 0.277024, 0.868157, 0.008894, 0.004128, 0.113669, 0.067858, 0.118105, 0.012762, 0.024631, 0.048876, 0.043614, 0.046461, 0.025306, 0.005805, 0.025925, 0.019723, 0.631784, 0.051134, 0.000000, 0.019174, 0.024676, 0.024308, 0.000000, 0.006392, 0.091065, 0.093579, 0.026764, 0.039099, 0.009474, 0.005817, , , 0.002047, 0.003352, 0.004092, , 0.385255, 0.344142, 
corona-cpu, 0.5, 2.0, 32, 0.087246, 0.038851, 0.012113, 0.090881, 0.015131, 0.022631, 0.020252, 0.024724, 0.020211, 0.115429, 0.068430, 0.070189, 0.014556, 0.049809, 2.114984, 0.006301, 0.001752, 0.004725, 0.014323, 0.958529, 0.092030, 0.021690, 0.044298, 0.005898, 0.046556, 0.155261, 0.026931, 0.050307, 0.131924, 0.006842, 0.032666, 1.042752, 1.503658, 0.021224, 0.018867, 0.030943, 0.282382, 1.282341, 0.010286, 0.004758, 0.074117, 0.065622, 0.128677, 0.017623, 0.025693, 0.044850, 0.038624, 0.043841, 0.027471, 0.007448, 0.037089, 0.029285, 0.947740, 0.107910, 0.000000, 0.026346, 0.035675, 0.035189, 0.000000, 0.008310, 0.135236, 0.138668, 0.031956, 0.057088, 0.012351, 0.006487, , , 0.002038, 0.002996, 0.004505, , 0.415878, 0.230797, 
corona-cpu, 0.5, 2.0, 16, 0.113291, 0.045842, 0.011795, 0.173344, 0.013214, 0.025931, 0.032679, 0.038057, 0.022282, 0.110041, 0.062912, 0.102106, 0.017062, 0.048065, 1.850336, 0.005395, 0.001499, 0.004988, 0.013906, 0.879057, 0.108612, 0.021772, 0.039250, 0.005619, 0.040599, 0.258038, 0.026528, 0.057844, 0.157273, 0.008067, 0.032346, 0.687237, 1.028062, 0.031854, 0.008879, 0.026740, 0.248133, 0.925108, 0.009634, 0.004878, 0.066125, 0.066005, 0.120815, 0.007739, 0.023793, 0.036864, 0.042686, 0.034289, 0.024118, 0.008433, 0.042897, 0.039903, 1.081973, 0.132559, 0.000000, 0.026478, 0.057739, 0.057838, 0.000000, 0.009155, 0.116951, 0.274954, 0.036571, 0.063729, 0.013201, 0.008875, , , 0.001935, 0.002457, 0.003792, , 0.389527, 0.117366, 
corona-cpu, 0.5, 2.0, 8, 0.131721, 0.097983, 0.016083, 0.337616, 0.021126, 0.060547, 0.062649, 0.071843, 0.117499, 0.200255, 0.108061, 0.157462, 0.082487, 0.087939, 1.574536, 0.009978, 0.003376, 0.005922, 0.026868, 0.515807, 0.288227, 0.052899, 0.067934, 0.008857, 0.066921, 0.422525, 0.052075, 0.157221, 0.377310, 0.016001, 0.095390, 1.002654, 1.504218, 0.055990, 0.014035, 0.050007, 0.401172, 1.289193, 0.011200, 0.007587, 0.088692, 0.114879, 0.210224, 0.012540, 0.053541, 0.056688, 0.064942, 0.054208, 0.055629, 0.018316, 0.084903, 0.085587, 2.144330, 0.397386, 0.000000, 0.049779, 0.113478, 0.113802, 0.000000, 0.016429, 0.228847, 0.542051, 0.141987, 0.126049, 0.024707, 0.015143, , , 0.002451, 0.002743, 0.004452, , 0.325953, 0.067104, 
corona-cpu, 0.5, 2.0, 4, 0.246928, 0.168755, 0.055594, 0.680919, 0.039634, 0.161703, 0.126619, 0.146642, 0.458518, 0.394941, 0.207778, 0.324933, 0.322916, 0.175411, 1.217484, 0.019859, 0.002523, 0.007566, 0.053124, 0.373773, 0.548333, 0.271418, 0.225854, 0.016963, 0.228697, 0.576775, 0.315539, 0.343675, 0.767844, 0.043030, 0.539785, 2.021060, 3.027810, 0.107919, 0.030747, 0.218901, 1.397179, 2.605690, 0.015558, 0.015681, 0.167745, 0.377230, 0.530431, 0.030068, 0.316506, 0.205970, 0.219850, 0.204326, 0.313723, 0.049373, 0.173955, 0.184712, 4.314785, 0.881099, 0.000000, 0.100821, 0.227682, 0.228205, 0.000000, 0.032899, 0.453427, 1.091891, 0.600484, 0.255612, 0.056432, 0.032016, , , 0.003641, 0.004142, 0.012622, , 0.270507, 0.073813, 
dane, 0.5, 2.0, 224, 0.016530, 0.004248, 0.011764, 0.042415, 0.022229, 0.007828, 0.005829, 0.009462, 0.013514, 0.058610, 0.057855, 0.016042, 0.009692, 0.022249, 33.988430, 0.002948, 0.015325, 0.015728, 0.003550, 4.287027, 0.014295, 0.014851, 0.045824, 0.030260, 0.045354, 0.167612, 0.023793, 0.010436, 0.015306, 0.002364, 0.023809, 0.225275, 0.342204, 0.005647, 0.009424, 0.034989, 0.267341, 0.265112, 0.004639, 0.003073, 0.041816, 0.080976, 0.111282, 0.006301, 0.024589, 0.040397, 0.081118, 0.040761, 0.023071, 0.002486, 0.007796, 0.005438, 0.126202, 0.011564, 0.000000, 0.007030, 0.006751, 0.006716, 0.000000, 0.002208, 0.018530, 0.055721, 0.019070, 0.009677, 0.003867, 0.004090, , , 0.002299, 0.002923, 0.003043, , 1.177824, 0.638974, 
dane, 0.5, 2.0, 112, 0.032302, 0.005705, 0.006176, 0.061118, 0.011391, 0.008239, 0.006531, 0.006553, 0.012981, 0.029040, 0.028393, 0.016246, 0.009435, 0.011367, 7.482761, 0.001353, 0.003843, 0.004222, 0.002063, 4.165781, 0.024703, 0.009080, 0.023584, 0.008267, 0.023239, 0.119877, 0.013201, 0.015299, 0.044151, 0.002136, 0.013447, 0.388735, 0.587472, 0.005904, 0.010235, 0.021309, 0.148317, 0.459784, 0.011751, 0.001940, 0.040856, 0.041080, 0.086847, 0.007950, 0.012848, 0.020141, 0.026823, 0.021536, 0.012071, 0.002251, 0.010123, 0.006369, 0.193643, 0.023821, 0.000000, 0.006401, 0.009611, 0.009639, 0.000000, 0.002227, 0.024218, 0.093273, 0.014923, 0.013766, 0.003251, 0.002941, , , 0.000910, 0.001347, 0.001622, , 1.392197, 0.259584, 
dane, 0.5, 2.0, 56, 0.032195, 0.005325, 0.004920, 0.053366, 0.007995, 0.008077, 0.008840, 0.005090, 0.026167, 0.019786, 0.019957, 0.019418, 0.019366, 0.010641, 3.071541, 0.001220, 0.002003, 0.002460, 0.001995, 1.404077, 0.022156, 0.010054, 0.017368, 0.004993, 0.017621, 0.137591, 0.011408, 0.015948, 0.041699, 0.002451, 0.011273, 0.099057, 0.142425, 0.007797, 0.003969, 0.018536, 0.124906, 0.120470, 0.010209, 0.001721, 0.027530, 0.031344, 0.052972, 0.002328, 0.009364, 0.015216, 0.018330, 0.015983, 0.009475, 0.002375, 0.010120, 0.006508, 0.205366, 0.022509, 0.000000, 0.006538, 0.009914, 0.009825, 0.000000, 0.002251, 0.025758, 0.082355, 0.019726, 0.013658, 0.003616, 0.002703, , , 0.000747, 0.001131, 0.001464, , 0.552558, 0.219141, 
dane, 0.5, 2.0, 32, 0.050170, 0.025245, 0.004371, 0.089056, 0.007330, 0.011808, 0.013943, 0.006158, 0.024199, 0.017894, 0.017960, 0.024239, 0.017374, 0.008474, 2.818351, 0.001350, 0.000978, 0.001164, 0.002759, 1.322577, 0.067825, 0.011985, 0.016763, 0.004444, 0.018440, 0.110369, 0.013695, 0.079499, 0.087959, 0.003020, 0.018651, 0.168590, 0.246512, 0.012491, 0.003657, 0.022264, 0.120999, 0.210164, 0.005218, 0.001587, 0.029342, 0.031347, 0.065648, 0.002839, 0.011342, 0.014273, 0.015933, 0.015100, 0.011106, 0.003185, 0.015918, 0.010824, 0.358857, 0.065137, 0.000000, 0.009142, 0.016335, 0.016001, 0.000000, 0.002790, 0.061411, 0.143163, 0.022301, 0.021962, 0.005420, 0.003064, , , 0.000464, 0.000781, 0.001024, , 0.508747, 0.114887, 
dane, 0.5, 2.0, 16, 0.097390, 0.073928, 0.006389, 0.160756, 0.009880, 0.021706, 0.025601, 0.010570, 0.054818, 0.023690, 0.023496, 0.034690, 0.037237, 0.010370, 2.261401, 0.001951, 0.000569, 0.001178, 0.004424, 0.962614, 0.330271, 0.033780, 0.028877, 0.007053, 0.033370, 0.121967, 0.042194, 0.185243, 0.253854, 0.009256, 0.065790, 0.291874, 0.460781, 0.020488, 0.005640, 0.083757, 0.250061, 0.379416, 0.003335, 0.003036, 0.036158, 0.059210, 0.095407, 0.005163, 0.041356, 0.025079, 0.023647, 0.026268, 0.042196, 0.006697, 0.034397, 0.031369, 0.633456, 0.221658, 0.000000, 0.014417, 0.028807, 0.028525, 0.000000, 0.004743, 0.145602, 0.258287, 0.076418, 0.039686, 0.009245, 0.004683, , , 0.000559, 0.001022, 0.001573, , 0.423359, 0.056899, 
dane, 0.5, 2.0, 8, 0.177338, 0.163076, 0.034063, 0.322900, 0.017458, 0.126463, 0.054454, 0.023643, 0.418781, 0.047371, 0.047748, 0.065897, 0.294313, 0.021430, 1.967353, 0.003549, 0.000690, 0.003611, 0.008513, 0.770550, 0.531463, 0.216070, 0.159004, 0.013452, 0.157781, 0.462518, 0.179669, 0.316229, 0.548600, 0.036564, 0.412406, 0.517658, 0.845732, 0.043491, 0.012179, 0.195849, 0.913276, 0.741795, 0.004758, 0.008578, 0.069420, 0.215970, 0.280156, 0.011615, 0.176930, 0.143864, 0.136055, 0.143735, 0.182515, 0.023213, 0.089712, 0.068908, 1.266823, 0.588010, 0.000000, 0.028714, 0.057431, 0.056954, 0.000000, 0.009737, 0.282965, 0.517566, 0.474389, 0.086590, 0.027115, 0.011082, , , 0.000953, 0.002032, 0.008188, , 0.410936, 0.040661, 
dane, 0.5, 2.0, 4, 0.203165, 0.204981, 0.069797, 0.647346, 0.033733, 0.183925, 0.108023, 0.047808, 0.625996, 0.151137, 0.151177, 0.115613, 0.439511, 0.062877, 1.846578, 0.006824, 0.001228, 0.007933, 0.016731, 0.724928, 0.717929, 0.339599, 0.333895, 0.026618, 0.328158, 0.825735, 0.457321, 0.410333, 0.704088, 0.054506, 0.643421, 1.055628, 1.566971, 0.087068, 0.023348, 0.321419, 1.847184, 1.623015, 0.006203, 0.017338, 0.193527, 0.541011, 0.718513, 0.022173, 0.454682, 0.297534, 0.272210, 0.298237, 0.459980, 0.040714, 0.151320, 0.125518, 2.532885, 0.800060, 0.000000, 0.060512, 0.114425, 0.113448, 0.000000, 0.021106, 0.405313, 1.032693, 0.684881, 0.174007, 0.058415, 0.025868, , , 0.002922, 0.006038, 0.016440, , 0.400482, 0.062446, 
mammoth, 0.5, 2.0, 256, 0.018329, 0.007240, 0.029467, 0.039036, 0.046680, 0.015269, 0.010039, 0.022396, 0.033587, 0.134874, 0.153753, 0.040808, 0.024024, 0.058154, 3.111950, 0.003777, 0.006794, 0.007597, 0.004997, 1.601370, 0.024861, 0.033937, 0.117215, 0.014063, 0.118692, 0.233051, 0.058467, 0.024417, 0.041174, 0.005369, 0.060170, 0.171883, 0.250138, 0.011767, 0.018277, 0.096130, 0.764161, 0.213930, 0.012086, 0.008368, 0.073919, 0.196610, 0.269078, 0.009255, 0.055696, 0.102082, 0.124954, 0.105916, 0.057130, 0.006647, 0.016199, 0.014726, 0.166554, 0.028607, 0.000000, 0.017488, 0.015330, 0.015153, 0.000000, 0.006196, 0.034109, 0.050225, 0.047085, 0.024767, 0.009732, 0.008650, , , 0.004319, 0.006491, 0.007326, , 0.335124, 1.301945, 
mammoth, 0.5, 2.0, 128, 0.019161, 0.007308, 0.018896, 0.037871, 0.026766, 0.013387, 0.009532, 0.017133, 0.025640, 0.096528, 0.087688, 0.031908, 0.018824, 0.040074, 2.793542, 0.003155, 0.003775, 0.005374, 0.005419, 1.269914, 0.024150, 0.026147, 0.071724, 0.008760, 0.072014, 0.233830, 0.039180, 0.024153, 0.031260, 0.006290, 0.045556, 0.263680, 0.366237, 0.010368, 0.013323, 0.066728, 0.443124, 0.339230, 0.012458, 0.005618, 0.096675, 0.113975, 0.172221, 0.008719, 0.038000, 0.063932, 0.072954, 0.068191, 0.041152, 0.007213, 0.016518, 0.015320, 0.277209, 0.030596, 0.000000, 0.016280, 0.016382, 0.016521, 0.000000, 0.006661, 0.038517, 0.099224, 0.036756, 0.026409, 0.008902, 0.006691, , , 0.003170, 0.004529, 0.005328, , 0.412343, 0.709543, 
mammoth, 0.5, 2.0, 64, 0.013535, 0.005562, 0.009887, 0.049195, 0.012977, 0.008957, 0.010575, 0.013917, 0.016458, 0.052244, 0.040759, 0.041092, 0.012846, 0.022181, 2.311153, 0.002282, 0.001972, 0.003042, 0.004344, 1.233608, 0.019127, 0.017004, 0.034665, 0.004903, 0.035416, 0.234946, 0.022913, 0.019225, 0.023040, 0.003603, 0.028186, 0.196681, 0.248619, 0.011021, 0.007430, 0.046131, 0.232024, 0.204763, 0.010830, 0.003409, 0.050927, 0.054038, 0.084930, 0.004756, 0.022973, 0.031253, 0.036897, 0.040598, 0.023944, 0.004641, 0.012724, 0.010497, 0.286489, 0.023431, 0.000000, 0.010101, 0.015749, 0.015769, 0.000000, 0.004137, 0.033350, 0.069481, 0.024865, 0.020376, 0.005936, 0.005154, , , 0.001807, 0.002804, 0.003365, , 0.441754, 0.334562, 
mammoth, 0.5, 2.0, 32, 0.075774, 0.021440, 0.012554, 0.088043, 0.009058, 0.014061, 0.016913, 0.020052, 0.018716, 0.060792, 0.038608, 0.051095, 0.016259, 0.026711, 2.320204, 0.002959, 0.001414, 0.003319, 0.007535, 1.040738, 0.031393, 0.022296, 0.045683, 0.004508, 0.044616, 0.196534, 0.029498, 0.033147, 0.028685, 0.005090, 0.032893, 0.257646, 0.382838, 0.017095, 0.006264, 0.027715, 0.194828, 0.335394, 0.007567, 0.003700, 0.047719, 0.063908, 0.099461, 0.005378, 0.026735, 0.044536, 0.046488, 0.038210, 0.027307, 0.006954, 0.022891, 0.018167, 0.566600, 0.044933, 0.000000, 0.015167, 0.029050, 0.029098, 0.000000, 0.006077, 0.066436, 0.136575, 0.032416, 0.036178, 0.008484, 0.005616, , , 0.001560, 0.001725, 0.003737, , 0.416366, 0.147074, 
mammoth, 0.5, 2.0, 16, 0.091903, 0.074434, 0.013323, 0.172043, 0.012436, 0.025452, 0.032296, 0.037549, 0.024429, 0.105971, 0.059137, 0.088719, 0.019200, 0.046362, 2.242010, 0.005211, 0.001484, 0.003437, 0.013770, 0.888498, 0.182865, 0.027605, 0.044209, 0.005482, 0.047494, 0.208491, 0.032457, 0.080037, 0.224371, 0.008308, 0.037363, 0.491686, 0.737170, 0.029821, 0.008462, 0.030369, 0.236257, 0.651462, 0.009241, 0.005081, 0.050793, 0.072229, 0.125231, 0.007446, 0.029771, 0.041491, 0.045336, 0.038187, 0.029527, 0.009322, 0.042696, 0.033129, 1.087806, 0.206243, 0.000000, 0.026137, 0.056966, 0.057163, 0.000000, 0.008993, 0.135027, 0.273931, 0.038370, 0.064475, 0.013647, 0.008873, , , 0.001757, 0.002516, 0.004096, , 0.402635, 0.087905, 
mammoth, 0.5, 2.0, 8, 0.152222, 0.111775, 0.017540, 0.340471, 0.020771, 0.070825, 0.063595, 0.073809, 0.207059, 0.201064, 0.107084, 0.171419, 0.146572, 0.087965, 2.193112, 0.009901, 0.003324, 0.004161, 0.027026, 0.678651, 0.361643, 0.063914, 0.068214, 0.008858, 0.068341, 0.639159, 0.052951, 0.221370, 0.504494, 0.020456, 0.130565, 1.018879, 1.517085, 0.054787, 0.014394, 0.050338, 0.412085, 1.288915, 0.011802, 0.007958, 0.079221, 0.117199, 0.212118, 0.013066, 0.055009, 0.055134, 0.067026, 0.055815, 0.054094, 0.019275, 0.086126, 0.080988, 2.171572, 0.541926, 0.000000, 0.050460, 0.113730, 0.114043, 0.000000, 0.015719, 0.234164, 0.545637, 0.223537, 0.126934, 0.025298, 0.016123, , , 0.002402, 0.003382, 0.005527, , 0.381992, 0.065873, 
mammoth, 0.5, 2.0, 4, 0.288377, 0.199341, 0.074697, 0.679773, 0.039279, 0.214390, 0.128242, 0.149158, 0.643930, 0.393654, 0.206014, 0.329208, 0.450480, 0.172557, 2.265567, 0.019712, 0.001967, 0.008773, 0.052896, 0.470423, 0.691443, 0.436339, 0.292788, 0.017070, 0.292920, 1.367326, 0.549639, 0.416922, 0.935224, 0.059733, 0.866231, 2.036008, 2.993322, 0.106066, 0.027912, 0.377492, 1.493053, 2.546559, 0.015180, 0.016570, 0.178140, 0.356637, 0.528538, 0.025846, 0.549872, 0.265630, 0.272037, 0.263162, 0.552296, 0.053086, 0.171837, 0.160676, 4.337340, 1.060658, 0.000000, 0.101464, 0.227374, 0.227661, 0.000000, 0.031094, 0.462784, 1.090278, 0.895164, 0.254168, 0.064998, 0.033953, , , 0.003531, 0.004812, 0.016279, , 0.324776, 0.073334, 
matrix-cpu, 0.5, 2.0, 224, 0.023138, 0.013264, 0.114124, 0.141512, 0.231036, 0.043404, 0.038564, 0.080068, 0.120155, 0.564580, 0.562380, 0.018739, 0.086851, 0.228002, 4.041510, 0.012204, 0.012355, 0.012998, 0.012538, 1.719174, 0.057873, 0.116427, 0.457996, 0.035429, 0.458674, 0.280298, 0.234546, 0.031330, 0.099203, 0.011780, 0.229132, 0.061419, 0.083784, 0.011665, 0.046614, 0.290045, 2.562643, 0.073864, 0.019188, 0.027736, 0.207333, 0.730024, 0.924442, 0.023702, 0.229078, 0.407567, 0.459180, 0.413831, 0.226933, 0.011964, 0.027393, 0.013865, 0.137306, 0.036598, 0.000000, 0.040288, 0.015773, 0.015802, 0.000000, 0.012430, 0.037622, 0.068870, 0.158976, 0.028592, 0.023316, 0.034648, , , 0.011320, 0.023515, 0.023286, , 0.698369, 6.454749, 
matrix-cpu, 0.5, 2.0, 112, 0.015562, 0.003713, 0.006658, 0.034750, 0.013921, 0.006097, 0.005818, 0.005429, 0.016951, 0.030813, 0.031072, 0.017021, 0.011972, 0.012202, 4.152927, 0.001348, 0.005664, 0.005872, 0.001838, 1.775126, 0.013462, 0.009473, 0.025565, 0.011392, 0.025713, 0.138632, 0.014542, 0.011306, 0.011056, 0.002442, 0.014434, 0.061023, 0.084627, 0.005566, 0.003736, 0.018815, 0.154054, 0.074765, 0.002930, 0.001947, 0.032668, 0.042607, 0.067217, 0.002019, 0.013351, 0.023538, 0.028166, 0.022870, 0.013169, 0.002041, 0.006785, 0.004768, 0.120043, 0.010851, 0.000000, 0.005351, 0.006164, 0.006039, 0.000000, 0.001599, 0.018168, 0.049196, 0.015056, 0.008776, 0.002978, 0.002756, , , 0.000940, 0.001396, 0.001694, , 0.684388, 0.373019, 
matrix-cpu, 0.5, 2.0, 56, 0.028409, 0.005739, 0.004812, 0.050827, 0.008091, 0.007914, 0.008400, 0.004877, 0.026215, 0.019813, 0.019989, 0.018901, 0.018113, 0.007598, 3.104465, 0.001026, 0.001744, 0.002106, 0.001793, 1.347597, 0.021646, 0.009308, 0.017464, 0.004870, 0.017831, 0.134768, 0.011161, 0.015465, 0.040900, 0.002429, 0.011069, 0.095981, 0.139112, 0.007882, 0.003346, 0.014819, 0.110252, 0.117145, 0.008370, 0.001623, 0.026964, 0.030233, 0.054085, 0.002168, 0.010201, 0.015409, 0.018244, 0.015738, 0.009431, 0.002248, 0.009661, 0.006249, 0.197346, 0.024597, 0.000000, 0.005578, 0.009425, 0.009231, 0.000000, 0.002004, 0.024686, 0.078845, 0.019037, 0.013112, 0.003403, 0.002433, , , 0.000621, 0.000933, 0.001250, , 0.541778, 0.178843, 
matrix-cpu, 0.5, 2.0, 32, 0.045229, 0.021285, 0.004229, 0.085947, 0.007215, 0.011452, 0.013601, 0.005860, 0.023182, 0.017795, 0.017681, 0.024076, 0.016239, 0.007080, 2.763178, 0.001300, 0.000955, 0.001207, 0.002590, 1.204436, 0.060454, 0.011620, 0.016062, 0.004388, 0.018065, 0.112084, 0.013117, 0.067209, 0.082942, 0.002978, 0.018774, 0.164492, 0.260322, 0.011917, 0.003376, 0.019596, 0.117745, 0.204494, 0.004640, 0.001550, 0.028734, 0.030086, 0.064004, 0.002767, 0.010217, 0.014096, 0.015795, 0.014572, 0.010100, 0.003076, 0.015498, 0.010600, 0.344611, 0.061242, 0.000000, 0.008392, 0.015718, 0.015578, 0.000000, 0.002726, 0.057253, 0.136765, 0.023055, 0.022603, 0.005237, 0.002893, , , 0.000445, 0.000798, 0.001032, , 0.478363, 0.094834, 
matrix-cpu, 0.5, 2.0, 16, 0.086882, 0.061987, 0.012479, 0.160904, 0.009649, 0.021460, 0.026670, 0.011505, 0.052121, 0.024824, 0.024019, 0.034665, 0.036786, 0.010753, 2.232364, 0.001925, 0.000564, 0.001911, 0.004407, 0.991081, 0.268657, 0.036689, 0.061584, 0.007011, 0.063609, 0.125405, 0.043463, 0.156892, 0.239778, 0.006352, 0.072922, 0.289426, 0.475132, 0.020527, 0.005494, 0.088732, 0.326599, 0.398554, 0.003257, 0.004160, 0.033842, 0.061364, 0.099970, 0.005090, 0.046673, 0.059772, 0.064398, 0.061398, 0.042476, 0.006680, 0.033298, 0.030898, 0.641194, 0.200607, 0.000000, 0.014734, 0.028862, 0.028547, 0.000000, 0.004759, 0.134742, 0.257678, 0.082786, 0.039731, 0.009223, 0.005062, , , 0.000568, 0.001031, 0.003056, , 0.421465, 0.044001, 
matrix-cpu, 0.5, 2.0, 8, 0.162576, 0.137905, 0.034199, 0.322492, 0.017435, 0.105503, 0.058639, 0.023895, 0.351334, 0.054155, 0.054653, 0.067874, 0.245399, 0.023832, 1.966276, 0.003544, 0.000656, 0.003598, 0.008487, 0.790856, 0.436834, 0.181968, 0.161547, 0.015026, 0.160176, 0.408439, 0.161328, 0.265826, 0.472498, 0.033471, 0.349830, 0.545952, 0.839156, 0.042837, 0.012185, 0.165071, 0.857052, 0.758071, 0.004823, 0.008380, 0.069437, 0.221784, 0.295455, 0.011639, 0.164791, 0.144758, 0.136867, 0.147946, 0.163052, 0.022262, 0.081673, 0.066949, 1.276264, 0.517032, 0.000000, 0.028665, 0.057399, 0.056804, 0.000000, 0.009717, 0.260548, 0.515277, 0.403278, 0.085474, 0.025257, 0.011088, , , 0.001100, 0.002292, 0.008068, , 0.422079, 0.039422, 
matrix-cpu, 0.5, 2.0, 4, 0.184447, 0.172790, 0.067023, 0.645968, 0.033715, 0.159769, 0.107759, 0.047348, 0.522758, 0.149835, 0.149878, 0.127007, 0.371445, 0.064448, 1.887487, 0.006771, 0.001246, 0.008159, 0.016926, 0.750762, 0.598161, 0.298490, 0.336659, 0.026578, 0.328968, 0.775711, 0.402037, 0.362547, 0.619103, 0.047345, 0.560124, 1.113063, 1.719844, 0.086230, 0.023508, 0.278755, 1.904680, 1.542582, 0.006278, 0.017249, 0.181836, 0.555497, 0.718615, 0.022606, 0.400330, 0.291392, 0.266995, 0.299002, 0.406611, 0.040079, 0.145161, 0.125342, 2.544158, 0.708906, 0.000000, 0.060220, 0.114292, 0.113262, 0.000000, 0.021286, 0.396603, 1.035657, 0.603679, 0.171665, 0.055011, 0.026592, , , 0.002911, 0.005995, 0.015790, , 0.392246, 0.062722, 
tioga-cpu, 0.5, 2.0, 128, 0.209148, 0.018056, 0.011095, 0.021662, 0.011700, 0.024092, 0.006279, 0.008947, 0.040276, 0.039360, 0.038715, 0.049896, 0.032763, 0.014293, 12.922031, 0.001716, 0.008152, 0.002919, 0.004091, 4.861553, 0.040797, 0.035073, 0.036971, 0.002046, 0.037606, 0.144758, 0.043153, 0.033161, 0.051969, 0.014970, 0.053509, 0.225626, 0.423769, 0.013066, 0.007321, 0.035837, 0.151154, 0.319854, 0.006272, 0.004201, 0.048674, 0.055182, 0.078749, 0.006717, 0.041706, 0.033830, 0.044486, 0.038854, 0.043453, 0.008643, 0.020270, 0.022852, 0.500494, 0.045780, 0.000000, 0.023367, 0.024616, 0.016457, 0.000000, 0.006994, 0.044750, 0.068702, 0.056081, 0.018965, 0.008388, 0.004959, , , 0.001148, 0.001223, 0.002974, , 0.510934, 0.064585, 
tioga-cpu, 0.5, 2.0, 64, 0.250847, 0.019558, 0.021165, 0.030894, 0.013955, 0.033865, 0.012114, 0.015812, 0.040243, 0.060480, 0.060316, 0.065657, 0.032120, 0.020054, 7.019743, 0.002846, 0.000843, 0.004349, 0.007416, 1.667447, 0.040677, 0.039856, 0.060555, 0.002978, 0.061649, 0.139013, 0.050189, 0.037563, 0.063540, 0.018437, 0.057194, 0.395789, 0.632976, 0.011368, 0.010229, 0.044025, 0.198653, 0.474883, 0.005528, 0.006139, 0.064583, 0.082837, 0.117690, 0.009776, 0.047076, 0.054578, 0.068177, 0.055553, 0.047751, 0.010471, 0.031136, 0.029498, 0.734048, 0.059488, 0.000000, 0.033809, 0.039202, 0.024605, 0.000000, 0.008896, 0.062471, 0.041573, 0.073625, 0.022588, 0.009342, 0.006602, , , 0.001474, 0.001694, 0.005084, , 0.552417, 0.056721, 
tioga-cpu, 0.5, 2.0, 32, 0.221450, 0.018641, 0.021136, 0.062411, 0.012036, 0.056739, 0.016733, 0.021060, 0.040199, 0.059132, 0.059034, 0.069353, 0.032270, 0.021941, 3.368888, 0.002899, 0.000873, 0.004618, 0.007654, 1.288354, 0.040480, 0.039932, 0.059329, 0.002732, 0.060112, 0.139215, 0.049569, 0.036540, 0.062466, 0.026815, 0.056776, 0.221190, 0.332123, 0.011889, 0.007626, 0.042173, 0.194826, 0.261465, 0.005275, 0.006229, 0.057808, 0.082682, 0.114345, 0.007233, 0.045827, 0.053293, 0.075104, 0.054403, 0.046749, 0.010548, 0.035873, 0.029853, 0.752709, 0.058480, 0.000000, 0.033773, 0.036601, 0.024920, 0.000000, 0.008465, 0.059427, 0.073599, 0.072426, 0.022566, 0.008898, 0.006793, , , 0.002173, 0.001734, 0.005199, , 0.543776, 0.046108, 
tioga-cpu, 0.5, 2.0, 16, 0.256741, 0.072011, 0.029853, 0.120812, 0.021695, 0.119207, 0.034407, 0.042213, 0.050161, 0.113741, 0.113855, 0.124901, 0.041394, 0.041713, 3.110112, 0.005112, 0.001448, 0.007579, 0.014451, 1.322956, 0.202320, 0.055295, 0.071283, 0.003764, 0.072398, 0.260614, 0.061783, 0.087567, 0.214877, 0.050079, 0.067719, 0.391773, 0.575912, 0.021015, 0.013552, 0.053341, 0.269280, 0.455625, 0.007375, 0.010836, 0.081694, 0.107608, 0.170837, 0.012995, 0.057241, 0.065369, 0.132989, 0.065450, 0.059281, 0.019368, 0.069492, 0.058815, 1.399864, 0.091642, 0.000000, 0.065414, 0.059900, 0.048479, 0.000000, 0.015175, 0.178001, 0.146223, 0.109854, 0.040432, 0.016187, 0.012984, , , 0.003546, 0.004503, 0.008544, , 0.473555, 0.042083, 
tioga-cpu, 0.5, 2.0, 8, 0.462298, 0.201959, 0.035408, 0.238980, 0.041720, 0.229811, 0.070108, 0.080048, 0.206129, 0.224426, 0.224669, 0.250394, 0.146718, 0.080530, 3.293018, 0.009705, 0.002125, 0.012496, 0.028284, 0.788362, 0.618040, 0.093450, 0.095703, 0.006312, 0.097045, 0.824525, 0.079242, 0.218638, 0.712457, 0.081364, 0.119085, 0.798555, 1.189726, 0.038616, 0.025599, 0.072562, 0.441699, 0.893935, 0.009739, 0.018092, 0.138617, 0.160872, 0.297110, 0.025117, 0.071428, 0.084634, 0.254509, 0.086120, 0.073317, 0.039646, 0.132908, 0.130331, 2.798019, 0.350472, 0.000000, 0.130507, 0.119347, 0.096912, 0.000000, 0.029804, 0.419764, 0.274901, 0.246309, 0.079263, 0.025193, 0.021326, , , 0.006317, 0.006480, 0.012864, , 0.464491, 0.048645, 
tioga-cpu, 0.5, 2.0, 4, 0.640479, 0.240021, 0.055848, 0.476244, 0.081599, 0.463795, 0.134365, 0.147280, 0.551397, 0.446123, 0.446266, 0.477337, 0.385001, 0.158173, 2.646309, 0.018510, 0.004025, 0.024721, 0.055878, 0.568475, 0.789667, 0.292014, 0.197235, 0.011677, 0.208114, 0.718784, 0.318311, 0.341363, 0.908039, 0.168477, 0.577866, 1.588109, 2.358354, 0.075733, 0.050609, 0.269066, 1.470592, 1.778518, 0.013648, 0.032136, 0.258510, 0.348586, 0.607609, 0.050264, 0.319476, 0.178235, 0.508224, 0.181784, 0.317714, 0.086595, 0.265847, 0.267458, 5.596079, 0.582946, 0.000000, 0.261275, 0.238143, 0.193515, 0.000000, 0.059411, 0.519738, 0.549898, 0.669224, 0.158636, 0.047216, 0.034062, , , 0.012331, 0.007468, 0.012037, , 0.419439, 0.049296, 
tuolumne-cpu, 0.5, 2.0, 192, 0.047766, 0.002795, 0.004787, 0.012828, 0.010752, 0.006651, 0.002536, 0.005681, 0.007491, 0.034604, 0.031323, 0.046437, 0.005847, 0.020932, 4.154638, 0.001728, 0.000840, 0.002300, 0.005678, 1.903633, 0.009086, 0.011160, 0.017145, 0.003921, 0.017042, 0.161920, 0.011128, 0.010375, 0.009471, 0.005173, 0.009782, 0.062766, 0.099367, 0.006923, 0.003922, 0.019393, 0.107456, 0.074924, 0.005503, 0.002058, 0.106996, 0.030175, 0.086657, 0.002812, 0.010308, 0.014181, 0.031027, 0.015454, 0.008969, 0.003242, 0.008667, 0.008177, 0.180457, 0.009738, 0.000000, 0.010250, 0.009198, 0.006335, 0.000000, 0.003019, 0.016547, 0.014245, 0.016283, 0.006651, 0.002286, 0.002346, , , 0.001592, 0.001392, 0.001367, , 0.471306, 0.191678, 
tuolumne-cpu, 0.5, 2.0, 96, 0.078137, 0.004063, 0.005919, 0.021007, 0.013508, 0.013819, 0.003819, 0.008995, 0.010336, 0.047741, 0.047646, 0.064482, 0.008375, 0.019152, 4.594882, 0.002166, 0.001092, 0.002744, 0.006802, 0.877395, 0.013702, 0.014559, 0.021264, 0.002525, 0.021400, 0.152330, 0.013343, 0.015624, 0.014247, 0.009056, 0.013805, 0.115917, 0.185517, 0.008890, 0.004894, 0.026585, 0.129400, 0.216837, 0.007113, 0.002795, 0.169468, 0.040832, 0.136697, 0.003581, 0.011905, 0.018572, 0.040489, 0.018673, 0.011668, 0.005553, 0.016351, 0.015607, 0.344053, 0.017688, 0.000000, 0.017456, 0.015471, 0.010226, 0.000000, 0.004503, 0.033936, 0.024688, 0.028212, 0.011276, 0.003435, 0.002963, , , 0.002011, 0.001559, 0.001486, , 0.374651, 0.188458, 
tuolumne-cpu, 0.5, 2.0, 48, 0.062892, 0.003893, 0.005805, 0.032410, 0.012811, 0.017960, 0.004378, 0.008071, 0.009638, 0.048288, 0.048620, 0.060129, 0.008398, 0.019857, 1.577162, 0.002055, 0.000865, 0.002608, 0.006606, 0.716416, 0.015973, 0.013813, 0.021250, 0.002678, 0.021705, 0.152830, 0.013590, 0.015831, 0.014785, 0.021458, 0.014582, 0.125586, 0.230964, 0.011138, 0.005795, 0.021544, 0.128648, 0.232393, 0.006822, 0.003486, 0.123588, 0.039779, 0.099164, 0.005024, 0.012034, 0.017218, 0.055980, 0.017115, 0.012259, 0.006468, 0.018059, 0.021663, 0.362273, 0.017381, 0.000000, 0.017502, 0.016160, 0.013816, 0.000000, 0.004531, 0.035558, 0.041873, 0.028612, 0.011451, 0.003536, 0.003857, , , 0.002131, 0.001445, 0.001438, , 0.365255, 0.166494, 
tuolumne-cpu, 0.5, 2.0, 32, 0.098041, 0.006644, 0.006539, 0.046897, 0.014357, 0.036136, 0.011402, 0.013584, 0.011312, 0.057039, 0.057581, 0.074056, 0.009465, 0.022906, 1.621923, 0.002607, 0.000800, 0.003318, 0.006966, 0.678496, 0.020174, 0.017700, 0.025317, 0.002654, 0.026079, 0.156943, 0.014802, 0.020154, 0.028887, 0.016788, 0.016489, 0.172286, 0.323944, 0.015634, 0.007137, 0.023316, 0.134836, 0.260733, 0.009490, 0.004126, 0.127012, 0.045688, 0.113155, 0.006436, 0.013758, 0.018644, 0.068269, 0.018241, 0.013576, 0.009433, 0.024101, 0.029813, 0.543067, 0.026253, 0.000000, 0.025990, 0.023910, 0.020389, 0.000000, 0.006339, 0.074190, 0.058455, 0.039092, 0.016334, 0.004594, 0.004649, , , 0.002297, 0.001292, 0.001535, , 0.339181, 0.131051, 
tuolumne-cpu, 0.5, 2.0, 16, 0.174228, 0.022212, 0.009181, 0.083914, 0.020339, 0.091630, 0.024835, 0.029663, 0.021651, 0.099263, 0.099985, 0.105925, 0.016289, 0.039532, 1.414831, 0.004506, 0.000898, 0.005578, 0.013301, 0.646465, 0.064674, 0.032358, 0.034155, 0.003928, 0.035782, 0.172275, 0.022698, 0.052465, 0.105780, 0.032318, 0.027054, 0.351343, 0.720725, 0.025916, 0.013329, 0.030873, 0.207324, 0.508726, 0.013128, 0.007205, 0.129881, 0.068513, 0.158574, 0.011745, 0.020371, 0.029275, 0.112487, 0.028362, 0.020247, 0.021963, 0.047332, 0.074976, 1.085336, 0.062141, 0.000000, 0.050517, 0.046544, 0.039668, 0.000001, 0.011830, 0.201405, 0.114666, 0.070161, 0.031441, 0.008105, 0.007553, , , 0.003172, 0.001849, 0.001930, , 0.274584, 0.087524, 
tuolumne-cpu, 0.5, 2.0, 8, 0.269298, 0.056389, 0.016266, 0.158826, 0.036082, 0.194291, 0.047931, 0.057164, 0.082902, 0.181729, 0.182088, 0.189976, 0.059288, 0.069372, 1.200934, 0.008650, 0.001370, 0.010401, 0.023321, 0.363751, 0.156181, 0.069726, 0.057942, 0.005026, 0.061689, 0.222219, 0.057128, 0.142951, 0.232205, 0.062127, 0.106656, 0.752558, 1.092782, 0.038110, 0.021788, 0.055432, 0.343064, 0.781699, 0.012479, 0.012901, 0.126305, 0.112989, 0.242334, 0.022604, 0.050993, 0.048676, 0.211986, 0.048668, 0.050825, 0.060442, 0.094534, 0.273324, 2.172834, 0.147999, 0.000001, 0.099902, 0.092232, 0.078832, 0.000000, 0.023569, 0.384072, 0.227590, 0.162069, 0.062789, 0.017104, 0.012709, , , 0.005289, 0.002284, 0.002905, , 0.237229, 0.079021, 
tuolumne-cpu, 0.5, 2.0, 4, 0.534524, 0.126434, 0.068318, 0.311610, 0.067833, 0.396533, 0.099913, 0.116397, 0.305943, 0.351209, 0.351402, 0.361593, 0.214472, 0.131030, 0.952580, 0.016848, 0.002336, 0.020521, 0.046258, 0.257479, 0.384329, 0.195549, 0.203875, 0.008769, 0.211869, 0.440394, 0.234240, 0.328084, 0.559769, 0.123875, 0.372419, 1.486600, 2.223396, 0.072071, 0.040108, 0.203844, 1.396010, 1.841114, 0.009509, 0.026388, 0.254464, 0.326599, 0.919825, 0.040066, 0.221935, 0.174452, 0.415643, 0.180982, 0.224903, 0.248315, 0.189717, 0.612525, 4.339684, 0.368686, 0.000001, 0.199488, 0.184305, 0.157753, 0.000000, 0.047174, 0.760661, 0.456336, 0.422447, 0.130226, 0.050577, 0.025418, , , 0.010201, 0.003515, 0.009811, , 0.228254, 0.036243, 
borax, 0.5, 2.0, any min, 0.107041, 0.080139, 0.024164, 0.125924, 0.015630, 0.033947, 0.014417, 0.023140, 0.055281, 0.090838, 0.087175, 0.056350, 0.040298, 0.036559, 2.445188, 0.003649, 0.001236, 0.004120, 0.007909, 1.234203, 0.469046, 0.035754, 0.081505, 0.007374, 0.082428, 0.287598, 0.057983, 0.191740, 0.396681, 0.007302, 0.064976, 0.556250, 0.878425, 0.015539, 0.014810, 0.050718, 0.427274, 0.765312, 0.007828, 0.006136, 0.064310, 0.127801, 0.173138, 0.013791, 0.054575, 0.074877, 0.071133, 0.074031, 0.054833, 0.006633, 0.034531, 0.023538, 0.687520, 0.270905, , 0.017680, 0.035038, 0.034566, , 0.005751, 0.215368, 0.187780, 0.079156, 0.044591, 0.010602, 0.008441, , , 0.002126, 0.005087, 0.005690, , 0.489765, 0.050464, 
boraxo, 0.5, 2.0, any min, 0.080370, 0.043929, 0.011922, 0.136818, 0.017432, 0.023886, 0.013019, 0.010955, 0.059436, 0.047579, 0.046802, 0.053504, 0.041911, 0.020594, 3.618535, 0.002473, 0.001117, 0.003077, 0.004237, 1.677450, 0.253786, 0.040727, 0.045792, 0.007752, 0.046605, 0.296617, 0.050649, 0.121297, 0.256184, 0.007189, 0.080440, 1.093222, 1.653419, 0.013529, 0.021912, 0.039663, 0.260411, 1.242734, 0.008990, 0.005417, 0.047055, 0.082274, 0.127133, 0.020285, 0.050041, 0.039094, 0.048259, 0.039130, 0.049651, 0.005254, 0.033106, 0.021417, 0.604689, 0.158348, , 0.014853, 0.029632, 0.032235, , 0.004448, 0.185705, 0.205780, 0.083763, 0.045874, 0.009921, 0.005243, , , 0.001392, 0.002130, 0.002641, , 0.684335, 0.081059, 
corona-cpu, 0.5, 2.0, any min, 0.076242, 0.011982, 0.011795, 0.039825, 0.013214, 0.015293, 0.009953, 0.015730, 0.018177, 0.082649, 0.062912, 0.026578, 0.014028, 0.040815, 1.217484, 0.003791, 0.001499, 0.003215, 0.006330, 0.373773, 0.021415, 0.019355, 0.039250, 0.005619, 0.040599, 0.155261, 0.026528, 0.021024, 0.027675, 0.003993, 0.029160, 0.312667, 0.479012, 0.015984, 0.008879, 0.026740, 0.248133, 0.412510, 0.008894, 0.004128, 0.066125, 0.065622, 0.118105, 0.007739, 0.023793, 0.036864, 0.038624, 0.034289, 0.024118, 0.004889, 0.015421, 0.011456, 0.337055, 0.026148, , 0.012495, 0.013936, 0.013975, , 0.004487, 0.047639, 0.048194, 0.026764, 0.023089, 0.006586, 0.005689, , , 0.001935, 0.002457, 0.003792, , 0.270507, 0.067104, 
dane, 0.5, 2.0, any min, 0.016530, 0.004248, 0.004371, 0.042415, 0.007330, 0.007828, 0.005829, 0.005090, 0.012981, 0.017894, 0.017960, 0.016042, 0.009435, 0.008474, 1.846578, 0.001220, 0.000569, 0.001164, 0.001995, 0.724928, 0.014295, 0.009080, 0.016763, 0.004444, 0.017621, 0.110369, 0.011408, 0.010436, 0.015306, 0.002136, 0.011273, 0.099057, 0.142425, 0.005647, 0.003657, 0.018536, 0.120999, 0.120470, 0.003335, 0.001587, 0.027530, 0.031344, 0.052972, 0.002328, 0.009364, 0.014273, 0.015933, 0.015100, 0.009475, 0.002251, 0.007796, 0.005438, 0.126202, 0.011564, , 0.006401, 0.006751, 0.006716, , 0.002208, 0.018530, 0.055721, 0.014923, 0.009677, 0.003251, 0.002703, , , 0.000464, 0.000781, 0.001024, , 0.400482, 0.040661, 
mammoth, 0.5, 2.0, any min, 0.013535, 0.005562, 0.009887, 0.037871, 0.009058, 0.008957, 0.009532, 0.013917, 0.016458, 0.052244, 0.038608, 0.031908, 0.012846, 0.022181, 2.193112, 0.002282, 0.001414, 0.003042, 0.004344, 0.470423, 0.019127, 0.017004, 0.034665, 0.004508, 0.035416, 0.196534, 0.022913, 0.019225, 0.023040, 0.003603, 0.028186, 0.171883, 0.248619, 0.010368, 0.006264, 0.027715, 0.194828, 0.204763, 0.007567, 0.003409, 0.047719, 0.054038, 0.084930, 0.004756, 0.022973, 0.031253, 0.036897, 0.038187, 0.023944, 0.004641, 0.012724, 0.010497, 0.166554, 0.023431, , 0.010101, 0.015330, 0.015153, , 0.004137, 0.033350, 0.050225, 0.024865, 0.020376, 0.005936, 0.005154, , , 0.001560, 0.001725, 0.003365, , 0.324776, 0.065873, 
matrix-cpu, 0.5, 2.0, any min, 0.015562, 0.003713, 0.004229, 0.034750, 0.007215, 0.006097, 0.005818, 0.004877, 0.016951, 0.017795, 0.017681, 0.017021, 0.011972, 0.007080, 1.887487, 0.001026, 0.000564, 0.001207, 0.001793, 0.750762, 0.013462, 0.009308, 0.016062, 0.004388, 0.017831, 0.112084, 0.011161, 0.011306, 0.011056, 0.002429, 0.011069, 0.061023, 0.083784, 0.005566, 0.003346, 0.014819, 0.110252, 0.073864, 0.002930, 0.001550, 0.026964, 0.030086, 0.054085, 0.002019, 0.010201, 0.014096, 0.015795, 0.014572, 0.009431, 0.002041, 0.006785, 0.004768, 0.120043, 0.010851, , 0.005351, 0.006164, 0.006039, , 0.001599, 0.018168, 0.049196, 0.015056, 0.008776, 0.002978, 0.002433, , , 0.000445, 0.000798, 0.001032, , 0.392246, 0.039422, 
tioga-cpu, 0.5, 2.0, any min, 0.209148, 0.018056, 0.011095, 0.021662, 0.011700, 0.024092, 0.006279, 0.008947, 0.040199, 0.039360, 0.038715, 0.049896, 0.032120, 0.014293, 2.646309, 0.001716, 0.000843, 0.002919, 0.004091, 0.568475, 0.040480, 0.035073, 0.036971, 0.002046, 0.037606, 0.139013, 0.043153, 0.033161, 0.051969, 0.014970, 0.053509, 0.221190, 0.332123, 0.011368, 0.007321, 0.035837, 0.151154, 0.261465, 0.005275, 0.004201, 0.048674, 0.055182, 0.078749, 0.006717, 0.041706, 0.033830, 0.044486, 0.038854, 0.043453, 0.008643, 0.020270, 0.022852, 0.500494, 0.045780, , 0.023367, 0.024616, 0.016457, , 0.006994, 0.044750, 0.041573, 0.056081, 0.018965, 0.008388, 0.004959, , , 0.001148, 0.001223, 0.002974, , 0.419439, 0.042083, 
tuolumne-cpu, 0.5, 2.0, any min, 0.047766, 0.002795, 0.004787, 0.012828, 0.010752, 0.006651, 0.002536, 0.005681, 0.007491, 0.034604, 0.031323, 0.046437, 0.005847, 0.019152, 0.952580, 0.001728, 0.000800, 0.002300, 0.005678, 0.257479, 0.009086, 0.011160, 0.017145, 0.002525, 0.017042, 0.152330, 0.011128, 0.010375, 0.009471, 0.005173, 0.009782, 0.062766, 0.099367, 0.006923, 0.003922, 0.019393, 0.107456, 0.074924, 0.005503, 0.002058, 0.106996, 0.030175, 0.086657, 0.002812, 0.010308, 0.014181, 0.031027, 0.015454, 0.008969, 0.003242, 0.008667, 0.008177, 0.180457, 0.009738, 0.000001, 0.010250, 0.009198, 0.006335, 0.000001, 0.003019, 0.016547, 0.014245, 0.016283, 0.006651, 0.002286, 0.002346, , , 0.001592, 0.001292, 0.001367, , 0.228254, 0.036243, 
borax, 0.5, 2.0, any max, 0.361119, 0.213663, 0.095653, 0.882384, 0.044490, 0.265783, 0.133674, 0.160650, 0.682541, 0.376407, 0.404501, 0.304174, 0.482391, 0.174924, 4.400941, 0.019767, 0.003606, 0.008923, 0.053926, 3.384604, 0.710356, 0.366277, 0.388621, 0.032939, 0.390642, 0.674577, 0.384692, 0.508595, 0.868742, 0.067741, 0.743601, 2.001918, 3.113216, 0.130871, 0.044622, 0.295564, 2.313526, 2.732279, 0.013727, 0.018075, 0.323469, 0.601641, 0.978723, 0.042807, 0.371347, 0.333647, 0.263763, 0.346981, 0.376514, 0.063521, 0.282639, 0.241170, 6.094368, 1.043750, , 0.142047, 0.403111, 0.392686, , 0.036432, 0.829151, 1.423447, 0.798440, 0.383218, 0.080587, 0.041963, , , 0.003674, 0.011597, 0.019352, , 2.167235, 0.379026, 
boraxo, 0.5, 2.0, any max, 0.267103, 0.153562, 0.113916, 1.058216, 0.055792, 0.148597, 0.169764, 0.083489, 0.453377, 0.258236, 0.258078, 0.323263, 0.308188, 0.101933, 12.094268, 0.011074, 0.003293, 0.012220, 0.027447, 5.123164, 0.466488, 0.281786, 0.504116, 0.044124, 0.515180, 0.630543, 0.392649, 0.432973, 0.682367, 0.088805, 0.543959, 5.188575, 8.186482, 0.151948, 0.082654, 0.312616, 2.897559, 8.568973, 0.019714, 0.029348, 0.339915, 0.793636, 1.171829, 0.080806, 0.388093, 0.443091, 0.442862, 0.449869, 0.391548, 0.055021, 0.313214, 0.206535, 5.834533, 0.748983, , 0.124905, 0.382095, 0.373177, , 0.039128, 0.683181, 1.694674, 0.599380, 0.449366, 0.083899, 0.055943, , , 0.005717, 0.010373, 0.024599, , 1.684180, 0.381221, 
corona-cpu, 0.5, 2.0, any max, 0.246928, 0.168755, 0.055594, 0.680919, 0.039634, 0.161703, 0.126619, 0.146642, 0.458518, 0.394941, 0.207778, 0.324933, 0.322916, 0.175411, 2.582756, 0.019859, 0.003376, 0.007566, 0.053124, 1.261902, 0.548333, 0.271418, 0.225854, 0.016963, 0.228697, 0.576775, 0.315539, 0.343675, 0.767844, 0.043030, 0.539785, 2.021060, 3.027810, 0.107919, 0.030747, 0.218901, 1.397179, 2.605690, 0.015558, 0.015681, 0.167745, 0.377230, 0.530431, 0.030068, 0.316506, 0.205970, 0.219850, 0.204326, 0.313723, 0.049373, 0.173955, 0.184712, 4.314785, 0.881099, , 0.100821, 0.227682, 0.228205, , 0.032899, 0.453427, 1.091891, 0.600484, 0.255612, 0.056432, 0.032016, , , 0.003641, 0.004142, 0.012622, , 0.415878, 0.516870, 
dane, 0.5, 2.0, any max, 0.203165, 0.204981, 0.069797, 0.647346, 0.033733, 0.183925, 0.108023, 0.047808, 0.625996, 0.151137, 0.151177, 0.115613, 0.439511, 0.062877, 33.988430, 0.006824, 0.015325, 0.015728, 0.016731, 4.287027, 0.717929, 0.339599, 0.333895, 0.030260, 0.328158, 0.825735, 0.457321, 0.410333, 0.704088, 0.054506, 0.643421, 1.055628, 1.566971, 0.087068, 0.023348, 0.321419, 1.847184, 1.623015, 0.011751, 0.017338, 0.193527, 0.541011, 0.718513, 0.022173, 0.454682, 0.297534, 0.272210, 0.298237, 0.459980, 0.040714, 0.151320, 0.125518, 2.532885, 0.800060, , 0.060512, 0.114425, 0.113448, , 0.021106, 0.405313, 1.032693, 0.684881, 0.174007, 0.058415, 0.025868, , , 0.002922, 0.006038, 0.016440, , 1.392197, 0.638974, 
mammoth, 0.5, 2.0, any max, 0.288377, 0.199341, 0.074697, 0.679773, 0.046680, 0.214390, 0.128242, 0.149158, 0.643930, 0.393654, 0.206014, 0.329208, 0.450480, 0.172557, 3.111950, 0.019712, 0.006794, 0.008773, 0.052896, 1.601370, 0.691443, 0.436339, 0.292788, 0.017070, 0.292920, 1.367326, 0.549639, 0.416922, 0.935224, 0.059733, 0.866231, 2.036008, 2.993322, 0.106066, 0.027912, 0.377492, 1.493053, 2.546559, 0.015180, 0.016570, 0.178140, 0.356637, 0.528538, 0.025846, 0.549872, 0.265630, 0.272037, 0.263162, 0.552296, 0.053086, 0.171837, 0.160676, 4.337340, 1.060658, , 0.101464, 0.227374, 0.227661, , 0.031094, 0.462784, 1.090278, 0.895164, 0.254168, 0.064998, 0.033953, , , 0.004319, 0.006491, 0.016279, , 0.441754, 1.301945, 
matrix-cpu, 0.5, 2.0, any max, 0.184447, 0.172790, 0.114124, 0.645968, 0.231036, 0.159769, 0.107759, 0.080068, 0.522758, 0.564580, 0.562380, 0.127007, 0.371445, 0.228002, 4.152927, 0.012204, 0.012355, 0.012998, 0.016926, 1.775126, 0.598161, 0.298490, 0.457996, 0.035429, 0.458674, 0.775711, 0.402037, 0.362547, 0.619103, 0.047345, 0.560124, 1.113063, 1.719844, 0.086230, 0.046614, 0.290045, 2.562643, 1.542582, 0.019188, 0.027736, 0.207333, 0.730024, 0.924442, 0.023702, 0.400330, 0.407567, 0.459180, 0.413831, 0.406611, 0.040079, 0.145161, 0.125342, 2.544158, 0.708906, , 0.060220, 0.114292, 0.113262, , 0.021286, 0.396603, 1.035657, 0.603679, 0.171665, 0.055011, 0.034648, , , 0.011320, 0.023515, 0.023286, , 0.698369, 6.454749, 
tioga-cpu, 0.5, 2.0, any max, 0.640479, 0.240021, 0.055848, 0.476244, 0.081599, 0.463795, 0.134365, 0.147280, 0.551397, 0.446123, 0.446266, 0.477337, 0.385001, 0.158173, 12.922031, 0.018510, 0.008152, 0.024721, 0.055878, 4.861553, 0.789667, 0.292014, 0.197235, 0.011677, 0.208114, 0.824525, 0.318311, 0.341363, 0.908039, 0.168477, 0.577866, 1.588109, 2.358354, 0.075733, 0.050609, 0.269066, 1.470592, 1.778518, 0.013648, 0.032136, 0.258510, 0.348586, 0.607609, 0.050264, 0.319476, 0.178235, 0.508224, 0.181784, 0.317714, 0.086595, 0.265847, 0.267458, 5.596079, 0.582946, , 0.261275, 0.238143, 0.193515, , 0.059411, 0.519738, 0.549898, 0.669224, 0.158636, 0.047216, 0.034062, , , 0.012331, 0.007468, 0.012864, , 0.552417, 0.064585, 
tuolumne-cpu, 0.5, 2.0, any max, 0.534524, 0.126434, 0.068318, 0.311610, 0.067833, 0.396533, 0.099913, 0.116397, 0.305943, 0.351209, 0.351402, 0.361593, 0.214472, 0.131030, 4.594882, 0.016848, 0.002336, 0.020521, 0.046258, 1.903633, 0.384329, 0.195549, 0.203875, 0.008769, 0.211869, 0.440394, 0.234240, 0.328084, 0.559769, 0.123875, 0.372419, 1.486600, 2.223396, 0.072071, 0.040108, 0.203844, 1.396010, 1.841114, 0.013128, 0.026388, 0.254464, 0.326599, 0.919825, 0.040066, 0.221935, 0.174452, 0.415643, 0.180982, 0.224903, 0.248315, 0.189717, 0.612525, 4.339684, 0.368686, 0.000001, 0.199488, 0.184305, 0.157753, 0.000001, 0.047174, 0.760661, 0.456336, 0.422447, 0.130226, 0.050577, 0.025418, , , 0.010201, 0.003515, 0.009811, , 0.471306, 0.191678, 
borax, 0.5, 2.0, 72 (full), 0.107041, 0.080139, 0.024164, 0.125924, 0.021122, 0.033947, 0.014417, 0.023140, 0.055281, 0.090838, 0.087175, 0.056350, 0.040298, 0.036559, 4.400941, 0.003649, 0.003606, 0.004120, 0.007909, 2.751699, 0.503667, 0.035754, 0.081505, 0.008151, 0.082428, 0.478684, 0.057983, 0.214796, 0.397895, 0.007302, 0.064976, 0.864259, 1.334424, 0.015539, 0.019427, 0.050718, 0.427274, 1.097875, 0.011619, 0.006136, 0.064310, 0.127801, 0.173138, 0.016625, 0.054575, 0.074877, 0.071133, 0.074031, 0.054833, 0.006633, 0.034531, 0.023538, 0.687520, 0.270905, 0.000000, 0.017680, 0.035038, 0.034566, 0.000000, 0.005751, 0.215368, 0.187780, 0.079156, 0.044591, 0.010602, 0.008441, 0.000000, 0.000000, 0.002451, 0.005087, 0.005690, 0.000000, 0.628253, 0.379026, 0.000000
boraxo, 0.5, 2.0, 72 (full), 0.080370, 0.043929, 0.011922, 0.136818, 0.018570, 0.023886, 0.013019, 0.010955, 0.059436, 0.048668, 0.047994, 0.053504, 0.041911, 0.020594, 12.094268, 0.002473, 0.003293, 0.003921, 0.004237, 5.123164, 0.276411, 0.040727, 0.045792, 0.009060, 0.046605, 0.379406, 0.050649, 0.124822, 0.256184, 0.007189, 0.080440, 1.093222, 1.653419, 0.013529, 0.026498, 0.039663, 0.260411, 1.242734, 0.010314, 0.005417, 0.047055, 0.082274, 0.127133, 0.020791, 0.050041, 0.039094, 0.048259, 0.039130, 0.049651, 0.005254, 0.033106, 0.021417, 0.604689, 0.158348, 0.000000, 0.014853, 0.029632, 0.032235, 0.000000, 0.004448, 0.186486, 0.205780, 0.083763, 0.045874, 0.009921, 0.005243, 0.000000, 0.000000, 0.001598, 0.002130, 0.002641, 0.000000, 0.829620, 0.381221, 0.000000
corona-cpu, 0.5, 2.0, 96 (full), 0.077259, 0.011982, 0.014783, 0.039825, 0.020941, 0.015293, 0.009953, 0.015730, 0.018177, 0.082649, 0.068440, 0.026578, 0.014028, 0.040815, 2.582756, 0.003791, 0.002812, 0.003593, 0.006330, 1.261902, 0.021415, 0.021344, 0.052365, 0.006804, 0.059380, 0.315408, 0.032366, 0.021024, 0.027675, 0.003993, 0.034004, 0.312667, 0.479012, 0.015984, 0.011240, 0.056754, 0.343387, 0.412510, 0.014854, 0.004804, 0.088400, 0.083994, 0.134284, 0.007992, 0.030953, 0.059520, 0.065937, 0.050934, 0.031453, 0.004889, 0.015421, 0.011456, 0.337055, 0.026148, 0.000000, 0.012495, 0.013936, 0.013975, 0.000000, 0.004487, 0.047639, 0.048194, 0.029451, 0.023089, 0.006586, 0.005689, 0.000000, 0.000000, 0.001973, 0.002968, 0.004281, 0.000000, 0.312918, 0.516870, 0.000000
dane, 0.5, 2.0, 224 (full), 0.016530, 0.004248, 0.011764, 0.042415, 0.022229, 0.007828, 0.005829, 0.009462, 0.013514, 0.058610, 0.057855, 0.016042, 0.009692, 0.022249, 33.988430, 0.002948, 0.015325, 0.015728, 0.003550, 4.287027, 0.014295, 0.014851, 0.045824, 0.030260, 0.045354, 0.167612, 0.023793, 0.010436, 0.015306, 0.002364, 0.023809, 0.225275, 0.342204, 0.005647, 0.009424, 0.034989, 0.267341, 0.265112, 0.004639, 0.003073, 0.041816, 0.080976, 0.111282, 0.006301, 0.024589, 0.040397, 0.081118, 0.040761, 0.023071, 0.002486, 0.007796, 0.005438, 0.126202, 0.011564, 0.000000, 0.007030, 0.006751, 0.006716, 0.000000, 0.002208, 0.018530, 0.055721, 0.019070, 0.009677, 0.003867, 0.004090, 0.000000, 0.000000, 0.002299, 0.002923, 0.003043, 0.000000, 1.177824, 0.638974, 0.000000
mammoth, 0.5, 2.0, 256 (full), 0.018329, 0.007240, 0.029467, 0.039036, 0.046680, 0.015269, 0.010039, 0.022396, 0.033587, 0.134874, 0.153753, 0.040808, 0.024024, 0.058154, 3.111950, 0.003777, 0.006794, 0.007597, 0.004997, 1.601370, 0.024861, 0.033937, 0.117215, 0.014063, 0.118692, 0.233051, 0.058467, 0.024417, 0.041174, 0.005369, 0.060170, 0.171883, 0.250138, 0.011767, 0.018277, 0.096130, 0.764161, 0.213930, 0.012086, 0.008368, 0.073919, 0.196610, 0.269078, 0.009255, 0.055696, 0.102082, 0.124954, 0.105916, 0.057130, 0.006647, 0.016199, 0.014726, 0.166554, 0.028607, 0.000000, 0.017488, 0.015330, 0.015153, 0.000000, 0.006196, 0.034109, 0.050225, 0.047085, 0.024767, 0.009732, 0.008650, 0.000000, 0.000000, 0.004319, 0.006491, 0.007326, 0.000000, 0.335124, 1.301945, 0.000000
matrix-cpu, 0.5, 2.0, 224 (full), 0.023138, 0.013264, 0.114124, 0.141512, 0.231036, 0.043404, 0.038564, 0.080068, 0.120155, 0.564580, 0.562380, 0.018739, 0.086851, 0.228002, 4.041510, 0.012204, 0.012355, 0.012998, 0.012538, 1.719174, 0.057873, 0.116427, 0.457996, 0.035429, 0.458674, 0.280298, 0.234546, 0.031330, 0.099203, 0.011780, 0.229132, 0.061419, 0.083784, 0.011665, 0.046614, 0.290045, 2.562643, 0.073864, 0.019188, 0.027736, 0.207333, 0.730024, 0.924442, 0.023702, 0.229078, 0.407567, 0.459180, 0.413831, 0.226933, 0.011964, 0.027393, 0.013865, 0.137306, 0.036598, 0.000000, 0.040288, 0.015773, 0.015802, 0.000000, 0.012430, 0.037622, 0.068870, 0.158976, 0.028592, 0.023316, 0.034648, 0.000000, 0.000000, 0.011320, 0.023515, 0.023286, 0.000000, 0.698369, 6.454749, 0.000000
tioga-cpu, 0.5, 2.0, 128 (full), 0.209148, 0.018056, 0.011095, 0.021662, 0.011700, 0.024092, 0.006279, 0.008947, 0.040276, 0.039360, 0.038715, 0.049896, 0.032763, 0.014293, 12.922031, 0.001716, 0.008152, 0.002919, 0.004091, 4.861553, 0.040797, 0.035073, 0.036971, 0.002046, 0.037606, 0.144758, 0.043153, 0.033161, 0.051969, 0.014970, 0.053509, 0.225626, 0.423769, 0.013066, 0.007321, 0.035837, 0.151154, 0.319854, 0.006272, 0.004201, 0.048674, 0.055182, 0.078749, 0.006717, 0.041706, 0.033830, 0.044486, 0.038854, 0.043453, 0.008643, 0.020270, 0.022852, 0.500494, 0.045780, 0.000000, 0.023367, 0.024616, 0.016457, 0.000000, 0.006994, 0.044750, 0.068702, 0.056081, 0.018965, 0.008388, 0.004959, 0.000000, 0.000000, 0.001148, 0.001223, 0.002974, 0.000000, 0.510934, 0.064585, 0.000000
tuolumne-cpu, 0.5, 2.0, 192 (full), 0.047766, 0.002795, 0.004787, 0.012828, 0.010752, 0.006651, 0.002536, 0.005681, 0.007491, 0.034604, 0.031323, 0.046437, 0.005847, 0.020932, 4.154638, 0.001728, 0.000840, 0.002300, 0.005678, 1.903633, 0.009086, 0.011160, 0.017145, 0.003921, 0.017042, 0.161920, 0.011128, 0.010375, 0.009471, 0.005173, 0.009782, 0.062766, 0.099367, 0.006923, 0.003922, 0.019393, 0.107456, 0.074924, 0.005503, 0.002058, 0.106996, 0.030175, 0.086657, 0.002812, 0.010308, 0.014181, 0.031027, 0.015454, 0.008969, 0.003242, 0.008667, 0.008177, 0.180457, 0.009738, 0.000000, 0.010250, 0.009198, 0.006335, 0.000000, 0.003019, 0.016547, 0.014245, 0.016283, 0.006651, 0.002286, 0.002346, 0.000000, 0.000000, 0.001592, 0.001392, 0.001367, 0.000000, 0.471306, 0.191678, 0.000000
borax, 0.5, 2.0, 32 (half), 0.173038, 0.104717, 0.036707, 0.268707, 0.018833, 0.069477, 0.026609, 0.037495, 0.084840, 0.115907, 0.115077, 0.090973, 0.060663, 0.051872, 4.257778, 0.006102, 0.001520, 0.004301, 0.015582, 3.384604, 0.489925, 0.049219, 0.118089, 0.007374, 0.118619, 0.287598, 0.074725, 0.191740, 0.405635, 0.012567, 0.092346, 1.888747, 2.958606, 0.026774, 0.039419, 0.067340, 0.630919, 2.458204, 0.011580, 0.007435, 0.112300, 0.186718, 0.280526, 0.032473, 0.074316, 0.097169, 0.103107, 0.113142, 0.079970, 0.011409, 0.072025, 0.047705, 1.538165, 0.343721, 0.000000, 0.034651, 0.075783, 0.074812, 0.000000, 0.010234, 0.379508, 0.421898, 0.116527, 0.094478, 0.018858, 0.010858, 0.000000, 0.000000, 0.002387, 0.005535, 0.007589, 0.000000, 2.167235, 0.195848, 0.000000
boraxo, 0.5, 2.0, 32 (half), 0.146524, 0.054229, 0.026582, 0.292333, 0.019991, 0.038839, 0.028138, 0.018928, 0.106355, 0.051330, 0.051228, 0.076018, 0.075945, 0.022928, 8.883158, 0.003592, 0.001507, 0.003527, 0.007614, 4.194186, 0.253786, 0.060156, 0.104949, 0.007752, 0.104980, 0.296617, 0.078722, 0.121297, 0.270950, 0.013970, 0.119119, 2.452646, 3.711675, 0.025355, 0.054345, 0.065881, 0.500322, 2.785734, 0.013232, 0.008642, 0.087967, 0.168332, 0.244191, 0.044381, 0.078425, 0.094806, 0.105376, 0.094634, 0.078029, 0.010716, 0.069343, 0.044935, 1.359103, 0.204320, 0.000000, 0.029245, 0.064392, 0.070168, 0.000000, 0.008531, 0.398045, 0.459872, 0.140403, 0.100393, 0.019865, 0.008892, 0.000000, 0.000000, 0.001392, 0.002185, 0.005661, 0.000000, 1.684180, 0.196643, 0.000000
corona-cpu, 0.5, 2.0, 48 (half), 0.076242, 0.019781, 0.012319, 0.066513, 0.016628, 0.016848, 0.014700, 0.020131, 0.018266, 0.096457, 0.066225, 0.050867, 0.014232, 0.043453, 2.414669, 0.004520, 0.002085, 0.003215, 0.010289, 0.958078, 0.035145, 0.019355, 0.044758, 0.005906, 0.053536, 0.348423, 0.027526, 0.033171, 0.046143, 0.005468, 0.029160, 0.633625, 1.005806, 0.018934, 0.014736, 0.034020, 0.277024, 0.868157, 0.008894, 0.004128, 0.113669, 0.067858, 0.118105, 0.012762, 0.024631, 0.048876, 0.043614, 0.046461, 0.025306, 0.005805, 0.025925, 0.019723, 0.631784, 0.051134, 0.000000, 0.019174, 0.024676, 0.024308, 0.000000, 0.006392, 0.091065, 0.093579, 0.026764, 0.039099, 0.009474, 0.005817, 0.000000, 0.000000, 0.002047, 0.003352, 0.004092, 0.000000, 0.385255, 0.344142, 0.000000
dane, 0.5, 2.0, 112 (half), 0.032302, 0.005705, 0.006176, 0.061118, 0.011391, 0.008239, 0.006531, 0.006553, 0.012981, 0.029040, 0.028393, 0.016246, 0.009435, 0.011367, 7.482761, 0.001353, 0.003843, 0.004222, 0.002063, 4.165781, 0.024703, 0.009080, 0.023584, 0.008267, 0.023239, 0.119877, 0.013201, 0.015299, 0.044151, 0.002136, 0.013447, 0.388735, 0.587472, 0.005904, 0.010235, 0.021309, 0.148317, 0.459784, 0.011751, 0.001940, 0.040856, 0.041080, 0.086847, 0.007950, 0.012848, 0.020141, 0.026823, 0.021536, 0.012071, 0.002251, 0.010123, 0.006369, 0.193643, 0.023821, 0.000000, 0.006401, 0.009611, 0.009639, 0.000000, 0.002227, 0.024218, 0.093273, 0.014923, 0.013766, 0.003251, 0.002941, 0.000000, 0.000000, 0.000910, 0.001347, 0.001622, 0.000000, 1.392197, 0.259584, 0.000000
mammoth, 0.5, 2.0, 128 (half), 0.019161, 0.007308, 0.018896, 0.037871, 0.026766, 0.013387, 0.009532, 0.017133, 0.025640, 0.096528, 0.087688, 0.031908, 0.018824, 0.040074, 2.793542, 0.003155, 0.003775, 0.005374, 0.005419, 1.269914, 0.024150, 0.026147, 0.071724, 0.008760, 0.072014, 0.233830, 0.039180, 0.024153, 0.031260, 0.006290, 0.045556, 0.263680, 0.366237, 0.010368, 0.013323, 0.066728, 0.443124, 0.339230, 0.012458, 0.005618, 0.096675, 0.113975, 0.172221, 0.008719, 0.038000, 0.063932, 0.072954, 0.068191, 0.041152, 0.007213, 0.016518, 0.015320, 0.277209, 0.030596, 0.000000, 0.016280, 0.016382, 0.016521, 0.000000, 0.006661, 0.038517, 0.099224, 0.036756, 0.026409, 0.008902, 0.006691, 0.000000, 0.000000, 0.003170, 0.004529, 0.005328, 0.000000, 0.412343, 0.709543, 0.000000
matrix-cpu, 0.5, 2.0, 112 (half), 0.015562, 0.003713, 0.006658, 0.034750, 0.013921, 0.006097, 0.005818, 0.005429, 0.016951, 0.030813, 0.031072, 0.017021, 0.011972, 0.012202, 4.152927, 0.001348, 0.005664, 0.005872, 0.001838, 1.775126, 0.013462, 0.009473, 0.025565, 0.011392, 0.025713, 0.138632, 0.014542, 0.011306, 0.011056, 0.002442, 0.014434, 0.061023, 0.084627, 0.005566, 0.003736, 0.018815, 0.154054, 0.074765, 0.002930, 0.001947, 0.032668, 0.042607, 0.067217, 0.002019, 0.013351, 0.023538, 0.028166, 0.022870, 0.013169, 0.002041, 0.006785, 0.004768, 0.120043, 0.010851, 0.000000, 0.005351, 0.006164, 0.006039, 0.000000, 0.001599, 0.018168, 0.049196, 0.015056, 0.008776, 0.002978, 0.002756, 0.000000, 0.000000, 0.000940, 0.001396, 0.001694, 0.000000, 0.684388, 0.373019, 0.000000
tioga-cpu, 0.5, 2.0, 64 (half), 0.250847, 0.019558, 0.021165, 0.030894, 0.013955, 0.033865, 0.012114, 0.015812, 0.040243, 0.060480, 0.060316, 0.065657, 0.032120, 0.020054, 7.019743, 0.002846, 0.000843, 0.004349, 0.007416, 1.667447, 0.040677, 0.039856, 0.060555, 0.002978, 0.061649, 0.139013, 0.050189, 0.037563, 0.063540, 0.018437, 0.057194, 0.395789, 0.632976, 0.011368, 0.010229, 0.044025, 0.198653, 0.474883, 0.005528, 0.006139, 0.064583, 0.082837, 0.117690, 0.009776, 0.047076, 0.054578, 0.068177, 0.055553, 0.047751, 0.010471, 0.031136, 0.029498, 0.734048, 0.059488, 0.000000, 0.033809, 0.039202, 0.024605, 0.000000, 0.008896, 0.062471, 0.041573, 0.073625, 0.022588, 0.009342, 0.006602, 0.000000, 0.000000, 0.001474, 0.001694, 0.005084, 0.000000, 0.552417, 0.056721, 0.000000
tuolumne-cpu, 0.5, 2.0, 96 (half), 0.078137, 0.004063, 0.005919, 0.021007, 0.013508, 0.013819, 0.003819, 0.008995, 0.010336, 0.047741, 0.047646, 0.064482, 0.008375, 0.019152, 4.594882, 0.002166, 0.001092, 0.002744, 0.006802, 0.877395, 0.013702, 0.014559, 0.021264, 0.002525, 0.021400, 0.152330, 0.013343, 0.015624, 0.014247, 0.009056, 0.013805, 0.115917, 0.185517, 0.008890, 0.004894, 0.026585, 0.129400, 0.216837, 0.007113, 0.002795, 0.169468, 0.040832, 0.136697, 0.003581, 0.011905, 0.018572, 0.040489, 0.018673, 0.011668, 0.005553, 0.016351, 0.015607, 0.344053, 0.017688, 0.000000, 0.017456, 0.015471, 0.010226, 0.000000, 0.004503, 0.033936, 0.024688, 0.028212, 0.011276, 0.003435, 0.002963, 0.000000, 0.000000, 0.002011, 0.001559, 0.001486, 0.000000, 0.374651, 0.188458, 0.000000
borax, 0.5, 2.0, 16 (quarter), 0.125775, 0.091766, 0.029798, 0.244912, 0.015630, 0.069130, 0.039412, 0.046306, 0.093239, 0.117957, 0.123434, 0.094444, 0.062248, 0.053411, 2.445188, 0.005874, 0.001533, 0.004899, 0.015290, 1.529687, 0.469046, 0.050825, 0.110126, 0.010495, 0.122704, 0.409009, 0.073877, 0.193490, 0.396681, 0.014845, 0.092592, 0.556250, 0.878425, 0.036415, 0.014810, 0.063532, 0.628800, 0.765312, 0.008551, 0.007177, 0.101570, 0.175585, 0.288429, 0.013791, 0.073521, 0.102422, 0.086584, 0.111723, 0.073492, 0.013321, 0.074902, 0.062622, 1.696231, 0.339442, 0.000000, 0.040599, 0.111904, 0.108967, 0.000000, 0.010883, 0.246463, 0.391563, 0.120149, 0.104331, 0.021383, 0.015045, 0.000000, 0.000000, 0.002390, 0.006073, 0.007599, 0.000000, 0.623004, 0.128508, 0.000000
boraxo, 0.5, 2.0, 16 (quarter), 0.090457, 0.056164, 0.025197, 0.265879, 0.017432, 0.039050, 0.042456, 0.019384, 0.111446, 0.047579, 0.046802, 0.089598, 0.078844, 0.022002, 4.514334, 0.003279, 0.001134, 0.003077, 0.007500, 2.668752, 0.260376, 0.061179, 0.100222, 0.012069, 0.100350, 0.390523, 0.078383, 0.125632, 0.270116, 0.025757, 0.119153, 1.312774, 2.062122, 0.040789, 0.021912, 0.066698, 0.499495, 2.144878, 0.008990, 0.007491, 0.084883, 0.160493, 0.247960, 0.020285, 0.078084, 0.090160, 0.099936, 0.090034, 0.077575, 0.013086, 0.079712, 0.050793, 1.460051, 0.207421, 0.000000, 0.031232, 0.096130, 0.093887, 0.000000, 0.009350, 0.185705, 0.424739, 0.142485, 0.113551, 0.021196, 0.013933, 0.000000, 0.000000, 0.001805, 0.002142, 0.005445, 0.000000, 0.710603, 0.111638, 0.000000
corona-cpu, 0.5, 2.0, 32 (quarter), 0.087246, 0.038851, 0.012113, 0.090881, 0.015131, 0.022631, 0.020252, 0.024724, 0.020211, 0.115429, 0.068430, 0.070189, 0.014556, 0.049809, 2.114984, 0.006301, 0.001752, 0.004725, 0.014323, 0.958529, 0.092030, 0.021690, 0.044298, 0.005898, 0.046556, 0.155261, 0.026931, 0.050307, 0.131924, 0.006842, 0.032666, 1.042752, 1.503658, 0.021224, 0.018867, 0.030943, 0.282382, 1.282341, 0.010286, 0.004758, 0.074117, 0.065622, 0.128677, 0.017623, 0.025693, 0.044850, 0.038624, 0.043841, 0.027471, 0.007448, 0.037089, 0.029285, 0.947740, 0.107910, 0.000000, 0.026346, 0.035675, 0.035189, 0.000000, 0.008310, 0.135236, 0.138668, 0.031956, 0.057088, 0.012351, 0.006487, 0.000000, 0.000000, 0.002038, 0.002996, 0.004505, 0.000000, 0.415878, 0.230797, 0.000000
dane, 0.5, 2.0, 56 (quarter), 0.032195, 0.005325, 0.004920, 0.053366, 0.007995, 0.008077, 0.008840, 0.005090, 0.026167, 0.019786, 0.019957, 0.019418, 0.019366, 0.010641, 3.071541, 0.001220, 0.002003, 0.002460, 0.001995, 1.404077, 0.022156, 0.010054, 0.017368, 0.004993, 0.017621, 0.137591, 0.011408, 0.015948, 0.041699, 0.002451, 0.011273, 0.099057, 0.142425, 0.007797, 0.003969, 0.018536, 0.124906, 0.120470, 0.010209, 0.001721, 0.027530, 0.031344, 0.052972, 0.002328, 0.009364, 0.015216, 0.018330, 0.015983, 0.009475, 0.002375, 0.010120, 0.006508, 0.205366, 0.022509, 0.000000, 0.006538, 0.009914, 0.009825, 0.000000, 0.002251, 0.025758, 0.082355, 0.019726, 0.013658, 0.003616, 0.002703, 0.000000, 0.000000, 0.000747, 0.001131, 0.001464, 0.000000, 0.552558, 0.219141, 0.000000
mammoth, 0.5, 2.0, 64 (quarter), 0.013535, 0.005562, 0.009887, 0.049195, 0.012977, 0.008957, 0.010575, 0.013917, 0.016458, 0.052244, 0.040759, 0.041092, 0.012846, 0.022181, 2.311153, 0.002282, 0.001972, 0.003042, 0.004344, 1.233608, 0.019127, 0.017004, 0.034665, 0.004903, 0.035416, 0.234946, 0.022913, 0.019225, 0.023040, 0.003603, 0.028186, 0.196681, 0.248619, 0.011021, 0.007430, 0.046131, 0.232024, 0.204763, 0.010830, 0.003409, 0.050927, 0.054038, 0.084930, 0.004756, 0.022973, 0.031253, 0.036897, 0.040598, 0.023944, 0.004641, 0.012724, 0.010497, 0.286489, 0.023431, 0.000000, 0.010101, 0.015749, 0.015769, 0.000000, 0.004137, 0.033350, 0.069481, 0.024865, 0.020376, 0.005936, 0.005154, 0.000000, 0.000000, 0.001807, 0.002804, 0.003365, 0.000000, 0.441754, 0.334562, 0.000000
matrix-cpu, 0.5, 2.0, 56 (quarter), 0.028409, 0.005739, 0.004812, 0.050827, 0.008091, 0.007914, 0.008400, 0.004877, 0.026215, 0.019813, 0.019989, 0.018901, 0.018113, 0.007598, 3.104465, 0.001026, 0.001744, 0.002106, 0.001793, 1.347597, 0.021646, 0.009308, 0.017464, 0.004870, 0.017831, 0.134768, 0.011161, 0.015465, 0.040900, 0.002429, 0.011069, 0.095981, 0.139112, 0.007882, 0.003346, 0.014819, 0.110252, 0.117145, 0.008370, 0.001623, 0.026964, 0.030233, 0.054085, 0.002168, 0.010201, 0.015409, 0.018244, 0.015738, 0.009431, 0.002248, 0.009661, 0.006249, 0.197346, 0.024597, 0.000000, 0.005578, 0.009425, 0.009231, 0.000000, 0.002004, 0.024686, 0.078845, 0.019037, 0.013112, 0.003403, 0.002433, 0.000000, 0.000000, 0.000621, 0.000933, 0.001250, 0.000000, 0.541778, 0.178843, 0.000000
tioga-cpu, 0.5, 2.0, 32 (quarter), 0.221450, 0.018641, 0.021136, 0.062411, 0.012036, 0.056739, 0.016733, 0.021060, 0.040199, 0.059132, 0.059034, 0.069353, 0.032270, 0.021941, 3.368888, 0.002899, 0.000873, 0.004618, 0.007654, 1.288354, 0.040480, 0.039932, 0.059329, 0.002732, 0.060112, 0.139215, 0.049569, 0.036540, 0.062466, 0.026815, 0.056776, 0.221190, 0.332123, 0.011889, 0.007626, 0.042173, 0.194826, 0.261465, 0.005275, 0.006229, 0.057808, 0.082682, 0.114345, 0.007233, 0.045827, 0.053293, 0.075104, 0.054403, 0.046749, 0.010548, 0.035873, 0.029853, 0.752709, 0.058480, 0.000000, 0.033773, 0.036601, 0.024920, 0.000000, 0.008465, 0.059427, 0.073599, 0.072426, 0.022566, 0.008898, 0.006793, 0.000000, 0.000000, 0.002173, 0.001734, 0.005199, 0.000000, 0.543776, 0.046108, 0.000000
tuolumne-cpu, 0.5, 2.0, 48 (quarter), 0.062892, 0.003893, 0.005805, 0.032410, 0.012811, 0.017960, 0.004378, 0.008071, 0.009638, 0.048288, 0.048620, 0.060129, 0.008398, 0.019857, 1.577162, 0.002055, 0.000865, 0.002608, 0.006606, 0.716416, 0.015973, 0.013813, 0.021250, 0.002678, 0.021705, 0.152830, 0.013590, 0.015831, 0.014785, 0.021458, 0.014582, 0.125586, 0.230964, 0.011138, 0.005795, 0.021544, 0.128648, 0.232393, 0.006822, 0.003486, 0.123588, 0.039779, 0.099164, 0.005024, 0.012034, 0.017218, 0.055980, 0.017115, 0.012259, 0.006468, 0.018059, 0.021663, 0.362273, 0.017381, 0.000000, 0.017502, 0.016160, 0.013816, 0.000000, 0.004531, 0.035558, 0.041873, 0.028612, 0.011451, 0.003536, 0.003857, 0.000000, 0.000000, 0.002131, 0.001445, 0.001438, 0.000000, 0.365255, 0.166494, 0.000000
dane, 0.5, 2.0, 32, 0.050170, 0.025245, 0.004371, 0.089056, 0.007330, 0.011808, 0.013943, 0.006158, 0.024199, 0.017894, 0.017960, 0.024239, 0.017374, 0.008474, 2.818351, 0.001350, 0.000978, 0.001164, 0.002759, 1.322577, 0.067825, 0.011985, 0.016763, 0.004444, 0.018440, 0.110369, 0.013695, 0.079499, 0.087959, 0.003020, 0.018651, 0.168590, 0.246512, 0.012491, 0.003657, 0.022264, 0.120999, 0.210164, 0.005218, 0.001587, 0.029342, 0.031347, 0.065648, 0.002839, 0.011342, 0.014273, 0.015933, 0.015100, 0.011106, 0.003185, 0.015918, 0.010824, 0.358857, 0.065137, 0.000000, 0.009142, 0.016335, 0.016001, 0.000000, 0.002790, 0.061411, 0.143163, 0.022301, 0.021962, 0.005420, 0.003064, 0.000000, 0.000000, 0.000464, 0.000781, 0.001024, 0.000000, 0.508747, 0.114887, 0.000000
mammoth, 0.5, 2.0, 32, 0.075774, 0.021440, 0.012554, 0.088043, 0.009058, 0.014061, 0.016913, 0.020052, 0.018716, 0.060792, 0.038608, 0.051095, 0.016259, 0.026711, 2.320204, 0.002959, 0.001414, 0.003319, 0.007535, 1.040738, 0.031393, 0.022296, 0.045683, 0.004508, 0.044616, 0.196534, 0.029498, 0.033147, 0.028685, 0.005090, 0.032893, 0.257646, 0.382838, 0.017095, 0.006264, 0.027715, 0.194828, 0.335394, 0.007567, 0.003700, 0.047719, 0.063908, 0.099461, 0.005378, 0.026735, 0.044536, 0.046488, 0.038210, 0.027307, 0.006954, 0.022891, 0.018167, 0.566600, 0.044933, 0.000000, 0.015167, 0.029050, 0.029098, 0.000000, 0.006077, 0.066436, 0.136575, 0.032416, 0.036178, 0.008484, 0.005616, 0.000000, 0.000000, 0.001560, 0.001725, 0.003737, 0.000000, 0.416366, 0.147074, 0.000000
matrix-cpu, 0.5, 2.0, 32, 0.045229, 0.021285, 0.004229, 0.085947, 0.007215, 0.011452, 0.013601, 0.005860, 0.023182, 0.017795, 0.017681, 0.024076, 0.016239, 0.007080, 2.763178, 0.001300, 0.000955, 0.001207, 0.002590, 1.204436, 0.060454, 0.011620, 0.016062, 0.004388, 0.018065, 0.112084, 0.013117, 0.067209, 0.082942, 0.002978, 0.018774, 0.164492, 0.260322, 0.011917, 0.003376, 0.019596, 0.117745, 0.204494, 0.004640, 0.001550, 0.028734, 0.030086, 0.064004, 0.002767, 0.010217, 0.014096, 0.015795, 0.014572, 0.010100, 0.003076, 0.015498, 0.010600, 0.344611, 0.061242, 0.000000, 0.008392, 0.015718, 0.015578, 0.000000, 0.002726, 0.057253, 0.136765, 0.023055, 0.022603, 0.005237, 0.002893, 0.000000, 0.000000, 0.000445, 0.000798, 0.001032, 0.000000, 0.478363, 0.094834, 0.000000
tuolumne-cpu, 0.5, 2.0, 32, 0.098041, 0.006644, 0.006539, 0.046897, 0.014357, 0.036136, 0.011402, 0.013584, 0.011312, 0.057039, 0.057581, 0.074056, 0.009465, 0.022906, 1.621923, 0.002607, 0.000800, 0.003318, 0.006966, 0.678496, 0.020174, 0.017700, 0.025317, 0.002654, 0.026079, 0.156943, 0.014802, 0.020154, 0.028887, 0.016788, 0.016489, 0.172286, 0.323944, 0.015634, 0.007137, 0.023316, 0.134836, 0.260733, 0.009490, 0.004126, 0.127012, 0.045688, 0.113155, 0.006436, 0.013758, 0.018644, 0.068269, 0.018241, 0.013576, 0.009433, 0.024101, 0.029813, 0.543067, 0.026253, 0.000000, 0.025990, 0.023910, 0.020389, 0.000000, 0.006339, 0.074190, 0.058455, 0.039092, 0.016334, 0.004594, 0.004649, 0.000000, 0.000000, 0.002297, 0.001292, 0.001535, 0.000000, 0.339181, 0.131051, 0.000000
